match_id,era5_event_id,cnn_bayesian_score,kg_bayesian_score,kg_rank,attribution_weight
FF-2022-000309-SLE,FF_2022_000309_SLE,0.037619494,1.1964526505364317,1.0,0.04388940966666667
FL-2019-000089-SLE,FL_2019_000089_SLE,0.0042536235,0.0027852880781703,9.0,0.00455745375
FL-2005-000139-SLE,FL_2005_000139_SLE,0.004115679,0.001626515945404,10.0,0.0043900575999999995
FL-2022-000321-CAF,FL_2022_000321_CAF,0.002083671,2.4414563590843167e-05,649.0,0.0020868570412844035
FL-2007-000177-SLE,FL_2007_000177_SLE,0.0017792223,0.0170381588166082,2.0,0.0020333969142857142
ST-2011-000073-CAF,ST_2011_000073_CAF,0.0005768286,2.178367578557374e-05,676.0,0.0005776756317180617
FL-2017-000134-CAF,FL_2017_000134_CAF,0.00043654494,7.99526455894374e-05,332.0,0.000437840325578635
FL-2009-000183-NGA,FL_2009_000183_NGA,0.00036019835,5.859572806609756e-05,408.0,0.000361070500968523
FL-1997-000295-COD,FL_1997_000295_COD,0.00034538124,0.0001087147999271,260.0,0.00034668456543396223
FL-2012-000138-NGA,FL_2012_000138_NGA,0.00033444405,3.521298062178096e-05,547.0,0.00033504992690217385
FL-2005-000109-PRK,FL_2005_000109_PRK,0.00030320708,0.0002945820506181,95.0,0.0003062391508
FL-2009-000186-TCD,FL_2009_000186_TCD,0.00028256894,8.21253096052016e-05,325.0,0.0002834252095151515
FL-1998-000080-ARG,FL_1998_000080_ARG,0.00027926368,3.5798862599154024e-05,544.0,0.00027977235701275043
FL-2010-000152-THA,FL_2010_000152_THA,0.00023932975,7.304529323360347e-06,903.0,0.00023959332901982378
FL-2002-000376-RUS,FL_2002_000376_RUS,0.00021614882,4.1073543287159175e-05,499.0,0.0002165776867063492
FF-2014-000059-SRB,FF_2014_000059_SRB,0.00021467904,1.6552305593528588e-05,748.0,0.00021496413832669325
FL-2002-000522-KHM,FL_2002_000522_KHM,0.0002111338,5.1466040073145286e-06,954.0,0.00021135396037539104
FF-2009-000107-THA,FF_2009_000107_THA,0.00017645906,0.0001541428865192,188.0,0.0001773733556476684
FL-2013-000083-THA,FL_2013_000083_THA,0.00017483831,2.784712141897988e-06,1043.0,0.00017500514044847327
FL-2002-000641-THA,FL_2002_000641_THA,0.00017165898,2.258726485628288e-05,669.0,0.0001719136669139466
FL-2013-000112-CAF,FL_2013_000112_CAF,0.000119980505,0.0002578899230748,107.0,0.00012105175950892857
FL-1999-000265-TCD,FL_1999_000265_TCD,0.00011823829,1.5014206354944804e-05,770.0,0.00011839085553548386
FL-2013-000116-NGA,FL_2013_000116_NGA,0.00011623015,1.0910868438639864e-05,836.0,0.00011636835469678954
FL-2021-000123-CAF,FL_2021_000123_CAF,0.000110819885,7.500897107360337e-06,895.0,0.00011094301820555555
FL-2003-000037-MDG,FL_2003_000037_MDG,0.00010081892,6.351272084533093e-05,391.0,0.00010107351323232324
FL-2005-000153-THA,FL_2005_000153_THA,7.916735e-05,0.0010051704017371,15.0,8.31257175e-05
FL-2007-000132-BFA,FL_2007_000132_BFA,7.841955e-05,2.166058442356738e-05,677.0,7.853453467741935e-05
FL-2015-000053-CAF,FL_2015_000053_CAF,7.606714e-05,1.23424972019187e-05,815.0,7.615990480487805e-05
FL-2019-000098-CAF,FL_2019_000098_CAF,7.554927e-05,6.003895879533779e-06,932.0,7.56298988900747e-05
FL-2015-000131-SLE,FL_2015_000131_SLE,5.5713936e-05,0.0138178034253186,3.0,6.2678178e-05
FL-2012-000106-BGD,FL_2012_000106_BGD,5.639565e-05,6.510469742242467e-05,387.0,5.653951645408164e-05
FL-2010-000049-AGO,FL_2010_000049_AGO,5.2381707e-05,3.4571233107694644e-05,558.0,5.24747473321492e-05
FL-2010-000120-BRA,FL_2010_000120_BRA,5.1015028e-05,3.253519709854666e-07,1166.0,5.105859335269002e-05
FL-2007-000158-TGO,FL_2007_000158_TGO,4.923437e-05,2.53265724796436e-06,1049.0,4.928108192599621e-05
FL-2002-000607-ALB,FL_2002_000607_ALB,4.6291632e-05,6.1443090856919e-06,929.0,4.63411947751606e-05
FL-2021-000145-BEN,FL_2021_000145_BEN,4.023439e-05,3.4940041962179744e-05,553.0,4.0306494641577064e-05
FL-2009-000087-VUT,FL_2009_000087_VUT,4.0115297e-05,3.893462852385472e-05,516.0,4.019229373128599e-05
FL-2005-000129-SDN,FL_2005_000129_SDN,4.0034636e-05,5.5585622433742505e-06,944.0,4.0076822128556375e-05
FL-2005-000150-NGA,FL_2005_000150_NGA,3.8936814e-05,9.200901243944484e-05,292.0,3.906791438383839e-05
FL-2008-000158-PAN,FL_2008_000158_PAN,3.711141e-05,0.0001142145742724,248.0,3.725809541501976e-05
FL-2006-000151-PAN,FL_2006_000151_PAN,3.55451e-05,8.608741433356482e-05,312.0,3.565722965299684e-05
FL-2005-000038-MDG,FL_2005_000038_MDG,3.544296e-05,3.3546668121761377e-06,1019.0,3.5477572265625e-05
FL-2007-000174-CAF,FL_2007_000174_CAF,3.4859564e-05,0.0001895914745112,153.0,3.508019415189874e-05
FL-2020-000154-CIV,FL_2020_000154_CIV,3.3332726e-05,0.0003448711117043,73.0,3.376006864102564e-05
FL-2018-000028-BWA,FL_2018_000028_BWA,3.2209413e-05,8.389755590198616e-07,1137.0,3.223761738966725e-05
FL-2022-000292-LAO,FL_2022_000292_LAO,3.080887e-05,3.116217021649572e-05,585.0,3.086108842372882e-05
FF-2013-000091-SDN,FF_2013_000091_SDN,2.9566285e-05,6.15594518036666e-05,395.0,2.96402007125e-05
FL-2018-000140-MLI,FL_2018_000140_MLI,2.5563908e-05,3.842750591900384e-05,524.0,2.5612232967863894e-05
ST-2015-000041-PRY,ST_2015_000041_PRY,2.3451907e-05,1.752610021355519e-05,729.0,2.3483857826975478e-05
FL-2013-000013-BWA,FL_2013_000013_BWA,2.121057e-05,1.0442344486026443e-05,844.0,2.123555300353357e-05
FL-2020-000212-KHM,FL_2020_000212_KHM,2.0611053e-05,1.8686326972634468e-06,1079.0,2.0630066886531365e-05
FL-2005-000051-AGO,FL_2005_000051_AGO,1.8638551e-05,0.0002161784602515,134.0,1.8772641294964027e-05
FL-2007-000153-GHA,FL_2007_000153_GHA,1.8139795e-05,4.168676192283959e-05,494.0,1.8176147294589174e-05
FL-2019-000103-LAO,FL_2019_000103_LAO,1.8044955e-05,6.001320393404093e-05,401.0,1.8089400701970444e-05
FL-2008-000038-ARG,FL_2008_000038_ARG,1.7993603e-05,2.789328778529596e-07,1170.0,1.800891670468085e-05
FL-2019-000104-THA,FL_2019_000104_THA,1.6236909e-05,1.9320187390556924e-05,710.0,1.6259617963636366e-05
FL-2009-000120-BWA,FL_2009_000120_BWA,1.607255e-05,5.4614970411140674e-05,424.0,1.611001515151515e-05
FL-2007-000141-NGA,FL_2007_000141_NGA,1.6042859e-05,2.6188924821817063e-05,631.0,1.606808362106918e-05
FL-2003-000455-NGA,FL_2003_000455_NGA,1.594736e-05,3.4607533465694466e-05,557.0,1.5975736085409255e-05
FF-2016-000093-LAO,FF_2016_000093_LAO,1.5419044e-05,8.846213750669138e-07,1135.0,1.543256947719298e-05
FL-2007-000151-TCD,FL_2007_000151_TCD,1.5277628e-05,1.305323975516243e-05,801.0,1.5296582873449133e-05
FL-2001-000146-AGO,FL_2001_000146_AGO,1.4613025e-05,0.0001262933775456,227.0,1.467601217672414e-05
FL-2009-000266-ALB,FL_2009_000266_ALB,1.4260706e-05,4.514127556266983e-06,978.0,1.4275213330620548e-05
FL-2018-000120-NGA,FL_2018_000120_NGA,1.40315215e-05,0.0002287491674371,124.0,1.4140292984496124e-05
FL-2006-000123-SDN,FL_2006_000123_SDN,1.4122646e-05,6.935331588344571e-06,915.0,1.4137996702173913e-05
FL-2001-000450-THA,FL_2001_000450_THA,1.3537329e-05,1.280955543278748e-06,1110.0,1.3549470102242153e-05
FL-2005-000137-CAF,FL_2005_000137_CAF,1.2350008e-05,7.069106010528099e-05,363.0,1.2383567804347827e-05
FL-2003-000368-SDN,FL_2003_000368_SDN,1.2247779e-05,8.408131753799004e-06,879.0,1.226163395361991e-05
FL-2022-000276-GMB,FL_2022_000276_GMB,1.166259e-05,2.390597610170932e-05,655.0,1.1680260590909091e-05
FL-2020-000161-BGD,FL_2020_000161_BGD,1.095573e-05,1.9513401686853207e-06,1076.0,1.0965864810360775e-05
FL-2009-000127-BEN,FL_2009_000127_BEN,1.0912243e-05,2.3760385180356427e-06,1054.0,1.0922547289896128e-05
FL-2009-000165-CHL,FL_2009_000165_CHL,1.0323338e-05,6.947842848917147e-06,913.0,1.0334583466230939e-05
FL-2013-000011-ZWE,FL_2013_000011_ZWE,1.0044536e-05,5.040564861090135e-06,955.0,1.0054999058333333e-05
FL-2001-000521-TCD,FL_2001_000521_TCD,9.983111e-06,9.86135811289456e-05,278.0,1.0018387010600707e-05
FL-2006-000130-KHM,FL_2006_000130_KHM,9.276965e-06,2.928119485978303e-07,1169.0,9.284867014480409e-06
FF-2018-000118-LAO,FF_2018_000118_LAO,8.38564e-06,2.3078867549046248e-05,664.0,8.398174588938714e-06
FL-2007-000130-CIV,FL_2007_000130_CIV,8.122367e-06,5.395509665984324e-05,429.0,8.141082131336405e-06
FL-2011-000102-BRA,FL_2011_000102_BRA,8.069805e-06,1.4489578616103177e-06,1101.0,8.077101387884268e-06
FL-2011-000190-AGO,FL_2011_000190_AGO,7.927845e-06,3.8032088781050536e-05,530.0,7.942663401869159e-06
FL-2016-000080-BFA,FL_2016_000080_BFA,7.894473e-06,2.4477742048513e-05,648.0,7.90656254517611e-06
FF-2013-000100-RUS,FF_2013_000100_RUS,7.864686e-06,2.8497488819931176e-05,608.0,7.877515830342576e-06
FL-2012-000003-BRA,FL_2012_000003_BRA,7.2806697e-06,2.4350299938788435e-05,651.0,7.291768281859756e-06
FL-2011-000135-THA,FL_2011_000135_THA,6.950409e-06,0.0009193663975827,17.0,7.266336681818182e-06
FL-2010-000021-AFG,FL_2010_000021_AFG,6.9517573e-06,2.9314303017231808e-06,1033.0,6.958454561368015e-06
FL-2016-000089-SEN,FL_2016_000089_SEN,6.6136686e-06,2.364407655352141e-06,1055.0,6.619907910000001e-06
FL-2009-000268-AGO,FL_2009_000268_AGO,6.259559e-06,0.0002082067447618,143.0,6.301853317567568e-06
FL-1999-000350-CRI,FL_1999_000350_CRI,6.072298e-06,5.317683196411124e-06,951.0,6.078649776150628e-06
FF-2011-000143-SSD,FF_2011_000143_SSD,6.0357447e-06,5.856306917160676e-05,409.0,6.050323793478261e-06
FL-2009-000007-ZWE,FL_2009_000007_ZWE,5.9035665e-06,2.623984815878235e-05,630.0,5.91286345511811e-06
FL-2009-000248-URY,FL_2009_000248_URY,5.743769e-06,2.2501908925707427e-06,1060.0,5.7491622103286385e-06
FL-2015-000009-ALB,FL_2015_000009_ALB,5.65382e-06,6.703393968104925e-05,375.0,5.66869847368421e-06
FF-2007-000080-BGD,FF_2007_000080_BGD,5.540182e-06,8.222528834665727e-08,1199.0,5.5447834800664455e-06
FL-2007-000129-PAK,FL_2007_000129_PAK,5.5067712e-06,1.7073033284422613e-06,1087.0,5.511814030769231e-06
FL-2022-000287-TCD,FL_2022_000287_TCD,5.348116e-06,6.987205957197011e-06,912.0,5.353948187568157e-06
FL-2020-000019-MDG,FL_2020_000019_MDG,5.276841e-06,0.0001035111243569,268.0,5.2961700879120874e-06
FL-2022-000332-BEN,FL_2022_000332_BEN,5.1893667e-06,0.0001150423432633,246.0,5.2100414677290835e-06
FL-2012-000164-CAF,FL_2012_000164_CAF,5.1028055e-06,4.294092521444489e-05,485.0,5.11321938877551e-06
FL-2001-000274-WSM,FL_2001_000274_WSM,4.802081e-06,2.2009205948322587e-05,675.0,4.8091428838235295e-06
FL-2008-000243-PNG,FL_2008_000243_PNG,4.7072076e-06,3.4646948682659998e-06,1011.0,4.711840678346457e-06
FL-2021-000110-YEM,FL_2021_000110_YEM,4.2393744e-06,3.513133562650605e-05,550.0,4.247012912432432e-06
FL-2001-000236-URY,FL_2001_000236_URY,4.1124813e-06,1.813903051392072e-07,1185.0,4.115937166638655e-06
FL-2013-000131-KHM,FL_2013_000131_KHM,3.9566203e-06,7.472299628609035e-06,897.0,3.9610067970066524e-06
FL-2017-000126-NGA,FL_2017_000126_NGA,3.9128336e-06,1.699729700196687e-05,741.0,3.918078685254691e-06
FL-2002-000614-LAO,FL_2002_000614_LAO,3.896637e-06,1.642484779561279e-05,750.0,3.901798108609272e-06
FL-2009-000240-PAN,FL_2009_000240_PAN,3.5719852e-06,0.0001406666736264,207.0,3.588834186792453e-06
FL-2001-000696-BRA,FL_2001_000696_BRA,3.2836044e-06,0.0002401187554687,117.0,3.310519190163934e-06
FF-2011-000088-NGA,FF_2011_000088_NGA,3.0841236e-06,0.0001481763012009,200.0,3.0991681053658536e-06
FL-2010-000208-RUS,FL_2010_000208_RUS,3.0615981e-06,3.1571975341611063e-06,1025.0,3.064570525339806e-06
FL-2004-000063-PRK,FL_2004_000063_PRK,2.995862e-06,0.0002025505190549,145.0,3.0158344133333335e-06
FL-2020-000196-NGA,FL_2020_000196_NGA,2.9621617e-06,8.062546047609802e-05,328.0,2.9710570804804807e-06
FL-2005-000166-CRI,FL_2005_000166_CRI,2.9202263e-06,1.761812736699914e-05,726.0,2.9242211376196993e-06
FL-1998-000040-URY,FL_1998_000040_URY,2.879444e-06,2.0432630912058134e-07,1181.0,2.8818718617200676e-06
FL-2012-000169-SEN,FL_2012_000169_SEN,2.8567244e-06,1.7271122314776378e-05,736.0,2.8605796286099865e-06
FL-2012-000129-SDN,FL_2012_000129_SDN,2.76158e-06,0.0001438348202991,202.0,2.774920966183575e-06
FL-2021-000147-THA,FL_2021_000147_THA,2.7016438e-06,7.718996251815105e-06,891.0,2.704659027455357e-06
FL-2008-000234-BRA,FL_2008_000234_BRA,2.6439238e-06,8.322475980690303e-06,884.0,2.6468978425196852e-06
FL-2011-000148-KHM,FL_2011_000148_KHM,2.5985964e-06,4.851840620961441e-06,964.0,2.6012781300309595e-06
FL-2010-000046-MOZ,FL_2010_000046_MOZ,2.574848e-06,1.828188193991956e-06,1081.0,2.577218946593002e-06
ST-2012-000064-COD,ST_2012_000064_COD,2.47907e-06,3.496220748491888e-05,552.0,2.4835207540394973e-06
FL-2011-000106-GHA,FL_2011_000106_GHA,2.4236042e-06,0.0001007738957115,275.0,2.432259929285714e-06
FL-2016-000072-SDN,FL_2016_000072_SDN,2.4215954e-06,5.839917458306522e-06,937.0,2.4241660957537157e-06
FL-2007-000093-SDN,FL_2007_000093_SDN,2.3231098e-06,1.786526125048518e-05,721.0,2.3263096757575754e-06
FL-2013-000002-PSE,FL_2013_000002_PSE,2.3187704e-06,9.894505950152136e-07,1128.0,2.3208169758164167e-06
FL-2007-000044-ARG,FL_2007_000044_ARG,2.305091e-06,6.702701301281464e-06,922.0,2.3075776138079828e-06
FL-2018-000128-SDN,FL_2018_000128_SDN,2.2226932e-06,0.0003023635052717,88.0,2.2465931268817203e-06
FL-2021-000095-MMR,FL_2021_000095_MMR,2.2217666e-06,2.0815976003781483e-05,689.0,2.2249679927953887e-06
FL-2004-000116-CAF,FL_2004_000116_CAF,2.0710522e-06,0.0001064597314345,262.0,2.078808949812734e-06
FL-2022-000249-CIV,FL_2022_000249_CIV,2.0727225e-06,3.1304412682256725e-05,584.0,2.076241553480475e-06
FL-2020-000193-SSD,FL_2020_000193_SSD,2.0568023e-06,0.0001869869819964,156.0,2.069577469565217e-06
FL-2012-000172-MLI,FL_2012_000172_MLI,2.0498655e-06,2.3047313808816272e-05,665.0,2.0529250007462686e-06
FL-2019-000093-NGA,FL_2019_000093_NGA,1.957475e-06,0.0008427903235901,19.0,2.0390364583333335e-06
FL-2016-000117-ALB,FL_2016_000117_ALB,2.036412e-06,1.9539277732139977e-06,1075.0,2.038297566666667e-06
FL-2004-000068-ROM,FL_2004_000068_ROM,1.9833885e-06,6.994926651189721e-06,911.0,1.9855537712882095e-06
FL-2008-000167-VCT,FL_2008_000167_VCT,1.8158913e-06,6.419772272604035e-05,389.0,1.8205001611675129e-06
FL-2015-000080-MMR,FL_2015_000080_MMR,1.756423e-06,7.013947594120116e-05,366.0,1.761157293800539e-06
FL-2018-000134-IND,FL_2018_000134_IND,1.748164e-06,1.7341397362263162e-05,735.0,1.7505263837837838e-06
FL-2019-000009-ARG,FL_2019_000009_ARG,1.6320914e-06,2.6260531985082972e-05,628.0,1.634669743443918e-06
FL-2001-000485-KHM,FL_2001_000485_KHM,1.5828797e-06,8.093730833615202e-06,886.0,1.5846562204264873e-06
FL-2007-000023-IDN,FL_2007_000023_IDN,1.5610442e-06,0.0001249331740902,229.0,1.567715329059829e-06
FL-2015-000164-COD,FL_2015_000164_COD,1.5234925e-06,0.0005230499094319,41.0,1.5566119021739133e-06
FL-2001-000332-IND,FL_2001_000332_IND,1.5529339e-06,1.801181139680081e-05,720.0,1.5550758777931034e-06
FL-1999-000413-CAF,FL_1999_000413_CAF,1.4391244e-06,0.0004153039951628,49.0,1.4657748518518519e-06
FL-2004-000100-PAN,FL_2004_000100_PAN,1.4597348e-06,7.196424377759497e-05,356.0,1.463778386703601e-06
FL-2000-000375-CHL,FL_2000_000375_CHL,1.4063684e-06,5.990687648438886e-06,933.0,1.407867726652452e-06
FF-2020-000140-IDN,FF_2020_000140_IDN,1.3802342e-06,0.0001610033551605,181.0,1.3876548139784945e-06
ST-2022-000138-MDG,ST_2022_000138_MDG,1.3787514e-06,1.5497356447316698e-05,760.0,1.3805536894117645e-06
FL-2010-000153-PRK,FL_2010_000153_PRK,1.3533978e-06,2.708777782814831e-05,623.0,1.3555528920382166e-06
FL-2007-000123-NGA,FL_2007_000123_NGA,1.3355468e-06,3.817945088257693e-05,528.0,1.3380525163227016e-06
FL-1999-000531-COD,FL_1999_000531_COD,1.31206e-06,3.784166075012553e-05,532.0,1.3145033147113595e-06
FL-2011-000118-GTM,FL_2011_000118_GTM,1.2836222e-06,1.4125288597943706e-05,782.0,1.2852532320203305e-06
FF-2022-000274-IRN,FF_2022_000274_IRN,1.2727494e-06,3.87755204402086e-06,996.0,1.274020877922078e-06
FL-2003-000293-TLS,FL_2003_000293_TLS,1.2319877e-06,3.87104322989051e-06,997.0,1.2332172286427145e-06
FL-2017-000064-IND,FL_2017_000064_IND,1.1769778e-06,2.5043260994269595e-06,1050.0,1.1780934187677725e-06
FL-2019-000064-SDN,FL_2019_000064_SDN,1.1770513e-06,3.886513948081707e-07,1162.0,1.1780599129391603e-06
FL-2022-000365-PAN,FL_2022_000365_PAN,1.1335214e-06,9.969417407835884e-05,276.0,1.137555283985765e-06
FL-2006-000158-PRK,FL_2006_000158_PRK,1.0987387e-06,8.448215976150819e-05,320.0,1.1021194344615383e-06
FL-2006-000125-THA,FL_2006_000125_THA,1.0851688e-06,6.657983160898228e-05,377.0,1.0880095560209424e-06
FL-2011-000093-BGD,FL_2011_000093_BGD,1.0704448e-06,5.186787612800944e-06,953.0,1.0715621745302715e-06
FL-2014-000168-MYS,FL_2014_000168_MYS,1.0280928e-06,8.025494099889314e-05,331.0,1.0311526e-06
FL-2014-000121-CMR,FL_2014_000121_CMR,1.0290744e-06,3.646543436522108e-05,539.0,1.0309660808823529e-06
FL-1999-000247-KOR,FL_1999_000247_KOR,1.0136001e-06,1.5982743108944092e-06,1095.0,1.0145215546363638e-06
FL-2001-000227-RUS,FL_2001_000227_RUS,9.984974e-07,5.15569254183921e-05,445.0,1.000716283111111e-06
FL-1999-000259-KHM,FL_1999_000259_KHM,9.88999e-07,9.73251430648109e-07,1130.0,9.898703647577092e-07
FL-2018-000034-BLR,FL_2018_000034_BLR,9.426038e-07,7.774736749251152e-08,1200.0,9.433860438174274e-07
FL-1997-000137-CHL,FL_1997_000137_CHL,9.027425e-07,1.593220180531273e-05,753.0,9.039334531662269e-07
FL-2005-000209-THA,FL_2005_000209_THA,9.0015266e-07,3.364957886091861e-05,566.0,9.017291094921192e-07
FF-2021-000090-SDN,FF_2021_000090_SDN,8.7890277e-07,0.0001009290253342,272.0,8.820757041877256e-07
FL-2012-000123-PRK,FL_2012_000123_PRK,8.7134924e-07,2.248536047863094e-05,670.0,8.726401277629629e-07
FL-2000-000002-AGO,FL_2000_000002_AGO,8.25975e-07,0.0001885291931614,155.0,8.3113734375e-07
FL-2011-000107-MMR,FL_2011_000107_MMR,7.382943e-07,0.0056443154043814,5.0,8.1212373e-07
FL-2018-000360-RUS,FL_2018_000360_RUS,8.056155e-07,9.179292945868088e-07,1133.0,8.06323422231986e-07
FL-2010-000174-KEN,FL_2010_000174_KEN,7.8009225e-07,9.14407091503004e-06,866.0,7.809878783008037e-07
FL-2008-000175-UGA,FL_2008_000175_UGA,7.650409e-07,2.622491612958631e-07,1173.0,7.656903404923599e-07
FL-2000-000012-MOZ,FL_2000_000012_MOZ,7.426253e-07,1.5491504211360724e-05,761.0,7.435947847258486e-07
FL-2022-000265-YEM,FL_2022_000265_YEM,7.385221e-07,1.5268695767602075e-05,763.0,7.394837173177083e-07
FL-2019-000033-PRY,FL_2019_000033_PRY,7.165093e-07,0.0002812047294734,99.0,7.233988125e-07
FL-2007-000139-KEN,FL_2007_000139_KEN,7.217413e-07,4.998091379448527e-05,452.0,7.233206026258206e-07
FL-2018-000194-TTO,FL_2018_000194_TTO,7.093539e-07,1.1126770190154134e-06,1123.0,7.099827598404255e-07
FL-2006-000156-TUR,FL_2006_000156_TUR,7.034309e-07,3.829000159867969e-05,527.0,7.047531385338345e-07
FL-2012-000037-PSE,FL_2012_000037_PSE,7.029689e-07,2.3014427089246798e-07,1176.0,7.035641319220999e-07
FL-2015-000110-ARG,FL_2015_000110_ARG,6.6471597e-07,4.949783082092834e-06,960.0,6.654047948393782e-07
FL-2005-000104-IND,FL_2005_000104_IND,6.615383e-07,1.7207908383683496e-05,737.0,6.62429861051213e-07
FL-2022-000328-HND,FL_2022_000328_HND,6.549158e-07,9.467898262696988e-05,287.0,6.571586623287671e-07
FL-2009-000129-CAF,FL_2009_000129_CAF,6.368261e-07,0.0001129556315021,251.0,6.39313701953125e-07
FL-2017-000091-MMR,FL_2017_000091_MMR,6.3337154e-07,2.8258017072699787e-05,612.0,6.343980741004863e-07
FF-2009-000196-IDN,FF_2009_000196_IDN,6.262776e-07,0.0003009573551032,90.0,6.328699957894737e-07
FL-2014-000107-MMR,FL_2014_000107_MMR,6.259311e-07,0.0001513909670671,192.0,6.291084152284263e-07
FL-2010-000051-KAZ,FL_2010_000051_KAZ,6.191737e-07,4.831713487539869e-05,463.0,6.204967207264957e-07
FL-2007-000199-THA,FL_2007_000199_THA,6.131384e-07,1.1710493805889457e-05,822.0,6.138798007255138e-07
FL-2015-000081-PHL,FL_2015_000081_PHL,5.8810883e-07,0.0001654790588508,178.0,5.913225394535519e-07
FF-2014-000015-ZWE,FF_2014_000015_ZWE,5.670938e-07,1.0427750821217884e-05,845.0,5.677609691764706e-07
FL-2005-000169-FJI,FL_2005_000169_FJI,5.631562e-07,1.4179092735299214e-07,1193.0,5.636262803005009e-07
FL-2010-000115-MMR,FL_2010_000115_MMR,5.5558564e-07,7.275907943231021e-06,904.0,5.561968453245325e-07
FL-2002-000054-IDN,FL_2002_000054_IDN,5.190563e-07,0.0007853826488459,23.0,5.375940250000001e-07
FL-2017-000004-THA,FL_2017_000004_THA,5.298699e-07,3.062721585870941e-05,593.0,5.307559700668897e-07
FL-2021-000108-SSD,FL_2021_000108_SSD,5.29402e-07,4.278432770627042e-05,487.0,5.304780203252032e-07
FL-2007-000076-KEN,FL_2007_000076_KEN,5.2039445e-07,3.100172886791177e-05,586.0,5.212749820642978e-07
FL-1998-000203-BGD,FL_1998_000203_BGD,4.984721e-07,4.599011390220096e-06,973.0,4.989817851738241e-07
FL-1998-000251-SDN,FL_1998_000251_SDN,4.800889e-07,7.519131515316704e-05,344.0,4.814645128939828e-07
FL-1999-000286-GMB,FL_1999_000286_GMB,4.5156267e-07,1.7778902850086063e-05,723.0,4.5218294839285713e-07
FL-2012-000200-BFA,FL_2012_000200_BFA,4.49374e-07,7.3380146964170255e-06,901.0,4.4986999779249443e-07
FL-2018-000046-RUS,FL_2018_000046_RUS,4.4111434e-07,1.0283565360154394e-05,848.0,4.4163147287221567e-07
FL-2022-000271-NGA,FL_2022_000271_NGA,4.285673e-07,9.990217898350716e-06,854.0,4.290662142025611e-07
FL-1999-000213-IND,FL_1999_000213_IND,4.202636e-07,5.431702265950187e-06,947.0,4.2070505336134453e-07
FL-2005-000157-MDA,FL_2005_000157_MDA,4.1241108e-07,1.947543768762163e-07,1183.0,4.1275822737373743e-07
FF-2013-000118-BEN,FF_2013_000118_BEN,4.0293102e-07,6.668006054864761e-07,1145.0,4.0328139480000004e-07
FL-2013-000038-KEN,FL_2013_000038_KEN,3.9664792e-07,9.03400173112484e-07,1134.0,3.969961622475856e-07
FL-2019-000153-COD,FL_2019_000153_COD,3.949393e-07,9.11197102618518e-05,298.0,3.9624273003300327e-07
FL-2007-000220-SRB,FL_2007_000220_SRB,3.8443702e-07,3.357496611926994e-06,1018.0,3.8481281376344086e-07
FL-2000-000258-IDN,FL_2000_000258_IDN,3.790718e-07,0.0001310507430408,223.0,3.8073439561403504e-07
FL-2013-000070-IND,FL_2013_000070_IND,3.780408e-07,8.507530135917224e-05,317.0,3.792148397515528e-07
FF-2009-000201-PHL,FF_2009_000201_PHL,3.6835502e-07,0.0003174809561933,83.0,3.725408725e-07
FL-2011-000180-PAN,FL_2011_000180_PAN,3.716058e-07,5.40451055373252e-06,948.0,3.7199573263378803e-07
FL-2004-000142-ALB,FL_2004_000142_ALB,3.6158343e-07,4.662147317066861e-06,971.0,3.619539048258197e-07
FL-2013-000087-MMR,FL_2013_000087_MMR,3.5316674e-07,9.142734039040776e-05,296.0,3.543400514285714e-07
FL-2013-000028-NAM,FL_2013_000028_NAM,3.5112163e-07,0.0002155403220403,135.0,3.5362964164285713e-07
FL-2007-000197-COD,FL_2007_000197_COD,3.5007758e-07,0.0001310378242027,224.0,3.516063030567685e-07
FL-2003-000220-NAM,FL_2003_000220_NAM,3.409926e-07,0.0003901749392162,54.0,3.467721355932203e-07
FL-2010-000012-EGY,FL_2010_000012_EGY,3.4462644e-07,5.8016969890687256e-06,938.0,3.449918975185578e-07
FL-2009-000095-TJK,FL_2009_000095_TJK,3.4144418e-07,5.513491706569811e-06,945.0,3.418035949263158e-07
FL-2010-000003-KEN,FL_2010_000003_KEN,3.3657935e-07,1.6714335879068488e-05,746.0,3.370275249001332e-07
FL-2006-000062-THA,FL_2006_000062_THA,3.3315305e-07,4.20900610021064e-05,490.0,3.3382608646464644e-07
FL-2006-000091-PRK,FL_2006_000091_PRK,3.2951186e-07,1.009775509994494e-05,852.0,3.298963545857643e-07
FL-2000-000255-ARG,FL_2000_000255_ARG,3.2865904e-07,2.227700372988027e-07,1178.0,3.289368582924768e-07
FF-2016-000079-MKD,FF_2016_000079_MKD,3.2227646e-07,3.974972897388637e-06,992.0,3.225997061985958e-07
FL-2010-000114-BGD,FL_2010_000114_BGD,3.1858832e-07,4.401846062941021e-07,1157.0,3.1886249239242684e-07
FL-2007-000125-PHL,FL_2007_000125_PHL,3.1678445e-07,0.0001577768854785,183.0,3.1846947367021277e-07
LS-2022-000224-GTM,LS_2022_000224_GTM,3.0708097e-07,4.056065346461564e-05,502.0,3.0768665238658775e-07
FL-2000-000048-BWA,FL_2000_000048_BWA,3.0145605e-07,1.3710304421416014e-06,1103.0,3.0172812224729244e-07
FL-2006-000086-CHL,FL_2006_000086_CHL,2.9610644e-07,2.2207313732660592e-08,1214.0,2.963493493027072e-07
FL-2022-000305-GIN,FL_2022_000305_GIN,2.9256503e-07,9.269534262639092e-06,863.0,2.9290208648617513e-07
FL-1998-000329-BEN,FL_1998_000329_BEN,2.8065423e-07,1.9028798855092923e-06,1078.0,2.809133751800554e-07
FL-2012-000039-CHL,FL_2012_000039_CHL,2.6909692e-07,3.4386782728041834e-06,1013.0,2.693612588212181e-07
FF-2008-000216-PSE,FF_2008_000216_PSE,2.682018e-07,4.012217738256963e-05,505.0,2.687276858823529e-07
FF-2011-000071-GEO,FF_2011_000071_GEO,2.621265e-07,3.541901183988709e-06,1007.0,2.6238551828063245e-07
FL-1999-000423-TGO,FL_1999_000423_TGO,2.6085252e-07,4.54704865798965e-07,1155.0,2.6107739286206897e-07
FL-2019-000032-BOL,FL_2019_000032_BOL,2.5973583e-07,1.5931115909349322e-05,754.0,2.6007803794466404e-07
FL-2003-000196-ARG,FL_2003_000196_ARG,2.5858188e-07,3.6533688972999913e-06,1005.0,2.5883790166336636e-07
FL-2017-000053-THA,FL_2017_000053_THA,2.5647896e-07,0.0001917418230996,150.0,2.581336629677419e-07
FL-2012-000151-TCD,FL_2012_000151_TCD,2.5326167e-07,1.056522139376064e-05,842.0,2.535606802361275e-07
FL-2015-000155-NGA,FL_2015_000155_NGA,2.4142363e-07,1.737633451325747e-05,734.0,2.417503196211096e-07
FL-2009-000166-SDN,FL_2009_000166_SDN,2.4098605e-07,5.143619258766585e-05,446.0,2.415203871396896e-07
FL-2020-000164-IND,FL_2020_000164_IND,2.4044706e-07,7.936736731196325e-06,888.0,2.4071631762597983e-07
FL-2011-000045-GTM,FL_2011_000045_GTM,2.388239e-07,1.2327073378283348e-06,1112.0,2.3903770832587284e-07
FL-2008-000096-BGD,FL_2008_000096_BGD,2.3589682e-07,1.6822837771854724e-06,1088.0,2.3611264508691672e-07
FL-2010-000139-SDN,FL_2010_000139_SDN,2.3509017e-07,6.531119585781186e-05,386.0,2.3569142363171353e-07
FL-2012-000192-COD,FL_2012_000192_COD,2.2995803e-07,0.0005440208975728,38.0,2.353058911627907e-07
FL-2008-000125-SDN,FL_2008_000125_SDN,2.3360856e-07,1.5748803369137134e-05,757.0,2.3391513291338582e-07
FL-2001-000095-HUN,FL_2001_000095_HUN,2.269033e-07,3.999171441064967e-05,507.0,2.2734647050781252e-07
FL-2001-000096-UKR,FL_2001_000096_UKR,2.269033e-07,1.7471572703474128e-05,732.0,2.2721117421981008e-07
FL-2001-000079-ROM,FL_2001_000079_ROM,2.269033e-07,4.819038081590415e-06,965.0,2.2713722092783505e-07
FL-2002-000265-KEN,FL_2002_000265_KEN,2.209796e-07,0.0001016314438493,271.0,2.2178025072463766e-07
FL-2010-000161-MYS,FL_2010_000161_MYS,2.2101312e-07,1.3840629758056133e-05,787.0,2.2129217696969697e-07
FL-2022-000277-SDN,FL_2022_000277_SDN,2.180725e-07,1.1076940111071076e-05,835.0,2.1833211011904762e-07
FL-2021-000061-MYS,FL_2021_000061_MYS,2.1343969e-07,3.927973454379906e-05,515.0,2.1385015094230768e-07
FL-2009-000208-AZE,FL_2009_000208_AZE,2.1050953e-07,6.203225996360032e-05,394.0,2.1103712280701755e-07
FF-2012-000196-COG,FF_2012_000196_COG,2.0676856e-07,7.856646647976918e-06,890.0,2.0699958632402236e-07
FF-2019-000018-AFG,FF_2019_000018_AFG,1.9836523e-07,0.0002260464151654,126.0,1.9987946839694655e-07
FL-2007-000165-BEN,FL_2007_000165_BEN,1.8667113e-07,2.554126300520441e-05,637.0,1.86961895e-07
FL-2017-000012-MOZ,FL_2017_000012_MOZ,1.7250854e-07,1.1336323119117898e-05,831.0,1.7271488992822967e-07
FL-2022-000213-IND,FL_2022_000213_IND,1.714235e-07,2.9813633458987844e-05,602.0,1.7170591103789126e-07
FL-2020-000176-SDN,FL_2020_000176_SDN,1.6857824e-07,0.0001415146253226,204.0,1.6938483444976077e-07
FL-2012-000128-SSD,FL_2012_000128_SSD,1.6839356e-07,2.3152044577155525e-06,1057.0,1.685521226741996e-07
FF-2020-000153-BIH,FF_2020_000153_BIH,1.6752335e-07,4.184961451356991e-05,492.0,1.678604191146881e-07
FL-2019-000131-CIV,FL_2019_000131_CIV,1.6517619e-07,0.0002961741877636,93.0,1.6686166132653058e-07
FL-2007-000149-CMR,FL_2007_000149_CMR,1.6301115e-07,1.1642423876039176e-05,823.0,1.632080233695652e-07
FL-2011-000115-KEN,FL_2011_000115_KEN,1.5895449e-07,6.5509952846645e-05,385.0,1.5936206561538462e-07
FL-2009-000267-SRB,FL_2009_000267_SRB,1.590379e-07,8.716783217754183e-06,871.0,1.5921945011415527e-07
FL-2011-000091-BEN,FL_2011_000091_BEN,1.5651524e-07,3.5067125756525603e-06,1010.0,1.5666944220689656e-07
FL-1997-000164-BGD,FL_1997_000164_BGD,1.5623391e-07,5.8438240887293675e-08,1206.0,1.5636292231213873e-07
FL-1995-000012-PHL,FL_1995_000012_PHL,1.5266407e-07,0.0001091463088822,259.0,1.5324234299242426e-07
FL-2009-000226-PRY,FL_2009_000226_PRY,1.5103438e-07,0.0001257766801223,228.0,1.51682596223176e-07
FL-2017-000174-ALB,FL_2017_000174_ALB,1.5118741e-07,8.801312293198035e-06,870.0,1.5136019561142856e-07
FL-2009-000176-MLI,FL_2009_000176_MLI,1.5078139e-07,3.607017653903898e-05,543.0,1.510565385218978e-07
FL-2016-000050-LKA,FL_2016_000050_LKA,1.4205655e-07,1.2668842095142925e-05,808.0,1.4223128130381302e-07
FL-2009-000216-ITA,FL_2009_000216_ITA,1.4185642e-07,1.898854624874658e-07,1184.0,1.4197572733389405e-07
FL-2001-000417-SDN,FL_2001_000417_SDN,1.4098454e-07,6.215059955869468e-06,928.0,1.411356488317256e-07
FL-2008-000155-CHL,FL_2008_000155_CHL,1.3703233e-07,7.589288204150407e-05,341.0,1.3742837719653178e-07
FL-2009-000247-MYS,FL_2009_000247_MYS,1.3544141e-07,6.068360467190469e-05,398.0,1.357774929032258e-07
FL-2006-000047-COD,FL_2006_000047_COD,1.3195499e-07,0.0003437103218334,75.0,1.33604427375e-07
FL-2008-000091-SOM,FL_2008_000091_SOM,1.3330649e-07,3.3014550441594634e-05,571.0,1.3353792487847222e-07
FL-2019-000181-IDN,FL_2019_000181_IDN,1.290565e-07,0.0004007322636997,50.0,1.314029818181818e-07
FL-2011-000196-IDN,FL_2011_000196_IDN,1.2443091e-07,0.000151549323392,191.0,1.2506576158163264e-07
FL-2017-000054-BFA,FL_2017_000054_BFA,1.2354243e-07,1.3899069615924237e-05,785.0,1.236988128227848e-07
FL-2015-000024-ARG,FL_2015_000024_ARG,1.1936496e-07,2.871223993197e-06,1039.0,1.1947929425287355e-07
FL-2007-000106-IDN,FL_2007_000106_IDN,1.1645735e-07,0.0005511699562645,37.0,1.1923014404761904e-07
FL-2011-000032-THA,FL_2011_000032_THA,1.12716705e-07,1.2557707035540568e-05,810.0,1.1285500770552148e-07
FL-2015-000171-PRY,FL_2015_000171_PRY,1.07799934e-07,9.09626406654368e-05,299.0,1.0815453904605264e-07
FL-2013-000081-PRK,FL_2013_000081_PRK,1.0124347e-07,0.0015243002656196,11.0,1.07571186875e-07
FL-2008-000231-PAN,FL_2008_000231_PAN,1.02129235e-07,1.3516120002378728e-05,794.0,1.0225705632040051e-07
FL-2007-000155-ROM,FL_2007_000155_ROM,9.8628945e-08,4.7219320560606125e-05,469.0,9.883702294303798e-08
FL-2007-000126-PRK,FL_2007_000126_PRK,9.8136184e-08,4.009932125784269e-05,506.0,9.832823132681018e-08
FL-2019-000100-MLI,FL_2019_000100_MLI,9.637206e-08,0.0003483249888561,69.0,9.767438513513515e-08
FL-2018-000124-MMR,FL_2018_000124_MMR,9.6145364e-08,9.19060650513712e-05,293.0,9.646799944966443e-08
FL-2015-000113-PRK,FL_2015_000113_PRK,9.5722356e-08,9.131196231748952e-05,297.0,9.603931744370859e-08
FL-2010-000119-PAN,FL_2010_000119_PAN,9.540884e-08,4.44928016018751e-05,482.0,9.560475137577002e-08
FL-2016-000084-PHL,FL_2016_000084_PHL,9.510885e-08,6.726969511919099e-05,374.0,9.535979683377307e-08
FF-2021-000032-TLS,FF_2021_000032_TLS,9.458371e-08,3.690998267270717e-05,535.0,9.475886501851852e-08
FL-2010-000195-MLI,FL_2010_000195_MLI,9.158666e-08,2.313913192147772e-05,663.0,9.172376577844311e-08
FL-2017-000002-MYS,FL_2017_000002_MYS,8.652568e-08,3.489104857064845e-05,555.0,8.668019014285714e-08
FL-2014-000123-SSD,FL_2014_000123_SSD,8.593962e-08,4.878793897681464e-05,458.0,8.612523473002159e-08
FL-2007-000011-ZMB,FL_2007_000011_ZMB,8.556978e-08,8.040553322422439e-05,330.0,8.582521217910447e-08
FL-2013-000008-MOZ,FL_2013_000008_MOZ,8.499424e-08,2.4045313058753374e-05,654.0,8.512321456752655e-08
FL-2000-000583-LAO,FL_2000_000583_LAO,8.421784e-08,9.531981910227212e-06,858.0,8.431542730011587e-08
FL-2009-000198-BEN,FL_2009_000198_BEN,8.1343465e-08,1.0255652042521922e-05,850.0,8.143860355555555e-08
FL-2011-000129-MLI,FL_2011_000129_MLI,8.051232e-08,0.0001336158909842,219.0,8.087175e-08
FL-2021-000078-GTM,FL_2021_000078_GTM,7.9566504e-08,0.0002552322595745,108.0,8.02706323539823e-08
FL-2010-000242-AGO,FL_2010_000242_AGO,7.859512e-08,3.665911818337439e-05,538.0,7.873986239410682e-08
FL-1999-000233-SVK,FL_1999_000233_SVK,7.418356e-08,2.2470400222598565e-06,1061.0,7.42531505816135e-08
FL-2006-000001-IDN,FL_2006_000001_IDN,7.037711e-08,0.0008165394446155,21.0,7.308392192307693e-08
FL-2018-000077-CIV,FL_2018_000077_CIV,7.244532e-08,7.343161519975885e-06,900.0,7.252537007734806e-08
FL-2008-000086-MEX,FL_2008_000086_MEX,7.0110865e-08,0.0005864863561587,33.0,7.19558877631579e-08
FL-2003-000316-IND,FL_2003_000316_IND,7.1053606e-08,7.055254746711833e-06,908.0,7.113143032201533e-08
FL-2008-000054-THA,FL_2008_000054_THA,7.1008294e-08,6.642144923002614e-07,1147.0,7.106993314409723e-08
FL-2009-000135-MEX,FL_2009_000135_MEX,6.7418156e-08,0.0002682257459416,100.0,6.806023367619048e-08
FL-2008-000250-THA,FL_2008_000250_THA,6.68123e-08,1.014866875049454e-05,851.0,6.689035175233645e-08
FF-2019-000054-YEM,FF_2019_000054_YEM,6.4620025e-08,0.0001748595059411,170.0,6.498928228571429e-08
FL-2010-000089-AZE,FL_2010_000089_AZE,6.267396e-08,2.842198851784724e-05,609.0,6.27760348534202e-08
FF-2012-000101-GAB,FF_2012_000101_GAB,6.1927075e-08,0.0001535525190507,190.0,6.224464974358975e-08
FL-2010-000118-GHA,FL_2010_000118_GHA,6.188158e-08,3.741118537904773e-05,533.0,6.199660152416357e-08
FF-2012-000102-PHL,FF_2012_000102_PHL,6.105951e-08,7.551002220740348e-05,342.0,6.123547400576369e-08
FL-2008-000191-SLV,FL_2008_000191_SLV,6.053399e-08,1.7720928053361088e-06,1083.0,6.058962785845589e-08
FL-2014-000073-RUS,FL_2014_000073_RUS,5.982533e-08,6.764067549743186e-06,920.0,5.989000603243243e-08
FF-2008-000186-COD,FF_2008_000186_COD,5.956618e-08,0.0001485552407904,199.0,5.985817107843138e-08
FL-2021-000091-PHL,FL_2021_000091_PHL,5.6486087e-08,5.420181674816045e-05,426.0,5.6617145206496514e-08
FL-2002-000510-MEX,FL_2002_000510_MEX,5.503494e-08,0.0001691464533044,174.0,5.5342397765363127e-08
FL-2016-000137-ARG,FL_2016_000137_ARG,5.2270565e-08,2.2176219989298687e-06,1064.0,5.231946169317119e-08
FL-2021-000001-MYS,FL_2021_000001_MYS,5.0724815e-08,3.1409302129623786e-05,583.0,5.0811081692176875e-08
FL-2013-000055-UGA,FL_2013_000055_UGA,5.0727184e-08,1.1442786168158209e-05,830.0,5.0787935118562875e-08
FL-2001-000082-ZWE,FL_2001_000082_ZWE,5.0558405e-08,6.730699476140576e-07,1143.0,5.060244542247387e-08
FL-2021-000204-BRA,FL_2021_000204_BRA,5.0531124e-08,1.719947976635927e-06,1085.0,5.0577482829357797e-08
FL-2008-000154-MEX,FL_2008_000154_MEX,4.9946262e-08,8.668603516238456e-05,309.0,5.010532652866243e-08
FF-2020-000138-TJK,FF_2020_000138_TJK,4.943504e-08,3.930616937786506e-05,514.0,4.953029055876686e-08
FF-2010-000094-HUN,FF_2010_000094_HUN,4.804517e-08,2.901748091483576e-06,1036.0,4.809132290105667e-08
FL-2007-000107-TLS,FL_2007_000107_TLS,4.7815032e-08,8.342683621230564e-05,323.0,4.796080953658536e-08
FL-2013-000101-LAO,FL_2013_000101_LAO,4.68553e-08,1.6818620800638117e-05,743.0,4.691794077540106e-08
FL-2021-000173-IDN,FL_2021_000173_IDN,4.207764e-08,0.0003356133232272,77.0,4.259078195121951e-08
FL-2015-000169-KEN,FL_2015_000169_KEN,4.225334e-08,2.8769852598618456e-06,1038.0,4.2293851351869606e-08
FL-2002-000732-IDN,FL_2002_000732_IDN,4.207813e-08,6.249408577342359e-05,393.0,4.218385394472362e-08
FL-2005-000098-BGR,FL_2005_000098_BGR,4.1727777e-08,2.3757896124518518e-07,1175.0,4.1763139522881356e-08
FL-2008-000102-CIV,FL_2008_000102_CIV,4.0663338e-08,6.063048293007408e-05,399.0,4.076398982673267e-08
FL-2021-000038-KEN,FL_2021_000038_KEN,4.0473676e-08,2.8138519710989217e-05,613.0,4.0539167385113264e-08
FF-2012-000148-PAK,FF_2012_000148_PAK,3.9821277e-08,6.578487391843541e-05,381.0,3.992444093005181e-08
FL-2009-000218-KEN,FL_2009_000218_KEN,3.9631093e-08,6.98840216448671e-05,367.0,3.973762819623656e-08
FL-2015-000027-CHL,FL_2015_000027_CHL,3.9666382e-08,6.741056783118901e-07,1142.0,3.9700964721883175e-08
FL-1997-000166-ROM,FL_1997_000166_ROM,3.8078387e-08,3.806609405394637e-05,529.0,3.8149694840823967e-08
FL-2005-000065-GEO,FL_2005_000065_GEO,3.758876e-08,9.631647858062616e-07,1131.0,3.76218486971831e-08
FL-2011-000120-SDN,FL_2011_000120_SDN,3.7186226e-08,8.41872976942576e-05,322.0,3.729994534556575e-08
FL-2000-000741-LKA,FL_2000_000741_LKA,3.6919335e-08,2.9193580792266334e-05,604.0,3.69799578817734e-08
FL-2003-000212-AZE,FL_2003_000212_AZE,3.6396127e-08,0.0001896081985827,152.0,3.662794946496815e-08
FL-2008-000166-GTM,FL_2008_000166_GTM,3.5462456e-08,6.984920664434225e-05,369.0,3.555727540106952e-08
FL-2004-000020-KEN,FL_2004_000020_KEN,3.4829007e-08,6.897659529871751e-06,918.0,3.48667415687974e-08
FL-2020-000011-MOZ,FL_2020_000011_MOZ,3.44822e-08,1.6504323047816633e-05,749.0,3.452793236074271e-08
FL-2017-000079-TJK,FL_2017_000079_TJK,3.3784154e-08,4.600070556859616e-05,475.0,3.385453765416667e-08
FL-2008-000217-KEN,FL_2008_000217_KEN,3.3427874e-08,3.519895033196158e-05,548.0,3.3488322235081374e-08
FL-2008-000205-IDN,FL_2008_000205_IDN,3.3142353e-08,0.0002513968110403,109.0,3.343307539473685e-08
FL-2017-000137-SSD,FL_2017_000137_SSD,3.203931e-08,0.0001837131664808,163.0,3.2230020178571424e-08
FL-2010-000062-COD,FL_2010_000062_COD,3.2026275e-08,0.0001891412933139,154.0,3.222769811320755e-08
FF-2006-000046-KEN,FF_2006_000046_KEN,3.2098498e-08,2.6898140826286605e-05,624.0,3.214952899841017e-08
FL-2016-000097-PRK,FL_2016_000097_PRK,3.1110574e-08,0.0001199819312548,237.0,3.1239130090909096e-08
FL-2014-000115-NER,FL_2014_000115_NER,3.0052842e-08,2.8059401031935985e-05,614.0,3.010139263327948e-08
FL-2016-000124-COD,FL_2016_000124_COD,2.9423038e-08,6.942478083993152e-06,914.0,2.945505436343852e-08
FL-2015-000055-TJK,FL_2015_000055_TJK,2.9293464e-08,1.0291068142027772e-05,847.0,2.9327845999999997e-08
FL-2011-000007-ZAF,FL_2011_000007_ZAF,2.8309282e-08,0.000210428776631,139.0,2.850587423611111e-08
FL-2020-000237-LKA,FL_2020_000237_LKA,2.7439075e-08,0.0004328406497302,48.0,2.7956793396226416e-08
FL-2008-000201-YEM,FL_2008_000201_YEM,2.594679e-08,0.0003847234782201,55.0,2.63792365e-08
FL-2016-000081-GTM,FL_2016_000081_GTM,2.6256581e-08,4.810038865982584e-05,466.0,2.6312327456475584e-08
FL-2011-000123-RUS,FL_2011_000123_RUS,2.54724e-08,4.0125829249414056e-05,504.0,2.5522444007858544e-08
FL-2003-000531-IDN,FL_2003_000531_IDN,2.537306e-08,7.384948216589081e-05,350.0,2.5444533408450706e-08
FL-2014-000098-SDN,FL_2014_000098_SDN,2.528322e-08,4.2371458348421817e-05,488.0,2.5334504421906696e-08
FL-2023-000001-COG,FL_2023_000001_COG,2.4766997e-08,9.63163906498193e-07,1132.0,2.4788779759014948e-08
FL-2012-000063-RUS,FL_2012_000063_RUS,2.4632913e-08,3.297769978982772e-07,1165.0,2.465396677179487e-08
FF-2007-000100-MLI,FF_2007_000100_MLI,2.425939e-08,0.000364561450579,62.0,2.4621470447761197e-08
FL-2000-000438-KHM,FL_2000_000438_KHM,2.459423e-08,2.655555273854885e-07,1171.0,2.4615143460884353e-08
FL-1991-000010-PHL,FL_1991_000010_PHL,2.4523478e-08,1.9343591676938195e-05,709.0,2.455782460784314e-08
FL-2022-000333-THA,FL_2022_000333_THA,2.4212264e-08,0.000117617476712,240.0,2.431108956734694e-08
FL-2012-000098-GTM,FL_2012_000098_GTM,2.4048447e-08,1.475860623047232e-07,1191.0,2.4068554397157194e-08
FL-2019-000118-SEN,FL_2019_000118_SEN,2.4012312e-08,4.7174673721126935e-05,470.0,2.4062864235789476e-08
FL-2013-000103-YEM,FL_2013_000103_YEM,2.3816693e-08,3.613760939981441e-05,541.0,2.3860313316849817e-08
FL-2010-000239-MNE,FL_2010_000239_MNE,2.372325e-08,1.4597976349388467e-06,1100.0,2.3744719004524888e-08
FL-2001-000571-PRK,FL_2001_000571_PRK,2.3669806e-08,6.74616252143208e-05,372.0,2.3732590631299734e-08
FL-2021-000055-TJK,FL_2021_000055_TJK,2.2931498e-08,3.023490315727107e-06,1028.0,2.2953696933204257e-08
FL-2006-000071-ROM,FL_2006_000071_ROM,2.2220297e-08,3.8634250615721165e-05,521.0,2.2262540910646387e-08
SS-2007-000063-MDV,SS_2007_000063_MDV,2.1960316e-08,1.2591327484225937e-07,1195.0,2.1978616263333333e-08
FL-2009-000251-SAU,FL_2009_000251_SAU,2.1720876e-08,7.379412169049842e-05,351.0,2.1781889696629215e-08
FL-2019-000047-GEO,FL_2019_000047_GEO,2.1720371e-08,1.5005217349128747e-05,772.0,2.1748325145431145e-08
FL-2004-000052-JPN,FL_2004_000052_JPN,2.1505137e-08,4.493107607659591e-05,479.0,2.1549569101239667e-08
FL-2006-000131-BGD,FL_2006_000131_BGD,2.1516216e-08,6.638384959631338e-08,1204.0,2.153401270471464e-08
FL-2016-000042-KEN,FL_2016_000042_KEN,2.1206699e-08,8.626592439490959e-06,875.0,2.123079752159091e-08
FL-2018-000165-CRI,FL_2018_000165_CRI,2.1061064e-08,3.248457048690663e-05,573.0,2.1097501826989618e-08
FL-2009-000034-MAR,FL_2009_000034_MAR,2.0917042e-08,1.927945132561553e-06,1077.0,2.0936373831792974e-08
FL-2007-000227-ZWE,FL_2007_000227_ZWE,1.9923965e-08,0.0003197308810728,82.0,2.0152976091954023e-08
FL-2022-000348-CRI,FL_2022_000348_CRI,1.89672e-08,4.459984080824136e-05,481.0,1.900622716049383e-08
FF-2008-000202-MAR,FF_2008_000202_MAR,1.8704826e-08,0.0001861033302755,159.0,1.881887981707317e-08
FL-2005-000208-BIH,FL_2005_000208_BIH,1.8736833e-08,2.8321306690093373e-08,1212.0,1.8752228918652426e-08
FL-2017-000088-SDN,FL_2017_000088_SDN,1.8275207e-08,5.59116574321553e-05,418.0,1.831841079905437e-08
FL-2007-000022-ARG,FL_2007_000022_ARG,1.8267563e-08,4.518124744723542e-06,976.0,1.8286184369011215e-08
FL-2013-000125-BFA,FL_2013_000125_BFA,1.734553e-08,2.967361738742067e-06,1031.0,1.736227278957529e-08
FL-2008-000069-CHL,FL_2008_000069_CHL,1.7215335e-08,3.344181686399249e-07,1164.0,1.723006154833191e-08
FL-2013-000006-IDN,FL_2013_000006_IDN,1.6461216e-08,2.025517627096601e-05,695.0,1.648473202285714e-08
FL-1997-000337-IND,FL_1997_000337_IND,1.6430892e-08,9.39114090999162e-06,861.0,1.6449865316397225e-08
FL-2012-000110-IND,FL_2012_000110_IND,1.6098541e-08,9.759466942483456e-05,282.0,1.6154633477351916e-08
FF-2020-000158-SRB,FF_2020_000158_SRB,1.5514416e-08,3.367543970412982e-05,565.0,1.554163427368421e-08
FL-1999-000253-PHL,FL_1999_000253_PHL,1.5455363e-08,5.161931831046981e-05,444.0,1.548978474387528e-08
FL-2020-000195-CMR,FL_2020_000195_CMR,1.533199e-08,1.897084476088802e-05,712.0,1.5353373528591356e-08
FL-2014-000014-SYC,FL_2014_000014_SYC,1.4474913e-08,4.969799548234914e-05,454.0,1.4506448758169933e-08
FL-1998-000392-IND,FL_1998_000392_IND,1.3604074e-08,0.0001104412385505,255.0,1.365639736153846e-08
FL-2007-000138-UGA,FL_2007_000138_UGA,1.2865187e-08,2.497699813216452e-05,642.0,1.2885071369397218e-08
FL-2003-000080-ARG,FL_2003_000080_ARG,1.2697421e-08,1.4106763502327378e-06,1102.0,1.270889111833785e-08
FL-1998-000219-KOR,FL_1998_000219_KOR,1.231129e-08,3.816792988022066e-06,1000.0,1.2323540039800995e-08
FL-2016-000025-SRB,FL_2016_000025_SRB,1.2121906e-08,4.998269098829036e-06,957.0,1.2134506733887734e-08
FL-2010-000259-AUS,FL_2010_000259_AUS,1.1745744e-08,1.3367306635514178e-06,1108.0,1.175629722911051e-08
FL-2003-000647-TLS,FL_2003_000647_TLS,1.1690793e-08,2.8737056878051903e-05,606.0,1.1709926867430443e-08
FL-2022-000275-UGA,FL_2022_000275_UGA,1.1572154e-08,1.1480859077176922e-05,829.0,1.1586029484412471e-08
FL-2009-000179-LBR,FL_2009_000179_LBR,1.1443696e-08,3.4839147401290524e-05,556.0,1.1464094745098039e-08
FL-2015-000068-BGD,FL_2015_000068_BGD,1.1442145e-08,5.386702957671616e-06,949.0,1.1454138862683438e-08
FL-2014-000159-MAR,FL_2014_000159_MAR,1.1113654e-08,2.6828829062941134e-05,625.0,1.113129472063492e-08
FL-2009-000121-CZE,FL_2009_000121_CZE,1.0812361e-08,4.385617789761996e-07,1159.0,1.0821649969931272e-08
FL-2006-000041-SRB,FL_2006_000041_SRB,1.0527339e-08,1.7586384678789433e-05,727.0,1.0541720610655737e-08
FL-1997-000199-BEN,FL_1997_000199_BEN,1.0264273e-08,4.5340609037487776e-05,477.0,1.028556817219917e-08
FL-2020-000192-TCD,FL_2020_000192_TCD,9.989611e-09,1.8193869398180867e-06,1082.0,9.99880107451702e-09
FL-2014-000070-LKA,FL_2014_000070_LKA,9.820743e-09,1.8878339046007836e-05,713.0,9.834420915041782e-09
FL-2022-000331-SLV,FL_2022_000331_SLV,9.807676e-09,2.4910284697672565e-05,646.0,9.82274155453149e-09
FL-2007-000231-BOL,FL_2007_000231_BOL,9.117761e-09,4.134199539930582e-05,497.0,9.135923870517927e-09
FL-2006-000027-IDN,FL_2006_000027_IDN,8.815053e-09,2.985375403116997e-05,601.0,8.82959929207921e-09
FL-2009-000039-CRI,FL_2009_000039_CRI,8.814444e-09,1.7115249530977832e-05,738.0,8.826307316285328e-09
FL-1993-000013-PHL,FL_1993_000013_PHL,8.764191e-09,5.502356451846643e-05,422.0,8.784716037470725e-09
FL-2014-000154-IDN,FL_2014_000154_IDN,8.642781e-09,0.0001603740947851,182.0,8.688999080213903e-09
FL-2009-000245-SRB,FL_2009_000245_SRB,8.624668e-09,5.040412552107132e-06,956.0,8.633642680541102e-09
FL-2006-000121-MKD,FL_2006_000121_MKD,8.525971e-09,1.7037036178227433e-05,740.0,8.537415256375838e-09
FL-2014-000054-TJK,FL_2014_000054_TJK,8.225684e-09,4.487340233555433e-06,981.0,8.234026478701826e-09
FL-2016-000061-RUS,FL_2016_000061_RUS,8.1552916e-09,4.648596803749459e-06,972.0,8.1636388790174e-09
FL-2019-000138-KEN,FL_2019_000138_KEN,7.946217e-09,2.9927606798005065e-05,599.0,7.959372988410596e-09
FL-2009-000089-BRA,FL_2009_000089_BRA,7.65261e-09,0.0001562502108886,185.0,7.692886894736843e-09
FL-2021-000126-MYS,FL_2021_000126_MYS,7.647932e-09,3.4182557561424885e-05,561.0,7.661444247349823e-09
FL-2012-000174-BEN,FL_2012_000174_BEN,7.4094038e-09,8.65353138520316e-06,873.0,7.417842756492027e-09
FL-2002-000782-MKD,FL_2002_000782_MKD,7.359e-09,1.5006370690931044e-05,771.0,7.36848324742268e-09
FL-2007-000057-URY,FL_2007_000057_URY,7.328131e-09,2.2765153679483506e-07,1177.0,7.334330772419628e-09
FL-2004-000044-BGD,FL_2004_000044_BGD,7.3221256e-09,6.806273066815002e-07,1141.0,7.328514889354276e-09
FL-1999-000229-TJK,FL_1999_000229_TJK,7.069534e-09,6.741139614295783e-05,373.0,7.0882364708994705e-09
FL-2019-000081-MMR,FL_2019_000081_MMR,6.94581e-09,2.109522979755605e-05,683.0,6.955905654069766e-09
FL-2007-000035-AFG,FL_2007_000035_AFG,6.935059e-09,5.490177654890884e-06,946.0,6.9423513859095694e-09
FL-2015-000065-GHA,FL_2015_000065_GHA,6.229522e-09,0.0102335484697711,4.0,6.921691111111112e-09
FL-2002-000500-IRN,FL_2002_000500_IRN,6.8478085e-09,1.3599361145171277e-05,792.0,6.8564004805520695e-09
FL-2011-000096-PRK,FL_2011_000096_PRK,6.5817165e-09,2.576792091502434e-05,634.0,6.592016525821596e-09
FL-2009-000190-TUR,FL_2009_000190_TUR,6.4188215e-09,1.8241601880200607e-05,718.0,6.427699538035961e-09
FL-2002-000402-BGD,FL_2002_000402_BGD,6.1849623e-09,8.580434598116367e-08,1198.0,6.190103582044887e-09
FL-2022-000217-BGD,FL_2022_000217_BGD,6.052518e-09,6.185055268830468e-07,1148.0,6.057767365134432e-09
FF-2007-000083-IND,FF_2007_000083_IND,5.9696466e-09,8.120232657851106e-05,326.0,5.9876817861027196e-09
FL-2007-000176-CRI,FL_2007_000176_CRI,5.977252e-09,9.230929119944854e-06,864.0,5.9841303107019554e-09
FL-2016-000071-LBR,FL_2016_000071_LBR,5.6063802e-09,0.001394216577623,12.0,5.936167270588236e-09
FL-2005-000110-BIH,FL_2005_000110_BIH,5.8869527e-09,1.5931278993293829e-06,1097.0,5.892294762341198e-09
FL-2004-000115-PAN,FL_2004_000115_PAN,5.547226e-09,2.1094967680197194e-05,684.0,5.5552771262699565e-09
FL-2001-000320-TLS,FL_2001_000320_TLS,5.5221805e-09,0.0001045434134676,266.0,5.542557549815498e-09
FL-2017-000052-RUS,FL_2017_000052_RUS,5.323494e-09,3.51425872462526e-05,549.0,5.333103194945849e-09
FL-2021-000153-UGA,FL_2021_000153_UGA,5.28849e-09,0.0001180712154278,239.0,5.310164139344262e-09
FL-2021-000097-BGD,FL_2021_000097_BGD,5.231743e-09,8.626758457947907e-06,874.0,5.237694926052332e-09
FL-2005-000090-TJK,FL_2005_000090_TJK,5.1799574e-09,3.099678741575978e-06,1027.0,5.184976738565892e-09
FL-2003-000273-TJK,FL_2003_000273_TJK,5.111801e-09,0.0001244767774719,231.0,5.133461173728813e-09
FF-2015-000115-MKD,FF_2015_000115_MKD,5.026098e-09,8.886256164469819e-05,300.0,5.042577009836065e-09
FL-2022-000362-LCA,FL_2022_000362_LCA,4.717996e-09,5.426987198727048e-05,425.0,4.72896808372093e-09
FL-2009-000172-BFA,FL_2009_000172_BFA,4.6070303e-09,3.3741369470528903e-06,1017.0,4.6115381574363994e-09
FL-2022-000376-COD,FL_2022_000376_COD,4.084164e-09,0.0001851064460654,160.0,4.108916509090909e-09
FL-2012-000126-PAN,FL_2012_000126_PAN,4.0945047e-09,2.000592344629497e-05,697.0,4.1003373277777774e-09
FL-2021-000092-CRI,FL_2021_000092_CRI,4.0341006e-09,1.9435378591585568e-05,707.0,4.039766471629213e-09
FL-2009-000032-SLB,FL_2009_000032_SLB,4.0150345e-09,2.1615122651638444e-05,678.0,4.020913027818448e-09
FL-2014-000079-PHL,FL_2014_000079_PHL,3.891255e-09,0.0006090290237278,31.0,3.999345416666666e-09
FL-2013-000104-MLI,FL_2013_000104_MLI,3.8772674e-09,3.080672700518568e-05,589.0,3.883794786195286e-09
FL-1999-000349-SLV,FL_1999_000349_SLV,3.7320107e-09,2.102201174448978e-05,686.0,3.737411583791606e-09
FL-2016-000075-BGD,FL_2016_000075_BGD,3.578232e-09,4.955595073050598e-05,455.0,3.586010765217392e-09
FL-2011-000108-SEN,FL_2011_000108_SEN,3.4243204e-09,2.049845056543385e-05,693.0,3.429226303151863e-09
FL-2019-000120-PHL,FL_2019_000120_PHL,3.35405e-09,9.269825993403046e-05,291.0,3.3653812499999998e-09
FL-2017-000057-LKA,FL_2017_000057_LKA,3.3361525e-09,2.544367695188481e-05,638.0,3.3413409175738726e-09
FL-1997-000255-KEN,FL_1997_000255_KEN,3.172406e-09,0.0001384670038982,212.0,3.18702538248848e-09
FL-2007-000194-GTM,FL_2007_000194_GTM,3.1118408e-09,1.5178332037002755e-05,767.0,3.115871681865285e-09
FL-2012-000043-KGZ,FL_2012_000043_KGZ,3.1114336e-09,1.4417944822419112e-05,777.0,3.1154124153452687e-09
FL-2015-000092-BRA,FL_2015_000092_BRA,3.090089e-09,3.1434976226188847e-05,581.0,3.0953621894197952e-09
FL-2007-000068-COL,FL_2007_000068_COL,3.0658962e-09,7.404980789039996e-05,348.0,3.0745814583569404e-09
FL-2011-000084-IND,FL_2011_000084_IND,3.0163125e-09,7.403323230514433e-05,349.0,3.0248331567796608e-09
FL-2000-000806-FJI,FL_2000_000806_FJI,2.985584e-09,8.658308821117291e-08,1196.0,2.9880699150707745e-09
FL-1998-000255-TUR,FL_1998_000255_TUR,2.9406972e-09,1.6063482795657675e-05,752.0,2.9445818726552175e-09
FL-2006-000010-BOL,FL_2006_000010_BOL,2.913363e-09,2.6056468083563845e-06,1048.0,2.9161297264957264e-09
FF-2008-000092-KEN,FF_2008_000092_KEN,2.8735936e-09,8.648157837290259e-05,310.0,2.8827161193650796e-09
FL-2009-000123-BGD,FL_2009_000123_BGD,2.8670417e-09,3.186416525713541e-06,1024.0,2.869827940719145e-09
FL-2014-000162-LKA,FL_2014_000162_LKA,2.850818e-09,1.938941579306149e-05,708.0,2.854816342215989e-09
FL-2020-000052-COD,FL_2020_000052_COD,2.831632e-09,3.947036851631446e-05,513.0,2.8370984710424714e-09
FL-2019-000094-GTM,FL_2019_000094_GTM,2.6652773e-09,0.0003507353131179,66.0,2.7028164169014085e-09
FL-2018-000154-GHA,FL_2018_000154_GHA,2.6889675e-09,5.018289230978901e-05,449.0,2.6948903359030835e-09
FL-1997-000140-AZE,FL_1997_000140_AZE,2.6593743e-09,1.8034038498150963e-05,719.0,2.6630474689226518e-09
FL-2019-000052-SRB,FL_2019_000052_SRB,2.5116051e-09,4.475176842299243e-06,983.0,2.5141472104251008e-09
FL-2009-000237-THA,FL_2009_000237_THA,2.4977558e-09,3.883627383007056e-05,518.0,2.5025316237093693e-09
FF-2005-000072-TJK,FF_2005_000072_TJK,2.3063378e-09,0.003514514865821,7.0,2.498532616666666e-09
FL-2010-000072-RUS,FL_2010_000072_RUS,2.4823057e-09,1.1900573663652552e-05,820.0,2.4853145553939395e-09
FL-2009-000044-BIH,FL_2009_000044_BIH,2.2977e-09,2.5582342067025587e-09,1217.0,2.299580278232406e-09
FL-1999-000315-GHA,FL_1999_000315_GHA,2.2099873e-09,0.0008173319106377,20.0,2.2983867920000002e-09
FL-2017-000095-GHA,FL_2017_000095_GHA,1.978653e-09,0.0034880659850654,8.0,2.1308570769230768e-09
FL-2013-000004-KEN,FL_2013_000004_KEN,2.1267235e-09,6.687635031378264e-07,1144.0,2.1285744342906875e-09
FL-2007-000040-HTI,FL_2007_000040_HTI,2.003282e-09,7.324351642923275e-05,355.0,2.008846672222222e-09
FL-1998-000359-UKR,FL_1998_000359_UKR,2.0020043e-09,7.4635843356821135e-06,898.0,2.0042213590254706e-09
FL-1997-000177-MMR,FL_1997_000177_MMR,2.001623e-09,1.368901746587522e-05,789.0,2.004143935768262e-09
FL-2002-000482-RUS,FL_2002_000482_RUS,1.9122437e-09,4.52658572547843e-05,478.0,1.9162027966873705e-09
FL-2008-000191-CRI,FL_2008_000191_CRI,1.8299824e-09,0.0002176170802004,133.0,1.8432431420289856e-09
FL-2020-000190-NER,FL_2020_000190_NER,1.8362384e-09,1.9442215849951195e-05,706.0,1.8388210137834038e-09
FL-2010-000225-PAN,FL_2010_000225_PAN,1.8223625e-09,1.2860457749170276e-05,805.0,1.8246123302469138e-09
FL-2000-000299-GTM,FL_2000_000299_GTM,1.7749041e-09,0.0001123117736527,253.0,1.781783573255814e-09
FL-2009-000170-MRT,FL_2009_000170_MRT,1.6668775e-09,0.0001403436102664,208.0,1.6747032159624414e-09
FL-2013-000123-CMR,FL_2013_000123_CMR,1.6388467e-09,3.049412611129759e-05,595.0,1.6415781111666668e-09
FF-2012-000062-KEN,FF_2012_000062_KEN,1.5325954e-09,7.590274915885812e-05,340.0,1.5370377055072465e-09
FL-1997-000301-UGA,FL_1997_000301_UGA,1.504834e-09,4.731565077799735e-06,967.0,1.5063821831275723e-09
FL-1998-000179-RUS,FL_1998_000179_RUS,1.4749835e-09,4.029974310888745e-05,503.0,1.4778870108267716e-09
FL-2015-000145-SOM,FL_2015_000145_SOM,1.4675415e-09,2.2953069034221418e-06,1058.0,1.468922065851364e-09
FL-1999-000161-LKA,FL_1999_000161_LKA,1.4212664e-09,3.829453367624024e-06,998.0,1.4226834153539385e-09
FL-2016-000044-CHN,FL_2016_000044_CHN,1.4073204e-09,7.387431974228626e-06,899.0,1.4088771703539822e-09
FL-1999-000235-IRN,FL_1999_000235_IRN,1.3081333e-09,3.161319118782055e-05,580.0,1.3103694252991452e-09
FL-2012-000140-MMR,FL_2012_000140_MMR,1.1797515e-09,7.527597928495872e-05,343.0,1.1831415905172414e-09
FF-2006-000022-TLS,FF_2006_000022_TLS,1.1458053e-09,6.984943322737353e-05,368.0,1.148877164075067e-09
FL-2022-000349-CMR,FL_2022_000349_CMR,1.1412661e-09,4.218046799718165e-06,989.0,1.1424142550301812e-09
FL-2010-000196-LKA,FL_2010_000196_LKA,1.1158625e-09,1.1781860505120757e-06,1116.0,1.1168579170383587e-09
FL-2017-000130-GTM,FL_2017_000130_GTM,1.0671765e-09,0.0001442104772499,201.0,1.072356968446602e-09
FL-2010-000150-MEX,FL_2010_000150_MEX,1.0599541e-09,2.2316250343459105e-05,671.0,1.0615220794378698e-09
FL-2017-000160-HND,FL_2017_000160_HND,1.0190209e-09,2.034996819356033e-06,1073.0,1.0199661884044527e-09
FL-2016-000058-MMR,FL_2016_000058_MMR,1.0065696e-09,0.0001908418637312,151.0,1.0130219692307694e-09
FL-2006-000023-DZA,FL_2006_000023_DZA,1.0004477e-09,1.026816240172675e-05,849.0,1.0016191844262296e-09
FL-2014-000155-HTI,FL_2014_000155_HTI,9.268339e-10,0.0001164162667447,242.0,9.305862639676113e-10
FL-2022-000290-SEN,FL_2022_000290_SEN,9.22002e-10,9.392853177322906e-06,860.0,9.23067898265896e-10
FF-2008-000178-DZA,FF_2008_000178_DZA,9.0805957e-10,4.935386817863353e-05,456.0,9.100293304555314e-10
FL-2003-000027-TUN,FL_2003_000027_TUN,9.003762e-10,0.0001008800702645,274.0,9.036033548387096e-10
FL-2020-000050-AFG,FL_2020_000050_AFG,8.860931e-10,5.903234139494578e-05,406.0,8.882490442822386e-10
FL-2010-000107-PHL,FL_2010_000107_PHL,8.809984e-10,8.452325093327961e-05,319.0,8.837175308641975e-10
FL-1998-000165-CHN,FL_1998_000165_CHN,8.634932e-10,1.157520556215934e-06,1119.0,8.642614323843415e-10
FL-2014-000038-ZAF,FL_2014_000038_ZAF,8.5396434e-10,3.259060171931165e-05,572.0,8.554443475216637e-10
FL-2019-000084-IND,FL_2019_000084_IND,7.8934415e-10,4.825981854802333e-07,1154.0,7.90025206212252e-10
FL-2020-000172-MMR,FL_2020_000172_MMR,7.715606e-10,0.0001054134204919,265.0,7.744182318518518e-10
FL-2017-000149-TGO,FL_2017_000149_TGO,7.4970913e-10,1.2308312535779666e-05,817.0,7.506211849026765e-10
FF-2020-000221-SOM,FF_2020_000221_SOM,7.3432527e-10,0.0002091427231066,141.0,7.393548951369863e-10
FL-2014-000030-PRY,FL_2014_000030_PRY,7.2669326e-10,4.640948369062063e-05,473.0,7.282135387866109e-10
FL-2019-000162-MYS,FL_2019_000162_MYS,7.2303913e-10,5.258523805098176e-06,952.0,7.237946567816091e-10
FF-2020-000240-ZMB,FF_2020_000240_ZMB,6.827288e-10,0.0002135910769567,137.0,6.875367492957747e-10
FL-2008-000191-HND,FL_2008_000191_HND,6.8312334e-10,2.1372676325806535e-05,681.0,6.841191466180758e-10
FL-2014-000005-IDN,FL_2014_000005_IDN,6.5639194e-10,8.343772267786217e-06,883.0,6.571311201126127e-10
FL-2022-000254-PAK,FL_2022_000254_PAK,6.454847e-10,7.056733443600256e-05,364.0,6.472339810298102e-10
FF-2009-000069-IDN,FF_2009_000069_IDN,6.134439e-10,0.0002490785278301,111.0,6.187322094827586e-10
FL-2008-000207-SDN,FL_2008_000207_SDN,6.0604266e-10,8.488646834276664e-06,877.0,6.067297831972789e-10
FL-2006-000120-BFA,FL_2006_000120_BFA,5.9860605e-10,1.124651965999685e-06,1122.0,5.991372000000001e-10
FL-2005-000111-ROM,FL_2005_000111_ROM,5.981623e-10,2.0386249371727977e-06,1072.0,5.987176967502321e-10
FL-2020-000202-GIN,FL_2020_000202_GIN,5.962964e-10,7.60622954591156e-05,339.0,5.980298197674419e-10
FL-2008-000051-LKA,FL_2008_000051_LKA,5.9133537e-10,1.6079541058585297e-07,1189.0,5.918306257537688e-10
FL-2002-000734-MAR,FL_2002_000734_MAR,5.868863e-10,1.6625240450987427e-06,1090.0,5.874222692237442e-10
FL-2019-000135-GHA,FL_2019_000135_GHA,5.566764e-10,0.0005204255292196,42.0,5.685205787234042e-10
FL-1997-000299-PRY,FL_1997_000299_PRY,5.4431015e-10,6.437246190050324e-06,926.0,5.448948010741139e-10
FF-2008-000123-PAK,FF_2008_000123_PAK,5.140278e-10,0.0003752481072376,59.0,5.220594843749999e-10
FL-2017-000083-GIN,FL_2017_000083_GIN,4.848181e-10,5.221736702666782e-05,439.0,4.859100326576578e-10
FL-2010-000102-CRI,FL_2010_000102_CRI,4.770546e-10,3.1780735971677255e-05,578.0,4.778728754716981e-10
FL-2008-000103-SLV,FL_2008_000103_SLV,4.6497967e-10,5.484900185944707e-05,423.0,4.660660710981309e-10
FL-2010-000031-PRT,FL_2010_000031_PRT,4.6523946e-10,6.086634034808629e-07,1149.0,4.656426137781629e-10
FL-2007-000144-LBR,FL_2007_000144_LBR,4.5750245e-10,0.0001385163443259,211.0,4.596205168981481e-10
FL-2009-000140-MNG,FL_2009_000140_MNG,4.544309e-10,7.112912433958721e-05,360.0,4.556759161643836e-10
FL-2002-000296-PRY,FL_2002_000296_PRY,4.4711523e-10,0.0003610216022716,65.0,4.535025904285714e-10
FL-2022-000286-MRT,FL_2022_000286_MRT,4.4883103e-10,2.826672437552241e-05,611.0,4.49559651801948e-10
FL-2011-000061-DOM,FL_2011_000061_DOM,4.3076906e-10,0.0001501588643637,196.0,4.3291218965174134e-10
FL-2007-000181-HTI,FL_2007_000181_HTI,4.2949141e-10,7.925258410518704e-06,889.0,4.299718254474273e-10
FL-2011-000187-COD,FL_2011_000187_COD,4.2552523e-10,7.376126690422694e-05,352.0,4.2671717742296916e-10
FL-2013-000108-SSD,FL_2013_000108_SSD,4.25659e-10,3.830792398467805e-05,526.0,4.264606177024482e-10
FL-2010-000019-MEX,FL_2010_000019_MEX,4.2523415e-10,3.986772655634125e-05,508.0,4.260630664717349e-10
FL-2005-000132-MKD,FL_2005_000132_MKD,4.0557246e-10,1.3150909566034057e-06,1109.0,4.0593652863554764e-10
FL-2010-000075-TJK,FL_2010_000075_TJK,3.9508688e-10,7.307291676841428e-06,902.0,3.9552247744211687e-10
FL-2005-000171-SLV,FL_2005_000171_SLV,3.7654732e-10,4.149530775091531e-06,990.0,3.7692575951758795e-10
FL-2009-000203-USA,FL_2009_000203_USA,3.5979378e-10,1.8580595056109356e-06,1080.0,3.6012538717050693e-10
FL-2002-000322-CHL,FL_2002_000322_CHL,3.5477368e-10,2.226072273363616e-06,1062.0,3.5510617641986886e-10
LS-2015-000135-LKA,LS_2015_000135_LKA,3.4654596e-10,3.610956831781839e-05,542.0,3.4717949923217547e-10
FL-2007-000189-NIC,FL_2007_000189_NIC,3.4042605e-10,2.2727733922455068e-05,668.0,3.409318836552749e-10
FL-2005-000048-AFG,FL_2005_000048_AFG,3.3165642e-10,3.018754123471205e-06,1029.0,3.3197717088974854e-10
FL-2020-000128-KEN,FL_2020_000128_KEN,2.998449e-10,1.2379174240077578e-05,813.0,3.0021145855745717e-10
FL-2001-000314-GHA,FL_2001_000314_GHA,2.966094e-10,0.0001843782842078,162.0,2.9838550419161673e-10
FL-2009-000239-BRA,FL_2009_000239_BRA,2.8659952e-10,0.0001302150090658,225.0,2.878456048695652e-10
FL-2013-000030-COL,FL_2013_000030_COL,2.6746425e-10,0.000183127632308,164.0,2.6904687869822485e-10
FL-2022-000382-ZAF,FL_2022_000382_ZAF,2.6527783e-10,1.4780971038665492e-05,773.0,2.656188040745501e-10
FL-2004-000094-CHN,FL_2004_000094_CHN,2.5491478e-10,7.624041780543821e-06,893.0,2.5519864946547883e-10
FL-2000-000770-IDN,FL_2000_000770_IDN,2.4549018e-10,0.0002429214297622,115.0,2.4753593150000004e-10
FF-2021-000198-COG,FF_2021_000198_COG,2.4244226e-10,1.7652063605997886e-05,725.0,2.427743726849315e-10
FL-2013-000145-COL,FL_2013_000145_COL,2.3469282e-10,7.1321992917897e-05,359.0,2.353375804945055e-10
FL-2016-000102-SEN,FL_2016_000102_SEN,2.1902545e-10,0.0005734048229198,34.0,2.2464148717948715e-10
FL-2015-000017-PAK,FL_2015_000017_PAK,2.2039388e-10,4.86729093193219e-05,459.0,2.2086886681034484e-10
FL-2002-000110-BOL,FL_2002_000110_BOL,2.1930356e-10,1.423760926248312e-05,779.0,2.1958328392857142e-10
FL-2017-000110-MLI,FL_2017_000110_MLI,2.1889655e-10,2.034656873727459e-05,694.0,2.1920970672389125e-10
FL-2019-000171-LKA,FL_2019_000171_LKA,2.1473208e-10,2.7708960830395376e-05,616.0,2.150778643478261e-10
FL-2008-000170-DOM,FL_2008_000170_DOM,2.144819e-10,3.982649866506622e-05,510.0,2.148983697087379e-10
FL-2020-000198-SEN,FL_2020_000198_SEN,2.0065499e-10,3.3063380652601106e-06,1021.0,2.00850560165692e-10
FL-2011-000020-BOL,FL_2011_000020_BOL,1.9626493e-10,8.118204424257846e-05,327.0,1.9685608942771084e-10
FL-2012-000050-AFG,FL_2012_000050_AFG,1.9082633e-10,0.0003701358136201,60.0,1.9376211969230768e-10
FL-2013-000095-PHL,FL_2013_000095_PHL,1.816091e-10,0.0006346811527948,29.0,1.8695054411764704e-10
FL-2005-000176-BGD,FL_2005_000176_BGD,1.8561057e-10,2.2020734534718402e-07,1180.0,1.857672033924051e-10
FL-2016-000085-MLI,FL_2016_000085_MLI,1.8131001e-10,0.0001555746487094,187.0,1.8225433296875e-10
FL-2018-000425-LKA,FL_2018_000425_LKA,1.774841e-10,1.5955373121113637e-06,1096.0,1.776453026339691e-10
FF-2013-000113-ROM,FF_2013_000113_ROM,1.7332615e-10,6.662889848493263e-07,1146.0,1.734767374456994e-10
FL-2015-000176-BDI,FL_2015_000176_BDI,1.70763e-10,4.871582165795478e-06,962.0,1.7093959048603927e-10
FL-2000-000617-BGD,FL_2000_000617_BGD,1.5733724e-10,2.2085770773629281e-07,1179.0,1.5747012618243242e-10
FL-2020-000213-LAO,FL_2020_000213_LAO,1.528451e-10,5.258208126600355e-05,436.0,1.5319168752834467e-10
FL-2016-000122-SRB,FL_2016_000122_SRB,1.4397467e-10,9.400204888521518e-06,859.0,1.4414130734953702e-10
FL-2005-000081-CHN,FL_2005_000081_CHN,1.3982195e-10,2.2251033397479504e-06,1063.0,1.3995286942883893e-10
FL-2021-000152-GEO,FL_2021_000152_GEO,1.3469974e-10,5.712610877581629e-06,941.0,1.3484212873150103e-10
FL-2007-000012-BOL,FL_2007_000012_BOL,1.2444606e-10,4.354351576944067e-06,986.0,1.2457163624621592e-10
FF-2009-000229-SOM,FF_2009_000229_SOM,1.2125637e-10,0.0003775366882276,58.0,1.2318107428571428e-10
FL-2019-000058-TJK,FL_2019_000058_TJK,1.2265217e-10,9.57664338008558e-05,284.0,1.2307657197231836e-10
FL-1998-000224-SVK,FL_1998_000224_SVK,1.2051027e-10,3.136508418178483e-06,1026.0,1.2062715677982542e-10
FL-2020-000175-GEO,FL_2020_000175_GEO,1.1672002e-10,5.0678097226936895e-05,448.0,1.169776800883002e-10
FL-1999-000324-HND,FL_1999_000324_HND,1.1491257e-10,1.1301711208368073e-05,832.0,1.1504986100358424e-10
FL-2021-000043-YEM,FL_2021_000043_YEM,1.05569595e-10,8.431729429011456e-06,878.0,1.0568915286523215e-10
FL-2007-000221-KEN,FL_2007_000221_KEN,1.02554555e-10,0.0001220268811197,234.0,1.0298365355648534e-10
FL-2004-000028-DOM,FL_2004_000028_DOM,9.9019445e-11,1.2261472108209509e-05,818.0,9.913976024301337e-11
FL-2019-000011-IDN,FL_2019_000011_IDN,9.562516e-11,7.366505987737131e-05,353.0,9.589226938547485e-11
FL-2012-000051-TJK,FL_2012_000051_TJK,9.44137e-11,1.765256283972985e-05,724.0,9.454321124828532e-11
FF-2009-000159-PAK,FF_2009_000159_PAK,9.1952786e-11,0.0004503962237023,47.0,9.37211088076923e-11
FL-2011-000067-PHL,FL_2011_000067_PHL,9.3238424e-11,4.177256225198139e-05,493.0,9.342564975100402e-11
FL-1998-000193-ROM,FL_1998_000193_ROM,8.78246e-11,7.44044279484514e-07,1139.0,8.790136975524476e-11
FL-2000-000130-BOL,FL_2000_000130_BOL,8.621327e-11,4.684694156133323e-06,969.0,8.630178465092403e-11
FL-2010-000245-MAR,FL_2010_000245_MAR,8.540145e-11,1.3595947608470858e-06,1105.0,8.547838824324324e-11
LS-2016-000051-IDN,LS_2016_000051_IDN,7.99754e-11,0.0001626216976813,180.0,8.040769945945945e-11
FL-2007-000222-MYS,FL_2007_000222_MYS,7.9533075e-11,3.832934784257981e-05,525.0,7.968313740566038e-11
FL-2001-000407-IDN,FL_2001_000407_IDN,7.79726e-11,0.0003012456403055,89.0,7.880209574468087e-11
FL-2020-000132-UGA,FL_2020_000132_UGA,7.823711e-11,1.1616964055016478e-05,824.0,7.833148528347407e-11
FL-2007-000127-MRT,FL_2007_000127_MRT,7.610283e-11,0.0002371944878453,120.0,7.671165264e-11
FL-2008-000032-KAZ,FL_2008_000032_KAZ,6.9871345e-11,1.0853441104371766e-05,837.0,6.995432759501186e-11
FL-2021-000051-SOM,FL_2021_000051_SOM,6.716165e-11,0.0004630940307048,45.0,6.8504883e-11
FL-2006-000058-TJK,FL_2006_000058_TJK,6.649995e-11,9.356982306726584e-06,862.0,6.657665121107266e-11
FL-1999-000240-SRB,FL_1999_000240_SRB,6.518545e-11,6.804147817099166e-06,919.0,6.525599702380951e-11
FL-2007-000217-SRB,FL_2007_000217_SRB,6.398058e-11,1.699948445463277e-07,1187.0,6.403425498322146e-11
FL-2011-000002-BRA,FL_2011_000002_BRA,6.131745e-11,5.646125477704162e-05,416.0,6.14630971496437e-11
FL-2022-000316-NER,FL_2022_000316_NER,6.07368e-11,0.0002227857486281,128.0,6.119346766917294e-11
FL-2015-000079-CRI,FL_2015_000079_CRI,6.014182e-11,4.191602136689831e-05,491.0,6.026307366935484e-11
FL-2018-000164-HND,FL_2018_000164_HND,5.9599055e-11,1.9816923150031168e-05,699.0,5.968371274857955e-11
FL-2007-000054-AFG,FL_2007_000054_AFG,5.672145e-11,2.4527124768614583e-05,647.0,5.680844608895706e-11
FL-2000-000444-IND,FL_2000_000444_IND,5.4334322e-11,3.659626389249835e-06,1004.0,5.438817167492567e-11
FL-1999-000437-KHM,FL_1999_000437_KHM,5.3963296e-11,2.0599179623568e-06,1068.0,5.4013587981360673e-11
FL-2012-000056-PRY,FL_2012_000056_PRY,5.0519075e-11,6.7262063633648895e-06,921.0,5.0573631236501085e-11
FL-1999-000548-YEM,FL_1999_000548_YEM,5.0154374e-11,0.0001136813364843,250.0,5.035105781960784e-11
FL-2011-000133-MEX,FL_2011_000133_MEX,4.916122e-11,0.0001169496445875,241.0,4.9361062357723585e-11
FL-2012-000054-HTI,FL_2012_000054_HTI,4.7899552e-11,0.0002036775660343,144.0,4.822102550335571e-11
FL-2008-000074-BFA,FL_2008_000074_BFA,4.589905e-11,2.7093843243351586e-05,622.0,4.597225422647528e-11
FL-2006-000192-IDN,FL_2006_000192_IDN,4.569088e-11,0.0001678504960359,175.0,4.5944718222222215e-11
FL-2004-000022-AFG,FL_2004_000022_AFG,4.4530584e-11,2.318013251700225e-05,662.0,4.459734649475263e-11
FL-2005-000108-PAK,FL_2005_000108_PAK,4.2611054e-11,8.595868148283934e-05,314.0,4.274463097178683e-11
FL-2011-000181-VEN,FL_2011_000181_VEN,4.0704867e-11,8.291159526090985e-06,885.0,4.075060280561797e-11
FL-2002-000478-PRK,FL_2002_000478_PRK,4.0183856e-11,0.0002636844326091,104.0,4.055251522935779e-11
FL-2012-000175-GMB,FL_2012_000175_GMB,4.0274985e-11,7.46956641197751e-05,346.0,4.038972854700855e-11
FL-2006-000050-ARG,FL_2006_000050_ARG,3.8640906e-11,1.447996695287628e-05,776.0,3.8690382192061456e-11
FL-2019-000079-BGD,FL_2019_000079_BGD,3.7943832e-11,1.3570424699178018e-06,1106.0,3.797798486408641e-11
FL-2019-000067-UGA,FL_2019_000067_UGA,3.7234098e-11,0.0002095179196521,140.0,3.749088488275862e-11
FL-2004-000055-TJK,FL_2004_000055_TJK,3.3982275e-11,9.271152612593644e-05,290.0,3.409746915254237e-11
FL-2015-000088-IRN,FL_2015_000088_IRN,3.271758e-11,4.488193577376245e-06,980.0,3.275079581725888e-11
FF-2009-000246-LKA,FF_2009_000246_LKA,3.2193342e-11,1.9798922436421933e-05,700.0,3.223900631489361e-11
FL-2006-000065-TZA,FL_2006_000065_TZA,3.176314e-11,1.4001693982489276e-05,784.0,3.180339746514575e-11
FL-2009-000217-IND,FL_2009_000217_IND,3.154973e-11,5.015092777132668e-05,450.0,3.161907006593407e-11
FL-2018-000105-BGD,FL_2018_000105_BGD,3.1136024e-11,3.962907441782671e-06,993.0,3.116722242084169e-11
FL-2010-000014-SLB,FL_2010_000014_SLB,2.9665468e-11,1.6720168439908264e-05,745.0,2.9705021957333335e-11
FL-2003-000481-HND,FL_2003_000481_HND,2.7464442e-11,0.0002845591508642,97.0,2.7733701235294118e-11
FL-2013-000023-ZMB,FL_2013_000023_ZMB,2.4616763e-11,0.0001739667523329,171.0,2.475663097159091e-11
FL-2007-000086-PAN,FL_2007_000086_PAN,2.4625009e-11,2.6737374791326102e-05,626.0,2.4664034370839936e-11
FL-2019-000062-SSD,FL_2019_000062_SSD,2.2579964e-11,6.37927235679694e-05,390.0,2.2637128465822786e-11
FL-2009-000242-IRQ,FL_2009_000242_IRQ,2.2285257e-11,2.5886210759657477e-05,633.0,2.2320186869905956e-11
FL-2012-000183-COL,FL_2012_000183_COL,2.1584004e-11,0.0001665341727332,177.0,2.1702597428571426e-11
FL-2021-000129-VEN,FL_2021_000129_VEN,2.1262755e-11,8.37469064548578e-06,881.0,2.1286753594808128e-11
FL-2014-000008-BOL,FL_2014_000008_BOL,2.1235316e-11,1.7433686783298543e-05,733.0,2.126409014092141e-11
FL-2019-000030-IRQ,FL_2019_000030_IRQ,1.9740131e-11,2.0691561267372103e-05,691.0,1.9768493257183906e-11
FL-2008-000089-IND,FL_2008_000089_IND,1.8567238e-11,1.829327440888276e-05,717.0,1.8592954396121883e-11
FL-2008-000010-BRA,FL_2008_000010_BRA,1.8445225e-11,0.0001163951602183,243.0,1.8519600907258067e-11
FL-2003-000028-BRA,FL_2003_000028_BRA,1.833731e-11,5.120305228994472e-05,447.0,1.8377879269911505e-11
FL-2013-000157-BRA,FL_2013_000157_BRA,1.794985e-11,0.0002413112965712,116.0,1.8098195867768594e-11
FL-2009-000100-DOM,FL_2009_000100_DOM,1.7909386e-11,8.043240453534758e-05,329.0,1.7963006916167664e-11
FL-2011-000059-CHN,FL_2011_000059_CHN,1.7400482e-11,4.258066722882546e-06,988.0,1.7418005144008056e-11
FL-1998-000112-TZA,FL_1998_000112_TZA,1.6630374e-11,0.0001508863370136,195.0,1.671352587e-11
FL-2003-000621-BOL,FL_2003_000621_BOL,1.6582027e-11,4.076741072330753e-05,500.0,1.66148626970297e-11
FL-2016-000026-PNG,FL_2016_000026_PNG,1.6587396e-11,2.3851008401561194e-05,657.0,1.6612452489425984e-11
FL-2018-000060-LKA,FL_2018_000060_LKA,1.6491213e-11,8.803825143387693e-06,869.0,1.6510081664759726e-11
FF-2007-000049-TJK,FF_2007_000049_TJK,1.5801865e-11,0.0003635208252052,63.0,1.603424536764706e-11
FL-2018-000014-ARG,FL_2018_000014_ARG,1.5768463e-11,2.0390856206752814e-06,1071.0,1.578311770539033e-11
FL-2010-000240-VEN,FL_2010_000240_VEN,1.5157344e-11,2.2258831408180748e-05,672.0,1.5179732986706058e-11
FF-2011-000049-IRQ,FF_2011_000049_IRQ,1.5004421e-11,0.0002295672056617,123.0,1.51216430390625e-11
FL-1998-000272-PRK,FL_1998_000272_PRK,1.4943803e-11,0.0001788923354371,165.0,1.5031707723529413e-11
FL-2022-000379-MYS,FL_2022_000379_MYS,1.4983884e-11,3.0761449555907514e-05,590.0,1.5009066998319327e-11
FL-2007-000209-PNG,FL_2007_000209_PNG,1.471823e-11,2.9233279046134984e-06,1034.0,1.473239576515881e-11
FL-2018-000419-PRY,FL_2018_000419_PRY,1.4526895e-11,6.354331012790374e-06,927.0,1.4542481797210301e-11
FF-2017-000122-CMR,FF_2017_000122_CMR,1.44356836e-11,0.0001162670008765,244.0,1.4493658232931728e-11
FL-2020-000054-BDI,FL_2020_000054_BDI,1.4320763e-11,3.975641030413088e-05,511.0,1.4348516416666666e-11
FL-2014-000089-IND,FL_2014_000089_IND,1.420052e-11,5.595431539149072e-05,417.0,1.4234170521327014e-11
FL-2001-000453-IRN,FL_2001_000453_IRN,1.3844812e-11,3.853835569537874e-05,522.0,1.3871082990512335e-11
FL-2007-000131-SEN,FL_2007_000131_SEN,1.3289817e-11,2.3503133583077348e-05,659.0,1.3309831784638554e-11
FL-2005-000103-SLV,FL_2005_000103_SLV,1.2005009e-11,3.769534497422519e-06,1001.0,1.2016942408548708e-11
FL-2012-000173-SOM,FL_2012_000173_SOM,1.1968925e-11,1.5167711203832731e-05,768.0,1.198440873221216e-11
FF-2006-000069-IDN,FF_2006_000069_IDN,1.086564e-11,0.0003365340726337,76.0,1.0999783703703705e-11
FL-2007-000052-LKA,FL_2007_000052_LKA,1.0272326e-11,1.6685046679902206e-05,747.0,1.0285986007978724e-11
FL-2010-000015-PSE,FL_2010_000015_PSE,8.970035e-12,0.0001094320785822,258.0,9.004141596958174e-12
FL-2000-000735-VEN,FL_2000_000735_VEN,8.570147e-12,3.3942857802100607e-06,1015.0,8.578549104901961e-12
FL-2003-000624-HTI,FL_2003_000624_HTI,8.318273e-12,0.0003481825581891,70.0,8.429183306666668e-12
FL-2009-000234-PHL,FL_2009_000234_PHL,7.9685624e-12,0.0001148717909276,247.0,8.000183679365079e-12
FL-2011-000124-ETH,FL_2011_000124_ETH,7.67654e-12,0.0007515519685058,27.0,7.916431875000001e-12
FL-2006-000115-HTI,FL_2006_000115_HTI,7.746208e-12,0.0001748829825452,169.0,7.79072643678161e-12
FL-2003-000012-BOL,FL_2003_000012_BOL,7.1304594e-12,1.1493734523833163e-05,827.0,7.139029663701923e-12
FL-2022-000374-TTO,FL_2022_000374_TTO,6.9563496e-12,1.3606212393341484e-06,1104.0,6.9626222326420205e-12
FL-2016-000021-PAK,FL_2016_000021_PAK,6.524659e-12,2.276982372653967e-05,667.0,6.534368313988096e-12
FL-2006-000029-NAM,FL_2006_000029_NAM,6.0626907e-12,2.069726544402695e-05,690.0,6.071413995971223e-12
FL-2001-000335-KOR,FL_2001_000335_KOR,5.8947174e-12,2.430320628769381e-07,1174.0,5.899717160305344e-12
FL-2011-000164-CAF,FL_2011_000164_CAF,5.6741517e-12,3.212263609086793e-06,1022.0,5.67967667731256e-12
FL-2009-000010-FJI,FL_2009_000010_FJI,5.392418e-12,3.954333998289998e-06,994.0,5.397815815815817e-12
FL-2009-000133-ZAF,FL_2009_000133_ZAF,5.347337e-12,3.0673043845149505e-05,592.0,5.356294013400336e-12
FL-2020-000242-COL,FL_2020_000242_COL,5.3162167e-12,0.0002191394679171,130.0,5.355596082962963e-12
FF-2009-000160-LKA,FF_2009_000160_LKA,5.2548894e-12,5.57048083176685e-05,419.0,5.2672830070754706e-12
FL-2009-000178-GIN,FL_2009_000178_GIN,5.108099e-12,1.613086968276963e-06,1094.0,5.112746951774341e-12
FL-2001-000524-MLI,FL_2001_000524_MLI,5.072378e-12,0.0002105169650849,138.0,5.1078491748251755e-12
FL-2013-000045-AFG,FL_2013_000045_AFG,5.077884e-12,9.656192875929812e-05,283.0,5.0955155416666674e-12
FL-1997-000026-MOZ,FL_1997_000026_MOZ,4.8143794e-12,0.0002623443089932,105.0,4.858146485454545e-12
FL-2019-000022-IRN,FL_2019_000022_IRN,4.791417e-12,4.155993762130444e-05,495.0,4.800999834e-12
FL-2011-000021-MYS,FL_2011_000021_MYS,4.5959833e-12,2.563426902688905e-05,636.0,4.60315332074883e-12
FL-2006-000025-PNG,FL_2006_000025_PNG,4.2971655e-12,2.567163322339772e-05,635.0,4.30387982109375e-12
FL-2011-000063-HTI,FL_2011_000063_HTI,3.4469467e-12,0.0001017725982715,270.0,3.459481051636364e-12
LS-2022-000283-LKA,LS_2022_000283_LKA,3.3829664e-12,5.920863451637457e-05,405.0,3.3912175375609754e-12
FL-2013-000076-PRY,FL_2013_000076_PRY,3.3654377e-12,1.982266638131048e-05,698.0,3.370224951351351e-12
FL-2015-000085-VEN,FL_2015_000085_VEN,3.2521416e-12,7.94523958133562e-06,887.0,3.2557874986547086e-12
FL-2006-000172-COG,FL_2006_000172_COG,3.2307247e-12,2.327922103212929e-05,661.0,3.235575637987988e-12
FL-2004-000036-MKD,FL_2004_000036_MKD,3.2071908e-12,5.035643802204937e-08,1207.0,3.2098369970297025e-12
FL-2006-000189-MYS,FL_2006_000189_MYS,3.1922067e-12,3.0167611983208383e-05,598.0,3.1975005751243784e-12
FL-2020-000200-BFA,FL_2020_000200_BFA,3.054461e-12,1.686853331554832e-05,742.0,3.058549970548862e-12
FL-2012-000153-IDN,FL_2012_000153_IDN,2.773068e-12,6.117040618652749e-06,930.0,2.776033848128342e-12
FL-2005-000117-GTM,FL_2005_000117_GTM,2.7599587e-12,0.0001374029305322,214.0,2.7725612511415524e-12
FL-2012-000030-KAZ,FL_2012_000030_KAZ,2.7696445e-12,8.078130673886653e-07,1138.0,2.7720676360454943e-12
FF-2022-000209-AFG,FF_2022_000209_AFG,2.7156508e-12,0.0001849648934257,161.0,2.732010142168675e-12
FL-2006-000056-AFG,FL_2006_000056_AFG,2.5030121e-12,3.737283671032417e-05,534.0,2.5076559072356213e-12
FL-2010-000036-CYP,FL_2010_000036_CYP,2.464293e-12,1.5802157916027596e-06,1098.0,2.4665271731640976e-12
FF-2012-000107-SLB,FF_2012_000107_SLB,2.388684e-12,0.0001060907965827,263.0,2.3975970000000005e-12
FL-2009-000147-NIC,FL_2009_000147_NIC,2.3697615e-12,9.585959470356942e-06,857.0,2.3725106432714616e-12
FL-2011-000198-PER,FL_2011_000198_PER,2.3558338e-12,2.5305135324844205e-05,639.0,2.3594919270186333e-12
FL-2002-000755-CRI,FL_2002_000755_CRI,2.1633114e-12,1.419728104521242e-05,780.0,2.166067210700637e-12
FL-2003-000585-MKD,FL_2003_000585_MKD,2.0334283e-12,1.9484889850720743e-05,705.0,2.036292283521127e-12
FF-2012-000079-GEO,FF_2012_000079_GEO,1.8316709e-12,2.729588847403852e-06,1045.0,1.833415348476191e-12
FL-2009-000011-PHL,FL_2009_000011_PHL,1.7701536e-12,0.0002960547268389,94.0,1.7880339393939395e-12
FL-2015-000071-GEO,FL_2015_000071_GEO,1.61277e-12,1.664944435726386e-06,1089.0,1.6142441956124317e-12
FL-2014-000053-TZA,FL_2014_000053_TZA,1.565298e-12,0.0001382001650655,213.0,1.5724782660550462e-12
FL-2007-000145-ETH,FL_2007_000145_ETH,1.5628463e-12,3.205768416108384e-06,1023.0,1.5643665785019456e-12
FL-2013-000068-CZE,FL_2013_000068_CZE,1.500936e-12,3.122828548065463e-07,1168.0,1.5022155703324808e-12
FL-2020-000029-TZA,FL_2020_000029_TZA,1.4133594e-12,2.618148824457868e-05,632.0,1.4155781745682887e-12
FL-1997-000207-SYC,FL_1997_000207_SYC,1.4048475e-12,1.5778523080480613e-05,756.0,1.4066935545335085e-12
FF-2007-000113-GMB,FF_2007_000113_GMB,1.3912082e-12,4.0597911500155794e-06,991.0,1.3926049953815261e-12
FL-2002-000325-JAM,FL_2002_000325_JAM,1.2543492e-12,2.982491897033244e-06,1030.0,1.2555611315942029e-12
FL-1999-000391-MEX,FL_1999_000391_MEX,1.2118333e-12,2.383578208467869e-05,658.0,1.2136611028657617e-12
FL-2010-000037-HTI,FL_2010_000037_HTI,1.1799455e-12,2.8720286621364124e-05,607.0,1.181873515522876e-12
FL-2007-000206-COG,FL_2007_000206_COG,1.1788204e-12,2.828650222195143e-05,610.0,1.1807371811382115e-12
FL-2022-000002-IRN,FL_2022_000002_IRN,1.1638288e-12,6.859960173030838e-08,1203.0,1.1647922344370861e-12
FL-1998-000213-KGZ,FL_1998_000213_KGZ,1.1154394e-12,1.142062476904787e-06,1120.0,1.116430901688889e-12
FL-2019-000136-SLV,FL_2019_000136_SLV,1.0780311e-12,1.4612965633289974e-06,1099.0,1.079007577445652e-12
FL-2004-000023-CRI,FL_2004_000023_CRI,1.021329e-12,6.923859221389895e-06,916.0,1.0224379348534203e-12
FL-2002-000808-MWI,FL_2002_000808_MWI,1.0069682e-12,0.000348938484533,68.0,1.020762284931507e-12
FL-2009-000080-AFG,FL_2009_000080_AFG,1.0015995e-12,0.0001485982054892,198.0,1.0065334876847292e-12
FL-2003-000229-LKA,FL_2003_000229_LKA,9.87206e-13,5.7271130622405615e-06,940.0,9.882506624338622e-13
FL-2016-000009-IDN,FL_2016_000009_IDN,9.769778e-13,9.851450088677888e-05,279.0,9.804178626760565e-13
FL-2015-000064-IND,FL_2015_000064_IND,9.308013e-13,0.0003789992256377,57.0,9.458142241935484e-13
FL-2019-000163-UGA,FL_2019_000163_UGA,9.286537e-13,1.505658564821741e-05,769.0,9.29853510981912e-13
FL-2019-000087-PAK,FL_2019_000087_PAK,9.0197283e-13,0.0001123854306283,252.0,9.054824519066148e-13
FL-2006-000045-HUN,FL_2006_000045_HUN,8.3680794e-13,3.6364132740486343e-08,1208.0,8.374978063973618e-13
FL-2016-000114-EGY,FL_2016_000114_EGY,7.9235143e-13,0.0003922323563244,52.0,8.062523322807018e-13
FL-1997-000522-MDA,FL_1997_000522_MDA,7.961298e-13,2.9094275332825425e-06,1035.0,7.968953094230769e-13
FL-1999-000160-PER,FL_1999_000160_PER,7.8152784e-13,0.0003670203397757,61.0,7.933691709090908e-13
FF-2007-000082-PAK,FF_2007_000082_PAK,7.303843e-13,0.0002859059196416,96.0,7.376158277227723e-13
FF-2008-000082-PHL,FF_2008_000082_PHL,6.3432354e-13,7.088850038823964e-05,362.0,6.360519420163487e-13
FL-1992-000008-PAK,FL_1992_000008_PAK,5.8766994e-13,0.00014138665565,205.0,5.904683682857144e-13
FL-2007-000051-TUN,FL_2007_000051_TUN,5.5672903e-13,0.0001329434716917,221.0,5.591924327876106e-13
FL-2010-000151-COD,FL_2010_000151_COD,5.46258e-13,8.874063872119693e-05,301.0,5.480431568627451e-13
FL-2018-000065-TJK,FL_2018_000065_TJK,4.746457e-13,1.569319501911204e-05,758.0,4.752677782437746e-13
FL-2016-000130-VCT,FL_2016_000130_VCT,4.641462e-13,0.0003336106067448,78.0,4.697383228915662e-13
FL-2009-000117-GTM,FL_2009_000117_GTM,4.6344574e-13,0.0001673446730769,176.0,4.660062137016575e-13
FL-2012-000157-CMR,FL_2012_000157_CMR,4.203611e-13,4.541243916857215e-06,975.0,4.2079003989795917e-13
FL-2002-000367-SRB,FL_2002_000367_SRB,3.9551085e-13,3.9718765589451984e-05,512.0,3.962758613152804e-13
FF-2005-000067-IDN,FF_2005_000067_IDN,3.5510754e-13,0.0005293111672732,40.0,3.6299881866666665e-13
FL-2002-000475-TJK,FL_2002_000475_TJK,3.6145655e-13,8.53653229870915e-06,876.0,3.618668298524404e-13
FF-2011-000066-TJK,FF_2011_000066_TJK,3.4453937e-13,0.0001207372229933,236.0,3.4596899394190874e-13
FL-2005-000094-AFG,FL_2005_000094_AFG,3.436158e-13,3.792872405256029e-05,531.0,3.442568742537314e-13
FL-2009-000265-MAR,FL_2009_000265_MAR,3.3783553e-13,2.831707631089562e-06,1040.0,3.381588175885167e-13
FL-2020-000206-COD,FL_2020_000206_COD,3.2018472e-13,0.0003042055531135,87.0,3.236649886956522e-13
FL-2019-000145-TZA,FL_2019_000145_TZA,3.0170647e-13,4.558114255338308e-05,476.0,3.023337183783783e-13
FL-2000-000038-PHL,FL_2000_000038_PHL,2.9241892e-13,7.73348941997839e-05,337.0,2.932739460818714e-13
FL-2008-000095-SUR,FL_2008_000095_SUR,2.9085016e-13,3.9865299955609e-05,509.0,2.9141601634241243e-13
FL-2001-000390-POL,FL_2001_000390_POL,2.731806e-13,2.4722279368605503e-09,1218.0,2.73403969255928e-13
FF-2008-000233-PHL,FF_2008_000233_PHL,2.6644607e-13,0.0004993569860014,44.0,2.718837448979592e-13
FL-2000-000083-ZWE,FL_2000_000083_ZWE,2.6854436e-13,7.1376931238661336e-06,906.0,2.6883913975850716e-13
FL-2004-000031-CHN,FL_2004_000031_CHN,2.6791752e-13,2.612646985624016e-06,1047.0,2.6817219444866915e-13
FL-2005-000020-COL,FL_2005_000020_COL,2.607634e-13,8.47805530632962e-05,318.0,2.6157071702786376e-13
FL-1999-000363-NIC,FL_1999_000363_NIC,2.4456018e-13,0.0001386872483777,210.0,2.4569766920930236e-13
FL-2001-000025-MWI,FL_2001_000025_MWI,2.4306016e-13,0.0001394650040113,209.0,2.441959551401869e-13
FL-2001-000180-IRN,FL_2001_000180_IRN,2.3811373e-13,9.732616473400917e-06,856.0,2.3839028485481996e-13
FL-2010-000092-LKA,FL_2010_000092_LKA,2.2307508e-13,4.4855615764393e-06,982.0,2.2330109325227963e-13
FL-2015-000018-PNG,FL_2015_000018_PNG,2.160796e-13,2.1532315985026955e-05,680.0,2.1639504467153283e-13
FF-2016-000034-YEM,FF_2016_000034_YEM,2.1533734e-13,0.0001040071830978,267.0,2.1612902139705881e-13
FL-2009-000132-GHA,FL_2009_000132_GHA,2.0624283e-13,0.0001949041967513,147.0,2.075996907236842e-13
FF-2018-000030-KEN,FF_2018_000030_KEN,2.0389671e-13,2.665266342506285e-05,627.0,2.0421933137658227e-13
FL-2003-000020-MOZ,FL_2003_000020_MOZ,1.9959579e-13,5.4148857952103815e-05,427.0,2.0005781729166668e-13
FL-2021-000209-MYS,FL_2021_000209_MYS,1.7852358e-13,2.218868413735905e-05,673.0,1.7878688911504423e-13
FL-2015-000056-COL,FL_2015_000056_COL,1.6728113e-13,5.7821052329502935e-05,413.0,1.676813240909091e-13
FL-2002-000479-CZE,FL_2002_000479_CZE,1.3885768e-13,1.5271913176016862e-08,1215.0,1.389714977704918e-13
FL-2005-000063-SRB,FL_2005_000063_SRB,1.2957994e-13,1.2356158729589195e-05,814.0,1.2973815726495726e-13
FL-2008-000232-CRI,FL_2008_000232_CRI,1.2709678e-13,8.444365121986677e-05,321.0,1.2748664742331288e-13
FL-2006-000092-KOR,FL_2006_000092_KOR,1.25219e-13,1.778953276980593e-05,722.0,1.2539124071526822e-13
FL-1997-000097-AFG,FL_1997_000097_AFG,1.2463273e-13,1.2309250828646295e-05,816.0,1.247845360048721e-13
FL-2015-000105-GIN,FL_2015_000105_GIN,1.146176e-13,1.963803946744948e-05,702.0,1.1477971824611032e-13
FF-2022-000278-MNG,FF_2022_000278_MNG,1.0766686e-13,7.109242652079702e-05,361.0,1.0796103174863386e-13
FL-2022-000261-GEO,FL_2022_000261_GEO,1.03689694e-13,0.0001066883832592,261.0,1.0407950487969925e-13
FL-2002-000263-CRI,FL_2002_000263_CRI,1.0209604e-13,3.8866714575632095e-05,517.0,1.022916262835249e-13
FL-2008-000117-ROM,FL_2008_000117_ROM,9.3720516e-14,2.6810545728232046e-06,1046.0,9.380968870789724e-14
ST-1998-000296-PHL,ST_1998_000296_PHL,9.0664564e-14,0.0001861436094538,158.0,9.12207883190184e-14
FL-2013-000017-PNG,FL_2013_000017_PNG,6.90739e-14,0.0005026544874217,43.0,7.051293958333332e-14
FF-2013-000090-PAK,FF_2013_000090_PAK,6.574256e-14,2.7206902525131053e-05,620.0,6.5847748096e-14
FL-2008-000126-TCD,FL_2008_000126_TCD,5.7246566e-14,3.820381393414443e-06,999.0,5.730358449203186e-14
FL-2009-000045-BOL,FL_2009_000045_BOL,5.5101994e-14,4.682044514029801e-06,970.0,5.5158508865641026e-14
FL-2007-000147-NER,FL_2007_000147_NER,4.714226e-14,3.093167533538555e-05,587.0,4.722189219594595e-14
FL-2006-000030-SRB,FL_2006_000030_SRB,4.6253688e-14,4.48572995764309e-05,480.0,4.634905642886598e-14
FL-2018-000015-BOL,FL_2018_000015_BOL,4.4194923e-14,3.87886405408368e-05,519.0,4.4279264456106875e-14
FL-2009-000075-BDI,FL_2009_000075_BDI,4.0942625e-14,2.0591457148335832e-05,692.0,4.1001366212338595e-14
FL-2006-000171-HTI,FL_2006_000171_HTI,4.060913e-14,0.0001190700493936,238.0,4.077624576131688e-14
FL-2021-000135-GIN,FL_2021_000135_GIN,3.8848546e-14,1.3687730051081789e-05,790.0,3.8897412095597486e-14
FL-2004-000120-CRI,FL_2004_000120_CRI,3.7211696e-14,9.184956741058876e-05,295.0,3.7335734986666666e-14
FL-2009-000206-HTI,FL_2009_000206_HTI,3.578641e-14,0.0002264386038764,125.0,3.6061690076923075e-14
FL-2018-000004-COD,FL_2018_000004_COD,3.309494e-14,0.0001101541329363,256.0,3.322174053639847e-14
FL-2007-000228-LKA,FL_2007_000228_LKA,3.306525e-14,3.5683832531464344e-05,545.0,3.3125368636363636e-14
FF-2013-000029-SRB,FF_2013_000029_SRB,3.1681235e-14,6.753527968721235e-05,371.0,3.176549360372341e-14
FL-1998-000111-TJK,FL_1998_000111_TJK,2.9014026e-14,7.741622916784191e-05,336.0,2.9099111120234607e-14
FL-2005-000138-PNG,FL_2005_000138_PNG,2.8918098e-14,2.4564935432209736e-06,1052.0,2.8945456654683065e-14
FL-2006-000112-ETH,FL_2006_000112_ETH,2.770766e-14,1.3327541940157806e-05,799.0,2.7742122263681595e-14
FL-2018-000092-MNG,FL_2018_000092_MNG,2.144014e-14,0.0010707866644971,14.0,2.2568568421052632e-14
FL-2011-000176-LKA,FL_2011_000176_LKA,2.2292953e-14,1.4394047214812324e-07,1192.0,2.231157702088555e-14
FL-2016-000060-IND,FL_2016_000060_IND,2.1585218e-14,2.7539990517103724e-05,617.0,2.1619920922829583e-14
FL-1999-000547-VEN,FL_1999_000547_VEN,1.8400058e-14,4.858261280128746e-05,461.0,1.8439543103004293e-14
FL-2011-000038-KAZ,FL_2011_000038_KAZ,1.8132514e-14,7.391769518148619e-07,1140.0,1.8148350256768558e-14
FL-2013-000054-CHN,FL_2013_000054_CHN,1.7403756e-14,4.709864174443389e-05,471.0,1.744031851260504e-14
FL-2010-000008-BOL,FL_2010_000008_BOL,1.6464908e-14,3.034449033239502e-05,596.0,1.6492303853577372e-14
FL-2011-000022-AFG,FL_2011_000022_AFG,1.5500681e-14,3.21104919104116e-05,575.0,1.5527406312068964e-14
FL-2021-000084-TCD,FL_2021_000084_TCD,1.4579919e-14,8.82398605419926e-06,868.0,1.4596619938144333e-14
FL-2018-000414-IRQ,FL_2018_000414_IRQ,1.4188294e-14,6.655756769012957e-05,378.0,1.4225339154046996e-14
FL-2017-000010-PHL,FL_2017_000010_PHL,1.1468423e-14,0.0001311055240068,222.0,1.151894468722467e-14
FL-1997-000142-CZE,FL_1997_000142_CZE,1.06616384e-14,1.2265801502229507e-06,1113.0,1.0671174749194991e-14
FL-2007-000154-MEX,FL_2007_000154_MEX,9.8518106e-15,2.947267820547401e-05,603.0,9.868014235855262e-15
FF-2019-000029-IDN,FF_2019_000029_IDN,9.3796905e-15,0.0003161718368913,84.0,9.485080280898877e-15
FL-2019-000034-BOL,FL_2019_000034_BOL,7.769384e-15,5.926768160624086e-05,404.0,7.788380048899756e-15
FL-2006-000145-GIN,FL_2006_000145_GIN,7.266518e-15,1.069713756657439e-05,839.0,7.275127618483413e-15
FL-2008-000246-GUY,FL_2008_000246_GUY,6.9620704e-15,3.666146874081836e-05,537.0,6.974915548339484e-15
FL-2003-000331-CHN,FL_2003_000331_CHN,6.7177065e-15,5.087332945961753e-07,1153.0,6.723507628238342e-15
FL-2004-000059-AFG,FL_2004_000059_AFG,6.3812777e-15,1.460477657132064e-05,775.0,6.38945882525641e-15
FL-2021-000050-AFG,FL_2021_000050_AFG,6.3762895e-15,4.323632440388491e-05,484.0,6.389328946830266e-15
FL-2002-000374-IND,FL_2002_000374_IND,5.301405e-15,6.908256507757686e-06,917.0,5.307154896963123e-15
FL-2014-000117-BGD,FL_2014_000117_BGD,3.6595355e-15,1.0573538992236588e-06,1125.0,3.662774026991151e-15
FL-2002-000373-GHA,FL_2002_000373_GHA,3.424228e-15,0.0004561475876921,46.0,3.491369725490196e-15
FL-2009-000187-CIV,FL_2009_000187_CIV,3.253357e-15,6.556409018534848e-06,925.0,3.256855233333333e-15
FF-2007-000008-LKA,FF_2007_000008_LKA,3.1708564e-15,4.120665459648346e-05,498.0,3.1771602894632205e-15
FL-2014-000163-COL,FL_2014_000163_COL,2.3904388e-15,1.2127031867180677e-06,1115.0,2.3925731203571433e-15
FL-2018-000112-GEO,FL_2018_000112_GEO,2.2560443e-15,4.9250732034245386e-05,457.0,2.260927512770563e-15
FL-2012-000083-HND,FL_2012_000083_HND,1.8868112e-15,3.9406054935284295e-06,995.0,1.8886980112e-15
FL-2011-000043-VCT,FL_2011_000043_VCT,1.7878678e-15,0.0002437041145253,114.0,1.802891899159664e-15
FF-2018-000158-TUN,FF_2018_000158_TUN,1.7533472e-15,0.0003292454014752,80.0,1.773974814117647e-15
FL-2012-000005-BOL,FL_2012_000005_BOL,1.6528791e-15,0.0001540753150974,189.0,1.6613990953608247e-15
FL-2010-000127-AFG,FL_2010_000127_AFG,1.5800348e-15,0.0002259773585074,127.0,1.5920047606060607e-15
FL-2014-000150-SOM,FL_2014_000150_SOM,1.5824662e-15,4.86660849379954e-05,460.0,1.5858693531182796e-15
FL-2006-000085-UKR,FL_2006_000085_UKR,1.5339579e-15,2.130353216026205e-05,682.0,1.536190735371179e-15
FL-2022-000378-BIH,FL_2022_000378_BIH,1.5338758e-15,6.863436508572085e-08,1202.0,1.5351466167357085e-15
FL-2009-000192-MEX,FL_2009_000192_MEX,1.4981751e-15,6.559302569478298e-05,384.0,1.502026449871465e-15
FL-2008-000079-LKA,FL_2008_000079_LKA,1.3785777e-15,5.012031736057358e-05,451.0,1.3816008967105264e-15
FL-2003-000578-COL,FL_2003_000578_COL,1.2646009e-15,7.482898921046083e-05,345.0,1.2682140454285714e-15
FL-2006-000031-PER,FL_2006_000031_PER,1.2149554e-15,0.0001733599491127,172.0,1.2218195548022599e-15
FL-2009-000177-GMB,FL_2009_000177_GMB,1.2097231e-15,1.2796171846693607e-05,806.0,1.2112147437731199e-15
FL-2008-000088-USA,FL_2008_000088_USA,9.787806e-16,3.651654894571956e-07,1163.0,9.796185970890411e-16
FL-2008-000035-PRY,FL_2008_000035_PRY,9.756618e-16,2.494950545868567e-05,644.0,9.771651309707243e-16
FL-2021-000096-PAN,FL_2021_000096_PAN,9.107342e-16,7.147429191059266e-05,358.0,9.132431096418732e-16
FL-2019-000156-DJI,FL_2019_000156_DJI,8.681958e-16,6.268303251585527e-05,392.0,8.703826911838791e-16
FL-2018-000029-RWA,FL_2018_000029_RWA,8.676283e-16,1.6606875283901786e-06,1091.0,8.68419931660584e-16
FL-2007-000210-PHL,FL_2007_000210_PHL,7.732824e-16,0.0002388086809996,118.0,7.795692487804877e-16
FL-2019-000031-SYR,FL_2019_000031_SYR,7.328833e-16,7.943050918367965e-05,333.0,7.350515937869822e-16
FF-2020-000156-UKR,FF_2020_000156_UKR,6.8724913e-16,5.722263248547504e-05,415.0,6.88885437452381e-16
FL-2017-000017-PAK,FL_2017_000017_PAK,5.929789e-16,2.426746875189541e-05,652.0,5.938814554033487e-16
FL-2021-000039-BDI,FL_2021_000039_BDI,5.604307700000001e-16,0.0002187071964366,131.0,5.645515844852942e-16
FL-2019-000048-TZA,FL_2019_000048_TZA,5.406162400000001e-16,1.862084651943053e-05,714.0,5.413681401947149e-16
FL-2008-000185-SOM,FL_2008_000185_SOM,5.042193400000001e-16,0.0001938676944217,149.0,5.074934915584416e-16
FL-2011-000170-COL,FL_2011_000170_COL,4.38965e-16,0.0002153829536884,136.0,4.420782269503546e-16
FL-2008-000076-COL,FL_2008_000076_COL,3.5586173e-16,0.000393537391396,51.0,3.6221640375e-16
FL-2007-000003-PHL,FL_2007_000003_PHL,3.4184135000000005e-16,0.0002462514680467,113.0,3.4473831059322036e-16
FL-2010-000125-IND,FL_2010_000125_IND,3.3302376000000005e-16,1.378880975713431e-05,788.0,3.334437143001262e-16
FF-2006-000049-IDN,FF_2006_000049_IDN,2.9537807000000003e-16,0.0003479067943137,71.0,2.992646235526316e-16
FL-2022-000207-VEN,FL_2022_000207_VEN,2.773224e-16,8.620693111821605e-05,311.0,2.7820000253164556e-16
FL-2019-000108-MRT,FL_2019_000108_MRT,2.3539032e-16,2.898927172799497e-05,605.0,2.357762057704918e-16
LS-2010-000040-UGA,LS_2010_000040_UGA,2.1313149000000003e-16,6.49883975323249e-05,388.0,2.1367380931297713e-16
FL-2012-000071-NPL,FL_2012_000071_NPL,1.9879036e-16,7.668439049556467e-06,892.0,1.990119769007804e-16
FL-2019-000160-COG,FL_2019_000160_COG,1.9569009000000001e-16,1.9664101206956607e-05,701.0,1.9596727143059492e-16
FF-2008-000063-PHL,FF_2008_000063_PHL,1.7027727000000003e-16,0.0013542807407608,13.0,1.7973711833333337e-16
FL-2011-000131-GIN,FL_2011_000131_GIN,1.777389e-16,1.3885670326169856e-05,786.0,1.77963601517067e-16
FL-2002-000321-HTI,FL_2002_000321_HTI,1.5384677000000001e-16,0.0001332050211842,220.0,1.5453053342222225e-16
FL-2015-000106-BFA,FL_2015_000106_BFA,1.4678957000000002e-16,1.1181762938461536e-05,833.0,1.4696473655131266e-16
FL-2018-000144-PRK,FL_2018_000144_PRK,1.152873e-16,0.000344426347702,74.0,1.167466329113924e-16
FL-1997-000144-CHN,FL_1997_000144_CHN,7.5817535e-17,3.489501899786202e-05,554.0,7.59531656529517e-17
FL-2008-000213-PER,FL_2008_000213_PER,6.713652e-17,5.231635257631336e-05,438.0,6.728806970654628e-17
FL-2003-000350-MNG,FL_2003_000350_MNG,6.508877e-17,0.0001509567859031,194.0,6.541584924623115e-17
FL-2005-000160-MMR,FL_2005_000160_MMR,5.691681e-17,5.846045638728706e-05,410.0,5.705395893975905e-17
FL-2005-000062-TZA,FL_2005_000062_TZA,3.199877e-17,2.7462602860057403e-05,619.0,3.205005008012821e-17
FL-1999-000053-PHL,FL_1999_000053_PHL,2.88439e-17,0.0007804578789227,24.0,2.983851724137931e-17
FL-2020-000199-MRT,FL_2020_000199_MRT,2.947942e-17,3.053133784803095e-05,594.0,2.952863439065108e-17
FL-2021-000057-LKA,FL_2021_000057_LKA,2.8522054e-17,1.1583954705014848e-05,826.0,2.8556376567990374e-17
FL-2015-000039-KAZ,FL_2015_000039_KAZ,2.6068513e-17,4.771578052851404e-05,467.0,2.6123742900423732e-17
FL-2016-000091-NER,FL_2016_000091_NER,2.2817575e-17,0.0002510172783346,110.0,2.301598869565217e-17
FL-2019-000101-NER,FL_2019_000101_NER,1.05203965e-17,2.6253309393032445e-05,629.0,1.053699018533123e-17
FL-2015-000093-GUY,FL_2015_000093_GUY,1.0509119e-17,8.358948981477012e-06,882.0,1.0520966935738445e-17
FF-2008-000199-LKA,FF_2008_000199_LKA,8.8557245e-18,1.272052534570582e-05,807.0,8.866630564655172e-18
FL-1998-000053-ZMB,FL_1998_000053_ZMB,5.459044199999999e-18,0.0003841415097998,56.0,5.548536727868852e-18
FL-2015-000040-SOM,FL_2015_000040_SOM,4.844511e-18,2.7496524890551412e-05,618.0,4.852287101123596e-18
FL-2005-000205-PHL,FL_2005_000205_PHL,2.8915042999999997e-18,0.0001704723068328,173.0,2.9077487061797748e-18
FL-2009-000102-HTI,FL_2009_000102_HTI,2.7175810999999998e-18,6.563880449539798e-05,382.0,2.7246032733850128e-18
FL-2001-000252-ECU,FL_2001_000252_ECU,1.989547e-18,2.3513495969628378e-06,1056.0,1.9914221621112154e-18
FL-2010-000041-SOM,FL_2010_000041_SOM,1.9770387999999997e-18,4.6641622254448925e-05,472.0,1.981183535429769e-18
FL-2012-000198-PAN,FL_2012_000198_PAN,1.9649352999999998e-18,4.285412129341416e-05,486.0,1.9689372048879833e-18
FF-2007-000091-AFG,FF_2007_000091_AFG,1.2168024999999999e-18,0.000246457196333,112.0,1.2272025213675212e-18
SL-2002-000428-NPL,SL_2002_000428_NPL,7.0093507e-19,3.610064542203736e-06,1006.0,7.016283786745796e-19
FL-2011-000042-COL,FL_2011_000042_COL,5.3249266e-19,5.561141026757771e-05,420.0,5.337455839058824e-19
FF-2013-000088-AFG,FF_2013_000088_AFG,3.7224707e-19,8.233197496364238e-05,324.0,3.733785200607903e-19
FL-2008-000094-ZAF,FL_2008_000094_ZAF,2.8850858e-19,1.2397681493314072e-05,812.0,2.888617116768666e-19
FL-2013-000024-MKD,FL_2013_000024_MKD,1.91575e-19,5.841941319170032e-06,936.0,1.9177858660998936e-19
FL-2006-000057-SUR,FL_2006_000057_SUR,1.5759983e-19,1.258790804548597e-05,809.0,1.5779344158476656e-19
FL-2005-000196-LKA,FL_2005_000196_LKA,1.2821624e-19,1.192846053709441e-05,819.0,1.283718422330097e-19
FL-2008-000197-COL,FL_2008_000197_COL,1.0540003999999999e-19,7.69162712730145e-05,338.0,1.0570732874635569e-19
FL-1998-000085-IRN,FL_1998_000085_IRN,9.959627e-20,1.3418175506184766e-05,797.0,9.972045487531172e-20
FF-2006-000163-AFG,FF_2006_000163_AFG,8.109633e-20,0.0002983066567009,91.0,8.19410834375e-20
FL-2012-000132-NPL,FL_2012_000132_NPL,5.818519e-20,1.158986391823516e-05,825.0,5.825529263855422e-20
FL-2009-000136-BIH,FL_2009_000136_BIH,4.1300194e-20,2.2528487420977328e-08,1213.0,4.1334102205254513e-20
FL-2002-000020-IRN,FL_2002_000020_IRN,3.3501206e-20,2.09888620294592e-05,687.0,3.3549618147398844e-20
FF-2020-000123-YEM,FF_2020_000123_YEM,2.1037161e-20,0.0002655284924837,101.0,2.123562478301887e-20
FL-2006-000191-LKA,FL_2006_000191_LKA,1.6196059e-20,8.615869689492115e-08,1197.0,1.620953325873544e-20
FL-2010-000176-MRT,FL_2010_000176_MRT,1.5630198e-20,2.513972988254681e-05,641.0,1.5654393352941176e-20
FL-2012-000191-HTI,FL_2012_000191_HTI,1.4761418e-20,2.2985214696150656e-05,666.0,1.4783417132637855e-20
FL-2000-000265-COL,FL_2000_000265_COL,8.559481e-21,8.872661596905756e-05,302.0,8.587362045602607e-21
FL-2009-000122-IND,FL_2009_000122_IND,7.602705e-21,1.709884256887621e-05,739.0,7.61292368951613e-21
FF-2020-000168-MNG,FF_2020_000168_MNG,6.913599e-21,7.239043984074737e-06,905.0,6.92119636153846e-21
FL-2006-000070-IND,FL_2006_000070_IND,5.8061928e-21,3.421128018846491e-05,560.0,5.816469247433628e-21
FF-2014-000009-TZA,FF_2014_000009_TZA,2.2730186e-21,1.3557038162962872e-05,793.0,2.275866994235589e-21
FL-2001-000029-BOL,FL_2001_000029_BOL,1.7178574e-21,1.301774938705494e-05,804.0,1.719980833127318e-21
FL-2012-000089-CUB,FL_2012_000089_CUB,1.1047999e-21,7.018918119994168e-06,910.0,1.1060073315846993e-21
FL-2008-000180-NIC,FL_2008_000180_NIC,6.4556974e-22,0.0001270137220081,226.0,6.483644141991341e-22
FL-2006-000068-CHN,FL_2006_000068_CHN,2.960237e-22,5.886551342714464e-05,407.0,2.967422041262136e-22
FL-2006-000034-ECU,FL_2006_000034_ECU,2.5104904e-22,3.0700226901282234e-08,1209.0,2.5125583492586494e-22
FL-2001-000117-PER,FL_2001_000117_PER,1.8742464000000002e-22,0.000149661260325,197.0,1.8835248475247527e-22
FL-2005-000175-SDN,FL_2005_000175_SDN,1.6849741e-22,2.495680796993089e-05,643.0,1.6875743686728395e-22
FL-2009-000139-PAK,FL_2009_000139_PAK,1.2792247e-22,0.0001365204675469,216.0,1.2850130470588236e-22
FL-1997-000022-BOL,FL_1997_000022_BOL,1.5554376e-23,3.5416319373538715e-06,1008.0,1.5569730764067128e-23
FL-2021-000068-SUR,FL_2021_000068_SUR,1.1198329400000001e-23,1.239881661303518e-05,811.0,1.1212052842892158e-23
FL-1999-000071-MOZ,FL_1999_000071_MOZ,6.981067e-24,0.000100908901833,273.0,7.006178751798561e-24
FL-2009-000101-PAN,FL_2009_000101_PAN,4.7808966e-24,4.41972923183436e-05,483.0,4.790693519262295e-24
LS-2010-000190-COL,LS_2010_000190_COL,4.331302e-24,0.0003240848658243,81.0,4.381665976744186e-24
FL-2005-000105-HTI,FL_2005_000105_HTI,1.6787926e-24,2.4395644548845496e-05,650.0,1.6813556421374045e-24
FL-2010-000249-IND,FL_2010_000249_IND,1.2058049e-24,4.99640905425362e-06,958.0,1.2070570338525441e-24
FL-2019-000170-RWA,FL_2019_000170_RWA,7.209359399999999e-25,4.514977337805328e-06,977.0,7.216700906517311e-25
FL-2002-000242-AFG,FL_2002_000242_AFG,2.9388625e-26,1.0816056470088269e-05,838.0,2.942348695136418e-26
FL-2007-000122-VNM,FL_2007_000122_VNM,2.5500262e-26,3.075657558988083e-05,591.0,2.5543047674496646e-26
FF-2007-000070-CHN,FF_2007_000070_CHN,1.3488705000000002e-26,3.327185643457634e-06,1020.0,1.3501864712195125e-26
FL-2021-000019-PER,FL_2021_000019_PER,1.0864377e-26,7.472469751740409e-06,896.0,1.0876435132075472e-26
FL-2012-000205-LKA,FL_2012_000205_LKA,2.2162554e-27,1.2900106214329473e-07,1194.0,2.218103819849875e-27
FL-2005-000194-COL,FL_2005_000194_COL,1.5390138000000001e-27,8.537316575320639e-05,316.0,1.5438082355140186e-27
FL-2001-000376-PAK,FL_2001_000376_PAK,2.5998488e-31,0.0001978578782142,146.0,2.6170663417218543e-31
FL-2005-000017-VEN,FL_2005_000017_VEN,0.0,3.68931943599532e-05,536.0,0.0
FL-2015-000011-PER,FL_2015_000011_PER,0.0,0.0001560960763087,186.0,0.0
FL-2006-000013-MWI,FL_2006_000013_MWI,0.0,0.0001765484241725,167.0,0.0
FL-2007-000025-FJI,FL_2007_000025_FJI,0.0,4.1355427270685766e-07,1161.0,0.0
FL-2010-000076-COL,FL_2010_000076_COL,0.0,8.39466437314968e-06,880.0,0.0
FL-2017-000075-CHN,FL_2017_000075_CHN,0.0,3.4413450604397464e-06,1012.0,0.0
FL-2007-000200-MEX,FL_2007_000200_MEX,0.0,5.395736985713692e-05,428.0,0.0
FL-2009-000144-NER,FL_2009_000144_NER,0.0,1.140779146891682e-06,1121.0,0.0
FL-2008-000099-NIC,FL_2008_000099_NIC,0.0,1.657934025980836e-06,1092.0,0.0
FL-2019-000051-LBY,FL_2019_000051_LBY,0.0,6.64536388848124e-05,379.0,0.0
FL-2009-000171-AFG,FL_2009_000171_AFG,0.0,3.387105265061748e-05,563.0,0.0
FL-2021-000134-NPL,FL_2021_000134_NPL,0.0,1.1637677803886742e-06,1118.0,0.0
FF-2012-000115-RUS,FF_2012_000115_RUS,0.0,2.0957610932271643e-05,688.0,0.0
FL-2019-000083-NPL,FL_2019_000083_NPL,0.0,2.175944169232196e-06,1067.0,0.0
FL-2004-000021-COL,FL_2004_000021_COL,0.0,0.0001762313286152,168.0,0.0
FL-2003-000204-KEN,FL_2003_000204_KEN,0.0,2.8835247159958337e-06,1037.0,0.0
FL-1997-000265-SOM,FL_1997_000265_SOM,0.0,3.503424188951419e-05,551.0,0.0
FL-2021-000127-NER,FL_2021_000127_NER,0.0,3.0335409425301462e-05,597.0,0.0
FL-2021-000049-RWA,FL_2021_000049_RWA,0.0,4.924596756939645e-06,961.0,0.0
FF-2020-000055-SOM,FF_2020_000055_SOM,0.0,0.0003115189000085,85.0,0.0
FL-2010-000091-VNM,FL_2010_000091_VNM,0.0,3.543418824737756e-05,546.0,0.0
FL-1997-000092-ECU,FL_1997_000092_ECU,0.0,4.865115025021993e-06,963.0,0.0
FF-2017-000101-VNM,FF_2017_000101_VNM,0.0,1.419178327484836e-05,781.0,0.0
FL-2020-000165-NPL,FL_2020_000165_NPL,0.0,6.942244235213975e-05,370.0,0.0
FL-2011-000183-TZA,FL_2011_000183_TZA,0.0,3.378613932567512e-06,1016.0,0.0
FL-2011-000109-PAK,FL_2011_000109_PAK,0.0,8.715142875295802e-05,307.0,0.0
FL-1997-000025-MWI,FL_1997_000025_MWI,0.0,7.815586757922225e-05,335.0,0.0
FL-2016-000046-SOM,FL_2016_000046_SOM,0.0,2.3293346490397875e-05,660.0,0.0
FL-2019-000119-CMR,FL_2019_000119_CMR,0.0,8.753681127025032e-05,305.0,0.0
FL-2011-000082-NPL,FL_2011_000082_NPL,0.0,8.84107091168498e-07,1136.0,0.0
FL-2018-000043-TZA,FL_2018_000043_TZA,0.0,4.823696260440501e-05,465.0,0.0
FL-2000-000191-HUN,FL_2000_000191_HUN,0.0,2.48699574839146e-06,1051.0,0.0
FL-2022-000201-ZAF,FL_2022_000201_ZAF,0.0,5.799242678158188e-06,939.0,0.0
FL-2019-000116-ETH,FL_2019_000116_ETH,0.0,2.03986107638698e-06,1070.0,0.0
FL-2016-000019-HTI,FL_2016_000019_HTI,0.0,5.172026696960829e-05,442.0,0.0
FL-2006-000164-TZA,FL_2006_000164_TZA,0.0,1.3122389126840024e-05,800.0,0.0
ST-2012-000077-CHN,ST_2012_000077_CHN,0.0,0.000564426164739,35.0,0.0
FL-2022-000135-ZMB,FL_2022_000135_ZMB,0.0,0.0001141122492949,249.0,0.0
FL-1999-000651-CHN,FL_1999_000651_CHN,0.0,2.2647547646388366e-06,1059.0,0.0
FL-2022-000158-HTI,FL_2022_000158_HTI,0.0,1.4103126904308903e-05,783.0,0.0
FL-2006-000018-IRQ,FL_2006_000018_IRQ,0.0,0.0002639784065459,103.0,0.0
FL-1998-000221-NPL,FL_1998_000221_NPL,0.0,1.6242912449317744e-06,1093.0,0.0
FL-2018-000058-COL,FL_2018_000058_COL,0.0,7.853171141120604e-05,334.0,0.0
FL-1999-000574-VNM,FL_1999_000574_VNM,0.0,9.503566488212402e-05,286.0,0.0
FL-2020-000210-VNM,FL_2020_000210_VNM,0.0,2.9916645937275516e-05,600.0,0.0
FF-2018-000042-ETH,FF_2018_000042_ETH,0.0,5.209429345291238e-05,441.0,0.0
FL-2015-000008-BOL,FL_2015_000008_BOL,0.0,1.1891833207204268e-05,821.0,0.0
FL-2011-000204-PHL,FL_2011_000204_PHL,0.0,0.004685158815686,6.0,0.0
FL-2014-000152-ETH,FL_2014_000152_ETH,0.0,1.0621157858522776e-05,841.0,0.0
FL-2003-000389-BFA,FL_2003_000389_BFA,0.0,3.625365122816376e-05,540.0,0.0
FL-2009-000174-NER,FL_2009_000174_NER,0.0,7.15462037045538e-05,357.0,0.0
FL-2013-000142-VNM,FL_2013_000142_VNM,0.0,3.216921712125656e-05,574.0,0.0
FL-2005-000064-ETH,FL_2005_000064_ETH,0.0,8.728486110426188e-05,306.0,0.0
FL-2017-000078-NER,FL_2017_000078_NER,0.0,1.0511989621543283e-05,843.0,0.0
FL-1998-000316-VNM,FL_1998_000316_VNM,0.0,4.3781083619772615e-06,985.0,0.0
FL-2008-000230-CUB,FL_2008_000230_CUB,0.0,4.227746414840851e-05,489.0,0.0
FL-2003-000505-VNM,FL_2003_000505_VNM,0.0,9.376244356635182e-05,288.0,0.0
FF-2021-000098-MNG,FF_2021_000098_MNG,0.0,2.5237793149507985e-05,640.0,0.0
FL-2008-000104-NPL,FL_2008_000104_NPL,0.0,4.258014124833107e-07,1160.0,0.0
FL-2016-000045-ETH,FL_2016_000045_ETH,0.0,5.637279057064037e-06,943.0,0.0
FL-2008-000239-NIC,FL_2008_000239_NIC,0.0,1.5373413280783887e-05,762.0,0.0
FL-2015-000161-ETH,FL_2015_000161_ETH,0.0,0.0002373584441421,119.0,0.0
FL-2006-000106-MRT,FL_2006_000106_MRT,0.0,0.0001235623852781,232.0,0.0
FL-2019-000020-COL,FL_2019_000020_COL,0.0,1.3040436620838977e-05,802.0,0.0
FL-2013-000041-GHA,FL_2013_000041_GHA,0.0,8.537508998796118e-05,315.0,0.0
FL-2008-000168-NPL,FL_2008_000168_NPL,0.0,2.429015359912726e-06,1053.0,0.0
FL-2010-000149-GTM,FL_2010_000149_GTM,0.0,7.178409202371166e-08,1201.0,0.0
FL-2010-000023-ECU,FL_2010_000023_ECU,0.0,4.151612122541836e-05,496.0,0.0
FF-2014-000060-AFG,FF_2014_000060_AFG,0.0,5.277045924096594e-05,433.0,0.0
FL-2013-000085-NIC,FL_2013_000085_NIC,0.0,3.14308392380665e-05,582.0,0.0
FL-2009-000113-CHN,FL_2009_000113_CHN,0.0,2.385130935511798e-05,656.0,0.0
FL-2015-000037-HTI,FL_2015_000037_HTI,0.0,0.0001942165442862,148.0,0.0
FL-2002-000470-VNM,FL_2002_000470_VNM,0.0,5.729303370695825e-05,414.0,0.0
FL-2012-000141-NER,FL_2012_000141_NER,0.0,6.594702760180925e-06,924.0,0.0
FF-2007-000081-NPL,FF_2007_000081_NPL,0.0,1.7523879741413613e-05,730.0,0.0
FL-2019-000167-BDI,FL_2019_000167_BDI,0.0,0.0007265274154991,28.0,0.0
FL-2012-000210-MWI,FL_2012_000210_MWI,0.0,0.0001371112398905,215.0,0.0
FL-2009-000164-SEN,FL_2009_000164_SEN,0.0,1.523378559711687e-05,764.0,0.0
FL-2012-000066-COM,FL_2012_000066_COM,0.0,2.714355819149168e-05,621.0,0.0
FL-2009-000241-COL,FL_2009_000241_COL,0.0,0.0007519091665104,26.0,0.0
FL-2021-000066-GUY,FL_2021_000066_GUY,0.0,0.0005328291501365,39.0,0.0
FF-2006-000039-YEM,FF_2006_000039_YEM,0.0,0.0003318529246624,79.0,0.0
FF-2020-000204-TUN,FF_2020_000204_TUN,0.0,0.0001346649176501,217.0,0.0
FL-2010-000141-PAK,FL_2010_000141_PAK,0.0,1.9495334927672706e-05,704.0,0.0
FL-2005-000100-KGZ,FL_2005_000100_KGZ,0.0,2.6370581240233856e-07,1172.0,0.0
FL-2021-000190-EGY,FL_2021_000190_EGY,0.0,0.000283844971342,98.0,0.0
FL-2010-000194-VNM,FL_2010_000194_VNM,0.0,8.658398887433228e-06,872.0,0.0
FL-2011-000161-SOM,FL_2011_000161_SOM,0.0,9.325776071008568e-05,289.0,0.0
FL-2015-000123-NER,FL_2015_000123_NER,0.0,3.8519922080325344e-05,523.0,0.0
FL-2011-000156-HTI,FL_2011_000156_HTI,0.0,6.67270750241129e-05,376.0,0.0
FL-2012-000075-VEN,FL_2012_000075_VEN,0.0,1.1490389408444724e-05,828.0,0.0
FL-2007-000009-PER,FL_2007_000009_PER,0.0,9.864785846608153e-05,277.0,0.0
FL-1999-000371-IND,FL_1999_000371_IND,0.0,1.3350016402784798e-05,798.0,0.0
FL-2008-000187-BDI,FL_2008_000187_BDI,0.0,6.0329860979200055e-05,400.0,0.0
FL-2019-000014-MWI,FL_2019_000014_MWI,0.0,1.922810926245889e-05,711.0,0.0
FL-2015-000151-BLZ,FL_2015_000151_BLZ,0.0,4.802995834575227e-06,966.0,0.0
FL-2017-000043-HTI,FL_2017_000043_HTI,0.0,0.0005604431923469,36.0,0.0
FL-2012-000042-COL,FL_2012_000042_COL,0.0,0.0001869098155901,157.0,0.0
FL-1998-000247-IRN,FL_1998_000247_IRN,0.0,5.827980058896088e-05,411.0,0.0
FL-2016-000054-HTI,FL_2016_000054_HTI,0.0,5.169226552431838e-05,443.0,0.0
FL-2002-000225-ETH,FL_2002_000225_ETH,0.0,2.209894609083725e-05,674.0,0.0
FL-2006-000127-NPL,FL_2006_000127_NPL,0.0,1.0410228017174967e-06,1126.0,0.0
FL-2021-000023-DZA,FL_2021_000023_DZA,0.0,8.605000044436529e-05,313.0,0.0
FL-2016-000123-DOM,FL_2016_000123_DOM,0.0,1.9507155763562714e-05,703.0,0.0
FL-2020-000126-ETH,FL_2020_000126_ETH,0.0,0.0001229133856779,233.0,0.0
FL-2009-000145-NPL,FL_2009_000145_NPL,0.0,1.2788544295693365e-06,1111.0,0.0
FL-2013-000159-VCT,FL_2013_000159_VCT,0.0,1.3451822458754785e-05,795.0,0.0
FL-2005-000070-YEM,FL_2005_000070_YEM,0.0,0.000621684282321,30.0,0.0
FL-2010-000067-BRA,FL_2010_000067_BRA,0.0,6.100857368092207e-06,931.0,0.0
FL-2014-000019-BDI,FL_2014_000019_BDI,0.0,3.3019130620805435e-05,570.0,0.0
FL-2020-000038-EGY,FL_2020_000038_EGY,0.0,2.022416190821264e-07,1182.0,0.0
FL-2021-000213-STP,FL_2021_000213_STP,0.0,5.2634424936783614e-05,434.0,0.0
FL-2011-000137-VNM,FL_2011_000137_VNM,0.0,5.246408451613038e-05,437.0,0.0
FL-2001-000549-GIN,FL_2001_000549_GIN,0.0,7.112184438373307e-06,907.0,0.0
FL-2013-000074-HTI,FL_2013_000074_HTI,0.0,6.561212171811975e-05,383.0,0.0
FL-2013-000051-ECU,FL_2013_000051_ECU,0.0,9.989839927593308e-06,855.0,0.0
FL-2003-000482-MEX,FL_2003_000482_MEX,0.0,0.0007729827688133,25.0,0.0
FF-2012-000118-AFG,FF_2012_000118_AFG,0.0,0.000590358192548,32.0,0.0
FL-2006-000155-LKA,FL_2006_000155_LKA,0.0,2.045339529059041e-06,1069.0,0.0
FL-2008-000024-PHL,FL_2008_000024_PHL,0.0,0.0002602149939082,106.0,0.0
FF-2014-000048-KAZ,FF_2014_000048_KAZ,0.0,5.975022390101837e-05,403.0,0.0
FL-2002-000026-SEN,FL_2002_000026_SEN,0.0,6.092329738081977e-05,396.0,0.0
FL-1997-000049-TZA,FL_1997_000049_TZA,0.0,5.2624682641467546e-05,435.0,0.0
FL-2010-000160-NPL,FL_2010_000160_NPL,0.0,1.6870611361069529e-07,1188.0,0.0
FL-2022-000356-ETH,FL_2022_000356_ETH,0.0,9.774149143433483e-05,281.0,0.0
FL-2020-000185-PAK,FL_2020_000185_PAK,0.0,0.0008108409713649,22.0,0.0
FF-2007-000185-TUN,FF_2007_000185_TUN,0.0,7.44718616986502e-05,347.0,0.0
FL-2014-000045-SLB,FL_2014_000045_SLB,0.0,0.0001513830568168,193.0,0.0
FL-1994-000007-VNM,FL_1994_000007_VNM,0.0,3.455344855085873e-05,559.0,0.0
FL-2008-000198-BLZ,FL_2008_000198_BLZ,0.0,3.7207207985487127e-06,1003.0,0.0
FL-2006-000178-JAM,FL_2006_000178_JAM,0.0,2.028019370074478e-06,1074.0,0.0
FL-1999-000428-VNM,FL_1999_000428_VNM,0.0,0.00036210791012,64.0,0.0
FL-2017-000014-PER,FL_2017_000014_PER,0.0,0.0001341807566184,218.0,0.0
FL-2003-000227-CHN,FL_2003_000227_CHN,0.0,2.494597819081276e-05,645.0,0.0
FL-1991-000009-VNM,FL_1991_000009_VNM,0.0,8.708349091853829e-05,308.0,0.0
FL-2015-000006-MWI,FL_2015_000006_MWI,0.0,1.520453764884582e-05,765.0,0.0
FL-2006-000009-GUY,FL_2006_000009_GUY,0.0,1.834301637728861e-05,716.0,0.0
FL-2011-000122-NER,FL_2011_000122_NER,0.0,0.0001028546449034,269.0,0.0
FL-2006-000044-COL,FL_2006_000044_COL,0.0,3.334494758492284e-05,568.0,0.0
FL-2014-000004-COL,FL_2014_000004_COL,0.0,5.3549660477074046e-05,430.0,0.0
FF-2010-000204-LCA,FF_2010_000204_LCA,0.0,0.000349955549285,67.0,0.0
FL-2000-000302-CHN,FL_2000_000302_CHN,0.0,1.3420640168110654e-05,796.0,0.0
FL-2002-000350-CHN,FL_2002_000350_CHN,0.0,2.7970879634628603e-05,615.0,0.0
FL-2018-000054-BDI,FL_2018_000054_BDI,0.0,7.564635246365171e-06,894.0,0.0
ST-2012-000061-VNM,ST_2012_000061_VNM,0.0,0.0001639603919666,179.0,0.0
FL-2007-000159-RWA,FL_2007_000159_RWA,0.0,9.843615520176796e-07,1129.0,0.0
FL-2010-000251-CRI,FL_2010_000251_CRI,0.0,1.002730022163504e-05,853.0,0.0
FF-2018-000041-SOM,FF_2018_000041_SOM,0.0,9.189499433531576e-05,294.0,0.0
FF-2020-000006-IRN,FF_2020_000006_IRN,0.0,3.398572717515912e-06,1014.0,0.0
FL-2022-000312-BGR,FL_2022_000312_BGR,0.0,1.3808005225122056e-08,1216.0,0.0
FL-2003-000051-PER,FL_2003_000051_PER,0.0,7.047396649806142e-05,365.0,0.0
FL-1998-000048-PAK,FL_1998_000048_PAK,0.0,1.171128721610444e-06,1117.0,0.0
FL-2004-000043-IND,FL_2004_000043_IND,0.0,3.759879463024904e-06,1002.0,0.0
FL-2001-000620-DZA,FL_2001_000620_DZA,0.0,7.022535569738648e-06,909.0,0.0
FL-1991-000011-CHN,FL_1991_000011_CHN,0.0,3.877115070123528e-05,520.0,0.0
FL-1997-000111-ARM,FL_1997_000111_ARM,0.0,4.3881596669152033e-07,1158.0,0.0
FL-2011-000051-RWA,FL_2011_000051_RWA,0.0,2.81680222713554e-06,1041.0,0.0
FL-2010-000262-ECU,FL_2010_000262_ECU,0.0,4.2870221132648925e-06,987.0,0.0
FL-2021-000208-IRQ,FL_2021_000208_IRQ,0.0,0.0002202131590662,129.0,0.0
FL-2022-000336-VNM,FL_2022_000336_VNM,0.0,5.380218300817229e-06,950.0,0.0
FL-2011-000037-BDI,FL_2011_000037_BDI,0.0,2.425748345187529e-05,653.0,0.0
FL-2014-000006-PHL,FL_2014_000006_PHL,0.0,0.0001121472720124,254.0,0.0
FL-1997-000526-ECU,FL_1997_000526_ECU,0.0,5.351994176079823e-07,1152.0,0.0
FL-2016-000066-PAK,FL_2016_000066_PAK,0.0,1.5845305166797646e-05,755.0,0.0
FL-2004-000051-NPL,FL_2004_000051_NPL,0.0,1.027831822938273e-06,1127.0,0.0
FL-2011-000005-HND,FL_2011_000005_HND,0.0,1.3386970598186298e-06,1107.0,0.0
FL-2003-000359-PAK,FL_2003_000359_PAK,0.0,4.831006545569089e-05,464.0,0.0
FL-2013-000020-BOL,FL_2013_000020_BOL,0.0,3.3132155727666806e-05,569.0,0.0
FL-2015-000146-DZA,FL_2015_000146_DZA,0.0,0.0002302289822422,122.0,0.0
FL-2020-000125-TZA,FL_2020_000125_TZA,0.0,3.209709121086419e-05,576.0,0.0
FL-2019-000015-PER,FL_2019_000015_PER,0.0,0.0009683117211943,16.0,0.0
FL-2022-000164-ECU,FL_2022_000164_ECU,0.0,3.338802432491499e-05,567.0,0.0
FL-2010-000136-YEM,FL_2010_000136_YEM,0.0,0.0001096760769101,257.0,0.0
FL-2010-000162-HND,FL_2010_000162_HND,0.0,5.342926241770634e-05,431.0,0.0
FF-2012-000120-GEO,FF_2012_000120_GEO,0.0,4.064342571791958e-05,501.0,0.0
FL-2002-000540-DZA,FL_2002_000540_DZA,0.0,5.291749439800101e-05,432.0,0.0
FL-2013-000050-ETH,FL_2013_000050_ETH,0.0,4.976197793233127e-05,453.0,0.0
FL-2008-000182-RWA,FL_2008_000182_RWA,0.0,2.780018170635456e-06,1044.0,0.0
FL-2012-000013-ECU,FL_2012_000013_ECU,0.0,4.7068297027207945e-06,968.0,0.0
FL-2000-000408-VNM,FL_2000_000408_VNM,0.0,1.6371422475126568e-05,751.0,0.0
FL-2013-000052-SOM,FL_2013_000052_SOM,0.0,4.616793845783416e-05,474.0,0.0
FL-2012-000068-DOM,FL_2012_000068_DOM,0.0,1.2201863526395618e-06,1114.0,0.0
FF-2020-000191-AFG,FF_2020_000191_AFG,0.0,0.0001209815945478,235.0,0.0
FL-2008-000031-PER,FL_2008_000031_PER,0.0,0.0003046762573082,86.0,0.0
FL-2007-000161-UGA,FL_2007_000161_UGA,0.0,7.332769881868094e-05,354.0,0.0
FL-2006-000190-BDI,FL_2006_000190_BDI,0.0,0.0002311254178859,121.0,0.0
FL-2022-000190-TUN,FL_2022_000190_TUN,0.0,1.4696192568359433e-05,774.0,0.0
FL-2005-000168-NPL,FL_2005_000168_NPL,0.0,3.2450615846346617e-07,1167.0,0.0
FL-2009-000261-PER,FL_2009_000261_PER,0.0,0.0001409602887044,206.0,0.0
FL-1999-000132-BLR,FL_1999_000132_BLR,0.0,6.350768298084536e-08,1205.0,0.0
FF-2004-000060-VNM,FF_2004_000060_VNM,0.0,0.0001777530807267,166.0,0.0
FL-2019-000133-SOM,FL_2019_000133_SOM,0.0,0.0002651022545572,102.0,0.0
FF-2008-000194-VNM,FF_2008_000194_VNM,0.0,1.750249433420165e-05,731.0,0.0
FL-2007-000088-ECU,FL_2007_000088_ECU,0.0,1.7521078937494286e-07,1186.0,0.0
FL-2013-000141-SOM,FL_2013_000141_SOM,0.0,5.657769925576135e-06,942.0,0.0
FL-2009-000219-NPL,FL_2009_000219_NPL,0.0,9.326584871686047e-10,1219.0,0.0
FL-1999-000244-VNM,FL_1999_000244_VNM,0.0,5.214388828501247e-05,440.0,0.0
FL-2012-000009-FJI,FL_2012_000009_FJI,0.0,3.058333583733549e-08,1210.0,0.0
FL-2017-000139-ETH,FL_2017_000139_ETH,0.0,1.8557981115778696e-05,715.0,0.0
FL-2002-000077-PER,FL_2002_000077_PER,0.0,0.000157253905418,184.0,0.0
FL-2001-000492-VNM,FL_2001_000492_VNM,0.0,1.3625222496367924e-05,791.0,0.0
FL-2012-000067-RWA,FL_2012_000067_RWA,0.0,2.1894047806822822e-06,1066.0,0.0
ST-2010-000085-CHN,ST_2010_000085_CHN,0.0,3.185111600734405e-05,577.0,0.0
FL-2021-000007-SYR,FL_2021_000007_SYR,0.0,8.75771211021302e-05,304.0,0.0
FL-2014-000122-PAK,FL_2014_000122_PAK,0.0,0.0003916770884612,53.0,0.0
FL-2010-000121-DOM,FL_2010_000121_DOM,0.0,1.6809588789285574e-05,744.0,0.0
FL-2010-000042-SRB,FL_2010_000042_SRB,0.0,4.495175804836646e-06,979.0,0.0
FL-2009-000031-DOM,FL_2009_000031_DOM,0.0,3.0892372421842234e-05,588.0,0.0
FL-2015-000153-IRQ,FL_2015_000153_IRQ,0.0,6.073778309893194e-05,397.0,0.0
FL-2002-000125-ECU,FL_2002_000125_ECU,0.0,1.0740992096645658e-06,1124.0,0.0
FL-2010-000219-PHL,FL_2010_000219_PHL,0.0,2.1564256833438555e-05,679.0,0.0
FL-2000-000484-BTN,FL_2000_000484_BTN,0.0,4.451653737987815e-07,1156.0,0.0
FL-2006-000169-SOM,FL_2006_000169_SOM,0.0,1.4369767528840064e-05,778.0,0.0
FF-2008-000072-CHN,FF_2008_000072_CHN,0.0,2.1076520226867785e-05,685.0,0.0
FL-2016-000011-TZA,FL_2016_000011_TZA,0.0,9.20769850397121e-06,865.0,0.0
FF-2012-000081-ETH,FF_2012_000081_ETH,0.0,0.0008453422869944,18.0,0.0
FL-2006-000133-NER,FL_2006_000133_NER,0.0,5.809886063131717e-05,412.0,0.0
FL-2005-000182-IND,FL_2005_000182_IND,0.0,3.367709769245046e-05,564.0,0.0
FL-2000-000187-ROM,FL_2000_000187_ROM,0.0,5.864635943142942e-06,935.0,0.0
FL-2001-000019-MOZ,FL_2001_000019_MOZ,0.0,1.56656215896544e-05,759.0,0.0
FL-2010-000096-IDN,FL_2010_000096_IDN,0.0,4.743465690617022e-05,468.0,0.0
FL-1997-000530-PER,FL_1997_000530_PER,0.0,6.000109815673838e-05,402.0,0.0
FL-2003-000571-DOM,FL_2003_000571_DOM,0.0,0.0001245698273671,230.0,0.0
FL-1997-000270-ETH,FL_1997_000270_ETH,0.0,9.519439148008213e-05,285.0,0.0
FL-2015-000042-RWA,FL_2015_000042_RWA,0.0,2.197146993859025e-06,1065.0,0.0
FL-1997-000143-POL,FL_1997_000143_POL,0.0,3.05513947252499e-08,1211.0,0.0
FL-2002-000788-LKA,FL_2002_000788_LKA,0.0,3.177174668956199e-05,579.0,0.0
FF-2013-000084-GEO,FF_2013_000084_GEO,0.0,0.0002977935458932,92.0,0.0
FL-2002-000536-MMR,FL_2002_000536_MMR,0.0,5.635713766524567e-07,1151.0,0.0
FL-2000-000476-NPL,FL_2000_000476_NPL,0.0,1.3035706763996292e-05,803.0,0.0
FL-2007-000077-CHN,FL_2007_000077_CHN,0.0,2.0171329240622867e-05,696.0,0.0
FL-2009-000023-ECU,FL_2009_000023_ECU,0.0,9.126159105345956e-06,867.0,0.0
FL-2008-000018-ECU,FL_2008_000018_ECU,0.0,5.748595925288283e-07,1150.0,0.0
FL-2009-000124-VNM,FL_2009_000124_VNM,0.0,4.592539405109665e-06,974.0,0.0
FL-2013-000098-NER,FL_2013_000098_NER,0.0,1.1102913498136048e-05,834.0,0.0
LS-2011-000104-ECU,LS_2011_000104_ECU,0.0,1.0338808573072689e-05,846.0,0.0
FL-2006-000124-UGA,FL_2006_000124_UGA,0.0,1.5204186738827003e-05,766.0,0.0
FL-2010-000026-DOM,FL_2010_000026_DOM,0.0,2.955515624613874e-06,1032.0,0.0
FL-2001-000375-IRN,FL_2001_000375_IRN,0.0,1.716772041132614e-06,1086.0,0.0
FF-2008-000227-ETH,FF_2008_000227_ETH,0.0,0.0003466530858661,72.0,0.0
FL-2002-000445-VEN,FL_2002_000445_VEN,0.0,6.631773680274262e-05,380.0,0.0
OT-2004-000112-COL,OT_2004_000112_COL,0.0,0.0001154774911679,245.0,0.0
FL-1999-000031-LKA,FL_1999_000031_LKA,0.0,4.852161162622668e-05,462.0,0.0
FF-2021-000189-BIH,FF_2021_000189_BIH,0.0,3.391772516130268e-05,562.0,0.0
FL-2013-000119-MRT,FL_2013_000119_MRT,0.0,5.5277800633962834e-05,421.0,0.0
FL-2005-000002-GUY,FL_2005_000002_GUY,0.0,0.0001060448051017,264.0,0.0
FF-2009-000204-TUN,FF_2009_000204_TUN,0.0,0.0001418952422691,203.0,0.0
FF-2019-000068-VNM,FF_2019_000068_VNM,0.0,0.0002089067442608,142.0,0.0
FL-2003-000341-NPL,FL_2003_000341_NPL,0.0,3.530354253919335e-06,1009.0,0.0
FL-2021-000161-IND,FL_2021_000161_IND,0.0,6.688045290875024e-06,923.0,0.0
FL-2008-000011-TZA,FL_2008_000011_TZA,0.0,9.81526421923803e-05,280.0,0.0
FL-2005-000001-CRI,FL_2005_000001_CRI,0.0,1.7564651843229197e-05,728.0,0.0
FF-2008-000141-ETH,FF_2008_000141_ETH,0.0,0.0002176529014776,132.0,0.0
FL-2007-000111-GBR,FL_2007_000111_GBR,0.0,4.994152244354814e-06,959.0,0.0
FL-2017-000107-NPL,FL_2017_000107_NPL,0.0,1.065357950214015e-05,840.0,0.0
FL-2013-000019-PER,FL_2013_000019_PER,0.0,2.8157207565684937e-06,1042.0,0.0
FL-2021-000005-IDN,FL_2021_000005_IDN,0.0,8.810055543862466e-05,303.0,0.0
FL-2005-000184-VNM,FL_2005_000184_VNM,0.0,5.874943531902143e-06,934.0,0.0
FL-2010-000179-ETH,FL_2010_000179_ETH,0.0,1.7415782811559778e-06,1084.0,0.0
FL-2016-000068-NPL,FL_2016_000068_NPL,0.0,4.468275672397068e-06,984.0,0.0
FL-1990-000004-VNM,FL_1990_000004_VNM,0.0,1.5526195238559189e-07,1190.0,0.0
