kg_event_id,original_id,kg_similarity_score,kg_likelihood,kg_prior,kg_bayesian_score
FF-2022-000309-SLE,FF-2022-000309-SLE,1.0000000000000009,1.0000000000000089,1.196452650536421,1.1964526505364317
FL-2007-000177-SLE,FL-2007-000177-SLE,0.6612725170174313,0.015988390051873254,1.0656581908077745,0.017038158816608272
FL-2024-000182-SLE,FL-2024-000182-SLE,0.643858035482745,0.012243376406219697,1.178286929715142,0.014426210395031416
FL-2015-000131-SLE,FL-2015-000131-SLE,0.6430574969786707,0.012091997743363612,1.1427229576603417,0.013817803425318645
FL-2015-000065-GHA,FL-2015-000065-GHA,0.6284172341878581,0.00960463509427506,1.0654801946479941,0.010233548469771148
Viet Nam: Floods - Oct 1992,name=Viet Nam: Floods - Oct 1992,0.6123245334091706,0.007409972604939183,1.0249575418914962,0.007594907306641792
FL-2011-000107-MMR,FL-2011-000107-MMR,0.586831379774755,0.004843209876522158,1.1654079728699487,0.005644315404381403
FL-2011-000204-PHL,FL-2011-000204-PHL,0.5905162339953698,0.0051560653586968175,0.9086693999686215,0.004685158815686033
FL-2025-000022-PER,FL-2025-000022-PER,0.5714627605279945,0.0037143202647457233,1.244445279687572,0.0046222683207107085
FF-2005-000072-TJK,FF-2005-000072-TJK,0.550261209740424,0.0025450070293271247,1.3809450525369613,0.003514514865821082
FL-2017-000095-GHA,FL-2017-000095-GHA,0.569501485391836,0.0035887946727910036,0.9719324461526762,0.003488065985065453
FL-2019-000089-SLE,FL-2019-000089-SLE,0.5509472731943301,0.002576916697008831,1.0808607361671503,0.0027852880781703867
FL-2005-000139-SLE,FL-2005-000139-SLE,0.5239766680167193,0.0015599816456780902,1.0426506939426599,0.0016265159454040732
FL-2013-000081-PRK,FL-2013-000081-PRK,0.5163195925348636,0.0013464370488365763,1.132099170129612,0.0015243002656196518
FL-2016-000071-LBR,FL-2016-000071-LBR,0.5171297115744297,0.0013677127888686155,1.0193781830294557,0.0013942165776230388
FF-2008-000063-PHL,FF-2008-000063-PHL,0.521453852562543,0.0014864790892972497,0.9110661229691897,0.001354280740760817
FL-2023-000229-ETH,FL-2023-000229-ETH,0.5172786083800087,0.0013716559413595004,0.9110164433296456,0.001249601117169309
Ghana: Floods - Jul 1995,Ghana: Floods - Jul 1995,0.5138227300346447,0.0012827237115944578,0.8551639114187951,0.001096939026476751
FL-2018-000092-MNG,FL-2018-000092-MNG,0.5030641359173615,0.0010380865645791015,1.031500359443832,0.0010707866644971559
Yemen: Floods - Feb 1993,Yemen: Floods - Feb 1993,0.5091245351008751,0.0011701465735559262,0.9108992485616124,0.0010658856345590387
FL-2024-000118-PAK,FL-2024-000118-PAK,0.5018576969311029,0.0010134583204887632,1.0477381195692326,0.0010618389149706893
FL-2005-000153-THA,FL-2005-000153-THA,0.49180579523309775,0.0008278209627663589,1.2142364677237614,0.001005170401737107
FL-2019-000015-PER,FL-2019-000015-PER,0.48899207025200164,0.0007816604968621571,1.2387880992853906,0.0009683117211943456
FL-2011-000135-THA,FL-2011-000135-THA,0.48902074424081765,0.0007821189754542931,1.1754815142398911,0.0009193663975827647
FF-2012-000081-ETH,FF-2012-000081-ETH,0.4923364716913452,0.0008367969522451121,1.0102119573051023,0.0008453422869944789
FL-2019-000093-NGA,FL-2019-000093-NGA,0.4731107631753443,0.0005618602171946997,1.4999999960810835,0.0008427903235901662
FL-1999-000315-GHA,FL-1999-000315-GHA,0.49732352994349666,0.0009255290945159361,0.8830969393406909,0.0008173319106377842
FL-2006-000001-IDN,FL-2006-000001-IDN,0.4992507155842928,0.0009620263337749804,0.8487703672429272,0.000816539444615557
FL-2020-000185-PAK,FL-2020-000185-PAK,0.4850487509398406,0.0007208649432036776,1.124816762154381,0.0008108409713649624
India: Floods - Oct 1988,India: Floods - Oct 1988,0.4932030019824735,0.0008516420830981544,0.9494561647783664,0.0008085968259822326
FL-2002-000054-IDN,FL-2002-000054-IDN,0.492605894911296,0.0008413874821367348,0.9334375249456206,0.0007853826488459413
FL-1999-000053-PHL,FL-1999-000053-PHL,0.4783870935623568,0.0006277613055244093,1.2432398621173615,0.0007804578789227814
FL-2024-000031-MWI,FL-2024-000031-MWI,0.4844328972954762,0.0007117644277692365,1.0898465961995627,0.0007757140389002319
FL-2003-000482-MEX,FL-2003-000482-MEX,0.4884310000349297,0.0007727378800545869,1.0003169105139786,0.0007729827688133258
FL-2009-000241-COL,FL-2009-000241-COL,0.5036554108072191,0.0010503524183313679,0.7158636981146965,0.0007519091665104077
FL-2011-000124-ETH,FL-2011-000124-ETH,0.4818421092117836,0.0006746018260674971,1.1140674979889862,0.0007515519685058178
FL-2019-000167-BDI,FL-2019-000167-BDI,0.4867751022104003,0.0007469363006275297,0.9726765386670255,0.0007265274154991384
Afghanistan: Flash Floods - Sep 1992,Afghanistan: Flash Floods - Sep 1992,0.47685100669437613,0.0006078928541518743,1.103779548130716,0.0006709796998676471
FL-2023-002018-MOZ,FL-2023-002018-MOZ,0.5014411844289904,0.0010050785537200969,0.635353035811216,0.00063857971033481
FL-2013-000095-PHL,FL-2013-000095-PHL,0.47902143101694494,0.0006361352155890642,0.9977142237080565,0.0006346811527948004
FL-2005-000070-YEM,FL-2005-000070-YEM,0.47726146166108907,0.0006131456758578513,1.0139259017870548,0.0006216842823210051
FL-2014-000079-PHL,FL-2014-000079-PHL,0.4752330114170651,0.0005875786498842127,1.0365063874391671,0.0006090290237278685
Zambia: Floods - Apr 2004,Zambia: Floods - Apr 2004,0.48571039636421387,0.000730758699240252,0.8301170229297365,0.0006066152358933247
Mongolia: Flash Floods - Aug 1994,Mongolia: Flash Floods - Aug 1994,0.479247878008253,0.000639148812040892,0.944597599391765,0.000603738433507925
FF-2012-000118-AFG,FF-2012-000118-AFG,0.46703856776486363,0.0004937731360468694,1.1956061386296777,0.000590358192548064
FL-2008-000086-MEX,FL-2008-000086-MEX,0.47726975012443446,0.0006132521674363372,0.9563543144258493,0.0005864863561587443
FL-2016-000102-SEN,FL-2016-000102-SEN,0.4765239622596821,0.0006037365136167072,0.9497600525846711,0.0005734048229198899
ST-2012-000077-CHN,ST-2012-000077-CHN,0.47280615849398155,0.0005582532341124341,1.0110575814870275,0.000564426164739029
FL-2017-000043-HTI,FL-2017-000043-HTI,0.47154368389539325,0.0005435247445462569,1.0311272816379908,0.0005604431923469653
FL-2007-000106-IDN,FL-2007-000106-IDN,0.4761498952713859,0.0005990139430492813,0.9201287593720849,0.0005511699562645159
1986-07-01T00:00:00+00:00,1986-07-01T00:00:00+00:00,0.49482992717891106,0.0008801558454423863,0.6247700658964721,0.0005498950255562048
FL-2012-000192-COD,FL-2012-000192-COD,0.45932298978868463,0.00041800534045009427,1.301468773071398,0.0005440208975728763
FL-2021-000066-GUY,FL-2021-000066-GUY,0.4696573116104905,0.0005221687510172514,1.0204156206178399,0.0005328291501365108
FF-2005-000067-IDN,FF-2005-000067-IDN,0.4748839782792125,0.000583277434795072,0.9074775324699321,0.0005293111672732237
FL-2015-000164-COD,FL-2015-000164-COD,0.4661539517021981,0.00048449991136976085,1.0795665740230147,0.000523049909431907
FL-2019-000135-GHA,FL-2019-000135-GHA,0.46849655019075404,0.0005094059024053947,1.0216323108198488,0.0005204255292196937
FL-2013-000017-PNG,FL-2013-000017-PNG,0.46372448144078016,0.0004598331134420253,1.0931237284308373,0.0005026544874217069
FF-2008-000233-PHL,FF-2008-000233-PHL,0.4723217391152389,0.0005525598804887905,0.9037156037455046,0.0004993569860014712
FL-2021-000051-SOM,FL-2021-000051-SOM,0.4559480295569579,0.00038828751981135847,1.1926575207202363,0.0004630940307048244
1995-09-00T00:00:00+00:00,1995-09-00T00:00:00+00:00,0.4895227988612468,0.0007901858217037791,0.5841419555859526,0.0004615806911663384
FL-2002-000373-GHA,FL-2002-000373-GHA,0.47456501279266416,0.0005793715533574788,0.7873144358723436,0.0004561475876921269
FL-2023-000104-IND,FL-2023-000104-IND,0.4627648881322768,0.00045040582475989717,1.0105589096694154,0.00045516161917811545
FF-2009-000159-PAK,FF-2009-000159-PAK,0.4689683899900674,0.0005145596274188537,0.8753042401744937,0.0004503962237023303
FL-2025-000045-COD,FL-2025-000045-COD,0.4550803298863677,0.00038096110901128955,1.1530761769304614,0.0004392771791379265
FL-2020-000237-LKA,FL-2020-000237-LKA,0.4572770910082957,0.00039975549601365686,1.0827634742900054,0.0004328406497302715
FL-2024-000209-PAN,FL-2024-000209-PAN,0.45484276418468844,0.0003789770420591663,1.105818542180244,0.00041907984016964825
FL-1999-000413-CAF,FL-1999-000413-CAF,0.46489610279177535,0.00047158399281720033,0.8806575318255779,0.0004153039951628467
FL-2019-000181-IDN,FL-2019-000181-IDN,0.4552698597114969,0.00038255069567246175,1.0475272120348138,0.00040073226369975235
FL-2008-000076-COL,FL-2008-000076-COL,0.47312639012605723,0.0005620458284250506,0.7001873717288423,0.00039353739139609604
FL-2016-000114-EGY,FL-2016-000114-EGY,0.4512550017756425,0.0003501227147740586,1.1202710928869943,0.000392232356324496
FL-2014-000122-PAK,FL-2014-000122-PAK,0.4493874009103791,0.0003358991641249229,1.1660555615898873,0.0003916770884612607
Pakistan: Floods - Feb 1991,Pakistan: Floods - Feb 1991,0.47211836578719146,0.000550185260806403,0.7112268098685628,0.0003913065078800412
FL-2003-000220-NAM,FL-2003-000220-NAM,0.4626029641763436,0.00044883230944351967,0.8693111681287405,0.0003901749392162664
FL-2024-000218-MYS,FL-2024-000218-MYS,0.45652308582620776,0.00039321261446778003,0.9835826898124584,0.0003867571210064083
FL-2008-000201-YEM,FL-2008-000201-YEM,0.4528087759331566,0.00036236676066125835,1.0616963805348374,0.0003847234782201917
FL-1998-000053-ZMB,FL-1998-000053-ZMB,0.45845592233149246,0.00041018131509855046,0.9365163542555616,0.0003841415097998462
FL-2015-000064-IND,FL-2015-000064-IND,0.4534484275304773,0.0003675183278519396,1.031238980251518,0.00037899922563777727
FF-2009-000229-SOM,FF-2009-000229-SOM,0.44792087382576434,0.0003250970415200541,1.1613045952754697,0.000377536688227699
FF-2008-000123-PAK,FF-2008-000123-PAK,0.45704626615010907,0.000397742183107602,0.9434455865501481,0.000375248107237688
FL-2012-000050-AFG,FL-2012-000050-AFG,0.4504439959012503,0.0003438808761376451,1.0763489315759105,0.0003701358136201423
FL-1999-000160-PER,FL-1999-000160-PER,0.4567209121769187,0.00039491985952076585,0.9293539712618099,0.0003670203397757798
FF-2007-000100-MLI,FF-2007-000100-MLI,0.4516201668677786,0.0003529663214619762,1.032850525424288,0.00036456145057908024
FF-2007-000049-TJK,FF-2007-000049-TJK,0.45473344786973513,0.000378067198045643,0.9615243720808555,0.0003635208252052053
FL-1999-000428-VNM,FL-1999-000428-VNM,0.45493020793860783,0.00037970625800205353,0.9536527315229473,0.0003621079101200153
FL-2002-000296-PRY,FL-2002-000296-PRY,0.4560003726955524,0.0003887335068295513,0.9287123335884037,0.00036102160227167627
FL-2019-000094-GTM,FL-2019-000094-GTM,0.4445776630304088,0.0003016312862031581,1.1627948729486577,0.00035073531311794143
FF-2010-000204-LCA,FF-2010-000204-LCA,0.4420464454526118,0.00028489119510381993,1.228383169783597,0.0003499555492850675
FL-2002-000808-MWI,FL-2002-000808-MWI,0.45279619232602564,0.0003622660711207761,0.9632105028592333,0.0003489384845330815
FL-2019-000100-MLI,FL-2019-000100-MLI,0.45156945526244296,0.0003525701822224866,0.9879592955377479,0.00034832498885614324
FL-2003-000624-HTI,FL-2003-000624-HTI,0.4617245040821103,0.0004403816710927263,0.7906381692162378,0.0003481825581891405
FF-2006-000049-IDN,FF-2006-000049-IDN,0.4530684484978147,0.0003644501987589044,0.9546072289122487,0.000347906794313756
FF-2008-000227-ETH,FF-2008-000227-ETH,0.4582184583583748,0.0004080616660379625,0.849511519256154,0.00034665308586610686
FL-2025-000038-BOL,FL-2025-000038-BOL,0.44842412726043934,0.000328768133249475,1.0525186156126618,0.00034603458046529654
FL-2020-000154-CIV,FL-2020-000154-CIV,0.442280522108312,0.00028640337802729107,1.204144706950617,0.0003448711117043392
FL-2018-000144-PRK,FL-2018-000144-PRK,0.44748239456922523,0.00032192858013032217,1.0698843437963756,0.0003444263477020287
FL-2006-000047-COD,FL-2006-000047-COD,0.45006233209036195,0.000340978238122994,1.0080124870300073,0.00034371032183346927
FL-2023-000067-COD,FL-2023-000067-COD,0.4491573278542173,0.000334183416330935,1.0170068685630405,0.00033986682976842305
FL-2023-000259-COG,FL-2023-000259-COG,0.44221055228361505,0.0002859506035376009,1.1831497507677173,0.00033832238530739087
FF-2006-000069-IDN,FF-2006-000069-IDN,0.4524524275887088,0.00035952510947388745,0.9360516519312406,0.00033653407263379247
FL-2021-000173-IDN,FL-2021-000173-IDN,0.44786165081461765,0.0003246674617525214,1.033714069822925,0.00033561332322727775
FL-2016-000130-VCT,FL-2016-000130-VCT,0.44977947958818754,0.0003388413287679641,0.9845629160937495,0.00033361060674486765
FF-2006-000039-YEM,FF-2006-000039-YEM,0.45138825349825457,0.0003511579719677892,0.9450246075942967,0.00033185292466246904
FF-2018-000158-TUN,FF-2018-000158-TUN,0.44534613596338346,0.00030688586478082276,1.0728594544762617,0.00032924540147522935
LS-2010-000190-COL,LS-2010-000190-COL,0.45768307965253563,0.00040331889665094767,0.8035449578867475,0.0003240848658243152
FL-2007-000227-ZWE,FL-2007-000227-ZWE,0.44959939228083334,0.00033748708301877255,0.9473870176389487,0.0003197308810728232
FF-2009-000201-PHL,FF-2009-000201-PHL,0.45313646370280414,0.000364997685729032,0.8698163539289835,0.00031748095619334356
FF-2019-000029-IDN,FF-2019-000029-IDN,0.43774816122223403,0.0002583707256109356,1.2237138559090974,0.0003161718368913894
FF-2020-000055-SOM,FF-2020-000055-SOM,0.445209662161434,0.0003059467262224858,1.018212889069999,0.0003115189000085053
1995-09-01T00:00:00+00:00,1995-09-01T00:00:00+00:00,0.4447635289899866,0.00030289470053355207,1.02827893467495,0.0003114602399833289
FL-2008-000031-PER,FL-2008-000031-PER,0.44668541955588653,0.00031624070329112675,0.9634315068788812,0.00030467625730820744
FL-2020-000206-COD,FL-2020-000206-COD,0.4408408075880262,0.0002772157449480685,1.0973603002618633,0.00030420555311352855
FL-2018-000128-SDN,FL-2018-000128-SDN,0.4390483985848674,0.00026614847016550013,1.1360707994440626,0.000302363505271734
FL-2001-000407-IDN,FL-2001-000407-IDN,0.4501926054114586,0.0003419665072779033,0.8809214759172519,0.00030124564030551825
FF-2009-000196-IDN,FF-2009-000196-IDN,0.4487738501017922,0.0003313411902171315,0.9083004588291629,0.0003009573551032215
FF-2006-000163-AFG,FF-2006-000163-AFG,0.44307336873086756,0.0002915791543645935,1.0230726450626195,0.0002983066567009065
FF-2013-000084-GEO,FF-2013-000084-GEO,0.43558201082846376,0.0002458664975291135,1.2112001793088392,0.0002977935458932986
FL-2019-000131-CIV,FL-2019-000131-CIV,0.43910353076844977,0.00026648286702625544,1.1114192483318486,0.0002961741877636368
FL-2009-000011-PHL,FL-2009-000011-PHL,0.44729115539347375,0.00032055540674057133,0.9235680341481627,0.00029605472683895417
FL-2005-000109-PRK,FL-2005-000109-PRK,0.45244327887652314,0.00035945241912506686,0.8195300266309831,0.00029458205061813733
Indonesia: Floods and Landslides - Jan 1989,Indonesia: Floods and Landslides - Jan 1989,0.42832472125242194,0.0002078410889923153,1.3981220969467434,0.0002905872191736306
FF-2007-000082-PAK,FF-2007-000082-PAK,0.44176899275776127,0.00028310810310704196,1.0098825024924718,0.00028590591964163626
FL-2024-000009-COD,FL-2024-000009-COD,0.43924393084287644,0.00026733615311450227,1.0680154458218882,0.0002855191407528937
FL-2023-000042-SYR,FL-2023-000042-SYR,0.44455377268657725,0.0003014692372872261,0.9456166805369497,0.00028507433944755276
FL-2003-000481-HND,FL-2003-000481-HND,0.44208877192919593,0.00028516409940369873,0.9978785950240384,0.00028455915086425814
FL-2021-000190-EGY,FL-2021-000190-EGY,0.43617107159548574,0.0002492117888374957,1.1389708836250705,0.00028384497134202694
FL-2019-000033-PRY,FL-2019-000033-PRY,0.44518711173596187,0.00030579179570095356,0.9195954025807005,0.0002812047294734937
FL-2024-000045-KEN,FL-2024-000045-KEN,0.44030119996528483,0.00027384113776850736,1.0196971903586571,0.0002792350387871649
FF-2023-000107-GEO,FF-2023-000107-GEO,0.44496447732930455,0.0003042659929601296,0.9175232708403509,0.0002791711290662653
FL-2024-000216-DOM,FL-2024-000216-DOM,0.43629290601049675,0.00024990878063349103,1.0883570705604324,0.000271989988397596
Malaysia: Floods - Dec 1993,Malaysia: Floods - Dec 1993,0.4322388130307704,0.00022763425645230028,1.1835292726936872,0.0002694118059791592
FL-2009-000135-MEX,FL-2009-000135-MEX,0.4449114129754107,0.00030390333442560305,0.8826021815410172,0.0002682257459416266
FF-2020-000123-YEM,FF-2020-000123-YEM,0.43547625744233975,0.00024527021887087755,1.082595733416551,0.00026552849248375566
FL-2019-000133-SOM,FL-2019-000133-SOM,0.43691596030386676,0.0002535006606098212,1.0457655373343704,0.00026510225455724754
FL-2006-000018-IRQ,FL-2006-000018-IRQ,0.4381322932436067,0.00026064694997907816,1.0127814906988197,0.00026397840654591146
FL-2002-000478-PRK,FL-2002-000478-PRK,0.44454838628598337,0.00030143271199729204,0.874770461579816,0.0002636844326091269
FL-1997-000026-MOZ,FL-1997-000026-MOZ,0.4349445574905486,0.00024229196292854644,1.0827610863454504,0.00026234430899328454
FL-2008-000024-PHL,FL-2008-000024-PHL,0.44107199731559177,0.00027867298052556075,0.9337647066375215,0.00026021499390825397
FL-2013-000112-CAF,FL-2013-000112-CAF,0.43421380619546,0.0002382518496774662,1.0824256912336399,0.0002578899230748246
FL-2021-000078-GTM,FL-2021-000078-GTM,0.4338066830138141,0.0002360273783776185,1.0813671758288972,0.0002552322595745038
FL-2008-000205-IDN,FL-2008-000205-IDN,0.43941318072180413,0.0002683680432359646,0.9367613520933382,0.00025139681104036565
FL-2016-000091-NER,FL-2016-000091-NER,0.43736725103965146,0.0002561312744168975,0.9800336913410537,0.00025101727833468047
FF-2009-000069-IDN,FF-2009-000069-IDN,0.4427134578172266,0.00028921928006897274,0.8612099711014543,0.00024907852783018344
FF-2007-000091-AFG,FF-2007-000091-AFG,0.43574293250489715,0.0002467763397484885,0.9987067503482862,0.00024645719633305756
FL-2007-000003-PHL,FL-2007-000003-PHL,0.44214881078172547,0.00028555160963565683,0.8623711432091048,0.0002462514680467014
FL-2011-000043-VCT,FL-2011-000043-VCT,0.4339628424936427,0.0002368783951339033,1.0288152889065125,0.00024370411452539773
FL-2000-000770-IDN,FL-2000-000770-IDN,0.43955148017845674,0.0002692138932717197,0.9023361566151682,0.00024292142976220963
FL-2024-000144-MLI,FL-2024-000144-MLI,0.43379448912230945,0.00023596104172739799,1.0257206390657925,0.0002420301105152568
FL-2013-000157-BRA,FL-2013-000157-BRA,0.4351589580731569,0.000243488964242279,0.991056400942879,0.00024131129657126236
FL-2001-000696-BRA,FL-2001-000696-BRA,0.4396442926364437,0.00026978288597025515,0.8900444318591507,0.0002401187554687178
FL-2007-000210-PHL,FL-2007-000210-PHL,0.43769609107982865,0.0002580635580958645,0.9253870742606627,0.0002388086809996286
FL-2015-000161-ETH,FL-2015-000161-ETH,0.4408049732824739,0.0002769904890133725,0.8569191129543197,0.0002373584441421224
FL-2007-000127-MRT,FL-2007-000127-MRT,0.44129257837678404,0.00028006977067572607,0.8469121364760579,0.00023719448784533876
FL-2024-000165-CAF,FL-2024-000165-CAF,0.4313299444833323,0.00022289282820150914,1.047691057383914,0.0002335228228617302
FL-2006-000190-BDI,FL-2006-000190-BDI,0.4465646141202635,0.0003153864749397732,0.7328323699678426,0.0002311254178859176
FL-2015-000146-DZA,FL-2015-000146-DZA,0.43026892518057713,0.00021747023142037818,1.0586689531644526,0.00023022898224224302
FF-2011-000049-IRQ,FF-2011-000049-IRQ,0.4322705484388921,0.00022780144304157375,1.0077513232427067,0.00022956720566174403
FL-2018-000120-NGA,FL-2018-000120-NGA,0.43132012627429867,0.00022284209710207663,1.0265078744630958,0.00022874916743715148
FL-2023-000215-GHA,FL-2023-000215-GHA,0.4232893398000806,0.0001846602046625567,1.232207094616741,0.00022753961427858174
FL-2009-000206-HTI,FL-2009-000206-HTI,0.4366974781667461,0.00025223586585966366,0.8977256390746227,0.00022643860387640735
FF-2019-000018-AFG,FF-2019-000018-AFG,0.42492963817708784,0.00019194209692383583,1.1776802420532055,0.0002260464151654628
FL-2010-000127-AFG,FL-2010-000127-AFG,0.4289023771142065,0.0002106611896669612,1.0727052233242367,0.000225977358507447
FL-2022-000316-NER,FL-2022-000316-NER,0.4335469838173351,0.00023461819639486892,0.94956722049458,0.00022278574862812716
FL-2021-000208-IRQ,FL-2021-000208-IRQ,0.42934136118271693,0.00021282727695365154,1.0347036442805968,0.00022021315906625913
FL-2020-000242-COL,FL-2020-000242-COL,0.4263296998781265,0.00019836081517739815,1.1047518015144244,0.0002191394679171004
FL-2021-000039-BDI,FL-2021-000039-BDI,0.43003684352680827,0.00021630006739029885,1.0111286560166783,0.00021870719643666983
FF-2008-000141-ETH,FF-2008-000141-ETH,0.43067894584008054,0.0002195515025923146,0.9913523656532703,0.00021765290147762118
FL-2008-000191-CRI,FL-2008-000191-CRI,0.45121012737235666,0.0003497746960518378,0.6221635888955922,0.00021761708020047633
FL-2024-000020-PAK,FL-2024-000020-PAK,0.4245012305272866,0.00019001572146714872,1.1424260343540067,0.00021707890714063022
FL-2005-000051-AGO,FL-2005-000051-AGO,0.43185516461956996,0.0002256218612414127,0.9581450089193589,0.00021617846025155573
FL-2013-000028-NAM,FL-2013-000028-NAM,0.4280382695769386,0.00020645528119272508,1.0440048847146737,0.0002155403220403465
FL-2011-000170-COL,FL-2011-000170-COL,0.4413509609127142,0.0002804405206562282,0.7680165233769249,0.0002153829536884111
FF-2020-000240-ZMB,FF-2020-000240-ZMB,0.42089738984510183,0.00017448669844434068,1.2241109429031103,0.00021359107695675253
FL-2023-000216-KEN,FL-2023-000216-KEN,0.421727794893148,0.00017795994008656653,1.19256578459642,0.0002122289355760681
FL-2001-000524-MLI,FL-2001-000524-MLI,0.4303947765045713,0.00021810715792679457,0.9651997077307357,0.00021051696508492355
FL-2011-000007-ZAF,FL-2011-000007-ZAF,0.4255869535720349,0.0001949319652844676,1.0794985641478076,0.00021042877663109307
FL-2019-000067-UGA,FL-2019-000067-UGA,0.4264564019960873,0.00019895111826368164,1.0531125508651717,0.00020951791965214423
FF-2020-000221-SOM,FF-2020-000221-SOM,0.4156960755698009,0.00015408460349970355,1.35732395292219,0.00020914272310666596
FF-2019-000068-VNM,FF-2019-000068-VNM,0.42549921596865053,0.00019453047257849272,1.0739024148338638,0.00020890674426081606
FL-2009-000268-AGO,FL-2009-000268-AGO,0.43560975616548203,0.00024602315240320014,0.8462892322451147,0.00020820674476182708
FL-2012-000054-HTI,FL-2012-000054-HTI,0.4291876014496838,0.00021206630722797273,0.9604428383587891,0.00020367756603430112
FL-2004-000063-PRK,FL-2004-000063-PRK,0.42874368988203254,0.00020988307230464443,0.9650636272415313,0.00020255051905491674
FL-2024-000077-LKA,FL-2024-000077-LKA,0.42247869545070504,0.00018115408613302277,1.0924845776964491,0.00019790804528702156
FL-2001-000376-PAK,FL-2001-000376-PAK,0.42973648061227526,0.0002147940406551771,0.921151618596019,0.0001978578782142955
FL-2024-000074-ETH,FL-2024-000074-ETH,0.42237535690903805,0.00018071146956228634,1.0897711550904126,0.0001969341469229787
FL-2009-000132-GHA,FL-2009-000132-GHA,0.42538688069558145,0.000194017505938973,1.00457015880135,0.000194904196751356
FL-2015-000037-HTI,FL-2015-000037-HTI,0.4243527648964098,0.00018935220286834015,1.0256893838267023,0.00019421654428625654
FL-2008-000185-SOM,FL-2008-000185-SOM,0.4238232494349376,0.00018700265337747807,1.0367109285362797,0.00019386769442171335
Haiti: Floods - Nov 1986,Haiti: Floods - Nov 1986,0.44070291014014373,0.0002763498183327824,0.6982374406228651,0.0001929577898692757
FL-2017-000053-THA,FL-2017-000053-THA,0.42165796713395487,0.00017766550160768532,1.0792293459598103,0.00019174182309968386
FL-2016-000058-MMR,FL-2016-000058-MMR,0.4309300533177119,0.00022083496207887029,0.8641831978719268,0.0001908418637312438
FL-2003-000212-AZE,FL-2003-000212-AZE,0.42505816759853593,0.00019252345936096244,0.9848576335172745,0.00018960819858279663
FL-2007-000174-CAF,FL-2007-000174-CAF,0.43089892724919776,0.00022067550486911912,0.8591414557936258,0.00018959147451124835
FL-2010-000062-COD,FL-2010-000062-COD,0.4278988628603724,0.0002057838667445267,0.9191259563061089,0.000189141293313932
FL-2000-000002-AGO,FL-2000-000002-AGO,0.4301263631599011,0.0002167507555460139,0.8697971671955873,0.00018852919316142611
FL-2020-000193-SSD,FL-2020-000193-SSD,0.4285180209902293,0.00020878096739755393,0.8956131601804282,0.00018698698199645024
FL-2012-000042-COL,FL-2012-000042-COL,0.4202283323570842,0.00017173281852129012,1.0883756360583356,0.00018690981559019986
ST-1998-000296-PHL,ST-1998-000296-PHL,0.4192979332333012,0.00016796825763561494,1.108207062894622,0.00018614360945389197
FF-2008-000202-MAR,FF-2008-000202-MAR,0.4268860711216137,0.0002009647301569337,0.9260497109629775,0.00018610333027558123
FL-2022-000376-COD,FL-2022-000376-COD,0.41754844277206915,0.00016109003779971986,1.149086862190552,0.0001851064460654375
FF-2022-000209-AFG,FF-2022-000209-AFG,0.4203082760618874,0.00017205980067986842,1.0750035318817837,0.00018496489342573427
FL-2001-000314-GHA,FL-2001-000314-GHA,0.4227875426845824,0.00018248275315044994,1.0103874531958326,0.00018437828420784692
FL-2017-000137-SSD,FL-2017-000137-SSD,0.42306657782964585,0.00018369070253458338,1.0001222922331552,0.00018371316648080617
FL-2013-000030-COL,FL-2013-000030-COL,0.41730269746344906,0.00016014446030272817,1.1435152484315854,0.00018312763230801638
FL-2023-000190-SOM,FL-2023-000190-SOM,0.4221876548116378,0.00017990999833256857,1.0078577783264449,0.00018132369121817696
FL-1998-000272-PRK,FL-1998-000272-PRK,0.42749610401341953,0.0002038551142614127,0.8775464676728586,0.00017889233543714968
FF-2004-000060-VNM,FF-2004-000060-VNM,0.4059249285461377,0.0001214666989627525,1.463389408328373,0.00017775308072670297
FL-2024-000058-TZA,FL-2024-000058-TZA,0.41613299147434957,0.0001557117856053773,1.1379493905705245,0.00017719213153428727
FL-2006-000013-MWI,FL-2006-000013-MWI,0.4237232028556669,0.00018656168855176074,0.9463273276685,0.00017654842417251073
FL-2004-000021-COL,FL-2004-000021-COL,0.4323055081226061,0.00022798574348456145,0.7729927578880663,0.0001762313286152924
FL-2006-000115-HTI,FL-2006-000115-HTI,0.42538127635889383,0.0001939919462657884,0.9014960977071197,0.0001748829825452175
FF-2019-000054-YEM,FF-2019-000054-YEM,0.4133530629266515,0.00014561683949270508,1.2008192634195207,0.0001748595059411087
FL-2013-000023-ZMB,FL-2013-000023-ZMB,0.4168226392635949,0.00015831169237620298,1.0988875788119679,0.00017396675233291077
FL-2006-000031-PER,FL-2006-000031-PER,0.4269059428537105,0.00020105829971102523,0.8622372185675087,0.00017335994911274694
FL-2005-000205-PHL,FL-2005-000205-PHL,0.4150741569207545,0.0001517948175768773,1.1230443143849564,0.0001704723068328137
FL-2002-000510-MEX,FL-2002-000510-MEX,0.4255739600878913,0.0001948724592910696,0.867985419385465,0.00016914645330443602
FL-2006-000192-IDN,FL-2006-000192-IDN,0.424890027630773,0.00019176324983508387,0.875300643790321,0.00016785049603597308
FL-2009-000117-GTM,FL-2009-000117-GTM,0.4201910986298711,0.00017158071778135056,0.9753116506378312,0.00016734467307695289
FL-2012-000183-COL,FL-2012-000183-COL,0.41465880068833333,0.00015028265966948032,1.1081396423212708,0.0001665341727332272
FL-2015-000081-PHL,FL-2015-000081-PHL,0.4108289847430535,0.00013696536614825493,1.208181772549164,0.0001654790588508439
ST-2012-000061-VNM,ST-2012-000061-VNM,0.4036108913688036,0.00011471726143289041,1.4292565034998714,0.0001639603919666536
LS-2016-000051-IDN,LS-2016-000051-IDN,0.4250084982224833,0.00019229860793943095,0.8456727764380267,0.00016262169768130615
FF-2020-000140-IDN,FF-2020-000140-IDN,0.4151571098126937,0.00015209845366474358,1.0585469561406466,0.0001610033551605135
FL-2014-000154-IDN,FL-2014-000154-IDN,0.4189475328985953,0.00016656984164938784,0.9628039097423366,0.00016037409478519252
FL-2007-000125-PHL,FL-2007-000125-PHL,0.4216659656144211,0.00017769920606636254,0.8878873967487101,0.00015777688547857522
FL-2002-000077-PER,FL-2002-000077-PER,0.41260296082937836,0.0001429958393729263,1.099709656642364,0.00015725390541808742
FL-2023-000193-NGA,FL-2023-000193-NGA,0.40962120700303856,0.00013299163627456608,1.175681161425123,0.00015635576139510937
FL-2009-000089-BRA,FL-2009-000089-BRA,0.42224654613050683,0.0001801611139228682,0.8672804440779367,0.00015625021088860088
FL-2015-000011-PER,FL-2015-000011-PER,0.4163866684059807,0.00015666362128878257,0.9963773020475339,0.0001560960763087138
FL-2016-000085-MLI,FL-2016-000085-MLI,0.4169582299106025,0.00015882742813608976,0.9795200396753964,0.0001555746487094038
FF-2009-000107-THA,FF-2009-000107-THA,0.41472335053757026,0.00015051676832274156,1.0240911244438284,0.00015414288651928763
FL-2023-000068-YEM,FL-2023-000068-YEM,0.40859756696076815,0.00012970531193741116,1.1881661189135326,0.00015411145708714292
FL-2012-000005-BOL,FL-2012-000005-BOL,0.41352548157029695,0.000146225380709571,1.0536838020167862,0.0001540753150974128
FF-2012-000101-GAB,FF-2012-000101-GAB,0.40560675760289033,0.00012051797321159093,1.2741047244558878,0.00015355251905073614
FL-2011-000196-IDN,FL-2011-000196-IDN,0.40525763977696716,0.00011948464777562754,1.2683581214268749,0.00015154932339204677
FL-2014-000107-MMR,FL-2014-000107-MMR,0.4170025648786309,0.00015899638940577136,0.9521660688837085,0.00015139096706719664
FL-2014-000045-SLB,FL-2014-000045-SLB,0.40783638692565444,0.00012730917585754495,1.1890977676758543,0.00015138305681685946
FL-2003-000350-MNG,FL-2003-000350-MNG,0.4163087895061074,0.00015637085190801724,0.9653767569926166,0.0001509567859031344
FL-1998-000112-TZA,FL-1998-000112-TZA,0.42209252383758655,0.000179505020371965,0.840568897187044,0.00015088633701360046
FL-2011-000061-DOM,FL-2011-000061-DOM,0.41339874211668254,0.00014577783909954393,1.0300527521279053,0.0001501588643637442
FL-2001-000117-PER,FL-2001-000117-PER,0.4189198231698299,0.0001664597029985244,0.8990840283213932,0.00014966126032509602
FL-2009-000080-AFG,FL-2009-000080-AFG,0.41667937469283695,0.00015776840592096738,0.9418755588090846,0.00014859820548922964
FF-2008-000186-COD,FF-2008-000186-COD,0.41293642414620413,0.00014415573559093764,1.0305191131072475,0.00014855524079049594
FF-2011-000088-NGA,FF-2011-000088-NGA,0.40105756439285867,0.00010766315944409672,1.376295308125757,0.0001481763012009056
FL-2017-000130-GTM,FL-2017-000130-GTM,0.4054364492192685,0.00012001289083479049,1.201624894182623,0.0001442104772499058
FL-2012-000129-SDN,FL-2012-000129-SDN,0.41074458307578526,0.0001366842412925383,1.0523145824203366,0.00014383482029919797
FF-2009-000204-TUN,FF-2009-000204-TUN,0.4159375031611706,0.0001549818370977022,0.9155604613181987,0.00014189524226911412
FL-2020-000176-SDN,FL-2020-000176-SDN,0.41193649853337344,0.00014070279728338464,1.0057698073879717,0.0001415146253226586
FL-1992-000008-PAK,FL-1992-000008-PAK,0.4101832521516424,0.00013482773563030113,1.0486466674608446,0.00014138665565000704
FL-2009-000261-PER,FL-2009-000261-PER,0.41544214672897334,0.00015314595746211527,0.9204310126131963,0.00014096028870447225
FL-2009-000240-PAN,FL-2009-000240-PAN,0.41313686963002444,0.00014485701947696727,0.9710725385234801,0.0001406666736264438
FL-2009-000170-MRT,FL-2009-000170-MRT,0.4125268529088238,0.00014273229093031897,0.9832646092321282,0.00014034361026640652
FL-2001-000025-MWI,FL-2001-000025-MWI,0.4130226660005498,0.00014445708824214302,0.9654424418241856,0.00013946500401130642
FL-1999-000363-NIC,FL-1999-000363-NIC,0.4101656858014522,0.00013477000594908477,1.029066129374002,0.00013868724837773588
FL-2007-000144-LBR,FL-2007-000144-LBR,0.41075213866030535,0.00013670938623346876,1.013217513020149,0.00013851634432598622
FL-1997-000255-KEN,FL-1997-000255-KEN,0.41433931017263403,0.00014912875308573185,0.9285064149811921,0.00013846700389824826
FL-2014-000053-TZA,FL-2014-000053-TZA,0.40740849648457556,0.0001259797724260664,1.0970028156440832,0.00013820016506559568
FL-2005-000117-GTM,FL-2005-000117-GTM,0.4160961271667624,0.00015557389893183763,0.8832004049243507,0.000137402930532259
FL-2024-000104-MMR,FL-2024-000104-MMR,0.4181865345779042,0.00016356879194338932,0.8391419529408852,0.00013725743551155705
FL-2012-000210-MWI,FL-2012-000210-MWI,0.40864360957437074,0.00012985154385903596,1.055907660515866,0.000137111239890568
FL-2009-000139-PAK,FL-2009-000139-PAK,0.4113730195085169,0.0001387899580965141,0.9836480205002447,0.00013652046754694802
1996-10-01T00:00:00+00:00,1996-10-01T00:00:00+00:00,0.4153693892644019,0.00015287796023590608,0.8851967262744405,0.00013532706992033816
FF-2020-000204-TUN,FF-2020-000204-TUN,0.406800751313145,0.00012411305433336414,1.0850181584319483,0.0001346649176501511
FL-2017-000014-PER,FL-2017-000014-PER,0.4070673524050521,0.00012492884508504774,1.074057448678672,0.00013418075661841944
FL-2011-000129-MLI,FL-2011-000129-MLI,0.4138349861026212,0.00014732350291775235,0.9069557018258996,0.00013361589098422004
FL-2002-000321-HTI,FL-2002-000321-HTI,0.4099730102021913,0.00013413825954952983,0.9930427130308388,0.00013320502118429993
FL-2007-000051-TUN,FL-2007-000051-TUN,0.4059775953098851,0.00012162438807808692,1.093065903907382,0.0001329434716917563
FL-2024-000015-ECU,FL-2024-000015-ECU,0.40578497829217364,0.00012104856879417426,1.0902025804351165,0.0001319674620573865
FL-2017-000010-PHL,FL-2017-000010-PHL,0.40139208010553185,0.00010856453871753124,1.2076275140633692,0.00013110552400688865
FL-2000-000258-IDN,FL-2000-000258-IDN,0.41696287358093626,0.00015884511765814488,0.8250221660756472,0.00013105074304086372
FL-2007-000197-COD,FL-2007-000197-COD,0.4116330551560929,0.0001396697719875898,0.938197452018096,0.0001310378242027052
FL-2009-000239-BRA,FL-2009-000239-BRA,0.4150868881238168,0.000151841382687535,0.8575725982011251,0.00013021500906580072
FL-2008-000180-NIC,FL-2008-000180-NIC,0.4107751605478334,0.00013678602861069567,0.9285577138121239,0.00012701372200818735
FL-2001-000146-AGO,FL-2001-000146-AGO,0.4103966662329961,0.00013553087501312456,0.931842117402311,0.00012629337754561796
FL-2009-000226-PRY,FL-2009-000226-PRY,0.413099731904774,0.00014472685717586487,0.8690624710349184,0.00012577668012237484
FL-2024-000027-ARG,FL-2024-000027-ARG,0.4075892942133894,0.00012653995700495936,0.9890539476346332,0.0001251548440092718
FL-2007-000023-IDN,FL-2007-000023-IDN,0.41061583401187585,0.00013625640445722825,0.916897628320032,0.00012493317409024762
FL-2003-000571-DOM,FL-2003-000571-DOM,0.40763714891996283,0.00012668860499417224,0.9832757048107912,0.0001245698273671406
FL-2003-000273-TJK,FL-2003-000273-TJK,0.406853574717917,0.0001242743103367987,1.0016291954033019,0.00012447677747194792
FL-2006-000106-MRT,FL-2006-000106-MRT,0.41094354355080936,0.00013734777082458907,0.8996315305030165,0.0001235623852781026
FL-2020-000126-ETH,FL-2020-000126-ETH,0.3957235617183712,9.417141433005922e-05,1.305209086561218,0.0001229133856779146
FL-2007-000221-KEN,FL-2007-000221-KEN,0.40714782162109237,0.00012517602466301995,0.974842278689549,0.00012202688111979755
FF-2020-000191-AFG,FF-2020-000191-AFG,0.39739804157702174,9.823295879223273e-05,1.231578444091277,0.00012098159454782051
FF-2011-000066-TJK,FF-2011-000066-TJK,0.4047384059260951,0.00011796255450095705,1.0235216039879442,0.00012073722299333485
FL-2016-000097-PRK,FL-2016-000097-PRK,0.40404156765294535,0.00011594725589311512,1.034797506250793,0.0001199819312548181
FL-2006-000171-HTI,FL-2006-000171-HTI,0.4027631183096666,0.0001123303071312221,1.0599993219511736,0.00011907004939366251
Viet Nam: Floods - Oct 1996,Viet Nam: Floods - Oct 1996,0.39657995545935865,9.622935981881566e-05,1.2349455247629835,0.00011883801725905325
Tanzania: Floods - Feb 1993,Tanzania: Floods - Feb 1993,0.4113564075806453,0.00013873392258259334,0.8543614220163771,0.00011852891137957442
FL-2021-000153-UGA,FL-2021-000153-UGA,0.39672235682461354,9.657545283948302e-05,1.2225799823486727,0.00011807121542781022
FL-2022-000333-THA,FL-2022-000333-THA,0.40329595631392173,0.00011382526637888533,1.0333160681612519,0.00011761747671203692
FL-2011-000133-MEX,FL-2011-000133-MEX,0.41154601086462844,0.00013937470593321601,0.8391023593878815,0.00011694964458755372
FL-2014-000155-HTI,FL-2014-000155-HTI,0.4058172035750177,0.00012114473348467413,0.9609684498537625,0.0001164162667447145
FL-2008-000010-BRA,FL-2008-000010-BRA,0.4072002980323788,0.00012533745496869943,0.9286542498207508,0.0001163951602183997
FF-2017-000122-CMR,FF-2017-000122-CMR,0.39889632880783465,0.00010200005208673587,1.1398719755326612,0.00011626700087654195
OT-2004-000112-COL,OT-2004-000112-COL,0.4113448218568868,0.00013869485356182351,0.8326011254375424,0.0001154774911679694
FL-2023-000176-IDN,FL-2023-000176-IDN,0.4057270854961612,0.00012087598126406016,0.9542932210618613,0.00011535112950949316
FL-2022-000332-BEN,FL-2022-000332-BEN,0.3999775295018008,0.00010479870982576399,1.0977457972017661,0.00011504234326339984
FL-2009-000234-PHL,FL-2009-000234-PHL,0.3971096426137896,9.752238802349758e-05,1.1779017439562212,0.00011487179092765309
FL-2008-000158-PAN,FL-2008-000158-PAN,0.40665681622167354,0.00012367461347049114,0.9235086414861772,0.00011421457427246135
FL-2022-000135-ZMB,FL-2022-000135-ZMB,0.3954905320149602,9.361833439215317e-05,1.2189092023041321,0.00011411224929498092
FL-1999-000548-YEM,FL-1999-000548-YEM,0.4090118292231434,0.00013102636302872035,0.8676218575905326,0.00011368133648430983
FL-2009-000129-CAF,FL-2009-000129-CAF,0.40646800615545964,0.00012310159260551904,0.9175805861754851,0.00011295563150210792
FL-2019-000087-PAK,FL-2019-000087-PAK,0.39915149316537724,0.00010265440317932578,1.0947940580011841,0.00011238543062838373
FL-2000-000299-GTM,FL-2000-000299-GTM,0.4083152420846545,0.00012881188064475633,0.8719053948333257,0.0001123117736527895
FL-2014-000006-PHL,FL-2014-000006-PHL,0.4025024458397955,0.00011160540746385587,1.0048551818492002,0.00011214727201244697
FL-2024-000159-NGA,FL-2024-000159-NGA,0.39764084683564604,9.883480283094606e-05,1.132341007881133,0.00011191470025132651
Sri Lanka: Monsoon Floods - Jul 1984,Sri Lanka: Monsoon Floods - Jul 1984,0.39561638685133926,9.391667799178369e-05,1.189364350972239,0.00011170114876516656
Tanzania: Floods - Apr 1989,Tanzania: Floods - Apr 1989,0.4065645877141512,0.0001233944093655693,0.8981542921589569,0.00011082721840010547
FL-1998-000392-IND,FL-1998-000392-IND,0.3941837813942791,9.057065605407812e-05,1.2193931606788748,0.00011044123855054159
FL-2018-000004-COD,FL-2018-000004-COD,0.39806530237793436,9.989488165541941e-05,1.1027004698435565,0.00011015413293639746
FL-2010-000136-YEM,FL-2010-000136-YEM,0.3895265727861493,8.042126458658305e-05,1.363769613347829,0.00010967607691018782
FL-2010-000015-PSE,FL-2010-000015-PSE,0.39768964058525297,9.89561481218563e-05,1.1058643718376864,0.00010943207858225367
FL-2024-000120-NER,FL-2024-000120-NER,0.3989293394335888,0.00010208449356870889,1.0706246794411112,0.00010929417820290713
FL-1995-000012-PHL,FL-1995-000012-PHL,0.3908613751019916,8.3219970206526e-05,1.3115398697141116,0.00010914630888227936
FL-1997-000295-COD,FL-1997-000295-COD,0.4009297540505874,0.00010732054656996344,1.0129914858035072,0.00010871479992715174
FL-2022-000261-GEO,FL-2022-000261-GEO,0.39877415524114146,0.00010168807757436995,1.0491729788203328,0.0001066883832592148
FL-2004-000116-CAF,FL-2004-000116-CAF,0.40786608053859,0.00012740189706387535,0.8356212418186781,0.00010645973143457093
FF-2012-000107-SLB,FF-2012-000107-SLB,0.3910455286231367,8.361289169857133e-05,1.2688330044270801,0.00010609079658273433
FL-2005-000002-GUY,FL-2005-000002-GUY,0.39879208487228346,0.00010173380768585988,1.0423752684972483,0.00010604480510179562
1987-07-01-CO-Flood,1987-07-01-CO-Flood,0.4193262796127763,0.0001680818460970256,0.6275028689316593,0.00010547184064121318
FL-2020-000172-MMR,FL-2020-000172-MMR,0.4102208138529433,0.00013495125229093794,0.7811222104463353,0.00010541342049199852
FL-2001-000320-TLS,FL-2001-000320-TLS,0.4017589854576922,0.00010956099977921817,0.9542028064575442,0.00010454341346762436
FF-2016-000034-YEM,FF-2016-000034-YEM,0.39872344630446654,0.00010155884290551431,1.0241076022751958,0.00010400718309780955
FL-2020-000019-MDG,FL-2020-000019-MDG,0.3977750429205012,9.91688581531341e-05,1.043786590716556,0.00010351112435691358
FL-2024-000059-YEM,FL-2024-000059-YEM,0.3958756566414612,9.453398540933205e-05,1.0930394963322032,0.00010332937979809216
FL-2011-000122-NER,FL-2011-000122-NER,0.39771132607142234,9.901012083325707e-05,1.0388296068906175,0.00010285464490340499
Indonesia: Floods - Nov 1987,Indonesia: Floods - Nov 1987,0.3949458024118828,9.233684341997357e-05,1.113651344896523,0.00010283104985815323
FL-2024-000223-LBY,FL-2024-000223-LBY,0.39999501220490424,0.00010484452552808481,0.9752075934483906,0.00010224517742648193
FL-2011-000063-HTI,FL-2011-000063-HTI,0.3933311712452525,8.863059265452703e-05,1.148278435508363,0.00010177259827151931
FL-2002-000265-KEN,FL-2002-000265-KEN,0.40177374534229726,0.00010960125712607787,0.9272835596446518,0.00010163144384939825
FL-2024-000214-COL,FL-2024-000214-COL,0.3882596469015574,7.784353548374062e-05,1.3048261520736573,0.00010157228086905848
FF-2021-000090-SDN,FF-2021-000090-SDN,0.3921515154200814,8.60080252313457e-05,1.1734838122689721,0.0001009290253342055
FL-1999-000071-MOZ,FL-1999-000071-MOZ,0.3981704415372275,0.00010015904323739918,1.007486678899522,0.00010090890183300093
FL-2003-000027-TUN,FL-2003-000027-TUN,0.40236702339898817,0.00011123047770901597,0.9069463005317308,0.00010088007026456918
FL-2011-000106-GHA,FL-2011-000106-GHA,0.3984983155729312,0.00010098686725109413,0.9978910966803896,0.00010077389571151123
Burundi: Floods - Feb 1989,Burundi: Floods - Feb 1989,0.41506701335349483,0.00015176869519620967,0.6606774662799159,0.00010027015700284065
FL-2022-000365-PAN,FL-2022-000365-PAN,0.38979588464696996,8.097901623680862e-05,1.231111202769136,9.969417407835885e-05
FL-2007-000009-PER,FL-2007-000009-PER,0.39634788122452724,9.566771676300529e-05,1.031150965068591,9.864785846608153e-05
FL-2001-000521-TCD,FL-2001-000521-TCD,0.3963859072404512,9.575954097315191e-05,1.0298042380611858,9.861358112894561e-05
FL-2016-000009-IDN,FL-2016-000009-IDN,0.39202270379921766,8.572592836205185e-05,1.1491797495702376,9.851450088677887e-05
FL-2008-000011-TZA,FL-2008-000011-TZA,0.4011402087831275,0.00010788522261810853,0.9097876410731471,9.81526421923803e-05
FL-2022-000356-ETH,FL-2022-000356-ETH,0.3977882242195456,9.920172520551298e-05,0.9852801574957187,9.774149143433483e-05
name,name,0.39179517921657886,8.522968430957827e-05,1.1460299969121097,9.767577484612608e-05
FL-2012-000110-IND,FL-2012-000110-IND,0.40100762689516206,0.00010752917824643608,0.9076110411740193,9.759466942483455e-05
FL-2023-000014-ZMB,FL-2023-000014-ZMB,0.3895924475419448,8.055737249343129e-05,1.206847055818516,9.722042781817307e-05
FL-2023-000111-MNG,FL-2023-000111-MNG,0.3995075774874152,0.00010357387152774588,0.9369855719118949,9.70472232485541e-05
FL-2023-000241-TZA,FL-2023-000241-TZA,0.39629332402677053,9.553611190329788e-05,1.0126708213468447,9.674663290939674e-05
FL-2013-000045-AFG,FL-2013-000045-AFG,0.3892935489744671,7.994145902339803e-05,1.2079080109237867,9.656192875929812e-05
FL-2019-000058-TJK,FL-2019-000058-TJK,0.39861570039292016,0.0001012847367950025,0.9455169340537894,9.576643380085581e-05
FL-1997-000270-ETH,FL-1997-000270-ETH,0.39252392562568483,8.682830750860375e-05,1.0963520332427232,9.519439148008213e-05
FL-1999-000574-VNM,FL-1999-000574-VNM,0.3918094498894405,8.526073329600196e-05,1.114647519535003,9.503566488212402e-05
FL-2022-000328-HND,FL-2022-000328-HND,0.3917754998002466,8.518688410508181e-05,1.1114267603705184,9.467898262696988e-05
FL-2003-000505-VNM,FL-2003-000505-VNM,0.3842813358563568,7.022518912220481e-05,1.3351682599699068,9.376244356635182e-05
FL-2011-000161-SOM,FL-2011-000161-SOM,0.39599813920318183,9.482687785548836e-05,0.9834528228611097,9.325776071008568e-05
FL-2024-000035-IRQ,FL-2024-000035-IRQ,0.39719936173860304,9.774294485087831e-05,0.9517697258080438,9.30287758203912e-05
FL-2004-000055-TJK,FL-2004-000055-TJK,0.38806840324720454,7.74609531661033e-05,1.196880781045007,9.271152612593644e-05
FL-2019-000120-PHL,FL-2019-000120-PHL,0.38704716848101567,7.544647375728244e-05,1.2286625910741495,9.269825993403046e-05
FL-2005-000150-NGA,FL-2005-000150-NGA,0.3940637704669596,9.02952873208687e-05,1.0189791202777432,9.200901243944485e-05
FL-2018-000124-MMR,FL-2018-000124-MMR,0.390861630448932,8.322051387823672e-05,1.1043679108475906,9.19060650513712e-05
FF-2018-000041-SOM,FF-2018-000041-SOM,0.394385399788278,9.103497748665307e-05,1.009447103436575,9.189499433531577e-05
FL-2004-000120-CRI,FL-2004-000120-CRI,0.40732448720112846,0.00012572023794643462,0.7305869676266675,9.184956741058876e-05
FL-2013-000087-MMR,FL-2013-000087-MMR,0.39875279915431555,0.00010163363231752485,0.8995776132921189,9.142734039040777e-05
FL-2015-000113-PRK,FL-2015-000113-PRK,0.3872129749264256,7.57703013265102e-05,1.2051154702949778,9.131196231748952e-05
FL-2019-000153-COD,FL-2019-000153-COD,0.3888539042570572,7.90432225921559e-05,1.1527833414890951,9.111971026185181e-05
FL-2015-000171-PRY,FL-2015-000171-PRY,0.3921565820842309,8.601913826031442e-05,1.0574697968975482,9.09626406654368e-05
FF-2023-000136-VNM,FF-2023-000136-VNM,0.38654673969984266,7.447665211934618e-05,1.2027362338812573,8.957576808210697e-05
FF-2015-000115-MKD,FF-2015-000115-MKD,0.3860091428506346,7.344731315865334e-05,1.2098817209656998,8.886256164469819e-05
FL-2010-000151-COD,FL-2010-000151-COD,0.3907204667697042,8.292044247810929e-05,1.0701901252471506,8.874063872119693e-05
FL-2000-000265-COL,FL-2000-000265-COL,0.3986279081568762,0.00010131575992263434,0.8757434779822016,8.872661596905756e-05
FL-2021-000005-IDN,FL-2021-000005-IDN,0.3922952714714003,8.63238365894928e-05,1.0205820190497432,8.810055543862466e-05
FL-2021-000007-SYR,FL-2021-000007-SYR,0.390998144576082,8.351163091793128e-05,1.0486817242043107,8.75771211021302e-05
FL-2019-000119-CMR,FL-2019-000119-CMR,0.38333327619241075,6.851177336231011e-05,1.2776900520050807,8.753681127025032e-05
FL-2005-000064-ETH,FL-2005-000064-ETH,0.39622069997808596,9.53611783394925e-05,0.9153081224890242,8.728486110426188e-05
FL-2011-000109-PAK,FL-2011-000109-PAK,0.38450554670289405,7.063599890945231e-05,1.2338103813705061,8.715142875295802e-05
FL-1991-000009-VNM,FL-1991-000009-VNM,0.38659731608337317,7.457415593785042e-05,1.1677435677731713,8.708349091853829e-05
FL-2008-000154-MEX,FL-2008-000154-MEX,0.3924284491332458,8.661733962743193e-05,1.0007930921827906,8.668603516238456e-05
FF-2008-000092-KEN,FF-2008-000092-KEN,0.3921046689641504,8.590533518089309e-05,1.0067078859630323,8.648157837290259e-05
FL-2022-000207-VEN,FL-2022-000207-VEN,0.38923197726683845,7.981511142803098e-05,1.080082826119319,8.620693111821605e-05
FL-2006-000151-PAN,FL-2006-000151-PAN,0.39695510788693394,9.714354474741134e-05,0.8861876983942245,8.608741433356482e-05
FL-2021-000023-DZA,FL-2021-000023-DZA,0.3907326889466626,8.294638457944487e-05,1.0374171325327366,8.605000044436529e-05
FL-2005-000108-PAK,FL-2005-000108-PAK,0.3943298162688291,9.090675680492647e-05,0.9455697739530514,8.595868148283934e-05
FL-2013-000041-GHA,FL-2013-000041-GHA,0.39347999674910406,8.896651757885517e-05,0.9596316941627985,8.537508998796118e-05
FL-2005-000194-COL,FL-2005-000194-COL,0.39764481308918,9.884466151334042e-05,0.863710436619626,8.537316575320639e-05
FL-2013-000070-IND,FL-2013-000070-IND,0.3888240990930501,7.898265784639687e-05,1.077139003407864,8.507530135917224e-05
FL-2005-000020-COL,FL-2005-000020-COL,0.4000216044005975,0.00010491424840690628,0.8080937942240005,8.47805530632962e-05
FL-2010-000107-PHL,FL-2010-000107-PHL,0.3897837071530571,8.095372138646155e-05,1.0440934584066572,8.452325093327961e-05
FL-2006-000158-PRK,FL-2006-000158-PRK,0.39150224838470027,8.459459302128004e-05,0.9986709167128025,8.448215976150819e-05
FL-2008-000232-CRI,FL-2008-000232-CRI,0.4108649833371312,0.00013708542839853215,0.615992904616921,8.444365121986677e-05
India: Floods - Oct 1996,India: Floods - Oct 1996,0.41243382839087017,0.00014241075701901376,0.5918800598424082,8.429008738661652e-05
FL-2011-000120-SDN,FL-2011-000120-SDN,0.39056722337943894,8.259579590256959e-05,1.019268556883517,8.41872976942576e-05
Djibouti: Floods - Apr 2004,Djibouti: Floods - Apr 2004,0.39162209434511785,8.485390947615341e-05,0.9882468827637481,8.385661153012587e-05
FL-2007-000107-TLS,FL-2007-000107-TLS,0.39111700745761124,8.376585267169715e-05,0.9959528083511522,8.342683621230564e-05
FL-2024-000212-HTI,FL-2024-000212-HTI,0.3951816838524953,9.288980989796701e-05,0.8913366497024602,8.279609194595234e-05
FF-2013-000088-AFG,FF-2013-000088-AFG,0.3852297268774076,7.197769385134147e-05,1.1438540269668271,8.233197496364238e-05
FL-2009-000186-TCD,FL-2009-000186-TCD,0.39218949036165324,8.609134948885371e-05,0.9539321905487659,8.21253096052016e-05
2012-000020-MDG,2012-000020-MDG,0.387678813527913,7.668681072732309e-05,1.0660663642203847,8.175322949573412e-05
FL-2024-000116-LBR,FL-2024-000116-LBR,0.39241369685448213,8.658478370533806e-05,0.9411318740645284,8.148769975407665e-05
FL-2023-000158-GIN,FL-2023-000158-GIN,0.38031383922865686,6.330256273020928e-05,1.2862993830803735,8.142604738727485e-05
FF-2007-000083-IND,FF-2007-000083-IND,0.3948572297539297,9.212997273494725e-05,0.8813888050539815,8.120232657851106e-05
FL-2011-000020-BOL,FL-2011-000020-BOL,0.3900106339225462,8.142625958780248e-05,0.9970007790304958,8.118204424257846e-05
FL-2020-000196-NGA,FL-2020-000196-NGA,0.38820323753543384,7.773051228498489e-05,1.0372433952384017,8.062546047609802e-05
FL-2009-000100-DOM,FL-2009-000100-DOM,0.39203396377644695,8.575055440450536e-05,0.9379811605173907,8.043240453534758e-05
FL-2007-000011-ZMB,FL-2007-000011-ZMB,0.3861852644525435,7.37831147917818e-05,1.0897552028147803,8.040553322422439e-05
FL-2014-000168-MYS,FL-2014-000168-MYS,0.3873332322394212,7.600595143550501e-05,1.0559033797109114,8.025494099889314e-05
FL-2017-000134-CAF,FL-2017-000134-CAF,0.38773826561994296,7.680449419937278e-05,1.0409891559456468,7.99526455894374e-05
FL-2019-000031-SYR,FL-2019-000031-SYR,0.38269673202150817,6.738256462728927e-05,1.178799139258512,7.943050918367965e-05
FF-2025-000055-SOM,FF-2025-000055-SOM,0.37853405715465827,6.0401760336763134e-05,1.306794101216083,7.893266411114964e-05
FL-2018-000058-COL,FL-2018-000058-COL,0.38894146045762984,7.922138052633983e-05,0.991294406755453,7.853171141120604e-05
FL-1997-000025-MWI,FL-1997-000025-MWI,0.3884406392505045,7.82071755471735e-05,0.9993439480764741,7.815586757922225e-05
FL-1998-000111-TJK,FL-1998-000111-TJK,0.3865712489531731,7.452388801240443e-05,1.0388109267052203,7.741622916784191e-05
FL-2000-000038-PHL,FL-2000-000038-PHL,0.38141324222244866,6.515648864982907e-05,1.1869100960213697,7.73348941997839e-05
FL-2008-000197-COL,FL-2008-000197-COL,0.3927588644009418,8.734940612898906e-05,0.8805586057383387,7.69162712730145e-05
FL-2020-000202-GIN,FL-2020-000202-GIN,0.38348635818213617,6.878586347225938e-05,1.1057838285302726,7.60622954591156e-05
FF-2012-000062-KEN,FF-2012-000062-KEN,0.384123380423838,6.993706804989561e-05,1.0853007035511752,7.590274915885812e-05
FL-2008-000155-CHL,FL-2008-000155-CHL,0.38351136310365763,6.883072790733279e-05,1.1026017644863366,7.589288204150407e-05
Iran: Flash Floods - Jul 1996,Iran: Flash Floods - Jul 1996,0.3863339529094457,7.406768610169143e-05,1.0233099144994446,7.579419753189357e-05
FF-2012-000102-PHL,FF-2012-000102-PHL,0.3756083377285789,5.589233345579276e-05,1.350990691185349,7.551002220740348e-05
FL-2012-000140-MMR,FL-2012-000140-MMR,0.3868545263996732,7.507179963049149e-05,1.0027197916590813,7.527597928495872e-05
FL-1998-000251-SDN,FL-1998-000251-SDN,0.38216808920571177,6.645753201699204e-05,1.131419011075252,7.519131515316704e-05
FL-2003-000578-COL,FL-2003-000578-COL,0.39899579437935595,0.00010225467677010491,0.7317903843038479,7.482898921046083e-05
FL-2012-000175-GMB,FL-2012-000175-GMB,0.3782332963501076,5.992355590412769e-05,1.2465158816556456,7.46956641197751e-05
FF-2007-000185-TUN,FF-2007-000185-TUN,0.38974660840153413,8.087670441627855e-05,0.9208073231488003,7.44718616986502e-05
FL-2007-000068-COL,FL-2007-000068-COL,0.3959516410687608,9.471559087231924e-05,0.7818122360681077,7.404980789039996e-05
FL-2011-000084-IND,FL-2011-000084-IND,0.3936282021206091,8.930218105989294e-05,0.8290193075518719,7.403323230514433e-05
FL-2003-000531-IDN,FL-2003-000531-IDN,0.3905023469623453,8.245870002417939e-05,0.8955935776847792,7.384948216589081e-05
FL-2009-000251-SAU,FL-2009-000251-SAU,0.3863607554210654,7.411908774230469e-05,0.9956156226188847,7.379412169049842e-05
FL-2011-000187-COD,FL-2011-000187-COD,0.38302530872020135,6.796333986804972e-05,1.0853096249747856,7.376126690422694e-05
FL-2019-000011-IDN,FL-2019-000011-IDN,0.38648156117778487,7.43511667394764e-05,0.9907720767246441,7.366505987737131e-05
FL-2007-000161-UGA,FL-2007-000161-UGA,0.3878473284667906,7.702080319261904e-05,0.9520505600973528,7.332769881868094e-05
FL-2007-000040-HTI,FL-2007-000040-HTI,0.38517022165458487,7.186658942487723e-05,1.019159487257912,7.324351642923275e-05
FL-2023-000085-HTI,FL-2023-000085-HTI,0.38293480825044046,6.780292805166652e-05,1.0690779120906408,7.248661275510758e-05
FL-2004-000100-PAN,FL-2004-000100-PAN,0.38413729680048986,6.996240962810473e-05,1.0286129960378907,7.196424377759497e-05
FL-2009-000174-NER,FL-2009-000174-NER,0.38807614650007916,7.747641058551963e-05,0.9234579036877298,7.15462037045538e-05
FL-2021-000096-PAN,FL-2021-000096-PAN,0.3835472304162408,6.889512788936739e-05,1.037436087285692,7.147429191059266e-05
FL-2013-000145-COL,FL-2013-000145-COL,0.38986990597953053,8.113292498191404e-05,0.8790758244423693,7.1321992917897e-05
FL-2009-000140-MNG,FL-2009-000140-MNG,0.38257515817206594,6.716881164162737e-05,1.0589605890169638,7.112912433958721e-05
FF-2022-000278-MNG,FF-2022-000278-MNG,0.3807900842808868,6.40997460500649e-05,1.1090906111433032,7.109242652079702e-05
FF-2008-000082-PHL,FF-2008-000082-PHL,0.38379966686778955,6.934991520411203e-05,1.0221858264656736,7.088850038823964e-05
FL-2005-000137-CAF,FL-2005-000137-CAF,0.3918074706032378,8.525642631573586e-05,0.8291581427948438,7.069106010528099e-05
FL-2022-000254-PAK,FL-2022-000254-PAK,0.38019581149365295,6.310638179373324e-05,1.1182281796262044,7.056733443600256e-05
1996-07-01-CO-Flood,1996-07-01-CO-Flood,0.39441740505617834,9.110888141610251e-05,0.7739776904641869,7.051624161921049e-05
FL-2003-000051-PER,FL-2003-000051-PER,0.38584173110343656,7.31293939159234e-05,0.9636886445289713,7.047396649806142e-05
Iran: Floods - Feb 1993,Iran: Floods - Feb 1993,0.3895078801483783,8.038268028745156e-05,0.8761089187768762,7.042398311502652e-05
FL-2015-000080-MMR,FL-2015-000080-MMR,0.3756446472261775,5.5946387250309425e-05,1.2536908885177969,7.013947594120116e-05
FL-2009-000218-KEN,FL-2009-000218-KEN,0.3846657081374492,7.093077728782802e-05,0.985242574761118,6.98840216448671e-05
FF-2006-000022-TLS,FF-2006-000022-TLS,0.3777612939008238,5.917994711748507e-05,1.1802888753635958,6.984943322737353e-05
FL-2008-000166-GTM,FL-2008-000166-GTM,0.38484398357665794,7.126019631457951e-05,0.9801994697852303,6.984920664434225e-05
Indonesia: Floods - Feb 1993,Indonesia: Floods - Feb 1993,0.375149725162819,5.521363325227185e-05,1.260456071218516,6.959435924685859e-05
FL-2020-000165-NPL,FL-2020-000165-NPL,0.3809887511048598,6.443495519960619e-05,1.0774034394387852,6.942244235213975e-05
Pakistan: Floods - Aug 1996,Pakistan: Floods - Aug 1996,0.3855062876222267,7.249610236172364e-05,0.9536055804790171,6.913268777511772e-05
FF-2013-000029-SRB,FF-2013-000029-SRB,0.3771080310381558,5.816447521703199e-05,1.161108725475724,6.753527968721235e-05
FL-2001-000571-PRK,FL-2001-000571-PRK,0.3856121701708479,7.269546529359573e-05,0.9280032109549476,6.74616252143208e-05
FL-1999-000229-TJK,FL-1999-000229-TJK,0.38499744926661916,7.154487376808e-05,0.9422253837707331,6.741139614295783e-05
FL-2016-000084-PHL,FL-2016-000084-PHL,0.38203147209348487,6.62203420235788e-05,1.015846385922298,6.726969511919099e-05
FL-2015-000009-ALB,FL-2015-000009-ALB,0.3766428052630373,5.74508896530421e-05,1.1668042059205903,6.703393968104925e-05
FL-2011-000156-HTI,FL-2011-000156-HTI,0.38385158034663835,6.944377634625668e-05,0.9608791245942916,6.67270750241129e-05
FL-2006-000125-THA,FL-2006-000125-THA,0.37873550704487374,6.072397994325095e-05,1.0964339239819898,6.657983160898228e-05
FL-2018-000414-IRQ,FL-2018-000414-IRQ,0.37292312450427867,5.2022730440038246e-05,1.279393971195808,6.655756769012957e-05
FL-2019-000051-LBY,FL-2019-000051-LBY,0.37667220499903586,5.749575004537682e-05,1.1558008867153804,6.64536388848124e-05
FL-2002-000445-VEN,FL-2002-000445-VEN,0.3816211440910384,6.551251800556983e-05,1.0122910677483703,6.631773680274262e-05
FF-2012-000148-PAK,FF-2012-000148-PAK,0.37281327419554394,5.1869692361599084e-05,1.2682719122340163,6.578487391843541e-05
FL-2009-000102-HTI,FL-2009-000102-HTI,0.3856470867322179,7.276131669526161e-05,0.9021112794083416,6.563880449539798e-05
FL-2013-000074-HTI,FL-2013-000074-HTI,0.37226595094499665,5.1113209946613226e-05,1.2836627123722097,6.561212171811975e-05
FL-2009-000192-MEX,FL-2009-000192-MEX,0.38296035422960356,6.784817367091828e-05,0.966761847016349,6.559302569478298e-05
FL-2011-000115-KEN,FL-2011-000115-KEN,0.377941152862465,5.946231797401832e-05,1.1017053333721223,6.5509952846645e-05
FL-2010-000139-SDN,FL-2010-000139-SDN,0.3904393296065783,8.232572880422107e-05,0.793326664779713,6.531119585781186e-05
FL-2012-000106-BGD,FL-2012-000106-BGD,0.37161366526696277,5.0224631419367766e-05,1.2962702877560353,6.510469742242467e-05
FL-2023-000249-AGO,FL-2023-000249-AGO,0.37911399881493957,6.133356529936924e-05,1.0611307451784342,6.508293185056984e-05
LS-2010-000040-UGA,LS-2010-000040-UGA,0.3876191346406632,7.656884156428395e-05,0.848757747990263,6.49883975323249e-05
FL-2008-000167-VCT,FL-2008-000167-VCT,0.37657554109684066,5.7348371245604564e-05,1.1194341065259241,6.419772272604035e-05
Philippines: Floods - Feb 1989,Philippines: Floods - Feb 1989,0.37670157035038454,5.7540589439419984e-05,1.1089965925561163,6.381231762198722e-05
FL-2023-000199-SDN,FL-2023-000199-SDN,0.3772830838584046,5.843503828447801e-05,1.0919778288263946,6.380976623327155e-05
FL-2019-000062-SSD,FL-2019-000062-SSD,0.378147278158836,5.978741654151859e-05,1.0669924753090707,6.37927235679694e-05
FL-2003-000037-MDG,FL-2003-000037-MDG,0.37250130842260953,5.143728361725653e-05,1.2347603990507627,6.351272084533093e-05
Djibouti: Floods - Apr 1989,Djibouti: Floods - Apr 1989,0.3797651450572303,6.239517767040954e-05,1.0077916813703185,6.288134101386178e-05
FL-2019-000156-DJI,FL-2019-000156-DJI,0.377806560824437,5.9250900367521035e-05,1.0579254007457344,6.268303251585527e-05
El Salvador: Floods - Oct 2018,El Salvador: Floods - Oct 2018,0.3690268569736721,4.6835994161466354e-05,1.3349509665500126,6.252375567518025e-05
FL-2002-000732-IDN,FL-2002-000732-IDN,0.38304509636547546,6.799845888279584e-05,0.9190515020515428,6.249408577342359e-05
Paraguay: Floods - Jun 1995,Paraguay: Floods - Jun 1995,0.3785168631163742,6.0374329834702426e-05,1.0277326980250474,6.204867289247283e-05
FL-2009-000208-AZE,FL-2009-000208-AZE,0.38203876590964514,6.623298602112795e-05,0.9365765261408021,6.203225996360032e-05
FL-2024-000055-SOM,FL-2024-000055-SOM,0.3759881160244024,5.646004014537877e-05,1.0908371669471635,6.15887102379081e-05
FF-2013-000091-SDN,FF-2013-000091-SDN,0.37034860926973884,4.854082812783694e-05,1.2681994555499518,6.15594518036666e-05
Pakistan: Floods - Jul 1993,Pakistan: Floods - Jul 1993,0.3771462271823711,5.8223415133115385e-05,1.0550156272267153,6.142661283594515e-05
FL-2002-000026-SEN,FL-2002-000026-SEN,0.37684842845152056,5.776530689397353e-05,1.0546693276059735,6.092329738081977e-05
1988-08-01T00:00:00+00:00,1988-08-01T00:00:00+00:00,0.38615334600062556,7.372215526521052e-05,0.8249538870093336,6.081737854474102e-05
FL-2015-000153-IRQ,FL-2015-000153-IRQ,0.37768405555914353,5.905905708271991e-05,1.028424531293494,6.073778309893194e-05
FL-2009-000247-MYS,FL-2009-000247-MYS,0.3794106384823207,6.181516619382417e-05,0.9816944353369297,6.0683604671904685e-05
FL-2008-000102-CIV,FL-2008-000102-CIV,0.37846677603500856,6.0294487316619284e-05,1.005572576008324,6.063048293007408e-05
FL-2008-000187-BDI,FL-2008-000187-BDI,0.3930630866116426,8.802835824063702e-05,0.6853457474951481,6.0329860979200055e-05
FL-2019-000103-LAO,FL-2019-000103-LAO,0.37255344643020183,5.150932436494964e-05,1.1650939839327012,6.001320393404093e-05
FL-1997-000530-PER,FL-1997-000530-PER,0.37769708803501767,5.907943933745762e-05,1.015600331174714,6.000109815673838e-05
FF-2014-000048-KAZ,FF-2014-000048-KAZ,0.3727977221283232,5.184805875611093e-05,1.1524100484085351,5.975022390101837e-05
FL-2019-000034-BOL,FL-2019-000034-BOL,0.3704174803373149,4.863117159177377e-05,1.2187179470762803,5.926768160624086e-05
LS-2022-000283-LKA,LS-2022-000283-LKA,0.37848235251773166,6.03193071967048e-05,0.9815867798894264,5.920863451637457e-05
Colombia: Floods and Landslides - Mar-Jul 2014,name=Colombia: Floods and Landslides - Mar-Jul 2014,0.3910448711675049,8.361148594536328e-05,0.7070564559739085,5.9118040931240824e-05
FF-2023-000044-SOM,FF-2023-000044-SOM,0.3768381219114823,5.774951043214384e-05,1.022945092337183,5.9074578281436494e-05
FL-2020-000050-AFG,FL-2020-000050-AFG,0.3679574565821995,4.5496300359289435e-05,1.297519598929159,5.903234139494578e-05
FL-2006-000068-CHN,FL-2006-000068-CHN,0.3931152617666104,8.814527681761609e-05,0.6678237967185123,5.8865513427144644e-05
FL-2009-000183-NGA,FL-2009-000183-NGA,0.37870642834115165,6.067737315213598e-05,0.9656932233895635,5.859572806609756e-05
FF-2011-000143-SSD,FF-2011-000143-SSD,0.3783666330963188,6.0135136931659655e-05,0.9738577503891034,5.856306917160676e-05
FL-2005-000160-MMR,FL-2005-000160-MMR,0.3887868367432171,7.890699868447265e-05,0.7408779621824715,5.846045638728706e-05
FL-1998-000247-IRN,FL-1998-000247-IRN,0.3811868831187451,6.477083245250121e-05,0.8997846466107959,5.827980058896088e-05
FL-2006-000133-NER,FL-2006-000133-NER,0.3797529863281759,6.237520383190348e-05,0.9314416156120189,5.809886063131717e-05
FL-2015-000056-COL,FL-2015-000056-COL,0.3727399388847022,5.176775085624169e-05,1.1169319001335634,5.7821052329502935e-05
FL-2002-000470-VNM,FL-2002-000470-VNM,0.36819064238931476,4.5785447851215093e-05,1.2513371910904603,5.729303370695825e-05
FF-2020-000156-UKR,FF-2020-000156-UKR,0.37551969888716086,5.5760574562805185e-05,1.0262202808011436,5.722263248547504e-05
FF-2023-000133-AFG,FF-2023-000133-AFG,0.36980767287652705,4.783647590410315e-05,1.1905710968816803,5.6952725588102154e-05
FL-2011-000002-BRA,FL-2011-000002-BRA,0.38162508661216865,6.55192864065968e-05,0.861750148294607,5.646125477704162e-05
FL-2023-000198-TCD,FL-2023-000198-TCD,0.3744664214678121,5.421616626231599e-05,1.0338289067088517,5.6050239892915476e-05
FL-2014-000089-IND,FL-2014-000089-IND,0.3809971856147551,6.44492215371756e-05,0.8681922613947346,5.5954315391490715e-05
FL-2024-000038-AFG,FL-2024-000038-AFG,0.3750052478956992,5.500136322052964e-05,1.0169769888963047,5.5935120753206193e-05
FL-2017-000088-SDN,FL-2017-000088-SDN,0.37302153049599596,5.216016980181455e-05,1.0719224581628997,5.59116574321553e-05
FF-2009-000160-LKA,FF-2009-000160-LKA,0.36636878264291795,4.356970449236115e-05,1.2785216004261617,5.57048083176685e-05
FL-2011-000042-COL,FL-2011-000042-COL,0.38364924987130034,6.907860105154846e-05,0.8050454036566094,5.561141026757771e-05
FL-2024-000036-BRA,FL-2024-000036-BRA,0.3770551421762206,5.808295183667748e-05,0.952179776292138,5.530541208623459e-05
FL-2013-000119-MRT,FL-2013-000119-MRT,0.37003539330887014,4.813186128936599e-05,1.148465884201649,5.5277800633962834e-05
FL-1993-000013-PHL,FL-1993-000013-PHL,0.37033495416209955,4.8522933629224604e-05,1.133970277619954,5.502356451846643e-05
FL-2008-000103-SLV,FL-2008-000103-SLV,0.37362578417326914,5.301129279216943e-05,1.0346663695692608,5.484900185944707e-05
FL-2009-000120-BWA,FL-2009-000120-BWA,0.37657750422902114,5.7351360953164256e-05,0.9522872605541437,5.4614970411140674e-05
FL-2022-000362-LCA,FL-2022-000362-LCA,0.3681558163725817,4.5742159237509094e-05,1.1864300437913862,5.4269871987270474e-05
FL-2021-000091-PHL,FL-2021-000091-PHL,0.3751965463084951,5.5282582202008544e-05,0.9804501633100483,5.420181674816045e-05
FL-2003-000020-MOZ,FL-2003-000020-MOZ,0.37597790762894634,5.644471263958683e-05,0.9593256023439679,5.4148857952103815e-05
FL-2007-000200-MEX,FL-2007-000200-MEX,0.3714030503499742,4.9940704322012327e-05,1.0804286921791404,5.395736985713692e-05
FL-2007-000130-CIV,FL-2007-000130-CIV,0.36738943372848776,4.479882430873389e-05,1.2043864430014575,5.395509665984324e-05
Brazil: Floods - Dec 1989,Brazil: Floods - Dec 1989,0.37333152266696035,5.259526119016532e-05,1.0188400740791148,5.358615980719843e-05
FL-2014-000004-COL,FL-2014-000004-COL,0.3687143194828753,4.6440837496909675e-05,1.1530726697303297,5.3549660477074046e-05
FL-2010-000162-HND,FL-2010-000162-HND,0.3664325673224311,4.364561865443195e-05,1.2241609596770127,5.342926241770634e-05
FL-2002-000540-DZA,FL-2002-000540-DZA,0.3724963558898249,5.143044526294452e-05,1.0289137907994723,5.291749439800101e-05
Ethiopia: Floods - Aug 1996,Ethiopia: Floods - Aug 1996,0.37853989078673744,6.0411069567395635e-05,0.8753110496380971,5.287847671279718e-05
FL-2023-000169-BRA,FL-2023-000169-BRA,0.36936060676117966,4.726130939064022e-05,1.1172435166273167,5.28023915040105e-05
FF-2014-000060-AFG,FF-2014-000060-AFG,0.36625135685200494,4.3430259364475524e-05,1.2150620330886253,5.277045924096594e-05
FL-2021-000213-STP,FL-2021-000213-STP,0.3662110161492973,4.338244687127404e-05,1.21326547331372,5.2634424936783614e-05
FL-1997-000049-TZA,FL-1997-000049-TZA,0.37820500712019767,5.9878752317780174e-05,0.8788540275887039,5.2624682641467546e-05
FL-2020-000213-LAO,FL-2020-000213-LAO,0.3672590631194202,4.4640106285240665e-05,1.1779112023169338,5.258208126600355e-05
Tanzania: Floods - May 1995,Tanzania: Floods - May 1995,0.37294569410526324,5.205422358192032e-05,1.0095645424628938,5.255209841374256e-05
FL-2011-000137-VNM,FL-2011-000137-VNM,0.3672345973347774,4.461037719232075e-05,1.1760511302101604,5.246408451613038e-05
FL-2008-000213-PER,FL-2008-000213-PER,0.37911616566566536,6.133707094936273e-05,0.8529320322371361,5.231635257631336e-05
FL-2017-000083-GIN,FL-2017-000083-GIN,0.37660185726652334,5.738846052362339e-05,0.9098931483825577,5.221736702666782e-05
FL-1999-000244-VNM,FL-1999-000244-VNM,0.3683860601165638,4.602903600744857e-05,1.132847715441496,5.214388828501247e-05
FF-2018-000042-ETH,FF-2018-000042-ETH,0.37078562883564575,4.911667183272383e-05,1.0606234402511923,5.209429345291238e-05
FL-2016-000019-HTI,FL-2016-000019-HTI,0.37377192012860694,5.321900076022282e-05,0.9718383703338016,5.172026696960829e-05
FL-2016-000054-HTI,FL-2016-000054-HTI,0.3668852976972461,4.4187871758863605e-05,1.16982926460923,5.169226552431838e-05
FL-1999-000253-PHL,FL-1999-000253-PHL,0.3630192978171953,3.9746338234462765e-05,1.2987188406129038,5.161931831046981e-05
FL-2001-000227-RUS,FL-2001-000227-RUS,0.37784918969025894,5.931778860596392e-05,0.869164657517399,5.15569254183921e-05
FL-2009-000166-SDN,FL-2009-000166-SDN,0.37159612585842144,5.0200931449805815e-05,1.0246063390097677,5.143619258766585e-05
FL-2003-000028-BRA,FL-2003-000028-BRA,0.37785239849263375,5.9322826233148656e-05,0.8631256388343357,5.1203052289944724e-05
FL-2020-000175-GEO,FL-2020-000175-GEO,0.36976448765081915,4.778064299668666e-05,1.0606407542579777,5.0678097226936895e-05
India-Manipur: Floods - Apr 2004,India-Manipur: Floods - Apr 2004,0.3983039436157184,0.0001004953724051659,0.5,5.024768620258295e-05
FL-2018-000154-GHA,FL-2018-000154-GHA,0.36136917962107745,3.797616432011837e-05,1.3214313032452296,5.018289230978901e-05
FL-2009-000217-IND,FL-2009-000217-IND,0.3842102595754512,7.00954093884961e-05,0.7154666505101737,5.015092777132668e-05
FL-2008-000079-LKA,FL-2008-000079-LKA,0.37316534504053145,5.236161712348974e-05,0.9571957497487085,5.012031736057358e-05
FL-2007-000139-KEN,FL-2007-000139-KEN,0.37003730349343567,4.81343459942347e-05,1.0383627898563688,4.998091379448527e-05
FL-2013-000050-ETH,FL-2013-000050-ETH,0.36150668077427506,3.812091148568791e-05,1.3053721958094802,4.9761977932331265e-05
FL-2014-000014-SYC,FL-2014-000014-SYC,0.368648129214455,4.635753589101649e-05,1.0720586098274476,4.969799548234914e-05
FL-2016-000075-BGD,FL-2016-000075-BGD,0.37000792266523197,4.8096141149939517e-05,1.0303519065285407,4.955595073050598e-05
FF-2008-000178-DZA,FF-2008-000178-DZA,0.3668121349299357,4.409983314235456e-05,1.1191395672477698,4.935386817863353e-05
FL-2018-000112-GEO,FL-2018-000112-GEO,0.3700709589171448,4.817814279481259e-05,1.0222629843578837,4.9250732034245386e-05
FL-2014-000123-SSD,FL-2014-000123-SSD,0.36296051486463143,3.968202470123579e-05,1.229472017724319,4.8787938976814636e-05
FL-2015-000017-PAK,FL-2015-000017-PAK,0.3694545603667021,4.738166485053848e-05,1.0272519860341873,4.86729093193219e-05
FL-2014-000150-SOM,FL-2014-000150-SOM,0.3643033937767387,4.117486373715768e-05,1.18193675754845,4.86660849379954e-05
FL-1999-000547-VEN,FL-1999-000547-VEN,0.36770355487902395,4.518333524273458e-05,1.075232993321348,4.858261280128746e-05
FL-1999-000031-LKA,FL-1999-000031-LKA,0.37009451027718043,4.820881220454004e-05,1.0064884283055866,4.852161162622668e-05
Djibouti: Floods - Nov 1994,Djibouti: Floods - Nov 1994,0.37214008350213384,5.094065295426911e-05,0.949468318420347,4.836653609972437e-05
FL-2010-000051-KAZ,FL-2010-000051-KAZ,0.36767664029541847,4.51502735506366e-05,1.0701404681681588,4.831713487539869e-05
FL-2003-000359-PAK,FL-2003-000359-PAK,0.37028022252547776,4.8451269476819684e-05,0.9970856486805502,4.831006545569089e-05
FL-2018-000043-TZA,FL-2018-000043-TZA,0.3737380683174446,5.3170820963744896e-05,0.9072074068086312,4.823696260440501e-05
FL-2016-000081-GTM,FL-2016-000081-GTM,0.37214475496179167,5.094704787539121e-05,0.9441251390555963,4.8100388659825843e-05
FL-2015-000039-KAZ,FL-2015-000039-KAZ,0.36290402067138217,3.9620303540579685e-05,1.2043264756829248,4.771578052851404e-05
FL-2010-000096-IDN,FL-2010-000096-IDN,0.36603016330485966,4.3168678700652005e-05,1.0988211437996545,4.743465690617022e-05
Peru: Floods - Mar 1986,Peru: Floods - Mar 1986,0.3664624632279665,4.3681240609597104e-05,1.083828272153741,4.734296353543145e-05
FL-2007-000155-ROM,FL-2007-000155-ROM,0.37329568825046483,5.254479916076851e-05,0.8986487971175168,4.7219320560606125e-05
FL-2019-000118-SEN,FL-2019-000118-SEN,0.36791117771278437,4.543911097410708e-05,1.0381953499928476,4.7174673721126935e-05
FL-2013-000054-CHN,FL-2013-000054-CHN,0.3660620862143248,4.320634255807557e-05,1.0900862918708407,4.709864174443389e-05
Tunisia: Floods - Oct 1986,Tunisia: Floods - Oct 1986,0.3636402779740811,4.043149598759404e-05,1.1587436410513112,4.68497388738162e-05
FL-2010-000041-SOM,FL-2010-000041-SOM,0.36469470376607416,4.161928008884109e-05,1.120673451219893,4.6641622254448925e-05
FL-2014-000030-PRY,FL-2014-000030-PRY,0.3741591248939853,5.377289413626771e-05,0.8630646431827305,4.640948369062063e-05
Egypt: Floods - Nov 1994,Egypt: Floods - Nov 1994,0.36581396117290566,4.29143720133944e-05,1.0804014986266677,4.636475183589363e-05
FL-2013-000052-SOM,FL-2013-000052-SOM,0.3645979241825926,4.150896617553113e-05,1.11224014258995,4.6167938457834155e-05
FL-2017-000079-TJK,FL-2017-000079-TJK,0.3637671404755153,4.057277023451834e-05,1.133782714433925,4.600070556859616e-05
FL-2019-000145-TZA,FL-2019-000145-TZA,0.3633703458693123,4.0132371399211706e-05,1.1357699773076055,4.5581142553383075e-05
FL-1997-000199-BEN,FL-1997-000199-BEN,0.3709776728111931,4.937165949270858e-05,0.9183529478927861,4.5340609037487776e-05
FL-2002-000482-RUS,FL-2002-000482-RUS,0.3684874872429632,4.615592412537791e-05,0.9807160860179978,4.52658572547843e-05
FL-2024-000064-RWA,FL-2024-000064-RWA,0.35761532403442814,3.42106403288717e-05,1.3163910113884745,4.5034579422770746e-05
FL-2004-000052-JPN,FL-2004-000052-JPN,0.3654062331611555,4.243844999124051e-05,1.0587350877770016,4.493107607659591e-05
FL-2006-000030-SRB,FL-2006-000030-SRB,0.37736523651180187,5.8562404188853474e-05,0.7659743515955046,4.4857299576430904e-05
Guyana: Floods - Jul 1996,Guyana: Floods - Jul 1996,0.3681646301845699,4.57531112912271e-05,0.975512874914735,4.463274913199877e-05
FL-2022-000348-CRI,FL-2022-000348-CRI,0.37239080365529925,5.128489534443436e-05,0.869648665727101,4.4599840808241355e-05
FL-2010-000119-PAN,FL-2010-000119-PAN,0.3666810390131239,4.3942476869762184e-05,1.0125237531271618,4.44928016018751e-05
FL-2009-000101-PAN,FL-2009-000101-PAN,0.36864791224624677,4.635726305401923e-05,0.9534059909197259,4.41972923183436e-05
Indonesia: Floods - May 1995,Indonesia: Floods - May 1995,0.3707492602601553,4.906851691488961e-05,0.8969278164319343,4.401091773202537e-05
FL-2023-000231-BDI,FL-2023-000231-BDI,0.36708166190833647,4.44249443463847e-05,0.9891166714763052,4.394145308241614e-05
Haiti: Floods - Jun 1986,Haiti: Floods - Jun 1986,0.3742679001984255,5.39294270274424e-05,0.806982556058804,4.352010686939222e-05
FL-2021-000050-AFG,FL-2021-000050-AFG,0.3607349925107559,3.731493796118216e-05,1.1586867556596938,4.323632440388491e-05
FL-2024-000022-PER,FL-2024-000022-PER,0.36408398060057134,4.092754620766557e-05,1.0537115612771992,4.3125828613724e-05
FL-2012-000164-CAF,FL-2012-000164-CAF,0.36144684262545657,3.8057859084225034e-05,1.1283063800150515,4.294092521444489e-05
FL-2012-000198-PAN,FL-2012-000198-PAN,0.36063337620375135,3.7209957758938065e-05,1.1516842231061208,4.285412129341416e-05
FL-2021-000108-SSD,FL-2021-000108-SSD,0.36343428186760274,4.020304133310369e-05,1.0642062462831952,4.278432770627042e-05
FL-2025-000060-HTI,FL-2025-000060-HTI,0.3595658338139692,3.612303074041409e-05,1.177091149533168,4.252009977885599e-05
FL-2014-000098-SDN,FL-2014-000098-SDN,0.36187246335103446,3.8508390545239646e-05,1.100317560627309,4.2371458348421817e-05
FL-2008-000230-CUB,FL-2008-000230-CUB,0.3653224542599836,4.234124911389792e-05,0.998493550218185,4.227746414840851e-05
Burkina Faso: Floods - Sep 1988,Burkina Faso: Floods - Sep 1988,0.3669929444858907,4.431769347263247e-05,0.9525620167546777,4.22153514722064e-05
FL-2006-000062-THA,FL-2006-000062-THA,0.37163028333036696,5.024709571938026e-05,0.8376615682858721,4.20900610021064e-05
FL-2015-000079-CRI,FL-2015-000079-CRI,0.3618101365708766,3.844211734460105e-05,1.090367135378019,4.191602136689831e-05
FF-2020-000153-BIH,FF-2020-000153-BIH,0.36463389635496574,4.1549938180599375e-05,1.0072124375171865,4.184961451356991e-05
FL-2011-000067-PHL,FL-2011-000067-PHL,0.36197593603058065,3.861864201986183e-05,1.0816683359942454,4.177256225198139e-05
FL-2007-000153-GHA,FL-2007-000153-GHA,0.3607966135748979,3.7378728681873495e-05,1.1152536052692246,4.1686761922839586e-05
FL-2019-000022-IRN,FL-2019-000022-IRN,0.3672997261375113,4.4689556559093556e-05,0.9299697920776908,4.1559937621304436e-05
FL-2010-000023-ECU,FL-2010-000023-ECU,0.3644212264857457,4.1308236461057974e-05,1.0050325257665347,4.1516121225418355e-05
FL-2007-000231-BOL,FL-2007-000231-BOL,0.3642447134407737,4.110858918945688e-05,1.0056777966466628,4.134199539930582e-05
FF-2007-000008-LKA,FF-2007-000008-LKA,0.3626828708784767,3.937952270701839e-05,1.0463980201857406,4.120665459648346e-05
FL-2002-000376-RUS,FL-2002-000376-RUS,0.3658721545188417,4.298268868932597e-05,0.9555833880945447,4.1073543287159175e-05
FL-2003-000621-BOL,FL-2003-000621-BOL,0.3665110462085255,4.373918464372813e-05,0.9320569428848113,4.076741072330753e-05
FF-2012-000120-GEO,FF-2012-000120-GEO,0.35814000465642987,3.471589364644949e-05,1.170744043976996,4.064342571791958e-05
LS-2022-000224-GTM,LS-2022-000224-GTM,0.35819562626622237,3.4769847517307614e-05,1.1665467743114344,4.0560653464615635e-05
FL-1998-000179-RUS,FL-1998-000179-RUS,0.3614051937972174,3.801402847336726e-05,1.0601281876011002,4.029974310888745e-05
Nigeria: Floods - Sep 1994,Nigeria: Floods - Sep 1994,0.3648448576087392,4.179095480590685e-05,0.9617582522941903,4.019279565583446e-05
FL-2011-000123-RUS,FL-2011-000123-RUS,0.3642981932832581,4.1168986332244743e-05,0.9746615796072284,4.0125829249414056e-05
FF-2008-000216-PSE,FF-2008-000216-PSE,0.36382011874074943,4.0631898286308155e-05,0.9874551540726246,4.012217738256963e-05
FL-2007-000126-PRK,FL-2007-000126-PRK,0.3674039081828171,4.481647733442489e-05,0.8947450500988214,4.009932125784269e-05
FL-2001-000095-HUN,FL-2001-000095-HUN,0.3659045177439022,4.3020724168347566e-05,0.929591846342594,3.999171441064967e-05
FL-2010-000019-MEX,FL-2010-000019-MEX,0.3641956093558276,4.105320402004998e-05,0.971123387516118,3.986772655634125e-05
FL-2008-000095-SUR,FL-2008-000095-SUR,0.36205715298666086,3.870537864941979e-05,1.0299679617320212,3.9865299955608995e-05
FL-2008-000170-DOM,FL-2008-000170-DOM,0.3669915976733752,4.4316067102441144e-05,0.8986920832348044,3.982649866506622e-05
FL-2020-000054-BDI,FL-2020-000054-BDI,0.3610866279313576,3.7680274295512795e-05,1.0550987498746878,3.975641030413088e-05
FL-2002-000367-SRB,FL-2002-000367-SRB,0.36833377118832833,4.59637438453556e-05,0.8641325154688277,3.9718765589451984e-05
FL-2020-000052-COD,FL-2020-000052-COD,0.3593640492595702,3.592082327165742e-05,1.0988158099220888,3.947036851631446e-05
Venezuela: Floods - Sep 1987,Venezuela: Floods - Sep 1987,0.36706883340145513,4.440942147649555e-05,0.8875286831351606,3.9414635361828415e-05
FF-2020-000138-TJK,FF-2020-000138-TJK,0.36547089186789616,4.251360473869433e-05,0.9245550834716685,3.930616937786506e-05
FL-2021-000061-MYS,FL-2021-000061-MYS,0.3581065119912836,3.4683441572001735e-05,1.1325212482808422,3.9279734543799064e-05
FL-2009-000087-VUT,FL-2009-000087-VUT,0.3597974349556723,3.635637955713942e-05,1.0709159987358805,3.893462852385472e-05
FL-2002-000263-CRI,FL-2002-000263-CRI,0.38032038678705227,6.331346186917092e-05,0.61387757718801,3.8866714575632095e-05
FL-2009-000237-THA,FL-2009-000237-THA,0.3610243376004356,3.761532324560518e-05,1.0324588619508415,3.8836273830070556e-05
FL-2018-000015-BOL,FL-2018-000015-BOL,0.36284508697274687,3.955600925633044e-05,0.980600451614799,3.8788640540836804e-05
FL-1991-000011-CHN,FL-1991-000011-CHN,0.36625107059942985,4.342991992601003e-05,0.8927290395029112,3.8771150701235276e-05
China: Floods in Shanxi Province - Aug 1988,China: Floods in Shanxi Province - Aug 1988,0.36020803754515784,3.67734175234359e-05,1.0515735249110678,3.8669952288145914e-05
FL-2006-000071-ROM,FL-2006-000071-ROM,0.3612312655111042,3.783147950529328e-05,1.0212196594192295,3.8634250615721165e-05
FL-2001-000453-IRN,FL-2001-000453-IRN,0.36690305333255313,4.420926140379453e-05,0.8717258436729041,3.853835569537874e-05
FL-2015-000123-NER,FL-2015-000123-NER,0.36629058049262553,4.3476793364883665e-05,0.8859881122566413,3.8519922080325344e-05
FL-2018-000140-MLI,FL-2018-000140-MLI,0.36281269496473556,3.9520710887764075e-05,0.9723384285301737,3.8427505919003844e-05
Indonesia: Floods and Landslides - Mar 1984,Indonesia: Floods and Landslides - Mar 1984,0.35397075126707006,3.087975002109516e-05,1.2434734814113138,3.8398150263842284e-05
FL-2007-000222-MYS,FL-2007-000222-MYS,0.3652377327179653,4.224315838323319e-05,0.9073504280824132,3.832934784257981e-05
FL-2013-000108-SSD,FL-2013-000108-SSD,0.35675061798066393,3.339237746115637e-05,1.1472056468348109,3.830792398467805e-05
FL-2006-000156-TUR,FL-2006-000156-TUR,0.3582206562004957,3.4794151574844316e-05,1.1004723456560104,3.829000159867969e-05
FL-2007-000123-NGA,FL-2007-000123-NGA,0.3620737666960935,3.872314304676767e-05,0.9859595032476032,3.817945088257693e-05
Indonesia: Floods and Landslides - Feb 1990,Indonesia: Floods and Landslides - Feb 1990,0.35717574964970633,3.379244760679963e-05,1.126768567319263,3.8076267776124875e-05
FL-1997-000166-ROM,FL-1997-000166-ROM,0.35948037923059084,3.60372723336571e-05,1.0562978713123758,3.8066094053946364e-05
FL-2011-000190-AGO,FL-2011-000190-AGO,0.3659299669121242,4.305065504708132e-05,0.8834264830455577,3.8032088781050536e-05
FL-2005-000094-AFG,FL-2005-000094-AFG,0.3578221441570807,3.4409006857613824e-05,1.1022905778568743,3.792872405256029e-05
FL-1999-000531-COD,FL-1999-000531-COD,0.3613318942940293,3.793699948429268e-05,0.9974869194859067,3.784166075012553e-05
FL-2010-000118-GHA,FL-2010-000118-GHA,0.3559170012759063,3.262025387647556e-05,1.1468698410721812,3.741118537904773e-05
FL-2006-000056-AFG,FL-2006-000056-AFG,0.36246994407494404,3.9148940040301485e-05,0.9546321476865294,3.737283671032417e-05
FF-2021-000032-TLS,FF-2021-000032-TLS,0.3635501116278768,4.033135594617608e-05,0.915168404503065,3.690998267270717e-05
FL-2005-000017-VEN,FL-2005-000017-VEN,0.3634367419509595,4.020576275621892e-05,0.9176096119267544,3.68931943599532e-05
FL-2008-000246-GUY,FL-2008-000246-GUY,0.36035288891614237,3.692156328567759e-05,0.9929554839580661,3.666146874081836e-05
FL-2010-000242-AGO,FL-2010-000242-AGO,0.35044890313916666,2.794132844135569e-05,1.3120034095843343,3.665911818337439e-05
FL-2014-000121-CMR,FL-2014-000121-CMR,0.3601328471243741,3.669672814900967e-05,0.9936971551564651,3.646543436522108e-05
FL-2003-000389-BFA,FL-2003-000389-BFA,0.3575877651165461,3.418428571594213e-05,1.0605355785233375,3.6253651228163755e-05
FF-2024-000087-ARM,FF-2024-000087-ARM,0.35539085284939836,3.214122730585568e-05,1.124649599359199,3.614761841244353e-05
FL-2013-000103-YEM,FL-2013-000103-YEM,0.35233058857707716,2.94783718728354e-05,1.2259024872779882,3.613760939981441e-05
LS-2015-000135-LKA,LS-2015-000135-LKA,0.3504960782391076,2.797896399136318e-05,1.290597047444825,3.610956831781839e-05
FL-2009-000176-MLI,FL-2009-000176-MLI,0.36032740210713154,3.689545794787783e-05,0.9776318968582874,3.607017653903898e-05
FL-1998-000080-ARG,FL-1998-000080-ARG,0.3621481167257848,3.8802732593602676e-05,0.9225861223252123,3.5798862599154024e-05
Peru: Floods - Feb 1994,Peru: Floods - Feb 1994,0.36430945520008795,4.118171508612036e-05,0.8669712406759366,3.5703362621376706e-05
FL-2007-000228-LKA,FL-2007-000228-LKA,0.35857447186276165,3.513934599430773e-05,1.0154950674735044,3.5683832531464344e-05
FL-2010-000091-VNM,FL-2010-000091-VNM,0.35605501276084306,3.274696413276806e-05,1.0820602515614735,3.543418824737756e-05
FL-2023-000189-MMR,FL-2023-000189-MMR,0.36128008794064215,3.7882641978886596e-05,0.9311581587735362,3.527473115453712e-05
India: Floods - Aug 1988,India: Floods - Aug 1988,0.36486970599517177,4.1819425979097645e-05,0.8427786995223563,3.5244521441435356e-05
FL-2012-000138-NGA,FL-2012-000138-NGA,0.35110402920423284,2.846807712673881e-05,1.2369286645182986,3.521298062178096e-05
FL-2008-000217-KEN,FL-2008-000217-KEN,0.3589758043741649,3.5534627992050244e-05,0.9905535057194418,3.519895033196158e-05
FL-2017-000052-RUS,FL-2017-000052-RUS,0.34896040538743345,2.677697588992324e-05,1.3124180785283346,3.51425872462526e-05
FL-2021-000110-YEM,FL-2021-000110-YEM,0.35351526164055536,3.0484682421343282e-05,1.1524258360621629,3.513133562650605e-05
FL-1997-000265-SOM,FL-1997-000265-SOM,0.3580884264411376,3.466592927988068e-05,1.0106246281950175,3.503424188951419e-05
ST-2012-000064-COD,ST-2012-000064-COD,0.35327519919204325,3.027830081588466e-05,1.1546951626353135,3.496220748491888e-05
FL-2021-000145-BEN,FL-2021-000145-BEN,0.3565691297457996,3.3222890193296804e-05,1.0516858033389702,3.4940041962179744e-05
FL-1997-000144-CHN,FL-1997-000144-CHN,0.35097568192858997,2.8364182120475098e-05,1.23024943393917,3.489501899786202e-05
FL-2017-000002-MYS,FL-2017-000002-MYS,0.35139782855690377,2.8707193369901195e-05,1.2154113472907762,3.489104857064845e-05
FL-2009-000179-LBR,FL-2009-000179-LBR,0.35884487562915246,3.5405235549529565e-05,0.9840111740692383,3.4839147401290524e-05
FL-2003-000455-NGA,FL-2003-000455-NGA,0.35795819495678755,3.454006053513924e-05,1.0019534687985443,3.4607533465694466e-05
FL-2010-000049-AGO,FL-2010-000049-AGO,0.36366631714444586,4.0460457078722204e-05,0.8544449470857646,3.4571233107694644e-05
FL-1994-000007-VNM,FL-1994-000007-VNM,0.3549010061172877,3.170095206235451e-05,1.0899814138986574,3.455344855085873e-05
FL-2006-000070-IND,FL-2006-000070-IND,0.3721210748801861,5.091463885059308e-05,0.6719340637740063,3.421128018846491e-05
FL-2021-000126-MYS,FL-2021-000126-MYS,0.35628978028192154,3.2963525461034414e-05,1.0369812416402933,3.4182557561424885e-05
FF-2021-000189-BIH,FF-2021-000189-BIH,0.3522995306143885,2.9452396975468497e-05,1.1516117071745788,3.391772516130268e-05
FL-2009-000171-AFG,FL-2009-000171-AFG,0.35499263189613,3.1782890440218225e-05,1.0657008277559579,3.387105265061748e-05
FL-2005-000182-IND,FL-2005-000182-IND,0.37105569225906526,4.947559019709537e-05,0.6806810703680618,3.367709769245046e-05
FF-2020-000158-SRB,FF-2020-000158-SRB,0.3529436308413827,2.9995319413706188e-05,1.1226898183568608,3.367543970412982e-05
FL-2005-000209-THA,FL-2005-000209-THA,0.3508264466745087,2.824380780399551e-05,1.1913966804489575,3.364957886091861e-05
FL-2022-000164-ECU,FL-2022-000164-ECU,0.35032944288380935,2.7846228621855182e-05,1.1990142284011243,3.338802432491499e-05
FL-2006-000044-COL,FL-2006-000044-COL,0.3651921747406229,4.219049588988214e-05,0.7903426324249347,3.334494758492284e-05
FL-2013-000020-BOL,FL-2013-000020-BOL,0.3475029216345522,2.5679384068237177e-05,1.2902239259175985,3.3132155727666806e-05
FL-2014-000019-BDI,FL-2014-000019-BDI,0.3662803303290356,4.3464628483944936e-05,0.7596781974796384,3.3019130620805435e-05
FL-2008-000091-SOM,FL-2008-000091-SOM,0.356868686312389,3.350305587234108e-05,0.9854190784086135,3.3014550441594634e-05
FL-2024-000230-GAB,FL-2024-000230-GAB,0.36332298645116834,4.0080096043369413e-05,0.815792210566319,3.269703015093071e-05
Peru: Floods - Feb 1987,Peru: Floods - Feb 1987,0.3600367799689932,3.6598955299240074e-05,0.8908312469140471,3.260349298497351e-05
FL-2014-000038-ZAF,FL-2014-000038-ZAF,0.35383458079563634,3.076116286816437e-05,1.0594723567177176,3.259060171931165e-05
FL-2018-000165-CRI,FL-2018-000165-CRI,0.3674737943575505,4.490179854109185e-05,0.7234581139813008,3.248457048690663e-05
FL-2023-000232-COL,FL-2023-000232-COL,0.35222969984282876,2.9394070185102406e-05,1.105133853767506,3.248438206157477e-05
Haiti: Floods - Feb 1996,Haiti: Floods - Feb 1996,0.35572881520123967,3.244818869668336e-05,0.994604051610094,3.227309994513012e-05
FL-2013-000142-VNM,FL-2013-000142-VNM,0.3523539750698387,2.949794444779667e-05,1.0905579261018445,3.216921712125656e-05
FL-2011-000022-AFG,FL-2011-000022-AFG,0.3451337354812852,2.398137717480293e-05,1.338976142877644,3.21104919104116e-05
Iran: Floods - Jul 1994,Iran: Floods - Jul 1994,0.358770509323046,3.5331930823715934e-05,0.9087721063099059,3.210867319466422e-05
FL-2020-000125-TZA,FL-2020-000125-TZA,0.349863025368023,2.7477706029956414e-05,1.1681139311946813,3.209709121086419e-05
ST-2010-000085-CHN,ST-2010-000085-CHN,0.34789224985765965,2.596854032736667e-05,1.2265270055929207,3.185111600734405e-05
India: Floods - Nov 1992,India: Floods - Nov 1992,0.3783863916976227,6.016654735070752e-05,0.5284357881003552,3.1794156866548465e-05
FL-2010-000102-CRI,FL-2010-000102-CRI,0.3572388019205821,3.385214885887958e-05,0.9388100029975206,3.1780735971677255e-05
FL-2002-000788-LKA,FL-2002-000788-LKA,0.3562876951318431,3.2961596354689784e-05,0.9639019405394029,3.177174668956199e-05
India: Floods - Aug 2003,India: Floods - Aug 2003,0.3794674948801258,6.190786150375775e-05,0.512689258225858,3.173949559271071e-05
FL-1999-000235-IRN,FL-1999-000235-IRN,0.3567728059062329,3.3413151496137934e-05,0.9461301844417329,3.161319118782055e-05
FL-2015-000092-BRA,FL-2015-000092-BRA,0.3547735900674255,3.1587323456589564e-05,0.9951769503164747,3.1434976226188847e-05
FL-2013-000085-NIC,FL-2013-000085-NIC,0.35038525801125675,2.7890625563499566e-05,1.1269320283443198,3.14308392380665e-05
FL-2021-000001-MYS,FL-2021-000001-MYS,0.35066787833825086,2.811640932799921e-05,1.117116405697843,3.1409302129623786e-05
FL-2022-000249-CIV,FL-2022-000249-CIV,0.35363306926281385,3.058642395033358e-05,1.023474098609534,3.1304412682256725e-05
Guinea: Floods - Aug 1993,Guinea: Floods - Aug 1993,0.3584445910313284,3.501227348995065e-05,0.8923188026319167,3.124210995797396e-05
FL-2022-000292-LAO,FL-2022-000292-LAO,0.34841714198941776,2.636301882911905e-05,1.1820410408414914,3.116217021649572e-05
FL-2025-000032-IRQ,FL-2025-000032-IRQ,0.361672783600862,3.829642966468888e-05,0.8107511442535587,3.104887417147244e-05
FL-2007-000076-KEN,FL-2007-000076-KEN,0.3562305574282135,3.290877411618966e-05,0.9420505534012065,3.100172886791177e-05
FL-2007-000147-NER,FL-2007-000147-NER,0.35394716216908695,3.0859177500896364e-05,1.0023493119506208,3.093167533538555e-05
FL-2009-000031-DOM,FL-2009-000031-DOM,0.35568688252256997,3.2409959633283096e-05,0.9531752822708737,3.0892372421842234e-05
FL-2013-000104-MLI,FL-2013-000104-MLI,0.353923013145722,3.0838129437260706e-05,0.9989817011392044,3.0806727005185676e-05
FL-2022-000379-MYS,FL-2022-000379-MYS,0.3497830219443126,2.7414937183972763e-05,1.122068941813632,3.0761449555907514e-05
FL-2007-000122-VNM,FL-2007-000122-VNM,0.34591801354164575,2.453193374784207e-05,1.2537362894429918,3.075657558988083e-05
FL-2009-000133-ZAF,FL-2009-000133-ZAF,0.3512457410510227,2.8583188281659185e-05,1.0731148513908544,3.0673043845149505e-05
FL-2017-000004-THA,FL-2017-000004-THA,0.3503797084077077,2.7886208400400483e-05,1.0982925831634236,3.062721585870941e-05
FL-2020-000199-MRT,FL-2020-000199-MRT,0.3573156745008447,3.392506432498374e-05,0.8999640370776387,3.053133784803095e-05
FL-2013-000123-CMR,FL-2013-000123-CMR,0.3566199181809333,3.327024203608971e-05,0.9165585894511755,3.049412611129759e-05
1,1,0.34243692622054256,2.2172052632291897e-05,1.3688588888282904,3.0350411329281456e-05
FL-2010-000008-BOL,FL-2010-000008-BOL,0.35664561100430425,3.329421948641461e-05,0.9114041656623548,3.034449033239502e-05
FL-2021-000127-NER,FL-2021-000127-NER,0.34839780110351215,2.6348388183018067e-05,1.1513193602048528,3.0335409425301466e-05
Bhutan: Flash Flood - Oct 1994,Bhutan: Flash Flood - Oct 1994,0.34471792148558444,2.369401312112629e-05,1.27391472999028,3.018415232758575e-05
FL-2006-000189-MYS,FL-2006-000189-MYS,0.35439585658799677,3.125261464547167e-05,0.9652828195473719,3.0167611983208383e-05
FL-2019-000138-KEN,FL-2019-000138-KEN,0.3471243379644793,2.540099007082614e-05,1.178206310642115,2.9927606798005062e-05
FL-2020-000210-VNM,FL-2020-000210-VNM,0.3467790226998795,2.5149432134160835e-05,1.1895555246609049,2.9916645937275513e-05
FL-2006-000027-IDN,FL-2006-000027-IDN,0.35418827000237507,3.107003492199764e-05,0.9608535718134472,2.9853754031169972e-05
Afghanistan: Floods - Jun 1988,Afghanistan: Floods - Jun 1988,0.354074284627187,3.0970189572624685e-05,0.9634656880384131,2.983871500526893e-05
FL-2022-000213-IND,FL-2022-000213-IND,0.34954838984863,2.723159374724118e-05,1.0948177964063617,2.9813633458987844e-05
FL-2007-000154-MEX,FL-2007-000154-MEX,0.35090223335531373,2.8304880350286744e-05,1.041257826944866,2.9472678205474014e-05
FL-2024-000168-DZA,FL-2024-000168-DZA,0.35028131247089567,2.78079954039791e-05,1.0502118589927467,2.920428654807465e-05
FL-2000-000741-LKA,FL-2000-000741-LKA,0.3515242021218594,2.8810600584359413e-05,1.013293031042013,2.9193580792266338e-05
FL-2019-000108-MRT,FL-2019-000108-MRT,0.35309345982188595,3.0122896814103073e-05,0.962366664364851,2.898927172799497e-05
FL-2023-000041-PRY,FL-2023-000041-PRY,0.3565598334972973,3.32142295441965e-05,0.8705618226000267,2.8915040208251357e-05
FL-2024-000148-GIN,FL-2024-000148-GIN,0.3516577979174442,2.892028191850262e-05,0.994415026402329,2.875876290755058e-05
FL-2003-000647-TLS,FL-2003-000647-TLS,0.34774132611568265,2.585610244147572e-05,1.1114226107007856,2.8737056878051903e-05
FL-2010-000037-HTI,FL-2010-000037-HTI,0.3493579336508081,2.70835819729349e-05,1.0604316168394865,2.8720286621364124e-05
FF-2013-000100-RUS,FF-2013-000100-RUS,0.3472516421556287,2.549429941129344e-05,1.1177984678138433,2.8497488819931176e-05
FL-2010-000089-AZE,FL-2010-000089-AZE,0.34866709864825873,2.6552760534903795e-05,1.0703967476559106,2.842198851784724e-05
FL-2007-000206-COG,FL-2007-000206-COG,0.3530161692612585,3.0057024068669692e-05,0.9410945726804741,2.828650222195143e-05
FL-2022-000286-MRT,FL-2022-000286-MRT,0.34912738266149956,2.690537974742484e-05,1.0505974879699613,2.8266724375522412e-05
FL-2017-000091-MMR,FL-2017-000091-MMR,0.3455949755520108,2.4303800882971538e-05,1.1626994974476923,2.8258017072699787e-05
1985-11-01T00:00:00+00:00,1985-11-01T00:00:00+00:00,0.358867977012898,3.5428035008995235e-05,0.7962481269445691,2.8209506517239078e-05
FL-2021-000038-KEN,FL-2021-000038-KEN,0.3385689873347062,1.9791182586166886e-05,1.4217705075722322,2.8138519710989217e-05
FL-2023-000103-DOM,FL-2023-000103-DOM,0.3460432179254694,2.462087138988912e-05,1.142430234483892,2.8127627875148775e-05
FL-2023-000146-MRT,FL-2023-000146-MRT,0.3488421215175964,2.6686350778482583e-05,1.0535873745404762,2.811640225276766e-05
FL-2014-000115-NER,FL-2014-000115-NER,0.3503330355356439,2.7849084402983792e-05,1.0075520123358044,2.8059401031935982e-05
FL-2002-000350-CHN,FL-2002-000350-CHN,0.36289135108268256,3.9606473600222665e-05,0.706219895185805,2.7970879634628603e-05
FL-2019-000171-LKA,FL-2019-000171-LKA,0.3471077244145257,2.538883564384957e-05,1.0913836782077029,2.7708960830395376e-05
FL-2016-000060-IND,FL-2016-000060-IND,0.34453393909098795,2.3567857036585478e-05,1.168540290886529,2.7539990517103724e-05
Philippines: Floods and Landslides - Jun 2018,Philippines: Floods and Landslides - Jun 2018,0.3478014986805915,2.5900878253980316e-05,1.0625282512687408,2.7520414877526262e-05
FL-2015-000040-SOM,FL-2015-000040-SOM,0.35117405788378286,2.8524908491553186e-05,0.9639478737922579,2.7496524890551415e-05
FL-2005-000062-TZA,FL-2005-000062-TZA,0.35547577842413036,3.2218115872486955e-05,0.8523963030224688,2.7462602860057403e-05
FF-2013-000090-PAK,FF-2013-000090-PAK,0.34059647258488024,2.1008810243551895e-05,1.2950234787084862,2.7206902525131053e-05
FL-2012-000066-COM,FL-2012-000066-COM,0.34520047918930274,2.4027793954436323e-05,1.129673337592446,2.7143558191491676e-05
India: Floods - Aug 1989,India: Floods - Aug 1989,0.3484036740365367,2.6352830061162387e-05,1.0282737934207815,2.7097924534364652e-05
FL-2008-000074-BFA,FL-2008-000074-BFA,0.3455908818202331,2.4300922139188974e-05,1.114930663460651,2.7093843243351586e-05
FL-2010-000153-PRK,FL-2010-000153-PRK,0.341391897501107,2.150463594817966e-05,1.2596250358956325,2.708777782814831e-05
FL-2023-000160-NER,FL-2023-000160-NER,0.34705818925371434,2.53526269214661e-05,1.068084370484078,2.7078744565531806e-05
FF-2006-000046-KEN,FF-2006-000046-KEN,0.34569186505508226,2.4372023987317293e-05,1.1036482173283537,2.6898140826286605e-05
FL-2014-000159-MAR,FL-2014-000159-MAR,0.3408659383633017,2.117561622551211e-05,1.2669680436793196,2.6828829062941134e-05
FL-2007-000086-PAN,FL-2007-000086-PAN,0.3547182796156352,3.1538112241959734e-05,0.8477798095902991,2.6737374791326102e-05
FF-2018-000030-KEN,FF-2018-000030-KEN,0.3454362111995334,2.4192381142837453e-05,1.1016965741279998,2.6652663425062846e-05
FL-2019-000009-ARG,FL-2019-000009-ARG,0.34273132765563447,2.2363410364701244e-05,1.1742632969134712,2.6260531985082975e-05
FL-2019-000101-NER,FL-2019-000101-NER,0.34257390462790904,2.2260903015291866e-05,1.1793461107574137,2.6253309393032445e-05
FL-2009-000007-ZWE,FL-2009-000007-ZWE,0.34434580572865714,2.3439480107359505e-05,1.1194722766288485,2.623984815878235e-05
FL-2007-000141-NGA,FL-2007-000141-NGA,0.34841098812103743,2.6358362868359998e-05,0.9935717537773818,2.6188924821817063e-05
FL-2020-000029-TZA,FL-2020-000029-TZA,0.34649584617502627,2.4944817226217477e-05,1.0495762709803076,2.618148824457868e-05
Mali: Floods - Sep 1989,Mali: Floods - Sep 1989,0.3492563802970027,2.7004956777707e-05,0.9644742111394081,2.604558438503277e-05
FL-2009-000242-IRQ,FL-2009-000242-IRQ,0.3485250478805676,2.6444779815145003e-05,0.9788779086310397,2.5886210759657474e-05
FL-2011-000096-PRK,FL-2011-000096-PRK,0.35143309708920667,2.8736018760764586e-05,0.8967115844943416,2.576792091502434e-05
FL-2006-000025-PNG,FL-2006-000025-PNG,0.34823035399856367,2.6222025979461198e-05,0.9790102886598242,2.5671633223397717e-05
FL-2011-000021-MYS,FL-2011-000021-MYS,0.34955854294234634,2.7239504556534002e-05,0.9410695768598368,2.5634269026889052e-05
FL-2007-000165-BEN,FL-2007-000165-BEN,0.34799226555073226,2.6043294054492908e-05,0.9807232123464087,2.5541263005204412e-05
FL-2024-000145-SSD,FL-2024-000145-SSD,0.35058370213327744,2.8048990044341166e-05,0.9086488837386558,2.548668349378727e-05
FL-2017-000057-LKA,FL-2017-000057-LKA,0.3515246527977035,2.8810969956270894e-05,0.8831246219930485,2.544367695188481e-05
FL-2011-000198-PER,FL-2011-000198-PER,0.34075505572736187,2.1106833347505007e-05,1.1989072405233858,2.5305135324844205e-05
FF-2021-000098-MNG,FF-2021-000098-MNG,0.3426238751969143,2.2293395871249387e-05,1.1320748662636826,2.5237793149507985e-05
FL-2010-000176-MRT,FL-2010-000176-MRT,0.3413031750253658,2.1448814038021786e-05,1.1720801829873777,2.513972988254681e-05
FL-2007-000138-UGA,FL-2007-000138-UGA,0.345289168027501,2.4089597534579423e-05,1.0368375020093747,2.4976998132164522e-05
FL-2005-000175-SDN,FL-2005-000175-SDN,0.3440799582609636,2.3259146204922442e-05,1.0729889975346198,2.495680796993089e-05
FL-2008-000035-PRY,FL-2008-000035-PRY,0.3475971139613393,2.5749074227443948e-05,0.9689476692755781,2.494950545868567e-05
FL-2003-000227-CHN,FL-2003-000227-CHN,0.36077699663990215,3.735841040051406e-05,0.667747313747308,2.4945978190812756e-05
FL-2022-000331-SLV,FL-2022-000331-SLV,0.3448686449149587,2.3797816188713958e-05,1.046746663649171,2.4910284697672565e-05
FL-2024-000123-BFA,FL-2024-000123-BFA,0.3402326039112128,2.0785443223024853e-05,1.1979418788258864,2.489975290681918e-05
FL-2007-000054-AFG,FL-2007-000054-AFG,0.3497316442073745,2.737469547113131e-05,0.8959779952430994,2.4527124768614583e-05
FL-2016-000080-BFA,FL-2016-000080-BFA,0.340563565662634,2.098852128443654e-05,1.1662442397342112,2.4477742048513e-05
FL-2022-000321-CAF,FL-2022-000321-CAF,0.34278386980760267,2.239771807320164e-05,1.0900469195589455,2.4414563590843167e-05
FL-2005-000105-HTI,FL-2005-000105-HTI,0.3458193036481576,2.4462020146241074e-05,0.9972865856131765,2.4395644548845496e-05
FL-2012-000003-BRA,FL-2012-000003-BRA,0.3474065210472093,2.5608235897776095e-05,0.950877679977288,2.4350299938788435e-05
Bolivia: Landslides/Floods - Mar 1994,Bolivia: Landslides/Floods - Mar 1994,0.35376189851633966,3.069803376746193e-05,0.7919956578021904,2.431270944689486e-05
FL-2017-000017-PAK,FL-2017-000017-PAK,0.34037647803839866,2.087350605214354e-05,1.1625966759620305,2.4267468751895406e-05
FL-2011-000037-BDI,FL-2011-000037-BDI,0.35271438558647905,2.98010611689477e-05,0.813980526208619,2.4257483451875292e-05
FL-2013-000008-MOZ,FL-2013-000008-MOZ,0.3482728355367667,2.6254032486283835e-05,0.9158712312600213,2.4045313058753374e-05
FL-2022-000276-GMB,FL-2022-000276-GMB,0.3365233504348018,1.8627391444206462e-05,1.2833775557524247,2.390597610170932e-05
FL-2009-000113-CHN,FL-2009-000113-CHN,0.36077040094946966,3.735158113362653e-05,0.6385622410411255,2.385130935511798e-05
FL-2016-000026-PNG,FL-2016-000026-PNG,0.3383377728829733,1.965643987390428e-05,1.213394111780414,2.3851008401561194e-05
FL-1999-000391-MEX,FL-1999-000391-MEX,0.34713368865023125,2.5407833309503977e-05,0.9381273009124613,2.3835782084678694e-05
Namibia: Floods - Mar 2004,Namibia: Floods - Mar 2004,0.34252920603879794,2.223187433241556e-05,1.0587882424363562,2.353884715048421e-05
FL-2007-000131-SEN,FL-2007-000131-SEN,0.34219662492083175,2.2016953129351314e-05,1.067501640440192,2.3503133583077348e-05
FL-2016-000046-SOM,FL-2016-000046-SOM,0.34160832476528286,2.16413553460605e-05,1.0763349207071773,2.3293346490397875e-05
FL-2006-000172-COG,FL-2006-000172-COG,0.3426064461136256,2.2282057942141534e-05,1.0447518399142948,2.327922103212929e-05
FL-2004-000022-AFG,FL-2004-000022-AFG,0.34151511399411877,2.1582377498615915e-05,1.0740305380391386,2.318013251700225e-05
FL-2010-000195-MLI,FL-2010-000195-MLI,0.34515216957745515,2.3994189057161156e-05,0.9643639910627344,2.313913192147772e-05
FF-2018-000118-LAO,FF-2018-000118-LAO,0.3386512158730143,1.9839302167254913e-05,1.1632902888660213,2.3078867549046248e-05
2011-06-30T00:00:00+00:00,2011-06-30T00:00:00+00:00,0.33676719220873186,1.876280478712924e-05,1.2293298445416447,2.3065675892126816e-05
FL-2012-000172-MLI,FL-2012-000172-MLI,0.3466753446206243,2.50743428287148e-05,0.9191592364455828,2.3047313808816272e-05
FL-2024-000162-CMR,FL-2024-000162-CMR,0.33810797809627324,1.952334308722852e-05,1.17910520477484,2.3020075448756045e-05
FL-2012-000191-HTI,FL-2012-000191-HTI,0.3548177212703475,3.1626637745655214e-05,0.7267675710899211,2.2985214696150656e-05
FL-2016-000021-PAK,FL-2016-000021-PAK,0.3368132785028373,1.8788497338527454e-05,1.2119023313188628,2.276982372653967e-05
FL-2007-000189-NIC,FL-2007-000189-NIC,0.34236477337044985,2.212537948866046e-05,1.0272245921975405,2.2727733922455068e-05
FL-2002-000641-THA,FL-2002-000641-THA,0.33800810764938294,1.946575156433572e-05,1.1603592484795837,2.2587264856282877e-05
FL-2012-000123-PRK,FL-2012-000123-PRK,0.33561916098559147,1.8132908650353834e-05,1.2400305385199288,2.248536047863094e-05
FL-2023-000088-ITA,FL-2023-000088-ITA,0.33858567398355605,1.9800938995663227e-05,1.135182250938361,2.247767449979015e-05
FL-2010-000150-MEX,FL-2010-000150-MEX,0.33395340555123154,1.72527673589683e-05,1.2934881621677183,2.2316250343459105e-05
Paraguay: Floods - Mar 1995,name=Paraguay: Floods - Mar 1995,0.3420078826530556,2.1895817197756123e-05,1.019170735987299,2.2315576128480466e-05
FL-2010-000240-VEN,FL-2010-000240-VEN,0.33312718005501274,1.6830642101642083e-05,1.3225182541317935,2.2258831408180748e-05
FL-2021-000209-MYS,FL-2021-000209-MYS,0.33611271074626303,1.8401336388138816e-05,1.2058191682024515,2.218868413735905e-05
Cuba: Floods - Jun 1993,Cuba: Floods - Jun 1993,0.3397381726695341,2.0485353630829956e-05,1.0819582611621117,2.216429759370373e-05
FL-2002-000225-ETH,FL-2002-000225-ETH,0.34229015682497,2.2077205689436507e-05,1.0009847442519026,2.2098946090837252e-05
FL-2001-000274-WSM,FL-2001-000274-WSM,0.33245062589659724,1.6491932524011842e-05,1.3345437786795291,2.2009205948322587e-05
Afghanistan: Floods - May 1996,Afghanistan: Floods - May 1996,0.3311713547742604,1.5868199321045046e-05,1.3761994142384775,2.18378066106416e-05
ST-2011-000073-CAF,ST-2011-000073-CAF,0.3372267783797348,1.902043898945725e-05,1.1452772355910454,2.178367578557374e-05
FL-2007-000132-BFA,FL-2007-000132-BFA,0.33915990590543343,2.0139331984772763e-05,1.0755363901814037,2.166058442356738e-05
FL-2009-000032-SLB,FL-2009-000032-SLB,0.33759937240435134,1.9231639347076992e-05,1.1239355242445161,2.1615122651638444e-05
FL-2010-000219-PHL,FL-2010-000219-PHL,0.3369881492564524,1.888627393456406e-05,1.141795195185297,2.1564256833438555e-05
FL-2015-000018-PNG,FL-2015-000018-PNG,0.3432760424293846,2.2721392631053305e-05,0.9476670877822322,2.1532315985026955e-05
FL-2008-000191-HND,FL-2008-000191-HND,0.33994404838386905,2.06098305484369e-05,1.037013685075033,2.1372676325806538e-05
Iran: Floods - May 1992,Iran: Floods - May 1992,0.3504867562375601,2.7971523430744048e-05,0.7638289675273252,2.136545986227161e-05
FL-2006-000085-UKR,FL-2006-000085-UKR,0.3386126141512234,1.9816699605065938e-05,1.0750292725240695,2.130353216026205e-05
FL-2024-000088-BGD,FL-2024-000088-BGD,0.338719061048784,1.9879083954076815e-05,1.0651890538676798,2.117498262879926e-05
FL-2019-000081-MMR,FL-2019-000081-MMR,0.3394569850719481,2.0316434700599044e-05,1.0383332562250227,2.109522979755605e-05
FL-2004-000115-PAN,FL-2004-000115-PAN,0.34367258416039626,2.2985231641819476e-05,0.9177618050112175,2.1094967680197194e-05
FF-2008-000072-CHN,FF-2008-000072-CHN,0.35344151197691603,3.042114554213813e-05,0.6928246734717287,2.1076520226867785e-05
FL-1999-000349-SLV,FL-1999-000349-SLV,0.34284464841361306,2.2437462906169866e-05,0.9369157213719175,2.102201174448978e-05
FL-2002-000020-IRN,FL-2002-000020-IRN,0.34071722483482514,2.1083412079699087e-05,0.995515429386739,2.0988862029459197e-05
FF-2012-000115-RUS,FF-2012-000115-RUS,0.3336053111988063,1.7073775337187415e-05,1.2274737437024292,2.0957610932271643e-05
FL-2023-000052-ETH,FL-2023-000052-ETH,0.33675724889952197,1.8757265661351574e-05,1.1124995665878057,2.0867449918625954e-05
FL-2021-000095-MMR,FL-2021-000095-MMR,0.3382428517474219,1.9601363026083774e-05,1.0619657406518828,2.0815976003781483e-05
Azerbaijan: Floods - Jun 1995,Azerbaijan: Floods - Jun 1995,0.34315739325301803,2.264298094574245e-05,0.9175461452516915,2.0775979883773484e-05
FL-2024-000177-NPL,FL-2024-000177-NPL,0.3345555152245485,1.7566366405866718e-05,1.1822831865149188,2.0768419649816726e-05
FL-2006-000029-NAM,FL-2006-000029-NAM,0.3361901527753588,1.8443777962063113e-05,1.1221814471307896,2.069726544402695e-05
FL-2019-000030-IRQ,FL-2019-000030-IRQ,0.33604136525925266,1.8362313794287556e-05,1.1268493447600907,2.0691561267372106e-05
FL-2009-000075-BDI,FL-2009-000075-BDI,0.35110749764532845,2.84708895193605e-05,0.7232460065686893,2.0591457148335832e-05
Gabon: Inondations - Nov 1988,Gabon: Inondations - Nov 1988,0.34567061670521343,2.4357047584105165e-05,0.8449363174492606,2.0580154089650225e-05
FL-2023-000196-LKA,FL-2023-000196-LKA,0.3360301708402763,1.835619774299697e-05,1.1173802450335497,2.0510852731954247e-05
FL-2011-000108-SEN,FL-2011-000108-SEN,0.33693627916659696,1.885722381922984e-05,1.0870343780154084,2.0498450565433852e-05
India: Floods - Jun 1994,India: Floods - Jun 1994,0.3383366002427119,1.9655758614667372e-05,1.040373182144351,2.0449324137402733e-05
FL-2017-000110-MLI,FL-2017-000110-MLI,0.34406774057481015,2.3250888602618245e-05,0.8750877906224794,2.034656873727459e-05
FL-2013-000006-IDN,FL-2013-000006-IDN,0.34250521505888726,2.2216307882459455e-05,0.9117255836627187,2.0255176270966006e-05
FL-2007-000077-CHN,FL-2007-000077-CHN,0.35788301814923357,3.446758953394656e-05,0.5852259909488726,2.0171329240622867e-05
FL-2024-000021-BOL,FL-2024-000021-BOL,0.3398979829437539,2.0581919420314664e-05,0.9791674152328188,2.0153144839319668e-05
Hungary: Floods - Mar 1999,Hungary: Floods - Mar 1999,0.3423026994990428,2.2085296861649083e-05,0.9105346924279767,2.0109428985102205e-05
China: Floods and Landslides - Jul 1989,name=China: Floods and Landslides - Jul 1989,0.33390449639369923,1.7227516458595328e-05,1.1642613331648382,2.0057331279203388e-05
FL-2012-000126-PAN,FL-2012-000126-PAN,0.34438152671642935,2.3463806593373028e-05,0.8526290636893213,2.000592344629497e-05
FL-2023-000167-LBR,FL-2023-000167-LBR,0.334830026762531,1.7711036401683104e-05,1.1239561416844555,1.9906428139268682e-05
1994-01-01T00:00:00+00:00,1994-01-01T00:00:00+00:00,0.3394636146986121,2.0320402868027284e-05,0.9792699859742091,1.9899160631563356e-05
India: Floods - Jun 1996,India: Floods - Jun 1996,0.3579189693613777,3.4502229677993166e-05,0.5746164560457379,1.9825548943244513e-05
FL-2013-000076-PRY,FL-2013-000076-PRY,0.3300741310518751,1.5350229974647002e-05,1.291359570120468,1.9822666381310478e-05
FL-2018-000164-HND,FL-2018-000164-HND,0.33306327151971216,1.6798381342363355e-05,1.1796924207248134,1.9816923150031168e-05
FF-2009-000246-LKA,FF-2009-000246-LKA,0.3351118627171307,1.7860681178159846e-05,1.1085200076597403,1.9798922436421933e-05
Peru: Floods-Drought-Frost - Feb 2004,Peru: Floods-Drought-Frost - Feb 2004,0.3357785834188107,1.821922611332183e-05,1.08397834468022,1.9749246563673233e-05
China: Floods - Aug 1985,China: Floods - Aug 1985,0.3618432304986875,3.8477293927534985e-05,0.5116338983381565,1.96862878896478e-05
FL-2019-000160-COG,FL-2019-000160-COG,0.33171405553414424,1.6130162412499322e-05,1.2190888537934883,1.9664101206956607e-05
FL-2015-000105-GIN,FL-2015-000105-GIN,0.335988669249711,1.83335394160715e-05,1.071153748426473,1.963803946744948e-05
FL-2016-000123-DOM,FL-2016-000123-DOM,0.33690376084848295,1.8839032279984008e-05,1.0354648515724754,1.9507155763562714e-05
FL-2010-000141-PAK,FL-2010-000141-PAK,0.3358046844255712,1.8233393381417975e-05,1.0692104601626595,1.9495334927672706e-05
FL-2003-000585-MKD,FL-2003-000585-MKD,0.33657668341472546,1.865693361695914e-05,1.044377937487487,1.9484889850720746e-05
FL-2020-000190-NER,FL-2020-000190-NER,0.3334457186985129,1.6992272195933744e-05,1.1441798734017292,1.9442215849951195e-05
FL-2021-000092-CRI,FL-2021-000092-CRI,0.34358577515155847,2.2927238692144398e-05,0.847698183481849,1.9435378591585568e-05
FL-2014-000162-LKA,FL-2014-000162-LKA,0.33492445518428404,1.776104832201807e-05,1.0916819458806812,1.9389415793061494e-05
FL-1991-000010-PHL,FL-1991-000010-PHL,0.3277344597189872,1.4296215228359774e-05,1.3530568313329396,1.9343591676938195e-05
FL-2019-000104-THA,FL-2019-000104-THA,0.32757769464962694,1.422797921524736e-05,1.3579010130864204,1.9320187390556924e-05
FL-2019-000014-MWI,FL-2019-000014-MWI,0.33172136502560134,1.6133717130014185e-05,1.1917966025751183,1.9228109262458892e-05
Philippines: Floods - Jun 1990,Philippines: Floods - Jun 1990,0.34206800329834397,2.1934337727124716e-05,0.8681427258296911,1.904213574369508e-05
FL-2020-000195-CMR,FL-2020-000195-CMR,0.3412478508095175,2.1414071507018377e-05,0.8859055483526522,1.897084476088802e-05
Venezuela: Floods - Aug 1988,Venezuela: Floods - Aug 1988,0.34226435626690066,2.2060570356840308e-05,0.8558233169940771,1.8879950497572285e-05
FL-2014-000070-LKA,FL-2014-000070-LKA,0.32898392881518235,1.4850696670766132e-05,1.2712089853111195,1.8878339046007833e-05
FL-2019-000048-TZA,FL-2019-000048-TZA,0.3298485463980641,1.524564298240585e-05,1.2213880740169378,1.8620846519430526e-05
FL-2017-000139-ETH,FL-2017-000139-ETH,0.3290610469370925,1.4885545384533873e-05,1.2467115336640937,1.8557981115778696e-05
FL-2006-000009-GUY,FL-2006-000009-GUY,0.3370926667276567,1.8944931868931727e-05,0.9682281522146716,1.834301637728861e-05
FL-2024-000019-IRN,FL-2024-000019-IRN,0.33136458152793363,1.596102811249187e-05,1.1462709369280168,1.8295662648840473e-05
FL-2008-000089-IND,FL-2008-000089-IND,0.35178498347536613,2.9025049520824335e-05,0.6302581635823931,1.8293274408882762e-05
Brazil: Floods - Apr 1989,Brazil: Floods - Apr 1989,0.33525822088423296,1.7938840156494932e-05,1.0184196369495275,1.8269267079473176e-05
FL-2009-000190-TUR,FL-2009-000190-TUR,0.3351457400148009,1.7878745204276268e-05,1.0202954218418836,1.8241601880200607e-05
FL-1997-000140-AZE,FL-1997-000140-AZE,0.335584595358449,1.8114242107198045e-05,0.9955723453086005,1.8034038498150963e-05
FL-2001-000332-IND,FL-2001-000332-IND,0.3495138340741771,2.7204685017874753e-05,0.6620849087194431,1.801181139680081e-05
FL-2007-000093-SDN,FL-2007-000093-SDN,0.3327310580699643,1.663157622271314e-05,1.0741772764800994,1.786526125048518e-05
FL-2006-000092-KOR,FL-2006-000092-KOR,0.3279622929825654,1.4395910622609572e-05,1.235735149804729,1.778953276980593e-05
FL-1999-000286-GMB,FL-1999-000286-GMB,0.33049780832196946,1.554840477942038e-05,1.1434551069584922,1.7778902850086063e-05
Iran: Floods - Dec 1991,Iran: Floods - Dec 1991,0.34545854675726295,2.4208028245211396e-05,0.7306781420678033,1.7688277101335968e-05
FL-2012-000051-TJK,FL-2012-000051-TJK,0.3271654633020188,1.404994157157115e-05,1.2564153914667016,1.765256283972985e-05
FF-2021-000198-COG,FF-2021-000198-COG,0.33220530328538317,1.6370638256145277e-05,1.0782758332205882,1.7652063605997886e-05
FL-2005-000166-CRI,FL-2005-000166-CRI,0.3496679709936463,2.7324897075210944e-05,0.6447646378504476,1.761812736699914e-05
FL-2006-000041-SRB,FL-2006-000041-SRB,0.3376744110891434,1.9274428562142238e-05,0.9124205484011927,1.7586384678789433e-05
FL-2005-000001-CRI,FL-2005-000001-CRI,0.3469867139954266,2.5300462553292938e-05,0.6942423209153187,1.7564651843229197e-05
ST-2015-000041-PRY,ST-2015-000041-PRY,0.33702460559892516,1.8906715595741017e-05,0.9269775136144309,1.752610021355519e-05
FF-2007-000081-NPL,FF-2007-000081-NPL,0.3315255066108541,1.603871143915496e-05,1.0925989789075539,1.7523879741413613e-05
FF-2008-000194-VNM,FF-2008-000194-VNM,0.32957726642653407,1.5120720058041261e-05,1.1575172522881112,1.750249433420165e-05
FL-2001-000096-UKR,FL-2001-000096-UKR,0.33206843107488443,1.6303314356030362e-05,1.0716577207512192,1.7471572703474128e-05
FL-2014-000008-BOL,FL-2014-000008-BOL,0.334955978440833,1.7777772191210005e-05,0.9806451897228388,1.7433686783298543e-05
FL-2015-000155-NGA,FL-2015-000155-NGA,0.33010385597199987,1.536405927146385e-05,1.1309728897968445,1.737633451325747e-05
FL-2018-000134-IND,FL-2018-000134-IND,0.3354846513620102,1.8060366410819722e-05,0.9601907828334073,1.7341397362263162e-05
FL-2012-000169-SEN,FL-2012-000169-SEN,0.33520795727768427,1.7911963478552784e-05,0.9642227294319949,1.7271122314776378e-05
FL-2005-000104-IND,FL-2005-000104-IND,0.3506914622010858,2.8135324498135296e-05,0.6116122238015762,1.7207908383683496e-05
FL-2009-000039-CRI,FL-2009-000039-CRI,0.34499607297187684,2.3885894845945684e-05,0.7165421116254692,1.7115249530977832e-05
FL-2009-000122-IND,FL-2009-000122-IND,0.3430618296164717,2.258000296599156e-05,0.7572559930408027,1.709884256887621e-05
FL-2006-000121-MKD,FL-2006-000121-MKD,0.3356944033530335,1.81736018049815e-05,0.9374606289413403,1.7037036178227433e-05
FL-2017-000126-NGA,FL-2017-000126-NGA,0.32888472989281237,1.4805977897316401e-05,1.1480023217546238,1.699729700196687e-05
FL-2020-000200-BFA,FL-2020-000200-BFA,0.3277393809245521,1.4298362069071577e-05,1.179752844001357,1.686853331554832e-05
FL-2013-000101-LAO,FL-2013-000101-LAO,0.32979750349984194,1.5222067309839208e-05,1.1048841434150625,1.6818620800638117e-05
FL-2010-000121-DOM,FL-2010-000121-DOM,0.3315148723655619,1.6033567491830597e-05,1.0483997898689967,1.6809588789285574e-05
FL-2023-000040-TUR,FL-2023-000040-TUR,0.33017872183198654,1.5398939752609925e-05,1.085836144445525,1.6720725369522886e-05
FL-2010-000014-SLB,FL-2010-000014-SLB,0.32552932550305635,1.3362914308195017e-05,1.2512366729504776,1.6720168439908264e-05
FL-2010-000003-KEN,FL-2010-000003-KEN,0.33443214787634035,1.7501697810721974e-05,0.9550122542299223,1.6714335879068488e-05
FL-2007-000052-LKA,FL-2007-000052-LKA,0.3355394291843835,1.8089876993731714e-05,0.9223416325983702,1.6685046679902206e-05
FL-2023-000236-DOM,FL-2023-000236-DOM,0.3240899815171966,1.2783684990659153e-05,1.3006578060128464,1.662719967271009e-05
FL-2023-000018-MOZ,FL-2023-000018-MOZ,0.32936718485156696,1.5024612447207424e-05,1.105614086557909,1.6611423166705826e-05
FF-2014-000059-SRB,FF-2014-000059-SRB,0.3345721907697805,1.7575124128759816e-05,0.9418030548326259,1.6552305593528588e-05
FL-2023-000110-CHL,FL-2023-000110-CHL,0.33321362851085695,1.687436964412142e-05,0.978626075734756,1.651369814532424e-05
FL-2020-000011-MOZ,FL-2020-000011-MOZ,0.3317585295325488,1.6151801706121047e-05,1.0218255119837183,1.6504323047816633e-05
FL-2002-000614-LAO,FL-2002-000614-LAO,0.32771222439445863,1.4286518843294988e-05,1.1496745971340228,1.642484779561279e-05
FL-2000-000408-VNM,FL-2000-000408-VNM,0.32863268882596436,1.4692902668189869e-05,1.1142401773728954,1.6371422475126568e-05
Russia: Floods - Jun 1993,Russia: Floods - Jun 1993,0.33878161519362143,1.9915826882951635e-05,0.820510219523839,1.634113948772942e-05
FL-1998-000255-TUR,FL-1998-000255-TUR,0.32839944940037513,1.4588955615870963e-05,1.1010714693094692,1.6063482795657675e-05
FL-1997-000137-CHL,FL-1997-000137-CHL,0.3337674456576857,1.7156936765594768e-05,0.9286157560049981,1.593220180531273e-05
FL-2019-000032-BOL,FL-2019-000032-BOL,0.33133563619015793,1.5947091324604144e-05,0.9989982238811052,1.5931115909349322e-05
FL-2016-000066-PAK,FL-2016-000066-PAK,0.3209771052649677,1.1607549929466862e-05,1.365086108875814,1.5845305166797646e-05
FL-1997-000207-SYC,FL-1997-000207-SYC,0.32680813586430485,1.3897241265884159e-05,1.1353708825085123,1.5778523080480613e-05
FL-2008-000125-SDN,FL-2008-000125-SDN,0.3243341898308635,1.2880339914783073e-05,1.22270091265696,1.5748803369137134e-05
FL-2018-000065-TJK,FL-2018-000065-TJK,0.31906114463269203,1.0932995993161335e-05,1.4353974911294434,1.569319501911204e-05
Russian Federation: Floods - Apr 2004,Russian Federation: Floods - Apr 2004,0.3365506872772789,1.8642528588421188e-05,0.8416206812536089,1.568993761087692e-05
El Salvador: Floods in South Eastern Region - Oct 1992,El Salvador: Floods in South Eastern Region - Oct 1992,0.33204774423442096,1.6293160740089907e-05,0.9628448857586056,1.5687786491438464e-05
FL-2001-000019-MOZ,FL-2001-000019-MOZ,0.32863198322264825,1.4692587201681799e-05,1.0662262115321133,1.56656215896544e-05
Chad: Floods - Sep 1988,Chad: Floods - Sep 1988,0.3277045320203625,1.428316572944197e-05,1.0852717500654687,1.5501116267666613e-05
ST-2022-000138-MDG,ST-2022-000138-MDG,0.3255671897971204,1.3378465664071601e-05,1.1583807019765697,1.5497356447316698e-05
FL-2000-000012-MOZ,FL-2000-000012-MOZ,0.32642716620546797,1.3736084322469699e-05,1.1277962370993517,1.5491504211360724e-05
FL-2008-000239-NIC,FL-2008-000239-NIC,0.3322167016102359,1.6376256067311104e-05,0.9387623897424877,1.5373413280783887e-05
FL-2022-000265-YEM,FL-2022-000265-YEM,0.3257253738684097,1.3443610226473093e-05,1.135758587937564,1.5268695767602075e-05
FL-2009-000164-SEN,FL-2009-000164-SEN,0.32807979143626564,1.444756982015697e-05,1.0544185483611912,1.523378559711687e-05
FL-2015-000006-MWI,FL-2015-000006-MWI,0.32259033255700487,1.2204317075715778e-05,1.2458327290676428,1.5204537648845821e-05
FL-2006-000124-UGA,FL-2006-000124-UGA,0.33338071230302124,1.695917422083107e-05,0.8965169259333157,1.5204186738827003e-05
FL-2007-000194-GTM,FL-2007-000194-GTM,0.32835125383010694,1.4567559146870142e-05,1.041926920218741,1.5178332037002755e-05
FL-2012-000173-SOM,FL-2012-000173-SOM,0.3214557294668665,1.1781801681503864e-05,1.2873846983559718,1.5167711203832733e-05
India: Floods - Jul 1993,India: Floods - Jul 1993,0.33133053229808357,1.5944635005922463e-05,0.9482412412603194,1.5119360489458656e-05
FL-2019-000163-UGA,FL-2019-000163-UGA,0.330271059424472,1.5442058575256396e-05,0.9750374650400142,1.505658564821741e-05
FL-1999-000265-TCD,FL-1999-000265-TCD,0.324902714812259,1.310790853404461e-05,1.1454311201477374,1.5014206354944805e-05
FL-2002-000782-MKD,FL-2002-000782-MKD,0.3283991563306488,1.4588825421862804e-05,1.0286208969532604,1.5006370690931045e-05
FL-2019-000047-GEO,FL-2019-000047-GEO,0.32396673739486154,1.2735154620623162e-05,1.178251681752609,1.5005217349128749e-05
Venezuela: Floods - Jul 1996,Venezuela: Floods - Jul 1996,0.33349699459082216,1.7018420292771715e-05,0.8773624081052269,1.4931322210213053e-05
FL-2023-000036-PER,FL-2023-000036-PER,0.3266923735827697,1.3848092722125607e-05,1.0717795343349823,1.484210236914744e-05
FL-2022-000382-ZAF,FL-2022-000382-ZAF,0.3321441459406323,1.6340525679505167e-05,0.904559089993309,1.4780971038665492e-05
FL-2022-000190-TUN,FL-2022-000190-TUN,0.32599340651880815,1.3554645443651494e-05,1.0842181471624253,1.4696192568359433e-05
FL-2004-000059-AFG,FL-2004-000059-AFG,0.3267257738631781,1.3862257210543617e-05,1.05356410211551,1.460477657132064e-05
FL-2024-000198-SEN,FL-2024-000198-SEN,0.320961261482661,1.1601821587908666e-05,1.257934930722009,1.4594336635434995e-05
FL-2006-000050-ARG,FL-2006-000050-ARG,0.32938751109513886,1.5033887164626208e-05,0.9631552235503491,1.4479966952876279e-05
FL-2012-000043-KGZ,FL-2012-000043-KGZ,0.32266149073338446,1.2231264550588477e-05,1.178777939336242,1.4417944822419113e-05
FL-2006-000169-SOM,FL-2006-000169-SOM,0.32978981436123156,1.5218518698793883e-05,0.9442290549591343,1.4369767528840063e-05
FL-2002-000110-BOL,FL-2002-000110-BOL,0.33088922713654956,1.573353386673252e-05,0.9049212581915606,1.423760926248312e-05
FL-2002-000755-CRI,FL-2002-000755-CRI,0.3396416656835871,2.0427236684660114e-05,0.6950172098350388,1.419728104521242e-05
FF-2017-000101-VNM,FF-2017-000101-VNM,0.31810286794743226,1.0609034123741206e-05,1.3377073830962212,1.4191783274848361e-05
FL-2011-000118-GTM,FL-2011-000118-GTM,0.32884365782428615,1.4787498154878094e-05,0.9552182830389102,1.4125288597943706e-05
FL-2022-000158-HTI,FL-2022-000158-HTI,0.3211516958808964,1.1670842198828633e-05,1.2084069567596751,1.4103126904308903e-05
Ethiopia: Floods - May 1995,Ethiopia: Floods - May 1995,0.3242480566451689,1.2846174543013423e-05,1.0908091701249307,1.4012724992544484e-05
FL-2006-000065-TZA,FL-2006-000065-TZA,0.3299628551939985,1.5298559126311024e-05,0.9152295890668976,1.4001693982489275e-05
FL-2023-000119-PAK,FL-2023-000119-PAK,0.3248694535496677,1.3094495756201907e-05,1.0619284545586885,1.3905417641608796e-05
FL-2017-000054-BFA,FL-2017-000054-BFA,0.31922832428033404,1.0990417279069786e-05,1.26465349431215,1.3899069615924235e-05
FL-2011-000131-GIN,FL-2011-000131-GIN,0.3207631664368302,1.1530414504744593e-05,1.2042646272999216,1.3885670326169856e-05
Montenegro: Floods - Nov 1992,name=Montenegro: Floods - Nov 1992,0.33680934502719145,1.8786303238186435e-05,0.7375578699637254,1.3855985800849424e-05
FL-2010-000161-MYS,FL-2010-000161-MYS,0.3239106111018428,1.271310852927668e-05,1.0886896565212916,1.3840629758056131e-05
FL-2010-000125-IND,FL-2010-000125-IND,0.331682653422427,1.6114899102695556e-05,0.8556559783131277,1.378880975713431e-05
FL-1997-000177-MMR,FL-1997-000177-MMR,0.3277821567059927,1.4317034923055794e-05,0.9561349496906492,1.368901746587522e-05
FL-2021-000135-GIN,FL-2021-000135-GIN,0.315385657924678,9.736870640419019e-06,1.405762750329889,1.3687730051081789e-05
FL-2001-000492-VNM,FL-2001-000492-VNM,0.3252673045390469,1.3255743974594237e-05,1.0278730882613472,1.3625222496367924e-05
FL-2002-000500-IRN,FL-2002-000500-IRN,0.32852372076715197,1.464425655678438e-05,0.9286481080441721,1.3599361145171277e-05
FL-2024-000053-KGZ,FL-2024-000053-KGZ,0.3261499333641241,1.3619869340387191e-05,0.9957892817856833,1.3562519908479009e-05
FF-2014-000009-TZA,FF-2014-000009-TZA,0.3245995504177786,1.2986111868459697e-05,1.0439643751945358,1.3557038162962872e-05
FL-2008-000231-PAN,FL-2008-000231-PAN,0.32673308730018313,1.3865360453858576e-05,0.9748120178597551,1.3516120002378728e-05
FL-2024-000139-TCD,FL-2024-000139-TCD,0.3274570868038431,1.4175681221886366e-05,0.9523043457078162,1.3499562830971071e-05
FL-2024-000189-LKA,FL-2024-000189-LKA,0.32070895250145137,1.1510941136620532e-05,1.1695806147019812,1.3462973610366964e-05
USA: Storms and Tornadoes - Apr 2011,USA: Storms and Tornadoes - Apr 2011,0.3147291587432625,9.536078314007827e-06,1.4111840373957132,1.345716149608327e-05
FL-2013-000159-VCT,FL-2013-000159-VCT,0.317870996744261,1.0531956029933871e-05,1.2772387598772803,1.3451822458754783e-05
FL-2000-000302-CHN,FL-2000-000302-CHN,0.34075431325706446,2.1106373455775925e-05,0.6358572303399659,1.3420640168110654e-05
FL-1998-000085-IRN,FL-1998-000085-IRN,0.33035846919347794,1.548297634353634e-05,0.8666405740383654,1.3418175506184766e-05
FL-1999-000371-IND,FL-1999-000371-IND,0.33687636596039616,1.8823719171690654e-05,0.709212471829804,1.3350016402784798e-05
FL-2006-000112-ETH,FL-2006-000112-ETH,0.3233851730715339,1.2508379238294352e-05,1.0654891162362259,1.3327541940157806e-05
FL-2006-000164-TZA,FL-2006-000164-TZA,0.32286676687795535,1.2309302593679826e-05,1.066054638511988,1.3122389126840023e-05
Bangladesh: Floods - Aug 1988,Bangladesh: Floods - Aug 1988,0.33407156883515216,1.7313910401485e-05,0.7553870279750035,1.3078703320803252e-05
FL-2007-000151-TCD,FL-2007-000151-TCD,0.32956523225666595,1.511519979205448e-05,0.8635836730404353,1.305323975516243e-05
Iran: Floods - Apr 1989,Iran: Floods - Apr 1989,0.33147994219754334,1.6016681681240346e-05,0.814536614424038,1.3046173670945021e-05
FL-2019-000020-COL,FL-2019-000020-COL,0.32382826747444127,1.2680826576091766e-05,1.0283585650027902,1.3040436620838975e-05
FL-2000-000476-NPL,FL-2000-000476-NPL,0.3319792026651347,1.6259559487086134e-05,0.8017257032301318,1.3035706763996292e-05
FL-2001-000029-BOL,FL-2001-000029-BOL,0.32499903977414313,1.3146821862922111e-05,0.9901822298032961,1.3017749387054939e-05
FL-2010-000225-PAN,FL-2010-000225-PAN,0.32038843217100366,1.1396415432564684e-05,1.1284651586517427,1.2860457749170275e-05
FL-2009-000177-GMB,FL-2009-000177-GMB,0.31911404749308936,1.0951137296679406e-05,1.1684788072717938,1.2796171846693607e-05
FF-2008-000199-LKA,FF-2008-000199-LKA,0.3187098788916265,1.0813225326275526e-05,1.1763858573071313,1.272052534570582e-05
FL-2016-000050-LKA,FL-2016-000050-LKA,0.31768644038039673,1.0470966856245637e-05,1.2099018427879291,1.2668842095142925e-05
FL-2006-000057-SUR,FL-2006-000057-SUR,0.3209291886130132,1.1590233384740857e-05,1.0860789103745403,1.258790804548597e-05
China: Floods - May 1987,China: Floods - May 1987,0.32015327557911527,1.1313044507816595e-05,1.1104745493488628,1.256284800158126e-05
FL-2011-000032-THA,FL-2011-000032-THA,0.3123009772544652,8.825380368651448e-06,1.4229083066092745,1.2557707035540567e-05
Benin: Floods - Sep 1988,Benin: Floods - Sep 1988,0.32514955654366057,1.320783577475184e-05,0.9477795775541555,1.2518117010998961e-05
FL-2021-000068-SUR,FL-2021-000068-SUR,0.3205381915404699,1.1449797960633476e-05,1.0828851876395205,1.239881661303518e-05
FL-2008-000094-ZAF,FL-2008-000094-ZAF,0.32166075210479345,1.1857161378370972e-05,1.045585962583682,1.2397681493314072e-05
FL-2020-000128-KEN,FL-2020-000128-KEN,0.3221819960477889,1.2050711189589905e-05,1.0272567357494566,1.2379174240077578e-05
FL-2005-000063-SRB,FL-2005-000063-SRB,0.32847600885441797,1.4623002413137798e-05,0.8449809676901925,1.2356158729589197e-05
FL-2015-000053-CAF,FL-2015-000053-CAF,0.3170992700057949,1.0279036835709517e-05,1.200744524918978,1.23424972019187e-05
FL-1997-000097-AFG,FL-1997-000097-AFG,0.3123720744767734,8.845492480656337e-06,1.3915845675709566,1.2309250828646297e-05
FL-2017-000149-TGO,FL-2017-000149-TGO,0.31731250475923356,1.0348368197506375e-05,1.1893964633714496,1.2308312535779666e-05
FL-2004-000028-DOM,FL-2004-000028-DOM,0.3256796213266345,1.3424738785978061e-05,0.9133490270228894,1.2261472108209509e-05
FL-2024-000128-SDN,FL-2024-000128-SDN,0.31913506418880855,1.0958351800245628e-05,1.106871100441691,1.2129482916165063e-05
Bolivia: Chapare River Floods - Jan 1987,Bolivia: Chapare River Floods - Jan 1987,0.32956973531410927,1.5117265204041686e-05,0.7937364930631707,1.1999125067761946e-05
FL-2005-000196-LKA,FL-2005-000196-LKA,0.31428779371474996,9.403188505627953e-06,1.2685548662514894,1.192846053709441e-05
FL-2010-000072-RUS,FL-2010-000072-RUS,0.31414848503125253,9.36159172518367e-06,1.2712126327447877,1.1900573663652552e-05
FL-2015-000008-BOL,FL-2015-000008-BOL,0.3185270446578643,1.0751353010030796e-05,1.106077830028409,1.1891833207204268e-05
2012-000025-VUT,2012-000025-VUT,0.3138217344198741,9.264674874119216e-06,1.277534232696297,1.1835939306488555e-05
Russia: Floods - Sep 1994,Russia: Floods - Sep 1994,0.3266414395261493,1.3826517535676974e-05,0.8535275801300156,1.1801314053851593e-05
FL-2007-000199-THA,FL-2007-000199-THA,0.3145530159912667,9.482842476083548e-06,1.2349138810883142,1.1710493805889455e-05
Thailand: Floods - Oct 1995,Thailand: Floods - Oct 1995,0.31275305802290393,8.953970271215153e-06,1.3030110983590828,1.1667122637770631e-05
FL-2007-000149-CMR,FL-2007-000149-CMR,0.3199671187876362,1.1247435368291153e-05,1.035118095353682,1.1642423876039177e-05
FL-2020-000132-UGA,FL-2020-000132-UGA,0.3163679004601597,1.0044402875942363e-05,1.1565609422975855,1.1616964055016478e-05
FL-2012-000132-NPL,FL-2012-000132-NPL,0.3136157771501181,9.204051229390613e-06,1.2592133213281245,1.1589863918235161e-05
FL-2021-000057-LKA,FL-2021-000057-LKA,0.31697320974895626,1.023824637877188e-05,1.1314393379937777,1.1583954705014848e-05
China: Floods - May 1988,China: Floods - May 1988,0.32425404687078296,1.2848547969154528e-05,0.8982643528768322,1.1541392626919527e-05
FL-2003-000012-BOL,FL-2003-000012-BOL,0.32059743000964724,1.1470975869423647e-05,1.0019840207728257,1.1493734523833165e-05
FL-2012-000075-VEN,FL-2012-000075-VEN,0.31853332459629347,1.075347288733992e-05,1.068528235373372,1.1490389408444724e-05
FL-2022-000275-UGA,FL-2022-000275-UGA,0.31618860232720875,9.987622253716254e-06,1.149508740471743,1.1480859077176922e-05
FL-2013-000055-UGA,FL-2013-000055-UGA,0.32048851891737073,1.1432066998566476e-05,1.0009376405503114,1.1442786168158209e-05
FL-2017-000012-MOZ,FL-2017-000012-MOZ,0.3144796525334623,9.460748762954856e-06,1.1982479826023038,1.1336323119117898e-05
FL-1999-000324-HND,FL-1999-000324-HND,0.3188420997021726,1.0858169195616558e-05,1.0408486923311688,1.1301711208368073e-05
FL-2015-000106-BFA,FL-2015-000106-BFA,0.31257419067676606,8.902892997258681e-06,1.2559695979615333,1.1181762938461536e-05
FL-2013-000098-NER,FL-2013-000098-NER,0.3181147383624901,1.0612993685266535e-05,1.0461622636739756,1.1102913498136047e-05
FL-2022-000277-SDN,FL-2022-000277-SDN,0.3173961843966091,1.0375690664733545e-05,1.0675858088870211,1.1076940111071075e-05
Iran: Floods - Nov 1994,Iran: Floods - Nov 1994,0.32679034137883695,1.3889676164319041e-05,0.7892158406827257,1.0961952450833869e-05
FL-2013-000116-NGA,FL-2013-000116-NGA,0.31246336077669773,8.871376195908648e-06,1.2298958129711375,1.0910868438639864e-05
FL-2008-000032-KAZ,FL-2008-000032-KAZ,0.31889724755582133,1.0876964424063148e-05,0.9978373267784768,1.0853441104371766e-05
FL-2002-000242-AFG,FL-2002-000242-AFG,0.32007751369035253,1.1286301521108583e-05,0.9583348849806268,1.0816056470088267e-05
FL-2006-000145-GIN,FL-2006-000145-GIN,0.3142907119550364,9.40406165153656e-06,1.1375018543000035,1.069713756657439e-05
FL-2017-000107-NPL,FL-2017-000107-NPL,0.3130316513112912,9.034050673561723e-06,1.179269398312985,1.065357950214015e-05
FL-2023-000131-GTM,FL-2023-000131-GTM,0.31629612078585573,1.0021636713712278e-05,1.0605795468095311,1.0628742924118728e-05
FL-2014-000152-ETH,FL-2014-000152-ETH,0.31729071042945617,1.0341262708429207e-05,1.0270658582017673,1.0621157858522776e-05
FL-2012-000151-TCD,FL-2012-000151-TCD,0.3143244492726466,9.414161253675106e-06,1.1222690061354306,1.056522139376064e-05
Brazil: Floods - Apr 1985,Brazil: Floods - Apr 1985,0.31988237133374153,1.1217680554024786e-05,0.9399629984750824,1.054420464949676e-05
FL-2017-000078-NER,FL-2017-000078-NER,0.30787776097934727,7.65214507680587e-06,1.3737310931814115,1.0511989621543283e-05
FL-2013-000013-BWA,FL-2013-000013-BWA,0.3159494260123402,9.912328974363466e-06,1.0534703310426612,1.0442344486026443e-05
FF-2014-000015-ZWE,FF-2014-000015-ZWE,0.31287922307444993,8.990156361539836e-06,1.1599076147138132,1.0427750821217884e-05
LS-2011-000104-ECU,LS-2011-000104-ECU,0.31584772602689,9.880468661225383e-06,1.046388478883193,1.0338808573072687e-05
FL-2015-000055-TJK,FL-2015-000055-TJK,0.307463491604163,7.549801754377754e-06,1.363091174686871,1.0291068142027772e-05
FL-2018-000046-RUS,FL-2018-000046-RUS,0.3091905944568303,7.984776098613434e-06,1.2878965212237008,1.0283565360154394e-05
FL-2006-000023-DZA,FL-2006-000023-DZA,0.31804128550995636,1.0588513676429832e-05,0.9697453972774113,1.026816240172675e-05
FL-2009-000198-BEN,FL-2009-000198-BEN,0.316196354336549,9.990071193460943e-06,1.0265844801221053,1.0255652042521922e-05
FL-2024-000167-THA,FL-2024-000167-THA,0.3089505751665946,7.923007748938925e-06,1.2835865378512363,1.0169866085829031e-05
FL-2008-000250-THA,FL-2008-000250-THA,0.31789514244384254,1.053995891137408e-05,0.9628755515870862,1.0148668750494541e-05
FL-2006-000091-PRK,FL-2006-000091-PRK,0.32312769163778887,1.2409142764291157e-05,0.8137351057804316,1.0097755099944941e-05
FL-2010-000251-CRI,FL-2010-000251-CRI,0.31316548820465284,9.072750216786504e-06,1.1052106563104114,1.002730022163504e-05
FL-2022-000271-NGA,FL-2022-000271-NGA,0.31090037706759815,8.437474779032369e-06,1.1840293642331243,9.990217898350717e-06
FL-2013-000051-ECU,FL-2013-000051-ECU,0.30674495332799906,7.37520782887387e-06,1.3545163959289632,9.989839927593308e-06
FL-2001-000180-IRN,FL-2001-000180-IRN,0.31695996544150773,1.0233969266847958e-05,0.9510109146925885,9.732616473400915e-06
FL-2009-000147-NIC,FL-2009-000147-NIC,0.3170630715898902,1.0267308843719548e-05,0.933638952160343,9.585959470356942e-06
Viet Nam: Floods - Oct 1995,Viet Nam: Floods - Oct 1995,0.31020304132136495,8.250124729613603e-06,1.1585193691423241,9.557929297097438e-06
FL-2000-000583-LAO,FL-2000-000583-LAO,0.3089724746910345,7.928625652637157e-06,1.2022237305473946,9.531981910227213e-06
Chad: Floods in Am Timan - Jul 1985,Chad: Floods in Am Timan - Jul 1985,0.31334232616146096,9.124112506134117e-06,1.0422436500602523,9.509548321953617e-06
FL-2016-000122-SRB,FL-2016-000122-SRB,0.3084344885549302,7.79164829342291e-06,1.2064462530292113,9.400204888521518e-06
FL-2022-000290-SEN,FL-2022-000290-SEN,0.31553203265640073,9.782155265470064e-06,0.9602028308095506,9.392853177322906e-06
FL-1997-000337-IND,FL-1997-000337-IND,0.31115139372745265,8.5058458228893e-06,1.1040807822685879,9.391140909991619e-06
FL-2006-000058-TJK,FL-2006-000058-TJK,0.30509755535277816,6.988553238653302e-06,1.3389011984588786,9.356982306726584e-06
FL-2022-000305-GIN,FL-2022-000305-GIN,0.3038662664826234,6.711581964680053e-06,1.381125092626501,9.269534262639092e-06
FL-2007-000176-CRI,FL-2007-000176-CRI,0.32822885899029197,1.4513348717577534e-05,0.6360302711368748,9.230929119944854e-06
FL-2016-000011-TZA,FL-2016-000011-TZA,0.31131802501211936,8.551507213513962e-06,1.076733992508393,9.20769850397121e-06
FL-2010-000174-KEN,FL-2010-000174-KEN,0.3144695378661301,9.45770632517223e-06,0.9668381107047667,9.14407091503004e-06
FL-2009-000023-ECU,FL-2009-000023-ECU,0.3153233794993844,9.717660559284799e-06,0.9391312908770322,9.126159105345956e-06
Lao PDR: Floods - Sep 1995,Lao PDR: Floods - Sep 1995,0.3075431280535447,7.569379384907028e-06,1.1807652832898365,8.937660393747995e-06
1993-12-00T00:00:00+00:00,1993-12-00T00:00:00+00:00,0.3229843769120868,1.2354215016637105e-05,0.7194550254691349,8.888302079445817e-06
FL-2021-000084-TCD,FL-2021-000084-TCD,0.30892823846539874,7.917281386710387e-06,1.1145222233746586,8.82398605419926e-06
FL-2018-000060-LKA,FL-2018-000060-LKA,0.31095245292296636,8.451618218094788e-06,1.0416733122822366,8.803825143387693e-06
FL-2017-000174-ALB,FL-2017-000174-ALB,0.3092260769354279,7.993944100740886e-06,1.1009974778760738,8.801312293198035e-06
FL-2009-000267-SRB,FL-2009-000267-SRB,0.3216755565976582,1.1862619788228258e-05,0.7348109754309236,8.716783217754183e-06
FL-2010-000194-VNM,FL-2010-000194-VNM,0.3038986309562726,6.718733826570776e-06,1.288695029588998,8.658398887433228e-06
FL-2012-000174-BEN,FL-2012-000174-BEN,0.3043352473338834,6.815889508567049e-06,1.269611453402573,8.65353138520316e-06
FL-2021-000097-BGD,FL-2021-000097-BGD,0.30680868928277605,7.39054648957109e-06,1.167269358243163,8.626758457947907e-06
FL-2016-000042-KEN,FL-2016-000042-KEN,0.3092734163091576,8.006190451969309e-06,1.0774902859535458,8.626592439490959e-06
Brazil: Floods - Feb 1988,Brazil: Floods - Feb 1988,0.315807509042639,9.867895037490267e-06,0.8724712930664509,8.609455143203147e-06
FL-2002-000475-TJK,FL-2002-000475-TJK,0.3073156692308855,7.513582229325676e-06,1.1361467856691416,8.53653229870915e-06
FL-2008-000207-SDN,FL-2008-000207-SDN,0.30391282424905597,6.721872406049309e-06,1.2628396258514751,8.488646834276664e-06
FL-2021-000043-YEM,FL-2021-000043-YEM,0.31106442635612674,8.482101711262233e-06,0.9940613442321855,8.431729429011456e-06
FL-2003-000368-SDN,FL-2003-000368-SDN,0.30862836659026327,7.84076438522805e-06,1.072361231723768,8.408131753799004e-06
FL-2010-000076-COL,FL-2010-000076-COL,0.30721443684148697,7.488868508062155e-06,1.1209522992842493,8.39466437314968e-06
FL-2021-000129-VEN,FL-2021-000129-VEN,0.30415616773517823,6.775888890576516e-06,1.2359545412754298,8.37469064548578e-06
FL-2015-000093-GUY,FL-2015-000093-GUY,0.3095663951024007,8.082358284789074e-06,1.034221533733351,8.358948981477012e-06
FL-2024-000109-IND,FL-2024-000109-IND,0.3113949803098726,8.572669377029046e-06,0.9733927592934859,8.344574299417072e-06
FL-2014-000005-IDN,FL-2014-000005-IDN,0.3025861399631541,6.434137114876943e-06,1.2967973978194893,8.343772267786217e-06
FL-2008-000234-BRA,FL-2008-000234-BRA,0.310911401529847,8.440467167377208e-06,0.9860207753496221,8.322475980690303e-06
FL-2024-000169-AUT,FL-2024-000169-AUT,0.3119324502749733,8.721788817824121e-06,0.9517727962928261,8.301161331815966e-06
FL-2011-000181-VEN,FL-2011-000181-VEN,0.31568711815450695,9.83034150582736e-06,0.8434253806112476,8.291159526090985e-06
1993-08-00:00:00+00:00,1993-08-00:00:00+00:00,0.31525675758216165,9.69714847449444e-06,0.8503605405079919,8.24607241815734e-06
FL-2024-000117-COL,FL-2024-000117-COL,0.3038258368302137,6.702657495256589e-06,1.2150525963145538,8.144081391818722e-06
FL-2001-000485-KHM,FL-2001-000485-KHM,0.3119705508851238,8.732447798173673e-06,0.9268570532202833,8.093730833615202e-06
Brazil: Floods - Jul 1989,Brazil: Floods - Jul 1989,0.3109245480617849,8.444036801258153e-06,0.9575164169657181,8.08530386266737e-06
Iran: Floods - Dec 1990,Iran: Floods - Dec 1990,0.31313988218655653,9.065334599351746e-06,0.8898231756341812,8.066544821381588e-06
FL-2015-000085-VEN,FL-2015-000085-VEN,0.3053670644387912,7.050532865411782e-06,1.1268991625176379,7.94523958133562e-06
FL-2020-000164-IND,FL-2020-000164-IND,0.3042874262446326,6.805187071500546e-06,1.1662775244540442,7.936736731196325e-06
FL-2007-000181-HTI,FL-2007-000181-HTI,0.3092952917480435,8.011855170521348e-06,0.9891914221912965,7.925258410518704e-06
FF-2012-000196-COG,FF-2012-000196-COG,0.3101259138732123,8.229634937057426e-06,0.9546774198450808,7.856646647976918e-06
Costa Rica: Floods - Feb 1988,name=Costa Rica: Floods - Feb 1988,0.3205725368975376,1.1462072225486625e-05,0.684416433779701,7.844830596292916e-06
Bolivia: Floods - Jan 1986,Bolivia: Floods - Jan 1986,0.3121866901628657,8.793136867733728e-06,0.8841657020196967,7.774590031615069e-06
FL-2021-000147-THA,FL-2021-000147-THA,0.2996052063664544,5.827651332742176e-06,1.3245466846045788,7.718996251815105e-06
FL-2012-000071-NPL,FL-2012-000071-NPL,0.30101537546384893,6.1078279277359975e-06,1.255510001310555,7.668439049556467e-06
FL-2023-000200-ZAF,FL-2023-000200-ZAF,0.30344259486538155,6.618589339454961e-06,1.1520700678179971,7.62507866916535e-06
FL-2004-000094-CHN,FL-2004-000094-CHN,0.3197445199130885,1.1169432260875214e-05,0.6825809586803848,7.624041780543821e-06
China: Floods - Jul 2018,China: Floods - Jul 2018,0.3047195327308936,6.902444715589348e-06,1.1041913871780773,7.621620005426591e-06
FL-2018-000054-BDI,FL-2018-000054-BDI,0.3138978853778104,9.287180796351568e-06,0.814524387135535,7.564635246365171e-06
FL-2021-000123-CAF,FL-2021-000123-CAF,0.30397019807455194,6.734572999670016e-06,1.1137895613764779,7.500897107360337e-06
FL-2021-000019-PER,FL-2021-000019-PER,0.2981632730849002,5.5531764389077685e-06,1.3456208053079868,7.472469751740409e-06
FL-2013-000131-KHM,FL-2013-000131-KHM,0.3020484453860368,6.320712664019719e-06,1.1821925826726243,7.472299628609035e-06
FL-1998-000359-UKR,FL-1998-000359-UKR,0.30804563614796554,7.693972123953158e-06,0.970056066676692,7.4635843356821135e-06
FL-2016-000044-CHN,FL-2016-000044-CHN,0.3084161372427201,7.787013640094347e-06,0.9486861479465856,7.387431974228626e-06
FL-2018-000077-CIV,FL-2018-000077-CIV,0.30099164179682303,6.103013896822799e-06,1.2032024904610985,7.343161519975885e-06
FL-2012-000200-BFA,FL-2012-000200-BFA,0.30405863793113225,6.754192853433074e-06,1.0864384324897092,7.3380146964170255e-06
FL-2010-000075-TJK,FL-2010-000075-TJK,0.304373563076578,6.824475562211044e-06,1.0707477241626986,7.307291676841428e-06
FL-2010-000152-THA,FL-2010-000152-THA,0.2989043323870023,5.692749823112003e-06,1.2831284616978387,7.304529323360347e-06
FL-2010-000115-MMR,FL-2010-000115-MMR,0.3069520072172216,7.425142221995455e-06,0.9799014922135285,7.275907943231021e-06
FF-2020-000168-MNG,FF-2020-000168-MNG,0.29931844131458685,5.772112006757961e-06,1.2541412875563223,7.239043984074737e-06
FL-2024-000024-DZA,FL-2024-000024-DZA,0.3014474753954028,6.196072777965256e-06,1.1597469097454667,7.1858762568032154e-06
FL-2000-000083-ZWE,FL-2000-000083-ZWE,0.30648771616438064,7.3135920106845155e-06,0.9759490430199813,7.1376931238661336e-06
FL-2001-000549-GIN,FL-2001-000549-GIN,0.30503037120480425,6.973179303304452e-06,1.0199342550969517,7.112184438373307e-06
FL-2003-000316-IND,FL-2003-000316-IND,0.31736492676042916,1.0365477061356547e-05,0.6806493039297219,7.055254746711833e-06
FL-2001-000620-DZA,FL-2001-000620-DZA,0.2965503744821181,5.259988176540385e-06,1.33508580894901,7.022535569738648e-06
FL-2012-000089-CUB,FL-2012-000089-CUB,0.2986417144592652,5.642930500959126e-06,1.2438427371737373,7.018918119994168e-06
FL-2004-000068-ROM,FL-2004-000068-ROM,0.3072122045172645,7.48832435928739e-06,0.9341110661845553,6.994926651189721e-06
FL-2022-000287-TCD,FL-2022-000287-TCD,0.3032695484419352,6.5809417410350965e-06,1.0617334466933017,6.987205957197011e-06
Benin: Floods - Sep 1994,Benin: Floods - Sep 1994,0.310140338324612,8.233463472913177e-06,0.8448106334634848,6.9557174921502455e-06
FL-2009-000165-CHL,FL-2009-000165-CHL,0.304651039933372,6.886945550318855e-06,1.0088424248679406,6.947842848917147e-06
FL-2016-000124-COD,FL-2016-000124-COD,0.29671549147310633,5.289348880385177e-06,1.3125392635260602,6.9424780839931515e-06
FL-2006-000123-SDN,FL-2006-000123-SDN,0.3037979991949767,6.696518806574277e-06,1.0356622281917345,6.935331588344571e-06
FL-2004-000023-CRI,FL-2004-000023-CRI,0.31969351581981725,1.1151628108754768e-05,0.6208832606204117,6.923859221389895e-06
FL-2002-000374-IND,FL-2002-000374-IND,0.3210529809896566,1.1635018204329946e-05,0.5937469444772157,6.908256507757686e-06
FL-2004-000020-KEN,FL-2004-000020-KEN,0.3039167762765833,6.7227465573594455e-06,1.0260180821960077,6.897659529871751e-06
1986-04-01T00:00:00+00:00,1986-04-01T00:00:00+00:00,0.30823979812999946,7.74260521615641e-06,0.8870822721015816,6.868327827133585e-06
Niger: Floods - Aug 1994,name=Niger: Floods - Aug 1994,0.2966389063593823,5.2757124098619185e-06,1.2931727617169873,6.8224075870857195e-06
FL-1999-000240-SRB,FL-1999-000240-SRB,0.30657376755132715,7.3341520671799326e-06,0.9277347612612893,6.804147817099166e-06
FL-2014-000073-RUS,FL-2014-000073-RUS,0.2972311659744054,5.381996999741331e-06,1.256795117141143,6.764067549743186e-06
Algeria: Floods - Nov 1994,Algeria: Floods - Nov 1994,0.3017963716608184,6.268160982887718e-06,1.0762250844313983,6.745952083037931e-06
FL-2023-000157-BGD,FL-2023-000157-BGD,0.2996112951917681,5.8288357846623605e-06,1.1539726901695175,6.726317310983175e-06
FL-2012-000056-PRY,FL-2012-000056-PRY,0.29794710854357254,5.513047715069591e-06,1.2200522670934264,6.7262063633648895e-06
FL-2007-000044-ARG,FL-2007-000044-ARG,0.30410808366212194,6.765184499739925e-06,0.9907640067376045,6.702701301281464e-06
FL-2021-000161-IND,FL-2021-000161-IND,0.3034472750461446,6.619610235830725e-06,1.010338230289432,6.688045290875024e-06
FL-2012-000141-NER,FL-2012-000141-NER,0.3088806223695869,7.905086688732982e-06,0.8342353499526158,6.594702760180925e-06
FL-2009-000187-CIV,FL-2009-000187-CIV,0.2991496929186426,5.73965268905897e-06,1.1423006536672147,6.556409018534848e-06
FL-1997-000299-PRY,FL-1997-000299-PRY,0.2999676421416572,5.898534093160086e-06,1.0913298267640643,6.437246190050324e-06
FL-2018-000419-PRY,FL-2018-000419-PRY,0.299019354535209,5.7146942140947644e-06,1.1119284382912396,6.354331012790374e-06
afg-1991-flood,afg-1991-flood,0.29486833869538154,4.969142252539758e-06,1.2564334123624294,6.2433963568728574e-06
FL-2001-000417-SDN,FL-2001-000417-SDN,0.2969959994742363,5.339566433383511e-06,1.163963410402066,6.215059955869468e-06
FL-2002-000607-ALB,FL-2002-000607-ALB,0.30882433009424626,7.890691789290014e-06,0.7786781247788098,6.1443090856919e-06
FL-2012-000153-IDN,FL-2012-000153-IDN,0.29852139765507746,5.620237428874138e-06,1.0883954096363029,6.117040618652749e-06
FL-2010-000067-BRA,FL-2010-000067-BRA,0.2996144861952814,5.8294566132902645e-06,1.0465567844150672,6.100857368092207e-06
FL-2023-000135-CMR,FL-2023-000135-CMR,0.3005955847182492,6.0231818003586975e-06,1.007577538281096,6.068822691024917e-06
FL-2019-000098-CAF,FL-2019-000098-CAF,0.2954026426842178,5.059921300553137e-06,1.186559142506317,6.003895879533779e-06
FL-2000-000375-CHL,FL-2000-000375-CHL,0.30003340731175765,5.911478857229266e-06,1.0133991498781652,5.990687648438886e-06
Paraguay: Floods - Feb 1990,name=Paraguay: Floods - Feb 1990,0.29429920027256695,4.874059421305881e-06,1.2090275213437827,5.892871981023761e-06
FL-2005-000184-VNM,FL-2005-000184-VNM,0.29611165847362475,5.182688026963506e-06,1.1335707457861832,5.874943531902143e-06
Cameroon: Floods - Sep 1994,name=Cameroon: Floods - Sep 1994,0.3021593235750518,6.343953571672642e-06,0.9258215052048269,5.873368644675503e-06
FL-2000-000187-ROM,FL-2000-000187-ROM,0.2981285345037095,5.546709902644996e-06,1.0573179499339493,5.864635943142942e-06
FL-2013-000024-MKD,FL-2013-000024-MKD,0.29931663119801766,5.771762950040687e-06,1.012158913963861,5.841941319170032e-06
FL-2016-000072-SDN,FL-2016-000072-SDN,0.2957724465211624,5.123622648369908e-06,1.1398024130767133,5.839917458306522e-06
FL-2010-000012-EGY,FL-2010-000012-EGY,0.3018409276523858,6.277421191852946e-06,0.9242166188559036,5.8016969890687256e-06
FL-2022-000201-ZAF,FL-2022-000201-ZAF,0.2991644750638016,5.74248950453663e-06,1.0098830260946445,5.799242678158188e-06
FL-2003-000229-LKA,FL-2003-000229-LKA,0.2937384736808585,4.781986422292846e-06,1.1976431040334385,5.7271130622405615e-06
FL-2021-000152-GEO,FL-2021-000152-GEO,0.2972948676506838,5.393542662006416e-06,1.0591574472605578,5.712610877581629e-06
FL-2013-000141-SOM,FL-2013-000141-SOM,0.2925562255025828,4.592968235823698e-06,1.2318330184492288,5.657769925576135e-06
FL-2016-000045-ETH,FL-2016-000045-ETH,0.2983295162587018,5.584216391429958e-06,1.0095022581351816,5.637279057064037e-06
FL-2005-000129-SDN,FL-2005-000129-SDN,0.2946921818238087,4.9395358502653146e-06,1.1253207612767273,5.5585622433742505e-06
FL-2009-000095-TJK,FL-2009-000095-TJK,0.291139837890316,4.37538585524779e-06,1.2601155392859784,5.513491706569811e-06
FL-2007-000035-AFG,FL-2007-000035-AFG,0.298722930345389,5.658295295569388e-06,0.9702882879212498,5.490177654890884e-06
Iran: Floods - Feb 1991,Iran: Floods - Feb 1991,0.29811626545731884,5.544427657510808e-06,0.9877471286935022,5.476492498955141e-06
FL-2023-000168-LBY,FL-2023-000168-LBY,0.2935280254436139,4.747836238613959e-06,1.1504384598927777,5.462093410174162e-06
FL-1999-000213-IND,FL-1999-000213-IND,0.29616689165389953,5.1923633210778405e-06,1.046094414060121,5.431702265950187e-06
Brazil: Floods - Jul 1988,Brazil: Floods - Jul 1988,0.29878018551727253,5.669149709496733e-06,0.9542800112349412,5.409956248471106e-06
FL-2011-000180-PAN,FL-2011-000180-PAN,0.29711250245343357,5.36054902735376e-06,1.008200937283557,5.40451055373252e-06
FL-2015-000068-BGD,FL-2015-000068-BGD,0.29673029824715763,5.291988977902481e-06,1.0178976147086904,5.386702957671616e-06
FL-2022-000336-VNM,FL-2022-000336-VNM,0.2925361107743124,4.589811313458725e-06,1.1722090372300906,5.380218300817229e-06
FL-1999-000350-CRI,FL-1999-000350-CRI,0.30570737337309395,7.129501032594646e-06,0.7458703171652188,5.317683196411124e-06
FL-2019-000162-MYS,FL-2019-000162-MYS,0.294942158345218,4.981596416515006e-06,1.0555900890857195,5.258523805098176e-06
Cambodia: Floods - Aug 1994,Cambodia: Floods - Aug 1994,0.3000691440158254,5.918523740667121e-06,0.8858442088700285,5.2428899807297476e-06
FL-2024-000039-KAZ,FL-2024-000039-KAZ,0.2905033446192074,4.280666250959774e-06,1.2154593718752695,5.202975912599232e-06
FL-2011-000093-BGD,FL-2011-000093-BGD,0.29839046785387136,5.595635978828584e-06,0.9269344239735141,5.186787612800944e-06
FL-2002-000522-KHM,FL-2002-000522-KHM,0.29692141336033423,5.3261720530474085e-06,0.9662857219135197,5.1466040073145286e-06
FL-2023-000063-CMR,FL-2023-000063-CMR,0.2939385951567718,4.8146657448021394e-06,1.0563752295074629,5.0860936311670796e-06
FL-2013-000011-ZWE,FL-2013-000011-ZWE,0.2915690967742799,4.4403265983412965e-06,1.135178854405228,5.040564861090135e-06
FL-2009-000245-SRB,FL-2009-000245-SRB,0.29291575261837044,4.649725137323251e-06,1.0840237655442986,5.040412552107132e-06
FL-2016-000025-SRB,FL-2016-000025-SRB,0.2892103141742451,4.093905112085036e-06,1.220904970189552,4.998269098829036e-06
FL-2010-000249-IND,FL-2010-000249-IND,0.2900910069303196,4.220293501114501e-06,1.1839008478756656,4.99640905425362e-06
FL-2007-000111-GBR,FL-2007-000111-GBR,0.2955241087616685,5.080765639463479e-06,0.9829526883830424,4.994152244354814e-06
FL-2015-000110-ARG,FL-2015-000110-ARG,0.28739514377825953,3.844096259668467e-06,1.2876324492768365,4.949783082092834e-06
FL-2021-000049-RWA,FL-2021-000049-RWA,0.2870390416752646,3.7967300014718027e-06,1.2970626710434043,4.924596756939645e-06
FL-2015-000176-BDI,FL-2015-000176-BDI,0.2942488396982029,4.865725334661019e-06,1.0012036912755304,4.871582165795478e-06
FL-1997-000092-ECU,FL-1997-000092-ECU,0.2922544097430466,4.54580422848575e-06,1.0702429714274362,4.865115025021993e-06
FL-2011-000148-KHM,FL-2011-000148-KHM,0.2907592542859754,4.318525252383571e-06,1.1234947898668675,4.851840620961441e-06
FL-2001-000079-ROM,FL-2001-000079-ROM,0.29469547483733,4.940087842388057e-06,0.9754964355574846,4.8190380815904145e-06
FL-2015-000151-BLZ,FL-2015-000151-BLZ,0.28757023725278685,3.867580458601485e-06,1.2418606118182705,4.802995834575227e-06
FL-2023-000139-LAO,FL-2023-000139-LAO,0.288752426331893,4.029548822433471e-06,1.184828348999989,4.774323678498699e-06
FL-1997-000301-UGA,FL-1997-000301-UGA,0.29472703287060154,4.945380580751647e-06,0.9567646009320045,4.731565077799735e-06
FL-2012-000013-ECU,FL-2012-000013-ECU,0.2916281511266551,4.449328229143441e-06,1.057874236360154,4.7068297027207945e-06
FL-2000-000130-BOL,FL-2000-000130-BOL,0.29495761842360013,4.984208252014732e-06,0.9399073873447525,4.684694156133323e-06
FL-2009-000045-BOL,FL-2009-000045-BOL,0.2966183299470143,5.27205404431281e-06,0.8880873516614503,4.682044514029801e-06
FL-2004-000142-ALB,FL-2004-000142-ALB,0.29762445936971527,5.453636595501929e-06,0.8548694500312184,4.662147317066861e-06
FL-2016-000061-RUS,FL-2016-000061-RUS,0.29854247541434875,5.624206982105827e-06,0.8265337350740463,4.648596803749459e-06
FF-2023-000051-KEN,FF-2023-000051-KEN,0.2947036207225109,4.941453536729692e-06,0.9345216780382686,4.617895451092769e-06
FL-1998-000203-BGD,FL-1998-000203-BGD,0.2864034133109098,3.713486891444676e-06,1.2384617273903773,4.599011390220096e-06
FL-2009-000124-VNM,FL-2009-000124-VNM,0.2883531162023444,3.974170465121706e-06,1.1555969844310696,4.592539405109665e-06
FL-2012-000157-CMR,FL-2012-000157-CMR,0.2894306481471689,4.125201544182123e-06,1.1008538293751604,4.541243916857215e-06
FL-2007-000022-ARG,FL-2007-000022-ARG,0.29628523728724654,5.213148887555498e-06,0.8666786317016433,4.518124744723542e-06
FL-2019-000170-RWA,FL-2019-000170-RWA,0.28492675063826306,3.526405525551054e-06,1.2803341263764025,4.514977337805328e-06
FL-2009-000266-ALB,FL-2009-000266-ALB,0.29774737880774077,5.476202119374726e-06,0.8243171924381797,4.514127556266983e-06
FL-2024-000098-SLV,FL-2024-000098-SLV,0.28454031287052667,3.4788687741004444e-06,1.2955779011577304,4.507145504752221e-06
FL-2010-000042-SRB,FL-2010-000042-SRB,0.2901175047111144,4.2241500284437315e-06,1.0641610204580652,4.495175804836646e-06
FL-2015-000088-IRN,FL-2015-000088-IRN,0.2848821031739923,3.5208836119458393e-06,1.2747350017900236,4.488193577376245e-06
FL-2014-000054-TJK,FL-2014-000054-TJK,0.28962489915635625,4.1529715485159155e-06,1.080513117206162,4.487340233555433e-06
FL-2010-000092-LKA,FL-2010-000092-LKA,0.2864244985872505,3.7162216997268383e-06,1.2070220613503797,4.4855615764393e-06
FL-2024-000008-ZAF,FL-2024-000008-ZAF,0.2881690086460507,3.948868981291396e-06,1.1347418062917907,4.480946720640222e-06
FL-2019-000052-SRB,FL-2019-000052-SRB,0.28261570943739367,3.250595936799762e-06,1.3767250465171905,4.475176842299243e-06
FL-2016-000068-NPL,FL-2016-000068-NPL,0.2885728171633086,4.004554350105556e-06,1.1157984838635762,4.468275672397068e-06
FL-1998-000316-VNM,FL-1998-000316-VNM,0.28301763571471183,3.2971217644168244e-06,1.327857651248023,4.3781083619772615e-06
FL-2007-000012-BOL,FL-2007-000012-BOL,0.2904489335193486,4.272655343382887e-06,1.019120716977021,4.354351576944067e-06
FL-2010-000262-ECU,FL-2010-000262-ECU,0.2815550859425595,3.130644595324344e-06,1.369373617071581,4.2870221132648925e-06
FL-2011-000059-CHN,FL-2011-000059-CHN,0.28782186363530826,3.901555677950619e-06,1.0913766390536792,4.258066722882546e-06
FL-2024-000215-CRI,FL-2024-000215-CRI,0.296054977435308,5.172775981279363e-06,0.8201727122971342,4.242569706671365e-06
FL-2022-000349-CMR,FL-2022-000349-CMR,0.2851497031451299,3.554096684151077e-06,1.1868126206379996,4.218046799718165e-06
Sri Lanka: Floods - Jun 1989,Sri Lanka: Floods - Jun 1989,0.29123783597466857,4.390135794435081e-06,0.9466660273505467,4.155992412047295e-06
FL-2005-000171-SLV,FL-2005-000171-SLV,0.2873169485477941,3.833649937508292e-06,1.0823968914043698,4.149530775091531e-06
FF-2007-000113-GMB,FF-2007-000113-GMB,0.28352382823539873,3.356569487769562e-06,1.2095060640956095,4.0597911500155794e-06
Togo: Floods - Oct 1995,Togo: Floods - Oct 1995,0.29433538188969627,4.8800549845901705e-06,0.8151788237675379,3.978117482259126e-06
FF-2016-000079-MKD,FF-2016-000079-MKD,0.28215410644151895,3.1978917108429186e-06,1.242997967664418,3.974972897388637e-06
FL-2018-000105-BGD,FL-2018-000105-BGD,0.28850633878938925,3.995338636128216e-06,0.991882742040366,3.962907441782671e-06
FL-2009-000010-FJI,FL-2009-000010-FJI,0.2868951686263521,3.7777424560883084e-06,1.0467452570561262,3.954333998289998e-06
FL-2012-000083-HND,FL-2012-000083-HND,0.28012062789694947,2.974753002780584e-06,1.3246832560031157,3.9406054935284295e-06
FF-2022-000274-IRN,FF-2022-000274-IRN,0.2859382383548947,3.6536115533116157e-06,1.061292911805653,3.87755204402086e-06
FL-2003-000293-TLS,FL-2003-000293-TLS,0.28566217973293717,3.6184906716034783e-06,1.0697950005147083,3.87104322989051e-06
FL-1999-000161-LKA,FL-1999-000161-LKA,0.27935327740775984,2.8942611111507092e-06,1.3231195184395432,3.829453367624024e-06
FL-2008-000126-TCD,FL-2008-000126-TCD,0.28493218046543406,3.5270776075727834e-06,1.083157735234383,3.820381393414443e-06
FL-1998-000219-KOR,FL-1998-000219-KOR,0.2842331929799712,3.4415013013056027e-06,1.1090488289439522,3.816792988022066e-06
FL-2023-000056-TZA,FL-2023-000056-TZA,0.28072945844695263,3.0400440653325394e-06,1.243845119381568,3.78134397336878e-06
FL-2005-000103-SLV,FL-2005-000103-SLV,0.28830841751082126,3.968014250886867e-06,0.9499800804848453,3.769534497422519e-06
FL-2004-000043-IND,FL-2004-000043-IND,0.29617912368149557,5.194508224467151e-06,0.7238181749939552,3.7598794630249035e-06
FL-2008-000198-BLZ,FL-2008-000198-BLZ,0.28267988820878354,3.2579852135920998e-06,1.1420312108925819,3.7207207985487127e-06
FL-2000-000444-IND,FL-2000-000444-IND,0.29510374402446427,5.008955748321422e-06,0.7306166341110584,3.659626389249835e-06
FL-2003-000196-ARG,FL-2003-000196-ARG,0.28605860286795237,3.669020445168335e-06,0.9957341344638851,3.6533688972999905e-06
SL-2002-000428-NPL,SL-2002-000428-NPL,0.28997599831472076,4.2035916700165175e-06,0.8588047616407877,3.610064542203736e-06
FF-2011-000071-GEO,FF-2011-000071-GEO,0.27785666654238506,2.7428888660723977e-06,1.2913032050986575,3.5419011839887095e-06
FL-1997-000022-BOL,FL-1997-000022-BOL,0.28851800988854465,3.99695518580466e-06,0.8860824734618276,3.5416319373538715e-06
FL-2003-000341-NPL,FL-2003-000341-NPL,0.29205046399436874,4.514181385624501e-06,0.7820585732690798,3.530354253919335e-06
FL-2011-000091-BEN,FL-2011-000091-BEN,0.28324440548102225,3.323635631716066e-06,1.0550833377129152,3.5067125756525603e-06
FL-2008-000243-PNG,FL-2008-000243-PNG,0.27990650113719434,2.9520917801249745e-06,1.173640633936972,3.4646948682659993e-06
FL-2017-000075-CHN,FL-2017-000075-CHN,0.2816684447148603,3.143271953523279e-06,1.0948289270937435,3.4413450604397464e-06
FL-2012-000039-CHL,FL-2012-000039-CHL,0.2795230949819593,2.911903398730868e-06,1.1809039662177345,3.4386782728041834e-06
FF-2020-000006-IRN,FF-2020-000006-IRN,0.27797226516252993,2.754321683092738e-06,1.2339055159670984,3.3985727175159117e-06
FL-2000-000735-VEN,FL-2000-000735-VEN,0.28221134800564973,3.2043853086223907e-06,1.0592626832599326,3.3942857802100607e-06
FL-2011-000183-TZA,FL-2011-000183-TZA,0.2799154957365608,2.953040551330316e-06,1.1441136258848459,3.378613932567512e-06
FL-2009-000172-BFA,FL-2009-000172-BFA,0.2793307866064002,2.891931778414547e-06,1.1667415435722015,3.3741369470528903e-06
FL-2007-000220-SRB,FL-2007-000220-SRB,0.28807640479291685,3.936197523935135e-06,0.8529797073218023,3.357496611926994e-06
FL-2023-000021-NAM,FL-2023-000021-NAM,0.27670681250753637,2.6314705609900808e-06,1.2755322671404512,3.3565256105730325e-06
FL-2005-000038-MDG,FL-2005-000038-MDG,0.2813537199556791,3.108326393302708e-06,1.0792517862358992,3.3546668121761377e-06
Papua New Guinea: Floods - Jun 1993,Papua New Guinea: Floods - Jun 1993,0.2861989300541975,3.687058754638823e-06,0.9057511495213365,3.339557705366821e-06
FL-2025-000026-ECU,FL-2025-000026-ECU,0.2801944489009739,2.982601759242166e-06,1.1171472704368623,3.3320054141375696e-06
FF-2007-000070-CHN,FF-2007-000070-CHN,0.29477356084025624,4.953193303173461e-06,0.6717253779144738,3.327185643457634e-06
FL-2020-000198-SEN,FL-2020-000198-SEN,0.27831793445563946,2.7887650448168156e-06,1.1855921930050197,3.3063380652601106e-06
FL-2023-000079-BIH,FL-2023-000079-BIH,0.2776264929473995,2.720251572245792e-06,1.1840473487984016,3.220906662182314e-06
FL-2024-000103-NPL,FL-2024-000103-NPL,0.281551642688602,3.1302617568773475e-06,1.0276933790072569,3.2169492821024735e-06
FL-2011-000164-CAF,FL-2011-000164-CAF,0.28467063743401094,3.4948354977273187e-06,0.9191458685754219,3.212263609086793e-06
FL-2007-000145-ETH,FL-2007-000145-ETH,0.2802007119060689,2.9832685079641167e-06,1.074582595415157,3.205768416108384e-06
FL-2009-000123-BGD,FL-2009-000123-BGD,0.2894242041801571,4.124283189484789e-06,0.7725988685349205,3.186416525713541e-06
FL-2010-000208-RUS,FL-2010-000208-RUS,0.27403412747454614,2.38806707317737e-06,1.3220723863339372,3.1571975341611063e-06
FL-1998-000224-SVK,FL-1998-000224-SVK,0.27594676507722343,2.5600772600083487e-06,1.2251616258519693,3.136508418178483e-06
FL-2005-000090-TJK,FL-2005-000090-TJK,0.2744552702812147,2.4250223647131627e-06,1.278206249426741,3.099678741575978e-06
Iran: Floods - Jul 1987,Iran: Floods - Jul 1987,0.28574652117409605,3.629188430669619e-06,0.8532734221804965,3.096690031975331e-06
FL-2021-000055-TJK,FL-2021-000055-TJK,0.2769758746803479,2.65717051882046e-06,1.1378608539843575,3.023490315727107e-06
FL-2005-000048-AFG,FL-2005-000048-AFG,0.2798637213522669,2.9475830234877778e-06,1.0241455794175436,3.018754123471205e-06
FL-2002-000325-JAM,FL-2002-000325-JAM,0.27906223508137384,2.8642484243488e-06,1.041282547868147,2.982491897033244e-06
FL-2013-000125-BFA,FL-2013-000125-BFA,0.27592065471707117,2.5576559203561306e-06,1.1601880124394874,2.967361738742067e-06
FL-2010-000026-DOM,FL-2010-000026-DOM,0.2786008211165363,2.8172404852093494e-06,1.0490817664059833,2.955515624613874e-06
FL-2010-000021-AFG,FL-2010-000021-AFG,0.27742989020758124,2.701049231528838e-06,1.0852931770014216,2.9314303017231808e-06
FL-2007-000209-PNG,FL-2007-000209-PNG,0.27488908949655155,2.4636274132316227e-06,1.1865949732954428,2.9233279046134984e-06
FL-1997-000522-MDA,FL-1997-000522-MDA,0.28221530827810665,3.2048350084791976e-06,0.9078244357618784,2.9094275332825425e-06
FF-2010-000094-HUN,FF-2010-000094-HUN,0.27400062247137613,2.3851488896815867e-06,1.2165899177350536,2.901748091483576e-06
FL-2003-000204-KEN,FL-2003-000204-KEN,0.2758875828373294,2.554591964153616e-06,1.1287613663778198,2.8835247159958337e-06
FL-2015-000169-KEN,FL-2015-000169-KEN,0.27799321951196665,2.7563986745210087e-06,1.0437478752458738,2.8769852598618456e-06
FL-2015-000024-ARG,FL-2015-000024-ARG,0.276108066388856,2.5750813036468606e-06,1.1150032385892976,2.871223993197e-06
1993-12-01T00:00:00+00:00,1993-12-01T00:00:00+00:00,0.2846017826429344,3.4863915492632506e-06,0.8154353086906252,2.8429267691898658e-06
FL-2009-000265-MAR,FL-2009-000265-MAR,0.2772473847809562,2.6833330653578123e-06,1.0552948747389153,2.831707631089562e-06
FL-2011-000051-RWA,FL-2011-000051-RWA,0.27514518780283787,2.4866760725817052e-06,1.132758005030825,2.8168022271355397e-06
FL-2013-000019-PER,FL-2013-000019-PER,0.2712094579016783,2.1530212007586868e-06,1.3077998282489198,2.8157207565684937e-06
FL-2013-000083-THA,FL-2013-000083-THA,0.27491098582860213,2.4655905229486793e-06,1.1294300963517903,2.784712141897988e-06
FL-2008-000182-RWA,FL-2008-000182-RWA,0.2784826906203981,2.8053177734957303e-06,0.99098155542331,2.7800181706354557e-06
FF-2012-000079-GEO,FF-2012-000079-GEO,0.27532987515804674,2.503418045534426e-06,1.0903447996921118,2.7295888474038517e-06
FL-2008-000117-ROM,FL-2008-000117-ROM,0.2764259418132759,2.604881549094044e-06,1.0292424136351432,2.6810545728232046e-06
FL-2004-000031-CHN,FL-2004-000031-CHN,0.28897084737796697,4.060133509308237e-06,0.6434879492593721,2.6126469856240154e-06
FL-2006-000010-BOL,FL-2006-000010-BOL,0.2811361004781783,3.08436784013768e-06,0.8447911998200817,2.6056468083563845e-06
FL-2007-000158-TGO,FL-2007-000158-TGO,0.27439765598692023,2.4199365070740712e-06,1.0465800406584131,2.5326572479643597e-06
FL-2017-000064-IND,FL-2017-000064-IND,0.27522334553279376,2.4937487596354122e-06,1.0042415418757316,2.5043260994269595e-06
FL-2025-000047-TZA,FL-2025-000047-TZA,0.27308739980003793,2.306835485207436e-06,1.084317683177047,2.501342508790726e-06
FL-2000-000191-HUN,FL-2000-000191-HUN,0.2747104164811468,2.447661029609281e-06,1.016070329308817,2.48699574839146e-06
FL-2005-000138-PNG,FL-2005-000138-PNG,0.27114412402412225,2.1478402297300417e-06,1.1437040377671508,2.4564935432209736e-06
FL-2008-000168-NPL,FL-2008-000168-NPL,0.2797166053048882,2.9321250561820995e-06,0.8284146526395197,2.429015359912726e-06
FL-2009-000127-BEN,FL-2009-000127-BEN,0.27329743896437797,2.3246395370484345e-06,1.0221105165631266,2.3760385180356427e-06
FL-2016-000089-SEN,FL-2016-000089-SEN,0.2695702063159783,2.0263707608343237e-06,1.1668188769061376,2.364407655352141e-06
FL-2001-000252-ECU,FL-2001-000252-ECU,0.2734861198667193,2.340738489964521e-06,1.0045332304500523,2.3513495969628378e-06
Brazil: Floods - Jan 1985,Brazil: Floods - Jan 1985,0.2698831019571648,2.050014494187608e-06,1.1328349068786117,2.322327978622823e-06
FL-2012-000128-SSD,FL-2012-000128-SSD,0.2681928110135333,1.925179918054417e-06,1.202591215503273,2.3152044577155525e-06
FL-2015-000145-SOM,FL-2015-000145-SOM,0.271730062029487,2.1947086698411367e-06,1.0458367139854998,2.2953069034221418e-06
FL-1999-000651-CHN,FL-1999-000651-CHN,0.2719393310919995,2.211669605177732e-06,1.0240023009480381,2.2647547646388366e-06
FL-2009-000248-URY,FL-2009-000248-URY,0.2737220248082378,2.3610078959369733e-06,0.9530636879457565,2.2501908925707427e-06
FL-1999-000233-SVK,FL-1999-000233-SVK,0.2660797419826224,1.7787630830699599e-06,1.2632598706634384,2.2470400222598565e-06
FL-2002-000322-CHL,FL-2002-000322-CHL,0.27022521737190636,2.0761501001567464e-06,1.0722116253519196,2.226072273363616e-06
FL-2005-000081-CHN,FL-2005-000081-CHN,0.28439745888424106,3.461442455937386e-06,0.642825460215653,2.2251033397479504e-06
FL-2016-000137-ARG,FL-2016-000137-ARG,0.2722545256251776,2.2374383447879818e-06,0.9911432885271344,2.2176219989298687e-06
FL-2015-000042-RWA,FL-2015-000042-RWA,0.26577255988415127,1.75833408490778e-06,1.249561737281718,2.1971469938590255e-06
Cuba: Floods - May 1994,Cuba: Floods - May 1994,0.27510059559159966,2.4826489060350586e-06,0.8829805422163315,2.192130677183618e-06
FL-2012-000067-RWA,FL-2012-000067-RWA,0.270432958414913,2.0921662487296444e-06,1.0464774403141628,2.1894047806822822e-06
FL-2019-000083-NPL,FL-2019-000083-NPL,0.2690616959214135,1.988468669837098e-06,1.0942813443525146,2.175944169232196e-06
Algeria: Floods - Jan 1985,Algeria: Floods - Jan 1985,0.2644421227572611,1.6722698014646803e-06,1.2746999404289316,2.1316422163081293e-06
FL-2023-000053-ECU,FL-2023-000053-ECU,0.26610399945053753,1.7803853784722806e-06,1.1701678124219697,2.083349663594969e-06
FL-2025-000036-ARG,FL-2025-000036-ARG,0.26285071896075324,1.5743152144750275e-06,1.314214219679874,2.068987441121452e-06
FL-1999-000437-KHM,FL-1999-000437-KHM,0.26820848375632267,1.9263052571502763e-06,1.069362166100396,2.0599179623568e-06
FL-2006-000155-LKA,FL-2006-000155-LKA,0.2632673290623434,1.5994463379698006e-06,1.2787797130194554,2.0453395290590406e-06
FL-2019-000116-ETH,FL-2019-000116-ETH,0.26214496252393205,1.5325518110077302e-06,1.3310225871226296,2.03986107638698e-06
FL-2018-000014-ARG,FL-2018-000014-ARG,0.2668477820791755,1.8307792222043955e-06,1.1137801849313482,2.0390856206752814e-06
FL-2005-000111-ROM,FL-2005-000111-ROM,0.270377546433573,2.0878833299081603e-06,0.9764074974737552,2.0386249371727977e-06
FL-2017-000160-HND,FL-2017-000160-HND,0.2646787041867982,1.687291029509146e-06,1.2060733944327546,2.034996819356033e-06
FL-2006-000178-JAM,FL-2006-000178-JAM,0.2665528987148054,1.810648284933643e-06,1.1200515235065662,2.028019370074478e-06
Sri Lanka: Floods and Landslides - Feb 1986,Sri Lanka: Floods and Landslides - Feb 1986,0.26544779476113306,1.736965599657048e-06,1.1439959056746454,1.9870815343053682e-06
FL-2023-000064-RWA,FL-2023-000064-RWA,0.26729488095524145,1.8616859248906957e-06,1.0562755799966463,1.9664533800855126e-06
Turkey: Floods - Nov 1995,Turkey: Floods - Nov 1995,0.2704356909233439,2.0923776549832842e-06,0.9375125837102277,1.9616303814209262e-06
Lao PDR: Floods - Aug 1996,name=Lao PDR: Floods - Aug 1996,0.2682259655739492,1.927561190435629e-06,1.016133336585506,1.958659183910086e-06
FL-2016-000117-ALB,FL-2016-000117-ALB,0.2656468523651583,1.7500350361081204e-06,1.116507802929084,1.9539277732139977e-06
FL-2020-000161-BGD,FL-2020-000161-BGD,0.2657538912351367,1.7570993694861059e-06,1.110546280177668,1.9513401686853207e-06
China: Floods - Jun 1990,China: Floods - Jun 1990,0.2687657692625518,1.9667064849148697e-06,0.9825698640424038,1.932426523494117e-06
FL-2009-000034-MAR,FL-2009-000034-MAR,0.2663285781485537,1.7954681485419409e-06,1.0737840903093678,1.927945132561553e-06
FL-1998-000329-BEN,FL-1998-000329-BEN,0.26798601341226724,1.910386680383347e-06,0.9960705364253544,1.9028798855092925e-06
FL-2020-000212-KHM,FL-2020-000212-KHM,0.26141587443586306,1.4904573912342583e-06,1.253731041392615,1.8686326972634468e-06
FL-2009-000203-USA,FL-2009-000203-USA,0.26550941284883134,1.741001812042316e-06,1.0672358252351861,1.8580595056109354e-06
FL-2010-000046-MOZ,FL-2010-000046-MOZ,0.2606701386172948,1.448481086823591e-06,1.2621415706580152,1.8281881939919562e-06
FL-2020-000192-TCD,FL-2020-000192-TCD,0.26031575236225307,1.4289087365613992e-06,1.2732702189198974,1.8193869398180867e-06
FL-2008-000191-SLV,FL-2008-000191-SLV,0.2634536145822873,1.6107999767921783e-06,1.1001321274321947,1.7720928053361088e-06
FL-2010-000179-ETH,FL-2010-000179-ETH,0.26472041514842476,1.6899519334969141e-06,1.030549003575644,1.7415782811559778e-06
FL-2021-000204-BRA,FL-2021-000204-BRA,0.25909368261639343,1.3632271872125553e-06,1.2616737641161433,1.719947976635927e-06
FL-2001-000375-IRN,FL-2001-000375-IRN,0.2666771654153,1.819107240357836e-06,0.9437442735893395,1.716772041132614e-06
FL-2007-000129-PAK,FL-2007-000129-PAK,0.2756794092559513,2.535381369388925e-06,0.6733911312339389,1.7073033284422613e-06
FL-2008-000096-BGD,FL-2008-000096-BGD,0.2721062929099119,2.2252861082215373e-06,0.7559853858657142,1.6822837771854724e-06
FL-2024-000075-UGA,FL-2024-000075-UGA,0.2614004383680011,1.4895775407209728e-06,1.1215173808366035,1.6705871020224143e-06
FL-2015-000071-GEO,FL-2015-000071-GEO,0.2630255895710529,1.584820307248088e-06,1.0505572323321797,1.664944435726386e-06
FL-2002-000734-MAR,FL-2002-000734-MAR,0.262366045968423,1.5455259532799138e-06,1.0757011498710427,1.6625240450987427e-06
FL-2018-000029-RWA,FL-2018-000029-RWA,0.2599646488180841,1.4097527367613955e-06,1.1779991519684878,1.6606875283901786e-06
FL-2008-000099-NIC,FL-2008-000099-NIC,0.26049074741640843,1.4385435644944823e-06,1.1525087365452498,1.657934025980836e-06
FL-1998-000221-NPL,FL-1998-000221-NPL,0.26133056437030555,1.485600591462487e-06,1.0933566224100346,1.6242912449317744e-06
FL-2009-000178-GIN,FL-2009-000178-GIN,0.2617506103027039,1.5096526358308012e-06,1.068515319346453,1.613086968276963e-06
FL-1999-000247-KOR,FL-1999-000247-KOR,0.2571530793235334,1.264495511857043e-06,1.2639620274706846,1.5982743108944092e-06
FL-2018-000425-LKA,FL-2018-000425-LKA,0.2620990696269705,1.5298709332619918e-06,1.0429228227177032,1.5955373121113635e-06
FL-2005-000110-BIH,FL-2005-000110-BIH,0.2642325603282125,1.6590647254905544e-06,0.9602566282387353,1.5931278993293827e-06
FL-2010-000036-CYP,FL-2010-000036-CYP,0.2608244607014331,1.4570792743281444e-06,1.084509140610344,1.5802157916027596e-06
IND-2018-000413,IND-2018-000413,0.2650823851678729,1.7132024881688193e-06,0.9221733186742626,1.579869624075644e-06
FL-2025-000029-BWA,FL-2025-000029-BWA,0.2556612772352126,1.1930249943902764e-06,1.2304510947433291,1.4679589104036698e-06
FL-2019-000136-SLV,FL-2019-000136-SLV,0.2536336041725217,1.1017116233181675e-06,1.3263875340879325,1.4612965633289974e-06
FL-2010-000239-MNE,FL-2010-000239-MNE,0.2616137478496962,1.5017776096861716e-06,0.9720464771371192,1.4597976349388467e-06
FL-2011-000102-BRA,FL-2011-000102-BRA,0.25811511711930313,1.312606068186475e-06,1.1038786858666811,1.4489578616103175e-06
FL-2003-000080-ARG,FL-2003-000080-ARG,0.2629806206461339,1.5821128573627461e-06,0.8916407850854717,1.4106763502327378e-06
FL-2000-000048-BWA,FL-2000-000048-BWA,0.2576787323726043,1.2905824452120883e-06,1.0623346437323442,1.3710304421416014e-06
FL-2022-000374-TTO,FL-2022-000374-TTO,0.2514248842074841,1.0094448295332349e-06,1.3478906419910999,1.3606212393341484e-06
FL-2010-000245-MAR,FL-2010-000245-MAR,0.25541587232903373,1.181622689305394e-06,1.150616667361314,1.3595947608470858e-06
FL-2019-000079-BGD,FL-2019-000079-BGD,0.2539402527103529,1.115104258733918e-06,1.2169646553574989,1.3570424699178018e-06
FL-2011-000005-HND,FL-2011-000005-HND,0.2507977031808898,9.845449498551271e-07,1.359711468750731,1.3386970598186298e-06
FL-2010-000259-AUS,FL-2010-000259-AUS,0.2532543017926123,1.08534625104238e-06,1.2316167879767448,1.3367306635514178e-06
FL-2005-000132-MKD,FL-2005-000132-MKD,0.257024857701706,1.2582046149795685e-06,1.0452123135987392,1.3150909566034057e-06
FL-2001-000450-THA,FL-2001-000450-THA,0.25201101610677923,1.0332258288323475e-06,1.2397633775051489,1.280955543278748e-06
FL-2009-000145-NPL,FL-2009-000145-NPL,0.26127635171493135,1.4825216094610317e-06,0.8626211054247378,1.2788544295693365e-06
Nepal: Floods - Aug 1987,Nepal: Floods - Aug 1987,0.25418269176657476,1.1257961138445891e-06,1.1288267712275268,1.2708287922516848e-06
China: Floods in Zhejiang Province - Aug 1988,name=China: Floods in Zhejiang Province - Aug 1988,0.2528765278260742,1.0692646198994763e-06,1.1830173894671492,1.264958639283062e-06
FL-2011-000045-GTM,FL-2011-000045-GTM,0.24982612355406045,9.470621772885342e-07,1.3016118343545413,1.2327073378283348e-06
FL-1997-000142-CZE,FL-1997-000142-CZE,0.2594877412482267,1.3841031491233548e-06,0.8861912863935222,1.2265801502229507e-06
FL-2012-000068-DOM,FL-2012-000068-DOM,0.24946525161064603,9.334705187154105e-07,1.3071503900505754,1.2201863526395618e-06
FL-2014-000163-COL,FL-2014-000163-COL,0.25619419552185685,1.218127812039815e-06,0.9955467519351162,1.2127031867180675e-06
FL-2023-000217-PRY,FL-2023-000217-PRY,0.2504741068755434,9.719151838943898e-07,1.2209609052027184,1.1866704427079607e-06
FL-2010-000196-LKA,FL-2010-000196-LKA,0.2504619165935269,9.71442267717051e-07,1.212821481693282,1.1781860505120757e-06
FL-1998-000048-PAK,FL-1998-000048-PAK,0.2490659243980515,9.186353260381752e-07,1.274857049816715,1.1711287216104441e-06
FL-2021-000134-NPL,FL-2021-000134-NPL,0.24946496770118265,9.334598952015108e-07,1.2467249920120518,1.1637677803886742e-06
FL-1998-000165-CHN,FL-1998-000165-CHN,0.264144691540476,1.6535558643730773e-06,0.7000190203158281,1.1575205562159339e-06
FL-1998-000213-KGZ,FL-1998-000213-KGZ,0.2516553436335407,1.0187357950680115e-06,1.1210585535855664,1.142062476904787e-06
FL-2009-000144-NER,FL-2009-000144-NER,0.2521337499459946,1.0382688644142093e-06,1.0987319238695548,1.140779146891682e-06
FL-2006-000120-BFA,FL-2006-000120-BFA,0.25106421781457683,9.950575651193892e-07,1.130238094179754,1.124651965999685e-06
FL-2018-000194-TTO,FL-2018-000194-TTO,0.2466261840301803,8.325145504923938e-07,1.3365256119034994,1.1126770190154134e-06
FL-2002-000125-ECU,FL-2002-000125-ECU,0.2563306097303706,1.2246294685176143e-06,0.8770809761459832,1.0740992096645658e-06
FL-2014-000117-BGD,FL-2014-000117-BGD,0.2509358700180649,9.899823677646894e-07,1.0680532640304388,1.0573538992236588e-06
FL-2006-000127-NPL,FL-2006-000127-NPL,0.2559549640769666,1.206800741134864e-06,0.862630230686243,1.0410228017174967e-06
FL-2004-000051-NPL,FL-2004-000051-NPL,0.2571696542171217,1.2653107833970956e-06,0.8123157064849782,1.027831822938273e-06
Nepal: Floods and Landslides - Jul 1993,name=Nepal: Floods and Landslides - Jul 1993,0.24710701489952983,8.488886828733042e-07,1.1890383157151128,1.0093611697132942e-06
1992-01-01T00:00:00+00:00,1992-01-01T00:00:00+00:00,0.2501509866546238,9.594496788655045e-07,1.040933530085597,9.98723341160962e-07
FL-2013-000002-PSE,FL-2013-000002-PSE,0.24700702330353413,8.454599118184205e-07,1.1703104797566297,9.894505950152136e-07
FL-2007-000159-RWA,FL-2007-000159-RWA,0.2513755122968145,1.0074643492311039e-06,0.9770683724629499,9.843615520176796e-07
FL-1999-000259-KHM,FL-1999-000259-KHM,0.24439085596474566,7.600628831959291e-07,1.280488038773529,9.73251430648109e-07
FL-2005-000065-GEO,FL-2005-000065-GEO,0.24664678224762437,8.332101279819469e-07,1.1559686487957939,9.631647858062616e-07
FL-2023-000001-COG,FL-2023-000001-COG,0.24734731007704663,8.57179778896412e-07,1.1236428229072688,9.63163906498193e-07
Iran: Floods - Dec 1986,Iran: Floods - Dec 1986,0.2551622697623536,1.1699426329707144e-06,0.8224805158651762,9.622550202984158e-07
Nepal: Floods - Jul 1996,Nepal: Floods - Jul 1996,0.25822845066996625,1.3183808785446617e-06,0.7248329870558342,9.55605950272822e-07
FL-2018-000360-RUS,FL-2018-000360-RUS,0.2459013485861573,8.083679851936606e-07,1.1355339540901048,9.179292945868088e-07
FL-2013-000038-KEN,FL-2013-000038-KEN,0.24404058588064897,7.492393691936726e-07,1.2057564114452748,9.034001731124841e-07
FL-2023-000155-KGZ,FL-2023-000155-KGZ,0.2419111866746928,6.863719369713349e-07,1.3078043445548737,8.976402011516557e-07
FF-2016-000093-LAO,FF-2016-000093-LAO,0.24616186898768216,8.169731929059903e-07,1.0828034294739801,8.846213750669138e-07
FL-2011-000082-NPL,FL-2011-000082-NPL,0.24748081916474335,8.618177780457697e-07,1.025863139158339,8.84107091168498e-07
FL-2018-000028-BWA,FL-2018-000028-BWA,0.23913410451642556,6.115263594776564e-07,1.3719368691424587,8.389755590198616e-07
FL-2012-000030-KAZ,FL-2012-000030-KAZ,0.23797695309401984,5.82571182422088e-07,1.386634100283017,8.078130673886653e-07
FL-2024-000043-CUB,FL-2024-000043-CUB,0.23883171646399862,6.03837386628774e-07,1.300069557704207,7.850306041597344e-07
Cambodia: Floods - Sep 1996,Cambodia: Floods - Sep 1996,0.23965245971466737,6.249120628804126e-07,1.2387081711791748,7.740836785584013e-07
FL-1998-000193-ROM,FL-1998-000193-ROM,0.2447791515910267,7.722257013408102e-07,0.963506236832878,7.44044279484514e-07
Bangladesh: Floods - May 1984,Bangladesh: Floods - May 1984,0.23959584259644162,6.23437296868816e-07,1.1865219890231302,7.397220615119913e-07
FL-2011-000038-KAZ,FL-2011-000038-KAZ,0.24078359297379925,6.55041638176405e-07,1.1284426954486195,7.391769518148619e-07
FL-2024-000048-URY,FL-2024-000048-URY,0.24332854902718146,7.276636226485437e-07,0.9844872518135657,7.163755601059683e-07
1993-05-01T00:00:00+00:00,1993-05-01T00:00:00+00:00,0.24112886619864077,6.644954946796539e-07,1.051770447137431,6.988967235600279e-07
Togo: Floods - Sep 1995,Togo: Floods - Sep 1995,0.24347515422163948,7.320596939757405e-07,0.937832522926336,6.865493897339502e-07
FL-2004-000044-BGD,FL-2004-000044-BGD,0.24626568273124028,8.204251565999449e-07,0.8296031651469546,6.806273066815002e-07
FL-2015-000027-CHL,FL-2015-000027-CHL,0.23800112704428977,5.831632349684368e-07,1.155946805097162,6.741056783118901e-07
FL-2001-000082-ZWE,FL-2001-000082-ZWE,0.2390811627642905,6.101738530208488e-07,1.103078973774151,6.730699476140576e-07
FL-2013-000004-KEN,FL-2013-000004-KEN,0.24290848656459457,7.151989718040971e-07,0.935073356510655,6.687635031378264e-07
FF-2013-000118-BEN,FF-2013-000118-BEN,0.23670669880580972,5.522115505413482e-07,1.2075093409994648,6.668006054864761e-07
FF-2013-000113-ROM,FF-2013-000113-ROM,0.2340723657190343,4.937435607948707e-07,1.3494636441975612,6.662889848493263e-07
FL-2008-000054-THA,FL-2008-000054-THA,0.23644541066680136,5.461461658615941e-07,1.2161844828708155,6.642144923002614e-07
China: Floods - Jun 1994,China: Floods - Jun 1994,0.2414263112078505,6.727380433797823e-07,0.9760523910513278,6.566275757920284e-07
FL-2022-000217-BGD,FL-2022-000217-BGD,0.23914313612656002,6.117573598382806e-07,1.0110307901265791,6.185055268830468e-07
Bangladesh: Floods - Sep 1986,Bangladesh: Floods - Sep 1986,0.24003619719301786,6.349907191006152e-07,0.9657008832892354,6.132110983159308e-07
FL-2010-000031-PRT,FL-2010-000031-PRT,0.2334333761078077,4.804293289593227e-07,1.2669155831916283,6.086634034808629e-07
FL-2008-000018-ECU,FL-2008-000018-ECU,0.23820593266241363,5.882009701482257e-07,0.9773183345548795,5.748595925288283e-07
FL-2002-000536-MMR,FL-2002-000536-MMR,0.23946778590149226,6.20113216646442e-07,0.9088201340075248,5.635713766524567e-07
FL-1997-000526-ECU,FL-1997-000526-ECU,0.23690818153032778,5.569299732671161e-07,0.9609815296317132,5.351994176079823e-07
FL-2023-000144-SVN,FL-2023-000144-SVN,0.2282235879063671,3.8335866709238604e-07,1.3855662998699905,5.311688498862888e-07
Bangladesh: Floods - Jul 1993,Bangladesh: Floods - Jul 1993,0.2391403540216322,6.116861939208668e-07,0.8603121344647399,5.262410551146738e-07
FL-2003-000331-CHN,FL-2003-000331-CHN,0.24527305695139276,7.879495997615274e-07,0.6456419227196044,5.087332945961753e-07
Bangladesh: Floods - Jul 1988,Bangladesh: Floods - Jul 1988,0.23420136537266603,4.964713897818187e-07,1.0126036486064969,5.02728740721808e-07
1993-08-01T00:00:00+00:00,1993-08-01T00:00:00+00:00,0.23476244192926765,5.084944096385676e-07,0.9751121616043547,4.958390829463938e-07
FL-2019-000084-IND,FL-2019-000084-IND,0.23066469288536437,4.263941476359192e-07,1.1318124044523812,4.825981854802333e-07
FL-1999-000423-TGO,FL-1999-000423-TGO,0.23155167612687788,4.430770857556373e-07,1.0262432439346245,4.54704865798965e-07
Bangladesh: Floods - Jul 1991,Bangladesh: Floods - Jul 1991,0.23805297572978582,5.844349056615099e-07,0.7760463103390562,4.535485521719692e-07
FL-2000-000484-BTN,FL-2000-000484-BTN,0.23031132831002157,4.199068902887139e-07,1.0601525816656658,4.451653737987815e-07
FL-2010-000114-BGD,FL-2010-000114-BGD,0.23022050317938253,4.1825388914149707e-07,1.0524339826166824,4.401846062941021e-07
FL-1997-000111-ARM,FL-1997-000111-ARM,0.22920426161294633,4.001537419147798e-07,1.0966184261872387,4.3881596669152033e-07
FL-2009-000121-CZE,FL-2009-000121-CZE,0.23555493017101545,5.259227827177108e-07,0.8338900564640452,4.385617789761996e-07
FL-2008-000104-NPL,FL-2008-000104-NPL,0.23606706531485924,5.374697311679167e-07,0.7922332882970882,4.2580141248331065e-07
FL-2007-000025-FJI,FL-2007-000025-FJI,0.22923322898874576,4.006597533750655e-07,1.0321832158662596,4.1355427270685755e-07
FF-2024-000156-LAO,FF-2024-000156-LAO,0.2222608611099994,2.94191368246043e-07,1.3358685400072998,3.930009935815914e-07
FL-2019-000064-SDN,FL-2019-000064-SDN,0.2242638018800871,3.21804270787641e-07,1.207726031282668,3.886513948081707e-07
FL-2023-000094-ECU,FL-2023-000094-ECU,0.22198417659344255,2.9054953391825054e-07,1.3161601711441135,3.8240972428768706e-07
1992-00001-AR,1992-00001-AR,0.22631734188088812,3.525155965406218e-07,1.0623696179080282,3.74501859603481e-07
FL-2008-000088-USA,FL-2008-000088-USA,0.22326426471737582,3.077458196506945e-07,1.1865814777652384,3.651654894571956e-07
FL-2008-000069-CHL,FL-2008-000069-CHL,0.22439318467311212,3.2366565878824183e-07,1.033221040168237,3.344181686399249e-07
FL-2012-000063-RUS,FL-2012-000063-RUS,0.22246191131283075,2.96863389669013e-07,1.1108712268830492,3.297769978982772e-07
Bangladesh: Floods - Aug 1986,Bangladesh: Floods - Aug 1986,0.22439071635849991,3.2363005747835507e-07,1.0124849879606508,3.2767057484967705e-07
FL-2010-000120-BRA,FL-2010-000120-BRA,0.21931943816199329,2.574964504062888e-07,1.2635202173548898,3.253519709854666e-07
FL-2005-000168-NPL,FL-2005-000168-NPL,0.2268240175741416,3.604876454443324e-07,0.9001866293184169,3.2450615846346617e-07
FL-2013-000068-CZE,FL-2013-000068-CZE,0.22571297338004093,3.4321417706408384e-07,0.9098774924680277,3.1228285480654627e-07
FL-2006-000130-KHM,FL-2006-000130-KHM,0.22798051643571038,3.7929518639758135e-07,0.7719896247006457,2.928119485978303e-07
FL-2008-000038-ARG,FL-2008-000038-ARG,0.22116329707582377,2.799822873574081e-07,0.9962518718082016,2.7893287785295956e-07
Bangladesh: Floods - Jul 1996,Bangladesh: Floods - Jul 1996,0.22590136619426035,3.4608962022694633e-07,0.7856917613361736,2.719197632962769e-07
FL-2000-000438-KHM,FL-2000-000438-KHM,0.21997313473874835,2.652750700549107e-07,1.0010572321421671,2.6555552738548843e-07
FL-2005-000100-KGZ,FL-2005-000100-KGZ,0.2150774977638186,2.1181160545560024e-07,1.2450017166675804,2.6370581240233856e-07
FL-2008-000175-UGA,FL-2008-000175-UGA,0.22101966353062058,2.781692594159873e-07,0.9427683053348588,2.622491612958631e-07
FL-2001-000335-KOR,FL-2001-000335-KOR,0.21228189924567234,1.8583591281995078e-07,1.3077777012476726,2.430320628769381e-07
FL-2005-000098-BGR,FL-2005-000098-BGR,0.21611360194503645,2.2223938033237828e-07,1.0690227847551823,2.3757896124518513e-07
Bangladesh: Floods - Jul 1999,Bangladesh: Floods - Jul 1999,0.21645001314188558,2.257231826879134e-07,1.0482356036464253,2.3661107666185724e-07
FL-2012-000037-PSE,FL-2012-000037-PSE,0.21161165184993258,1.8005109763222397e-07,1.2782164281084545,2.3014427089246793e-07
FL-2007-000057-URY,FL-2007-000057-URY,0.21516029319948524,2.1262840149446542e-07,1.0706544149077877,2.2765153679483504e-07
FL-2000-000255-ARG,FL-2000-000255-ARG,0.21705656366411352,2.3212890986711992e-07,0.9596824343263637,2.227700372988027e-07
FL-2000-000617-BGD,FL-2000-000617-BGD,0.2205868135513651,2.727692892752386e-07,0.8096868541290794,2.2085770773629276e-07
FL-2005-000176-BGD,FL-2005-000176-BGD,0.21938578951954374,2.5827652342591955e-07,0.852603025726979,2.2020734534718397e-07
FL-1998-000040-URY,FL-1998-000040-URY,0.2136613180599627,1.982709246462482e-07,1.0305409604819116,2.0432630912058134e-07
Thailand: Floods and Mudslides - Nov 1988,Thailand: Floods and Mudslides - Nov 1988,0.2071000507059171,1.4514499082174016e-07,1.395522734002979,2.0255313441839212e-07
FL-2020-000038-EGY,FL-2020-000038-EGY,0.20807001280896886,1.5208799657942458e-07,1.329767132388454,2.022416190821264e-07
FL-2005-000157-MDA,FL-2005-000157-MDA,0.21314970836287142,1.935741797676489e-07,1.0060968725786879,1.947543768762163e-07
Belarus: Floods - Aug 1993,Belarus: Floods - Aug 1993,0.21083926066003691,1.7358606018598166e-07,1.1082433568666819,1.923755980457742e-07
FL-2009-000216-ITA,FL-2009-000216-ITA,0.21034863540122786,1.695887306493751e-07,1.1196820788761856,1.898854624874658e-07
UGA-2011-000110,UGA-2011-000110,0.20986170443952942,1.6570360527234132e-07,1.0988605320725724,1.820851518559085e-07
FL-2001-000236-URY,FL-2001-000236-URY,0.21094987979383084,1.744989517570887e-07,1.0394922336938253,1.813903051392072e-07
FL-2023-000108-SRB,FL-2023-000108-SRB,0.20534527316335613,1.3330520372263918e-07,1.3327736774425698,1.7766566658765277e-07
FL-2007-000088-ECU,FL-2007-000088-ECU,0.20945043225452453,1.6248475120591425e-07,1.0783214306239797,1.7521078937494286e-07
FL-2007-000217-SRB,FL-2007-000217-SRB,0.2087796701649198,1.5735555222278834e-07,1.0803231417321983,1.699948445463277e-07
FL-2010-000160-NPL,FL-2010-000160-NPL,0.20820695897682773,1.5309196942493231e-07,1.1019919218781706,1.6870611361069529e-07
FL-2008-000051-LKA,FL-2008-000051-LKA,0.2101408400579856,1.679208564360851e-07,0.9575666418010185,1.6079541058585297e-07
FL-1990-000004-VNM,FL-1990-000004-VNM,0.20250348935785617,1.1596451336944353e-07,1.3388746942864604,1.5526195238559186e-07
FL-2012-000098-GTM,FL-2012-000098-GTM,0.20258827679519034,1.1645096819862508e-07,1.2673665542478996,1.475860623047232e-07
FL-2011-000176-LKA,FL-2011-000176-LKA,0.20298384524122615,1.187448418538895e-07,1.212182945388364,1.4394047214812324e-07
FL-2005-000169-FJI,FL-2005-000169-FJI,0.2038931592554839,1.2417282214305963e-07,1.141883746425886,1.4179092735299214e-07
Iran: Floods - Oct 1994,Iran: Floods - Oct 1994,0.21112058780861098,1.7591621163594857e-07,0.7986196192783261,1.404901379615867e-07
Bangladesh: Floods - Aug 1989,Bangladesh: Floods - Aug 1989,0.20458383412101722,1.2844379683247347e-07,1.074589594581484,1.3802436756471417e-07
Moldova: Floods - Aug 1994,Moldova: Floods - Aug 1994,0.20664606972947164,1.4199449158239077e-07,0.9253720476383611,1.3139773342896497e-07
FL-2012-000205-LKA,FL-2012-000205-LKA,0.20301730594351322,1.1894073106226778e-07,1.0845827244475248,1.2900106214329473e-07
SS-2007-000063-MDV,SS-2007-000063-MDV,0.20031882249612987,1.0404413092211184e-07,1.2101910384211765,1.2591327484225937e-07
FL-2000-000806-FJI,FL-2000-000806-FJI,0.19514704968865698,8.009767284446746e-08,1.0809688363767913,8.658308821117291e-08
FL-2006-000191-LKA,FL-2006-000191-LKA,0.19184634060221048,6.75359784251408e-08,1.2757451495342207,8.615869689492114e-08
FL-2002-000402-BGD,FL-2002-000402-BGD,0.20057160464439125,1.0536454359594425e-07,0.8143569274139246,8.580434598116366e-08
FF-2007-000080-BGD,FF-2007-000080-BGD,0.20215596822978407,1.1398971685717928e-07,0.7213395261756768,8.222528834665726e-08
FL-2018-000034-BLR,FL-2018-000034-BLR,0.1904429242328154,6.275501157795313e-08,1.2389029264369613,7.774736749251152e-08
Belarus: Floods - Apr 1996,Belarus: Floods - Apr 1996,0.19369391121540566,7.432923935574896e-08,0.9975700341709333,7.414862184401398e-08
FL-2010-000149-GTM,FL-2010-000149-GTM,0.1885170347376251,5.668994027411485e-08,1.266258028789791,7.178409202371166e-08
FL-2022-000378-BIH,FL-2022-000378-BIH,0.19256502989892088,7.01090712783667e-08,0.9789655437483893,6.863436508572084e-08
FL-2022-000002-IRN,FL-2022-000002-IRN,0.19074105115903306,6.374435289039123e-08,1.0761675131954946,6.859960173030837e-08
FL-2006-000131-BGD,FL-2006-000131-BGD,0.19613056609648866,8.422728824365635e-08,0.7881513340934744,6.638384959631337e-08
FL-1999-000132-BLR,FL-1999-000132-BLR,0.19117072483709402,6.519493672345791e-08,0.974119865323752,6.350768298084536e-08
FL-1997-000164-BGD,FL-1997-000164-BGD,0.19159968247926937,6.667267043937663e-08,0.876494679186875,5.843824088729367e-08
FL-2004-000036-MKD,FL-2004-000036-MKD,0.18633401279498524,5.045699335795177e-08,0.9980071080496405,5.0356438022049365e-08
FL-2023-000089-ARG,FL-2023-000089-ARG,0.18166317896730938,3.914435103697266e-08,1.2153291011417195,4.7573268960539926e-08
1985-06-01-ARG-Flood,1985-06-01-ARG-Flood,0.1840088580811899,4.450279646389932e-08,0.8967196146811239,3.990653049734028e-08
FL-2006-000045-HUN,FL-2006-000045-HUN,0.17829926987640005,3.2470998807272797e-08,1.11989572468407,3.636413274048634e-08
FL-2006-000034-ECU,FL-2006-000034-ECU,0.17842238052303616,3.269589986085917e-08,0.9389625926165136,3.0700226901282234e-08
FL-2012-000009-FJI,FL-2012-000009-FJI,0.17557113396064972,2.783114930729985e-08,1.0988887127745661,3.058333583733549e-08
FL-1997-000143-POL,FL-1997-000143-POL,0.1735414036466127,2.4775992343105042e-08,1.233104785558755,3.05513947252499e-08
FL-2005-000208-BIH,FL-2005-000208-BIH,0.17742323596778603,3.091042379416573e-08,0.9162380586784109,2.832130669009337e-08
subject,subject,0.16767500068251673,1.7566416181989966e-08,1.3062248250149238,2.2945688903459168e-08
FL-2009-000136-BIH,FL-2009-000136-BIH,0.174370675119147,2.5985704190155896e-08,0.8669569720381771,2.2528487420977328e-08
FL-2006-000086-CHL,FL-2006-000086-CHL,0.17196993552998738,2.262170238841426e-08,0.9816818094129864,2.220731373266059e-08
Bangladesh: Floods - Jun 1993,Bangladesh: Floods - Jun 1993,0.168857949787617,1.8845823490968356e-08,0.9963714048033698,1.8777439626372488e-08
FL-2002-000479-CZE,FL-2002-000479-CZE,0.1623962946215895,1.2757370182211084e-08,1.1971051210312973,1.5271913176016862e-08
FL-2022-000312-BGR,FL-2022-000312-BGR,0.1595109668337883,1.0663639975006825e-08,1.2948679116591442,1.3808005225122056e-08
FL-2009-000044-BIH,FL-2009-000044-BIH,0.1399521011551022,2.882665369672154e-09,0.8874544487949036,2.5582342067025587e-09
FL-2001-000390-POL,FL-2001-000390-POL,0.13522731995200848,2.044769737974989e-09,1.209049552596024,2.47222793686055e-09
FL-2009-000219-NPL,FL-2009-000219-NPL,0.12868204681482262,1.2450293848874071e-09,0.7491056022368088,9.326584871686047e-10
FL-2020-0020-000176-SDN,FL-2020-0020-000176-SDN,-0.06359848497681364,0.0,0.8819420188506686,0.0
