match_id,era5_event_id,cnn_bayesian_score,kg_bayesian_score,kg_rank,attribution_weight
ST-2022-000138-MDG,ST_2022_000138_MDG,0.19098024,1.15838070197658,1.0,0.22281028
FL-2005-000038-MDG,FL_2005_000038_MDG,0.016971387,0.0217356210011896,3.0,0.019092810375
FL-2003-000037-MDG,FL_2003_000037_MDG,0.0036578055,0.0232518141451188,2.0,0.004180349142857143
ST-2015-000041-PRY,ST_2015_000041_PRY,0.0018616358,1.4757494203506758e-05,751.0,0.0018640982812169313
FL-2000-000617-BGD,FL_2000_000617_BGD,0.0016567498,1.10362293411476e-06,1137.0,0.0016582005441330998
FL-2002-000402-BGD,FL_2002_000402_BGD,0.0013306502,2.117624025715188e-06,1076.0,0.0013318811437557814
FL-2020-000019-MDG,FL_2020_000019_MDG,0.0011145046,0.0051042932268076,4.0,0.0012383384444444446
FL-2022-000292-LAO,FL_2022_000292_LAO,0.0006079637,4.730775744330626e-05,480.0,0.0006092172334020619
FL-2015-000171-PRY,FL_2015_000171_PRY,0.000507689,2.0174315940580745e-05,687.0,0.0005084226546242774
FL-2006-000131-BGD,FL_2006_000131_BGD,0.00023984515,7.501075522181293e-07,1155.0,0.00024005191306034483
FL-2014-000107-MMR,FL_2014_000107_MMR,0.00022259455,4.921548058807188e-06,974.0,0.00022282191930541367
FL-2010-000239-MNE,FL_2010_000239_MNE,0.00021955943,1.7413793123218377e-06,1100.0,0.00021975812631674208
FL-2007-000228-LKA,FL_2007_000228_LKA,0.00019751408,3.4121557703117187e-06,1021.0,0.00019770658884990256
FL-2011-000093-BGD,FL_2011_000093_BGD,0.00018187825,9.544350796440336e-06,855.0,0.0001820897363372093
FL-2003-000273-TJK,FL_2003_000273_TJK,0.00017705893,6.178615710001935e-05,403.0,0.00017749289796568628
FL-2015-000080-MMR,FL_2015_000080_MMR,0.00017560809,2.7572941291762647e-05,607.0,0.0001758950313235294
FL-2021-000147-THA,FL_2021_000147_THA,0.00016558278,1.500672608020233e-06,1116.0,0.0001657304898840321
FL-2019-000103-LAO,FL_2019_000103_LAO,0.00014568435,1.2029675199376447e-05,801.0,0.0001458650998138958
FL-2012-000140-MMR,FL_2012_000140_MMR,0.00014354048,7.370749819601237e-06,905.0,0.00014369821679120878
FL-2006-000178-JAM,FL_2006_000178_JAM,0.00014297792,1.3399647203071363e-05,775.0,0.00014316122502564105
FL-2019-000079-BGD,FL_2019_000079_BGD,0.0001370216,4.525333530856856e-06,983.0,0.0001371602858299595
FL-2014-000045-SLB,FL_2014_000045_SLB,0.00011161907,3.116366390150772e-05,582.0,0.00011180922173764905
FL-2012-000175-GMB,FL_2012_000175_GMB,0.000105537634,1.1186095752426888e-05,822.0,0.0001056652490350665
FL-2006-000191-LKA,FL_2006_000191_LKA,0.00010458144,2.006890195023938e-06,1080.0,0.00010467782842396314
FL-2000-000735-VEN,FL_2000_000735_VEN,0.00010107553,3.0276467355860537e-05,587.0,0.00010124626569256757
FL-2006-000027-IDN,FL_2006_000027_IDN,9.038412e-05,2.147966653662364e-05,668.0,9.051842032689451e-05
FL-2005-000169-FJI,FL_2005_000169_FJI,8.3960294e-05,0.00016168910434,183.0,8.440689130851063e-05
FL-2013-000087-MMR,FL_2013_000087_MMR,8.2495135e-05,9.877506761705276e-05,289.0,8.277573069727891e-05
FL-2005-000160-MMR,FL_2005_000160_MMR,8.206309e-05,0.0001427895492574,199.0,8.24653600490196e-05
FL-2005-000090-TJK,FL_2005_000090_TJK,7.562316e-05,0.0002326639413098,108.0,7.629239150442478e-05
FL-2014-000162-LKA,FL_2014_000162_LKA,7.4058575e-05,1.92686377499346e-07,1205.0,7.411978043388429e-05
FL-2009-000177-GMB,FL_2009_000177_GMB,6.6425884e-05,7.18389477061742e-06,909.0,6.649856002188184e-05
FL-2019-000118-SEN,FL_2019_000118_SEN,5.994145e-05,2.54029039707369e-06,1060.0,5.9997733051643186e-05
FF-2009-000069-IDN,FF_2009_000069_IDN,5.9572525e-05,0.000178593833998,160.0,5.993357060606061e-05
ST-2011-000073-CAF,ST_2011_000073_CAF,5.5687266e-05,0.0005737512088984,29.0,5.7325126764705874e-05
FF-2007-000008-LKA,FF_2007_000008_LKA,5.205171e-05,2.596571831388877e-06,1057.0,5.210072290960452e-05
FL-2002-000788-LKA,FL_2002_000788_LKA,4.1373245e-05,3.295219162197842e-07,1187.0,4.140795409815436e-05
FL-2019-000104-THA,FL_2019_000104_THA,3.776563e-05,3.631274407978533e-06,1007.0,3.7802947816205534e-05
FL-2012-000056-PRY,FL_2012_000056_PRY,3.7127647e-05,5.9398774688968895e-05,418.0,3.721541921513002e-05
FL-2006-000125-THA,FL_2006_000125_THA,3.660507e-05,4.608269460702169e-05,483.0,3.668008038934426e-05
FL-2012-000123-PRK,FL_2012_000123_PRK,3.61428e-05,0.0001365195834334,207.0,3.631328490566038e-05
FL-2020-000161-BGD,FL_2020_000161_BGD,3.4579527e-05,3.2438710543061865e-06,1027.0,3.461303429360465e-05
FL-2006-000062-THA,FL_2006_000062_THA,3.3747023e-05,0.0002592275651043,96.0,3.408115194059406e-05
FL-2019-000153-COD,FL_2019_000153_COD,3.185256e-05,7.357030588688087e-07,1157.0,3.187997184165232e-05
FL-2016-000080-BFA,FL_2016_000080_BFA,3.0186116e-05,1.671613661549964e-06,1109.0,3.0213213052064635e-05
FL-2007-000127-MRT,FL_2007_000127_MRT,2.9864967e-05,2.2768209808711728e-05,655.0,2.9910216949999998e-05
FL-2022-000290-SEN,FL_2022_000290_SEN,2.9008415e-05,1.6117631171744198e-05,735.0,2.904761556081081e-05
FL-2013-000083-THA,FL_2013_000083_THA,2.7888322e-05,4.360745511018661e-05,501.0,2.7943437260869565e-05
FL-1999-000547-VEN,FL_1999_000547_VEN,2.7408352e-05,8.687080453811567e-05,314.0,2.749427159874608e-05
FL-2008-000232-CRI,FL_2008_000232_CRI,2.7071403e-05,9.708768654085605e-06,852.0,2.7102991568261377e-05
FF-2018-000118-LAO,FF_2018_000118_LAO,2.6792355e-05,2.189428346732684e-06,1075.0,2.6817162736111114e-05
FL-2022-000276-GMB,FL_2022_000276_GMB,2.5669042e-05,6.312475921447285e-06,939.0,2.569623378177966e-05
FL-2011-000102-BRA,FL_2011_000102_BRA,2.5438028e-05,2.488406483691681e-05,628.0,2.5478214458135863e-05
FL-2020-000172-MMR,FL_2020_000172_MMR,2.5284473e-05,0.000106020788607,271.0,2.5376083409420293e-05
FL-2021-000092-CRI,FL_2021_000092_CRI,2.526763e-05,6.002313525903659e-07,1162.0,2.52892817823479e-05
FL-1998-000040-URY,FL_1998_000040_URY,2.4062969e-05,5.958450256166554e-05,415.0,2.4120261783333332e-05
FL-1998-000203-BGD,FL_1998_000203_BGD,2.3730268e-05,1.1969200113904032e-06,1132.0,2.3751138948109058e-05
FL-2000-000583-LAO,FL_2000_000583_LAO,2.3698823e-05,3.0499474671021497e-05,585.0,2.3738990496610172e-05
FL-2012-000200-BFA,FL_2012_000200_BFA,2.1357204e-05,3.5536722919321965e-06,1014.0,2.1378162983316978e-05
FL-2022-000348-CRI,FL_2022_000348_CRI,2.0181275e-05,8.324986008142611e-05,321.0,2.024318075153374e-05
FL-2018-000124-MMR,FL_2018_000124_MMR,1.955497e-05,1.1908615126176783e-05,805.0,1.9579111938271606e-05
FL-2020-000196-NGA,FL_2020_000196_NGA,1.937081e-05,9.566172833816402e-05,294.0,1.9435595317725755e-05
FF-2020-000153-BIH,FF_2020_000153_BIH,1.8379562e-05,0.0006270432540013,25.0,1.8992214066666666e-05
FL-2018-000165-CRI,FL_2018_000165_CRI,1.7277029e-05,4.134329945744565e-06,989.0,1.729441031690141e-05
FL-2010-000152-THA,FL_2010_000152_THA,1.7250759e-05,4.461474986572162e-05,490.0,1.7285609018181817e-05
FL-2015-000131-SLE,FL_2015_000131_SLE,1.6251319e-05,2.0478928873964893e-05,684.0,1.6274905820029028e-05
FL-2002-000478-PRK,FL_2002_000478_PRK,1.5861095e-05,0.0003740022245558,56.0,1.612111295081967e-05
FL-2021-000055-TJK,FL_2021_000055_TJK,1.5277923e-05,1.201956207934054e-06,1130.0,1.5291383725110135e-05
FL-2003-000196-ARG,FL_2003_000196_ARG,1.462594e-05,0.0001996317739894,139.0,1.4727509027777777e-05
FL-2008-000038-ARG,FL_2008_000038_ARG,1.4206972e-05,4.330437148952526e-05,502.0,1.4234993641025642e-05
FL-2012-000205-LKA,FL_2012_000205_LKA,1.4081386e-05,4.1922250413578774e-07,1175.0,1.4093319377966103e-05
FL-2012-000106-BGD,FL_2012_000106_BGD,1.37859515e-05,3.0151557804178376e-06,1040.0,1.3799143798086124e-05
FL-2022-000333-THA,FL_2022_000333_THA,1.36875715e-05,0.0001464122666885,194.0,1.3756353266331657e-05
FL-2021-000209-MYS,FL_2021_000209_MYS,1.3131166e-05,1.3656706533745529e-05,773.0,1.3148044105398457e-05
FL-1999-000350-CRI,FL_1999_000350_CRI,1.3061015e-05,1.1530897857332307e-05,815.0,1.307694306707317e-05
FL-2015-000009-ALB,FL_2015_000009_ALB,1.2870389e-05,2.7854458322939427e-06,1051.0,1.2882576868371212e-05
FL-2017-000091-MMR,FL_2017_000091_MMR,1.25992765e-05,4.996303961560307e-05,469.0,1.2625857252109707e-05
FL-2002-000296-PRY,FL_2002_000296_PRY,1.2537438e-05,0.0001074854296947,266.0,1.2583701608856089e-05
FL-2010-000176-MRT,FL_2010_000176_MRT,1.2438622e-05,1.0707456145689366e-06,1139.0,1.244949492132867e-05
FL-1997-000164-BGD,FL_1997_000164_BGD,1.2223152e-05,3.187080205023166e-06,1030.0,1.2234961808695654e-05
FF-2009-000107-THA,FF_2009_000107_THA,1.2138553e-05,8.687118263977504e-05,313.0,1.2176724550314467e-05
FF-2011-000066-TJK,FF_2011_000066_TJK,1.1809133e-05,0.0002010814653432,137.0,1.1892295908450704e-05
FL-2005-000137-CAF,FL_2005_000137_CAF,1.155282e-05,8.15281105802984e-05,327.0,1.158761765060241e-05
FL-2021-000095-MMR,FL_2021_000095_MMR,1.1453936e-05,0.0001017769111161,279.0,1.1494266760563382e-05
FL-2005-000139-SLE,FL_2005_000139_SLE,1.1443017e-05,9.038609419660676e-06,867.0,1.1456139725917431e-05
FL-2021-000068-SUR,FL_2021_000068_SUR,1.1236944e-05,1.69979213901809e-05,720.0,1.1252443233103449e-05
FL-2002-000263-CRI,FL_2002_000263_CRI,1.1012216e-05,1.303531142532333e-05,785.0,1.102615551392405e-05
FL-2012-000089-CUB,FL_2012_000089_CUB,1.0997996e-05,7.756298830611735e-06,895.0,1.1010215995555554e-05
FL-2009-000190-TUR,FL_2009_000190_TUR,1.087942e-05,8.675431450970541e-06,877.0,1.0891754943310656e-05
FL-2011-000107-MMR,FL_2011_000107_MMR,1.0717592e-05,7.00994606335384e-05,365.0,1.0746558464864865e-05
FL-2020-000198-SEN,FL_2020_000198_SEN,1.034687e-05,1.186853345541111e-05,806.0,1.0359628162762024e-05
FL-2007-000153-GHA,FL_2007_000153_GHA,1.0207036e-05,3.9979275168301445e-06,993.0,1.0217263490981965e-05
FF-2020-000140-IDN,FF_2020_000140_IDN,1.0183175e-05,5.33015972255774e-05,454.0,1.02053605664488e-05
FL-2009-000123-BGD,FL_2009_000123_BGD,1.00028865e-05,1.4820284507588231e-05,750.0,1.0016135356291392e-05
FL-2009-000087-VUT,FL_2009_000087_VUT,9.748097e-06,0.0003679165880423,58.0,9.902828698412696e-06
FL-2004-000055-TJK,FL_2004_000055_TJK,9.660158e-06,4.215466021735313e-05,509.0,9.678952081712061e-06
FL-2018-000065-TJK,FL_2018_000065_TJK,9.486395e-06,4.395840382315174e-05,498.0,9.50525463220676e-06
FL-1998-000111-TJK,FL_1998_000111_TJK,8.956044e-06,5.765844885819495e-05,424.0,8.97692055944056e-06
FL-2008-000155-CHL,FL_2008_000155_CHL,8.203575e-06,8.485943577333919e-05,316.0,8.229131308411215e-06
FL-2019-000062-SSD,FL_2019_000062_SSD,7.980179e-06,5.067778427896917e-05,468.0,7.99705041437632e-06
FL-2002-000376-RUS,FL_2002_000376_RUS,7.814359e-06,4.612120017819165e-05,482.0,7.830404911704312e-06
FF-2007-000049-TJK,FF_2007_000049_TJK,7.717801e-06,4.13485767995481e-06,988.0,7.725573206445116e-06
FL-2009-000248-URY,FL_2009_000248_URY,7.4387494e-06,2.1071415628814523e-05,674.0,7.449704848306333e-06
FL-2012-000126-PAN,FL_2012_000126_PAN,7.1328127e-06,5.97691128239537e-06,946.0,7.140313028811776e-06
FL-2007-000144-LBR,FL_2007_000144_LBR,6.941068e-06,0.0003679155395053,59.0,7.0495221875e-06
FL-1997-000299-PRY,FL_1997_000299_PRY,6.927757e-06,4.721371319732418e-06,977.0,6.934811742362525e-06
FL-2010-000118-GHA,FL_2010_000118_GHA,6.6660114e-06,0.0001524778289629,188.0,6.700550319170984e-06
FL-2002-000641-THA,FL_2002_000641_THA,6.5086183e-06,0.0001118204456341,253.0,6.533845502713178e-06
FL-1999-000229-TJK,FL_1999_000229_TJK,6.297458e-06,2.4676621954711517e-05,631.0,6.307359663522013e-06
FL-2020-000213-LAO,FL_2020_000213_LAO,6.167025e-06,2.2075983785330988e-05,662.0,6.1762709145427285e-06
FL-2008-000205-IDN,FL_2008_000205_IDN,6.0116663e-06,5.65780024516381e-05,431.0,6.025454525458715e-06
FF-2008-000202-MAR,FF_2008_000202_MAR,5.3709014e-06,5.532165559832111e-05,445.0,5.382836736444444e-06
FL-1997-000111-ARM,FL_1997_000111_ARM,5.1861575e-06,9.973441880912445e-07,1144.0,5.190671127067015e-06
FL-2009-000266-ALB,FL_2009_000266_ALB,5.152963e-06,7.923683340528595e-06,891.0,5.158714074776785e-06
FL-2007-000177-SLE,FL_2007_000177_SLE,5.104319e-06,6.305184350486596e-05,396.0,5.117047975062344e-06
FL-2021-000110-YEM,FL_2021_000110_YEM,4.9375108e-06,1.4341940562940448e-05,755.0,4.944007524736842e-06
FL-1997-000295-COD,FL_1997_000295_COD,4.9244377e-06,1.0460571533595497e-05,837.0,4.9302862008313535e-06
FL-2016-000089-SEN,FL_2016_000089_SEN,4.866709e-06,1.331741548690617e-07,1211.0,4.8707112277960525e-06
FL-2009-000120-BWA,FL_2009_000120_BWA,4.7806802e-06,3.012077135877874e-06,1041.0,4.785250639961759e-06
FL-2008-000234-BRA,FL_2008_000234_BRA,4.693935e-06,0.0001307882506289,213.0,4.715466811926606e-06
FL-2019-000032-BOL,FL_2019_000032_BOL,4.605979e-06,0.0001446922418963,197.0,4.628780876237623e-06
FL-2000-000048-BWA,FL_2000_000048_BWA,4.507604e-06,1.204005176948683e-07,1212.0,4.511307865242399e-06
FL-2002-000536-MMR,FL_2002_000536_MMR,4.3400287e-06,5.16201048905432e-06,969.0,4.344484581622177e-06
FL-2021-000084-TCD,FL_2021_000084_TCD,4.2068878e-06,1.0672241155863567e-05,832.0,4.211913950298686e-06
FL-2006-000155-LKA,FL_2006_000155_LKA,3.8414114e-06,4.686046183552465e-07,1172.0,3.844675131011045e-06
FL-2016-000130-VCT,FL_2016_000130_VCT,3.7646867e-06,8.132748763780133e-05,329.0,3.775958217065868e-06
FL-2022-000265-YEM,FL_2022_000265_YEM,3.7642928e-06,8.284768339986315e-07,1152.0,3.767546294209161e-06
FL-2008-000069-CHL,FL_2008_000069_CHL,3.6528802e-06,2.9965483510891777e-07,1192.0,3.6559318960735175e-06
FL-2008-000096-BGD,FL_2008_000096_BGD,3.6135464e-06,1.7038293203189515e-07,1209.0,3.6165229621087316e-06
FL-2000-000012-MOZ,FL_2000_000012_MOZ,3.5969383e-06,5.233685918129637e-06,966.0,3.600642664881565e-06
FL-2007-000200-MEX,FL_2007_000200_MEX,3.589122e-06,4.732042521358757e-05,479.0,3.5965375413223137e-06
FF-2019-000054-YEM,FF_2019_000054_YEM,3.5734517e-06,1.0417996693505822e-05,838.0,3.577690669988138e-06
FL-2021-000001-MYS,FL_2021_000001_MYS,3.3946174e-06,4.572632778600129e-05,485.0,3.401545190612245e-06
FL-2010-000075-TJK,FL_2010_000075_TJK,3.3317042e-06,6.064660495119912e-05,408.0,3.3397712803874094e-06
FL-2012-000051-TJK,FL_2012_000051_TJK,3.249589e-06,0.000175896564018,169.0,3.268264798850575e-06
FL-2003-000220-NAM,FL_2003_000220_NAM,3.2224077e-06,0.0001044868921766,274.0,3.233957548387096e-06
FL-2000-000770-IDN,FL_2000_000770_IDN,3.0863089e-06,6.958630412420146e-05,367.0,3.0946054293010754e-06
FL-2011-000032-THA,FL_2011_000032_THA,2.999872e-06,1.646614872736724e-05,731.0,3.003947913043478e-06
FL-2021-000057-LKA,FL_2021_000057_LKA,2.875291e-06,9.56670675252396e-05,293.0,2.884939627516779e-06
FL-2022-000321-CAF,FL_2022_000321_CAF,2.776584e-06,0.0001827610273451,154.0,2.79404679245283e-06
FL-1998-000080-ARG,FL_1998_000080_ARG,2.7373626e-06,6.854118705565878e-05,373.0,2.7446043e-06
FL-1999-000031-LKA,FL_1999_000031_LKA,2.7323722e-06,1.115896790850671e-05,823.0,2.7356721664251207e-06
FL-2009-000183-NGA,FL_2009_000183_NGA,2.6355615e-06,1.674090384414901e-05,726.0,2.6391669192886456e-06
FL-1999-000531-COD,FL_1999_000531_COD,2.4244166e-06,5.315203056261186e-06,963.0,2.426921162603306e-06
FL-2008-000250-THA,FL_2008_000250_THA,2.3864795e-06,0.0001075657390412,264.0,2.395351171003717e-06
FL-2006-000047-COD,FL_2006_000047_COD,2.3264038e-06,2.0490972521871887e-05,682.0,2.3297901228529843e-06
FL-2005-000196-LKA,FL_2005_000196_LKA,2.2789693e-06,3.8132794155580003e-07,1180.0,2.2808924808438823e-06
FL-2001-000335-KOR,FL_2001_000335_KOR,2.2369397e-06,2.604878022451658e-07,1198.0,2.2387991677472983e-06
FL-2020-000212-KHM,FL_2020_000212_KHM,2.1957776e-06,6.223069768180023e-06,941.0,2.1980987179704013e-06
FL-2011-000063-HTI,FL_2011_000063_HTI,2.0886278e-06,1.0929040669600029e-05,827.0,2.091138169951923e-06
FL-2022-000271-NGA,FL_2022_000271_NGA,2.0282464e-06,4.718713846754251e-06,978.0,2.030309722889115e-06
FL-2017-000079-TJK,FL_2017_000079_TJK,1.9487325e-06,1.1211649307479211e-05,821.0,1.9510917403147697e-06
FL-2009-000044-BIH,FL_2009_000044_BIH,1.9408474e-06,8.445386799573702e-06,880.0,1.9430404479096047e-06
FL-2020-000164-IND,FL_2020_000164_IND,1.8242182e-06,3.701740573440449e-05,546.0,1.8275289408348454e-06
FL-2008-000035-PRY,FL_2008_000035_PRY,1.8188496e-06,8.258292467866062e-05,323.0,1.8243948731707315e-06
FL-2002-000445-VEN,FL_2002_000445_VEN,1.8013918e-06,0.0001667899168794,176.0,1.811344240883978e-06
FF-2005-000067-IDN,FF_2005_000067_IDN,1.7692503e-06,6.395354807999724e-05,392.0,1.7737068498740557e-06
FL-2015-000055-TJK,FL_2015_000055_TJK,1.765067e-06,2.985707343269223e-05,591.0,1.7680285218120806e-06
FL-2018-000028-BWA,FL_2018_000028_BWA,1.7357321e-06,1.014041002456846e-08,1217.0,1.737152502700491e-06
FL-2010-000245-MAR,FL_2010_000245_MAR,1.6313938e-06,6.363592972351559e-06,937.0,1.633125640552017e-06
FL-2019-000009-ARG,FL_2019_000009_ARG,1.6120542e-06,0.0001242498222708,230.0,1.6189140051063828e-06
FL-2007-000131-SEN,FL_2007_000131_SEN,1.6075047e-06,0.0001464786589417,193.0,1.6156234106060604e-06
FL-2019-000098-CAF,FL_2019_000098_CAF,1.6055894e-06,6.927507827605905e-06,919.0,1.6073270508658008e-06
FL-2006-000058-TJK,FL_2006_000058_TJK,1.5982486e-06,2.0663333766662368e-05,679.0,1.6005852207602338e-06
FL-2007-000199-THA,FL_2007_000199_THA,1.573094e-06,0.0001268203351669,221.0,1.580054592920354e-06
FL-2007-000123-NGA,FL_2007_000123_NGA,1.5111743e-06,2.350524813313964e-05,645.0,1.5134991835384615e-06
FL-2012-000075-VEN,FL_2012_000075_VEN,1.3991842e-06,2.8146924197452567e-05,604.0,1.401481711001642e-06
FL-2002-000755-CRI,FL_2002_000755_CRI,1.3713252e-06,3.89017213689448e-05,527.0,1.3739028789473684e-06
FL-2011-000108-SEN,FL_2011_000108_SEN,1.3134909e-06,1.3170393639954475e-06,1122.0,1.314656375510204e-06
FL-2002-000475-TJK,FL_2002_000475_TJK,1.2998134e-06,1.1727520327477912e-05,809.0,1.3014102223587222e-06
FL-2000-000741-LKA,FL_2000_000741_LKA,1.2997864e-06,1.074151404040937e-06,1138.0,1.3009235709536308e-06
FL-2013-000101-LAO,FL_2013_000101_LAO,1.2467725e-06,0.0001474594875436,192.0,1.2531012944162436e-06
FL-2019-000058-TJK,FL_2019_000058_TJK,1.250041e-06,4.428553375881104e-05,494.0,1.2525460921843686e-06
FL-2009-000102-HTI,FL_2009_000102_HTI,1.218623e-06,0.0004379563030884,44.0,1.2434928571428573e-06
FL-2002-000734-MAR,FL_2002_000734_MAR,1.2095851e-06,9.019952786405734e-05,310.0,1.2134250526984127e-06
FL-2001-000236-URY,FL_2001_000236_URY,1.2084748e-06,8.616526705733381e-07,1149.0,1.2095220051993068e-06
FL-2017-000004-THA,FL_2017_000004_THA,1.1780083e-06,6.283828201743047e-05,398.0,1.1809313975186104e-06
FL-2014-000159-MAR,FL_2014_000159_MAR,1.1439898e-06,9.415075224975622e-06,860.0,1.1453123315606937e-06
FL-2010-000161-MYS,FL_2010_000161_MYS,1.134854e-06,8.994123235798765e-06,869.0,1.1361524599542335e-06
FL-2001-000450-THA,FL_2001_000450_THA,1.1076031e-06,2.7160334634622957e-05,613.0,1.10939533802589e-06
FL-2019-000031-SYR,FL_2019_000031_SYR,1.0914396e-06,0.0001861624637818,149.0,1.09852687012987e-06
FL-2014-000155-HTI,FL_2014_000155_HTI,1.0804889e-06,1.6856361003227944e-05,723.0,1.0819730880494506e-06
FL-2022-000382-ZAF,FL_2022_000382_ZAF,1.0601091e-06,2.541431798806169e-05,625.0,1.0617918128571428e-06
FL-2010-000092-LKA,FL_2010_000092_LKA,1.0439396e-06,0.0001018662420563,278.0,1.0476284325088338e-06
FL-2005-000166-CRI,FL_2005_000166_CRI,1.0460129e-06,1.875171101601741e-05,700.0,1.0474966062411347e-06
FL-2009-000095-TJK,FL_2009_000095_TJK,1.0145833e-06,4.079055323285537e-05,518.0,1.0165232298279159e-06
FL-2015-000065-GHA,FL_2015_000065_GHA,9.881231e-07,5.645208030369018e-05,434.0,9.90373949886105e-07
FL-1997-000177-MMR,FL_1997_000177_MMR,9.798378e-07,3.768290787280038e-05,540.0,9.816356675229359e-07
FL-2001-000417-SDN,FL_2001_000417_SDN,9.526564e-07,5.072399707345028e-05,467.0,9.546747398305085e-07
FL-2015-000085-VEN,FL_2015_000085_VEN,9.418752e-07,2.178140726541636e-05,666.0,9.432788888226528e-07
FF-2016-000093-LAO,FF_2016_000093_LAO,9.256399e-07,1.7427730199855155e-05,714.0,9.269272990264255e-07
FL-2022-000376-COD,FL_2022_000376_COD,9.1929013e-07,2.979554663597305e-06,1043.0,9.201673152385496e-07
FL-2019-000181-IDN,FL_2019_000181_IDN,8.078194e-07,9.987945585858737e-05,284.0,8.106146228373702e-07
FL-2013-000028-NAM,FL_2013_000028_NAM,8.0541713e-07,2.1792421315848265e-05,665.0,8.066192451194031e-07
FL-2010-000240-VEN,FL_2010_000240_VEN,8.0014587e-07,8.416338239466402e-06,881.0,8.010489691760723e-07
FL-2012-000169-SEN,FL_2012_000169_SEN,7.801592e-07,5.97648946695062e-06,947.0,7.809786949579832e-07
FL-2018-000419-PRY,FL_2018_000419_PRY,7.6699547e-07,3.693037343994727e-05,549.0,7.683799383574008e-07
FL-2005-000100-KGZ,FL_2005_000100_KGZ,7.514728e-07,0.0002262531934332,115.0,7.577350733333333e-07
FF-2020-000138-TJK,FF_2020_000138_TJK,7.462068e-07,0.0002435475357622,101.0,7.53246486792453e-07
FL-2006-000120-BFA,FL_2006_000120_BFA,7.152798e-07,3.1234839635059364e-06,1031.0,7.159702245173745e-07
FF-2012-000079-GEO,FF_2012_000079_GEO,7.111132e-07,3.8342762934846114e-06,1000.0,7.118207753233831e-07
FL-2019-000081-MMR,FL_2019_000081_MMR,6.8623916e-07,5.173676279010764e-05,459.0,6.877181237068965e-07
FL-2014-000054-TJK,FL_2014_000054_TJK,6.858047e-07,1.5708842213981064e-05,740.0,6.867252432214765e-07
FL-2004-000142-ALB,FL_2004_000142_ALB,6.5754784e-07,2.2352432462227635e-06,1074.0,6.581572448563484e-07
FL-2014-000089-IND,FL_2014_000089_IND,6.3363314e-07,0.0003562656295628,65.0,6.42685042e-07
FF-2022-000309-SLE,FF_2022_000309_SLE,6.227028e-07,1.6006700703888967e-05,736.0,6.235431546558704e-07
FL-2012-000138-NGA,FL_2012_000138_NGA,6.1747585e-07,1.6005594051697892e-05,737.0,6.183080276954178e-07
FL-2008-000094-ZAF,FL_2008_000094_ZAF,6.0508364e-07,0.0003279754147953,71.0,6.130452668421052e-07
FL-2007-000181-HTI,FL_2007_000181_HTI,5.995357e-07,0.0001949623632526,141.0,6.036421089041096e-07
FL-2016-000058-MMR,FL_2016_000058_MMR,5.90545e-07,0.0002083794023736,127.0,5.950188257575757e-07
FL-2012-000174-BEN,FL_2012_000174_BEN,5.736079e-07,3.661881942632404e-05,552.0,5.746377166965889e-07
FL-2004-000044-BGD,FL_2004_000044_BGD,5.6394344e-07,1.7986901634345728e-06,1095.0,5.644561158545455e-07
FL-2013-000116-NGA,FL_2013_000116_NGA,5.498852e-07,1.3250255884900097e-05,777.0,5.505883780051151e-07
FL-2021-000108-SSD,FL_2021_000108_SSD,5.4746175e-07,2.18260167123169e-05,664.0,5.482800784753364e-07
FL-2015-000110-ARG,FL_2015_000110_ARG,5.38143e-07,2.7410079150328612e-05,608.0,5.390208841761826e-07
FL-2003-000531-IDN,FL_2003_000531_IDN,5.2503907e-07,1.7825009695709367e-05,705.0,5.257785616478873e-07
FL-2007-000176-CRI,FL_2007_000176_CRI,5.2015105e-07,1.2137756622615294e-05,798.0,5.207988097135741e-07
FL-2012-000172-MLI,FL_2012_000172_MLI,5.151211e-07,0.0001129843910375,252.0,5.171254622568094e-07
FL-2001-000521-TCD,FL_2001_000521_TCD,5.1177267e-07,3.007273255337851e-05,588.0,5.126356930522765e-07
FF-2012-000107-SLB,FF_2012_000107_SLB,4.8956014e-07,5.77566133968802e-06,951.0,4.900722321966527e-07
FL-2014-000123-SSD,FL_2014_000123_SSD,4.6541777e-07,3.042912160088761e-05,586.0,4.662052789170897e-07
FF-2011-000088-NGA,FF_2011_000088_NGA,4.6441673e-07,1.1585994944776254e-06,1135.0,4.648241130964912e-07
FL-2009-000129-CAF,FL_2009_000129_CAF,4.5016327e-07,3.830751402107614e-05,533.0,4.510000047026022e-07
FL-2020-000192-TCD,FL_2020_000192_TCD,4.466329e-07,4.149517264557244e-06,987.0,4.470831347782258e-07
FL-2008-000054-THA,FL_2008_000054_THA,4.4416342e-07,1.6716932614788172e-05,728.0,4.4476937282401094e-07
FL-2005-000001-CRI,FL_2005_000001_CRI,4.414538e-07,8.362034422544253e-05,320.0,4.428121193846153e-07
FL-2003-000455-NGA,FL_2003_000455_NGA,4.341093e-07,7.570309773684569e-06,899.0,4.345895094026549e-07
FL-2006-000156-TUR,FL_2006_000156_TUR,4.2765737e-07,1.295868402642464e-05,788.0,4.281966605044136e-07
FL-2006-000115-HTI,FL_2006_000115_HTI,4.2505633e-07,0.0001845765293207,153.0,4.2774655993670887e-07
FL-2019-000131-CIV,FL_2019_000131_CIV,4.1573713e-07,8.935184521656669e-06,871.0,4.162117157648402e-07
FL-2016-000071-LBR,FL_2016_000071_LBR,3.8939106e-07,0.0007521151268621,18.0,4.063211060869565e-07
FL-2011-000007-ZAF,FL_2011_000007_ZAF,3.9870994e-07,2.7822838330736423e-05,605.0,3.99363562852459e-07
FL-2012-000151-TCD,FL_2012_000151_TCD,3.9819415e-07,1.0975201815597062e-05,826.0,3.9867332466907344e-07
FL-2004-000023-CRI,FL_2004_000023_CRI,3.9239288e-07,8.55711681852086e-06,878.0,3.928372660475651e-07
FL-2006-000050-ARG,FL_2006_000050_ARG,3.6469476e-07,0.0009632700509555,10.0,3.89007744e-07
FL-2005-000105-HTI,FL_2005_000105_HTI,3.6638406e-07,0.0004378276223768,45.0,3.737117412e-07
FL-2009-000164-SEN,FL_2009_000164_SEN,3.7023023e-07,6.435034567799406e-06,934.0,3.706245113951012e-07
FL-2019-000089-SLE,FL_2019_000089_SLE,3.575513e-07,6.061539605250411e-05,409.0,3.584149504830918e-07
FL-2009-000237-THA,FL_2009_000237_THA,3.5085168e-07,4.792310717191863e-05,476.0,3.5158110137214133e-07
FL-2019-000093-NGA,FL_2019_000093_NGA,3.4585784e-07,3.900957906393352e-05,526.0,3.4650917303201505e-07
ST-2012-000064-COD,ST_2012_000064_COD,3.4133956e-07,7.78037937429694e-06,894.0,3.4171924805339266e-07
FL-2007-000132-BFA,FL_2007_000132_BFA,3.4052576e-07,8.592623392167546e-07,1150.0,3.4082058749783553e-07
FF-2021-000090-SDN,FF_2021_000090_SDN,3.3258308e-07,2.3551729800256555e-05,644.0,3.330955346687211e-07
FL-2005-000129-SDN,FL_2005_000129_SDN,3.323989e-07,3.167609484835024e-05,578.0,3.329690524871355e-07
FL-2013-000157-BRA,FL_2013_000157_BRA,3.093428e-07,0.0004392575105971,42.0,3.159245617021276e-07
FL-2014-000005-IDN,FL_2014_000005_IDN,3.0564456e-07,9.545380097253432e-06,854.0,3.060003743888242e-07
FL-2015-000079-CRI,FL_2015_000079_CRI,3.013041e-07,1.2584180563442214e-06,1124.0,3.015709769707706e-07
FL-2005-000153-THA,FL_2005_000153_THA,2.9256393e-07,6.668297119934743e-05,382.0,2.933199091472868e-07
FL-2015-000039-KAZ,FL_2015_000039_KAZ,2.8881132e-07,9.801593089230951e-05,291.0,2.8978703391891887e-07
FL-2002-000054-IDN,FL_2002_000054_IDN,2.8538423e-07,6.801266939649385e-05,374.0,2.861372226912929e-07
FF-2016-000034-YEM,FF_2016_000034_YEM,2.7845869e-07,6.679591797617265e-06,924.0,2.78758430247578e-07
FF-2019-000029-IDN,FF_2019_000029_IDN,2.6919832e-07,1.1004335395970474e-05,825.0,2.695226553253012e-07
FL-2020-000154-CIV,FL_2020_000154_CIV,2.6381193e-07,9.523020625636997e-06,856.0,2.641183317770035e-07
FL-2010-000114-BGD,FL_2010_000114_BGD,2.6359893e-07,3.6628320770449792e-06,1004.0,2.638601777006937e-07
FL-2010-000115-MMR,FL_2010_000115_MMR,2.574093e-07,3.8199650344812784e-05,535.0,2.5788598388888884e-07
FL-2012-000098-GTM,FL_2012_000098_GTM,2.573623e-07,2.2411554304382533e-06,1072.0,2.5760126220984214e-07
FL-1999-000247-KOR,FL_1999_000247_KOR,2.5676263e-07,1.7377629176223663e-06,1101.0,2.5699478427667263e-07
FL-2008-000191-CRI,FL_2008_000191_CRI,2.4541475e-07,3.4659851261572627e-05,562.0,2.4584758024691355e-07
FL-2019-000108-MRT,FL_2019_000108_MRT,2.3909644e-07,0.0001201685510917,235.0,2.400926751666667e-07
FL-2009-000165-CHL,FL_2009_000165_CHL,2.3507361e-07,7.159434565990095e-06,911.0,2.353302405786026e-07
FL-2002-000321-HTI,FL_2002_000321_HTI,2.2844524e-07,9.025410504086588e-05,308.0,2.291750969968051e-07
FL-2013-000123-CMR,FL_2013_000123_CMR,2.200383e-07,6.869769679222235e-05,371.0,2.2062350824468084e-07
FL-2002-000322-CHL,FL_2002_000322_CHL,2.1500988e-07,1.2628949563757856e-05,789.0,2.152806732997481e-07
FL-2009-000265-MAR,FL_2009_000265_MAR,2.0821803e-07,5.869591118390044e-06,949.0,2.0843628789308174e-07
FL-2010-000151-COD,FL_2010_000151_COD,2.0651095e-07,6.550220087091334e-06,931.0,2.067315813568376e-07
FL-2021-000129-VEN,FL_2021_000129_VEN,2.0129757e-07,3.478042733826657e-05,560.0,2.0165384888495574e-07
FL-2017-000012-MOZ,FL_2017_000012_MOZ,1.9099673e-07,1.1931134091481411e-05,803.0,1.9123311209158413e-07
FL-2019-000033-PRY,FL_2019_000033_PRY,1.9039247e-07,1.1330053557880556e-05,819.0,1.9062352882281554e-07
FF-2011-000143-SSD,FF_2011_000143_SSD,1.8932866e-07,2.2136566137327596e-05,660.0,1.8961336475187972e-07
FL-2019-000119-CMR,FL_2019_000119_CMR,1.8907862e-07,3.254988848399509e-06,1026.0,1.8926201342386033e-07
FF-2007-000080-BGD,FF_2007_000080_BGD,1.8579723e-07,6.076678081676606e-07,1161.0,1.8595657582332761e-07
FL-2022-000254-PAK,FL_2022_000254_PAK,1.8309248e-07,0.0001707520411455,173.0,1.8412108943820224e-07
FF-2008-000063-PHL,FF_2008_000063_PHL,1.813969e-07,6.433275670758344e-05,391.0,1.81854972979798e-07
FL-2011-000129-MLI,FL_2011_000129_MLI,1.7832804e-07,4.20095013580175e-05,510.0,1.7867430803883496e-07
FL-2009-000216-ITA,FL_2009_000216_ITA,1.7676358e-07,1.1917590930445015e-06,1133.0,1.7691890827768015e-07
FL-2007-000210-PHL,FL_2007_000210_PHL,1.6855579e-07,0.0001374423618892,206.0,1.6935463260663506e-07
FL-2011-000176-LKA,FL_2011_000176_LKA,1.6628636e-07,3.5083085467111623e-06,1016.0,1.6644922617042116e-07
FL-2017-000126-NGA,FL_2017_000126_NGA,1.6107394e-07,1.7862485430509133e-05,704.0,1.6130112468265162e-07
FF-2010-000204-LCA,FF_2010_000204_LCA,1.5320694e-07,2.315746110137734e-06,1069.0,1.533495907821229e-07
FL-2018-000425-LKA,FL_2018_000425_LKA,1.4624734e-07,7.907100938431457e-08,1214.0,1.4636731320754716e-07
FL-2013-000054-CHN,FL_2013_000054_CHN,1.4089515e-07,1.974754765544027e-06,1082.0,1.4102476835326588e-07
FF-2022-000274-IRN,FF_2022_000274_IRN,1.401863e-07,4.013613344235383e-06,992.0,1.4032690812437312e-07
FL-2008-000191-SLV,FL_2008_000191_SLV,1.375132e-07,1.0195172609387148e-05,841.0,1.3767574515366432e-07
FL-2008-000032-KAZ,FL_2008_000032_KAZ,1.3486357e-07,0.0001034847337212,275.0,1.3534522560714286e-07
FL-2007-000158-TGO,FL_2007_000158_TGO,1.2792106e-07,2.1348040978644556e-05,671.0,1.2811029233727812e-07
FL-2011-000181-VEN,FL_2011_000181_VEN,1.2634617e-07,0.0001561895279149,184.0,1.2701466825396826e-07
FL-2013-000159-VCT,FL_2013_000159_VCT,1.2357654e-07,3.034726957396126e-06,1039.0,1.236949083333333e-07
FL-2008-000154-MEX,FL_2008_000154_MEX,1.18373116e-07,7.095666131968793e-06,914.0,1.1850192243743199e-07
FL-2021-000043-YEM,FL_2021_000043_YEM,1.17803424e-07,0.0001284681191787,217.0,1.1833407005405405e-07
FL-2004-000120-CRI,FL_2004_000120_CRI,1.11400624e-07,1.433697040950733e-05,757.0,1.1154681904461942e-07
FL-2011-000002-BRA,FL_2011_000002_BRA,1.088063e-07,0.0001177360201749,241.0,1.0924860203252033e-07
FL-2007-000106-IDN,FL_2007_000106_IDN,1.0859157e-07,2.536730762735421e-05,626.0,1.0876366440570523e-07
FF-2020-000156-UKR,FF_2020_000156_UKR,1.0674162e-07,6.190612027910231e-06,942.0,1.0685433554382258e-07
FL-2009-000089-BRA,FL_2009_000089_BRA,1.00571896e-07,6.894396119408729e-05,370.0,1.0084008772266667e-07
FL-2008-000117-ROM,FL_2008_000117_ROM,1.0023374e-07,8.833900609895882e-06,873.0,1.0034790143507972e-07
FL-2011-000091-BEN,FL_2011_000091_BEN,9.6028494e-08,1.684284893685459e-06,1107.0,9.611485055935252e-08
FF-2006-000039-YEM,FF_2006_000039_YEM,9.497425e-08,1.711376559895042e-06,1102.0,9.506004426377597e-08
FL-2010-000072-RUS,FL_2010_000072_RUS,9.434801e-08,2.500158683063487e-06,1063.0,9.443635083333333e-08
FL-2012-000009-FJI,FL_2012_000009_FJI,9.285477e-08,9.906155483915892e-05,288.0,9.31716804778157e-08
FL-2009-000179-LBR,FL_2009_000179_LBR,9.162259e-08,0.0001177261343434,242.0,9.199353165991902e-08
FL-2002-000808-MWI,FL_2002_000808_MWI,8.96614e-08,0.0001191949205594,238.0,9.003037695473252e-08
FL-2020-000237-LKA,FL_2020_000237_LKA,8.7503786e-08,7.297822233594571e-05,360.0,8.774352240000001e-08
FL-2008-000086-MEX,FL_2008_000086_MEX,8.712406e-08,3.698185603508936e-05,548.0,8.728160802893309e-08
FL-2018-000105-BGD,FL_2018_000105_BGD,8.604496e-08,5.516992494709705e-06,957.0,8.613440382536382e-08
FL-2021-000145-BEN,FL_2021_000145_BEN,8.5675126e-08,5.5005705237905495e-05,446.0,8.586509301995565e-08
FL-2002-000325-JAM,FL_2002_000325_JAM,8.343504e-08,3.276670046661355e-05,570.0,8.358014441739132e-08
FL-2002-000614-LAO,FL_2002_000614_LAO,8.136606e-08,0.0004389499004431,43.0,8.306118624999999e-08
FL-2010-000251-CRI,FL_2010_000251_CRI,8.168298e-08,1.609806228080942e-06,1113.0,8.175604169946331e-08
FL-2010-000008-BOL,FL_2010_000008_BOL,7.954636e-08,0.0002068801243908,128.0,8.014445293233082e-08
FL-2011-000084-IND,FL_2011_000084_IND,7.803167e-08,9.63454750447854e-05,292.0,7.82944028956229e-08
FL-2010-000062-COD,FL_2010_000062_COD,7.8070606e-08,2.634227068741798e-06,1054.0,7.814432706326723e-08
FL-2016-000097-PRK,FL_2016_000097_PRK,7.2771925e-08,0.0008685322199432,13.0,7.681480972222223e-08
FL-2000-000806-FJI,FL_2000_000806_FJI,7.5975e-08,2.7215444546031367e-05,611.0,7.609833603896104e-08
FL-2005-000138-PNG,FL_2005_000138_PNG,7.452992e-08,0.0001096324352792,258.0,7.481330372623574e-08
FL-2009-000234-PHL,FL_2009_000234_PHL,7.3029156e-08,0.0003241743177809,73.0,7.396542723076922e-08
FL-2021-000061-MYS,FL_2021_000061_MYS,7.278325e-08,2.308990051163332e-06,1070.0,7.285095534883721e-08
FL-2008-000125-SDN,FL_2008_000125_SDN,7.026956e-08,0.0001063023971737,270.0,7.052508567272727e-08
FL-2011-000106-GHA,FL_2011_000106_GHA,7.0089534e-08,7.720876007104245e-06,896.0,7.016732482574917e-08
FL-2016-000075-BGD,FL_2016_000075_BGD,6.995189e-08,3.670775217344202e-05,550.0,7.007792944144145e-08
FL-2007-000174-CAF,FL_2007_000174_CAF,6.838645e-08,0.0002059110414318,129.0,6.889679664179104e-08
FL-2008-000103-SLV,FL_2008_000103_SLV,6.791176e-08,0.0001130915488096,251.0,6.81770403125e-08
SS-2007-000063-MDV,SS_2007_000063_MDV,6.449717e-08,2.1011176604209222e-06,1077.0,6.455677921441774e-08
FL-2016-000044-CHN,FL_2016_000044_CHN,6.24412e-08,0.000205189909743,131.0,6.290032647058823e-08
FL-2012-000054-HTI,FL_2012_000054_HTI,6.2455285e-08,7.042972189148834e-05,364.0,6.262454051490514e-08
FL-2009-000247-MYS,FL_2009_000247_MYS,6.136301e-08,2.3170130725902827e-05,649.0,6.14568372324159e-08
FL-2022-000158-HTI,FL_2022_000158_HTI,6.0442474e-08,3.7903878780078e-05,536.0,6.055419761182995e-08
FL-2003-000647-TLS,FL_2003_000647_TLS,5.9673376e-08,3.90195230838676e-06,998.0,5.973287089132602e-08
FL-2009-000039-CRI,FL_2009_000039_CRI,5.8445107e-08,2.4704305202695205e-05,629.0,5.853729171135647e-08
FL-2009-000166-SDN,FL_2009_000166_SDN,5.8035123e-08,0.0001242552220074,229.0,5.828313634615385e-08
FL-2005-000103-SLV,FL_2005_000103_SLV,5.810992e-08,2.8726016185534737e-05,601.0,5.820581095709572e-08
FL-2016-000026-PNG,FL_2016_000026_PNG,5.8059523e-08,3.834093892558712e-05,532.0,5.816764129236499e-08
FL-2022-000286-MRT,FL_2022_000286_MRT,5.7147204e-08,1.1587017415826965e-06,1134.0,5.719737713784021e-08
FF-2008-000199-LKA,FF_2008_000199_LKA,5.4683653e-08,1.494444140430095e-06,1117.0,5.473239065864528e-08
FL-2010-000139-SDN,FL_2010_000139_SDN,5.450594e-08,1.185574283198737e-05,807.0,5.4573065541871923e-08
FL-2013-000125-BFA,FL_2013_000125_BFA,5.4161553e-08,3.557172226651124e-06,1013.0,5.421475688310413e-08
FL-2013-000085-NIC,FL_2013_000085_NIC,5.103718e-08,9.277272508408111e-06,862.0,5.1096046412918104e-08
FL-2017-000095-GHA,FL_2017_000095_GHA,4.9298915e-08,0.00018571355331,150.0,4.961697251612903e-08
FL-2017-000053-THA,FL_2017_000053_THA,4.9009795e-08,7.241165759693423e-05,361.0,4.914370154371584e-08
FL-2003-000389-BFA,FL_2003_000389_BFA,4.8238043e-08,1.6866055720475047e-06,1106.0,4.8281461580558055e-08
FL-2009-000135-MEX,FL_2009_000135_MEX,4.469742e-08,0.0002288936020421,112.0,4.507944923076923e-08
FL-2006-000130-KHM,FL_2006_000130_KHM,4.4818645e-08,2.5135051018077432e-06,1062.0,4.486064935332709e-08
FF-2007-000100-MLI,FF_2007_000100_MLI,4.375062e-08,3.2635119965136303e-05,572.0,4.3826444298093586e-08
FL-2013-000103-YEM,FL_2013_000103_YEM,4.2660243e-08,2.0620936286678216e-05,681.0,4.272242994314869e-08
FL-2007-000012-BOL,FL_2007_000012_BOL,4.2325333e-08,0.0002097882295657,124.0,4.265343635658915e-08
FL-2020-000054-BDI,FL_2020_000054_BDI,3.927315e-08,2.9722675440844085e-05,593.0,3.93388241638796e-08
FL-2007-000231-BOL,FL_2007_000231_BOL,3.877013e-08,4.222937445406278e-05,508.0,3.884570530214425e-08
FL-2009-000010-FJI,FL_2009_000010_FJI,3.8426037e-08,6.079727936112679e-05,406.0,3.851953100729927e-08
FL-2000-000375-CHL,FL_2000_000375_CHL,3.807363e-08,0.0002042350312201,134.0,3.8347541007194244e-08
FL-2009-000127-BEN,FL_2009_000127_BEN,3.7997776e-08,1.1338744532001591e-05,818.0,3.804394583718105e-08
FL-1998-000251-SDN,FL_1998_000251_SDN,3.7866332e-08,5.428271240274939e-05,449.0,3.7949738017621146e-08
FL-2012-000192-COD,FL_2012_000192_COD,3.7567943e-08,2.2839916369540788e-05,653.0,3.762503713829788e-08
FF-2018-000158-TUN,FF_2018_000158_TUN,3.7358532e-08,3.5320142708507304e-05,557.0,3.742500625622776e-08
FL-2008-000166-GTM,FL_2008_000166_GTM,3.716376e-08,7.709526844424499e-05,343.0,3.72705524137931e-08
FL-2008-000091-SOM,FL_2008_000091_SOM,3.70562e-08,7.92539679734942e-05,337.0,3.716455146198831e-08
FL-2014-000070-LKA,FL_2014_000070_LKA,3.6028048e-08,6.160566280713377e-05,405.0,3.6115921287804877e-08
FL-2019-000167-BDI,FL_2019_000167_BDI,3.57589e-08,0.0001168162088194,244.0,3.590251004016064e-08
FL-2015-000027-CHL,FL_2015_000027_CHL,3.5692466e-08,3.141632846685337e-07,1190.0,3.572233417238494e-08
FL-2018-000077-CIV,FL_2018_000077_CIV,3.541179e-08,2.238390253499061e-06,1073.0,3.5444639526901674e-08
FL-2013-000013-BWA,FL_2013_000013_BWA,3.5144424e-08,3.2899275973397967e-06,1024.0,3.517857795918368e-08
FL-2018-000054-BDI,FL_2018_000054_BDI,3.502e-08,2.2616248973446468e-06,1071.0,3.505254646840149e-08
FL-2011-000135-THA,FL_2011_000135_THA,3.120511e-08,1.9180466937649597e-05,698.0,3.1249498492176386e-08
FL-2016-000091-NER,FL_2016_000091_NER,3.0784232e-08,0.0001733807737477,171.0,3.0959142409090905e-08
FL-2020-000176-SDN,FL_2020_000176_SDN,2.9887914e-08,0.0002151079758994,119.0,3.012894556451613e-08
FL-2018-000144-PRK,FL_2018_000144_PRK,2.7191001e-08,2.3923583309175973e-05,641.0,2.7233092332817336e-08
FL-2022-000135-ZMB,FL_2022_000135_ZMB,2.7113956e-08,9.494002159392594e-05,295.0,2.7204335853333335e-08
FL-2009-000122-IND,FL_2009_000122_IND,2.503273e-08,0.0006503182564232,21.0,2.599552730769231e-08
FL-2010-000208-RUS,FL_2010_000208_RUS,2.5875837e-08,2.3108503399822637e-05,650.0,2.591534209465649e-08
FL-2008-000187-BDI,FL_2008_000187_BDI,2.573295e-08,3.135991382745537e-05,580.0,2.577693794871795e-08
FL-2005-000209-THA,FL_2005_000209_THA,2.434034e-08,5.951084804176748e-05,416.0,2.4398155534441805e-08
FL-2013-000074-HTI,FL_2013_000074_HTI,2.4202157e-08,0.0002146272835851,120.0,2.4395774256e-08
FL-2015-000053-CAF,FL_2015_000053_CAF,2.4142118e-08,9.712487002122348e-06,851.0,2.4170321408878504e-08
FL-2008-000201-YEM,FL_2008_000201_YEM,2.3583128e-08,5.390045330051178e-06,960.0,2.3607566474611403e-08
FL-2005-000157-MDA,FL_2005_000157_MDA,2.352699e-08,4.908536519184169e-07,1169.0,2.3547030025553663e-08
FL-2011-000187-COD,FL_2011_000187_COD,2.2828957e-08,3.161568456118206e-07,1189.0,2.2848076729480737e-08
FL-2022-000277-SDN,FL_2022_000277_SDN,2.225226e-08,0.0001223744510191,232.0,2.234615139240506e-08
FL-2015-000155-NGA,FL_2015_000155_NGA,2.1917531e-08,3.8657467617097055e-05,530.0,2.1958498347663552e-08
FL-2015-000037-HTI,FL_2015_000037_HTI,2.1092463e-08,5.592076185350389e-05,439.0,2.1139968547297298e-08
FL-2010-000259-AUS,FL_2010_000259_AUS,2.1056339e-08,7.192872204891153e-07,1158.0,2.107444419260533e-08
FL-2001-000146-AGO,FL_2001_000146_AGO,2.0635587e-08,1.6811720279174926e-05,725.0,2.066385492739726e-08
FF-2013-000029-SRB,FF_2013_000029_SRB,2.004032e-08,2.6432829420485667e-06,1053.0,2.0059261701323248e-08
FL-2003-000204-KEN,FL_2003_000204_KEN,2.0019092e-08,7.049456870543075e-06,915.0,2.0040851882608694e-08
FF-2013-000091-SDN,FF_2013_000091_SDN,2.0002954e-08,3.463192508644334e-06,1019.0,2.0022488134765624e-08
FL-2021-000097-BGD,FL_2021_000097_BGD,1.9994644e-08,1.0814286554807674e-05,829.0,2.001861839328537e-08
FL-2015-000164-COD,FL_2015_000164_COD,1.9455365e-08,2.0962172143610056e-05,678.0,1.948385016105417e-08
FL-2014-000030-PRY,FL_2014_000030_PRY,1.9412635e-08,2.4031983285990594e-06,1067.0,1.943074380130597e-08
FL-2020-000193-SSD,FL_2020_000193_SSD,1.9024464e-08,0.0002051118544841,132.0,1.916332870072993e-08
FF-2014-000015-ZWE,FF_2014_000015_ZWE,1.8215431e-08,6.785148243261593e-06,921.0,1.8235102091792656e-08
FL-2018-000154-GHA,FL_2018_000154_GHA,1.72739e-08,2.437142654167654e-06,1065.0,1.7290043831775702e-08
FF-2006-000069-IDN,FF_2006_000069_IDN,1.7017996e-08,0.0002745348825995,88.0,1.7200985204301076e-08
FL-2006-000086-CHL,FL_2006_000086_CHL,1.6365387e-08,3.128727759429288e-07,1191.0,1.637907043394649e-08
FL-2009-000206-HTI,FL_2009_000206_HTI,1.5757529e-08,0.000251755419138,98.0,1.5910514718446603e-08
FL-2013-000002-PSE,FL_2013_000002_PSE,1.5573645e-08,1.69456507177806e-05,721.0,1.5595096301652893e-08
FL-2007-000149-CMR,FL_2007_000149_CMR,1.5260191e-08,0.0001504185085723,191.0,1.533804911734694e-08
FL-2010-000120-BRA,FL_2010_000120_BRA,1.5148304e-08,4.927812488238012e-05,472.0,1.518006145073375e-08
FL-2013-000020-BOL,FL_2013_000020_BOL,1.501681e-08,1.628533278079745e-05,733.0,1.503715798102981e-08
FL-2009-000186-TCD,FL_2009_000186_TCD,1.4839108e-08,0.0002677885764334,91.0,1.499368204166667e-08
FL-2012-000191-HTI,FL_2012_000191_HTI,1.4549564e-08,8.002615304118064e-05,333.0,1.4592610047337277e-08
FL-1999-000286-GMB,FL_1999_000286_GMB,1.4482374e-08,1.1972836742289438e-05,802.0,1.4500319940520447e-08
FL-2002-000373-GHA,FL_2002_000373_GHA,1.4435681e-08,1.07451819009457e-05,830.0,1.4452969240718563e-08
FL-2001-000320-TLS,FL_2001_000320_TLS,1.4163626e-08,7.121107045304876e-06,912.0,1.4179071611777535e-08
FL-2009-000176-MLI,FL_2009_000176_MLI,1.36022855e-08,0.0001243666455608,228.0,1.3660664407725322e-08
FL-2006-000151-PAN,FL_2006_000151_PAN,1.3449637e-08,6.666993144670578e-05,383.0,1.3484301012886597e-08
FL-2005-000110-BIH,FL_2005_000110_BIH,1.33214115e-08,7.909750116201565e-05,338.0,1.3360249434402333e-08
FL-2011-000021-MYS,FL_2011_000021_MYS,1.3285299e-08,3.862159755802233e-06,999.0,1.3298531369521913e-08
FL-2015-000068-BGD,FL_2015_000068_BGD,1.3144172e-08,1.5698978009915262e-06,1114.0,1.3155918355674709e-08
FL-2011-000148-KHM,FL_2011_000148_KHM,1.2913296e-08,1.015222117508617e-05,843.0,1.2928523943396226e-08
FL-2016-000084-PHL,FL_2016_000084_PHL,1.2330954e-08,9.346779960137713e-05,298.0,1.2371650217821781e-08
FL-2013-000142-VNM,FL_2013_000142_VNM,1.2259963e-08,0.0001045189185003,273.0,1.2304063586330936e-08
FL-2016-000117-ALB,FL_2016_000117_ALB,1.2257984e-08,3.064718354811813e-06,1036.0,1.226975920076849e-08
FL-2013-000076-PRY,FL_2013_000076_PRY,1.1085317e-08,4.45236236493535e-05,491.0,1.1107666429435482e-08
FL-1997-000026-MOZ,FL_1997_000026_MOZ,1.0907709e-08,0.0002635284742874,94.0,1.101788787878788e-08
FL-2018-000140-MLI,FL_2018_000140_MLI,1.0980111e-08,1.7116258543869883e-05,716.0,1.0995340002773925e-08
FL-2018-000134-IND,FL_2018_000134_IND,1.0952206e-08,7.880046795111681e-05,339.0,1.0984043808139535e-08
FL-2008-000167-VCT,FL_2008_000167_VCT,1.0665402e-08,1.583350045974644e-05,739.0,1.0679737217741937e-08
FL-2007-000107-TLS,FL_2007_000107_TLS,1.0152753e-08,0.000118427716221,239.0,1.0194362643442622e-08
FL-2009-000075-BDI,FL_2009_000075_BDI,1.0078995e-08,1.9934761860127083e-06,1081.0,1.0088275842541438e-08
LS-2010-000040-UGA,LS_2010_000040_UGA,9.934691e-09,0.0002525342541594,97.0,1.003208993137255e-08
FL-2018-000092-MNG,FL_2018_000092_MNG,9.721704e-09,9.052601981283916e-05,307.0,9.752863307692307e-09
FL-2021-000204-BRA,FL_2021_000204_BRA,9.461763e-09,1.167305765553336e-05,812.0,9.473344105263159e-09
FF-2008-000216-PSE,FF_2008_000216_PSE,9.435668e-09,6.01443501292365e-05,412.0,9.45829550119904e-09
FL-2005-000171-SLV,FL_2005_000171_SLV,9.175046e-09,1.4998090705710964e-05,749.0,9.18721449602122e-09
FF-2010-000094-HUN,FF_2010_000094_HUN,9.1416865e-09,7.406970740186422e-07,1156.0,9.149560476313522e-09
FL-2019-000087-PAK,FL_2019_000087_PAK,8.967113e-09,0.0001270878242478,219.0,9.007144754464287e-09
FL-2015-000018-PNG,FL_2015_000018_PNG,8.960046e-09,1.2165054848613654e-05,797.0,8.971218127182045e-09
FL-2018-000128-SDN,FL_2018_000128_SDN,8.920253e-09,6.367529103496041e-06,935.0,8.929742630851063e-09
FL-2012-000037-PSE,FL_2012_000037_PSE,8.6324246e-09,5.042742621566985e-07,1166.0,8.639796439965843e-09
FL-2004-000100-PAN,FL_2004_000100_PAN,8.392148e-09,0.0003321405642862,69.0,8.505555405405406e-09
FL-1998-000213-KGZ,FL_1998_000213_KGZ,8.177834e-09,1.0473270222762826e-05,836.0,8.18755794054697e-09
FL-2016-000122-SRB,FL_2016_000122_SRB,7.965063e-09,3.4808512565943484e-06,1017.0,7.9728566037182e-09
FF-2009-000246-LKA,FF_2009_000246_LKA,7.636862e-09,6.926889531741056e-09,1218.0,7.64310636794767e-09
FL-2017-000174-ALB,FL_2017_000174_ALB,7.606509e-09,8.948277319405232e-06,870.0,7.615202153142858e-09
FL-2002-000732-IDN,FL_2002_000732_IDN,7.454763e-09,1.3015551409748204e-05,786.0,7.464187479140328e-09
FL-2005-000070-YEM,FL_2005_000070_YEM,7.3451707e-09,6.393054193610686e-07,1160.0,7.351475567553649e-09
FL-1998-000193-ROM,FL_1998_000193_ROM,7.2943083e-09,3.3768868455542464e-07,1185.0,7.300437970840336e-09
FL-2010-000195-MLI,FL_2010_000195_MLI,7.2582518e-09,2.8939579836597483e-05,598.0,7.270288701824214e-09
FL-2009-000147-NIC,FL_2009_000147_NIC,7.0783885e-09,6.93359716624362e-06,917.0,7.086065710954447e-09
FL-2007-000126-PRK,FL_2007_000126_PRK,6.6471997e-09,0.0002775497461052,86.0,6.72024585054945e-09
FF-2022-000209-AFG,FF_2022_000209_AFG,6.6193917e-09,0.0001772691424867,165.0,6.6583292982352944e-09
FL-2008-000099-NIC,FL_2008_000099_NIC,6.584649e-09,5.1714638191768136e-06,967.0,6.591423330246914e-09
FL-2000-000255-ARG,FL_2000_000255_ARG,6.464366e-09,2.955610171633747e-06,1045.0,6.47052253904762e-09
FL-2020-000011-MOZ,FL_2020_000011_MOZ,6.4249446e-09,1.815486058422268e-05,703.0,6.434019380508475e-09
FL-2010-000153-PRK,FL_2010_000153_PRK,6.327047e-09,5.282541492319319e-05,455.0,6.340801450000001e-09
FL-2004-000063-PRK,FL_2004_000063_PRK,5.999896e-09,0.0002010029149447,138.0,6.0418533146853154e-09
FF-2005-000072-TJK,FF_2005_000072_TJK,6.025943e-09,4.4783266151907e-05,488.0,6.0381660081135905e-09
FL-2014-000150-SOM,FL_2014_000150_SOM,5.9009033e-09,5.246195193170448e-05,456.0,5.913703524078091e-09
FL-2000-000002-AGO,FL_2000_000002_AGO,5.639933e-09,0.0003108492728365,77.0,5.708712670731707e-09
FL-1999-000363-NIC,FL_1999_000363_NIC,5.687045e-09,2.467172333875529e-05,632.0,5.695972857142857e-09
FL-2020-000195-CMR,FL_2020_000195_CMR,5.6284257e-09,1.6640209825090008e-05,729.0,5.636093854904633e-09
FL-2012-000164-CAF,FL_2012_000164_CAF,5.4491633e-09,0.0005028208228075,34.0,5.588885435897435e-09
FL-2007-000040-HTI,FL_2007_000040_HTI,5.3067484e-09,0.0001703227895913,174.0,5.3363950391061455e-09
FL-2022-000331-SLV,FL_2022_000331_SLV,5.2844746e-09,3.15423304022605e-05,579.0,5.293523357876712e-09
FL-2012-000005-BOL,FL_2012_000005_BOL,5.202586e-09,9.31047499478864e-06,861.0,5.208593605080831e-09
FL-1991-000011-CHN,FL_1991_000011_CHN,5.1884954e-09,6.94573960212276e-06,916.0,5.194128945494028e-09
FF-2015-000115-MKD,FF_2015_000115_MKD,5.169697e-09,3.746271947693696e-06,1002.0,5.1748307606752735e-09
FL-2020-000242-COL,FL_2020_000242_COL,5.0984057e-09,4.247005086046111e-05,506.0,5.108383010567514e-09
FL-2006-000025-PNG,FL_2006_000025_PNG,4.578091e-09,0.0008880283692315,12.0,4.847390470588235e-09
FL-2022-000190-TUN,FL_2022_000190_TUN,4.8261235e-09,1.4151340367117356e-05,763.0,4.832407514973958e-09
FL-2017-000088-SDN,FL_2017_000088_SDN,4.8114215e-09,6.684186343058883e-05,381.0,4.82388632253886e-09
FL-2012-000003-BRA,FL_2012_000003_BRA,4.735033e-09,6.477237842038357e-05,388.0,4.747081430025445e-09
FF-2022-000278-MNG,FF_2022_000278_MNG,4.4575423e-09,7.585888563109199e-05,348.0,4.470169898583569e-09
FL-2009-000121-CZE,FL_2009_000121_CZE,4.39621e-09,2.8947860641127783e-06,1050.0,4.400377023696682e-09
FL-2012-000039-CHL,FL_2012_000039_CHL,4.306362e-09,1.775382162904534e-05,708.0,4.312401778401122e-09
ST-2010-000085-CHN,ST_2010_000085_CHN,4.253467e-09,3.910488325659607e-06,996.0,4.257716217782218e-09
FL-2010-000014-SLB,FL_2010_000014_SLB,4.115901e-09,1.9795924299591505e-05,691.0,4.121814650862069e-09
FF-2008-000072-CHN,FF_2008_000072_CHN,4.059278e-09,9.00193115092453e-06,868.0,4.063927802978236e-09
FF-2009-000196-IDN,FF_2009_000196_IDN,4.039291e-09,1.8557664968346373e-05,701.0,4.045012375354108e-09
FL-2002-000510-MEX,FL_2002_000510_MEX,3.8648817e-09,4.595047062272794e-05,484.0,3.872785343558282e-09
FL-1999-000391-MEX,FL_1999_000391_MEX,3.6817795e-09,7.199657614777059e-05,363.0,3.6917843355978264e-09
FL-2002-000607-ALB,FL_2002_000607_ALB,3.6748014e-09,1.8741226504029956e-06,1090.0,3.678157383013699e-09
FL-2022-000207-VEN,FL_2022_000207_VEN,3.584474e-09,0.0001093855789888,259.0,3.5980515530303035e-09
FL-1999-000213-IND,FL_1999_000213_IND,3.5473826e-09,5.327999255501731e-06,962.0,3.551051041158221e-09
FL-2013-000108-SSD,FL_2013_000108_SSD,3.5325716e-09,0.0001509280429953,190.0,3.5506873517948718e-09
FL-2011-000156-HTI,FL_2011_000156_HTI,3.4847298e-09,0.0002962628803793,80.0,3.5257266211764707e-09
FL-2020-000185-PAK,FL_2020_000185_PAK,3.4832015e-09,0.0002254201723899,116.0,3.5119882892561984e-09
FL-2007-000151-TCD,FL_2007_000151_TCD,3.4694834e-09,1.372941603818336e-05,772.0,3.4739486296010296e-09
FL-2009-000032-SLB,FL_2009_000032_SLB,3.3915681e-09,0.00032308245378,74.0,3.434499341772152e-09
FL-2007-000194-GTM,FL_2007_000194_GTM,3.2066796e-09,1.0687499173259698e-05,831.0,3.2105153411483253e-09
FL-2022-000378-BIH,FL_2022_000378_BIH,3.0127034e-09,7.281365872038247e-06,907.0,3.016006802850877e-09
FL-1999-000265-TCD,FL_1999_000265_TCD,2.9492428e-09,1.3965577965099336e-05,766.0,2.9530680176394295e-09
FL-2007-000227-ZWE,FL_2007_000227_ZWE,2.7586458e-09,4.87803467535058e-05,473.0,2.7644170255230124e-09
FL-2005-000208-BIH,FL_2005_000208_BIH,2.7381841e-09,7.663295012277536e-07,1153.0,2.740548680397236e-09
FL-2010-000119-PAN,FL_2010_000119_PAN,2.689555e-09,0.0001017263390277,280.0,2.6989920350877193e-09
FL-2020-000052-COD,FL_2020_000052_COD,2.41503e-09,4.426326204220438e-06,984.0,2.4174718907987867e-09
FL-2013-000104-MLI,FL_2013_000104_MLI,2.3975621e-09,0.0001525987034082,187.0,2.4100494026041666e-09
FL-2017-000139-ETH,FL_2017_000139_ETH,2.3777265e-09,9.807985104435358e-06,848.0,2.3805139871043375e-09
FL-2007-000068-COL,FL_2007_000068_COL,2.234437e-09,1.5585192573067797e-05,742.0,2.2374282141900936e-09
FL-2009-000226-PRY,FL_2009_000226_PRY,2.226816e-09,0.0001269173270558,220.0,2.23671296e-09
FL-2005-000109-PRK,FL_2005_000109_PRK,2.1625641e-09,0.0005796771161604,28.0,2.2280963454545456e-09
FL-2011-000037-BDI,FL_2011_000037_BDI,2.2054323e-09,1.1325454950210049e-05,820.0,2.208105551272727e-09
FL-2014-000098-SDN,FL_2014_000098_SDN,2.1897772e-09,3.771765837980851e-05,539.0,2.1938025257352945e-09
FL-2003-000080-ARG,FL_2003_000080_ARG,2.1649245e-09,5.56709034463202e-05,443.0,2.169756920758929e-09
FL-2010-000150-MEX,FL_2010_000150_MEX,2.1563002e-09,5.149866241597352e-05,461.0,2.1609274536480687e-09
FL-2007-000052-LKA,FL_2007_000052_LKA,2.0397177e-09,3.2956057925218435e-06,1023.0,2.0417018611867706e-09
FL-2002-000782-MKD,FL_2002_000782_MKD,2.015663e-09,2.3877700345628016e-05,642.0,2.0187783987635245e-09
FL-2001-000314-GHA,FL_2001_000314_GHA,1.9816806e-09,1.420484550850632e-05,761.0,1.984267650391645e-09
LS-2015-000135-LKA,LS_2015_000135_LKA,1.8811348e-09,2.380675550680571e-05,643.0,1.884037785802469e-09
FL-2013-000008-MOZ,FL_2013_000008_MOZ,1.7910233e-09,0.0001897052939089,145.0,1.802963455333333e-09
FL-2011-000204-PHL,FL_2011_000204_PHL,1.693177e-09,0.0002332973209814,107.0,1.7082946517857143e-09
FL-1999-000259-KHM,FL_1999_000259_KHM,1.6760278e-09,5.3839172623850094e-05,451.0,1.6797032995614035e-09
FF-2016-000079-MKD,FF_2016_000079_MKD,1.6421401e-09,1.2546594965905197e-06,1126.0,1.6435920364279395e-09
FF-2009-000160-LKA,FF_2009_000160_LKA,1.59594e-09,2.957036234417553e-07,1193.0,1.5972721702838062e-09
FL-2004-000028-DOM,FL_2004_000028_DOM,1.5322843e-09,0.0006272914677341,24.0,1.5851216896551725e-09
FL-2008-000243-PNG,FL_2008_000243_PNG,1.539489e-09,3.6462947870712863e-06,1006.0,1.5410117388724034e-09
FL-2004-000115-PAN,FL_2004_000115_PAN,1.442256e-09,0.0002096921186874,125.0,1.4533502769230769e-09
FL-2006-000057-SUR,FL_2006_000057_SUR,1.3945544e-09,1.740756885672626e-05,715.0,1.396491281111111e-09
FL-1997-000097-AFG,FL_1997_000097_AFG,1.3619287e-09,0.0001240072192284,231.0,1.367699584322034e-09
FL-2022-000287-TCD,FL_2022_000287_TCD,1.3076377e-09,4.700806810110523e-05,481.0,1.3103283125514401e-09
FL-2006-000092-KOR,FL_2006_000092_KOR,1.30751e-09,7.383608006023255e-06,904.0,1.308948404840484e-09
FL-2007-000209-PNG,FL_2007_000209_PNG,1.3031878e-09,9.022459340200892e-05,309.0,1.3073380796178346e-09
FL-1999-000161-LKA,FL_1999_000161_LKA,1.2896854e-09,7.242245991736944e-06,908.0,1.2910979798466592e-09
FL-1999-000053-PHL,FL_1999_000053_PHL,1.2768774e-09,2.342985858831477e-05,646.0,1.27883880921659e-09
FL-2009-000034-MAR,FL_2009_000034_MAR,1.2742293e-09,1.7660117319311293e-05,709.0,1.2760139348739495e-09
FL-2013-000017-PNG,FL_2013_000017_PNG,1.2637217e-09,0.0001020479529877,277.0,1.2682029826241133e-09
FL-2003-000624-HTI,FL_2003_000624_HTI,1.2071402e-09,7.558899058776172e-05,350.0,1.2105405949295775e-09
FL-2002-000479-CZE,FL_2002_000479_CZE,1.1929339e-09,2.5487553095894548e-08,1216.0,1.1939109138411137e-09
FL-1995-000012-PHL,FL_1995_000012_PHL,1.173187e-09,5.182240217347697e-05,458.0,1.1757208812095032e-09
FL-2000-000187-ROM,FL_2000_000187_ROM,1.1542667e-09,3.316939103894321e-07,1186.0,1.1552358575986564e-09
FL-2008-000158-PAN,FL_2008_000158_PAN,1.0887417e-09,2.503301486864683e-05,627.0,1.0904643925632912e-09
FL-2012-000110-IND,FL_2012_000110_IND,1.0746777e-09,0.0002128457216353,122.0,1.0831397291338582e-09
FL-2017-000130-GTM,FL_2017_000130_GTM,1.0786184e-09,0.0001143767173055,249.0,1.0828649291338583e-09
FL-2009-000140-MNG,FL_2009_000140_MNG,1.0632227e-09,7.359491840610234e-05,359.0,1.0661436414835165e-09
FL-2008-000095-SUR,FL_2008_000095_SUR,1.013417e-09,9.377050070320624e-05,297.0,1.0167726854304636e-09
FF-2020-000123-YEM,FF_2020_000123_YEM,9.484278e-10,6.0213081963321165e-06,944.0,9.494271970495258e-10
FL-2007-000197-COD,FL_2007_000197_COD,9.0726876e-10,2.9669419539514598e-06,1044.0,9.081336491897044e-10
FL-2004-000021-COL,FL_2004_000021_COL,8.9849056e-10,7.51946791929465e-06,900.0,8.994833672486188e-10
FL-2012-000129-SDN,FL_2012_000129_SDN,8.8871915e-10,1.2579565157165288e-05,791.0,8.898356313442211e-10
FF-2008-000123-PAK,FF_2008_000123_PAK,8.672839e-10,0.0001872166981514,148.0,8.729524222222223e-10
FF-2021-000189-BIH,FF_2021_000189_BIH,8.4320523e-10,7.49072187392711e-05,352.0,8.455671494117647e-10
FF-2008-000186-COD,FF_2008_000186_COD,8.3643786e-10,1.2249640540509577e-06,1127.0,8.371767627031803e-10
FL-2007-000086-PAN,FL_2007_000086_PAN,8.244998e-10,0.0002789015893795,85.0,8.336609088888889e-10
FL-2015-000092-BRA,FL_2015_000092_BRA,7.930509e-10,0.0001432550631587,198.0,7.969575546798031e-10
FL-2010-000067-BRA,FL_2010_000067_BRA,7.6054096e-10,1.923314171589548e-06,1088.0,7.612367888746569e-10
FL-2007-000141-NGA,FL_2007_000141_NGA,7.4952977e-10,0.0002636785005234,93.0,7.571780329591836e-10
FL-2007-000088-ECU,FL_2007_000088_ECU,7.5451034e-10,3.923828599782553e-07,1179.0,7.551475953547296e-10
FL-2011-000022-AFG,FL_2011_000022_AFG,7.344427e-10,0.0003154310750168,76.0,7.435098938271606e-10
FL-2001-000082-ZWE,FL_2001_000082_ZWE,7.107793e-10,6.572941856611108e-06,929.0,7.115403056745181e-10
FL-2009-000132-GHA,FL_2009_000132_GHA,7.0341244e-10,7.3691366707662e-05,358.0,7.053502153168044e-10
FL-2010-000049-AGO,FL_2010_000049_AGO,7.027674e-10,6.267245006535824e-05,399.0,7.045069232673268e-10
FL-2005-000104-IND,FL_2005_000104_IND,6.9198347e-10,0.0001110144486597,255.0,6.946449448846153e-10
FL-2019-000011-IDN,FL_2019_000011_IDN,6.719791e-10,3.1100139638884565e-06,1032.0,6.726271029893926e-10
FL-2016-000025-SRB,FL_2016_000025_SRB,6.690398e-10,2.9475141112543017e-07,1194.0,6.695977981651376e-10
FL-2002-000110-BOL,FL_2002_000110_BOL,6.5584665e-10,4.044660855255443e-05,521.0,6.570935067490495e-10
FL-2019-000160-COG,FL_2019_000160_COG,6.553997e-10,3.0980998386022045e-06,1033.0,6.560311062620424e-10
FL-2007-000011-ZMB,FL_2007_000011_ZMB,6.513894e-10,9.285003304971668e-05,301.0,6.535181235294117e-10
FL-2004-000094-CHN,FL_2004_000094_CHN,6.473432e-10,1.778033952567706e-05,707.0,6.482523898876404e-10
FL-2011-000133-MEX,FL_2011_000133_MEX,6.4699984e-10,2.5523548385193225e-05,623.0,6.480300945222931e-10
FL-2007-000129-PAK,FL_2007_000129_PAK,6.3317895e-10,3.5749188552206404e-06,1012.0,6.33801544837758e-10
FL-2017-000017-PAK,FL_2017_000017_PAK,5.772745e-10,0.0009751990371271,9.0,6.185083928571429e-10
FL-2021-000213-STP,FL_2021_000213_STP,5.9790983e-10,2.230610726568183e-05,658.0,5.988116547812971e-10
FL-2006-000169-SOM,FL_2006_000169_SOM,5.8860816e-10,0.0001673542976299,175.0,5.918782053333333e-10
FL-2001-000332-IND,FL_2001_000332_IND,5.632785e-10,2.9896972697620074e-05,590.0,5.642251865546218e-10
FL-2008-000076-COL,FL_2008_000076_COL,5.289316e-10,5.139203173175423e-06,970.0,5.29474093948718e-10
FL-2016-000072-SDN,FL_2016_000072_SDN,5.135288e-10,2.421403407311708e-05,637.0,5.143286890965732e-10
FL-2019-000135-GHA,FL_2019_000135_GHA,5.1315907e-10,3.221409581964e-05,574.0,5.140453550949914e-10
FL-2011-000124-ETH,FL_2011_000124_ETH,5.10335e-10,2.570324593001228e-06,1059.0,5.108146381578947e-10
FL-2014-000019-BDI,FL_2014_000019_BDI,5.0792437e-10,5.687967693127027e-06,954.0,5.084540095933264e-10
FL-2021-000126-MYS,FL_2021_000126_MYS,4.976695e-10,4.440046598971371e-05,492.0,4.98670847082495e-10
FL-2006-000190-BDI,FL_2006_000190_BDI,4.898298e-10,4.1683006386080494e-05,512.0,4.907772464216634e-10
FL-2009-000144-NER,FL_2009_000144_NER,4.8808796e-10,1.4338757009628526e-05,756.0,4.887293370827858e-10
FL-2018-000414-IRQ,FL_2018_000414_IRQ,4.829493e-10,5.393563548028878e-06,959.0,4.834502847510373e-10
FL-2019-000100-MLI,FL_2019_000100_MLI,4.5476325e-10,1.3617925567582764e-05,774.0,4.55347028241335e-10
FL-2009-000268-AGO,FL_2009_000268_AGO,4.464229e-10,9.983095408372424e-05,285.0,4.4796228931034477e-10
FL-2017-000137-SSD,FL_2017_000137_SSD,4.37941e-10,0.0003187842280074,75.0,4.434152625e-10
FL-2006-000171-HTI,FL_2006_000171_HTI,4.3247456e-10,8.08927765996976e-05,331.0,4.3376168666666664e-10
FL-2000-000265-COL,FL_2000_000265_COL,4.292477e-10,2.404767592249468e-05,640.0,4.299132003100775e-10
FL-2007-000139-KEN,FL_2007_000139_KEN,4.2691184e-10,0.0001822062398591,155.0,4.2958003900000006e-10
FL-1999-000574-VNM,FL_1999_000574_VNM,4.14297e-10,1.9638566412519462e-06,1084.0,4.146774380165289e-10
FL-2016-000124-COD,FL_2016_000124_COD,4.04075e-10,3.594451729050001e-06,1010.0,4.044731034482759e-10
FF-2006-000049-IDN,FF_2006_000049_IDN,3.9334241e-10,2.6125286954769088e-05,619.0,3.9397276642628204e-10
FL-2019-000171-LKA,FL_2019_000171_LKA,3.77054e-10,6.260648474163019e-06,940.0,3.774529989417989e-10
FL-2014-000117-BGD,FL_2014_000117_BGD,3.5606285e-10,8.710722381632441e-07,1148.0,3.563716642671292e-10
FL-2006-000091-PRK,FL_2006_000091_PRK,3.472384e-10,5.875848977124253e-05,419.0,3.48057358490566e-10
LS-2022-000224-GTM,LS_2022_000224_GTM,3.4241698e-10,0.0001800716172302,158.0,3.4451769766871165e-10
FL-2020-000190-NER,FL_2020_000190_NER,3.2520348e-10,0.0001091891737742,260.0,3.2643066294339624e-10
FL-2001-000390-POL,FL_2001_000390_POL,3.2142802e-10,5.123630882670173e-07,1164.0,3.21702979811805e-10
FL-2022-000316-NER,FL_2022_000316_NER,3.1017533e-10,2.6887171326954738e-05,615.0,3.106756127903226e-10
FL-1998-000219-KOR,FL_1998_000219_KOR,3.0484254e-10,1.311484232772052e-05,782.0,3.052298875730623e-10
FL-2022-000356-ETH,FL_2022_000356_ETH,2.913226e-10,7.388023018059818e-05,356.0,2.921295878116343e-10
FL-2014-000154-IDN,FL_2014_000154_IDN,2.7890332e-10,0.0003919252020408,53.0,2.8371199793103446e-10
FL-2010-000174-KEN,FL_2010_000174_KEN,2.773823e-10,2.1908800086413897e-05,663.0,2.777975429640718e-10
FL-2007-000025-FJI,FL_2007_000025_FJI,2.630919e-10,0.0002118292867609,123.0,2.6514730546875e-10
FL-2003-000350-MNG,FL_2003_000350_MNG,2.5975552e-10,9.248648778809284e-06,863.0,2.6005477751152074e-10
FL-2011-000118-GTM,FL_2011_000118_GTM,2.4837063e-10,0.0004302872292447,48.0,2.530568683018868e-10
FL-2005-000020-COL,FL_2005_000020_COL,2.3891467e-10,9.488870848522424e-06,859.0,2.3919119160879635e-10
FL-2009-000139-PAK,FL_2009_000139_PAK,2.3234518e-10,0.0001208411936311,234.0,2.333173355648535e-10
FL-1999-000428-VNM,FL_1999_000428_VNM,2.3245376e-10,6.241839272470142e-05,401.0,2.330263062068966e-10
FL-2002-000522-KHM,FL_2002_000522_KHM,2.3053694e-10,1.4106847759968643e-05,764.0,2.3083672795838754e-10
FL-2013-000023-ZMB,FL_2013_000023_ZMB,2.2859988e-10,0.0001306524209755,214.0,2.2964371506849314e-10
LS-2016-000051-IDN,LS_2016_000051_IDN,2.2162365e-10,0.000247755405845,100.0,2.2373435142857142e-10
FF-2008-000141-ETH,FF_2008_000141_ETH,2.1913793e-10,9.297065633150088e-05,300.0,2.1985641501639344e-10
FL-2010-000042-SRB,FL_2010_000042_SRB,2.0316346e-10,3.392493617116217e-07,1182.0,2.0333461708508843e-10
FL-2019-000162-MYS,FL_2019_000162_MYS,2.0048903e-10,5.723889989554217e-06,952.0,2.0069852741901775e-10
FL-1999-000071-MOZ,FL_1999_000071_MOZ,1.9406292e-10,5.8582790624544806e-05,420.0,1.9451953863529414e-10
FL-2018-000120-NGA,FL_2018_000120_NGA,1.9230288e-10,6.612571403831348e-06,926.0,1.9250943518796995e-10
FL-2003-000020-MOZ,FL_2003_000020_MOZ,1.8243987e-10,0.0004575251697161,37.0,1.8678367642857143e-10
FL-2004-000068-ROM,FL_2004_000068_ROM,1.8435006e-10,1.7809978048652277e-06,1098.0,1.8451719514052583e-10
LS-2010-000190-COL,LS_2010_000190_COL,1.8131273e-10,3.468620902420662e-05,561.0,1.816330705123675e-10
FL-2008-000051-LKA,FL_2008_000051_LKA,1.7778623e-10,2.9406283692358946e-06,1047.0,1.779552283174905e-10
FL-2021-000039-BDI,FL_2021_000039_BDI,1.7208271e-10,1.779535666768437e-05,706.0,1.7232473912798876e-10
FL-2008-000102-CIV,FL_2008_000102_CIV,1.637658e-10,6.460461923127918e-05,390.0,1.641803969620253e-10
FL-2009-000251-SAU,FL_2009_000251_SAU,1.5747209e-10,0.0002752974937181,87.0,1.5918374315217392e-10
FL-2018-000058-COL,FL_2018_000058_COL,1.4095418e-10,0.0001152652168111,247.0,1.41513521984127e-10
FL-1999-000235-IRN,FL_1999_000235_IRN,1.2903648e-10,0.000356859218979,64.0,1.309065739130435e-10
FL-2006-000112-ETH,FL_2006_000112_ETH,1.2719842e-10,5.648857332339629e-05,433.0,1.2748882735159818e-10
FL-2018-000015-BOL,FL_2018_000015_BOL,1.1779103e-10,0.0002856489213558,84.0,1.1911452471910113e-10
FL-1999-000132-BLR,FL_1999_000132_BLR,1.1821867e-10,5.4999890944407565e-08,1215.0,1.1831557054918033e-10
FL-2009-000136-BIH,FL_2009_000136_BIH,1.1800752e-10,1.763431511823383e-05,710.0,1.1817256548251747e-10
FL-2000-000444-IND,FL_2000_000444_IND,1.179637e-10,2.629473763229809e-05,617.0,1.1815335225080385e-10
FL-2003-000585-MKD,FL_2003_000585_MKD,1.172795e-10,0.0001140367926989,250.0,1.1773941960784313e-10
FL-2015-000024-ARG,FL_2015_000024_ARG,1.13942446e-10,4.732291291861289e-06,976.0,1.1405859528236494e-10
FF-2018-000042-ETH,FF_2018_000042_ETH,9.610569e-11,0.0001406860342247,200.0,9.657449824390244e-11
FL-1997-000270-ETH,FL_1997_000270_ETH,9.088579e-11,0.00065118966693,20.0,9.45212216e-11
FL-2000-000191-HUN,FL_2000_000191_HUN,9.429665e-11,2.5765793013382945e-05,620.0,9.444752464e-11
FL-2007-000145-ETH,FL_2007_000145_ETH,9.410231e-11,3.7443132800423646e-05,542.0,9.427434347349177e-11
FL-1997-000142-CZE,FL_1997_000142_CZE,8.85518e-11,4.085953500903898e-07,1178.0,8.86266535925613e-11
FL-2003-000012-BOL,FL_2003_000012_BOL,8.5060126e-11,1.997294872619585e-05,689.0,8.518269102305474e-11
FL-2010-000076-COL,FL_2010_000076_COL,8.0279804e-11,7.919367715696147e-06,892.0,8.036930210925307e-11
FF-2009-000159-PAK,FF_2009_000159_PAK,7.734079e-11,0.0002288302450788,113.0,7.799622042372882e-11
FL-2000-000130-BOL,FL_2000_000130_BOL,7.572583e-11,1.0142553283485508e-05,844.0,7.581502414605418e-11
FL-2006-000189-MYS,FL_2006_000189_MYS,7.373565e-11,0.0001298578334407,215.0,7.407081204545456e-11
FL-2000-000258-IDN,FL_2000_000258_IDN,7.089877e-11,0.0001847005936897,152.0,7.1350354522293e-11
FL-2008-000231-PAN,FL_2008_000231_PAN,6.861858e-11,5.59686955336074e-05,438.0,6.877347521444694e-11
FL-2008-000239-NIC,FL_2008_000239_NIC,6.8187817e-11,3.271158159027828e-05,571.0,6.830619862673611e-11
FL-2022-000261-GEO,FL_2022_000261_GEO,6.6696614e-11,0.0001260481813529,225.0,6.698659927826087e-11
FL-2007-000125-PHL,FL_2007_000125_PHL,6.664656e-11,8.256179099290016e-05,324.0,6.684913313069909e-11
FL-2020-000199-MRT,FL_2020_000199_MRT,6.6677414e-11,6.366677154576507e-06,936.0,6.674827203825717e-11
FL-2017-000043-HTI,FL_2017_000043_HTI,6.610144e-11,4.118031664999431e-05,515.0,6.622855815384615e-11
FL-2001-000407-IDN,FL_2001_000407_IDN,6.524962e-11,5.4184034917881305e-05,450.0,6.539302575824175e-11
FL-1999-000548-YEM,FL_1999_000548_YEM,6.527435e-11,2.911746884822794e-05,595.0,6.538314058333334e-11
FL-1998-000392-IND,FL_1998_000392_IND,6.483506e-11,3.2442846892696324e-05,573.0,6.494723138408303e-11
FL-2010-000012-EGY,FL_2010_000012_EGY,6.3555425e-11,1.5477087907830037e-05,744.0,6.364027870493992e-11
FL-2022-000362-LCA,FL_2022_000362_LCA,6.135222e-11,3.789447387793466e-06,1001.0,6.141320630218688e-11
FL-2019-000094-GTM,FL_2019_000094_GTM,5.9664246e-11,5.857434861656986e-05,421.0,5.980430291549295e-11
FL-2016-000019-HTI,FL_2016_000019_HTI,5.951599e-11,5.140918881244738e-05,462.0,5.964343323340471e-11
FL-2017-000134-CAF,FL_2017_000134_CAF,5.8998695e-11,3.552282251665573e-05,556.0,5.910386201426025e-11
FF-2013-000090-PAK,FF_2013_000090_PAK,5.7654347e-11,2.333217025205581e-05,648.0,5.774263849617151e-11
FL-2007-000003-PHL,FL_2007_000003_PHL,5.2952673e-11,0.0002136795846773,121.0,5.337293230952381e-11
FL-2017-000010-PHL,FL_2017_000010_PHL,4.6028428e-11,0.0001083880903192,262.0,4.620081911610487e-11
FL-2001-000376-PAK,FL_2001_000376_PAK,4.3998413e-11,0.0006219993535747,26.0,4.5417716645161286e-11
FL-2016-000137-ARG,FL_2016_000137_ARG,4.519102e-11,1.148588090135618e-05,817.0,4.5245996909975674e-11
FL-2022-000275-UGA,FL_2022_000275_UGA,4.3274242e-11,1.9363062069001888e-06,1087.0,4.331387042673993e-11
FF-2014-000060-AFG,FF_2014_000060_AFG,4.2798858e-11,6.29182645181206e-05,397.0,4.2905322820895524e-11
FL-2022-000249-CIV,FL_2022_000249_CIV,4.166345e-11,1.9524690006620663e-05,693.0,4.1723139756447e-11
ST-2012-000077-CHN,ST_2012_000077_CHN,3.927498e-11,0.0006448351558926,23.0,4.0677657857142865e-11
FL-1993-000013-PHL,FL_1993_000013_PHL,3.9237256e-11,5.7886874174846166e-05,422.0,3.9329146529274e-11
FL-2022-000217-BGD,FL_2022_000217_BGD,3.8938196e-11,2.007624704705732e-06,1079.0,3.897411684501845e-11
FL-2012-000157-CMR,FL_2012_000157_CMR,3.7684623e-11,4.0255945928117526e-05,523.0,3.775599539204546e-11
FL-2020-000126-ETH,FL_2020_000126_ETH,3.6793686e-11,9.257480341041269e-05,302.0,3.6913535140065146e-11
FL-2015-000064-IND,FL_2015_000064_IND,3.601441e-11,0.0002713968213529,90.0,3.639350905263158e-11
FL-2011-000120-SDN,FL_2011_000120_SDN,3.595842e-11,2.725003713148169e-05,610.0,3.6016888975609755e-11
FL-2012-000141-NER,FL_2012_000141_NER,3.2626124e-11,8.874837765268046e-05,311.0,3.27293712278481e-11
FL-2006-000023-DZA,FL_2006_000023_DZA,3.105362e-11,2.776815170584667e-05,606.0,3.110444425531915e-11
FL-2010-000019-MEX,FL_2010_000019_MEX,2.9267783e-11,2.27955179809835e-05,654.0,2.931219541729894e-11
FL-2006-000071-ROM,FL_2006_000071_ROM,2.580588e-11,4.02698244542083e-06,991.0,2.583178951807229e-11
FL-2022-000002-IRN,FL_2022_000002_IRN,2.5597665e-11,3.126066185648991e-05,581.0,2.56413470221843e-11
FL-1999-000324-HND,FL_1999_000324_HND,2.5143547e-11,1.315936005411489e-05,781.0,2.517553624554707e-11
FF-2020-000221-SOM,FF_2020_000221_SOM,2.502827e-11,3.200882414476957e-05,575.0,2.507142218965517e-11
FL-2005-000117-GTM,FL_2005_000117_GTM,2.4396402e-11,0.0002390529067825,103.0,2.462229461111111e-11
FL-2010-000015-PSE,FL_2010_000015_PSE,2.4427778e-11,5.960021628651326e-05,414.0,2.4486078186157516e-11
FL-2006-000013-MWI,FL_2006_000013_MWI,2.3924376e-11,7.831694295444121e-05,340.0,2.3993722017391304e-11
FL-2010-000003-KEN,FL_2010_000003_KEN,2.2999576e-11,0.00029800547316,79.0,2.3273380476190473e-11
FF-2006-000163-AFG,FF_2006_000163_AFG,2.2632706e-11,3.0031542794048045e-05,589.0,2.2670808198653197e-11
FL-2003-000482-MEX,FL_2003_000482_MEX,2.2173638e-11,4.417369049904628e-05,496.0,2.2217896758483035e-11
FL-2011-000109-PAK,FL_2011_000109_PAK,2.1591824e-11,3.495053221042343e-05,559.0,2.1630107375886523e-11
FL-2002-000482-RUS,FL_2002_000482_RUS,1.9747471e-11,0.0006480113923026,22.0,2.0478858814814815e-11
FL-2001-000252-ECU,FL_2001_000252_ECU,2.044606e-11,5.380536080963893e-06,961.0,2.046722569358178e-11
FF-2020-000158-SRB,FF_2020_000158_SRB,1.961177e-11,2.620862770206007e-07,1197.0,1.9628085948419303e-11
FF-2017-000122-CMR,FF_2017_000122_CMR,1.9499319e-11,4.498200136417982e-05,486.0,1.953903248065173e-11
FL-2011-000051-RWA,FL_2011_000051_RWA,1.945312e-11,8.36797378826668e-05,319.0,1.951316049382716e-11
FL-2011-000059-CHN,FL_2011_000059_CHN,1.9327345e-11,7.995072646288482e-05,334.0,1.9384357817109146e-11
FL-2009-000171-AFG,FL_2009_000171_AFG,1.8929277e-11,3.914130417879834e-05,525.0,1.8964992616981134e-11
FL-2011-000170-COL,FL_2011_000170_COL,1.8887487e-11,1.9880932758007683e-05,690.0,1.8914663240287767e-11
FF-2007-000113-GMB,FF_2007_000113_GMB,1.850177e-11,2.6272033331846982e-06,1055.0,1.8519224500000003e-11
FL-2011-000082-NPL,FL_2011_000082_NPL,1.7754982e-11,3.6969251321179407e-06,1003.0,1.7772596069444446e-11
FL-2017-000149-TGO,FL_2017_000149_TGO,1.7003777e-11,1.6834978656999874e-06,1108.0,1.7019054427672953e-11
FL-2008-000197-COL,FL_2008_000197_COL,1.6621248e-11,1.8209814158937426e-07,1207.0,1.6634961900990096e-11
FL-2006-000065-TZA,FL_2006_000065_TZA,1.4925491e-11,0.0001063348114022,269.0,1.497996359489051e-11
FL-2005-000150-NGA,FL_2005_000150_NGA,1.4744072e-11,1.7859921581929737e-06,1097.0,1.475745137568058e-11
FL-2003-000368-SDN,FL_2003_000368_SDN,1.4042383e-11,1.087918663363134e-05,828.0,1.4059240602641057e-11
FL-2012-000183-COL,FL_2012_000183_COL,1.3907327e-11,1.694826307219655e-06,1104.0,1.3919867421100091e-11
FL-2019-000116-ETH,FL_2019_000116_ETH,1.3845605e-11,7.381245621211121e-05,357.0,1.388385252762431e-11
FF-2021-000032-TLS,FF_2021_000032_TLS,1.3366331e-11,0.0001391956700871,204.0,1.3430284736842105e-11
FL-2006-000123-SDN,FL_2006_000123_SDN,1.3276172e-11,1.528934732633952e-05,746.0,1.3293849992010655e-11
FL-2015-000161-ETH,FL_2015_000161_ETH,1.1698807e-11,0.0004709110509817,35.0,1.1991277174999999e-11
FL-1999-000349-SLV,FL_1999_000349_SLV,1.055674e-11,0.0001181495400963,240.0,1.0599828734693878e-11
FF-2008-000194-VNM,FF_2008_000194_VNM,1.0195159e-11,1.924873097846384e-05,697.0,1.0209682018518517e-11
FL-2001-000524-MLI,FL_2001_000524_MLI,9.779889e-12,0.0001014785019635,281.0,9.814084416083917e-12
FF-2012-000081-ETH,FF_2012_000081_ETH,9.487917e-12,0.0002161762114791,117.0,9.565686811475409e-12
FL-2021-000123-CAF,FL_2021_000123_CAF,9.448095e-12,1.212789471057311e-05,799.0,9.459846361940298e-12
FL-2014-000121-CMR,FL_2014_000121_CMR,9.2116705e-12,8.00659310573838e-06,888.0,9.22198592049272e-12
FL-2016-000021-PAK,FL_2016_000021_PAK,8.716053e-12,0.0002873243124584,83.0,8.815099056818183e-12
FL-2009-000187-CIV,FL_2009_000187_CIV,8.226682e-12,3.093041252886015e-06,1034.0,8.234599884504331e-12
FF-2008-000092-KEN,FF_2008_000092_KEN,8.1434815e-12,0.0001882373369797,147.0,8.19705703618421e-12
FL-2009-000080-AFG,FL_2009_000080_AFG,7.3118525e-12,0.0011158228516436,7.0,7.921173541666667e-12
FL-2007-000023-IDN,FL_2007_000023_IDN,7.604536e-12,9.20074330414558e-06,865.0,7.61327684597701e-12
FL-2020-000132-UGA,FL_2020_000132_UGA,7.5041015e-12,2.950930469766168e-06,1046.0,7.511241463368222e-12
FL-2021-000208-IRQ,FL_2021_000208_IRQ,7.3926195e-12,2.430702529866362e-05,636.0,7.40415244773791e-12
FL-2015-000176-BDI,FL_2015_000176_BDI,7.1527337e-12,3.2852261834453108e-06,1025.0,7.1596781016504856e-12
FL-1997-000143-POL,FL_1997_000143_POL,6.4013187e-12,8.023557376180645e-06,887.0,6.4084950662556055e-12
FL-1999-000240-SRB,FL_1999_000240_SRB,6.364003e-12,6.551697667037967e-06,930.0,6.370809420320855e-12
FL-2015-000113-PRK,FL_2015_000113_PRK,6.178859e-12,5.133280197033992e-05,463.0,6.1920616901709395e-12
FL-2011-000043-VCT,FL_2011_000043_VCT,5.8223656e-12,3.1120553551227785e-05,584.0,5.8322507707979624e-12
FL-2015-000106-BFA,FL_2015_000106_BFA,5.3263114e-12,1.837361695682109e-06,1092.0,5.331166743117593e-12
FL-2007-000044-ARG,FL_2007_000044_ARG,5.260856e-12,0.0001774671072007,163.0,5.292170619047619e-12
FL-2005-000194-COL,FL_2005_000194_COL,5.0608033e-12,2.2896174037936988e-05,651.0,5.068517939176829e-12
LS-2011-000104-ECU,LS_2011_000104_ECU,4.3229253e-12,7.448674830234282e-05,354.0,4.33496687465181e-12
FL-2002-000265-KEN,FL_2002_000265_KEN,4.2271425e-12,7.414420738469969e-05,355.0,4.2388845625e-12
FL-2003-000229-LKA,FL_2003_000229_LKA,4.044525e-12,1.297185088264363e-06,1123.0,4.048110571808511e-12
FL-2012-000063-RUS,FL_2012_000063_RUS,3.9219275e-12,1.1592123063497667e-05,813.0,3.926722032396088e-12
FL-2014-000079-PHL,FL_2014_000079_PHL,3.7358016e-12,0.0001074858462491,265.0,3.749637902222222e-12
FL-2011-000180-PAN,FL_2011_000180_PAN,3.6224305e-12,4.1775453303436256e-05,511.0,3.6294507141472866e-12
FL-2022-000336-VNM,FL_2022_000336_VNM,3.590103e-12,9.716974905911831e-06,850.0,3.594301950877193e-12
FL-2015-000088-IRN,FL_2015_000088_IRN,3.4230696e-12,4.604299966149557e-06,980.0,3.426544797563452e-12
FL-2013-000068-CZE,FL_2013_000068_CZE,3.4115948e-12,5.027807449160597e-07,1167.0,3.4145057170648464e-12
FL-2007-000155-ROM,FL_2007_000155_ROM,3.3527786e-12,7.493269587570211e-06,901.0,3.3564792386313462e-12
FL-2016-000061-RUS,FL_2016_000061_RUS,3.2088616e-12,9.92390026777159e-05,287.0,3.219850852054794e-12
FL-2014-000008-BOL,FL_2014_000008_BOL,3.0550616e-12,4.406071512907671e-05,497.0,3.0611473800796812e-12
FF-2013-000118-BEN,FF_2013_000118_BEN,3.0346595e-12,3.047421581829085e-06,1037.0,3.037571841170825e-12
FF-2007-000185-TUN,FF_2007_000185_TUN,2.9861838e-12,4.088226817611021e-05,517.0,2.9919044586206897e-12
FL-2007-000221-KEN,FL_2007_000221_KEN,2.8572472e-12,2.469489032948589e-05,630.0,2.861746801889764e-12
FL-2021-000190-EGY,FL_2021_000190_EGY,2.7998602e-12,0.0001257151842587,226.0,2.8119808069264065e-12
FL-2019-000084-IND,FL_2019_000084_IND,2.7616945e-12,0.0003615076597189,62.0,2.8029138208955225e-12
FL-2018-000004-COD,FL_2018_000004_COD,2.7658008e-12,3.9057126689028265e-06,997.0,2.7685610802395206e-12
FL-2016-000054-HTI,FL_2016_000054_HTI,2.7088802e-12,7.938970928696667e-05,336.0,2.716824130205279e-12
FL-2016-000050-LKA,FL_2016_000050_LKA,2.520245e-12,2.727767993350692e-07,1195.0,2.5223452041666664e-12
FL-2008-000170-DOM,FL_2008_000170_DOM,2.5050203e-12,0.0001262074466839,223.0,2.5160072311403506e-12
FL-2019-000047-GEO,FL_2019_000047_GEO,2.2113609e-12,0.0001852809232794,151.0,2.2255362903846156e-12
FL-2009-000172-BFA,FL_2009_000172_BFA,2.1526476e-12,1.771360803818135e-06,1099.0,2.1545974619565216e-12
FL-2008-000126-TCD,FL_2008_000126_TCD,2.0855399e-12,2.1116570558750188e-05,672.0,2.088620461152142e-12
FL-2005-000048-AFG,FL_2005_000048_AFG,2.0763538e-12,6.840227760081463e-06,920.0,2.078598506810811e-12
FL-2012-000132-NPL,FL_2012_000132_NPL,2.0167609e-12,4.980327320662879e-07,1168.0,2.0184802187553282e-12
FL-2005-000108-PAK,FL_2005_000108_PAK,1.876296e-12,0.0004343551151646,46.0,1.9130861176470587e-12
FL-2009-000245-SRB,FL_2009_000245_SRB,1.7113952e-12,1.638364141400177e-06,1111.0,1.7129287082437275e-12
FL-2004-000116-CAF,FL_2004_000116_CAF,1.5117585e-12,6.643140630798377e-05,384.0,1.515644768637532e-12
FL-2003-000293-TLS,FL_2003_000293_TLS,1.4781714e-12,2.497779787196926e-07,1199.0,1.4793991171096346e-12
FF-2014-000059-SRB,FF_2014_000059_SRB,1.384659e-12,0.0001153636310862,246.0,1.3901755697211154e-12
FF-2007-000070-CHN,FF_2007_000070_CHN,1.3797186e-12,2.878878418214704e-05,600.0,1.38199912661157e-12
FL-2010-000127-AFG,FL_2010_000127_AFG,1.3743368e-12,0.0001357053888473,211.0,1.3806994703703701e-12
FL-2016-000042-KEN,FL_2016_000042_KEN,1.3735381e-12,6.731797582997602e-05,376.0,1.3771431868766404e-12
FL-2021-000050-AFG,FL_2021_000050_AFG,1.3025681e-12,1.3078244640650922e-05,784.0,1.304219010139417e-12
FL-2021-000135-GIN,FL_2021_000135_GIN,1.2582619e-12,6.12304772739205e-06,943.0,1.259589180485232e-12
FL-2019-000156-DJI,FL_2019_000156_DJI,1.1968307e-12,1.2062928292907164e-05,800.0,1.1983174462111802e-12
FL-2011-000190-AGO,FL_2011_000190_AGO,1.1840698e-12,4.955770783095193e-05,470.0,1.1865625785263158e-12
FL-1994-000007-VNM,FL_1994_000007_VNM,1.0751168e-12,2.4203383790725493e-05,638.0,1.076788832348367e-12
FL-2003-000331-CHN,FL_2003_000331_CHN,1.0481982e-12,7.340008347309792e-06,906.0,1.049348801756312e-12
FL-2002-000225-ETH,FL_2002_000225_ETH,1.0054314e-12,5.685094801523478e-05,429.0,1.0077480622119815e-12
FL-2020-000200-BFA,FL_2020_000200_BFA,9.967575e-13,1.754861784563208e-05,713.0,9.98145741643454e-13
FL-2022-000365-PAN,FL_2022_000365_PAN,9.671884e-13,5.5395057656770296e-05,444.0,9.693424944320712e-13
FL-2008-000175-UGA,FL_2008_000175_UGA,9.203696e-13,5.707022314747074e-05,426.0,9.225050283062646e-13
FL-2010-000037-HTI,FL_2010_000037_HTI,9.02181e-13,1.2975362649069088e-05,787.0,9.033201174242424e-13
FL-2014-000152-ETH,FL_2014_000152_ETH,7.333612e-13,3.914157446659875e-05,524.0,7.347475160680529e-13
FL-2003-000578-COL,FL_2003_000578_COL,7.0240564e-13,5.5929197818623184e-06,956.0,7.031365511758584e-13
FL-2010-000196-LKA,FL_2010_000196_LKA,6.522326e-13,4.384707212692755e-06,986.0,6.528907560040363e-13
FL-2013-000006-IDN,FL_2013_000006_IDN,6.3979985e-13,7.531987368705044e-05,351.0,6.415970405898877e-13
FL-2001-000227-RUS,FL_2001_000227_RUS,6.1237235e-13,0.0002932959051861,81.0,6.194929587209303e-13
FL-2020-000202-GIN,FL_2020_000202_GIN,5.7136457e-13,0.0003557599201604,66.0,5.794119583098591e-13
FL-1999-000233-SVK,FL_1999_000233_SVK,5.567368e-13,1.8065559906039792e-06,1094.0,5.572433848953594e-13
FL-2009-000218-KEN,FL_2009_000218_KEN,5.548457e-13,2.1473861693517324e-05,669.0,5.556689132047479e-13
FL-2020-000210-VNM,FL_2020_000210_VNM,5.37389e-13,4.088840941819605e-05,516.0,5.384204568138196e-13
FL-2013-000024-MKD,FL_2013_000024_MKD,5.3388305e-13,6.696399857954786e-06,923.0,5.344583550107759e-13
FL-2010-000046-MOZ,FL_2010_000046_MOZ,5.1918533e-13,1.5674755443822033e-05,741.0,5.198812888873994e-13
FL-2010-000136-YEM,FL_2010_000136_YEM,5.097667e-13,0.0001750367102415,170.0,5.126796525714286e-13
FL-2015-000017-PAK,FL_2015_000017_PAK,4.854069e-13,0.0004402568614308,41.0,4.959592239130435e-13
FL-2016-000060-IND,FL_2016_000060_IND,4.389689e-13,1.4176215060524544e-05,762.0,4.3954121929595835e-13
FL-2009-000007-ZWE,FL_2009_000007_ZWE,4.129151e-13,1.1977497378859985e-06,1131.0,4.1327858160211264e-13
FF-2008-000227-ETH,FF_2008_000227_ETH,3.9304004e-13,0.0004109890624448,49.0,4.003185592592593e-13
FL-2010-000225-PAN,FL_2010_000225_PAN,3.9746242e-13,0.0001271069487467,218.0,3.99244762690583e-13
FL-2006-000010-BOL,FL_2006_000010_BOL,3.9690237e-13,9.564823619451456e-06,853.0,3.973649601748252e-13
FL-2005-000051-AGO,FL_2005_000051_AGO,3.6338887e-13,9.184470070651608e-05,304.0,3.6456488576051784e-13
FL-2017-000002-MYS,FL_2017_000002_MYS,3.112826e-13,4.541211285771348e-06,981.0,3.115983024340771e-13
FL-2013-000030-COL,FL_2013_000030_COL,2.8873992e-13,7.71454262959391e-06,897.0,2.8906003077605323e-13
FL-2001-000492-VNM,FL_2001_000492_VNM,2.8452856e-13,1.0277519719229216e-05,840.0,2.848652801893491e-13
OT-2004-000112-COL,OT_2004_000112_COL,2.6723437e-13,5.994596283363463e-06,945.0,2.6751566933684216e-13
FL-2022-000332-BEN,FL_2022_000332_BEN,2.54031e-13,0.0001090705883406,261.0,2.549860037593985e-13
FL-2003-000505-VNM,FL_2003_000505_VNM,2.358145e-13,3.1948123985622605e-07,1188.0,2.360121651299246e-13
FL-2002-000367-SRB,FL_2002_000367_SRB,2.276892e-13,4.639970322060904e-07,1173.0,2.2788248455008487e-13
FL-2005-000063-SRB,FL_2005_000063_SRB,2.0276393e-13,8.925156859618654e-07,1147.0,2.029399403559028e-13
FL-2003-000621-BOL,FL_2003_000621_BOL,1.9073023e-13,6.175466737543191e-05,404.0,1.9119656308068462e-13
FL-2000-000302-CHN,FL_2000_000302_CHN,1.8285835e-13,1.061316962600146e-05,834.0,1.8307629797377833e-13
FL-2005-000184-VNM,FL_2005_000184_VNM,1.7578053e-13,3.39894145976591e-05,566.0,1.7608837681260948e-13
FF-2012-000148-PAK,FF_2012_000148_PAK,1.6067826e-13,1.4455299905439046e-05,754.0,1.6088995731225297e-13
FL-2007-000057-URY,FL_2007_000057_URY,1.5830539e-13,1.8466943965688013e-06,1091.0,1.5844982922445256e-13
FL-1998-000272-PRK,FL_1998_000272_PRK,1.5244811e-13,0.0002298156576967,110.0,1.5377374573913042e-13
FL-2005-000017-VEN,FL_2005_000017_VEN,1.5301e-13,1.947356363707671e-06,1085.0,1.5315037614678898e-13
FL-1998-000329-BEN,FL_1998_000329_BEN,1.4960511e-13,3.5156089586776725e-05,558.0,1.4987083843694492e-13
FL-2011-000020-BOL,FL_2011_000020_BOL,1.481252e-13,4.0574685213262725e-05,520.0,1.4840734323809524e-13
FL-2021-000127-NER,FL_2021_000127_NER,1.4135335e-13,8.090940781182041e-05,330.0,1.4177530029850743e-13
FL-2003-000341-NPL,FL_2003_000341_NPL,1.4059409e-13,1.672202072334728e-05,727.0,1.4078615842896176e-13
FL-2013-000098-NER,FL_2013_000098_NER,1.3502915e-13,1.5361894267961126e-05,745.0,1.3520918886666668e-13
FL-1998-000085-IRN,FL_1998_000085_IRN,1.2964567e-13,0.0001340115350071,212.0,1.3024311548387098e-13
FL-2007-000165-BEN,FL_2007_000165_BEN,1.2512699e-13,4.799877194028794e-05,475.0,1.2538767122916667e-13
FL-2018-000060-LKA,FL_2018_000060_LKA,1.1766797e-13,2.106060053431094e-05,675.0,1.1784101113235294e-13
FL-1999-000253-PHL,FL_1999_000253_PHL,1.1300219e-13,7.990398983573788e-06,889.0,1.1312859065995526e-13
FL-2007-000093-SDN,FL_2007_000093_SDN,1.0778767e-13,2.698311961091964e-05,614.0,1.0796180193861067e-13
FL-2007-000138-UGA,FL_2007_000138_UGA,1.0334927e-13,0.0001292576919449,216.0,1.0381691375565611e-13
FL-2000-000083-ZWE,FL_2000_000083_ZWE,1.0287717e-13,1.7595226514592433e-05,712.0,1.0302065280334729e-13
FL-2002-000020-IRN,FL_2002_000020_IRN,9.332288e-14,0.0001790055022389,159.0,9.389192195121952e-14
FL-2016-000085-MLI,FL_2016_000085_MLI,9.0108497e-14,0.0005310394828522,31.0,9.261151080555555e-14
FL-1998-000359-UKR,FL_1998_000359_UKR,8.5705375e-14,2.6020415012721084e-06,1056.0,8.57861529217719e-14
FL-2013-000112-CAF,FL_2013_000112_CAF,8.191142e-14,2.939286169435394e-05,594.0,8.204816694490817e-14
FL-2008-000104-NPL,FL_2008_000104_NPL,7.592006e-14,4.425238325999129e-06,985.0,7.599674692929291e-14
SL-2002-000428-NPL,SL_2002_000428_NPL,7.524955e-14,9.492684803676937e-06,858.0,7.533674530706837e-14
FL-2010-000162-HND,FL_2010_000162_HND,7.340387e-14,7.978858282080594e-05,335.0,7.361976373529412e-14
FL-2022-000328-HND,FL_2022_000328_HND,7.317225e-14,3.113397145761244e-05,583.0,7.329669260204082e-14
FL-1998-000112-TZA,FL_1998_000112_TZA,6.8412324e-14,0.0001630414334398,181.0,6.878013219354839e-14
FL-2008-000079-LKA,FL_2008_000079_LKA,6.829979e-14,4.431780703521392e-05,493.0,6.843693817269076e-14
FL-2006-000044-COL,FL_2006_000044_COL,6.700758e-14,1.6661852960202084e-06,1110.0,6.706767648430495e-14
FL-2007-000161-UGA,FL_2007_000161_UGA,6.483554e-14,6.688421511799084e-05,380.0,6.5003944e-14
FL-2022-000374-TTO,FL_2022_000374_TTO,4.961758e-14,5.168110726942026e-06,968.0,4.966857442959918e-14
FL-2010-000219-PHL,FL_2010_000219_PHL,4.825874e-14,1.3761891877689836e-05,771.0,4.832092909793815e-14
FF-2013-000113-ROM,FF_2013_000113_ROM,4.7706847e-14,1.9715255389391577e-06,1083.0,4.7750695204963235e-14
FL-1999-000413-CAF,FL_1999_000413_CAF,4.7108713e-14,0.0002362389001684,105.0,4.753697402727272e-14
FL-2004-000020-KEN,FL_2004_000020_KEN,4.2252924e-14,3.866027098776821e-05,529.0,4.2332049325842693e-14
FL-2010-000149-GTM,FL_2010_000149_GTM,4.0272605e-14,4.93399237186438e-06,973.0,4.0313783532719834e-14
FL-2018-000194-TTO,FL_2018_000194_TTO,3.9732584e-14,2.8951150348077646e-06,1049.0,3.9770280948766605e-14
FL-2013-000055-UGA,FL_2013_000055_UGA,3.6049966e-14,2.840400593373429e-05,602.0,3.6109356388797367e-14
FL-2013-000095-PHL,FL_2013_000095_PHL,3.031431e-14,0.0004496281988249,38.0,3.1019293953488374e-14
FL-1997-000022-BOL,FL_1997_000022_BOL,3.0597612e-14,1.1033381462787675e-05,824.0,3.06345210615199e-14
FL-1997-000144-CHN,FL_1997_000144_CHN,2.7244107e-14,1.3871104204236142e-06,1121.0,2.7268302476909416e-14
FL-2021-000173-IDN,FL_2021_000173_IDN,2.4294096e-14,0.0001105305097235,256.0,2.4387176827586208e-14
FL-2001-000549-GIN,FL_2001_000549_GIN,2.283376e-14,0.0003305211818567,70.0,2.3138210133333337e-14
FL-2009-000101-PAN,FL_2009_000101_PAN,2.2309188e-14,0.0001782974081433,161.0,2.244358069879518e-14
FL-2009-000239-BRA,FL_2009_000239_BRA,2.1794449e-14,0.0003938885542987,51.0,2.2183635589285715e-14
FL-1997-000166-ROM,FL_1997_000166_ROM,2.1119952e-14,1.8290609665026053e-06,1093.0,2.113918692896175e-14
FL-1999-000651-CHN,FL_1999_000651_CHN,2.0262893e-14,6.070119914279723e-05,407.0,2.0312074779126216e-14
FF-2009-000204-TUN,FF_2009_000204_TUN,2.0263645e-14,2.6588262615887848e-05,616.0,2.0296275668276972e-14
FL-2001-000453-IRN,FL_2001_000453_IRN,1.9300804e-14,0.000368278667476,57.0,1.961210729032258e-14
FL-2003-000316-IND,FL_2003_000316_IND,1.7360796e-14,3.195870570946007e-05,576.0,1.7390676888123926e-14
FL-1999-000315-GHA,FL_1999_000315_GHA,1.701211e-14,9.80301508156575e-07,1145.0,1.7026903139130436e-14
FL-2007-000051-TUN,FL_2007_000051_TUN,1.6001338e-14,0.00073145332044,19.0,1.6668060416666667e-14
FL-2011-000123-RUS,FL_2011_000123_RUS,1.5204704e-14,0.0002345261872188,106.0,1.5341683315315312e-14
FL-1999-000423-TGO,FL_1999_000423_TGO,1.512874e-14,1.6177210752883753e-05,734.0,1.5149211907983765e-14
FL-2008-000185-SOM,FL_2008_000185_SOM,1.4931917e-14,1.9450598751253315e-05,695.0,1.495324831e-14
FL-2013-000145-COL,FL_2013_000145_COL,1.4900773e-14,1.7964356532649745e-06,1096.0,1.49143068537693e-14
FL-2011-000045-GTM,FL_2011_000045_GTM,1.3331818e-14,5.157981289707967e-05,460.0,1.3360488576344085e-14
FL-1997-000207-SYC,FL_1997_000207_SYC,1.2918455e-14,0.0001458177924021,195.0,1.2983047275e-14
FL-2015-000081-PHL,FL_2015_000081_PHL,1.220241e-14,6.615815735247805e-06,925.0,1.221553087096774e-14
FL-2022-000201-ZAF,FL_2022_000201_ZAF,1.047461e-14,7.92565139028289e-06,890.0,1.0486313474860335e-14
FL-2020-000206-COD,FL_2020_000206_COD,9.833487e-15,5.880659346030407e-06,948.0,9.843805454354669e-15
FL-2010-000179-ETH,FL_2010_000179_ETH,9.2256855e-15,8.187795815127906e-06,884.0,9.236063098987625e-15
FL-1997-000255-KEN,FL_1997_000255_KEN,8.768217e-15,0.0001635728792478,180.0,8.815612767567566e-15
FL-2013-000038-KEN,FL_2013_000038_KEN,8.264938e-15,8.320716881032328e-06,882.0,8.274255855693349e-15
FF-2012-000101-GAB,FF_2012_000101_GAB,7.567147e-15,1.3889349493353729e-05,768.0,7.576936323415266e-15
FL-1998-000048-PAK,FL_1998_000048_PAK,7.438435e-15,2.1632777775408578e-05,667.0,7.449504099702382e-15
FL-2001-000375-IRN,FL_2001_000375_IRN,7.3375745e-15,0.0001392751332812,203.0,7.372851300480769e-15
FL-2005-000064-ETH,FL_2005_000064_ETH,6.3929193e-15,0.0005299923479708,32.0,6.565700902702702e-15
FL-2017-000057-LKA,FL_2017_000057_LKA,5.2544634e-15,1.377515238364846e-05,770.0,5.261243352774193e-15
FL-1998-000221-NPL,FL_1998_000221_NPL,4.7392556e-15,1.4703006890040808e-06,1119.0,4.743472019572953e-15
FL-2015-000105-GIN,FL_2015_000105_GIN,4.558875e-15,1.0601272233334571e-05,835.0,4.564302232142857e-15
FL-2011-000164-CAF,FL_2011_000164_CAF,3.9180924e-15,6.68883153592918e-05,379.0,3.928295765625001e-15
FL-2006-000001-IDN,FL_2006_000001_IDN,3.7431512e-15,0.0001403146558365,201.0,3.761321836893204e-15
FL-2012-000198-PAN,FL_2012_000198_PAN,3.2794776e-15,0.0001097375340906,257.0,3.2919946900763357e-15
FL-2009-000113-CHN,FL_2009_000113_CHN,3.000198e-15,3.701373208413528e-05,547.0,3.0056331413043477e-15
FF-2009-000229-SOM,FF_2009_000229_SOM,2.8347207e-15,1.0251581134202168e-06,1141.0,2.8371942782722513e-15
FL-2013-000011-ZWE,FL_2013_000011_ZWE,2.8326522e-15,6.588762726836017e-06,928.0,2.8356882688102897e-15
FL-2009-000240-PAN,FL_2009_000240_PAN,2.7775741e-15,0.0001806827638814,156.0,2.794826113043478e-15
FL-2006-000034-ECU,FL_2006_000034_ECU,2.7341817e-15,3.389864093448517e-06,1022.0,2.736843999610516e-15
FL-1997-000137-CHL,FL_1997_000137_CHL,2.561997e-15,1.425376184387018e-05,760.0,2.5653460156862744e-15
FF-2007-000082-PAK,FF_2007_000082_PAK,2.2080554e-15,4.26286349276277e-05,504.0,2.2123934263261294e-15
FL-2008-000230-CUB,FL_2008_000230_CUB,2.2067063e-15,1.1915401208425512e-05,804.0,2.2094339962917185e-15
FL-1997-000140-AZE,FL_1997_000140_AZE,1.7472921e-15,6.460078118895568e-06,933.0,1.7491548847547977e-15
FL-2011-000115-KEN,FL_2011_000115_KEN,1.6954967e-15,7.538917822870651e-07,1154.0,1.696959596203624e-15
FL-2006-000068-CHN,FL_2006_000068_CHN,1.6545251e-15,3.3047968039381135e-05,568.0,1.6574125783595113e-15
FL-2009-000011-PHL,FL_2009_000011_PHL,1.5433598e-15,0.0003783752544583,55.0,1.5690824633333331e-15
FL-2022-000312-BGR,FL_2022_000312_BGR,1.5352176e-15,4.754862579378341e-07,1170.0,1.5365241681702127e-15
FL-2013-000041-GHA,FL_2013_000041_GHA,1.5025295e-15,4.2590663231056816e-05,505.0,1.5054756362745099e-15
FL-2001-000029-BOL,FL_2001_000029_BOL,1.1810581e-15,6.78675961713778e-05,375.0,1.1841661476315788e-15
FL-2014-000122-PAK,FL_2014_000122_PAK,9.469245e-16,0.0001801321988804,157.0,9.527697129629629e-16
FL-2002-000242-AFG,FL_2002_000242_AFG,9.451711e-16,6.869687031423589e-05,372.0,9.476781851458886e-16
FL-2012-000042-COL,FL_2012_000042_COL,8.08935e-16,1.945474436911857e-06,1086.0,8.096764619615033e-16
FL-2005-000205-PHL,FL_2005_000205_PHL,7.5582333e-16,5.075860209994158e-06,971.0,7.565977391495902e-16
FL-2019-000138-KEN,FL_2019_000138_KEN,7.472971500000001e-16,1.6830541280024108e-05,724.0,7.483222489711934e-16
FL-2007-000154-MEX,FL_2007_000154_MEX,7.167614500000001e-16,3.357544604245232e-05,567.0,7.18014529458042e-16
FF-2006-000046-KEN,FF_2006_000046_KEN,7.0562916e-16,5.0794502929865446e-05,466.0,7.071273110828026e-16
FL-2020-000128-KEN,FL_2020_000128_KEN,6.2769895e-16,0.0003599638140829,63.0,6.369298169117647e-16
FL-2007-000130-CIV,FL_2007_000130_CIV,6.301697e-16,1.0579816467692137e-06,1140.0,6.307200665502184e-16
FL-2018-000360-RUS,FL_2018_000360_RUS,5.395448e-16,0.0001065972786458,268.0,5.415211545787545e-16
FF-2009-000201-PHL,FF_2009_000201_PHL,4.0945102000000004e-16,8.700682939424424e-05,312.0,4.1074266359621453e-16
FL-2001-000019-MOZ,FL_2001_000019_MOZ,4.041364e-16,0.0001779539091026,162.0,4.0655637844311374e-16
FL-2001-000025-MWI,FL_2001_000025_MWI,2.5708903000000003e-16,0.0001509974870716,189.0,2.5841423118556704e-16
FL-2004-000031-CHN,FL_2004_000031_CHN,2.3243836000000004e-16,6.232319415103813e-05,402.0,2.330094616216217e-16
FL-2011-000042-COL,FL_2011_000042_COL,2.2983776e-16,9.169040052481236e-06,866.0,2.3010163802525833e-16
FL-1998-000255-TUR,FL_1998_000255_TUR,2.1202611000000003e-16,2.4393202135354955e-05,635.0,2.12357400796875e-16
FL-2019-000052-SRB,FL_2019_000052_SRB,2.1151802000000002e-16,8.155493816816495e-08,1213.0,2.1169168011494254e-16
FL-2019-000022-IRN,FL_2019_000022_IRN,2.0062826e-16,0.0001931728953601,143.0,2.0198385635135137e-16
FL-2002-000500-IRN,FL_2002_000500_IRN,1.9223148000000002e-16,0.0001007783384542,282.0,1.92901276097561e-16
FF-2008-000178-DZA,FF_2008_000178_DZA,1.8508099e-16,6.715570462697545e-06,922.0,1.8528064586839269e-16
FL-1992-000008-PAK,FL_1992_000008_PAK,1.447277e-16,2.1093993928519745e-05,673.0,1.4494116268436577e-16
FL-2011-000137-VNM,FL_2011_000137_VNM,1.398066e-16,1.527002292683769e-05,747.0,1.3999251303191488e-16
FL-2005-000081-CHN,FL_2005_000081_CHN,1.3580479e-16,1.705810261938536e-05,717.0,1.3599288527700832e-16
FL-2021-000049-RWA,FL_2021_000049_RWA,1.3362317e-16,3.730673259451212e-05,544.0,1.3386656375227687e-16
FL-2017-000160-HND,FL_2017_000160_HND,1.1819584e-16,3.7235238214971525e-10,1219.0,1.1829240522875818e-16
FL-1998-000165-CHN,FL_1998_000165_CHN,1.1816505e-16,4.658581920479473e-06,979.0,1.1828513643292684e-16
FL-2007-000022-ARG,FL_2007_000022_ARG,1.1338031e-16,0.0001263277495463,222.0,1.1387978273127753e-16
FL-2014-000115-NER,FL_2014_000115_NER,1.0674591e-16,2.9069760155534312e-05,596.0,1.0692352382695508e-16
FL-2016-000045-ETH,FL_2016_000045_ETH,8.470236000000001e-17,5.230373985851257e-05,457.0,8.488569844155846e-17
FF-2007-000081-NPL,FF_2007_000081_NPL,7.751519e-17,1.3099499888827282e-05,783.0,7.761355953045686e-17
FL-2003-000481-HND,FL_2003_000481_HND,7.369859e-17,1.6375573141865292e-05,732.0,7.379858808683854e-17
FL-2001-000180-IRN,FL_2001_000180_IRN,5.624891e-17,2.725729570844185e-05,609.0,5.634052060260587e-17
FL-2015-000056-COL,FL_2015_000056_COL,5.4346186e-17,8.373736233225327e-05,318.0,5.451444044582044e-17
FL-2010-000107-PHL,FL_2010_000107_PHL,3.2405634e-17,7.239778021900086e-05,362.0,3.249393273024523e-17
FL-2008-000089-IND,FL_2008_000089_IND,2.793529e-17,0.0002485792771022,99.0,2.820389855769231e-17
FL-2014-000014-SYC,FL_2014_000014_SYC,2.4149904e-17,0.0009049851265368,11.0,2.5659273e-17
FL-2006-000085-UKR,FL_2006_000085_UKR,2.3452668000000002e-17,2.7215286690004384e-05,612.0,2.3490678807131284e-17
FL-2019-000145-TZA,FL_2019_000145_TZA,2.1051345e-17,1.9346135092224127e-05,696.0,2.108137544935806e-17
FL-2013-000081-PRK,FL_2013_000081_PRK,1.8618125e-17,0.0007892648539161,16.0,1.9504702380952382e-17
FL-2017-000078-NER,FL_2017_000078_NER,1.7917862e-17,6.692293449866445e-05,378.0,1.7964644929503915e-17
FL-2008-000024-PHL,FL_2008_000024_PHL,9.226197e-18,0.0001712000173628,172.0,9.278322406779661e-18
FL-2016-000009-IDN,FL_2016_000009_IDN,4.2026987e-18,5.586598366298837e-05,441.0,4.212121791255605e-18
FL-2006-000056-AFG,FL_2006_000056_AFG,3.8883043e-18,3.787034663054499e-05,537.0,3.895478293173431e-18
FL-2001-000274-WSM,FL_2001_000274_WSM,2.7857646e-18,1.006230964697619e-06,1143.0,2.7881912242160277e-18
FL-2005-000094-AFG,FL_2005_000094_AFG,1.8007315e-18,0.0002425077839238,102.0,1.81756076635514e-18
FL-2009-000117-GTM,FL_2009_000117_GTM,1.7594285e-18,0.0001451681273316,196.0,1.7681818756218906e-18
FL-2020-000050-AFG,FL_2020_000050_AFG,1.3075532999999998e-18,6.254232658519775e-05,400.0,1.3107818266666664e-18
FL-2011-000096-PRK,FL_2011_000096_PRK,9.899293999999998e-19,6.371132655321521e-05,393.0,9.924166597989947e-19
FL-2010-000031-PRT,FL_2010_000031_PRT,9.700790999999998e-19,1.3187525876005855e-05,780.0,9.7131486955414e-19
FL-2016-000081-GTM,FL_2016_000081_GTM,8.349058999999999e-19,8.675190151436386e-05,315.0,8.375149809374999e-19
FL-2010-000096-IDN,FL_2010_000096_IDN,5.637329e-19,1.3947030052962074e-05,767.0,5.644631239637305e-19
FL-2019-000101-NER,FL_2019_000101_NER,5.4216783e-19,2.8324984081391467e-05,603.0,5.430595534046053e-19
FL-2010-000102-CRI,FL_2010_000102_CRI,3.5619413e-19,0.0002649829426253,92.0,3.5986623443298965e-19
FL-1997-000025-MWI,FL_1997_000025_MWI,3.4401982e-19,0.0001909004920842,144.0,3.46328677852349e-19
FL-2013-000004-KEN,FL_2013_000004_KEN,1.6441810999999998e-19,2.261739690515473e-05,656.0,1.646668514674735e-19
FF-2004-000060-VNM,FF_2004_000060_VNM,1.4114292999999998e-19,3.628207686982594e-06,1008.0,1.412822616189536e-19
FL-2013-000131-KHM,FL_2013_000131_KHM,1.1481369e-19,4.097858741499702e-06,990.0,1.1492908064321606e-19
FL-2019-000067-UGA,FL_2019_000067_UGA,1.00205506e-19,5.948933657327022e-05,417.0,1.0044295980568722e-19
FL-2000-000299-GTM,FL_2000_000299_GTM,8.410195999999999e-20,5.0909525974877215e-05,465.0,8.428090034042553e-20
FL-2019-000020-COL,FL_2019_000020_COL,3.369539e-20,6.325436652674569e-06,938.0,3.3731122120890777e-20
FL-2010-000121-DOM,FL_2010_000121_DOM,2.1716982e-20,5.457467772848788e-05,448.0,2.1764922357615893e-20
FL-2021-000019-PER,FL_2021_000019_PER,1.9607278e-20,0.0001358704332251,210.0,1.9698474641860466e-20
FL-2015-000169-KEN,FL_2015_000169_KEN,1.6400445e-20,4.83749831817043e-05,474.0,1.6434683924843424e-20
FL-2021-000096-PAN,FL_2021_000096_PAN,1.3826119e-20,1.9127118127153446e-05,699.0,1.3845758373579546e-20
FL-2007-000222-MYS,FL_2007_000222_MYS,1.2818739e-20,1.4648985018706825e-05,752.0,1.2835672605019814e-20
FL-2019-000034-BOL,FL_2019_000034_BOL,1.2304552e-20,1.0028649214112671e-05,846.0,1.2319010933019977e-20
FL-2011-000196-IDN,FL_2011_000196_IDN,1.0747911e-20,2.4412804120936425e-05,634.0,1.076473089201878e-20
FL-2011-000122-NER,FL_2011_000122_NER,5.0570507e-21,0.0001636185826594,179.0,5.084534671195652e-21
FL-2007-000076-KEN,FL_2007_000076_KEN,4.1236206e-21,0.0017537320456585,5.0,4.5359826600000004e-21
FL-2019-000163-UGA,FL_2019_000163_UGA,4.3482227e-21,5.5896999862885454e-05,440.0,4.357993986966293e-21
ST-1998-000296-PHL,ST_1998_000296_PHL,3.685925e-21,5.379541981106856e-05,452.0,3.6939904814004374e-21
FL-2011-000183-TZA,FL_2011_000183_TZA,1.4961286000000001e-21,1.063861507028994e-05,833.0,1.4979139563245825e-21
FL-2006-000029-NAM,FL_2006_000029_NAM,1.0979474000000001e-21,0.0002034753463486,135.0,1.1057898814285716e-21
FL-2000-000438-KHM,FL_2000_000438_KHM,1.007951e-21,1.4642846532854196e-06,1120.0,1.0088469564444445e-21
FL-2007-000077-CHN,FL_2007_000077_CHN,8.771362e-22,8.139262197217039e-05,328.0,8.797702426426428e-22
FL-2013-000050-ETH,FL_2013_000050_ETH,1.9705976000000002e-22,1.2172016015442896e-05,796.0,1.9730577717852687e-22
FL-2009-000192-MEX,FL_2009_000192_MEX,1.2687048000000002e-22,4.373472417726668e-05,499.0,1.2712220714285716e-22
FL-2003-000359-PAK,FL_2003_000359_PAK,1.1683843e-22,0.0008150244070791,15.0,1.226803515e-22
FL-2005-000098-BGR,FL_2005_000098_BGR,1.0184451e-22,1.1819971368507865e-05,808.0,1.0196978e-22
FL-2010-000089-AZE,FL_2010_000089_AZE,4.3192890000000007e-23,3.5639035596296414e-05,554.0,4.3270158139534886e-23
FL-2014-000168-MYS,FL_2014_000168_MYS,2.6129523e-23,0.0002316675841598,109.0,2.6358729342105266e-23
FF-2020-000204-TUN,FF_2020_000204_TUN,1.3221205e-23,4.9629626629432254e-06,972.0,1.3234737451381779e-23
FL-2001-000696-BRA,FL_2001_000696_BRA,1.1361622e-23,0.0002092978785243,126.0,1.1448351938931296e-23
FL-2006-000124-UGA,FL_2006_000124_UGA,9.996655e-24,0.000120054017879,236.0,1.003813489626556e-23
FL-2001-000485-KHM,FL_2001_000485_KHM,6.748862e-24,5.250181178714363e-07,1163.0,6.754640135273972e-24
FF-2019-000018-AFG,FF_2019_000018_AFG,5.058812e-25,3.786304499878381e-05,538.0,5.068128412523021e-25
FF-2012-000102-PHL,FF_2012_000102_PHL,3.0799376e-25,1.3853126618756317e-05,769.0,3.083916847545219e-25
FL-2021-000091-PHL,FL_2021_000091_PHL,9.696768999999999e-26,6.041294549581929e-05,411.0,9.720078540865385e-26
FL-2010-000242-AGO,FL_2010_000242_AGO,7.660811999999999e-26,0.0001402205884933,202.0,7.697820753623188e-26
FL-2014-000038-ZAF,FL_2014_000038_ZAF,3.0947023e-26,0.0003942184122895,50.0,3.1509696145454545e-26
FL-2006-000045-HUN,FL_2006_000045_HUN,2.5819162000000003e-26,1.220632885613606e-05,795.0,2.58514359525e-26
FL-2010-000051-KAZ,FL_2010_000051_KAZ,1.7432442e-26,8.723552772556452e-06,876.0,1.745222910783201e-26
FL-2002-000350-CHN,FL_2002_000350_CHN,5.8196270000000004e-27,1.4300423003723686e-05,758.0,5.827254296199214e-27
FL-2002-000125-ECU,FL_2002_000125_ECU,1.7452881e-29,2.0628739356587384e-05,680.0,1.747835965839416e-29
FL-2007-000217-SRB,FL_2007_000217_SRB,7.46291e-30,2.1251607375138434e-07,1201.0,7.469098150912107e-30
FL-2019-000136-SLV,FL_2019_000136_SLV,3.157484e-30,1.689323125707106e-06,1105.0,3.16032858018018e-30
FL-2011-000038-KAZ,FL_2011_000038_KAZ,1.8679559000000002e-30,0.0001145328616473,248.0,1.875339124901186e-30
FL-2013-000045-AFG,FL_2013_000045_AFG,1.4927981999999999e-33,0.000260995024117,95.0,1.5077261819999999e-33
FL-2010-000036-CYP,FL_2010_000036_CYP,2.7000000000000004e-44,2.0554593189260961e-07,1202.0,2.702236951118476e-44
LS-2022-000283-LKA,LS_2022_000283_LKA,0.0,3.455101799098674e-05,563.0,0.0
FL-2004-000022-AFG,FL_2004_000022_AFG,0.0,7.718277650326226e-05,342.0,0.0
FL-2013-000141-SOM,FL_2013_000141_SOM,0.0,5.510547353199252e-06,958.0,0.0
FL-2023-000001-COG,FL_2023_000001_COG,0.0,9.212087188572516e-06,864.0,0.0
FL-2017-000064-IND,FL_2017_000064_IND,0.0,8.320027800145304e-05,322.0,0.0
FL-2009-000124-VNM,FL_2009_000124_VNM,0.0,2.1009335288776074e-05,676.0,0.0
FF-2020-000168-MNG,FF_2020_000168_MNG,0.0,1.0362468579847024e-05,839.0,0.0
FF-2006-000022-TLS,FF_2006_000022_TLS,0.0,8.767294859608698e-06,874.0,0.0
FL-2019-000170-RWA,FL_2019_000170_RWA,0.0,7.917551418860043e-06,893.0,0.0
FL-2009-000178-GIN,FL_2009_000178_GIN,0.0,6.002379394009999e-05,413.0,0.0
FL-1998-000247-IRN,FL_1998_000247_IRN,0.0,0.0003470913906501,67.0,0.0
FL-2016-000068-NPL,FL_2016_000068_NPL,0.0,2.0356575828370497e-06,1078.0,0.0
FL-2018-000029-RWA,FL_2018_000029_RWA,0.0,0.0001055319093934,272.0,0.0
FF-2017-000101-VNM,FF_2017_000101_VNM,0.0,0.000136345704415,208.0,0.0
FL-1997-000092-ECU,FL_1997_000092_ECU,0.0,1.688835559915443e-05,722.0,0.0
FL-2011-000161-SOM,FL_2011_000161_SOM,0.0,7.690146456248382e-05,344.0,0.0
FL-2002-000540-DZA,FL_2002_000540_DZA,0.0,1.261597721498142e-05,790.0,0.0
FL-2009-000217-IND,FL_2009_000217_IND,0.0,0.0002023230591425,136.0,0.0
FL-2010-000249-IND,FL_2010_000249_IND,0.0,5.724923782869054e-05,425.0,0.0
FL-2009-000241-COL,FL_2009_000241_COL,0.0,3.040537298245738e-06,1038.0,0.0
FL-2009-000242-IRQ,FL_2009_000242_IRQ,0.0,1.4522146143195074e-05,753.0,0.0
FL-2008-000182-RWA,FL_2008_000182_RWA,0.0,0.000176424414926,168.0,0.0
FL-2013-000051-ECU,FL_2013_000051_ECU,0.0,1.212888283099547e-06,1129.0,0.0
FL-2021-000007-SYR,FL_2021_000007_SYR,0.0,5.611823292592449e-05,437.0,0.0
FL-2009-000267-SRB,FL_2009_000267_SRB,0.0,4.1800700521467146e-07,1177.0,0.0
FL-2005-000062-TZA,FL_2005_000062_TZA,0.0,5.1272540630386257e-05,464.0,0.0
FL-2019-000051-LBY,FL_2019_000051_LBY,0.0,7.62180565841967e-05,346.0,0.0
FL-1997-000530-PER,FL_1997_000530_PER,0.0,6.319577045283099e-05,395.0,0.0
FL-2009-000100-DOM,FL_2009_000100_DOM,0.0,0.000300822861301,78.0,0.0
FL-2008-000018-ECU,FL_2008_000018_ECU,0.0,2.001022680258184e-05,688.0,0.0
FL-2008-000191-HND,FL_2008_000191_HND,0.0,3.217647289116803e-06,1028.0,0.0
FF-2011-000071-GEO,FF_2011_000071_GEO,0.0,8.763988807072628e-06,875.0,0.0
FL-2015-000093-GUY,FL_2015_000093_GUY,0.0,5.065861924603971e-07,1165.0,0.0
FL-2001-000571-PRK,FL_2001_000571_PRK,0.0,0.0001216573556514,233.0,0.0
FL-2010-000091-VNM,FL_2010_000091_VNM,0.0,9.230013819578196e-05,303.0,0.0
FL-1998-000179-RUS,FL_1998_000179_RUS,0.0,0.0004410731866036,40.0,0.0
FL-2003-000027-TUN,FL_2003_000027_TUN,0.0,1.013615597839832e-05,845.0,0.0
FL-2008-000180-NIC,FL_2008_000180_NIC,0.0,9.926863706467866e-05,286.0,0.0
FL-2013-000070-IND,FL_2013_000070_IND,0.0,1.949008873280797e-05,694.0,0.0
FL-1997-000301-UGA,FL_1997_000301_UGA,0.0,1.7031103047878456e-06,1103.0,0.0
FL-2007-000147-NER,FL_2007_000147_NER,0.0,1.3993153436704389e-05,765.0,0.0
FL-2011-000131-GIN,FL_2011_000131_GIN,0.0,8.013187773760025e-05,332.0,0.0
FL-2022-000305-GIN,FL_2022_000305_GIN,0.0,8.121438084375209e-06,886.0,0.0
FL-2001-000117-PER,FL_2001_000117_PER,0.0,6.907175847731057e-05,368.0,0.0
FL-2017-000054-BFA,FL_2017_000054_BFA,0.0,3.432539748578638e-07,1181.0,0.0
FL-2006-000018-IRQ,FL_2006_000018_IRQ,0.0,0.0001246216815937,227.0,0.0
FL-2006-000030-SRB,FL_2006_000030_SRB,0.0,3.65118746181078e-06,1005.0,0.0
FL-2009-000045-BOL,FL_2009_000045_BOL,0.0,5.6981240463882464e-05,427.0,0.0
FL-2021-000038-KEN,FL_2021_000038_KEN,0.0,0.0003258060940225,72.0,0.0
FL-2007-000159-RWA,FL_2007_000159_RWA,0.0,3.446496686707845e-05,564.0,0.0
FL-2019-000120-PHL,FL_2019_000120_PHL,0.0,2.1424761598848077e-05,670.0,0.0
FL-2010-000041-SOM,FL_2010_000041_SOM,0.0,3.667177149562868e-05,551.0,0.0
FL-1997-000265-SOM,FL_1997_000265_SOM,0.0,3.979172995973607e-06,995.0,0.0
FL-2006-000172-COG,FL_2006_000172_COG,0.0,3.444720053971652e-05,565.0,0.0
FL-2015-000071-GEO,FL_2015_000071_GEO,0.0,2.0486651352148853e-05,683.0,0.0
FL-2003-000571-DOM,FL_2003_000571_DOM,0.0,0.0001953892348654,140.0,0.0
FL-2009-000023-ECU,FL_2009_000023_ECU,0.0,5.712571299231896e-06,953.0,0.0
FF-2014-000009-TZA,FF_2014_000009_TZA,0.0,2.522899820292648e-06,1061.0,0.0
FL-1991-000010-PHL,FL_1991_000010_PHL,0.0,1.6600496362912923e-05,730.0,0.0
FL-2012-000153-IDN,FL_2012_000153_IDN,0.0,3.83629193195454e-05,531.0,0.0
FL-2012-000043-KGZ,FL_2012_000043_KGZ,0.0,3.542675214172397e-06,1015.0,0.0
FL-2002-000470-VNM,FL_2002_000470_VNM,0.0,1.1570272206007478e-05,814.0,0.0
FL-2008-000246-GUY,FL_2008_000246_GUY,0.0,2.9066826298575213e-05,597.0,0.0
FL-2006-000127-NPL,FL_2006_000127_NPL,0.0,3.9963912551918594e-06,994.0,0.0
FL-2020-000029-TZA,FL_2020_000029_TZA,0.0,3.8697117491174375e-05,528.0,0.0
FL-2017-000110-MLI,FL_2017_000110_MLI,0.0,0.000856598173051,14.0,0.0
FL-2009-000031-DOM,FL_2009_000031_DOM,0.0,0.0001882962131963,146.0,0.0
FL-1998-000224-SVK,FL_1998_000224_SVK,0.0,2.9215461312397443e-06,1048.0,0.0
FL-2013-000052-SOM,FL_2013_000052_SOM,0.0,3.5796686338463725e-06,1011.0,0.0
FL-2012-000068-DOM,FL_2012_000068_DOM,0.0,5.6736814763639627e-05,430.0,0.0
FF-2020-000191-AFG,FF_2020_000191_AFG,0.0,4.9478728241753e-05,471.0,0.0
FL-2006-000164-TZA,FL_2006_000164_TZA,0.0,0.0004644450908678,36.0,0.0
FF-2020-000006-IRN,FF_2020_000006_IRN,0.0,1.1687087206367072e-05,811.0,0.0
FL-2010-000125-IND,FL_2010_000125_IND,0.0,6.963880377695695e-05,366.0,0.0
FL-2005-000132-MKD,FL_2005_000132_MKD,0.0,7.454849465630593e-05,353.0,0.0
FL-2009-000170-MRT,FL_2009_000170_MRT,0.0,1.0175643841074103e-05,842.0,0.0
FL-2006-000106-MRT,FL_2006_000106_MRT,0.0,1.143221406850262e-06,1136.0,0.0
FL-2006-000009-GUY,FL_2006_000009_GUY,0.0,1.3202025186760268e-05,778.0,0.0
FL-2021-000023-DZA,FL_2021_000023_DZA,0.0,0.0001031300573076,276.0,0.0
FF-2011-000049-IRQ,FF_2011_000049_IRQ,0.0,0.0002883815937367,82.0,0.0
FL-2014-000006-PHL,FL_2014_000006_PHL,0.0,0.0001767933534054,166.0,0.0
FL-2007-000206-COG,FL_2007_000206_COG,0.0,2.9828945776512248e-05,592.0,0.0
FL-2009-000198-BEN,FL_2009_000198_BEN,0.0,2.6245558498672603e-05,618.0,0.0
FL-2019-000014-MWI,FL_2019_000014_MWI,0.0,2.037361958113972e-05,685.0,0.0
FL-2008-000010-BRA,FL_2008_000010_BRA,0.0,6.635237349570911e-05,385.0,0.0
FL-2002-000077-PER,FL_2002_000077_PER,0.0,8.421876069508789e-05,317.0,0.0
FL-2000-000476-NPL,FL_2000_000476_NPL,0.0,1.8788827484545052e-06,1089.0,0.0
FL-2009-000133-ZAF,FL_2009_000133_ZAF,0.0,6.900844899634375e-05,369.0,0.0
FL-2010-000160-NPL,FL_2010_000160_NPL,0.0,1.022175226414868e-06,1142.0,0.0
FL-1997-000049-TZA,FL_1997_000049_TZA,0.0,0.000153735844767,185.0,0.0
FF-2013-000088-AFG,FF_2013_000088_AFG,0.0,5.462684578304181e-05,447.0,0.0
FL-2014-000053-TZA,FL_2014_000053_TZA,0.0,0.0002152397722286,118.0,0.0
FL-2005-000065-GEO,FL_2005_000065_GEO,0.0,5.779247084018791e-05,423.0,0.0
FL-2009-000208-AZE,FL_2009_000208_AZE,0.0,3.20662223733054e-06,1029.0,0.0
FL-1997-000199-BEN,FL_1997_000199_BEN,0.0,0.0003796264437873,54.0,0.0
FL-2015-000006-MWI,FL_2015_000006_MWI,0.0,1.488165389107707e-06,1118.0,0.0
FL-2012-000083-HND,FL_2012_000083_HND,0.0,4.418576467116842e-05,495.0,0.0
FL-2008-000207-SDN,FL_2008_000207_SDN,0.0,8.501630287799968e-06,879.0,0.0
FL-2012-000128-SSD,FL_2012_000128_SSD,0.0,6.470291397987916e-06,932.0,0.0
FF-2020-000055-SOM,FF_2020_000055_SOM,0.0,0.0002045135929995,133.0,0.0
FL-2020-000038-EGY,FL_2020_000038_EGY,0.0,2.2370694176072515e-05,657.0,0.0
FL-2010-000194-VNM,FL_2010_000194_VNM,0.0,4.031013502650667e-05,522.0,0.0
FL-2018-000046-RUS,FL_2018_000046_RUS,0.0,5.617870583449201e-05,436.0,0.0
FL-2007-000189-NIC,FL_2007_000189_NIC,0.0,0.0011000926038713,8.0,0.0
FL-2010-000021-AFG,FL_2010_000021_AFG,0.0,3.718556391991282e-05,545.0,0.0
FL-2007-000220-SRB,FL_2007_000220_SRB,0.0,1.620566665074256e-06,1112.0,0.0
FL-1997-000337-IND,FL_1997_000337_IND,0.0,0.0005168519694932,33.0,0.0
FL-2006-000121-MKD,FL_2006_000121_MKD,0.0,2.207599061073304e-05,661.0,0.0
FL-2014-000163-COL,FL_2014_000163_COL,0.0,5.808199281657863e-06,950.0,0.0
FF-2021-000098-MNG,FF_2021_000098_MNG,0.0,2.4189102204304053e-05,639.0,0.0
FL-2017-000052-RUS,FL_2017_000052_RUS,0.0,8.168486447895988e-06,885.0,0.0
FL-2016-000011-TZA,FL_2016_000011_TZA,0.0,6.712784151667192e-05,377.0,0.0
FF-2012-000118-AFG,FF_2012_000118_AFG,0.0,4.749962776265398e-06,975.0,0.0
FL-2012-000210-MWI,FL_2012_000210_MWI,0.0,2.552622193674272e-05,622.0,0.0
FL-2022-000164-ECU,FL_2022_000164_ECU,0.0,1.1505414616419874e-05,816.0,0.0
FL-2009-000261-PER,FL_2009_000261_PER,0.0,9.129510612644734e-05,306.0,0.0
FL-2021-000051-SOM,FL_2021_000051_SOM,0.0,2.478650208600222e-06,1064.0,0.0
FL-2005-000168-NPL,FL_2005_000168_NPL,0.0,2.651013984999654e-06,1052.0,0.0
FL-2012-000030-KAZ,FL_2012_000030_KAZ,0.0,2.692692178570273e-07,1196.0,0.0
FL-2007-000122-VNM,FL_2007_000122_VNM,0.0,4.489835682246585e-05,487.0,0.0
FL-2005-000176-BGD,FL_2005_000176_BGD,0.0,3.378535511847008e-07,1184.0,0.0
FF-2012-000062-KEN,FF_2012_000062_KEN,0.0,8.196428725246315e-05,325.0,0.0
FL-2001-000620-DZA,FL_2001_000620_DZA,0.0,1.7619615423712827e-05,711.0,0.0
FL-1997-000522-MDA,FL_1997_000522_MDA,0.0,2.9855387907575007e-06,1042.0,0.0
FL-2019-000048-TZA,FL_2019_000048_TZA,0.0,5.697991132081181e-05,428.0,0.0
FL-2008-000031-PER,FL_2008_000031_PER,0.0,0.0002295623187576,111.0,0.0
FL-2022-000213-IND,FL_2022_000213_IND,0.0,3.5566170925554524e-05,555.0,0.0
FL-2016-000066-PAK,FL_2016_000066_PAK,0.0,2.8849796401699207e-05,599.0,0.0
FL-2012-000013-ECU,FL_2012_000013_ECU,0.0,1.861209873890047e-07,1206.0,0.0
FL-2011-000198-PER,FL_2011_000198_PER,0.0,4.130461286806963e-05,514.0,0.0
FL-2006-000041-SRB,FL_2006_000041_SRB,0.0,3.604178149902801e-05,553.0,0.0
FL-2001-000095-HUN,FL_2001_000095_HUN,0.0,2.0992561463923733e-05,677.0,0.0
FL-2001-000079-ROM,FL_2001_000079_ROM,0.0,4.243659819070292e-05,507.0,0.0
FL-2021-000078-GTM,FL_2021_000078_GTM,0.0,6.634434618428314e-05,386.0,0.0
FL-2016-000123-DOM,FL_2016_000123_DOM,0.0,3.744998479444197e-05,541.0,0.0
FF-2021-000198-COG,FF_2021_000198_COG,0.0,8.293820001464427e-06,883.0,0.0
FL-2015-000123-NER,FL_2015_000123_NER,0.0,0.0007524719469427,17.0,0.0
FF-2007-000091-AFG,FF_2007_000091_AFG,0.0,0.0005666219106571,30.0,0.0
FL-2016-000114-EGY,FL_2016_000114_EGY,0.0,0.0001361482520614,209.0,0.0
FF-2008-000082-PHL,FF_2008_000082_PHL,0.0,6.352628960745538e-05,394.0,0.0
FL-2000-000408-VNM,FL_2000_000408_VNM,0.0,1.701845326221989e-05,719.0,0.0
FF-2007-000083-IND,FF_2007_000083_IND,0.0,0.0002383943877828,104.0,0.0
FL-2018-000014-ARG,FL_2018_000014_ARG,0.0,1.2527628502746638e-05,793.0,0.0
FL-2002-000374-IND,FL_2002_000374_IND,0.0,0.0003667882018508,60.0,0.0
FL-2006-000158-PRK,FL_2006_000158_PRK,0.0,0.0002281482655075,114.0,0.0
FL-2016-000046-SOM,FL_2016_000046_SOM,0.0,1.256524767135962e-05,792.0,0.0
FL-2008-000168-NPL,FL_2008_000168_NPL,0.0,4.530321293107276e-06,982.0,0.0
FL-2004-000059-AFG,FL_2004_000059_AFG,0.0,0.0005912391187061,27.0,0.0
FL-2022-000349-CMR,FL_2022_000349_CMR,0.0,6.928587859090042e-06,918.0,0.0
FF-2018-000041-SOM,FF_2018_000041_SOM,0.0,0.0003412849811662,68.0,0.0
FL-2005-000002-GUY,FL_2005_000002_GUY,0.0,5.575251437024837e-05,442.0,0.0
FL-2012-000050-AFG,FL_2012_000050_AFG,0.0,7.16935533726571e-06,910.0,0.0
FL-2018-000043-TZA,FL_2018_000043_TZA,0.0,6.464886022176609e-05,389.0,0.0
FL-2007-000009-PER,FL_2007_000009_PER,0.0,0.0002057448257991,130.0,0.0
FL-2015-000011-PER,FL_2015_000011_PER,0.0,0.0001773261759609,164.0,0.0
FL-1998-000053-ZMB,FL_1998_000053_ZMB,0.0,9.516409566385796e-06,857.0,0.0
FL-2010-000023-ECU,FL_2010_000023_ECU,0.0,2.3367093703271537e-05,647.0,0.0
FL-2008-000217-KEN,FL_2008_000217_KEN,0.0,3.091571674146606e-06,1035.0,0.0
ST-2012-000061-VNM,ST_2012_000061_VNM,0.0,4.781902152417558e-05,477.0,0.0
FL-2019-000083-NPL,FL_2019_000083_NPL,0.0,4.323409248481661e-05,503.0,0.0
FL-2002-000026-SEN,FL_2002_000026_SEN,0.0,7.59471496386183e-05,347.0,0.0
FL-2008-000011-TZA,FL_2008_000011_TZA,0.0,0.0004486661113552,39.0,0.0
FL-2016-000102-SEN,FL_2016_000102_SEN,0.0,5.3594320104557216e-05,453.0,0.0
FL-2021-000161-IND,FL_2021_000161_IND,0.0,0.0001936680091754,142.0,0.0
FL-2010-000141-PAK,FL_2010_000141_PAK,0.0,9.329054369313248e-05,299.0,0.0
FL-2009-000203-USA,FL_2009_000203_USA,0.0,0.0001003781487048,283.0,0.0
FL-2009-000145-NPL,FL_2009_000145_NPL,0.0,1.4606878527279365e-07,1210.0,0.0
FF-2012-000115-RUS,FF_2012_000115_RUS,0.0,0.000117336256531,243.0,0.0
FL-2017-000083-GIN,FL_2017_000083_GIN,0.0,0.0001380995049623,205.0,0.0
FL-2003-000028-BRA,FL_2003_000028_BRA,0.0,4.365964205865284e-05,500.0,0.0
FL-1998-000316-VNM,FL_1998_000316_VNM,0.0,0.0001536194409048,186.0,0.0
FL-2004-000052-JPN,FL_2004_000052_JPN,0.0,3.3794738273937057e-07,1183.0,0.0
FF-2019-000068-VNM,FF_2019_000068_VNM,0.0,1.0021249549986135e-05,847.0,0.0
FL-2009-000219-NPL,FL_2009_000219_NPL,0.0,1.9486898285630289e-07,1204.0,0.0
FF-2013-000084-GEO,FF_2013_000084_GEO,0.0,1.5075590455627756e-06,1115.0,0.0
FL-2005-000182-IND,FL_2005_000182_IND,0.0,0.0001260575515732,224.0,0.0
FF-2018-000030-KEN,FF_2018_000030_KEN,0.0,2.570158480108877e-05,621.0,0.0
FL-2008-000088-USA,FL_2008_000088_USA,0.0,2.223912780240494e-05,659.0,0.0
FL-2015-000008-BOL,FL_2015_000008_BOL,0.0,1.9586029266008523e-05,692.0,0.0
FL-2021-000134-NPL,FL_2021_000134_NPL,0.0,6.603020154700535e-06,927.0,0.0
FF-2012-000196-COG,FF_2012_000196_COG,0.0,1.2558637715423883e-06,1125.0,0.0
FL-2011-000067-PHL,FL_2011_000067_PHL,0.0,1.548032673394627e-05,743.0,0.0
FL-2015-000151-BLZ,FL_2015_000151_BLZ,0.0,2.4234368107693865e-07,1200.0,0.0
FL-2012-000067-RWA,FL_2012_000067_RWA,0.0,2.403265055840528e-06,1066.0,0.0
FL-2013-000019-PER,FL_2013_000019_PER,0.0,3.475491335442525e-06,1018.0,0.0
FL-2015-000042-RWA,FL_2015_000042_RWA,0.0,1.7141870933770474e-07,1208.0,0.0
FL-1999-000437-KHM,FL_1999_000437_KHM,0.0,1.251913475788736e-05,794.0,0.0
FL-2013-000119-MRT,FL_2013_000119_MRT,0.0,3.615871762331961e-06,1009.0,0.0
FL-2015-000040-SOM,FL_2015_000040_SOM,0.0,9.87076677718633e-05,290.0,0.0
FL-2003-000212-AZE,FL_2003_000212_AZE,0.0,4.133214930938002e-05,513.0,0.0
FL-2019-000064-SDN,FL_2019_000064_SDN,0.0,1.216615224834199e-06,1128.0,0.0
FL-1991-000009-VNM,FL_1991_000009_VNM,0.0,5.6504166472408334e-05,432.0,0.0
FF-2012-000120-GEO,FF_2012_000120_GEO,0.0,9.758383101862972e-06,849.0,0.0
FL-1997-000526-ECU,FL_1997_000526_ECU,0.0,9.141783700602524e-07,1146.0,0.0
FL-2012-000071-NPL,FL_2012_000071_NPL,0.0,2.3785569846544543e-06,1068.0,0.0
FL-2014-000073-RUS,FL_2014_000073_RUS,0.0,7.447950680071316e-06,902.0,0.0
FL-2019-000133-SOM,FL_2019_000133_SOM,0.0,2.543618371537674e-05,624.0,0.0
FL-2006-000145-GIN,FL_2006_000145_GIN,0.0,0.0014873849492018,6.0,0.0
FL-2015-000153-IRQ,FL_2015_000153_IRQ,0.0,4.078776698374388e-05,519.0,0.0
FL-2020-000175-GEO,FL_2020_000175_GEO,0.0,9.477807199245524e-05,296.0,0.0
FL-2005-000175-SDN,FL_2005_000175_SDN,0.0,5.300482942744603e-06,964.0,0.0
FL-2022-000379-MYS,FL_2022_000379_MYS,0.0,2.4479446187747378e-05,633.0,0.0
FL-2000-000484-BTN,FL_2000_000484_BTN,0.0,4.716300464461838e-07,1171.0,0.0
FL-1999-000244-VNM,FL_1999_000244_VNM,0.0,0.0001640573764702,178.0,0.0
FL-2006-000133-NER,FL_2006_000133_NER,0.0,0.0001652031510851,177.0,0.0
FL-2012-000066-COM,FL_2012_000066_COM,0.0,1.4263897053564687e-05,759.0,0.0
FL-2021-000066-GUY,FL_2021_000066_GUY,0.0,5.648387847968081e-06,955.0,0.0
FL-2014-000004-COL,FL_2014_000004_COL,0.0,8.354255710928798e-07,1151.0,0.0
FL-2008-000213-PER,FL_2008_000213_PER,0.0,9.15773807600077e-05,305.0,0.0
FL-1999-000371-IND,FL_1999_000371_IND,0.0,6.625808500034768e-05,387.0,0.0
FL-2019-000015-PER,FL_2019_000015_PER,0.0,1.3190064580173114e-05,779.0,0.0
FL-2020-000125-TZA,FL_2020_000125_TZA,0.0,0.0003645781170437,61.0,0.0
FL-2015-000146-DZA,FL_2015_000146_DZA,0.0,0.0001162511547887,245.0,0.0
FL-2006-000070-IND,FL_2006_000070_IND,0.0,0.0001078766157697,263.0,0.0
FL-2006-000192-IDN,FL_2006_000192_IDN,0.0,3.2799911289369095e-05,569.0,0.0
FF-2008-000233-PHL,FF_2008_000233_PHL,0.0,4.470265837699474e-05,489.0,0.0
FL-2008-000198-BLZ,FL_2008_000198_BLZ,0.0,6.841592502213536e-07,1159.0,0.0
FL-2009-000174-NER,FL_2009_000174_NER,0.0,5.6353289536865885e-05,435.0,0.0
FL-2004-000036-MKD,FL_2004_000036_MKD,0.0,7.395387578708175e-06,903.0,0.0
FL-2018-000112-GEO,FL_2018_000112_GEO,0.0,0.0001113889311886,254.0,0.0
FL-2006-000031-PER,FL_2006_000031_PER,0.0,8.191769124090612e-05,326.0,0.0
FL-2018-000034-BLR,FL_2018_000034_BLR,0.0,4.187238733068353e-07,1176.0,0.0
FL-2003-000227-CHN,FL_2003_000227_CHN,0.0,0.0001068242028583,267.0,0.0
FL-2020-000165-NPL,FL_2020_000165_NPL,0.0,7.672829932992046e-05,345.0,0.0
FL-1999-000160-PER,FL_1999_000160_PER,0.0,0.0004328419099804,47.0,0.0
FL-2021-000005-IDN,FL_2021_000005_IDN,0.0,2.0214976809251903e-05,686.0,0.0
FL-2003-000051-PER,FL_2003_000051_PER,0.0,0.0001765009507532,167.0,0.0
FF-2020-000240-ZMB,FF_2020_000240_ZMB,0.0,8.919203623093248e-06,872.0,0.0
FL-2001-000096-UKR,FL_2001_000096_UKR,0.0,3.1956253950996696e-05,577.0,0.0
FL-2007-000035-AFG,FL_2007_000035_AFG,0.0,0.0001193896644852,237.0,0.0
FL-2010-000262-ECU,FL_2010_000262_ECU,0.0,1.1708329352532804e-05,810.0,0.0
FL-2010-000026-DOM,FL_2010_000026_DOM,0.0,1.587238131605247e-05,738.0,0.0
FL-2007-000054-AFG,FL_2007_000054_AFG,0.0,0.0003932047883727,52.0,0.0
FL-2021-000153-UGA,FL_2021_000153_UGA,0.0,7.679774196780673e-06,898.0,0.0
FL-2000-000038-PHL,FL_2000_000038_PHL,0.0,2.285992448271238e-05,652.0,0.0
FL-2004-000051-NPL,FL_2004_000051_NPL,0.0,3.461412928024233e-06,1020.0,0.0
FL-2008-000074-BFA,FL_2008_000074_BFA,0.0,1.85196544592305e-05,702.0,0.0
FL-2011-000061-DOM,FL_2011_000061_DOM,0.0,0.0002716893255558,89.0,0.0
FL-2019-000030-IRQ,FL_2019_000030_IRQ,0.0,0.0001619779621027,182.0,0.0
FL-2017-000014-PER,FL_2017_000014_PER,0.0,1.3289418670657677e-05,776.0,0.0
FL-2017-000107-NPL,FL_2017_000107_NPL,0.0,5.26996763754836e-06,965.0,0.0
FL-2007-000111-GBR,FL_2007_000111_GBR,0.0,2.590023069230166e-06,1058.0,0.0
FL-2018-000164-HND,FL_2018_000164_HND,0.0,4.7618860172407705e-05,478.0,0.0
FL-1990-000004-VNM,FL_1990_000004_VNM,0.0,7.580606829130829e-05,349.0,0.0
FL-2005-000111-ROM,FL_2005_000111_ROM,0.0,1.9687991296484933e-07,1203.0,0.0
FL-2015-000145-SOM,FL_2015_000145_SOM,0.0,1.704555108485655e-05,718.0,0.0
FF-2013-000100-RUS,FF_2013_000100_RUS,0.0,1.516406143696596e-05,748.0,0.0
FL-2004-000043-IND,FL_2004_000043_IND,0.0,3.741308859339449e-05,543.0,0.0
FL-2012-000173-SOM,FL_2012_000173_SOM,0.0,7.096246582544946e-06,913.0,0.0
FL-2017-000075-CHN,FL_2017_000075_CHN,0.0,6.06045708179588e-05,410.0,0.0
FF-2014-000048-KAZ,FF_2014_000048_KAZ,0.0,7.757702194011431e-05,341.0,0.0
FL-2021-000152-GEO,FL_2021_000152_GEO,0.0,3.828708188882008e-05,534.0,0.0
FL-2011-000005-HND,FL_2011_000005_HND,0.0,4.22385027367817e-07,1174.0,0.0
