kg_event_id,original_id,kg_similarity_score,kg_likelihood,kg_prior,kg_bayesian_score
ST-2022-000138-MDG,ST-2022-000138-MDG,1.0000000000000009,1.0000000000000089,1.1583807019765697,1.15838070197658
FL-2003-000037-MDG,FL-2003-000037-MDG,0.672182830367511,0.01883103326199478,1.2347603990507627,0.02325181414511886
FL-2005-000038-MDG,FL-2005-000038-MDG,0.6767136358758297,0.02013952747486004,1.0792517862358992,0.02173562100118967
2012-000020-MDG,2012-000020-MDG,0.6221675859521731,0.008691081296953852,1.0660663642203847,0.009265269439387379
FL-2020-000019-MDG,FL-2020-000019-MDG,0.5873979008967958,0.004890169381562528,1.043786590716556,0.00510429322680764
FL-2007-000076-KEN,FL-2007-000076-KEN,0.5333212678566215,0.0018616113958288048,0.9420505534012065,0.001753732045658518
FL-2006-000145-GIN,FL-2006-000145-GIN,0.5148101808882249,0.0013075890325622325,1.1375018543000035,0.001487384949201887
FL-2009-000080-AFG,FL-2009-000080-AFG,0.5097534484130072,0.001184681820446072,0.9418755588090846,0.0011158228516436077
FL-2007-000189-NIC,FL-2007-000189-NIC,0.5046338555418647,0.0010709367865871392,1.0272245921975405,0.0011000926038713184
Haiti: Floods - Feb 1996,Haiti: Floods - Feb 1996,0.5014936847111544,0.001006131354668417,0.994604051610094,0.00100070232180516
FL-2017-000017-PAK,FL-2017-000017-PAK,0.4924548496403406,0.0008388111348418763,1.1625966759620305,0.000975199037127104
FL-2006-000050-ARG,FL-2006-000050-ARG,0.5011932084629869,0.0010001192200409497,0.9631552235503491,0.0009632700509555417
FL-2014-000014-SYC,FL-2014-000014-SYC,0.4927677662159096,0.0008441563905564035,1.0720586098274476,0.0009049851265368539
FL-2006-000025-PNG,FL-2006-000025-PNG,0.49632249396168276,0.000907067453241103,0.9790102886598242,0.0008880283692315038
FL-2016-000097-PRK,FL-2016-000097-PRK,0.49248505519936936,0.000839325776006243,1.034797506250793,0.000868532219943272
FL-2017-000110-MLI,FL-2017-000110-MLI,0.5001180762168205,0.0009788711283946953,0.8750877906224794,0.0008565981730510473
FL-2003-000359-PAK,FL-2003-000359-PAK,0.4911835514593794,0.0008174066171322825,0.9970856486805502,0.000815024407079116
FL-2013-000081-PRK,FL-2013-000081-PRK,0.4834302576611942,0.0006971693600180012,1.132099170129612,0.0007892648539161717
FL-2015-000123-NER,FL-2015-000123-NER,0.4930673460987739,0.0008493025318659677,0.8859881122566413,0.0007524719469427147
FL-2016-000071-LBR,FL-2016-000071-LBR,0.4861775479279508,0.0007378175630824069,1.0193781830294557,0.0007521151268621647
FL-2007-000051-TUN,FL-2007-000051-TUN,0.48145314369655373,0.000669175863802321,1.093065903907382,0.0007314533204400871
Haiti: Floods - Nov 1986,Haiti: Floods - Nov 1986,0.5024843919989711,0.0010261852404334386,0.6982374406228651,0.0007165209558852036
FL-1997-000270-ETH,FL-1997-000270-ETH,0.47574665937866,0.0005939603769457339,1.0963520332427232,0.0006511896669300697
FL-2009-000122-IND,FL-2009-000122-IND,0.49361497058012094,0.0008587825813194973,0.7572559930408027,0.0006503182564232398
FL-2002-000482-RUS,FL-2002-000482-RUS,0.48084370433536483,0.0006607533021445441,0.9807160860179978,0.0006480113923026648
ST-2012-000077-CHN,ST-2012-000077-CHN,0.47914535430068883,0.0006377828203851678,1.0110575814870275,0.000644835155892603
FL-2004-000028-DOM,FL-2004-000028-DOM,0.48270662675262793,0.0006868036743618983,0.9133490270228894,0.0006272914677341852
FF-2020-000153-BIH,FF-2020-000153-BIH,0.47798871352866523,0.0006225531284612027,1.0072124375171865,0.0006270432540013581
FL-2001-000376-PAK,FL-2001-000376-PAK,0.4818877445356168,0.0006752410146363862,0.921151618596019,0.0006219993535747253
FL-2004-000059-AFG,FL-2004-000059-AFG,0.4730534559686942,0.0005611800150736134,1.05356410211551,0.0005912391187061998
FL-2005-000109-PRK,FL-2005-000109-PRK,0.48413014855372455,0.0007073287095330141,0.8195300266309831,0.0005796771161604499
ST-2011-000073-CAF,ST-2011-000073-CAF,0.4677150002247594,0.000500971460069508,1.1452772355910454,0.0005737512088984159
India: Floods - Nov 1992,India: Floods - Nov 1992,0.5052188431142303,0.0010834163876166597,0.5284357881003552,0.0005725159926310495
FF-2007-000091-AFG,FF-2007-000091-AFG,0.47357147781789294,0.0005673556431450662,0.9987067503482862,0.000566621910657171
FL-2016-000085-MLI,FL-2016-000085-MLI,0.4714236311053663,0.0005421425405734364,0.9795200396753964,0.0005310394828522126
FL-2005-000064-ETH,FL-2005-000064-ETH,0.4745371616622025,0.000579031623285128,0.9153081224890242,0.0005299923479708824
India: Floods - Jun 1996,India: Floods - Jun 1996,0.4960536400144131,0.0009021659009566872,0.5746164560457379,0.0005183993727730417
FL-1997-000337-IND,FL-1997-000337-IND,0.46455435150848445,0.00046812876176619955,1.1040807822685879,0.000516851969493251
FL-2012-000164-CAF,FL-2012-000164-CAF,0.4622730987037927,0.0004456420983818805,1.1283063800150515,0.000502820822807571
Tanzania: Floods - Feb 1993,Tanzania: Floods - Feb 1993,0.4748555159228077,0.0005829279394626973,0.8543614220163771,0.0004980311432924267
FL-2023-002018-MOZ,FL-2023-002018-MOZ,0.48874291304234535,0.0007776868046391055,0.635353035811216,0.0004941056722377798
Tanzania: Floods - Apr 1989,Tanzania: Floods - Apr 1989,0.4716276977497963,0.0005444939068683149,0.8981542921589569,0.0004890395395081763
Tanzania: Floods - May 1995,Tanzania: Floods - May 1995,0.46544154678839217,0.0004771462026233839,1.0095645424628938,0.0004817098877393838
FL-2015-000161-ETH,FL-2015-000161-ETH,0.4720629382947863,0.0005495396751721489,0.8569191129543197,0.0004709110509817228
FL-2006-000164-TZA,FL-2006-000164-TZA,0.46122781617240277,0.0004356672482717408,1.066054638511988,0.00046444509086784316
Ethiopia: Floods - Aug 1996,Ethiopia: Floods - Aug 1996,0.4703480908137748,0.0005298999215668867,0.8753110496380971,0.000463827256549857
FL-2003-000020-MOZ,FL-2003-000020-MOZ,0.46541984326843167,0.00047692375622862115,0.9593256023439679,0.0004575251697161697
FL-2013-000095-PHL,FL-2013-000095-PHL,0.46279082219994816,0.00045065830288948345,0.9977142237080565,0.0004496281988249712
FL-2008-000011-TZA,FL-2008-000011-TZA,0.4669800458513257,0.0004931547661232452,0.9097876410731471,0.00044866611135524687
FL-2024-000216-DOM,FL-2024-000216-DOM,0.45822159845853155,0.00040808963073456054,1.0883570705604324,0.0004441472350323549
FL-1998-000179-RUS,FL-1998-000179-RUS,0.45910838803971565,0.0004160564653995077,1.0601281876011002,0.00044107318660369994
FL-2015-000017-PAK,FL-2015-000017-PAK,0.4604716683942043,0.00042857727939811047,1.0272519860341873,0.0004402568614308378
FL-2013-000157-BRA,FL-2013-000157-BRA,0.4620213901598607,0.00044322150604066715,0.991056400942879,0.0004392575105971461
FL-2002-000614-LAO,FL-2002-000614-LAO,0.45518087039347505,0.00038180360037297025,1.1496745971340228,0.000438949900443114
FL-2009-000102-HTI,FL-2009-000102-HTI,0.46624809117337107,0.00048547924528302705,0.9021112794083416,0.0004379563030884676
FL-2005-000105-HTI,FL-2005-000105-HTI,0.46158141908060124,0.0004390188624743281,0.9972865856131765,0.0004378276223768034
FL-2005-000108-PAK,FL-2005-000108-PAK,0.4636765537366048,0.0004593580792549766,0.9455697739530514,0.0004343551151646361
FL-1999-000160-PER,FL-1999-000160-PER,0.464317245710201,0.0004657449404264401,0.9293539712618099,0.00043284190998040716
FL-2011-000118-GTM,FL-2011-000118-GTM,0.4627704111491423,0.0004504595827833614,0.9552182830389102,0.0004302872292447463
FL-2023-000041-PRY,FL-2023-000041-PRY,0.4656679257392145,0.00047947200652163614,0.8705618226000267,0.0004174100238831674
Iran: Floods - Feb 1993,Iran: Floods - Feb 1993,0.4650835961403722,0.00047348935407404824,0.8761089187768762,0.00041482824605017595
FF-2008-000227-ETH,FF-2008-000227-ETH,0.4660860441530289,0.0004837945726794629,0.849511519256154,0.00041098906244481235
FL-2014-000038-ZAF,FL-2014-000038-ZAF,0.4540092773827795,0.0003720893799540128,1.0594723567177176,0.00039421841228951215
FL-2009-000239-BRA,FL-2009-000239-BRA,0.46367133360554513,0.0004593063667437558,0.8575725982011251,0.00039388855429876147
FL-2007-000054-AFG,FL-2007-000054-AFG,0.46156423067546976,0.000438855407677772,0.8959779952430994,0.00039320478837272325
FL-2014-000154-IDN,FL-2014-000154-IDN,0.4581065850365031,0.0004070664837097612,0.9628039097423366,0.00039192520204082325
Philippines: Floods - Feb 1989,Philippines: Floods - Feb 1989,0.45100237245621333,0.0003481675283988405,1.1089965925561163,0.00038611660263299894
FL-1997-000199-BEN,FL-1997-000199-BEN,0.45881191029435336,0.00041337749789822583,0.9183529478927861,0.00037962644378737966
FL-2009-000011-PHL,FL-2009-000011-PHL,0.45840081732140703,0.00040968855619536614,0.9235680341481627,0.0003783752544583534
FL-2002-000478-PRK,FL-2002-000478-PRK,0.4603604517479593,0.0004275432710432347,0.874770461579816,0.00037400222455583477
FL-2024-000021-BOL,FL-2024-000021-BOL,0.45450017166005474,0.0003761322014583187,0.9791674152328188,0.0003682963954877718
FL-2001-000453-IRN,FL-2001-000453-IRN,0.4598113255977969,0.00042247074599088575,0.8717258436729041,0.00036827866747602604
FL-2009-000087-VUT,FL-2009-000087-VUT,0.45040105201465436,0.00034355317174887084,1.0709159987358805,0.0003679165880423215
FL-2007-000144-LBR,FL-2007-000144-LBR,0.45290231894418276,0.00036311604840768197,1.013217513020149,0.0003679155395053356
FL-2002-000374-IND,FL-2002-000374-IND,0.47761878225936094,0.0006177517295247933,0.5937469444772157,0.0003667882018508614
FL-2020-000125-TZA,FL-2020-000125-TZA,0.4460982704022368,0.0003121083545942084,1.1681139311946813,0.00036457811704374433
FL-2019-000084-IND,FL-2019-000084-IND,0.44713051042709606,0.0003194059883924829,1.1318124044523812,0.00036150765971898545
FL-2020-000128-KEN,FL-2020-000128-KEN,0.45129236351170976,0.00035041270751105786,1.0272567357494566,0.0003599638140829384
FL-2024-000027-ARG,FL-2024-000027-ARG,0.4526909898491116,0.0003614252631174415,0.9890539476346332,0.00035746908326119147
FL-1999-000235-IRN,FL-1999-000235-IRN,0.45462634850631073,0.00037717771280032156,0.9461301844417329,0.0003568592189790792
FL-2014-000089-IND,FL-2014-000089-IND,0.45847515031803054,0.0004103533807022425,0.8681922613947346,0.00035626562956285435
FL-2020-000202-GIN,FL-2020-000202-GIN,0.4474542922635985,0.00032172646314906564,1.1057838285302726,0.00035575992016047747
FL-2023-000036-PER,FL-2023-000036-PER,0.4480293962144358,0.00032588554679345994,1.0717795343349823,0.00034927745958879557
FL-1998-000247-IRN,FL-1998-000247-IRN,0.4556491099875282,0.00038574940343510196,0.8997846466107959,0.00034709139065017855
FL-2023-000158-GIN,FL-2023-000158-GIN,0.43923021365155623,0.0002672526781794292,1.2862993830803735,0.0003437669550687774
FF-2018-000041-SOM,FF-2018-000041-SOM,0.44967978129609476,0.00033809100051337846,1.009447103436575,0.0003412849811662035
Pakistan: Floods - Feb 1991,Pakistan: Floods - Feb 1991,0.4656007722913048,0.00047878101386416953,0.7112268098685628,0.00034052189311624946
FL-2004-000100-PAN,FL-2004-000100-PAN,0.4476174318632902,0.00032290138814655527,1.0286129960378907,0.00033214056428622205
FL-2001-000549-GIN,FL-2001-000549-GIN,0.4477779584094276,0.00032406126199312874,1.0199342550969517,0.00033052118185673986
FL-2008-000094-ZAF,FL-2008-000094-ZAF,0.4463218562110346,0.0003136761840077518,1.045585962583682,0.00032797541479532134
FL-2023-000111-MNG,FL-2023-000111-MNG,0.45104162962257455,0.0003484707069724712,0.9369855719118949,0.00032651202466714327
FL-2021-000038-KEN,FL-2021-000038-KEN,0.4325267482554586,0.00022915519226717694,1.4217705075722322,0.0003258060940225166
FL-2009-000234-PHL,FL-2009-000234-PHL,0.4405213424999285,0.0002752133778935807,1.1779017439562212,0.0003241743177809312
FL-2009-000032-SLB,FL-2009-000032-SLB,0.4424428665766509,0.0002874563947938086,1.1239355242445161,0.0003230824537800179
FL-2023-000236-DOM,FL-2023-000236-DOM,0.435492339721973,0.000245360813013863,1.3006578060128464,0.00031913045673613935
FL-2017-000137-SSD,FL-2017-000137-SSD,0.4470379283815167,0.00031874524793931106,1.0001222922331552,0.00031878422800748915
Chad: Floods in Am Timan - Jul 1985,Chad: Floods in Am Timan - Jul 1985,0.44503810341206884,0.0003047698219619713,1.0422436500602523,0.0003176444116698582
Namibia: Floods - Mar 2004,Namibia: Floods - Mar 2004,0.4441872550981695,0.00029899293983916335,1.0587882424363562,0.00031657020927318695
FL-2011-000022-AFG,FL-2011-000022-AFG,0.43372370970094926,0.00023557632202388305,1.338976142877644,0.00031543107501684074
Afghanistan: Flash Floods - Sep 1992,Afghanistan: Flash Floods - Sep 1992,0.4417316243302311,0.00028286871829873714,1.103779548130716,0.0003122247060640949
FL-2000-000002-AGO,FL-2000-000002-AGO,0.45218191283773046,0.00035738133505169,0.8697971671955873,0.00031084927283653703
FL-2025-000060-HTI,FL-2025-000060-HTI,0.43854231417817563,0.0002630964816451504,1.177091149533168,0.0003096885400178221
2012-000025-VUT,2012-000025-VUT,0.43405925150702324,0.00023740516965088147,1.277534232696297,0.0003032932312480731
FL-2009-000100-DOM,FL-2009-000100-DOM,0.44731315677315275,0.00032071311659938496,0.9379811605173907,0.0003008228613010403
1996-10-01T00:00:00+00:00,1996-10-01T00:00:00+00:00,0.4495814459243961,0.00033735239476550394,0.8851967262744405,0.00029862323544726675
FL-2010-000003-KEN,FL-2010-000003-KEN,0.4460890158189402,0.00031204361183860335,0.9550122542299223,0.00029800547316003145
FL-2011-000156-HTI,FL-2011-000156-HTI,0.4455545143189861,0.0003083248171350204,0.9608791245942916,0.00029626288037939345
FL-2001-000227-RUS,FL-2001-000227-RUS,0.4495938833742495,0.000337445733267486,0.869164657517399,0.00029329590518614203
FF-2011-000049-IRQ,FF-2011-000049-IRQ,0.442243456816233,0.0002861634483483876,1.0077513232427067,0.0002883815937367835
FL-2016-000021-PAK,FL-2016-000021-PAK,0.43400074550501117,0.00023708536986292184,1.2119023313188628,0.00028732431245846984
Pakistan: Floods - Aug 1996,Pakistan: Floods - Aug 1996,0.4444233333760464,0.0003005858445266816,0.9536055804790171,0.0002866403387536418
FL-2018-000015-BOL,FL-2018-000015-BOL,0.4430309326547388,0.0002913000099943222,0.980600451614799,0.0002856489213558278
Haiti: Floods - Jun 1986,Haiti: Floods - Jun 1986,0.4511985899257912,0.0003496852689245022,0.806982556058804,0.00028218991213280507
India: Floods - Aug 1988,India: Floods - Aug 1988,0.4490804557442822,0.00033361191038563335,0.8427786995223563,0.00028116101197997294
FL-2007-000086-PAN,FL-2007-000086-PAN,0.4484528537200757,0.00032897880584625133,0.8477798095902991,0.0002789015893795789
India: Floods - Oct 1988,India: Floods - Oct 1988,0.4432019926857588,0.0002924267136614526,0.9494561647783664,0.0002776463460317443
FL-2007-000126-PRK,FL-2007-000126-PRK,0.44582472770570314,0.000310199811750403,0.8947450500988214,0.0002775497461052593
FL-2009-000251-SAU,FL-2009-000251-SAU,0.44072841895397874,0.00027650981710593703,0.9956156226188847,0.00027529749371816144
FF-2006-000069-IDN,FF-2006-000069-IDN,0.4433327063035708,0.00029329031366286953,0.9360516519312406,0.0002745348825995607
FL-2011-000061-DOM,FL-2011-000061-DOM,0.43865320906870187,0.00026376253545712077,1.0300527521279053,0.00027168932555584143
FL-2015-000064-IND,FL-2015-000064-IND,0.4385554814875778,0.00026317548749638016,1.031238980251518,0.0002713968213529632
FL-2009-000186-TCD,FL-2009-000186-TCD,0.441395045667926,0.0002807207672480121,0.9539321905487659,0.00026778857643342647
Philippines: Floods - Jun 1990,Philippines: Floods - Jun 1990,0.4454296128045542,0.0003074615850977002,0.8681427258296911,0.000266920538574635
FL-2024-000145-SSD,FL-2024-000145-SSD,0.44331551326009744,0.00029317659155020506,0.9086488837386558,0.00026639458265039764
FL-2010-000102-CRI,FL-2010-000102-CRI,0.44163554575554215,0.0002822540682133024,0.9388100029975206,0.0002649829426253928
FL-2007-000141-NGA,FL-2007-000141-NGA,0.43892220105665136,0.00026538445715769215,0.9935717537773818,0.0002636785005234266
FL-1997-000026-MOZ,FL-1997-000026-MOZ,0.4351404843889167,0.00024338561628302932,1.0827610863454504,0.0002635284742874698
FL-2013-000045-AFG,FL-2013-000045-AFG,0.4299914663356779,0.0002160719373965161,1.2079080109237867,0.00026099502411707474
FL-2006-000062-THA,FL-2006-000062-THA,0.445719114456785,0.0003094657495565943,0.8376615682858721,0.0002592275651043397
LS-2010-000040-UGA,LS-2010-000040-UGA,0.4439700300582793,0.0002975339603761221,0.848757747990263,0.00025253425415946155
FL-2009-000206-HTI,FL-2009-000206-HTI,0.44135039528254016,0.00028043692658439565,0.8977256390746227,0.0002517554191380996
FL-2008-000089-IND,FL-2008-000089-IND,0.45666175787304614,0.0003944086589680716,0.6302581635823931,0.00024857927710221115
LS-2016-000051-IDN,LS-2016-000051-IDN,0.44328402332837147,0.00029296840663193955,0.8456727764380267,0.0002477554058450571
FF-2020-000138-TJK,FF-2020-000138-TJK,0.43859643254078734,0.0002634213365068396,0.9245550834716685,0.00024354753576229956
afg-1991-flood,afg-1991-flood,0.42530144818322124,0.00019362820312753765,1.2564334123624294,0.00024328094398513777
FL-2005-000094-AFG,FL-2005-000094-AFG,0.4307675287826481,0.00022000349889170039,1.1022905778568743,0.00024250778392386664
FF-2024-000087-ARM,FF-2024-000087-ARM,0.4296845947900234,0.0002145348419916725,1.124649599359199,0.00024127652409452352
FL-2005-000117-GTM,FL-2005-000117-GTM,0.4397881031469553,0.00027066666347718386,0.8832004049243507,0.00023905290678257176
FF-2007-000083-IND,FF-2007-000083-IND,0.43975708959200743,0.0002704758517647096,0.8813888050539815,0.00023839438778285523
Guinea: Floods - Aug 1993,Guinea: Floods - Aug 1993,0.43883381702688584,0.0002648505469396019,0.8923188026319167,0.00023633112292155382
FL-1999-000413-CAF,FL-1999-000413-CAF,0.4393943172534003,0.00026825285838271806,0.8806575318255779,0.00023623890016848077
FL-2011-000123-RUS,FL-2011-000123-RUS,0.43464406084859897,0.00024062319899116404,0.9746615796072284,0.00023452618721887241
FL-2011-000204-PHL,FL-2011-000204-PHL,0.43747212413429165,0.0002567460959832781,0.9086693999686215,0.0002332973209814114
FL-2005-000090-TJK,FL-2005-000090-TJK,0.42268108582929,0.00018202378639139852,1.278206249426741,0.00023266394130980376
FL-2014-000168-MYS,FL-2014-000168-MYS,0.430649660311342,0.00021940225650499408,1.0559033797109114,0.00023166758415982356
FL-1998-000272-PRK,FL-1998-000272-PRK,0.43833984447863306,0.0002618843174267434,0.8775464676728586,0.00022981565769675632
FL-2008-000031-PER,FL-2008-000031-PER,0.43421815310756856,0.00023827570213200928,0.9634315068788812,0.00022956231875766514
FL-2009-000135-MEX,FL-2009-000135-MEX,0.4379120196395211,0.0002593394927288191,0.8826021815410172,0.0002288936020421965
FF-2009-000159-PAK,FF-2009-000159-PAK,0.43826363787928957,0.0002614293802955329,0.8753042401744937,0.00022883024507887016
Egypt: Floods - Nov 1994,Egypt: Floods - Nov 1994,0.4291018180114401,0.00021164282287421734,1.0804014986266677,0.0002286592230068828
FL-2006-000158-PRK,FL-2006-000158-PRK,0.4323938187318699,0.0002284518971058906,0.9986709167128025,0.0002281482655075186
FL-2005-000100-KGZ,FL-2005-000100-KGZ,0.4226126345923957,0.0001817292220599395,1.2450017166675804,0.0002262531934332886
FL-2024-000139-TCD,FL-2024-000139-TCD,0.43396772315589777,0.00023690503755215763,0.9523043457078162,0.0002256056967809931
FL-2020-000185-PAK,FL-2020-000185-PAK,0.426767265133728,0.0002004061283352489,1.124816762154381,0.00022542017238995002
FL-2023-000241-TZA,FL-2023-000241-TZA,0.4302311576987809,0.00021727941913812163,1.0126708213468447,0.00022003252784036698
FF-2012-000081-ETH,FF-2012-000081-ETH,0.4295755350345162,0.00021399094508431994,1.0102119573051023,0.0002161762114791995
FL-2014-000053-TZA,FL-2014-000053-TZA,0.4258645385295592,0.00019620712833112318,1.0970028156440832,0.00021523977222868209
FL-2020-000176-SDN,FL-2020-000176-SDN,0.4295520459842741,0.00021387396432001965,1.0057698073879717,0.00021510797589944808
FL-2013-000074-HTI,FL-2013-000074-HTI,0.4191055386903854,0.00016719912599822413,1.2836627123722097,0.00021462728358514322
FL-2007-000003-PHL,FL-2007-000003-PHL,0.43592008695112594,0.0002477814643497878,0.8623711432091048,0.00021367958467735258
FL-2012-000110-IND,FL-2012-000110-IND,0.43352736434849304,0.00023451204533614525,0.9076110411740193,0.0002128457216353876
FL-2007-000025-FJI,FL-2007-000025-FJI,0.4277824083048126,0.0002052245023023452,1.0321832158662596,0.00021182928676098726
India: Floods - Jun 1994,India: Floods - Jun 1994,0.4272896957416559,0.0002028729748711904,1.040373182144351,0.0002110636024378313
FL-2007-000012-BOL,FL-2007-000012-BOL,0.42791306721949773,0.0002058521881372746,1.019120716977021,0.0002097882295657479
FL-2004-000115-PAN,FL-2004-000115-PAN,0.4323995296075628,0.0002284820718649577,0.9177618050112175,0.0002096921186874863
FL-2001-000696-BRA,FL-2001-000696-BRA,0.43364596915377984,0.00023515441592860526,0.8900444318591507,0.00020929787852434588
FL-2016-000058-MMR,FL-2016-000058-MMR,0.4347352911611859,0.00024112873622950313,0.8641831978719268,0.00020837940237362833
FL-2010-000008-BOL,FL-2010-000008-BOL,0.43211642652093796,0.00022699054073388445,0.9114041656623548,0.00020688012439081273
FL-2024-000165-CAF,FL-2024-000165-CAF,0.4259518132143507,0.00019660959705507475,1.047691057383914,0.00020598611663045653
FL-2007-000174-CAF,FL-2007-000174-CAF,0.43447170272752744,0.00023967070852335708,0.8591414557936258,0.00020591104143184675
FL-2007-000009-PER,FL-2007-000009-PER,0.42658017390765346,0.0001995292956793227,1.031150965068591,0.00020574482579918985
India: Floods - Oct 1996,India: Floods - Oct 1996,0.45090820019285094,0.0003474412144144607,0.5918800598424082,0.00020564352677935
India: Floods - Aug 1989,India: Floods - Aug 1989,0.4266112276636864,0.0001996745946081635,1.0282737934207815,0.00020532015284749298
FL-2016-000044-CHN,FL-2016-000044-CHN,0.43003454492392823,0.00021628850614835866,0.9486861479465856,0.00020518990974300778
FL-2020-000193-SSD,FL-2020-000193-SSD,0.43250091388243656,0.00022901835703575924,0.8956131601804282,0.00020511185448412596
FF-2020-000055-SOM,FF-2020-000055-SOM,0.42686284918579864,0.00020085543523848352,1.018212889069999,0.0002045135929995884
FL-2023-000085-HTI,FL-2023-000085-HTI,0.4247396103773582,0.00019108546048615948,1.0690779120906408,0.00020428524512742204
FL-2000-000375-CHL,FL-2000-000375-CHL,0.42700697590846176,0.00020153463839467427,1.0133991498781652,0.00020423503122016633
FL-2006-000029-NAM,FL-2006-000029-NAM,0.4225176651641596,0.00018132125323310036,1.1221814471307896,0.00020347534634868893
FL-2009-000217-IND,FL-2009-000217-IND,0.4417185102467192,0.0002827847517396682,0.7154666505101737,0.00020232305914253142
FL-2024-000039-KAZ,FL-2024-000039-KAZ,0.4188834960951845,0.00016631541202455016,1.2154593718752695,0.00020214962623253639
FF-2011-000066-TJK,FF-2011-000066-TJK,0.4259194791897889,0.00019646040157801859,1.0235216039879442,0.00020108146534324924
FL-2004-000063-PRK,FL-2004-000063-PRK,0.42841497289044395,0.00020827944321063347,0.9650636272415313,0.00020100291494470045
FL-2003-000196-ARG,FL-2003-000196-ARG,0.4267844889790538,0.0002004870246784833,0.9957341344638851,0.00019963177398946914
Iran: Floods - Jul 1994,Iran: Floods - Jul 1994,0.4298331865081012,0.00021527789293412746,0.9087721063099059,0.00019563854420370541
FL-2003-000571-DOM,FL-2003-000571-DOM,0.42640523937680097,0.00019871256241715845,0.9832757048107912,0.00019538923486548982
FL-2007-000181-HTI,FL-2007-000181-HTI,0.42605635138451137,0.00019709265454482625,0.9891914221912965,0.00019496236325265457
FL-2021-000161-IND,FL-2021-000161-IND,0.4248729774148065,0.00019168631193928435,1.010338230289432,0.00019366800917544456
FL-2019-000022-IRN,FL-2019-000022-IRN,0.42829966504437056,0.00020771953778043103,0.9299697920776908,0.0001931728953601415
FL-1997-000025-MWI,FL-1997-000025-MWI,0.4247263506629927,0.00019102581493754902,0.9993439480764741,0.00019090049208421613
FL-2013-000008-MOZ,FL-2013-000008-MOZ,0.4281781518670008,0.00020713096714256,0.9158712312600213,0.00018970529390893544
FL-2009-000031-DOM,FL-2009-000031-DOM,0.4261543063766805,0.00019754626111131095,0.9531752822708737,0.00018829621319632953
FF-2008-000092-KEN,FF-2008-000092-KEN,0.42381881216598205,0.0001869830758300709,1.0067078859630323,0.00018823733697975604
FF-2008-000123-PAK,FF-2008-000123-PAK,0.42634656906103685,0.00019843931734958022,0.9434455865501481,0.00018721669815148568
FL-2019-000031-SYR,FL-2019-000031-SYR,0.41672085050353247,0.0001579255172334969,1.178799139258512,0.00018616246378180145
FL-2017-000095-GHA,FL-2017-000095-GHA,0.4247376422394243,0.0001910766062448248,0.9719324461526762,0.0001857135533100843
FL-2019-000047-GEO,FL-2019-000047-GEO,0.41654244681008734,0.00015725071828787287,1.178251681752609,0.00018528092327949194
FL-2000-000258-IDN,FL-2000-000258-IDN,0.4315193425593796,0.00022387349247637324,0.8250221660756472,0.00018470059368977756
FL-2006-000115-HTI,FL-2006-000115-HTI,0.427682285678132,0.0002047446791951673,0.9014960977071197,0.0001845765293207394
FL-2024-000144-MLI,FL-2024-000144-MLI,0.42200258338783625,0.00017912289348242193,1.0257206390657925,0.00018373004877410368
FL-2022-000321-CAF,FL-2022-000321-CAF,0.4192217821545635,0.00016766345013758985,1.0900469195589455,0.00018276102734510468
FL-2007-000139-KEN,FL-2007-000139-KEN,0.421135074016846,0.00017547454669902005,1.0383627898563688,0.0001822062398591761
FL-2009-000240-PAN,FL-2009-000240-PAN,0.42361029406574924,0.00018606515652901893,0.9710725385234801,0.00018068276388140308
FL-2014-000122-PAK,FL-2014-000122-PAK,0.415802609524205,0.00015447994487918613,1.1660555615898873,0.0001801321988804742
LS-2022-000224-GTM,LS-2022-000224-GTM,0.4157711117687791,0.00015436296357391132,1.1665467743114344,0.00018007161723029969
FL-2002-000020-IRN,FL-2002-000020-IRN,0.42216462442851516,0.00017981188131783153,0.995515429386739,0.00017900550223895841
FF-2009-000069-IDN,FF-2009-000069-IDN,0.4282286710681662,0.0002073754833209679,0.8612099711014543,0.00017859383399800087
FL-2009-000101-PAN,FL-2009-000101-PAN,0.4238251411666681,0.0001870110003938141,0.9534059909197259,0.0001782974081433536
FL-2001-000019-MOZ,FL-2001-000019-MOZ,0.419030676221861,0.00016690070754019423,1.0662262115321133,0.0001779539091026105
FL-2007-000044-ARG,FL-2007-000044-ARG,0.4220022484724977,0.00017912147190841672,0.9907640067376045,0.0001774671072007202
FL-2015-000011-PER,FL-2015-000011-PER,0.42173039465399553,0.0001779709108151905,0.9963773020475339,0.0001773261759609818
FF-2022-000209-AFG,FF-2022-000209-AFG,0.4185258867917175,0.0001649009861171338,1.0750035318817837,0.00017726914248670782
FL-2014-000006-PHL,FL-2014-000006-PHL,0.42124644202640793,0.00017593913690140095,1.0048551818492002,0.00017679335340544858
FL-2003-000051-PER,FL-2003-000051-PER,0.42294221046688285,0.00018315142733629135,0.9636886445289713,0.000176500950753257
FL-2008-000182-RWA,FL-2008-000182-RWA,0.42174438718222096,0.0001780299683283696,0.99098155542331,0.00017642441492601033
FL-2012-000051-TJK,FL-2012-000051-TJK,0.4117299037985021,0.00013999873386831866,1.2564153914667016,0.00017589656401800617
FL-2010-000136-YEM,FL-2010-000136-YEM,0.40816786828513824,0.00012834771249362436,1.363769613347829,0.0001750367102415084
FL-2016-000091-NER,FL-2016-000091-NER,0.4214790505622035,0.00017691307480510043,0.9800336913410537,0.00017338077374773854
Brazil: Floods - Jul 1989,Brazil: Floods - Jul 1989,0.4219422812111503,0.00017886709985065512,0.9575164169657181,0.00017126818456204861
FL-2008-000024-PHL,FL-2008-000024-PHL,0.4229866249133537,0.00018334385112852571,0.9337647066375215,0.00017120001736282124
FL-2022-000254-PAK,FL-2022-000254-PAK,0.4153206711456054,0.00015269874633517557,1.1182281796262044,0.00017075204114558692
FL-2007-000040-HTI,FL-2007-000040-HTI,0.41908591118589567,0.00016712083998712701,1.019159487257912,0.0001703227895913919
FF-2023-000044-SOM,FF-2023-000044-SOM,0.41854999513729096,0.00016499599865382853,1.022945092337183,0.00016878184707820633
Pakistan: Floods - Jul 1993,Pakistan: Floods - Jul 1993,0.41709863388778745,0.00015936306510419684,1.0550156272267153,0.0001681305240876761
FL-2006-000169-SOM,FL-2006-000169-SOM,0.42155665612858906,0.00017723908912886874,0.9442290549591343,0.0001673542976299695
FL-2002-000445-VEN,FL-2002-000445-VEN,0.418491304682838,0.00016476478178401727,1.0122910677483703,0.00016678991687947008
FL-2006-000133-NER,FL-2006-000133-NER,0.42158608589410035,0.0001773628623803368,0.9314416156120189,0.00016520315108511306
FL-1999-000244-VNM,FL-1999-000244-VNM,0.41312589996114635,0.0001448185614306521,1.132847715441496,0.00016405737647023818
FL-2011-000122-NER,FL-2011-000122-NER,0.41660917554084487,0.00015750281044570272,1.0388296068906175,0.0001636185826594768
FL-1997-000255-KEN,FL-1997-000255-KEN,0.42130114454328477,0.0001761677427410451,0.9285064149811921,0.0001635728792478167
FL-1998-000112-TZA,FL-1998-000112-TZA,0.4253754944076472,0.00019396557972279182,0.840568897187044,0.00016304143343983277
FL-2019-000030-IRQ,FL-2019-000030-IRQ,0.4128183630633072,0.00014374411526785425,1.1268493447600907,0.0001619779621027005
FL-2005-000169-FJI,FL-2005-000169-FJI,0.4121980058570286,0.00014159856889651586,1.141883746425886,0.00016168910434009745
FL-2023-000104-IND,FL-2023-000104-IND,0.4171783564069432,0.00015966792724267457,1.0105589096694154,0.00016135384646353277
India-Manipur: Floods - Apr 2004,India-Manipur: Floods - Apr 2004,0.4471030709925571,0.00031921002995108117,0.5,0.00015960501497554058
FL-2025-000038-BOL,FL-2025-000038-BOL,0.41500077426487175,0.00015152666672052536,1.0525186156126618,0.00015948463748508855
FL-2023-000160-NER,FL-2023-000160-NER,0.41379301386469325,0.00014717415170464166,1.068084370484078,0.00015719441117498036
FL-2011-000181-VEN,FL-2011-000181-VEN,0.42340942846614044,0.00018518476145667464,0.8434253806112476,0.0001561895279149989
Viet Nam: Floods - Oct 1992,name=Viet Nam: Floods - Oct 1992,0.4151167532781977,0.00015195066667057083,1.0249575418914962,0.0001557429817994424
FL-1997-000049-TZA,FL-1997-000049-TZA,0.42100362871843816,0.0001749276215856888,0.8788540275887039,0.0001537358447670953
FL-1998-000316-VNM,FL-1998-000316-VNM,0.4039517240102385,0.00011568969065356678,1.327857651248023,0.00015361944090485553
FL-2013-000104-MLI,FL-2013-000104-MLI,0.41533576573549735,0.00015275425288998712,0.9989817011392044,0.00015259870340828755
FL-2010-000118-GHA,FL-2010-000118-GHA,0.40960877955181546,0.00013295129360134484,1.1468698410721812,0.00015247782896291525
FL-2001-000025-MWI,FL-2001-000025-MWI,0.41631718015606906,0.00015640237111013864,0.9654424418241856,0.0001509974870716647
FL-2013-000108-SSD,FL-2013-000108-SSD,0.4091785570388542,0.00013156145405296166,1.1472056468348109,0.00015092804299535612
FL-2007-000149-CMR,FL-2007-000149-CMR,0.4132673903022337,0.0001453153116031001,1.035118095353682,0.0001504185085723278
FL-2013-000101-LAO,FL-2013-000101-LAO,0.4097656958180331,0.0001334614931551768,1.1048841434150625,0.00014745948754365273
Brazil: Floods - Jul 1988,Brazil: Floods - Jul 1988,0.41565990686382803,0.00015395059070725243,0.9542800112349412,0.0001469119714297427
FL-2007-000131-SEN,FL-2007-000131-SEN,0.41090420004506933,0.00013721633147220356,1.067501640440192,0.00014647865894176244
FL-2022-000333-THA,FL-2022-000333-THA,0.41222509631257415,0.00014169165776069362,1.0333160681612519,0.00014641226668852967
FL-1997-000207-SYC,FL-1997-000207-SYC,0.4081946202402584,0.00012843185838970806,1.1353708825085123,0.00014581779240213112
FL-2009-000117-GTM,FL-2009-000117-GTM,0.41425979529440315,0.00014884281064083356,0.9753116506378312,0.00014516812733168552
FL-2019-000032-BOL,FL-2019-000032-BOL,0.4131312556331436,0.00014483733648111476,0.9989982238811052,0.00014469224189630364
Afghanistan: Floods - Jun 1988,Afghanistan: Floods - Jun 1988,0.41462785954111847,0.0001501705589052227,0.9634656880384131,0.00014468418085873344
FL-2024-000118-PAK,FL-2024-000118-PAK,0.410788619625617,0.0001368308532603731,1.0477381195692326,0.0001433629008940769
FL-2015-000092-BRA,FL-2015-000092-BRA,0.41287726308769335,0.000143949337967711,0.9951769503164747,0.00014325506315878214
FL-2005-000160-MMR,FL-2005-000160-MMR,0.4251037877270032,0.00019273018843328472,0.7408779621824715,0.0001427895492574957
FF-2018-000042-ETH,FF-2018-000042-ETH,0.40951421040708824,0.00013264465868436016,1.0606234402511923,0.00014068603422475126
FL-2006-000001-IDN,FL-2006-000001-IDN,0.41863090126066266,0.00016531521510621065,0.8487703672429272,0.00014031465583654192
FL-2010-000242-AGO,FL-2010-000242-AGO,0.40076305834580955,0.00010687517080292215,1.3120034095843343,0.00014022058849334196
FL-2001-000375-IRN,FL-2001-000375-IRN,0.41390619378412913,0.00014757719562267024,0.9437442735893395,0.0001392751332812688
FF-2021-000032-TLS,FF-2021-000032-TLS,0.4151571011392793,0.00015209842188851314,0.915168404503065,0.00013919567008714462
FL-2017-000083-GIN,FL-2017-000083-GIN,0.4150688795741741,0.00015177551914509092,0.9098931483825577,0.00013809950496232394
Mali: Floods - Sep 1989,Mali: Floods - Sep 1989,0.41248881568732454,0.00014260073858172236,0.9644742111394081,0.00013753473485150362
FL-2007-000210-PHL,FL-2007-000210-PHL,0.4141710300238043,0.00014852418594566363,0.9253870742606627,0.0001374423618892043
FL-2012-000123-PRK,FL-2012-000123-PRK,0.40195390977365136,0.00011009372688222241,1.2400305385199288,0.00013651958343342824
FF-2017-000101-VNM,FF-2017-000101-VNM,0.3988669328351392,0.00010192490984050363,1.3377073830962212,0.00013634570441505838
FL-2016-000114-EGY,FL-2016-000114-EGY,0.4059465866341714,0.00012153152297321123,1.1202710928869943,0.0001361482520614202
FL-2021-000019-PER,FL-2021-000019-PER,0.39849256854090687,0.00010097230415072752,1.3456208053079868,0.00013587043322510494
FL-2010-000127-AFG,FL-2010-000127-AFG,0.40757887838783685,0.00012650762380633096,1.0727052233242367,0.00013570538884738877
FL-2024-000038-AFG,FL-2024-000038-AFG,0.40935098128475716,0.0001321168948987083,1.0169769888963047,0.00013435984195641793
FL-1998-000085-IRN,FL-1998-000085-IRN,0.4158438819796094,0.00015463334976649845,0.8666405740383654,0.00013401153500711355
FL-2008-000234-BRA,FL-2008-000234-BRA,0.409513540799418,0.00013264248979192428,0.9860207753496221,0.0001307882506289375
FL-2013-000023-ZMB,FL-2013-000023-ZMB,0.40505725916902646,0.00011889516588836697,1.0988875788119679,0.00013065242097551485
FL-2006-000189-MYS,FL-2006-000189-MYS,0.41009205702805424,0.00013452827587009822,0.9652828195473719,0.0001298578334407351
FL-2023-000231-BDI,FL-2023-000231-BDI,0.40895661758890833,0.00013084960073661886,0.9891166714763052,0.00012942552154460794
FL-2007-000138-UGA,FL-2007-000138-UGA,0.40698140802626015,0.00012466533250821436,1.0368375020093747,0.0001292576919449851
Iran: Floods - Feb 1991,Iran: Floods - Feb 1991,0.4089263573847033,0.00013075281253670742,0.9877471286935022,0.0001291507151517325
FL-2021-000043-YEM,FL-2021-000043-YEM,0.4084493582220523,0.00012923560494948732,0.9940613442321855,0.00012846811917874705
FL-2025-000022-PER,FL-2025-000022-PER,0.3990590275773229,0.00010241684648465114,1.244445279687572,0.0001274521611683108
FL-2010-000225-PAN,FL-2010-000225-PAN,0.40287295484776875,0.00011263701654612695,1.1284651586517427,0.0001271069487467841
FL-2019-000087-PAK,FL-2019-000087-PAK,0.4040891143913269,0.00011608377239450851,1.0947940580011841,0.0001270878242478698
FL-2009-000226-PRY,FL-2009-000226-PRY,0.41347284475578794,0.00014603935998380797,0.8690624710349184,0.00012691732705588614
FL-2007-000199-THA,FL-2007-000199-THA,0.3991675444780558,0.00010269569166652884,1.2349138810883142,0.00012682033516696198
IND-2018-000413,IND-2018-000413,0.4109823860963758,0.0001374776477109421,0.9221733186742626,0.00012677821863313061
FL-2007-000022-ARG,FL-2007-000022-ARG,0.41339390296969114,0.0001457607755925455,0.8666786317016433,0.00012632774954631762
FL-2008-000170-DOM,FL-2008-000170-DOM,0.4118579054065576,0.0001404345815862658,0.8986920832348044,0.0001262074466839693
FL-2005-000182-IND,FL-2005-000182-IND,0.4234113732702963,0.00018519326753881665,0.6806810703680618,0.00012605755157328054
FL-2022-000261-GEO,FL-2022-000261-GEO,0.4054795433350489,0.00012014051438371603,1.0491729788203328,0.00012604818135297037
FL-2021-000190-EGY,FL-2021-000190-EGY,0.4020568922729761,0.00011037611765690336,1.1389708836250705,0.00012571518425878795
FL-2006-000018-IRQ,FL-2006-000018-IRQ,0.40645061511633573,0.00012304893280365095,1.0127814906988197,0.00012462168159378052
FL-2009-000176-MLI,FL-2009-000176-MLI,0.40780529065550325,0.00012721213982530653,0.9776318968582874,0.00012436664556081612
FL-2009-000166-SDN,FL-2009-000166-SDN,0.4058595421647381,0.00012127118218642153,1.0246063390097677,0.00012425522200741593
FL-2019-000009-ARG,FL-2019-000009-ARG,0.40036216488440635,0.00010581087103498388,1.1742632969134712,0.0001242498222708263
FL-1997-000097-AFG,FL-1997-000097-AFG,0.39354439962399723,8.911224090741313e-05,1.3915845675709566,0.00012400721922842142
FL-2024-000077-LKA,FL-2024-000077-LKA,0.4027802850768276,0.00011237819428974098,1.0924845776964491,0.0001227714441309172
FL-2022-000277-SDN,FL-2022-000277-SDN,0.4035792198137903,0.00011462727398630406,1.0675858088870211,0.00012237445101918263
FL-2001-000571-PRK,FL-2001-000571-PRK,0.4090335103600634,0.00013109583481536234,0.9280032109549476,0.00012165735565147567
FL-2009-000139-PAK,FL-2009-000139-PAK,0.4063848680642861,0.00012285003488308232,0.9836480205002447,0.00012084119363112993
Bolivia: Floods - Jan 1986,Bolivia: Floods - Jan 1986,0.4106072513112837,0.00013622792679428207,0.8841657020196967,0.00012044806052875426
FL-2023-000200-ZAF,FL-2023-000200-ZAF,0.3998313547753799,0.00010441634448550711,1.1520700678179971,0.00012029494507272552
FL-2019-000108-MRT,FL-2019-000108-MRT,0.4070474378033467,0.0001248677406870608,0.962366664364851,0.00012016855109178189
FL-2006-000124-UGA,FL-2006-000124-UGA,0.4099036831050224,0.00013391160211954038,0.8965169259333157,0.00012005401787901562
Paraguay: Floods - Mar 1995,name=Paraguay: Floods - Mar 1995,0.40451712729191575,0.00011731921382854774,1.019170735987299,0.00011956830950309231
FL-2007-000035-AFG,FL-2007-000035-AFG,0.40644950058060536,0.00012304555869779816,0.9702882879212498,0.00011938966448520023
FL-2002-000808-MWI,FL-2002-000808-MWI,0.4066807856703204,0.00012374752995901028,0.9632105028592333,0.00011919492055940632
FL-2007-000107-TLS,FL-2007-000107-TLS,0.4050619595834531,0.00011890896358546852,0.9959528083511522,0.00011842771622107226
FL-1999-000349-SLV,FL-1999-000349-SLV,0.40744890115945287,0.00012610476844522936,0.9369157213719175,0.00011814954009630069
FL-2011-000002-BRA,FL-2011-000002-BRA,0.41072657006716495,0.00013662431089559598,0.861750148294607,0.00011773602017492834
FL-2009-000179-LBR,FL-2009-000179-LBR,0.4053099686125264,0.00011963902183813662,0.9840111740692383,0.00011772613434344005
FF-2012-000115-RUS,FF-2012-000115-RUS,0.3963163611762577,9.55916630665322e-05,1.2274737437024292,0.00011733625653101751
FL-2019-000167-BDI,FL-2019-000167-BDI,0.40546508878050225,0.0001200976935041372,0.9726765386670255,0.00011681620881949749
Benin: Floods - Sep 1988,Benin: Floods - Sep 1988,0.40651645696323824,0.0001232484078973621,0.9477795775541555,0.00011681232397118411
FL-2015-000146-DZA,FL-2015-000146-DZA,0.401849756834604,0.00010980878814027519,1.0586689531644526,0.0001162511547887223
China: Floods - Aug 1985,China: Floods - Aug 1985,0.4320341793079976,0.000226558866402294,0.5116338983381565,0.00011591519602047928
Thailand: Floods - Oct 1995,Thailand: Floods - Oct 1995,0.39333682426378563,8.864333160899464e-05,1.3030110983590828,0.00011550324488204451
FF-2014-000059-SRB,FF-2014-000059-SRB,0.40626637798018095,0.00012249230929362988,0.9418030548326259,0.00011536363108624348
FL-2018-000058-COL,FL-2018-000058-COL,0.40415649411950216,0.00011627748126659632,0.991294406755453,0.00011526521681118889
FL-2023-000042-SYR,FL-2023-000042-SYR,0.4060613258245681,0.00012187546423065863,0.9456166805369497,0.00011524747192469517
FL-2011-000038-KAZ,FL-2011-000038-KAZ,0.39869892089999953,0.00010149639153967266,1.1284426954486195,0.00011453286164733669
FL-2017-000130-GTM,FL-2017-000130-GTM,0.39614745579735466,9.51850430690192e-05,1.201624894182623,0.00011437671730557861
FL-2003-000585-MKD,FL-2003-000585-MKD,0.4016231430411342,0.0001091911161713183,1.044377937487487,0.000114036792698958
FL-2008-000103-SLV,FL-2008-000103-SLV,0.401664067487784,0.00010930243036386885,1.0346663695692608,0.00011309154880968114
FL-2012-000172-MLI,FL-2012-000172-MLI,0.4064084875973493,0.00012292145534484217,0.9191592364455828,0.00011298439103754493
FL-2002-000641-THA,FL-2002-000641-THA,0.3966366807607241,9.636709129580129e-05,1.1603592484795837,0.00011182044563415941
FL-2018-000112-GEO,FL-2018-000112-GEO,0.4015391914305469,0.00010896308767222467,1.0222629843578837,0.00011138893118865811
FL-2005-000104-IND,FL-2005-000104-IND,0.4225618983908893,0.00018151116727151988,0.6116122238015762,0.00011101444865975416
FL-2021-000173-IDN,FL-2021-000173-IDN,0.40078196895331275,0.00010692561216901754,1.033714069822925,0.0001105305097235428
FL-2012-000198-PAN,FL-2012-000198-PAN,0.3961887852149463,9.52843947055842e-05,1.1516842231061208,0.0001097375340906377
FL-2005-000138-PNG,FL-2005-000138-PNG,0.3964263745236013,9.585734740716037e-05,1.1437040377671508,0.00010963243527921784
FF-2023-000051-KEN,FF-2023-000051-KEN,0.404461925656631,0.00011715921474500853,0.9345216780382686,0.00010948782596115123
FL-2022-000207-VEN,FL-2022-000207-VEN,0.39861193773884973,0.00010127517662867442,1.080082826119319,0.00010938557898883186
FL-2020-000190-NER,FL-2020-000190-NER,0.3962493178357751,9.543007730910368e-05,1.1441798734017292,0.00010918917377424749
FL-2022-000332-BEN,FL-2022-000332-BEN,0.397851122090094,9.935869362345057e-05,1.0977457972017661,0.00010907058834060078
FL-2017-000010-PHL,FL-2017-000010-PHL,0.3938264281036051,8.975291557789017e-05,1.2076275140633692,0.00010838809031926695
FL-2006-000070-IND,FL-2006-000070-IND,0.41740732441334694,0.0001605464309456527,0.6719340637740063,0.0001078766157697253
FL-2023-000249-AGO,FL-2023-000249-AGO,0.39875230155111663,0.00010163236403961753,1.0611307451784342,0.00010784522618760525
FL-2008-000250-THA,FL-2008-000250-THA,0.40254124046556866,0.00011171302341610413,0.9628755515870862,0.00010756573904124234
FL-2014-000079-PHL,FL-2014-000079-PHL,0.3995562511832862,0.00010370012915666068,1.0365063874391671,0.0001074858462491454
FL-2002-000296-PRY,FL-2002-000296-PRY,0.4039678829819583,0.00011573597744676178,0.9287123335884037,0.00010748542969471699
Ghana: Floods - Jul 1995,Ghana: Floods - Jul 1995,0.40716463489665156,0.0001252277260359835,0.8551639114187951,0.00010709023201501293
FL-2003-000227-CHN,FL-2003-000227-CHN,0.4172590367170977,0.00015997698629275817,0.667747313747308,0.00010682420285837919
FL-2018-000360-RUS,FL-2018-000360-RUS,0.395598466368001,9.387414463643369e-05,1.1355339540901048,0.00010659727864583596
FL-2006-000065-TZA,FL-2006-000065-TZA,0.4041239053854471,0.00011618375615532678,0.9152295890668976,0.00010633481140228836
FL-2008-000125-SDN,FL-2008-000125-SDN,0.3925746771334213,8.69406377907439e-05,1.22270091265696,0.00010630239717372075
FL-2020-000172-MMR,FL-2020-000172-MMR,0.410456563134484,0.00013572881066391463,0.7811222104463353,0.00010602078860704913
FL-2018-000029-RWA,FL-2018-000029-RWA,0.3937530055450288,8.958572611628504e-05,1.1779991519684878,0.00010553190939346498
FL-2013-000142-VNM,FL-2013-000142-VNM,0.3964191416867694,9.583985957898822e-05,1.0905579261018445,0.00010451891850035339
FL-2003-000220-NAM,FL-2003-000220-NAM,0.40549794281601437,0.00012019504178418573,0.8693111681287405,0.00010448689217669327
FL-2008-000032-KAZ,FL-2008-000032-KAZ,0.3995596776328419,0.00010370902244697441,0.9978373267784768,0.00010348473372129799
FL-2021-000023-DZA,FL-2021-000023-DZA,0.39787182346504446,9.94104050083041e-05,1.0374171325327366,0.00010313005730763284
FL-2013-000017-PNG,FL-2013-000017-PNG,0.3953789079924527,9.335443951460387e-05,1.0931237284308373,0.00010204795298777487
FL-2010-000092-LKA,FL-2010-000092-LKA,0.391409631015362,8.439468118946996e-05,1.2070220613503797,0.00010186624205632215
FL-2021-000095-MMR,FL-2021-000095-MMR,0.39641846538976955,9.583822454916531e-05,1.0619657406518828,0.00010177691111611579
Ethiopia: Floods - May 1995,Ethiopia: Floods - May 1995,0.39534087480600666,9.326467675343454e-05,1.0908091701249307,0.00010173396465138385
FL-2010-000119-PAN,FL-2010-000119-PAN,0.3982931336616342,0.00010046810132958153,1.0125237531271618,0.00010172633902778788
FL-2001-000524-MLI,FL-2001-000524-MLI,0.40010657345682954,0.00010513731111891718,0.9651997077307357,0.00010147850196357428
FL-2002-000500-IRN,FL-2002-000500-IRN,0.40137618573117034,0.00010852155685372459,0.9286481080441721,0.00010077833845421939
FL-2009-000203-USA,FL-2009-000203-USA,0.39567433272880737,9.405432832310227e-05,1.0672358252351861,0.00010037814870484719
FL-2023-000119-PAK,FL-2023-000119-PAK,0.39583413364826114,9.44348764662489e-05,1.0619284545586885,0.00010028308242224435
FL-2019-000181-IDN,FL-2019-000181-IDN,0.39621515716279077,9.534783890202934e-05,1.0475272120348138,9.987945585858735e-05
FL-2009-000268-AGO,FL-2009-000268-AGO,0.4047386144772499,0.00011796316233267369,0.8462892322451147,9.983095408372425e-05
India: Floods - Aug 2003,India: Floods - Aug 2003,0.4254482270745558,0.00019429748632968422,0.512689258225858,9.961423414151458e-05
FL-2008-000180-NIC,FL-2008-000180-NIC,0.400774716613362,0.00010690626504747748,0.9285577138121239,9.926863706467866e-05
FL-2016-000061-RUS,FL-2016-000061-RUS,0.40545455212997117,0.0001200664878715754,0.8265337350740463,9.92390026777159e-05
FL-2012-000009-FJI,FL-2012-000009-FJI,0.3939990210615452,9.014703098463904e-05,1.0988887127745661,9.906155483915892e-05
FL-2013-000087-MMR,FL-2013-000087-MMR,0.4018471288124996,0.00010980160706264446,0.8995776132921189,9.877506761705277e-05
FL-2015-000040-SOM,FL-2015-000040-SOM,0.3990522226500518,0.00010239938326077574,0.9639478737922579,9.87076677718633e-05
FL-2015-000039-KAZ,FL-2015-000039-KAZ,0.38999159156858176,8.138651177350282e-05,1.2043264756829248,9.801593089230951e-05
Indonesia: Floods - Nov 1987,Indonesia: Floods - Nov 1987,0.3929020248780797,8.766831717144869e-05,1.113651344896523,9.763193932279878e-05
Malaysia: Floods - Dec 1993,Malaysia: Floods - Dec 1993,0.3903870659239836,8.221559504975982e-05,1.1835292726936872,9.730456341332095e-05
FL-2011-000084-IND,FL-2011-000084-IND,0.40413518954939437,0.0001162162016820785,0.8290193075518719,9.634547504478541e-05
Russia: Floods - Jun 1993,Russia: Floods - Jun 1993,0.40439741684667924,0.00011697248815903136,0.820510219523839,9.597712193761648e-05
FL-2021-000057-LKA,FL-2021-000057-LKA,0.3914831902185015,8.455342174585565e-05,1.1314393379937777,9.566706752523961e-05
FL-2020-000196-NGA,FL-2020-000196-NGA,0.3948987458742553,9.222688597229098e-05,1.0372433952384017,9.566172833816402e-05
FL-2022-000135-ZMB,FL-2022-000135-ZMB,0.38828248195805537,7.788933040661162e-05,1.2189092023041321,9.494002159392594e-05
FL-2020-000175-GEO,FL-2020-000175-GEO,0.3936533538853439,8.935925911951386e-05,1.0606407542579777,9.477807199245524e-05
FL-2008-000095-SUR,FL-2008-000095-SUR,0.39438850826017535,9.104215294766967e-05,1.0299679617320212,9.377050070320625e-05
FL-2016-000084-PHL,FL-2016-000084-PHL,0.39480568520775566,9.200977716381467e-05,1.015846385922298,9.346779960137711e-05
FL-2010-000141-PAK,FL-2010-000141-PAK,0.39271495730737405,8.725180604662262e-05,1.0692104601626595,9.329054369313249e-05
Azerbaijan: Floods - Jun 1995,Azerbaijan: Floods - Jun 1995,0.3986502360116049,0.00010137252297893786,0.9175461452516915,9.301396769376296e-05
FF-2008-000141-ETH,FF-2008-000141-ETH,0.39555946876299963,9.378164571205326e-05,0.9913523656532703,9.297065633150088e-05
FL-2007-000011-ZMB,FL-2007-000011-ZMB,0.39178275075995844,8.5202651760588e-05,1.0897552028147803,9.285003304971668e-05
FL-2020-000126-ETH,FL-2020-000126-ETH,0.3846637587344508,7.092718275070839e-05,1.305209086561218,9.257480341041267e-05
FL-2023-000155-KGZ,FL-2023-000155-KGZ,0.3845383438390503,7.069627236748434e-05,1.3078043445548737,9.245689214603069e-05
FL-2010-000091-VNM,FL-2010-000091-VNM,0.39182766014709847,8.530036849850801e-05,1.0820602515614735,9.230013819578196e-05
FL-2005-000051-AGO,FL-2005-000051-AGO,0.3964261421882992,9.585678561338316e-05,0.9581450089193589,9.184470070651608e-05
FL-2024-000218-MYS,FL-2024-000218-MYS,0.3953242710470902,9.322551430718495e-05,0.9835826898124584,9.16950021214108e-05
1992-00001-AR,1992-00001-AR,0.39228695726931195,8.630554308893749e-05,1.0623696179080282,9.168838683473939e-05
FL-2008-000213-PER,FL-2008-000213-PER,0.4009473794431284,0.00010736773541006717,0.8529320322371361,9.15773807600077e-05
FL-2009-000261-PER,FL-2009-000261-PER,0.3977824565467707,9.918734253341958e-05,0.9204310126131963,9.129510612644734e-05
FL-2018-000092-MNG,FL-2018-000092-MNG,0.39294376699265604,8.776150098643623e-05,1.031500359443832,9.052601981283917e-05
FL-2024-000048-URY,FL-2024-000048-URY,0.3947704789022081,9.192776150709156e-05,0.9844872518135657,9.050170929148945e-05
FL-2002-000321-HTI,FL-2002-000321-HTI,0.39432099727652875,9.088642800207834e-05,0.9930427130308388,9.025410504086588e-05
FL-2007-000209-PNG,FL-2007-000209-PNG,0.3873488250336204,7.60365545384326e-05,1.1865949732954428,9.022459340200892e-05
FL-2002-000734-MAR,FL-2002-000734-MAR,0.39115714097277987,8.385184665357163e-05,1.0757011498710427,9.019952786405734e-05
FL-2012-000141-NER,FL-2012-000141-NER,0.40057808257192806,0.00010638290220825733,0.8342353499526158,8.874837765268046e-05
Iran: Floods - Apr 1989,Iran: Floods - Apr 1989,0.40127312939261395,0.00010824324135705821,0.814536614424038,8.816808334926221e-05
Iran: Floods - Dec 1986,Iran: Floods - Dec 1986,0.4003656213152379,0.00010582000631792956,0.8224805158651762,8.703489338522692e-05
FF-2009-000201-PHL,FF-2009-000201-PHL,0.3981187001200238,0.00010002896473632864,0.8698163539289835,8.700682939424424e-05
FF-2009-000107-THA,FF-2009-000107-THA,0.3916099458265856,8.482759059839887e-05,1.0240911244438284,8.687118263977504e-05
FL-1999-000547-VEN,FL-1999-000547-VEN,0.3897060303413894,8.079253992176665e-05,1.075232993321348,8.687080453811567e-05
FL-2016-000081-GTM,FL-2016-000081-GTM,0.3947525499994293,9.188602011078888e-05,0.9441251390555963,8.675190151436386e-05
Peru: Floods - Mar 1986,Peru: Floods - Mar 1986,0.3892513155429671,7.985477496761098e-05,1.083828272153741,8.654886277637161e-05
FL-2023-000190-SOM,FL-2023-000190-SOM,0.392017029997399,8.571352193134111e-05,1.0078577783264449,8.638703978625645e-05
Afghanistan: Floods - May 1996,Afghanistan: Floods - May 1996,0.3797564041103619,6.238081783633233e-05,1.3761994142384775,8.584844496607772e-05
FL-2008-000155-CHL,FL-2008-000155-CHL,0.3878181637031918,7.69629058347029e-05,1.1026017644863366,8.485943577333919e-05
FL-2002-000077-PER,FL-2002-000077-PER,0.3876261616646083,7.658272361836378e-05,1.099709656642364,8.421876069508789e-05
FL-2015-000056-COL,FL-2015-000056-COL,0.38680248737904066,7.49708754152692e-05,1.1169319001335634,8.373736233225327e-05
FL-2011-000051-RWA,FL-2011-000051-RWA,0.3862320570274855,7.387256369941935e-05,1.132758005030825,8.36797378826668e-05
FL-2005-000001-CRI,FL-2005-000001-CRI,0.40558332066706,0.00012044835312718173,0.6942423209153187,8.362034422544253e-05
FL-2022-000348-CRI,FL-2022-000348-CRI,0.3963729124101869,9.572815248537417e-05,0.869648665727101,8.324986008142611e-05
FL-2017-000064-IND,FL-2017-000064-IND,0.3906867292614291,8.284887104555623e-05,1.0042415418757316,8.320027800145304e-05
FL-2008-000035-PRY,FL-2008-000035-PRY,0.39179509415857844,8.522949927770892e-05,0.9689476692755781,8.258292467866062e-05
FL-2007-000125-PHL,FL-2007-000125-PHL,0.39522291899780715,9.298678108871367e-05,0.8878873967487101,8.256179099290016e-05
Viet Nam: Floods - Oct 1995,Viet Nam: Floods - Oct 1995,0.38464156914595715,7.088627854598501e-05,1.1585193691423241,8.212312670194162e-05
FF-2012-000062-KEN,FF-2012-000062-KEN,0.3870859946804821,7.55221912086398e-05,1.0853007035511752,8.196428725246315e-05
FL-2006-000031-PER,FL-2006-000031-PER,0.3960728686338548,9.500597918633269e-05,0.8622372185675087,8.191769124090612e-05
FL-2005-000137-CAF,FL-2005-000137-CAF,0.3974358147163766,9.83263702934781e-05,0.8291581427948438,8.15281105802984e-05
FL-2007-000077-CHN,FL-2007-000077-CHN,0.4114585993171828,0.0001390789596343836,0.5852259909488726,8.139262197217039e-05
FL-2016-000130-VCT,FL-2016-000130-VCT,0.39057045552664305,8.260263138943716e-05,0.9845629160937495,8.132748763780133e-05
FL-2021-000127-NER,FL-2021-000127-NER,0.384308793204991,7.02753819734468e-05,1.1513193602048528,8.090940781182041e-05
FL-2006-000171-HTI,FL-2006-000171-HTI,0.38748992542284755,7.631398900406442e-05,1.0599993219511736,8.08927765996976e-05
FL-2011-000131-GIN,FL-2011-000131-GIN,0.38221553866062813,6.654009087459765e-05,1.2042646272999216,8.013187773760025e-05
FL-2012-000191-HTI,FL-2012-000191-HTI,0.4019607426829988,0.00011011244340631044,0.7267675710899211,8.002615304118064e-05
FL-2011-000059-CHN,FL-2011-000059-CHN,0.3859088835647432,7.325676911337339e-05,1.0913766390536792,7.995072646288482e-05
FL-2010-000162-HND,FL-2010-000162-HND,0.38142593774271283,6.517817954418157e-05,1.2241609596770127,7.978858282080594e-05
FL-2016-000054-HTI,FL-2016-000054-HTI,0.38296948697242056,6.786435567030033e-05,1.16982926460923,7.938970928696667e-05
FL-2008-000091-SOM,FL-2008-000091-SOM,0.3895291873918094,8.042666283819479e-05,0.9854190784086135,7.92539679734942e-05
FL-2005-000110-BIH,FL-2005-000110-BIH,0.39046089461810307,8.237121081589736e-05,0.9602566282387353,7.909750116201565e-05
FL-2018-000134-IND,FL-2018-000134-IND,0.39031669377878486,8.206751133205645e-05,0.9601907828334073,7.880046795111681e-05
FL-2006-000013-MWI,FL-2006-000013-MWI,0.3906442484858571,8.275883054903785e-05,0.9463273276685,7.831694295444121e-05
Russia: Floods - Sep 1994,Russia: Floods - Sep 1994,0.3944706932714819,9.123204997915194e-05,0.8535275801300156,7.78690708490062e-05
Zambia: Floods - Apr 2004,Zambia: Floods - Apr 2004,0.3954644512329737,9.355661572300601e-05,0.8301170229297365,7.766293931936313e-05
FF-2014-000048-KAZ,FF-2014-000048-KAZ,0.38265959429911506,6.731720367003679e-05,1.1524100484085351,7.757702194011431e-05
FL-2004-000022-AFG,FL-2004-000022-AFG,0.38516815809779803,7.186273925150689e-05,1.0740305380391386,7.718277650326226e-05
FL-2008-000166-GTM,FL-2008-000166-GTM,0.38866132434308037,7.865263226589705e-05,0.9801994697852303,7.709526844424499e-05
FL-2023-000229-ETH,FL-2023-000229-ETH,0.3914835641798992,8.455422943958273e-05,0.9110164433296456,7.703029337252747e-05
FL-2011-000161-SOM,FL-2011-000161-SOM,0.3884347788917123,7.819537732248129e-05,0.9834528228611097,7.690146456248382e-05
FL-2020-000165-NPL,FL-2020-000165-NPL,0.38482007638365157,7.121594058571773e-05,1.0774034394387852,7.672829932992046e-05
FL-2019-000051-LBY,FL-2019-000051-LBY,0.381871708945861,6.594393330221214e-05,1.1558008867153804,7.62180565841967e-05
FL-2002-000026-SEN,FL-2002-000026-SEN,0.38524722253080934,7.201039003477336e-05,1.0546693276059735,7.59471496386183e-05
Paraguay: Floods - Jun 1995,Paraguay: Floods - Jun 1995,0.3862426817782682,7.389288761431049e-05,1.0277326980250474,7.594213675271694e-05
FF-2022-000278-MNG,FF-2022-000278-MNG,0.38326922010082987,6.839737427124467e-05,1.1090906111433032,7.585888563109199e-05
FL-1990-000004-VNM,FL-1990-000004-VNM,0.37609399908598296,5.661924048217847e-05,1.3388746942864604,7.580606829130829e-05
FL-2024-000020-PAK,FL-2024-000020-PAK,0.3820898142645221,6.632154035192784e-05,1.1424260343540067,7.576745433650216e-05
FL-2003-000624-HTI,FL-2003-000624-HTI,0.39632190512949084,9.560503594544813e-05,0.7906381692162378,7.558899058776172e-05
FL-2013-000006-IDN,FL-2013-000006-IDN,0.39057509236865795,8.261243847569168e-05,0.9117255836627187,7.531987368705044e-05
FF-2021-000189-BIH,FF-2021-000189-BIH,0.38134825205894274,6.504555161483394e-05,1.1516117071745788,7.49072187392711e-05
Chad: Floods - Sep 1988,Chad: Floods - Sep 1988,0.3835516394367199,6.890304805458904e-05,1.0852717500654687,7.477853154704894e-05
FL-2005-000132-MKD,FL-2005-000132-MKD,0.38487830925897604,7.132378148094164e-05,1.0452123135987392,7.454849465630593e-05
LS-2011-000104-ECU,LS-2011-000104-ECU,0.38480313947866274,7.118460285595106e-05,1.046388478883193,7.448674830234282e-05
FL-2002-000265-KEN,FL-2002-000265-KEN,0.3893018492416308,7.995850526360329e-05,0.9272835596446518,7.414420738469969e-05
FL-2022-000356-ETH,FL-2022-000356-ETH,0.3868092493259566,7.498398259473646e-05,0.9852801574957187,7.388023018059818e-05
FL-2019-000116-ETH,FL-2019-000116-ETH,0.37531370477501036,5.5455449761883515e-05,1.3310225871226296,7.381245621211121e-05
FL-2009-000132-GHA,FL-2009-000132-GHA,0.38596118738173046,7.335611760117413e-05,1.00457015880135,7.3691366707662e-05
FL-2009-000140-MNG,FL-2009-000140-MNG,0.38388116406693834,6.949731573525386e-05,1.0589605890169638,7.359491840610234e-05
FL-2020-000237-LKA,FL-2020-000237-LKA,0.3827066144324828,6.739996690763818e-05,1.0827634742900054,7.297822233594571e-05
FL-2017-000053-THA,FL-2017-000053-THA,0.3825335002157956,6.709570849607974e-05,1.0792293459598103,7.241165759693423e-05
FL-2010-000107-PHL,FL-2010-000107-PHL,0.3837943593360658,6.934032546232381e-05,1.0440934584066572,7.239778021900086e-05
FL-1999-000391-MEX,FL-1999-000391-MEX,0.3877082182956786,7.67449962043997e-05,0.9381273009124613,7.199657614777059e-05
FL-2012-000054-HTI,FL-2012-000054-HTI,0.3859476892798976,7.333046702897916e-05,0.9604428383587891,7.042972189148834e-05
FL-2011-000107-MMR,FL-2011-000107-MMR,0.37837607614491114,6.015014678585952e-05,1.1654079728699487,7.00994606335384e-05
FL-2010-000125-IND,FL-2010-000125-IND,0.38999156268492335,8.138645149683346e-05,0.8556559783131277,6.963880377695695e-05
FL-2000-000770-IDN,FL-2000-000770-IDN,0.3878962142976699,7.711793838034011e-05,0.9023361566151682,6.958630412420146e-05
1986-04-01T00:00:00+00:00,1986-04-01T00:00:00+00:00,0.38838219690708725,7.80895895662972e-05,0.8870822721015816,6.927189053995087e-05
FL-2001-000117-PER,FL-2001-000117-PER,0.3877484076551734,7.682458624725972e-05,0.8990840283213932,6.907175847731057e-05
FL-2009-000133-ZAF,FL-2009-000133-ZAF,0.38091283455684355,6.430667594144515e-05,1.0731148513908544,6.900844899634375e-05
FL-2009-000089-BRA,FL-2009-000089-BRA,0.38907530614581953,7.949442612808615e-05,0.8672804440779367,6.894396119408729e-05
FL-2024-000120-NER,FL-2024-000120-NER,0.3808362356846535,6.417747673019055e-05,1.0706246794411112,6.870999045159964e-05
FL-2013-000123-CMR,FL-2013-000123-CMR,0.38679263367701144,7.495177895104088e-05,0.9165585894511755,6.869769679222235e-05
FL-2002-000242-AFG,FL-2002-000242-AFG,0.3850720220116236,7.168357469907258e-05,0.9583348849806268,6.869687031423589e-05
FL-1998-000080-ARG,FL-1998-000080-ARG,0.3864510311149759,7.429245400192348e-05,0.9225861223252123,6.854118705565878e-05
FL-2002-000054-IDN,FL-2002-000054-IDN,0.3857007261209894,7.286258327835714e-05,0.9334375249456206,6.801266939649385e-05
FL-2001-000029-BOL,FL-2001-000029-BOL,0.38334935237091483,6.854051115910249e-05,0.9901822298032961,6.78675961713778e-05
FL-2016-000042-KEN,FL-2016-000042-KEN,0.3798146993595704,6.247664290578887e-05,1.0774902859535458,6.731797582997602e-05
FL-2016-000011-TZA,FL-2016-000011-TZA,0.3797339491572784,6.23439419426973e-05,1.076733992508393,6.712784151667192e-05
FL-2017-000078-NER,FL-2017-000078-NER,0.37048218111185016,4.871618239613273e-05,1.3737310931814115,6.692293449866445e-05
FL-2011-000164-CAF,FL-2011-000164-CAF,0.3856528825719519,7.27722526381602e-05,0.9191458685754219,6.68883153592918e-05
FL-2007-000161-UGA,FL-2007-000161-UGA,0.38429644079452385,7.025279740516252e-05,0.9520505600973528,6.688421511799084e-05
FL-2017-000088-SDN,FL-2017-000088-SDN,0.37974189900046545,6.235699506207276e-05,1.0719224581628997,6.684186343058883e-05
FL-2005-000153-THA,FL-2005-000153-THA,0.37494810848419613,5.4917615284898365e-05,1.2142364677237614,6.668297119934743e-05
FL-2006-000151-PAN,FL-2006-000151-PAN,0.386937150559012,7.523229172274899e-05,0.8861876983942245,6.666993144670578e-05
FL-2004-000116-CAF,FL-2004-000116-CAF,0.38907775157760305,7.949942268509105e-05,0.8356212418186781,6.643140630798377e-05
FL-2008-000010-BRA,FL-2008-000010-BRA,0.38494638114539326,7.145002944692976e-05,0.9286542498207508,6.635237349570911e-05
FL-2021-000078-GTM,FL-2021-000078-GTM,0.379125567657589,6.135228409668382e-05,1.0813671758288972,6.634434618428314e-05
FL-1999-000371-IND,FL-1999-000371-IND,0.39540872810918104,9.342487284437973e-05,0.709212471829804,6.625808500034768e-05
Bolivia: Landslides/Floods - Mar 1994,Bolivia: Landslides/Floods - Mar 1994,0.3909483672238494,8.340537447539223e-05,0.7919956578021904,6.605669442187629e-05
FL-2012-000003-BRA,FL-2012-000003-BRA,0.3831126737539764,6.81185180642064e-05,0.950877679977288,6.477237842038357e-05
FL-2018-000043-TZA,FL-2018-000043-TZA,0.3848446278665555,7.126138933233301e-05,0.9072074068086312,6.464886022176609e-05
Iran: Floods - Nov 1994,Iran: Floods - Nov 1994,0.39021788195261115,8.185998731661105e-05,0.7892158406827257,6.460519870835645e-05
FL-2008-000102-CIV,FL-2008-000102-CIV,0.38087723442913696,6.424660016856346e-05,1.005572576008324,6.460461923127918e-05
FF-2008-000063-PHL,FF-2008-000063-PHL,0.3844928130322423,7.061260987064386e-05,0.9110661229691897,6.433275670758344e-05
FF-2005-000067-IDN,FF-2005-000067-IDN,0.3844172576500262,7.047397405633978e-05,0.9074775324699321,6.395354807999724e-05
FL-2011-000096-PRK,FL-2011-000096-PRK,0.3847302960873009,7.10499648436484e-05,0.8967115844943416,6.371132655321521e-05
FF-2008-000082-PHL,FF-2008-000082-PHL,0.3796141249034047,6.21474960449265e-05,1.0221858264656736,6.352628960745538e-05
FL-1997-000530-PER,FL-1997-000530-PER,0.37966146385772137,6.222503923342992e-05,1.015600331174714,6.319577045283099e-05
FL-2007-000177-SLE,FL-2007-000177-SLE,0.3777530557561979,5.916704253647442e-05,1.0656581908077745,6.305184350486596e-05
FF-2014-000060-AFG,FF-2014-000060-AFG,0.37275015131164757,5.17819360697047e-05,1.2150620330886253,6.29182645181206e-05
FL-2017-000004-THA,FL-2017-000004-THA,0.376487555250439,5.7214519137001465e-05,1.0982925831634236,6.283828201743047e-05
FL-2010-000049-AGO,FL-2010-000049-AGO,0.3859572992183708,7.334872805920815e-05,0.8544449470857646,6.267245006535824e-05
El Salvador: Floods in South Eastern Region - Oct 1992,El Salvador: Floods in South Eastern Region - Oct 1992,0.3813284929076207,6.501185681590672e-05,0.9628448857586056,6.259633384886653e-05
FL-2020-000050-AFG,FL-2020-000050-AFG,0.3700888582974541,4.820145039567328e-05,1.297519598929159,6.254232658519775e-05
FL-1999-000428-VNM,FL-1999-000428-VNM,0.3815858242104161,6.545190996833996e-05,0.9536527315229473,6.241839272470142e-05
FL-2004-000031-CHN,FL-2004-000031-CHN,0.3968358767470038,9.685215429872392e-05,0.6434879492593721,6.232319415103813e-05
FL-2003-000273-TJK,FL-2003-000273-TJK,0.3793310742658733,6.168565910775136e-05,1.0016291954033019,6.178615710001935e-05
FL-2003-000621-BOL,FL-2003-000621-BOL,0.38205222572461595,6.625632462357387e-05,0.9320569428848113,6.175466737543191e-05
FL-2014-000070-LKA,FL-2014-000070-LKA,0.3702886224509787,4.8462261924663956e-05,1.2712089853111195,6.160566280713377e-05
1985-11-01T00:00:00+00:00,1985-11-01T00:00:00+00:00,0.38777816064771564,7.688355620626425e-05,0.7962481269445691,6.121838762207541e-05
FL-2009-000010-FJI,FL-2009-000010-FJI,0.37705466154317413,5.808221145621762e-05,1.0467452570561262,6.079727936112679e-05
FL-1999-000651-CHN,FL-1999-000651-CHN,0.3778240802529093,5.9278381588204506e-05,1.0240023009480381,6.070119914279723e-05
FL-2010-000075-TJK,FL-2010-000075-TJK,0.37610744764903764,5.663948994019431e-05,1.0707477241626986,6.0646604951199115e-05
FL-2019-000089-SLE,FL-2019-000089-SLE,0.3757347134841642,5.6080671657528144e-05,1.0808607361671503,6.061539605250411e-05
FL-2017-000075-CHN,FL-2017-000075-CHN,0.37524586187436404,5.5355288226477056e-05,1.0948289270937435,6.06045708179588e-05
FL-2021-000091-PHL,FL-2021-000091-PHL,0.3792891756438409,6.161755870575022e-05,0.9804501633100483,6.041294549581929e-05
FF-2008-000216-PSE,FF-2008-000216-PSE,0.37885039602117476,6.0908437088185016e-05,0.9874551540726246,6.01443501292365e-05
FL-2009-000178-GIN,FL-2009-000178-GIN,0.37579783082939866,5.61749493463631e-05,1.068515319346453,6.002379394009999e-05
FL-2010-000015-PSE,FL-2010-000015-PSE,0.37424378509718814,5.389468890065761e-05,1.1058643718376864,5.960021628651326e-05
FL-1998-000040-URY,FL-1998-000040-URY,0.3768832236698277,5.7818664998819704e-05,1.0305409604819116,5.958450256166554e-05
FL-2005-000209-THA,FL-2005-000209-THA,0.3714103272431847,4.995049005788889e-05,1.1913966804489575,5.951084804176748e-05
FL-2019-000067-UGA,FL-2019-000067-UGA,0.37600743599393677,5.648905857631028e-05,1.0531125508651717,5.948933657327022e-05
Brazil: Floods - Apr 1989,Brazil: Floods - Apr 1989,0.3772250135865287,5.834515911008913e-05,1.0184196369495275,5.941985575865939e-05
FL-2012-000056-PRY,FL-2012-000056-PRY,0.37045879094011713,4.868543446132574e-05,1.2200522670934264,5.9398774688968895e-05
FL-2006-000091-PRK,FL-2006-000091-PRK,0.38535301143573986,7.220837512582038e-05,0.8137351057804316,5.875848977124253e-05
FL-2024-000022-PER,FL-2024-000022-PER,0.37541892081687384,5.5611110724316265e-05,1.0537115612771992,5.859807030567849e-05
FL-1999-000071-MOZ,FL-1999-000071-MOZ,0.3770969973344061,5.81474592681809e-05,1.007486678899522,5.8582790624544806e-05
FL-2019-000094-GTM,FL-2019-000094-GTM,0.37172385803987273,5.037375893138821e-05,1.1627948729486577,5.857434861656986e-05
FL-1993-000013-PHL,FL-1993-000013-PHL,0.37221840409671103,5.104796423442656e-05,1.133970277619954,5.7886874174846166e-05
FL-2005-000065-GEO,FL-2005-000065-GEO,0.3714432928372475,4.999484276705255e-05,1.1559686487957939,5.779247084018791e-05
FL-1998-000111-TJK,FL-1998-000111-TJK,0.37534673682102593,5.55042764529531e-05,1.0388109267052203,5.765844885819495e-05
FL-2010-000249-IND,FL-2010-000249-IND,0.3702076917314504,4.835644634549912e-05,1.1839008478756656,5.724923782869054e-05
FL-2008-000175-UGA,FL-2008-000175-UGA,0.378617304868363,6.053472823017756e-05,0.9427683053348588,5.707022314747074e-05
FL-2009-000045-BOL,FL-2009-000045-BOL,0.38082690346197695,6.416175205882721e-05,0.8880873516614503,5.6981240463882464e-05
FL-2019-000048-TZA,FL-2019-000048-TZA,0.36888144409615975,4.665176657032074e-05,1.2213880740169378,5.6979911320811814e-05
FL-2002-000225-ETH,FL-2002-000225-ETH,0.3762105976756417,5.679501944629834e-05,1.0009847442519026,5.685094801523478e-05
FL-2012-000068-DOM,FL-2012-000068-DOM,0.36623001889176593,4.3404963342775275e-05,1.3071503900505754,5.6736814763639627e-05
FL-2008-000205-IDN,FL-2008-000205-IDN,0.378531359504366,6.039745589973989e-05,0.9367613520933382,5.65780024516381e-05
FL-1991-000009-VNM,FL-1991-000009-VNM,0.3702314422956279,4.838747823733164e-05,1.1677435677731713,5.6504166472408334e-05
FL-2006-000112-ETH,FL-2006-000112-ETH,0.37362950010288043,5.3016565315034525e-05,1.0654891162362259,5.6488573323396284e-05
FL-2015-000065-GHA,FL-2015-000065-GHA,0.37360566852030735,5.298275893559938e-05,1.0654801946479941,5.645208030369018e-05
FL-2009-000174-NER,FL-2009-000174-NER,0.37892234557009324,6.102421053718321e-05,0.9234579036877298,5.6353289536865885e-05
FL-2018-000046-RUS,FL-2018-000046-RUS,0.3664114833546949,4.362051213642037e-05,1.2878965212237008,5.617870583449201e-05
FL-2021-000007-SYR,FL-2021-000007-SYR,0.37397797767406427,5.3513121885006923e-05,1.0486817242043107,5.611823292592449e-05
FL-2008-000231-PAN,FL-2008-000231-PAN,0.3766191778828838,5.741486000192043e-05,0.9748120178597551,5.59686955336074e-05
FL-2015-000037-HTI,FL-2015-000037-HTI,0.3746758678331731,5.4520172222970104e-05,1.0256893838267023,5.5920761853503894e-05
FL-2019-000163-UGA,FL-2019-000163-UGA,0.37656219734598717,5.7328053400072705e-05,0.9750374650400142,5.5896999862885454e-05
FL-2016-000009-IDN,FL-2016-000009-IDN,0.370404239296674,4.86137905613815e-05,1.1491797495702376,5.586598366298837e-05
FL-2005-000002-GUY,FL-2005-000002-GUY,0.3739590397749269,5.348602950895467e-05,1.0423752684972483,5.5752514370248364e-05
FL-2003-000080-ARG,FL-2003-000080-ARG,0.37979027016347444,6.243647035614644e-05,0.8916407850854717,5.56709034463202e-05
FL-2022-000365-PAN,FL-2022-000365-PAN,0.3675508010034592,4.499598211125876e-05,1.231111202769136,5.5395057656770296e-05
FF-2008-000202-MAR,FF-2008-000202-MAR,0.37811689838997237,5.973940161462111e-05,0.9260497109629775,5.532165559832111e-05
FL-2021-000145-BEN,FL-2021-000145-BEN,0.3731231305798188,5.2302413005166845e-05,1.0516858033389702,5.5005705237905495e-05
FF-2013-000088-AFG,FF-2013-000088-AFG,0.36974605748253564,4.775683303567723e-05,1.1438540269668271,5.4626845783041804e-05
FL-2010-000121-DOM,FL-2010-000121-DOM,0.3729464052684326,5.205521620269237e-05,1.0483997898689967,5.4574677728487876e-05
FL-2023-000168-LBY,FL-2023-000168-LBY,0.3694818933629896,4.741673043779438e-05,1.1504384598927777,5.455003033800716e-05
Benin: Floods - Sep 1994,Benin: Floods - Sep 1994,0.3809336901341734,6.434189353496013e-05,0.8448106334634848,5.435671583550977e-05
FL-1998-000251-SDN,FL-1998-000251-SDN,0.3699165881984978,4.797755020146023e-05,1.131419011075252,5.428271240274939e-05
USA: Storms and Tornadoes - Apr 2011,USA: Storms and Tornadoes - Apr 2011,0.36178424402596043,3.841461552345417e-05,1.4111840373957132,5.421009222939209e-05
FL-2001-000407-IDN,FL-2001-000407-IDN,0.37922190406029405,6.150835959750288e-05,0.8809214759172519,5.4184034917881305e-05
FF-2024-000156-LAO,FF-2024-000156-LAO,0.36373214995074654,4.053376043902936e-05,1.3358685400072998,5.41477753786918e-05
FL-1999-000259-KHM,FL-1999-000259-KHM,0.3650667546895943,4.204582236896026e-05,1.280488038773529,5.3839172623850094e-05
ST-1998-000296-PHL,ST-1998-000296-PHL,0.37035007653100227,4.854275127118902e-05,1.108207062894622,5.379541981106856e-05
FL-2023-000103-DOM,FL-2023-000103-DOM,0.36909173309287036,4.691839852963721e-05,1.142430234483892,5.360099703382213e-05
FL-2016-000102-SEN,FL-2016-000102-SEN,0.3759676576732313,5.642932650063136e-05,0.9497600525846711,5.3594320104557216e-05
FF-2020-000140-IDN,FF-2020-000140-IDN,0.37170894263815163,5.035355013433655e-05,1.0585469561406466,5.33015972255774e-05
Algeria: Floods - Nov 1994,Algeria: Floods - Nov 1994,0.3710207871680583,4.9429068363406824e-05,1.0762250844313983,5.3196803272772866e-05
FL-2010-000153-PRK,FL-2010-000153-PRK,0.3649725175589764,4.193741265680122e-05,1.2596250358956325,5.282541492319319e-05
FL-2014-000150-SOM,FL-2014-000150-SOM,0.36704982437013495,4.438642896640259e-05,1.18193675754845,5.246195193170448e-05
FL-2016-000045-ETH,FL-2016-000045-ETH,0.3727713657507248,5.181141442430396e-05,1.0095022581351816,5.230373985851257e-05
1996-07-01-CO-Flood,1996-07-01-CO-Flood,0.38250446848114755,6.704480472712024e-05,0.7739776904641869,5.1891183120318925e-05
FL-2025-000032-IRQ,FL-2025-000032-IRQ,0.3807064728017882,6.395913886779536e-05,0.8107511442535587,5.1854945022537345e-05
FL-1995-000012-PHL,FL-1995-000012-PHL,0.3628052845711097,3.951263958508038e-05,1.3115398697141116,5.182240217347697e-05
FL-2019-000081-MMR,FL-2019-000081-MMR,0.37131821043350755,4.982674153980433e-05,1.0383332562250227,5.1736762790107636e-05
FL-2011-000045-GTM,FL-2011-000045-GTM,0.3629107453973222,3.9627645919997093e-05,1.3016118343545413,5.157981289707967e-05
FL-2010-000150-MEX,FL-2010-000150-MEX,0.3630808546652402,3.981378718585908e-05,1.2934881621677183,5.1498662415973515e-05
FL-2016-000019-HTI,FL-2016-000019-HTI,0.3735464994347588,5.289890827709308e-05,0.9718383703338016,5.140918881244738e-05
FL-2015-000113-PRK,FL-2015-000113-PRK,0.36554145056562437,4.259575388055977e-05,1.2051154702949778,5.133280197033992e-05
FL-2005-000062-TZA,FL-2005-000062-TZA,0.378376650204818,6.01510593706021e-05,0.8523963030224688,5.1272540630386257e-05
FL-2000-000299-GTM,FL-2000-000299-GTM,0.3772532317383934,5.838881864540949e-05,0.8719053948333257,5.0909525974877215e-05
FL-2024-000182-SLE,FL-2024-000182-SLE,0.3660345370555845,4.317383726984921e-05,1.178286929715142,5.087116816071179e-05
FF-2006-000046-KEN,FF-2006-000046-KEN,0.3683821725746802,4.602417883918281e-05,1.1036482173283537,5.0794502929865446e-05
FL-2001-000417-SDN,FL-2001-000417-SDN,0.36637633510117756,4.357868694165289e-05,1.163963410402066,5.0723997073450275e-05
FL-2019-000062-SSD,FL-2019-000062-SSD,0.3695435497130621,4.749591534306704e-05,1.0669924753090707,5.067778427896917e-05
FL-2017-000091-MMR,FL-2017-000091-MMR,0.36586270137948235,4.297158442510707e-05,1.1626994974476923,4.996303961560307e-05
FL-2011-000190-AGO,FL-2011-000190-AGO,0.37574575226639817,5.6097149884056936e-05,0.8834264830455577,4.955770783095193e-05
FF-2020-000191-AFG,FF-2020-000191-AFG,0.3634089718173984,4.017505216913811e-05,1.231578444091277,4.9478728241752996e-05
FL-2024-000074-ETH,FL-2024-000074-ETH,0.36775986297291396,4.525257420923958e-05,1.0897711550904126,4.9314950066817626e-05
FL-2010-000120-BRA,FL-2010-000120-BRA,0.36233242267343785,3.900066196450831e-05,1.2635202173548898,4.927812488238012e-05
FL-2007-000227-ZWE,FL-2007-000227-ZWE,0.37253900080517216,5.1489355295447056e-05,0.9473870176389487,4.8780346753505796e-05
FL-2015-000169-KEN,FL-2015-000169-KEN,0.368640055051926,4.6347383624909124e-05,1.0437478752458738,4.83749831817043e-05
Brazil: Floods - Dec 1989,Brazil: Floods - Dec 1989,0.3694246457747046,4.7343314076558825e-05,1.0188400740791148,4.823526562091199e-05
FL-2007-000165-BEN,FL-2007-000165-BEN,0.37065372336607183,4.894222073672498e-05,0.9807232123464087,4.799877194028794e-05
FL-2009-000237-THA,FL-2009-000237-THA,0.3686949772365148,4.6416481022175966e-05,1.0324588619508415,4.7923107171918626e-05
ST-2012-000061-VNM,ST-2012-000061-VNM,0.35681988657150987,3.345727055086294e-05,1.4292565034998714,4.781902152417558e-05
FL-2018-000164-HND,FL-2018-000164-HND,0.3635808667660246,4.036548793214273e-05,1.1796924207248134,4.7618860172407705e-05
FL-2007-000200-MEX,FL-2007-000200-MEX,0.36656015286331,4.379782354552799e-05,1.0804286921791404,4.732042521358757e-05
FL-2022-000292-LAO,FL-2022-000292-LAO,0.3632703736162099,4.0022093826478316e-05,1.1820410408414914,4.730775744330626e-05
FL-2022-000287-TCD,FL-2022-000287-TCD,0.3669574341574832,4.427483022929035e-05,1.0617334466933017,4.700806810110523e-05
FL-2024-000008-ZAF,FL-2024-000008-ZAF,0.3645090799191686,4.1407929059833106e-05,1.1347418062917907,4.6987308216157345e-05
FL-2023-000169-BRA,FL-2023-000169-BRA,0.3644234151241989,4.131071741528387e-05,1.1172435166273167,4.615413119944909e-05
FL-2002-000376-RUS,FL-2002-000376-RUS,0.3701375967921584,4.826496646217175e-05,0.9555833880945447,4.612120017819165e-05
FL-2006-000125-THA,FL-2006-000125-THA,0.36505267918534856,4.202961400506489e-05,1.0964339239819898,4.608269460702169e-05
Bangladesh: Floods - Jul 1991,Bangladesh: Floods - Jul 1991,0.3777845898981985,5.921645267183033e-05,0.7760463103390562,4.595470960734128e-05
FL-2002-000510-MEX,FL-2002-000510-MEX,0.373574955499719,5.293921948050803e-05,0.867985419385465,4.595047062272794e-05
FL-2021-000001-MYS,FL-2021-000001-MYS,0.3640883557203737,4.093246464985612e-05,1.117116405697843,4.572632778600129e-05
1,1,0.3566773807703255,3.332388965863928e-05,1.3688588888282904,4.561570256956152e-05
FL-2024-000015-ECU,FL-2024-000015-ECU,0.36486350283924496,4.1812316795448834e-05,1.0902025804351165,4.558389566436888e-05
Sri Lanka: Floods and Landslides - Feb 1986,Sri Lanka: Floods and Landslides - Feb 1986,0.3627027167781209,3.940107637242369e-05,1.1439959056746454,4.507467004922671e-05
FL-2023-000189-MMR,FL-2023-000189-MMR,0.3701851293021112,4.8326983431707994e-05,0.9311581587735362,4.500006491134841e-05
Indonesia: Floods and Landslides - Feb 1990,Indonesia: Floods and Landslides - Feb 1990,0.36318377588698814,3.99267899652737e-05,1.126768567319263,4.498825192682857e-05
FF-2017-000122-CMR,FF-2017-000122-CMR,0.36275906162104354,3.946232763829444e-05,1.1398719755326612,4.498200136417982e-05
FL-2007-000122-VNM,FL-2007-000122-VNM,0.3592546722694481,3.5811643326056414e-05,1.2537362894429918,4.489835682246585e-05
China: Floods - Jul 2018,China: Floods - Jul 2018,0.3637602768785422,4.05651155711682e-05,1.1041913871780773,4.4791651233567234e-05
FF-2005-000072-TJK,FF-2005-000072-TJK,0.35570824888878494,3.2429433792195264e-05,1.3809450525369613,4.4783266151907e-05
FL-2023-000216-KEN,FL-2023-000216-KEN,0.3609308050293342,3.75179846831571e-05,1.19256578459642,4.474266484014571e-05
FF-2008-000233-PHL,FF-2008-000233-PHL,0.3710480529121002,4.9465405036409504e-05,0.9037156037455046,4.470265837699474e-05
FL-2010-000152-THA,FL-2010-000152-THA,0.35819608302449535,3.477029089253252e-05,1.2831284616978387,4.4614749865721624e-05
FL-2013-000076-PRY,FL-2013-000076-PRY,0.357893929253929,3.44780994229206e-05,1.291359570120468,4.45236236493535e-05
FL-2021-000126-MYS,FL-2021-000126-MYS,0.36573090679329023,4.281703873397093e-05,1.0369812416402933,4.440046598971371e-05
FL-2008-000079-LKA,FL-2008-000079-LKA,0.36860205324469225,4.6299627894136206e-05,0.9571957497487085,4.431780703521392e-05
FL-2019-000058-TJK,FL-2019-000058-TJK,0.36902794706441366,4.68373776966026e-05,0.9455169340537894,4.4285533758811035e-05
FL-2012-000083-HND,FL-2012-000083-HND,0.35671143599841243,3.335572067581452e-05,1.3246832560031157,4.4185764671168424e-05
FL-2003-000482-MEX,FL-2003-000482-MEX,0.3668618969267285,4.4159695827144556e-05,1.0003169105139786,4.417369049904628e-05
FL-2014-000008-BOL,FL-2014-000008-BOL,0.36749714028968605,4.493033320392838e-05,0.9806451897228388,4.406071512907671e-05
FL-2018-000065-TJK,FL-2018-000065-TJK,0.35367712627821846,3.062455110504829e-05,1.4353974911294434,4.395840382315174e-05
FL-2009-000192-MEX,FL-2009-000192-MEX,0.367748312814815,4.5238363835149443e-05,0.966761847016349,4.373472417726668e-05
FL-2003-000028-BRA,FL-2003-000028-BRA,0.3718781102357667,5.058318290442149e-05,0.8631256388343357,4.365964205865284e-05
FL-2013-000083-THA,FL-2013-000083-THA,0.3619679670278405,3.861014085869015e-05,1.1294300963517903,4.360745511018661e-05
Iran: Floods - May 1992,Iran: Floods - May 1992,0.3763862367349858,5.70607325122884e-05,0.7638289675273252,4.358464040121413e-05
FL-2008-000038-ARG,FL-2008-000038-ARG,0.36628257523536845,4.346729247386771e-05,0.9962518718082016,4.330437148952526e-05
FL-2019-000083-NPL,FL-2019-000083-NPL,0.3628020523680105,3.9509119576920316e-05,1.0942813443525146,4.323409248481661e-05
FL-2023-000167-LBR,FL-2023-000167-LBR,0.36175998002004073,3.838885953173589e-05,1.1239561416844555,4.3147394442956405e-05
FL-2024-000168-DZA,FL-2024-000168-DZA,0.3639220937519373,4.0745929042429823e-05,1.0502118589927467,4.279185788603677e-05
FF-2023-000107-GEO,FF-2023-000107-GEO,0.3687888332727456,4.653477557616933e-05,0.9175232708403509,4.269673949446856e-05
FF-2007-000082-PAK,FF-2007-000082-PAK,0.365210333976561,4.221147987257604e-05,1.0098825024924718,4.26286349276277e-05
FL-2013-000041-GHA,FL-2013-000041-GHA,0.36704641109844405,4.4382301553945385e-05,0.9596316941627985,4.2590663231056816e-05
FL-2020-000242-COL,FL-2020-000242-COL,0.3618110332015404,3.844307002010948e-05,1.1047518015144244,4.2470050860461105e-05
FL-2001-000079-ROM,FL-2001-000079-ROM,0.36631228816818456,4.350256612311547e-05,0.9754964355574846,4.243659819070292e-05
FL-2007-000231-BOL,FL-2007-000231-BOL,0.3650190904854873,4.199095833165714e-05,1.0056777966466628,4.222937445406278e-05
FL-2004-000055-TJK,FL-2004-000055-TJK,0.3586571308817083,3.5220433718174946e-05,1.196880781045007,4.215466021735313e-05
FL-2011-000129-MLI,FL-2011-000129-MLI,0.3686176661457079,4.6319242795919595e-05,0.9069557018258996,4.20095013580175e-05
FL-2011-000180-PAN,FL-2011-000180-PAN,0.3645334681234502,4.1435642200446486e-05,1.008200937283557,4.1775453303436256e-05
FL-2006-000190-BDI,FL-2006-000190-BDI,0.37626640071346773,5.687931932907055e-05,0.7328323699678426,4.1683006386080494e-05
FL-2003-000212-AZE,FL-2003-000212-AZE,0.3649988141013921,4.1967638674605505e-05,0.9848576335172745,4.133214930938002e-05
FL-2011-000198-PER,FL-2011-000198-PER,0.35786670720566227,3.445188374209668e-05,1.1989072405233858,4.130461286806963e-05
Russian Federation: Floods - Apr 2004,Russian Federation: Floods - Apr 2004,0.37071723489980707,4.902614794990412e-05,0.8416206812536089,4.1261420036838526e-05
FL-2017-000043-HTI,FL-2017-000043-HTI,0.36319322651413244,3.99371807761478e-05,1.0311272816379908,4.1180316649994307e-05
FL-2020-000210-VNM,FL-2020-000210-VNM,0.3577845228737444,3.43728464712496e-05,1.1895555246609049,4.0888409418196054e-05
FF-2007-000185-TUN,FF-2007-000185-TUN,0.3670596294254984,4.439828740317666e-05,0.9208073231488003,4.0882268176110204e-05
FL-2009-000095-TJK,FL-2009-000095-TJK,0.3556435386680698,3.237048664281102e-05,1.2601155392859784,4.079055323285537e-05
FL-2015-000153-IRQ,FL-2015-000153-IRQ,0.36294076493465854,3.966043763312738e-05,1.028424531293494,4.078776698374388e-05
FL-2011-000020-BOL,FL-2011-000020-BOL,0.3638781400390449,4.069674374047971e-05,0.9970007790304958,4.0574685213262725e-05
FL-2002-000110-BOL,FL-2002-000110-BOL,0.36730524681616517,4.4696274053042955e-05,0.9049212581915606,4.044660855255443e-05
FL-2010-000194-VNM,FL-2010-000194-VNM,0.35442668271677896,3.127980949795603e-05,1.288695029588998,4.031013502650667e-05
FL-2012-000157-CMR,FL-2012-000157-CMR,0.3600062477821738,3.656793014106752e-05,1.1008538293751604,4.0255945928117526e-05
FL-2023-000176-IDN,FL-2023-000176-IDN,0.3647544863156299,4.1687554808306036e-05,0.9542932210618613,3.978215095621125e-05
1985-06-01-ARG-Flood,1985-06-01-ARG-Flood,0.3665820864578393,4.3824037589873054e-05,0.8967196146811239,3.929787410136206e-05
FL-2014-000152-ETH,FL-2014-000152-ETH,0.36149641928410636,3.811009211729574e-05,1.0270658582017673,3.914157446659875e-05
FL-2009-000171-AFG,FL-2009-000171-AFG,0.36016374948625646,3.672822912338169e-05,1.0657008277559579,3.9141304178798343e-05
FL-2019-000093-NGA,FL-2019-000093-NGA,0.34794291742622907,2.6006386110566918e-05,1.4999999960810835,3.900957906393352e-05
FL-2002-000755-CRI,FL-2002-000755-CRI,0.37566205164078925,5.597231380526255e-05,0.6950172098350388,3.89017213689448e-05
FL-2023-000144-SVN,FL-2023-000144-SVN,0.3505951992807603,2.8058189872164305e-05,1.3855662998699905,3.8876482322224334e-05
China: Floods in Shanxi Province - Aug 1988,China: Floods in Shanxi Province - Aug 1988,0.3603748260355639,3.694404609868805e-05,1.0515735249110678,3.884938078047437e-05
FL-2020-000029-TZA,FL-2020-000029-TZA,0.36030182445114745,3.686927626043903e-05,1.0495762709803076,3.8697117491174375e-05
FL-2004-000020-KEN,FL-2004-000020-KEN,0.3610862806895335,3.7679911941729945e-05,1.0260180821960077,3.866027098776821e-05
FL-2015-000155-NGA,FL-2015-000155-NGA,0.35758403494014596,3.418071994991945e-05,1.1309728897968445,3.8657467617097055e-05
FL-2012-000153-IDN,FL-2012-000153-IDN,0.35868440501108256,3.52472263112215e-05,1.0883954096363029,3.83629193195454e-05
FL-2016-000026-PNG,FL-2016-000026-PNG,0.35478568305935965,3.159809212303613e-05,1.213394111780414,3.834093892558712e-05
FL-2009-000129-CAF,FL-2009-000129-CAF,0.36480768225473637,4.1748392019433944e-05,0.9175805861754851,3.830751402107614e-05
Venezuela: Floods - Sep 1987,Venezuela: Floods - Sep 1987,0.36600685176292186,4.314119353122159e-05,0.8875286831351606,3.828904668364421e-05
FL-2021-000152-GEO,FL-2021-000152-GEO,0.35959129874530477,3.6148621706666116e-05,1.0591574472605578,3.8287081888820074e-05
FL-2010-000115-MMR,FL-2010-000115-MMR,0.3623161533483373,3.8983153560183343e-05,0.9799014922135285,3.8199650344812784e-05
FL-2022-000158-HTI,FL-2022-000158-HTI,0.35452514536245827,3.136681609456856e-05,1.2084069567596751,3.7903878780077996e-05
FL-2006-000056-AFG,FL-2006-000056-AFG,0.36294960031835,3.9670093577217763e-05,0.9546321476865294,3.787034663054499e-05
FF-2019-000018-AFG,FF-2019-000018-AFG,0.3554011386343766,3.215053088839477e-05,1.1776802420532055,3.786304499878381e-05
FL-2014-000098-SDN,FL-2014-000098-SDN,0.3576865978193188,3.427888432345391e-05,1.100317560627309,3.771765837980851e-05
FL-1997-000177-MMR,FL-1997-000177-MMR,0.36271249899056907,3.941170426307753e-05,0.9561349496906492,3.768290787280038e-05
FL-2016-000123-DOM,FL-2016-000123-DOM,0.3596098910052571,3.61673162904272e-05,1.0354648515724754,3.744998479444197e-05
FL-2007-000145-ETH,FL-2007-000145-ETH,0.3582723048114328,3.484435069037924e-05,1.074582595415157,3.7443132800423646e-05
FL-2004-000043-IND,FL-2004-000043-IND,0.37268284986770117,5.168851776028826e-05,0.7238181749939552,3.741308859339449e-05
FL-2021-000049-RWA,FL-2021-000049-RWA,0.3514654388467393,2.8762474957745276e-05,1.2970626710434043,3.730673259451212e-05
FL-2023-000198-TCD,FL-2023-000198-TCD,0.3595242525404718,3.6081278714279773e-05,1.0338289067088517,3.730186892584122e-05
FL-2010-000021-AFG,FL-2010-000021-AFG,0.3576701772470933,3.426315092356294e-05,1.0852931770014216,3.718556391991282e-05
FL-2020-000164-IND,FL-2020-000164-IND,0.35494446426310433,3.173979173759094e-05,1.1662775244540442,3.701740573440449e-05
FL-2009-000113-CHN,FL-2009-000113-CHN,0.3769779637401698,5.796417280136594e-05,0.6385622410411255,3.701373208413528e-05
FL-2008-000086-MEX,FL-2008-000086-MEX,0.3620236879318222,3.866961802466646e-05,0.9563543144258493,3.698185603508936e-05
FL-2018-000419-PRY,FL-2018-000419-PRY,0.35655841141061234,3.3212904867061556e-05,1.1119284382912396,3.693037343994727e-05
FL-2016-000075-BGD,FL-2016-000075-BGD,0.35906842868610317,3.562642233284907e-05,1.0303519065285407,3.670775217344202e-05
FL-2010-000041-SOM,FL-2010-000041-SOM,0.3560289230792739,3.2722976934726295e-05,1.120673451219893,3.6671771495628675e-05
FL-2012-000174-BEN,FL-2012-000174-BEN,0.351563152933125,2.8842540234010327e-05,1.269611453402573,3.661881942632404e-05
Iran: Floods - Dec 1990,Iran: Floods - Dec 1990,0.3640277460310992,4.086437550967455e-05,0.8898231756341812,3.6362068386326274e-05
FL-2006-000041-SRB,FL-2006-000041-SRB,0.36279485479556295,3.950128212498387e-05,0.9124205484011927,3.604178149902801e-05
Peru: Floods - Feb 1987,Peru: Floods - Feb 1987,0.36366231736036436,4.045600725548827e-05,0.8908312469140471,3.603947538857035e-05
FL-2010-000089-AZE,FL-2010-000089-AZE,0.35664662308674344,3.329516431579529e-05,1.0703967476559106,3.5639035596296414e-05
FL-2022-000213-IND,FL-2022-000213-IND,0.35577016590061267,3.2485926920714295e-05,1.0948177964063617,3.5566170925554524e-05
FL-2017-000134-CAF,FL-2017-000134-CAF,0.35752476186548415,3.412410428462761e-05,1.0409891559456468,3.552282251665573e-05
FF-2018-000158-TUN,FF-2018-000158-TUN,0.35624433071268036,3.292150016588105e-05,1.0728594544762617,3.5320142708507304e-05
FL-1998-000329-BEN,FL-1998-000329-BEN,0.35873276657634473,3.529477913576588e-05,0.9960705364253544,3.5156089586776725e-05
FL-2024-000031-MWI,FL-2024-000031-MWI,0.35538759558669963,3.213828158842531e-05,1.0898465961995627,3.50257967968484e-05
FL-2011-000109-PAK,FL-2011-000109-PAK,0.35093003307548476,2.8327312476979386e-05,1.2338103813705061,3.495053221042343e-05
FL-2021-000129-VEN,FL-2021-000129-VEN,0.350697961621349,2.8140539297161604e-05,1.2359545412754298,3.4780427338266575e-05
FL-2024-000045-KEN,FL-2024-000045-KEN,0.3574249088441507,3.402891883075156e-05,1.0196971903586571,3.469919292266017e-05
LS-2010-000190-COL,LS-2010-000190-COL,0.36602830073168136,4.3166482078897356e-05,0.8035449578867475,3.468620902420662e-05
FL-2008-000191-CRI,FL-2008-000191-CRI,0.3754846697332911,5.570858192312028e-05,0.6221635888955922,3.4659851261572627e-05
LS-2022-000283-LKA,LS-2022-000283-LKA,0.35863544892473886,3.5199147644265174e-05,0.9815867798894264,3.455101799098674e-05
FL-2007-000159-RWA,FL-2007-000159-RWA,0.35871149253035683,3.527385374290718e-05,0.9770683724629499,3.446496686707845e-05
FL-2006-000172-COG,FL-2006-000172-COG,0.35629856963299666,3.2971658171515986e-05,1.0447518399142948,3.444720053971652e-05
FL-2005-000184-VNM,FL-2005-000184-VNM,0.35293075527751716,2.9984378764190747e-05,1.1335707457861832,3.39894145976591e-05
FL-2007-000154-MEX,FL-2007-000154-MEX,0.35550552221487863,3.2245083949059354e-05,1.041257826944866,3.357544604245232e-05
FL-2024-000159-NGA,FL-2024-000159-NGA,0.35241829981147665,2.955183931817875e-05,1.132341007881133,3.3462759518287814e-05
FL-2006-000068-CHN,FL-2006-000068-CHN,0.37106354313806544,4.948605934944072e-05,0.6678237967185123,3.3047968039381135e-05
FL-2006-000192-IDN,FL-2006-000192-IDN,0.36088725269215227,3.747273753545455e-05,0.875300643790321,3.2799911289369095e-05
FL-2002-000325-JAM,FL-2002-000325-JAM,0.3546389334232545,3.146763626615843e-05,1.041282547868147,3.276670046661355e-05
FL-2008-000239-NIC,FL-2008-000239-NIC,0.35827341723586537,3.484543261181502e-05,0.9387623897424877,3.271158159027828e-05
FF-2007-000100-MLI,FF-2007-000100-MLI,0.3547846110744075,3.1597137399654245e-05,1.032850525424288,3.2635119965136303e-05
FL-1998-000392-IND,FL-1998-000392-IND,0.34873659287420866,2.6605731390714347e-05,1.2193931606788748,3.2442846892696324e-05
FL-2023-000131-GTM,FL-2023-000131-GTM,0.35338817003396883,3.0375264644425297e-05,1.0605795468095311,3.2215384410804155e-05
FL-2019-000135-GHA,FL-2019-000135-GHA,0.35471138875915675,3.153198609565171e-05,1.0216323108198488,3.221409581964e-05
FF-2020-000221-SOM,FF-2020-000221-SOM,0.3445550509157581,2.358230257106831e-05,1.35732395292219,3.200882414476957e-05
FL-2003-000316-IND,FL-2003-000316-IND,0.3691191505879108,4.6953262899038906e-05,0.6806493039297219,3.195870570946007e-05
FL-2001-000096-UKR,FL-2001-000096-UKR,0.35273615507023337,2.9819459452590652e-05,1.0716577207512192,3.1956253950996696e-05
FL-2024-000055-SOM,FL-2024-000055-SOM,0.35182669721640775,2.905948503431024e-05,1.0908371669471635,3.1699166327770475e-05
FL-2005-000129-SDN,FL-2005-000129-SDN,0.3507078850491466,2.8148503020962905e-05,1.1253207612767273,3.1676094848350236e-05
FL-2022-000331-SLV,FL-2022-000331-SLV,0.3531060991471642,3.013368133632024e-05,1.046746663649171,3.15423304022605e-05
FL-2008-000187-BDI,FL-2008-000187-BDI,0.3681684031198549,4.575780026661271e-05,0.6853457474951481,3.135991382745537e-05
FL-2022-000002-IRN,FL-2022-000002-IRN,0.35181295615986674,2.9048137462974275e-05,1.0761675131954946,3.126066185648991e-05
FL-2014-000045-SLB,FL-2014-000045-SLB,0.34821148782833294,2.6207823064388148e-05,1.1890977676758543,3.1163663901507716e-05
FL-2022-000328-HND,FL-2022-000328-HND,0.35053821220196163,2.8012616366402093e-05,1.1114267603705184,3.113397145761244e-05
FL-2011-000043-VCT,FL-2011-000043-VCT,0.3532409063208958,3.0248922121194956e-05,1.0288152889065125,3.1120553551227785e-05
Peru: Floods - Feb 1994,Peru: Floods - Feb 1994,0.3589333007118943,3.549257648524338e-05,0.8669712406759366,3.077104307019702e-05
FL-2024-000223-LBY,FL-2024-000223-LBY,0.35472234820004694,3.154172981969306e-05,0.9752075934483906,3.07597344306622e-05
Iran: Flash Floods - Jul 1996,Iran: Flash Floods - Jul 1996,0.3528467331476585,2.99130714602641e-05,1.0233099144994446,3.0610342598418635e-05
FL-2000-000583-LAO,FL-2000-000583-LAO,0.3470808930891032,2.536921697356159e-05,1.2022237305473946,3.0499474671021497e-05
FL-2024-000009-COD,FL-2024-000009-COD,0.351153484010414,2.850820130188028e-05,1.0680154458218882,3.0447199323007804e-05
FL-2014-000123-SSD,FL-2014-000123-SSD,0.34622392595958984,2.474974717782527e-05,1.229472017724319,3.0429121600887606e-05
FL-2000-000735-VEN,FL-2000-000735-VEN,0.351245001641061,2.8582586580585687e-05,1.0592626832599326,3.0276467355860537e-05
FL-2024-000209-PAN,FL-2024-000209-PAN,0.3496004426784734,2.727217272887217e-05,1.105818542180244,3.015807428912923e-05
FL-2001-000521-TCD,FL-2001-000521-TCD,0.3519993177465256,2.9202377929611643e-05,1.0298042380611858,3.007273255337851e-05
FF-2006-000163-AFG,FF-2006-000163-AFG,0.3521819689051194,2.9354262318498307e-05,1.0230726450626195,3.0031542794048045e-05
Paraguay: Floods - Feb 1990,name=Paraguay: Floods - Feb 1990,0.3462545835562102,2.4771671433333368e-05,1.2090275213437827,2.994963251258563e-05
1988-08-01T00:00:00+00:00,1988-08-01T00:00:00+00:00,0.3597296730644782,3.628796633452979e-05,0.8249538870093336,2.993589887933419e-05
FL-2001-000332-IND,FL-2001-000332-IND,0.36768113919636664,4.515579845407539e-05,0.6620849087194431,2.9896972697620074e-05
FL-2015-000055-TJK,FL-2015-000055-TJK,0.3420205751947798,2.1903944495533098e-05,1.363091174686871,2.985707343269223e-05
FL-2007-000206-COG,FL-2007-000206-COG,0.3548954762716866,3.169601296451206e-05,0.9410945726804741,2.9828945776512248e-05
FL-2023-000018-MOZ,FL-2023-000018-MOZ,0.3491308626130786,2.690806168024242e-05,1.105614086557909,2.9749932035645097e-05
FL-2020-000054-BDI,FL-2020-000054-BDI,0.3507353009039984,2.817051526634279e-05,1.0550987498746878,2.9722675440844085e-05
FL-2013-000112-CAF,FL-2013-000112-CAF,0.34944946341823724,2.715462311399401e-05,1.0824256912336399,2.939286169435394e-05
FL-1999-000548-YEM,FL-1999-000548-YEM,0.3569293930747548,3.3560091407897314e-05,0.8676218575905326,2.911746884822794e-05
FL-2014-000115-NER,FL-2014-000115-NER,0.3515745239534894,2.8851870473805106e-05,1.0075520123358044,2.9069760155534312e-05
FL-2008-000246-GUY,FL-2008-000246-GUY,0.35208440056193396,2.9273040703406543e-05,0.9929554839580661,2.9066826298575213e-05
Cambodia: Floods - Aug 1994,Cambodia: Floods - Aug 1994,0.3560977226621669,3.278626634050403e-05,0.8858442088700285,2.9043524168205835e-05
FL-2010-000195-MLI,FL-2010-000195-MLI,0.35295970158730194,3.0008980120365037e-05,0.9643639910627344,2.8939579836597483e-05
FL-2016-000066-PAK,FL-2016-000066-PAK,0.3407989676511738,2.1134048771075555e-05,1.365086108875814,2.8849796401699207e-05
FF-2007-000070-CHN,FF-2007-000070-CHN,0.3657658516496272,4.285796715248194e-05,0.6717253779144738,2.878878418214704e-05
FL-2005-000103-SLV,FL-2005-000103-SLV,0.35322878720378453,3.0238545813375075e-05,0.9499800804848453,2.8726016185534737e-05
Papua New Guinea: Floods - Jun 1993,Papua New Guinea: Floods - Jun 1993,0.3548890140289373,3.16902419541458e-05,0.9057511495213365,2.8703473078576844e-05
FL-2013-000055-UGA,FL-2013-000055-UGA,0.350992031870373,2.837739813453102e-05,1.0009376405503114,2.8404005933734286e-05
FL-2019-000101-NER,FL-2019-000101-NER,0.34518573467079816,2.401753295578366e-05,1.1793461107574137,2.8324984081391467e-05
Viet Nam: Floods - Oct 1996,Viet Nam: Floods - Oct 1996,0.34352694567731085,2.2888012428356374e-05,1.2349455247629835,2.826544851911825e-05
FL-2012-000075-VEN,FL-2012-000075-VEN,0.3483890480534619,2.6341769235154826e-05,1.068528235373372,2.8146924197452567e-05
Burkina Faso: Floods - Sep 1988,Burkina Faso: Floods - Sep 1988,0.35223807387300266,2.9401059180248215e-05,0.9525620167546777,2.800633222746087e-05
FL-2011-000007-ZAF,FL-2011-000007-ZAF,0.34763055062734993,2.577385394921827e-05,1.0794985641478076,2.7822838330736423e-05
FL-2006-000023-DZA,FL-2006-000023-DZA,0.35130871586072804,2.863447641391913e-05,0.9697453972774113,2.776815170584667e-05
FL-2015-000080-MMR,FL-2015-000080-MMR,0.34216002001907875,2.199341284545934e-05,1.2536908885177969,2.7572941291762647e-05
FL-2015-000110-ARG,FL-2015-000110-ARG,0.3410451184947196,2.12871919822483e-05,1.2876324492768365,2.7410079150328615e-05
1994-01-01T00:00:00+00:00,1994-01-01T00:00:00+00:00,0.35048534893689964,2.797040031748967e-05,0.9792699859742091,2.7390573526601123e-05
FL-2001-000180-IRN,FL-2001-000180-IRN,0.3513417227343386,2.866139103908465e-05,0.9510109146925885,2.725729570844185e-05
FL-2011-000120-SDN,FL-2011-000120-SDN,0.3489055253881239,2.673489429988946e-05,1.019268556883517,2.7250037131481695e-05
FL-2023-000079-BIH,FL-2023-000079-BIH,0.34370167473450247,2.300469517682778e-05,1.1840473487984016,2.723864833403831e-05
FL-2000-000806-FJI,FL-2000-000806-FJI,0.34681687914643167,2.517690023077125e-05,1.0809688363767913,2.7215444546031367e-05
FL-2006-000085-UKR,FL-2006-000085-UKR,0.34700782032370536,2.531585640091958e-05,1.0750292725240695,2.7215286690004384e-05
FL-2001-000450-THA,FL-2001-000450-THA,0.34202640163696363,2.190767619646851e-05,1.2397633775051489,2.7160334634622954e-05
FL-2007-000093-SDN,FL-2007-000093-SDN,0.3467381436562589,2.511980117410307e-05,1.0741772764800994,2.698311961091964e-05
FL-2022-000316-NER,FL-2022-000316-NER,0.35091500592895236,2.831518479855551e-05,0.94956722049458,2.6887171326954738e-05
FL-2024-000230-GAB,FL-2024-000230-GAB,0.3560050536288776,3.270104490006102e-05,0.815792210566319,2.6677257706849234e-05
FF-2009-000204-TUN,FF-2009-000204-TUN,0.35180361115336234,2.9040422494443242e-05,0.9155604613181987,2.6588262615887848e-05
China: Floods and Landslides - Jul 1989,name=China: Floods and Landslides - Jul 1989,0.34327652658931934,2.2721713097862363e-05,1.1642613331648382,2.64540119831062e-05
FL-2000-000444-IND,FL-2000-000444-IND,0.35943298417759495,3.598978781025279e-05,0.7306166341110584,2.629473763229809e-05
FL-2009-000198-BEN,FL-2009-000198-BEN,0.3473490476320523,2.5565902277765655e-05,1.0265844801221053,2.6245558498672603e-05
1993-12-00T00:00:00+00:00,1993-12-00T00:00:00+00:00,0.3597997178171114,3.635868638144214e-05,0.7194550254691349,2.6158439636584742e-05
FF-2006-000049-IDN,FF-2006-000049-IDN,0.3497225489293462,2.7367577118118208e-05,0.9546072289122487,2.6125286954769088e-05
FL-2000-000191-HUN,FL-2000-000191-HUN,0.34706592320992735,2.535827714889594e-05,1.016070329308817,2.5765793013382942e-05
FF-2018-000030-KEN,FF-2018-000030-KEN,0.3441832969905491,2.3329095691735036e-05,1.1016965741279998,2.570158480108877e-05
FL-2024-000036-BRA,FL-2024-000036-BRA,0.3490859786051127,2.6873488878900136e-05,0.952179776292138,2.558839262890039e-05
FL-2012-000210-MWI,FL-2012-000210-MWI,0.34541091726567363,2.4174672550696178e-05,1.055907660515866,2.5526221936742722e-05
FL-2011-000133-MEX,FL-2011-000133-MEX,0.3534374872470184,3.0417681585131583e-05,0.8391023593878815,2.5523548385193225e-05
FL-2019-000133-SOM,FL-2019-000133-SOM,0.3456223053898877,2.432302730133269e-05,1.0457655373343704,2.543618371537674e-05
FL-2022-000382-ZAF,FL-2022-000382-ZAF,0.35064217515468954,2.8095807415134902e-05,0.904559089993309,2.541431798806169e-05
FL-2007-000106-IDN,FL-2007-000106-IDN,0.3499794763787507,2.756930197972009e-05,0.9201287593720849,2.536730762735421e-05
Hungary: Floods - Mar 1999,Hungary: Floods - Mar 1999,0.34988333226815815,2.7493658924533398e-05,0.9105346924279767,2.5033930272569713e-05
FL-2008-000158-PAN,FL-2008-000158-PAN,0.34938738427839655,2.710642190457675e-05,0.9235086414861772,2.503301486864683e-05
FL-2011-000102-BRA,FL-2011-000102-BRA,0.34300464207634296,2.254239089450282e-05,1.1038786858666811,2.4884064836916812e-05
FL-2023-000217-PRY,FL-2023-000217-PRY,0.33942756195896423,2.0298831891565285e-05,1.2209609052027184,2.478408016088336e-05
FL-2009-000039-CRI,FL-2009-000039-CRI,0.3578929079829951,3.447711558313539e-05,0.7165421116254692,2.4704305202695205e-05
FL-2007-000221-KEN,FL-2007-000221-KEN,0.3470302032188547,2.5332190518739593e-05,0.974842278689549,2.469489032948589e-05
FL-1999-000229-TJK,FL-1999-000229-TJK,0.3481874318263121,2.6189723159396385e-05,0.9422253837707331,2.4676621954711514e-05
FL-1999-000363-NIC,FL-1999-000363-NIC,0.34512436471669555,2.3974866759790753e-05,1.029066129374002,2.4671723338755292e-05
FL-2022-000379-MYS,FL-2022-000379-MYS,0.34188354984524216,2.181634770870723e-05,1.122068941813632,2.4479446187747378e-05
FL-2024-000058-TZA,FL-2024-000058-TZA,0.3413508774773497,2.147881096887132e-05,1.1379493905705245,2.4441799852206615e-05
Cameroon: Floods - Sep 1994,name=Cameroon: Floods - Sep 1994,0.34844436096889425,2.638362133962982e-05,0.9258215052048269,2.4426524021410272e-05
FL-2011-000196-IDN,FL-2011-000196-IDN,0.3376273167285356,1.924756400303769e-05,1.2683581214268749,2.4412804120936425e-05
FL-1998-000255-TUR,FL-1998-000255-TUR,0.3424091255244107,2.2154058855646324e-05,1.1010714693094692,2.4393202135354955e-05
FL-2021-000208-IRQ,FL-2021-000208-IRQ,0.3444225544660523,2.3491775092339293e-05,1.0347036442805968,2.430702529866362e-05
FL-2016-000072-SDN,FL-2016-000072-SDN,0.3409759575838169,2.1244062826429e-05,1.1398024130767133,2.421403407311708e-05
FL-1994-000007-VNM,FL-1994-000007-VNM,0.3424882681942414,2.2205317890838675e-05,1.0899814138986574,2.4203383790725493e-05
Iran: Floods - Dec 1991,Iran: Floods - Dec 1991,0.35646075602088634,3.3122052301231074e-05,0.7306781420678033,2.4201559636936132e-05
FF-2021-000098-MNG,FF-2021-000098-MNG,0.34117284740908044,2.1367051707576674e-05,1.1320748662636826,2.4189102204304053e-05
Nigeria: Floods - Sep 1994,Nigeria: Floods - Sep 1994,0.34663137625850915,2.5042559524847253e-05,0.9617582522941903,2.4084888281590324e-05
FL-2000-000265-COL,FL-2000-000265-COL,0.3498401253035054,2.7459725966675615e-05,0.8757434779822016,2.4047675922494677e-05
FL-2018-000144-PRK,FL-2018-000144-PRK,0.34272748948372267,2.236090606231845e-05,1.0698843437963756,2.3923583309175973e-05
FL-2002-000782-MKD,FL-2002-000782-MKD,0.34401209771251495,2.321331446439883e-05,1.0286208969532604,2.3877700345628016e-05
LS-2015-000135-LKA,LS-2015-000135-LKA,0.336194771073591,1.8446311770152632e-05,1.290597047444825,2.380675550680571e-05
FF-2021-000090-SDN,FF-2021-000090-SDN,0.33904283488975295,2.006992303943116e-05,1.1734838122689721,2.3551729800256555e-05
FL-2007-000123-NGA,FL-2007-000123-NGA,0.34492968856039313,2.383997319942337e-05,0.9859595032476032,2.350524813313964e-05
FL-1999-000053-PHL,FL-1999-000053-PHL,0.33691587444492743,1.884580707411632e-05,1.2432398621173615,2.342985858831477e-05
FL-2010-000023-ECU,FL-2010-000023-ECU,0.3440665544020052,2.3250087041162712e-05,1.0050325257665347,2.3367093703271537e-05
Algeria: Floods - Jan 1985,Algeria: Floods - Jan 1985,0.33593920162958246,1.830656481787302e-05,1.2746999404289316,2.3335377082801117e-05
FF-2013-000090-PAK,FF-2013-000090-PAK,0.3354036229600725,1.801679323630854e-05,1.2950234787084862,2.333217025205581e-05
FL-2009-000247-MYS,FL-2009-000247-MYS,0.3445840852258377,2.360218199459443e-05,0.9816944353369297,2.3170130725902827e-05
FL-2010-000208-RUS,FL-2010-000208-RUS,0.334388750538141,1.7479000120335125e-05,1.3220723863339372,2.3108503399822633e-05
FL-2005-000194-COL,FL-2005-000194-COL,0.3486097063504018,2.65090857620612e-05,0.863710436619626,2.2896174037936988e-05
FL-2000-000038-PHL,FL-2000-000038-PHL,0.33764917796798916,1.9260030358947085e-05,1.1869100960213697,2.285992448271238e-05
FL-2012-000192-COD,FL-2012-000192-COD,0.3345230715028647,1.7549338748742918e-05,1.301468773071398,2.2839916369540788e-05
FL-2010-000019-MEX,FL-2010-000019-MEX,0.3443955293491173,2.3473348777325326e-05,0.971123387516118,2.27955179809835e-05
FL-2007-000127-MRT,FL-2007-000127-MRT,0.34909936016341087,2.688379210557621e-05,0.8469121364760579,2.2768209808711728e-05
FL-2013-000004-KEN,FL-2013-000004-KEN,0.34542971452237425,2.418783162591052e-05,0.935073356510655,2.2617396905154726e-05
Mongolia: Flash Floods - Aug 1994,Mongolia: Flash Floods - Aug 1994,0.34479542112140427,2.3747336030518533e-05,0.944597599391765,2.2431676606377373e-05
FL-2020-000038-EGY,FL-2020-000038-EGY,0.33311208335405773,1.682301632458874e-05,1.329767132388454,2.2370694176072515e-05
FL-2021-000213-STP,FL-2021-000213-STP,0.33608319310466617,1.8385182597142966e-05,1.21326547331372,2.230610726568183e-05
FL-2008-000088-USA,FL-2008-000088-USA,0.33673016145750534,1.874218350710248e-05,1.1865814777652384,2.223912780240494e-05
FF-2011-000143-SSD,FF-2011-000143-SSD,0.34329025308321703,2.273080039511208e-05,0.9738577503891034,2.2136566137327593e-05
FL-2006-000121-MKD,FL-2006-000121-MKD,0.34450594148415675,2.354871226502932e-05,0.9374606289413403,2.207599061073304e-05
FL-2020-000213-LAO,FL-2020-000213-LAO,0.3367291789764823,1.8741636671684468e-05,1.1779112023169338,2.2075983785330988e-05
Peru: Floods-Drought-Frost - Feb 2004,Peru: Floods-Drought-Frost - Feb 2004,0.3394909184414173,2.0336752894585882e-05,1.08397834468022,2.2044599738843878e-05
FL-2010-000174-KEN,FL-2010-000174-KEN,0.34318356639047093,2.2660257021150836e-05,0.9668381107047667,2.1908800086413897e-05
FL-2021-000108-SSD,FL-2021-000108-SSD,0.3397776966762329,2.0509198088759195e-05,1.0642062462831952,2.18260167123169e-05
FL-2013-000028-NAM,FL-2013-000028-NAM,0.3403770700619717,2.0873869112024443e-05,1.0440048847146737,2.1792421315848265e-05
FL-2015-000085-VEN,FL-2015-000085-VEN,0.3377692332081859,1.9328621397458397e-05,1.1268991625176379,2.178140726541636e-05
Tunisia: Floods - Oct 1986,Tunisia: Floods - Oct 1986,0.3367370727276848,1.87460306307991e-05,1.1587436410513112,2.1721843788391556e-05
FL-1998-000048-PAK,FL-1998-000048-PAK,0.3333996041952485,1.6968787032647073e-05,1.274857049816715,2.1632777775408578e-05
Thailand: Floods and Mudslides - Nov 1988,Thailand: Floods and Mudslides - Nov 1988,0.33035367204294636,1.5480728200325652e-05,1.395522734002979,2.160370814247547e-05
FL-2006-000027-IDN,FL-2006-000027-IDN,0.3427180929974655,2.235477617685745e-05,0.9608535718134472,2.147966653662364e-05
FL-2009-000218-KEN,FL-2009-000218-KEN,0.34185087677588955,2.1795507262486987e-05,0.985242574761118,2.1473861693517324e-05
FL-2019-000120-PHL,FL-2019-000120-PHL,0.33430920612323234,1.7437465545457544e-05,1.2286625910741495,2.1424761598848074e-05
Bolivia: Chapare River Floods - Jan 1987,Bolivia: Chapare River Floods - Jan 1987,0.3492333367584113,2.6987144503675723e-05,0.7937364930631707,2.142068143613659e-05
FL-2007-000158-TGO,FL-2007-000158-TGO,0.33959286580515513,2.0397905701712316e-05,1.0465800406584131,2.1348040978644553e-05
FL-2008-000126-TCD,FL-2008-000126-TCD,0.33805951824659974,1.9495378994067563e-05,1.083157735234383,2.1116570558750188e-05
FL-1992-000008-PAK,FL-1992-000008-PAK,0.339119656428605,2.011544458496777e-05,1.0486466674608446,2.1093993928519745e-05
FL-2009-000248-URY,FL-2009-000248-URY,0.3423396316539007,2.210913698142469e-05,0.9530636879457565,2.1071415628814523e-05
FL-2018-000060-LKA,FL-2018-000060-LKA,0.33929223559388855,2.0218047526021928e-05,1.0416733122822366,2.106060053431094e-05
FL-2009-000124-VNM,FL-2009-000124-VNM,0.3357071500975344,1.818050373255302e-05,1.1555969844310696,2.1009335288776074e-05
FL-2001-000095-HUN,FL-2001-000095-HUN,0.34306571079856124,2.258255765314349e-05,0.929591846342594,2.0992561463923733e-05
FL-2015-000164-COD,FL-2015-000164-COD,0.33792372618772093,1.9417211173456706e-05,1.0795665740230147,2.0962172143610056e-05
Niger: Floods - Aug 1994,name=Niger: Floods - Aug 1994,0.33186951402008535,1.6205916378938604e-05,1.2931727617169873,2.095704963990659e-05
FL-2006-000058-TJK,FL-2006-000058-TJK,0.3302517944321701,1.5433053454912564e-05,1.3389011984588786,2.0663333766662368e-05
FL-2002-000125-ECU,FL-2002-000125-ECU,0.3444635711544751,2.351976603942883e-05,0.8770809761459832,2.0628739356587384e-05
FL-2013-000103-YEM,FL-2013-000103-YEM,0.3331081399671254,1.6821024918927477e-05,1.2259024872779882,2.0620936286678216e-05
FL-2006-000047-COD,FL-2006-000047-COD,0.3394764608617708,2.0328093932889837e-05,1.0080124870300073,2.0490972521871887e-05
FL-2015-000071-GEO,FL-2015-000071-GEO,0.3380688263978794,1.950074752868971e-05,1.0505572323321797,2.0486651352148853e-05
FL-2015-000131-SLE,FL-2015-000131-SLE,0.33522517680588027,1.792116692561625e-05,1.1427229576603417,2.0478928873964893e-05
FL-2025-000036-ARG,FL-2025-000036-ARG,0.3305680430153891,1.558147859492799e-05,1.314214219679874,2.0477400733091947e-05
FL-2019-000014-MWI,FL-2019-000014-MWI,0.33364652424972685,1.709487972789852e-05,1.1917966025751183,2.037361958113972e-05
FL-2021-000005-IDN,FL-2021-000005-IDN,0.33859655372237263,1.9807302531230097e-05,1.0205820190497432,2.0214976809251903e-05
Iran: Floods - Oct 1994,Iran: Floods - Oct 1994,0.3469796035939491,2.5295278497214772e-05,0.7986196192783261,2.020130568298489e-05
FL-2015-000171-PRY,FL-2015-000171-PRY,0.3373285383993262,1.907791220115132e-05,1.0574697968975482,2.0174315940580742e-05
FL-2008-000018-ECU,FL-2008-000018-ECU,0.339720376312444,2.047462540615849e-05,0.9773183345548795,2.001022680258184e-05
FL-2003-000012-BOL,FL-2003-000012-BOL,0.3388114971426539,1.9933400445638655e-05,1.0019840207728257,1.9972948726195855e-05
FL-2011-000170-COL,FL-2011-000170-COL,0.3477816145068306,2.5886074261257235e-05,0.7680165233769249,1.9880932758007683e-05
FL-2010-000014-SLB,FL-2010-000014-SLB,0.3310728992093764,1.5821087031370127e-05,1.2512366729504776,1.9795924299591505e-05
FL-2015-000008-BOL,FL-2015-000008-BOL,0.3348236073752703,1.7707641120973796e-05,1.106077830028409,1.9586029266008523e-05
FL-2022-000249-CIV,FL-2022-000249-CIV,0.3373267088398567,1.907687750295431e-05,1.023474098609534,1.9524690006620663e-05
FL-2013-000070-IND,FL-2013-000070-IND,0.33554765373652784,1.8094311570878984e-05,1.077139003407864,1.949008873280797e-05
FL-2008-000185-SOM,FL-2008-000185-SOM,0.3367654504350116,1.8761834389761276e-05,1.0367109285362797,1.9450598751253315e-05
FL-2019-000145-TZA,FL-2019-000145-TZA,0.3335265285107707,1.7033497520409037e-05,1.1357699773076055,1.9346135092224127e-05
FL-2024-000019-IRN,FL-2024-000019-IRN,0.33318893312263653,1.686186774977485e-05,1.1462709369280168,1.932826894389073e-05
FF-2008-000194-VNM,FF-2008-000194-VNM,0.33272655468925194,1.662932534302542e-05,1.1575172522881112,1.9248730978463837e-05
FL-2011-000135-THA,FL-2011-000135-THA,0.33209652954700697,1.6317114905930595e-05,1.1754815142398911,1.9180466937649593e-05
FL-2021-000096-PAN,FL-2021-000096-PAN,0.3361776360081098,1.8436912270130207e-05,1.037436087285692,1.9127118127153446e-05
FL-2005-000166-CRI,FL-2005-000166-CRI,0.3518551962122658,2.9083032652865264e-05,0.6447646378504476,1.8751711016017412e-05
FL-2023-000108-SRB,FL-2023-000108-SRB,0.3270430623491045,1.3997465560340193e-05,1.3327736774425698,1.865545364973032e-05
FL-2024-000024-DZA,FL-2024-000024-DZA,0.3314779430473902,1.6015715743982124e-05,1.1597469097454667,1.8574176841445085e-05
FF-2009-000196-IDN,FF-2009-000196-IDN,0.33964824871323296,2.0431196294085303e-05,0.9083004588291629,1.8557664968346373e-05
FL-2008-000074-BFA,FL-2008-000074-BFA,0.3326890462060422,1.661058850220071e-05,1.114930663460651,1.85196544592305e-05
FL-2020-000011-MOZ,FL-2020-000011-MOZ,0.33493583669303895,1.7767084860680163e-05,1.0218255119837183,1.8154860584222678e-05
FL-2017-000126-NGA,FL-2017-000126-NGA,0.33052164998661315,1.555962483003331e-05,1.1480023217546238,1.7862485430509133e-05
FL-2003-000531-IDN,FL-2003-000531-IDN,0.338759809847603,1.9903011968653498e-05,0.8955935776847792,1.7825009695709367e-05
FL-2021-000039-BDI,FL-2021-000039-BDI,0.334618561449066,1.7599497909384582e-05,1.0111286560166783,1.779535666768437e-05
FL-2004-000094-CHN,FL-2004-000094-CHN,0.34799947445528323,2.604868960899716e-05,0.6825809586803848,1.778033952567706e-05
FL-2012-000039-CHL,FL-2012-000039-CHL,0.3293879649964363,1.50340943352983e-05,1.1809039662177345,1.775382162904534e-05
FL-2009-000034-MAR,FL-2009-000034-MAR,0.3323591670942661,1.6446618532244447e-05,1.0737840903093678,1.7660117319311293e-05
FL-2009-000136-BIH,FL-2009-000136-BIH,0.33949712853105346,2.034047327259661e-05,0.8669569720381771,1.763431511823383e-05
FL-2001-000620-DZA,FL-2001-000620-DZA,0.32512377175039164,1.3197365521833481e-05,1.33508580894901,1.7619615423712827e-05
FL-2024-000212-HTI,FL-2024-000212-HTI,0.3384983883222229,1.974995236036574e-05,0.8913366497024602,1.7603856368671594e-05
FL-2000-000083-ZWE,FL-2000-000083-ZWE,0.335426037656942,1.8028837305015108e-05,0.9759490430199813,1.7595226514592433e-05
Djibouti: Floods - Nov 1994,Djibouti: Floods - Nov 1994,0.3363352202040152,1.8523518334685132e-05,0.949468318420347,1.7587493804461957e-05
FL-2020-000200-BFA,FL-2020-000200-BFA,0.3290373420884109,1.4874825633912094e-05,1.179752844001357,1.754861784563208e-05
FF-2016-000093-LAO,FF-2016-000093-LAO,0.3316416907278466,1.609500831404039e-05,1.0828034294739801,1.7427730199855155e-05
FL-2006-000057-SUR,FL-2006-000057-SUR,0.3315031611541235,1.6027904317489382e-05,1.0860789103745403,1.740756885672626e-05
FL-2024-000214-COL,FL-2024-000214-COL,0.32528001730760153,1.3260925769518727e-05,1.3048261520736573,1.730320274477552e-05
FL-2018-000140-MLI,FL-2018-000140-MLI,0.3346255814082473,1.760319045473037e-05,0.9723384285301737,1.7116258543869883e-05
FL-2005-000081-CHN,FL-2005-000081-CHN,0.3486452601556144,2.6536134106547e-05,0.642825460215653,1.705810261938536e-05
FL-2015-000145-SOM,FL-2015-000145-SOM,0.3320585875864913,1.629848221707474e-05,1.0458367139854998,1.704555108485655e-05
FL-2000-000408-VNM,FL-2000-000408-VNM,0.32990897252850415,1.527359505411591e-05,1.1142401773728954,1.701845326221989e-05
FL-2021-000068-SUR,FL-2021-000068-SUR,0.330812065046375,1.5696882351150325e-05,1.0828851876395205,1.69979213901809e-05
FL-2013-000002-PSE,FL-2013-000002-PSE,0.32815249880021424,1.4479619734161922e-05,1.1703104797566297,1.69456507177806e-05
FL-1997-000092-ECU,FL-1997-000092-ECU,0.3309866657990629,1.577992666154078e-05,1.0702429714274362,1.688835559915443e-05
FL-2014-000155-HTI,FL-2014-000155-HTI,0.3345071995354448,1.7541013969598167e-05,0.9609684498537625,1.6856361003227944e-05
FL-2019-000138-KEN,FL-2019-000138-KEN,0.3277084756719247,1.4284884682761179e-05,1.178206310642115,1.6830541280024108e-05
FL-2001-000146-AGO,FL-2001-000146-AGO,0.3354493710715366,1.8041382724834144e-05,0.931842117402311,1.6811720279174926e-05
FL-2009-000183-NGA,FL-2009-000183-NGA,0.3341134599657505,1.733563355181139e-05,0.9656932233895635,1.674090384414901e-05
FL-2003-000341-NPL,FL-2003-000341-NPL,0.34119679860565755,2.138205665778668e-05,0.7820585732690798,1.672202072334728e-05
FL-2008-000054-THA,FL-2008-000054-THA,0.32644927872192187,1.374539212614166e-05,1.2161844828708155,1.6716932614788172e-05
1995-09-01T00:00:00+00:00,1995-09-01T00:00:00+00:00,0.3319443328074003,1.6242489122091396e-05,1.02827893467495,1.6701809410933604e-05
FL-2020-000195-CMR,FL-2020-000195-CMR,0.33680392009855886,1.8783277580812763e-05,0.8859055483526522,1.6640209825090008e-05
FL-1991-000010-PHL,FL-1991-000010-PHL,0.32276059213932223,1.2268883300754812e-05,1.3530568313329396,1.6600496362912923e-05
FL-2011-000032-THA,FL-2011-000032-THA,0.3208791598766636,1.1572178369388621e-05,1.4229083066092745,1.646614872736724e-05
FL-2003-000481-HND,FL-2003-000481-HND,0.33228587484308003,1.6410386216843155e-05,0.9978785950240384,1.6375573141865292e-05
FL-2013-000020-BOL,FL-2013-000020-BOL,0.32367797965061296,1.2622097958085401e-05,1.2902239259175985,1.628533278079745e-05
FL-2025-000047-TZA,FL-2025-000047-TZA,0.32918740722457096,1.4942805137133734e-05,1.084317683177047,1.6202747846462926e-05
FL-1999-000423-TGO,FL-1999-000423-TGO,0.3309522463604115,1.5763524728172827e-05,1.0262432439346245,1.6177210752883753e-05
FL-2022-000290-SEN,FL-2022-000290-SEN,0.3330380255572464,1.6785652629408895e-05,0.9602028308095506,1.6117631171744198e-05
FL-2024-000117-COL,FL-2024-000117-COL,0.3250886276997327,1.31831068493009e-05,1.2150525963145538,1.6018168204735237e-05
FF-2022-000309-SLE,FF-2022-000309-SLE,0.3255671897971204,1.3378465664071601e-05,1.196452650536421,1.6006700703888967e-05
FL-2012-000138-NGA,FL-2012-000138-NGA,0.3244835721544741,1.2939787483970229e-05,1.2369286645182986,1.6005594051697892e-05
FL-2010-000026-DOM,FL-2010-000026-DOM,0.3295970188746742,1.5129784754937808e-05,1.0490817664059833,1.587238131605247e-05
Guyana: Floods - Jul 1996,Guyana: Floods - Jul 1996,0.33199477912989495,1.626719008366287e-05,0.975512874914735,1.5868853365298433e-05
FL-2008-000167-VCT,FL-2008-000167-VCT,0.32738429383867423,1.4144200509384573e-05,1.1194341065259241,1.583350045974644e-05
FL-2014-000054-TJK,FL-2014-000054-TJK,0.3282852827101581,1.453831699387303e-05,1.080513117206162,1.5708842213981064e-05
FL-2010-000046-MOZ,FL-2010-000046-MOZ,0.32315380227202195,1.241917373472615e-05,1.2621415706580152,1.5674755443822033e-05
FL-2007-000068-COL,FL-2007-000068-COL,0.33881370636776975,1.993470024394718e-05,0.7818122360681077,1.5585192573067797e-05
FL-2011-000067-PHL,FL-2011-000067-PHL,0.3277695467873475,1.4311528052373928e-05,1.0816683359942454,1.548032673394627e-05
FL-2010-000012-EGY,FL-2010-000012-EGY,0.332959604944677,1.6746169233560493e-05,0.9242166188559036,1.5477087907830037e-05
UGA-2011-000110,UGA-2011-000110,0.3271941813129099,1.4062279236625412e-05,1.0988605320725724,1.545248364411129e-05
FL-2023-000052-ETH,FL-2023-000052-ETH,0.3266804190098489,1.3843026158289303e-05,1.1124995665878057,1.5400360601360507e-05
FL-2013-000098-NER,FL-2013-000098-NER,0.32861287280458523,1.4684045488328265e-05,1.0461622636739756,1.5361894267961126e-05
Venezuela: Floods - Aug 1988,Venezuela: Floods - Aug 1988,0.33512592856761286,1.786817936476652e-05,0.8558233169940771,1.5292004532599606e-05
FL-2006-000123-SDN,FL-2006-000123-SDN,0.32878884981316947,1.4762870470843288e-05,1.0356622281917345,1.528934732633952e-05
FL-2011-000137-VNM,FL-2011-000137-VNM,0.32459464333628774,1.2984148847430585e-05,1.1760511302101604,1.527002292683769e-05
Brazil: Floods - Jan 1985,Brazil: Floods - Jan 1985,0.32567497436047543,1.3422823397439513e-05,1.1328349068786117,1.520584289348644e-05
FF-2013-000100-RUS,FF-2013-000100-RUS,0.3260207202469888,1.3566006640377112e-05,1.1177984678138433,1.5164061436965959e-05
FL-2024-000162-CMR,FL-2024-000162-CMR,0.32422315964726833,1.2836314169562907e-05,1.17910520477484,1.5135364847456652e-05
FL-2005-000171-SLV,FL-2005-000171-SLV,0.3267118929647829,1.3856368975941439e-05,1.0823968914043698,1.4998090705710964e-05
FL-2009-000123-BGD,FL-2009-000123-BGD,0.3375127995656747,1.9182379254181334e-05,0.7725988685349205,1.4820284507588231e-05
Brazil: Floods - Apr 1985,Brazil: Floods - Apr 1985,0.3309383824158054,1.5756922463259343e-05,0.9399629984750824,1.4810924085304632e-05
1993-05-01T00:00:00+00:00,1993-05-01T00:00:00+00:00,0.3271673898209865,1.4050768926509942e-05,1.051770447137431,1.4778183516460083e-05
ST-2015-000041-PRY,ST-2015-000041-PRY,0.3312793323290999,1.5920013146775233e-05,0.9269775136144309,1.4757494203506758e-05
FL-2007-000222-MYS,FL-2007-000222-MYS,0.3317441312207212,1.6144793197117753e-05,0.9073504280824132,1.4648985018706825e-05
FL-2009-000242-IRQ,FL-2009-000242-IRQ,0.3289502551182636,1.4835502992915927e-05,0.9788779086310397,1.4522146143195074e-05
Venezuela: Floods - Jul 1996,Venezuela: Floods - Jul 1996,0.3324808942375692,1.650695394274033e-05,0.8773624081052269,1.4482580861684726e-05
FF-2012-000148-PAK,FF-2012-000148-PAK,0.32039185963141,1.1397634660201964e-05,1.2682719122340163,1.4455299905439046e-05
1992-01-01T00:00:00+00:00,1992-01-01T00:00:00+00:00,0.3265444602256523,1.3785521637000352e-05,1.040933530085597,1.4349811701674155e-05
FL-2021-000110-YEM,FL-2021-000110-YEM,0.3232209431737697,1.2445000896497458e-05,1.1524258360621629,1.4341940562940448e-05
FL-2009-000144-NER,FL-2009-000144-NER,0.3247595838218153,1.3050277959640748e-05,1.0987319238695548,1.4338757009628526e-05
FL-2004-000120-CRI,FL-2004-000120-CRI,0.33828173300404507,1.9623906591273294e-05,0.7305869676266675,1.433697040950733e-05
FL-2002-000350-CHN,FL-2002-000350-CHN,0.33934456167420834,2.0249249704245835e-05,0.706219895185805,1.4300423003723686e-05
FL-2012-000066-COM,FL-2012-000066-COM,0.32368944032381974,1.2626567857185896e-05,1.129673337592446,1.4263897053564689e-05
FL-1997-000137-CHL,FL-1997-000137-CHL,0.3300725018427776,1.534947232124442e-05,0.9286157560049981,1.4253761843870181e-05
FL-2001-000314-GHA,FL-2001-000314-GHA,0.32718610900737266,1.405881027478787e-05,1.0103874531958326,1.420484550850632e-05
FL-2016-000060-IND,FL-2016-000060-IND,0.3223974960825266,1.213155863865812e-05,1.168540290886529,1.4176215060524544e-05
FL-2022-000190-TUN,FL-2022-000190-TUN,0.32476415603124875,1.3052115392233295e-05,1.0842181471624253,1.4151340367117355e-05
FL-2002-000522-KHM,FL-2002-000522-KHM,0.32842215140671455,1.459904398880394e-05,0.9662857219135197,1.4106847759968645e-05
FL-2007-000147-NER,FL-2007-000147-NER,0.32695625477396106,1.396035620503697e-05,1.0023493119506208,1.3993153436704387e-05
FL-1999-000265-TCD,FL-1999-000265-TCD,0.322558873376372,1.219242058247733e-05,1.1454311201477374,1.3965577965099336e-05
FL-2010-000096-IDN,FL-2010-000096-IDN,0.3238586289057679,1.2692720859678874e-05,1.0988211437996545,1.3947030052962074e-05
FF-2012-000101-GAB,FF-2012-000101-GAB,0.3189684132867383,1.090126206013814e-05,1.2741047244558878,1.3889349493353729e-05
FF-2012-000102-PHL,FF-2012-000102-PHL,0.3170221045544716,1.0254050386240402e-05,1.350990691185349,1.3853126618756317e-05
China: Floods - May 1988,China: Floods - May 1988,0.3301870244408255,1.540281237773625e-05,0.8982643528768322,1.3835797292970513e-05
India: Floods - Jul 1993,India: Floods - Jul 1993,0.32827610396013074,1.4534252638993044e-05,0.9482412412603194,1.3781977763189836e-05
FL-2017-000057-LKA,FL-2017-000057-LKA,0.3306034960763345,1.559819762760152e-05,0.8831246219930485,1.377515238364846e-05
FL-2010-000219-PHL,FL-2010-000219-PHL,0.3221877270609423,1.2052854956581314e-05,1.141795195185297,1.3761891877689836e-05
FL-2007-000151-TCD,FL-2007-000151-TCD,0.33123388945609766,1.589818852161244e-05,0.8635836730404353,1.3729416038183359e-05
Lao PDR: Floods - Sep 1995,Lao PDR: Floods - Sep 1995,0.32089259151163885,1.1577023263560655e-05,1.1807652832898365,1.3669747153451225e-05
FL-2021-000209-MYS,FL-2021-000209-MYS,0.3201889790575,1.1325667143029384e-05,1.2058191682024515,1.3656706533745527e-05
FL-2019-000100-MLI,FL-2019-000100-MLI,0.32654060302577437,1.3783893353795011e-05,0.9879592955377479,1.3617925567582764e-05
FL-2006-000178-JAM,FL-2006-000178-JAM,0.32194785527658554,1.1963420362235513e-05,1.1200515235065662,1.3399647203071363e-05
FL-2024-000075-UGA,FL-2024-000075-UGA,0.3217098403219969,1.187526886541628e-05,1.1215173808366035,1.331832043467213e-05
FL-2017-000014-PER,FL-2017-000014-PER,0.3230337114761788,1.237309855911953e-05,1.074057448678672,1.3289418670657675e-05
FL-2013-000116-NGA,FL-2013-000116-NGA,0.31859253403152354,1.0773478326501991e-05,1.2298958129711375,1.3250255884900097e-05
FL-2024-000123-BFA,FL-2024-000123-BFA,0.3193239973818537,1.1023400146059419e-05,1.1979418788258864,1.320539268201997e-05
FL-2006-000009-GUY,FL-2006-000009-GUY,0.3261867270645648,1.3635242020759965e-05,0.9682281522146716,1.3202025186760267e-05
FL-2019-000015-PER,FL-2019-000015-PER,0.3182181816165689,1.0647555128905385e-05,1.2387880992853906,1.3190064580173114e-05
FL-2010-000031-PRT,FL-2010-000031-PRT,0.317498417270302,1.0409159103390053e-05,1.2669155831916283,1.3187525876005855e-05
FL-1999-000324-HND,FL-1999-000324-HND,0.32373131911645175,1.2642913567621558e-05,1.0408486923311688,1.315936005411489e-05
FL-1998-000219-KOR,FL-1998-000219-KOR,0.32157423163170423,1.1825306501796328e-05,1.1090488289439522,1.311484232772052e-05
FF-2007-000081-NPL,FF-2007-000081-NPL,0.3220174395749294,1.1989302700909485e-05,1.0925989789075539,1.3099499888827282e-05
FL-2021-000050-AFG,FL-2021-000050-AFG,0.3200798548435754,1.1287127065852129e-05,1.1586867556596938,1.3078244640650922e-05
Sri Lanka: Monsoon Floods - Jul 1984,Sri Lanka: Monsoon Floods - Jul 1984,0.31916082678002766,1.0967201285868778e-05,1.189364350972239,1.3043998239349224e-05
FL-2002-000263-CRI,FL-2002-000263-CRI,0.34096041744874145,2.1234382733173286e-05,0.61387757718801,1.303531142532333e-05
FL-2002-000732-IDN,FL-2002-000732-IDN,0.32742532877716884,1.4161939108629252e-05,0.9190515020515428,1.3015551409748203e-05
FL-2010-000037-HTI,FL-2010-000037-HTI,0.3226737852017019,1.2235925865489466e-05,1.0604316168394865,1.2975362649069088e-05
FL-2006-000156-TUR,FL-2006-000156-TUR,0.3214387101606291,1.177556535389333e-05,1.1004723456560104,1.2958684026424641e-05
FL-2024-000116-LBR,FL-2024-000116-LBR,0.32595314194309255,1.3537912933396424e-05,0.9411318740645284,1.2740961369929794e-05
Brazil: Floods - Feb 1988,Brazil: Floods - Feb 1988,0.3282993430751414,1.4544544913792775e-05,0.8724712930664509,1.2689697907999855e-05
FL-2002-000322-CHL,FL-2002-000322-CHL,0.32144647802270887,1.1778411337046267e-05,1.0722116253519196,1.2628949563757855e-05
FL-2002-000540-DZA,FL-2002-000540-DZA,0.3227410375008056,1.2261452152544994e-05,1.0289137907994723,1.2615977214981419e-05
FL-2012-000129-SDN,FL-2012-000129-SDN,0.3219229983537485,1.1954186863240203e-05,1.0523145824203366,1.2579565157165288e-05
FL-2016-000046-SOM,FL-2016-000046-SOM,0.3211606751689373,1.1674105735697916e-05,1.0763349207071773,1.256524767135962e-05
FL-2018-000014-ARG,FL-2018-000014-ARG,0.31996828822309065,1.1247846453219871e-05,1.1137801849313482,1.2527628502746638e-05
FL-1999-000437-KHM,FL-1999-000437-KHM,0.3212513415417793,1.170710462250636e-05,1.069362166100396,1.2519134757887361e-05
FL-2006-000045-HUN,FL-2006-000045-HUN,0.3189633235500296,1.0899522685096014e-05,1.11989572468407,1.2206328856136061e-05
FL-2013-000050-ETH,FL-2013-000050-ETH,0.31402398150211175,9.32455590406907e-06,1.3053721958094802,1.2172016015442895e-05
FL-2015-000018-PNG,FL-2015-000018-PNG,0.32422449862583785,1.2836844294216014e-05,0.9476670877822322,1.2165054848613654e-05
FL-2007-000176-CRI,FL-2007-000176-CRI,0.3373386199635976,1.908361468538221e-05,0.6360302711368748,1.2137756622615294e-05
FL-2021-000123-CAF,FL-2021-000123-CAF,0.3189320963168234,1.0888856504980025e-05,1.1137895613764779,1.212789471057311e-05
FL-2019-000156-DJI,FL-2019-000156-DJI,0.3204053581209001,1.1402437529530888e-05,1.0579254007457344,1.2062928292907165e-05
Gabon: Inondations - Nov 1988,Gabon: Inondations - Nov 1988,0.3276264020668248,1.4249148910525763e-05,0.8449363174492606,1.203962340724578e-05
Iran: Floods - Jul 1987,Iran: Floods - Jul 1987,0.32729620790011626,1.4106190202261654e-05,0.8532734221804965,1.2036437187812792e-05
Indonesia: Floods and Landslides - Mar 1984,Indonesia: Floods and Landslides - Mar 1984,0.31518444787989747,9.674929295995877e-06,1.2434734814113138,1.2030518014100304e-05
FL-2019-000103-LAO,FL-2019-000103-LAO,0.31724098831327147,1.0325068505435964e-05,1.1650939839327012,1.2029675199376449e-05
FL-2023-000232-COL,FL-2023-000232-COL,0.3188522653539205,1.0861631605529935e-05,1.105133853767506,1.200355679442224e-05
FL-1999-000286-GMB,FL-1999-000286-GMB,0.3176857935320868,1.0470753656552654e-05,1.1434551069584922,1.1972836742289438e-05
FL-2017-000012-MOZ,FL-2017-000012-MOZ,0.3160919982810657,9.957149325275628e-06,1.1982479826023038,1.1931134091481411e-05
FL-2008-000230-CUB,FL-2008-000230-CUB,0.32186691736408496,1.1933378243476715e-05,0.998493550218185,1.1915401208425513e-05
FL-2018-000124-MMR,FL-2018-000124-MMR,0.3186212580372092,1.0783195535840088e-05,1.1043679108475906,1.1908615126176783e-05
FL-2023-000110-CHL,FL-2023-000110-CHL,0.32239370581562854,1.2130132467142228e-05,0.978626075734756,1.1870863934462152e-05
FL-2020-000198-SEN,FL-2020-000198-SEN,0.31626138809001836,1.0010637321530388e-05,1.1855921930050197,1.186853345541111e-05
FL-2010-000139-SDN,FL-2010-000139-SDN,0.32919078674094615,1.4944339271993853e-05,0.793326664779713,1.185574283198737e-05
FL-2005-000098-BGR,FL-2005-000098-BGR,0.31942061850501935,1.1056800226400007e-05,1.0690227847551823,1.1819971368507865e-05
Sri Lanka: Floods - Jun 1989,Sri Lanka: Floods - Jun 1989,0.32322800213180597,1.2447719079678124e-05,0.9466660273505467,1.1783832770734493e-05
FL-2002-000475-TJK,FL-2002-000475-TJK,0.31723213570371334,1.0322187656915217e-05,1.1361467856691416,1.1727520327477912e-05
FL-2010-000262-ECU,FL-2010-000262-ECU,0.3113130292641093,8.550135044642662e-06,1.369373617071581,1.1708329352532804e-05
FF-2020-000006-IRN,FF-2020-000006-IRN,0.3145157785443349,9.471622466333723e-06,1.2339055159670984,1.1687087206367073e-05
FL-2021-000204-BRA,FL-2021-000204-BRA,0.31377891419844794,9.252041207110966e-06,1.2616737641161433,1.167305765553336e-05
FL-2012-000063-RUS,FL-2012-000063-RUS,0.317577646916846,1.0435163665210376e-05,1.1108712268830492,1.1592123063497667e-05
FL-2002-000470-VNM,FL-2002-000470-VNM,0.31375952756493825,9.24632648049462e-06,1.2513371910904603,1.1570272206007478e-05
FL-1999-000350-CRI,FL-1999-000350-CRI,0.33030867517973284,1.5459655106208073e-05,0.7458703171652188,1.1530897857332309e-05
FL-2022-000164-ECU,FL-2022-000164-ECU,0.31492547545458255,9.595728177272968e-06,1.1990142284011243,1.1505414616419874e-05
FL-2016-000137-ARG,FL-2016-000137-ARG,0.320924435839287,1.1588517053295602e-05,0.9911432885271344,1.148588090135618e-05
FL-2023-000146-MRT,FL-2023-000146-MRT,0.31880398558598444,1.0845196411497301e-05,1.0535873745404762,1.1426362013565237e-05
FL-2009-000127-BEN,FL-2009-000127-BEN,0.3195263742452758,1.1093462348991787e-05,1.0221105165631266,1.1338744532001591e-05
FL-2019-000033-PRY,FL-2019-000033-PRY,0.3228966335203791,1.232069399877874e-05,0.9195954025807005,1.1330053557880556e-05
FL-2011-000037-BDI,FL-2011-000037-BDI,0.326846744945766,1.3913668184375448e-05,0.813980526208619,1.1325454950210049e-05
China: Floods - Jun 1990,China: Floods - Jun 1990,0.3206569526780072,1.1492290881992438e-05,0.9825698640424038,1.1291978689455066e-05
FL-2017-000079-TJK,FL-2017-000079-TJK,0.3158740635004864,9.888710742143361e-06,1.133782714433925,1.1211649307479213e-05
FL-2012-000175-GMB,FL-2012-000175-GMB,0.3128225642236758,8.97388947629717e-06,1.2465158816556456,1.1186095752426888e-05
FL-1999-000031-LKA,FL-1999-000031-LKA,0.31950784369263685,1.1087030505947021e-05,1.0064884283055866,1.115896790850671e-05
Bangladesh: Floods - Aug 1989,Bangladesh: Floods - Aug 1989,0.3173392791431024,1.035710332161915e-05,1.074589594581484,1.1129635459417264e-05
FL-1997-000022-BOL,FL-1997-000022-BOL,0.3232387723896306,1.2451867397491181e-05,0.8860824734618276,1.1033381462787675e-05
FF-2019-000029-IDN,FF-2019-000029-IDN,0.31288763031430444,8.992572358997562e-06,1.2237138559090974,1.1004335395970474e-05
FL-2012-000151-TCD,FL-2012-000151-TCD,0.31552338652253686,9.779475113003897e-06,1.1222690061354306,1.0975201815597062e-05
FL-2024-000109-IND,FL-2024-000109-IND,0.320025266770786,1.1267892182464635e-05,0.9733927592934859,1.096808466291075e-05
FL-2011-000063-HTI,FL-2011-000063-HTI,0.31466865463925353,9.517761835143712e-06,1.148278435508363,1.0929040669600029e-05
FL-2003-000368-SDN,FL-2003-000368-SDN,0.31668357007223874,1.0145076408761607e-05,1.072361231723768,1.0879186633631339e-05
FL-2021-000097-BGD,FL-2021-000097-BGD,0.3138214890932492,9.264602448816158e-06,1.167269358243163,1.0814286554807674e-05
FL-2002-000373-GHA,FL-2002-000373-GHA,0.3262169746457736,1.364789137778231e-05,0.7873144358723436,1.0745181900945701e-05
FL-2023-000199-SDN,FL-2023-000199-SDN,0.31565259161939285,9.819595402593292e-06,1.0919778288263946,1.072278046767747e-05
FL-2007-000194-GTM,FL-2007-000194-GTM,0.31703257162480275,1.0257436453428017e-05,1.041926920218741,1.0687499173259698e-05
FL-2021-000084-TCD,FL-2021-000084-TCD,0.3148594190243085,9.57561987732207e-06,1.1145222233746586,1.0672241155863569e-05
FL-2011-000183-TZA,FL-2011-000183-TZA,0.31393634214657695,9.298565133390613e-06,1.1441136258848459,1.0638615070289941e-05
FL-2000-000302-CHN,FL-2000-000302-CHN,0.3328499906912635,1.6691120458482554e-05,0.6358572303399659,1.0613169626001459e-05
1987-07-01-CO-Flood,1987-07-01-CO-Flood,0.33328505138907394,1.691057402194497e-05,0.6275028689316593,1.0611433714051656e-05
FL-2015-000105-GIN,FL-2015-000105-GIN,0.31590072128231483,9.89705936137353e-06,1.071153748426473,1.0601272233334573e-05
FL-2023-000053-ECU,FL-2023-000053-ECU,0.31285986996735926,8.984597058617005e-06,1.1701678124219697,1.0513486285574724e-05
FL-2024-000064-RWA,FL-2024-000064-RWA,0.30911074815228906,7.9641799198446e-06,1.3163910113884745,1.0483974859564014e-05
FL-1998-000213-KGZ,FL-1998-000213-KGZ,0.3140837020452912,9.342304368728442e-06,1.1210585535855664,1.0473270222762826e-05
FL-1997-000295-COD,FL-1997-000295-COD,0.31724512843144004,1.0326416046131077e-05,1.0129914858035072,1.0460571533595497e-05
FF-2019-000054-YEM,FF-2019-000054-YEM,0.31176736822694484,8.675740813683273e-06,1.2008192634195207,1.0417996693505822e-05
FF-2020-000168-MNG,FF-2020-000168-MNG,0.31024991852831374,8.262600619773995e-06,1.2541412875563223,1.0362468579847024e-05
FL-2001-000492-VNM,FL-2001-000492-VNM,0.3162240396443343,9.998821680032206e-06,1.0278730882613472,1.0277519719229216e-05
FL-2008-000191-SLV,FL-2008-000191-SLV,0.3138303733905208,9.26722559515063e-06,1.1001321274321947,1.0195172609387148e-05
FL-2009-000170-MRT,FL-2009-000170-MRT,0.31731393808086505,1.0348835649663707e-05,0.9832646092321282,1.0175643841074103e-05
FL-2011-000148-KHM,FL-2011-000148-KHM,0.31303939878053855,9.036286831636482e-06,1.1234947898668675,1.015222117508617e-05
FL-2000-000130-BOL,FL-2000-000130-BOL,0.31864435091129406,1.0791013476485507e-05,0.9399073873447525,1.0142553283485508e-05
FL-2003-000027-TUN,FL-2003-000027-TUN,0.3197637078142452,1.1176136858880866e-05,0.9069463005317308,1.013615597839832e-05
FL-2019-000034-BOL,FL-2019-000034-BOL,0.31012296208003787,8.228851670045172e-06,1.2187179470762803,1.0028649214112673e-05
FF-2019-000068-VNM,FF-2019-000068-VNM,0.3140477641536281,9.331620277189205e-06,1.0739024148338638,1.0021249549986137e-05
FL-2017-000139-ETH,FL-2017-000139-ETH,0.3087318121112439,7.86708459783766e-06,1.2467115336640937,9.807985104435358e-06
FF-2012-000120-GEO,FF-2012-000120-GEO,0.3105214394398723,8.335197733497686e-06,1.170744043976996,9.758383101862972e-06
FL-2022-000336-VNM,FL-2022-000336-VNM,0.3103506087508513,8.289455717619167e-06,1.1722090372300906,9.716974905911833e-06
FL-2015-000053-CAF,FL-2015-000053-CAF,0.3095907551816167,8.088720623379658e-06,1.200744524918978,9.712487002122348e-06
FL-2008-000232-CRI,FL-2008-000232-CRI,0.3309473015214834,1.5761169619515953e-05,0.615992904616921,9.708768654085605e-06
Indonesia: Floods - May 1995,Indonesia: Floods - May 1995,0.3187301086273936,1.0820090855017635e-05,0.8969278164319343,9.704840464186108e-06
FL-2006-000010-BOL,FL-2006-000010-BOL,0.3201789370310636,1.1322115596716104e-05,0.8447911998200817,9.564823619451457e-06
FL-2014-000005-IDN,FL-2014-000005-IDN,0.3066846995427607,7.36073353733096e-06,1.2967973978194893,9.545380097253433e-06
FL-2011-000093-BGD,FL-2011-000093-BGD,0.31715366776108583,1.0296683939653807e-05,0.9269344239735141,9.544350796440336e-06
FL-2020-000154-CIV,FL-2020-000154-CIV,0.30889409375055754,7.908535054522763e-06,1.204144706950617,9.523020625636995e-06
FL-1998-000053-ZMB,FL-1998-000053-ZMB,0.31673479526284576,1.0161498539927161e-05,0.9365163542555616,9.516409566385797e-06
SL-2002-000428-NPL,SL-2002-000428-NPL,0.3194107008405539,1.1053367689229747e-05,0.8588047616407877,9.492684803676937e-06
FL-2005-000020-COL,FL-2005-000020-COL,0.32134775959316597,1.1742288972327072e-05,0.8080937942240005,9.488870848522424e-06
FL-2014-000159-MAR,FL-2014-000159-MAR,0.3069769828927397,7.431186028681445e-06,1.2669680436793196,9.415075224975622e-06
FL-2012-000005-BOL,FL-2012-000005-BOL,0.3123389553516258,8.83611855565026e-06,1.0536838020167862,9.31047499478864e-06
FL-2013-000085-NIC,FL-2013-000085-NIC,0.3101360556382744,8.232326595631693e-06,1.1269320283443198,9.277272508408113e-06
FL-2003-000350-MNG,FL-2003-000350-MNG,0.3148749741834182,9.58035162108219e-06,0.9653767569926166,9.248648778809283e-06
FL-2023-000001-COG,FL-2023-000001-COG,0.31000805315736496,8.198412343112314e-06,1.1236428229072688,9.212087188572516e-06
FL-2007-000023-IDN,FL-2007-000023-IDN,0.3163371564889021,1.0034646202546587e-05,0.916897628320032,9.200743304145581e-06
FL-2011-000042-COL,FL-2011-000042-COL,0.32036889958686254,1.1389469476919431e-05,0.8050454036566094,9.169040052481236e-06
FL-2024-000167-THA,FL-2024-000167-THA,0.30571571181720386,7.131445906956775e-06,1.2835865378512363,9.153827961584017e-06
FF-2023-000133-AFG,FF-2023-000133-AFG,0.3079788275228108,7.677301791212784e-06,1.1905710968816803,9.140373614655893e-06
FL-2005-000139-SLE,FL-2005-000139-SLE,0.3117426898219166,8.66887584899814e-06,1.0426506939426599,9.038609419660676e-06
FF-2008-000072-CHN,FF-2008-000072-CHN,0.3246169807872471,1.2993086845213027e-05,0.6928246734717287,9.00193115092453e-06
FL-2010-000161-MYS,FL-2010-000161-MYS,0.31024548769994814,8.261420673856533e-06,1.0886896565212916,8.994123235798765e-06
FL-2017-000174-ALB,FL-2017-000174-ALB,0.3097385857761687,8.127427627415903e-06,1.1009974778760738,8.948277319405232e-06
FL-2019-000131-CIV,FL-2019-000131-CIV,0.30940160423426616,8.039436544821107e-06,1.1114192483318486,8.935184521656669e-06
name,name,0.3084154379511669,7.78683708197543e-06,1.1460299969121097,8.923948877011402e-06
FF-2020-000240-ZMB,FF-2020-000240-ZMB,0.3063730286807965,7.286270639767667e-06,1.2241109429031103,8.919203623093248e-06
FL-2008-000117-ROM,FL-2008-000117-ROM,0.31143217828930136,8.582915446221998e-06,1.0292424136351432,8.833900609895882e-06
Bangladesh: Floods - Jul 1996,Bangladesh: Floods - Jul 1996,0.3199533528007471,1.1242597306313905e-05,0.7856917613361736,8.833216079591093e-06
FF-2006-000022-TLS,FF-2006-000022-TLS,0.30696420106063343,7.428092429412989e-06,1.1802888753635958,8.767294859608698e-06
FF-2011-000071-GEO,FF-2011-000071-GEO,0.3042057078570333,6.786933365044228e-06,1.2913032050986575,8.763988807072628e-06
FL-2010-000051-KAZ,FL-2010-000051-KAZ,0.3098312794981627,8.151782903312892e-06,1.0701404681681588,8.723552772556452e-06
FL-2009-000190-TUR,FL-2009-000190-TUR,0.31114047791847754,8.502862274251176e-06,1.0202954218418836,8.675431450970541e-06
Indonesia: Floods - Feb 1993,Indonesia: Floods - Feb 1993,0.3045588401176683,6.866131209880183e-06,1.260456071218516,8.654456769276412e-06
FL-2024-000053-KGZ,FL-2024-000053-KGZ,0.3116651176191102,8.64732887056815e-06,0.9957892817856833,8.610917405387662e-06
FL-2004-000023-CRI,FL-2004-000023-CRI,0.3265365131874793,1.378216705338495e-05,0.6208832606204117,8.55711681852086e-06
FL-2008-000207-SDN,FL-2008-000207-SDN,0.3039592759968752,6.732153563891937e-06,1.2628396258514751,8.501630287799968e-06
FL-2009-000044-BIH,FL-2009-000044-BIH,0.31466420890129854,9.5164172212353e-06,0.8874544487949036,8.445386799573702e-06
FL-2010-000240-VEN,FL-2010-000240-VEN,0.30225406513101294,6.363873022676393e-06,1.3225182541317935,8.416338239466402e-06
FL-2024-000148-GIN,FL-2024-000148-GIN,0.3106773040714311,8.377130456178008e-06,0.994415026402329,8.330344403756009e-06
FL-2023-000067-COD,FL-2023-000067-COD,0.30997715258255265,8.190244102026013e-06,1.0170068685630405,8.329534506968387e-06
FL-2013-000038-KEN,FL-2013-000038-KEN,0.3047123920750356,6.900827399340748e-06,1.2057564114452748,8.320716881032328e-06
FF-2021-000198-COG,FF-2021-000198-COG,0.30803670798632554,7.691742452107538e-06,1.0782758332205882,8.293820001464427e-06
FL-2010-000179-ETH,FL-2010-000179-ETH,0.30903654202420194,7.945081492213493e-06,1.030549003575644,8.187795815127906e-06
FL-2017-000052-RUS,FL-2017-000052-RUS,0.3015830568218822,6.223997201452474e-06,1.3124180785283346,8.168486447895988e-06
FL-2022-000305-GIN,FL-2022-000305-GIN,0.29987481441404573,5.880305938783995e-06,1.381125092626501,8.121438084375209e-06
FL-1997-000143-POL,FL-1997-000143-POL,0.30292610302843975,6.5067928290821955e-06,1.233104785558755,8.023557376180645e-06
FL-2014-000121-CMR,FL-2014-000121-CMR,0.3094705816504249,8.057377506004515e-06,0.9936971551564651,8.00659310573838e-06
FL-1999-000253-PHL,FL-1999-000253-PHL,0.30123493204436813,6.152524113535523e-06,1.2987188406129038,7.990398983573788e-06
FL-2022-000201-ZAF,FL-2022-000201-ZAF,0.3086571837828076,7.848088526581604e-06,1.0098830260946445,7.92565139028289e-06
FL-2009-000266-ALB,FL-2009-000266-ALB,0.31498021516988883,9.612420331901349e-06,0.8243171924381797,7.923683340528595e-06
FL-2010-000076-COL,FL-2010-000076-COL,0.3054290474109762,7.0648570155508166e-06,1.1209522992842493,7.919367715696147e-06
FL-2019-000170-RWA,FL-2019-000170-RWA,0.30138855556420197,6.183972805027288e-06,1.2803341263764025,7.917551418860043e-06
FL-2023-000014-ZMB,FL-2023-000014-ZMB,0.30276131998983735,6.471484274997078e-06,1.206847055818516,7.810091744056047e-06
ST-2012-000064-COD,ST-2012-000064-COD,0.30398583201116686,6.738037558363108e-06,1.1546951626353135,7.78037937429694e-06
FL-2012-000089-CUB,FL-2012-000089-CUB,0.30163998174618933,6.2357552114953185e-06,1.2438427371737373,7.756298830611735e-06
FF-2023-000136-VNM,FF-2023-000136-VNM,0.30263775807797966,6.445121527323855e-06,1.2027362338812573,7.75178119268051e-06
FL-2011-000106-GHA,FL-2011-000106-GHA,0.3082182448460344,7.737192999104524e-06,0.9978910966803896,7.720876007104245e-06
FL-2013-000030-COL,FL-2013-000030-COL,0.3040232675096131,6.74633997244459e-06,1.1435152484315854,7.71454262959391e-06
FL-2021-000153-UGA,FL-2021-000153-UGA,0.3018610768678479,6.281612906852294e-06,1.2225799823486727,7.679774196780673e-06
Djibouti: Floods - Apr 1989,Djibouti: Floods - Apr 1989,0.3074414092330079,7.5443811546290754e-06,1.0077916813703185,7.603164568722181e-06
FL-2003-000455-NGA,FL-2003-000455-NGA,0.3074868941363882,7.5555502420309276e-06,1.0019534687985443,7.570309773684569e-06
FL-2024-000198-SEN,FL-2024-000198-SEN,0.30053345544898125,6.010744225114911e-06,1.257934930722009,7.5611251204076405e-06
FL-2004-000021-COL,FL-2004-000021-COL,0.31535605099646496,9.727733982707651e-06,0.7729927578880663,7.5194679192946505e-06
FL-2007-000155-ROM,FL-2007-000155-ROM,0.3105332696146813,8.338373802541587e-06,0.8986487971175168,7.493269587570211e-06
FL-2014-000073-RUS,FL-2014-000073-RUS,0.3001077637667866,5.926145461969425e-06,1.256795117141143,7.447950680071316e-06
Bangladesh: Floods - Jul 1999,Bangladesh: Floods - Jul 1999,0.30546383880933214,7.072908714921344e-06,1.0482356036464253,7.414074736321637e-06
1993-08-01T00:00:00+00:00,1993-08-01T00:00:00+00:00,0.30766414303508843,7.599216890748371e-06,0.9751121616043547,7.410088808837967e-06
FL-2004-000036-MKD,FL-2004-000036-MKD,0.30688999527541094,7.41015521739183e-06,0.9980071080496405,7.3953875787081754e-06
FL-2006-000092-KOR,FL-2006-000092-KOR,0.3003546245775406,5.975073224379846e-06,1.235735149804729,7.383608006023255e-06
FL-2012-000140-MMR,FL-2012-000140-MMR,0.30664310817619833,7.350757291232611e-06,1.0027197916590813,7.370749819601237e-06
FL-2003-000331-CHN,FL-2003-000331-CHN,0.32030998946856354,1.1368543598271702e-05,0.6456419227196044,7.340008347309792e-06
FL-2023-000094-ECU,FL-2023-000094-ECU,0.2982397514383762,5.567436690538058e-06,1.3161601711441135,7.327638427452588e-06
Burundi: Floods - Feb 1989,Burundi: Floods - Feb 1989,0.31936509388608747,1.1037595310525291e-05,0.6606774662799159,7.29229050358093e-06
FL-2022-000378-BIH,FL-2022-000378-BIH,0.30700436105211437,7.437816293470776e-06,0.9789655437483893,7.281365872038247e-06
FL-1999-000161-LKA,FL-1999-000161-LKA,0.29773330585289504,5.473614356682065e-06,1.3231195184395432,7.2422459917369445e-06
Bangladesh: Floods - Aug 1988,Bangladesh: Floods - Aug 1988,0.31489093139946267,9.585207853595887e-06,0.7553870279750035,7.24054167305046e-06
FL-2009-000177-GMB,FL-2009-000177-GMB,0.3012131391610645,6.148074510132225e-06,1.1684788072717938,7.1838947706174195e-06
FL-2012-000050-AFG,FL-2012-000050-AFG,0.3036356089357768,6.660809637975735e-06,1.0763489315759105,7.16935533726571e-06
FL-2009-000165-CHL,FL-2009-000165-CHL,0.30556635853078284,7.096682682557961e-06,1.0088424248679406,7.159434565990095e-06
FL-2001-000320-TLS,FL-2001-000320-TLS,0.3071076837184571,7.462886293262771e-06,0.9542028064575442,7.1211070453048755e-06
FL-2024-000104-MMR,FL-2024-000104-MMR,0.31102618730355036,8.471680456342027e-06,0.8391419529408852,7.108942482825978e-06
FL-2012-000173-SOM,FL-2012-000173-SOM,0.29794221046643576,5.512141469140547e-06,1.2873846983559718,7.096246582544946e-06
FL-2008-000154-MEX,FL-2008-000154-MEX,0.3055377579055012,7.0900430742309716e-06,1.0007930921827906,7.095666131968793e-06
FL-2003-000204-KEN,FL-2003-000204-KEN,0.3016861356602276,6.245303108809161e-06,1.1287613663778198,7.049456870543075e-06
FL-1991-000011-CHN,FL-1991-000011-CHN,0.3083897135217832,7.780344645213157e-06,0.8927290395029112,6.94573960212276e-06
FL-2009-000147-NIC,FL-2009-000147-NIC,0.30695729873172445,7.426422334029659e-06,0.933638952160343,6.9335971662436195e-06
FL-2022-000349-CMR,FL-2022-000349-CMR,0.29965826264993034,5.8379795922337035e-06,1.1868126206379996,6.928587859090042e-06
FL-2019-000098-CAF,FL-2019-000098-CAF,0.2996599919556505,5.838316506477067e-06,1.186559142506317,6.927507827605905e-06
FL-2005-000048-AFG,FL-2005-000048-AFG,0.3037182485681936,6.6789603915213555e-06,1.0241455794175436,6.840227760081463e-06
FF-2014-000015-ZWE,FF-2014-000015-ZWE,0.29971853015157324,5.849731614130069e-06,1.1599076147138132,6.785148243261593e-06
China: Floods in Zhejiang Province - Aug 1988,name=China: Floods in Zhejiang Province - Aug 1988,0.2989293474041272,5.697515825487343e-06,1.1830173894671492,6.740260298315806e-06
FF-2008-000178-DZA,FF-2008-000178-DZA,0.30048297191180173,6.000655020367771e-06,1.1191395672477698,6.715570462697545e-06
FL-2013-000024-MKD,FL-2013-000024-MKD,0.3034305242402514,6.6159570059310676e-06,1.012158913963861,6.696399857954786e-06
FF-2016-000034-YEM,FF-2016-000034-YEM,0.3029984684255294,6.522353493693079e-06,1.0241076022751958,6.679591797617265e-06
FL-2015-000081-PHL,FL-2015-000081-PHL,0.2977454353278812,5.475844682947814e-06,1.208181772549164,6.615815735247805e-06
FL-2018-000120-NGA,FL-2018-000120-NGA,0.30262221725752114,6.441812642976542e-06,1.0265078744630958,6.612571403831348e-06
FL-2021-000134-NPL,FL-2021-000134-NPL,0.2967544196440741,5.2962924438084136e-06,1.2467249920120518,6.6030201547005346e-06
FL-2013-000011-ZWE,FL-2013-000011-ZWE,0.2994842292722303,5.804162666761593e-06,1.135178854405228,6.588762726836017e-06
FL-2001-000082-ZWE,FL-2001-000082-ZWE,0.3002723330931249,5.958722823010566e-06,1.103078973774151,6.572941856611108e-06
FL-1999-000240-SRB,FL-1999-000240-SRB,0.3054168558130129,7.062037492408601e-06,0.9277347612612893,6.551697667037967e-06
1995-09-00T00:00:00+00:00,1995-09-00T00:00:00+00:00,0.31987378677174,1.12146704711263e-05,0.5841419555859526,6.550959540255754e-06
FL-2010-000151-COD,FL-2010-000151-COD,0.3010783278220669,6.12061346163012e-06,1.0701901252471506,6.550220087091334e-06
FL-2012-000128-SSD,FL-2012-000128-SSD,0.29722174615393554,5.38029158584878e-06,1.202591215503273,6.470291397987916e-06
FL-1997-000140-AZE,FL-1997-000140-AZE,0.3028422711789013,6.488808321501857e-06,0.9955723453086005,6.460078118895568e-06
FL-2009-000164-SEN,FL-2009-000164-SEN,0.3009911904983153,6.102922390544939e-06,1.0544185483611912,6.435034567799406e-06
FL-2018-000128-SDN,FL-2018-000128-SDN,0.29843967208938743,5.604869966389417e-06,1.1360707994440626,6.367529103496041e-06
FL-2020-000199-MRT,FL-2020-000199-MRT,0.3054701423381764,7.0743684105982364e-06,0.8999640370776387,6.366677154576507e-06
FL-2010-000245-MAR,FL-2010-000245-MAR,0.29804179702141714,5.530593422521036e-06,1.150616667361314,6.363592972351559e-06
FL-2019-000020-COL,FL-2019-000020-COL,0.30122748382521924,6.151003033321754e-06,1.0283585650027902,6.325436652674569e-06
FL-2022-000276-GMB,FL-2022-000276-GMB,0.2945672969045914,4.918642914669313e-06,1.2833775557524247,6.312475921447285e-06
FL-2019-000171-LKA,FL-2019-000171-LKA,0.29913290354614464,5.736432199943113e-06,1.0913836782077029,6.260648474163019e-06
FL-2020-000212-KHM,FL-2020-000212-KHM,0.29483567316198983,4.963640176977338e-06,1.253731041392615,6.223069768180023e-06
FF-2020-000156-UKR,FF-2020-000156-UKR,0.3006417559930519,6.0324397633979526e-06,1.0262202808011436,6.190612027910231e-06
FL-2021-000135-GIN,FL-2021-000135-GIN,0.2910084242548881,4.3556764652891535e-06,1.405762750329889,6.12304772739205e-06
FL-2023-000139-LAO,FL-2023-000139-LAO,0.29558209868369634,5.0907443010574296e-06,1.184828348999989,6.031658165402977e-06
FF-2020-000123-YEM,FF-2020-000123-YEM,0.29821017291773566,5.56191753807263e-06,1.082595733416551,6.0213081963321165e-06
OT-2004-000112-COL,OT-2004-000112-COL,0.30600765770995864,7.199841677145496e-06,0.8326011254375424,5.994596283363463e-06
FL-2012-000126-PAN,FL-2012-000126-PAN,0.30519096167387066,7.00997835627759e-06,0.8526290636893213,5.97691128239537e-06
FL-2012-000169-SEN,FL-2012-000169-SEN,0.3014580456980356,6.198245783389959e-06,0.9642227294319949,5.97648946695062e-06
FL-2020-000206-COD,FL-2020-000206-COD,0.2971034382887969,5.358913881454527e-06,1.0973603002618633,5.880659346030407e-06
FL-2009-000265-MAR,FL-2009-000265-MAR,0.2982108234792198,5.562038875477537e-06,1.0552948747389153,5.869591118390044e-06
FL-2014-000163-COL,FL-2014-000163-COL,0.2996387556841142,5.834180333940165e-06,0.9955467519351162,5.8081992816578625e-06
FF-2012-000107-SLB,FF-2012-000107-SLB,0.2922938820600123,4.551947592422472e-06,1.2688330044270801,5.7756613396880195e-06
FL-2019-000162-MYS,FL-2019-000162-MYS,0.2974538520369746,5.422455220768378e-06,1.0555900890857195,5.723889989554217e-06
1986-07-01T00:00:00+00:00,1986-07-01T00:00:00+00:00,0.31341963642865145,9.146649240133218e-06,0.6247700658964721,5.714552648489947e-06
FL-2009-000023-ECU,FL-2009-000023-ECU,0.30089192463128145,6.082825005114102e-06,0.9391312908770322,5.712571299231896e-06
FL-2014-000019-BDI,FL-2014-000019-BDI,0.3072081590797452,7.48733833878322e-06,0.7596781974796384,5.687967693127027e-06
FL-2021-000066-GUY,FL-2021-000066-GUY,0.298067579730987,5.535379637316903e-06,1.0204156206178399,5.648387847968081e-06
FL-2003-000578-COL,FL-2003-000578-COL,0.3078400984009172,7.642789385901623e-06,0.7317903843038479,5.5929197818623184e-06
FL-2018-000105-BGD,FL-2018-000105-BGD,0.29821137549488375,5.562141834790774e-06,0.991882742040366,5.516992494709705e-06
FL-2013-000141-SOM,FL-2013-000141-SOM,0.29178589205610156,4.473453195901953e-06,1.2318330184492288,5.510547353199252e-06
FL-2023-000135-CMR,FL-2023-000135-CMR,0.29766682557056995,5.461404704433742e-06,1.007577538281096,5.502788707650147e-06
FL-2018-000414-IRQ,FL-2018-000414-IRQ,0.29005953740761226,4.215717495516795e-06,1.279393971195808,5.393563548028878e-06
FL-2008-000201-YEM,FL-2008-000201-YEM,0.29550117226264205,5.076823684127003e-06,1.0616963805348374,5.390045330051178e-06
FL-2001-000252-ECU,FL-2001-000252-ECU,0.2970886935806955,5.3562549429582315e-06,1.0045332304500523,5.380536080963893e-06
Philippines: Floods and Landslides - Jun 2018,Philippines: Floods and Landslides - Jun 2018,0.29529043020754225,5.040733363904147e-06,1.0625282512687408,5.355921606261071e-06
FL-1999-000213-IND,FL-1999-000213-IND,0.2955965270468749,5.093229811659735e-06,1.046094414060121,5.327999255501731e-06
FL-1999-000531-COD,FL-1999-000531-COD,0.2969349137280345,5.328594242619824e-06,0.9974869194859067,5.3152030562611864e-06
FL-2023-000259-COG,FL-2023-000259-COG,0.29190016980165967,4.4910043551664095e-06,1.1831497507677173,5.31353068351187e-06
FL-2005-000175-SDN,FL-2005-000175-SDN,0.2946944910013797,4.939922920853234e-06,1.0729889975346198,5.300482942744603e-06
FL-2017-000107-NPL,FL-2017-000107-NPL,0.29175579564481346,4.46884116986955e-06,1.179269398312985,5.2699676375483596e-06
FL-2000-000012-MOZ,FL-2000-000012-MOZ,0.29285841091680376,4.640630768187767e-06,1.1277962370993517,5.233685918129637e-06
FL-2008-000099-NIC,FL-2008-000099-NIC,0.29187501917225256,4.487136327208025e-06,1.1525087365452498,5.1714638191768136e-06
FL-2022-000374-TTO,FL-2022-000374-TTO,0.287321228825845,3.8342210903012936e-06,1.3478906419910999,5.168110726942026e-06
FL-2002-000536-MMR,FL-2002-000536-MMR,0.2988368117173515,5.67990331188193e-06,0.9088201340075248,5.1620104890543195e-06
FL-2008-000076-COL,FL-2008-000076-COL,0.3065971767210565,7.339754158213601e-06,0.7001873717288423,5.1392031731754225e-06
FL-2005-000205-PHL,FL-2005-000205-PHL,0.2920863596076713,4.519732787903379e-06,1.1230443143849564,5.075860209994158e-06
FF-2020-000204-TUN,FF-2020-000204-TUN,0.2924357072569748,4.574082585046893e-06,1.0850181584319483,4.9629626629432254e-06
FL-2010-000149-GTM,FL-2010-000149-GTM,0.2877846503727532,3.8965141856434875e-06,1.266258028789791,4.93399237186438e-06
FL-2014-000107-MMR,FL-2014-000107-MMR,0.29603216608524313,5.16879168418285e-06,0.9521660688837085,4.9215480588071875e-06
FF-2012-000118-AFG,FF-2012-000118-AFG,0.28834352739132335,3.972849103726987e-06,1.1956061386296777,4.749962776265398e-06
FL-2015-000024-ARG,FL-2015-000024-ARG,0.2902548825888544,4.244195109108907e-06,1.1150032385892976,4.732291291861289e-06
FL-1997-000299-PRY,FL-1997-000299-PRY,0.2908112567757496,4.326255183304117e-06,1.0913298267640643,4.721371319732418e-06
FL-2022-000271-NGA,FL-2022-000271-NGA,0.2884337768793955,3.985301369455885e-06,1.1840293642331243,4.718713846754251e-06
FL-1998-000165-CHN,FL-1998-000165-CHN,0.3036088240189469,6.654936202130133e-06,0.7000190203158281,4.658581920479473e-06
FL-2015-000088-IRN,FL-2015-000088-IRN,0.28561063177333756,3.6119663770776295e-06,1.2747350017900236,4.604299966149557e-06
FL-2017-000002-MYS,FL-2017-000002-MYS,0.2865793162650025,3.7363574857960447e-06,1.2154113472907762,4.541211285771348e-06
FL-2008-000168-NPL,FL-2008-000168-NPL,0.2977063671562468,5.4686638854981985e-06,0.8284146526395197,4.530321293107276e-06
Bhutan: Flash Flood - Oct 1994,Bhutan: Flash Flood - Oct 1994,0.2851431347209694,3.553278082744356e-06,1.27391472999028,4.526573289359656e-06
FL-2019-000079-BGD,FL-2019-000079-BGD,0.2864423729427375,3.7185414637432356e-06,1.2169646553574989,4.525333530856856e-06
FL-2020-000052-COD,FL-2020-000052-COD,0.28874325749866336,4.02826949180344e-06,1.0988158099220888,4.426326204220438e-06
FL-2008-000104-NPL,FL-2008-000104-NPL,0.2983378515182461,5.5857768051014555e-06,0.7922332882970882,4.425238325999129e-06
FL-2010-000196-LKA,FL-2010-000196-LKA,0.2856369399613652,3.6152948136860514e-06,1.212821481693282,4.384707212692755e-06
Cuba: Floods - May 1994,Cuba: Floods - May 1994,0.29327011173453144,4.706283082915114e-06,0.8829805422163315,4.1555563883759355e-06
FL-2020-000192-TCD,FL-2020-000192-TCD,0.2826882123375271,3.25894472587071e-06,1.2732702189198974,4.149517264557244e-06
FF-2007-000049-TJK,FF-2007-000049-TJK,0.29063641435333337,4.30031499982312e-06,0.9615243720808555,4.13485767995481e-06
FL-2018-000165-CRI,FL-2018-000165-CRI,0.29901926808873236,5.714677692938869e-06,0.7234581139813008,4.134329945744565e-06
FL-2013-000131-KHM,FL-2013-000131-KHM,0.2844375147335285,3.466320802178888e-06,1.1821925826726243,4.097858741499702e-06
Lao PDR: Floods - Aug 1996,name=Lao PDR: Floods - Aug 1996,0.28856639030839765,4.003662578286599e-06,1.016133336585506,4.068255014236892e-06
FL-2024-000215-CRI,FL-2024-000215-CRI,0.2947744257193282,4.953338634042924e-06,0.8201727122971342,4.062593182409167e-06
FL-2023-000193-NGA,FL-2023-000193-NGA,0.2841674863586705,3.4335538012540168e-06,1.175681161425123,4.036764520873969e-06
FL-2006-000071-ROM,FL-2006-000071-ROM,0.288128392965456,3.943306817762386e-06,1.0212196594192295,4.02698244542083e-06
FF-2022-000274-IRN,FF-2022-000274-IRN,0.2869260811970782,3.7818148972716093e-06,1.061292911805653,4.013613344235383e-06
FL-2007-000153-GHA,FL-2007-000153-GHA,0.285394847428197,3.5847698657428117e-06,1.1152536052692246,3.9979275168301445e-06
FL-2006-000127-NPL,FL-2006-000127-NPL,0.2928089401421755,4.632797591631625e-06,0.862630230686243,3.9963912551918594e-06
FL-1997-000265-SOM,FL-1997-000265-SOM,0.2880847666902354,3.937340220058201e-06,1.0106246281950175,3.979172995973607e-06
ST-2010-000085-CHN,ST-2010-000085-CHN,0.2820690188432669,3.1882610882825375e-06,1.2265270055929207,3.910488325659607e-06
FL-2018-000004-COD,FL-2018-000004-COD,0.2850521185420597,3.5419524845735685e-06,1.1027004698435565,3.9057126689028265e-06
FL-2003-000647-TLS,FL-2003-000647-TLS,0.2848001888297617,3.510772833680665e-06,1.1114226107007856,3.90195230838676e-06
FL-2011-000021-MYS,FL-2011-000021-MYS,0.28928162610250086,4.104010851875052e-06,0.9410695768598368,3.862159755802233e-06
FL-2024-000189-LKA,FL-2024-000189-LKA,0.2830145381162258,3.2967609156536076e-06,1.1695806147019812,3.855827658255612e-06
FF-2012-000079-GEO,FF-2012-000079-GEO,0.28484720000766,3.5165722756391578e-06,1.0903447996921118,3.8342762934846114e-06
FL-2022-000362-LCA,FL-2022-000362-LCA,0.28211967482690414,3.1939914263160524e-06,1.1864300437913862,3.789447387793466e-06
FF-2015-000115-MKD,FF-2015-000115-MKD,0.2812455363537005,3.0963951953117426e-06,1.2098817209656998,3.7462719476936954e-06
FL-2011-000082-NPL,FL-2011-000082-NPL,0.2855453702525502,3.6037215794214543e-06,1.025863139158339,3.6969251321179407e-06
FL-2023-000215-GHA,FL-2023-000215-GHA,0.280225717761029,2.985931925364788e-06,1.232207094616741,3.6792865024771167e-06
FL-2010-000114-BGD,FL-2010-000114-BGD,0.28455237488830076,3.4803437911972635e-06,1.0524339826166824,3.6628320770449792e-06
2011-06-30T00:00:00+00:00,2011-06-30T00:00:00+00:00,0.2801623011845695,2.979181479287103e-06,1.2293298445416447,3.6623967047933617e-06
FL-2006-000030-SRB,FL-2006-000030-SRB,0.293644580804419,4.766722872907495e-06,0.7659743515955046,3.65118746181078e-06
FL-2008-000243-PNG,FL-2008-000243-PNG,0.2813401171264075,3.106823913244898e-06,1.173640633936972,3.6462947870712863e-06
FL-2019-000104-THA,FL-2019-000104-THA,0.27715268841376955,2.6741819712799856e-06,1.3579010130864204,3.6312744079785334e-06
FF-2004-000060-VNM,FF-2004-000060-VNM,0.2750636636438199,2.4793179903680523e-06,1.463389408328373,3.6282076869825946e-06
FL-2013-000119-MRT,FL-2013-000119-MRT,0.2817146888668627,3.148436372444374e-06,1.148465884201649,3.6158717623319605e-06
FL-2016-000124-COD,FL-2016-000124-COD,0.2778126615454844,2.7385479649528473e-06,1.3125392635260602,3.594451729050001e-06
FL-2013-000052-SOM,FL-2013-000052-SOM,0.2823348093670588,3.218431431103355e-06,1.11224014258995,3.5796686338463725e-06
FL-2007-000129-PAK,FL-2007-000129-PAK,0.2968245920695032,5.308829726744201e-06,0.6733911312339389,3.5749188552206404e-06
FL-2013-000125-BFA,FL-2013-000125-BFA,0.2809685122781216,3.066030840270087e-06,1.1601880124394874,3.557172226651124e-06
FL-2012-000200-BFA,FL-2012-000200-BFA,0.2827920691458148,3.2709375751633833e-06,1.0864384324897092,3.5536722919321965e-06
FL-2012-000043-KGZ,FL-2012-000043-KGZ,0.28040769918910957,3.0053796359365546e-06,1.178777939336242,3.542675214172397e-06
Bangladesh: Floods - Jul 1988,Bangladesh: Floods - Jul 1988,0.28469701969615135,3.498075738052972e-06,1.0126036486064969,3.5421642554543038e-06
FL-2011-000176-LKA,FL-2011-000176-LKA,0.2793527565643803,2.894207149224622e-06,1.212182945388364,3.5083085467111623e-06
FL-2016-000122-SRB,FL-2016-000122-SRB,0.27926579686397346,2.8852103836821876e-06,1.2064462530292113,3.4808512565943484e-06
FL-2013-000019-PER,FL-2013-000019-PER,0.2769794148363496,2.6575101635362948e-06,1.3077998282489198,3.475491335442525e-06
FF-2013-000091-SDN,FF-2013-000091-SDN,0.27773390923365504,2.730794823707386e-06,1.2681994555499518,3.463192508644334e-06
FL-2004-000051-NPL,FL-2004-000051-NPL,0.2903707431528455,4.261167056589769e-06,0.8123157064849782,3.461412928024233e-06
FL-2007-000228-LKA,FL-2007-000228-LKA,0.28355355927588266,3.360090934563546e-06,1.0154950674735044,3.4121557703117187e-06
FL-2006-000034-ECU,FL-2006-000034-ECU,0.28559684115008926,3.6102227288973467e-06,0.9389625926165136,3.3898640934485175e-06
FL-2007-000052-LKA,FL-2007-000052-LKA,0.28530169019519647,3.5730858025324564e-06,0.9223416325983702,3.2956057925218435e-06
FL-2013-000013-BWA,FL-2013-000013-BWA,0.28148574300864543,3.1229428113876025e-06,1.0534703310426612,3.2899275973397967e-06
FL-2015-000176-BDI,FL-2015-000176-BDI,0.2828813287730425,3.2812765395021092e-06,1.0012036912755304,3.2852261834453108e-06
FL-2019-000119-CMR,FL-2019-000119-CMR,0.27581151839883844,2.5475574794461695e-06,1.2776900520050807,3.2549888483995086e-06
FL-2020-000161-BGD,FL-2020-000161-BGD,0.27960999521258023,2.9209688170647187e-06,1.110546280177668,3.2438710543061865e-06
FL-2008-000191-HND,FL-2008-000191-HND,0.2813036678352203,3.10280118326885e-06,1.037013685075033,3.217647289116803e-06
Colombia: Floods and Landslides - Mar-Jul 2014,name=Colombia: Floods and Landslides - Mar-Jul 2014,0.29223462697086033,4.542728099654162e-06,0.7070564559739085,3.21196523059456e-06
FL-2009-000208-AZE,FL-2009-000208-AZE,0.28408640640321775,3.4237695989921333e-06,0.9365765261408021,3.2066222373305394e-06
FL-1997-000164-BGD,FL-1997-000164-BGD,0.28580141252677116,3.63616606090504e-06,0.876494679186875,3.187080205023166e-06
FF-2025-000055-SOM,FF-2025-000055-SOM,0.274352439568762,2.415951787980731e-06,1.306794101216083,3.1571515453556686e-06
FL-2006-000120-BFA,FL-2006-000120-BFA,0.2780653881569478,2.7635628099871625e-06,1.130238094179754,3.1234839635059364e-06
Djibouti: Floods - Apr 2004,Djibouti: Floods - Apr 2004,0.281767176837317,3.154307335663292e-06,0.9882468827637481,3.117234391748072e-06
FL-2019-000011-IDN,FL-2019-000011-IDN,0.28162996297548476,3.1389802326380998e-06,0.9907720767246441,3.1100139638884565e-06
FL-2019-000160-COG,FL-2019-000160-COG,0.2757439578382942,2.5413240626076775e-06,1.2190888537934883,3.0980998386022045e-06
FL-2009-000187-CIV,FL-2009-000187-CIV,0.27749842894125903,2.707729565728768e-06,1.1423006536672147,3.093041252886015e-06
FL-2008-000217-KEN,FL-2008-000217-KEN,0.2814687199231064,3.1210546995148827e-06,0.9905535057194418,3.091571674146606e-06
FL-2016-000117-ALB,FL-2016-000117-ALB,0.27787717861529004,2.744914407917014e-06,1.116507802929084,3.064718354811813e-06
FF-2013-000118-BEN,FF-2013-000118-BEN,0.275552403806934,2.523725058148793e-06,1.2075093409994648,3.047421581829085e-06
FL-2009-000241-COL,FL-2009-000241-COL,0.2902765812853897,4.247369026049676e-06,0.7158636981146965,3.040537298245738e-06
FL-2013-000159-VCT,FL-2013-000159-VCT,0.2738954093670926,2.3760060003876713e-06,1.2772387598772803,3.034726957396126e-06
FL-2012-000106-BGD,FL-2012-000106-BGD,0.27331371093779167,2.3260239850420034e-06,1.2962702877560353,3.0151557804178376e-06
FL-2009-000120-BWA,FL-2009-000120-BWA,0.281844660434433,3.1629921565107587e-06,0.9522872605541437,3.012077135877874e-06
FL-1997-000522-MDA,FL-1997-000522-MDA,0.28294503986505515,3.2886741897974254e-06,0.9078244357618784,2.9855387907575007e-06
FL-2022-000376-COD,FL-2022-000376-COD,0.2762993414696029,2.5929760069811055e-06,1.149086862190552,2.979554663597305e-06
FL-2023-000064-RWA,FL-2023-000064-RWA,0.27862892497394337,2.8200836668941192e-06,1.0562755799966463,2.978785510887655e-06
FL-2007-000197-COD,FL-2007-000197-COD,0.281839253623,3.16238543130709e-06,0.938197452018096,2.9669419539514594e-06
Cuba: Floods - Jun 1993,Cuba: Floods - Jun 1993,0.27777789949116705,2.735123212202556e-06,1.0819582611621117,2.9592891547388067e-06
FL-2000-000255-ARG,FL-2000-000255-ARG,0.2810942492295623,3.07977937900718e-06,0.9596824343263637,2.955610171633747e-06
FL-2020-000132-UGA,FL-2020-000132-UGA,0.2758538473623018,2.551469932837216e-06,1.1565609422975855,2.950930469766168e-06
FL-2008-000051-LKA,FL-2008-000051-LKA,0.2810134542823839,3.0709386071606225e-06,0.9575666418010185,2.9406283692358946e-06
FL-1998-000224-SVK,FL-1998-000224-SVK,0.27399455749226226,2.3846209917063967e-06,1.2251616258519693,2.9215461312397443e-06
FL-2018-000194-TTO,FL-2018-000194-TTO,0.27137438604095043,2.1661500602928957e-06,1.3365256119034994,2.8951150348077646e-06
FL-2009-000121-CZE,FL-2009-000121-CZE,0.28447936363557735,3.4714241304034456e-06,0.8338900564640452,2.8947860641127783e-06
FL-2024-000035-IRQ,FL-2024-000035-IRQ,0.28064233499363606,3.030622554923951e-06,0.9517697258080438,2.8844547981276417e-06
FL-2015-000009-ALB,FL-2015-000009-ALB,0.2740246761340908,2.3872435650814864e-06,1.1668042059205903,2.7854458322939427e-06
FL-2024-000128-SDN,FL-2024-000128-SDN,0.2749805269440684,2.4718345521447395e-06,1.106871100441691,2.736002230842242e-06
FL-2005-000168-NPL,FL-2005-000168-NPL,0.2798388104883365,2.9449604100506237e-06,0.9001866293184169,2.651013984999654e-06
FF-2013-000029-SRB,FF-2013-000029-SRB,0.2727263350963185,2.2765163020935643e-06,1.161108725475724,2.6432829420485667e-06
FL-2023-000068-YEM,FL-2023-000068-YEM,0.2720174216129757,2.2180288832958725e-06,1.1881661189135326,2.6353867699037735e-06
FL-2010-000062-COD,FL-2010-000062-COD,0.27907942385604934,2.866013140710919e-06,0.9191259563061089,2.634227068741798e-06
FF-2007-000113-GMB,FF-2007-000113-GMB,0.2714491984788944,2.1721291121836178e-06,1.2095060640956095,2.6272033331846982e-06
FL-1998-000359-UKR,FL-1998-000359-UKR,0.27723734958547575,2.682361969227638e-06,0.970056066676692,2.6020415012721084e-06
FF-2007-000008-LKA,FF-2007-000008-LKA,0.2750871749024355,2.4814380200451574e-06,1.0463980201857406,2.596571831388877e-06
FL-2007-000111-GBR,FL-2007-000111-GBR,0.2767432913429759,2.6349417422020127e-06,0.9829526883830424,2.590023069230166e-06
FL-2011-000124-ETH,FL-2011-000124-ETH,0.27309116285767254,2.307153379522287e-06,1.1140674979889862,2.570324593001228e-06
FL-2019-000118-SEN,FL-2019-000118-SEN,0.2747011191138292,2.4468327633052787e-06,1.0381953499928476,2.54029039707369e-06
FF-2014-000009-TZA,FF-2014-000009-TZA,0.2743604033734979,2.416653173459604e-06,1.0439643751945358,2.5228998202926476e-06
FL-2006-000130-KHM,FL-2006-000130-KHM,0.28266161158839276,3.255879381516824e-06,0.7719896247006457,2.5135051018077432e-06
FL-2010-000072-RUS,FL-2010-000072-RUS,0.26876637722848956,1.966750973568579e-06,1.2712126327447877,2.500158683063487e-06
FL-2021-000051-SOM,FL-2021-000051-SOM,0.2702526425185541,2.0782581466499996e-06,1.1926575207202363,2.478650208600222e-06
FL-2018-000154-GHA,FL-2018-000154-GHA,0.26704449893176674,1.8443203579197881e-06,1.3214313032452296,2.437142654167654e-06
Indonesia: Floods and Landslides - Jan 1989,Indonesia: Floods and Landslides - Jan 1989,0.26529693821104094,1.7271194627846007e-06,1.3981220969467434,2.414723884985939e-06
FL-2012-000067-RWA,FL-2012-000067-RWA,0.2729651354127276,2.2965282988986786e-06,1.0464774403141628,2.4032650558405276e-06
FL-2014-000030-PRY,FL-2014-000030-PRY,0.2782752802417524,2.7844940093209767e-06,0.8630646431827305,2.4031983285990594e-06
Costa Rica: Floods - Feb 1988,name=Costa Rica: Floods - Feb 1988,0.28466672162980383,3.4943547932685765e-06,0.684416433779701,2.3915938459698833e-06
FL-2012-000071-NPL,FL-2012-000071-NPL,0.2677622436261236,1.8944946533055214e-06,1.255510001310555,2.3785569846544543e-06
Bangladesh: Floods - Sep 1986,Bangladesh: Floods - Sep 1986,0.27431755064190944,2.412881221298212e-06,0.9657008832892354,2.3301215266796926e-06
Bangladesh: Floods - May 1984,Bangladesh: Floods - May 1984,0.2685919696066937,1.9540255560325902e-06,1.1865219890231302,2.318494289345817e-06
FF-2010-000204-LCA,FF-2010-000204-LCA,0.26763056354272063,1.8851985008437524e-06,1.228383169783597,2.315746110137734e-06
FL-2021-000061-MYS,FL-2021-000061-MYS,0.26973516609034115,2.0388050596563723e-06,1.1325212482808422,2.308990051163332e-06
China: Floods - Jun 1994,China: Floods - Jun 1994,0.27345841677158483,2.3383684921637823e-06,0.9760523910513278,2.282370157935548e-06
FL-2018-000054-BDI,FL-2018-000054-BDI,0.2781964914523153,2.7766202376066093e-06,0.814524387135535,2.2616248973446468e-06
FL-2012-000098-GTM,FL-2012-000098-GTM,0.26592365634347975,1.7683561420541311e-06,1.2673665542478996,2.2411554304382533e-06
FL-2018-000077-CIV,FL-2018-000077-CIV,0.26727584324001685,1.8603603892485724e-06,1.2032024904610985,2.238390253499061e-06
FL-2004-000142-ALB,FL-2004-000142-ALB,0.27653015648834056,2.614718827700693e-06,0.8548694500312184,2.2352432462227635e-06
Moldova: Floods - Aug 1994,Moldova: Floods - Aug 1994,0.2742242651588867,2.404688429608914e-06,0.9253720476383611,2.2252314560394756e-06
FF-2018-000118-LAO,FF-2018-000118-LAO,0.26758653963826795,1.8820997370028295e-06,1.1632902888660213,2.189428346732684e-06
FL-2002-000402-BGD,FL-2002-000402-BGD,0.2763779594668727,2.6003634947146875e-06,0.8143569274139246,2.117624025715188e-06
SS-2007-000063-MDV,SS-2007-000063-MDV,0.2654358899507803,1.7361867620190403e-06,1.2101910384211765,2.1011176604209222e-06
FL-2016-000068-NPL,FL-2016-000068-NPL,0.2667545869557411,1.8243953655398055e-06,1.1157984838635762,2.0356575828370497e-06
1993-08-00:00:00+00:00,1993-08-00:00:00+00:00,0.2740802844074677,2.3920924636191923e-06,0.8503605405079919,2.03414104030831e-06
FL-2022-000217-BGD,FL-2022-000217-BGD,0.26902448886945635,1.985720637107779e-06,1.0110307901265791,2.007624704705732e-06
FL-2006-000191-LKA,FL-2006-000191-LKA,0.26283062545222025,1.5731121499906632e-06,1.2757451495342207,2.006890195023938e-06
FL-2009-000075-BDI,FL-2009-000075-BDI,0.2779921297521278,2.756290622979583e-06,0.7232460065686893,1.9934761860127083e-06
FL-2013-000054-CHN,FL-2013-000054-CHN,0.26656629098111667,1.8115582044013142e-06,1.0900862918708407,1.974754765544027e-06
FF-2013-000113-ROM,FF-2013-000113-ROM,0.26089401830562786,1.4609697322461003e-06,1.3494636441975612,1.9715255389391577e-06
FL-1999-000574-VNM,FL-1999-000574-VNM,0.26582585706225176,1.7618633754921982e-06,1.114647519535003,1.9638566412519462e-06
FL-2005-000017-VEN,FL-2005-000017-VEN,0.27081876171381636,2.12220571623994e-06,0.9176096119267544,1.947356363707671e-06
FL-2012-000042-COL,FL-2012-000042-COL,0.266210187760184,1.7875027448773043e-06,1.0883756360583356,1.945474436911857e-06
FL-2022-000275-UGA,FL-2022-000275-UGA,0.2646343257998518,1.6844641008171498e-06,1.149508740471743,1.9363062069001888e-06
FL-2010-000067-BRA,FL-2010-000067-BRA,0.2669492735958954,1.83775424346851e-06,1.0465567844150672,1.923314171589548e-06
FL-2000-000476-NPL,FL-2000-000476-NPL,0.2735189289397484,2.3435480999106504e-06,0.8017257032301318,1.8788827484545054e-06
FL-2002-000607-ALB,FL-2002-000607-ALB,0.27424833747964017,2.4068001793878004e-06,0.7786781247788098,1.8741226504029954e-06
FL-2023-000056-TZA,FL-2023-000056-TZA,0.2616450018138264,1.503572689069707e-06,1.243845119381568,1.870211550934775e-06
FL-2007-000057-URY,FL-2007-000057-URY,0.26526171425166345,1.7248277043044295e-06,1.0706544149077877,1.8466943965688015e-06
FL-2015-000106-BFA,FL-2015-000106-BFA,0.2609285213137099,1.462903002321225e-06,1.2559695979615333,1.8373616956821091e-06
FL-1997-000166-ROM,FL-1997-000166-ROM,0.2653653276052963,1.7315768744569423e-06,1.0562978713123758,1.8290609665026053e-06
FL-1999-000233-SVK,FL-1999-000233-SVK,0.26033698600146205,1.4300747079500062e-06,1.2632598706634384,1.8065559906039792e-06
FL-2004-000044-BGD,FL-2004-000044-BGD,0.2713992204774469,2.1681331978958344e-06,0.8296031651469546,1.7986901634345728e-06
FL-2013-000145-COL,FL-2013-000145-COL,0.2697978800837424,2.0435502869215186e-06,0.8790758244423693,1.7964356532649743e-06
FL-2005-000150-NGA,FL-2005-000150-NGA,0.2656876859487994,1.7527269427328066e-06,1.0189791202777432,1.7859921581929737e-06
FL-2004-000068-ROM,FL-2004-000068-ROM,0.2679331726656357,1.906623172916517e-06,0.9341110661845553,1.7809978048652275e-06
FL-2009-000172-BFA,FL-2009-000172-BFA,0.26189863617665654,1.5182118212700103e-06,1.1667415435722015,1.771360803818135e-06
FL-2010-000239-MNE,FL-2010-000239-MNE,0.26626901701908134,1.7914568421157854e-06,0.9720464771371192,1.7413793123218377e-06
FL-1999-000247-KOR,FL-1999-000247-KOR,0.25931381222090166,1.3748537375761242e-06,1.2639620274706846,1.7377629176223665e-06
Bangladesh: Floods - Jun 1993,Bangladesh: Floods - Jun 1993,0.2652910500119495,1.7267361712292913e-06,0.9963714048033698,1.7204705446525211e-06
FF-2006-000039-YEM,FF-2006-000039-YEM,0.2665570946871012,1.8109333303516933e-06,0.9450246075942967,1.711376559895042e-06
FL-1997-000301-UGA,FL-1997-000301-UGA,0.2660993218794826,1.7800724474220827e-06,0.9567646009320045,1.7031103047878456e-06
FL-2012-000183-COL,FL-2012-000183-COL,0.26209158093723045,1.5294338750208636e-06,1.1081396423212708,1.694826307219655e-06
FL-2024-000043-CUB,FL-2024-000043-CUB,0.25792940887261756,1.303192668825997e-06,1.300069557704207,1.694241116563979e-06
FL-2019-000136-SLV,FL-2019-000136-SLV,0.25733818263563346,1.2736271129604213e-06,1.3263875340879325,1.6893231257071059e-06
FL-2003-000389-BFA,FL-2003-000389-BFA,0.26311695155245146,1.590333795680755e-06,1.0605355785233375,1.6866055720475047e-06
FL-2011-000091-BEN,FL-2011-000091-BEN,0.26321635993416503,1.5963524713947738e-06,1.0550833377129152,1.684284893685459e-06
FL-2017-000149-TGO,FL-2017-000149-TGO,0.2600690029815199,1.4154219535241964e-06,1.1893964633714496,1.6834978656999874e-06
FL-2016-000080-BFA,FL-2016-000080-BFA,0.2603961986767067,1.4333306906029626e-06,1.1662442397342112,1.671613661549964e-06
FL-2006-000044-COL,FL-2006-000044-COL,0.27063925472369227,2.1081809681808597e-06,0.7903426324249347,1.6661852960202084e-06
FL-2009-000245-SRB,FL-2009-000245-SRB,0.2617804217483776,1.511372899262535e-06,1.0840237655442986,1.638364141400177e-06
Bangladesh: Floods - Aug 1986,Bangladesh: Floods - Aug 1986,0.26342983630406286,1.609346722967729e-06,1.0124849879606508,1.629439397428494e-06
FL-2007-000220-SRB,FL-2007-000220-SRB,0.26783838658306747,1.8998888850035296e-06,0.8529797073218023,1.6205666650742559e-06
FL-2010-000251-CRI,FL-2010-000251-CRI,0.2608151735731151,1.4565605379295302e-06,1.1052106563104114,1.609806228080942e-06
Cambodia: Floods - Sep 1996,Cambodia: Floods - Sep 1996,0.2577791469296666,1.2956205309904706e-06,1.2387081711791748,1.6048957384853972e-06
FL-2015-000068-BGD,FL-2015-000068-BGD,0.26231113611291823,1.542294409876195e-06,1.0178976147086904,1.5698978009915262e-06
FF-2013-000084-GEO,FF-2013-000084-GEO,0.25674727355409177,1.24468198677369e-06,1.2112001793088392,1.5075590455627756e-06
FL-2021-000147-THA,FL-2021-000147-THA,0.2543442175722935,1.1329707178031505e-06,1.3245466846045788,1.5006726080202327e-06
FF-2008-000199-LKA,FF-2008-000199-LKA,0.25727227635467936,1.270369012979323e-06,1.1763858573071313,1.494444140430095e-06
FL-2015-000006-MWI,FL-2015-000006-MWI,0.25569318115222467,1.1945146040764407e-06,1.2458327290676428,1.488165389107707e-06
FL-2024-000098-SLV,FL-2024-000098-SLV,0.25459103367629043,1.1440132215716742e-06,1.2955779011577304,1.4821582485005231e-06
Nepal: Floods - Jul 1996,Nepal: Floods - Jul 1996,0.26961155995807495,2.0294814785892374e-06,0.7248329870558342,1.471035122300328e-06
FL-1998-000221-NPL,FL-1998-000221-NPL,0.2587405113403375,1.3447585708706515e-06,1.0933566224100346,1.4703006890040808e-06
FL-2000-000438-KHM,FL-2000-000438-KHM,0.260925581682665,1.4627381994453902e-06,1.0010572321421671,1.4642846532854196e-06
Nepal: Floods - Aug 1987,Nepal: Floods - Aug 1987,0.25728693029601335,1.2710927864660963e-06,1.1288267712275268,1.4348435660771237e-06
FL-2025-000045-COD,FL-2025-000045-COD,0.2561444348753966,1.215763906988236e-06,1.1530761769304614,1.4018683979200363e-06
FL-1997-000144-CHN,FL-1997-000144-CHN,0.25422121267516395,1.1275034006576915e-06,1.23024943393917,1.3871104204236142e-06
FL-2024-000088-BGD,FL-2024-000088-BGD,0.25731332834955284,1.2723975504480862e-06,1.0651890538676798,1.3553439429053504e-06
FL-2011-000108-SEN,FL-2011-000108-SEN,0.2560563483283037,1.2115894314216245e-06,1.0870343780154084,1.3170393639954477e-06
FL-2003-000229-LKA,FL-2003-000229-LKA,0.2532021872454737,1.0831148978319882e-06,1.1976431040334385,1.297185088264363e-06
FL-2023-000088-ITA,FL-2023-000088-ITA,0.2541722879088356,1.1253354032649983e-06,1.135182250938361,1.2774607761389889e-06
El Salvador: Floods - Oct 2018,El Salvador: Floods - Oct 2018,0.2500717946627861,9.564166074523525e-07,1.3349509665500126,1.2767692745430018e-06
FL-2015-000079-CRI,FL-2015-000079-CRI,0.25481513442823733,1.1541232448352735e-06,1.090367135378019,1.2584180563442214e-06
FF-2012-000196-COG,FF-2012-000196-COG,0.2581716724587866,1.3154849433290067e-06,0.9546774198450808,1.2558637715423885e-06
FF-2016-000079-MKD,FF-2016-000079-MKD,0.25142331368213355,1.0093817763419305e-06,1.242997967664418,1.2546594965905197e-06
FF-2008-000186-COD,FF-2008-000186-COD,0.25556815008817374,1.1886863993792555e-06,1.0305191131072475,1.2249640540509577e-06
FL-2019-000064-SDN,FL-2019-000064-SDN,0.2513729153434088,1.0073602732087261e-06,1.207726031282668,1.216615224834199e-06
FL-2013-000051-ECU,FL-2013-000051-ECU,0.24842977923319445,8.954400897212588e-07,1.3545163959289632,1.212888283099547e-06
FL-2021-000055-TJK,FL-2021-000055-TJK,0.25256894422565235,1.0563296942022908e-06,1.1378608539843575,1.2019562079340539e-06
FL-2009-000007-ZWE,FL-2009-000007-ZWE,0.25289210661737827,1.0699235370909521e-06,1.1194722766288485,1.1977497378859985e-06
FL-1998-000203-BGD,FL-1998-000203-BGD,0.25033308635269813,9.664570046201519e-07,1.2384617273903773,1.1969200113904032e-06
FL-2009-000216-ITA,FL-2009-000216-ITA,0.2527605983090593,1.0643727496653862e-06,1.1196820788761856,1.1917590930445015e-06
FL-2022-000286-MRT,FL-2022-000286-MRT,0.2536609006732071,1.1028978793977719e-06,1.0505974879699613,1.1587017415826965e-06
FF-2011-000088-NGA,FF-2011-000088-NGA,0.246900614331316,8.418247796364355e-07,1.376295308125757,1.1585994944776254e-06
FL-2006-000106-MRT,FL-2006-000106-MRT,0.2572803204379902,1.2707662727328438e-06,0.8996315305030165,1.143221406850262e-06
FL-2024-000103-NPL,FL-2024-000103-NPL,0.2535665915645389,1.0988042462386893e-06,1.0276933790072569,1.1292338486845607e-06
FL-2000-000617-BGD,FL-2000-000617-BGD,0.2590898280997786,1.3630243945381155e-06,0.8096868541290794,1.10362293411476e-06
Montenegro: Floods - Nov 1992,name=Montenegro: Floods - Nov 1992,0.2614019881653084,1.4896658575144834e-06,0.7375578699637254,1.0987147768260689e-06
FL-2000-000741-LKA,FL-2000-000741-LKA,0.2526579944467797,1.0600599936390964e-06,1.013293031042013,1.074151404040937e-06
FL-2010-000176-MRT,FL-2010-000176-MRT,0.24892751183083167,9.135429726657768e-07,1.1720801829873777,1.0707456145689366e-06
FL-2007-000130-CIV,FL-2007-000130-CIV,0.24795406213256976,8.784403485417955e-07,1.2043864430014575,1.0579816467692137e-06
FF-2009-000229-SOM,FF-2009-000229-SOM,0.24807584016376852,8.827641926079195e-07,1.1613045952754697,1.0251581134202168e-06
FL-2010-000160-NPL,FL-2010-000160-NPL,0.2493071270349221,9.275705258099646e-07,1.1019919218781706,1.0221752264148681e-06
FL-2001-000274-WSM,FL-2001-000274-WSM,0.2441948414018364,7.539887269140313e-07,1.3345437786795291,1.006230964697619e-06
FL-1997-000111-ARM,FL-1997-000111-ARM,0.2488163713673871,9.094723964823805e-07,1.0966184261872387,9.973441880912445e-07
FL-1999-000315-GHA,FL-1999-000315-GHA,0.25382542914379114,1.110072365202008e-06,0.8830969393406909,9.80301508156575e-07
FL-1997-000526-ECU,FL-1997-000526-ECU,0.2499375970407613,9.512965045338617e-07,0.9609815296317132,9.141783700602525e-07
FL-2023-000196-LKA,FL-2023-000196-LKA,0.24609733188853253,8.148338315328027e-07,1.1173802450335497,9.104792263397493e-07
FL-2005-000063-SRB,FL-2005-000063-SRB,0.2525671671106288,1.0562553715282038e-06,0.8449809676901925,8.925156859618654e-07
FL-2014-000117-BGD,FL-2014-000117-BGD,0.2461195577873641,8.155700352210329e-07,1.0680532640304388,8.710722381632441e-07
FL-2001-000236-URY,FL-2001-000236-URY,0.24651939824380406,8.289168910011612e-07,1.0394922336938253,8.616526705733381e-07
FL-2007-000132-BFA,FL-2007-000132-BFA,0.2456122744485318,7.989151711285459e-07,1.0755363901814037,8.592623392167546e-07
FL-2014-000004-COL,FL-2014-000004-COL,0.2432232619033706,7.245211798214432e-07,1.1530726697303297,8.354255710928798e-07
FL-2022-000265-YEM,FL-2022-000265-YEM,0.2433881524365684,7.294480031210429e-07,1.135758587937564,8.284768339986315e-07
Nepal: Floods and Landslides - Jul 1993,name=Nepal: Floods and Landslides - Jul 1993,0.24223475033934022,6.956078266453303e-07,1.1890383157151128,8.271043585926137e-07
FL-2023-000089-ARG,FL-2023-000089-ARG,0.24040268785039315,6.447527310183312e-07,1.2153291011417195,7.835867570471773e-07
China: Floods - May 1987,China: Floods - May 1987,0.242290005888468,6.971961896077367e-07,1.1104745493488628,7.742186244623958e-07
Togo: Floods - Oct 1995,Togo: Floods - Oct 1995,0.24981557135013943,9.466622313664864e-07,0.8151788237675379,7.716990042704852e-07
FL-2024-000169-AUT,FL-2024-000169-AUT,0.24581291201378624,8.05465451007416e-07,0.9517727962928261,7.666201046225906e-07
FL-2005-000208-BIH,FL-2005-000208-BIH,0.24674065979938642,8.363868909059654e-07,0.9162380586784109,7.663295012277536e-07
FL-2023-000021-NAM,FL-2023-000021-NAM,0.23865585192748778,5.994057143299814e-07,1.2755322671404512,7.645613297362628e-07
FL-2011-000115-KEN,FL-2011-000115-KEN,0.2418378959687783,6.842953006132209e-07,1.1017053333721223,7.538917822870651e-07
FL-2006-000131-BGD,FL-2006-000131-BGD,0.24994899352103822,9.517303590951822e-07,0.7881513340934744,7.501075522181293e-07
FF-2010-000094-HUN,FF-2010-000094-HUN,0.2390284755026979,6.088305214608474e-07,1.2165899177350536,7.406970740186422e-07
FL-2019-000153-COD,FL-2019-000153-COD,0.24015713115219978,6.381971636738543e-07,1.1527833414890951,7.357030588688087e-07
FL-2024-000177-NPL,FL-2024-000177-NPL,0.2394328648867517,6.192095135576159e-07,1.1822831865149188,7.32080996809251e-07
FL-2010-000259-AUS,FL-2010-000259-AUS,0.23803601684394277,5.840186878832125e-07,1.2316167879767448,7.192872204891153e-07
FL-2025-000026-ECU,FL-2025-000026-ECU,0.24035936385713338,6.435917364708288e-07,1.1171472704368623,7.189867516741069e-07
Turkey: Floods - Nov 1995,Turkey: Floods - Nov 1995,0.2434087543917705,7.300656905700646e-07,0.9375125837102277,6.844457718445329e-07
FL-2008-000198-BLZ,FL-2008-000198-BLZ,0.23864257308776632,5.990722877762969e-07,1.1420312108925819,6.841592502213536e-07
Bangladesh: Floods - Jul 1993,Bangladesh: Floods - Jul 1993,0.24409743627151412,7.509865880130886e-07,0.8603121344647399,6.460828744879325e-07
FL-2005-000070-YEM,FL-2005-000070-YEM,0.23986684167859001,6.305247930191804e-07,1.0139259017870548,6.393054193610686e-07
FF-2007-000080-BGD,FF-2007-000080-BGD,0.24691794278409265,8.424157918939101e-07,0.7213395261756768,6.076678081676606e-07
FL-2021-000092-CRI,FL-2021-000092-CRI,0.24266533560445422,7.080720052094085e-07,0.847698183481849,6.002313525903659e-07
FL-2023-000040-TUR,FL-2023-000040-TUR,0.2338769382106553,4.896367386668067e-07,1.085836144445525,5.316652684928465e-07
FL-2001-000485-KHM,FL-2001-000485-KHM,0.2373100621993367,5.664499353458087e-07,0.9268570532202833,5.250181178714363e-07
FL-2001-000390-POL,FL-2001-000390-POL,0.23052252790641484,4.237734401926631e-07,1.209049552596024,5.123630882670173e-07
FL-2015-000093-GUY,FL-2015-000093-GUY,0.2338858657673642,4.898236750415681e-07,1.034221533733351,5.065861924603971e-07
Togo: Floods - Sep 1995,Togo: Floods - Sep 1995,0.23617906038183012,5.400250486069867e-07,0.937832522926336,5.064530537785076e-07
FL-2012-000037-PSE,FL-2012-000037-PSE,0.22887915465116204,3.945139892333723e-07,1.2782164281084545,5.042742621566985e-07
FL-2013-000068-CZE,FL-2013-000068-CZE,0.23672251787197973,5.525807035321592e-07,0.9098774924680277,5.027807449160597e-07
FL-2012-000132-NPL,FL-2012-000132-NPL,0.22893693158473238,3.9551100963655636e-07,1.2592133213281245,4.980327320662879e-07
FL-2005-000157-MDA,FL-2005-000157-MDA,0.23379284869911296,4.878791151197289e-07,1.0060968725786879,4.908536519184169e-07
FL-2022-000312-BGR,FL-2022-000312-BGR,0.2272433851305781,3.6720831032763994e-07,1.2948679116591442,4.754862579378341e-07
FL-2000-000484-BTN,FL-2000-000484-BTN,0.2316452018801735,4.4486996928798594e-07,1.0601525816656658,4.7163004644618377e-07
FL-2006-000155-LKA,FL-2006-000155-LKA,0.22719621015551955,3.6644670976893823e-07,1.2787797130194554,4.686046183552465e-07
FL-2002-000367-SRB,FL-2002-000367-SRB,0.2360442826220231,5.369512475229019e-07,0.8641325154688277,4.639970322060904e-07
FL-2011-000005-HND,FL-2011-000005-HND,0.22347357437746707,3.1064313060173994e-07,1.359711468750731,4.22385027367817e-07
FL-2024-000059-YEM,FL-2024-000059-YEM,0.22827248125405727,3.8418074552187393e-07,1.0930394963322032,4.199247285857594e-07
FL-2012-000205-LKA,FL-2012-000205-LKA,0.2284116181559977,3.865288416329287e-07,1.0845827244475248,4.1922250413578764e-07
FL-2018-000034-BLR,FL-2018-000034-BLR,0.225366336198637,3.379795659302134e-07,1.2389029264369613,4.187238733068353e-07
FL-2009-000267-SRB,FL-2009-000267-SRB,0.23741097552917984,5.688633120504697e-07,0.7348109754309236,4.1800700521467146e-07
FL-1997-000142-CZE,FL-1997-000142-CZE,0.23247518096477388,4.6106902241526773e-07,0.8861912863935222,4.085953500903898e-07
FL-2007-000088-ECU,FL-2007-000088-ECU,0.22703675935312026,3.638830211796864e-07,1.0783214306239797,3.923828599782553e-07
FL-2005-000196-LKA,FL-2005-000196-LKA,0.2227403703086682,3.0060027492748765e-07,1.2685548662514894,3.8132794155580003e-07
FL-2017-000054-BFA,FL-2017-000054-BFA,0.22047756441834537,2.714213627698558e-07,1.26465349431215,3.432539748578638e-07
FL-2010-000042-SRB,FL-2010-000042-SRB,0.22405320938937234,3.1879514019935886e-07,1.0641610204580652,3.392493617116217e-07
FL-2004-000052-JPN,FL-2004-000052-JPN,0.2240815903509668,3.1919919027993097e-07,1.0587350877770016,3.3794738273937057e-07
FL-2005-000176-BGD,FL-2005-000176-BGD,0.22898032205655047,3.9626126226402636e-07,0.852603025726979,3.378535511847008e-07
FL-1998-000193-ROM,FL-1998-000193-ROM,0.22618624866920795,3.504789815013905e-07,0.963506236832878,3.3768868455542464e-07
FL-2000-000187-ROM,FL-2000-000187-ROM,0.22369340965243192,3.1371255014648435e-07,1.0573179499339493,3.316939103894321e-07
FL-2002-000788-LKA,FL-2002-000788-LKA,0.2256239223787031,3.4186248866288464e-07,0.9639019405394029,3.2952191621978416e-07
Yemen: Floods - Feb 1993,Yemen: Floods - Feb 1993,0.22638977648674377,3.536454761843134e-07,0.9108992485616124,3.221353985135047e-07
FL-2003-000505-VNM,FL-2003-000505-VNM,0.2177162955425436,2.3928163171241564e-07,1.3351682599699068,3.1948123985622605e-07
FL-2011-000187-COD,FL-2011-000187-COD,0.2220418788449908,2.9130566829642346e-07,1.0853096249747856,3.161568456118206e-07
FL-2015-000027-CHL,FL-2015-000027-CHL,0.2205066838263373,2.7178005361771555e-07,1.155946805097162,3.141632846685337e-07
FL-2006-000086-CHL,FL-2006-000086-CHL,0.2240472941188536,3.1871098449915905e-07,0.9816818094129864,3.1287277594292875e-07
FL-2008-000069-CHL,FL-2008-000069-CHL,0.22194369130718591,2.90020066819512e-07,1.033221040168237,2.9965483510891777e-07
FF-2009-000160-LKA,FF-2009-000160-LKA,0.2169775782726905,2.3128559059400342e-07,1.2785216004261617,2.9570362344175526e-07
FL-2016-000025-SRB,FL-2016-000025-SRB,0.2179101216399855,2.4142043674346617e-07,1.220904970189552,2.9475141112543017e-07
FL-2023-000063-CMR,FL-2023-000063-CMR,0.2208336448326641,2.7583692638510695e-07,1.0563752295074629,2.913872964167005e-07
FL-2016-000050-LKA,FL-2016-000050-LKA,0.2164241542804566,2.2545366052713858e-07,1.2099018427879291,2.7277679933506915e-07
FL-2012-000030-KAZ,FL-2012-000030-KAZ,0.21321732147678263,1.941890927116739e-07,1.386634100283017,2.692692178570273e-07
FF-2020-000158-SRB,FF-2020-000158-SRB,0.21717931038064098,2.3344495757891813e-07,1.1226898183568608,2.6208627702060067e-07
FL-2001-000335-KOR,FL-2001-000335-KOR,0.21375946131859036,1.9918354778235625e-07,1.3077777012476726,2.604878022451658e-07
FL-2003-000293-TLS,FL-2003-000293-TLS,0.2171827651823088,2.334820957281698e-07,1.0697950005147083,2.497779787196926e-07
FL-2015-000151-BLZ,FL-2015-000151-BLZ,0.2133221169033919,1.951456377395778e-07,1.2418606118182705,2.4234368107693865e-07
FL-2007-000217-SRB,FL-2007-000217-SRB,0.2134930838048087,1.967152841053043e-07,1.0803231417321983,2.1251607375138431e-07
FL-2010-000036-CYP,FL-2010-000036-CYP,0.2127000377111704,1.8952899906120816e-07,1.084509140610344,2.0554593189260956e-07
FL-2005-000111-ROM,FL-2005-000111-ROM,0.21402131607079014,2.0163703522784685e-07,0.9764074974737552,1.9687991296484935e-07
FL-2009-000219-NPL,FL-2009-000219-NPL,0.2195431885052585,2.601355299899366e-07,0.7491056022368088,1.9486898285630289e-07
FL-2014-000162-LKA,FL-2014-000162-LKA,0.21119103977953968,1.7650413495104757e-07,1.0916819458806812,1.9268637749934599e-07
1993-12-01T00:00:00+00:00,1993-12-01T00:00:00+00:00,0.21711531027561132,2.3275793519133516e-07,0.8154353086906252,1.8979903873293893e-07
FL-2012-000013-ECU,FL-2012-000013-ECU,0.21112328306526906,1.7593867114997938e-07,1.057874236360154,1.861209873890047e-07
FL-2008-000197-COL,FL-2008-000197-COL,0.21456294662488684,2.0679843499648382e-07,0.8805586057383387,1.8209814158937426e-07
FL-2015-000042-RWA,FL-2015-000042-RWA,0.20593494602937065,1.3718306524862626e-07,1.249561737281718,1.7141870933770471e-07
FL-2008-000096-BGD,FL-2008-000096-BGD,0.21641694829480912,2.2537860548293757e-07,0.7559853858657142,1.7038293203189512e-07
FL-2009-000145-NPL,FL-2009-000145-NPL,0.2103166878913971,1.6933133719336976e-07,0.8626211054247378,1.4606878527279365e-07
FL-2016-000089-SEN,FL-2016-000089-SEN,0.20218160986757008,1.1413438495456792e-07,1.1668188769061376,1.331741548690617e-07
FL-2000-000048-BWA,FL-2000-000048-BWA,0.20203969349053377,1.1333577268257034e-07,1.0623346437323442,1.204005176948683e-07
FL-2019-000052-SRB,FL-2019-000052-SRB,0.18934781806482276,5.9238363080907744e-08,1.3767250465171905,8.155493816816494e-08
FL-2018-000425-LKA,FL-2018-000425-LKA,0.19407809074390026,7.581674085745593e-08,1.0429228227177032,7.907100938431456e-08
Belarus: Floods - Aug 1993,Belarus: Floods - Aug 1993,0.19030909237315735,6.2315399004335e-08,1.1082433568666819,6.906062697705091e-08
FL-1999-000132-BLR,FL-1999-000132-BLR,0.18844080152852108,5.646111213031074e-08,0.974119865323752,5.499989094440756e-08
FL-2002-000479-CZE,FL-2002-000479-CZE,0.17093050884525596,2.129098994575949e-08,1.1971051210312973,2.5487553095894548e-08
FL-2023-000157-BGD,FL-2023-000157-BGD,0.17078663486251558,2.1112458740390322e-08,1.1539726901695175,2.4363200808741164e-08
Belarus: Floods - Apr 1996,Belarus: Floods - Apr 1996,0.17277561604029365,2.3704156262101126e-08,0.9975700341709333,2.3646555972377363e-08
FL-2025-000029-BWA,FL-2025-000029-BWA,0.15796964430606128,9.676903331714386e-09,1.2304510947433291,1.1906956298233335e-08
FL-2018-000028-BWA,FL-2018-000028-BWA,0.15377018570494216,7.391309507489811e-09,1.3719368691424587,1.014041002456846e-08
FF-2009-000246-LKA,FF-2009-000246-LKA,0.15120963760800973,6.248772673363656e-09,1.1085200076597403,6.926889531741056e-09
FL-2017-000160-HND,FL-2017-000160-HND,0.11193297324094148,3.0873111360261916e-10,1.2060733944327546,3.723523821497153e-10
subject,subject,0.05996589521729925,6.012335616654282e-13,1.3062248250149238,7.853462038795233e-13
FL-2020-0020-000176-SDN,FL-2020-0020-000176-SDN,-0.011572725650195865,0.0,0.8819420188506686,0.0
