match_id,era5_event_id,cnn_bayesian_score,kg_bayesian_score,kg_rank,attribution_weight
FL-2022-000265-YEM,FL_2022_000265_YEM,0.38036123,1.1357585879375691,1.0,0.4437547683333334
FF-2019-000054-YEM,FF_2019_000054_YEM,0.056194678,0.0112940043289861,6.0,0.061303285090909085
FL-2021-000110-YEM,FL_2021_000110_YEM,0.008581867,0.0137037374465352,4.0,0.009535407777777779
FL-2010-000240-VEN,FL_2010_000240_VEN,0.004868806,0.0009747654119435,33.0,0.004996932473684211
FL-2005-000070-YEM,FL_2005_000070_YEM,0.0033885678,0.0256780382262968,2.0,0.003872648914285714
FF-2020-000123-YEM,FF_2020_000123_YEM,0.0030841955,0.0012040406215657,26.0,0.0031836856774193545
FL-2021-000043-YEM,FL_2021_000043_YEM,0.0014637472,0.0028991306859983,12.0,0.001549849976470588
FL-2008-000201-YEM,FL_2008_000201_YEM,0.0012333513,0.0188127907808052,3.0,0.0013875202125
FL-2013-000103-YEM,FL_2013_000103_YEM,0.00076976285,0.0065389863704262,7.0,0.0008339097541666666
FL-2009-000186-TCD,FL_2009_000186_TCD,0.0006382461,5.238263756080757e-05,503.0,0.0006395024899606299
FL-2009-000032-SLB,FL_2009_000032_SLB,0.0005937202,6.882498275644526e-05,430.0,0.0005950850740229884
FL-1999-000548-YEM,FL_1999_000548_YEM,0.0004776495,0.0051787025202737,8.0,0.0005143917692307691
FL-2001-000521-TCD,FL_2001_000521_TCD,0.00043333397,3.0507747939252912e-05,667.0,0.000433978812217262
FL-2018-000419-PRY,FL_2018_000419_PRY,0.00042324478,4.032544508958558e-05,587.0,0.0004239597205067568
FL-2012-000075-VEN,FL_2012_000075_VEN,0.00041641053,0.0003809776831267,96.0,0.00042053340653465344
FL-2002-000445-VEN,FL_2002_000445_VEN,0.00040199605,0.0003493132970774,105.0,0.00040565055954545453
FF-2006-000039-YEM,FF_2006_000039_YEM,0.0003688072,0.002059490570326,18.0,0.0003848422956521739
FL-2021-000147-THA,FL_2021_000147_THA,0.0003748085,9.267859808400269e-06,953.0,0.00037519974060542795
FL-1997-000299-PRY,FL_1997_000299_PRY,0.0002601759,9.6262031986422e-05,362.0,0.00026088482615803816
FF-2016-000034-YEM,FF_2016_000034_YEM,0.00022417665,0.012756512021063,5.0,0.00024659431500000003
FL-2011-000181-VEN,FL_2011_000181_VEN,0.00023638102,5.308472740983655e-05,498.0,0.00023685096238568586
FL-1999-000547-VEN,FL_1999_000547_VEN,0.00022915113,0.0002961290379777,131.0,0.00023083606477941176
FL-2022-000286-MRT,FL_2022_000286_MRT,0.0002111153,0.000130823350162,288.0,0.0002118358300341297
FL-2015-000085-VEN,FL_2015_000085_VEN,0.00020389396,7.564696134399385e-05,405.0,0.00020439126234146341
FL-2010-000176-MRT,FL_2010_000176_MRT,0.00019900833,6.296952372696321e-06,1027.0,0.00019920116752906978
FL-2020-000190-NER,FL_2020_000190_NER,0.0001673292,0.0001469502148775,261.0,0.00016795825714285714
FL-2007-000153-GHA,FL_2007_000153_GHA,0.00015509977,1.2360848771954091e-05,878.0,0.0001552754209286523
FL-2020-000192-TCD,FL_2020_000192_TCD,0.00013440599,9.991778857845275e-05,353.0,0.000134781425726257
FL-2007-000231-BOL,FL_2007_000231_BOL,0.00012959172,2.4557881114122333e-05,728.0,0.00012976851634379264
FL-2002-000296-PRY,FL_2002_000296_PRY,0.000114111754,3.098825754631298e-05,661.0,0.00011428309296996996
FL-2015-000171-PRY,FL_2015_000171_PRY,0.000108900655,2.8747597220610992e-06,1119.0,0.00010899754170373665
FL-2009-000172-BFA,FL_2009_000172_BFA,0.00010854626,6.371995941740813e-06,1024.0,0.00010865174713313898
FL-2002-000641-THA,FL_2002_000641_THA,0.00010552517,4.425001679535497e-06,1080.0,0.00010562242822119817
FL-2016-000060-IND,FL_2016_000060_IND,9.8881064e-05,0.0002029858972336,197.0,9.937057421782179e-05
FL-2001-000236-URY,FL_2001_000236_URY,9.5682735e-05,0.0001467076138348,262.0,9.604109730337079e-05
FL-2016-000080-BFA,FL_2016_000080_BFA,9.443172e-05,6.459896769235577e-06,1022.0,9.452366909444985e-05
FL-2007-000012-BOL,FL_2007_000012_BOL,9.1716734e-05,0.0004393187597017,79.0,9.280859988095238e-05
FL-2012-000172-MLI,FL_2012_000172_MLI,8.583504e-05,0.0014574250039151,23.0,8.890057714285715e-05
FL-2012-000005-BOL,FL_2012_000005_BOL,8.689137e-05,2.712842889459012e-06,1123.0,8.696840135638298e-05
FL-2000-000130-BOL,FL_2000_000130_BOL,8.219337e-05,5.329754305671873e-05,496.0,8.23574286227545e-05
FL-1998-000040-URY,FL_1998_000040_URY,8.005952e-05,0.0005084451279774,62.0,8.125443820895522e-05
FL-2008-000094-ZAF,FL_2008_000094_ZAF,7.920961e-05,5.428820507516127e-06,1039.0,7.928548127394635e-05
FL-2019-000119-CMR,FL_2019_000119_CMR,7.754373e-05,5.023912226170264e-07,1196.0,7.760829597002497e-05
FL-2007-000181-HTI,FL_2007_000181_HTI,7.5090116e-05,2.858507177369803e-06,1120.0,7.515686276977778e-05
FF-2007-000008-LKA,FF_2007_000008_LKA,6.6923225e-05,1.869304190283968e-05,786.0,6.700783084702908e-05
FL-2007-000228-LKA,FL_2007_000228_LKA,6.652017e-05,0.0001722985338496,226.0,6.680813610389611e-05
FL-2005-000100-KGZ,FL_2005_000100_KGZ,6.521558e-05,1.4409962847308006e-05,838.0,6.529294130486359e-05
FL-2006-000131-BGD,FL_2006_000131_BGD,6.376669e-05,3.391476387559165e-07,1203.0,6.381947699503312e-05
FL-2021-000084-TCD,FL_2021_000084_TCD,6.246043e-05,0.0002134073522953,183.0,6.279266632978722e-05
FL-1999-000324-HND,FL_1999_000324_HND,6.109176e-05,3.6354145615047e-06,1099.0,6.114709673913043e-05
FL-2003-000624-HTI,FL_2003_000624_HTI,5.381807e-05,2.85082725989983e-05,689.0,5.389561765129682e-05
FL-2015-000037-HTI,FL_2015_000037_HTI,5.0920382e-05,0.000243604181643,162.0,5.122529446706586e-05
FL-2019-000032-BOL,FL_2019_000032_BOL,5.002138e-05,0.0001109971992141,324.0,5.017342066869301e-05
FL-2009-000120-BWA,FL_2009_000120_BWA,4.9516348e-05,0.0001928849843962,209.0,4.9747732803738314e-05
FL-2020-000198-SEN,FL_2020_000198_SEN,4.919601e-05,0.0002977700902976,130.0,4.9560424888888884e-05
FL-2014-000030-PRY,FL_2014_000030_PRY,4.906336e-05,9.172854878420056e-05,375.0,4.919247410526315e-05
FL-2012-000039-CHL,FL_2012_000039_CHL,4.8451875e-05,1.931119769947031e-06,1144.0,4.8494043733681465e-05
FL-2000-000735-VEN,FL_2000_000735_VEN,4.5594672e-05,0.0002070204680044,191.0,4.582729787755102e-05
FL-2010-000161-MYS,FL_2010_000161_MYS,4.365377e-05,8.085896288273855e-05,394.0,4.3763177944862154e-05
FL-2006-000010-BOL,FL_2006_000010_BOL,4.289102e-05,9.408337915886488e-05,370.0,4.300539605333333e-05
FL-2022-000287-TCD,FL_2022_000287_TCD,4.2195268e-05,6.763825782644568e-05,435.0,4.2291166336363634e-05
FL-2010-000014-SLB,FL_2010_000014_SLB,4.0286075e-05,4.871749964404095e-05,528.0,4.0361658630394e-05
FL-2005-000196-LKA,FL_2005_000196_LKA,4.006607e-05,9.97088460267235e-05,354.0,4.017767465181058e-05
FL-2018-000164-HND,FL_2018_000164_HND,4.0020306e-05,2.3278306202366924e-06,1129.0,4.005559727513227e-05
FL-1998-000213-KGZ,FL_1998_000213_KGZ,3.9101873e-05,1.7632212911283476e-05,799.0,3.915050717039801e-05
FL-2003-000220-NAM,FL_2003_000220_NAM,3.685617e-05,1.5281626711456566e-05,828.0,3.690041510204082e-05
FL-2007-000158-TGO,FL_2007_000158_TGO,3.5400302e-05,0.0003187087299036,115.0,3.569530451666667e-05
FL-2022-000277-SDN,FL_2022_000277_SDN,3.354244e-05,2.9647277372055045e-05,676.0,3.3591694684287814e-05
FL-2018-000134-IND,FL_2018_000134_IND,3.308818e-05,1.0284610925767925e-05,925.0,3.312375868817204e-05
FL-2002-000110-BOL,FL_2002_000110_BOL,2.9520717e-05,1.3535642221456428e-05,850.0,2.9555244154385966e-05
FL-2009-000132-GHA,FL_2009_000132_GHA,2.8208415e-05,1.0479180149832928e-05,917.0,2.8239009810195227e-05
FL-2022-000376-COD,FL_2022_000376_COD,2.7570637e-05,0.0003471798090925,106.0,2.7819021117117114e-05
FL-2017-000043-HTI,FL_2017_000043_HTI,2.7670176e-05,0.000101510100955,349.0,2.774834033898305e-05
FL-2021-000001-MYS,FL_2021_000001_MYS,2.7559008e-05,0.0001905082712557,212.0,2.768600803686636e-05
FL-2006-000050-ARG,FL_2006_000050_ARG,2.608859e-05,0.000367995760442,99.0,2.6339441826923073e-05
FL-2015-000164-COD,FL_2015_000164_COD,2.476145e-05,0.0001047476977824,343.0,2.4832603591954022e-05
FL-2011-000032-THA,FL_2011_000032_THA,2.4291321e-05,1.2997830451606324e-05,869.0,2.431911427345538e-05
FF-2012-000107-SLB,FF_2012_000107_SLB,2.2166649e-05,1.621481057813547e-05,811.0,2.219381401102941e-05
FL-2022-000213-IND,FL_2022_000213_IND,2.1466112e-05,0.000305067800139,127.0,2.1628734060606063e-05
FL-2017-000137-SSD,FL_2017_000137_SSD,2.1127815e-05,0.0001004696952665,352.0,2.1186996554621847e-05
FL-2014-000162-LKA,FL_2014_000162_LKA,2.093822e-05,2.6796722241409625e-05,707.0,2.0967627612359548e-05
FL-2019-000103-LAO,FL_2019_000103_LAO,2.0922142e-05,9.53789877407304e-06,946.0,2.094414214931651e-05
FL-2005-000038-MDG,FL_2005_000038_MDG,1.9341833e-05,3.678329472805562e-05,610.0,1.937328313495935e-05
FL-2002-000402-BGD,FL_2002_000402_BGD,1.9010633e-05,1.0996680728028584e-05,908.0,1.9031455161007667e-05
FL-2007-000141-NGA,FL_2007_000141_NGA,1.8986428e-05,6.805447785102643e-05,432.0,1.902987520366133e-05
FF-2020-000156-UKR,FF_2020_000156_UKR,1.7656079e-05,2.001867080317424e-06,1140.0,1.767149915633188e-05
FL-2008-000125-SDN,FL_2008_000125_SDN,1.7505545e-05,1.3680838529153603e-05,846.0,1.7526115558166864e-05
FL-2018-000140-MLI,FL_2018_000140_MLI,1.6650216e-05,0.0001108344042099,326.0,1.6700518767371602e-05
FL-2000-000806-FJI,FL_2000_000806_FJI,1.6593669e-05,1.8732750200646224e-06,1146.0,1.66080857410947e-05
FL-2018-000015-BOL,FL_2018_000015_BOL,1.6431211e-05,3.886235701011284e-05,596.0,1.6458550785357736e-05
FL-2006-000120-BFA,FL_2006_000120_BFA,1.4993097e-05,8.946639222626372e-05,382.0,1.503183885271318e-05
FL-2008-000117-ROM,FL_2008_000117_ROM,1.4770539e-05,1.1695122617021927e-05,894.0,1.478696896551724e-05
FL-2006-000086-CHL,FL_2006_000086_CHL,1.4645693e-05,4.52154224063642e-05,546.0,1.4672273205081669e-05
FL-2003-000481-HND,FL_2003_000481_HND,1.4636086e-05,4.864059262659444e-06,1064.0,1.4649777380729655e-05
FL-2012-000129-SDN,FL_2012_000129_SDN,1.4288603e-05,4.474027600736023e-06,1077.0,1.4301808732902033e-05
FL-2017-000149-TGO,FL_2017_000149_TGO,1.35574965e-05,0.0003653594388879,100.0,1.3686615514285715e-05
FL-2022-000275-UGA,FL_2022_000275_UGA,1.3538043e-05,0.0001726977297556,224.0,1.3597161091703056e-05
FL-2021-000097-BGD,FL_2021_000097_BGD,1.3534103e-05,2.174879937315512e-05,758.0,1.3551841011795544e-05
FL-2012-000151-TCD,FL_2012_000151_TCD,1.3350812e-05,3.645650338895371e-05,613.0,1.337241525566343e-05
FL-2011-000129-MLI,FL_2011_000129_MLI,1.3002339e-05,4.31859663271209e-05,560.0,1.3025351989380529e-05
FL-2001-000314-GHA,FL_2001_000314_GHA,1.2221391e-05,0.0001885413047183,213.0,1.2277452426605506e-05
FL-2008-000175-UGA,FL_2008_000175_UGA,1.1954929e-05,0.0006199557005714,50.0,1.2172291345454545e-05
FL-2008-000069-CHL,FL_2008_000069_CHL,1.1980706e-05,5.273080845715964e-05,501.0,1.2004383284584981e-05
FL-2006-000115-HTI,FL_2006_000115_HTI,1.136842e-05,0.000113832996104,318.0,1.1403616346749228e-05
FL-2020-000164-IND,FL_2020_000164_IND,1.1371713e-05,1.0394444209141722e-05,922.0,1.1383980220064726e-05
FL-2019-000163-UGA,FL_2019_000163_UGA,1.1346275e-05,3.2469133026728465e-06,1111.0,1.1356441913082436e-05
FL-2003-000621-BOL,FL_2003_000621_BOL,1.1280422e-05,6.686672989928719e-05,439.0,1.1305828355855857e-05
FL-1997-000022-BOL,FL_1997_000022_BOL,1.0963354e-05,6.92399245939289e-05,427.0,1.098873213425926e-05
FL-2010-000195-MLI,FL_2010_000195_MLI,1.0616948e-05,0.0001382209624774,272.0,1.0655276332129964e-05
FL-2016-000019-HTI,FL_2016_000019_HTI,1.047379e-05,1.680424204825982e-05,805.0,1.0486720604938273e-05
FL-2013-000104-MLI,FL_2013_000104_MLI,1.0297165e-05,2.870443094866046e-05,683.0,1.0312131809593021e-05
FF-2012-000079-GEO,FF_2012_000079_GEO,1.0196546e-05,0.0001161176890031,311.0,1.0228813550632912e-05
FF-2020-000221-SOM,FF_2020_000221_SOM,1.0045646e-05,7.369050689840503e-05,410.0,1.0069852375903615e-05
FL-2012-000200-BFA,FL_2012_000200_BFA,9.878552e-06,0.0003287097106955,114.0,9.961565042016806e-06
FL-2003-000037-MDG,FL_2003_000037_MDG,9.550389e-06,4.285434792997566e-06,1082.0,9.559175006439744e-06
FL-2001-000450-THA,FL_2001_000450_THA,8.977845e-06,3.60428625326575e-05,617.0,8.992278834405146e-06
FL-2010-000008-BOL,FL_2010_000008_BOL,8.6818345e-06,1.1926332237523972e-05,888.0,8.691556599104143e-06
FL-2022-000316-NER,FL_2022_000316_NER,8.139242e-06,1.305507389183504e-06,1167.0,8.146186745733789e-06
FL-2022-000207-VEN,FL_2022_000207_VEN,8.083943e-06,9.013612672308204e-05,378.0,8.105049900783288e-06
FL-2019-000034-BOL,FL_2019_000034_BOL,8.012542e-06,3.443990351749113e-05,636.0,8.02504206552262e-06
FL-2007-000127-MRT,FL_2007_000127_MRT,7.9670735e-06,1.5077973410201356e-05,832.0,7.976592106332138e-06
FL-2021-000057-LKA,FL_2021_000057_LKA,7.828765e-06,3.724161475415324e-05,607.0,7.841557099673201e-06
FL-2019-000108-MRT,FL_2019_000108_MRT,7.77261e-06,4.783520749038679e-05,534.0,7.78703042671614e-06
FF-2009-000107-THA,FF_2009_000107_THA,7.688757e-06,5.313094068973775e-06,1040.0,7.696114662200957e-06
FL-2014-000045-SLB,FL_2014_000045_SLB,7.432299e-06,1.6534498520381e-05,808.0,7.441440819188192e-06
FL-1999-000071-MOZ,FL_1999_000071_MOZ,7.213256e-06,2.803979353688769e-05,694.0,7.223575393419169e-06
FL-2020-000193-SSD,FL_2020_000193_SSD,6.9928933e-06,1.1952282647864686e-05,887.0,7.0007328664798215e-06
FL-2006-000155-LKA,FL_2006_000155_LKA,6.2773324e-06,0.0023389866165106,13.0,6.626073088888889e-06
FL-2009-000123-BGD,FL_2009_000123_BGD,6.452201e-06,6.962135332352447e-05,424.0,6.467241095571096e-06
FF-2009-000246-LKA,FF_2009_000246_LKA,6.1955793e-06,0.0001112377537879,322.0,6.214526025688073e-06
FL-2012-000083-HND,FL_2012_000083_HND,6.165134e-06,2.947137442088541e-05,678.0,6.174160550512445e-06
FL-2016-000089-SEN,FL_2016_000089_SEN,6.123481e-06,4.478360663713883e-06,1076.0,6.129145644773357e-06
FL-1991-000010-PHL,FL_1991_000010_PHL,5.812583e-06,0.0002858564816851,134.0,5.854400143884892e-06
FL-2018-000004-COD,FL_2018_000004_COD,5.831939e-06,1.191023333875537e-05,889.0,5.8384624217002235e-06
FL-2019-000089-SLE,FL_2019_000089_SLE,5.721639e-06,2.5810619601337494e-05,712.0,5.729618970711297e-06
FL-2002-000788-LKA,FL_2002_000788_LKA,5.4675756e-06,0.000374342012905,97.0,5.5211792823529415e-06
FL-2003-000080-ARG,FL_2003_000080_ARG,5.4500024e-06,0.0001303913704666,289.0,5.468539823129251e-06
FL-2007-000132-BFA,FL_2007_000132_BFA,5.0606586e-06,0.0002055480022518,194.0,5.08608904522613e-06
FL-2001-000417-SDN,FL_2001_000417_SDN,5.0432295e-06,7.322724198902739e-07,1185.0,5.047467507983193e-06
FL-2021-000145-BEN,FL_2021_000145_BEN,4.948732e-06,0.0001015628878009,348.0,4.9627510708215295e-06
FL-2013-000125-BFA,FL_2013_000125_BFA,4.907078e-06,5.405191036667084e-05,491.0,4.916971302419354e-06
FL-2009-000206-HTI,FL_2009_000206_HTI,4.8947563e-06,2.4587465077247435e-05,727.0,4.901443125546448e-06
FL-2013-000028-NAM,FL_2013_000028_NAM,4.7798285e-06,0.0002460112323867,159.0,4.808973795731708e-06
FL-2009-000190-TUR,FL_2009_000190_TUR,4.775805e-06,1.7589613681408684e-06,1152.0,4.779932748487467e-06
FL-2008-000074-BFA,FL_2008_000074_BFA,4.6845867e-06,6.954842778389824e-05,426.0,4.695455810672853e-06
FL-1998-000080-ARG,FL_1998_000080_ARG,4.6559194e-06,0.0002430766327617,163.0,4.6836332059523806e-06
FL-2022-000290-SEN,FL_2022_000290_SEN,4.5543857e-06,2.960922766197535e-05,677.0,4.5610636848973605e-06
FL-2015-000110-ARG,FL_2015_000110_ARG,4.2285546e-06,0.0049527290215787,9.0,4.530594214285714e-06
FL-2012-000056-PRY,FL_2012_000056_PRY,4.467084e-06,9.839526916354978e-06,939.0,4.4718160805084756e-06
FL-2016-000072-SDN,FL_2016_000072_SDN,4.4475087e-06,2.700480756956732e-07,1208.0,4.451175236438581e-06
FL-2014-000152-ETH,FL_2014_000152_ETH,4.41226e-06,0.0001658818115204,240.0,4.430269224489796e-06
FL-1999-000423-TGO,FL_1999_000423_TGO,4.2316856e-06,4.1233301122880215e-05,581.0,4.238906906484641e-06
FL-2008-000243-PNG,FL_2008_000243_PNG,4.0454215e-06,5.045900763479551e-06,1055.0,4.0492379353773585e-06
FL-2014-000155-HTI,FL_2014_000155_HTI,3.9552615e-06,0.0002076197303518,188.0,3.975755082901554e-06
FL-2011-000106-GHA,FL_2011_000106_GHA,3.956398e-06,7.843208139570438e-06,993.0,3.960362326653307e-06
FL-2022-000261-GEO,FL_2022_000261_GEO,3.9469446e-06,5.959504362880044e-05,469.0,3.955271487341772e-06
FL-2012-000123-PRK,FL_2012_000123_PRK,3.9300553e-06,1.6033956827598233e-05,816.0,3.934842212667479e-06
FL-2005-000153-THA,FL_2005_000153_THA,3.7980615e-06,4.591081458884555e-06,1070.0,3.8015945804651164e-06
FL-2022-000328-HND,FL_2022_000328_HND,3.7484224e-06,1.8492602928833816e-06,1148.0,3.751673416825672e-06
FL-2019-000118-SEN,FL_2019_000118_SEN,3.721317e-06,5.163479740658309e-05,511.0,3.7285288546511627e-06
FL-2017-000053-THA,FL_2017_000053_THA,3.6779868e-06,2.408714605799804e-05,732.0,3.682977284124831e-06
FL-2006-000191-LKA,FL_2006_000191_LKA,3.5774337e-06,2.5400245083576837e-05,716.0,3.5823954665742024e-06
FL-2012-000174-BEN,FL_2012_000174_BEN,3.4515863e-06,0.0002038334845071,195.0,3.4688442314999995e-06
FL-2013-000020-BOL,FL_2013_000020_BOL,3.4452664e-06,0.0001595064809714,248.0,3.4588840537549407e-06
FL-2009-000177-GMB,FL_2009_000177_GMB,3.3378833e-06,1.5433391483325178e-05,823.0,3.3419145600241544e-06
FL-2006-000062-THA,FL_2006_000062_THA,3.2984417e-06,2.2929394979954962e-07,1210.0,3.301156466831276e-06
FL-2015-000053-CAF,FL_2015_000053_CAF,3.0817048e-06,0.0036526604021882,11.0,3.27431135e-06
FL-2011-000093-BGD,FL_2011_000093_BGD,3.2578296e-06,8.857939450602895e-06,966.0,3.261184728321318e-06
FL-2001-000082-ZWE,FL_2001_000082_ZWE,3.2066157e-06,3.864205279461883e-06,1094.0,3.2095334576888085e-06
FL-2008-000038-ARG,FL_2008_000038_ARG,3.1730033e-06,4.959632290493801e-05,521.0,3.1790356256653994e-06
FL-2021-000068-SUR,FL_2021_000068_SUR,3.1634547e-06,2.188291989337267e-05,755.0,3.1676171403947367e-06
FL-2013-000087-MMR,FL_2013_000087_MMR,3.098281e-06,0.0004910501211872,64.0,3.143183623188406e-06
FL-2009-000087-VUT,FL_2009_000087_VUT,3.1161023e-06,2.55150130253108e-06,1127.0,3.1188550405477032e-06
FL-2008-000191-HND,FL_2008_000191_HND,3.1016486e-06,1.8201807479651375e-05,792.0,3.1055402544542035e-06
FL-2010-000114-BGD,FL_2010_000114_BGD,2.9975074e-06,5.689154847262541e-07,1192.0,3.000011583291562e-06
FL-2011-000020-BOL,FL_2011_000020_BOL,2.9730145e-06,4.246739652027201e-05,572.0,2.9781670381282495e-06
FL-1997-000301-UGA,FL_1997_000301_UGA,2.9054568e-06,0.0005167382382221,59.0,2.9508545625e-06
FL-2010-000150-MEX,FL_2010_000150_MEX,2.9316784e-06,1.561538856553392e-06,1158.0,2.934199189681857e-06
FL-2010-000152-THA,FL_2010_000152_THA,2.8976006e-06,2.2459838381929367e-05,748.0,2.9014486751660027e-06
FL-2008-000155-CHL,FL_2008_000155_CHL,2.780655e-06,9.687826243003991e-05,361.0,2.7882524180327866e-06
FL-2002-000373-GHA,FL_2002_000373_GHA,2.7631309e-06,3.5727779328997886e-05,624.0,2.7675237949125593e-06
FL-1999-000531-COD,FL_1999_000531_COD,2.7522835e-06,0.0001370559539859,278.0,2.7620088833922264e-06
FL-2005-000104-IND,FL_2005_000104_IND,2.7162334e-06,0.00056496280413,56.0,2.7607618163934424e-06
FL-2018-000028-BWA,FL_2018_000028_BWA,2.7365859e-06,5.865065297350615e-05,475.0,2.742287120625e-06
FL-2022-000249-CIV,FL_2022_000249_CIV,2.7069375e-06,0.0002183579402662,178.0,2.7217295081967213e-06
FL-2022-000292-LAO,FL_2022_000292_LAO,2.7025799e-06,1.567017796141172e-05,820.0,2.7058557544242424e-06
FL-2016-000075-BGD,FL_2016_000075_BGD,2.6480513e-06,1.4725015929072207e-06,1159.0,2.6503262581615123e-06
FL-2009-000247-MYS,FL_2009_000247_MYS,2.638304e-06,4.36548647572389e-06,1081.0,2.6407333775322283e-06
FL-2012-000054-HTI,FL_2012_000054_HTI,2.5218844e-06,0.0004740508118276,70.0,2.555509525333334e-06
FL-2007-000147-NER,FL_2007_000147_NER,2.5364823e-06,6.80166877540459e-05,433.0,2.542273355479452e-06
FL-2013-000123-CMR,FL_2013_000123_CMR,2.511231e-06,0.0004200367895349,83.0,2.5397677159090914e-06
FF-2013-000088-AFG,FF_2013_000088_AFG,2.481389e-06,0.0007237783219236,44.0,2.5320295918367347e-06
FL-2007-000151-TCD,FL_2007_000151_TCD,2.4965234e-06,3.511222290273049e-06,1103.0,2.498776579963899e-06
FL-2019-000104-THA,FL_2019_000104_THA,2.4944866e-06,9.022941048605165e-06,957.0,2.4970796214137212e-06
FL-2012-000106-BGD,FL_2012_000106_BGD,2.4565645e-06,0.0001050616213915,342.0,2.4636439365994238e-06
FL-2010-000139-SDN,FL_2010_000139_SDN,2.3182888e-06,4.504033905128794e-05,547.0,2.3224885985507244e-06
FL-2011-000021-MYS,FL_2011_000021_MYS,2.2970362e-06,2.560563271229064e-05,714.0,2.3002309652294854e-06
ST-2011-000073-CAF,ST_2011_000073_CAF,2.240564e-06,0.0007248764601378,43.0,2.2872424166666666e-06
FL-2014-000107-MMR,FL_2014_000107_MMR,2.1985204e-06,0.0006994905178117,45.0,2.2424908080000002e-06
FL-2000-000255-ARG,FL_2000_000255_ARG,2.2256995e-06,0.0001155975103907,312.0,2.2327206340694007e-06
FL-2009-000045-BOL,FL_2009_000045_BOL,2.2172846e-06,1.3516752478762273e-05,851.0,2.2198748857476632e-06
FL-1999-000413-CAF,FL_1999_000413_CAF,2.1937087e-06,1.977015361256748e-05,777.0,2.1965139540920717e-06
FL-2006-000171-HTI,FL_2006_000171_HTI,2.1593394e-06,0.0003871612994634,92.0,2.181600630927835e-06
FL-2005-000105-HTI,FL_2005_000105_HTI,2.1728495e-06,3.85670258930867e-05,600.0,2.1764409867768595e-06
FL-2019-000100-MLI,FL_2019_000100_MLI,2.124665e-06,0.0001241249964697,295.0,2.1317472166666666e-06
FL-2012-000205-LKA,FL_2012_000205_LKA,2.1256628e-06,3.306281445738788e-06,1109.0,2.1275709353680433e-06
FL-2007-000139-KEN,FL_2007_000139_KEN,2.075427e-06,0.0001178981613023,310.0,2.0820156571428573e-06
FL-2018-000425-LKA,FL_2018_000425_LKA,2.0657903e-06,2.3032032813629745e-05,740.0,2.068563172885906e-06
FL-2012-000132-NPL,FL_2012_000132_NPL,1.9669164e-06,3.7255653878442025e-06,1098.0,1.9686996424297367e-06
FL-2019-000079-BGD,FL_2019_000079_BGD,1.9211502e-06,9.336327590103688e-06,951.0,1.9231597713389122e-06
FL-2009-000176-MLI,FL_2009_000176_MLI,1.9003113e-06,0.0002191341633235,177.0,1.9107525708791208e-06
FL-2011-000156-HTI,FL_2011_000156_HTI,1.8909293e-06,3.379221310608325e-05,640.0,1.8938609733333333e-06
FL-2006-000057-SUR,FL_2006_000057_SUR,1.879195e-06,0.0002025147841924,198.0,1.8884521182266012e-06
FL-2002-000322-CHL,FL_2002_000322_CHL,1.8785445e-06,0.000145824045177,263.0,1.8855539944029852e-06
FL-2018-000154-GHA,FL_2018_000154_GHA,1.8644687e-06,8.507692038797258e-06,975.0,1.8663712190816325e-06
FL-2009-000165-CHL,FL_2009_000165_CHL,1.8136537e-06,0.0002496517019647,156.0,1.8249186298136645e-06
FL-2001-000029-BOL,FL_2001_000029_BOL,1.8160717e-06,9.159869488815137e-06,956.0,1.8179614728407905e-06
FL-2007-000131-SEN,FL_2007_000131_SEN,1.8139274e-06,4.698459903932452e-05,537.0,1.8172741295202953e-06
FL-2019-000153-COD,FL_2019_000153_COD,1.7892079e-06,6.284903127006177e-05,454.0,1.7931059564270152e-06
FL-1997-000295-COD,FL_1997_000295_COD,1.7853179e-06,4.954246506494937e-05,522.0,1.7887056000000001e-06
FL-2019-000052-SRB,FL_2019_000052_SRB,1.7121461e-06,5.144997289195256e-06,1049.0,1.7137705270398482e-06
FL-2020-000019-MDG,FL_2020_000019_MDG,1.7098157e-06,4.872321832048942e-06,1063.0,1.7114166510299623e-06
FL-2011-000122-NER,FL_2011_000122_NER,1.6311252e-06,0.000160363347304,244.0,1.637675903614458e-06
FL-2010-000196-LKA,FL_2010_000196_LKA,1.5891964e-06,1.065426610692228e-06,1176.0,1.590542036240474e-06
FL-2007-000057-URY,FL_2007_000057_URY,1.5561022e-06,0.0003596049405211,101.0,1.5707824094339624e-06
FL-2008-000217-KEN,FL_2008_000217_KEN,1.4935882e-06,0.0002569063264023,152.0,1.5031015006369427e-06
ST-2022-000138-MDG,ST_2022_000138_MDG,1.4983178e-06,8.449784899107607e-07,1179.0,1.4995832711148649e-06
FL-2015-000008-BOL,FL_2015_000008_BOL,1.4958509e-06,2.698887060723528e-05,704.0,1.4979607038081804e-06
FL-2014-000115-NER,FL_2014_000115_NER,1.4736926e-06,0.0003293085631327,113.0,1.486181520338983e-06
FL-2021-000129-VEN,FL_2021_000129_VEN,1.3853064e-06,4.301419858449157e-05,564.0,1.3877410333919157e-06
FL-1999-000053-PHL,FL_1999_000053_PHL,1.3738388e-06,0.0001361064514226,281.0,1.3786424321678322e-06
FL-2006-000047-COD,FL_2006_000047_COD,1.350502e-06,0.0001703128487108,228.0,1.356298145922747e-06
FL-2012-000128-SSD,FL_2012_000128_SSD,1.3310704e-06,5.1654378788941305e-05,510.0,1.3336550027184469e-06
FL-2003-000368-SDN,FL_2003_000368_SDN,1.2852133e-06,5.762265428907821e-06,1036.0,1.2864478949087414e-06
FL-2019-000081-MMR,FL_2019_000081_MMR,1.2538292e-06,3.222000789036762e-05,655.0,1.2557289412121211e-06
FL-2007-000011-ZMB,FL_2007_000011_ZMB,1.2250473e-06,8.776163735379047e-06,967.0,1.2263076367283952e-06
FL-2020-000200-BFA,FL_2020_000200_BFA,1.2197493e-06,2.350333179170518e-05,737.0,1.2213931669811323e-06
FL-2019-000009-ARG,FL_2019_000009_ARG,1.1830493e-06,4.917778975824311e-05,524.0,1.1852856880907372e-06
FL-2015-000065-GHA,FL_2015_000065_GHA,1.1777347e-06,1.7042403397944193e-05,804.0,1.1791904907292955e-06
FL-2022-000333-THA,FL_2022_000333_THA,1.1110993e-06,3.053440723759933e-05,666.0,1.1127551856929957e-06
FL-2016-000137-ARG,FL_2016_000137_ARG,1.0893201e-06,0.0001343942551496,284.0,1.0930893737024222e-06
FF-2020-000140-IDN,FF_2020_000140_IDN,1.0753066e-06,4.3553962867826907e-08,1216.0,1.0761872769860768e-06
FL-2013-000050-ETH,FL_2013_000050_ETH,1.0690544e-06,0.0001792077899622,220.0,1.073805752888889e-06
FL-2008-000095-SUR,FL_2008_000095_SUR,1.0442149e-06,6.120559060459996e-05,463.0,1.0464461284188033e-06
FL-2007-000210-PHL,FL_2007_000210_PHL,1.0225252e-06,0.0001875268017878,215.0,1.027173041818182e-06
FL-2022-000382-ZAF,FL_2022_000382_ZAF,1.0115989e-06,4.163334356997237e-05,577.0,1.0133370424398625e-06
FL-2015-000105-GIN,FL_2015_000105_GIN,1.0080071e-06,1.5204430292836088e-05,830.0,1.0092142941317367e-06
FL-2022-000305-GIN,FL_2022_000305_GIN,1.0029606e-06,3.3139623195898824e-06,1108.0,1.0038617326145551e-06
FL-2013-000108-SSD,FL_2013_000108_SSD,9.968015e-07,9.71499508967424e-05,360.0,9.99532463013699e-07
FF-2012-000081-ETH,FF_2012_000081_ETH,9.891586e-07,4.331855539886767e-05,559.0,9.909124273049645e-07
FL-1999-000265-TCD,FL_1999_000265_TCD,9.837695e-07,4.187857672712998e-05,575.0,9.854656543103447e-07
FL-2006-000070-IND,FL_2006_000070_IND,9.506358e-07,0.0001929528215505,208.0,9.550988788732394e-07
FL-2003-000389-BFA,FL_2003_000389_BFA,8.9591276e-07,9.310949430971528e-05,372.0,8.98289186419098e-07
FL-1999-000031-LKA,FL_1999_000031_LKA,8.661429e-07,0.0004577913262327,75.0,8.7696968625e-07
FL-2015-000131-SLE,FL_2015_000131_SLE,8.51988e-07,1.8039001336938068e-06,1150.0,8.52725651948052e-07
FL-2007-000149-CMR,FL_2007_000149_CMR,8.4194505e-07,9.237898404910798e-05,374.0,8.441665408970975e-07
FL-2011-000002-BRA,FL_2011_000002_BRA,8.3813165e-07,5.950830435417368e-05,471.0,8.398924307773109e-07
FL-2009-000237-THA,FL_2009_000237_THA,7.85358e-07,9.79394012329698e-06,940.0,7.861890666666666e-07
FL-2001-000335-KOR,FL_2001_000335_KOR,7.839959e-07,7.448833705963763e-05,408.0,7.858941951573849e-07
FL-2022-000135-ZMB,FL_2022_000135_ZMB,7.6913653e-07,0.0004326562000075,80.0,7.781851950588236e-07
FL-2021-000123-CAF,FL_2021_000123_CAF,7.63852e-07,0.0004550935362777,78.0,7.730550361445782e-07
FL-2015-000161-ETH,FL_2015_000161_ETH,7.6700286e-07,3.722092175010855e-05,608.0,7.682540881566068e-07
FL-2018-000077-CIV,FL_2018_000077_CIV,7.4763534e-07,0.0007445989985498,38.0,7.650222083720931e-07
ST-2015-000041-PRY,ST_2015_000041_PRY,7.58286e-07,0.0002502471211774,155.0,7.630252875000001e-07
FL-2017-000012-MOZ,FL_2017_000012_MOZ,7.369853e-07,1.3244849054667093e-05,857.0,7.378402713457077e-07
FL-2016-000054-HTI,FL_2016_000054_HTI,7.3244564e-07,3.880422322350244e-05,597.0,7.336623271096346e-07
FL-2015-000064-IND,FL_2015_000064_IND,7.284621e-07,0.0001594691981824,249.0,7.313300610236221e-07
FL-2013-000101-LAO,FL_2013_000101_LAO,7.2451826e-07,4.249935720292549e-06,1084.0,7.251835660238752e-07
FL-2011-000176-LKA,FL_2011_000176_LKA,7.1807926e-07,2.461872697943531e-05,725.0,7.190629302191782e-07
FL-1999-000213-IND,FL_1999_000213_IND,7.1532315e-07,3.9283212009086735e-05,591.0,7.165233566275168e-07
FL-2020-000195-CMR,FL_2020_000195_CMR,7.077854e-07,0.0002928490448345,132.0,7.129517167883212e-07
FL-2006-000123-SDN,FL_2006_000123_SDN,7.0981014e-07,1.958342739102355e-05,779.0,7.107155100765306e-07
FL-1997-000255-KEN,FL_1997_000255_KEN,7.055923e-07,6.848229791639493e-06,1014.0,7.062847360157016e-07
FL-2011-000107-MMR,FL_2011_000107_MMR,6.918721e-07,6.108687470005326e-05,464.0,6.933473070362473e-07
FL-2017-000054-BFA,FL_2017_000054_BFA,6.8582165e-07,5.435725503314713e-05,489.0,6.872099529352228e-07
FL-2022-000332-BEN,FL_2022_000332_BEN,6.798215e-07,5.172087687070197e-05,508.0,6.811466881091618e-07
FL-2017-000095-GHA,FL_2017_000095_GHA,6.79422e-07,2.3900300253353235e-05,733.0,6.803426260162601e-07
FL-2009-000248-URY,FL_2009_000248_URY,6.6725505e-07,6.236312062051122e-05,456.0,6.687024579175705e-07
FL-2005-000129-SDN,FL_2005_000129_SDN,6.45787e-07,1.3092059111341851e-05,860.0,6.46533574566474e-07
FL-2000-000583-LAO,FL_2000_000583_LAO,6.189161e-07,5.058781063124712e-06,1052.0,6.195016403027435e-07
FL-2014-000008-BOL,FL_2014_000008_BOL,6.17251e-07,0.0001105555353739,329.0,6.190990568862276e-07
FL-2009-000174-NER,FL_2009_000174_NER,6.1580977e-07,0.0001211461552348,302.0,6.178156650162867e-07
FL-2021-000049-RWA,FL_2021_000049_RWA,5.8503815e-07,0.0003991257045864,87.0,5.91397260326087e-07
FL-2010-000259-AUS,FL_2010_000259_AUS,5.850186e-07,2.9843477008450567e-05,675.0,5.858789214705883e-07
FL-2003-000012-BOL,FL_2003_000012_BOL,5.704091e-07,1.1530499902235236e-05,898.0,5.710407822812845e-07
FL-2006-000092-KOR,FL_2006_000092_KOR,5.65994e-07,1.343621389505309e-05,855.0,5.666521325581395e-07
FL-2012-000175-GMB,FL_2012_000175_GMB,5.603044e-07,5.236919325042628e-06,1045.0,5.608380232380953e-07
FL-2020-000052-COD,FL_2020_000052_COD,5.593163e-07,2.6254562006837238e-06,1125.0,5.598112701769912e-07
FL-2008-000182-RWA,FL_2008_000182_RWA,5.361728e-07,0.0015472752290133,22.0,5.560310518518518e-07
FL-2018-000124-MMR,FL_2018_000124_MMR,5.538986e-07,5.170250291634615e-05,509.0,5.549762237354085e-07
FL-2017-000091-MMR,FL_2017_000091_MMR,5.468491e-07,5.333115762677329e-05,495.0,5.479427982e-07
FL-2006-000169-SOM,FL_2006_000169_SOM,5.4659307e-07,2.2072791181305683e-05,750.0,5.473170343311259e-07
FL-2019-000098-CAF,FL_2019_000098_CAF,5.427486e-07,3.0747898204660045e-05,663.0,5.435610979041917e-07
FL-2009-000127-BEN,FL_2009_000127_BEN,5.3377966e-07,2.732542958846873e-05,698.0,5.345389482788051e-07
FL-2015-000080-MMR,FL_2015_000080_MMR,5.245104e-07,0.0002242279023602,173.0,5.274570876404495e-07
FL-2006-000189-MYS,FL_2006_000189_MYS,5.22626e-07,1.940186372272635e-05,780.0,5.232917656050955e-07
FL-2010-000062-COD,FL_2010_000062_COD,5.159413e-07,2.4482920077388664e-05,729.0,5.166442173024523e-07
FL-2013-000055-UGA,FL_2013_000055_UGA,5.119532e-07,0.0002258201433895,171.0,5.148620249999999e-07
FF-2022-000309-SLE,FF_2022_000309_SLE,5.057183e-07,1.608464308824227e-05,815.0,5.063350296341463e-07
FL-2020-000176-SDN,FL_2020_000176_SDN,5.0272064e-07,4.756346640236957e-05,535.0,5.036516041481481e-07
FL-1998-000329-BEN,FL_1998_000329_BEN,4.92616e-07,1.52840946402887e-05,827.0,4.932080865384615e-07
FL-1998-000251-SDN,FL_1998_000251_SDN,4.915416e-07,6.68815229432023e-05,438.0,4.92651174717833e-07
FL-2009-000234-PHL,FL_2009_000234_PHL,4.8836694e-07,0.0001264516627404,293.0,4.900057552348994e-07
FL-2006-000125-THA,FL_2006_000125_THA,4.747217e-07,3.839408670619244e-05,601.0,4.755050691419142e-07
FL-2010-000003-KEN,FL_2010_000003_KEN,4.4690708e-07,4.257352984357864e-06,1083.0,4.473178401838236e-07
FL-2005-000160-MMR,FL_2005_000160_MMR,4.4537416e-07,0.0001134115133267,320.0,4.467445420307692e-07
FL-2002-000732-IDN,FL_2002_000732_IDN,4.3884074e-07,5.662916429185719e-07,1193.0,4.392070511352254e-07
FF-2007-000049-TJK,FF_2007_000049_TJK,4.2905106e-07,4.359070764022511e-05,556.0,4.2981585689839567e-07
FL-2009-000102-HTI,FL_2009_000102_HTI,4.2646346e-07,8.941129672150145e-06,960.0,4.269053910466322e-07
FL-2016-000124-COD,FL_2016_000124_COD,4.0692154e-07,1.536901986379602e-05,826.0,4.074112169434417e-07
FL-2011-000115-KEN,FL_2011_000115_KEN,3.974317e-07,0.0002114245234877,187.0,3.995016567708333e-07
FL-2012-000157-CMR,FL_2012_000157_CMR,3.8157947e-07,0.0010179362624972,31.0,3.9217889972222215e-07
FL-2010-000174-KEN,FL_2010_000174_KEN,3.8492695e-07,0.0003175235791835,116.0,3.881081644628099e-07
FL-2021-000095-MMR,FL_2021_000095_MMR,3.8478743e-07,3.70259533333658e-05,609.0,3.8541411962540717e-07
FL-2022-000321-CAF,FL_2022_000321_CAF,3.7943835e-07,1.737747042233314e-05,802.0,3.799085338289963e-07
FL-1997-000177-MMR,FL_1997_000177_MMR,3.6240016e-07,0.0010347806064894,29.0,3.7305898823529407e-07
FL-2002-000054-IDN,FL_2002_000054_IDN,3.7043034e-07,0.0001999950986755,201.0,3.7222854553398054e-07
FL-2014-000070-LKA,FL_2014_000070_LKA,3.6496863e-07,0.000147180867539,260.0,3.663458701132076e-07
FL-2013-000038-KEN,FL_2013_000038_KEN,3.6198185e-07,8.81004845252306e-05,384.0,3.629123946015424e-07
ST-2012-000064-COD,ST_2012_000064_COD,3.6243438e-07,1.872675159371336e-05,785.0,3.6289315769620254e-07
FL-2012-000003-BRA,FL_2012_000003_BRA,3.6143857e-07,1.433048346445105e-06,1163.0,3.617480208304794e-07
FL-1999-000363-NIC,FL_1999_000363_NIC,3.597577e-07,6.314971505987031e-06,1025.0,3.6010697932038837e-07
FL-2021-000038-KEN,FL_2021_000038_KEN,3.5552546e-07,9.422108028352825e-06,948.0,3.558985192444911e-07
FL-2020-000126-ETH,FL_2020_000126_ETH,3.539276e-07,7.024291792910284e-06,1008.0,3.542769855873643e-07
FL-2020-000161-BGD,FL_2020_000161_BGD,3.5063826e-07,4.105919207372573e-06,1088.0,3.5095906353156453e-07
FL-1997-000164-BGD,FL_1997_000164_BGD,3.4799345e-07,5.103788098386815e-06,1050.0,3.483233016113744e-07
FL-2006-000091-PRK,FL_2006_000091_PRK,3.4172123e-07,2.2376625745661256e-06,1131.0,3.4202204094190136e-07
FL-2021-000134-NPL,FL_2021_000134_NPL,3.3761575e-07,2.4824677203790987e-08,1218.0,3.3789180539656584e-07
FL-2017-000064-IND,FL_2017_000064_IND,3.3402e-07,6.0916716991798985e-05,465.0,3.347306808510639e-07
FL-2010-000075-TJK,FL_2010_000075_TJK,3.306042e-07,4.3154133367932496e-05,562.0,3.3118727619047617e-07
FL-2000-000375-CHL,FL_2000_000375_CHL,3.292776e-07,0.0001528495729724,254.0,3.305489420849421e-07
FL-2008-000096-BGD,FL_2008_000096_BGD,3.189055e-07,5.088466370367621e-07,1195.0,3.1917125458333334e-07
FL-2014-000098-SDN,FL_2014_000098_SDN,3.146079e-07,6.95912671357981e-05,425.0,3.153395462790698e-07
FL-2010-000118-GHA,FL_2010_000118_GHA,3.102205e-07,9.68517245813406e-06,944.0,3.1054739199157006e-07
FL-2005-000175-SDN,FL_2005_000175_SDN,3.0863578e-07,1.5886559812368957e-06,1157.0,3.08901387383821e-07
FL-2017-000160-HND,FL_2017_000160_HND,2.9390935e-07,5.994355878662863e-05,467.0,2.945320393008475e-07
FL-2000-000048-BWA,FL_2000_000048_BWA,2.8123304e-07,3.825892034423808e-06,1096.0,2.8148847418710263e-07
FL-2007-000217-SRB,FL_2007_000217_SRB,2.7796762e-07,4.311933475115075e-05,563.0,2.7845699961267607e-07
FL-2015-000081-PHL,FL_2015_000081_PHL,2.6636334e-07,0.0002407932854715,165.0,2.679301831764706e-07
FF-2012-000101-GAB,FF_2012_000101_GAB,2.6238283e-07,9.034347469442556e-05,377.0,2.6306969604712044e-07
FL-2000-000741-LKA,FL_2000_000741_LKA,2.566518e-07,9.919800596883114e-05,357.0,2.573607828729281e-07
FL-2011-000187-COD,FL_2011_000187_COD,2.5601423e-07,0.0001041730304112,344.0,2.5674779512893987e-07
FL-1999-000247-KOR,FL_1999_000247_KOR,2.535424e-07,3.788800741161324e-05,604.0,2.5395872577996717e-07
FL-2020-000213-LAO,FL_2020_000213_LAO,2.5219703e-07,2.921749690463927e-06,1116.0,2.524220050490633e-07
FL-2011-000091-BEN,FL_2011_000091_BEN,2.4635335e-07,1.2253552953110904e-05,880.0,2.4663171536723167e-07
FL-2013-000013-BWA,FL_2013_000013_BWA,2.4384457e-07,0.0001217697204244,300.0,2.4464406039344263e-07
FL-2007-000003-PHL,FL_2007_000003_PHL,2.4148392e-07,7.614587233542388e-05,404.0,2.4207434523227383e-07
FL-2021-000091-PHL,FL_2021_000091_PHL,2.4146738e-07,6.143036798790221e-06,1029.0,2.4170090744680846e-07
FL-2000-000617-BGD,FL_2000_000617_BGD,2.412195e-07,3.521909913250077e-06,1102.0,2.41437403794038e-07
FL-2007-000044-ARG,FL_2007_000044_ARG,2.3933234e-07,0.0003161508775065,117.0,2.4129408049180325e-07
FL-2002-000614-LAO,FL_2002_000614_LAO,2.3233504e-07,5.280864052411669e-05,500.0,2.3279510938613862e-07
FL-2015-000042-RWA,FL_2015_000042_RWA,2.2749424e-07,0.0007271170472527,42.0,2.3233454297872338e-07
FL-2013-000098-NER,FL_2013_000098_NER,2.3072535e-07,0.0001062270508127,340.0,2.3139411913043478e-07
FL-2015-000123-NER,FL_2015_000123_NER,2.2924357e-07,0.0001724533774311,225.0,2.3024028117391306e-07
FL-2018-000060-LKA,FL_2018_000060_LKA,2.206234e-07,0.0006081678785592,51.0,2.2456310357142854e-07
FL-2019-000087-PAK,FL_2019_000087_PAK,2.227587e-07,4.415051675874538e-05,553.0,2.2315790913978495e-07
FL-2018-000029-RWA,FL_2018_000029_RWA,2.2032499e-07,0.000344498397604,109.0,2.222576653508772e-07
FL-2013-000074-HTI,FL_2013_000074_HTI,2.2124905e-07,0.0001209246952716,303.0,2.2196739107142858e-07
FL-2003-000196-ARG,FL_2003_000196_ARG,2.123418e-07,0.0002396559847308,166.0,2.1358356491228068e-07
FL-2022-000254-PAK,FL_2022_000254_PAK,2.1052108e-07,2.571415956266292e-05,713.0,2.1081428484679667e-07
FL-1997-000337-IND,FL_1997_000337_IND,2.0768731e-07,2.8583880603588026e-05,686.0,2.079878705065123e-07
FL-2002-000321-HTI,FL_2002_000321_HTI,2.0441419e-07,7.069040773227806e-05,420.0,2.048951645647059e-07
FL-2021-000051-SOM,FL_2021_000051_SOM,2.0361654e-07,6.262508578509103e-06,1028.0,2.038136518489835e-07
FL-2012-000169-SEN,FL_2012_000169_SEN,1.9078982e-07,0.0004767227855695,69.0,1.9336806081081085e-07
FL-2010-000245-MAR,FL_2010_000245_MAR,1.9243639e-07,1.6652782554159872e-05,806.0,1.9267367284833542e-07
FL-2014-000006-PHL,FL_2014_000006_PHL,1.916527e-07,6.87507715209609e-05,431.0,1.9209227041284401e-07
FL-2019-000101-NER,FL_2019_000101_NER,1.8506437e-07,0.0004563543016272,77.0,1.873212525609756e-07
FL-2020-000172-MMR,FL_2020_000172_MMR,1.8392477e-07,0.0004868801305761,66.0,1.8651525971830984e-07
FL-2008-000051-LKA,FL_2008_000051_LKA,1.8532528e-07,2.5333552270243595e-05,717.0,1.8558196321329642e-07
FL-2019-000170-RWA,FL_2019_000170_RWA,1.8117815e-07,0.0001921934917998,210.0,1.8202083906976747e-07
FL-2009-000166-SDN,FL_2009_000166_SDN,1.7544214e-07,3.813898280611702e-05,602.0,1.757311715321252e-07
LS-2015-000135-LKA,LS_2015_000135_LKA,1.7551575e-07,1.4089884218952448e-05,843.0,1.75722726120283e-07
FL-2019-000138-KEN,FL_2019_000138_KEN,1.6694909e-07,6.193006615251058e-05,460.0,1.6730812030107528e-07
FL-2001-000025-MWI,FL_2001_000025_MWI,1.6292645e-07,4.270796233811212e-05,567.0,1.6321128645104893e-07
FF-2008-000092-KEN,FF_2008_000092_KEN,1.6230628e-07,6.019106183218815e-06,1033.0,1.6246264443159923e-07
FF-2011-000143-SSD,FF_2011_000143_SSD,1.5954559e-07,0.0005599863791336,57.0,1.6211890596774194e-07
FL-2010-000092-LKA,FL_2010_000092_LKA,1.5937408e-07,7.710922926584289e-05,401.0,1.597666269950739e-07
FL-2020-000154-CIV,FL_2020_000154_CIV,1.5805861e-07,4.911577209109116e-06,1059.0,1.5820716132518798e-07
FL-2019-000062-SSD,FL_2019_000062_SSD,1.5636657e-07,6.308734677141738e-06,1026.0,1.5651823495635306e-07
FL-2021-000153-UGA,FL_2021_000153_UGA,1.559349e-07,1.3653455907574328e-05,848.0,1.5611770762016414e-07
FL-2022-000276-GMB,FL_2022_000276_GMB,1.544294e-07,3.580896279421026e-05,621.0,1.5467609233226838e-07
FL-2007-000093-SDN,FL_2007_000093_SDN,1.5318068e-07,0.0001141315777631,316.0,1.536578783800623e-07
FL-2017-000088-SDN,FL_2017_000088_SDN,1.5247693e-07,0.000176136774044,221.0,1.5315160668141592e-07
FL-2002-000782-MKD,FL_2002_000782_MKD,1.4968282e-07,7.69622770649656e-06,998.0,1.4983205511465605e-07
FL-2011-000108-SEN,FL_2011_000108_SEN,1.4386534e-07,1.4650291550322356e-05,836.0,1.440364046135553e-07
FL-2009-000122-IND,FL_2009_000122_IND,1.3892921e-07,0.0001191596885099,305.0,1.3937736874193548e-07
FL-2013-000041-GHA,FL_2013_000041_GHA,1.3875241e-07,2.2583567144973963e-05,746.0,1.389371668708389e-07
FL-2009-000144-NER,FL_2009_000144_NER,1.3854643e-07,9.77933654322578e-06,941.0,1.38692885e-07
FL-2003-000204-KEN,FL_2003_000204_KEN,1.3526672e-07,4.645155860495994e-05,539.0,1.3551537205882356e-07
FL-2019-000135-GHA,FL_2019_000135_GHA,1.3166972e-07,4.9720891260365055e-05,520.0,1.3192051946666667e-07
FL-2007-000177-SLE,FL_2007_000177_SLE,1.3132558e-07,6.768470772552334e-05,434.0,1.3162472710706153e-07
FL-2012-000192-COD,FL_2012_000192_COD,1.3041401e-07,0.0001494307021423,257.0,1.3091177339694656e-07
FL-2001-000524-MLI,FL_2001_000524_MLI,1.2614947e-07,0.0001193383207631,304.0,1.2655772071197413e-07
FL-2002-000225-ETH,FL_2002_000225_ETH,1.2402555e-07,0.0004625630737953,73.0,1.2561562115384615e-07
FL-2009-000265-MAR,FL_2009_000265_MAR,1.249959e-07,3.3118968564755374e-05,644.0,1.2518849768875192e-07
FL-2021-000108-SSD,FL_2021_000108_SSD,1.2152768e-07,0.0005726371919823,55.0,1.2355314133333333e-07
FL-2015-000145-SOM,FL_2015_000145_SOM,1.2213978e-07,0.0001291978296957,290.0,1.2255381315254236e-07
FL-2009-000089-BRA,FL_2009_000089_BRA,1.1633228e-07,4.998528098725473e-05,519.0,1.1655428816793893e-07
FL-2012-000140-MMR,FL_2012_000140_MMR,1.1612081e-07,9.49712512237567e-06,947.0,1.162427856407563e-07
FF-2009-000160-LKA,FF_2009_000160_LKA,1.1402051e-07,7.710049569102607e-06,997.0,1.1413430292415168e-07
FL-2011-000102-BRA,FL_2011_000102_BRA,1.1238953e-07,0.0003096994059029,121.0,1.132815103968254e-07
FL-2007-000076-KEN,FL_2007_000076_KEN,1.1084182e-07,5.693441347972935e-05,480.0,1.1107035983505155e-07
FL-2015-000169-KEN,FL_2015_000169_KEN,1.10527495e-07,4.270077259667385e-05,568.0,1.1072038766143106e-07
FL-1999-000391-MEX,FL_1999_000391_MEX,1.0544925e-07,1.2684682275640662e-05,872.0,1.0556948859749145e-07
FL-2007-000165-BEN,FL_2007_000165_BEN,1.00670086e-07,0.0003078479948825,124.0,1.0145047426356589e-07
FL-2018-000034-BLR,FL_2018_000034_BLR,9.774837e-08,5.720796616155536e-07,1191.0,9.783009940635453e-08
FL-2012-000110-IND,FL_2012_000110_IND,9.3384024e-08,3.795474131918984e-05,603.0,9.353761614473686e-08
FL-2019-000120-PHL,FL_2019_000120_PHL,9.104128e-08,3.243374908677701e-05,651.0,9.118006243902439e-08
FL-2018-000128-SDN,FL_2018_000128_SDN,9.101948e-08,1.006745476150799e-05,930.0,9.111682703743314e-08
FL-2020-000202-GIN,FL_2020_000202_GIN,8.8435165e-08,1.3084069019920253e-06,1166.0,8.851068606319386e-08
LS-2022-000283-LKA,LS_2022_000283_LKA,8.796658e-08,2.179009618754903e-05,756.0,8.808217340341655e-08
FL-2009-000226-PRY,FL_2009_000226_PRY,8.581075e-08,6.70990352023029e-06,1017.0,8.58947135518591e-08
FL-2007-000145-ETH,FL_2007_000145_ETH,8.419724e-08,1.9850865803721087e-05,776.0,8.430504696542893e-08
FF-2008-000227-ETH,FF_2008_000227_ETH,8.228507e-08,1.21543331995625e-05,883.0,8.237773336711712e-08
FL-2005-000169-FJI,FL_2005_000169_FJI,7.6569854e-08,7.268903389495707e-07,1186.0,7.663414438958858e-08
FL-2019-000047-GEO,FL_2019_000047_GEO,7.576941e-08,0.0001357257651852,282.0,7.603341491289198e-08
FL-2011-000135-THA,FL_2011_000135_THA,7.414376e-08,1.1503113331045737e-05,900.0,7.422568680662982e-08
FL-2010-000115-MMR,FL_2010_000115_MMR,7.1807904e-08,6.500392929842996e-05,447.0,7.196677104424779e-08
FL-2015-000024-ARG,FL_2015_000024_ARG,7.027681e-08,0.0003920084164746,91.0,7.100886010416668e-08
FL-2019-000171-LKA,FL_2019_000171_LKA,7.04141e-08,9.9673900084198e-05,355.0,7.060969472222223e-08
FL-2006-000112-ETH,FL_2006_000112_ETH,6.891912e-08,0.0003585935531574,102.0,6.956322392523364e-08
FL-2008-000205-IDN,FL_2008_000205_IDN,6.9258256e-08,9.857016781383977e-06,938.0,6.933170059809121e-08
FL-2020-000237-LKA,FL_2020_000237_LKA,6.849621e-08,2.834776491982424e-05,691.0,6.859462409482759e-08
FL-2020-000011-MOZ,FL_2020_000011_MOZ,6.731427e-08,2.918674407745801e-05,680.0,6.741253900729927e-08
FF-2022-000274-IRN,FF_2022_000274_IRN,6.547338e-08,1.0575989546335595e-05,914.0,6.554462415669205e-08
FF-2006-000022-TLS,FF_2006_000022_TLS,6.2780366e-08,0.0018558998031642,20.0,6.529158064e-08
FL-2010-000049-AGO,FL_2010_000049_AGO,6.180356e-08,1.6517948489778375e-05,809.0,6.187948574938574e-08
FL-2007-000194-GTM,FL_2007_000194_GTM,6.081029e-08,2.214291278204202e-06,1134.0,6.086367919227393e-08
FL-2019-000162-MYS,FL_2019_000162_MYS,6.058242e-08,0.0001381103928756,274.0,6.079956129032257e-08
FL-1997-000270-ETH,FL_1997_000270_ETH,6.043566e-08,2.7235842625278843e-05,701.0,6.052126291784703e-08
FL-2004-000116-CAF,FL_2004_000116_CAF,6.00236e-08,6.589858014424556e-05,443.0,6.015758124999999e-08
FL-2019-000033-PRY,FL_2019_000033_PRY,5.85367e-08,6.876882171007315e-06,1012.0,5.859425821042281e-08
FL-2016-000042-KEN,FL_2016_000042_KEN,5.776975e-08,5.939562110915371e-05,472.0,5.789086058700209e-08
FL-2017-000079-TJK,FL_2017_000079_TJK,5.6950796e-08,0.0003054097320488,125.0,5.738887904615384e-08
FL-2013-000008-MOZ,FL_2013_000008_MOZ,5.552594e-08,0.0010207482404871,30.0,5.711239542857142e-08
FL-2007-000040-HTI,FL_2007_000040_HTI,5.668983e-08,3.575686605358813e-05,623.0,5.678010042993631e-08
FL-1999-000286-GMB,FL_1999_000286_GMB,5.552358e-08,0.0003365325090517,111.0,5.600223155172413e-08
FF-2012-000062-KEN,FF_2012_000062_KEN,5.4877376e-08,1.367876484575392e-05,847.0,5.49417860657277e-08
FL-2009-000245-SRB,FL_2009_000245_SRB,5.184881e-08,0.0004846056526421,67.0,5.2568932361111113e-08
FL-2000-000444-IND,FL_2000_000444_IND,4.8531383e-08,0.0004881926729257,65.0,4.922468847142857e-08
FL-2013-000085-NIC,FL_2013_000085_NIC,4.8815956e-08,0.0001376007558022,277.0,4.898906222695035e-08
FF-2007-000080-BGD,FF_2007_000080_BGD,4.8815007e-08,5.7125485546298784e-05,479.0,4.891586445247934e-08
FL-2014-000123-SSD,FL_2014_000123_SSD,4.8464194e-08,9.109180347980524e-05,376.0,4.859139660892389e-08
FL-2009-000218-KEN,FL_2009_000218_KEN,4.7903452e-08,2.160790025117892e-05,760.0,4.7966070891503266e-08
FL-2002-000536-MMR,FL_2002_000536_MMR,4.5951342e-08,9.88123379878307e-06,936.0,4.600017445696068e-08
FL-2009-000170-MRT,FL_2009_000170_MRT,4.57731e-08,0.0001595348388277,247.0,4.595473928571429e-08
FL-2009-000268-AGO,FL_2009_000268_AGO,4.47368e-08,4.1160724412430655e-05,582.0,4.481301260647359e-08
FL-2015-000009-ALB,FL_2015_000009_ALB,4.2622307e-08,1.1184282851167925e-05,905.0,4.2669144699999995e-08
FL-2015-000106-BFA,FL_2015_000106_BFA,4.2044373e-08,3.1611140251646505e-05,658.0,4.21077883438914e-08
FL-2011-000118-GTM,FL_2011_000118_GTM,4.1883702e-08,3.5639389599086447e-06,1101.0,4.1921571531645565e-08
FF-2007-000100-MLI,FF_2007_000100_MLI,4.1121694e-08,4.492730678786557e-05,548.0,4.1196055110307415e-08
FL-2008-000158-PAN,FL_2008_000158_PAN,4.067481e-08,2.776211440317318e-05,696.0,4.073283398002852e-08
FL-2019-000156-DJI,FL_2019_000156_DJI,3.9518497e-08,8.86101566021238e-06,964.0,3.9559279762641893e-08
FL-2000-000265-COL,FL_2000_000265_COL,3.7729993e-08,0.0002440061045737,161.0,3.795728211445784e-08
FL-2012-000043-KGZ,FL_2012_000043_KGZ,3.76808e-08,0.0001682529942686,235.0,3.783780333333334e-08
FL-2002-000367-SRB,FL_2002_000367_SRB,3.7155047e-08,3.6520617679571725e-05,611.0,3.7215363634740265e-08
FL-2011-000124-ETH,FL_2011_000124_ETH,3.581625e-08,8.467469937662804e-06,976.0,3.585275993883792e-08
FL-1997-000026-MOZ,FL_1997_000026_MOZ,3.4571194e-08,0.0001070517791772,338.0,3.467198465306123e-08
FL-2008-000180-NIC,FL_2008_000180_NIC,3.4629267e-08,1.415848303129641e-05,841.0,3.467019993971632e-08
FL-1997-000137-CHL,FL_1997_000137_CHL,3.3901152e-08,8.736266576405494e-05,386.0,3.398785571355499e-08
FL-2002-000265-KEN,FL_2002_000265_KEN,3.25944e-08,6.195594634914488e-05,459.0,3.266464655172414e-08
FL-2008-000091-SOM,FL_2008_000091_SOM,3.2490618e-08,4.0935426550576856e-05,585.0,3.25456868440678e-08
FF-2021-000090-SDN,FF_2021_000090_SDN,3.245979e-08,1.2047714728524617e-05,885.0,3.2496261674157304e-08
FL-2014-000089-IND,FL_2014_000089_IND,3.110133e-08,0.0001808913010464,218.0,3.1240797847533636e-08
FL-2020-000128-KEN,FL_2020_000128_KEN,3.0696704e-08,6.944513578188773e-06,1009.0,3.0726976883629184e-08
FL-2003-000229-LKA,FL_2003_000229_LKA,3.0318684e-08,6.584572936929073e-05,445.0,3.038605885333333e-08
FL-2013-000052-SOM,FL_2013_000052_SOM,2.9296597e-08,0.0001056767646517,341.0,2.9381269245664737e-08
FL-1998-000111-TJK,FL_1998_000111_TJK,2.8775416e-08,5.953610431011389e-05,470.0,2.88359958231579e-08
FL-2007-000161-UGA,FL_2007_000161_UGA,2.8284779e-08,1.0397210671770868e-05,921.0,2.8315324117710587e-08
FL-2012-000051-TJK,FL_2012_000051_TJK,2.8168893e-08,0.0001108125611837,327.0,2.8253739063253015e-08
FL-2011-000190-AGO,FL_2011_000190_AGO,2.8144944e-08,6.402396944666694e-05,452.0,2.82065303107221e-08
FL-2001-000274-WSM,FL_2001_000274_WSM,2.816545e-08,2.119287221090026e-06,1136.0,2.8190134881682732e-08
FF-2008-000141-ETH,FF_2008_000141_ETH,2.7168511e-08,3.017641685319503e-05,670.0,2.7208760645925923e-08
FL-2006-000145-GIN,FL_2006_000145_GIN,2.7021468e-08,2.2224619012455432e-05,749.0,2.7057305490716183e-08
FL-1999-000315-GHA,FL_1999_000315_GHA,2.6719878e-08,0.0001911598742348,211.0,2.6843581138888887e-08
FL-2022-000158-HTI,FL_2022_000158_HTI,2.6595984e-08,0.000309673508537,122.0,2.6805401196850394e-08
FL-2007-000159-RWA,FL_2007_000159_RWA,2.5722944e-08,0.0019567382254934,19.0,2.6794733333333336e-08
FL-2019-000064-SDN,FL_2019_000064_SDN,2.6221311e-08,2.491388414806613e-05,722.0,2.625737882806052e-08
FL-2021-000061-MYS,FL_2021_000061_MYS,2.6090113e-08,9.705108793512117e-06,943.0,2.6117634216244724e-08
FL-2005-000139-SLE,FL_2005_000139_SLE,2.5501954e-08,1.9188525154829948e-05,782.0,2.553435800762389e-08
FL-2006-000029-NAM,FL_2006_000029_NAM,2.518774e-08,5.027792601554659e-05,517.0,2.5235992375478928e-08
FL-2009-000135-MEX,FL_2009_000135_MEX,2.5133502e-08,4.5921975499033984e-05,540.0,2.517961851743119e-08
FL-1997-000143-POL,FL_1997_000143_POL,2.4618727e-08,1.2967422479942507e-06,1168.0,2.463971483205456e-08
FL-2011-000204-PHL,FL_2011_000204_PHL,2.392089e-08,1.876828572877422e-05,784.0,2.3951207984790876e-08
FL-2019-000131-CIV,FL_2019_000131_CIV,2.353916e-08,4.900612884540984e-05,526.0,2.358348986817326e-08
FF-2006-000046-KEN,FF_2006_000046_KEN,2.3481578e-08,0.00013279524106,286.0,2.3562270707903778e-08
FL-2008-000102-CIV,FL_2008_000102_CIV,2.2928122e-08,9.002067976660133e-06,959.0,2.295190635892116e-08
FL-2007-000023-IDN,FL_2007_000023_IDN,2.249481e-08,7.014176250902423e-05,422.0,2.254749105386417e-08
FL-2017-000010-PHL,FL_2017_000010_PHL,2.1862236e-08,6.0579555924033005e-06,1032.0,2.1883318194792673e-08
FL-2016-000058-MMR,FL_2016_000058_MMR,2.0702222e-08,8.302040548667381e-05,391.0,2.075450033838384e-08
FL-2007-000221-KEN,FL_2007_000221_KEN,2.0538732e-08,4.0029910118427805e-05,588.0,2.0573367298482294e-08
FL-1999-000244-VNM,FL_1999_000244_VNM,2.023109e-08,0.0001380092055785,275.0,2.0303343892857142e-08
FL-2011-000067-PHL,FL_2011_000067_PHL,1.8659428e-08,8.75169665458834e-06,968.0,1.8678605212744092e-08
FL-2000-000408-VNM,FL_2000_000408_VNM,1.7968397e-08,0.0007312588831169,41.0,1.835901432608696e-08
FL-2022-000379-MYS,FL_2022_000379_MYS,1.8008269e-08,4.794459195769428e-05,533.0,1.804174161895911e-08
FL-1997-000097-AFG,FL_1997_000097_AFG,1.7946602e-08,4.35863640884411e-05,557.0,1.7978535455516014e-08
FL-2014-000121-CMR,FL_2014_000121_CMR,1.7445977e-08,2.0149618709422427e-05,771.0,1.746845892912371e-08
FL-2018-000105-BGD,FL_2018_000105_BGD,1.7174225e-08,1.839261082964159e-05,789.0,1.7195855006297227e-08
FL-2003-000020-MOZ,FL_2003_000020_MOZ,1.6795157e-08,2.724072434741509e-05,699.0,1.6819013757102272e-08
FL-2010-000125-IND,FL_2010_000125_IND,1.6394443e-08,0.0006027237318921,52.0,1.6682064807017543e-08
FL-2011-000133-MEX,FL_2011_000133_MEX,1.6209581e-08,9.903269108758642e-05,358.0,1.6254235493112946e-08
FL-2000-000476-NPL,FL_2000_000476_NPL,1.5687284e-08,5.017576056626889e-05,518.0,1.5717278806883368e-08
FL-1998-000392-IND,FL_1998_000392_IND,1.5479479e-08,2.270361031181666e-05,745.0,1.5500118305333333e-08
FL-2008-000239-NIC,FL_2008_000239_NIC,1.5473985e-08,1.0500381217330172e-05,916.0,1.549078628664495e-08
FF-2018-000158-TUN,FF_2018_000158_TUN,1.4670094e-08,3.275288748329076e-05,648.0,1.469255968759571e-08
FL-2019-000058-TJK,FL_2019_000058_TJK,1.4127034e-08,3.507610832244196e-05,632.0,1.4149211447409732e-08
FF-2013-000091-SDN,FF_2013_000091_SDN,1.3767633e-08,5.748049225962176e-07,1190.0,1.3779154031799162e-08
FL-2016-000045-ETH,FL_2016_000045_ETH,1.3389001e-08,0.000731847773002,40.0,1.3686534355555555e-08
FL-2013-000131-KHM,FL_2013_000131_KHM,1.3249664e-08,0.0005148265641615,60.0,1.3453504984615384e-08
FL-2006-000027-IDN,FL_2006_000027_IDN,1.3387477e-08,4.45187933825783e-06,1079.0,1.3399827071033209e-08
FF-2005-000067-IDN,FF_2005_000067_IDN,1.3369924e-08,2.821667254647167e-05,692.0,1.3389106100430418e-08
FL-2022-000365-PAN,FL_2022_000365_PAN,1.29603706e-08,9.914233851962744e-06,934.0,1.2974172911608095e-08
FL-2017-000057-LKA,FL_2017_000057_LKA,1.2283329e-08,3.935147127023195e-05,590.0,1.2303973250420169e-08
FF-2009-000229-SOM,FF_2009_000229_SOM,1.1792484e-08,5.136727507644317e-05,513.0,1.1815249413127415e-08
FL-1998-000203-BGD,FL_1998_000203_BGD,1.1729039e-08,8.27052840360325e-06,981.0,1.1740934577079108e-08
ST-2010-000085-CHN,ST_2010_000085_CHN,1.1431443e-08,0.0001377842928684,276.0,1.1472124291814949e-08
FL-2015-000056-COL,FL_2015_000056_COL,1.1361545e-08,1.9996011703379235e-06,1141.0,1.1371459088132637e-08
FL-2021-000055-TJK,FL_2021_000055_TJK,1.1231897e-08,0.0001180345528453,308.0,1.1267781654952075e-08
FL-2007-000197-COD,FL_2007_000197_COD,1.0661071e-08,0.0001078499766256,337.0,1.0692243722222223e-08
FL-2009-000216-ITA,FL_2009_000216_ITA,1.0669718e-08,7.122450468737845e-08,1215.0,1.0678463670491803e-08
FL-2013-000076-PRY,FL_2013_000076_PRY,1.0281137e-08,9.351517493264406e-06,950.0,1.0291902588481676e-08
FL-2014-000159-MAR,FL_2014_000159_MAR,1.0192401e-08,8.304177657122067e-06,979.0,1.020275913109756e-08
FF-2018-000042-ETH,FF_2018_000042_ETH,9.791245e-09,0.0001106817540182,328.0,9.82064813813814e-09
FF-2015-000115-MKD,FF_2015_000115_MKD,9.537045e-09,4.5984607576260614e-07,1201.0,9.544952997512438e-09
FL-2004-000021-COL,FL_2004_000021_COL,9.115466e-09,1.557152441731932e-05,822.0,9.126488328899638e-09
FL-2011-000120-SDN,FL_2011_000120_SDN,9.055417e-09,1.6157015458011685e-06,1156.0,9.063216670111972e-09
FL-2007-000022-ARG,FL_2007_000022_ARG,8.353696e-09,4.472477677190172e-05,551.0,8.368720633093525e-09
FL-2008-000167-VCT,FL_2008_000167_VCT,8.325262e-09,1.6233210722916417e-06,1155.0,8.332438949999998e-09
FL-2012-000210-MWI,FL_2012_000210_MWI,7.7779525e-09,0.0012622933692105,25.0,8.037217583333334e-09
FL-2005-000205-PHL,FL_2005_000205_PHL,7.857958e-09,6.058183060987743e-06,1031.0,7.865542901544401e-09
FF-2012-000196-COG,FF_2012_000196_COG,7.515568e-09,0.0020620087097304,17.0,7.857184727272727e-09
FL-2022-000217-BGD,FL_2022_000217_BGD,7.840584e-09,9.651693550309556e-06,945.0,7.84883724631579e-09
FL-2005-000137-CAF,FL_2005_000137_CAF,7.7808116e-09,6.705551054728705e-05,436.0,7.79845516371882e-09
FL-2008-000168-NPL,FL_2008_000168_NPL,7.605448e-09,8.336353096561054e-05,390.0,7.624702298734177e-09
FL-2013-000145-COL,FL_2013_000145_COL,7.232382e-09,5.628265106712608e-05,484.0,7.247172147239265e-09
FF-2012-000148-PAK,FF_2012_000148_PAK,6.9449317e-09,0.0001110595155382,323.0,6.9661052722560965e-09
FL-2007-000138-UGA,FL_2007_000138_UGA,6.3688756e-09,1.0529451664370432e-05,915.0,6.375798290869564e-09
FL-2010-000046-MOZ,FL_2010_000046_MOZ,6.3384387e-09,5.278847463221798e-06,1041.0,6.3444983928298285e-09
FL-2008-000154-MEX,FL_2008_000154_MEX,6.1532495e-09,3.2371486539912565e-05,652.0,6.162615176560122e-09
FL-2019-000116-ETH,FL_2019_000116_ETH,5.987427e-09,3.603478931541662e-05,618.0,5.997037637239166e-09
FL-2011-000082-NPL,FL_2011_000082_NPL,5.979344e-09,7.799533539035195e-06,995.0,5.985323343999999e-09
FL-2003-000455-NGA,FL_2003_000455_NGA,5.9714447e-09,3.601235869959735e-05,619.0,5.981014322916666e-09
FL-2002-000500-IRN,FL_2002_000500_IRN,5.960923e-09,5.196639490673452e-05,505.0,5.972611084313725e-09
FL-2009-000239-BRA,FL_2009_000239_BRA,5.877607e-09,2.149271127755409e-05,761.0,5.88528011618799e-09
FL-2016-000085-MLI,FL_2016_000085_MLI,5.7216143e-09,0.0001330557997017,285.0,5.7413440044827585e-09
FL-2015-000093-GUY,FL_2015_000093_GUY,5.603816e-09,0.0001190675566275,306.0,5.62183470096463e-09
FL-1999-000161-LKA,FL_1999_000161_LKA,5.54013e-09,1.501668137361388e-05,833.0,5.546741133651551e-09
FL-2009-000011-PHL,FL_2009_000011_PHL,5.4287157e-09,0.0001691163125846,231.0,5.451718732627118e-09
FF-2006-000069-IDN,FF_2006_000069_IDN,5.4127725e-09,0.0002418648483115,164.0,5.44480073964497e-09
FL-2004-000142-ALB,FL_2004_000142_ALB,5.2945603e-09,4.937920556129335e-05,523.0,5.304587876325758e-09
FL-2015-000071-GEO,FL_2015_000071_GEO,5.190975e-09,0.0001969433879005,205.0,5.215693928571429e-09
FL-2008-000079-LKA,FL_2008_000079_LKA,5.158928e-09,0.000270005873499,144.0,5.19355167785235e-09
FL-2014-000150-SOM,FL_2014_000150_SOM,5.1200253e-09,0.0003518321426587,104.0,5.166998009174312e-09
FL-2021-000019-PER,FL_2021_000019_PER,4.9984514e-09,7.315727696660662e-05,413.0,5.01040941770335e-09
FL-2016-000122-SRB,FL_2016_000122_SRB,4.8758304e-09,0.0002757663164697,141.0,4.909226498630137e-09
FL-2006-000124-UGA,FL_2006_000124_UGA,4.8499738e-09,0.000402391591489,86.0,4.903270215384616e-09
FL-2017-000139-ETH,FL_2017_000139_ETH,4.863724e-09,0.0001698555794159,229.0,4.884509145299145e-09
FL-2000-000770-IDN,FL_2000_000770_IDN,4.833064e-09,1.8880095948257623e-06,1145.0,4.837266664347826e-09
FL-2004-000044-BGD,FL_2004_000044_BGD,4.634651e-09,6.586086706866129e-06,1020.0,4.639172610731708e-09
FL-2003-000341-NPL,FL_2003_000341_NPL,4.5488595e-09,1.2271593934091363e-05,879.0,4.554005268665158e-09
FL-2007-000025-FJI,FL_2007_000025_FJI,4.5191277e-09,0.0001367994543357,279.0,4.535040121478874e-09
FL-2021-000135-GIN,FL_2021_000135_GIN,4.436225e-09,2.091256519777832e-06,1137.0,4.4401096103327495e-09
FL-2016-000026-PNG,FL_2016_000026_PNG,4.378888e-09,0.0003118923364013,118.0,4.414488715447154e-09
FL-1994-000007-VNM,FL_1994_000007_VNM,4.3038333e-09,0.0007703077532352,35.0,4.411429132499999e-09
FL-2007-000052-LKA,FL_2007_000052_LKA,4.1935464e-09,2.9190665595651294e-05,679.0,4.199677315789474e-09
FF-2007-000083-IND,FF_2007_000083_IND,3.8969694e-09,8.976674118225302e-05,379.0,3.9071177578125e-09
FL-2007-000174-CAF,FL_2007_000174_CAF,3.807066e-09,4.560036816616706e-05,543.0,3.814013200729928e-09
FL-2013-000142-VNM,FL_2013_000142_VNM,3.7963632e-09,5.090290186631764e-06,1051.0,3.799958240909091e-09
FL-2009-000039-CRI,FL_2009_000039_CRI,3.7384456e-09,3.062304657098581e-05,665.0,3.744025369552239e-09
FF-2021-000198-COG,FF_2021_000198_COG,3.6223078e-09,2.3458783028133955e-05,738.0,3.6271830460296096e-09
FL-2013-000004-KEN,FL_2013_000004_KEN,3.5446965e-09,1.934509331557173e-05,781.0,3.549206291984733e-09
FL-2005-000065-GEO,FL_2005_000065_GEO,3.5022867e-09,3.877205475300202e-05,598.0,3.5080948039800998e-09
FL-2010-000251-CRI,FL_2010_000251_CRI,3.483296e-09,2.4815941288183827e-05,723.0,3.4880807472527475e-09
FL-2001-000390-POL,FL_2001_000390_POL,3.2731615e-09,9.21973221495381e-06,954.0,3.2765745985401464e-09
FL-2005-000090-TJK,FL_2005_000090_TJK,3.151316e-09,2.6813958897825396e-05,706.0,3.155748230661041e-09
LS-2022-000224-GTM,LS_2022_000224_GTM,3.094145e-09,0.0001095799814918,331.0,3.1033537648809523e-09
FL-2008-000086-MEX,FL_2008_000086_MEX,2.941903e-09,1.2902104948188983e-05,870.0,2.945265174857143e-09
FL-2012-000141-NER,FL_2012_000141_NER,2.9282428e-09,0.0002121401540396,185.0,2.9436546042105264e-09
FL-2016-000102-SEN,FL_2016_000102_SEN,2.8573528e-09,1.773203478534075e-05,797.0,2.8609155840399003e-09
FL-1997-000025-MWI,FL_1997_000025_MWI,2.7483424e-09,3.064164634178306e-05,664.0,2.7524505351270553e-09
FL-2014-000054-TJK,FL_2014_000054_TJK,2.6899707e-09,5.192236404743287e-05,506.0,2.695234830528376e-09
FF-2011-000071-GEO,FF_2011_000071_GEO,2.5955524e-09,1.5194111547653485e-05,831.0,2.5986571277511962e-09
FL-1990-000004-VNM,FL_1990_000004_VNM,2.5840166e-09,6.427427294855917e-05,449.0,2.5897082665198238e-09
FL-1999-000235-IRN,FL_1999_000235_IRN,2.5831917e-09,9.8623768812212e-06,937.0,2.585933941719746e-09
FL-2005-000094-AFG,FL_2005_000094_AFG,2.4576132e-09,0.0003869268777193,93.0,2.4826908857142853e-09
FL-2009-000164-SEN,FL_2009_000164_SEN,2.444288e-09,5.246992953414347e-06,1043.0,2.4466203358778623e-09
FL-2000-000191-HUN,FL_2000_000191_HUN,2.3366256e-09,2.1956954892530062e-05,754.0,2.339704158102767e-09
FL-2014-000117-BGD,FL_2014_000117_BGD,2.335134e-09,2.723795991207432e-05,700.0,2.3384462468085105e-09
FL-2002-000808-MWI,FL_2002_000808_MWI,2.321795e-09,1.4236597090329285e-05,840.0,2.3245426863905326e-09
FL-2016-000025-SRB,FL_2016_000025_SRB,2.1621271e-09,1.625962508589533e-05,810.0,2.1647800166871166e-09
FF-2008-000233-PHL,FF_2008_000233_PHL,2.1475273e-09,6.24262079584226e-05,455.0,2.152195837608696e-09
FL-2008-000099-NIC,FL_2008_000099_NIC,2.0813504e-09,3.449241170744703e-05,635.0,2.08460251e-09
FL-2022-000356-ETH,FL_2022_000356_ETH,2.0202608e-09,8.874455323008902e-06,963.0,2.0223478462809917e-09
FL-2019-000014-MWI,FL_2019_000014_MWI,1.956905e-09,0.0005389537931895,58.0,1.9879669841269843e-09
FL-2018-000144-PRK,FL_2018_000144_PRK,1.9772524e-09,2.7421899324756447e-05,697.0,1.9800689988603985e-09
FL-2006-000127-NPL,FL_2006_000127_NPL,1.9705986e-09,1.822805932433051e-06,1149.0,1.972306224436742e-09
FL-2022-000348-CRI,FL_2022_000348_CRI,1.9539477e-09,7.99635902910973e-05,396.0,1.958820387531172e-09
FL-2009-000129-CAF,FL_2009_000129_CAF,1.792279e-09,4.158557846467494e-05,579.0,1.795347970890411e-09
FL-2011-000161-SOM,FL_2011_000161_SOM,1.7884669e-09,9.39623992994604e-05,371.0,1.7932234609042553e-09
FL-2006-000156-TUR,FL_2006_000156_TUR,1.7774825e-09,1.9773035923287792e-06,1142.0,1.7790321795989537e-09
FL-2019-000133-SOM,FL_2019_000133_SOM,1.7638601e-09,0.0002815001559896,137.0,1.77628165e-09
FL-2010-000179-ETH,FL_2010_000179_ETH,1.7196069e-09,4.161407050727852e-05,578.0,1.722556483018868e-09
FL-2017-000002-MYS,FL_2017_000002_MYS,1.6797767e-09,0.0003470496729153,107.0,1.6947747062499999e-09
FL-2006-000106-MRT,FL_2006_000106_MRT,1.6373962e-09,5.60675574251652e-05,486.0,1.6407310191446028e-09
FL-1998-000224-SVK,FL_1998_000224_SVK,1.6277939e-09,3.569412040733589e-05,625.0,1.6303776998412698e-09
FL-2003-000027-TUN,FL_2003_000027_TUN,1.536264e-09,6.442776527821336e-06,1023.0,1.5377584202334631e-09
FL-2005-000064-ETH,FL_2005_000064_ETH,1.5358114e-09,4.88304406497259e-06,1061.0,1.5372521236397746e-09
OT-2004-000112-COL,OT_2004_000112_COL,1.5232242e-09,0.0001602049984028,245.0,1.5293170967999998e-09
FL-2008-000076-COL,FL_2008_000076_COL,1.4974695e-09,0.0003463866944708,108.0,1.5107214424778761e-09
FL-2004-000020-KEN,FL_2004_000020_KEN,1.4643863e-09,3.2917838756978155e-05,647.0,1.4666322912576688e-09
FL-2005-000176-BGD,FL_2005_000176_BGD,1.440732e-09,3.2672435896338367e-06,1110.0,1.4420241363228701e-09
FL-1998-000085-IRN,FL_1998_000085_IRN,1.4354158e-09,3.4978559057366e-05,633.0,1.4376656680250784e-09
FF-2013-000118-BEN,FF_2013_000118_BEN,1.4002323e-09,0.0002257069543903,172.0,1.4081432169491525e-09
FF-2008-000063-PHL,FF_2008_000063_PHL,1.402619e-09,5.999920613051716e-05,466.0,1.4055969596602973e-09
FL-2001-000019-MOZ,FL_2001_000019_MOZ,1.336279e-09,2.8106206231219075e-05,693.0,1.3381934398280804e-09
FL-2008-000126-TCD,FL_2008_000126_TCD,1.311029e-09,0.0002585692100603,151.0,1.319433032051282e-09
FL-1999-000437-KHM,FL_1999_000437_KHM,1.2727582e-09,0.0002789009272223,140.0,1.2815358427586206e-09
FL-2014-000005-IDN,FL_2014_000005_IDN,1.2688995e-09,4.931644119704259e-07,1199.0,1.2699534032392029e-09
FL-2011-000084-IND,FL_2011_000084_IND,1.2523156e-09,0.0001230658153351,298.0,1.2564486547854784e-09
FL-2015-000006-MWI,FL_2015_000006_MWI,1.223505e-09,1.3516142476089338e-05,852.0,1.224932660443407e-09
FL-2015-000055-TJK,FL_2015_000055_TJK,1.2117005e-09,2.332310783878832e-06,1128.0,1.2127699620476612e-09
FL-2006-000133-NER,FL_2006_000133_NER,1.1975939e-09,5.6146983720532056e-05,485.0,1.2000379691836734e-09
FL-1998-000255-TUR,FL_1998_000255_TUR,1.1580824e-09,1.941637021090456e-06,1143.0,1.159091182578397e-09
FL-2011-000007-ZAF,FL_2011_000007_ZAF,1.0243877e-09,4.495655624471931e-06,1075.0,1.0253362071296297e-09
FL-2011-000170-COL,FL_2011_000170_COL,1.0006874e-09,5.033124242600007e-05,516.0,1.0026081051823417e-09
FL-2020-000210-VNM,FL_2020_000210_VNM,9.791349e-10,7.85759658433278e-05,397.0,9.81570558955224e-10
FF-2012-000120-GEO,FF_2012_000120_GEO,9.537902e-10,1.6853198629198249e-06,1154.0,9.54613142364107e-10
FL-1997-000207-SYC,FL_1997_000207_SYC,9.416034e-10,0.0001736148716384,223.0,9.457332394736842e-10
FL-2015-000176-BDI,FL_2015_000176_BDI,9.411577e-10,6.137357410565468e-06,1030.0,9.420670311111112e-10
FL-2001-000549-GIN,FL_2001_000549_GIN,9.256053e-10,0.0004024013662035,85.0,9.358898033333332e-10
FF-2016-000093-LAO,FF_2016_000093_LAO,8.9472474e-10,0.0001970373748014,204.0,8.990057196172248e-10
SS-2007-000063-MDV,SS_2007_000063_MDV,8.2944046e-10,1.407178101543208e-07,1213.0,8.301214455993431e-10
FL-2023-000001-COG,FL_2023_000001_COG,8.1395507e-10,0.0003007383671449,129.0,8.200293615671641e-10
FL-2014-000019-BDI,FL_2014_000019_BDI,7.708004e-10,5.679211463432546e-05,481.0,7.723864090534979e-10
FL-2017-000004-THA,FL_2017_000004_THA,7.4866424e-10,1.0932489147035165e-06,1174.0,7.49299239355386e-10
FL-2012-000089-CUB,FL_2012_000089_CUB,7.3958084e-10,3.5092027401128074e-05,631.0,7.407437029559748e-10
FL-2020-000165-NPL,FL_2020_000165_NPL,7.366912e-10,4.877651744123522e-05,527.0,7.380759578947368e-10
LS-2016-000051-IDN,LS_2016_000051_IDN,6.814815e-10,7.61683443984273e-06,1000.0,6.82159591044776e-10
FL-2011-000051-RWA,FL_2011_000051_RWA,6.710915e-10,0.0002650106403038,148.0,6.754777189542483e-10
FF-2017-000101-VNM,FF_2017_000101_VNM,6.5222966e-10,1.2030162276292367e-05,886.0,6.529616798204266e-10
FL-2003-000316-IND,FL_2003_000316_IND,6.332316e-10,5.770979227207996e-05,477.0,6.345453585062241e-10
FL-2013-000019-PER,FL_2013_000019_PER,6.3138417e-10,0.0001140517019377,317.0,6.333449904037267e-10
FL-2016-000009-IDN,FL_2016_000009_IDN,6.309499e-10,8.898794846656679e-06,961.0,6.316030572463768e-10
FL-2008-000104-NPL,FL_2008_000104_NPL,6.186193e-10,0.0002073844528612,189.0,6.218080592783505e-10
FL-2004-000115-PAN,FL_2004_000115_PAN,6.1075206e-10,2.0002228722198075e-05,774.0,6.115360806161745e-10
FL-2020-000175-GEO,FL_2020_000175_GEO,6.0622934e-10,2.2183035002364835e-06,1133.0,6.067620547100176e-10
FF-2007-000113-GMB,FF_2007_000113_GMB,5.807364e-10,8.577957396647371e-06,973.0,5.813302e-10
FL-2020-000212-KHM,FL_2020_000212_KHM,5.648162e-10,1.850718877094086e-05,788.0,5.655284524590165e-10
FL-2012-000191-HTI,FL_2012_000191_HTI,5.6326555e-10,5.6668219416920085e-05,482.0,5.644221527720739e-10
FL-2009-000240-PAN,FL_2009_000240_PAN,5.5040483e-10,2.1673431900528715e-05,759.0,5.51125255170157e-10
FL-2005-000157-MDA,FL_2005_000157_MDA,5.276023e-10,2.85818767673393e-05,687.0,5.283647310693642e-10
FF-2019-000029-IDN,FF_2019_000029_IDN,5.2432236e-10,7.762289698280575e-05,399.0,5.256201876237624e-10
FL-2010-000019-MEX,FL_2010_000019_MEX,5.0575105e-10,0.0002230730739463,175.0,5.085607780555555e-10
FL-2020-000206-COD,FL_2020_000206_COD,4.9510523e-10,1.177846395445585e-06,1170.0,4.955265961531915e-10
FL-2004-000051-NPL,FL_2004_000051_NPL,4.895493e-10,3.887382573034901e-06,1093.0,4.899951554644808e-10
FF-2008-000199-LKA,FF_2008_000199_LKA,4.841669e-10,0.0004245551952334,82.0,4.897320367816093e-10
FL-2017-000174-ALB,FL_2017_000174_ALB,4.8877097e-10,5.191747189799859e-05,507.0,4.897256008007813e-10
FL-2003-000531-IDN,FL_2003_000531_IDN,4.675284e-10,1.1236985179364224e-05,903.0,4.680432991189427e-10
FL-2001-000332-IND,FL_2001_000332_IND,4.6240675e-10,0.000101621249495,347.0,4.6372040553977275e-10
FL-2009-000198-BEN,FL_2009_000198_BEN,4.5229054e-10,0.0007654085638166,36.0,4.6332201658536587e-10
FL-2015-000155-NGA,FL_2015_000155_NGA,4.5855372e-10,8.566617828569693e-05,387.0,4.5972349989795923e-10
FL-2006-000058-TJK,FL_2006_000058_TJK,4.4754875e-10,7.485679030462741e-05,407.0,4.4863503337378646e-10
FL-2002-000374-IND,FL_2002_000374_IND,4.3604864e-10,6.205828065474248e-05,457.0,4.3699246822510827e-10
FL-2003-000505-VNM,FL_2003_000505_VNM,4.2961384e-10,0.0003098718087904,120.0,4.3305075072000003e-10
FL-2009-000187-CIV,FL_2009_000187_CIV,4.1900253e-10,0.0003934759141924,90.0,4.2341308294736845e-10
FL-2013-000054-CHN,FL_2013_000054_CHN,4.1923007e-10,2.030882860260034e-05,770.0,4.197710120258064e-10
FF-2014-000059-SRB,FF_2014_000059_SRB,4.126372e-10,1.608727093465998e-05,814.0,4.1314103052503053e-10
FL-2016-000050-LKA,FL_2016_000050_LKA,3.9966666e-10,0.0001578235633913,252.0,4.0122178319066145e-10
FL-2008-000185-SOM,FL_2008_000185_SOM,3.9472162e-10,0.0002756507200108,142.0,3.9740680108843536e-10
FF-2008-000216-PSE,FF_2008_000216_PSE,3.8843712e-10,1.177394938392885e-05,891.0,3.888706435714286e-10
FL-2019-000020-COL,FL_2019_000020_COL,3.8550563e-10,4.064255896081005e-05,586.0,3.861579237901861e-10
FL-2006-000172-COG,FL_2006_000172_COG,3.6786868e-10,0.0003113768282244,119.0,3.708353629032258e-10
FL-2011-000198-PER,FL_2011_000198_PER,3.488339e-10,1.1847712079668824e-05,890.0,3.49223658547486e-10
FL-2005-000184-VNM,FL_2005_000184_VNM,3.3105657e-10,1.4935715368328768e-05,834.0,3.3145115470798576e-10
FL-2014-000014-SYC,FL_2014_000014_SYC,3.2749825e-10,4.522171598101483e-05,545.0,3.2809370136363634e-10
FL-2022-000201-ZAF,FL_2022_000201_ZAF,3.1282898e-10,2.866612313654841e-05,685.0,3.132823553333333e-10
FL-2007-000122-VNM,FL_2007_000122_VNM,3.083689e-10,0.0001877455255535,214.0,3.097769771689498e-10
FL-1999-000259-KHM,FL_1999_000259_KHM,2.9856115e-10,0.0011993646189411,27.0,3.078911859375e-10
FL-2021-000050-AFG,FL_2021_000050_AFG,3.0388816e-10,0.0004616505865985,74.0,3.0773484556962025e-10
FF-2008-000082-PHL,FF_2008_000082_PHL,3.0201308e-10,0.0002148936686264,182.0,3.0362812320855617e-10
FL-2012-000037-PSE,FL_2012_000037_PSE,2.981931e-10,0.0003857987898092,94.0,3.0120515151515153e-10
FL-2004-000120-CRI,FL_2004_000120_CRI,3.006389e-10,1.3790915452573192e-05,844.0,3.009930094228504e-10
FL-1999-000132-BLR,FL_1999_000132_BLR,3.001686e-10,8.462035890874628e-06,978.0,3.004739597151576e-10
FF-2006-000049-IDN,FF_2006_000049_IDN,2.9559527e-10,5.976018046601875e-05,468.0,2.962202071458774e-10
FL-2010-000042-SRB,FL_2010_000042_SRB,2.911515e-10,0.0001257934282768,294.0,2.921252508361204e-10
FL-2019-000083-NPL,FL_2019_000083_NPL,2.8922953e-10,4.519750681967822e-06,1074.0,2.8949758331788695e-10
FL-2019-000067-UGA,FL_2019_000067_UGA,2.8278854e-10,3.38574005183903e-05,639.0,2.8322765263975154e-10
FL-1999-000160-PER,FL_1999_000160_PER,2.7339533e-10,5.24211964217811e-06,1044.0,2.736559547187798e-10
FL-2017-000078-NER,FL_2017_000078_NER,2.4489788e-10,3.528745935465328e-05,628.0,2.452847644865719e-10
FL-2006-000085-UKR,FL_2006_000085_UKR,2.372212e-10,3.972474952632455e-05,589.0,2.376205622895623e-10
FF-2016-000079-MKD,FF_2016_000079_MKD,2.2344249e-10,4.104239808791184e-05,584.0,2.238218490662139e-10
FL-2009-000007-ZWE,FL_2009_000007_ZWE,2.1580207e-10,2.302341733761144e-05,741.0,2.1609134891420911e-10
FL-2020-000199-MRT,FL_2020_000199_MRT,2.0471812e-10,0.0020757289750274,16.0,2.1446660190476191e-10
FL-2009-000023-ECU,FL_2009_000023_ECU,2.1060319e-10,2.010171492150206e-05,772.0,2.1087423657657656e-10
FL-2000-000258-IDN,FL_2000_000258_IDN,2.06934e-10,3.0945863341911026e-05,662.0,2.0724424587706148e-10
FL-2006-000044-COL,FL_2006_000044_COL,2.0312035e-10,5.296487957097029e-05,499.0,2.0352336656746033e-10
FL-2011-000063-HTI,FL_2011_000063_HTI,1.9388247e-10,0.0006832480575183,47.0,1.9761097903846153e-10
FL-2001-000146-AGO,FL_2001_000146_AGO,1.9265842e-10,1.3606124196166075e-05,849.0,1.9288401533957843e-10
FL-2021-000078-GTM,FL_2021_000078_GTM,1.9064829e-10,1.5928249461450175e-05,817.0,1.9088022222627738e-10
FL-2021-000173-IDN,FL_2021_000173_IDN,1.8831339e-10,8.047842201348449e-06,985.0,1.8850360554545453e-10
FL-2016-000044-CHN,FL_2016_000044_CHN,1.7650462e-10,0.0002656120271904,147.0,1.7766583460526313e-10
FF-2009-000159-PAK,FF_2009_000159_PAK,1.7642421e-10,3.304095673183799e-05,646.0,1.766952149308756e-10
FL-2020-000132-UGA,FL_2020_000132_UGA,1.7065123e-10,0.0002240368313924,174.0,1.7160458882681564e-10
FL-2013-000095-PHL,FL_2013_000095_PHL,1.7084024e-10,7.444537444180007e-05,409.0,1.7125289758454108e-10
SL-2002-000428-NPL,SL_2002_000428_NPL,1.6694206e-10,2.1429312128197577e-05,762.0,1.6715971588005215e-10
FL-2013-000157-BRA,FL_2013_000157_BRA,1.6672118e-10,6.347775197181408e-05,453.0,1.6708520004366811e-10
FL-2009-000266-ALB,FL_2009_000266_ALB,1.6067112e-10,7.079707636922572e-05,418.0,1.6105095716312054e-10
FL-2007-000189-NIC,FL_2007_000189_NIC,1.5808231e-10,2.118959566319641e-05,764.0,1.5828787867360208e-10
FL-2009-000183-NGA,FL_2009_000183_NGA,1.5576128e-10,0.0001323389103936,287.0,1.5629470904109587e-10
FL-2021-000213-STP,FL_2021_000213_STP,1.5246862e-10,2.777071550414985e-07,1206.0,1.5259452307184143e-10
FL-2002-000522-KHM,FL_2002_000522_KHM,1.5149207e-10,0.0001938067998001,207.0,1.5220665523584907e-10
FL-2002-000376-RUS,FL_2002_000376_RUS,1.507734e-10,1.1466652171641855e-05,901.0,1.509398165562914e-10
FL-2008-000234-BRA,FL_2008_000234_BRA,1.4680475e-10,4.48060245260276e-05,550.0,1.4706926306306304e-10
FL-2019-000094-GTM,FL_2019_000094_GTM,1.3859255e-10,5.273049426894943e-06,1042.0,1.387249211079274e-10
FL-2012-000098-GTM,FL_2012_000098_GTM,1.3263599e-10,6.375116796253513e-07,1188.0,1.3274716853310981e-10
FF-2007-000185-TUN,FF_2007_000185_TUN,1.257906e-10,1.1524262210893067e-05,899.0,1.2592974889380531e-10
FL-2007-000222-MYS,FL_2007_000222_MYS,1.2333361e-10,8.952118353721278e-05,381.0,1.2365312712435235e-10
FL-2013-000030-COL,FL_2013_000030_COL,1.093441e-10,1.155384253293734e-05,897.0,1.0946532405764968e-10
FF-2009-000196-IDN,FF_2009_000196_IDN,1.0738126e-10,1.3402593760308697e-05,856.0,1.075059769105691e-10
FL-2013-000112-CAF,FL_2013_000112_CAF,1.00918815e-10,0.0001085779619657,336.0,1.0121476460410558e-10
FL-2007-000144-LBR,FL_2007_000144_LBR,1.0047147e-10,4.455931317647784e-05,552.0,1.0065184965888689e-10
FL-2009-000133-ZAF,FL_2009_000133_ZAF,9.766356e-11,6.637385858087927e-06,1019.0,9.77589345703125e-11
FL-2017-000110-MLI,FL_2017_000110_MLI,9.709708e-11,0.000198830706081,203.0,9.756389288461539e-11
FL-2016-000068-NPL,FL_2016_000068_NPL,9.678915e-11,4.720618109322325e-06,1067.0,9.687943838619402e-11
FL-2000-000299-GTM,FL_2000_000299_GTM,9.371549e-11,8.65992406049726e-06,971.0,9.38115099692623e-11
FL-2009-000241-COL,FL_2009_000241_COL,8.690131e-11,1.351004606561231e-05,853.0,8.700259357808857e-11
FL-2021-000127-NER,FL_2021_000127_NER,7.857389e-11,7.720687464175192e-06,996.0,7.865238539460541e-11
FL-2009-000101-PAN,FL_2009_000101_PAN,7.712714e-11,5.879761658572283e-07,1189.0,7.719173559463986e-11
FL-2000-000002-AGO,FL_2000_000002_AGO,7.6130414e-11,5.776252279823167e-05,476.0,7.628868928898129e-11
FL-2007-000086-PAN,FL_2007_000086_PAN,7.6051714e-11,2.9575232711581054e-06,1115.0,7.611961731607145e-11
FL-2005-000138-PNG,FL_2005_000138_PNG,7.3702836e-11,1.2718738316160577e-05,871.0,7.378697165753424e-11
FL-2022-000374-TTO,FL_2022_000374_TTO,6.7370526e-11,2.220679796761855e-06,1132.0,6.742977888126648e-11
FL-2012-000126-PAN,FL_2012_000126_PAN,6.591683e-11,1.1732082517036583e-05,893.0,6.599023404231625e-11
FL-2000-000012-MOZ,FL_2000_000012_MOZ,6.548111e-11,2.8682698178541067e-05,684.0,6.557614789550072e-11
FL-2021-000066-GUY,FL_2021_000066_GUY,6.468155e-11,0.0002007803195055,200.0,6.499706975609757e-11
FL-2009-000075-BDI,FL_2009_000075_BDI,6.4719556e-11,2.314614736822512e-06,1130.0,6.47765776352423e-11
FL-2009-000179-LBR,FL_2009_000179_LBR,6.355453e-11,3.6196286400556087e-06,1100.0,6.36120454117647e-11
FL-2022-000336-VNM,FL_2022_000336_VNM,5.961524e-11,3.861312310801628e-05,599.0,5.971394072847683e-11
FL-1998-000359-UKR,FL_1998_000359_UKR,5.90847e-11,0.0002030209834616,196.0,5.93786537313433e-11
FL-2008-000207-SDN,FL_2008_000207_SDN,5.6483762e-11,1.8915270718141448e-05,783.0,5.6555441901015234e-11
FL-2013-000083-THA,FL_2013_000083_THA,5.560214e-11,5.39725353310226e-05,492.0,5.571401553319919e-11
FL-2016-000091-NER,FL_2016_000091_NER,5.5303973e-11,0.00016838700252,234.0,5.5535370376569036e-11
FL-2010-000239-MNE,FL_2010_000239_MNE,5.483295e-11,0.0003952508161179,88.0,5.542255161290323e-11
FL-2013-000024-MKD,FL_2013_000024_MKD,5.3558605e-11,2.124373629712634e-06,1135.0,5.360558623245614e-11
FL-2008-000232-CRI,FL_2008_000232_CRI,5.2194516e-11,4.071242554333103e-07,1202.0,5.223775917812759e-11
FL-1998-000165-CHN,FL_1998_000165_CHN,5.1069007e-11,0.0001401373625837,269.0,5.1255390237226275e-11
FL-2007-000209-PNG,FL_2007_000209_PNG,4.930826e-11,1.0582314179921006e-05,913.0,4.936197270152506e-11
FL-2010-000242-AGO,FL_2010_000242_AGO,4.6920988e-11,7.984989079181333e-06,988.0,4.696823975025176e-11
FF-2017-000122-CMR,FF_2017_000122_CMR,4.68688e-11,7.046842461907754e-06,1006.0,4.691515885262117e-11
FL-2008-000166-GTM,FL_2008_000166_GTM,4.5289147e-11,2.6443308020135815e-07,1209.0,4.5326452722405277e-11
FL-2021-000152-GEO,FL_2021_000152_GEO,4.5140617e-11,0.0001265893342837,292.0,4.5292605609427614e-11
FL-2011-000131-GIN,FL_2011_000131_GIN,4.2023596e-11,1.258216791627267e-05,875.0,4.207135008636364e-11
FL-2009-000217-IND,FL_2009_000217_IND,4.1233433e-11,8.74970944299033e-05,385.0,4.133915975128205e-11
FL-2017-000130-GTM,FL_2017_000130_GTM,4.0838867e-11,4.3093544529819455e-08,1217.0,4.087228669476269e-11
FL-2001-000453-IRN,FL_2001_000453_IRN,4.0814522e-11,4.95250458668672e-06,1057.0,4.085295375329566e-11
FF-2008-000202-MAR,FF_2008_000202_MAR,3.9748507e-11,1.3029814747896318e-05,864.0,3.979424751438435e-11
FL-2012-000183-COL,FL_2012_000183_COL,3.921522e-11,3.478444860542887e-05,634.0,3.9276589671361506e-11
FL-2010-000149-GTM,FL_2010_000149_GTM,3.750546e-11,0.0001086059504187,335.0,3.7615770176470585e-11
FL-2011-000043-VCT,FL_2011_000043_VCT,3.7440443e-11,2.6696949817334013e-06,1124.0,3.747360548272808e-11
FF-2020-000158-SRB,FF_2020_000158_SRB,3.6864442e-11,4.635383823507396e-06,1068.0,3.6898798423112765e-11
FL-1998-000316-VNM,FL_1998_000316_VNM,3.661331e-11,0.000304198415585,128.0,3.688859804511278e-11
FF-2020-000153-BIH,FF_2020_000153_BIH,3.5438985e-11,4.5542541658039234e-06,1073.0,3.5471859754174397e-11
FL-1997-000199-BEN,FL_1997_000199_BEN,3.5223085e-11,6.92113820794646e-05,428.0,3.5304431616628175e-11
FL-1999-000253-PHL,FL_1999_000253_PHL,3.506384e-11,7.431078784564575e-06,1002.0,3.5098660099304864e-11
FL-2010-000107-PHL,FL_2010_000107_PHL,3.4607914e-11,0.0003577809339392,103.0,3.492835764814815e-11
FL-2019-000015-PER,FL_2019_000015_PER,3.442319e-11,4.052712834697093e-06,1089.0,3.445465543875686e-11
FL-2006-000025-PNG,FL_2006_000025_PNG,3.4255206e-11,7.333941341264624e-07,1184.0,3.428401609756097e-11
FL-2013-000070-IND,FL_2013_000070_IND,3.3698273e-11,6.197330937580043e-05,458.0,3.377105544708423e-11
FL-2019-000031-SYR,FL_2019_000031_SYR,3.0456398e-11,5.346760100803792e-05,494.0,3.051743286573146e-11
FL-2016-000097-PRK,FL_2016_000097_PRK,2.996989e-11,0.0001668857547111,237.0,3.0093732520661165e-11
FL-2011-000148-KHM,FL_2011_000148_KHM,2.947774e-11,9.861410174747034e-05,359.0,2.95587228021978e-11
FL-2005-000001-CRI,FL_2005_000001_CRI,2.8527888e-11,2.838587574758125e-07,1205.0,2.8551464766942147e-11
FL-2006-000190-BDI,FL_2006_000190_BDI,2.7741287e-11,7.87320390266065e-06,990.0,2.776916769045226e-11
FL-2007-000220-SRB,FL_2007_000220_SRB,2.7207521e-11,1.1512635275052846e-06,1172.0,2.7230636990654205e-11
FL-2010-000037-HTI,FL_2010_000037_HTI,2.6937397e-11,0.0002846698334083,135.0,2.7129806978571427e-11
FF-2012-000118-AFG,FF_2012_000118_AFG,2.5793288e-11,6.609314500537922e-05,442.0,2.5850991105145416e-11
FL-2010-000076-COL,FL_2010_000076_COL,2.5572561e-11,3.7576309979724513e-06,1097.0,2.55957665907441e-11
FL-2002-000510-MEX,FL_2002_000510_MEX,2.483477e-11,2.377386472317826e-05,735.0,2.4868330500000003e-11
FL-2013-000017-PNG,FL_2013_000017_PNG,2.3934391e-11,4.9394300839971615e-06,1058.0,2.3956906889934148e-11
FL-2014-000154-IDN,FL_2014_000154_IDN,2.3179268e-11,4.906971752751511e-05,525.0,2.322300246792453e-11
FF-2007-000091-AFG,FF_2007_000091_AFG,2.2571856e-11,1.302553134072378e-05,865.0,2.2597800662068966e-11
FL-2021-000096-PAN,FL_2021_000096_PAN,2.0594297e-11,0.0002133796988791,184.0,2.0703261534391536e-11
FL-2008-000054-THA,FL_2008_000054_THA,2.0655665e-11,4.160050258607557e-06,1087.0,2.0674580444139197e-11
FL-1997-000144-CHN,FL_1997_000144_CHN,2.003343e-11,0.0002061989586752,193.0,2.0134608939393938e-11
FL-2006-000041-SRB,FL_2006_000041_SRB,2.0053296e-11,2.460179053927017e-05,726.0,2.0080728689466486e-11
FF-2018-000118-LAO,FF_2018_000118_LAO,1.9000364e-11,1.0668623985747689e-05,912.0,1.9021084135223552e-11
FL-2010-000102-CRI,FL_2010_000102_CRI,1.8217478e-11,4.247391109802825e-05,571.0,1.8249105565972225e-11
FL-2010-000015-PSE,FL_2010_000015_PSE,1.7984883e-11,6.929605799103888e-06,1010.0,1.8002602096551725e-11
FL-2011-000042-COL,FL_2011_000042_COL,1.7693123e-11,0.0002640556540759,149.0,1.780801340909091e-11
FF-2013-000084-GEO,FF_2013_000084_GEO,1.5905608e-11,2.713148566712985e-05,702.0,1.592810532390382e-11
FL-2021-000092-CRI,FL_2021_000092_CRI,1.5193546e-11,1.300932159814758e-05,868.0,1.5210949832760595e-11
FL-2003-000578-COL,FL_2003_000578_COL,1.5094601e-11,9.508903754414558e-05,366.0,1.513528725606469e-11
FL-2016-000117-ALB,FL_2016_000117_ALB,1.3467061e-11,4.735158785179334e-05,536.0,1.34919539038817e-11
FF-2011-000066-TJK,FF_2011_000066_TJK,1.3154742e-11,0.0001588993192245,251.0,1.32061277109375e-11
FL-2015-000113-PRK,FL_2015_000113_PRK,1.3089687e-11,9.21369424126455e-06,955.0,1.3103322090625e-11
FL-2010-000262-ECU,FL_2010_000262_ECU,1.2482386e-11,2.0834685942758187e-06,1138.0,1.2493306722659667e-11
FL-2005-000103-SLV,FL_2005_000103_SLV,1.2401363e-11,0.0002706883020852,143.0,1.2485155993243244e-11
FL-2006-000130-KHM,FL_2006_000130_KHM,1.22994635e-11,1.1000685865225342e-05,907.0,1.231294975383772e-11
FL-2002-000734-MAR,FL_2002_000734_MAR,1.21995036e-11,6.971982384016114e-05,423.0,1.2228007113084111e-11
FL-2010-000089-AZE,FL_2010_000089_AZE,1.1964471e-11,0.0002324955508238,168.0,1.2033629791907515e-11
FL-2002-000350-CHN,FL_2002_000350_CHN,1.1522388e-11,7.305414633486279e-05,414.0,1.1549887732696897e-11
FL-1997-000092-ECU,FL_1997_000092_ECU,1.10139484e-11,2.4915986268863235e-05,721.0,1.1029119127823692e-11
FL-2018-000120-NGA,FL_2018_000120_NGA,1.0818235e-11,0.0003296968049036,112.0,1.0910698547008547e-11
FL-2007-000129-PAK,FL_2007_000129_PAK,9.996418e-12,4.894870949687314e-06,1060.0,1.000580430798122e-11
FL-2019-000022-IRN,FL_2019_000022_IRN,9.71826e-12,0.0003093455733051,123.0,9.79418390625e-12
FF-2011-000088-NGA,FF_2011_000088_NGA,9.757915e-12,7.815738634376975e-06,994.0,9.767682682682684e-12
FL-2013-000002-PSE,FL_2013_000002_PSE,9.688464e-12,2.5314424203600457e-05,718.0,9.701864365145228e-12
FL-2018-000414-IRQ,FL_2018_000414_IRQ,9.519368e-12,9.00464530725886e-06,958.0,9.52925311734164e-12
FL-2008-000213-PER,FL_2008_000213_PER,9.260149e-12,0.0001605374966649,243.0,9.297488310483872e-12
FL-2009-000208-AZE,FL_2009_000208_AZE,8.936336e-12,0.0002564855627728,153.0,8.992895088607595e-12
FL-2011-000005-HND,FL_2011_000005_HND,8.394981e-12,6.547717241864807e-07,1187.0,8.402023769295301e-12
FL-2018-000014-ARG,FL_2018_000014_ARG,7.871041e-12,0.0009780923486426,32.0,8.083771837837836e-12
FL-2010-000225-PAN,FL_2010_000225_PAN,7.952637e-12,1.458992792012731e-06,1161.0,7.959457443396226e-12
FF-2009-000069-IDN,FF_2009_000069_IDN,7.79059e-12,0.0001443499882073,265.0,7.819444037037037e-12
FL-2001-000571-PRK,FL_2001_000571_PRK,7.281936e-12,2.789984370084231e-05,695.0,7.292338765714284e-12
FL-2006-000030-SRB,FL_2006_000030_SRB,7.017353e-12,1.5415619611136183e-05,824.0,7.025817840772015e-12
FL-2013-000051-ECU,FL_2013_000051_ECU,6.9599647e-12,7.356605002828935e-05,411.0,6.976695384375001e-12
LS-2011-000104-ECU,LS_2011_000104_ECU,6.7733505e-12,1.1741119373125042e-05,892.0,6.780901615384616e-12
FF-2013-000029-SRB,FF_2013_000029_SRB,6.6478247e-12,0.000593992544866,53.0,6.7624423672413784e-12
FL-2007-000199-THA,FL_2007_000199_THA,6.701126e-12,1.3423852839402256e-06,1165.0,6.706853458119658e-12
FL-2006-000068-CHN,FL_2006_000068_CHN,6.5891455e-12,5.31175524723054e-05,497.0,6.6022712878486056e-12
FL-2016-000084-PHL,FL_2016_000084_PHL,5.9529825e-12,3.609558699209453e-05,616.0,5.962568623188406e-12
FL-2003-000482-MEX,FL_2003_000482_MEX,5.6690846e-12,3.620772563290962e-05,615.0,5.67822828483871e-12
FL-2015-000027-CHL,FL_2015_000027_CHL,5.6350896e-12,5.5725154274063006e-05,487.0,5.646543034146341e-12
FL-1998-000219-KOR,FL_1998_000219_KOR,5.613857e-12,2.8976709567872416e-06,1118.0,5.61885598219056e-12
FL-2005-000209-THA,FL_2005_000209_THA,5.1537143e-12,3.96602542442775e-06,1091.0,5.158416594069343e-12
FL-2014-000168-MYS,FL_2014_000168_MYS,4.894846e-12,9.942459574260757e-06,932.0,4.900069955176094e-12
FL-2010-000127-AFG,FL_2010_000127_AFG,4.5037238e-12,0.0001707109016741,227.0,4.523136402586207e-12
FL-2005-000168-NPL,FL_2005_000168_NPL,4.3150978e-12,8.179701259666757e-06,983.0,4.319465307894736e-12
FL-2015-000088-IRN,FL_2015_000088_IRN,4.3073067e-12,5.98517490976828e-06,1034.0,4.3114523272377294e-12
FL-2020-000054-BDI,FL_2020_000054_BDI,4.105104e-12,3.4852818413515496e-06,1104.0,4.108805626690713e-12
FL-2007-000068-COL,FL_2007_000068_COL,3.8064734e-12,8.169950949558292e-05,393.0,3.816037403517588e-12
FL-2010-000119-PAN,FL_2010_000119_PAN,3.7746013e-12,1.4369771919295429e-05,839.0,3.779073576421801e-12
FL-2021-000208-IRQ,FL_2021_000208_IRQ,3.622702e-12,0.0001437405673868,266.0,3.63606990405904e-12
FF-2020-000055-SOM,FF_2020_000055_SOM,3.4582055e-12,6.127310261437599e-05,462.0,3.4656106509635973e-12
FL-2013-000023-ZMB,FL_2013_000023_ZMB,3.4538524e-12,8.28147942332849e-06,980.0,3.4573588491370562e-12
FL-2017-000107-NPL,FL_2017_000107_NPL,3.1698437e-12,8.860392255373245e-06,965.0,3.1731115801030926e-12
FL-2008-000035-PRY,FL_2008_000035_PRY,3.0683357e-12,6.587866874523454e-05,444.0,3.0751694097995548e-12
FL-2009-000147-NIC,FL_2009_000147_NIC,2.8975026e-12,9.246218739702492e-05,373.0,2.9051679507936506e-12
FL-2005-000063-SRB,FL_2005_000063_SRB,2.8147038e-12,0.0002482566648652,157.0,2.8320785148148146e-12
FL-1999-000428-VNM,FL_1999_000428_VNM,2.8238779e-12,2.0334814043869844e-05,769.0,2.827526321059431e-12
FL-2001-000252-ECU,FL_2001_000252_ECU,2.8159341e-12,1.807745356797448e-05,794.0,2.8194584230287863e-12
FL-2009-000178-GIN,FL_2009_000178_GIN,2.800443e-12,1.0130264847320917e-05,928.0,2.8034445466237943e-12
FL-2007-000154-MEX,FL_2007_000154_MEX,2.6502648e-12,9.91396164696144e-06,935.0,2.653084230638298e-12
FL-2004-000100-PAN,FL_2004_000100_PAN,2.50119e-12,9.026429079233554e-07,1178.0,2.503304277261201e-12
FL-1997-000142-CZE,FL_1997_000142_CZE,2.493086e-12,4.002497360653928e-06,1090.0,2.49536279086758e-12
FF-2013-000100-RUS,FF_2013_000100_RUS,2.3568925e-12,8.252259278323743e-05,392.0,2.362829256926952e-12
FL-2007-000227-ZWE,FL_2007_000227_ZWE,2.2808782e-12,1.2490026537675e-05,877.0,2.2834642297052154e-12
FL-2020-000242-COL,FL_2020_000242_COL,2.278087e-12,3.844776676050692e-06,1095.0,2.280157988181818e-12
FL-2009-000044-BIH,FL_2009_000044_BIH,2.0543111e-12,7.457488600700331e-07,1183.0,2.0560403180976435e-12
FL-2001-000180-IRN,FL_2001_000180_IRN,2.0005733e-12,7.599362379621135e-06,1001.0,2.002561941451292e-12
FL-2012-000138-NGA,FL_2012_000138_NGA,1.9915306e-12,0.0002071110228813,190.0,2.0017435774358974e-12
FL-2011-000037-BDI,FL_2011_000037_BDI,1.9410292e-12,0.0002320661803615,169.0,1.952184540229885e-12
FL-1997-000140-AZE,FL_1997_000140_AZE,1.9123195e-12,0.0001366793184585,280.0,1.9190293929824564e-12
FL-2008-000103-SLV,FL_2008_000103_SLV,1.8189094e-12,1.4795947681516784e-05,835.0,1.8210747683333334e-12
FF-2008-000186-COD,FF_2008_000186_COD,1.8103595e-12,3.228155711720368e-05,653.0,1.8131108062310031e-12
FF-2010-000094-HUN,FF_2010_000094_HUN,1.7878109e-12,2.7067978292126372e-05,703.0,1.7903360566384182e-12
FL-2000-000484-BTN,FL_2000_000484_BTN,1.7116309e-12,3.514913017821092e-05,629.0,1.714330633280757e-12
FF-2011-000049-IRQ,FF_2011_000049_IRQ,1.6155571e-12,0.0002279668346576,170.0,1.6247888548571429e-12
FL-2008-000031-PER,FL_2008_000031_PER,1.6010234e-12,2.8742546717431743e-05,682.0,1.6033538561863172e-12
FL-2007-000088-ECU,FL_2007_000088_ECU,1.5969215e-12,4.112308641874069e-05,583.0,1.5996373528911567e-12
FL-2001-000117-PER,FL_2001_000117_PER,1.5487045e-12,0.0002789164498427,139.0,1.5594593923611112e-12
FL-2008-000024-PHL,FL_2008_000024_PHL,1.5340883e-12,0.0001347218303461,283.0,1.5394149954861112e-12
FF-2020-000204-TUN,FF_2020_000204_TUN,1.4851158e-12,1.301268040367745e-05,867.0,1.4868189144495412e-12
FF-2022-000209-AFG,FF_2022_000209_AFG,1.447907e-12,0.0001381467227027,273.0,1.453115298561151e-12
FL-2001-000320-TLS,FL_2001_000320_TLS,1.2941187e-12,3.773973248674063e-05,605.0,1.2962402060655737e-12
FL-2001-000492-VNM,FL_2001_000492_VNM,1.2410535e-12,4.170799827084831e-05,576.0,1.24318956454389e-12
LS-2010-000040-UGA,LS_2010_000040_UGA,1.2088579e-12,1.615719867381464e-05,812.0,1.2103375302325582e-12
FL-2008-000088-USA,FL_2008_000088_USA,1.1894984e-12,6.928377383157245e-06,1011.0,1.1906691661417323e-12
FL-2011-000180-PAN,FL_2011_000180_PAN,1.1834717e-12,1.7622928162253006e-06,1151.0,1.1844954644463667e-12
FL-2021-000005-IDN,FL_2021_000005_IDN,1.1650407e-12,0.0001224806014089,299.0,1.1688730707236844e-12
FL-2011-000045-GTM,FL_2011_000045_GTM,1.0629675e-12,1.0447988644750185e-05,919.0,1.0641178977272727e-12
FL-2009-000267-SRB,FL_2009_000267_SRB,9.89687e-13,0.0001623391611012,241.0,9.93710117886179e-13
FL-2012-000030-KAZ,FL_2012_000030_KAZ,9.885348e-13,0.0001864233017005,216.0,9.930078081447963e-13
FL-2022-000349-CMR,FL_2022_000349_CMR,9.165056e-13,1.4090581127570968e-05,842.0,9.175876609208973e-13
FL-2012-000173-SOM,FL_2012_000173_SOM,9.150606e-13,3.6253219640829314e-05,614.0,9.165388885298871e-13
FL-2022-000002-IRN,FL_2022_000002_IRN,8.80776e-13,2.612572550160544e-05,710.0,8.820078545454546e-13
LS-2010-000190-COL,LS_2010_000190_COL,8.6267283e-13,4.342151375001143e-05,558.0,8.642051085612788e-13
FL-2018-000065-TJK,FL_2018_000065_TJK,7.693826e-13,0.0002150322052205,181.0,7.735190655913978e-13
FF-2019-000068-VNM,FF_2019_000068_VNM,7.3373604e-13,7.0692118349148e-05,419.0,7.354665495283018e-13
FL-2003-000227-CHN,FL_2003_000227_CHN,7.080379e-13,1.0254799435583243e-05,926.0,7.087984133190119e-13
FL-2001-000407-IDN,FL_2001_000407_IDN,6.596445e-13,4.5605273744665697e-05,542.0,6.608504314442412e-13
FL-2017-000014-PER,FL_2017_000014_PER,6.4625285e-13,9.442030075043288e-05,369.0,6.479807987967915e-13
FL-2004-000055-TJK,FL_2004_000055_TJK,5.974471e-13,1.0373427794580652e-05,923.0,5.980909007543103e-13
FL-2009-000261-PER,FL_2009_000261_PER,5.794355e-13,5.217093693354267e-05,504.0,5.80573880157171e-13
FL-2015-000039-KAZ,FL_2015_000039_KAZ,5.6987276e-13,5.18284134104094e-06,1047.0,5.704144641444867e-13
FL-2015-000011-PER,FL_2015_000011_PER,5.390028e-13,8.46554545739228e-06,977.0,5.395516826883911e-13
FL-2017-000083-GIN,FL_2017_000083_GIN,5.174489e-13,1.2554743120281502e-05,876.0,5.180362426787741e-13
FL-2008-000191-SLV,FL_2008_000191_SLV,5.0674894e-13,4.225942256615547e-06,1086.0,5.072134211549037e-13
ST-1998-000296-PHL,ST_1998_000296_PHL,4.7983877e-13,2.530413680072605e-05,719.0,4.805015307320442e-13
FL-2019-000167-BDI,FL_2019_000167_BDI,4.446476e-13,5.0914441481251466e-05,515.0,4.4550269153846156e-13
FL-2010-000208-RUS,FL_2010_000208_RUS,4.2201984e-13,7.682810357417558e-05,402.0,4.230567437837838e-13
FL-1999-000240-SRB,FL_1999_000240_SRB,3.9648365e-13,9.931190993668416e-05,356.0,3.9758194265927973e-13
FL-2021-000209-MYS,FL_2021_000209_MYS,3.7878376e-13,0.0001667690619681,238.0,3.8034254090534983e-13
FL-2010-000041-SOM,FL_2010_000041_SOM,3.627742e-13,0.0013250306015898,24.0,3.752836551724138e-13
FL-2001-000096-UKR,FL_2001_000096_UKR,3.4842916e-13,7.768350130948368e-05,398.0,3.4929374848635234e-13
FL-2001-000095-HUN,FL_2001_000095_HUN,3.4842916e-13,2.199052803817563e-05,753.0,3.4888882907651713e-13
FL-2001-000079-ROM,FL_2001_000079_ROM,3.4842916e-13,3.3682724922400963e-06,1107.0,3.487424955755396e-13
FL-2022-000164-ECU,FL_2022_000164_ECU,3.395079e-13,1.1651548652055958e-05,895.0,3.3988513099999995e-13
FL-2018-000360-RUS,FL_2018_000360_RUS,3.1608624e-13,0.0048222680507845,10.0,3.37158656e-13
FL-2008-000250-THA,FL_2008_000250_THA,3.2129025e-13,1.3600088486854923e-06,1164.0,3.2156509195893926e-13
FL-1991-000009-VNM,FL_1991_000009_VNM,2.9944257e-13,0.0001426723621789,267.0,3.005434618014706e-13
FL-2018-000165-CRI,FL_2018_000165_CRI,2.987409e-13,1.3045993717400515e-05,862.0,2.990854685121107e-13
FL-2008-000018-ECU,FL_2008_000018_ECU,2.9833346e-13,1.3116545295608283e-05,859.0,2.986787533564815e-13
FL-2008-000089-IND,FL_2008_000089_IND,2.7741484e-13,0.0001687774083149,232.0,2.7858536675105487e-13
FL-2005-000020-COL,FL_2005_000020_COL,2.6057777e-13,0.0001589732950757,250.0,2.6159964360784314e-13
FL-2009-000117-GTM,FL_2009_000117_GTM,2.389731e-13,4.7968686630448285e-06,1065.0,2.391964393457944e-13
FL-2004-000052-JPN,FL_2004_000052_JPN,2.364778e-13,5.457907074793379e-06,1038.0,2.367045284755513e-13
FL-2021-000161-IND,FL_2021_000161_IND,2.21378e-13,0.0001142861329261,315.0,2.2206980625e-13
FL-2011-000022-AFG,FL_2011_000022_AFG,1.9395976e-13,4.234536321935877e-05,573.0,1.9429533051903113e-13
FL-1997-000526-ECU,FL_1997_000526_ECU,1.7407644e-13,1.96446507769567e-05,778.0,1.742987598467433e-13
FL-2014-000079-PHL,FL_2014_000079_PHL,1.5698705e-13,2.880341759005739e-05,681.0,1.5721589409620994e-13
FL-2007-000009-PER,FL_2007_000009_PER,1.4985204e-13,0.0003051696973163,126.0,1.5099594870229006e-13
FL-2010-000067-BRA,FL_2010_000067_BRA,1.4838926e-13,0.0004739241309757,71.0,1.5034175026315788e-13
FF-2008-000194-VNM,FF_2008_000194_VNM,1.46118e-13,7.846944565351417e-06,992.0,1.4626455767301905e-13
FL-2016-000071-LBR,FL_2016_000071_LBR,1.3698732e-13,8.307581104181836e-07,1180.0,1.3710292111392408e-13
FF-2020-000006-IRN,FF_2020_000006_IRN,1.3493385e-13,0.0002904065660327,133.0,1.359116315217391e-13
FL-2018-000194-TTO,FL_2018_000194_TTO,1.2988476e-13,1.02183670427693e-05,927.0,1.300241213304721e-13
FF-2004-000060-VNM,FF_2004_000060_VNM,1.2429005e-13,1.131597608596695e-05,902.0,1.244270842337376e-13
FL-2006-000013-MWI,FL_2006_000013_MWI,1.0951488e-13,1.069984115148815e-05,911.0,1.0963443772925764e-13
FL-2010-000012-EGY,FL_2010_000012_EGY,1.03090666e-13,0.0001214959398491,301.0,1.0342756360130719e-13
FF-2018-000030-KEN,FF_2018_000030_KEN,1.0261201e-13,0.0001524793235629,255.0,1.0300667157692307e-13
FL-1998-000179-RUS,FL_1998_000179_RUS,8.4530785e-14,0.0001946918857874,206.0,8.493140483412322e-14
FL-2005-000208-BIH,FL_2005_000208_BIH,8.2854506e-14,3.221007217643389e-07,1204.0,8.292303743589743e-14
FL-2006-000031-PER,FL_2006_000031_PER,8.080544e-14,2.285764242869582e-05,743.0,8.09134686631016e-14
FL-2004-000023-CRI,FL_2004_000023_CRI,7.836159e-14,1.5902055153767724e-05,818.0,7.845680456865128e-14
FL-2012-000042-COL,FL_2012_000042_COL,7.823004e-14,4.401306824333978e-05,554.0,7.836998640429337e-14
FL-2008-000191-CRI,FL_2008_000191_CRI,7.6544856e-14,5.057061934980086e-06,1053.0,7.661720463516068e-14
FL-2005-000002-GUY,FL_2005_000002_GUY,5.4550707e-14,6.646015747343589e-05,440.0,5.4673292858426966e-14
FL-2014-000038-ZAF,FL_2014_000038_ZAF,5.3039977e-14,1.5273277534537423e-05,829.0,5.310357409472422e-14
FL-2012-000063-RUS,FL_2012_000063_RUS,4.937077e-14,3.579585703010581e-05,622.0,4.944951125996811e-14
FL-2008-000197-COL,FL_2008_000197_COL,4.8713044e-14,2.902365102129994e-06,1117.0,4.875646026024956e-14
FL-1998-000053-ZMB,FL_1998_000053_ZMB,4.3734798e-14,0.0002505694596098,154.0,4.4009859622641513e-14
FL-2017-000075-CHN,FL_2017_000075_CHN,4.209819e-14,1.7722675684999987e-05,798.0,4.215061613947696e-14
FL-2013-000006-IDN,FL_2013_000006_IDN,3.7787427e-14,8.740498108929874e-06,969.0,3.782622312628337e-14
FL-2002-000475-TJK,FL_2002_000475_TJK,3.6996976e-14,1.0951910478701742e-05,909.0,3.703745409190372e-14
FL-2009-000145-NPL,FL_2009_000145_NPL,3.3883127e-14,7.084757543554615e-06,1005.0,3.391667465049505e-14
FL-2010-000160-NPL,FL_2010_000160_NPL,3.359214e-14,7.912947682745158e-06,989.0,3.362593490945674e-14
FL-2002-000077-PER,FL_2002_000077_PER,2.7337192e-14,0.0002009016401601,199.0,2.7471197843137256e-14
FL-2009-000171-AFG,FL_2009_000171_AFG,2.6485155e-14,2.176200478189599e-05,757.0,2.6519912421259843e-14
FL-2000-000438-KHM,FL_2000_000438_KHM,2.5677346e-14,0.0001672353056344,236.0,2.5783891004149375e-14
FL-2003-000028-BRA,FL_2003_000028_BRA,2.5404978e-14,2.292200906032123e-05,742.0,2.5438987341365464e-14
FL-2013-000159-VCT,FL_2013_000159_VCT,2.4703843e-14,8.510404957697493e-06,974.0,2.4729076751787536e-14
FL-2015-000068-BGD,FL_2015_000068_BGD,2.4428737e-14,4.2826132787667824e-05,566.0,2.44715193765324e-14
FL-1999-000229-TJK,FL_1999_000229_TJK,2.4268451e-14,3.2590723236561844e-05,650.0,2.430550207022901e-14
FL-2021-000126-MYS,FL_2021_000126_MYS,2.2155234e-14,2.036470522484096e-05,768.0,2.2183895363518757e-14
FL-2001-000375-IRN,FL_2001_000375_IRN,1.9867275e-14,6.497978517819735e-05,448.0,1.9911132119205297e-14
FL-2010-000136-YEM,FL_2010_000136_YEM,1.8671965e-14,7.05533153034977e-05,421.0,1.871579590375587e-14
FL-2002-000020-IRN,FL_2002_000020_IRN,1.5942548e-14,2.3880828581624745e-05,734.0,1.596412113667118e-14
FL-2005-000171-SLV,FL_2005_000171_SLV,1.563088e-14,9.544856943612062e-05,365.0,1.5673125621621623e-14
FL-2007-000125-PHL,FL_2007_000125_PHL,1.543645e-14,0.0001006679028658,351.0,1.5479810814606744e-14
FL-2001-000227-RUS,FL_2001_000227_RUS,1.4582778e-14,3.222221813655297e-05,654.0,1.4604906646433993e-14
FL-2008-000246-GUY,FL_2008_000246_GUY,1.2395131e-14,3.017873111288445e-05,669.0,1.2413521402077154e-14
FL-2007-000130-CIV,FL_2007_000130_CIV,8.377751e-15,0.000160864556853,242.0,8.411669020242915e-15
FF-2009-000201-PHL,FF_2009_000201_PHL,7.07108e-15,8.604561239297823e-06,972.0,7.078317543500511e-15
FL-2002-000755-CRI,FL_2002_000755_CRI,4.9057107e-15,3.0021400859321044e-05,671.0,4.912967668491124e-15
FL-2007-000123-NGA,FL_2007_000123_NGA,4.9063685e-15,1.4645351876421648e-05,837.0,4.912195540973871e-15
FL-2004-000068-ROM,FL_2004_000068_ROM,4.5548117e-15,3.4536325557701608e-06,1106.0,4.55891144050405e-15
FL-1999-000574-VNM,FL_1999_000574_VNM,3.3777571e-15,0.0003383691080659,110.0,3.407128900869565e-15
FL-2015-000018-PNG,FL_2015_000018_PNG,3.2237386e-15,6.548806882813231e-05,446.0,3.230886579157428e-15
FL-2006-000178-JAM,FL_2006_000178_JAM,3.0887493e-15,3.88842039240886e-05,595.0,3.0938972155000003e-15
FL-2002-000482-RUS,FL_2002_000482_RUS,2.7907362e-15,2.2772157773267407e-05,744.0,2.7944621495327104e-15
FL-2004-000043-IND,FL_2004_000043_IND,2.656903e-15,9.488464643783064e-05,367.0,2.6640452123655916e-15
FL-2019-000084-IND,FL_2019_000084_IND,2.6392043e-15,2.7362688522800643e-06,1122.0,2.641546096184561e-15
FL-2006-000151-PAN,FL_2006_000151_PAN,2.4791236e-15,1.0004105474030952e-05,931.0,2.4817722363247863e-15
FL-2010-000219-PHL,FL_2010_000219_PHL,2.2579823e-15,0.0001484604580487,258.0,2.2665677840304182e-15
FL-2009-000010-FJI,FL_2009_000010_FJI,1.7061153e-15,0.0001030194768949,346.0,1.7109760273504276e-15
FL-2015-000079-CRI,FL_2015_000079_CRI,1.664942e-15,2.420148950435285e-05,731.0,1.6672041494565216e-15
FL-2003-000273-TJK,FL_2003_000273_TJK,1.5013335e-15,5.7631714199074167e-05,478.0,1.5044418509316772e-15
FL-2005-000051-AGO,FL_2005_000051_AGO,1.3360715e-15,4.29635764207424e-05,565.0,1.3384154850877193e-15
FL-2003-000585-MKD,FL_2003_000585_MKD,1.3364091e-15,1.0731765038130406e-06,1175.0,1.3375416500847457e-15
FL-2005-000109-PRK,FL_2005_000109_PRK,1.1783261e-15,3.1179002690282466e-05,660.0,1.1800980189473686e-15
FL-2006-000009-GUY,FL_2006_000009_GUY,1.0306634e-15,7.296216772269821e-05,415.0,1.0331173604761906e-15
FL-2015-000092-BRA,FL_2015_000092_BRA,8.167697e-16,4.4651722261898776e-06,1078.0,8.175238733148661e-16
FL-2010-000151-COD,FL_2010_000151_COD,8.113576700000001e-16,0.000220855694177,176.0,8.158403090607736e-16
FL-2010-000023-ECU,FL_2010_000023_ECU,7.9545716e-16,1.3090748722726987e-05,861.0,7.963757017551963e-16
FL-2017-000134-CAF,FL_2017_000134_CAF,7.099425700000001e-16,6.40880853970863e-05,451.0,7.114994616008774e-16
FL-2010-000021-AFG,FL_2010_000021_AFG,5.693167e-16,0.0001990465055809,202.0,5.720670222222221e-16
FL-2004-000059-AFG,FL_2004_000059_AFG,5.586125e-16,0.0001398389186162,271.0,5.606364583333334e-16
FL-2003-000051-PER,FL_2003_000051_PER,4.4918125e-16,3.1849796377973345e-05,656.0,4.498607980332829e-16
FL-2005-000194-COL,FL_2005_000194_COL,3.3373553000000004e-16,0.0001798328352499,219.0,3.3522542075892863e-16
FL-2012-000067-RWA,FL_2012_000067_RWA,2.300774e-16,0.0011602573977848,28.0,2.370494424242424e-16
FL-2018-000054-BDI,FL_2018_000054_BDI,2.1763605000000002e-16,6.8600154822531074e-06,1013.0,2.1784983786836938e-16
FL-1995-000012-PHL,FL_1995_000012_PHL,2.0210493000000002e-16,1.0343779259483436e-05,924.0,2.0232248105489776e-16
FL-1991-000011-CHN,FL_1991_000011_CHN,1.7212709e-16,5.414261315541407e-05,490.0,1.724748214949495e-16
FL-2016-000046-SOM,FL_2016_000046_SOM,1.632662e-16,7.34286436276508e-05,412.0,1.6365772565947243e-16
FL-2005-000132-MKD,FL_2005_000132_MKD,1.5757241000000002e-16,9.451202629454322e-05,368.0,1.5799485613941022e-16
FL-2008-000231-PAN,FL_2008_000231_PAN,1.1822176e-16,3.0011189436616e-05,672.0,1.183963859379616e-16
FL-2020-000185-PAK,FL_2020_000185_PAK,1.0828229600000001e-16,0.0001150490236917,313.0,1.0862280636477989e-16
FL-2003-000359-PAK,FL_2003_000359_PAK,9.538465000000001e-17,2.623522130282008e-06,1126.0,9.546898656056587e-17
FL-2018-000112-GEO,FL_2018_000112_GEO,8.134321000000001e-17,2.6894211372504e-05,705.0,8.145777790140846e-17
FL-2010-000072-RUS,FL_2010_000072_RUS,8.0512076e-17,1.2633653527239824e-05,873.0,8.060377540318907e-17
FF-2014-000015-ZWE,FF_2014_000015_ZWE,3.9814787000000003e-17,3.478388701223912e-06,1105.0,3.985065617747748e-17
FL-2011-000059-CHN,FL_2011_000059_CHN,3.5608938e-17,5.24324148339014e-05,502.0,3.567917259171597e-17
FL-2022-000331-SLV,FL_2022_000331_SLV,3.4562207e-17,1.8606475466363404e-06,1147.0,3.4592208915798614e-17
FL-2010-000091-VNM,FL_2010_000091_VNM,2.9763e-17,0.0002677101553154,146.0,2.99601059602649e-17
FL-2015-000146-DZA,FL_2015_000146_DZA,2.9388463e-17,2.432281472010771e-05,730.0,2.942844730340136e-17
FL-2005-000017-VEN,FL_2005_000017_VEN,2.1765488e-17,2.201149042871766e-05,752.0,2.1794240295904887e-17
FL-2002-000263-CRI,FL_2002_000263_CRI,2.1364699e-17,1.1218003452917502e-05,904.0,2.1388202519251926e-17
FL-2007-000126-PRK,FL_2007_000126_PRK,2.0761674e-17,9.91730086540732e-06,933.0,2.0783807980810235e-17
FL-2005-000117-GTM,FL_2005_000117_GTM,1.5627639e-17,9.728361699991997e-06,942.0,1.5644141258711718e-17
FL-2001-000376-PAK,FL_2001_000376_PAK,1.1095466e-17,1.5403730992537522e-05,825.0,1.11088340313253e-17
FL-2010-000120-BRA,FL_2010_000120_BRA,1.0181701e-17,8.688060687805256e-06,970.0,1.019214377025641e-17
FL-2010-000051-KAZ,FL_2010_000051_KAZ,8.788758e-18,2.5441752667358617e-05,715.0,8.800964608333332e-18
FL-2009-000095-TJK,FL_2009_000095_TJK,8.382380000000001e-18,2.4707700572349423e-05,724.0,8.393878463648835e-18
FL-2018-000058-COL,FL_2018_000058_COL,6.091997e-18,1.096727235923127e-06,1173.0,6.097168474533107e-18
FL-2010-000194-VNM,FL_2010_000194_VNM,4.936021e-18,0.0021713647661355,14.0,5.1958115789473685e-18
FL-2013-000116-NGA,FL_2013_000116_NGA,3.1530598999999997e-18,2.9902880743745123e-05,673.0,3.1577104308259582e-18
FL-2005-000166-CRI,FL_2005_000166_CRI,3.0676736999999998e-18,1.8309889015449063e-05,790.0,3.0715324090566036e-18
FL-2001-000485-KHM,FL_2001_000485_KHM,1.7703765999999998e-18,0.0001088247980927,333.0,1.7756144005917156e-18
FL-2003-000212-AZE,FL_2003_000212_AZE,1.6844535999999998e-18,0.0006201774210332,49.0,1.715647185185185e-18
FL-1997-000530-PER,FL_1997_000530_PER,1.411253e-18,3.510890859204453e-05,630.0,1.4134754456692914e-18
FL-2010-000162-HND,FL_2010_000162_HND,1.281184e-18,3.261400206014969e-05,649.0,1.283142996941896e-18
FL-2002-000470-VNM,FL_2002_000470_VNM,8.712934e-19,0.0021557104903979,15.0,9.148580700000001e-19
FF-2012-000102-PHL,FF_2012_000102_PHL,7.6805033e-19,1.6101556248793707e-05,813.0,7.689892668337408e-19
FL-2009-000113-CHN,FL_2009_000113_CHN,5.8825177e-19,8.960247663990636e-05,380.0,5.897796966753246e-19
FL-2016-000011-TZA,FL_2016_000011_TZA,1.9519549999999999e-19,3.184526332826616e-06,1112.0,1.9537024977618618e-19
FL-2006-000045-HUN,FL_2006_000045_HUN,1.6740249e-19,1.2185091129225805e-05,882.0,1.6759121885005637e-19
FF-2008-000123-PAK,FF_2008_000123_PAK,1.4681047e-19,4.675538519898566e-05,538.0,1.4708083918968693e-19
FL-2012-000071-NPL,FL_2012_000071_NPL,7.746414e-20,8.097778003168961e-10,1219.0,7.752742769607843e-20
FL-2016-000081-GTM,FL_2016_000081_GTM,3.8282635999999996e-20,9.59038263237859e-05,363.0,3.838666490217391e-20
FL-1998-000221-NPL,FL_1998_000221_NPL,2.4686233e-20,1.3035304304754727e-05,863.0,2.4714673360599078e-20
FL-2005-000081-CHN,FL_2005_000081_CHN,1.5503627e-20,1.866282340490401e-05,787.0,1.5523202286616162e-20
FL-2021-000204-BRA,FL_2021_000204_BRA,8.508148e-21,0.0004306089241669,81.0,8.607079953488372e-21
FL-2009-000219-NPL,FL_2009_000219_NPL,7.595536e-21,1.0114488195443432e-05,929.0,7.603668265524624e-21
FL-2021-000007-SYR,FL_2021_000007_SYR,6.6940112e-21,0.000101218287313,350.0,6.712867569577465e-21
FF-2020-000138-TJK,FF_2020_000138_TJK,5.9190726e-21,2.519958715320884e-05,720.0,5.9272368380689655e-21
FL-2006-000121-MKD,FL_2006_000121_MKD,2.3441123e-21,1.0471470065767188e-05,918.0,2.3466519666305524e-21
FL-2019-000093-NGA,FL_2019_000093_NGA,2.234173e-21,7.636625927899922e-06,999.0,2.2363982719123505e-21
FL-1999-000350-CRI,FL_1999_000350_CRI,1.1111517000000001e-21,1.760420265154243e-05,800.0,1.1125320126708076e-21
FL-2020-000029-TZA,FL_2020_000029_TZA,1.0890412e-21,9.39823467416324e-06,949.0,1.090182752620545e-21
FL-2011-000123-RUS,FL_2011_000123_RUS,4.242376e-22,0.0007437222129176,39.0,4.338793636363637e-22
FL-1993-000013-PHL,FL_1993_000013_PHL,1.9074234e-22,7.5626970631639e-05,406.0,1.9120643328467157e-22
ST-2012-000061-VNM,ST_2012_000061_VNM,1.1138092e-22,0.0004693004873563,72.0,1.1282742545454544e-22
FL-2018-000046-RUS,FL_2018_000046_RUS,4.3829005e-23,0.0001408867901363,268.0,4.39895508058608e-23
FL-2009-000121-CZE,FL_2009_000121_CZE,2.1573072e-23,1.1734257217022904e-06,1171.0,2.1591416448979593e-23
FL-1997-000265-SOM,FL_1997_000265_SOM,1.0679933e-23,2.6578125554936208e-05,708.0,1.0694911868162693e-23
FL-2020-000196-NGA,FL_2020_000196_NGA,7.5333755e-24,0.0002684574789313,145.0,7.583598003333333e-24
FL-2004-000031-CHN,FL_2004_000031_CHN,3.4804287000000004e-24,0.0001150367988811,314.0,3.4913391347962386e-24
FL-2010-000031-PRT,FL_2010_000031_PRT,1.7869845e-24,0.000112224399348,321.0,1.7924660475460123e-24
FF-2018-000041-SOM,FF_2018_000041_SOM,8.257002699999999e-25,0.0002805337868081,138.0,8.314743977622378e-25
FL-2022-000271-NGA,FL_2022_000271_NGA,6.8438185e-25,6.17359860183674e-05,461.0,6.858504805793991e-25
FL-2018-000043-TZA,FL_2018_000043_TZA,2.5263948e-25,3.319459709226158e-05,643.0,2.530293557407407e-25
FL-2005-000182-IND,FL_2005_000182_IND,2.5397492e-26,0.0003951365728011,89.0,2.5667678085106385e-26
FF-2007-000082-PAK,FF_2007_000082_PAK,1.6608317e-26,0.0001270183184389,291.0,1.6664426179054053e-26
FF-2007-000070-CHN,FF_2007_000070_CHN,1.6544875000000002e-26,4.12805800221872e-05,580.0,1.657315683760684e-26
FF-2005-000072-TJK,FF_2005_000072_TJK,5.5014180000000004e-27,5.112277531141234e-05,514.0,5.512018034682081e-27
FL-2002-000125-ECU,FL_2002_000125_ECU,5.809378e-28,1.800347070930868e-05,795.0,5.8166397225e-28
FL-2011-000061-DOM,FL_2011_000061_DOM,1.7013848999999998e-29,3.35209753506622e-05,641.0,1.7040186227554179e-29
FF-2020-000191-AFG,FF_2020_000191_AFG,5.2250205e-34,4.484861610853053e-05,549.0,5.234451944945848e-34
FL-2008-000187-BDI,FL_2008_000187_BDI,2.3213635e-34,8.067164731395431e-05,395.0,2.3271669087499998e-34
FL-2013-000068-CZE,FL_2013_000068_CZE,4.3734617e-35,4.844359005534119e-07,1200.0,4.37709112879668e-35
FL-2019-000145-TZA,FL_2019_000145_TZA,0.0,3.5610402281607744e-05,626.0,0.0
FF-2021-000098-MNG,FF_2021_000098_MNG,0.0,5.023596520264155e-06,1056.0,0.0
FL-2007-000106-IDN,FL_2007_000106_IDN,0.0,5.22176283038811e-06,1046.0,0.0
FL-2017-000017-PAK,FL_2017_000017_PAK,0.0,1.2595065711223694e-05,874.0,0.0
FL-2015-000017-PAK,FL_2015_000017_PAK,0.0,1.9869743070957747e-05,775.0,0.0
FL-2005-000048-AFG,FL_2005_000048_AFG,0.0,0.0001691740909912,230.0,0.0
FL-2005-000062-TZA,FL_2005_000062_TZA,0.0,5.661469720148768e-05,483.0,0.0
FL-2012-000066-COM,FL_2012_000066_COM,0.0,6.642120867019948e-05,441.0,0.0
FL-2014-000053-TZA,FL_2014_000053_TZA,0.0,0.0003726757778955,98.0,0.0
FL-2016-000066-PAK,FL_2016_000066_PAK,0.0,5.37114206544501e-05,493.0,0.0
FL-2020-000050-AFG,FL_2020_000050_AFG,0.0,3.9022663734204e-05,593.0,0.0
FL-2012-000013-ECU,FL_2012_000013_ECU,0.0,2.8519730105520582e-05,688.0,0.0
FL-2015-000151-BLZ,FL_2015_000151_BLZ,0.0,3.650970898643479e-05,612.0,0.0
FL-2004-000028-DOM,FL_2004_000028_DOM,0.0,8.029586486713882e-06,986.0,0.0
FF-2021-000189-BIH,FF_2021_000189_BIH,0.0,2.2288443747546145e-07,1211.0,0.0
FL-2006-000065-TZA,FL_2006_000065_TZA,0.0,8.397886512971457e-05,389.0,0.0
FL-2007-000107-TLS,FL_2007_000107_TLS,0.0,7.721764472910137e-05,400.0,0.0
FF-2014-000060-AFG,FF_2014_000060_AFG,0.0,5.154351383411286e-05,512.0,0.0
FL-2011-000038-KAZ,FL_2011_000038_KAZ,0.0,0.0001571344771493,253.0,0.0
FL-2012-000198-PAN,FL_2012_000198_PAN,0.0,8.172955398723691e-07,1181.0,0.0
FL-2013-000011-ZWE,FL_2013_000011_ZWE,0.0,0.000502541355445,63.0,0.0
FL-1997-000166-ROM,FL_1997_000166_ROM,0.0,0.0001473821938316,259.0,0.0
FL-2022-000190-TUN,FL_2022_000190_TUN,0.0,2.0063869540696883e-05,773.0,0.0
FL-2020-000125-TZA,FL_2020_000125_TZA,0.0,8.876145357056977e-06,962.0,0.0
FL-1999-000233-SVK,FL_1999_000233_SVK,0.0,4.630698509127448e-06,1069.0,0.0
FF-2008-000178-DZA,FF_2008_000178_DZA,0.0,0.0007848143297721,34.0,0.0
FL-2009-000203-USA,FL_2009_000203_USA,0.0,7.634235049818231e-05,403.0,0.0
FL-2003-000571-DOM,FL_2003_000571_DOM,0.0,4.755816945675927e-06,1066.0,0.0
FL-2006-000192-IDN,FL_2006_000192_IDN,0.0,8.50143123098029e-05,388.0,0.0
FL-2002-000325-JAM,FL_2002_000325_JAM,0.0,0.0002182104406723,179.0,0.0
FF-2006-000163-AFG,FF_2006_000163_AFG,0.0,8.117428435043543e-06,984.0,0.0
FL-2009-000242-IRQ,FL_2009_000242_IRQ,0.0,6.494698545984782e-06,1021.0,0.0
FL-2021-000190-EGY,FL_2021_000190_EGY,0.0,4.829478095268157e-05,531.0,0.0
FL-2009-000124-VNM,FL_2009_000124_VNM,0.0,8.2537563167096e-06,982.0,0.0
FL-2010-000141-PAK,FL_2010_000141_PAK,0.0,0.0001400757672452,270.0,0.0
FL-2006-000056-AFG,FL_2006_000056_AFG,0.0,0.0001596946242971,246.0,0.0
FL-2017-000126-NGA,FL_2017_000126_NGA,0.0,1.207687167635449e-05,884.0,0.0
FL-1997-000049-TZA,FL_1997_000049_TZA,0.0,8.871323812347876e-05,383.0,0.0
FF-2013-000113-ROM,FF_2013_000113_ROM,0.0,5.9550155803923e-06,1035.0,0.0
FL-2015-000040-SOM,FL_2015_000040_SOM,0.0,0.0002069908744713,192.0,0.0
FL-2009-000192-MEX,FL_2009_000192_MEX,0.0,1.821612427171588e-05,791.0,0.0
FL-2016-000021-PAK,FL_2016_000021_PAK,0.0,1.1636572773026584e-05,896.0,0.0
FL-2006-000023-DZA,FL_2006_000023_DZA,0.0,0.0007485804704245,37.0,0.0
FL-2008-000170-DOM,FL_2008_000170_DOM,0.0,1.0870749802656655e-05,910.0,0.0
FF-2022-000278-MNG,FF_2022_000278_MNG,0.0,6.839335055240832e-06,1015.0,0.0
FF-2021-000032-TLS,FF_2021_000032_TLS,0.0,1.3143505360406631e-05,858.0,0.0
FL-2005-000110-BIH,FL_2005_000110_BIH,0.0,1.2314610016223966e-07,1214.0,0.0
FL-2006-000164-TZA,FL_2006_000164_TZA,0.0,4.527762763338525e-05,544.0,0.0
FL-2001-000620-DZA,FL_2001_000620_DZA,0.0,5.891772435310599e-05,474.0,0.0
FL-2009-000080-AFG,FL_2009_000080_AFG,0.0,1.8098172488112703e-05,793.0,0.0
FL-2016-000061-RUS,FL_2016_000061_RUS,0.0,0.0006962660910641,46.0,0.0
FL-2010-000121-DOM,FL_2010_000121_DOM,0.0,0.0004821110206836,68.0,0.0
FF-2007-000081-NPL,FF_2007_000081_NPL,0.0,1.7354667423097699e-07,1212.0,0.0
FL-2005-000098-BGR,FL_2005_000098_BGR,0.0,2.0620885005534944e-05,766.0,0.0
FL-2001-000696-BRA,FL_2001_000696_BRA,0.0,1.3021257610297709e-05,866.0,0.0
ST-2012-000077-CHN,ST_2012_000077_CHN,0.0,0.0001067631956559,339.0,0.0
FL-2010-000036-CYP,FL_2010_000036_CYP,0.0,1.1846566869307711e-06,1169.0,0.0
FF-2020-000240-ZMB,FF_2020_000240_ZMB,0.0,1.0399094090250671e-05,920.0,0.0
FL-2002-000478-PRK,FL_2002_000478_PRK,0.0,4.263007556845821e-05,569.0,0.0
FL-2006-000158-PRK,FL_2006_000158_PRK,0.0,2.322957216716881e-05,739.0,0.0
FL-1999-000651-CHN,FL_1999_000651_CHN,0.0,0.0001181069382118,307.0,0.0
FL-2009-000140-MNG,FL_2009_000140_MNG,0.0,4.201324118705441e-05,574.0,0.0
FL-2009-000031-DOM,FL_2009_000031_DOM,0.0,1.4600318785118946e-06,1160.0,0.0
FL-1999-000371-IND,FL_1999_000371_IND,0.0,4.831574082393253e-05,530.0,0.0
FL-2008-000198-BLZ,FL_2008_000198_BLZ,0.0,8.005053516329819e-07,1182.0,0.0
FL-2002-000242-AFG,FL_2002_000242_AFG,0.0,0.0001739267461876,222.0,0.0
FL-2018-000092-MNG,FL_2018_000092_MNG,0.0,4.874692634912748e-06,1062.0,0.0
FL-2005-000150-NGA,FL_2005_000150_NGA,0.0,2.633831390348013e-05,709.0,0.0
FL-2007-000035-AFG,FL_2007_000035_AFG,0.0,4.568091596418995e-06,1071.0,0.0
FL-2020-000038-EGY,FL_2020_000038_EGY,0.0,9.2855369547758e-06,952.0,0.0
FL-2010-000026-DOM,FL_2010_000026_DOM,0.0,0.0003826659489605,95.0,0.0
FL-2007-000054-AFG,FL_2007_000054_AFG,0.0,7.0426281431445295e-06,1007.0,0.0
FL-1998-000193-ROM,FL_1998_000193_ROM,0.0,1.0606734707422397e-06,1177.0,0.0
FL-2011-000109-PAK,FL_2011_000109_PAK,0.0,2.098880588339728e-05,765.0,0.0
FL-2014-000073-RUS,FL_2014_000073_RUS,0.0,3.405409654687629e-05,638.0,0.0
FL-2007-000200-MEX,FL_2007_000200_MEX,0.0,3.128603000383837e-05,659.0,0.0
FL-2014-000004-COL,FL_2014_000004_COL,0.0,3.597884408695034e-05,620.0,0.0
FL-2009-000251-SAU,FL_2009_000251_SAU,0.0,0.0001094002040628,332.0,0.0
FL-2021-000039-BDI,FL_2021_000039_BDI,0.0,9.545824263886712e-05,364.0,0.0
FF-2009-000204-TUN,FF_2009_000204_TUN,0.0,1.7776924379223933e-05,796.0,0.0
FL-2002-000479-CZE,FL_2002_000479_CZE,0.0,4.567315148131697e-06,1072.0,0.0
FL-2003-000350-MNG,FL_2003_000350_MNG,0.0,1.559318911574129e-05,821.0,0.0
FL-2011-000164-CAF,FL_2011_000164_CAF,0.0,0.0002841452806189,136.0,0.0
FL-2022-000312-BGR,FL_2022_000312_BGR,0.0,1.6986905941052745e-06,1153.0,0.0
FL-2000-000187-ROM,FL_2000_000187_ROM,0.0,5.122768220262249e-07,1194.0,0.0
FL-2006-000034-ECU,FL_2006_000034_ECU,0.0,7.176673309067502e-06,1003.0,0.0
FL-2017-000052-RUS,FL_2017_000052_RUS,0.0,0.0002119559081047,186.0,0.0
FL-2009-000139-PAK,FL_2009_000139_PAK,0.0,2.0425062706553063e-05,767.0,0.0
FL-2008-000032-KAZ,FL_2008_000032_KAZ,0.0,7.859463268226486e-06,991.0,0.0
FL-2011-000183-TZA,FL_2011_000183_TZA,0.0,6.909911374415102e-05,429.0,0.0
FL-2007-000176-CRI,FL_2007_000176_CRI,0.0,2.3751280378797135e-05,736.0,0.0
FL-2015-000153-IRQ,FL_2015_000153_IRQ,0.0,0.0002452878338277,160.0,0.0
FF-2014-000009-TZA,FF_2014_000009_TZA,0.0,0.0002163628847678,180.0,0.0
FL-2007-000155-ROM,FL_2007_000155_ROM,0.0,5.050050116486934e-06,1054.0,0.0
FF-2010-000204-LCA,FF_2010_000204_LCA,0.0,2.718381932586942e-07,1207.0,0.0
FL-2013-000081-PRK,FL_2013_000081_PRK,0.0,2.0443914350314e-06,1139.0,0.0
FL-1997-000522-MDA,FL_1997_000522_MDA,0.0,4.399247780883479e-05,555.0,0.0
FL-2012-000164-CAF,FL_2012_000164_CAF,0.0,0.0001135536192422,319.0,0.0
FL-2004-000036-MKD,FL_2004_000036_MKD,0.0,3.949093570586286e-06,1092.0,0.0
FL-2010-000153-PRK,FL_2010_000153_PRK,0.0,2.20692491888377e-05,751.0,0.0
FL-2019-000030-IRQ,FL_2019_000030_IRQ,0.0,6.827452678287608e-06,1016.0,0.0
FL-2013-000045-AFG,FL_2013_000045_AFG,0.0,3.5587147640451754e-05,627.0,0.0
FL-2022-000362-LCA,FL_2022_000362_LCA,0.0,1.7524192901697657e-05,801.0,0.0
FL-2019-000011-IDN,FL_2019_000011_IDN,0.0,3.3054284466720645e-05,645.0,0.0
FL-2007-000077-CHN,FL_2007_000077_CHN,0.0,3.90122604813131e-05,594.0,0.0
FL-2008-000010-BRA,FL_2008_000010_BRA,0.0,3.438204897113301e-05,637.0,0.0
FL-2009-000034-MAR,FL_2009_000034_MAR,0.0,0.0001179691499959,309.0,0.0
FL-2005-000108-PAK,FL_2005_000108_PAK,0.0,1.3693961877329969e-05,845.0,0.0
FL-1992-000008-PAK,FL_1992_000008_PAK,0.0,0.0004167623684544,84.0,0.0
FL-2013-000119-MRT,FL_2013_000119_MRT,0.0,0.0005911755058112,54.0,0.0
FL-2016-000114-EGY,FL_2016_000114_EGY,0.0,1.2239568954368308e-05,881.0,0.0
FL-2003-000647-TLS,FL_2003_000647_TLS,0.0,3.053111436761447e-06,1114.0,0.0
FL-2011-000096-PRK,FL_2011_000096_PRK,0.0,7.256431419513927e-05,416.0,0.0
FF-2014-000048-KAZ,FF_2014_000048_KAZ,0.0,1.45746724701531e-06,1162.0,0.0
FL-2003-000331-CHN,FL_2003_000331_CHN,0.0,5.669795566220216e-06,1037.0,0.0
FL-2012-000068-DOM,FL_2012_000068_DOM,0.0,4.566444452320016e-05,541.0,0.0
FL-2013-000141-SOM,FL_2013_000141_SOM,0.0,0.0001519820594835,256.0,0.0
FL-2002-000026-SEN,FL_2002_000026_SEN,0.0,7.173865642739356e-06,1004.0,0.0
FL-2011-000137-VNM,FL_2011_000137_VNM,0.0,1.5883214145688778e-05,819.0,0.0
FL-2006-000071-ROM,FL_2006_000071_ROM,0.0,4.96344137593268e-07,1197.0,0.0
FL-2002-000607-ALB,FL_2002_000607_ALB,0.0,4.8052523597412816e-05,532.0,0.0
FL-2004-000094-CHN,FL_2004_000094_CHN,0.0,0.0001109678591012,325.0,0.0
FF-2020-000168-MNG,FF_2020_000168_MNG,0.0,4.24296934554662e-06,1085.0,0.0
FL-2004-000022-AFG,FL_2004_000022_AFG,0.0,4.837585424371708e-05,529.0,0.0
FL-1998-000272-PRK,FL_1998_000272_PRK,0.0,2.2565828280419663e-05,747.0,0.0
FL-2004-000063-PRK,FL_2004_000063_PRK,0.0,2.987009401214546e-05,674.0,0.0
FL-2014-000122-PAK,FL_2014_000122_PAK,0.0,0.0001232845333773,297.0,0.0
FL-2022-000378-BIH,FL_2022_000378_BIH,0.0,2.599201620562752e-05,711.0,0.0
FL-2019-000181-IDN,FL_2019_000181_IDN,0.0,6.69837732513268e-05,437.0,0.0
FL-2008-000011-TZA,FL_2008_000011_TZA,0.0,4.317898597207484e-05,561.0,0.0
FF-2013-000090-PAK,FF_2013_000090_PAK,0.0,2.8402758489923915e-05,690.0,0.0
FL-1998-000247-IRN,FL_1998_000247_IRN,0.0,6.654871451638091e-06,1018.0,0.0
FL-1997-000111-ARM,FL_1997_000111_ARM,0.0,4.946248839150646e-07,1198.0,0.0
FL-2008-000230-CUB,FL_2008_000230_CUB,0.0,0.000168595519191,233.0,0.0
FL-2016-000130-VCT,FL_2016_000130_VCT,0.0,0.0002479055806226,158.0,0.0
FL-1999-000349-SLV,FL_1999_000349_SLV,0.0,5.515306147168002e-05,488.0,0.0
FL-2002-000540-DZA,FL_2002_000540_DZA,0.0,0.0004576479987866,76.0,0.0
FL-1998-000112-TZA,FL_1998_000112_TZA,0.0,0.000108775346505,334.0,0.0
FL-2006-000018-IRQ,FL_2006_000018_IRQ,0.0,1.3474294928522678e-05,854.0,0.0
FF-2019-000018-AFG,FF_2019_000018_AFG,0.0,1.6538541938644514e-05,807.0,0.0
FL-2009-000100-DOM,FL_2009_000100_DOM,0.0,3.923240680824371e-05,592.0,0.0
FF-2008-000072-CHN,FF_2008_000072_CHN,0.0,0.00018126473837,217.0,0.0
FL-2012-000009-FJI,FL_2012_000009_FJI,0.0,1.7290517898230525e-05,803.0,0.0
FL-2003-000293-TLS,FL_2003_000293_TLS,0.0,3.732793560775602e-05,606.0,0.0
FL-2016-000123-DOM,FL_2016_000123_DOM,0.0,5.175036137383343e-06,1048.0,0.0
FL-2010-000096-IDN,FL_2010_000096_IDN,0.0,3.0549296503325176e-06,1113.0,0.0
FF-2012-000115-RUS,FF_2012_000115_RUS,0.0,1.1122109660025892e-05,906.0,0.0
FL-2019-000160-COG,FL_2019_000160_COG,0.0,0.0018096178434573,21.0,0.0
FL-2019-000136-SLV,FL_2019_000136_SLV,0.0,0.0001662683099367,239.0,0.0
FL-2010-000249-IND,FL_2010_000249_IND,0.0,6.427243189856125e-05,450.0,0.0
FL-2021-000023-DZA,FL_2021_000023_DZA,0.0,0.0001444558726954,264.0,0.0
FL-2005-000111-ROM,FL_2005_000111_ROM,0.0,2.7437493058785003e-06,1121.0,0.0
FL-2000-000083-ZWE,FL_2000_000083_ZWE,0.0,3.331631219878778e-05,642.0,0.0
FL-2019-000051-LBY,FL_2019_000051_LBY,0.0,0.0001098015143301,330.0,0.0
FL-2007-000111-GBR,FL_2007_000111_GBR,0.0,7.992344646500042e-06,987.0,0.0
FL-2006-000001-IDN,FL_2006_000001_IDN,0.0,7.111484944569466e-05,417.0,0.0
FL-2019-000048-TZA,FL_2019_000048_TZA,0.0,0.0002344764891699,167.0,0.0
FL-2014-000163-COL,FL_2014_000163_COL,0.0,3.164638274173472e-05,657.0,0.0
FL-2009-000136-BIH,FL_2009_000136_BIH,0.0,3.0472421410820128e-05,668.0,0.0
FL-2007-000051-TUN,FL_2007_000051_TUN,0.0,4.251651595397962e-05,570.0,0.0
FL-2012-000153-IDN,FL_2012_000153_IDN,0.0,0.0005122948157054,61.0,0.0
FL-2012-000050-AFG,FL_2012_000050_AFG,0.0,0.0001041391602719,345.0,0.0
FL-2011-000196-IDN,FL_2011_000196_IDN,0.0,2.1190611102837803e-05,763.0,0.0
FL-2000-000302-CHN,FL_2000_000302_CHN,0.0,0.0001233025238633,296.0,0.0
FL-2007-000206-COG,FL_2007_000206_COG,0.0,0.000670739865026,48.0,0.0
FL-2000-000038-PHL,FL_2000_000038_PHL,0.0,5.900602753688107e-05,473.0,0.0
FL-1998-000048-PAK,FL_1998_000048_PAK,0.0,0.0002632139742469,150.0,0.0
