kg_event_id,original_id,kg_similarity_score,kg_likelihood,kg_prior,kg_bayesian_score
FL-2022-000265-YEM,FL-2022-000265-YEM,1.0000000000000004,1.0000000000000044,1.135758587937564,1.1357585879375691
FL-2005-000070-YEM,FL-2005-000070-YEM,0.692397613531688,0.02532535975364573,1.0139259017870548,0.025678038226296832
FL-2008-000201-YEM,FL-2008-000201-YEM,0.6681058721432583,0.01771955817663065,1.0616963805348374,0.018812790780805246
FL-2021-000110-YEM,FL-2021-000110-YEM,0.6419816347327525,0.011891209844236857,1.1524258360621629,0.013703737446535282
FF-2016-000034-YEM,FF-2016-000034-YEM,0.644968694356411,0.012456222366402432,1.0241076022751958,0.01275651202106306
FF-2019-000054-YEM,FF-2019-000054-YEM,0.6271003315187865,0.009405249127020723,1.2008192634195207,0.011294004328986114
FL-2013-000103-YEM,FL-2013-000103-YEM,0.5925233240980248,0.005334018356505252,1.2259024872779882,0.006538986370426235
FL-1999-000548-YEM,FL-1999-000548-YEM,0.5992237912394263,0.005968847459255419,0.8676218575905326,0.005178702520273717
FL-2015-000110-ARG,FL-2015-000110-ARG,0.5734628192393326,0.0038463841326461345,1.2876324492768365,0.004952729021578703
FL-2018-000360-RUS,FL-2018-000360-RUS,0.5791687520198485,0.004246696484429287,1.1355339540901048,0.004822268050784536
FL-2015-000053-CAF,FL-2015-000053-CAF,0.5601648687271484,0.0030419963001161194,1.200744524918978,0.0036526604021882188
Yemen: Floods - Feb 1993,Yemen: Floods - Feb 1993,0.5709572377674965,0.003681593434363817,0.9108992485616124,0.003353560692871367
FL-2021-000043-YEM,FL-2021-000043-YEM,0.5578089275054507,0.0029164504814716582,0.9940613442321855,0.0028991306859983213
FL-2006-000155-LKA,FL-2006-000155-LKA,0.5323817995424788,0.0018290770432913732,1.2787797130194554,0.0023389866165106164
FL-2010-000194-VNM,FL-2010-000194-VNM,0.5280295934731256,0.0016849329874641069,1.288695029588998,0.002171364766135536
FL-2002-000470-VNM,FL-2002-000470-VNM,0.5292021601544235,0.0017227255017645171,1.2513371910904603,0.0021557104903979145
FL-2020-000199-MRT,FL-2020-000199-MRT,0.5448720732534982,0.002306457691095872,0.8999640370776387,0.00207572897502741
FF-2012-000196-COG,FF-2012-000196-COG,0.5413066774177541,0.002159900995736454,0.9546774198450808,0.002062008709730499
FF-2006-000039-YEM,FF-2006-000039-YEM,0.5417908535523661,0.002179298352419404,0.9450246075942967,0.002059490570326045
FL-2007-000159-RWA,FL-2007-000159-RWA,0.5372306442657349,0.0020026625368714285,0.9770683724629499,0.001956738225493489
FF-2006-000022-TLS,FF-2006-000022-TLS,0.5243926805461344,0.001572411501881257,1.1802888753635958,0.0018558998031642114
FL-2019-000160-COG,FL-2019-000160-COG,0.5213809402612244,0.0014844019267555813,1.2190888537934883,0.0018096178434573072
FL-2024-000059-YEM,FL-2024-000059-YEM,0.5200373720787304,0.001446590304166176,1.0930394963322032,0.0015811803374648455
FL-2008-000182-RWA,FL-2008-000182-RWA,0.5240228202649293,0.001561356233671179,0.99098155542331,0.0015472752290133461
FL-2012-000172-MLI,FL-2012-000172-MLI,0.5248310804880973,0.0015856066567432338,0.9191592364455828,0.001457425003915144
FL-2010-000041-SOM,FL-2010-000041-SOM,0.5096531144334102,0.0011823520938659448,1.120673451219893,0.0013250306015898153
FL-2012-000210-MWI,FL-2012-000210-MWI,0.5102152509128159,0.0011954581034044744,1.055907660515866,0.0012622933692105526
FF-2020-000123-YEM,FF-2020-000123-YEM,0.5065443584159633,0.001112179352273982,1.082595733416551,0.0012040406215657962
FL-1999-000259-KHM,FL-1999-000259-KHM,0.4979177066921651,0.0009366464837030998,1.280488038773529,0.0011993646189411044
FL-2012-000067-RWA,FL-2012-000067-RWA,0.5063868830064522,0.0011087266223689946,1.0464774403141628,0.001160257397784873
FF-2023-000051-KEN,FF-2023-000051-KEN,0.5118903058100852,0.0012352903521073947,0.9345216780382686,0.0011544056127158861
FL-1997-000177-MMR,FL-1997-000177-MMR,0.5051645994031981,0.0010822537203815043,0.9561349496906492,0.0010347806064894874
FL-2013-000008-MOZ,FL-2013-000008-MOZ,0.5066504377855039,0.0011145106491475428,0.9158712312600213,0.0010207482404871657
FL-2012-000157-CMR,FL-2012-000157-CMR,0.49727782449767743,0.0009246788586592536,1.1008538293751604,0.001017936262497292
FL-2018-000014-ARG,FL-2018-000014-ARG,0.494718370511392,0.0008781735946424287,1.1137801849313482,0.000978092348642671
FL-2010-000240-VEN,FL-2010-000240-VEN,0.48612711263627717,0.0007370525199921832,1.3225182541317935,0.000974765411943501
FF-2008-000178-DZA,FF-2008-000178-DZA,0.48371356576293256,0.0007012658230842466,1.1191395672477698,0.0007848143297721548
FL-2024-000022-PER,FL-2024-000022-PER,0.48615423175239625,0.0007374637957858743,1.0537115612771992,0.0007770741276429432
FL-1994-000007-VNM,FL-1994-000007-VNM,0.48408822355376524,0.0007067164113193685,1.0899814138986574,0.0007703077532352704
FL-2024-000045-KEN,FL-2024-000045-KEN,0.4872675596330197,0.0007545273509169996,1.0196971903586571,0.0007693894197788251
FL-2009-000198-BEN,FL-2009-000198-BEN,0.4866871304491451,0.0007455875075431198,1.0265844801221053,0.0007654085638166899
Gabon: Inondations - Nov 1988,Gabon: Inondations - Nov 1988,0.4962519485761449,0.0009057790064947046,0.8449363174492606,0.0007653255781704856
FL-2024-000048-URY,FL-2024-000048-URY,0.48820610998946296,0.0007691872980310121,0.9844872518135657,0.0007572550891684532
Algeria: Floods - Nov 1994,Algeria: Floods - Nov 1994,0.483408401829051,0.0006968542345844611,1.0762250844313983,0.0007499720074520391
FL-2006-000023-DZA,FL-2006-000023-DZA,0.4883802317000058,0.000771935058961037,0.9697453972774113,0.0007485804704245327
FL-2018-000077-CIV,FL-2018-000077-CIV,0.47770344424418903,0.0006188476207895056,1.2032024904610985,0.0007445989985498586
FL-2011-000123-RUS,FL-2011-000123-RUS,0.4878156067030134,0.0007630568686387728,0.9746615796072284,0.0007437222129176118
FL-2016-000045-ETH,FL-2016-000045-ETH,0.485323528110735,0.0007249590252071429,1.0095022581351816,0.0007318477730020907
FL-2000-000408-VNM,FL-2000-000408-VNM,0.4805175278417122,0.0006562847920643383,1.1142401773728954,0.0007312588831169021
FL-2015-000042-RWA,FL-2015-000042-RWA,0.4747715218640042,0.0005818976570413189,1.249561737281718,0.0007271170472527117
ST-2011-000073-CAF,ST-2011-000073-CAF,0.47877926844197893,0.0006329266291263965,1.1452772355910454,0.0007248764601378383
FF-2013-000088-AFG,FF-2013-000088-AFG,0.4787662155950749,0.0006327540969916671,1.1438540269668271,0.0007237783219236767
FL-2014-000107-MMR,FL-2014-000107-MMR,0.48596714986733036,0.0007346307967388379,0.9521660688837085,0.000699490517811726
FL-2016-000061-RUS,FL-2016-000061-RUS,0.49266472316170873,0.0008423928286506042,0.8265337350740463,0.0006962660910641749
FF-2023-000044-SOM,FF-2023-000044-SOM,0.48148311957818213,0.0006695926179093458,1.022945092337183,0.0006849564823555718
FL-2011-000063-HTI,FL-2011-000063-HTI,0.4758314241466565,0.0005950194973537384,1.148278435508363,0.0006832480575183233
Viet Nam: Floods - Oct 1995,Viet Nam: Floods - Oct 1995,0.4749599741161975,0.0005842115280420217,1.1585193691423241,0.0006768203709129162
FL-2007-000206-COG,FL-2007-000206-COG,0.4844981075446292,0.0007127231252812486,0.9410945726804741,0.0006707398650260487
China: Floods in Zhejiang Province - Aug 1988,name=China: Floods in Zhejiang Province - Aug 1988,0.47160546490943633,0.0005442372832967495,1.1830173894671492,0.0006438421701364139
Zambia: Floods - Apr 2004,Zambia: Floods - Apr 2004,0.48843390237777384,0.0007727837987253522,0.8301170229297365,0.0006415009863662221
FL-2003-000212-AZE,FL-2003-000212-AZE,0.47853559721381767,0.0006297127624613257,0.9848576335172745,0.0006201774210332869
FL-2008-000175-UGA,FL-2008-000175-UGA,0.4806130604682929,0.0006575907325939102,0.9427683053348588,0.000619955700571469
FL-2025-000036-ARG,FL-2025-000036-ARG,0.4645938330353715,0.00046852676704518906,1.314214219679874,0.0006157445395514273
FL-2018-000060-LKA,FL-2018-000060-LKA,0.47492955213803406,0.0005838374386561111,1.0416733122822366,0.0006081678785592884
FL-2010-000125-IND,FL-2010-000125-IND,0.4839292917239675,0.0007043996035420348,0.8556559783131277,0.000602723731892139
FF-2013-000029-SRB,FF-2013-000029-SRB,0.46869552884200105,0.0005115735777652453,1.161108725475724,0.0005939925448660601
FL-2013-000119-MRT,FL-2013-000119-MRT,0.46898595116599084,0.0005147523439254748,1.148465884201649,0.0005911755058112418
FL-2021-000108-SSD,FL-2021-000108-SSD,0.4710699214862981,0.0005380885462590466,1.0642062462831952,0.0005726371919823214
FL-2024-000117-COL,FL-2024-000117-COL,0.46454413975152975,0.00046802586865411625,1.2150525963145538,0.0005686760468505583
Brazil: Floods - Apr 1989,Brazil: Floods - Apr 1989,0.47281657185504294,0.0005583761992764676,1.0184196369495275,0.0005686612861483971
Togo: Floods - Oct 1995,Togo: Floods - Oct 1995,0.48329434642004154,0.000695211820815911,0.8151788237675379,0.0005667219543620026
FL-2005-000104-IND,FL-2005-000104-IND,0.4972266182948349,0.0009237271299425746,0.6116122238015762,0.0005649628041300256
India: Floods - Aug 1989,India: Floods - Aug 1989,0.4718952822131778,0.0005475910672167899,1.0282737934207815,0.0005630735439303427
FF-2011-000143-SSD,FF-2011-000143-SSD,0.4742072547860843,0.0005750186604870185,0.9738577503891034,0.0005599863791336435
FL-2019-000014-MWI,FL-2019-000014-MWI,0.46295090666855676,0.0004522196086354364,1.1917966025751183,0.0005389537931895628
1986-04-01T00:00:00+00:00,1986-04-01T00:00:00+00:00,0.4765382895644505,0.0006039180593127956,0.8870822721015816,0.0005357250042183725
1994-01-01T00:00:00+00:00,1994-01-01T00:00:00+00:00,0.47152156693040764,0.0005432698671884392,0.9792699859742091,0.0005320078752218333
FL-1997-000301-UGA,FL-1997-000301-UGA,0.47124477741501725,0.0005400892107826411,0.9567646009320045,0.0005167382382221349
FL-2013-000131-KHM,FL-2013-000131-KHM,0.4612084671571506,0.00043548451555810845,1.1821925826726243,0.0005148265641615769
FL-2012-000153-IDN,FL-2012-000153-IDN,0.46480771283173367,0.00047068814437265655,1.0883954096363029,0.0005122948157054288
FL-1998-000040-URY,FL-1998-000040-URY,0.46700107814222186,0.000493376922873323,1.0305409604819116,0.0005084451279774844
FL-2024-000064-RWA,FL-2024-000064-RWA,0.4552308594630004,0.00038222311364893163,1.3163910113884745,0.000503155071152369
FL-2013-000011-ZWE,FL-2013-000011-ZWE,0.4619667851259287,0.0004426979532739169,1.135178854405228,0.0005025413554450241
FL-2013-000087-MMR,FL-2013-000087-MMR,0.4717465343557432,0.000545867431482863,0.8995776132921189,0.0004910501211872532
FL-2000-000444-IND,FL-2000-000444-IND,0.48138235821714753,0.0006681926610112021,0.7306166341110584,0.00048819267292571594
FL-2020-000172-MMR,FL-2020-000172-MMR,0.47804668008909296,0.0006233085221042927,0.7811222104463353,0.00048688013057614357
FL-2009-000245-SRB,FL-2009-000245-SRB,0.46241825149310306,0.00044704338414467543,1.0840237655442986,0.00048460565264217743
FL-2010-000121-DOM,FL-2010-000121-DOM,0.4637266053996866,0.00045985417523207846,1.0483997898689967,0.00048211102068369187
FL-2012-000169-SEN,FL-2012-000169-SEN,0.46709891073933496,0.0004944114788191991,0.9642227294319949,0.0004767227855695571
FL-2012-000054-HTI,FL-2012-000054-HTI,0.467019846987314,0.0004935752476823002,0.9604428383587891,0.0004740508118276308
FL-2010-000067-BRA,FL-2010-000067-BRA,0.46301451138579997,0.00045284129636658454,1.0465567844150672,0.00047392413097576314
India-Manipur: Floods - Apr 2004,India-Manipur: Floods - Apr 2004,0.4983120724374657,0.0009440915010791754,0.5,0.0004720457505395877
ST-2012-000061-VNM,ST-2012-000061-VNM,0.44836745629610636,0.00032835287872203255,1.4292565034998714,0.0004693004873563696
India: Floods - Oct 1996,India: Floods - Oct 1996,0.4892336551068588,0.0007855308605704997,0.5918800598424082,0.0004649400527625258
FL-2002-000225-ETH,FL-2002-000225-ETH,0.4639533876631695,0.0004621080155832874,1.0009847442519026,0.00046256307379539117
FL-2021-000050-AFG,FL-2021-000050-AFG,0.45712474901216293,0.0003984257042238781,1.1586867556596938,0.0004616505865985941
FL-1999-000031-LKA,FL-1999-000031-LKA,0.46321848023802514,0.00045484012866739616,1.0064884283055866,0.00045779132623275835
FL-2002-000540-DZA,FL-2002-000540-DZA,0.4621843735928768,0.0004447875058910995,1.0289137907994723,0.0004576479987866538
FL-2019-000101-NER,FL-2019-000101-NER,0.45579135844940677,0.00038695536235260167,1.1793461107574137,0.00045635430162726653
FL-2021-000123-CAF,FL-2021-000123-CAF,0.4582787843504106,0.00040859921125075365,1.1137895613764779,0.00045509353627775175
FL-2007-000012-BOL,FL-2007-000012-BOL,0.46073946307698543,0.0004310762723035599,1.019120716977021,0.0004393187597017855
FL-2023-000241-TZA,FL-2023-000241-TZA,0.460985395788273,0.00043338279861235545,1.0126708213468447,0.00043887411462836817
FL-2022-000135-ZMB,FL-2022-000135-ZMB,0.45187379610058664,0.00035495359226893786,1.2189092023041321,0.00043265620000751723
FL-2021-000204-BRA,FL-2021-000204-BRA,0.4501047492498454,0.00034129973723323766,1.2616737641161433,0.0004306089241669096
FF-2008-000199-LKA,FF-2008-000199-LKA,0.4526248943930943,0.00036089790828098314,1.1763858573071313,0.0004245551952334748
Azerbaijan: Floods - Jun 1995,Azerbaijan: Floods - Jun 1995,0.46365012517896725,0.0004590963222604976,0.9175461452516915,0.00042124206078934795
Venezuela: Floods - Sep 1987,Venezuela: Floods - Sep 1987,0.46509469015718524,0.0004736023114604589,0.8875286831351606,0.00042033563582026924
FL-2013-000123-CMR,FL-2013-000123-CMR,0.46356721096945186,0.00045827598406606,0.9165585894511755,0.0004200367895349373
FL-1992-000008-PAK,FL-1992-000008-PAK,0.45701024046810634,0.0003974287826266311,1.0486466674608446,0.0004167623684544371
FL-2024-000055-SOM,FL-2024-000055-SOM,0.4550487945782086,0.0003806971999912498,1.0908371669471635,0.00041527865510317265
FL-2001-000549-GIN,FL-2001-000549-GIN,0.4566765661566221,0.0003945365735022547,1.0199342550969517,0.0004024013662035259
FL-2006-000124-UGA,FL-2006-000124-UGA,0.46260363432243723,0.0004488388114593504,0.8965169259333157,0.0004023915914890999
1985-06-01-ARG-Flood,1985-06-01-ARG-Flood,0.4625041932674535,0.00044787492246111695,0.8967196146811239,0.00040161822789467103
FL-2021-000049-RWA,FL-2021-000049-RWA,0.4454663194657963,0.00030771504993307755,1.2970626710434043,0.00039912570458645213
FL-2010-000239-MNE,FL-2010-000239-MNE,0.45805599810449277,0.0004066171992948965,0.9720464771371192,0.00039525081611796605
FL-2005-000182-IND,FL-2005-000182-IND,0.4746575088149646,0.0005805017797651668,0.6806810703680618,0.00039513657280111864
FL-2009-000187-CIV,FL-2009-000187-CIV,0.45051968602745024,0.00034445915173841565,1.1423006536672147,0.00039347591419244647
Viet Nam: Floods - Oct 1996,Viet Nam: Floods - Oct 1996,0.44699938042973847,0.00031847050145802816,1.2349455247629835,0.0003932937205446151
FL-2015-000024-ARG,FL-2015-000024-ARG,0.45144196358473837,0.0003515760339589706,1.1150032385892976,0.0003920084164746331
FL-2006-000171-HTI,FL-2006-000171-HTI,0.45316737406184315,0.00036524674256469556,1.0599993219511736,0.00038716129946345215
FL-2005-000094-AFG,FL-2005-000094-AFG,0.4513706129433075,0.00035102076121495414,1.1022905778568743,0.0003869268777193917
FL-2012-000037-PSE,FL-2012-000037-PSE,0.4446063351284483,0.0003018258734009143,1.2782164281084545,0.0003857987898092312
FL-2010-000026-DOM,FL-2010-000026-DOM,0.453107288372289,0.00036476274892421597,1.0490817664059833,0.00038266594896051864
FL-2012-000075-VEN,FL-2012-000075-VEN,0.452075897704997,0.0003565443294005875,1.068528235373372,0.00038097768312679207
Venezuela: Floods - Jul 1996,Venezuela: Floods - Jul 1996,0.46036171686437244,0.00042755502050382426,0.8773624081052269,0.0003751207023867149
FL-2002-000788-LKA,FL-2002-000788-LKA,0.4559566683897819,0.0003883610947972075,0.9639019405394029,0.00037434201290503533
FL-2014-000053-TZA,FL-2014-000053-TZA,0.44989621810715863,0.000339721806162104,1.0970028156440832,0.00037267577789552154
FL-2006-000050-ARG,FL-2006-000050-ARG,0.45521299678219884,0.00038207316063295765,0.9631552235503491,0.00036799576044202476
FL-2017-000149-TGO,FL-2017-000149-TGO,0.4453888790304905,0.0003071805324293135,1.1893964633714496,0.0003653594388879844
FL-2007-000057-URY,FL-2007-000057-URY,0.44938402912661146,0.00033587396223658684,1.0706544149077877,0.0003596049405211733
FL-2006-000112-ETH,FL-2006-000112-ETH,0.4494747980567573,0.00033655299495140176,1.0654891162362259,0.00035859355315742404
FL-2010-000107-PHL,FL-2010-000107-PHL,0.450285313097749,0.0003426713682176126,1.0440934584066572,0.00035778093393926824
FL-2014-000150-SOM,FL-2014-000150-SOM,0.4439909597640048,0.0002976742540679411,1.18193675754845,0.00035183214265871584
FL-2002-000445-VEN,FL-2002-000445-VEN,0.45059977582140026,0.00034507199382331636,1.0122910677483703,0.00034931329707746394
FL-2022-000376-COD,FL-2022-000376-COD,0.4446519078582619,0.0003021353916019477,1.149086862190552,0.0003471798090925957
FL-2017-000002-MYS,FL-2017-000002-MYS,0.4421471553936974,0.0002855409188740719,1.2154113472907762,0.000347049672915382
FL-2008-000076-COL,FL-2008-000076-COL,0.4671267014932511,0.0004947057151510787,0.7001873717288423,0.00034638669447087107
FL-2018-000029-RWA,FL-2018-000029-RWA,0.44320456282350296,0.0002924436719910569,1.1779991519684878,0.0003444983976040156
FL-1999-000574-VNM,FL-1999-000574-VNM,0.44486200538842413,0.00030356601718103493,1.114647519535003,0.0003383691080659607
Cambodia: Floods - Sep 1996,Cambodia: Floods - Sep 1996,0.440127795720322,0.0002727645758856037,1.2387081711791748,0.00033787570895771937
Ethiopia: Floods - Aug 1996,Ethiopia: Floods - Aug 1996,0.4555497153027905,0.00038490876039396697,0.8753110496380971,0.00033691489107534205
FL-1999-000286-GMB,FL-1999-000286-GMB,0.4434868944920397,0.0002943119559340436,1.1434551069584922,0.00033653250905172483
FL-2018-000120-NGA,FL-2018-000120-NGA,0.44737864037147124,0.00032118292816422754,1.0265078744630958,0.0003296968049036944
FL-2014-000115-NER,FL-2014-000115-NER,0.4481604782397298,0.000326840261446454,1.0075520123358044,0.00032930856313273516
FL-2012-000200-BFA,FL-2012-000200-BFA,0.44471393829289463,0.0003025571453158443,1.0864384324897092,0.000328709710695507
Cuba: Floods - Jun 1993,Cuba: Floods - Jun 1993,0.4442937872284633,0.0002997108072138152,1.0819582611621117,0.00032427458382455233
1985-11-01T00:00:00+00:00,1985-11-01T00:00:00+00:00,0.4578728192670221,0.0004049940403298803,0.7962481269445691,0.0003224757460363805
FL-2007-000158-TGO,FL-2007-000158-TGO,0.44500219293637927,0.0003045239900649328,1.0465800406584131,0.0003187087299036196
FL-2010-000174-KEN,FL-2010-000174-KEN,0.4483758593362923,0.00032841442188502715,0.9668381107047667,0.0003175235791835178
FL-2007-000044-ARG,FL-2007-000044-ARG,0.4470873861037168,0.000319098065085706,0.9907640067376045,0.00031615087750653094
Egypt: Floods - Nov 1994,Egypt: Floods - Nov 1994,0.4430503562567699,0.00029142774852165663,1.0804014986266677,0.00031485897624419345
FL-2016-000026-PNG,FL-2016-000026-PNG,0.4375223893137274,0.0002570412476649275,1.213394111780414,0.00031189233640131406
FL-2006-000172-COG,FL-2006-000172-COG,0.44404533778293415,0.00029803903312583166,1.0447518399142948,0.00031137682822449006
FL-2003-000505-VNM,FL-2003-000505-VNM,0.433076488515617,0.00023208446312035025,1.3351682599699068,0.00030987180879044805
FL-2011-000102-BRA,FL-2011-000102-BRA,0.4413690768853862,0.00028055565332321734,1.1038786858666811,0.00030969940590290133
FL-2022-000158-HTI,FL-2022-000158-HTI,0.43739023585926706,0.0002562659100932486,1.2084069567596751,0.000309673508537031
FL-2019-000022-IRN,FL-2019-000022-IRN,0.4489495146582798,0.0003326404534216433,0.9299697920776908,0.0003093455733051544
FL-2024-000009-COD,FL-2024-000009-COD,0.4426639401689449,0.0002888959501110982,1.0680154458218882,0.00030854533695404254
FL-2007-000165-BEN,FL-2007-000165-BEN,0.44635354409326344,0.0003138989584492813,0.9807232123464087,0.00030784799488257106
FL-2017-000079-TJK,FL-2017-000079-TJK,0.4395773474815312,0.000269372365763553,1.133782714433925,0.0003054097320488892
FL-2007-000009-PER,FL-2007-000009-PER,0.44373319152564106,0.0002959505520087245,1.031150965068591,0.0003051696973163785
FL-2022-000213-IND,FL-2022-000213-IND,0.44106790032471144,0.00027864709647613294,1.0948177964063617,0.00030506780013903073
FL-1998-000316-VNM,FL-1998-000316-VNM,0.43251437154343886,0.00022908962816844275,1.327857651248023,0.0003041984155850313
FL-2023-000190-SOM,FL-2023-000190-SOM,0.44460043386929265,0.00030178581445041574,1.0078577783264449,0.0003041571804824327
China: Floods - May 1988,China: Floods - May 1988,0.44959440138530715,0.00033744962125471095,0.8982643528768322,0.00030311896566489506
FL-2023-000001-COG,FL-2023-000001-COG,0.43929479295985796,0.00026764587555220697,1.1236428229072688,0.0003007383671449694
FL-2024-000230-GAB,FL-2024-000230-GAB,0.4531558813968053,0.0003651541238174043,0.815792210566319,0.00029788988986640763
FL-2020-000198-SEN,FL-2020-000198-SEN,0.43651037869835374,0.00025115726305760164,1.1855921930050197,0.00029777009029760055
FL-1999-000547-VEN,FL-1999-000547-VEN,0.4405526737547523,0.0002754091809097112,1.075232993321348,0.0002961290379777294
FL-2020-000195-CMR,FL-2020-000195-CMR,0.448668561211859,0.0003305646356759721,0.8859055483526522,0.00029284904483451677
FF-2020-000006-IRN,FF-2020-000006-IRN,0.43368305398847307,0.00023535559430996842,1.2339055159670984,0.00029040656603278466
FL-1991-000010-PHL,FL-1991-000010-PHL,0.4290255933121863,0.0002112671656248877,1.3530568313329396,0.0002858564816851019
FL-2010-000037-HTI,FL-2010-000037-HTI,0.43942612973533257,0.00026844713877620315,1.0604316168394865,0.00028466983340838314
FL-2011-000164-CAF,FL-2011-000164-CAF,0.4456722576013138,0.0003091405731489901,0.9191458685754219,0.00028414528061893225
FL-2019-000133-SOM,FL-2019-000133-SOM,0.43954610040763936,0.00026918094538400377,1.0457655373343704,0.0002815001559896765
FF-2018-000041-SOM,FF-2018-000041-SOM,0.44095082632697674,0.0002779083578060605,1.009447103436575,0.00028053378680814307
India: Floods - Aug 1988,India: Floods - Aug 1988,0.4488094490229998,0.00033160411998265526,0.8427786995223563,0.0002794688889952376
FL-2001-000117-PER,FL-2001-000117-PER,0.44582804511723656,0.00031022289469820243,0.8990840283213932,0.00027891644984278323
FL-1999-000437-KHM,FL-1999-000437-KHM,0.438159784513675,0.00026081054301691745,1.069362166100396,0.00027890092722239137
Russia: Floods - Sep 1994,Russia: Floods - Sep 1994,0.44784003293433683,0.0003245107817157071,0.8535275801300156,0.0002769789022439072
FL-2016-000122-SRB,FL-2016-000122-SRB,0.43241756204834114,0.00022857737406645464,1.2064462530292113,0.0002757663164697306
FL-2008-000185-SOM,FL-2008-000185-SOM,0.4390056861946872,0.00026588966357284966,1.0367109285362797,0.000275650720010808
FL-2005-000103-SLV,FL-2005-000103-SLV,0.442054177302441,0.00028494102944465785,0.9499800804848453,0.00027068830208527075
FL-2008-000079-LKA,FL-2008-000079-LKA,0.4416083179651484,0.000282080100721276,0.9571957497487085,0.00027000587349909296
FL-2020-000196-NGA,FL-2020-000196-NGA,0.43782391786388647,0.0002588182100399316,1.0372433952384017,0.00026845747893134445
FL-2010-000091-VNM,FL-2010-000091-VNM,0.4358543052728311,0.0002474078083259335,1.0820602515614735,0.0002677101553154324
Cambodia: Floods - Aug 1994,Cambodia: Floods - Aug 1994,0.4445520095509066,0.0003014572809905487,0.8858442088700285,0.00026704418658718247
FL-2016-000044-CHN,FL-2016-000044-CHN,0.441278245441572,0.0002799788188805477,0.9486861479465856,0.00026561202719042155
FL-2011-000051-RWA,FL-2011-000051-RWA,0.4334236619743508,0.00023395168175982132,1.132758005030825,0.0002650106403038617
Benin: Floods - Sep 1988,Benin: Floods - Sep 1988,0.44121851122867706,0.00027960005263425684,0.9477795775541555,0.0002649992197698156
FL-2011-000042-COL,FL-2011-000042-COL,0.448319376534785,0.0003280009461287153,0.8050454036566094,0.0002640556540759414
FL-2023-000198-TCD,FL-2023-000198-TCD,0.4371494271987558,0.0002548585081907485,1.0338289067088517,0.00026348009288829045
FL-1998-000048-PAK,FL-1998-000048-PAK,0.4280403842696747,0.00020646548119634308,1.274857049816715,0.0002632139742469584
FL-2023-000064-RWA,FL-2023-000064-RWA,0.43602066086482844,0.00024835373071663345,1.0562755799966463,0.0002623299809570429
Ethiopia: Floods - May 1995,Ethiopia: Floods - May 1995,0.434129136348011,0.0002377876761417598,1.0908091701249307,0.0002593809776781288
FL-2008-000126-TCD,FL-2008-000126-TCD,0.4342986809355096,0.0002387179647518362,1.083157735234383,0.00025856921006036016
FL-2008-000217-KEN,FL-2008-000217-KEN,0.4379148634073322,0.00025935633453312275,0.9905535057194418,0.00025690632640232904
FL-2009-000208-AZE,FL-2009-000208-AZE,0.44030332547390516,0.0002738543574541047,0.9365765261408021,0.00025648556277288687
FF-2023-000133-AFG,FF-2023-000133-AFG,0.42921871162487346,0.00021222007617101223,1.1905710968816803,0.00025266308886723576
India: Floods - Jul 1993,India: Floods - Jul 1993,0.4388317886432258,0.0002648383052360929,0.9482412412603194,0.0002511306032903521
FL-1998-000053-ZMB,FL-1998-000053-ZMB,0.43927984459134295,0.000267554814682376,0.9365163542555616,0.0002505694596098612
ST-2015-000041-PRY,ST-2015-000041-PRY,0.43967319473528077,0.0002699602929975579,0.9269775136144309,0.00025024712117749945
FL-2009-000165-CHL,FL-2009-000165-CHL,0.43586411967826644,0.0002474635243431451,1.0088424248679406,0.00024965170196470515
FL-2005-000063-SRB,FL-2005-000063-SRB,0.4434099138836896,0.0002938014870842388,0.8449809676901925,0.00024825666486525766
FL-2016-000130-VCT,FL-2016-000130-VCT,0.4366206611593431,0.00025179252292604386,0.9845629160937495,0.00024790558062266803
FL-2013-000028-NAM,FL-2013-000028-NAM,0.4337357708889788,0.00023564184036739593,1.0440048847146737,0.0002460112323867167
FL-2015-000153-IRQ,FL-2015-000153-IRQ,0.43426052997779174,0.00023850834588635123,1.028424531293494,0.00024528783382775734
India: Floods - Jun 1996,India: Floods - Jun 1996,0.46026257778097435,0.00042663517078122583,0.5746164560457379,0.0002451515898587761
FL-2000-000265-COL,FL-2000-000265-COL,0.44106477819316026,0.0002786273728648775,0.8757434779822016,0.00024400610457373155
FL-2023-000135-CMR,FL-2023-000135-CMR,0.4348514120229311,0.00024177358280112147,1.007577538281096,0.0002436056313801547
FL-2015-000037-HTI,FL-2015-000037-HTI,0.434077112872239,0.0002375028790238652,1.0256893838267023,0.0002436041816430561
FL-1998-000080-ARG,FL-1998-000080-ARG,0.43860505167889613,0.0002634731076911174,0.9225861223252123,0.00024307663276172106
FF-2006-000069-IDN,FF-2006-000069-IDN,0.43775114833512646,0.0002583883568951661,0.9360516519312406,0.0002418648483115192
FL-2015-000081-PHL,FL-2015-000081-PHL,0.4265315975346752,0.0001993022001676508,1.208181772549164,0.0002407932854715006
FL-2003-000196-ARG,FL-2003-000196-ARG,0.43465480834209547,0.00024068270478632743,0.9957341344638851,0.00023965598473084054
Russia: Floods - Jun 1993,Russia: Floods - Jun 1993,0.44237754017164754,0.0002870322491616793,0.820510219523839,0.00023551289377007073
FL-2019-000048-TZA,FL-2019-000048-TZA,0.42493701492898084,0.0001919754205547422,1.2213880740169378,0.00023447648916994824
Sri Lanka: Floods - Jun 1989,Sri Lanka: Floods - Jun 1989,0.4357575389172169,0.0002468590734078472,0.9466660273505467,0.0002336930983384437
FL-2010-000089-AZE,FL-2010-000089-AZE,0.43021642449663067,0.00021720502358868495,1.0703967476559106,0.00023249555082385372
FL-2011-000037-BDI,FL-2011-000037-BDI,0.4420788969284358,0.00028510040828919525,0.813980526208619,0.00023206618036153128
FF-2011-000049-IRQ,FF-2011-000049-IRQ,0.4319682521768631,0.0002262133816149133,1.0077513232427067,0.00022796683465763624
FL-2013-000055-UGA,FL-2013-000055-UGA,0.43185262695495485,0.0002256086036142989,1.0009376405503114,0.0002258201433895468
FF-2013-000118-BEN,FF-2013-000118-BEN,0.423804383261987,0.00018691942722656848,1.2075093409994648,0.00022570695439035114
FL-2015-000080-MMR,FL-2015-000080-MMR,0.4219392421109715,0.00017885421710719156,1.2536908885177969,0.00022422790236026994
FL-2020-000132-UGA,FL-2020-000132-UGA,0.42531929956091585,0.00019370949095634142,1.1565609422975855,0.00022403683139245187
FL-2010-000019-MEX,FL-2010-000019-MEX,0.4326306398264431,0.00022970621119206705,0.971123387516118,0.00022307307394633298
FL-2010-000151-COD,FL-2010-000151-COD,0.4280206933124069,0.00020637052143053549,1.0701901252471506,0.00022085569417706454
Philippines: Floods - Jun 1990,Philippines: Floods - Jun 1990,0.43673551350688955,0.00025245564358973734,0.8681427258296911,0.00021916753057708355
FL-2009-000176-MLI,FL-2009-000176-MLI,0.4315722111008969,0.00022414792727993145,0.9776318968582874,0.00021913416332353285
FL-2022-000249-CIV,FL-2022-000249-CIV,0.42944664406514993,0.00021334974726073524,1.023474098609534,0.00021835794026625293
FL-2002-000325-JAM,FL-2002-000325-JAM,0.4286775043304922,0.00020955929888493788,1.041282547868147,0.00021821044067237062
FF-2014-000009-TZA,FF-2014-000009-TZA,0.42820300275869927,0.00020725121460922485,1.0439643751945358,0.00021636288476782807
FL-2024-000123-BFA,FL-2024-000123-BFA,0.42210881013684787,0.00017957429381257895,1.1979418788258864,0.00021511956691867257
FL-2018-000065-TJK,FL-2018-000065-TJK,0.41452729516738696,0.0001498067305742431,1.4353974911294434,0.00021503220522057302
FF-2008-000082-PHL,FF-2008-000082-PHL,0.42881441538396997,0.00021022955226199035,1.0221858264656736,0.00021489366862643112
Philippines: Floods and Landslides - Jun 2018,Philippines: Floods and Landslides - Jun 2018,0.4271365931475881,0.00020214722966569633,1.0625282512687408,0.00021478714243551285
FL-2021-000084-TCD,FL-2021-000084-TCD,0.4248269548444992,0.00019147877702172908,1.1145222233746586,0.00021340735229531798
FL-2021-000096-PAN,FL-2021-000096-PAN,0.42787722911952825,0.00020567985005941718,1.037436087285692,0.00021337969887914957
FL-2012-000141-NER,FL-2012-000141-NER,0.4370523191698841,0.00025429293310543063,0.8342353499526158,0.00021214015403968605
FL-2017-000052-RUS,FL-2017-000052-RUS,0.4176546607938907,0.00016150029595939333,1.3124180785283346,0.00021195590810478435
FL-2011-000115-KEN,FL-2011-000115-KEN,0.4249217788123943,0.00019190659887301673,1.1017053333721223,0.00021142452348770705
Pakistan: Floods - Aug 1996,Pakistan: Floods - Aug 1996,0.4308493677897658,0.00022042182820826507,0.9536055804790171,0.0002101954854387888
FL-2014-000155-HTI,FL-2014-000155-HTI,0.4299876176005094,0.0002160525981715607,0.9609684498537625,0.00020761973035180253
FL-2008-000104-NPL,FL-2008-000104-NPL,0.43832103290471225,0.00026177195016260165,0.7922332882970882,0.0002073844528612594
FL-2012-000138-NGA,FL-2012-000138-NGA,0.419165814379839,0.00016743974719187624,1.2369286645182986,0.00020711102288132902
FL-2000-000735-VEN,FL-2000-000735-VEN,0.4256973643665216,0.00019543827161674318,1.0592626832599326,0.0002070204680044349
FL-2015-000040-SOM,FL-2015-000040-SOM,0.4297241537000788,0.0002147324353307655,0.9639478737922579,0.0002069908744713249
FL-1997-000144-CHN,FL-1997-000144-CHN,0.41920777550446237,0.00016760744039930352,1.23024943393917,0.00020619895867523633
FL-2007-000132-BFA,FL-2007-000132-BFA,0.4247455280792061,0.00019111208521467395,1.0755363901814037,0.00020554800225183124
FL-2024-000027-ARG,FL-2024-000027-ARG,0.428163418301047,0.00020705970462614202,0.9890539476346332,0.00020479321825654688
Brazil: Floods - Dec 1989,Brazil: Floods - Dec 1989,0.42672795008119174,0.0002002215848462224,1.0188400740791148,0.00020399377433696298
FL-2012-000174-BEN,FL-2012-000174-BEN,0.4174077128753302,0.00016054792508441134,1.269611453402573,0.00020383348450718692
FL-1998-000359-UKR,FL-1998-000359-UKR,0.4286219513293671,0.0002092878859643613,0.970056066676692,0.00020302098346166838
FL-2016-000060-IND,FL-2016-000060-IND,0.42070940171941307,0.00017370894167428885,1.168540290886529,0.0002029858972336646
FL-2006-000057-SUR,FL-2006-000057-SUR,0.42370104515955975,0.00018646415307207992,1.0860789103745403,0.00020251478419243605
Afghanistan: Floods - Jun 1988,Afghanistan: Floods - Jun 1988,0.42869055112520776,0.0002096230869682473,0.9634656880384131,0.0002019646517145985
Brazil: Floods - Feb 1988,Brazil: Floods - Feb 1988,0.4329000990871294,0.00023114092779543514,0.8724712930664509,0.00020166382415426245
FL-2002-000077-PER,FL-2002-000077-PER,0.4228346258327057,0.00018268607440761532,1.099709656642364,0.00020090164016014
FL-2021-000066-GUY,FL-2021-000066-GUY,0.4259850956390111,0.00019676327512896085,1.0204156206178399,0.00020078031950551735
FL-2002-000054-IDN,FL-2002-000054-IDN,0.4296288229762058,0.0002142565445793466,0.9334375249456206,0.0001999950986755463
FL-2010-000021-AFG,FL-2010-000021-AFG,0.42300037120348,0.00018340344323443942,1.0852931770014216,0.00019904650558090465
FL-2017-000110-MLI,FL-2017-000110-MLI,0.4321586229837777,0.0002272122959682163,0.8750877906224794,0.00019883070608108728
Brazil: Floods - Jul 1988,Brazil: Floods - Jul 1988,0.42819439386565394,0.0002072095511431049,0.9542800112349412,0.00019773593279282927
FF-2016-000093-LAO,FF-2016-000093-LAO,0.42266851596983745,0.0001819696626720137,1.0828034294739801,0.00019703737480147973
FL-2015-000071-GEO,FL-2015-000071-GEO,0.42392806496518753,0.00018746564379297894,1.0505572323321797,0.0001969433879005222
FL-1998-000179-RUS,FL-1998-000179-RUS,0.4230570599887108,0.00018364938133379828,1.0601281876011002,0.0001946918857874629
FL-2002-000522-KHM,FL-2002-000522-KHM,0.42680190068271573,0.00020056883321875854,0.9662857219135197,0.00019380679980014043
FL-2006-000070-IND,FL-2006-000070-IND,0.44239727940455986,0.00028716035092308417,0.6719340637740063,0.00019295282155051767
FL-2009-000120-BWA,FL-2009-000120-BWA,0.4272214449665481,0.00020254915967691872,0.9522872605541437,0.00019288498439627675
FL-2019-000170-RWA,FL-2019-000170-RWA,0.41461168301633544,0.00015011198080281437,1.2803341263764025,0.00019219349179980266
FL-1999-000315-GHA,FL-1999-000315-GHA,0.4300696897744857,0.00021646533434662582,0.8830969393406909,0.00019115987423486459
Iran: Floods - Dec 1991,Iran: Floods - Dec 1991,0.4381955444422097,0.00026102347886254373,0.7306781420678033,0.000190724150571358
FL-2021-000001-MYS,FL-2021-000001-MYS,0.4199344852747019,0.00017053573851756113,1.117116405697843,0.0001905082712557651
FL-2001-000314-GHA,FL-2001-000314-GHA,0.42373257900624717,0.00018660297504880178,1.0103874531958326,0.00018854130471832433
Cameroon: Floods - Sep 1994,name=Cameroon: Floods - Sep 1994,0.42731511346184126,0.00020299368803425785,0.9258215052048269,0.00018793592180295566
FL-2007-000122-VNM,FL-2007-000122-VNM,0.41451126708922664,0.0001497488165050875,1.2537362894429918,0.00018774552555356785
FL-2007-000210-PHL,FL-2007-000210-PHL,0.42724205152787537,0.0002026468782673495,0.9253870742606627,0.00018752680178787923
FL-2012-000030-KAZ,FL-2012-000030-KAZ,0.4100660660998903,0.0001344430384789101,1.386634100283017,0.00018642330170051853
FF-2008-000072-CHN,FF-2008-000072-CHN,0.43829750482735064,0.00026163147086221723,0.6928246734717287,0.00018126473837004375
FL-2014-000089-IND,FL-2014-000089-IND,0.4284302992256687,0.00020835396615471866,0.8681922613947346,0.00018089130104642718
FL-2005-000194-COL,FL-2005-000194-COL,0.42840061182440015,0.00020820963557386545,0.863710436619626,0.00017983283524991654
China: Floods - Jun 1990,China: Floods - Jun 1990,0.42287097307919697,0.00018284317376808352,0.9825698640424038,0.00017965619239038744
FL-2013-000050-ETH,FL-2013-000050-ETH,0.4109247055177419,0.00013728482231931203,1.3053721958094802,0.00017920778996227468
FL-2017-000088-SDN,FL-2017-000088-SDN,0.41837783361309033,0.00016431857799292866,1.0719224581628997,0.00017613677404401223
FL-2002-000242-AFG,FL-2002-000242-AFG,0.42255661756130436,0.000181488484780683,0.9583348849806268,0.00017392674618760408
FL-1997-000207-SYC,FL-1997-000207-SYC,0.4153793640980817,0.0001529146768806061,1.1353708825085123,0.00017361487163843775
FL-2022-000275-UGA,FL-2022-000275-UGA,0.414645956910505,0.00015023611711276257,1.149508740471743,0.00017269772975565698
FL-2015-000123-NER,FL-2015-000123-NER,0.42552431468744667,0.00019464524980128457,0.8859881122566413,0.0001724533774311625
FL-2007-000228-LKA,FL-2007-000228-LKA,0.4197206882734541,0.0001696694935981033,1.0154950674735044,0.00017229853384960125
FL-2010-000127-AFG,FL-2010-000127-AFG,0.41704035930552497,0.0001591405522806241,1.0727052233242367,0.00017071090167412924
FL-2006-000047-COD,FL-2006-000047-COD,0.41954461399974285,0.00016895906638285407,1.0080124870300073,0.00017031284871084882
FL-2017-000139-ETH,FL-2017-000139-ETH,0.4106117604698747,0.00013624288765240762,1.2467115336640937,0.00016985557941595793
FL-2005-000048-AFG,FL-2005-000048-AFG,0.4185980642617565,0.0001651855892279097,1.0241455794175436,0.0001691740909912459
FL-2009-000011-PHL,FL-2009-000011-PHL,0.42293308550436026,0.0001831119163198644,0.9235680341481627,0.00016911631258464003
1993-05-01T00:00:00+00:00,1993-05-01T00:00:00+00:00,0.4174203881297097,0.0001605966846983456,1.051770447137431,0.00016891084687396796
FL-2008-000089-IND,FL-2008-000089-IND,0.4393185923741697,0.00026779091183147215,0.6302581635823931,0.00016877740831495818
FL-2008-000230-CUB,FL-2008-000230-CUB,0.4195174946496016,0.0001688498830605403,0.998493550218185,0.00016859551919104425
FL-2016-000091-NER,FL-2016-000091-NER,0.4202490651382495,0.00017181756505701122,0.9800336913410537,0.00016838700252005433
FL-2012-000043-KGZ,FL-2012-000043-KGZ,0.412527666553019,0.00014273510612477028,1.178777939336242,0.00016825299426869654
Haiti: Floods - Nov 1986,Haiti: Floods - Nov 1986,0.4345866067160681,0.00024030531643466315,0.6982374406228651,0.00016779016911540692
FL-2000-000438-KHM,FL-2000-000438-KHM,0.4190703222891075,0.00016705868582219896,1.0010572321421671,0.0001672353056344784
FL-2016-000097-PRK,FL-2016-000097-PRK,0.41759605701920494,0.00016127382768417922,1.034797506250793,0.00016688575471110877
FL-2021-000209-MYS,FL-2021-000209-MYS,0.4112286180381925,0.0001383035419952641,1.2058191682024515,0.00016676906196818217
FL-2019-000136-SLV,FL-2019-000136-SLV,0.4072057529978278,0.00012535424652576426,1.3263875340879325,0.00016626830993675924
FL-2024-000212-HTI,FL-2024-000212-HTI,0.42369600363059945,0.00018644196728554992,0.8913366497024602,0.00016618255848423774
FL-2014-000152-ETH,FL-2014-000152-ETH,0.4176572721916056,0.00016151039409572203,1.0270658582017673,0.0001658818115204284
FL-2009-000267-SRB,FL-2009-000267-SRB,0.4309478975651364,0.00022092642397734212,0.7348109754309236,0.00016233916110125653
FL-2024-000036-BRA,FL-2024-000036-BRA,0.4198898114891826,0.00017035440473403145,0.952179776292138,0.0001622080189900304
1986-07-01T00:00:00+00:00,1986-07-01T00:00:00+00:00,0.43784653403947,0.000258951935921052,0.6247700658964721,0.00016178541806941468
FL-2007-000130-CIV,FL-2007-000130-CIV,0.4097976379858313,0.00013356556592598602,1.2043864430014575,0.00016086455685307497
FL-2008-000213-PER,FL-2008-000213-PER,0.42409798221880884,0.0001882183932567975,0.8529320322371361,0.00016053749666492876
FL-2024-000145-SSD,FL-2024-000145-SSD,0.4213877864445392,0.00017653037269269286,0.9086488837386558,0.00016040412609318427
FL-2011-000122-NER,FL-2011-000122-NER,0.4157728049668339,0.00015436925001017634,1.0388296068906175,0.00016036334730407096
OT-2004-000112-COL,OT-2004-000112-COL,0.4250342296154544,0.00019241506347792401,0.8326011254375424,0.0001602049984028557
FL-2006-000056-AFG,FL-2006-000056-AFG,0.4191267928429922,0.0001672839372570189,0.9546321476865294,0.00015969462429712657
FL-2009-000170-MRT,FL-2009-000170-MRT,0.41784817820655373,0.0001622501586346913,0.9832646092321282,0.00015953483882779056
FL-2013-000020-BOL,FL-2013-000020-BOL,0.4066411493951182,0.00012362697495165765,1.2902239259175985,0.00015950648097144435
FL-2015-000064-IND,FL-2015-000064-IND,0.4158452537085371,0.00015463845067568359,1.031238980251518,0.0001594691981824666
FL-2005-000020-COL,FL-2005-000020-COL,0.425977088079091,0.0001967262911955034,0.8080937942240005,0.00015897329507578994
FF-2011-000066-TJK,FF-2011-000066-TJK,0.41600878537335795,0.00015524764558508622,1.0235216039879442,0.00015889931922459933
Montenegro: Floods - Nov 1992,name=Montenegro: Floods - Nov 1992,0.42967246050953967,0.0002144742651130708,0.7375578699637254,0.00015818718213883183
FL-2016-000050-LKA,FL-2016-000050-LKA,0.40882944815008254,0.0001304432787933261,1.2099018427879291,0.00015782356339134483
FL-2011-000038-KAZ,FL-2011-000038-KAZ,0.41150886689902133,0.00013924896477516988,1.1284426954486195,0.00015713447714932257
FL-2023-000068-YEM,FL-2023-000068-YEM,0.40888328400990764,0.0001306151521484945,1.1881661189135326,0.0001551924983995773
FL-2000-000375-CHL,FL-2000-000375-CHL,0.4148091898999465,0.0001508285979821842,1.0133991498781652,0.00015284957297246102
FF-2018-000030-KEN,FF-2018-000030-KEN,0.4112585081508426,0.00013840410067863856,1.1016965741279998,0.0001524793235629229
FL-2013-000141-SOM,FL-2013-000141-SOM,0.40655943900260383,0.0001233787836560211,1.2318330184492288,0.00015198205948359085
FL-2012-000192-COD,FL-2012-000192-COD,0.40364595850928703,0.00011481697082114999,1.301468773071398,0.0001494307021423766
1992-01-01T00:00:00+00:00,1992-01-01T00:00:00+00:00,0.4125843956045089,0.00014293151088529469,1.040933530085597,0.00014878220218629773
FL-2010-000219-PHL,FL-2010-000219-PHL,0.4086977610143076,0.000130023719380505,1.141795195185297,0.00014846045804878198
FL-1997-000166-ROM,FL-1997-000166-ROM,0.41159099192044724,0.00013952711430588582,1.0562978713123758,0.00014738219383166574
FL-2014-000070-LKA,FL-2014-000070-LKA,0.4039833260339233,0.00011578022908875779,1.2712089853111195,0.00014718086753900874
FL-2020-000190-NER,FL-2020-000190-NER,0.4081949167423668,0.00012843279128885434,1.1441798734017292,0.00014695021487751207
FL-2001-000236-URY,FL-2001-000236-URY,0.4120625449372498,0.0001411339200808455,1.0394922336938253,0.00014670761383480389
FL-2002-000322-CHL,FL-2002-000322-CHL,0.41053941863385846,0.0001360030442956422,1.0722116253519196,0.00014582404517703965
FL-2021-000023-DZA,FL-2021-000023-DZA,0.4115079014789122,0.00013924569796022745,1.0374171325327366,0.0001444558726954187
FF-2009-000069-IDN,FF-2009-000069-IDN,0.4192091663950383,0.00016761300153398726,0.8612099711014543,0.00014434998820731318
FL-2021-000208-IRQ,FL-2021-000208-IRQ,0.4114114151641918,0.0001389195526480951,1.0347036442805968,0.00014374056738681424
FL-1991-000009-VNM,FL-1991-000009-VNM,0.40616195124750243,0.0001221778189290663,1.1677435677731713,0.0001426723621789724
FL-2024-000120-NER,FL-2024-000120-NER,0.40963361354402633,0.00013303192205711386,1.0706246794411112,0.0001424272589078324
FL-2018-000046-RUS,FL-2018-000046-RUS,0.40169731647043566,0.00010939294253427765,1.2878965212237008,0.0001408867901363204
FL-1998-000165-CHN,FL-1998-000165-CHN,0.42672138696368733,0.00020019079270233202,0.7000190203158281,0.00014013736258373547
FL-2010-000141-PAK,FL-2010-000141-PAK,0.409006284490841,0.00013100860164047721,1.0692104601626595,0.0001400757672452812
FL-2004-000059-AFG,FL-2004-000059-AFG,0.4095403614315423,0.0001327293881174473,1.05356410211551,0.00013983891861629941
UGA-2011-000110,UGA-2011-000110,0.40748347253525297,0.00012621180715075939,1.0988605320725724,0.00013868917355952436
FL-2010-000195-MLI,FL-2010-000195-MLI,0.41269888232047097,0.00014332862255169752,0.9643639910627344,0.00013822096247747927
FF-2022-000209-AFG,FF-2022-000209-AFG,0.40821886374143357,0.0001285081570485027,1.0750035318817837,0.00013814672270275933
FL-2019-000162-MYS,FL-2019-000162-MYS,0.408952724314536,0.00013083714436467976,1.0555900890857195,0.00013811039287563347
FL-1999-000244-VNM,FL-1999-000244-VNM,0.40604451876170766,0.0001218250288166645,1.132847715441496,0.0001380092055785528
ST-2010-000085-CHN,ST-2010-000085-CHN,0.40276549713079035,0.00011233694182038424,1.2265270055929207,0.00013778429286842204
FL-2013-000085-NIC,FL-2013-000085-NIC,0.4061367692257435,0.00012210208986993432,1.1269320283443198,0.0001376007558022055
FL-1999-000531-COD,FL-1999-000531-COD,0.41095954299503945,0.0001374012544009785,0.9974869194859067,0.00013705595398593142
FL-2007-000025-FJI,FL-2007-000025-FJI,0.40948005903440426,0.0001325340813848817,1.0321832158662596,0.00013679945433572776
FL-1997-000140-AZE,FL-1997-000140-AZE,0.4109254108244397,0.00013728717867927923,0.9955723453086005,0.00013667931845853093
FL-1999-000053-PHL,FL-1999-000053-PHL,0.40172825514866584,0.00010947722605260126,1.2432398621173615,0.0001361064514226272
FL-2019-000047-GEO,FL-2019-000047-GEO,0.40377778662229297,0.00011519250707399998,1.178251681752609,0.00013572576518523977
Sri Lanka: Monsoon Floods - Jul 1984,Sri Lanka: Monsoon Floods - Jul 1984,0.4032671825426463,0.00011374408205752542,1.189364350972239,0.0001352831563332818
FL-2008-000024-PHL,FL-2008-000024-PHL,0.4129714722473342,0.00014427813493966764,0.9337647066375215,0.0001347218303461475
FL-2016-000137-ARG,FL-2016-000137-ARG,0.4104161348366653,0.0001355951825586987,0.9911432885271344,0.00013439425514966577
Malaysia: Floods - Dec 1993,Malaysia: Floods - Dec 1993,0.40315414421723805,0.00011342565211486321,1.1835292726936872,0.00013424257955231125
Guinea: Floods - Aug 1993,Guinea: Floods - Aug 1993,0.414372629578591,0.00014924871949541064,0.8923188026319167,0.00013317743867449162
FL-2016-000085-MLI,FL-2016-000085-MLI,0.4104894959532806,0.00013583775146225053,0.9795200396753964,0.00013305579970172027
FF-2006-000046-KEN,FF-2006-000046-KEN,0.4055413892246746,0.00012032388488927808,1.1036482173283537,0.0001327952410600738
FL-2009-000183-NGA,FL-2009-000183-NGA,0.410851462324032,0.00013704032211095683,0.9656932233895635,0.000132338910393674
FL-2023-000215-GHA,FL-2023-000215-GHA,0.400761329575411,0.00010687056062138787,1.232207094616741,0.00013168666300334263
FL-2022-000286-MRT,FL-2022-000286-MRT,0.4069348559136126,0.0001245228088397717,1.0505974879699613,0.00013082335016202784
FL-2003-000080-ARG,FL-2003-000080-ARG,0.4135289250030726,0.00014623755737483126,0.8916407850854717,0.00013039137046667626
1993-08-00:00:00+00:00,1993-08-00:00:00+00:00,0.4151657750400415,0.0001521302028855989,0.8503605405079919,0.00012936552155338833
FL-2015-000145-SOM,FL-2015-000145-SOM,0.40661100944665274,0.00012353537408661268,1.0458367139854998,0.00012919782969571247
Venezuela: Floods - Aug 1988,Venezuela: Floods - Aug 1988,0.4147787569508294,0.0001507179773878041,0.8558233169940771,0.0001289879593386688
FF-2007-000082-PAK,FF-2007-000082-PAK,0.40734233741547893,0.00012577534329535258,1.0098825024924718,0.0001270183184389604
FL-2021-000152-GEO,FL-2021-000152-GEO,0.4052692560537673,0.00011951890118999862,1.0591574472605578,0.0001265893342837858
FL-2009-000234-PHL,FL-2009-000234-PHL,0.4009419958830121,0.00010735331990908414,1.1779017439562212,0.00012645166274040032
FL-2010-000042-SRB,FL-2010-000042-SRB,0.404822889702346,0.00011820901711163238,1.0641610204580652,0.0001257934282768596
Brazil: Floods - Jul 1989,Brazil: Floods - Jul 1989,0.4086836980904279,0.00012997898631025742,0.9575164169657181,0.00012445701325263382
FL-2019-000100-MLI,FL-2019-000100-MLI,0.4072977582338483,0.00012563776365114907,0.9879592955377479,0.0001241249964697273
FL-2000-000302-CHN,FL-2000-000302-CHN,0.4253644935516637,0.0001939154231169214,0.6358572303399659,0.00012330252386332822
FL-2014-000122-PAK,FL-2014-000122-PAK,0.4003307360930639,0.00010572783788210769,1.1660555615898873,0.00012328453337730565
FL-2011-000084-IND,FL-2011-000084-IND,0.41414963106096736,0.00014844746583594416,0.8290193075518719,0.0001230658153351446
FL-2021-000005-IDN,FL-2021-000005-IDN,0.4054356557602672,0.00012001054214438354,1.0205820190497432,0.00012248060140896926
FL-2013-000013-BWA,FL-2013-000013-BWA,0.4039165981332601,0.00011558913130845498,1.0534703310426612,0.0001217697204244517
FL-2010-000012-EGY,FL-2010-000012-EGY,0.40914646112520836,0.00013145829383545094,0.9242166188559036,0.00012149593984916634
FL-2009-000174-NER,FL-2009-000174-NER,0.4090621091746923,0.00013118752327642615,0.9234579036877298,0.00012114615523483376
FL-2013-000074-HTI,FL-2013-000074-HTI,0.39573677256548756,9.420285726626254e-05,1.2836627123722097,0.0001209246952716227
FL-2023-000067-COD,FL-2023-000067-COD,0.4050488837975469,0.00011887058421481099,1.0170068685630405,0.00012089220061656411
FL-2001-000524-MLI,FL-2001-000524-MLI,0.4066457840670643,0.00012364106599633293,0.9651997077307357,0.00011933832076317714
FL-2009-000122-IND,FL-2009-000122-IND,0.41657064624298173,0.00015735720760886568,0.7572559930408027,0.00011915968850997934
FL-2015-000093-GUY,FL-2015-000093-GUY,0.40375506785633447,0.0001151277098222537,1.034221533733351,0.0001190675566275794
Algeria: Floods - Jan 1985,Algeria: Floods - Jan 1985,0.39535015255711287,9.328656616323652e-05,1.2746999404289316,0.00011891238033109719
FL-1999-000651-CHN,FL-1999-000651-CHN,0.40382894822928056,0.000115338547679542,1.0240023009480381,0.00011810693821185601
FL-2021-000055-TJK,FL-2021-000055-TJK,0.3995691964481582,0.00010373373196909019,1.1378608539843575,0.00011803455284533341
FL-2009-000034-MAR,FL-2009-000034-MAR,0.4018695943701198,0.00010986300789946879,1.0737840903093678,0.00011796914999598198
FL-2007-000139-KEN,FL-2007-000139-KEN,0.403195606921871,0.00011354235962047478,1.0383627898563688,0.0001178981613023913
FF-2012-000079-GEO,FF-2012-000079-GEO,0.4006207620531411,0.00010649630193672819,1.0903447996921118,0.00011611768900315256
FL-2023-000085-HTI,FL-2023-000085-HTI,0.40125747134375206,0.00010820101125844709,1.0690779120906408,0.00011567531120227653
FL-2000-000255-ARG,FL-2000-000255-ARG,0.40558519487664596,0.00012045391918823225,0.9596824343263637,0.00011559751039071382
FL-2020-000185-PAK,FL-2020-000185-PAK,0.3990066333962746,0.00010228245840808032,1.124816762154381,0.00011504902369176704
FL-2004-000031-CHN,FL-2004-000031-CHN,0.4219195380926435,0.00017877071204453078,0.6434879492593721,0.00011503679888117286
FL-2021-000161-IND,FL-2021-000161-IND,0.4030441993462704,0.00011311670636616011,1.010338230289432,0.00011428613292615553
FL-2007-000093-SDN,FL-2007-000093-SDN,0.4005280959059106,0.00010625022541640675,1.0741772764800994,0.00011413157776319244
FL-2013-000019-PER,FL-2013-000019-PER,0.392695612880353,8.720883691383605e-05,1.3077998282489198,0.00011405170193770285
FL-2006-000115-HTI,FL-2006-000115-HTI,0.40750264459873126,0.0001262712022753356,0.9014960977071197,0.00011383299610400141
FL-2012-000164-CAF,FL-2012-000164-CAF,0.39836153182213474,0.00010064076677533364,1.1283063800150515,0.00011355361924221576
FL-2005-000160-MMR,FL-2005-000160-MMR,0.4154234870764061,0.00015307718560382587,0.7408779621824715,0.00011341151332679047
FL-2024-000031-MWI,FL-2024-000031-MWI,0.3993048363618296,0.0001030494560800593,1.0898465961995627,0.00011230809894906895
FL-2010-000031-PRT,FL-2010-000031-PRT,0.39330906952851225,8.858080272821949e-05,1.2669155831916283,0.00011222439934800478
FL-2023-000229-ETH,FL-2023-000229-ETH,0.40639004890814034,0.00012286569745845842,0.9110164433296456,0.00011193267070582107
Nigeria: Floods - Sep 1994,Nigeria: Floods - Sep 1994,0.4041669856013348,0.0001163076692164516,0.9617582522941903,0.0001118598606740253
FF-2009-000246-LKA,FF-2009-000246-LKA,0.39824549109523355,0.00010034798922827382,1.1085200076597403,0.00011123775378796563
FF-2012-000148-PAK,FF-2012-000148-PAK,0.39285685900204204,8.756759056707075e-05,1.2682719122340163,0.00011105951553822422
FL-2019-000032-BOL,FL-2019-000032-BOL,0.4023228790179032,0.0001111085050611524,0.9989982238811052,0.00011099719921417603
FL-2004-000094-CHN,FL-2004-000094-CHN,0.41793072836535455,0.00016257098544884954,0.6825809586803848,0.0001109678591012906
FL-2018-000140-MLI,FL-2018-000140-MLI,0.4033533925537678,0.0001139874769502449,0.9723384285301737,0.00011083440420992053
FL-2012-000051-TJK,FL-2012-000051-TJK,0.39313849834464315,8.819739230858652e-05,1.2564153914667016,0.00011081256118373499
FF-2018-000042-ETH,FF-2018-000042-ETH,0.39980800116668025,0.00010435537233839108,1.0606234402511923,0.00011068175401823845
FL-2014-000008-BOL,FL-2014-000008-BOL,0.4029088983155392,0.00011273754925083217,0.9806451897228388,0.00011055553537397019
FL-2019-000051-LBY,FL-2019-000051-LBY,0.3960705310258703,9.500037211614847e-05,1.1558008867153804,0.0001098015143301355
LS-2022-000224-GTM,LS-2022-000224-GTM,0.39562425228573783,9.393535167635057e-05,1.1665467743114344,0.00010957998149185695
FL-2009-000251-SAU,FL-2009-000251-SAU,0.4018765293046822,0.00010988196807831365,0.9956156226188847,0.00010940020406287866
FL-2001-000485-KHM,FL-2001-000485-KHM,0.4045493531400122,0.00011741270966723208,0.9268570532202833,0.00010882479809277939
China: Floods - May 1987,China: Floods - May 1987,0.39730270865199563,9.799755923618869e-05,1.1104745493488628,0.00010882379543009512
FL-1998-000112-TZA,FL-1998-000112-TZA,0.4085034379833095,0.0001294068182501814,0.840568897187044,0.00010877534650503922
FL-2010-000149-GTM,FL-2010-000149-GTM,0.3920424917651979,8.576920971041194e-05,1.266258028789791,0.00010860595041876444
FL-2013-000112-CAF,FL-2013-000112-CAF,0.3982303535912408,0.00010030985299511763,1.0824256912336399,0.000108577961965785
FL-2007-000197-COD,FL-2007-000197-COD,0.40369426581664225,0.00011495445483637483,0.938197452018096,0.00010784997662561616
1995-09-01T00:00:00+00:00,1995-09-01T00:00:00+00:00,0.39984725189798465,0.0001044578674033938,1.02827893467495,0.00010741182461197895
FL-1997-000026-MOZ,FL-1997-000026-MOZ,0.39765470473071274,9.886925243926271e-05,1.0827610863454504,0.00010705177917729867
ST-2012-000077-CHN,ST-2012-000077-CHN,0.40028062337285053,0.00010559556410128083,1.0110575814870275,0.00010676319565599938
FL-2013-000098-NER,FL-2013-000098-NER,0.39871594826717777,0.00010153974627195351,1.0461622636739756,0.00010622705081274801
FL-2013-000052-SOM,FL-2013-000052-SOM,0.3960756050579626,9.501254324954529e-05,1.11224014258995,0.00010567676465170804
FL-2012-000106-BGD,FL-2012-000106-BGD,0.3898296367623334,8.104916265066388e-05,1.2962702877560353,0.00010506162139156177
FL-2015-000164-COD,FL-2015-000164-COD,0.39690768302962,9.702754818732815e-05,1.0795665740230147,0.00010474769778244682
FL-2011-000187-COD,FL-2011-000187-COD,0.39647897720649966,9.59846185955379e-05,1.0853096249747856,0.00010417303041127107
FL-2012-000050-AFG,FL-2012-000050-AFG,0.3967949157142123,9.675223082113602e-05,1.0763489315759105,0.00010413916027191563
FL-2024-000058-TZA,FL-2024-000058-TZA,0.3944900546824359,9.127683838629828e-05,1.1379493905705245,0.00010386842261489238
FL-2009-000010-FJI,FL-2009-000010-FJI,0.3974731840655721,9.841886189640759e-05,1.0467452570561262,0.00010301947689492654
1988-08-01T00:00:00+00:00,1988-08-01T00:00:00+00:00,0.4068450657019145,0.0001242483218081072,0.8249538870093336,0.00010249913602998458
FL-2001-000332-IND,FL-2001-000332-IND,0.4155344971193423,0.00015348673282946433,0.6620849087194431,0.00010162124949504146
FL-2021-000145-BEN,FL-2021-000145-BEN,0.3967207377901778,9.657151164207726e-05,1.0516858033389702,0.00010156288780095675
FL-2017-000043-HTI,FL-2017-000043-HTI,0.397484042654212,9.84457522972779e-05,1.0311272816379908,0.00010151010095509915
FL-2021-000007-SYR,FL-2021-000007-SYR,0.3966993861963417,9.651954923676263e-05,1.0486817242043107,0.00010121828731303109
FL-2007-000125-PHL,FL-2007-000125-PHL,0.40313760650466157,0.00011337913257296405,0.8878873967487101,0.00010066790286583593
FL-2017-000137-SSD,FL-2017-000137-SSD,0.39828889505752396,0.00010045741010548755,1.0001222922331552,0.00010046969526650633
FL-2020-000192-TCD,FL-2020-000192-TCD,0.3885726446749391,7.847335710342148e-05,1.2732702189198974,9.991778857845275e-05
FL-2005-000196-LKA,FL-2005-000196-LKA,0.38863547729890013,7.860034175845915e-05,1.2685548662514894,9.97088460267235e-05
FL-2019-000171-LKA,FL-2019-000171-LKA,0.39451216524352833,9.132801055618215e-05,1.0913836782077029,9.967390008419799e-05
India: Floods - Oct 1988,India: Floods - Oct 1988,0.39999739674082335,0.00010485077591212113,0.9494561647783664,9.955121557155846e-05
FL-1999-000240-SRB,FL-1999-000240-SRB,0.4008277219541975,0.00010704774045726819,0.9277347612612893,9.931190993668416e-05
FL-2000-000741-LKA,FL-2000-000741-LKA,0.3972617840675233,9.789666259405884e-05,1.013293031042013,9.919800596883114e-05
FL-2011-000133-MEX,FL-2011-000133-MEX,0.4047588597998106,0.00011802218165591857,0.8391023593878815,9.903269108758642e-05
FL-2011-000148-KHM,FL-2011-000148-KHM,0.3929495502551856,8.777441839241281e-05,1.1234947898668675,9.861410174747034e-05
FL-2013-000108-SSD,FL-2013-000108-SSD,0.3915436012304562,8.468398945279186e-05,1.1472056468348109,9.71499508967424e-05
FL-2024-000043-CUB,FL-2024-000043-CUB,0.3866492534963376,7.467440317074695e-05,1.300069557704207,9.708191830201862e-05
FL-2008-000155-CHL,FL-2008-000155-CHL,0.3929893360700337,8.786332976273812e-05,1.1026017644863366,9.687826243003991e-05
FL-1997-000299-PRY,FL-1997-000299-PRY,0.39314241398123695,8.820617711132437e-05,1.0913298267640643,9.626203198642201e-05
FL-2023-000176-IDN,FL-2023-000176-IDN,0.39839162116702453,0.00010071680936451908,0.9542932210618613,9.611336842354035e-05
FL-2023-000036-PER,FL-2023-000036-PER,0.393781830344241,8.965132920667836e-05,1.0717795343349823,9.608645986964593e-05
FL-2016-000081-GTM,FL-2016-000081-GTM,0.3987315833640174,0.00010157957071211771,0.9441251390555963,9.59038263237859e-05
FL-2021-000039-BDI,FL-2021-000039-BDI,0.3958227042949629,9.440761279076298e-05,1.0111286560166783,9.545824263886713e-05
FL-2005-000171-SLV,FL-2005-000171-SLV,0.39313190309473806,8.818259752416662e-05,1.0823968914043698,9.544856943612062e-05
FL-2003-000578-COL,FL-2003-000578-COL,0.4086715220568904,0.000129940266480276,0.7317903843038479,9.508903754414558e-05
Mali: Floods - Sep 1989,Mali: Floods - Sep 1989,0.39751775995234595,9.8529292559657e-05,0.9644742111394081,9.502896171559915e-05
FL-2004-000043-IND,FL-2004-000043-IND,0.4090313974707946,0.0001310890631319434,0.7238181749939552,9.488464643783064e-05
FL-2005-000132-MKD,FL-2005-000132-MKD,0.39411980177364225,9.042375894820039e-05,1.0452123135987392,9.451202629454322e-05
FL-2017-000014-PER,FL-2017-000014-PER,0.3930101681605035,8.790991661255245e-05,1.074057448678672,9.442030075043289e-05
FL-2006-000010-BOL,FL-2006-000010-BOL,0.40241703107126464,0.00011136879643029207,0.8447911998200817,9.408337915886487e-05
FL-2011-000161-SOM,FL-2011-000161-SOM,0.3962963356532062,9.554337240712811e-05,0.9834528228611097,9.39623992994604e-05
FL-2003-000389-BFA,FL-2003-000389-BFA,0.39295866756016773,8.779478613943207e-05,1.0605355785233375,9.310949430971528e-05
afg-1991-flood,afg-1991-flood,0.38613262241631063,7.3682600554417e-05,1.2564334123624294,9.257728124632399e-05
FL-2009-000147-NIC,FL-2009-000147-NIC,0.39772099760740853,9.903420072939017e-05,0.933638952160343,9.246218739702491e-05
FL-2007-000149-CMR,FL-2007-000149-CMR,0.3936029349089806,8.924487405231155e-05,1.035118095353682,9.237898404910798e-05
FL-2014-000030-PRY,FL-2014-000030-PRY,0.40054020866039797,0.00010628236193981073,0.8630646431827305,9.172854878420056e-05
FL-2014-000123-SSD,FL-2014-000123-SSD,0.38634568419148085,7.409018031041556e-05,1.229472017724319,9.109180347980523e-05
FF-2023-000136-VNM,FF-2023-000136-VNM,0.38694283263104345,7.524334012038377e-05,1.2027362338812573,9.049789152103688e-05
FF-2012-000101-GAB,FF-2012-000101-GAB,0.38465303757906033,7.090741676121415e-05,1.2741047244558878,9.034347469442556e-05
FL-2022-000207-VEN,FL-2022-000207-VEN,0.39097067413414555,8.345297651564039e-05,1.080082826119319,9.013612672308203e-05
Lao PDR: Floods - Aug 1996,name=Lao PDR: Floods - Aug 1996,0.3932935045402172,8.854575360898964e-05,1.016133336585506,8.997429205518076e-05
FF-2007-000083-IND,FF-2007-000083-IND,0.3988364049315182,0.00010184692688121352,0.8813888050539815,8.976674118225302e-05
FL-2009-000113-CHN,FL-2009-000113-CHN,0.4118240240731211,0.00014031909637158717,0.6385622410411255,8.960247663990636e-05
FL-2007-000222-MYS,FL-2007-000222-MYS,0.3975713465110938,9.86621935324438e-05,0.9073504280824132,8.952118353721278e-05
FL-2006-000120-BFA,FL-2006-000120-BFA,0.38890989980128343,7.915711980243599e-05,1.130238094179754,8.946639222626372e-05
FL-1997-000049-TZA,FL-1997-000049-TZA,0.39848058695998756,0.00010094194864974298,0.8788540275887039,8.871323812347876e-05
Tanzania: Floods - May 1995,Tanzania: Floods - May 1995,0.392843876333405,8.753865656891958e-05,1.0095645424628938,8.83759237668177e-05
FL-2013-000038-KEN,FL-2013-000038-KEN,0.3858085711222199,7.306656940735595e-05,1.2057564114452748,8.81004845252306e-05
FL-2009-000217-IND,FL-2009-000217-IND,0.4062004719157842,0.00012229374264686167,0.7154666505101737,8.74970944299033e-05
FL-1997-000137-CHL,FL-1997-000137-CHL,0.3956844497003478,9.4078379780996e-05,0.9286157560049981,8.736266576405494e-05
FL-2024-000109-IND,FL-2024-000109-IND,0.3935710294810083,8.917255859860817e-05,0.9733927592934859,8.679992286755928e-05
Benin: Floods - Sep 1994,Benin: Floods - Sep 1994,0.3991473184055046,0.00010264366697213116,0.8448106334634848,8.67144613157411e-05
Iran: Floods - Feb 1993,Iran: Floods - Feb 1993,0.3973941708618311,9.822339117738158e-05,0.8761089187768762,8.605438904301394e-05
FL-2015-000155-NGA,FL-2015-000155-NGA,0.3872003309155724,7.574556300910543e-05,1.1309728897968445,8.566617828569693e-05
Namibia: Floods - Mar 2004,Namibia: Floods - Mar 2004,0.38964956637748915,8.067555702902255e-05,1.0587882424363562,8.541833123433281e-05
FL-2006-000192-IDN,FL-2006-000192-IDN,0.39694787359666495,9.712584231820599e-05,0.875300643790321,8.50143123098029e-05
FL-2006-000065-TZA,FL-2006-000065-TZA,0.3946971540229022,9.175715703786784e-05,0.9152295890668976,8.397886512971457e-05
FL-2023-000063-CMR,FL-2023-000063-CMR,0.38904110584872875,7.942457698097358e-05,1.0563752295074629,8.390215573680912e-05
Haiti: Floods - Jun 1986,Haiti: Floods - Jun 1986,0.3995751198260279,0.00010374911090944668,0.806982556058804,8.372372271053363e-05
Peru: Floods - Mar 1986,Peru: Floods - Mar 1986,0.3879401774532518,7.7205386451773e-05,1.083828272153741,8.367738059898697e-05
FL-2008-000168-NPL,FL-2008-000168-NPL,0.3983573484490125,0.00010063019853643963,0.8284146526395197,8.336353096561054e-05
FL-2016-000058-MMR,FL-2016-000058-MMR,0.3965134315066291,9.606806252553125e-05,0.8641831978719268,8.302040548667381e-05
FF-2013-000100-RUS,FF-2013-000100-RUS,0.38620770640994995,7.382600277188843e-05,1.1177984678138433,8.252259278323743e-05
Bolivia: Chapare River Floods - Jan 1987,Bolivia: Chapare River Floods - Jan 1987,0.3995843685243267,0.000103773127524316,0.7937364930631707,8.236851831534778e-05
FL-2007-000068-COL,FL-2007-000068-COL,0.39986344065572166,0.00010450016733744962,0.7818122360681077,8.169950949558292e-05
FL-2010-000161-MYS,FL-2010-000161-MYS,0.38644029679802727,7.427182062251658e-05,1.0886896565212916,8.085896288273855e-05
FL-2008-000187-BDI,FL-2008-000187-BDI,0.4046514680232461,0.00011770941544293367,0.6853457474951481,8.067164731395431e-05
Nepal: Floods and Landslides - Jul 1993,name=Nepal: Floods and Landslides - Jul 1993,0.3826903451351376,6.737131988888037e-05,1.1890383157151128,8.01070807281784e-05
FL-2022-000348-CRI,FL-2022-000348-CRI,0.3947797294105976,9.194930486582288e-05,0.869648665727101,7.99635902910973e-05
Pakistan: Floods - Jul 1993,Pakistan: Floods - Jul 1993,0.38709593321950836,7.554158397877408e-05,1.0550156272267153,7.969755160306592e-05
Indonesia: Floods and Landslides - Feb 1990,Indonesia: Floods and Landslides - Feb 1990,0.3842654195125592,7.019610834605469e-05,1.126768567319263,7.90947684324718e-05
FL-2020-000210-VNM,FL-2020-000210-VNM,0.381935916919825,6.605489547512016e-05,1.1895555246609049,7.85759658433278e-05
FL-2024-000074-ETH,FL-2024-000074-ETH,0.3849005214687039,7.13649547624303e-05,1.0897711550904126,7.777146918442872e-05
FL-2001-000096-UKR,FL-2001-000096-UKR,0.3855025626957118,7.248909778303886e-05,1.0716577207512192,7.768350130948368e-05
FF-2019-000029-IDN,FF-2019-000029-IDN,0.38039166910734773,6.34322285458962e-05,1.2237138559090974,7.762289698280575e-05
FL-2023-000104-IND,FL-2023-000104-IND,0.38754706997479205,7.642660674223236e-05,1.0105589096694154,7.723358837916353e-05
FL-2007-000107-TLS,FL-2007-000107-TLS,0.3881036963357303,7.753142928221558e-05,0.9959528083511522,7.721764472910137e-05
India: Floods - Nov 1992,India: Floods - Nov 1992,0.41347099982825863,0.0001460328437970954,0.5284357881003552,7.716898090045417e-05
FL-2010-000092-LKA,FL-2010-000092-LKA,0.38066164095318933,6.388386073041236e-05,1.2070220613503797,7.710922926584289e-05
FL-2010-000208-RUS,FL-2010-000208-RUS,0.3770739130974464,5.811187372819831e-05,1.3220723863339372,7.682810357417558e-05
1992-00001-AR,1992-00001-AR,0.3852955820112903,7.210083462797732e-05,1.0623696179080282,7.65977361345742e-05
FL-2023-000041-PRY,FL-2023-000041-PRY,0.3930225026043146,8.793751063343401e-05,0.8705618226000267,7.655503953195154e-05
FL-2009-000203-USA,FL-2009-000203-USA,0.3849909433933504,7.153278468829398e-05,1.0672358252351861,7.634235049818231e-05
FL-2007-000003-PHL,FL-2007-000003-PHL,0.39318343731083044,8.82982610620127e-05,0.8623711432091048,7.614587233542388e-05
FL-2015-000085-VEN,FL-2015-000085-VEN,0.38255214650964264,6.712842094494843e-05,1.1268991625176379,7.564696134399385e-05
FL-1993-000013-PHL,FL-1993-000013-PHL,0.38230282153861544,6.669219830908575e-05,1.133970277619954,7.5626970631639e-05
FL-2024-000198-SEN,FL-2024-000198-SEN,0.378007312963482,5.956649116044222e-05,1.257934930722009,7.493076993126404e-05
FL-2006-000058-TJK,FL-2006-000058-TJK,0.3756196183884888,5.5909121890988035e-05,1.3389011984588786,7.485679030462741e-05
FL-2001-000335-KOR,FL-2001-000335-KOR,0.3763183839850458,5.695795010770772e-05,1.3077777012476726,7.448833705963763e-05
FL-2013-000095-PHL,FL-2013-000095-PHL,0.3866189664524741,7.461592976505836e-05,0.9977142237080565,7.444537444180007e-05
FF-2020-000221-SOM,FF-2020-000221-SOM,0.37451809276386083,5.429102370127362e-05,1.35732395292219,7.369050689840503e-05
FL-2013-000051-ECU,FL-2013-000051-ECU,0.3745323341362382,5.4311671862661956e-05,1.3545163959289632,7.356605002828935e-05
FL-2025-000032-IRQ,FL-2025-000032-IRQ,0.3942329733552182,9.06837467298232e-05,0.8107511442535587,7.352195142640407e-05
FL-2016-000046-SOM,FL-2016-000046-SOM,0.38317027221516164,6.822099907285965e-05,1.0763349207071773,7.34286436276508e-05
FL-2021-000019-PER,FL-2021-000019-PER,0.3745704250923576,5.4366933595280084e-05,1.3456208053079868,7.315727696660662e-05
FL-2002-000350-CHN,FL-2002-000350-CHN,0.39945741957739284,0.00010344390866479681,0.706219895185805,7.305414633486279e-05
FL-2006-000009-GUY,FL-2006-000009-GUY,0.3870009242745976,7.535637913007236e-05,0.9682281522146716,7.296216772269821e-05
FL-2011-000096-PRK,FL-2011-000096-PRK,0.3897687636219006,8.092269069553563e-05,0.8967115844943416,7.256431419513927e-05
FL-2006-000001-IDN,FL-2006-000001-IDN,0.3911262900723214,8.378573544773721e-05,0.8487703672429272,7.111484944569466e-05
India: Floods - Aug 2003,India: Floods - Aug 2003,0.41128932820332265,0.00013850785684077905,0.512689258225858,7.101149038215234e-05
FL-2009-000266-ALB,FL-2009-000266-ALB,0.392095715365007,8.588572095629947e-05,0.8243171924381797,7.079707636922572e-05
FF-2019-000068-VNM,FF-2019-000068-VNM,0.3818041263212602,6.582732040888864e-05,1.0739024148338638,7.0692118349148e-05
FL-2002-000321-HTI,FL-2002-000321-HTI,0.3848037146359369,7.11856668446071e-05,0.9930427130308388,7.069040773227806e-05
Afghanistan: Flash Floods - Sep 1992,Afghanistan: Flash Floods - Sep 1992,0.38069821435018436,6.394526592544778e-05,1.103779548130716,7.058147672828923e-05
FL-2010-000136-YEM,FL-2010-000136-YEM,0.37271566105141113,5.1734042621979943e-05,1.363769613347829,7.05533153034977e-05
FL-2023-000217-PRY,FL-2023-000217-PRY,0.3767874848083704,5.7671957230176204e-05,1.2209609052027184,7.04152051045684e-05
FL-2007-000023-IDN,FL-2007-000023-IDN,0.3875837697870762,7.64990118226613e-05,0.916897628320032,7.014176250902423e-05
FL-2002-000734-MAR,FL-2002-000734-MAR,0.3812119137010258,6.481337669716102e-05,1.0757011498710427,6.971982384016114e-05
FL-2009-000123-BGD,FL-2009-000123-BGD,0.393984230585005,9.011319606971138e-05,0.7725988685349205,6.962135332352447e-05
FL-2014-000098-SDN,FL-2014-000098-SDN,0.38028016179433366,6.324652957108399e-05,1.100317560627309,6.95912671357981e-05
FL-2008-000074-BFA,FL-2008-000074-BFA,0.3797553891433773,6.237915061733594e-05,1.114930663460651,6.954842778389824e-05
FL-1997-000022-BOL,FL-1997-000022-BOL,0.38840806934539185,7.814162526363497e-05,0.8860824734618276,6.92399245939289e-05
FL-1997-000199-BEN,FL-1997-000199-BEN,0.3870051904400653,7.536468657096828e-05,0.9183529478927861,6.92113820794646e-05
FL-2011-000183-TZA,FL-2011-000183-TZA,0.37853002368666366,6.0395324538426386e-05,1.1441136258848459,6.909911374415102e-05
FL-2009-000032-SLB,FL-2009-000032-SLB,0.37905346530102924,6.123570371415019e-05,1.1239355242445161,6.882498275644526e-05
FL-2014-000006-PHL,FL-2014-000006-PHL,0.38328110504573243,6.841858683998747e-05,1.0048551818492002,6.87507715209609e-05
FL-2007-000141-NGA,FL-2007-000141-NGA,0.3833237666270149,6.849477915640767e-05,0.9935717537773818,6.805447785102643e-05
FL-2007-000147-NER,FL-2007-000147-NER,0.3829654881471316,6.785726985902958e-05,1.0023493119506208,6.80166877540459e-05
FL-2007-000177-SLE,FL-2007-000177-SLE,0.38044095488211,6.351446299513541e-05,1.0656581908077745,6.768470772552334e-05
FL-2022-000287-TCD,FL-2022-000287-TCD,0.38055522698004707,6.370549786964e-05,1.0617334466933017,6.763825782644568e-05
FL-2024-000209-PAN,FL-2024-000209-PAN,0.378843901485877,6.0897996516265376e-05,1.105818542180244,6.734213372931416e-05
FL-2005-000137-CAF,FL-2005-000137-CAF,0.38974424433873156,8.087179886006186e-05,0.8291581427948438,6.705551054728705e-05
FL-2019-000181-IDN,FL-2019-000181-IDN,0.38069785465491507,6.394466175366587e-05,1.0475272120348138,6.69837732513268e-05
FL-1998-000251-SDN,FL-1998-000251-SDN,0.3777185103046231,5.911295663985792e-05,1.131419011075252,6.68815229432023e-05
FL-2003-000621-BOL,FL-2003-000621-BOL,0.385102877663074,7.174103514783961e-05,0.9320569428848113,6.686672989928719e-05
FL-2025-000047-TZA,FL-2025-000047-TZA,0.37913841370465406,6.137307548027876e-05,1.084317683177047,6.654791101422589e-05
FL-2005-000002-GUY,FL-2005-000002-GUY,0.3805868046212185,6.375837904255816e-05,1.0423752684972483,6.646015747343589e-05
FL-2012-000066-COM,FL-2012-000066-COM,0.37751602328893963,5.879682777302332e-05,1.129673337592446,6.642120867019948e-05
FF-2012-000118-AFG,FF-2012-000118-AFG,0.3751948151405375,5.52800315002821e-05,1.1956061386296777,6.609314500537922e-05
FL-2004-000116-CAF,FL-2004-000116-CAF,0.38876455200798643,7.88617819250518e-05,0.8356212418186781,6.589858014424556e-05
FL-2008-000035-PRY,FL-2008-000035-PRY,0.38304028266157264,6.798991404199148e-05,0.9689476692755781,6.587866874523454e-05
FL-2003-000229-LKA,FL-2003-000229-LKA,0.3749902875819216,5.497942512885066e-05,1.1976431040334385,6.584572936929073e-05
FL-2015-000018-PNG,FL-2015-000018-PNG,0.3836636362376282,6.910450903321974e-05,0.9476670877822322,6.548806882813231e-05
FL-2010-000115-MMR,FL-2010-000115-MMR,0.3820988398185958,6.633720819384676e-05,0.9799014922135285,6.500392929842996e-05
FL-2001-000375-IRN,FL-2001-000375-IRN,0.38352386572546965,6.885317028845106e-05,0.9437442735893395,6.497978517819735e-05
Pakistan: Floods - Feb 1991,Pakistan: Floods - Feb 1991,0.39430492177942894,9.08493826376512e-05,0.7112268098685628,6.461451659190506e-05
FL-2023-000160-NER,FL-2023-000160-NER,0.3784906532405443,6.033253749036112e-05,1.068084370484078,6.444024032509939e-05
FL-1990-000004-VNM,FL-1990-000004-VNM,0.3699386641246635,4.800618999137443e-05,1.3388746942864604,6.427427294855917e-05
FL-2010-000249-IND,FL-2010-000249-IND,0.37451648623214057,5.4288694880055703e-05,1.1839008478756656,6.427243189856125e-05
FL-2017-000134-CAF,FL-2017-000134-CAF,0.37925656670841706,6.15646042334302e-05,1.0409891559456468,6.40880853970863e-05
FL-2011-000190-AGO,FL-2011-000190-AGO,0.38549364082117865,7.24723230233582e-05,0.8834264830455577,6.402396944666694e-05
FL-2013-000157-BRA,FL-2013-000157-BRA,0.3807608754822871,6.405059481117536e-05,0.991056400942879,6.347775197181408e-05
FL-2019-000153-COD,FL-2019-000153-COD,0.3746753223322511,5.451937845395756e-05,1.1527833414890951,6.284903127006177e-05
FF-2008-000233-PHL,FF-2008-000233-PHL,0.38364851135906436,6.907727132263e-05,0.9037156037455046,6.24262079584226e-05
FL-2009-000248-URY,FL-2009-000248-URY,0.38157559630533555,6.543436856242981e-05,0.9530636879457565,6.236312062051122e-05
FL-2002-000374-IND,FL-2002-000374-IND,0.39987093221318315,0.0001045197473974098,0.5937469444772157,6.205828065474248e-05
FL-2024-000162-CMR,FL-2024-000162-CMR,0.37332914946588125,5.2591917900018165e-05,1.17910520477484,6.201140412500249e-05
FL-2013-000070-IND,FL-2013-000070-IND,0.37669798195096516,5.753510844907538e-05,1.077139003407864,6.197330937580043e-05
FL-2002-000265-KEN,FL-2002-000265-KEN,0.38237284599161253,6.681445573443282e-05,0.9272835596446518,6.195594634914488e-05
FL-2019-000138-KEN,FL-2019-000138-KEN,0.37330862144512866,5.2563006659469584e-05,1.178206310642115,6.193006615251058e-05
FL-2022-000271-NGA,FL-2022-000271-NGA,0.37300752352589117,5.2140586951027805e-05,1.1840293642331243,6.17359860183674e-05
FF-2020-000055-SOM,FF-2020-000055-SOM,0.37839303004369534,6.0177103700131656e-05,1.018212889069999,6.127310261437599e-05
FL-2008-000095-SUR,FL-2008-000095-SUR,0.37791726916820045,5.9424751913326536e-05,1.0299679617320212,6.120559060459996e-05
FL-2011-000107-MMR,FL-2011-000107-MMR,0.3732046035068799,5.2416729696485555e-05,1.1654079728699487,6.108687470005326e-05
FL-2017-000064-IND,FL-2017-000064-IND,0.3786952264021958,6.065942748994249e-05,1.0042415418757316,6.0916716991798985e-05
FF-2008-000063-PHL,FF-2008-000063-PHL,0.3818207800851173,6.585603900513619e-05,0.9110661229691897,5.9999206130517155e-05
FL-2017-000160-HND,FL-2017-000160-HND,0.3712247116493487,4.970141872238342e-05,1.2060733944327546,5.994355878662863e-05
FF-2006-000049-IDN,FF-2006-000049-IDN,0.3798907492556118,6.26018520036916e-05,0.9546072289122487,5.976018046601875e-05
FL-2022-000261-GEO,FL-2022-000261-GEO,0.3762151708948151,5.680192383129025e-05,1.0491729788203328,5.959504362880044e-05
FL-1998-000111-TJK,FL-1998-000111-TJK,0.3765515073591017,5.73117809791851e-05,1.0388109267052203,5.953610431011389e-05
FL-2011-000002-BRA,FL-2011-000002-BRA,0.3836362356104254,6.905517158533698e-05,0.861750148294607,5.950830435417368e-05
FL-2016-000042-KEN,FL-2016-000042-KEN,0.3750888086207137,5.512404323588905e-05,1.0774902859535458,5.939562110915371e-05
Tunisia: Floods - Oct 1986,Tunisia: Floods - Oct 1986,0.37236357747467297,5.124741234229668e-05,1.1587436410513112,5.938261317197076e-05
Iran: Floods - May 1992,Iran: Floods - May 1992,0.38807561482312514,7.747534914001715e-05,0.7638289675273252,5.917791594243834e-05
FL-2000-000038-PHL,FL-2000-000038-PHL,0.3712340944598037,4.971398232660977e-05,1.1869100960213697,5.900602753688107e-05
FL-2001-000620-DZA,FL-2001-000620-DZA,0.3668374606318646,4.413029032155355e-05,1.33508580894901,5.8917724353105985e-05
Tanzania: Floods - Feb 1993,Tanzania: Floods - Feb 1993,0.38351676403076485,6.884042183923733e-05,0.8543614220163771,5.881460069477807e-05
FL-2018-000028-BWA,FL-2018-000028-BWA,0.36567382318864666,4.275025643866999e-05,1.3719368691424587,5.8650652973506147e-05
FL-2000-000002-AGO,FL-2000-000002-AGO,0.38214027905015135,6.640918708032867e-05,0.8697971671955873,5.776252279823167e-05
FL-2003-000316-IND,FL-2003-000316-IND,0.3915909178117297,8.478638255984845e-05,0.6806493039297219,5.770979227207996e-05
FL-2003-000273-TJK,FL-2003-000273-TJK,0.37669985779907833,5.753797359697467e-05,1.0016291954033019,5.7631714199074167e-05
FF-2007-000080-BGD,FF-2007-000080-BGD,0.3889278272410323,7.919361614517476e-05,0.7213395261756768,5.7125485546298784e-05
FL-2007-000076-KEN,FL-2007-000076-KEN,0.37855593914825775,6.0436685986937436e-05,0.9420505534012065,5.693441347972935e-05
FL-2014-000019-BDI,FL-2014-000019-BDI,0.3866925790930208,7.475812103433133e-05,0.7596781974796384,5.6792114634325464e-05
FL-2012-000191-HTI,FL-2012-000191-HTI,0.3883241520858441,7.79729609178017e-05,0.7267675710899211,5.6668219416920085e-05
FL-2005-000062-TZA,FL-2005-000062-TZA,0.382145511684032,6.641828102813268e-05,0.8523963030224688,5.6614697201487675e-05
1996-07-01-CO-Flood,1996-07-01-CO-Flood,0.38570798543947454,7.287629799191775e-05,0.7739776904641869,5.640462880936436e-05
FL-2013-000145-COL,FL-2013-000145-COL,0.38074553661018684,6.402479684028197e-05,0.8790758244423693,5.6282651067126075e-05
FL-2024-000218-MYS,FL-2024-000218-MYS,0.3764307168047212,5.7128200853830386e-05,0.9835826898124584,5.6190309459956876e-05
FL-2006-000133-NER,FL-2006-000133-NER,0.378457467820331,6.0279659808456986e-05,0.9314416156120189,5.6146983720532056e-05
FL-2006-000106-MRT,FL-2006-000106-MRT,0.3797210707357814,6.232280164059591e-05,0.8996315305030165,5.60675574251652e-05
FL-2015-000027-CHL,FL-2015-000027-CHL,0.3700934023917288,4.820736908337152e-05,1.155946805097162,5.5725154274063006e-05
FL-1999-000349-SLV,FL-1999-000349-SLV,0.37756081058962043,5.886661971145054e-05,0.9369157213719175,5.515306147168002e-05
Philippines: Floods - Feb 1989,Philippines: Floods - Feb 1989,0.3708292428709694,4.917447640603492e-05,1.1089965925561163,5.4534326775023866e-05
FL-2017-000054-BFA,FL-2017-000054-BFA,0.36587151346744373,4.2981935587591335e-05,1.26465349431215,5.435725503314713e-05
FL-2024-000159-NGA,FL-2024-000159-NGA,0.36980258875129224,4.782989974015557e-05,1.132341007881133,5.4159756878621295e-05
FL-1991-000011-CHN,FL-1991-000011-CHN,0.37868835908443,6.0648428313211056e-05,0.8927290395029112,5.414261315541407e-05
FL-2013-000125-BFA,FL-2013-000125-BFA,0.36883172300490974,4.658892333581153e-05,1.1601880124394874,5.4051910366670836e-05
FL-2013-000083-THA,FL-2013-000083-THA,0.3697697215916961,4.77874066800248e-05,1.1294300963517903,5.39725353310226e-05
FL-2016-000066-PAK,FL-2016-000066-PAK,0.36265248625431906,3.9346544005698615e-05,1.365086108875814,5.37114206544501e-05
FL-2019-000031-SYR,FL-2019-000031-SYR,0.3678451962120781,4.535768582395648e-05,1.178799139258512,5.3467601008037915e-05
Indonesia: Floods and Landslides - Mar 1984,Indonesia: Floods and Landslides - Mar 1984,0.36579232633511016,4.2888998503330826e-05,1.2434734814113138,5.3331332283181406e-05
FL-2017-000091-MMR,FL-2017-000091-MMR,0.3682572897724535,4.586839311777767e-05,1.1626994974476923,5.333115762677329e-05
FL-2000-000130-BOL,FL-2000-000130-BOL,0.37615099296510907,5.6705100709214344e-05,0.9399073873447525,5.329754305671873e-05
FL-2006-000068-CHN,FL-2006-000068-CHN,0.3890967618540529,7.953827451688494e-05,0.6678237967185123,5.31175524723054e-05
FL-2011-000181-VEN,FL-2011-000181-VEN,0.3800951189504709,6.293944743679039e-05,0.8434253806112476,5.308472740983655e-05
FL-2006-000044-COL,FL-2006-000044-COL,0.3824875100147415,6.701508611330137e-05,0.7903426324249347,5.296487957097029e-05
Paraguay: Floods - Feb 1990,name=Paraguay: Floods - Feb 1990,0.3664946202609125,4.3719585979946e-05,1.2090275213437827,5.285818267151051e-05
FL-2002-000614-LAO,FL-2002-000614-LAO,0.3683095714178432,4.5933554290719486e-05,1.1496745971340228,5.280864052411669e-05
FL-2008-000069-CHL,FL-2008-000069-CHL,0.372209213147226,5.103536068968709e-05,1.033221040168237,5.273080845715964e-05
FL-2011-000059-CHN,FL-2011-000059-CHN,0.36996660191354086,4.8042456616411516e-05,1.0913766390536792,5.24324148339014e-05
FL-2009-000186-TCD,FL-2009-000186-TCD,0.37494449861248746,5.491232823443515e-05,0.9539321905487659,5.238263756080757e-05
FL-2009-000261-PER,FL-2009-000261-PER,0.3761349932152369,5.668098555852016e-05,0.9204310126131963,5.217093693354267e-05
FL-2024-000024-DZA,FL-2024-000024-DZA,0.3675315540223409,4.4972425292250306e-05,1.1597469097454667,5.2156631256446156e-05
FL-2002-000500-IRN,FL-2002-000500-IRN,0.37565324184538695,5.595918890760577e-05,0.9286481080441721,5.196639490673452e-05
FL-2014-000054-TJK,FL-2014-000054-TJK,0.36997505331361746,4.8053432411525344e-05,1.080513117206162,5.192236404743287e-05
FL-2017-000174-ALB,FL-2017-000174-ALB,0.36927739307825247,4.715494171535452e-05,1.1009974778760738,5.191747189799859e-05
FL-2022-000332-BEN,FL-2022-000332-BEN,0.3692465188675949,4.711553166729697e-05,1.0977457972017661,5.172087687070197e-05
FL-2018-000124-MMR,FL-2018-000124-MMR,0.36901139634190266,4.6816375601374574e-05,1.1043679108475906,5.170250291634615e-05
FL-2012-000128-SSD,FL-2012-000128-SSD,0.3658465059158116,4.2952566194593764e-05,1.202591215503273,5.1654378788941305e-05
FL-2019-000118-SEN,FL-2019-000118-SEN,0.37124989526102403,4.9735146094556114e-05,1.0381953499928476,5.163479740658309e-05
FF-2014-000060-AFG,FF-2014-000060-AFG,0.3653907569813367,4.2420479309267776e-05,1.2150620330886253,5.154351383411286e-05
FF-2009-000229-SOM,FF-2009-000229-SOM,0.36692224185892014,4.4232387683145683e-05,1.1613045952754697,5.136727507644317e-05
FL-2024-000116-LBR,FL-2024-000116-LBR,0.3746995772980377,5.455468237891625e-05,0.9411318740645284,5.1343150466264556e-05
FF-2005-000072-TJK,FF-2005-000072-TJK,0.3604489812475761,3.702013720060309e-05,1.3809450525369613,5.1122775311412344e-05
FL-2024-000168-DZA,FL-2024-000168-DZA,0.37030514781637547,4.8483894170184696e-05,1.0502118589927467,5.0918360627677266e-05
FL-2019-000167-BDI,FL-2019-000167-BDI,0.3731532722121136,5.234467930215073e-05,0.9726765386670255,5.0914441481251466e-05
FL-2024-000104-MMR,FL-2024-000104-MMR,0.37858319030633736,6.0480206722937966e-05,0.8391419529408852,5.075147878375462e-05
FL-2011-000170-COL,FL-2011-000170-COL,0.3816336919379878,6.553406195571999e-05,0.7680165233769249,5.033124242600007e-05
FL-2006-000029-NAM,FL-2006-000029-NAM,0.36739346498980013,4.480374020092557e-05,1.1221814471307896,5.027792601554659e-05
FL-2000-000476-NPL,FL-2000-000476-NPL,0.37988033795991594,6.258469743967552e-05,0.8017257032301318,5.017576056626889e-05
FL-2009-000089-BRA,FL-2009-000089-BRA,0.3767630104653272,5.7634507186885085e-05,0.8672804440779367,4.998528098725473e-05
FL-2024-000144-MLI,FL-2024-000144-MLI,0.37042599366033213,4.8642349673690014e-05,1.0257206390657925,4.9893461992959064e-05
FL-2019-000135-GHA,FL-2019-000135-GHA,0.37044558953762985,4.8668088052603365e-05,1.0216323108198488,4.9720891260365055e-05
FL-2008-000038-ARG,FL-2008-000038-ARG,0.3712855376288511,4.978291565457283e-05,0.9962518718082016,4.959632290493801e-05
FL-1997-000295-COD,FL-1997-000295-COD,0.3706271087119294,4.890708930850704e-05,1.0129914858035072,4.954246506494937e-05
FL-2024-000008-ZAF,FL-2024-000008-ZAF,0.36637876449262513,4.3581576671100413e-05,1.1347418062917907,4.945383703280865e-05
Nepal: Floods - Aug 1987,Nepal: Floods - Aug 1987,0.3665210193366446,4.375108796601916e-05,1.1288267712275268,4.938739936637291e-05
FL-2004-000142-ALB,FL-2004-000142-ALB,0.3768464514541647,5.7762276520105025e-05,0.8548694500312184,4.9379205561293345e-05
FL-2019-000009-ARG,FL-2019-000009-ARG,0.36492225672223755,4.187969588039241e-05,1.1742632969134712,4.917778975824311e-05
FL-2014-000154-IDN,FL-2014-000154-IDN,0.37215818179426685,5.0965432349196664e-05,0.9628039097423366,4.9069717527515106e-05
FL-2019-000131-CIV,FL-2019-000131-CIV,0.36680669034964264,4.409328785601304e-05,1.1114192483318486,4.900612884540984e-05
FL-2020-000165-NPL,FL-2020-000165-NPL,0.3677758798643024,4.527228673656611e-05,1.0774034394387852,4.877651744123522e-05
FL-2010-000014-SLB,FL-2010-000014-SLB,0.3622718197134902,3.8935479351930036e-05,1.2512366729504776,4.871749964404095e-05
FL-2004-000022-AFG,FL-2004-000022-AFG,0.36758789540368253,4.504141412220648e-05,1.0740305380391386,4.837585424371708e-05
FL-1999-000371-IND,FL-1999-000371-IND,0.38311682759637694,6.812590407395894e-05,0.709212471829804,4.8315740823932534e-05
FL-2021-000190-EGY,FL-2021-000190-EGY,0.3653749406820499,4.240212076271071e-05,1.1389708836250705,4.829478095268157e-05
FL-2002-000607-ALB,FL-2002-000607-ALB,0.37934627393107245,6.171038079573963e-05,0.7786781247788098,4.8052523597412816e-05
FL-2022-000379-MYS,FL-2022-000379-MYS,0.3656554143638589,4.272873989382512e-05,1.122068941813632,4.7944591957694275e-05
FL-2019-000108-MRT,FL-2019-000108-MRT,0.37122798591315087,4.970580264431477e-05,0.962366664364851,4.783520749038679e-05
FL-2020-000176-SDN,FL-2020-000176-SDN,0.3693834986203871,4.729060869891688e-05,1.0057698073879717,4.756346640236957e-05
Costa Rica: Floods - Feb 1988,name=Costa Rica: Floods - Feb 1988,0.3838007557718299,6.935188280266713e-05,0.684416433779701,4.746556830370921e-05
FL-2016-000117-ALB,FL-2016-000117-ALB,0.3653821091688979,4.241044059662601e-05,1.116507802929084,4.735158785179334e-05
2012-000025-VUT,2012-000025-VUT,0.36048212255730117,3.705418927593012e-05,1.277534232696297,4.733799526480875e-05
1987-07-01-CO-Flood,1987-07-01-CO-Flood,0.3870303103297015,7.541361887778102e-05,0.6275028689316593,4.732226220232633e-05
FL-2007-000131-SEN,FL-2007-000131-SEN,0.36674035191698495,4.4013608278812655e-05,1.067501640440192,4.698459903932452e-05
FF-2008-000123-PAK,FF-2008-000123-PAK,0.3711175378383053,4.955811534394243e-05,0.9434455865501481,4.675538519898566e-05
FL-2003-000204-KEN,FL-2003-000204-KEN,0.36428376406804464,4.1152682921831724e-05,1.1287613663778198,4.645155860495994e-05
Guyana: Floods - Jul 1996,Guyana: Floods - Jul 1996,0.3695668327087206,4.752584850725143e-05,0.975512874914735,4.636207711007101e-05
FL-2009-000135-MEX,FL-2009-000135-MEX,0.37292848475506396,5.203020846702932e-05,0.8826021815410172,4.5921975499033984e-05
Cuba: Floods - May 1994,Cuba: Floods - May 1994,0.3728192240295801,5.187797098919043e-05,0.8829805422163315,4.580723895311848e-05
Togo: Floods - Sep 1995,Togo: Floods - Sep 1995,0.370568683424065,4.8830047328064846e-05,0.937832522926336,4.5794406480291445e-05
Brazil: Floods - Jan 1985,Brazil: Floods - Jan 1985,0.3636145595703653,4.0402909972163434e-05,1.1328349068786117,4.5769826755940694e-05
FL-2012-000068-DOM,FL-2012-000068-DOM,0.35836473172234895,3.4934346400212864e-05,1.3071503900505754,4.566444452320016e-05
FL-2001-000407-IDN,FL-2001-000407-IDN,0.37274153290035583,5.176996473741272e-05,0.8809214759172519,4.5605273744665697e-05
FL-2007-000174-CAF,FL-2007-000174-CAF,0.37367183726694786,5.307667073758424e-05,0.8591414557936258,4.560036816616706e-05
FL-2006-000164-TZA,FL-2006-000164-TZA,0.3654352354527721,4.247214542078661e-05,1.066054638511988,4.527762763338525e-05
FL-2014-000014-SYC,FL-2014-000014-SYC,0.36518493302321114,4.218213031122754e-05,1.0720586098274476,4.522171598101483e-05
FL-2006-000086-CHL,FL-2006-000086-CHL,0.36841014832575153,4.605914255801637e-05,0.9816818094129864,4.52154224063642e-05
FL-2010-000139-SDN,FL-2010-000139-SDN,0.376196681235892,5.677401384686158e-05,0.793326664779713,4.504033905128794e-05
FF-2007-000100-MLI,FF-2007-000100-MLI,0.36630874854691436,4.349836271749946e-05,1.032850525424288,4.492730678786557e-05
FF-2020-000191-AFG,FF-2020-000191-AFG,0.35985595735876863,3.641555787509921e-05,1.231578444091277,4.484861610853053e-05
FL-2008-000234-BRA,FL-2008-000234-BRA,0.3679129161444208,4.544125808113966e-05,0.9860207753496221,4.48060245260276e-05
FL-2007-000022-ARG,FL-2007-000022-ARG,0.3726224433562717,5.16047992138548e-05,0.8666786317016433,4.472477677190172e-05
FL-2007-000144-LBR,FL-2007-000144-LBR,0.3667106982352414,4.397803295331683e-05,1.013217513020149,4.455931317647784e-05
FL-2019-000087-PAK,FL-2019-000087-PAK,0.36354680811035484,4.032769125487675e-05,1.0947940580011841,4.415051675874538e-05
FL-2012-000042-COL,FL-2012-000042-COL,0.36364722967486557,4.043922593006366e-05,1.0883756360583356,4.401306824333978e-05
FL-1997-000522-MDA,FL-1997-000522-MDA,0.37028630970053467,4.8459235151469285e-05,0.9078244357618784,4.399247780883479e-05
FF-2007-000049-TJK,FF-2007-000049-TJK,0.3678267943443235,4.5335000241220644e-05,0.9615243720808555,4.359070764022511e-05
FL-1997-000097-AFG,FL-1997-000097-AFG,0.3544737696995869,3.132139081171482e-05,1.3915845675709566,4.35863640884411e-05
LS-2010-000190-COL,LS-2010-000190-COL,0.3743427943822609,5.403744161895581e-05,0.8035449578867475,4.342151375001143e-05
FF-2012-000081-ETH,FF-2012-000081-ETH,0.36578521389841345,4.288065993044338e-05,1.0102119573051023,4.331855539886767e-05
FL-2011-000129-MLI,FL-2011-000129-MLI,0.3696371870864368,4.761640093356063e-05,0.9069557018258996,4.31859663271209e-05
FL-2008-000011-TZA,FL-2008-000011-TZA,0.36951599368093097,4.746051058810024e-05,0.9097876410731471,4.317898597207484e-05
FL-2010-000075-TJK,FL-2010-000075-TJK,0.36352436453832926,4.0302801859026215e-05,1.0707477241626986,4.3154133367932496e-05
FL-2007-000217-SRB,FL-2007-000217-SRB,0.3631715647878516,3.991336766332051e-05,1.0803231417321983,4.311933475115075e-05
FL-2021-000129-VEN,FL-2021-000129-VEN,0.3582291592744493,3.4802411535381825e-05,1.2359545412754298,4.301419858449157e-05
FL-2005-000051-AGO,FL-2005-000051-AGO,0.36742349035828237,4.484036969435216e-05,0.9581450089193589,4.2963576420742404e-05
FL-2015-000068-BGD,FL-2015-000068-BGD,0.3650904528519963,4.207312422077355e-05,1.0178976147086904,4.2826132787667824e-05
FL-2001-000025-MWI,FL-2001-000025-MWI,0.3669257971503466,4.42366737652596e-05,0.9654424418241856,4.270796233811212e-05
FL-2015-000169-KEN,FL-2015-000169-KEN,0.3640692615078973,4.091100313532606e-05,1.0437478752458738,4.270077259667385e-05
FL-2002-000478-PRK,FL-2002-000478-PRK,0.3704948702626594,4.873287043948563e-05,0.874770461579816,4.263007556845821e-05
FL-2007-000051-TUN,FL-2007-000051-TUN,0.36223560183570813,3.889657137963581e-05,1.093065903907382,4.251651595397962e-05
FL-2010-000102-CRI,FL-2010-000102-CRI,0.36775150145059654,4.524228647161147e-05,0.9388100029975206,4.247391109802825e-05
FL-2011-000020-BOL,FL-2011-000020-BOL,0.36554093128993026,4.259514878370325e-05,0.9970007790304958,4.246739652027201e-05
FL-2011-000022-AFG,FL-2011-000022-AFG,0.3548160872106177,3.1625181258534416e-05,1.338976142877644,4.2345363219358774e-05
FL-2023-000146-MRT,FL-2023-000146-MRT,0.363352468087002,4.011263068621125e-05,1.0535873745404762,4.226216125059705e-05
FL-2009-000140-MNG,FL-2009-000140-MNG,0.362953207724865,3.96740366192999e-05,1.0589605890169638,4.201324118705441e-05
FL-1999-000265-TCD,FL-1999-000265-TCD,0.3599998282061374,3.656140992723202e-05,1.1454311201477374,4.187857672712998e-05
FL-2001-000492-VNM,FL-2001-000492-VNM,0.363770925613656,4.057699218626067e-05,1.0278730882613472,4.170799827084831e-05
FL-2022-000382-ZAF,FL-2022-000382-ZAF,0.368383724807147,4.602611817242401e-05,0.904559089993309,4.1633343569972364e-05
FL-2010-000179-ETH,FL-2010-000179-ETH,0.3635943743817936,4.0380486869515444e-05,1.030549003575644,4.1614070507278515e-05
FL-2009-000129-CAF,FL-2009-000129-CAF,0.36781535289421957,4.53209005194905e-05,0.9175805861754851,4.158557846467494e-05
2011-06-30T00:00:00+00:00,2011-06-30T00:00:00+00:00,0.3571979500738885,3.381345733489673e-05,1.2293298445416447,4.1567892248924135e-05
FL-2023-000052-ETH,FL-2023-000052-ETH,0.3606223819968365,3.719861555146672e-05,1.1124995665878057,4.138344367867313e-05
FF-2007-000070-CHN,FF-2007-000070-CHN,0.37918871463939163,6.145454880735974e-05,0.6717253779144738,4.12805800221872e-05
FL-1999-000423-TGO,FL-1999-000423-TGO,0.3634124315191491,4.017887705140101e-05,1.0262432439346245,4.1233301122880215e-05
FL-2009-000268-AGO,FL-2009-000268-AGO,0.3704216990594154,4.8636710528899985e-05,0.8462892322451147,4.1160724412430655e-05
FL-2007-000088-ECU,FL-2007-000088-ECU,0.36152118061113603,3.8136204336534864e-05,1.0783214306239797,4.112308641874069e-05
FL-2023-000119-PAK,FL-2023-000119-PAK,0.36201334450104133,3.865857109294427e-05,1.0619284545586885,4.10526366561775e-05
FF-2016-000079-MKD,FF-2016-000079-MKD,0.35634956336362766,3.3018877870758015e-05,1.242997967664418,4.104239808791184e-05
FL-2008-000091-SOM,FL-2008-000091-SOM,0.3646261697525712,4.154113457665632e-05,0.9854190784086135,4.0935426550576856e-05
FL-2019-000020-COL,FL-2019-000020-COL,0.3628136746407692,3.9521778048982145e-05,1.0283585650027902,4.064255896081005e-05
FL-2023-000042-SYR,FL-2023-000042-SYR,0.3657187942956026,4.280286044092027e-05,0.9456166805369497,4.047509880762934e-05
FL-2018-000419-PRY,FL-2018-000419-PRY,0.35970811300442856,3.6266223347570705e-05,1.1119284382912396,4.032544508958558e-05
Chad: Floods - Sep 1988,Chad: Floods - Sep 1988,0.3603866925322212,3.695621291317665e-05,1.0852717500654687,4.0107533864075296e-05
FL-2007-000221-KEN,FL-2007-000221-KEN,0.3642042638267161,4.106296063834942e-05,0.974842278689549,4.0029910118427805e-05
FL-2023-000200-ZAF,FL-2023-000200-ZAF,0.35793112116471204,3.4513945412749877e-05,1.1520700678179971,3.97624834323334e-05
FL-2006-000085-UKR,FL-2006-000085-UKR,0.36038282699828245,3.6952249154159775e-05,1.0750292725240695,3.9724749526324545e-05
FL-2023-000108-SRB,FL-2023-000108-SRB,0.35257765969593197,2.9685741903777468e-05,1.3327736774425698,3.956437540470849e-05
Paraguay: Floods - Jun 1995,Paraguay: Floods - Jun 1995,0.3617595493246505,3.8388402493446144e-05,1.0277326980250474,3.945301646746086e-05
FL-2017-000057-LKA,FL-2017-000057-LKA,0.3671925812200282,4.455936375256187e-05,0.8831246219930485,3.935147127023195e-05
FL-1999-000213-IND,FL-1999-000213-IND,0.3609637674260344,3.755226247372836e-05,1.046094414060121,3.9283212009086735e-05
IND-2018-000413,IND-2018-000413,0.3655242095211081,4.257566752824911e-05,0.9221733186742626,3.926214461929752e-05
FL-2009-000100-DOM,FL-2009-000100-DOM,0.3648758196774568,4.182643368508926e-05,0.9379811605173907,3.923240680824371e-05
FL-2020-000050-AFG,FL-2020-000050-AFG,0.3530370605971892,3.0074816416190817e-05,1.297519598929159,3.9022663734204e-05
FL-2007-000077-CHN,FL-2007-000077-CHN,0.3822854342616954,6.666187265206638e-05,0.5852259909488726,3.90122604813131e-05
FL-2006-000178-JAM,FL-2006-000178-JAM,0.3581405705088022,3.47164421529048e-05,1.1200515235065662,3.88842039240886e-05
FL-2018-000015-BOL,FL-2018-000015-BOL,0.3629139855239158,3.9631184083299616e-05,0.980600451614799,3.886235701011284e-05
FL-2024-000039-KAZ,FL-2024-000039-KAZ,0.35516948655085945,3.1941585854902186e-05,1.2154593718752695,3.882369987989941e-05
FL-2016-000054-HTI,FL-2016-000054-HTI,0.35651323029950016,3.3170843299483205e-05,1.16982926460923,3.880422322350244e-05
FL-2005-000065-GEO,FL-2005-000065-GEO,0.3569088164754252,3.3540749390904326e-05,1.1559686487957939,3.877205475300202e-05
FL-2022-000336-VNM,FL-2022-000336-VNM,0.35626485867619617,3.2940475530932956e-05,1.1722090372300906,3.861312310801628e-05
FL-2005-000105-HTI,FL-2005-000105-HTI,0.36202587943200126,3.867195894284887e-05,0.9972865856131765,3.85670258930867e-05
FL-2006-000125-THA,FL-2006-000125-THA,0.35844967231820835,3.501723712337735e-05,1.0964339239819898,3.8394086706192436e-05
FL-2009-000166-SDN,FL-2009-000166-SDN,0.3606460722852669,3.7223059583036055e-05,1.0246063390097677,3.813898280611702e-05
FL-2012-000110-IND,FL-2012-000110-IND,0.36486871446223845,4.181828955065857e-05,0.9076110411740193,3.7954741319189834e-05
FL-1999-000247-KOR,FL-1999-000247-KOR,0.35292040901627764,2.997558992134515e-05,1.2639620274706846,3.788800741161324e-05
FL-2001-000320-TLS,FL-2001-000320-TLS,0.36284054682659583,3.955106003811549e-05,0.9542028064575442,3.773973248674063e-05
FL-2024-000165-CAF,FL-2024-000165-CAF,0.35913265950691303,3.5690202856710344e-05,1.047691057383914,3.739230636919325e-05
FL-2003-000293-TLS,FL-2003-000293-TLS,0.35832189054757124,3.489260614397759e-05,1.0697950005147083,3.732793560775602e-05
FL-2021-000057-LKA,FL-2021-000057-LKA,0.3562375726354833,3.291525537744565e-05,1.1314393379937777,3.724161475415324e-05
FL-2015-000161-ETH,FL-2015-000161-ETH,0.3662559843232085,4.34357469537416e-05,0.8569191129543197,3.7220921750108545e-05
FL-2021-000095-MMR,FL-2021-000095-MMR,0.35829403198681586,3.4865487572732425e-05,1.0619657406518828,3.70259533333658e-05
FL-2005-000038-MDG,FL-2005-000038-MDG,0.3574808526159803,3.408221806733767e-05,1.0792517862358992,3.678329472805562e-05
FL-2023-000196-LKA,FL-2023-000196-LKA,0.35604830225006195,3.274079288922832e-05,1.1173802450335497,3.6583915181158645e-05
FL-2002-000367-SRB,FL-2002-000367-SRB,0.3652546694642522,4.226275140191638e-05,0.8641325154688277,3.6520617679571725e-05
FL-2015-000151-BLZ,FL-2015-000151-BLZ,0.35223584689733634,2.9399200392529638e-05,1.2418606118182705,3.650970898643479e-05
FL-2012-000151-TCD,FL-2012-000151-TCD,0.35576875527399127,3.2484638878599034e-05,1.1222690061354306,3.645650338895371e-05
FL-2012-000173-SOM,FL-2012-000173-SOM,0.35072265807575326,2.8160362389832462e-05,1.2873846983559718,3.6253219640829314e-05
China: Floods - Jun 1994,China: Floods - Jun 1994,0.36053718564650067,3.7110827900219756e-05,0.9760523910513278,3.622211230590382e-05
FL-2003-000482-MEX,FL-2003-000482-MEX,0.3596386539318067,3.619625465924146e-05,1.0003169105139786,3.620772563290962e-05
FL-2024-000075-UGA,FL-2024-000075-UGA,0.35551884716078164,3.2257171988485946e-05,1.1215173808366035,3.617697904172261e-05
FL-2016-000084-PHL,FL-2016-000084-PHL,0.35897367973423466,3.553252488989559e-05,1.015846385922298,3.609558699209453e-05
FL-2001-000450-THA,FL-2001-000450-THA,0.35184229692836705,2.90723723467205e-05,1.2397633775051489,3.60428625326575e-05
FL-2019-000116-ETH,FL-2019-000116-ETH,0.3493442956591754,2.7073011129973157e-05,1.3310225871226296,3.603478931541662e-05
FL-2003-000455-NGA,FL-2003-000455-NGA,0.3593853763782616,3.5942146837198185e-05,1.0019534687985443,3.601235869959735e-05
FL-2014-000004-COL,FL-2014-000004-COL,0.3543390796258391,3.120258161644292e-05,1.1530726697303297,3.597884408695034e-05
FL-2022-000276-GMB,FL-2022-000276-GMB,0.3503997036535874,2.7902126411440955e-05,1.2833775557524247,3.580896279421026e-05
FL-2012-000063-RUS,FL-2012-000063-RUS,0.35548141864902166,3.222322818689258e-05,1.1108712268830492,3.579585703010581e-05
FL-2007-000040-HTI,FL-2007-000040-HTI,0.3585186311593729,3.508466192057277e-05,1.019159487257912,3.575686605358813e-05
FL-2002-000373-GHA,FL-2002-000373-GHA,0.36786272267177555,4.537930171369402e-05,0.7873144358723436,3.5727779328997886e-05
FL-1998-000224-SVK,FL-1998-000224-SVK,0.3519170673726832,2.9134213522656193e-05,1.2251616258519693,3.569412040733589e-05
FL-2019-000145-TZA,FL-2019-000145-TZA,0.35451013002481924,3.135353371993845e-05,1.1357699773076055,3.5610402281607744e-05
FL-2013-000045-AFG,FL-2013-000045-AFG,0.35231077994629856,2.946180281827532e-05,1.2079080109237867,3.5587147640451754e-05
FL-2023-000040-TUR,FL-2023-000040-TUR,0.3559804697829507,3.2678470285662126e-05,1.085836144445525,3.548346418136101e-05
FL-2023-000018-MOZ,FL-2023-000018-MOZ,0.3553368234899023,3.209239705713835e-05,1.105614086557909,3.5481806257781744e-05
FL-2017-000078-NER,FL-2017-000078-NER,0.34751364867239193,2.5687312116472055e-05,1.3737310931814115,3.5287459354653276e-05
FL-2000-000484-BTN,FL-2000-000484-BTN,0.3564959666721792,3.315478430754385e-05,1.0601525816656658,3.514913017821092e-05
FL-1997-000530-PER,FL-1997-000530-PER,0.3579888082079504,3.456961120860912e-05,1.015600331174714,3.510890859204453e-05
FL-2012-000089-CUB,FL-2012-000089-CUB,0.3507876528542014,2.8212591795056238e-05,1.2438427371737373,3.5092027401128074e-05
FL-2019-000058-TJK,FL-2019-000058-TJK,0.3605240234254723,3.709728198315538e-05,0.9455169340537894,3.507610832244196e-05
FL-2023-000110-CHL,FL-2023-000110-CHL,0.35923664276186673,3.5793675000263225e-05,0.978626075734756,3.502862370163284e-05
FL-1998-000085-IRN,FL-1998-000085-IRN,0.36357690614166227,4.03610909818971e-05,0.8666405740383654,3.4978559057365996e-05
Indonesia: Floods and Landslides - Jan 1989,Indonesia: Floods and Landslides - Jan 1989,0.34649847592867733,2.4946710494646005e-05,1.3981220969467434,3.48785471886978e-05
FL-2012-000183-COL,FL-2012-000183-COL,0.3545512845633253,3.138995057749608e-05,1.1081396423212708,3.478444860542887e-05
FL-2008-000099-NIC,FL-2008-000099-NIC,0.35286447174609775,2.9928113005755766e-05,1.1525087365452498,3.449241170744703e-05
FL-2019-000034-BOL,FL-2019-000034-BOL,0.35084546879498185,2.8259125583661822e-05,1.2187179470762803,3.443990351749113e-05
FL-2008-000010-BRA,FL-2008-000010-BRA,0.3604522745660104,3.702351976289286e-05,0.9286542498207508,3.438204897113301e-05
FL-2014-000073-RUS,FL-2014-000073-RUS,0.34937392410376217,2.7095980945836127e-05,1.256795117141143,3.405409654687629e-05
FL-2019-000067-UGA,FL-2019-000067-UGA,0.35540037543048797,3.214984048055943e-05,1.0531125508651717,3.38574005183903e-05
FL-2011-000156-HTI,FL-2011-000156-HTI,0.35860371774736566,3.516801670590066e-05,0.9608791245942916,3.379221310608325e-05
China: Floods and Landslides - Jul 1989,name=China: Floods and Landslides - Jul 1989,0.35157337315178705,2.8850926085337478e-05,1.1642613331648382,3.3590017667155216e-05
FL-2011-000061-DOM,FL-2011-000061-DOM,0.3558325869269494,3.254296955317467e-05,1.0300527521279053,3.35209753506622e-05
FL-2000-000083-ZWE,FL-2000-000083-ZWE,0.35753863522972995,3.413734808909042e-05,0.9759490430199813,3.331631219878778e-05
FL-2018-000043-TZA,FL-2018-000043-TZA,0.3600278371193282,3.658986560640343e-05,0.9072074068086312,3.319459709226158e-05
FL-2009-000265-MAR,FL-2009-000265-MAR,0.3545441283823716,3.138361547804272e-05,1.0552948747389153,3.3118968564755374e-05
FL-2019-000011-IDN,FL-2019-000011-IDN,0.35671830867985144,3.3362147806984585e-05,0.9907720767246441,3.3054284466720645e-05
FF-2009-000159-PAK,FF-2009-000159-PAK,0.3611514461160954,3.774796832384955e-05,0.8753042401744937,3.304095673183799e-05
FL-2004-000020-KEN,FL-2004-000020-KEN,0.35532652602915427,3.2083098074181525e-05,1.0260180821960077,3.2917838756978155e-05
FF-2018-000158-TUN,FF-2018-000158-TUN,0.3535661471959651,3.052859099729866e-05,1.0728594544762617,3.2752887483290756e-05
China: Floods - Aug 1985,China: Floods - Aug 1985,0.38071318959691103,6.397042405918928e-05,0.5116338983381565,3.272943743974801e-05
FL-2010-000162-HND,FL-2010-000162-HND,0.34878400231539447,2.6641923026817235e-05,1.2241609596770127,3.261400206014969e-05
FL-1999-000229-TJK,FL-1999-000229-TJK,0.35800897963158657,3.4589094921361173e-05,0.9422253837707331,3.2590723236561844e-05
FL-2024-000098-SLV,FL-2024-000098-SLV,0.3467227523627583,2.5108653020364936e-05,1.2955779011577304,3.253021598102211e-05
Bangladesh: Floods - Jun 1993,Bangladesh: Floods - Jun 1993,0.35588727456998537,3.259301920333306e-05,0.9963714048033698,3.247475233040817e-05
FL-2019-000120-PHL,FL-2019-000120-PHL,0.3484628238466486,2.6397604454142316e-05,1.2286625910741495,3.243374908677701e-05
FL-2008-000154-MEX,FL-2008-000154-MEX,0.3556164436042178,3.234583331236668e-05,1.0007930921827906,3.2371486539912565e-05
FF-2008-000186-COD,FF-2008-000186-COD,0.3544784535640652,3.132552973216334e-05,1.0305191131072475,3.228155711720368e-05
FL-2001-000227-RUS,FL-2001-000227-RUS,0.3605000568080935,3.707262813537484e-05,0.869164657517399,3.222221813655297e-05
FL-2019-000081-MMR,FL-2019-000081-MMR,0.35414318420767044,3.10305074957409e-05,1.0383332562250227,3.222000789036762e-05
FL-2003-000051-PER,FL-2003-000051-PER,0.3563830102512746,3.304988240630436e-05,0.9636886445289713,3.1849796377973345e-05
FL-2014-000163-COL,FL-2014-000163-COL,0.35499827410466145,3.178794233442212e-05,0.9955467519351162,3.164638274173472e-05
FL-2015-000106-BFA,FL-2015-000106-BFA,0.3468056015088725,2.516871451582275e-05,1.2559695979615333,3.1611140251646505e-05
FL-2023-000056-TZA,FL-2023-000056-TZA,0.3471306390784603,2.540560131789017e-05,1.243845119381568,3.160063320421162e-05
FL-2007-000200-MEX,FL-2007-000200-MEX,0.3517024833496156,2.89570521685581e-05,1.0804286921791404,3.128603000383837e-05
FL-2005-000109-PRK,FL-2005-000109-PRK,0.3614346082049771,3.804497904543735e-05,0.8195300266309831,3.1179002690282466e-05
FL-2002-000296-PRY,FL-2002-000296-PRY,0.35672339643161877,3.3366906441932403e-05,0.9287123335884037,3.098825754631298e-05
FL-2000-000258-IDN,FL-2000-000258-IDN,0.3609222853408325,3.750912958994797e-05,0.8250221660756472,3.0945863341911026e-05
FL-2019-000098-CAF,FL-2019-000098-CAF,0.3478184412504467,2.5913498200951536e-05,1.186559142506317,3.0747898204660045e-05
FL-1997-000025-MWI,FL-1997-000025-MWI,0.3537200770123453,3.066176204975449e-05,0.9993439480764741,3.064164634178306e-05
FL-2009-000039-CRI,FL-2009-000039-CRI,0.36566270492909525,4.273726006349817e-05,0.7165421116254692,3.062304657098581e-05
FL-2022-000333-THA,FL-2022-000333-THA,0.3524160109781099,2.95499200858593e-05,1.0333160681612519,3.053440723759933e-05
FL-2001-000521-TCD,FL-2001-000521-TCD,0.3525052158908134,2.962480325065461e-05,1.0298042380611858,3.0507747939252912e-05
FL-2009-000136-BIH,FL-2009-000136-BIH,0.35858402869412254,3.5148712558572344e-05,0.8669569720381771,3.0472421410820128e-05
Djibouti: Floods - Apr 2004,Djibouti: Floods - Apr 2004,0.3535836118155742,3.0543674136961446e-05,0.9882468827637481,3.0184690754003863e-05
FL-2008-000246-GUY,FL-2008-000246-GUY,0.353408604945106,3.0392833918986585e-05,0.9929554839580661,3.017873111288445e-05
FF-2008-000141-ETH,FF-2008-000141-ETH,0.3534630025411405,3.0439647796986603e-05,0.9913523656532703,3.017641685319503e-05
FL-2023-000168-LBY,FL-2023-000168-LBY,0.348157172926292,2.616697212638047e-05,1.1504384598927777,3.010349111313039e-05
FL-2002-000755-CRI,FL-2002-000755-CRI,0.36605263672693705,4.319519061469942e-05,0.6950172098350388,3.0021400859321044e-05
FL-2008-000231-PAN,FL-2008-000231-PAN,0.3538638785787745,3.078664284679928e-05,0.9748120178597551,3.0011189436616e-05
FL-2013-000116-NGA,FL-2013-000116-NGA,0.34560854414504955,2.4313344616977623e-05,1.2298958129711375,2.9902880743745123e-05
FL-2023-000021-NAM,FL-2023-000021-NAM,0.3443246799488674,2.342510384366979e-05,1.2755322671404512,2.9879475813716627e-05
FL-2004-000063-PRK,FL-2004-000063-PRK,0.35405282516495146,3.095142451645805e-05,0.9650636272415313,2.987009401214546e-05
FL-2010-000259-AUS,FL-2010-000259-AUS,0.3454915119311889,2.4231138532527106e-05,1.2316167879767448,2.9843477008450567e-05
FL-2022-000277-SDN,FL-2022-000277-SDN,0.3502339179199372,2.7770392904494398e-05,1.0675858088870211,2.9647277372055045e-05
FL-2022-000290-SEN,FL-2022-000290-SEN,0.3539210630267321,3.083643029568211e-05,0.9602028308095506,2.960922766197535e-05
FL-2012-000083-HND,FL-2012-000083-HND,0.34255383528695565,2.2247865131025777e-05,1.3246832560031157,2.947137442088541e-05
FL-2007-000052-LKA,FL-2007-000052-LKA,0.35484216353366355,3.164843108449627e-05,0.9223416325983702,2.9190665595651298e-05
FL-2020-000011-MOZ,FL-2020-000011-MOZ,0.35122133623089025,2.8563334674230634e-05,1.0218255119837183,2.9186744077458012e-05
FL-2014-000079-PHL,FL-2014-000079-PHL,0.35025730666691246,2.778894364676346e-05,1.0365063874391671,2.880341759005739e-05
FL-2008-000031-PER,FL-2008-000031-PER,0.3527527759781706,2.9833513344965935e-05,0.9634315068788812,2.8742546717431743e-05
FL-2013-000104-MLI,FL-2013-000104-MLI,0.35143024950855517,2.873369043289473e-05,0.9989817011392044,2.870443094866046e-05
FL-2000-000012-MOZ,FL-2000-000012-MOZ,0.34716739938681573,2.543251806932062e-05,1.1277962370993517,2.8682698178541067e-05
FL-2022-000201-ZAF,FL-2022-000201-ZAF,0.3510021599150857,2.8385587633257114e-05,1.0098830260946445,2.8666123136548412e-05
FL-1997-000337-IND,FL-1997-000337-IND,0.34778595051353245,2.5889301817984612e-05,1.1040807822685879,2.8583880603588026e-05
FL-2005-000157-MDA,FL-2005-000157-MDA,0.35103069533911224,2.840867270969862e-05,1.0060968725786879,2.85818767673393e-05
FL-2023-000259-COG,FL-2023-000259-COG,0.34536565417664394,2.4143012424147732e-05,1.1831497507677173,2.8564799132412292e-05
FL-2012-000013-ECU,FL-2012-000013-ECU,0.3491975090681143,2.6959471291832292e-05,1.057874236360154,2.8519730105520582e-05
FL-2003-000624-HTI,FL-2003-000624-HTI,0.3595003459298245,3.6057293600255406e-05,0.7906381692162378,2.85082725989983e-05
FL-2023-000232-COL,FL-2023-000232-COL,0.3475690837907779,2.572831775216516e-05,1.105133853767506,2.843323494840522e-05
FF-2013-000090-PAK,FF-2013-000090-PAK,0.34206472300057,2.193223440107024e-05,1.2950234787084862,2.8402758489923915e-05
FL-2020-000237-LKA,FL-2020-000237-LKA,0.34817575223924524,2.6180939413764914e-05,1.0827634742900054,2.8347764919824236e-05
FF-2005-000067-IDN,FF-2005-000067-IDN,0.354215035309316,3.109352191857883e-05,0.9074775324699321,2.821667254647167e-05
FL-2001-000019-MOZ,FL-2001-000019-MOZ,0.3484137511726003,2.6360453276450477e-05,1.0662262115321133,2.8106206231219075e-05
FL-1999-000071-MOZ,FL-1999-000071-MOZ,0.3503108186915387,2.783142856788495e-05,1.007486678899522,2.803979353688769e-05
Bhutan: Flash Flood - Oct 1994,Bhutan: Flash Flood - Oct 1994,0.34211067152959174,2.196171312886271e-05,1.27391472999028,2.7977349850679124e-05
FL-2023-000111-MNG,FL-2023-000111-MNG,0.3527587162355775,2.9838537605317785e-05,0.9369855719118949,2.7958279223133268e-05
FL-2001-000571-PRK,FL-2001-000571-PRK,0.35302481095927163,3.0064382721405022e-05,0.9280032109549476,2.789984370084231e-05
Russian Federation: Floods - Apr 2004,Russian Federation: Floods - Apr 2004,0.3563902131974991,3.3056562808327086e-05,0.8416206812536089,2.7821086910646953e-05
FL-2008-000158-PAN,FL-2008-000158-PAN,0.3530215013407849,3.006156429516065e-05,0.9235086414861772,2.776211440317318e-05
FL-2018-000144-PRK,FL-2018-000144-PRK,0.3474370028727098,2.5630713715701858e-05,1.0698843437963756,2.7421899324756447e-05
FL-2009-000127-BEN,FL-2009-000127-BEN,0.34890477584011437,2.6734319964098607e-05,1.0221105165631266,2.7325429588468734e-05
FL-2003-000020-MOZ,FL-2003-000020-MOZ,0.35101466538073556,2.8395702440189733e-05,0.9593256023439679,2.7240724347415094e-05
FL-2014-000117-BGD,FL-2014-000117-BGD,0.3472627230880308,2.5502435907820095e-05,1.0680532640304388,2.7237959912074317e-05
FL-1997-000270-ETH,FL-1997-000270-ETH,0.3463530998955665,2.4842242089634594e-05,1.0963520332427232,2.7235842625278843e-05
FF-2013-000084-GEO,FF-2013-000084-GEO,0.3427881221547018,2.2400496739203087e-05,1.2112001793088392,2.7131485667129846e-05
FF-2010-000094-HUN,FF-2010-000094-HUN,0.34255567021333777,2.224905689052503e-05,1.2165899177350536,2.7067978292126375e-05
FL-2015-000008-BOL,FL-2015-000008-BOL,0.34573225782196426,2.4400516739895312e-05,1.106077830028409,2.6988870607235277e-05
FL-2018-000112-GEO,FL-2018-000112-GEO,0.34834502935990586,2.6308505525510266e-05,1.0222629843578837,2.6894211372503997e-05
FL-2005-000090-TJK,FL-2005-000090-TJK,0.3405461699863669,2.0977803003115583e-05,1.278206249426741,2.6813958897825393e-05
FL-2014-000162-LKA,FL-2014-000162-LKA,0.34593822653495737,2.454627223846977e-05,1.0916819458806812,2.6796722241409622e-05
Burkina Faso: Floods - Sep 1988,Burkina Faso: Floods - Sep 1988,0.3504194296003904,2.7917838048987025e-05,0.9525620167546777,2.6593472115373557e-05
FL-1997-000265-SOM,FL-1997-000265-SOM,0.3483320591675686,2.629871152299635e-05,1.0106246281950175,2.6578125554936208e-05
FL-2005-000150-NGA,FL-2005-000150-NGA,0.3477300863773113,2.5847746415354514e-05,1.0189791202777432,2.633831390348013e-05
FL-2022-000002-IRN,FL-2022-000002-IRN,0.34555632624037674,2.427663461428006e-05,1.0761675131954946,2.612572550160544e-05
Tanzania: Floods - Apr 1989,Tanzania: Floods - Apr 1989,0.3517249626509651,2.8975565587902582e-05,0.8981542921589569,2.6024528600508075e-05
FL-2022-000378-BIH,FL-2022-000378-BIH,0.3486641188489229,2.655049135448214e-05,0.9789655437483893,2.599201620562752e-05
FL-2019-000089-SLE,FL-2019-000089-SLE,0.34498711033652585,2.3879690266911497e-05,1.0808607361671503,2.5810619601337494e-05
1995-09-00T00:00:00+00:00,1995-09-00T00:00:00+00:00,0.3668681970636424,4.416727997891878e-05,0.5841419555859526,2.5799961299797907e-05
FL-2022-000254-PAK,FL-2022-000254-PAK,0.343687858635631,2.299544943614148e-05,1.1182281796262044,2.5714159562662916e-05
FL-2011-000021-MYS,FL-2011-000021-MYS,0.34951947374158976,2.7209075016250735e-05,0.9410695768598368,2.5605632712290638e-05
FL-2010-000051-KAZ,FL-2010-000051-KAZ,0.34483443191956054,2.3774217893945464e-05,1.0701404681681588,2.5441752667358617e-05
FL-2006-000191-LKA,FL-2006-000191-LKA,0.33877191424140274,1.9910124755599156e-05,1.2757451495342207,2.5400245083576833e-05
FF-2024-000156-LAO,FF-2024-000156-LAO,0.33712679376820165,1.8964120333934105e-05,1.3358685400072998,2.53335717430153e-05
FL-2008-000051-LKA,FL-2008-000051-LKA,0.34854006531349435,2.6456176692408093e-05,0.9575666418010185,2.5333552270243595e-05
FL-2013-000002-PSE,FL-2013-000002-PSE,0.34159121729307595,2.1630519970106293e-05,1.1703104797566297,2.5314424203600457e-05
ST-1998-000296-PHL,ST-1998-000296-PHL,0.3434448917962849,2.2833401489638576e-05,1.108207062894622,2.530413680072605e-05
FL-2023-000089-ARG,FL-2023-000089-ARG,0.3401796304452034,2.0753103411408217e-05,1.2153291011417195,2.5221850514887903e-05
FF-2020-000138-TJK,FF-2020-000138-TJK,0.34957958583135684,2.7255906763916505e-05,0.9245550834716685,2.519958715320884e-05
FL-1997-000092-ECU,FL-1997-000092-ECU,0.34411180356609794,2.3280681989092204e-05,1.0702429714274362,2.4915986268863235e-05
FL-2019-000064-SDN,FL-2019-000064-SDN,0.3399752496366448,2.0628754786055485e-05,1.207726031282668,2.4913884148066135e-05
Iran: Floods - Oct 1994,Iran: Floods - Oct 1994,0.3543261418276493,3.119119065212587e-05,0.7986196192783261,2.4909896803438448e-05
FL-2025-000038-BOL,FL-2025-000038-BOL,0.34456353890783337,2.3588112632128035e-05,1.0525186156126618,2.482692765248294e-05
FL-2010-000251-CRI,FL-2010-000251-CRI,0.3428692748523669,2.245358488582468e-05,1.1052106563104114,2.4815941288183827e-05
FL-2009-000095-TJK,FL-2009-000095-TJK,0.33825341992270064,1.9607488204097216e-05,1.2601155392859784,2.4707700572349423e-05
FL-2011-000176-LKA,FL-2011-000176-LKA,0.3394452550564106,2.0309415400616667e-05,1.212182945388364,2.461872697943531e-05
FL-2006-000041-SRB,FL-2006-000041-SRB,0.34920235662615884,2.6963214038065184e-05,0.9124205484011927,2.460179053927017e-05
FL-2024-000038-AFG,FL-2024-000038-AFG,0.3454292925621887,2.4187536160714893e-05,1.0169769888963047,2.459816769354432e-05
USA: Storms and Tornadoes - Apr 2011,USA: Storms and Tornadoes - Apr 2011,0.3342827474563557,1.742366970014716e-05,1.4111840373957132,2.4588004553703025e-05
FL-2009-000206-HTI,FL-2009-000206-HTI,0.3497494278635872,2.7388618534491498e-05,0.8977256390746227,2.4587465077247435e-05
FL-2007-000231-BOL,FL-2007-000231-BOL,0.3457587687944137,2.4419233671070653e-05,1.0056777966466628,2.4557881114122333e-05
FL-2023-002018-MOZ,FL-2023-002018-MOZ,0.3619772169376013,3.862000862113234e-05,0.635353035811216,2.4537339720491768e-05
FL-2010-000062-COD,FL-2010-000062-COD,0.34877778752788535,2.6637176231844753e-05,0.9191259563061089,2.4482920077388664e-05
FL-2015-000146-DZA,FL-2015-000146-DZA,0.3436571352420442,2.2974901311127265e-05,1.0586689531644526,2.432281472010771e-05
FL-2015-000079-CRI,FL-2015-000079-CRI,0.3424734701176105,2.219572538378318e-05,1.090367135378019,2.420148950435285e-05
Peru: Floods - Feb 1987,Peru: Floods - Feb 1987,0.3494462332988129,2.7152113193779596e-05,0.8908312469140471,2.4187950852766028e-05
Afghanistan: Floods - May 1996,Afghanistan: Floods - May 1996,0.3344895930429347,1.7531783597488625e-05,1.3761994142384775,2.4127230317419594e-05
FL-2017-000053-THA,FL-2017-000053-THA,0.3426629583528267,2.2318839038403082e-05,1.0792293459598103,2.408714605799804e-05
FL-2017-000095-GHA,FL-2017-000095-GHA,0.346000501002137,2.4590495304443056e-05,0.9719324461526762,2.3900300253353235e-05
FL-2002-000020-IRN,FL-2002-000020-IRN,0.3451438502574375,2.3988406283502705e-05,0.995515429386739,2.3880828581624745e-05
FL-2002-000510-MEX,FL-2002-000510-MEX,0.3497508154512302,2.7389705163492483e-05,0.867985419385465,2.377386472317826e-05
FL-2007-000176-CRI,FL-2007-000176-CRI,0.3607621147540178,3.734300308748327e-05,0.6360302711368748,2.3751280378797138e-05
FL-2020-000200-BFA,FL-2020-000200-BFA,0.3387925407647365,1.992225058936001e-05,1.179752844001357,2.350333179170518e-05
FF-2021-000198-COG,FF-2021-000198-COG,0.34178859014967516,2.1755827502938087e-05,1.0782758332205882,2.3458783028133955e-05
FL-2024-000128-SDN,FL-2024-000128-SDN,0.340690928854808,2.1067145908387626e-05,1.106871100441691,2.331861497478268e-05
FL-2006-000158-PRK,FL-2006-000158-PRK,0.3440819421224396,2.3260487292080782e-05,0.9986709167128025,2.322957216716881e-05
Iran: Floods - Feb 1991,Iran: Floods - Feb 1991,0.34427421680283765,2.3390795378300448e-05,0.9877471286935022,2.310419097277351e-05
FL-2018-000425-LKA,FL-2018-000425-LKA,0.34230087549148824,2.208412004410035e-05,1.0429228227177032,2.3032032813629745e-05
FL-2009-000007-ZWE,FL-2009-000007-ZWE,0.3398722012337031,2.056631309079274e-05,1.1194722766288485,2.3023417337611436e-05
FL-2003-000028-BRA,FL-2003-000028-BRA,0.3486726369478925,2.6556978531280515e-05,0.8631256388343357,2.292200906032123e-05
FL-2006-000031-PER,FL-2006-000031-PER,0.3486105025634617,2.650969122705086e-05,0.8622372185675087,2.285764242869582e-05
FL-2024-000088-BGD,FL-2024-000088-BGD,0.34125471868770607,2.141838164566013e-05,1.0651890538676798,2.281462568051759e-05
FL-2002-000482-RUS,FL-2002-000482-RUS,0.3440218987637229,2.3219928884545185e-05,0.9807160860179978,2.2772157773267407e-05
FL-2024-000189-LKA,FL-2024-000189-LKA,0.33800885105825684,1.9466179694766506e-05,1.1695806147019812,2.2767266413304233e-05
FL-1998-000392-IND,FL-1998-000392-IND,0.33650778574801976,1.861877780188372e-05,1.2193931606788748,2.270361031181666e-05
FL-2013-000041-GHA,FL-2013-000041-GHA,0.34448379412584934,2.3533577811512687e-05,0.9596316941627985,2.2583567144973963e-05
FL-1998-000272-PRK,FL-1998-000272-PRK,0.3475506584636748,2.5714681913382164e-05,0.8775464676728586,2.2565828280419663e-05
FL-2010-000152-THA,FL-2010-000152-THA,0.3344364839120618,1.7503967102569337e-05,1.2831284616978387,2.2459838381929367e-05
Iran: Floods - Dec 1990,Iran: Floods - Dec 1990,0.3468485961115557,2.5199934391379307e-05,0.8898231756341812,2.2423485645910153e-05
FL-2006-000145-GIN,FL-2006-000145-GIN,0.3381335165566579,1.9538094754256055e-05,1.1375018543000035,2.2224619012455432e-05
FL-2006-000169-SOM,FL-2006-000169-SOM,0.3442532028074502,2.3376521899403934e-05,0.9442290549591343,2.2072791181305683e-05
FL-2010-000153-PRK,FL-2010-000153-PRK,0.3344680417313618,1.752049106672906e-05,1.2596250358956325,2.20692491888377e-05
FL-2005-000017-VEN,FL-2005-000017-VEN,0.34514306351204455,2.3987859480350195e-05,0.9176096119267544,2.201149042871766e-05
FL-2001-000095-HUN,FL-2001-000095-HUN,0.3446627391728082,2.365611114673137e-05,0.929591846342594,2.199052803817563e-05
FL-2000-000191-HUN,FL-2000-000191-HUN,0.34155829267808047,2.160968021521336e-05,1.016070329308817,2.1956954892530066e-05
FL-2021-000068-SUR,FL-2021-000068-SUR,0.33927533323710835,2.020797785688914e-05,1.0828851876395205,2.188291989337267e-05
LS-2022-000283-LKA,LS-2022-000283-LKA,0.34247828864305907,2.21988484706402e-05,0.9815867798894264,2.179009618754903e-05
FL-2009-000171-AFG,FL-2009-000171-AFG,0.33963024611538273,2.0420369596334235e-05,1.0657008277559579,2.176200478189599e-05
FL-2021-000097-BGD,FL-2021-000097-BGD,0.33653204159388855,1.8632202772707805e-05,1.167269358243163,2.174879937315512e-05
FF-2025-000055-SOM,FF-2025-000055-SOM,0.33272732162999497,1.662970865596647e-05,1.306794101216083,2.173160517655902e-05
FL-2009-000240-PAN,FL-2009-000240-PAN,0.3426633065264908,2.2319065817146124e-05,0.9710725385234801,2.1673431900528715e-05
FL-2009-000218-KEN,FL-2009-000218-KEN,0.3420636610421505,2.1931553512512362e-05,0.985242574761118,2.160790025117892e-05
FL-2023-000139-LAO,FL-2023-000139-LAO,0.3356982700637666,1.8175695247797692e-05,1.184828348999989,2.1535078992375083e-05
FL-2009-000239-BRA,FL-2009-000239-BRA,0.34665864161324156,2.5062264492403292e-05,0.8575725982011251,2.149271127755409e-05
Chad: Floods in Am Timan - Jul 1985,Chad: Floods in Am Timan - Jul 1985,0.339961394790415,2.062034959131976e-05,1.0422436500602523,2.1491428423575538e-05
SL-2002-000428-NPL,SL-2002-000428-NPL,0.3465064943179945,2.495248406314824e-05,0.8588047616407877,2.1429312128197577e-05
FL-2023-000103-DOM,FL-2023-000103-DOM,0.33658314500367625,1.8660515678857794e-05,1.142430234483892,2.131833730258785e-05
FL-2011-000196-IDN,FL-2011-000196-IDN,0.3328818824382951,1.670711981486651e-05,1.2683581214268749,2.1190611102837803e-05
FL-2007-000189-NIC,FL-2007-000189-NIC,0.33997401655044746,2.0628006595778173e-05,1.0272245921975405,2.118959566319641e-05
FL-2023-000014-ZMB,FL-2023-000014-ZMB,0.33443839831742217,1.7504969103046475e-05,1.206847055818516,2.112582042420573e-05
FL-2011-000109-PAK,FL-2011-000109-PAK,0.33348317764467394,1.701137079109603e-05,1.2338103813705061,2.098880588339728e-05
FL-2005-000098-BGR,FL-2005-000098-BGR,0.3377007567688029,1.9289471936051715e-05,1.0690227847551823,2.0620885005534944e-05
FL-2009-000139-PAK,FL-2009-000139-PAK,0.34019847902817496,2.0764605103526445e-05,0.9836480205002447,2.0425062706553066e-05
FL-2021-000126-MYS,FL-2021-000126-MYS,0.3383067965277904,1.963845092571601e-05,1.0369812416402933,2.0364705224840958e-05
FL-1999-000428-VNM,FL-1999-000428-VNM,0.3411025725577925,2.13230805844764e-05,0.9536527315229473,2.0334814043869844e-05
FL-2013-000054-CHN,FL-2013-000054-CHN,0.3365289260793415,1.8630477930096418e-05,1.0900862918708407,2.030882860260034e-05
FL-2024-000020-PAK,FL-2024-000020-PAK,0.3347220102167925,1.7653983271035023e-05,1.1424260343540067,2.0168370098880515e-05
FL-2014-000121-CMR,FL-2014-000121-CMR,0.3393917479656731,2.027742416777848e-05,0.9936971551564651,2.0149618709422427e-05
El Salvador: Floods - Oct 2018,El Salvador: Floods - Oct 2018,0.32944230875745145,1.5058916616443453e-05,1.3349509665500126,2.010291529231723e-05
FL-2009-000023-ECU,FL-2009-000023-ECU,0.341232729345463,2.140458433956508e-05,0.9391312908770322,2.010171492150206e-05
FL-2022-000190-TUN,FL-2022-000190-TUN,0.33630227276092595,1.8505380668279057e-05,1.0842181471624253,2.0063869540696883e-05
FL-2004-000115-PAN,FL-2004-000115-PAN,0.3418494149382416,2.179457525142223e-05,0.9177618050112175,2.0002228722198075e-05
FL-2015-000017-PAK,FL-2015-000017-PAK,0.3377936849545746,1.934261830699101e-05,1.0272519860341873,1.9869743070957747e-05
FL-2007-000145-ETH,FL-2007-000145-ETH,0.33624355224450186,1.8473094472604826e-05,1.074582595415157,1.9850865803721087e-05
FL-1999-000413-CAF,FL-1999-000413-CAF,0.34286274592407984,2.2449309632979028e-05,0.8806575318255779,1.9770153612567482e-05
FL-2025-000045-COD,FL-2025-000045-COD,0.3337261329531136,1.7135712263297934e-05,1.1530761769304614,1.9758781585544006e-05
Peru: Floods-Drought-Frost - Feb 2004,Peru: Floods-Drought-Frost - Feb 2004,0.33563983839582656,1.81440833865383e-05,1.08397834468022,1.9667793475079668e-05
FL-1997-000526-ECU,FL-1997-000526-ECU,0.3396666650572484,2.04422771626894e-05,0.9609815296317132,1.96446507769567e-05
FL-2006-000123-SDN,FL-2006-000123-SDN,0.33702883291490426,1.8909087208110506e-05,1.0356622281917345,1.958342739102355e-05
FL-2006-000189-MYS,FL-2006-000189-MYS,0.3390930489793237,2.0099667506590477e-05,0.9652828195473719,1.940186372272635e-05
FL-2013-000004-KEN,FL-2013-000004-KEN,0.34007328348153254,2.0688316249069913e-05,0.935073356510655,1.934509331557173e-05
Iran: Floods - Apr 1989,Iran: Floods - Apr 1989,0.34455426535237343,2.358176491523326e-05,0.814536614424038,1.920821095619766e-05
FL-2005-000139-SLE,FL-2005-000139-SLE,0.33611684313050744,1.8403598891082898e-05,1.0426506939426599,1.9188525154829948e-05
Iran: Floods - Nov 1994,Iran: Floods - Nov 1994,0.34523907112864005,2.4054669519739884e-05,0.7892158406827257,1.898432622736665e-05
FL-2023-000079-BIH,FL-2023-000079-BIH,0.3314749824971912,1.6014285379585438e-05,1.1840473487984016,1.896167214659914e-05
FL-2008-000207-SDN,FL-2008-000207-SDN,0.32926565750676656,1.4978363309899897e-05,1.2628396258514751,1.8915270718141448e-05
1996-10-01T00:00:00+00:00,1996-10-01T00:00:00+00:00,0.34114620315637056,2.135037074665717e-05,0.8851967262744405,1.8899278289686508e-05
FL-2024-000216-DOM,FL-2024-000216-DOM,0.33402070655971516,1.7287568088339264e-05,1.0883570705604324,1.8815046961738936e-05
FL-2011-000204-PHL,FL-2011-000204-PHL,0.3400179701264947,2.0654691056419783e-05,0.9086693999686215,1.876828572877422e-05
ST-2012-000064-COD,ST-2012-000064-COD,0.3318940833377323,1.6217918113534018e-05,1.1546951626353135,1.872675159371336e-05
FF-2007-000008-LKA,FF-2007-000008-LKA,0.335118425597706,1.786417934881182e-05,1.0463980201857406,1.869304190283968e-05
FL-2005-000081-CHN,FL-2005-000081-CHN,0.3517939996895461,2.9032489470225814e-05,0.642825460215653,1.866282340490401e-05
FL-2020-000212-KHM,FL-2020-000212-KHM,0.3287862202872429,1.4761689836109911e-05,1.253731041392615,1.850718877094086e-05
FL-2018-000105-BGD,FL-2018-000105-BGD,0.3363708129064502,1.854313020086106e-05,0.991882742040366,1.839261082964159e-05
FL-2005-000166-CRI,FL-2005-000166-CRI,0.35101724244858634,2.839778725534886e-05,0.6447646378504476,1.8309889015449063e-05
FL-2024-000223-LBY,FL-2024-000223-LBY,0.336624749555663,1.8683594504734135e-05,0.9752075934483906,1.8220383233927352e-05
FL-2009-000192-MEX,FL-2009-000192-MEX,0.3369098030122448,1.8842411218373023e-05,0.966761847016349,1.821612427171588e-05
FL-2008-000191-HND,FL-2008-000191-HND,0.3345284073288649,1.7552138165210796e-05,1.037013685075033,1.8201807479651378e-05
FL-2025-000060-HTI,FL-2025-000060-HTI,0.3302155000579895,1.5416101053867703e-05,1.177091149533168,1.8146156110816618e-05
FL-2009-000080-AFG,FL-2009-000080-AFG,0.3375702144140834,1.9215035700678113e-05,0.9418755588090846,1.8098172488112706e-05
FL-2001-000252-ECU,FL-2001-000252-ECU,0.335364659228679,1.799587412342287e-05,1.0045332304500523,1.8077453567974476e-05
FL-2002-000125-ECU,FL-2002-000125-ECU,0.3398064784753191,2.0526577589698105e-05,0.8770809761459832,1.800347070930868e-05
FL-2023-000231-BDI,FL-2023-000231-BDI,0.3356364201116351,1.8142235608534686e-05,0.9891166714763052,1.794478769825273e-05
FF-2009-000204-TUN,FF-2009-000204-TUN,0.33792238333615654,1.941643958022085e-05,0.9155604613181987,1.7776924379223933e-05
FL-2016-000102-SEN,FL-2016-000102-SEN,0.3366002758577734,1.867001537607831e-05,0.9497600525846711,1.773203478534075e-05
FL-2017-000075-CHN,FL-2017-000075-CHN,0.3318320290716124,1.6187620957408722e-05,1.0948289270937435,1.7722675684999987e-05
Iran: Floods - Jul 1987,Iran: Floods - Jul 1987,0.34004281475934156,2.0669788110831632e-05,0.8532734221804965,1.7636980837075048e-05
FL-1998-000213-KGZ,FL-1998-000213-KGZ,0.3308779698971318,1.5728181953466243e-05,1.1210585535855664,1.7632212911283476e-05
FL-1999-000350-CRI,FL-1999-000350-CRI,0.3445841550686552,2.3602229833263226e-05,0.7458703171652188,1.760420265154243e-05
FL-2022-000362-LCA,FL-2022-000362-LCA,0.32880589026711043,1.4770523549535967e-05,1.1864300437913862,1.7524192901697657e-05
Bolivia: Landslides/Floods - Mar 1994,Bolivia: Landslides/Floods - Mar 1994,0.3422230198388242,2.203394153264939e-05,0.7919956578021904,1.7450786018125655e-05
FL-2022-000321-CAF,FL-2022-000321-CAF,0.3313249465682925,1.594194718642424e-05,1.0900469195589455,1.737747042233314e-05
Paraguay: Floods - Mar 1995,name=Paraguay: Floods - Mar 1995,0.3335011296948305,1.7020530562603332e-05,1.019170735987299,1.7346826660382755e-05
Haiti: Floods - Feb 1996,Haiti: Floods - Feb 1996,0.33422294308409,1.7392523218647396e-05,0.994604051610094,1.7298674060989333e-05
FL-2012-000009-FJI,FL-2012-000009-FJI,0.33089136122121465,1.5734548637390204e-05,1.0988887127745661,1.7290517898230525e-05
FL-2015-000065-GHA,FL-2015-000065-GHA,0.3314351353438415,1.599504475404589e-05,1.0654801946479941,1.7042403397944193e-05
FL-2023-000193-NGA,FL-2023-000193-NGA,0.32795550028895337,1.4392929246437279e-05,1.175681161425123,1.6921495772761e-05
China: Floods - Jul 2018,China: Floods - Jul 2018,0.3298653652605557,1.5253418466605388e-05,1.1041913871780773,1.6842693295848705e-05
FL-2016-000019-HTI,FL-2016-000019-HTI,0.3340277042282235,1.7291190141512928e-05,0.9718383703338016,1.680424204825982e-05
FL-2010-000245-MAR,FL-2010-000245-MAR,0.32813731115576417,1.447291963217373e-05,1.150616667361314,1.6652782554159872e-05
Nepal: Floods - Jul 1996,Nepal: Floods - Jul 1996,0.34362427207090307,2.295294037356243e-05,0.7248329870558342,1.663704833268371e-05
FF-2019-000018-AFG,FF-2019-000018-AFG,0.3271500439610723,1.4043321224282993e-05,1.1776802420532055,1.6538541938644514e-05
FL-2014-000045-SLB,FL-2014-000045-SLB,0.32682656267966825,1.3905079102703581e-05,1.1890977676758543,1.6534498520381e-05
FL-2010-000049-AGO,FL-2010-000049-AGO,0.3377747662902771,1.9331787900573064e-05,0.8544449470857646,1.6517948489778375e-05
FL-2024-000103-NPL,FL-2024-000103-NPL,0.33152542555707276,1.6038672226582956e-05,1.0276933790072569,1.6482837255326883e-05
FL-2016-000025-SRB,FL-2016-000025-SRB,0.3254189703253706,1.331768277048699e-05,1.220904970189552,1.625962508589533e-05
FF-2012-000107-SLB,FF-2012-000107-SLB,0.3240788889531293,1.2779310217783144e-05,1.2688330044270801,1.621481057813547e-05
Viet Nam: Floods - Oct 1992,name=Viet Nam: Floods - Oct 1992,0.33104685324690175,1.580864476903871e-05,1.0249575418914962,1.6203189683109776e-05
LS-2010-000040-UGA,LS-2010-000040-UGA,0.33725487131113185,1.903629005104528e-05,0.848757747990263,1.615719867381464e-05
FF-2012-000102-PHL,FF-2012-000102-PHL,0.32182631293587455,1.1918332490260405e-05,1.350990691185349,1.6101556248793707e-05
FF-2014-000059-SRB,FF-2014-000059-SRB,0.33362011530810876,1.7081353529394694e-05,0.9418030548326259,1.608727093465998e-05
FF-2022-000309-SLE,FF-2022-000309-SLE,0.3257253738684097,1.3443610226473093e-05,1.196452650536421,1.608464308824227e-05
FL-2012-000123-PRK,FL-2012-000123-PRK,0.32445975275981986,1.2930291899694652e-05,1.2400305385199288,1.6033956827598233e-05
FL-2021-000078-GTM,FL-2021-000078-GTM,0.32871497293868424,1.4729732710113696e-05,1.0813671758288972,1.5928249461450175e-05
FL-2004-000023-CRI,FL-2004-000023-CRI,0.3474116120548113,2.5611988859029226e-05,0.6208832606204117,1.5902055153767724e-05
FL-2011-000137-VNM,FL-2011-000137-VNM,0.32587513100761556,1.3505547282498207e-05,1.1760511302101604,1.5883214145688778e-05
Niger: Floods - Aug 1994,name=Niger: Floods - Aug 1994,0.3224846395580787,1.216438994237003e-05,1.2931727617169873,1.5730657736376997e-05
FL-2022-000292-LAO,FL-2022-000292-LAO,0.32527009557899156,1.3256881461794395e-05,1.1820410408414914,1.567017796141172e-05
FL-2003-000350-MNG,FL-2003-000350-MNG,0.33175983837768186,1.6152438934119222e-05,0.9653767569926166,1.559318911574129e-05
FL-2004-000021-COL,FL-2004-000021-COL,0.3391685467759221,2.014446352623418e-05,0.7729927578880663,1.557152441731932e-05
FL-2024-000214-COL,FL-2024-000214-COL,0.321654582650497,1.1854887370700319e-05,1.3048261520736573,1.5468567071177492e-05
FL-2009-000177-GMB,FL-2009-000177-GMB,0.3251502208030441,1.3208105604721761e-05,1.1684788072717938,1.5433391483325178e-05
FL-2006-000030-SRB,FL-2006-000030-SRB,0.33913661086524816,2.0125503652995494e-05,0.7659743515955046,1.5415619611136183e-05
FL-2001-000376-PAK,FL-2001-000376-PAK,0.33291202359171096,1.6722253624235332e-05,0.921151618596019,1.5403730992537522e-05
FL-2016-000124-COD,FL-2016-000124-COD,0.32125758241644553,1.170937913316821e-05,1.3125392635260602,1.536901986379602e-05
Mongolia: Flash Floods - Aug 1994,Mongolia: Flash Floods - Aug 1994,0.33182410104635796,1.6183753878294047e-05,0.944597599391765,1.5287135062583724e-05
FL-1998-000329-BEN,FL-1998-000329-BEN,0.3300615709766075,1.5344389861323933e-05,0.9960705364253544,1.52840946402887e-05
FL-2003-000220-NAM,FL-2003-000220-NAM,0.33457958086469225,1.7579006541870902e-05,0.8693111681287405,1.5281626711456566e-05
FL-2014-000038-ZAF,FL-2014-000038-ZAF,0.3280078680110283,1.4415928304023498e-05,1.0594723567177176,1.5273277534537423e-05
FL-2015-000105-GIN,FL-2015-000105-GIN,0.32750039941943576,1.4194442501995093e-05,1.071153748426473,1.5204430292836088e-05
FF-2011-000071-GEO,FF-2011-000071-GEO,0.3214139396934044,1.1766494102748419e-05,1.2913032050986575,1.5194111547653485e-05
FL-2007-000127-MRT,FL-2007-000127-MRT,0.3350043618154062,1.780346834199324e-05,0.8469121364760579,1.5077973410201356e-05
FL-1999-000161-LKA,FL-1999-000161-LKA,0.320256157789061,1.1349451931087987e-05,1.3231195184395432,1.5016681373613881e-05
FL-2005-000184-VNM,FL-2005-000184-VNM,0.325070635221132,1.3175812293894516e-05,1.1335707457861832,1.4935715368328768e-05
FL-2008-000103-SLV,FL-2008-000103-SLV,0.3277436193230142,1.4300211272621575e-05,1.0346663695692608,1.4795947681516784e-05
FL-2011-000108-SEN,FL-2011-000108-SEN,0.32580691590625654,1.347730287708959e-05,1.0870343780154084,1.4650291550322357e-05
FL-2007-000123-NGA,FL-2007-000123-NGA,0.32899104238114485,1.4853908125214118e-05,0.9859595032476032,1.4645351876421648e-05
Bangladesh: Floods - Jul 1999,Bangladesh: Floods - Jul 1999,0.3265784881109204,1.3799893712991698e-05,1.0482356036464253,1.4465539916494363e-05
FL-2005-000100-KGZ,FL-2005-000100-KGZ,0.32088490758345034,1.1574251388085044e-05,1.2450017166675804,1.4409962847308006e-05
FL-2010-000119-PAN,FL-2010-000119-PAN,0.3274948428805001,1.4192034384294334e-05,1.0125237531271618,1.4369771919295429e-05
Moldova: Floods - Aug 1994,Moldova: Floods - Aug 1994,0.3303932067758165,1.549926458140455e-05,0.9253720476383611,1.4342586202583055e-05
Sri Lanka: Floods and Landslides - Feb 1986,Sri Lanka: Floods and Landslides - Feb 1986,0.3233522315890386,1.2495643474133488e-05,1.1439959056746454,1.429496497317881e-05
FL-2002-000808-MWI,FL-2002-000808-MWI,0.32882777850785316,1.4780359068001012e-05,0.9632105028592333,1.4236597090329283e-05
FL-2008-000180-NIC,FL-2008-000180-NIC,0.3298532612147179,1.5247822317010133e-05,0.9285577138121239,1.415848303129641e-05
FL-2022-000349-CMR,FL-2022-000349-CMR,0.32170267703407,1.1872624947311597e-05,1.1868126206379996,1.4090581127570968e-05
LS-2015-000135-LKA,LS-2015-000135-LKA,0.3190154199987242,1.0917338023396348e-05,1.290597047444825,1.4089884218952448e-05
Bangladesh: Floods - Jul 1988,Bangladesh: Floods - Jul 1988,0.32684040225543787,1.3910968375248139e-05,1.0126036486064969,1.4086297332425857e-05
FL-2024-000118-PAK,FL-2024-000118-PAK,0.32569185274595835,1.3429781513634663e-05,1.0477381195692326,1.4070894029321224e-05
Hungary: Floods - Mar 1999,Hungary: Floods - Mar 1999,0.330243129105858,1.5429004524451405e-05,0.9105346924279767,1.404864388914122e-05
Colombia: Floods and Landslides - Mar-Jul 2014,name=Colombia: Floods and Landslides - Mar-Jul 2014,0.3386826134496279,1.9857703576380367e-05,0.7070564559739085,1.404051751449591e-05
Iran: Flash Floods - Jul 1996,Iran: Flash Floods - Jul 1996,0.3258299255870425,1.3486824068781977e-05,1.0233099144994446,1.3801200784694337e-05
FL-2004-000120-CRI,FL-2004-000120-CRI,0.33697068247309053,1.887648707637555e-05,0.7305869676266675,1.3790915452573192e-05
FL-2023-000199-SDN,FL-2023-000199-SDN,0.3236455815738921,1.2609469741726239e-05,1.0919778288263946,1.3769261391222337e-05
FL-2005-000108-PAK,FL-2005-000108-PAK,0.32815842100277115,1.4482233098548565e-05,0.9455697739530514,1.3693961877329967e-05
FL-2008-000125-SDN,FL-2008-000125-SDN,0.31980058074357354,1.1189031092996239e-05,1.22270091265696,1.3680838529153603e-05
FF-2012-000062-KEN,FF-2012-000062-KEN,0.3236306756387547,1.2603663483305688e-05,1.0853007035511752,1.3678764845753919e-05
FL-2023-000249-AGO,FL-2023-000249-AGO,0.324314223155541,1.2872412710708243e-05,1.0611307451784342,1.3659312891958185e-05
FL-2021-000153-UGA,FL-2021-000153-UGA,0.31973967644429646,1.1167740438007958e-05,1.2225799823486727,1.3653455907574328e-05
FL-2001-000146-AGO,FL-2001-000146-AGO,0.3284272693852475,1.460131919567637e-05,0.931842117402311,1.3606124196166077e-05
FL-2023-000094-ECU,FL-2023-000094-ECU,0.31727669758411353,1.033669649472215e-05,1.3161601711441135,1.3604748227558264e-05
FL-2002-000110-BOL,FL-2002-000110-BOL,0.3292204525574147,1.4957812184130503e-05,0.9049212581915606,1.3535642221456428e-05
FL-2009-000045-BOL,FL-2009-000045-BOL,0.32979317792435053,1.5220070923738394e-05,0.8880873516614503,1.3516752478762273e-05
FL-2015-000006-MWI,FL-2015-000006-MWI,0.31881540822388243,1.0849082834903976e-05,1.2458327290676428,1.3516142476089338e-05
FL-2009-000241-COL,FL-2009-000241-COL,0.33696333592098715,1.8872372074729393e-05,0.7158636981146965,1.351004606561231e-05
FL-2006-000018-IRQ,FL-2006-000018-IRQ,0.32538612452902216,1.3304246821518636e-05,1.0127814906988197,1.3474294928522678e-05
Bangladesh: Floods - Jul 1991,Bangladesh: Floods - Jul 1991,0.33411046684885193,1.7334080621676328e-05,0.7760463103390562,1.3452049309571648e-05
FL-2006-000092-KOR,FL-2006-000092-KOR,0.3188857782345802,1.087305309489358e-05,1.235735149804729,1.343621389505309e-05
FF-2009-000196-IDN,FF-2009-000196-IDN,0.32877283914417177,1.4755683133294016e-05,0.9083004588291629,1.3402593760308695e-05
FL-2023-000189-MMR,FL-2023-000189-MMR,0.32792739801966775,1.438060080422785e-05,0.9311581587735362,1.3390613766922039e-05
FL-2017-000012-MOZ,FL-2017-000012-MOZ,0.31941111930188504,1.105351250072835e-05,1.1982479826023038,1.3244849054667091e-05
FL-2024-000015-ECU,FL-2024-000015-ECU,0.32243063192745564,1.2144033159237155e-05,1.0902025804351165,1.3239456287089968e-05
FF-2021-000032-TLS,FF-2021-000032-TLS,0.32788459965392497,1.4361843454968855e-05,0.915168404503065,1.3143505360406633e-05
Djibouti: Floods - Apr 1989,Djibouti: Floods - Apr 1989,0.3247248380702591,1.3036322298575427e-05,1.0077916813703185,1.3137897168166704e-05
FL-2008-000018-ECU,FL-2008-000018-ECU,0.32567044059417827,1.3420954904710987e-05,0.9773183345548795,1.3116545295608283e-05
FL-2005-000129-SDN,FL-2005-000129-SDN,0.32105036102114587,1.1634068757860932e-05,1.1253207612767273,1.3092059111341853e-05
FL-2010-000023-ECU,FL-2010-000023-ECU,0.32469712031958886,1.3025199072778986e-05,1.0050325257665347,1.3090748722726989e-05
FL-2018-000165-CRI,FL-2018-000165-CRI,0.33543345640825695,1.80328252116856e-05,0.7234581139813008,1.3045993717400517e-05
FL-1998-000221-NPL,FL-1998-000221-NPL,0.32183697192707,1.1922280468765642e-05,1.0933566224100346,1.3035304304754727e-05
FF-2008-000202-MAR,FF-2008-000202-MAR,0.3272128827879063,1.4070318897186326e-05,0.9260497109629775,1.3029814747896318e-05
FF-2007-000091-AFG,FF-2007-000091-AFG,0.3247399700462779,1.3042398417935287e-05,0.9987067503482862,1.302553134072378e-05
FL-2001-000696-BRA,FL-2001-000696-BRA,0.3284914909564342,1.4629896153721817e-05,0.8900444318591507,1.3021257610297709e-05
FF-2020-000204-TUN,FF-2020-000204-TUN,0.3220275112902448,1.1993053113952652e-05,1.0850181584319483,1.301268040367745e-05
FL-2021-000092-CRI,FL-2021-000092-CRI,0.3300664177315307,1.5346643241245233e-05,0.847698183481849,1.300932159814758e-05
FL-2011-000032-THA,FL-2011-000032-THA,0.3133786427521406,9.13469293223789e-06,1.4229083066092745,1.2997830451606324e-05
FL-2008-000086-MEX,FL-2008-000086-MEX,0.3258398332872506,1.3490925647085943e-05,0.9563543144258493,1.2902104948188983e-05
FL-2005-000138-PNG,FL-2005-000138-PNG,0.31960461204363705,1.1120655253601555e-05,1.1437040377671508,1.2718738316160577e-05
FL-1999-000391-MEX,FL-1999-000391-MEX,0.32591307350723897,1.3521280388389739e-05,0.9381273009124613,1.2684682275640662e-05
FL-2010-000072-RUS,FL-2010-000072-RUS,0.31603201211823045,9.938269335761229e-06,1.2712126327447877,1.2633653527239824e-05
FL-2017-000017-PAK,FL-2017-000017-PAK,0.3187697751311964,1.0833564185792527e-05,1.1625966759620305,1.2595065711223694e-05
China: Floods in Shanxi Province - Aug 1988,China: Floods in Shanxi Province - Aug 1988,0.32196463495202565,1.1969657067822908e-05,1.0515735249110678,1.2586974474787212e-05
FL-2011-000131-GIN,FL-2011-000131-GIN,0.31761671865271424,1.044800920914128e-05,1.2042646272999216,1.258216791627267e-05
Burundi: Floods - Feb 1989,Burundi: Floods - Feb 1989,0.33724577417002255,1.903115580948591e-05,0.6606774662799159,1.2573455800589453e-05
FL-2017-000083-GIN,FL-2017-000083-GIN,0.3265741037456774,1.3798041168459216e-05,0.9098931483825577,1.2554743120281502e-05
FL-2007-000227-ZWE,FL-2007-000227-ZWE,0.32508998705275804,1.3183658109230049e-05,0.9473870176389487,1.2490026537674999e-05
FL-2007-000153-GHA,FL-2007-000153-GHA,0.31949750108849784,1.1083442109985518e-05,1.1152536052692246,1.2360848771954091e-05
FL-2003-000341-NPL,FL-2003-000341-NPL,0.3308005092666535,1.569140004794644e-05,0.7820585732690798,1.2271593934091363e-05
FL-2011-000091-BEN,FL-2011-000091-BEN,0.3209944523841421,1.161382472371586e-05,1.0550833377129152,1.2253552953110904e-05
FL-2016-000114-EGY,FL-2016-000114-EGY,0.31903938492979683,1.0925542069309608e-05,1.1202710928869943,1.2239568954368308e-05
FL-2006-000045-HUN,FL-2006-000045-HUN,0.3189077837914629,1.0880558663319569e-05,1.11989572468407,1.2185091129225805e-05
FF-2008-000227-ETH,FF-2008-000227-ETH,0.32776017782737377,1.4307437773421873e-05,0.849511519256154,1.21543331995625e-05
FL-2017-000126-NGA,FL-2017-000126-NGA,0.31783459639227074,1.0519901787215918e-05,1.1480023217546238,1.207687167635449e-05
FF-2021-000090-SDN,FF-2021-000090-SDN,0.31706095050800925,1.026662200412457e-05,1.1734838122689721,1.2047714728524617e-05
FF-2017-000101-VNM,FF-2017-000101-VNM,0.31288953378752926,8.993119443243023e-06,1.3377073830962212,1.2030162276292369e-05
FL-2020-000193-SSD,FL-2020-000193-SSD,0.3254865438532447,1.334536290808501e-05,0.8956131601804282,1.1952282647864686e-05
FL-2010-000008-BOL,FL-2010-000008-BOL,0.32484754533550775,1.3085667903280447e-05,0.9114041656623548,1.1926332237523972e-05
FL-2018-000004-COD,FL-2018-000004-COD,0.3186737353825346,1.0800968771188709e-05,1.1027004698435565,1.191023333875537e-05
FL-2011-000198-PER,FL-2011-000198-PER,0.31585291609497446,9.882092358118279e-06,1.1989072405233858,1.1847712079668825e-05
FF-2008-000216-PSE,FF-2008-000216-PSE,0.3218403399888713,1.192352820821158e-05,0.9874551540726246,1.177394938392885e-05
LS-2011-000104-ECU,LS-2011-000104-ECU,0.3198907303178756,1.1220612239209955e-05,1.046388478883193,1.1741119373125042e-05
FL-2012-000126-PAN,FL-2012-000126-PAN,0.3264836955263828,1.375989045725456e-05,0.8526290636893213,1.1732082517036583e-05
FL-2008-000117-ROM,FL-2008-000117-ROM,0.32029393163396214,1.1362845586314653e-05,1.0292424136351432,1.1695122617021927e-05
FL-2022-000164-ECU,FL-2022-000164-ECU,0.31532320460584784,9.717606660592513e-06,1.1990142284011243,1.1651548652055958e-05
FL-2016-000021-PAK,FL-2016-000021-PAK,0.3149457461609565,9.60190641795613e-06,1.2119023313188628,1.1636572773026584e-05
FL-2013-000030-COL,FL-2013-000030-COL,0.31655446848810265,1.0103794023546498e-05,1.1435152484315854,1.1553842532937341e-05
FL-2003-000012-BOL,FL-2003-000012-BOL,0.32069983322511914,1.1507668448985657e-05,1.0019840207728257,1.1530499902235236e-05
FF-2007-000185-TUN,FF-2007-000185-TUN,0.32340329221031094,1.2515389399255218e-05,0.9208073231488003,1.1524262210893069e-05
FL-2011-000135-THA,FL-2011-000135-THA,0.315544023909381,9.785873441390583e-06,1.1754815142398911,1.1503113331045737e-05
Peru: Floods - Feb 1994,Peru: Floods - Feb 1994,0.32521648646903356,1.3235048444723316e-05,0.8669712406759366,1.1474406370527898e-05
FL-2002-000376-RUS,FL-2002-000376-RUS,0.3220451809108632,1.1999635316501918e-05,0.9555833880945447,1.1466652171641857e-05
India: Floods - Jun 1994,India: Floods - Jun 1994,0.31908788832453006,1.0942163483196157e-05,1.040373182144351,1.1383933442556502e-05
FF-2004-000060-VNM,FF-2004-000060-VNM,0.30820040945670835,7.732716952552751e-06,1.463389408328373,1.131597608596695e-05
FL-2003-000531-IDN,FL-2003-000531-IDN,0.3234848037408062,1.254696936127348e-05,0.8955935776847792,1.1236985179364224e-05
FL-2002-000263-CRI,FL-2002-000263-CRI,0.3358794086499688,1.8274007505378888e-05,0.61387757718801,1.1218003452917502e-05
FL-2015-000009-ALB,FL-2015-000009-ALB,0.31489155647873546,9.585398127995004e-06,1.1668042059205903,1.1184282851167923e-05
FF-2012-000115-RUS,FF-2012-000115-RUS,0.31312482187963675,9.060975615232527e-06,1.2274737437024292,1.1122109660025892e-05
FL-2006-000130-KHM,FL-2006-000130-KHM,0.327627863658625,1.4249784599749091e-05,0.7719896247006457,1.1000685865225342e-05
FL-2002-000402-BGD,FL-2002-000402-BGD,0.32587022622382056,1.3503514684831984e-05,0.8143569274139246,1.0996680728028585e-05
FL-2002-000475-TJK,FL-2002-000475-TJK,0.3150689053715795,9.639520717608278e-06,1.1361467856691416,1.0951910478701742e-05
FL-2008-000170-DOM,FL-2008-000170-DOM,0.3223033788487708,1.209618956865387e-05,0.8986920832348044,1.0870749802656655e-05
FL-2024-000021-BOL,FL-2024-000021-BOL,0.3194165849605154,1.1055404087296356e-05,0.9791674152328188,1.0825091444512312e-05
FL-2006-000013-MWI,FL-2006-000013-MWI,0.3201353222707269,1.1306702066661993e-05,0.9463273276685,1.069984115148815e-05
FF-2018-000118-LAO,FF-2018-000118-LAO,0.31350323788240575,9.17107628926181e-06,1.1632902888660213,1.0668623985747689e-05
FL-2007-000209-PNG,FL-2007-000209-PNG,0.31262795855144826,8.918219289713932e-06,1.1865949732954428,1.0582314179921006e-05
FF-2022-000274-IRN,FF-2022-000274-IRN,0.31611752637658874,9.96519380153205e-06,1.061292911805653,1.0575989546335595e-05
FL-2007-000138-UGA,FL-2007-000138-UGA,0.316715636836046,1.0155353798415395e-05,1.0368375020093747,1.0529451664370433e-05
FL-2008-000239-NIC,FL-2008-000239-NIC,0.3197900437780424,1.1185345016016818e-05,0.9387623897424877,1.0500381217330172e-05
FL-2009-000132-GHA,FL-2009-000132-GHA,0.31756651518520906,1.043150650855153e-05,1.00457015880135,1.0479180149832927e-05
FL-2006-000121-MKD,FL-2006-000121-MKD,0.3197462515139603,1.1170037164752675e-05,0.9374606289413403,1.0471470065767188e-05
FL-2011-000045-GTM,FL-2011-000045-GTM,0.30935356152823335,8.026961932111853e-06,1.3016118343545413,1.0447988644750183e-05
FF-2020-000240-ZMB,FF-2020-000240-ZMB,0.3111125086136524,8.49522190005761e-06,1.2241109429031103,1.0399094090250673e-05
FL-2007-000161-UGA,FL-2007-000161-UGA,0.31902570943098557,1.0920859781551614e-05,0.9520505600973528,1.0397210671770868e-05
FL-2020-000164-IND,FL-2020-000164-IND,0.3126078910929979,8.912496375172411e-06,1.1662775244540442,1.0394444209141722e-05
FL-2004-000055-TJK,FL-2004-000055-TJK,0.3117361299127949,8.667051855844424e-06,1.196880781045007,1.0373427794580652e-05
FL-1995-000012-PHL,FL-1995-000012-PHL,0.3088088760180219,7.886744046704554e-06,1.3115398697141116,1.0343779259483436e-05
FL-2018-000134-IND,FL-2018-000134-IND,0.31840731269406775,1.0711007759748825e-05,0.9601907828334073,1.0284610925767925e-05
FL-2003-000227-CHN,FL-2003-000227-CHN,0.3300893421251173,1.535730541248409e-05,0.667747313747308,1.0254799435583245e-05
FL-2018-000194-TTO,FL-2018-000194-TTO,0.3078508955343514,7.64547042852112e-06,1.3365256119034994,1.0218367042769299e-05
FL-2009-000178-GIN,FL-2009-000178-GIN,0.3145458826160503,9.480692194022069e-06,1.068515319346453,1.0130264847320915e-05
FL-2009-000219-NPL,FL-2009-000219-NPL,0.3258667780989171,1.3502085907837088e-05,0.7491056022368088,1.0114488195443432e-05
FL-2018-000128-SDN,FL-2018-000128-SDN,0.3124290648801077,8.861643804624245e-06,1.1360707994440626,1.006745476150799e-05
FL-2006-000151-PAN,FL-2006-000151-PAN,0.32008494988737624,1.1288923883911307e-05,0.8861876983942245,1.0004105474030952e-05
FL-2014-000168-MYS,FL-2014-000168-MYS,0.31433081992555456,9.416069467438237e-06,1.0559033797109114,9.942459574260757e-06
FL-2007-000126-PRK,FL-2007-000126-PRK,0.3194989376414687,1.10839404636125e-05,0.8947450500988214,9.91730086540732e-06
FL-2022-000365-PAN,FL-2022-000365-PAN,0.30945406183464047,8.05307743903449e-06,1.231111202769136,9.914233851962744e-06
FL-2007-000154-MEX,FL-2007-000154-MEX,0.3146798217942334,9.521140096540545e-06,1.041257826944866,9.91396164696144e-06
FL-2002-000536-MMR,FL-2002-000536-MMR,0.3188844364921542,1.0872595609442402e-05,0.9088201340075248,9.88123379878307e-06
FL-1999-000235-IRN,FL-1999-000235-IRN,0.31754338472899607,1.0423911046702868e-05,0.9461301844417329,9.862376881221201e-06
FL-2008-000205-IDN,FL-2008-000205-IDN,0.31784226953657396,1.0522441771703056e-05,0.9367613520933382,9.857016781383977e-06
FL-2012-000056-PRY,FL-2012-000056-PRY,0.3094992337781571,8.064840484085186e-06,1.2200522670934264,9.839526916354978e-06
FL-2025-000022-PER,FL-2025-000022-PER,0.30877408372192017,7.87786286231611e-06,1.244445279687572,9.803569253035308e-06
FL-2009-000237-THA,FL-2009-000237-THA,0.3145636017328535,9.486034247205966e-06,1.0324588619508415,9.79394012329698e-06
FL-2009-000144-NER,FL-2009-000144-NER,0.3125660215163206,8.900566490126682e-06,1.0987319238695548,9.77933654322578e-06
FL-2005-000117-GTM,FL-2005-000117-GTM,0.31929935774463003,1.1014897237083203e-05,0.8832004049243507,9.728361699991997e-06
FL-2021-000061-MYS,FL-2021-000061-MYS,0.3113833630893613,8.569471705934338e-06,1.1325212482808422,9.705108793512115e-06
FL-2010-000118-GHA,FL-2010-000118-GHA,0.3109276343506376,8.44487500785584e-06,1.1468698410721812,9.685172458134061e-06
Indonesia: Floods - May 1995,Indonesia: Floods - May 1995,0.3186569697151129,1.0795287644554538e-05,0.8969278164319343,9.682593774784942e-06
FL-2022-000217-BGD,FL-2022-000217-BGD,0.3147631727303397,9.546389333109414e-06,1.0110307901265791,9.651693550309557e-06
FL-2019-000103-LAO,FL-2019-000103-LAO,0.309962514193172,8.186377155496474e-06,1.1650939839327012,9.537898774073041e-06
FL-2012-000140-MMR,FL-2012-000140-MMR,0.3145149235314251,9.471364982895077e-06,1.0027197916590813,9.49712512237567e-06
FL-2021-000038-KEN,FL-2021-000038-KEN,0.3034812455341689,6.627024529044214e-06,1.4217705075722322,9.422108028352825e-06
Lao PDR: Floods - Sep 1995,Lao PDR: Floods - Sep 1995,0.3091216749165932,7.966995627853558e-06,1.1807652832898365,9.407151849491396e-06
FL-2020-000029-TZA,FL-2020-000029-TZA,0.3127542558725306,8.954313215737298e-06,1.0495762709803076,9.39823467416324e-06
FL-2013-000076-PRY,FL-2013-000076-PRY,0.3061847036954345,7.241606218469441e-06,1.291359570120468,9.351517493264406e-06
FL-2019-000079-BGD,FL-2019-000079-BGD,0.30795680954760535,7.671814911798752e-06,1.2169646553574989,9.336327590103688e-06
FL-2020-000038-EGY,FL-2020-000038-EGY,0.3050725574781614,6.982829345539346e-06,1.329767132388454,9.2855369547758e-06
FL-2023-000088-ITA,FL-2023-000088-ITA,0.3098992092042825,8.169673119975336e-06,1.135182250938361,9.274067921764224e-06
FL-2021-000147-THA,FL-2021-000147-THA,0.3051344330453582,6.99700502528307e-06,1.3245466846045788,9.267859808400267e-06
FL-2001-000390-POL,FL-2001-000390-POL,0.3077708051326277,7.625603264281071e-06,1.209049552596024,9.21973221495381e-06
FL-2015-000113-PRK,FL-2015-000113-PRK,0.3078509608560835,7.645486651174847e-06,1.2051154702949778,9.21369424126455e-06
FL-2001-000029-BOL,FL-2001-000029-BOL,0.3137743335211019,9.25069064371594e-06,0.9901822298032961,9.159869488815137e-06
name,name,0.3088155979303837,7.88846094021298e-06,1.1460299969121097,9.04041286695358e-06
FL-2019-000104-THA,FL-2019-000104-THA,0.3035624160813508,6.644770835023245e-06,1.3579010130864204,9.022941048605165e-06
FL-2018-000414-IRQ,FL-2018-000414-IRQ,0.3053136569260682,7.0382114579159e-06,1.279393971195808,9.00464530725886e-06
FL-2008-000102-CIV,FL-2008-000102-CIV,0.3127468086484734,8.952181266114416e-06,1.005572576008324,9.002067976660133e-06
Belarus: Floods - Aug 1993,Belarus: Floods - Aug 1993,0.3095389711932181,8.075201128069362e-06,1.1082433568666819,8.949288005545206e-06
FL-2009-000102-HTI,FL-2009-000102-HTI,0.31594626673472687,9.911337854033121e-06,0.9021112794083416,8.941129672150145e-06
FL-2016-000009-IDN,FL-2016-000009-IDN,0.30824378086787996,7.7436056891749e-06,1.1491797495702376,8.898794846656679e-06
FL-2020-000125-TZA,FL-2020-000125-TZA,0.3076620434368805,7.598698311883803e-06,1.1681139311946813,8.876145357056977e-06
FL-2022-000356-ETH,FL-2022-000356-ETH,0.31293792392969566,9.007037496385857e-06,0.9852801574957187,8.874455323008902e-06
FL-2019-000156-DJI,FL-2019-000156-DJI,0.31067252411841306,8.3758416746268e-06,1.0579254007457344,8.86101566021238e-06
FL-2017-000107-NPL,FL-2017-000107-NPL,0.3073151651373396,7.513458984052807e-06,1.179269398312985,8.860392255373245e-06
FL-2011-000093-BGD,FL-2011-000093-BGD,0.3147953942676158,9.55616624165422e-06,0.9269344239735141,8.857939450602895e-06
FL-2007-000011-ZMB,FL-2007-000011-ZMB,0.3094550516123915,8.053335017544013e-06,1.0897552028147803,8.776163735379047e-06
FL-2011-000067-PHL,FL-2011-000067-PHL,0.3095991886904481,8.090924328060297e-06,1.0816683359942454,8.75169665458834e-06
FL-2013-000006-IDN,FL-2013-000006-IDN,0.3148960436209918,9.586764115816793e-06,0.9117255836627187,8.740498108929874e-06
Bangladesh: Floods - May 1984,Bangladesh: Floods - May 1984,0.30665364127264805,7.353282644081305e-06,1.1865219890231302,8.724831548704612e-06
FL-2010-000120-BRA,FL-2010-000120-BRA,0.3046029219464096,6.87607571962183e-06,1.2635202173548898,8.688060687805256e-06
FL-2000-000299-GTM,FL-2000-000299-GTM,0.3160126529770731,9.932183138002832e-06,0.8719053948333257,8.65992406049726e-06
FF-2009-000201-PHL,FF-2009-000201-PHL,0.3158858091478599,9.892388433984706e-06,0.8698163539289835,8.604561239297823e-06
FF-2007-000113-GMB,FF-2007-000113-GMB,0.3055466900916478,7.092116072242609e-06,1.2095060640956095,8.577957396647371e-06
Iran: Floods - Dec 1986,Iran: Floods - Dec 1986,0.31734476646915016,1.035889437709444e-05,0.8224805158651762,8.519988791065508e-06
FL-2013-000159-VCT,FL-2013-000159-VCT,0.30364617424773044,6.663127697843425e-06,1.2772387598772803,8.510404957697493e-06
FL-2018-000154-GHA,FL-2018-000154-GHA,0.3026054301617699,6.438240124858319e-06,1.3214313032452296,8.507692038797258e-06
FL-2011-000124-ETH,FL-2011-000124-ETH,0.3076693371808934,7.600499927470745e-06,1.1140674979889862,8.467469937662804e-06
FL-2015-000011-PER,FL-2015-000011-PER,0.31111654843803227,8.496325076851676e-06,0.9963773020475339,8.46554545739228e-06
FL-1999-000132-BLR,FL-1999-000132-BLR,0.31180727678675724,8.686852811550292e-06,0.974119865323752,8.462035890874628e-06
FL-2014-000159-MAR,FL-2014-000159-MAR,0.3031468759963053,6.554370253101604e-06,1.2669680436793196,8.304177657122067e-06
FL-2013-000023-ZMB,FL-2013-000023-ZMB,0.3074082129600719,7.536238995695795e-06,1.0988875788119679,8.28147942332849e-06
FL-1998-000203-BGD,FL-1998-000203-BGD,0.3037141784221506,6.6780653941002126e-06,1.2384617273903773,8.27052840360325e-06
FL-2009-000124-VNM,FL-2009-000124-VNM,0.3057627137756821,7.142417666287991e-06,1.1555969844310696,8.2537563167096e-06
FL-2005-000168-NPL,FL-2005-000168-NPL,0.3132135114594661,9.08667268904014e-06,0.9001866293184169,8.179701259666757e-06
FL-2024-000139-TCD,FL-2024-000139-TCD,0.3112245280051316,8.525859465011273e-06,0.9523043457078162,8.119213019424352e-06
FF-2006-000163-AFG,FF-2006-000163-AFG,0.3089948204452285,7.934361723205587e-06,1.0230726450626195,8.117428435043543e-06
FL-2021-000173-IDN,FL-2021-000173-IDN,0.3084096102426749,7.785365834023176e-06,1.033714069822925,8.047842201348449e-06
FL-2004-000028-DOM,FL-2004-000028-DOM,0.3121804059179447,8.79136699021485e-06,0.9133490270228894,8.029586486713882e-06
FL-2007-000111-GBR,FL-2007-000111-GBR,0.3097520282785922,8.130955580016218e-06,0.9829526883830424,7.992344646500042e-06
FL-2010-000242-AGO,FL-2010-000242-AGO,0.3009081400632019,6.086103908610358e-06,1.3120034095843343,7.984989079181333e-06
FL-2010-000160-NPL,FL-2010-000160-NPL,0.30592571824858034,7.180585924131632e-06,1.1019919218781706,7.912947682745158e-06
FL-2006-000190-BDI,FL-2006-000190-BDI,0.31850384935653336,1.0743526385176099e-05,0.7328323699678426,7.87320390266065e-06
FL-2023-000158-GIN,FL-2023-000158-GIN,0.30107266296395585,6.119461951604512e-06,1.2862993830803735,7.871460133132703e-06
FL-2008-000032-KAZ,FL-2008-000032-KAZ,0.308768731974876,7.876497558575811e-06,0.9978373267784768,7.859463268226486e-06
FF-2008-000194-VNM,FF-2008-000194-VNM,0.3041706537399401,6.779116725768055e-06,1.1575172522881112,7.846944565351417e-06
FL-2011-000106-GHA,FL-2011-000106-GHA,0.30870314872832494,7.859783663429664e-06,0.9978910966803896,7.843208139570438e-06
FF-2011-000088-NGA,FF-2011-000088-NGA,0.29883113191099875,5.678823860135417e-06,1.376295308125757,7.815738634376975e-06
FL-2011-000082-NPL,FL-2011-000082-NPL,0.3076790461151466,7.602898711649059e-06,1.025863139158339,7.799533539035195e-06
FL-2021-000127-NER,FL-2021-000127-NER,0.3038407479500377,6.705947742250647e-06,1.1513193602048528,7.720687464175192e-06
FF-2009-000160-LKA,FF-2009-000160-LKA,0.30063179508170224,6.030441383651762e-06,1.2785216004261617,7.710049569102607e-06
FL-2002-000782-MKD,FL-2002-000782-MKD,0.3071865925369067,7.482083758255857e-06,1.0286208969532604,7.69622770649656e-06
FL-2019-000093-NGA,FL-2019-000093-NGA,0.2955840708046669,5.091083965234303e-06,1.4999999960810835,7.636625927899922e-06
LS-2016-000051-IDN,LS-2016-000051-IDN,0.31293721741056324,9.006834146801831e-06,0.8456727764380267,7.61683443984273e-06
FL-2001-000180-IRN,FL-2001-000180-IRN,0.30921401173131513,7.990825617472126e-06,0.9510109146925885,7.599362379621135e-06
FL-1999-000253-PHL,FL-1999-000253-PHL,0.2990567935034214,5.721853377485176e-06,1.2987188406129038,7.431078784564575e-06
FL-2023-000144-SVN,FL-2023-000144-SVN,0.29667744371428173,5.2825702729593815e-06,1.3855662998699905,7.319351346907536e-06
FL-2024-000182-SLE,FL-2024-000182-SLE,0.30137040038175344,6.180248684663011e-06,1.178286929715142,7.282106247527624e-06
Iran: Floods - Jul 1994,Iran: Floods - Jul 1994,0.30899721907672273,7.934977664751674e-06,0.9087721063099059,7.211086365918437e-06
FL-2006-000034-ECU,FL-2006-000034-ECU,0.30784172832275636,7.643194058528977e-06,0.9389625926165136,7.176673309067502e-06
FL-2002-000026-SEN,FL-2002-000026-SEN,0.30427319323794466,6.80200462359471e-06,1.0546693276059735,7.173865642739356e-06
FL-2009-000145-NPL,FL-2009-000145-NPL,0.3100633902079277,8.213058432028763e-06,0.8626211054247378,7.084757543554615e-06
FF-2017-000122-CMR,FF-2017-000122-CMR,0.3013795975607647,6.182135023202733e-06,1.1398719755326612,7.046842461907754e-06
FL-2007-000054-AFG,FL-2007-000054-AFG,0.3087050552588082,7.86026909202575e-06,0.8959779952430994,7.0426281431445295e-06
FL-2020-000126-ETH,FL-2020-000126-ETH,0.29722972902480094,5.381736815376381e-06,1.305209086561218,7.024291792910284e-06
FL-2020-000128-KEN,FL-2020-000128-KEN,0.3040859002380581,6.760251197693299e-06,1.0272567357494566,6.944513578188773e-06
Papua New Guinea: Floods - Jun 1993,Papua New Guinea: Floods - Jun 1993,0.30787613240874356,7.651740313504638e-06,0.9057511495213365,6.930572584795578e-06
FL-2010-000015-PSE,FL-2010-000015-PSE,0.3017870962349427,6.266234789342669e-06,1.1058643718376864,6.929605799103888e-06
FL-2008-000088-USA,FL-2008-000088-USA,0.29966318907149436,5.838939434825734e-06,1.1865814777652384,6.928377383157245e-06
Ghana: Floods - Jul 1995,Ghana: Floods - Jul 1995,0.3096006472252313,8.091305502984844e-06,0.8551639114187951,6.91939246241694e-06
FL-2019-000033-PRY,FL-2019-000033-PRY,0.3071704819868333,7.478160669038168e-06,0.9195954025807005,6.876882171007315e-06
FL-2018-000054-BDI,FL-2018-000054-BDI,0.31084372193414916,8.42211183679589e-06,0.814524387135535,6.8600154822531074e-06
FL-1997-000255-KEN,FL-1997-000255-KEN,0.3067463061229728,7.375533093950903e-06,0.9285064149811921,6.848229791639493e-06
FF-2022-000278-MNG,FF-2022-000278-MNG,0.3013038528368522,6.1666152310049054e-06,1.1090906111433032,6.839335055240832e-06
FL-2019-000030-IRQ,FL-2019-000030-IRQ,0.3007733023691651,6.058886851233154e-06,1.1268493447600907,6.827452678287608e-06
FL-2009-000226-PRY,FL-2009-000226-PRY,0.3081530906993737,7.720852923541662e-06,0.8690624710349184,6.7099035202302904e-06
FL-1998-000247-IRN,FL-1998-000247-IRN,0.3068316173188286,7.3960713563016285e-06,0.8997846466107959,6.654871451638091e-06
FL-2009-000133-ZAF,FL-2009-000133-ZAF,0.3013943356702758,6.185158885356279e-06,1.0731148513908544,6.637385858087927e-06
FL-2004-000044-BGD,FL-2004-000044-BGD,0.30901225576652397,7.938839897867891e-06,0.8296031651469546,6.586086706866129e-06
FL-2009-000242-IRQ,FL-2009-000242-IRQ,0.3035170182434461,6.6348402479197986e-06,0.9788779086310397,6.494698545984782e-06
FL-2016-000080-BFA,FL-2016-000080-BFA,0.2980873914909073,5.539059957721889e-06,1.1662442397342112,6.459896769235577e-06
FL-2003-000027-TUN,FL-2003-000027-TUN,0.30559704425734674,7.103812567562182e-06,0.9069463005317308,6.442776527821336e-06
FL-2009-000172-BFA,FL-2009-000172-BFA,0.297666583527154,5.461360295984433e-06,1.1667415435722015,6.371995941740813e-06
FL-1999-000363-NIC,FL-1999-000363-NIC,0.3011568952147405,6.136604175116067e-06,1.029066129374002,6.314971505987031e-06
FL-2019-000062-SSD,FL-2019-000062-SSD,0.3000392634202552,5.912632772142387e-06,1.0669924753090707,6.308734677141738e-06
FL-2010-000176-MRT,FL-2010-000176-MRT,0.297178446799598,5.372458697020845e-06,1.1720801829873777,6.296952372696321e-06
FL-2021-000051-SOM,FL-2021-000051-SOM,0.2964990172763099,5.250885916291563e-06,1.1926575207202363,6.2625085785091025e-06
Bolivia: Floods - Jan 1986,Bolivia: Floods - Jan 1986,0.3051890777114603,7.009545638061007e-06,0.8841657020196967,6.197599839915313e-06
Brazil: Floods - Apr 1985,Brazil: Floods - Apr 1985,0.30329417254029456,6.586287117121303e-06,0.9399629984750824,6.190866187427147e-06
FL-2021-000091-PHL,FL-2021-000091-PHL,0.3017836864462091,6.265526824995393e-06,0.9804501633100483,6.143036798790221e-06
FL-2015-000176-BDI,FL-2015-000176-BDI,0.3011243650919492,6.129978808554424e-06,1.0012036912755304,6.1373574105654675e-06
FL-2005-000205-PHL,FL-2005-000205-PHL,0.2972997540238113,5.394429216540357e-06,1.1230443143849564,6.058183060987743e-06
FL-2017-000010-PHL,FL-2017-000010-PHL,0.29514763569518987,5.016410707652537e-06,1.2076275140633692,6.0579555924033005e-06
FF-2008-000092-KEN,FF-2008-000092-KEN,0.3003743565024729,5.978999734824611e-06,1.0067078859630323,6.019106183218815e-06
Djibouti: Floods - Nov 1994,Djibouti: Floods - Nov 1994,0.3020699917948203,6.3252229466051975e-06,0.949468318420347,6.005598794747029e-06
FL-2015-000088-IRN,FL-2015-000088-IRN,0.2932011663439981,4.6952306960769935e-06,1.2747350017900236,5.98517490976828e-06
FF-2013-000113-ROM,FF-2013-000113-ROM,0.2913883413336122,4.4128758903566925e-06,1.3494636441975612,5.9550155803923e-06
FL-2024-000077-LKA,FL-2024-000077-LKA,0.2974990187309567,5.430694542317116e-06,1.0924845776964491,5.932950033661725e-06
FL-2023-000167-LBR,FL-2023-000167-LBR,0.2961630691299741,5.191693199573497e-06,1.1239561416844555,5.835235457402053e-06
FL-2003-000368-SDN,FL-2003-000368-SDN,0.29718385738608555,5.373436915138439e-06,1.072361231723768,5.762265428907821e-06
FL-2003-000331-CHN,FL-2003-000331-CHN,0.31214585176022797,8.781640978853458e-06,0.6456419227196044,5.6697955662202156e-06
FL-2004-000052-JPN,FL-2004-000052-JPN,0.29595377442195675,5.155120613082923e-06,1.0587350877770016,5.457907074793379e-06
FL-2008-000094-ZAF,FL-2008-000094-ZAF,0.2961655731372813,5.192132164916702e-06,1.045585962583682,5.428820507516127e-06
FF-2009-000107-THA,FF-2009-000107-THA,0.29614260362769085,5.18810674378147e-06,1.0240911244438284,5.3130940689737746e-06
Turkey: Floods - Nov 1995,Turkey: Floods - Nov 1995,0.2986368987729062,5.642020627679032e-06,0.9375125837102277,5.289465336001771e-06
FL-2010-000046-MOZ,FL-2010-000046-MOZ,0.28982984473412166,4.182452734259977e-06,1.2621415706580152,5.278847463221798e-06
FL-2019-000094-GTM,FL-2019-000094-GTM,0.2921836253462132,4.534806223838389e-06,1.1627948729486577,5.2730494268949425e-06
FL-2009-000164-SEN,FL-2009-000164-SEN,0.2949101665393574,4.976195611855824e-06,1.0544185483611912,5.246992953414347e-06
FL-1999-000160-PER,FL-1999-000160-PER,0.2986294105022339,5.6406060599931985e-06,0.9293539712618099,5.24211964217811e-06
FL-2012-000175-GMB,FL-2012-000175-GMB,0.28995981016341316,4.2012455694402015e-06,1.2465158816556456,5.236919325042628e-06
FL-2007-000106-IDN,FL-2007-000106-IDN,0.29881118770031284,5.675034909192003e-06,0.9201287593720849,5.22176283038811e-06
FL-2015-000039-KAZ,FL-2015-000039-KAZ,0.29065805833569114,4.303518560531488e-06,1.2043264756829248,5.18284134104094e-06
FL-2016-000123-DOM,FL-2016-000123-DOM,0.29503789615188414,4.997790248046026e-06,1.0354648515724754,5.175036137383343e-06
Belarus: Floods - Apr 1996,Belarus: Floods - Apr 1996,0.2960269241778788,5.167876507676509e-06,0.9975700341709333,5.155318744354018e-06
FL-2019-000052-SRB,FL-2019-000052-SRB,0.28658522317730817,3.7371276873410273e-06,1.3767250465171905,5.144997289195256e-06
FL-1997-000164-BGD,FL-1997-000164-BGD,0.29958104757378123,5.82295388617944e-06,0.876494679186875,5.103788098386815e-06
FL-2013-000142-VNM,FL-2013-000142-VNM,0.29302817499385847,4.667601843789079e-06,1.0905579261018445,5.090290186631764e-06
FL-2023-000053-ECU,FL-2023-000053-ECU,0.2909372749397795,4.3450388811752086e-06,1.1701678124219697,5.084424642473196e-06
FL-2000-000583-LAO,FL-2000-000583-LAO,0.2900053827115263,4.207853276046511e-06,1.2022237305473946,5.058781063124712e-06
FL-2008-000191-CRI,FL-2008-000191-CRI,0.30974147927664075,8.128186903314158e-06,0.6221635888955922,5.057061934980086e-06
FL-2007-000155-ROM,FL-2007-000155-ROM,0.29851803147154604,5.619603712468483e-06,0.8986487971175168,5.050050116486934e-06
FL-2008-000243-PNG,FL-2008-000243-PNG,0.2906299430361617,4.29935758661755e-06,1.173640633936972,5.045900763479551e-06
FF-2021-000098-MNG,FF-2021-000098-MNG,0.29155061391135556,4.437512632750262e-06,1.1320748662636826,5.023596520264155e-06
FL-2001-000453-IRN,FL-2001-000453-IRN,0.2988439695321761,5.681263923322478e-06,0.8717258436729041,4.95250458668672e-06
FL-2013-000017-PNG,FL-2013-000017-PNG,0.2920792818278034,4.518637694460845e-06,1.0931237284308373,4.9394300839971615e-06
FL-2020-000154-CIV,FL-2020-000154-CIV,0.28910408580830094,4.078892828044914e-06,1.204144706950617,4.911577209109116e-06
FL-2007-000129-PAK,FL-2007-000129-PAK,0.30630027407360017,7.268986362677258e-06,0.6733911312339389,4.894870949687314e-06
FL-2005-000064-ETH,FL-2005-000064-ETH,0.2969698316050103,5.334863686879545e-06,0.9153081224890242,4.88304406497259e-06
FL-2018-000092-MNG,FL-2018-000092-MNG,0.29339167418854795,4.725827373963401e-06,1.031500359443832,4.874692634912748e-06
FL-2020-000019-MDG,FL-2020-000019-MDG,0.293030229603169,4.66792912975066e-06,1.043786590716556,4.872321832048942e-06
FL-2003-000481-HND,FL-2003-000481-HND,0.29430125567278,4.8743998387321566e-06,0.9978785950240384,4.8640592626594435e-06
FL-2009-000117-GTM,FL-2009-000117-GTM,0.2945652024926718,4.918293203929008e-06,0.9753116506378312,4.7968686630448285e-06
FL-2023-000155-KGZ,FL-2023-000155-KGZ,0.28604318230631,3.667043065971043e-06,1.3078043445548737,4.795774853346754e-06
FL-2003-000571-DOM,FL-2003-000571-DOM,0.29407288495127987,4.8367074691335674e-06,0.9832757048107912,4.755816945675927e-06
1993-12-00T00:00:00+00:00,1993-12-00T00:00:00+00:00,0.3032247272313576,6.571222015413956e-06,0.7194550254691349,4.727698702462988e-06
FL-2016-000068-NPL,FL-2016-000068-NPL,0.290162517173855,4.230708481496283e-06,1.1157984838635762,4.720618109322325e-06
FF-2020-000158-SRB,FF-2020-000158-SRB,0.2894560235884753,4.12881968618155e-06,1.1226898183568608,4.635383823507396e-06
FL-1999-000233-SVK,FL-1999-000233-SVK,0.2860324990944179,3.665673719767176e-06,1.2632598706634384,4.630698509127448e-06
FL-2005-000153-THA,FL-2005-000153-THA,0.28692023154241453,3.7810439571882675e-06,1.2142364677237614,4.591081458884555e-06
FL-2007-000035-AFG,FL-2007-000035-AFG,0.29328064411543653,4.707973551041924e-06,0.9702882879212498,4.568091596418995e-06
FL-2002-000479-CZE,FL-2002-000479-CZE,0.2871791257504418,3.815299983176906e-06,1.1971051210312973,4.567315148131697e-06
FF-2020-000153-BIH,FF-2020-000153-BIH,0.29209869616421535,4.521642104649062e-06,1.0072124375171865,4.5542541658039234e-06
FL-2023-000236-DOM,FL-2023-000236-DOM,0.28460942891129737,3.487328335685032e-06,1.3006578060128464,4.535820821938525e-06
FL-2019-000083-NPL,FL-2019-000083-NPL,0.2894666588709042,4.1303369606855126e-06,1.0942813443525146,4.519750681967822e-06
FL-2011-000007-ZAF,FL-2011-000007-ZAF,0.28970573776573727,4.164577678730821e-06,1.0794985641478076,4.495655624471931e-06
FL-2016-000089-SEN,FL-2016-000089-SEN,0.28735023853695474,3.838094114133993e-06,1.1668188769061376,4.478360663713883e-06
FL-2012-000129-SDN,FL-2012-000129-SDN,0.29030552885701966,4.251606577992774e-06,1.0523145824203366,4.4740276007360225e-06
FL-2015-000092-BRA,FL-2015-000092-BRA,0.29187291169514346,4.486812345050712e-06,0.9951769503164747,4.4651722261898776e-06
FL-2006-000027-IDN,FL-2006-000027-IDN,0.29281182916796045,4.633254711074932e-06,0.9608535718134472,4.45187933825783e-06
FL-2002-000641-THA,FL-2002-000641-THA,0.2871653905794325,3.81347559846967e-06,1.1603592484795837,4.425001679535497e-06
FL-2024-000177-NPL,FL-2024-000177-NPL,0.28630578387282324,3.7008477260202656e-06,1.1822831865149188,4.3754500423257305e-06
FL-2009-000247-MYS,FL-2009-000247-MYS,0.29161216135811513,4.446889295267932e-06,0.9816944353369297,4.36548647572389e-06
FL-2003-000037-MDG,FL-2003-000037-MDG,0.2844731094578988,3.4706610256467944e-06,1.2347603990507627,4.285434792997566e-06
FL-2010-000003-KEN,FL-2010-000003-KEN,0.2916843119799749,4.4579040378814795e-06,0.9550122542299223,4.2573529843578644e-06
FL-2013-000101-LAO,FL-2013-000101-LAO,0.2874131020515314,3.846498970612896e-06,1.1048841434150625,4.249935720292549e-06
FF-2020-000168-MNG,FF-2020-000168-MNG,0.28374769539232236,3.383166942708656e-06,1.2541412875563223,4.24296934554662e-06
FL-2008-000191-SLV,FL-2008-000191-SLV,0.28737426339693317,3.841304286312653e-06,1.1001321274321947,4.225942256615547e-06
FL-2008-000054-THA,FL-2008-000054-THA,0.2840598883076184,3.420575017358976e-06,1.2161844828708155,4.160050258607557e-06
Bangladesh: Floods - Jul 1993,Bangladesh: Floods - Jul 1993,0.2940511300278208,4.833130560669649e-06,0.8603121344647399,4.158000868796471e-06
FL-2020-000161-BGD,FL-2020-000161-BGD,0.2862776040258508,3.6972067537029596e-06,1.110546280177668,4.105919207372573e-06
Indonesia: Floods - Feb 1993,Indonesia: Floods - Feb 1993,0.28258976671225,3.2476132826836845e-06,1.260456071218516,4.0934738791285445e-06
FL-2019-000015-PER,FL-2019-000015-PER,0.28279705385629433,3.271514181509289e-06,1.2387880992853906,4.052712834697093e-06
FL-1997-000142-CZE,FL-1997-000142-CZE,0.29206556627895597,4.5165162669818656e-06,0.8861912863935222,4.002497360653928e-06
FL-2005-000209-THA,FL-2005-000209-THA,0.2832891301070516,3.3288874222255017e-06,1.1913966804489575,3.96602542442775e-06
FL-2004-000036-MKD,FL-2004-000036-MKD,0.28822813987820406,3.956979402986235e-06,0.9980071080496405,3.949093570586286e-06
FL-2004-000051-NPL,FL-2004-000051-NPL,0.2937603948602911,4.785556332347968e-06,0.8123157064849782,3.887382573034901e-06
FL-2001-000082-ZWE,FL-2001-000082-ZWE,0.28473795284967385,3.503108454910189e-06,1.103078973774151,3.864205279461883e-06
FL-2020-000242-COL,FL-2020-000242-COL,0.2845513432288192,3.4802176115758903e-06,1.1047518015144244,3.844776676050692e-06
FL-2000-000048-BWA,FL-2000-000048-BWA,0.28552696995560567,3.60140004564112e-06,1.0623346437323442,3.825892034423808e-06
FL-2010-000076-COL,FL-2010-000076-COL,0.2834867073943932,3.352177430183046e-06,1.1209522992842493,3.7576309979724513e-06
FL-2012-000132-NPL,FL-2012-000132-NPL,0.2799685758129986,2.958645151494072e-06,1.2592133213281245,3.7255653878442025e-06
FF-2023-000107-GEO,FF-2023-000107-GEO,0.2885370034987153,3.999587226083852e-06,0.9175232708403509,3.6697143536877417e-06
FL-1999-000324-HND,FL-1999-000324-HND,0.2846535695011178,3.4927406723858504e-06,1.0408486923311688,3.6354145615046997e-06
FL-2009-000179-LBR,FL-2009-000179-LBR,0.2861319789690897,3.6784426187836355e-06,0.9840111740692383,3.6196286400556087e-06
FL-2011-000118-GTM,FL-2011-000118-GTM,0.28653835485850554,3.731020462223994e-06,0.9552182830389102,3.5639389599086447e-06
Bangladesh: Floods - Sep 1986,Bangladesh: Floods - Sep 1986,0.2859796797464805,3.6589102337123767e-06,0.9657008832892354,3.5334128445720652e-06
FL-2000-000617-BGD,FL-2000-000617-BGD,0.29096859399213215,4.349718530429072e-06,0.8096868541290794,3.5219099132500775e-06
FL-2007-000151-TCD,FL-2007-000151-TCD,0.2890116771264626,4.0658738694202294e-06,0.8635836730404353,3.511222290273049e-06
FL-2020-000054-BDI,FL-2020-000054-BDI,0.2830704136325556,3.3032754912897873e-06,1.0550987498746878,3.4852818413515496e-06
FF-2014-000015-ZWE,FF-2014-000015-ZWE,0.2803467147762662,2.9988497851892653e-06,1.1599076147138132,3.478388701223912e-06
FL-2004-000068-ROM,FL-2004-000068-ROM,0.2862778594427746,3.697239740319933e-06,0.9341110661845553,3.4536325557701608e-06
FL-2001-000079-ROM,FL-2001-000079-ROM,0.28432703302759554,3.452880368871024e-06,0.9754964355574846,3.3682724922400963e-06
FL-2022-000305-GIN,FL-2022-000305-GIN,0.2741646485194442,2.3994657234759837e-06,1.381125092626501,3.3139623195898824e-06
FL-2012-000205-LKA,FL-2012-000205-LKA,0.2808068603271512,3.0484363905233444e-06,1.0845827244475248,3.3062814457387876e-06
FL-2005-000176-BGD,FL-2005-000176-BGD,0.287305185476369,3.832080688252302e-06,0.852603025726979,3.2672435896338367e-06
FL-2019-000163-UGA,FL-2019-000163-UGA,0.28329893305311904,3.330039530880588e-06,0.9750374650400142,3.2469133026728465e-06
Bangladesh: Floods - Jul 1996,Bangladesh: Floods - Jul 1996,0.2892053054401725,4.093196157976689e-06,0.7856917613361736,3.215990498855163e-06
FL-2016-000011-TZA,FL-2016-000011-TZA,0.2799584897639806,2.957579453220237e-06,1.076733992508393,3.1845263328266156e-06
FL-2010-000096-IDN,FL-2010-000096-IDN,0.27823221976044016,2.7801882659162916e-06,1.0988211437996545,3.0549296503325176e-06
FL-2003-000647-TLS,FL-2003-000647-TLS,0.2778985897222701,2.7470301641932297e-06,1.1114226107007856,3.053111436761447e-06
FL-2007-000086-PAN,FL-2007-000086-PAN,0.2846194074238888,3.4885511989102078e-06,0.8477798095902991,2.9575232711581054e-06
Bangladesh: Floods - Aug 1986,Bangladesh: Floods - Aug 1986,0.2795213732041461,2.911724039250852e-06,1.0124849879606508,2.948076878825636e-06
FL-2020-000213-LAO,FL-2020-000213-LAO,0.2750762185253904,2.4804498715326666e-06,1.1779112023169338,2.921749690463927e-06
FL-2008-000197-COL,FL-2008-000197-COL,0.28300843369949585,3.2960498974357226e-06,0.8805586057383387,2.902365102129994e-06
FL-1998-000219-KOR,FL-1998-000219-KOR,0.2765093619258788,2.6127532721408075e-06,1.1090488289439522,2.8976709567872416e-06
FL-2015-000171-PRY,FL-2015-000171-PRY,0.2776088825280453,2.7185265531887502e-06,1.0574697968975482,2.8747597220610992e-06
FL-2007-000181-HTI,FL-2007-000181-HTI,0.27930962036885454,2.8897411696489676e-06,0.9891914221912965,2.858507177369803e-06
FL-2005-000111-ROM,FL-2005-000111-ROM,0.2785295850902135,2.8100453068799275e-06,0.9764074974737552,2.7437493058785003e-06
FL-2019-000084-IND,FL-2019-000084-IND,0.27437114252364136,2.4175992783927714e-06,1.1318124044523812,2.7362688522800643e-06
FL-2012-000005-BOL,FL-2012-000005-BOL,0.2761031960750574,2.5746271170407473e-06,1.0536838020167862,2.712842889459012e-06
FL-2011-000043-VCT,FL-2011-000043-VCT,0.27632006574774326,2.5949215670880198e-06,1.0288152889065125,2.6696949817334013e-06
Bangladesh: Floods - Aug 1989,Bangladesh: Floods - Aug 1989,0.2749289153698037,2.467199039362273e-06,1.074589594581484,2.651226415460132e-06
FL-2023-000216-KEN,FL-2023-000216-KEN,0.272077789339517,2.222956183845537e-06,1.19256578459642,2.651021485511216e-06
FL-2020-000052-COD,FL-2020-000052-COD,0.27404885242153354,2.389350587219782e-06,1.0988158099220888,2.6254562006837233e-06
FL-2003-000359-PAK,FL-2003-000359-PAK,0.2767038657958282,2.631190343330818e-06,0.9970856486805502,2.623522130282008e-06
FL-2024-000019-IRN,FL-2024-000019-IRN,0.2726926151866617,2.2737031807224306e-06,1.1462709369280168,2.6062798752629126e-06
FL-2024-000167-THA,FL-2024-000167-THA,0.2694599112863858,2.018095084777896e-06,1.2835865378512363,2.590399682924657e-06
FL-2009-000087-VUT,FL-2009-000087-VUT,0.27397064916205943,2.3825410261336055e-06,1.0709159987358805,2.55150130253108e-06
1,1,0.2666530312570149,1.8174616271283678e-06,1.3688588888282904,2.4878485033989944e-06
FL-2023-000131-GTM,FL-2023-000131-GTM,0.2724256721748332,2.251543341206248e-06,1.0605795468095311,2.3879408164385397e-06
Bangladesh: Floods - Aug 1988,Bangladesh: Floods - Aug 1988,0.2817676094787222,3.1543557690330997e-06,0.7553870279750035,2.3827594295457196e-06
FL-2015-000055-TJK,FL-2015-000055-TJK,0.26504898865704873,1.7110453263807607e-06,1.363091174686871,2.3323107838788318e-06
FL-2018-000164-HND,FL-2018-000164-HND,0.26885508735674934,1.973252162463206e-06,1.1796924207248134,2.3278306202366924e-06
FL-2009-000075-BDI,FL-2009-000075-BDI,0.282175476407741,3.200314575954295e-06,0.7232460065686893,2.314614736822512e-06
El Salvador: Floods in South Eastern Region - Oct 1992,El Salvador: Floods in South Eastern Region - Oct 1992,0.2738933034241856,2.3758233189812846e-06,0.9628448857586056,2.287549332147166e-06
FL-2006-000091-PRK,FL-2006-000091-PRK,0.2779272655712038,2.7498660911526523e-06,0.8137351057804316,2.2376625745661256e-06
FL-2022-000374-TTO,FL-2022-000374-TTO,0.26404814957089634,1.6475222303505823e-06,1.3478906419910999,2.220679796761855e-06
FL-2020-000175-GEO,FL-2020-000175-GEO,0.2704240205415782,2.0914748856585326e-06,1.0606407542579777,2.2183035002364835e-06
FL-2025-000026-ECU,FL-2025-000026-ECU,0.2690195873303267,1.9853588748949295e-06,1.1171472704368623,2.2179382479264706e-06
FL-2007-000194-GTM,FL-2007-000194-GTM,0.27085680361257836,2.125188662693672e-06,1.041926920218741,2.214291278204202e-06
FL-2013-000024-MKD,FL-2013-000024-MKD,0.27051927806642884,2.0988538463718797e-06,1.012158913963861,2.124373629712634e-06
FL-2001-000274-WSM,FL-2001-000274-WSM,0.2630787074537714,1.5880237538456512e-06,1.3345437786795291,2.119287221090026e-06
FL-2021-000135-GIN,FL-2021-000135-GIN,0.26136626256417395,1.4876311947283275e-06,1.405762750329889,2.091256519777832e-06
FL-2010-000262-ECU,FL-2010-000262-ECU,0.26195488410512313,1.5214756355035795e-06,1.369373617071581,2.0834685942758187e-06
FL-2013-000081-PRK,FL-2013-000081-PRK,0.2664820484226532,1.8058412981588367e-06,1.132099170129612,2.0443914350314e-06
FF-2020-000156-UKR,FF-2020-000156-UKR,0.2685464801715909,1.95071868853987e-06,1.0262202808011436,2.0018670803174238e-06
FL-2015-000056-COL,FL-2015-000056-COL,0.2662512581937424,1.7902623876162996e-06,1.1169319001335634,1.9996011703379235e-06
FL-2006-000156-TUR,FL-2006-000156-TUR,0.2663479890644723,1.796777174941252e-06,1.1004723456560104,1.9773035923287792e-06
FL-1998-000255-TUR,FL-1998-000255-TUR,0.2658491361535018,1.7634068952019458e-06,1.1010714693094692,1.9416370210904556e-06
FL-2012-000039-CHL,FL-2012-000039-CHL,0.26385143644115006,1.6352894267364772e-06,1.1809039662177345,1.931119769947031e-06
FL-2000-000770-IDN,FL-2000-000770-IDN,0.27043542712869817,2.092357245118094e-06,0.9023361566151682,1.8880095948257623e-06
FL-2000-000806-FJI,FL-2000-000806-FJI,0.265386506075321,1.7329593204032557e-06,1.0809688363767913,1.8732750200646224e-06
FL-2022-000331-SLV,FL-2022-000331-SLV,0.2660616333798177,1.7775528800347414e-06,1.046746663649171,1.8606475466363404e-06
FL-2022-000328-HND,FL-2022-000328-HND,0.2643088587855261,1.663861586585238e-06,1.1114267603705184,1.8492602928833819e-06
FL-2006-000127-NPL,FL-2006-000127-NPL,0.2707020695094971,2.11307912427665e-06,0.862630230686243,1.822805932433051e-06
FL-2015-000131-SLE,FL-2015-000131-SLE,0.2629221371818967,1.578597963400671e-06,1.1427229576603417,1.8039001336938068e-06
FL-2011-000180-PAN,FL-2011-000180-PAN,0.26561530593913685,1.7479579229250954e-06,1.008200937283557,1.7622928162253006e-06
FL-2009-000190-TUR,FL-2009-000190-TUR,0.2652485609009929,1.723972616642258e-06,1.0202954218418836,1.7589613681408684e-06
FL-2022-000312-BGR,FL-2022-000312-BGR,0.25810052107591186,1.3118639969452197e-06,1.2948679116591442,1.6986905941052745e-06
FF-2012-000120-GEO,FF-2012-000120-GEO,0.260508583971386,1.4395288804500975e-06,1.170744043976996,1.6853198629198249e-06
FL-2008-000167-VCT,FL-2008-000167-VCT,0.2606997346666774,1.4501265084101208e-06,1.1194341065259241,1.6233210722916415e-06
FL-2011-000120-SDN,FL-2011-000120-SDN,0.2630311909446228,1.5851578417579032e-06,1.019268556883517,1.6157015458011683e-06
FL-2005-000175-SDN,FL-2005-000175-SDN,0.26124227634541547,1.4805892557026316e-06,1.0729889975346198,1.5886559812368957e-06
FL-2010-000150-MEX,FL-2010-000150-MEX,0.25596408566299417,1.207230883301209e-06,1.2934881621677183,1.561538856553392e-06
FL-2016-000075-BGD,FL-2016-000075-BGD,0.2603196906033423,1.4291249267139901e-06,1.0303519065285407,1.4725015929072207e-06
FL-2009-000031-DOM,FL-2009-000031-DOM,0.2621313454709848,1.5317559169531446e-06,0.9531752822708737,1.4600318785118946e-06
FL-2010-000225-PAN,FL-2010-000225-PAN,0.2577249708367585,1.2929001669452455e-06,1.1284651586517427,1.458992792012731e-06
FF-2014-000048-KAZ,FF-2014-000048-KAZ,0.2571574891622479,1.2647123730203979e-06,1.1524100484085351,1.45746724701531e-06
FL-2012-000003-BRA,FL-2012-000003-BRA,0.26170596342408725,1.5070795924869472e-06,0.950877679977288,1.433048346445105e-06
FL-2008-000250-THA,FL-2008-000250-THA,0.2600142544557515,1.4124450937027326e-06,0.9628755515870862,1.3600088486854923e-06
FL-2025-000029-BWA,FL-2025-000029-BWA,0.2536136783988984,1.1008464107866714e-06,1.2304510947433291,1.3545376712967244e-06
FL-2007-000199-THA,FL-2007-000199-THA,0.2532935034503687,1.0870274474177893e-06,1.2349138810883142,1.3423852839402256e-06
FL-2020-000202-GIN,FL-2020-000202-GIN,0.25545079535268417,1.183239316974878e-06,1.1057838285302726,1.3084069019920253e-06
FL-2022-000316-NER,FL-2022-000316-NER,0.25931364034654053,1.37484462501089e-06,0.94956722049458,1.305507389183504e-06
FL-1997-000143-POL,FL-1997-000143-POL,0.25245580869415524,1.0516075058508997e-06,1.233104785558755,1.2967422479942507e-06
FL-2010-000036-CYP,FL-2010-000036-CYP,0.25341710736485773,1.092343662741345e-06,1.084509140610344,1.1846566869307713e-06
FL-2020-000206-COD,FL-2020-000206-COD,0.2529728661460934,1.0733451858651307e-06,1.0973603002618633,1.1778463954455853e-06
FL-2009-000121-CZE,FL-2009-000121-CZE,0.2599169971166959,1.4071707806158314e-06,0.8338900564640452,1.1734257217022904e-06
FL-2007-000220-SRB,FL-2007-000220-SRB,0.2588353593072502,1.3496962678280332e-06,0.8529797073218023,1.1512635275052846e-06
FL-2024-000148-GIN,FL-2024-000148-GIN,0.2546177567547985,1.1452145992848868e-06,0.994415026402329,1.1388186059842134e-06
Indonesia: Floods - Nov 1987,Indonesia: Floods - Nov 1987,0.25143200370903773,1.009730706561404e-06,1.113651344896523,1.124487959345424e-06
1993-08-01T00:00:00+00:00,1993-08-01T00:00:00+00:00,0.25436881465697286,1.1340668664684452e-06,0.9751121616043547,1.1058423935659226e-06
FL-2018-000058-COL,FL-2018-000058-COL,0.2537403866476241,1.106358745140871e-06,0.991294406755453,1.096727235923127e-06
FL-2017-000004-THA,FL-2017-000004-THA,0.2510730511853674,9.954077187288476e-07,1.0982925831634236,1.0932489147035165e-06
FL-2003-000585-MKD,FL-2003-000585-MKD,0.2518728444015562,1.0275748512984062e-06,1.044377937487487,1.0731765038130406e-06
FL-2010-000196-LKA,FL-2010-000196-LKA,0.24795488334031907,8.784694423491999e-07,1.212821481693282,1.065426610692228e-06
FL-1998-000193-ROM,FL-1998-000193-ROM,0.25361370441736225,1.100847540155794e-06,0.963506236832878,1.0606734707422395e-06
FL-2004-000100-PAN,FL-2004-000100-PAN,0.24792846793938778,8.775340301942919e-07,1.0286129960378907,9.026429079233554e-07
FL-2024-000035-IRQ,FL-2024-000035-IRQ,0.2485710320379182,9.005444511560835e-07,0.9517697258080438,8.571109453547808e-07
ST-2022-000138-MDG,ST-2022-000138-MDG,0.2433881524365684,7.294480031210429e-07,1.1583807019765697,8.449784899107607e-07
FL-2016-000071-LBR,FL-2016-000071-LBR,0.24610131004152053,8.149655586597719e-07,1.0193781830294557,8.307581104181836e-07
FL-2012-000198-PAN,FL-2012-000198-PAN,0.24271944541990254,7.096524580914227e-07,1.1516842231061208,8.172955398723691e-07
FL-2008-000198-BLZ,FL-2008-000198-BLZ,0.24242010034589395,7.009487516609356e-07,1.1420312108925819,8.005053516329819e-07
FL-2024-000169-AUT,FL-2024-000169-AUT,0.24671087302158876,8.353777446691031e-07,0.9517727962928261,7.950898120045068e-07
FL-2009-000044-BIH,FL-2009-000044-BIH,0.24685654864468537,8.403235355715485e-07,0.8874544487949036,7.457488600700331e-07
FL-2006-000025-PNG,FL-2006-000025-PNG,0.24403662921108815,7.491179026631192e-07,0.9790102886598242,7.333941341264624e-07
FL-2001-000417-SDN,FL-2001-000417-SDN,0.23981333841949584,6.291197930674868e-07,1.163963410402066,7.322724198902739e-07
FL-2005-000169-FJI,FL-2005-000169-FJI,0.2400958760399602,6.365712282224428e-07,1.141883746425886,7.268903389495707e-07
FL-2011-000005-HND,FL-2011-000005-HND,0.23348786583572684,4.815519610113083e-07,1.359711468750731,6.547717241864807e-07
FL-2012-000098-GTM,FL-2012-000098-GTM,0.234508500862593,5.030207539315045e-07,1.2673665542478996,6.375116796253513e-07
FL-2009-000101-PAN,FL-2009-000101-PAN,0.2393360860267426,6.167112137506321e-07,0.9534059909197259,5.879761658572283e-07
FF-2013-000091-SDN,FF-2013-000091-SDN,0.23207763581199017,4.53244889895458e-07,1.2681994555499518,5.748049225962176e-07
FL-2018-000034-BLR,FL-2018-000034-BLR,0.23251015353344437,4.617631046048405e-07,1.2389029264369613,5.720796616155536e-07
Thailand: Floods and Mudslides - Nov 1988,Thailand: Floods and Mudslides - Nov 1988,0.22968544824208786,4.086342953101075e-07,1.395522734002979,5.702584489985418e-07
FL-2010-000114-BGD,FL-2010-000114-BGD,0.23620293468725262,5.405711846283707e-07,1.0524339826166824,5.689154847262541e-07
FL-2002-000732-IDN,FL-2002-000732-IDN,0.23931506048902926,6.161696506174828e-07,0.9190515020515428,5.662916429185719e-07
FL-2000-000187-ROM,FL-2000-000187-ROM,0.23363069996614555,4.845059350957079e-07,1.0573179499339493,5.122768220262249e-07
FL-2008-000096-BGD,FL-2008-000096-BGD,0.24143895952145072,6.73090573641259e-07,0.7559853858657142,5.088466370367621e-07
FL-2019-000119-CMR,FL-2019-000119-CMR,0.2288029675824886,3.932027347545073e-07,1.2776900520050807,5.023912226170264e-07
FL-2006-000071-ROM,FL-2006-000071-ROM,0.23370412231429055,4.860307310138745e-07,1.0212196594192295,4.96344137593268e-07
FL-2024-000053-KGZ,FL-2024-000053-KGZ,0.23421698955761186,4.96802698265366e-07,0.9957892817856833,4.947108020948583e-07
FL-1997-000111-ARM,FL-1997-000111-ARM,0.23196477612743852,4.51045570732195e-07,1.0966184261872387,4.946248839150646e-07
FL-2014-000005-IDN,FL-2014-000005-IDN,0.2280404870416807,3.8029410978126677e-07,1.2967973978194893,4.931644119704259e-07
FL-2013-000068-CZE,FL-2013-000068-CZE,0.23584427575757438,5.32418819636243e-07,0.9098774924680277,4.844359005534119e-07
FF-2015-000115-MKD,FF-2015-000115-MKD,0.22802735879922673,3.8007523197851735e-07,1.2098817209656998,4.5984607576260614e-07
FL-2008-000232-CRI,FL-2008-000232-CRI,0.24099893687221524,6.609236119148097e-07,0.615992904616921,4.071242554333103e-07
FL-2023-000169-BRA,FL-2023-000169-BRA,0.22472742476339713,3.285191955883557e-07,1.1172435166273167,3.6703594135871176e-07
FL-2024-000215-CRI,FL-2024-000215-CRI,0.23034080527965556,4.204446282267314e-07,0.8201727122971342,3.4483721110347847e-07
FL-2006-000131-BGD,FL-2006-000131-BGD,0.23087553683183987,4.303077646198512e-07,0.7881513340934744,3.3914763875591647e-07
FL-2005-000208-BIH,FL-2005-000208-BIH,0.22625507898270988,3.5154697920859075e-07,0.9162380586784109,3.221007217643389e-07
FL-2005-000001-CRI,FL-2005-000001-CRI,0.22969900887830055,4.0887561723630014e-07,0.6942423209153187,2.838587574758125e-07
FL-2021-000213-STP,FL-2021-000213-STP,0.2167520047903666,2.288923250102992e-07,1.21326547331372,2.777071550414985e-07
FF-2010-000204-LCA,FF-2010-000204-LCA,0.21602184041111386,2.2129755596259405e-07,1.228383169783597,2.718381932586942e-07
FL-2016-000072-SDN,FL-2016-000072-SDN,0.217500946634829,2.3692534126745865e-07,1.1398024130767133,2.7004807569567315e-07
FL-2008-000166-GTM,FL-2008-000166-GTM,0.22034344340270748,2.697747635583782e-07,0.9801994697852303,2.6443308020135815e-07
FL-2006-000062-THA,FL-2006-000062-THA,0.22066446444002114,2.737310131927856e-07,0.8376615682858721,2.2929394979954957e-07
FF-2021-000189-BIH,FF-2021-000189-BIH,0.2131460886180932,1.9354130918163135e-07,1.1516117071745788,2.2288443747546145e-07
Thailand: Floods - Oct 1995,Thailand: Floods - Oct 1995,0.20924362704573923,1.6088753402360928e-07,1.3030110983590828,2.0963824242038742e-07
FF-2007-000081-NPL,FF-2007-000081-NPL,0.20897558541389205,1.588384005305399e-07,1.0925989789075539,1.7354667423097696e-07
SS-2007-000063-MDV,SS-2007-000063-MDV,0.2025580528357858,1.162773526549182e-07,1.2101910384211765,1.407178101543208e-07
FF-2024-000087-ARM,FF-2024-000087-ARM,0.20259721567968628,1.1650236053383233e-07,1.124649599359199,1.310243330987755e-07
FL-2005-000110-BIH,FL-2005-000110-BIH,0.2045518138545303,1.2824290563670396e-07,0.9602566282387353,1.2314610016223963e-07
1993-12-01T00:00:00+00:00,1993-12-01T00:00:00+00:00,0.19921774872092504,9.846463606424524e-08,0.8154353086906252,8.029154090415788e-08
FL-2009-000216-ITA,FL-2009-000216-ITA,0.1907012198376089,6.361136436055652e-08,1.1196820788761856,7.122450468737844e-08
FF-2020-000140-IDN,FF-2020-000140-IDN,0.1825709834153429,4.114504568282939e-08,1.0585469561406466,4.3553962867826907e-08
2012-000020-MDG,2012-000020-MDG,0.18233078302019784,4.060691258235173e-08,1.0660663642203847,4.32896636588827e-08
FL-2017-000130-GTM,FL-2017-000130-GTM,0.18007952233032043,3.58627261622545e-08,1.201624894182623,4.3093544529819455e-08
FL-2023-000157-BGD,FL-2023-000157-BGD,0.1805306838522685,3.677140910789862e-08,1.1539726901695175,4.243320188956567e-08
subject,subject,0.17739790821452694,3.08663264777967e-08,1.3062248250149238,4.0318361902313504e-08
FL-2021-000134-NPL,FL-2021-000134-NPL,0.16978968181169307,1.9911911097352105e-08,1.2467249920120518,2.4824677203790987e-08
FL-2012-000071-NPL,FL-2012-000071-NPL,0.12049098896665719,6.449791713898062e-10,1.255510001310555,8.097778003168962e-10
FL-2020-0020-000176-SDN,FL-2020-0020-000176-SDN,-0.06354769306231645,0.0,0.8819420188506686,0.0
