match_id,era5_event_id,cnn_bayesian_score,kg_bayesian_score,kg_rank,attribution_weight
FF-2011-000066-TJK,FF_2011_000066_TJK,0.21421789,0.0008895594286256,37.0,0.21931831595238094
FL-2019-000058-TJK,FL_2019_000058_TJK,0.15850993,0.0004474020293062,66.0,0.1607424642253521
FL-2021-000055-TJK,FL_2021_000055_TJK,0.11198048,1.137860853984365,1.0,0.13064389333333334
FL-2004-000055-TJK,FL_2004_000055_TJK,0.11746434,0.0008870152365831,38.0,0.1201960688372093
FF-2007-000049-TJK,FF_2007_000049_TJK,0.11087329,0.001067694469016,34.0,0.11371619487179487
FL-2018-000065-TJK,FL_2018_000065_TJK,0.10034968,0.0003437691036793,76.0,0.1015885649382716
FL-1998-000111-TJK,FL_1998_000111_TJK,0.07949955,0.0058331438755212,6.0,0.08672678181818182
FL-1999-000229-TJK,FL_1999_000229_TJK,0.074182056,0.0021758510386005,24.0,0.07674005793103449
FL-2003-000273-TJK,FL_2003_000273_TJK,0.07098211,0.0007419085554424,42.0,0.07249236765957447
FL-2002-000475-TJK,FL_2002_000475_TJK,0.05619749,0.0030598292962324,15.0,0.059007364500000006
FL-2017-000079-TJK,FL_2017_000079_TJK,0.040474184,0.0081864693117935,2.0,0.046256210285714285
FL-2009-000095-TJK,FL_2009_000095_TJK,0.035360474,0.0008695872790292,41.0,0.03612917995652175
FL-2010-000075-TJK,FL_2010_000075_TJK,0.02855045,0.0002385486870729,95.0,0.0288359545
FL-2012-000051-TJK,FL_2012_000051_TJK,0.022037776,0.0043496848747141,10.0,0.023506961066666665
FL-2014-000054-TJK,FL_2014_000054_TJK,0.020511387,0.0023402592807815,21.0,0.0213002865
FF-2005-000072-TJK,FF_2005_000072_TJK,0.01417327,0.0001394126225873,156.0,0.014261302732919253
FL-2006-000058-TJK,FL_2006_000058_TJK,0.011689202,0.0001866566367821,119.0,0.011783469758064515
FL-2005-000090-TJK,FL_2005_000090_TJK,0.010649883,0.0046422734214356,8.0,0.01146910476923077
FL-2015-000055-TJK,FL_2015_000055_TJK,0.008469971,0.001678963937091,25.0,0.008752303366666667
FF-2020-000138-TJK,FF_2020_000138_TJK,0.0042929756,0.000418816324627,67.0,0.004352600261111111
FL-2010-000245-MAR,FL_2010_000245_MAR,0.0006802515,0.00040118059804,68.0,0.0006895700136986303
FL-2015-000039-KAZ,FL_2015_000039_KAZ,0.00060072367,3.7647197163708887e-06,972.0,0.0006013385355783009
FL-2009-000266-ALB,FL_2009_000266_ALB,0.0005332187,7.478475462480836e-06,845.0,0.0005338460161176471
FF-2016-000034-YEM,FF_2016_000034_YEM,0.0003144287,6.692878258445581e-05,289.0,0.0003154981853741496
FL-2016-000117-ALB,FL_2016_000117_ALB,0.00024828225,1.033367326115428e-05,773.0,0.0002486013788560411
FL-2017-000174-ALB,FL_2017_000174_ALB,0.00023994071,4.904812245576107e-05,367.0,0.00024058571190860214
FL-2020-000019-MDG,FL_2020_000019_MDG,0.00021739294,3.1842868883867625e-06,1006.0,0.00021760796763600394
FL-2014-000159-MAR,FL_2014_000159_MAR,0.00018687818,6.092154135939629e-05,314.0,0.00018746400501567397
FF-2014-000015-ZWE,FF_2014_000015_ZWE,0.00018133661,4.912177368477581e-05,366.0,0.0001818253879245283
FL-2009-000265-MAR,FL_2009_000265_MAR,0.0001684221,4.297651400038188e-05,388.0,0.00016885065496183207
FL-2003-000037-MDG,FL_2003_000037_MDG,0.00014316947,1.896617095212388e-05,620.0,0.000143398541152
FL-2005-000100-KGZ,FL_2005_000100_KGZ,0.00013063167,6.60923185644322e-07,1152.0,0.00013074457550561798
FL-2021-000043-YEM,FL_2021_000043_YEM,0.000107799104,0.0004948529406571,61.0,0.00010943242375757575
FL-1999-000247-KOR,FL_1999_000247_KOR,0.00010031022,0.0001485364623355,146.0,0.00010097452609271524
FL-2002-000734-MAR,FL_2002_000734_MAR,9.2893155e-05,0.0003799983417924,71.0,9.411543335526315e-05
FL-2009-000102-HTI,FL_2009_000102_HTI,9.020563e-05,5.363980310913144e-05,340.0,9.04670955942029e-05
FL-2002-000482-RUS,FL_2002_000482_RUS,7.572638e-05,2.6489157445789265e-05,533.0,7.586713535315984e-05
FL-2012-000123-PRK,FL_2012_000123_PRK,7.5568176e-05,2.526556669840114e-05,550.0,7.570433487567567e-05
FL-2002-000478-PRK,FL_2002_000478_PRK,5.8948877e-05,0.0001024408106678,203.0,5.92322850625e-05
FL-1998-000213-KGZ,FL_1998_000213_KGZ,5.185945e-05,0.0027922167103038,17.0,5.4216697727272725e-05
FL-2005-000038-MDG,FL_2005_000038_MDG,5.3257027e-05,1.282191878560037e-05,730.0,5.332948554013606e-05
FL-2009-000251-SAU,FL_2009_000251_SAU,4.883052e-05,1.6329721948016118e-05,669.0,4.8902968842729974e-05
FL-2013-000002-PSE,FL_2013_000002_PSE,4.2728247e-05,1.5052622347159258e-06,1092.0,4.2767197088422967e-05
FL-2001-000335-KOR,FL_2001_000335_KOR,3.6248493e-05,0.000276727179814,89.0,3.6634115265957446e-05
FL-2015-000009-ALB,FL_2015_000009_ALB,3.643479e-05,2.4991601660273387e-06,1043.0,3.646955602099236e-05
ST-2022-000138-MDG,ST_2022_000138_MDG,2.3927078e-05,1.223631932688745e-06,1110.0,2.394853726278027e-05
FL-2012-000089-CUB,FL_2012_000089_CUB,2.3713146e-05,0.0001411689953842,153.0,2.3863229202531647e-05
FL-2010-000208-RUS,FL_2010_000208_RUS,2.178029e-05,1.796161877378033e-05,641.0,2.181400561919505e-05
FL-2015-000171-PRY,FL_2015_000171_PRY,1.9862786e-05,9.095927673839856e-06,808.0,1.9887217471094712e-05
FL-2005-000070-YEM,FL_2005_000070_YEM,1.48519575e-05,3.2804558836944534e-05,474.0,1.4882963674321503e-05
FL-2016-000122-SRB,FL_2016_000122_SRB,1.448136e-05,4.150240604732316e-05,397.0,1.451738328358209e-05
FL-2003-000220-NAM,FL_2003_000220_NAM,1.3999631e-05,1.6290642797937736e-05,670.0,1.4020371194074074e-05
FL-2021-000001-MYS,FL_2021_000001_MYS,1.1900828e-05,1.1589672166962109e-05,750.0,1.1916590686092716e-05
FL-2009-000190-TUR,FL_2009_000190_TUR,1.1490464e-05,1.949456977621069e-05,612.0,1.1509087118314423e-05
FL-2002-000321-HTI,FL_2002_000321_HTI,1.1089659e-05,0.0004817926409048,63.0,1.1252742220588235e-05
FL-2006-000092-KOR,FL_2006_000092_KOR,9.766481e-06,0.0001062727546963,196.0,9.815070457711444e-06
FL-2002-000376-RUS,FL_2002_000376_RUS,7.782174e-06,1.663127490690504e-05,659.0,7.793894141566265e-06
FL-2002-000782-MKD,FL_2002_000782_MKD,7.489324e-06,3.2511470603921806e-05,476.0,7.50489432016632e-06
FL-2000-000617-BGD,FL_2000_000617_BGD,6.992067e-06,4.722452271466988e-06,931.0,6.999537157051282e-06
FL-2012-000037-PSE,FL_2012_000037_PSE,6.625654e-06,6.373083697737418e-07,1153.0,6.631375635578583e-06
FL-2015-000027-CHL,FL_2015_000027_CHL,6.446073e-06,2.77239890356133e-05,521.0,6.458327891634982e-06
FL-2013-000054-CHN,FL_2013_000054_CHN,6.4387755e-06,1.981584497028234e-05,608.0,6.449279212071777e-06
FL-2002-000263-CRI,FL_2002_000263_CRI,5.8931305e-06,7.777153863065689e-06,840.0,5.900104618934911e-06
FL-1997-000111-ARM,FL_1997_000111_ARM,5.337049e-06,4.699712954473714e-07,1164.0,5.341614482463644e-06
FL-2008-000032-KAZ,FL_2008_000032_KAZ,5.2562864e-06,3.906124705414723e-05,416.0,5.268771640855107e-06
FL-2010-000251-CRI,FL_2010_000251_CRI,5.1182265e-06,3.837947426351642e-06,968.0,5.123486753340186e-06
FL-2005-000105-HTI,FL_2005_000105_HTI,4.5921734e-06,3.221244065707897e-05,480.0,4.6016417987628865e-06
FL-2008-000054-THA,FL_2008_000054_THA,4.511208e-06,1.558134032722838e-05,680.0,4.517793705109489e-06
FL-2010-000153-PRK,FL_2010_000153_PRK,4.3933846e-06,0.0001499494971637,144.0,4.422870402684564e-06
FL-2010-000015-PSE,FL_2010_000015_PSE,4.1277394e-06,0.0003450593693086,75.0,4.1793361425e-06
FL-2005-000001-CRI,FL_2005_000001_CRI,4.162065e-06,1.0157261859734142e-06,1126.0,4.1657449867374e-06
FL-2005-000110-BIH,FL_2005_000110_BIH,4.0969e-06,1.332806010052278e-07,1200.0,4.100299917012448e-06
FL-2019-000079-BGD,FL_2019_000079_BGD,4.0366726e-06,4.991498818836567e-07,1162.0,4.040131616795202e-06
FL-2007-000129-PAK,FL_2007_000129_PAK,3.8814574e-06,5.75594872644337e-06,895.0,3.885770130444444e-06
FL-2009-000216-ITA,FL_2009_000216_ITA,3.5623434e-06,1.1465972782616013e-06,1113.0,3.5655297536672627e-06
FL-1998-000219-KOR,FL_1998_000219_KOR,3.5101107e-06,1.620416963297184e-05,672.0,3.5152955016248157e-06
FL-2018-000165-CRI,FL_2018_000165_CRI,3.3470237e-06,2.7492816486725117e-05,525.0,3.353338839056604e-06
FL-1999-000071-MOZ,FL_1999_000071_MOZ,3.009803e-06,2.8774636857263785e-06,1021.0,3.0127365311890836e-06
FL-2004-000142-ALB,FL_2004_000142_ALB,3.0060637e-06,9.760868725865258e-06,785.0,3.0098688439240506e-06
FL-2013-000074-HTI,FL_2013_000074_HTI,2.993106e-06,6.508797523139858e-05,294.0,3.003116387959866e-06
FL-2006-000047-COD,FL_2006_000047_COD,2.9704995e-06,2.2384089732611557e-05,583.0,2.9755513698979596e-06
FL-2020-000161-BGD,FL_2020_000161_BGD,2.674164e-06,3.885717080087787e-05,420.0,2.6804561505882355e-06
FL-2008-000250-THA,FL_2008_000250_THA,2.3768164e-06,1.503034722846723e-05,690.0,2.38023627971223e-06
FL-2002-000732-IDN,FL_2002_000732_IDN,2.3677264e-06,5.121331214132967e-05,352.0,2.3743586868347335e-06
FL-2010-000239-MNE,FL_2010_000239_MNE,2.2882582e-06,6.413957106231413e-06,875.0,2.290858493409091e-06
FL-2005-000160-MMR,FL_2005_000160_MMR,2.2626973e-06,1.1119159610528304e-06,1117.0,2.2647139642602495e-06
FL-2009-000129-CAF,FL_2009_000129_CAF,2.239494e-06,5.471250712645334e-05,336.0,2.246061431085044e-06
FL-2016-000025-SRB,FL_2016_000025_SRB,2.054405e-06,6.96068081812311e-06,862.0,2.0567745559400233e-06
FL-2011-000063-HTI,FL_2011_000063_HTI,1.8617743e-06,0.0005942075389202,57.0,1.8918029177419356e-06
FL-2005-000208-BIH,FL_2005_000208_BIH,1.8181e-06,1.064251139193469e-07,1205.0,1.819602561983471e-06
FL-2022-000292-LAO,FL_2022_000292_LAO,1.7720962e-06,0.0001175206591708,181.0,1.7816235989247311e-06
FL-2021-000068-SUR,FL_2021_000068_SUR,1.7338721e-06,0.0001145397717872,184.0,1.7430460264550267e-06
FL-2009-000123-BGD,FL_2009_000123_BGD,1.6802547e-06,7.296791210025642e-07,1148.0,1.6817119894189072e-06
FL-2016-000080-BFA,FL_2016_000080_BFA,1.6459805e-06,2.402797629518921e-05,564.0,1.6488732601054484e-06
FF-2008-000216-PSE,FF_2008_000216_PSE,1.6135732e-06,2.116881244716015e-06,1067.0,1.615078398880597e-06
FL-2014-000123-SSD,FL_2014_000123_SSD,1.5757914e-06,6.464348103243885e-06,873.0,1.5775861510250567e-06
FL-2003-000316-IND,FL_2003_000316_IND,1.5560688e-06,3.023617857936794e-05,498.0,1.5591623761431409e-06
FL-2011-000093-BGD,FL_2011_000093_BGD,1.5401331e-06,1.6726283045886649e-06,1080.0,1.5415525775115209e-06
FL-2019-000098-CAF,FL_2019_000098_CAF,1.5042866e-06,0.0001467331516989,150.0,1.5139916748387095e-06
FL-2015-000080-MMR,FL_2015_000080_MMR,1.5078748e-06,4.978694327401294e-05,359.0,1.5120173131868132e-06
FL-2022-000276-GMB,FL_2022_000276_GMB,1.4639818e-06,2.43840078457838e-06,1046.0,1.4653747417697432e-06
FL-2006-000062-THA,FL_2006_000062_THA,1.4305787e-06,3.1859857954728035e-05,483.0,1.4335102137295082e-06
FL-2022-000321-CAF,FL_2022_000321_CAF,1.3800129e-06,0.0001059144168412,198.0,1.3868109931034483e-06
FL-2007-000200-MEX,FL_2007_000200_MEX,1.3601078e-06,4.155127216111835e-05,395.0,1.3635080695e-06
FL-2002-000755-CRI,FL_2002_000755_CRI,1.2310204e-06,5.361523618071992e-06,903.0,1.232376149339207e-06
FF-2022-000209-AFG,FF_2022_000209_AFG,1.1801723e-06,0.000112973093592,188.0,1.1862871823834197e-06
FL-2000-000258-IDN,FL_2000_000258_IDN,1.1626324e-06,3.74685216090278e-05,432.0,1.16529288604119e-06
FF-2007-000080-BGD,FF_2007_000080_BGD,1.1283455e-06,6.240464651282833e-06,881.0,1.1296190276523702e-06
FL-2013-000083-THA,FL_2013_000083_THA,1.1264635e-06,4.815822413171476e-06,926.0,1.1276734500537058e-06
FL-2008-000191-CRI,FL_2008_000191_CRI,9.030251e-07,1.003530172961526e-06,1128.0,9.038221212709622e-07
FF-2015-000115-MKD,FF_2015_000115_MKD,8.8502844e-07,3.3625698657296046e-06,995.0,8.8591346844e-07
FL-2003-000455-NGA,FL_2003_000455_NGA,8.604661e-07,7.110126716678901e-05,271.0,8.635837307971015e-07
FL-2003-000531-IDN,FL_2003_000531_IDN,7.916241e-07,0.0001053875138161,199.0,7.955046102941176e-07
FL-2020-000198-SEN,FL_2020_000198_SEN,7.795387e-07,8.159596874911723e-05,251.0,7.82583773046875e-07
FL-2010-000042-SRB,FL_2010_000042_SRB,7.266973e-07,8.707587241655475e-07,1137.0,7.273336373905429e-07
FL-2010-000240-VEN,FL_2010_000240_VEN,7.248539e-07,8.053717853271527e-06,832.0,7.257199142174433e-07
FL-2010-000115-MMR,FL_2010_000115_MMR,7.1946477e-07,2.048973831504863e-06,1070.0,7.201340395534883e-07
FL-2021-000110-YEM,FL_2021_000110_YEM,6.711887e-07,0.0006655826714285,52.0,6.829639403508773e-07
FF-2021-000189-BIH,FF_2021_000189_BIH,6.809582e-07,2.787285713000487e-06,1028.0,6.816174044530493e-07
FL-2002-000402-BGD,FL_2002_000402_BGD,6.787965e-07,3.642316290135054e-07,1173.0,6.793727279286926e-07
FL-2012-000140-MMR,FL_2012_000140_MMR,6.624872e-07,3.64040131672732e-07,1174.0,6.630491060220526e-07
FL-2002-000325-JAM,FL_2002_000325_JAM,6.560646e-07,5.294360354263944e-05,345.0,6.579390702857143e-07
FL-2014-000107-MMR,FL_2014_000107_MMR,6.3762343e-07,7.595720668131484e-06,842.0,6.383762321605668e-07
FL-2012-000054-HTI,FL_2012_000054_HTI,5.857027e-07,0.0044162929265552,9.0,6.275386071428572e-07
FL-2015-000068-BGD,FL_2015_000068_BGD,5.841324e-07,0.000201680882907,112.0,5.891249846153846e-07
FF-2009-000069-IDN,FF_2009_000069_IDN,5.6356976e-07,2.400473592806337e-05,565.0,5.645584788771929e-07
FL-2003-000624-HTI,FL_2003_000624_HTI,5.225012e-07,0.0004586621407285,65.0,5.299655028571428e-07
FL-2009-000122-IND,FL_2009_000122_IND,4.8684547e-07,3.071292805139482e-05,492.0,4.878250383501006e-07
FL-2013-000087-MMR,FL_2013_000087_MMR,4.6932047e-07,6.026294239872876e-06,889.0,4.6984543696868006e-07
FL-2006-000156-TUR,FL_2006_000156_TUR,4.6691125e-07,8.869069122977617e-06,814.0,4.674813492063492e-07
FL-2013-000011-ZWE,FL_2013_000011_ZWE,4.6263224e-07,1.6369404944874327e-05,667.0,4.633206808333334e-07
FL-1997-000097-AFG,FL_1997_000097_AFG,4.6141054e-07,7.857214255641619e-07,1146.0,4.6181141796698524e-07
FL-2006-000027-IDN,FL_2006_000027_IDN,4.2113265e-07,7.029686420437117e-05,275.0,4.2263669517857144e-07
FF-2005-000067-IDN,FF_2005_000067_IDN,4.1256388e-07,1.413386121774452e-05,706.0,4.1314413862165964e-07
FL-2018-000128-SDN,FL_2018_000128_SDN,4.0660933e-07,0.0002118086237322,107.0,4.1023977044642857e-07
FF-2007-000008-LKA,FF_2007_000008_LKA,4.0070515e-07,3.472980616548555e-06,989.0,4.0110827389336015e-07
ST-2012-000064-COD,ST_2012_000064_COD,3.9567246e-07,1.1290376008168996e-05,755.0,3.9619308165789473e-07
FL-2009-000247-MYS,FL_2009_000247_MYS,3.9182228e-07,8.254316766641947e-07,1142.0,3.9216388617262426e-07
FL-2018-000046-RUS,FL_2018_000046_RUS,3.8370712e-07,0.0003433092571747,78.0,3.8833009734939756e-07
FL-2016-000054-HTI,FL_2016_000054_HTI,3.7998586e-07,6.36869909022386e-05,302.0,3.8122359895765476e-07
FL-2014-000045-SLB,FL_2014_000045_SLB,3.7768342e-07,4.571867893000722e-06,936.0,3.7808478388947924e-07
FF-2006-000039-YEM,FF_2006_000039_YEM,3.7590013e-07,4.218591149732151e-05,392.0,3.768469817128464e-07
FL-2002-000296-PRY,FL_2002_000296_PRY,3.7442197e-07,9.735235341720726e-05,210.0,3.7616346753488376e-07
FL-2010-000114-BGD,FL_2010_000114_BGD,3.7368335e-07,3.591726243086596e-08,1211.0,3.739906553865132e-07
FL-2004-000023-CRI,FL_2004_000023_CRI,3.678829e-07,1.017612073288741e-06,1125.0,3.682084600884956e-07
FF-2013-000029-SRB,FF_2013_000029_SRB,3.6409585e-07,2.755812528611762e-06,1032.0,3.6444695496624884e-07
FL-2019-000118-SEN,FL_2019_000118_SEN,3.5300408e-07,2.3768824105516877e-05,567.0,3.5362121999999994e-07
FL-2006-000057-SUR,FL_2006_000057_SUR,3.43781e-07,8.876414340880071e-05,230.0,3.452438978723404e-07
FL-2003-000020-MOZ,FL_2003_000020_MOZ,3.2693745e-07,9.542502302507076e-06,796.0,3.273456116104869e-07
FL-2012-000191-HTI,FL_2012_000191_HTI,3.1990638e-07,0.0003989647906824,69.0,3.242294391891892e-07
FL-2008-000205-IDN,FL_2008_000205_IDN,3.109956e-07,5.079217691833967e-05,354.0,3.1186188300835655e-07
FL-2013-000103-YEM,FL_2013_000103_YEM,3.0387562e-07,4.206219633597099e-05,393.0,3.0463912658291453e-07
FL-2016-000019-HTI,FL_2016_000019_HTI,3.024737e-07,5.179104115064143e-05,348.0,3.033305660056657e-07
FL-2021-000108-SSD,FL_2021_000108_SSD,2.9732863e-07,4.120208862169391e-05,400.0,2.980627747654321e-07
FL-2009-000136-BIH,FL_2009_000136_BIH,2.8873598e-07,1.002999261456383e-05,780.0,2.891037965350319e-07
FL-2018-000414-IRQ,FL_2018_000414_IRQ,2.636765e-07,2.182841296091704e-05,591.0,2.641189102348993e-07
FF-2019-000054-YEM,FF_2019_000054_YEM,2.6212598e-07,1.5205864316290428e-05,686.0,2.6250532295224313e-07
FL-2015-000064-IND,FL_2015_000064_IND,2.6110501e-07,4.286945569861621e-05,390.0,2.6176603534177214e-07
FF-2006-000163-AFG,FF_2006_000163_AFG,2.58507e-07,7.8948462059178e-05,255.0,2.5950125769230774e-07
FL-2005-000109-PRK,FL_2005_000109_PRK,2.583973e-07,7.684066280370305e-05,260.0,2.593723841509434e-07
FL-2007-000181-HTI,FL_2007_000181_HTI,2.4049635e-07,0.0006789624956003,50.0,2.4486901090909087e-07
FL-2019-000103-LAO,FL_2019_000103_LAO,2.3372179e-07,7.607490900814904e-06,841.0,2.3399805689125298e-07
FL-2010-000012-EGY,FL_2010_000012_EGY,2.0263218e-07,0.0060625739302459,5.0,2.2289539800000003e-07
FL-2016-000130-VCT,FL_2016_000130_VCT,2.106617e-07,6.401251200856098e-05,300.0,2.1135239409836067e-07
FL-2012-000075-VEN,FL_2012_000075_VEN,2.0326074e-07,0.0001899693150378,118.0,2.049132663414634e-07
FL-2002-000788-LKA,FL_2002_000788_LKA,2.0291212e-07,1.040422358725447e-06,1123.0,2.0309200663120567e-07
FL-2011-000032-THA,FL_2011_000032_THA,1.9937468e-07,2.3913460049708225e-06,1051.0,1.9956348178030303e-07
FL-2008-000232-CRI,FL_2008_000232_CRI,1.986342e-07,2.8034199329755224e-06,1027.0,1.98826675e-07
FL-2015-000065-GHA,FL_2015_000065_GHA,1.7463672e-07,1.3656721908373005e-05,714.0,1.7487960834492349e-07
FL-2005-000166-CRI,FL_2005_000166_CRI,1.7103027e-07,5.915583151873782e-07,1154.0,1.7117783710094909e-07
FL-2008-000086-MEX,FL_2008_000086_MEX,1.7011145e-07,3.421451484213368e-05,464.0,1.7047416098081023e-07
FL-2005-000129-SDN,FL_2005_000129_SDN,1.6673532e-07,7.236156506392942e-05,268.0,1.673460720879121e-07
FL-2013-000023-ZMB,FL_2013_000023_ZMB,1.6478342e-07,1.9225191217611244e-05,615.0,1.6504919970967741e-07
FL-2018-000028-BWA,FL_2018_000028_BWA,1.6189149e-07,0.0002028592666952,109.0,1.633115907894737e-07
FL-2013-000108-SSD,FL_2013_000108_SSD,1.6032557e-07,3.938216383718684e-05,411.0,1.607109680048077e-07
FL-1997-000270-ETH,FL_1997_000270_ETH,1.6025261e-07,1.0708342475877505e-05,764.0,1.6046100091027309e-07
FL-2017-000137-SSD,FL_2017_000137_SSD,1.5880339e-07,3.976859402029188e-05,407.0,1.5918883512135925e-07
FL-2022-000190-TUN,FL_2022_000190_TUN,1.4736473e-07,3.042433599933569e-05,497.0,1.4765828523904383e-07
FL-1999-000391-MEX,FL_1999_000391_MEX,1.433015e-07,3.087554660535132e-06,1011.0,1.4344254478346456e-07
FL-2016-000058-MMR,FL_2016_000058_MMR,1.4207087e-07,1.434284352924428e-06,1094.0,1.4220014285714287e-07
FL-2008-000243-PNG,FL_2008_000243_PNG,1.3061775e-07,1.5336047497186582e-07,1194.0,1.3072668890742286e-07
FL-2013-000125-BFA,FL_2013_000125_BFA,1.2547478e-07,0.0001755404072451,125.0,1.264399706153846e-07
FL-2015-000018-PNG,FL_2015_000018_PNG,1.1278523e-07,1.4296130428161187e-06,1095.0,1.1288776202727274e-07
FL-2012-000164-CAF,FL_2012_000164_CAF,1.1125198e-07,5.9994409256992406e-05,319.0,1.1159535030864198e-07
FL-2007-000199-THA,FL_2007_000199_THA,1.10893616e-07,4.7045571823476585e-05,376.0,1.1118467535958006e-07
FL-2005-000064-ETH,FL_2005_000064_ETH,1.1062696e-07,6.793685386742275e-05,283.0,1.110110813888889e-07
ST-2010-000085-CHN,ST_2010_000085_CHN,1.0950309e-07,1.678058165299897e-05,656.0,1.0966875276853252e-07
FL-2010-000021-AFG,FL_2010_000021_AFG,1.0393004e-07,0.002489724966788,19.0,1.0826045833333335e-07
FF-2018-000042-ETH,FF_2018_000042_ETH,1.03317625e-07,1.604417721676035e-05,674.0,1.0346978645066275e-07
FL-2000-000583-LAO,FL_2000_000583_LAO,1.01171565e-07,3.947479743519104e-05,410.0,1.0141535190361446e-07
FL-2016-000075-BGD,FL_2016_000075_BGD,9.778914e-08,1.6794347013726158e-07,1192.0,9.787083518796993e-08
FF-2018-000118-LAO,FF_2018_000118_LAO,9.6870735e-08,3.828268676675214e-05,427.0,9.709497281250001e-08
FL-2022-000378-BIH,FL_2022_000378_BIH,9.614065e-08,3.7231541610744663e-06,974.0,9.62388529111338e-08
FL-2018-000105-BGD,FL_2018_000105_BGD,9.528963e-08,4.297871869863271e-07,1166.0,9.537100457728438e-08
FL-1999-000547-VEN,FL_1999_000547_VEN,9.266691e-08,7.830214280982524e-06,838.0,9.277683516014236e-08
FL-2005-000138-PNG,FL_2005_000138_PNG,9.0738446e-08,3.784855817553972e-06,971.0,9.083141571926231e-08
FL-2001-000082-ZWE,FL_2001_000082_ZWE,9.066481e-08,5.945885844972282e-06,891.0,9.076599840401785e-08
FL-2007-000144-LBR,FL_2007_000144_LBR,8.785592e-08,5.38337822495912e-05,339.0,8.811131511627907e-08
FL-2012-000063-RUS,FL_2012_000063_RUS,8.763216e-08,9.523961394862834e-06,797.0,8.774142703241895e-08
FL-2010-000072-RUS,FL_2010_000072_RUS,8.281355e-08,3.4824160349251554e-05,459.0,8.299202747844828e-08
FL-2022-000135-ZMB,FL_2022_000135_ZMB,8.154059e-08,2.526240369845028e-05,551.0,8.168724573741007e-08
FL-2007-000127-MRT,FL_2007_000127_MRT,7.7673796e-08,0.0002250526156153,100.0,7.841354643809523e-08
FF-2016-000079-MKD,FF_2016_000079_MKD,7.3992744e-08,0.0011706532423047,29.0,7.616900117647058e-08
FL-2000-000735-VEN,FL_2000_000735_VEN,7.5550275e-08,6.008699765417498e-05,317.0,7.578490318322982e-08
FL-2006-000178-JAM,FL_2006_000178_JAM,7.5103046e-08,4.952482715192133e-05,362.0,7.530768645231607e-08
FL-2021-000092-CRI,FL_2021_000092_CRI,7.352276e-08,9.336997466637256e-07,1134.0,7.358731027216857e-08
FL-1999-000350-CRI,FL_1999_000350_CRI,7.208747e-08,3.358094535917655e-06,996.0,7.215948545454546e-08
FL-2000-000187-ROM,FL_2000_000187_ROM,6.5755124e-08,3.746036688884894e-09,1217.0,6.58089334304419e-08
FL-2022-000333-THA,FL_2022_000333_THA,6.4628985e-08,1.5695795637969118e-05,679.0,6.472347182017544e-08
FL-2011-000156-HTI,FL_2011_000156_HTI,6.345021e-08,6.432379943086808e-05,297.0,6.366031003311257e-08
FL-2021-000049-RWA,FL_2021_000049_RWA,6.341355e-08,3.323069556870694e-05,471.0,6.354677174369748e-08
FF-2007-000083-IND,FF_2007_000083_IND,6.1491534e-08,7.280416042853795e-06,852.0,6.156328608168027e-08
FL-1997-000026-MOZ,FL_1997_000026_MOZ,6.0696735e-08,0.0001471277145624,149.0,6.109086964285714e-08
FL-2019-000031-SYR,FL_2019_000031_SYR,6.019835e-08,0.0002033590600975,108.0,6.073107876106196e-08
FF-2014-000060-AFG,FF_2014_000060_AFG,5.8576056e-08,3.786170189023303e-05,429.0,5.8711023870967735e-08
FL-2013-000013-BWA,FL_2013_000013_BWA,5.8146142e-08,4.389172595160648e-06,942.0,5.820754236114044e-08
FL-2012-000175-GMB,FL_2012_000175_GMB,5.6382888e-08,1.3373958798001432e-06,1099.0,5.643395945652174e-08
FF-2013-000091-SDN,FF_2013_000091_SDN,5.487946e-08,8.784711706627802e-05,234.0,5.510908117154811e-08
FF-2018-000158-TUN,FF_2018_000158_TUN,5.456433e-08,3.844564760865693e-06,967.0,5.4620466141975313e-08
FL-2020-000196-NGA,FL_2020_000196_NGA,5.4005238e-08,8.523893120867273e-05,239.0,5.422657094262295e-08
FL-1997-000295-COD,FL_1997_000295_COD,5.3409277e-08,9.220419685799604e-05,221.0,5.3645601234513265e-08
FL-1999-000548-YEM,FL_1999_000548_YEM,5.1926218e-08,3.712281834204278e-05,437.0,5.204369813122172e-08
FL-2008-000089-IND,FL_2008_000089_IND,5.0977757e-08,5.4435243442575326e-05,337.0,5.112681476900585e-08
FL-2002-000614-LAO,FL_2002_000614_LAO,4.873828e-08,0.0001180692612609,179.0,4.900316195652174e-08
FL-2011-000133-MEX,FL_2011_000133_MEX,4.796905e-08,2.5320290340384877e-05,548.0,4.805579330922243e-08
FL-2012-000200-BFA,FL_2012_000200_BFA,4.778309e-08,1.595458743161426e-05,676.0,4.7853256064610867e-08
FL-2009-000080-AFG,FL_2009_000080_AFG,4.728348e-08,9.268923523564769e-05,220.0,4.74936288e-08
FL-2009-000007-ZWE,FL_2009_000007_ZWE,4.319493e-08,5.515607527818626e-05,332.0,4.332310486646884e-08
FL-2021-000123-CAF,FL_2021_000123_CAF,4.1985217e-08,0.0006489080816441,54.0,4.269683084745763e-08
FL-2005-000132-MKD,FL_2005_000132_MKD,4.056322e-08,1.871917505879601e-05,627.0,4.062740231012658e-08
FL-2010-000051-KAZ,FL_2010_000051_KAZ,4.0131937e-08,1.545646446591418e-05,682.0,4.019035321106259e-08
FL-2016-000026-PNG,FL_2016_000026_PNG,3.9047166e-08,3.765706498320395e-05,430.0,3.91369296e-08
FL-2011-000129-MLI,FL_2011_000129_MLI,3.790694e-08,3.82929871150789e-05,426.0,3.7994891136890946e-08
FL-2020-000164-IND,FL_2020_000164_IND,3.6641282e-08,2.045437255047668e-05,604.0,3.6701448308702795e-08
FL-2006-000169-SOM,FL_2006_000169_SOM,3.6487744e-08,0.0001212191273054,174.0,3.6691586145251396e-08
FF-2010-000094-HUN,FF_2010_000094_HUN,3.6449986e-08,9.945691727020129e-08,1206.0,3.648008508009909e-08
FL-2005-000209-THA,FL_2005_000209_THA,3.6165275e-08,9.58183500743966e-06,791.0,3.621070876256281e-08
FL-2013-000101-LAO,FL_2013_000101_LAO,3.5834756e-08,2.9246450669552924e-06,1017.0,3.5869819362035224e-08
FL-2022-000348-CRI,FL_2022_000348_CRI,3.5670777e-08,3.5079157477382386e-05,456.0,3.574815395661605e-08
FL-2016-000061-RUS,FL_2016_000061_RUS,3.4541337e-08,7.977545126375418e-05,253.0,3.467521815116279e-08
FL-2022-000290-SEN,FL_2022_000290_SEN,3.3506236e-08,6.202067396555607e-05,310.0,3.36126050031746e-08
FL-2007-000126-PRK,FL_2007_000126_PRK,3.302907e-08,0.0001472759063272,148.0,3.3244946274509806e-08
FL-2022-000213-IND,FL_2022_000213_IND,3.2376875e-08,3.655878007181056e-05,443.0,3.244914481026786e-08
FL-2013-000159-VCT,FL_2013_000159_VCT,3.2321864e-08,1.853154654186538e-07,1190.0,3.234891158493723e-08
FL-2009-000135-MEX,FL_2009_000135_MEX,3.1638486e-08,9.002215465190933e-05,228.0,3.1774273493562235e-08
FL-2006-000025-PNG,FL_2006_000025_PNG,3.094092e-08,7.4316433021831055e-06,846.0,3.097727830787309e-08
FL-2021-000050-AFG,FL_2021_000050_AFG,3.001408e-08,0.0002137745108118,104.0,3.028943853211009e-08
ST-2015-000041-PRY,ST_2015_000041_PRY,2.9976455e-08,1.2523278011251846e-05,738.0,3.00168001615074e-08
FL-2011-000107-MMR,FL_2011_000107_MMR,2.9418953e-08,3.110796797668092e-07,1181.0,2.9443758188026982e-08
FF-2006-000049-IDN,FF_2006_000049_IDN,2.8687339e-08,9.36863630658256e-05,218.0,2.8815981775784753e-08
FL-2019-000181-IDN,FL_2019_000181_IDN,2.8756237e-08,1.4970068017154425e-05,692.0,2.8797494154949784e-08
FL-2017-000053-THA,FL_2017_000053_THA,2.8449003e-08,2.0630758827944002e-07,1188.0,2.8472849607711654e-08
FL-2004-000120-CRI,FL_2004_000120_CRI,2.833308e-08,3.368621108047184e-06,994.0,2.836144144144144e-08
FL-2010-000019-MEX,FL_2010_000019_MEX,2.7558999e-08,0.0001487543672142,145.0,2.7742725659999997e-08
FL-2018-000124-MMR,FL_2018_000124_MMR,2.7475746e-08,4.654604997776504e-08,1210.0,2.749835978271605e-08
FL-2000-000048-BWA,FL_2000_000048_BWA,2.619101e-08,6.962042900511419e-07,1149.0,2.6213705849220103e-08
FF-2022-000274-IRN,FF_2022_000274_IRN,2.6001311e-08,1.852861720623113e-05,632.0,2.604212938461538e-08
FF-2022-000278-MNG,FF_2022_000278_MNG,2.5614527e-08,4.791034860350782e-06,928.0,2.5641980941050378e-08
FL-2000-000770-IDN,FL_2000_000770_IDN,2.4761308e-08,2.9502158848543063e-05,505.0,2.4809859584313727e-08
FL-2003-000350-MNG,FL_2003_000350_MNG,2.4659201e-08,2.8836262929163303e-06,1020.0,2.468325875707317e-08
FL-2012-000205-LKA,FL_2012_000205_LKA,2.4615378e-08,5.236958100109103e-06,908.0,2.4642338983570647e-08
FL-2021-000061-MYS,FL_2021_000061_MYS,2.4549e-08,2.507098312867632e-05,552.0,2.4593073608617595e-08
FL-2018-000144-PRK,FL_2018_000144_PRK,2.451652e-08,3.44832683350018e-05,460.0,2.456924369892473e-08
FL-2009-000183-NGA,FL_2009_000183_NGA,2.4187122e-08,0.0002789688363158,88.0,2.444719858064516e-08
FL-2015-000085-VEN,FL_2015_000085_VEN,2.3650706e-08,1.046851807128034e-06,1122.0,2.3671691542147295e-08
FL-2007-000106-IDN,FL_2007_000106_IDN,2.262692e-08,6.097364139370232e-06,887.0,2.2652286502242153e-08
FL-2020-000172-MMR,FL_2020_000172_MMR,2.2602388e-08,1.980287011165403e-06,1072.0,2.262337443268338e-08
FL-2013-000017-PNG,FL_2013_000017_PNG,2.2008408e-08,3.5791214711033734e-06,980.0,2.203075156142132e-08
FF-2020-000140-IDN,FF_2020_000140_IDN,2.1150774e-08,9.011561271108086e-06,811.0,2.117669406617647e-08
FL-2000-000002-AGO,FL_2000_000002_AGO,2.0791855e-08,0.0001138080581275,186.0,2.0900712879581148e-08
FL-2012-000056-PRY,FL_2012_000056_PRY,2.0725818e-08,4.879739640204714e-05,368.0,2.078138319571046e-08
FL-2016-000044-CHN,FL_2016_000044_CHN,2.0697756e-08,3.984118295353004e-06,961.0,2.07191822484472e-08
FL-2014-000005-IDN,FL_2014_000005_IDN,2.0571585e-08,0.0001066513858314,194.0,2.0674959798994974e-08
FL-2020-000192-TCD,FL_2020_000192_TCD,2.0469386e-08,3.959872533983576e-05,409.0,2.0518828961352658e-08
FL-2009-000219-NPL,FL_2009_000219_NPL,1.9676321e-08,1.1107389639299152e-07,1204.0,1.9692595872622e-08
FL-2008-000170-DOM,FL_2008_000170_DOM,1.8837722e-08,1.8516693564690065e-05,633.0,1.8867248210031348e-08
FL-1999-000235-IRN,FL_1999_000235_IRN,1.8337955e-08,1.3193329192524504e-05,722.0,1.836317914718019e-08
FL-2006-000191-LKA,FL_2006_000191_LKA,1.7876737e-08,4.240211713868212e-06,950.0,1.789545609633508e-08
FL-1999-000031-LKA,FL_1999_000031_LKA,1.7694415e-08,3.898662953351182e-05,418.0,1.773624576832151e-08
FL-1998-000203-BGD,FL_1998_000203_BGD,1.6993766e-08,3.050311117119821e-06,1013.0,1.7010459286836937e-08
FL-2011-000176-LKA,FL_2011_000176_LKA,1.6932377e-08,6.96287408538688e-05,276.0,1.699263456939502e-08
FL-1997-000164-BGD,FL_1997_000164_BGD,1.6542185e-08,4.620029723932805e-06,934.0,1.6559801810436634e-08
FL-2005-000137-CAF,FL_2005_000137_CAF,1.6226256e-08,5.483529862427623e-05,334.0,1.6274121061946904e-08
FL-2007-000123-NGA,FL_2007_000123_NGA,1.6150246e-08,3.289033632546901e-06,999.0,1.616633190239044e-08
ST-2011-000073-CAF,ST_2011_000073_CAF,1.6085378e-08,5.230423086031103e-05,347.0,1.613107509659091e-08
FL-2009-000140-MNG,FL_2009_000140_MNG,1.5900604e-08,1.6599191172594575e-05,660.0,1.5924514682706768e-08
FF-2011-000143-SSD,FF_2011_000143_SSD,1.5745302e-08,5.028760431737283e-05,357.0,1.5788797309392265e-08
FL-2008-000125-SDN,FL_2008_000125_SDN,1.5474004e-08,3.705729067749272e-05,439.0,1.5508855360360364e-08
FL-2012-000030-KAZ,FL_2012_000030_KAZ,1.4725846e-08,0.0007005987538181,49.0,1.4998546851851852e-08
FL-2022-000271-NGA,FL_2022_000271_NGA,1.444011e-08,0.0002226153043859,101.0,1.4576337452830189e-08
FF-2020-000123-YEM,FF_2020_000123_YEM,1.3776511e-08,5.931369837539967e-05,321.0,1.3818770236196318e-08
FL-2007-000051-TUN,FL_2007_000051_TUN,1.36909e-08,5.093065506080589e-05,353.0,1.3729142737430167e-08
FL-2009-000120-BWA,FL_2009_000120_BWA,1.2785876e-08,4.7102819685567576e-06,932.0,1.2799521545357523e-08
FL-2021-000057-LKA,FL_2021_000057_LKA,1.2065445e-08,9.903617768402928e-07,1131.0,1.2076065990316901e-08
FL-2011-000190-AGO,FL_2011_000190_AGO,1.1576243e-08,4.9145079097582845e-05,365.0,1.1607530143243243e-08
FL-1999-000423-TGO,FL_1999_000423_TGO,1.1237806e-08,4.054150715184959e-06,957.0,1.1249487711018711e-08
FL-2005-000169-FJI,FL_2005_000169_FJI,1.1007973e-08,4.744042610927406e-06,930.0,1.1019746233155079e-08
FL-2011-000181-VEN,FL_2011_000181_VEN,9.72323e-09,5.293194175529828e-05,346.0,9.75093150997151e-09
FF-2016-000093-LAO,FF_2016_000093_LAO,9.600724e-09,0.0005145667919175,60.0,9.748427446153847e-09
FL-2015-000079-CRI,FL_2015_000079_CRI,9.558469e-09,1.14629299868148e-05,752.0,9.571095775429325e-09
FL-2011-000084-IND,FL_2011_000084_IND,9.506882e-09,3.663137540220642e-05,442.0,9.528150192393738e-09
FL-2007-000132-BFA,FL_2007_000132_BFA,9.056593e-09,4.538586071973873e-05,381.0,9.080055676165804e-09
FL-2011-000091-BEN,FL_2011_000091_BEN,8.911929e-09,0.0001857009535531,121.0,8.982658595238094e-09
FF-2008-000063-PHL,FF_2008_000063_PHL,8.938632e-09,4.3249106233977567e-05,387.0,8.961434632653062e-09
FF-2012-000101-GAB,FF_2012_000101_GAB,8.923586e-09,5.6404030652291405e-05,329.0,8.950303323353292e-09
FF-2012-000107-SLB,FF_2012_000107_SLB,8.896999e-09,5.389643485030341e-06,902.0,8.906808260198456e-09
FL-2012-000169-SEN,FL_2012_000169_SEN,8.348118e-09,0.001121755801508,31.0,8.580010166666666e-09
FL-2012-000138-NGA,FL_2012_000138_NGA,8.223992e-09,5.348168682654061e-05,342.0,8.247692265129683e-09
FL-2001-000180-IRN,FL_2001_000180_IRN,7.980552e-09,8.259884047244547e-06,829.0,7.990121007194244e-09
FL-2011-000108-SEN,FL_2011_000108_SEN,7.515926e-09,0.0024019299562549,20.0,7.81656304e-09
FL-2019-000170-RWA,FL_2019_000170_RWA,7.392242e-09,3.693218491495066e-05,440.0,7.408853779775282e-09
FL-2022-000287-TCD,FL_2022_000287_TCD,7.3100934e-09,4.857426993332781e-05,370.0,7.3295869823999995e-09
FL-2011-000007-ZAF,FL_2011_000007_ZAF,7.225727e-09,4.15389148322227e-05,396.0,7.243746269326683e-09
FL-2022-000002-IRN,FL_2022_000002_IRN,7.212009e-09,9.07007591060378e-06,809.0,7.220868961916461e-09
FL-2015-000164-COD,FL_2015_000164_COD,7.204148e-09,1.4751404960350768e-05,698.0,7.214395721194879e-09
FL-2022-000217-BGD,FL_2022_000217_BGD,7.0819874e-09,1.3735142727271955e-06,1097.0,7.0884138858439204e-09
FL-2019-000093-NGA,FL_2019_000093_NGA,7.029574e-09,1.937065848798464e-05,614.0,7.040930339256866e-09
FL-2019-000064-SDN,FL_2019_000064_SDN,7.0038815e-09,0.0001060604745792,197.0,7.038554180693069e-09
FL-2003-000227-CHN,FL_2003_000227_CHN,6.868207e-09,0.0001639457285984,134.0,6.917618561151078e-09
FL-2012-000192-COD,FL_2012_000192_COD,6.646283e-09,3.0520375207076404e-06,1012.0,6.652818184857423e-09
FL-2002-000077-PER,FL_2002_000077_PER,6.6461783e-09,1.0988728607096175e-06,1120.0,6.652086014044445e-09
FL-2018-000034-BLR,FL_2018_000034_BLR,6.5060783e-09,2.168421297580819e-06,1066.0,6.512153069654528e-09
FL-2019-000153-COD,FL_2019_000153_COD,6.3820407e-09,6.322307480806129e-06,880.0,6.3892520454237294e-09
FL-2015-000113-PRK,FL_2015_000113_PRK,6.187635e-09,0.0003165180432596,84.0,6.2571589887640455e-09
ST-2012-000077-CHN,ST_2012_000077_CHN,6.137142e-09,2.5806966631127643e-05,541.0,6.148382186813187e-09
FL-2007-000040-HTI,FL_2007_000040_HTI,6.0472436e-09,4.839896105554211e-05,371.0,6.063326694680851e-09
FL-2017-000064-IND,FL_2017_000064_IND,6.0052603e-09,0.0002119278587335,106.0,6.059361744144144e-09
FL-2007-000228-LKA,FL_2007_000228_LKA,5.9333423e-09,0.0001349637682279,161.0,5.969085325903615e-09
FL-2018-000004-COD,FL_2018_000004_COD,5.9519003e-09,9.46716648531199e-06,799.0,5.9593031610696516e-09
FL-2016-000124-COD,FL_2016_000124_COD,5.931722e-09,9.403872463502016e-05,216.0,5.958562371040724e-09
FF-2008-000202-MAR,FF_2008_000202_MAR,5.927619e-09,8.923412590527987e-06,813.0,5.93486547799511e-09
FL-2003-000196-ARG,FL_2003_000196_ARG,5.8831993e-09,6.736975151533732e-05,286.0,5.9034164797250864e-09
FL-2007-000176-CRI,FL_2007_000176_CRI,5.881546e-09,3.527668907810956e-06,984.0,5.887492962588473e-09
FL-2013-000119-MRT,FL_2013_000119_MRT,5.769804e-09,0.0002019473119954,110.0,5.819976208695652e-09
FL-2007-000209-PNG,FL_2007_000209_PNG,5.6836345e-09,5.682149093081727e-07,1156.0,5.688529964685615e-09
FL-2012-000106-BGD,FL_2012_000106_BGD,5.6408367e-09,4.587089342675129e-05,379.0,5.655526378906251e-09
FL-2021-000023-DZA,FL_2021_000023_DZA,5.4046803e-09,0.0002213825112526,102.0,5.455191330841121e-09
FL-2006-000131-BGD,FL_2006_000131_BGD,5.3875375e-09,1.2631920874410314e-06,1106.0,5.392386768676867e-09
FL-2009-000044-BIH,FL_2009_000044_BIH,5.252607e-09,7.258345920935593e-06,854.0,5.258721792782306e-09
FL-2000-000375-CHL,FL_2000_000375_CHL,5.1366285e-09,4.59308552062849e-05,378.0,5.150040062663185e-09
FL-2008-000038-ARG,FL_2008_000038_ARG,5.0955404e-09,3.651270535618396e-06,977.0,5.100729341344195e-09
FL-2022-000207-VEN,FL_2022_000207_VEN,5.08112e-09,4.824198854004521e-06,924.0,5.0865894510226055e-09
FL-2007-000025-FJI,FL_2007_000025_FJI,5.061527e-09,3.007779908051784e-06,1016.0,5.066484421155729e-09
FL-2015-000042-RWA,FL_2015_000042_RWA,4.9552717e-09,1.8108993758945373e-05,637.0,4.962990191744548e-09
FL-2014-000155-HTI,FL_2014_000155_HTI,4.8939253e-09,0.0003424688652234,79.0,4.95218631547619e-09
FF-2008-000199-LKA,FF_2008_000199_LKA,4.902969e-09,4.229580355500658e-06,951.0,4.908097628661088e-09
FL-2010-000152-THA,FL_2010_000152_THA,4.813598e-09,1.7067992871690978e-06,1079.0,4.818038588560886e-09
FL-2015-000053-CAF,FL_2015_000053_CAF,4.7892827e-09,0.0001197203796067,177.0,4.81559744010989e-09
FF-2008-000227-ETH,FF_2008_000227_ETH,4.60994e-09,3.3488371424790394e-05,469.0,4.619665611814346e-09
FL-2009-000237-THA,FL_2009_000237_THA,4.4808193e-09,1.602860343557144e-05,675.0,4.487408740147059e-09
FL-1991-000011-CHN,FL_1991_000011_CHN,4.452757e-09,9.573887069474072e-06,793.0,4.458336895989975e-09
FL-2008-000096-BGD,FL_2008_000096_BGD,4.229932e-09,5.715547211362796e-06,897.0,4.234621503325943e-09
FL-2017-000043-HTI,FL_2017_000043_HTI,4.115293e-09,1.2747354712534508e-05,734.0,4.1208617320703655e-09
FL-2006-000031-PER,FL_2006_000031_PER,4.0728585e-09,6.20221581556071e-06,883.0,4.077445052364865e-09
FL-1998-000040-URY,FL_1998_000040_URY,4.0553108e-09,9.024274237720156e-06,810.0,4.060286641472393e-09
FL-2005-000196-LKA,FL_2005_000196_LKA,4.0332617e-09,6.342973192516949e-05,304.0,4.046314326860842e-09
FL-2017-000057-LKA,FL_2017_000057_LKA,3.9654027e-09,2.713739891659871e-06,1036.0,3.969211924495676e-09
FL-2015-000155-NGA,FL_2015_000155_NGA,3.9445855e-09,6.181008362096039e-06,884.0,3.949022604049494e-09
FL-2007-000154-MEX,FL_2007_000154_MEX,3.7181769e-09,8.940933147817146e-05,229.0,3.734066544871795e-09
FF-2019-000018-AFG,FF_2019_000018_AFG,3.7215013e-09,9.594966479007942e-06,790.0,3.726182433710692e-09
FL-2004-000063-PRK,FL_2004_000063_PRK,3.6889545e-09,2.808212595996119e-05,518.0,3.6960079502868068e-09
FL-2010-000092-LKA,FL_2010_000092_LKA,3.6120906e-09,1.1642797904169981e-07,1203.0,3.615080741225165e-09
FL-2013-000008-MOZ,FL_2013_000008_MOZ,3.6064778e-09,3.409863764302005e-05,465.0,3.6141511570212765e-09
FL-2010-000161-MYS,FL_2010_000161_MYS,3.5777739e-09,4.0773390734838105e-05,402.0,3.5865644992628996e-09
FL-2010-000176-MRT,FL_2010_000176_MRT,3.5308905e-09,3.585732149083236e-05,450.0,3.538650698901099e-09
FL-2007-000197-COD,FL_2007_000197_COD,3.2589502e-09,3.746359017683735e-05,433.0,3.2663907255707763e-09
FL-2017-000126-NGA,FL_2017_000126_NGA,3.1845602e-09,0.0003246494380847,81.0,3.221589969767442e-09
FL-1999-000531-COD,FL_1999_000531_COD,3.2017626e-09,2.1135265583801428e-05,597.0,3.207081142524917e-09
FL-2020-000011-MOZ,FL_2020_000011_MOZ,3.005139e-09,0.0002291003363748,99.0,3.034034567307692e-09
FL-2017-000004-THA,FL_2017_000004_THA,2.9963985e-09,3.232518260106425e-06,1003.0,2.9993711175595237e-09
FL-2021-000007-SYR,FL_2021_000007_SYR,2.9713685e-09,6.202385715127651e-06,882.0,2.9747184081172496e-09
FL-1999-000651-CHN,FL_1999_000651_CHN,2.9195564e-09,1.4140483746144254e-05,705.0,2.9236684512676055e-09
FL-2001-000417-SDN,FL_2001_000417_SDN,2.8785774e-09,1.756088415964756e-05,645.0,2.8830059806153846e-09
FL-2021-000084-TCD,FL_2021_000084_TCD,2.7424358e-09,0.0008805210901864,39.0,2.8047638863636366e-09
FL-2004-000028-DOM,FL_2004_000028_DOM,2.6956197e-09,1.084934856688042e-05,762.0,2.6991341976531948e-09
FF-2012-000081-ETH,FF_2012_000081_ETH,2.663967e-09,3.0579589473717234e-05,494.0,2.6693056112224446e-09
FL-2002-000020-IRN,FL_2002_000020_IRN,2.4648865e-09,1.0457252244790548e-05,769.0,2.4680711078811367e-09
FL-2016-000066-PAK,FL_2016_000066_PAK,2.438399e-09,3.427794283246624e-05,463.0,2.4436092542735043e-09
FL-2010-000139-SDN,FL_2010_000139_SDN,2.4327542e-09,8.826679641186588e-06,815.0,2.435720973414634e-09
FL-2021-000095-MMR,FL_2021_000095_MMR,2.391693e-09,1.4156928508152147e-06,1096.0,2.3938652915531334e-09
FL-2018-000092-MNG,FL_2018_000092_MNG,2.3506421e-09,2.6515986954510546e-05,531.0,2.35502762630597e-09
FL-2019-000081-MMR,FL_2019_000081_MMR,2.31968e-09,8.310182863384745e-07,1141.0,2.3217041535776617e-09
FL-2002-000510-MEX,FL_2002_000510_MEX,2.3180105e-09,6.866679015750851e-06,864.0,2.3206779459148445e-09
FL-2001-000146-AGO,FL_2001_000146_AGO,2.2905713e-09,1.3050749432864684e-05,725.0,2.2937090689041095e-09
FL-1999-000574-VNM,FL_1999_000574_VNM,2.1643067e-09,0.0006630994271931,53.0,2.201622332758621e-09
FL-2017-000149-TGO,FL_2017_000149_TGO,2.1908895e-09,6.187895236228867e-05,311.0,2.1978226946202532e-09
FL-2017-000091-MMR,FL_2017_000091_MMR,2.1766149e-09,3.964191768753304e-06,963.0,2.17886346911157e-09
FL-2009-000127-BEN,FL_2009_000127_BEN,2.1270823e-09,4.8691433169876845e-05,369.0,2.132769685828877e-09
FF-2019-000029-IDN,FF_2019_000029_IDN,2.081801e-09,6.627957044426648e-05,292.0,2.088810430976431e-09
FL-2007-000054-AFG,FL_2007_000054_AFG,2.0667192e-09,1.3528825976875083e-05,717.0,2.069581691966759e-09
FL-2016-000071-LBR,FL_2016_000071_LBR,2.061662e-09,2.6082505007402014e-05,538.0,2.065458799263352e-09
FF-2007-000082-PAK,FF_2007_000082_PAK,2.0592523e-09,9.293969528320922e-06,801.0,2.0618072035980147e-09
FL-2010-000125-IND,FL_2010_000125_IND,2.0565256e-09,2.389049059245044e-06,1052.0,2.0584712249763482e-09
LS-2015-000135-LKA,LS_2015_000135_LKA,2.0296207e-09,3.0458171187490416e-06,1014.0,2.0316124769381745e-09
FL-2019-000051-LBY,FL_2019_000051_LBY,1.96383e-09,0.0001345910916639,162.0,1.975589461077844e-09
FL-2011-000123-RUS,FL_2011_000123_RUS,1.7384454e-09,8.557211684035682e-05,237.0,1.745629058677686e-09
FL-2010-000037-HTI,FL_2010_000037_HTI,1.713823e-09,6.769734478626208e-05,285.0,1.7197327344827583e-09
FL-2011-000051-RWA,FL_2011_000051_RWA,1.6851536e-09,3.1863155728097707e-06,1005.0,1.686822068910891e-09
FL-2008-000099-NIC,FL_2008_000099_NIC,1.6802196e-09,6.821092673262925e-06,866.0,1.682148669575201e-09
FL-2007-000158-TGO,FL_2007_000158_TGO,1.6530606e-09,1.726693948233353e-05,649.0,1.6555882155963303e-09
FL-2006-000123-SDN,FL_2006_000123_SDN,1.5702812e-09,3.223475897593349e-05,479.0,1.5735255826446281e-09
FL-2007-000151-TCD,FL_2007_000151_TCD,1.5353245e-09,3.501347928987399e-05,457.0,1.5386477132034633e-09
FL-2013-000020-BOL,FL_2013_000020_BOL,1.5053971e-09,5.526896208511793e-06,900.0,1.507060522209945e-09
FL-2008-000239-NIC,FL_2008_000239_NIC,1.4868429e-09,4.345412868263198e-06,946.0,1.4884063520504731e-09
FL-2022-000261-GEO,FL_2022_000261_GEO,1.4636269e-09,5.154586188964282e-05,351.0,1.467738211516854e-09
FL-2022-000265-YEM,FL_2022_000265_YEM,1.4479365e-09,0.0001178164769427,180.0,1.4557631837837837e-09
FL-2006-000171-HTI,FL_2006_000171_HTI,1.4177058e-09,0.000343358489752,77.0,1.4349948951219513e-09
FL-2009-000177-GMB,FL_2009_000177_GMB,1.4107231e-09,1.4923321108783477e-05,694.0,1.4127413018597996e-09
FL-2019-000032-BOL,FL_2019_000032_BOL,1.3825358e-09,1.6506727857197285e-05,663.0,1.3846054643712573e-09
FL-2009-000166-SDN,FL_2009_000166_SDN,1.3703553e-09,2.8694389613114185e-05,513.0,1.3730007735521237e-09
FL-2021-000147-THA,FL_2021_000147_THA,1.3657057e-09,3.282780089930695e-05,473.0,1.3685628248953974e-09
FL-2012-000110-IND,FL_2012_000110_IND,1.361542e-09,7.218809214754503e-06,855.0,1.363125188372093e-09
FL-2014-000070-LKA,FL_2014_000070_LKA,1.3493389e-09,1.3926242174405207e-05,711.0,1.351223451536313e-09
FL-2017-000075-CHN,FL_2017_000075_CHN,1.3306626e-09,2.356337887911913e-06,1053.0,1.3319203151228733e-09
FL-2013-000085-NIC,FL_2013_000085_NIC,1.3151884e-09,2.8279545884650733e-05,516.0,1.3177127539347408e-09
FL-2008-000185-SOM,FL_2008_000185_SOM,1.2840112e-09,1.8930230262543485e-05,622.0,1.2860590647527912e-09
FL-2006-000070-IND,FL_2006_000070_IND,1.2716294e-09,0.000235725270251,97.0,1.2840963549019608e-09
FL-2003-000331-CHN,FL_2003_000331_CHN,1.2760442e-09,1.6143295870373927e-06,1087.0,1.2772127386446885e-09
FL-2011-000120-SDN,FL_2011_000120_SDN,1.2752096e-09,5.03123247942731e-06,919.0,1.276589696969697e-09
FL-2006-000189-MYS,FL_2006_000189_MYS,1.2256538e-09,1.865621104084326e-05,631.0,1.227580928616352e-09
FL-2020-000126-ETH,FL_2020_000126_ETH,1.1711904e-09,5.908401446430988e-05,322.0,1.1747720220183486e-09
FL-2010-000151-COD,FL_2010_000151_COD,1.1660514e-09,4.520281189560405e-05,383.0,1.169056687113402e-09
FL-2009-000034-MAR,FL_2009_000034_MAR,1.1440001e-09,4.291399649573359e-05,389.0,1.1469036535532997e-09
FL-2015-000088-IRN,FL_2015_000088_IRN,1.0452201e-09,0.002312175554343,22.0,1.0839319555555555e-09
FL-1997-000177-MMR,FL_1997_000177_MMR,1.0693281e-09,1.2287608802728437e-06,1109.0,1.070287999551167e-09
FL-2008-000201-YEM,FL_2008_000201_YEM,1.0562247e-09,0.0001360375947586,159.0,1.062665094512195e-09
FL-2011-000187-COD,FL_2011_000187_COD,1.0213426e-09,2.837438801909921e-06,1025.0,1.0223341947572815e-09
FL-2020-000193-SSD,FL_2020_000193_SSD,9.649308e-10,3.019533646831861e-06,1015.0,9.658768105882353e-10
FL-2005-000051-AGO,FL_2005_000051_AGO,9.580031e-10,1.4478541120975718e-05,702.0,9.593581256011315e-10
FL-2022-000158-HTI,FL_2022_000158_HTI,9.35667e-10,0.0003149153117093,85.0,9.460633e-10
FL-2021-000129-VEN,FL_2021_000129_VEN,9.289894e-10,8.551551484400908e-06,822.0,9.301127245465538e-10
FL-2007-000155-ROM,FL_2007_000155_ROM,8.9209334e-10,1.8645131373097806e-07,1189.0,8.928404868509211e-10
FL-1998-000392-IND,FL_1998_000392_IND,8.442423e-10,2.265507289418727e-05,578.0,8.456903999999999e-10
FF-2021-000090-SDN,FF_2021_000090_SDN,8.223814e-10,2.3213459249790225e-06,1054.0,8.231579641170916e-10
FL-1998-000193-ROM,FL_1998_000193_ROM,8.0274354e-10,5.1192333497779386e-06,913.0,8.036179883006537e-10
FL-2011-000059-CHN,FL_2011_000059_CHN,7.7638634e-10,1.1742280902593714e-05,747.0,7.774187686436169e-10
FL-2006-000041-SRB,FL_2006_000041_SRB,7.4325496e-10,2.268296401124187e-06,1061.0,7.439521972983114e-10
FL-2009-000039-CRI,FL_2009_000039_CRI,7.371209e-10,3.3175579488470157e-06,998.0,7.378558161515455e-10
FL-2019-000145-TZA,FL_2019_000145_TZA,7.255908e-10,0.000102449253172,202.0,7.290960695652174e-10
FL-2010-000096-IDN,FL_2010_000096_IDN,7.0964956e-10,9.044426562831127e-05,227.0,7.127083943103449e-10
FL-2005-000111-ROM,FL_2005_000111_ROM,6.961999e-10,3.615466761732255e-07,1175.0,6.967898999152543e-10
FL-2020-000213-LAO,FL_2020_000213_LAO,6.43791e-10,3.0455426408653665e-05,496.0,6.45076011976048e-10
FL-2002-000536-MMR,FL_2002_000536_MMR,6.3177097e-10,6.014466396138319e-06,890.0,6.324768593519553e-10
FL-2004-000094-CHN,FL_2004_000094_CHN,6.196781e-10,1.1727558135377311e-05,748.0,6.205010456839309e-10
FL-2008-000031-PER,FL_2008_000031_PER,5.9416216e-10,6.376011257508216e-05,301.0,5.961038664052288e-10
FL-2014-000150-SOM,FL_2014_000150_SOM,5.9415806e-10,5.153913470886137e-06,912.0,5.948059968157034e-10
FL-2017-000107-NPL,FL_2017_000107_NPL,5.932725e-10,1.5586338564738526e-07,1193.0,5.93767719115192e-10
FL-2015-000011-PER,FL_2015_000011_PER,5.91733e-10,9.872615813109342e-06,783.0,5.924839302030457e-10
FL-2013-000028-NAM,FL_2013_000028_NAM,5.7514415e-10,0.0001504063892694,143.0,5.790302591216217e-10
FL-2009-000192-MEX,FL_2009_000192_MEX,5.7503224e-10,4.4115838094082896e-05,385.0,5.765066816410256e-10
FL-2008-000088-USA,FL_2008_000088_USA,5.7408917e-10,3.228677672456317e-05,478.0,5.752777604140786e-10
FL-2017-000010-PHL,FL_2017_000010_PHL,5.449991e-10,6.350176430800386e-05,303.0,5.467685775974026e-10
FL-2009-000206-HTI,FL_2009_000206_HTI,5.3451255e-10,0.0001476513057872,147.0,5.380290799342106e-10
FL-2007-000052-LKA,FL_2007_000052_LKA,5.244596e-10,0.0007023656047025,48.0,5.343550641509434e-10
FL-2019-000104-THA,FL_2019_000104_THA,5.256622e-10,0.0001315600923703,164.0,5.287726272189349e-10
FL-2003-000621-BOL,FL_2003_000621_BOL,5.216013e-10,2.9658536408673684e-05,502.0,5.226300994082841e-10
FL-2012-000066-COM,FL_2012_000066_COM,5.202295e-10,1.1624637838533878e-05,749.0,5.209194595490717e-10
FL-2009-000145-NPL,FL_2009_000145_NPL,5.184985e-10,7.972510360712253e-07,1145.0,5.189493682608696e-10
FL-2004-000031-CHN,FL_2004_000031_CHN,5.0384164e-10,1.5204782558125452e-05,687.0,5.045697348554912e-10
FL-2009-000087-VUT,FL_2009_000087_VUT,5.0056254e-10,2.4523910743467545e-05,556.0,5.01454808342246e-10
FL-2008-000095-SUR,FL_2008_000095_SUR,4.928911e-10,0.0001775721549775,124.0,4.967119612403101e-10
FL-2011-000038-KAZ,FL_2011_000038_KAZ,4.916685e-10,2.8088043033977664e-06,1026.0,4.921453850630456e-10
FL-2006-000125-THA,FL_2006_000125_THA,4.7181525e-10,2.4216383415280267e-06,1049.0,4.722628925521822e-10
FL-2011-000096-PRK,FL_2011_000096_PRK,4.1773984e-10,0.007024923968501,4.0,4.641553777777778e-10
FL-2001-000521-TCD,FL_2001_000521_TCD,4.5359838e-10,2.7610499131398646e-06,1031.0,4.540362162741312e-10
FL-2000-000302-CHN,FL_2000_000302_CHN,4.4491508e-10,9.186422201326458e-06,807.0,4.454630049753695e-10
FL-2008-000051-LKA,FL_2008_000051_LKA,4.4418452e-10,5.677712470120722e-07,1157.0,4.445667786230637e-10
FL-2014-000162-LKA,FL_2014_000162_LKA,4.422515e-10,1.9980484480307697e-05,607.0,4.4297413316993464e-10
FL-2022-000277-SDN,FL_2022_000277_SDN,4.3254983e-10,0.00048965264768,62.0,4.390057976119403e-10
FL-2017-000012-MOZ,FL_2017_000012_MOZ,4.2535664e-10,2.7349832311109413e-06,1035.0,4.257656367692308e-10
FL-2022-000312-BGR,FL_2022_000312_BGR,3.8574205e-10,2.7329416830850277e-08,1212.0,3.8605901142152833e-10
FL-2001-000320-TLS,FL_2001_000320_TLS,3.8303172e-10,7.030409729947132e-05,274.0,3.8440459354838703e-10
FL-1999-000213-IND,FL_1999_000213_IND,3.804513e-10,7.551543865800406e-05,262.0,3.8187621123595507e-10
FL-2001-000549-GIN,FL_2001_000549_GIN,3.748779e-10,0.0001528477551894,141.0,3.774455568493151e-10
FL-2011-000109-PAK,FL_2011_000109_PAK,3.7479017e-10,1.5207960340980096e-05,685.0,3.7533334415942025e-10
FL-2007-000012-BOL,FL_2007_000012_BOL,3.7322417e-10,0.0001118307027568,190.0,3.751381401025641e-10
FL-2017-000088-SDN,FL_2017_000088_SDN,3.6540987e-10,0.000186294035702,120.0,3.6833314896e-10
FL-1998-000085-IRN,FL_1998_000085_IRN,3.432886e-10,1.1222620967400876e-05,756.0,3.4373970197109065e-10
FL-2006-000155-LKA,FL_2006_000155_LKA,3.432797e-10,2.4972645205673257e-07,1186.0,3.435679281276238e-10
FL-2012-000068-DOM,FL_2012_000068_DOM,3.289621e-10,5.289498568210347e-07,1159.0,3.292447134879725e-10
FL-2009-000032-SLB,FL_2009_000032_SLB,3.2274328e-10,8.672016586943266e-06,819.0,3.2313495873786406e-10
FL-1999-000265-TCD,FL_1999_000265_TCD,3.1776037e-10,9.682973185749827e-06,787.0,3.181615825883838e-10
FL-2003-000051-PER,FL_2003_000051_PER,3.088331e-10,1.1002335550278912e-05,760.0,3.0923680339869284e-10
FL-2009-000176-MLI,FL_2009_000176_MLI,2.9368932e-10,0.0001210553152719,175.0,2.9532092733333336e-10
FL-2010-000160-NPL,FL_2010_000160_NPL,2.939674e-10,2.3511798874726996e-05,569.0,2.944795383275262e-10
FL-2012-000172-MLI,FL_2012_000172_MLI,2.7691122e-10,5.843634791134448e-05,325.0,2.7775034490909087e-10
FF-2009-000107-THA,FF_2009_000107_THA,2.6866248e-10,3.282157584891687e-07,1178.0,2.688895826880812e-10
FL-2008-000182-RWA,FL_2008_000182_RWA,2.4781888e-10,1.885214058779507e-05,625.0,2.482122433015873e-10
FL-2012-000043-KGZ,FL_2012_000043_KGZ,2.4295957e-10,2.4751054050939615e-05,554.0,2.4339420250447223e-10
FL-2019-000062-SSD,FL_2019_000062_SSD,2.397896e-10,0.0003612020073958,73.0,2.428638256410256e-10
FL-2008-000117-ROM,FL_2008_000117_ROM,2.4223828e-10,1.4534080038620974e-05,701.0,2.425813937110482e-10
FL-2003-000482-MEX,FL_2003_000482_MEX,2.3745889e-10,4.283831311013243e-05,391.0,2.380585336616162e-10
FL-2021-000208-IRQ,FL_2021_000208_IRQ,2.3738383e-10,1.9626948387843215e-05,611.0,2.377691933603896e-10
FL-2007-000159-RWA,FL_2007_000159_RWA,2.2703303e-10,2.5592285933526068e-05,545.0,2.274458173272727e-10
FL-2009-000218-KEN,FL_2009_000218_KEN,2.2614062e-10,1.8233734260609115e-05,636.0,2.2649341347893916e-10
FL-2019-000100-MLI,FL_2019_000100_MLI,2.1822949e-10,5.3425952776201535e-06,905.0,2.1846930262637365e-10
FL-2009-000268-AGO,FL_2009_000268_AGO,2.0548076e-10,3.108078772438639e-05,488.0,2.05897556673428e-10
FL-1998-000247-IRN,FL_1998_000247_IRN,2.0523816e-10,3.2291677218456165e-05,477.0,2.056639653112033e-10
FL-2022-000362-LCA,FL_2022_000362_LCA,2.0486109e-10,6.883941131405513e-05,280.0,2.0557990084210527e-10
FL-2009-000171-AFG,FL_2009_000171_AFG,1.9164643e-10,8.444485886793281e-05,243.0,1.9241919786290325e-10
FL-2011-000164-CAF,FL_2011_000164_CAF,1.8146362e-10,0.0009839647508936,36.0,1.8588956195121951e-10
FL-2003-000012-BOL,FL_2003_000012_BOL,1.8533562e-10,1.7082903630579614e-05,652.0,1.8561771378995435e-10
FL-2005-000150-NGA,FL_2005_000150_NGA,1.8240048e-10,6.707422548235546e-05,288.0,1.830230072354949e-10
FL-2010-000242-AGO,FL_2010_000242_AGO,1.8232117e-10,7.872541613285508e-06,837.0,1.8253770345605698e-10
FL-2010-000118-GHA,FL_2010_000118_GHA,1.7996665e-10,2.4365281370291485e-05,558.0,1.8028630657193605e-10
FL-2012-000126-PAN,FL_2012_000126_PAN,1.7661306e-10,2.4812316024894447e-05,553.0,1.7692957086021508e-10
FL-2000-000255-ARG,FL_2000_000255_ARG,1.728178e-10,2.5283660153962547e-05,549.0,1.7312974548736463e-10
FL-2016-000060-IND,FL_2016_000060_IND,1.7203303e-10,3.252721114719563e-05,475.0,1.7239143214583335e-10
FL-2000-000012-MOZ,FL_2000_000012_MOZ,1.705903e-10,1.033112704571208e-06,1124.0,1.7074139858281666e-10
FF-2014-000009-TZA,FF_2014_000009_TZA,1.5675644e-10,8.31027024563153e-06,826.0,1.5694507590854393e-10
FL-2016-000084-PHL,FL_2016_000084_PHL,1.4937161e-10,2.304249132329897e-05,574.0,1.496295920552677e-10
FL-2009-000245-SRB,FL_2009_000245_SRB,1.4900045e-10,9.518935092409996e-06,798.0,1.4918600473225404e-10
FL-2019-000030-IRQ,FL_2019_000030_IRQ,1.3357229e-10,1.162723465327563e-06,1112.0,1.3369187128021486e-10
FL-2012-000050-AFG,FL_2012_000050_AFG,1.3258934e-10,5.342269389216839e-06,906.0,1.3273488263446764e-10
FL-2010-000008-BOL,FL_2010_000008_BOL,1.2729533e-10,8.761760655745693e-06,816.0,1.274503791230207e-10
FL-2005-000065-GEO,FL_2005_000065_GEO,1.2696898e-10,7.781602651479456e-06,839.0,1.271194171800948e-10
FL-2011-000106-GHA,FL_2011_000106_GHA,1.219729e-10,4.589934077538275e-06,935.0,1.221026584042553e-10
FL-2008-000155-CHL,FL_2008_000155_CHL,1.15506014e-10,3.2639361984980507e-06,1002.0,1.1562071709235352e-10
FL-1998-000221-NPL,FL_1998_000221_NPL,1.15322675e-10,5.023215352071522e-07,1161.0,1.1542157952401372e-10
FL-2020-000176-SDN,FL_2020_000176_SDN,1.1148016e-10,6.07756951124109e-05,315.0,1.118285355e-10
FL-2002-000054-IDN,FL_2002_000054_IDN,1.0884738e-10,1.7808100708493258e-05,642.0,1.090156139721793e-10
FL-2007-000077-CHN,FL_2007_000077_CHN,9.617143e-11,2.7626094868918168e-05,523.0,9.635357285984848e-11
FL-2011-000196-IDN,FL_2011_000196_IDN,9.4238915e-11,0.0001369678476414,158.0,9.481706785276074e-11
FL-2005-000153-THA,FL_2005_000153_THA,9.423724e-11,1.104134002679285e-06,1119.0,9.432108096085408e-11
FL-2002-000445-VEN,FL_2002_000445_VEN,9.2648576e-11,4.1275141782934846e-05,399.0,9.287790415841584e-11
FL-2019-000015-PER,FL_2019_000015_PER,9.077808e-11,1.0041576198679926e-05,779.0,9.089386836734693e-11
FL-2010-000127-AFG,FL_2010_000127_AFG,9.032493e-11,7.134511200316601e-05,269.0,9.065458302919707e-11
FL-2010-000031-PRT,FL_2010_000031_PRT,8.321995e-11,8.441698807055468e-07,1139.0,8.329269471153846e-11
FL-2015-000037-HTI,FL_2015_000037_HTI,7.969858e-11,5.4125148751940406e-05,338.0,7.99309373760933e-11
FL-2003-000229-LKA,FL_2003_000229_LKA,7.5412655e-11,2.679439934534679e-06,1037.0,7.548502798944338e-11
FL-2007-000131-SEN,FL_2007_000131_SEN,6.9954466e-11,0.0003006149962532,86.0,7.072319639560439e-11
FL-2009-000113-CHN,FL_2009_000113_CHN,6.991422e-11,2.122268919852552e-05,596.0,7.003054981697172e-11
FF-2008-000178-DZA,FF_2008_000178_DZA,6.893819e-11,6.275635732402324e-05,307.0,6.915914573717949e-11
FF-2008-000072-CHN,FF_2008_000072_CHN,6.8862374e-11,3.068049545429252e-05,493.0,6.900065185943775e-11
FL-2008-000154-MEX,FL_2008_000154_MEX,6.8610416e-11,1.0694056026766523e-05,765.0,6.869952043636365e-11
FL-2019-000171-LKA,FL_2019_000171_LKA,6.183766e-11,0.0001992140068264,113.0,6.23617079661017e-11
LS-2016-000051-IDN,LS_2016_000051_IDN,5.870014e-11,3.527331007260713e-05,455.0,5.8827749e-11
FL-2000-000083-ZWE,FL_2000_000083_ZWE,5.6358054e-11,1.0426853309469604e-05,771.0,5.643068035824742e-11
FL-2001-000407-IDN,FL_2001_000407_IDN,5.3895825e-11,2.025958917453667e-05,606.0,5.398403420621932e-11
FL-2018-000060-LKA,FL_2018_000060_LKA,4.888718e-11,1.1988249546116175e-05,744.0,4.895244993324432e-11
FL-2008-000213-PER,FL_2008_000213_PER,4.8065225e-11,4.503434852212309e-05,384.0,4.8188785989717215e-11
FL-2000-000806-FJI,FL_2000_000806_FJI,4.7943954e-11,5.167083384453399e-07,1160.0,4.798510760858369e-11
FL-2010-000141-PAK,FL_2010_000141_PAK,4.593751e-11,3.011294556091781e-05,500.0,4.602847536633664e-11
FL-2005-000081-CHN,FL_2005_000081_CHN,4.4623645e-11,2.2997152493578983e-05,576.0,4.470044989672978e-11
FL-2019-000084-IND,FL_2019_000084_IND,4.387964e-11,1.0816839219960324e-05,763.0,4.393677494791666e-11
FL-2009-000261-PER,FL_2009_000261_PER,4.2740363e-11,2.2591749405490383e-05,580.0,4.2813423449572654e-11
FL-2001-000117-PER,FL_2001_000117_PER,4.2322486e-11,2.4275188588141184e-05,561.0,4.2397260710247355e-11
FL-2020-000052-COD,FL_2020_000052_COD,4.1197372e-11,5.400332196501323e-06,901.0,4.1242843713024277e-11
FF-2011-000088-NGA,FF_2011_000088_NGA,3.8672305e-11,6.456072823298487e-06,874.0,3.8716300796359494e-11
FL-2022-000201-ZAF,FL_2022_000201_ZAF,3.7680144e-11,1.734673010838811e-05,647.0,3.7737935631901843e-11
FL-2018-000134-IND,FL_2018_000134_IND,3.762943e-11,3.1560072559938484e-07,1179.0,3.766121161317567e-11
FL-2017-000160-HND,FL_2017_000160_HND,3.661391e-11,1.658480410724001e-05,661.0,3.666888584084084e-11
FL-2009-000178-GIN,FL_2009_000178_GIN,3.6380593e-11,3.902013680570288e-05,417.0,3.646680293601896e-11
FF-2009-000204-TUN,FF_2009_000204_TUN,3.3200935e-11,4.387159285444186e-06,943.0,3.3235957083333334e-11
FL-1998-000272-PRK,FL_1998_000272_PRK,2.9337085e-11,0.0001441148703827,151.0,2.952514323717949e-11
FL-1999-000253-PHL,FL_1999_000253_PHL,2.9032896e-11,8.27738288967885e-06,828.0,2.9067749416566627e-11
FL-2021-000190-EGY,FL_2021_000190_EGY,2.8732763e-11,2.8557466584276235e-05,515.0,2.878801831346154e-11
FL-2010-000003-KEN,FL_2010_000003_KEN,2.8703193e-11,3.833895364718548e-05,425.0,2.876994461162791e-11
FL-2015-000161-ETH,FL_2015_000161_ETH,2.6900643e-11,8.578690205123943e-05,236.0,2.70122639253112e-11
FL-2018-000029-RWA,FL_2018_000029_RWA,2.661922e-11,3.725319025177786e-05,435.0,2.6679718227272724e-11
FL-2012-000174-BEN,FL_2012_000174_BEN,2.469145e-11,3.6956973586603816e-06,975.0,2.4716645357142857e-11
FL-1999-000286-GMB,FL_1999_000286_GMB,2.4095347e-11,4.183844457298061e-06,955.0,2.4120446319791665e-11
FL-2011-000061-DOM,FL_2011_000061_DOM,2.4008165e-11,1.4399379953064986e-05,703.0,2.4042074837570625e-11
FF-2007-000070-CHN,FF_2007_000070_CHN,2.4002637e-11,8.080988955076445e-06,831.0,2.4031348288277516e-11
FL-2004-000044-BGD,FL_2004_000044_BGD,2.3975145e-11,6.721038498481668e-06,867.0,2.400263943233945e-11
FL-2005-000139-SLE,FL_2005_000139_SLE,2.3510027e-11,2.649006631768264e-05,532.0,2.3553807310986965e-11
FL-2020-000154-CIV,FL_2020_000154_CIV,1.9832185e-11,3.136182286784843e-05,485.0,1.9872658846938776e-11
FL-2014-000098-SDN,FL_2014_000098_SDN,1.8052117e-11,1.0889681324049317e-05,761.0,1.807568373237598e-11
FL-1995-000012-PHL,FL_1995_000012_PHL,1.7046382e-11,0.0002159394884002,103.0,1.7204218870370373e-11
FL-2020-000050-AFG,FL_2020_000050_AFG,1.6527623e-11,8.306093223838605e-05,245.0,1.6593733492e-11
FL-2010-000195-MLI,FL_2010_000195_MLI,1.5458017e-11,0.0011948762276885,28.0,1.5926441757575756e-11
FL-2010-000062-COD,FL_2010_000062_COD,1.4388073e-11,3.1980261147045554e-06,1004.0,1.4402332735381566e-11
FL-2020-000212-KHM,FL_2020_000212_KHM,1.4363348e-11,5.113303618821575e-06,915.0,1.4378960334782608e-11
FL-2022-000374-TTO,FL_2022_000374_TTO,1.3693747e-11,1.806880251082254e-05,638.0,1.3715043651632971e-11
FF-2008-000092-KEN,FF_2008_000092_KEN,1.3388015e-11,5.0690103590352846e-05,355.0,1.3425203930555555e-11
FL-2022-000376-COD,FL_2022_000376_COD,1.3123917e-11,3.643529840788192e-05,445.0,1.3153081259999999e-11
FL-2010-000049-AGO,FL_2010_000049_AGO,1.28378376e-11,2.2598383684454365e-05,579.0,1.2859820198630137e-11
LS-2011-000104-ECU,LS_2011_000104_ECU,1.275616e-11,4.93856340998586e-05,363.0,1.279082347826087e-11
FL-2021-000005-IDN,FL_2021_000005_IDN,1.2580036e-11,0.0001137375955094,187.0,1.2645557020833333e-11
FL-2004-000043-IND,FL_2004_000043_IND,1.26221264e-11,1.0161455672319631e-05,777.0,1.2638267226598465e-11
FL-2013-000104-MLI,FL_2013_000104_MLI,1.2476846e-11,0.0001139189690147,185.0,1.2542513610526316e-11
FL-2007-000153-GHA,FL_2007_000153_GHA,1.2281492e-11,6.001463247094512e-05,318.0,1.231951519504644e-11
FF-2010-000204-LCA,FF_2010_000204_LCA,1.2279403e-11,3.341104285225967e-06,997.0,1.2291657893213572e-11
FF-2012-000062-KEN,FF_2012_000062_KEN,1.2020396e-11,7.272600631630342e-05,267.0,1.2064588632352941e-11
FL-2003-000368-SDN,FL_2003_000368_SDN,1.20145525e-11,5.473635186804024e-05,335.0,1.2049889419117647e-11
FL-2018-000154-GHA,FL_2018_000154_GHA,1.1460088e-11,6.907245397127666e-06,863.0,1.1473290866359447e-11
FL-2016-000021-PAK,FL_2016_000021_PAK,1.1192192e-11,1.536257016354083e-05,683.0,1.120845972093023e-11
FL-2007-000125-PHL,FL_2007_000125_PHL,1.02390214e-11,8.483912831186383e-05,240.0,1.0280813324081633e-11
FL-2010-000150-MEX,FL_2010_000150_MEX,1.0051614e-11,6.637926380556043e-05,291.0,1.0085572155405405e-11
FL-2013-000116-NGA,FL_2013_000116_NGA,9.957496e-12,2.716378619525205e-05,527.0,9.97621309774436e-12
FL-2017-000014-PER,FL_2017_000014_PER,9.517564e-12,9.956097643891312e-06,781.0,9.529672860050891e-12
FL-2018-000120-NGA,FL_2018_000120_NGA,9.2204465e-12,0.0007162180553457,45.0,9.404855430000002e-12
FL-2004-000068-ROM,FL_2004_000068_ROM,9.189549e-12,1.4606867619083898e-07,1197.0,9.19719421547421e-12
FL-2006-000115-HTI,FL_2006_000115_HTI,8.72781e-12,0.000182198294747,122.0,8.796532913385826e-12
FF-2006-000069-IDN,FF_2006_000069_IDN,7.352701e-12,0.0002363754224975,96.0,7.425500019801979e-12
FL-2021-000161-IND,FL_2021_000161_IND,7.404352e-12,3.5552283051851368e-06,981.0,7.411861484787018e-12
FL-2016-000042-KEN,FL_2016_000042_KEN,7.2293994e-12,7.032098279616778e-05,273.0,7.2554044338129496e-12
FL-1998-000251-SDN,FL_1998_000251_SDN,7.118748e-12,8.462515917934581e-05,241.0,7.147686e-12
FL-2010-000026-DOM,FL_2010_000026_DOM,6.731881e-12,0.0011396858361131,30.0,6.924220457142856e-12
FL-2003-000389-BFA,FL_2003_000389_BFA,6.5642127e-12,8.267577132573185e-05,247.0,6.590261163095238e-12
FL-2014-000008-BOL,FL_2014_000008_BOL,6.277173e-12,0.0001673461121392,131.0,6.323328683823529e-12
FL-2002-000641-THA,FL_2002_000641_THA,6.1740803e-12,4.993581900449159e-06,920.0,6.180754981405405e-12
FL-2013-000041-GHA,FL_2013_000041_GHA,6.1580714e-12,1.26505993091727e-06,1105.0,6.1636192120720725e-12
FF-2020-000153-BIH,FF_2020_000153_BIH,6.0129267e-12,9.17341786805614e-07,1135.0,6.018201197105262e-12
FL-2007-000217-SRB,FL_2007_000217_SRB,5.551553e-12,0.0002583333197352,91.0,5.609381677083334e-12
FL-2019-000116-ETH,FL_2019_000116_ETH,5.1883836e-12,9.391316446696727e-05,217.0,5.211754697297297e-12
FL-2007-000227-ZWE,FL_2007_000227_ZWE,5.0546915e-12,5.0701444252053645e-06,917.0,5.060173811822126e-12
FL-2006-000068-CHN,FL_2006_000068_CHN,5.0386106e-12,4.051837748204236e-05,404.0,5.050929941320293e-12
FL-2017-000017-PAK,FL_2017_000017_PAK,4.915995e-12,1.3980116531678914e-05,709.0,4.922880147058824e-12
FL-1997-000092-ECU,FL_1997_000092_ECU,4.8159666e-12,3.729413621785335e-06,973.0,4.820890901226993e-12
FL-2005-000094-AFG,FL_2005_000094_AFG,4.5355807e-12,4.766879159266722e-05,373.0,4.547579590740741e-12
FL-1997-000299-PRY,FL_1997_000299_PRY,4.4816225e-12,4.831522975635642e-06,923.0,4.486451834590517e-12
FL-2006-000121-MKD,FL_2006_000121_MKD,4.4533583e-12,0.0001036710101465,201.0,4.474976544174757e-12
FL-2010-000194-VNM,FL_2010_000194_VNM,4.443491e-12,3.6520738349736554e-06,976.0,4.448020552497452e-12
FL-2001-000079-ROM,FL_2001_000079_ROM,4.192514e-12,3.639260883095729e-05,447.0,4.201789473451328e-12
FL-2001-000096-UKR,FL_2001_000096_UKR,4.192514e-12,9.936866648256176e-06,782.0,4.197841209656925e-12
FL-2001-000095-HUN,FL_2001_000095_HUN,4.192514e-12,7.045744268673956e-06,859.0,4.19736644675926e-12
FL-2010-000149-GTM,FL_2010_000149_GTM,4.0586414e-12,9.571237369746877e-06,794.0,4.063721051314143e-12
FL-2009-000203-USA,FL_2009_000203_USA,3.9881306e-12,0.0003583855688453,74.0,4.038613265822785e-12
FL-2008-000091-SOM,FL_2008_000091_SOM,3.809353e-12,3.4993501975550653e-06,985.0,3.813200831313131e-12
FL-2008-000069-CHL,FL_2008_000069_CHL,3.6432723e-12,1.1779140603823455e-05,746.0,3.648123528095873e-12
FL-2016-000072-SDN,FL_2016_000072_SDN,3.3806833e-12,1.905105913301182e-05,618.0,3.386109757945426e-12
FL-2005-000048-AFG,FL_2005_000048_AFG,3.3154935e-12,6.499337790131962e-05,295.0,3.3265451450000004e-12
FL-1998-000255-TUR,FL_1998_000255_TUR,3.2623897e-12,1.4561856176347011e-05,699.0,3.2670237762784094e-12
FL-2002-000350-CHN,FL_2002_000350_CHN,3.2099763e-12,5.733584764141388e-06,896.0,3.213538981798002e-12
FL-2013-000070-IND,FL_2013_000070_IND,3.1839067e-12,7.969403657736811e-06,833.0,3.1877061113365153e-12
FL-2019-000108-MRT,FL_2019_000108_MRT,3.1265153e-12,0.0005963721850699,56.0,3.177769649180328e-12
FL-2022-000349-CMR,FL_2022_000349_CMR,2.9981965e-12,3.969423266393697e-05,408.0,3.0054560556900726e-12
FL-2000-000741-LKA,FL_2000_000741_LKA,2.7775258e-12,1.301837327973498e-05,726.0,2.781325424897401e-12
FL-2016-000045-ETH,FL_2016_000045_ETH,2.6945625e-12,0.0005593762368155,58.0,2.7373333333333332e-12
FF-2020-000191-AFG,FF_2020_000191_AFG,2.6734084e-12,2.1910343802237224e-05,590.0,2.6779015233613445e-12
FL-2016-000089-SEN,FL_2016_000089_SEN,2.6733448e-12,1.3011141857269588e-06,1100.0,2.675764116561086e-12
FL-2006-000164-TZA,FL_2006_000164_TZA,2.6157366e-12,2.8850725768148022e-06,1019.0,2.6182910302734375e-12
FL-2002-000500-IRN,FL_2002_000500_IRN,2.6062856e-12,1.3689465768295135e-05,713.0,2.609915524233983e-12
FL-2001-000332-IND,FL_2001_000332_IND,2.4530796e-12,7.105246431843584e-06,858.0,2.4559221024333718e-12
FL-2008-000079-LKA,FL_2008_000079_LKA,2.3630082e-12,1.4100582043944333e-05,707.0,2.366327031741573e-12
FL-1997-000207-SYC,FL_1997_000207_SYC,2.1847006e-12,5.8817771614576287e-05,324.0,2.1913410273556234e-12
FL-2019-000009-ARG,FL_2019_000009_ARG,2.0482051e-12,5.885473788536576e-05,323.0,2.054449627743902e-12
FL-2001-000524-MLI,FL_2001_000524_MLI,1.8422642e-12,8.394917307737863e-05,244.0,1.8496628514056226e-12
FL-2007-000035-AFG,FL_2007_000035_AFG,1.733304e-12,1.1896401112929742e-05,745.0,1.7356150720000001e-12
FL-2002-000607-ALB,FL_2002_000607_ALB,1.5383658e-12,1.7800900540897904e-05,643.0,1.5407398212962962e-12
FL-2003-000341-NPL,FL_2003_000341_NPL,1.4691161e-12,5.040881249139301e-06,918.0,1.4707077750812568e-12
FL-2009-000179-LBR,FL_2009_000179_LBR,1.4340548e-12,2.339441790396392e-05,570.0,1.4365488083478263e-12
FL-1999-000371-IND,FL_1999_000371_IND,1.2489772e-12,1.0092591262685186e-05,778.0,1.250572317752235e-12
FL-1997-000137-CHL,FL_1997_000137_CHL,1.2163647e-12,7.72560880512511e-05,259.0,1.2209721420454546e-12
FL-2006-000127-NPL,FL_2006_000127_NPL,1.2067234e-12,1.005706912739493e-09,1219.0,1.207709285130719e-12
FL-2016-000091-NER,FL_2016_000091_NER,1.2023799e-12,1.3717472960838163e-05,712.0,1.204056859414226e-12
FL-1993-000013-PHL,FL_1993_000013_PHL,1.127828e-12,0.0001284854828424,166.0,1.1344234853801168e-12
FL-2006-000018-IRQ,FL_2006_000018_IRQ,1.0945046e-12,1.2681249525117488e-05,735.0,1.0959836602702705e-12
FL-2019-000033-PRY,FL_2019_000033_PRY,1.0926093e-12,1.4839106646937303e-05,697.0,1.0941657235042734e-12
FL-2009-000147-NIC,FL_2009_000147_NIC,1.070029e-12,4.338902007705254e-05,386.0,1.0727656470588236e-12
FL-2021-000145-BEN,FL_2021_000145_BEN,1.0564137e-12,0.0001219756959219,173.0,1.0623486084269663e-12
FL-2007-000139-KEN,FL_2007_000139_KEN,1.0537478e-12,2.9359439021726116e-05,507.0,1.055805901171875e-12
FL-2002-000225-ETH,FL_2002_000225_ETH,9.792591e-13,2.2025261668312503e-05,589.0,9.809076843434345e-13
FL-2002-000522-KHM,FL_2002_000522_KHM,9.157452e-13,2.130441082604904e-05,595.0,9.17271442e-13
FL-2002-000374-IND,FL_2002_000374_IND,8.691926e-13,9.637472069105076e-05,212.0,8.731980958525347e-13
FL-2014-000152-ETH,FL_2014_000152_ETH,8.611842e-13,0.0001184386654041,178.0,8.658901245901639e-13
FL-2020-000038-EGY,FL_2020_000038_EGY,7.7058477e-13,0.0002018552070466,111.0,7.772277421551724e-13
FL-2000-000191-HUN,FL_2000_000191_HUN,7.5015824e-13,4.022555210840575e-06,959.0,7.509364124481328e-13
FL-2018-000419-PRY,FL_2018_000419_PRY,7.074365e-13,2.7444142341449835e-05,526.0,7.087687721280602e-13
FL-2007-000009-PER,FL_2007_000009_PER,7.0534366e-13,1.826977828724124e-05,635.0,7.0644575946875e-13
FL-2008-000011-TZA,FL_2008_000011_TZA,6.99009e-13,1.0736416931094408e-06,1121.0,6.996297895204263e-13
FF-2020-000204-TUN,FF_2020_000204_TUN,6.647322e-13,2.452284253053392e-05,557.0,6.659149975088968e-13
FF-2013-000100-RUS,FF_2013_000100_RUS,6.326776e-13,0.0029585282721396,16.0,6.628051047619048e-13
FL-2015-000151-BLZ,FL_2015_000151_BLZ,6.5604645e-13,2.580511371736716e-06,1039.0,6.566748469827586e-13
FL-1999-000161-LKA,FL_1999_000161_LKA,6.519284e-13,1.3202115087289272e-05,721.0,6.528263730027548e-13
FL-2002-000242-AFG,FL_2002_000242_AFG,5.963579e-13,5.884683961387693e-06,892.0,5.970227360089187e-13
FL-2018-000360-RUS,FL_2018_000360_RUS,5.602562e-13,5.164882420507156e-06,911.0,5.608678334061135e-13
FL-2018-000425-LKA,FL_2018_000425_LKA,5.4599977e-13,2.2792343054794977e-06,1059.0,5.465129276785715e-13
FF-2006-000046-KEN,FF_2006_000046_KEN,5.1203464e-13,2.223387385940036e-05,585.0,5.129024953220339e-13
FL-2004-000022-AFG,FL_2004_000022_AFG,5.0080355e-13,1.7230385351510578e-05,650.0,5.015681355725191e-13
FL-2012-000013-ECU,FL_2012_000013_ECU,4.999456e-13,1.8709716592561165e-06,1075.0,5.004085125925927e-13
FL-2019-000034-BOL,FL_2019_000034_BOL,4.61286e-13,6.446432709049916e-05,296.0,4.628185116279069e-13
FL-2006-000120-BFA,FL_2006_000120_BFA,4.2024953e-13,2.906442106536822e-05,510.0,4.2106554850485443e-13
FL-2003-000027-TUN,FL_2003_000027_TUN,3.6376116e-13,6.4107699799335855e-06,876.0,3.641740557548241e-13
FL-2016-000068-NPL,FL_2016_000068_NPL,3.494085e-13,6.829748045721613e-08,1209.0,3.496963158978584e-13
FL-2009-000267-SRB,FL_2009_000267_SRB,2.9936662e-13,8.354543546456716e-06,825.0,2.9972730267469874e-13
FL-2017-000052-RUS,FL_2017_000052_RUS,2.97912e-13,2.096996962794165e-05,600.0,2.984044165289256e-13
FL-2005-000017-VEN,FL_2005_000017_VEN,2.6887303e-13,2.5013131530095803e-08,1214.0,2.6909359852337984e-13
FL-2020-000200-BFA,FL_2020_000200_BFA,2.6599445e-13,4.200501800631167e-06,954.0,2.6627181647549533e-13
FL-2014-000122-PAK,FL_2014_000122_PAK,2.6422937e-13,7.331704072589265e-06,849.0,2.645387720725995e-13
FL-2002-000265-KEN,FL_2002_000265_KEN,2.3495875e-13,0.0001377342722728,157.0,2.36409112654321e-13
FL-2017-000083-GIN,FL_2017_000083_GIN,2.2448485e-13,0.000274906588703,90.0,2.2684784842105262e-13
FF-2007-000081-NPL,FF_2007_000081_NPL,2.2324697e-13,1.0347762527899647e-09,1218.0,2.2342951044971381e-13
FL-2009-000170-MRT,FL_2009_000170_MRT,2.1455179e-13,6.639295240245253e-05,290.0,2.1527908420338983e-13
FL-2001-000375-IRN,FL_2001_000375_IRN,2.0364839e-13,1.5558300808604143e-05,681.0,2.0394525354227406e-13
FL-2013-000142-VNM,FL_2013_000142_VNM,1.9728433e-13,2.2420664919140724e-06,1062.0,1.9746922627928775e-13
FL-2018-000015-BOL,FL_2018_000015_BOL,1.8346152e-13,6.910612346699956e-05,279.0,1.8410751126760566e-13
FL-2022-000316-NER,FL_2022_000316_NER,1.6017163e-13,2.461388637299297e-06,1044.0,1.60324319828408e-13
FL-2002-000479-CZE,FL_2002_000479_CZE,1.5746664e-13,4.644860216240649e-06,933.0,1.5763451488272923e-13
FL-1999-000132-BLR,FL_1999_000132_BLR,1.5010167e-13,1.0002415370712456e-06,1129.0,1.502340347883598e-13
FF-2009-000160-LKA,FF_2009_000160_LKA,1.4480717e-13,2.2131654519713384e-06,1065.0,1.4494250380373834e-13
FL-2010-000014-SLB,FL_2010_000014_SLB,1.4177418e-13,8.652167614940327e-06,820.0,1.4194602749090908e-13
FL-2011-000043-VCT,FL_2011_000043_VCT,1.3908644e-13,1.6626241900611749e-06,1082.0,1.3921439440662374e-13
FL-2002-000110-BOL,FL_2002_000110_BOL,1.2477672e-13,2.258885917299268e-05,581.0,1.2498964955631399e-13
FF-2022-000309-SLE,FF_2022_000309_SLE,1.1868149e-13,3.1791787101699763e-06,1007.0,1.1879876419960476e-13
FF-2013-000113-ROM,FF_2013_000113_ROM,1.152941e-13,1.6540081982866213e-05,662.0,1.154669547226387e-13
FL-2014-000089-IND,FL_2014_000089_IND,1.0736089e-13,4.076762844922687e-05,403.0,1.0762402943627451e-13
FL-2012-000153-IDN,FL_2012_000153_IDN,9.951382e-14,0.0001653433641393,132.0,1.002401982481752e-13
FL-2012-000151-TCD,FL_2012_000151_TCD,1.00089547e-13,1.6335943212783216e-05,668.0,1.0023826846656761e-13
FL-2005-000168-NPL,FL_2005_000168_NPL,8.816617e-14,3.64869568404295e-07,1172.0,8.824107753610875e-14
FL-2017-000078-NER,FL_2017_000078_NER,8.2915296e-14,8.276247377909749e-05,246.0,8.32456358247012e-14
FL-2011-000115-KEN,FL_2011_000115_KEN,7.423296e-14,2.110353407889809e-05,598.0,7.435606606965175e-14
FL-2019-000022-IRN,FL_2019_000022_IRN,7.287518e-14,4.765941459854818e-05,374.0,7.306746279683377e-14
FL-2008-000102-CIV,FL_2008_000102_CIV,6.657812e-14,3.542643761673084e-05,454.0,6.672317037037037e-14
FL-2013-000050-ETH,FL_2013_000050_ETH,6.348689e-14,0.0007207094857443,43.0,6.480953354166665e-14
FL-1997-000530-PER,FL_1997_000530_PER,6.074857e-14,2.994849230919122e-05,501.0,6.086862646245059e-14
FF-2012-000196-COG,FF_2012_000196_COG,5.6998446e-14,0.0036176626749837,12.0,6.035129576470589e-14
FF-2012-000079-GEO,FF_2012_000079_GEO,6.003934e-14,6.612363634436017e-07,1151.0,6.009127714532872e-14
FL-2010-000174-KEN,FL_2010_000174_KEN,5.3025333e-14,0.0035648140248441,13.0,5.597118483333334e-14
FL-2021-000019-PER,FL_2021_000019_PER,5.5042234e-14,9.221361014161394e-06,803.0,5.5110355576732665e-14
FL-2011-000020-BOL,FL_2011_000020_BOL,5.3233493e-14,3.907695024088505e-05,415.0,5.3360239411904763e-14
FL-2022-000356-ETH,FL_2022_000356_ETH,4.561724e-14,7.11697771922602e-05,270.0,4.578312087272727e-14
FL-2009-000172-BFA,FL_2009_000172_BFA,4.4617803e-14,4.935966197649787e-05,364.0,4.473871845528455e-14
FL-2010-000091-VNM,FL_2010_000091_VNM,3.897983e-14,0.0012360719649871,27.0,4.01979496875e-14
FL-2003-000505-VNM,FL_2003_000505_VNM,3.4048373e-14,0.0001263769441733,167.0,3.4246328656976745e-14
FF-2020-000158-SRB,FF_2020_000158_SRB,3.3372465e-14,3.000711820031247e-07,1182.0,3.3400579966301596e-14
FL-2001-000620-DZA,FL_2001_000620_DZA,2.9688596e-14,0.0002120222582654,105.0,2.995849232727272e-14
FL-2015-000153-IRQ,FL_2015_000153_IRQ,2.9437753e-14,7.392246673470651e-05,265.0,2.9546781714814814e-14
FL-1997-000022-BOL,FL_1997_000022_BOL,2.909925e-14,2.7626522858243737e-05,522.0,2.915446679316888e-14
FL-2021-000173-IDN,FL_2021_000173_IDN,2.714203e-14,2.861911448674805e-06,1022.0,2.716845846153846e-14
FL-2017-000095-GHA,FL_2017_000095_GHA,2.688622e-14,3.794749944867737e-05,428.0,2.6948312886836028e-14
FL-1997-000142-CZE,FL_1997_000142_CZE,2.515239e-14,1.1781553841798608e-06,1111.0,2.5174927983870967e-14
FL-1997-000166-ROM,FL_1997_000166_ROM,2.4848044e-14,1.2589679161361325e-05,736.0,2.4881577122807017e-14
FL-2012-000129-SDN,FL_2012_000129_SDN,2.1164578e-14,6.167587803463318e-05,312.0,2.1231343230283912e-14
FL-1998-000359-UKR,FL_1998_000359_UKR,2.0588916e-14,3.639278996461462e-05,446.0,2.0634567698447892e-14
FL-2002-000470-VNM,FL_2002_000470_VNM,2.0432462e-14,3.916372484282434e-05,413.0,2.0481343488038277e-14
FL-2009-000248-URY,FL_2009_000248_URY,1.8987614e-14,2.160471996600716e-05,593.0,1.9019365862876257e-14
FL-2002-000322-CHL,FL_2002_000322_CHL,1.6703153e-14,3.582769867520084e-06,979.0,1.672012774898374e-14
FL-2007-000194-GTM,FL_2007_000194_GTM,1.5660767e-14,5.87487907820785e-07,1155.0,1.5674267661206897e-14
FL-2009-000124-VNM,FL_2009_000124_VNM,1.5356812e-14,3.439720950074927e-05,462.0,1.5389695965738757e-14
FL-2019-000047-GEO,FL_2019_000047_GEO,1.4437453e-14,1.4896983203051416e-05,695.0,1.4458077932857143e-14
FF-2018-000030-KEN,FF_2018_000030_KEN,1.427644e-14,0.0001791213307551,123.0,1.43879746875e-14
FL-2014-000154-IDN,FL_2014_000154_IDN,1.355159e-14,0.0001290138523333,165.0,1.3631305235294118e-14
SS-2007-000063-MDV,SS_2007_000063_MDV,1.31137065e-14,1.6148311838267175e-05,673.0,1.313304825e-14
FL-2005-000117-GTM,FL_2005_000117_GTM,1.25246256e-14,3.82885271551323e-06,970.0,1.2537471369846155e-14
FL-2012-000067-RWA,FL_2012_000067_RWA,1.09470445e-14,6.250892247856107e-05,308.0,1.0982019083067093e-14
FL-2007-000088-ECU,FL_2007_000088_ECU,9.840662e-15,8.450088155888964e-05,242.0,9.880502736842104e-15
FL-2007-000174-CAF,FL_2007_000174_CAF,8.5174135e-15,6.729834770535239e-05,287.0,8.546582724315068e-15
FL-2008-000230-CUB,FL_2008_000230_CUB,8.108474e-15,9.273982742513792e-05,219.0,8.144672544642858e-15
FL-2007-000221-KEN,FL_2007_000221_KEN,8.074996e-15,3.590210004329044e-05,449.0,8.092782334801763e-15
FL-2009-000045-BOL,FL_2009_000045_BOL,7.979123e-15,0.0001090959539728,191.0,8.019832811224489e-15
FL-1999-000233-SVK,FL_1999_000233_SVK,7.982712e-15,5.540225471204949e-07,1158.0,7.989575896818573e-15
FL-2015-000110-ARG,FL_2015_000110_ARG,7.835012e-15,8.610936141958098e-06,821.0,7.844497486682808e-15
FL-2006-000091-PRK,FL_2006_000091_PRK,7.169184e-15,1.276247899380146e-05,733.0,7.178898341463415e-15
FL-2009-000100-DOM,FL_2009_000100_DOM,6.891103e-15,3.868701874090242e-06,965.0,6.898207229896907e-15
FL-2001-000492-VNM,FL_2001_000492_VNM,6.2311e-15,0.0001357738585219,160.0,6.268864242424243e-15
FL-2003-000585-MKD,FL_2003_000585_MKD,6.2255325e-15,1.2519826483469578e-06,1108.0,6.231125970350404e-15
FL-2021-000078-GTM,FL_2021_000078_GTM,6.19421e-15,3.820593039965807e-07,1170.0,6.1994816680851064e-15
FL-2008-000167-VCT,FL_2008_000167_VCT,6.1125163e-15,1.275654645297259e-06,1104.0,6.118028036970244e-15
FL-2019-000089-SLE,FL_2019_000089_SLE,6.041782e-15,0.0001730814297849,126.0,6.087902473282442e-15
FL-2007-000093-SDN,FL_2007_000093_SDN,6.042648e-15,8.403147186404753e-06,824.0,6.049937080820266e-15
FF-2007-000091-AFG,FF_2007_000091_AFG,5.845011e-15,2.564512110719084e-05,544.0,5.855657650273223e-15
FL-2019-000162-MYS,FL_2019_000162_MYS,5.666273e-15,0.0003377640553326,80.0,5.732935035294117e-15
FL-2004-000052-JPN,FL_2004_000052_JPN,4.841927e-15,3.8618681827082446e-05,422.0,4.8532664074941454e-15
FL-2008-000168-NPL,FL_2008_000168_NPL,4.5921332e-15,1.0563915469828447e-05,766.0,4.598089274189365e-15
FL-2020-000165-NPL,FL_2020_000165_NPL,4.2837755e-15,3.85331966035437e-06,966.0,4.288187215242018e-15
FF-2007-000100-MLI,FF_2007_000100_MLI,3.9405396e-15,3.073833722923219e-05,491.0,3.948484236290322e-15
FL-2007-000023-IDN,FL_2007_000023_IDN,3.861974e-15,4.9727532558576096e-05,360.0,3.872554750684932e-15
FL-2022-000286-MRT,FL_2022_000286_MRT,3.6043844e-15,0.0001019716782863,204.0,3.621630258373205e-15
FL-2008-000217-KEN,FL_2008_000217_KEN,3.201046e-15,1.1154969999523744e-05,757.0,3.2052468477690287e-15
FL-2014-000121-CMR,FL_2014_000121_CMR,3.0798368e-15,3.709444813776348e-05,438.0,3.0867890275395034e-15
FL-2009-000144-NER,FL_2009_000144_NER,3.0701275e-15,4.335532713438887e-06,947.0,3.0733524238445378e-15
FL-2005-000104-IND,FL_2005_000104_IND,2.6857458e-15,2.6696672237948284e-05,529.0,2.6907752865168537e-15
FL-2020-000237-LKA,FL_2020_000237_LKA,2.645811e-15,3.4513201026288055e-07,1176.0,2.6480513141405588e-15
FL-2010-000179-ETH,FL_2010_000179_ETH,2.4358398e-15,0.0051791436859644,7.0,2.63882645e-15
FL-2012-000128-SSD,FL_2012_000128_SSD,2.3814158e-15,9.695867546841532e-05,211.0,2.392440873148148e-15
FF-2021-000032-TLS,FF_2021_000032_TLS,2.0739153e-15,1.2788043195266576e-05,731.0,2.0767331197010868e-15
FL-1999-000160-PER,FL_1999_000160_PER,1.9193002e-15,7.038032072828096e-06,861.0,1.9215164819861427e-15
FF-2020-000240-ZMB,FF_2020_000240_ZMB,1.904224e-15,1.6092346826183804e-06,1088.0,1.905966199451052e-15
FL-2006-000045-HUN,FL_2006_000045_HUN,1.89298e-15,2.4227101642049258e-06,1048.0,1.8947777018043683e-15
FF-2019-000068-VNM,FF_2019_000068_VNM,1.8439947e-15,6.830714847502209e-06,865.0,1.846114234137931e-15
FL-2001-000236-URY,FL_2001_000236_URY,1.8306277e-15,1.5245271233420114e-05,684.0,1.8332846342525397e-15
FL-2006-000106-MRT,FL_2006_000106_MRT,1.8229072e-15,1.0328786146365555e-05,774.0,1.8252472605905006e-15
FL-2011-000137-VNM,FL_2011_000137_VNM,1.807114e-15,7.379725328925032e-05,266.0,1.8137823173431733e-15
FL-2006-000086-CHL,FL_2006_000086_CHL,1.4804717e-15,9.18918943992774e-06,806.0,1.4822971891491987e-15
FL-2021-000213-STP,FL_2021_000213_STP,1.3058446e-15,1.278321550861293e-06,1103.0,1.3070231601083034e-15
FL-2013-000038-KEN,FL_2013_000038_KEN,1.2451587e-15,9.745457178204042e-06,786.0,1.246732857648546e-15
FL-2005-000175-SDN,FL_2005_000175_SDN,1.0190267e-15,0.0001233167630928,170.0,1.0248497097142858e-15
FF-2012-000115-RUS,FF_2012_000115_RUS,8.2685583000000005e-16,2.3112848299307818e-06,1055.0,8.276358826698114e-16
FL-2007-000011-ZMB,FL_2007_000011_ZMB,8.031555e-16,1.880359280911875e-05,626.0,8.044283296354992e-16
FL-2010-000196-LKA,FL_2010_000196_LKA,7.354288e-16,1.382222196529976e-07,1199.0,7.360396212624585e-16
FL-2014-000117-BGD,FL_2014_000117_BGD,5.9721037e-16,3.92322338183423e-06,964.0,5.978266861713106e-16
FL-1997-000255-KEN,FL_1997_000255_KEN,5.437614e-16,5.109926279892172e-06,916.0,5.44351803257329e-16
FL-2010-000162-HND,FL_2010_000162_HND,5.168786e-16,8.555697770563303e-05,238.0,5.190056724279835e-16
FF-2009-000196-IDN,FF_2009_000196_IDN,4.614274e-16,1.2545346993636128e-05,737.0,4.620492698113208e-16
FL-1999-000053-PHL,FL_1999_000053_PHL,3.9063084000000005e-16,5.362082425726445e-05,341.0,3.91759830867052e-16
FL-2020-000175-GEO,FL_2020_000175_GEO,3.7740723e-16,2.917647480982989e-06,1018.0,3.777761520234604e-16
FL-2016-000009-IDN,FL_2016_000009_IDN,3.7282645000000003e-16,3.5563521501940784e-05,451.0,3.7364405186403513e-16
FL-1998-000329-BEN,FL_1998_000329_BEN,3.707409e-16,6.159401035755854e-06,885.0,3.7115746280898874e-16
FL-2011-000082-NPL,FL_2011_000082_NPL,3.0758482000000003e-16,9.056611446785185e-09,1216.0,3.0783673221949224e-16
FL-2012-000098-GTM,FL_2012_000098_GTM,2.7342822e-16,4.873599193171828e-06,921.0,2.737234988552916e-16
FL-2006-000013-MWI,FL_2006_000013_MWI,2.5670691e-16,6.100856609384906e-06,886.0,2.5699502101010103e-16
FL-2011-000148-KHM,FL_2011_000148_KHM,2.5568709e-16,5.817058568978147e-05,327.0,2.5645723183734943e-16
FL-2021-000134-NPL,FL_2021_000134_NPL,2.5590364e-16,3.8393993314924557e-07,1169.0,2.5612161584327087e-16
FL-2021-000066-GUY,FL_2021_000066_GUY,2.5290344e-16,0.0001259414020066,168.0,2.5436530959537573e-16
FL-2009-000132-GHA,FL_2009_000132_GHA,2.5408916e-16,9.518699918372572e-07,1133.0,2.543124369420035e-16
FL-2006-000023-DZA,FL_2006_000023_DZA,2.5039514e-16,0.0003209713780115,82.0,2.532732450574713e-16
FL-2014-000038-ZAF,FL_2014_000038_ZAF,2.090064e-16,1.9743219462298924e-05,609.0,2.093468013029316e-16
FL-2012-000042-COL,FL_2012_000042_COL,2.067666e-16,1.0447995362208703e-05,770.0,2.0703339561290323e-16
FF-2013-000118-BEN,FF_2013_000118_BEN,1.9276516e-16,0.0001902106964174,117.0,1.9434520229508196e-16
ST-2012-000061-VNM,ST_2012_000061_VNM,1.8319e-16,4.296995969456918e-06,948.0,1.8338222455403987e-16
FL-2001-000274-WSM,FL_2001_000274_WSM,1.7892119000000001e-16,8.746704828027076e-08,1208.0,1.790686930420445e-16
FL-1991-000009-VNM,FL_1991_000009_VNM,1.2227134000000002e-16,0.000157452248297,139.0,1.231204465277778e-16
FL-2016-000046-SOM,FL_2016_000046_SOM,1.06474874e-16,2.597918966652392e-05,539.0,1.0667059987132354e-16
FL-2022-000382-ZAF,FL_2022_000382_ZAF,9.630702000000001e-17,2.066177124622886e-05,602.0,9.646568065897859e-17
FF-2014-000059-SRB,FF_2014_000059_SRB,8.7138217e-17,1.5178200878553338e-05,689.0,8.72637763904899e-17
FL-2010-000046-MOZ,FL_2010_000046_MOZ,7.842405000000001e-17,2.436327368224224e-05,559.0,7.856309973404256e-17
FL-1999-000413-CAF,FL_1999_000413_CAF,7.4512635e-17,0.0001008172867551,206.0,7.486577545023696e-17
FL-2010-000259-AUS,FL_2010_000259_AUS,5.959642e-17,6.88265118784063e-05,281.0,5.980479909090909e-17
FL-2004-000020-KEN,FL_2004_000020_KEN,5.1955565e-17,3.654522936660649e-05,444.0,5.2071278953229396e-17
FL-2014-000030-PRY,FL_2014_000030_PRY,5.1560150000000004e-17,5.9366530598197405e-05,320.0,5.171879661538461e-17
FL-1998-000048-PAK,FL_1998_000048_PAK,4.9101137e-17,0.0007136084950407,46.0,5.006390439215686e-17
FL-2003-000204-KEN,FL_2003_000204_KEN,4.7560662e-17,0.0002462386097124,94.0,4.8041072727272735e-17
FL-2006-000001-IDN,FL_2006_000001_IDN,3.917272e-17,0.0001149607808401,183.0,3.9381085531914894e-17
FL-2013-000004-KEN,FL_2013_000004_KEN,3.52444e-17,1.8058866612611088e-05,640.0,3.529904248062015e-17
FL-2004-000116-CAF,FL_2004_000116_CAF,3.0236650000000005e-17,4.09565752436946e-05,401.0,3.031112450738917e-17
FL-2009-000031-DOM,FL_2009_000031_DOM,2.347617e-17,1.0484278249163282e-05,767.0,2.3506579546632127e-17
FL-2009-000242-IRQ,FL_2009_000242_IRQ,1.6702702e-17,2.826310523626235e-05,517.0,1.673469951340996e-17
FL-2000-000130-BOL,FL_2000_000130_BOL,1.1850123000000001e-17,5.547159303199701e-05,330.0,1.1885496501492537e-17
FL-1999-000349-SLV,FL_1999_000349_SLV,9.302565e-18,1.6337407297104698e-06,1085.0,9.311099463302752e-18
FL-2013-000098-NER,FL_2013_000098_NER,8.627436e-18,2.3149369372664577e-05,573.0,8.64236235986159e-18
FL-2007-000145-ETH,FL_2007_000145_ETH,7.93492e-18,4.172247095115617e-05,394.0,7.95480701754386e-18
FL-2015-000106-BFA,FL_2015_000106_BFA,6.967149e-18,1.575526564066591e-05,678.0,6.977349803806735e-18
FL-2015-000008-BOL,FL_2015_000008_BOL,6.841346599999999e-18,1.4873198735255462e-05,696.0,6.85110601027104e-18
FL-2002-000808-MWI,FL_2002_000808_MWI,4.0538054e-18,3.477152880367573e-06,987.0,4.057891897379032e-18
FL-2001-000450-THA,FL_2001_000450_THA,3.3309167e-18,9.165787560408992e-05,222.0,3.34559034185022e-18
FL-1997-000522-MDA,FL_1997_000522_MDA,3.3074997e-18,0.0001320964060965,163.0,3.3271871982142856e-18
FL-2012-000039-CHL,FL_2012_000039_CHL,2.503267e-18,4.38207148025171e-06,944.0,2.505904794520548e-18
FL-2010-000136-YEM,FL_2010_000136_YEM,2.31657e-18,1.7735744759369232e-06,1077.0,2.318711007393715e-18
FL-1997-000337-IND,FL_1997_000337_IND,2.0634338999999997e-18,9.076537506821126e-05,225.0,2.07240535173913e-18
FL-1998-000053-ZMB,FL_1998_000053_ZMB,1.1120816999999999e-18,2.4438232025896907e-06,1045.0,1.1131408254285714e-18
FL-2006-000071-ROM,FL_2006_000071_ROM,1.0143186e-18,1.5164943750866015e-06,1091.0,1.0152440731751824e-18
FL-2011-000022-AFG,FL_2011_000022_AFG,7.186260299999999e-19,0.0002579761617897,92.0,7.260345457731958e-19
FL-2010-000121-DOM,FL_2010_000121_DOM,7.120168999999999e-19,8.228370104648455e-05,248.0,7.148311960474307e-19
FF-2004-000060-VNM,FF_2004_000060_VNM,6.3930737e-19,0.0002301870587573,98.0,6.455142376699029e-19
FL-2015-000131-SLE,FL_2015_000131_SLE,5.986813e-19,2.94418928713384e-05,506.0,5.998528876712328e-19
FL-2016-000050-LKA,FL_2016_000050_LKA,3.5151508e-19,5.225079263622097e-06,909.0,3.5189966980306345e-19
FL-2015-000169-KEN,FL_2015_000169_KEN,3.4385019999999996e-19,2.5716295713807373e-05,542.0,3.4447881096892134e-19
FL-2002-000373-GHA,FL_2002_000373_GHA,2.9617746999999997e-19,2.157711289987283e-05,594.0,2.966719232053422e-19
FL-1997-000049-TZA,FL_1997_000049_TZA,2.9050663e-19,4.1212467166624095e-06,956.0,2.9080892618106136e-19
FL-2020-000202-GIN,FL_2020_000202_GIN,1.7184019999999998e-19,1.1090903443486376e-05,759.0,1.7206512172774867e-19
FL-2015-000146-DZA,FL_2015_000146_DZA,1.4932529999999999e-19,4.985421434254318e-05,358.0,1.497366644628099e-19
FL-2006-000133-NER,FL_2006_000133_NER,1.2765161999999999e-19,2.778536191053849e-05,519.0,1.2789522996183207e-19
FL-2019-000167-BDI,FL_2019_000167_BDI,1.0954959e-19,1.893739379933047e-05,621.0,1.0972458934504793e-19
FF-2017-000101-VNM,FF_2017_000101_VNM,6.734053e-20,3.131826753177953e-06,1008.0,6.740700633761106e-20
FL-2011-000102-BRA,FL_2011_000102_BRA,5.3004799999999996e-20,1.2475539960861417e-05,739.0,5.307604301075269e-20
FL-2019-000048-TZA,FL_2019_000048_TZA,5.1898054999999997e-20,4.544363539569e-06,937.0,5.1953148476645436e-20
FL-2017-000110-MLI,FL_2017_000110_MLI,4.1136622e-20,3.846048877817328e-05,424.0,4.123251156177157e-20
FL-2010-000120-BRA,FL_2010_000120_BRA,3.6870535e-20,1.1521724837271603e-05,751.0,3.69193055489418e-20
FL-2013-000123-CMR,FL_2013_000123_CMR,2.4207253e-20,1.6501149804427886e-05,665.0,2.424338322835821e-20
FL-2015-000017-PAK,FL_2015_000017_PAK,2.0613233e-20,2.0981041915579305e-05,599.0,2.0647360869205297e-20
FL-2005-000194-COL,FL_2005_000194_COL,1.29576365e-20,1.8425881618781187e-06,1076.0,1.2969623212765957e-20
FL-2022-000332-BEN,FL_2022_000332_BEN,1.211136e-20,6.6509345914571495e-06,870.0,1.2125201554285714e-20
FL-2002-000540-DZA,FL_2002_000540_DZA,6.833729999999999e-21,5.325592264463601e-05,344.0,6.853310888252148e-21
FL-2020-000206-COD,FL_2020_000206_COD,6.6156395e-21,1.4647824092478278e-08,1215.0,6.6210621553278685e-21
FL-2001-000227-RUS,FL_2001_000227_RUS,3.741736e-21,3.091787029974078e-06,1010.0,3.745422439408867e-21
ST-1998-000296-PHL,ST_1998_000296_PHL,2.7736909e-21,0.0001436587531229,152.0,2.791357721019108e-21
FL-2020-000190-NER,FL_2020_000190_NER,2.2435897000000002e-21,2.602610827556206e-06,1038.0,2.245740792713327e-21
FL-2005-000184-VNM,FL_2005_000184_VNM,6.490356e-22,3.107753340302403e-05,489.0,6.503494372469636e-22
FL-2003-000359-PAK,FL_2003_000359_PAK,5.8549004e-22,3.979976561453064e-06,962.0,5.860955105687694e-22
FL-2007-000076-KEN,FL_2007_000076_KEN,4.1494060000000003e-22,3.867096125109392e-05,421.0,4.1591463896713614e-22
FL-2019-000138-KEN,FL_2019_000138_KEN,3.7206992e-22,0.001076263117016,33.0,3.8186123368421057e-22
FL-2011-000198-PER,FL_2011_000198_PER,3.7068912e-22,4.537357191794701e-06,938.0,3.710822155673383e-22
FL-2017-000134-CAF,FL_2017_000134_CAF,3.3750466000000003e-22,8.790879459646794e-05,233.0,3.389227468067227e-22
FL-2008-000104-NPL,FL_2008_000104_NPL,2.83384e-22,1.505826945118269e-07,1196.0,2.8361995670274774e-22
FL-1998-000165-CHN,FL_1998_000165_CHN,2.403665e-22,6.920275628137419e-05,278.0,2.4121585159010605e-22
FL-2005-000063-SRB,FL_2005_000063_SRB,2.2471492000000003e-22,7.315045731037203e-06,851.0,2.2497743742990655e-22
FL-2001-000453-IRN,FL_2001_000453_IRN,1.2237245e-22,1.965522174578645e-05,610.0,1.2257142959349596e-22
FL-2017-000054-BFA,FL_2017_000054_BFA,8.464534000000001e-23,3.3563175316250616e-05,468.0,8.482429420718817e-23
FL-2001-000252-ECU,FL_2001_000252_ECU,4.6159356999999996e-23,1.8413909727633385e-05,634.0,4.623159386541471e-23
FF-2020-000221-SOM,FF_2020_000221_SOM,2.6287953e-23,1.7496872572274777e-06,1078.0,2.6312226271468142e-23
FL-1999-000244-VNM,FL_1999_000244_VNM,2.2488680000000002e-23,6.421888345065215e-05,298.0,2.25629000660066e-23
FL-2006-000034-ECU,FL_2006_000034_ECU,1.8228252e-23,1.891821396984536e-06,1074.0,1.824514565338276e-23
FF-2008-000141-ETH,FF_2008_000141_ETH,1.0493153e-23,6.23775668292208e-05,309.0,1.0526570684713376e-23
FL-2021-000135-GIN,FL_2021_000135_GIN,1.6870782e-24,9.542089946613876e-05,213.0,1.694817090825688e-24
FL-2020-000132-UGA,FL_2020_000132_UGA,6.6673947e-25,2.552380336909076e-06,1042.0,6.67376279426934e-25
FL-2007-000231-BOL,FL_2007_000231_BOL,3.591886e-25,0.0001064482499935,195.0,3.60984543e-25
FL-2022-000379-MYS,FL_2022_000379_MYS,3.220904e-25,2.0770011743584576e-05,601.0,3.226219023102311e-25
SL-2002-000428-NPL,SL_2002_000428_NPL,2.4294415999999997e-25,7.373615838749719e-07,1147.0,2.4315504902777774e-25
FL-2003-000481-HND,FL_2003_000481_HND,6.666542e-26,4.445811790469217e-07,1165.0,6.672239899145299e-26
FL-2006-000065-TZA,FL_2006_000065_TZA,5.1005176e-26,2.203860194273995e-05,588.0,5.1091188101180436e-26
FL-2011-000037-BDI,FL_2011_000037_BDI,4.313638e-26,7.491220435341813e-05,263.0,4.3297336641791045e-26
FL-2019-000136-SLV,FL_2019_000136_SLV,2.5495981000000002e-26,9.580044510148312e-06,792.0,2.552797093851945e-26
FL-2016-000123-DOM,FL_2016_000123_DOM,2.3376805000000003e-27,6.723765018843401e-07,1150.0,2.339704465800866e-27
FL-2011-000124-ETH,FL_2011_000124_ETH,1.6968556e-27,1.645590272355323e-05,666.0,1.6993844459016394e-27
FF-2008-000186-COD,FF_2008_000186_COD,1.3017783000000001e-27,0.0036753426819268,11.0,1.3831394437500001e-27
FF-2009-000229-SOM,FF_2009_000229_SOM,3.5772875e-28,4.748827879491277e-06,929.0,3.5811175722698074e-28
FL-2006-000056-AFG,FL_2006_000056_AFG,2.650042e-28,0.0001222406109025,171.0,2.665099056818182e-28
FL-1998-000080-ARG,FL_1998_000080_ARG,4.271502e-30,2.3038365928681764e-05,575.0,4.2788666586206894e-30
FL-2007-000107-TLS,FL_2007_000107_TLS,3.6377025e-30,6.32161177966175e-05,305.0,3.649437024193548e-30
FF-2020-000006-IRN,FF_2020_000006_IRN,1.5070871e-30,0.0001926062722721,115.0,1.5196461591666666e-30
FL-2013-000112-CAF,FL_2013_000112_CAF,5.997161e-32,2.7746573793674045e-05,520.0,6.008584163809524e-32
FL-2013-000076-PRY,FL_2013_000076_PRY,0.0,1.2286344455512669e-05,741.0,0.0
FL-2019-000020-COL,FL_2019_000020_COL,0.0,1.677479812850879e-05,657.0,0.0
FL-2001-000019-MOZ,FL_2001_000019_MOZ,0.0,8.644688495132286e-07,1138.0,0.0
FL-1997-000265-SOM,FL_1997_000265_SOM,0.0,3.4098848488764418e-06,991.0,0.0
FL-2020-000054-BDI,FL_2020_000054_BDI,0.0,0.0003202494090529,83.0,0.0
FL-2003-000028-BRA,FL_2003_000028_BRA,0.0,0.000159187251485,136.0,0.0
FL-2005-000098-BGR,FL_2005_000098_BGR,0.0,4.850882075769808e-07,1163.0,0.0
FL-2009-000133-ZAF,FL_2009_000133_ZAF,0.0,8.735695179875164e-06,818.0,0.0
FL-2019-000052-SRB,FL_2019_000052_SRB,0.0,2.792443000554958e-07,1183.0,0.0
FL-2005-000176-BGD,FL_2005_000176_BGD,0.0,2.0985732769478449e-07,1187.0,0.0
FL-2008-000024-PHL,FL_2008_000024_PHL,0.0,9.473916100980931e-05,214.0,0.0
FL-2016-000085-MLI,FL_2016_000085_MLI,0.0,2.380242798160966e-05,566.0,0.0
FL-2008-000076-COL,FL_2008_000076_COL,0.0,9.208677577794766e-06,804.0,0.0
FL-2011-000021-MYS,FL_2011_000021_MYS,0.0,0.000157992677425,138.0,0.0
FL-2013-000095-PHL,FL_2013_000095_PHL,0.0,2.3197397409508007e-05,572.0,0.0
FL-2018-000014-ARG,FL_2018_000014_ARG,0.0,0.0001407797240345,154.0,0.0
FL-2022-000328-HND,FL_2022_000328_HND,0.0,2.306905778491427e-06,1056.0,0.0
FF-2008-000194-VNM,FF_2008_000194_VNM,0.0,4.2706179390334e-06,949.0,0.0
FL-2021-000038-KEN,FL_2021_000038_KEN,0.0,1.865631712410091e-05,630.0,0.0
FL-2012-000157-CMR,FL_2012_000157_CMR,0.0,1.7148684756329746e-05,651.0,0.0
FL-2008-000103-SLV,FL_2008_000103_SLV,0.0,9.840527308791142e-07,1132.0,0.0
FL-2012-000183-COL,FL_2012_000183_COL,0.0,2.564589704771584e-05,543.0,0.0
FL-2020-000195-CMR,FL_2020_000195_CMR,0.0,0.0001010496323116,205.0,0.0
FL-2019-000083-NPL,FL_2019_000083_NPL,0.0,1.564743278056942e-06,1089.0,0.0
FL-2013-000045-AFG,FL_2013_000045_AFG,0.0,2.01401859787059e-06,1071.0,0.0
FL-2012-000003-BRA,FL_2012_000003_BRA,0.0,2.211365518938777e-05,587.0,0.0
FL-2007-000138-UGA,FL_2007_000138_UGA,0.0,2.0525904070104984e-05,603.0,0.0
FL-2005-000205-PHL,FL_2005_000205_PHL,0.0,6.100992223810469e-05,313.0,0.0
FL-2018-000112-GEO,FL_2018_000112_GEO,0.0,2.747294312004604e-06,1033.0,0.0
FL-2022-000305-GIN,FL_2022_000305_GIN,0.0,0.0001399818725319,155.0,0.0
FL-2006-000158-PRK,FL_2006_000158_PRK,0.0,2.4213753748850034e-05,563.0,0.0
FL-2014-000073-RUS,FL_2014_000073_RUS,0.0,1.359435195122989e-05,715.0,0.0
FL-2019-000133-SOM,FL_2019_000133_SOM,0.0,1.3295926077649196e-05,720.0,0.0
FL-2011-000045-GTM,FL_2011_000045_GTM,0.0,1.1444485328594624e-06,1114.0,0.0
FL-2019-000067-UGA,FL_2019_000067_UGA,0.0,8.810310120902457e-05,232.0,0.0
FL-2010-000036-CYP,FL_2010_000036_CYP,0.0,3.836715435455092e-06,969.0,0.0
FL-2004-000021-COL,FL_2004_000021_COL,0.0,1.650394666391406e-05,664.0,0.0
FL-1997-000301-UGA,FL_1997_000301_UGA,0.0,0.0001007850940792,207.0,0.0
FL-2008-000187-BDI,FL_2008_000187_BDI,0.0,3.685222423184019e-05,441.0,0.0
FL-1997-000526-ECU,FL_1997_000526_ECU,0.0,1.8865957466019917e-05,624.0,0.0
FF-2020-000156-UKR,FF_2020_000156_UKR,0.0,8.380613272352419e-07,1140.0,0.0
FL-2007-000141-NGA,FL_2007_000141_NGA,0.0,2.5840750242744537e-05,540.0,0.0
FL-1998-000316-VNM,FL_1998_000316_VNM,0.0,0.000122039258637,172.0,0.0
FL-2000-000444-IND,FL_2000_000444_IND,0.0,4.144233772562437e-05,398.0,0.0
FF-2009-000201-PHL,FF_2009_000201_PHL,0.0,4.521770156306546e-05,382.0,0.0
FL-2015-000081-PHL,FL_2015_000081_PHL,0.0,4.62517224126852e-05,377.0,0.0
FL-2022-000249-CIV,FL_2022_000249_CIV,0.0,0.0026524183521428,18.0,0.0
FL-2000-000438-KHM,FL_2000_000438_KHM,0.0,7.052931719418527e-05,272.0,0.0
FL-2011-000170-COL,FL_2011_000170_COL,0.0,1.2582204190491708e-06,1107.0,0.0
FL-2016-000011-TZA,FL_2016_000011_TZA,0.0,1.7074352191626675e-05,653.0,0.0
FF-2009-000246-LKA,FF_2009_000246_LKA,0.0,0.0015414103712962,26.0,0.0
FL-2007-000022-ARG,FL_2007_000022_ARG,0.0,8.219554583479493e-05,249.0,0.0
FL-2019-000094-GTM,FL_2019_000094_GTM,0.0,2.850237667790209e-06,1024.0,0.0
FL-2021-000209-MYS,FL_2021_000209_MYS,0.0,5.155771715503649e-05,350.0,0.0
FL-1997-000025-MWI,FL_1997_000025_MWI,0.0,4.040438997932192e-06,958.0,0.0
FL-2000-000265-COL,FL_2000_000265_COL,0.0,1.0118324542483786e-06,1127.0,0.0
FL-2007-000086-PAN,FL_2007_000086_PAN,0.0,1.2891905115255122e-06,1102.0,0.0
FL-2018-000194-TTO,FL_2018_000194_TTO,0.0,2.2837615435951376e-06,1057.0,0.0
FL-2023-000001-COG,FL_2023_000001_COG,0.0,1.8065595932365986e-05,639.0,0.0
LS-2022-000283-LKA,LS_2022_000283_LKA,0.0,1.9153197966144072e-05,616.0,0.0
FL-2015-000040-SOM,FL_2015_000040_SOM,0.0,3.531382138185836e-06,983.0,0.0
FL-2007-000210-PHL,FL_2007_000210_PHL,0.0,4.958576301336227e-05,361.0,0.0
FF-2008-000233-PHL,FF_2008_000233_PHL,0.0,0.0001926039509443,116.0,0.0
FL-2005-000103-SLV,FL_2005_000103_SLV,0.0,1.2396999490892312e-05,740.0,0.0
FL-2013-000052-SOM,FL_2013_000052_SOM,0.0,1.3372212091723846e-05,719.0,0.0
FL-2001-000029-BOL,FL_2001_000029_BOL,0.0,8.755318565413384e-06,817.0,0.0
FL-2011-000042-COL,FL_2011_000042_COL,0.0,3.334352613347402e-05,470.0,0.0
FL-2015-000093-GUY,FL_2015_000093_GUY,0.0,0.0001698978790395,128.0,0.0
FF-2011-000071-GEO,FF_2011_000071_GEO,0.0,1.3405322210126193e-05,718.0,0.0
FL-2021-000204-BRA,FL_2021_000204_BRA,0.0,3.895609597978989e-05,419.0,0.0
LS-2010-000190-COL,LS_2010_000190_COL,0.0,2.6222390137756544e-05,536.0,0.0
FL-2008-000191-HND,FL_2008_000191_HND,0.0,8.98189919746253e-06,812.0,0.0
FL-2021-000152-GEO,FL_2021_000152_GEO,0.0,9.737291457575518e-05,209.0,0.0
FF-2014-000048-KAZ,FF_2014_000048_KAZ,0.0,9.40227812918245e-06,800.0,0.0
FL-1994-000007-VNM,FL_1994_000007_VNM,0.0,6.653109331538543e-06,869.0,0.0
FL-2015-000056-COL,FL_2015_000056_COL,0.0,7.872581549062106e-06,836.0,0.0
FL-2016-000081-GTM,FL_2016_000081_GTM,0.0,3.612381610290921e-05,448.0,0.0
FF-2018-000041-SOM,FF_2018_000041_SOM,0.0,8.731092620027952e-07,1136.0,0.0
FL-2006-000029-NAM,FL_2006_000029_NAM,0.0,3.844764157467573e-07,1168.0,0.0
FL-1998-000179-RUS,FL_1998_000179_RUS,0.0,9.64661517346359e-06,789.0,0.0
FL-2009-000101-PAN,FL_2009_000101_PAN,0.0,4.821142152753533e-06,925.0,0.0
FL-2007-000206-COG,FL_2007_000206_COG,0.0,0.0003897990634776,70.0,0.0
FL-2009-000198-BEN,FL_2009_000198_BEN,0.0,3.402739052342544e-05,467.0,0.0
FL-2019-000014-MWI,FL_2019_000014_MWI,0.0,1.136479459040661e-05,753.0,0.0
FL-1997-000140-AZE,FL_1997_000140_AZE,0.0,4.0086380907588086e-05,406.0,0.0
FL-2008-000074-BFA,FL_2008_000074_BFA,0.0,0.0001090833395641,192.0,0.0
FL-2014-000168-MYS,FL_2014_000168_MYS,0.0,2.900898298729131e-05,512.0,0.0
FL-2008-000175-UGA,FL_2008_000175_UGA,0.0,1.4056196837281924e-05,708.0,0.0
FL-2010-000023-ECU,FL_2010_000023_ECU,0.0,0.0011007484075249,32.0,0.0
FL-2008-000158-PAN,FL_2008_000158_PAN,0.0,1.6363580694455236e-06,1084.0,0.0
FL-2014-000163-COL,FL_2014_000163_COL,0.0,7.381329616902243e-06,847.0,0.0
FL-2006-000190-BDI,FL_2006_000190_BDI,0.0,1.277976881563876e-05,732.0,0.0
FL-2018-000077-CIV,FL_2018_000077_CIV,0.0,0.0022071878023649,23.0,0.0
FL-2019-000101-NER,FL_2019_000101_NER,0.0,1.3069714772270866e-05,724.0,0.0
FF-2006-000022-TLS,FF_2006_000022_TLS,0.0,1.7679615009950086e-05,644.0,0.0
FL-2009-000217-IND,FL_2009_000217_IND,0.0,0.0001644120629196,133.0,0.0
FL-2022-000164-ECU,FL_2022_000164_ECU,0.0,5.5127475877249054e-05,333.0,0.0
FL-2020-000125-TZA,FL_2020_000125_TZA,0.0,8.234542180790792e-07,1144.0,0.0
FL-2022-000331-SLV,FL_2022_000331_SLV,0.0,7.801072198248887e-05,257.0,0.0
FL-2000-000408-VNM,FL_2000_000408_VNM,0.0,8.836731006703981e-05,231.0,0.0
FL-2005-000062-TZA,FL_2005_000062_TZA,0.0,3.443495160085835e-05,461.0,0.0
FL-2007-000222-MYS,FL_2007_000222_MYS,0.0,3.744620374237027e-05,434.0,0.0
FF-2008-000123-PAK,FF_2008_000123_PAK,0.0,2.7643594027491224e-06,1029.0,0.0
FL-2010-000119-PAN,FL_2010_000119_PAN,0.0,1.657211610291176e-06,1083.0,0.0
FL-2007-000130-CIV,FL_2007_000130_CIV,0.0,0.0007036328632302,47.0,0.0
FL-2007-000003-PHL,FL_2007_000003_PHL,0.0,0.0001584837663059,137.0,0.0
FL-2007-000177-SLE,FL_2007_000177_SLE,0.0,1.5000360835764726e-05,691.0,0.0
FL-2007-000044-ARG,FL_2007_000044_ARG,0.0,6.080340488719437e-06,888.0,0.0
FL-2014-000115-NER,FL_2014_000115_NER,0.0,2.1781254721055724e-05,592.0,0.0
FL-2021-000126-MYS,FL_2021_000126_MYS,0.0,3.0774206348710634e-05,490.0,0.0
FL-2006-000044-COL,FL_2006_000044_COL,0.0,5.1180929053349526e-06,914.0,0.0
FL-2020-000185-PAK,FL_2020_000185_PAK,0.0,7.51194478324717e-06,844.0,0.0
FL-2008-000197-COL,FL_2008_000197_COL,0.0,2.221134209887205e-06,1064.0,0.0
FL-2007-000057-URY,FL_2007_000057_URY,0.0,1.2915833604822515e-05,728.0,0.0
FL-2001-000485-KHM,FL_2001_000485_KHM,0.0,8.291165178068535e-06,827.0,0.0
FL-2011-000122-NER,FL_2011_000122_NER,0.0,2.543142976155237e-05,547.0,0.0
FL-2009-000121-CZE,FL_2009_000121_CZE,0.0,4.402749808770694e-06,941.0,0.0
FL-2004-000100-PAN,FL_2004_000100_PAN,0.0,1.5077605386166542e-07,1195.0,0.0
FL-2005-000002-GUY,FL_2005_000002_GUY,0.0,0.0001208432182741,176.0,0.0
FL-2020-000199-MRT,FL_2020_000199_MRT,0.0,0.0031155099433481,14.0,0.0
FL-1998-000112-TZA,FL_1998_000112_TZA,0.0,7.928406885483706e-05,254.0,0.0
FF-2007-000185-TUN,FF_2007_000185_TUN,0.0,1.0212248119920456e-05,776.0,0.0
FL-2006-000192-IDN,FL_2006_000192_IDN,0.0,6.921025749031868e-05,277.0,0.0
FL-2013-000081-PRK,FL_2013_000081_PRK,0.0,3.5429021645620025e-05,453.0,0.0
FL-2009-000174-NER,FL_2009_000174_NER,0.0,2.624328082904886e-05,535.0,0.0
FL-2021-000051-SOM,FL_2021_000051_SOM,0.0,5.876571353378219e-06,893.0,0.0
FL-2009-000075-BDI,FL_2009_000075_BDI,0.0,1.5866883643823057e-05,677.0,0.0
FL-2007-000165-BEN,FL_2007_000165_BEN,0.0,3.118971682427022e-05,487.0,0.0
FL-2010-000067-BRA,FL_2010_000067_BRA,0.0,0.00734887067309,3.0,0.0
FL-2006-000030-SRB,FL_2006_000030_SRB,0.0,3.475434532462136e-06,988.0,0.0
FL-2013-000131-KHM,FL_2013_000131_KHM,0.0,2.905834723238237e-05,511.0,0.0
FL-2001-000025-MWI,FL_2001_000025_MWI,0.0,3.3785027429311072e-06,993.0,0.0
FL-2019-000119-CMR,FL_2019_000119_CMR,0.0,1.907650972538895e-05,617.0,0.0
FL-2006-000145-GIN,FL_2006_000145_GIN,0.0,7.888896803403997e-06,835.0,0.0
FL-2012-000141-NER,FL_2012_000141_NER,0.0,7.410573830447554e-05,264.0,0.0
FL-2009-000226-PRY,FL_2009_000226_PRY,0.0,5.5194061913154325e-05,331.0,0.0
FL-2013-000055-UGA,FL_2013_000055_UGA,0.0,2.4252890155744906e-05,562.0,0.0
FL-2010-000076-COL,FL_2010_000076_COL,0.0,2.559317744871435e-07,1184.0,0.0
FL-2007-000147-NER,FL_2007_000147_NER,0.0,3.182140943306695e-05,484.0,0.0
FL-2011-000131-GIN,FL_2011_000131_GIN,0.0,4.013910198760261e-06,960.0,0.0
FL-2012-000198-PAN,FL_2012_000198_PAN,0.0,3.0535540353769635e-05,495.0,0.0
FL-2018-000043-TZA,FL_2018_000043_TZA,0.0,6.59214273640683e-05,293.0,0.0
FL-2015-000105-GIN,FL_2015_000105_GIN,0.0,3.409634585836939e-05,466.0,0.0
FL-2019-000131-CIV,FL_2019_000131_CIV,0.0,3.857260146487034e-05,423.0,0.0
FF-2020-000055-SOM,FF_2020_000055_SOM,0.0,5.597625476547524e-06,899.0,0.0
FL-2019-000120-PHL,FL_2019_000120_PHL,0.0,0.0009903863874497,35.0,0.0
FL-2008-000094-ZAF,FL_2008_000094_ZAF,0.0,3.9078330417737897e-05,414.0,0.0
FL-2004-000059-AFG,FL_2004_000059_AFG,0.0,0.0001256141435765,169.0,0.0
FL-2008-000234-BRA,FL_2008_000234_BRA,0.0,9.075627743172008e-05,226.0,0.0
FL-2011-000067-PHL,FL_2011_000067_PHL,0.0,2.4668495349153905e-05,555.0,0.0
FF-2007-000113-GMB,FF_2007_000113_GMB,0.0,1.2016870147156433e-07,1202.0,0.0
FL-2006-000050-ARG,FL_2006_000050_ARG,0.0,1.042192154486346e-05,772.0,0.0
FL-2007-000189-NIC,FL_2007_000189_NIC,0.0,3.1286000873637443e-06,1009.0,0.0
FL-2009-000139-PAK,FL_2009_000139_PAK,0.0,1.520234466717695e-05,688.0,0.0
FL-1999-000428-VNM,FL_1999_000428_VNM,0.0,1.8682700509879e-05,629.0,0.0
FL-1999-000363-NIC,FL_1999_000363_NIC,0.0,7.317121531210656e-06,850.0,0.0
FL-2013-000068-CZE,FL_2013_000068_CZE,0.0,9.252501177036164e-06,802.0,0.0
FL-2018-000058-COL,FL_2018_000058_COL,0.0,3.279635703030296e-06,1000.0,0.0
FL-2008-000180-NIC,FL_2008_000180_NIC,0.0,0.0001692513320913,129.0,0.0
FL-2014-000014-SYC,FL_2014_000014_SYC,0.0,3.55490615258823e-05,452.0,0.0
FL-2004-000115-PAN,FL_2004_000115_PAN,0.0,3.2893634535855017e-07,1177.0,0.0
FL-2011-000183-TZA,FL_2011_000183_TZA,0.0,1.665314726532457e-05,658.0,0.0
FL-2007-000068-COL,FL_2007_000068_COL,0.0,1.4172721504674735e-05,704.0,0.0
FL-2013-000024-MKD,FL_2013_000024_MKD,0.0,2.579749021996073e-06,1040.0,0.0
FL-2009-000165-CHL,FL_2009_000165_CHL,0.0,3.45660970362859e-06,990.0,0.0
FL-2007-000220-SRB,FL_2007_000220_SRB,0.0,1.5262685278482586e-06,1090.0,0.0
FL-2006-000151-PAN,FL_2006_000151_PAN,0.0,2.0500816743019184e-06,1069.0,0.0
FL-2012-000005-BOL,FL_2012_000005_BOL,0.0,1.3962946176866956e-05,710.0,0.0
LS-2010-000040-UGA,LS_2010_000040_UGA,0.0,2.9354417841013973e-05,508.0,0.0
FL-2012-000210-MWI,FL_2012_000210_MWI,0.0,2.9627422832264183e-05,503.0,0.0
FL-2018-000164-HND,FL_2018_000164_HND,0.0,1.1324960252589768e-05,754.0,0.0
FL-2005-000171-SLV,FL_2005_000171_SLV,0.0,7.039465229646848e-06,860.0,0.0
FL-2016-000102-SEN,FL_2016_000102_SEN,0.0,1.3126069961446224e-05,723.0,0.0
FL-2012-000071-NPL,FL_2012_000071_NPL,0.0,1.8063531710202505e-07,1191.0,0.0
FL-2009-000234-PHL,FL_2009_000234_PHL,0.0,0.0001983305398064,114.0,0.0
OT-2004-000112-COL,OT_2004_000112_COL,0.0,1.126359281700474e-06,1116.0,0.0
FF-2021-000098-MNG,FF_2021_000098_MNG,0.0,1.88829844865551e-05,623.0,0.0
FL-2015-000145-SOM,FL_2015_000145_SOM,0.0,1.6683677642321003e-06,1081.0,0.0
FL-1990-000004-VNM,FL_1990_000004_VNM,0.0,4.224254115155878e-06,953.0,0.0
FL-1998-000224-SVK,FL_1998_000224_SVK,0.0,1.143497254253524e-06,1115.0,0.0
FL-2007-000111-GBR,FL_2007_000111_GBR,0.0,2.6419348723209176e-08,1213.0,0.0
FL-2013-000019-PER,FL_2013_000019_PER,0.0,1.682146537197653e-05,655.0,0.0
FL-2019-000163-UGA,FL_2019_000163_UGA,0.0,4.832605060364321e-05,372.0,0.0
FL-1999-000437-KHM,FL_1999_000437_KHM,0.0,0.0003654534433252,72.0,0.0
FL-2015-000092-BRA,FL_2015_000092_BRA,0.0,8.198578773583249e-05,250.0,0.0
FL-2008-000126-TCD,FL_2008_000126_TCD,0.0,2.428780132228076e-05,560.0,0.0
FL-2014-000006-PHL,FL_2014_000006_PHL,0.0,3.305826541703859e-05,472.0,0.0
FL-2009-000089-BRA,FL_2009_000089_BRA,0.0,0.0001519841250746,142.0,0.0
FL-2021-000096-PAN,FL_2021_000096_PAN,0.0,1.2030928062873665e-07,1201.0,0.0
FL-2011-000161-SOM,FL_2011_000161_SOM,0.0,3.022090136510067e-05,499.0,0.0
FL-2001-000390-POL,FL_2001_000390_POL,0.0,4.504126474325339e-06,939.0,0.0
FL-2007-000122-VNM,FL_2007_000122_VNM,0.0,1.2922997659116863e-06,1101.0,0.0
FL-2009-000187-CIV,FL_2009_000187_CIV,0.0,9.994913872805082e-05,208.0,0.0
FL-2012-000009-FJI,FL_2012_000009_FJI,0.0,1.7326308793323407e-05,648.0,0.0
FL-2008-000231-PAN,FL_2008_000231_PAN,0.0,2.320368506197476e-05,571.0,0.0
FL-2006-000124-UGA,FL_2006_000124_UGA,0.0,8.482107388141454e-06,823.0,0.0
FL-2009-000240-PAN,FL_2009_000240_PAN,0.0,2.4263619981717158e-06,1047.0,0.0
FL-2008-000191-SLV,FL_2008_000191_SLV,0.0,3.128985592536348e-07,1180.0,0.0
FF-2008-000082-PHL,FF_2008_000082_PHL,0.0,8.654006126195132e-05,235.0,0.0
FL-2003-000212-AZE,FL_2003_000212_AZE,0.0,1.290340106077752e-05,729.0,0.0
FL-2017-000002-MYS,FL_2017_000002_MYS,0.0,6.294435187611895e-05,306.0,0.0
FL-2012-000132-NPL,FL_2012_000132_NPL,0.0,3.690392203084711e-07,1171.0,0.0
FF-2017-000122-CMR,FF_2017_000122_CMR,0.0,6.681974521650389e-06,868.0,0.0
FL-2006-000172-COG,FL_2006_000172_COG,0.0,7.98518687752938e-05,252.0,0.0
FL-2007-000161-UGA,FL_2007_000161_UGA,0.0,1.0475074935758135e-05,768.0,0.0
FL-2008-000246-GUY,FL_2008_000246_GUY,0.0,6.411284622861038e-05,299.0,0.0
FL-2014-000019-BDI,FL_2014_000019_BDI,0.0,0.0006686714331478,51.0,0.0
FL-2002-000026-SEN,FL_2002_000026_SEN,0.0,3.499281851819486e-05,458.0,0.0
FL-1999-000240-SRB,FL_1999_000240_SRB,0.0,2.7549854375729425e-05,524.0,0.0
FL-2010-000262-ECU,FL_2010_000262_ECU,0.0,7.1087555703737465e-06,856.0,0.0
FL-2006-000130-KHM,FL_2006_000130_KHM,0.0,3.4060595192204845e-06,992.0,0.0
FL-2011-000118-GTM,FL_2011_000118_GTM,0.0,7.355515289971115e-06,848.0,0.0
FL-2003-000080-ARG,FL_2003_000080_ARG,0.0,0.0007195235831149,44.0,0.0
FL-1997-000199-BEN,FL_1997_000199_BEN,0.0,8.240012281414483e-07,1143.0,0.0
FL-2010-000089-AZE,FL_2010_000089_AZE,0.0,1.911381999820448e-06,1073.0,0.0
FL-2006-000009-GUY,FL_2006_000009_GUY,0.0,6.852031648476793e-05,282.0,0.0
FL-2013-000145-COL,FL_2013_000145_COL,0.0,2.7619208478613344e-06,1030.0,0.0
FL-2013-000006-IDN,FL_2013_000006_IDN,0.0,5.662593506452653e-05,328.0,0.0
FL-1999-000315-GHA,FL_1999_000315_GHA,0.0,0.0001125087499733,189.0,0.0
FL-2009-000186-TCD,FL_2009_000186_TCD,0.0,4.866185383468805e-06,922.0,0.0
FF-2012-000120-GEO,FF_2012_000120_GEO,0.0,2.577913884200616e-06,1041.0,0.0
FL-2010-000102-CRI,FL_2010_000102_CRI,0.0,4.048876684904929e-05,405.0,0.0
FL-2009-000011-PHL,FL_2009_000011_PHL,0.0,0.0002565086312892,93.0,0.0
FF-2013-000090-PAK,FF_2013_000090_PAK,0.0,1.9425100336055475e-05,613.0,0.0
FL-2009-000164-SEN,FL_2009_000164_SEN,0.0,2.8601973177139574e-05,514.0,0.0
FL-2019-000160-COG,FL_2019_000160_COG,0.0,1.741695694111855e-05,646.0,0.0
FL-2014-000053-TZA,FL_2014_000053_TZA,0.0,3.274416545450412e-06,1001.0,0.0
FL-2002-000367-SRB,FL_2002_000367_SRB,0.0,5.3246894784440886e-06,907.0,0.0
FL-2022-000254-PAK,FL_2022_000254_PAK,0.0,5.349940052641061e-06,904.0,0.0
FL-2015-000123-NER,FL_2015_000123_NER,0.0,0.0001048028432911,200.0,0.0
FL-2020-000029-TZA,FL_2020_000029_TZA,0.0,4.809334829156187e-06,927.0,0.0
FL-2021-000039-BDI,FL_2021_000039_BDI,0.0,2.7062152569844267e-05,528.0,0.0
FL-2021-000127-NER,FL_2021_000127_NER,0.0,1.6851853948916552e-05,654.0,0.0
FF-2013-000088-AFG,FF_2013_000088_AFG,0.0,2.912506886429392e-05,509.0,0.0
LS-2022-000224-GTM,LS_2022_000224_GTM,0.0,4.379820781352642e-06,945.0,0.0
FL-2020-000242-COL,FL_2020_000242_COL,0.0,9.67090469744336e-06,788.0,0.0
FL-1999-000324-HND,FL_1999_000324_HND,0.0,6.373499342945719e-06,878.0,0.0
FL-2010-000041-SOM,FL_2010_000041_SOM,0.0,0.0001632374844366,135.0,0.0
FL-2010-000249-IND,FL_2010_000249_IND,0.0,1.454525536683769e-05,700.0,0.0
FL-2009-000241-COL,FL_2009_000241_COL,0.0,9.80524483412168e-06,784.0,0.0
FL-2008-000166-GTM,FL_2008_000166_GTM,0.0,1.439552445364431e-06,1093.0,0.0
FL-2008-000207-SDN,FL_2008_000207_SDN,0.0,7.654213395597901e-05,261.0,0.0
FL-2001-000376-PAK,FL_2001_000376_PAK,0.0,7.269884699320577e-06,853.0,0.0
FL-2009-000239-BRA,FL_2009_000239_BRA,0.0,9.099921330977296e-05,223.0,0.0
FL-2016-000097-PRK,FL_2016_000097_PRK,0.0,7.893400235429117e-05,256.0,0.0
FL-2006-000010-BOL,FL_2006_000010_BOL,0.0,3.1241521761905804e-05,486.0,0.0
FL-2005-000182-IND,FL_2005_000182_IND,0.0,2.6199937886112822e-05,537.0,0.0
FF-2013-000084-GEO,FF_2013_000084_GEO,0.0,7.5266313931435966e-06,843.0,0.0
FL-2000-000038-PHL,FL_2000_000038_PHL,0.0,0.000292863107852,87.0,0.0
FL-2009-000023-ECU,FL_2009_000023_ECU,0.0,1.03165380138325e-05,775.0,0.0
FL-2013-000030-COL,FL_2013_000030_COL,0.0,2.54697510040777e-05,546.0,0.0
FL-2008-000198-BLZ,FL_2008_000198_BLZ,0.0,4.085084855887988e-07,1167.0,0.0
FL-2007-000149-CMR,FL_2007_000149_CMR,0.0,5.064492021877658e-05,356.0,0.0
FL-2001-000314-GHA,FL_2001_000314_GHA,0.0,3.646850955981928e-06,978.0,0.0
FL-2014-000079-PHL,FL_2014_000079_PHL,0.0,5.158992861645876e-05,349.0,0.0
FL-2013-000051-ECU,FL_2013_000051_ECU,0.0,2.8516535207036698e-06,1023.0,0.0
FL-2020-000210-VNM,FL_2020_000210_VNM,0.0,2.289747005290845e-05,577.0,0.0
FL-2011-000204-PHL,FL_2011_000204_PHL,0.0,9.202465504127196e-06,805.0,0.0
FL-1997-000144-CHN,FL_1997_000144_CHN,0.0,1.4954323497333269e-05,693.0,0.0
FL-2010-000225-PAN,FL_2010_000225_PAN,0.0,2.512064353332944e-07,1185.0,0.0
FL-2012-000083-HND,FL_2012_000083_HND,0.0,2.2793478283976496e-06,1058.0,0.0
FL-2013-000157-BRA,FL_2013_000157_BRA,0.0,3.749766900121036e-05,431.0,0.0
FL-2015-000024-ARG,FL_2015_000024_ARG,0.0,3.540900333987904e-06,982.0,0.0
FL-2018-000140-MLI,FL_2018_000140_MLI,0.0,1.2236188147825171e-05,742.0,0.0
FL-2013-000141-SOM,FL_2013_000141_SOM,0.0,2.409761975279302e-06,1050.0,0.0
FF-2012-000148-PAK,FF_2012_000148_PAK,0.0,2.74243081478327e-06,1034.0,0.0
FL-2022-000336-VNM,FL_2022_000336_VNM,0.0,1.89917039709436e-05,619.0,0.0
FF-2020-000168-MNG,FF_2020_000168_MNG,0.0,9.555982075948718e-06,795.0,0.0
FF-2009-000159-PAK,FF_2009_000159_PAK,0.0,6.33293877582004e-06,879.0,0.0
FL-2010-000107-PHL,FL_2010_000107_PHL,0.0,0.0006400647888591,55.0,0.0
FL-2003-000293-TLS,FL_2003_000293_TLS,0.0,2.3732775228299997e-05,568.0,0.0
FF-2021-000198-COG,FF_2021_000198_COG,0.0,0.0004653745481735,64.0,0.0
FL-2011-000135-THA,FL_2011_000135_THA,0.0,2.2485590762602417e-05,582.0,0.0
FL-2011-000002-BRA,FL_2011_000002_BRA,0.0,5.3440363660653765e-05,343.0,0.0
FL-2011-000005-HND,FL_2011_000005_HND,0.0,1.393614683274779e-07,1198.0,0.0
FL-2004-000051-NPL,FL_2004_000051_NPL,0.0,9.912473791133783e-08,1207.0,0.0
FL-2006-000112-ETH,FL_2006_000112_ETH,0.0,7.744111436357131e-05,258.0,0.0
FF-2012-000102-PHL,FF_2012_000102_PHL,0.0,0.0005482166981434,59.0,0.0
FL-2020-000128-KEN,FL_2020_000128_KEN,0.0,9.439061394954052e-05,215.0,0.0
FL-2016-000137-ARG,FL_2016_000137_ARG,0.0,0.0001152933687853,182.0,0.0
FL-2011-000180-PAN,FL_2011_000180_PAN,0.0,2.2719596730862078e-06,1060.0,0.0
FL-2001-000696-BRA,FL_2001_000696_BRA,0.0,2.6518246694364656e-05,530.0,0.0
FL-2009-000010-FJI,FL_2009_000010_FJI,0.0,4.501036854617603e-06,940.0,0.0
FL-2012-000173-SOM,FL_2012_000173_SOM,0.0,2.069308755623331e-06,1068.0,0.0
FL-2005-000020-COL,FL_2005_000020_COL,0.0,6.4904241765718525e-06,872.0,0.0
FL-2008-000035-PRY,FL_2008_000035_PRY,0.0,1.3577419713266477e-06,1098.0,0.0
FL-2021-000153-UGA,FL_2021_000153_UGA,0.0,4.7495609889242514e-05,375.0,0.0
FL-2000-000299-GTM,FL_2000_000299_GTM,0.0,1.1071267470732274e-06,1118.0,0.0
FL-2000-000484-BTN,FL_2000_000484_BTN,0.0,3.4852750830864484e-06,986.0,0.0
FF-2012-000118-AFG,FF_2012_000118_AFG,0.0,1.3540395831208898e-05,716.0,0.0
FL-2004-000036-MKD,FL_2004_000036_MKD,0.0,0.0001088882840806,193.0,0.0
FL-2008-000010-BRA,FL_2008_000010_BRA,0.0,3.213028263695387e-05,481.0,0.0
FL-2018-000054-BDI,FL_2018_000054_BDI,0.0,2.2161536141202615e-05,586.0,0.0
FL-2005-000157-MDA,FL_2005_000157_MDA,0.0,2.630525354880796e-05,534.0,0.0
FL-2014-000004-COL,FL_2014_000004_COL,0.0,1.1092221288980656e-05,758.0,0.0
FL-1992-000008-PAK,FL_1992_000008_PAK,0.0,0.0008754999584895,40.0,0.0
FL-2021-000097-BGD,FL_2021_000097_BGD,0.0,5.705969561979029e-06,898.0,0.0
FL-2016-000114-EGY,FL_2016_000114_EGY,0.0,6.035681731183094e-05,316.0,0.0
FL-2003-000647-TLS,FL_2003_000647_TLS,0.0,2.227430873009989e-05,584.0,0.0
FL-2009-000208-AZE,FL_2009_000208_AZE,0.0,1.2931946488618531e-05,727.0,0.0
FL-1997-000143-POL,FL_1997_000143_POL,0.0,6.645876097243708e-06,871.0,0.0
FL-2019-000156-DJI,FL_2019_000156_DJI,0.0,1.2087338850529438e-05,743.0,0.0
FL-2002-000125-ECU,FL_2002_000125_ECU,0.0,3.716355375692212e-05,436.0,0.0
FL-2019-000135-GHA,FL_2019_000135_GHA,0.0,3.918297972018871e-05,412.0,0.0
FL-2015-000006-MWI,FL_2015_000006_MWI,0.0,6.390942875392721e-06,877.0,0.0
FL-2005-000108-PAK,FL_2005_000108_PAK,0.0,7.107326075112233e-06,857.0,0.0
FL-2019-000011-IDN,FL_2019_000011_IDN,0.0,6.778330034013796e-05,284.0,0.0
FL-2003-000578-COL,FL_2003_000578_COL,0.0,3.207931237204182e-05,482.0,0.0
FL-2000-000476-NPL,FL_2000_000476_NPL,0.0,9.931673562169557e-07,1130.0,0.0
FF-2011-000049-IRQ,FF_2011_000049_IRQ,0.0,2.0364524499703547e-05,605.0,0.0
FL-2010-000219-PHL,FL_2010_000219_PHL,0.0,0.0001545739598182,140.0,0.0
FL-1999-000259-KHM,FL_1999_000259_KHM,0.0,2.9608233378557543e-05,504.0,0.0
FL-2021-000091-PHL,FL_2021_000091_PHL,0.0,1.6258448545493038e-05,671.0,0.0
FL-2017-000139-ETH,FL_2017_000139_ETH,0.0,5.831549618474346e-05,326.0,0.0
FL-1991-000010-PHL,FL_1991_000010_PHL,0.0,0.0001706836385004,127.0,0.0
FL-2015-000071-GEO,FL_2015_000071_GEO,0.0,4.585037862562496e-05,380.0,0.0
FL-2017-000130-GTM,FL_2017_000130_GTM,0.0,2.223257727462691e-06,1063.0,0.0
FL-2001-000571-PRK,FL_2001_000571_PRK,0.0,5.212201915949821e-06,910.0,0.0
FL-2019-000087-PAK,FL_2019_000087_PAK,0.0,7.90870704757225e-06,834.0,0.0
FL-2015-000176-BDI,FL_2015_000176_BDI,0.0,0.0001687812250325,130.0,0.0
FL-2022-000275-UGA,FL_2022_000275_UGA,0.0,9.081257095470388e-05,224.0,0.0
FL-2022-000365-PAN,FL_2022_000365_PAN,0.0,5.8212325575953165e-06,894.0,0.0
FL-2008-000018-ECU,FL_2008_000018_ECU,0.0,4.226721079832547e-06,952.0,0.0
FL-2006-000085-UKR,FL_2006_000085_UKR,0.0,1.6290503641312335e-06,1086.0,0.0
FL-2009-000117-GTM,FL_2009_000117_GTM,0.0,8.135031546665022e-06,830.0,0.0
FL-2003-000571-DOM,FL_2003_000571_DOM,0.0,1.8689673437508016e-05,628.0,0.0
