kg_event_id,original_id,kg_similarity_score,kg_likelihood,kg_prior,kg_bayesian_score
FL-2019-000032-BOL,FL-2019-000032-BOL,1.000000000000001,1.000000000000011,0.9989982238811052,0.9989982238811163
FL-2003-000621-BOL,FL-2003-000621-BOL,0.8079283467854435,0.11850275838787433,0.9320569428848113,0.11045131870641958
FL-2009-000045-BOL,FL-2009-000045-BOL,0.802300627237211,0.11050229994711433,0.8880873516614503,0.09813569491253198
FL-2010-000008-BOL,FL-2010-000008-BOL,0.7740699370131767,0.07723284062092677,0.9114041656623548,0.07039033266784939
FL-2011-000020-BOL,FL-2011-000020-BOL,0.7668666836726081,0.07033940716373378,0.9970007790304958,0.07012844373878582
Bolivia: Chapare River Floods - Jan 1987,Bolivia: Chapare River Floods - Jan 1987,0.7831703656311724,0.08680854128008303,0.7937364930631707,0.0689031071235826
FL-2002-000110-BOL,FL-2002-000110-BOL,0.7713707180622162,0.07458156397484937,0.9049212581915606,0.06749044271001506
FL-2015-000008-BOL,FL-2015-000008-BOL,0.7532864560624795,0.0588303713507101,1.106077830028409,0.06507096948335891
FL-2003-000012-BOL,FL-2003-000012-BOL,0.7577173151268983,0.06238384191166694,1.0019840207728257,0.06250761274990836
FL-2000-000130-BOL,FL-2000-000130-BOL,0.7624970217175324,0.0664326408297186,0.9399073873447525,0.062440529876673145
FL-2001-000029-BOL,FL-2001-000029-BOL,0.7543808824401512,0.05969070929211427,0.9901822298032961,0.05910467962540603
FL-2014-000008-BOL,FL-2014-000008-BOL,0.7519432743473506,0.05778974684510055,0.9806451897228388,0.05667123725894845
Bolivia: Landslides/Floods - Mar 1994,Bolivia: Landslides/Floods - Mar 1994,0.7670997354529152,0.07055346210388873,0.7919956578021904,0.05587803562919127
FL-2007-000231-BOL,FL-2007-000231-BOL,0.7452723321950603,0.05286277847533833,1.0056777966466628,0.053162922581698885
FL-1997-000022-BOL,FL-1997-000022-BOL,0.7509458037167047,0.05702771204159298,0.8860824734618276,0.05053125614168356
Bolivia: Floods - Jan 1986,Bolivia: Floods - Jan 1986,0.7324789778818936,0.04445817691262825,0.8841657020196967,0.03930839520046983
FL-2006-000010-BOL,FL-2006-000010-BOL,0.7350682530806406,0.046054986970006824,0.8447911998200817,0.03890684770009029
FL-2018-000015-BOL,FL-2018-000015-BOL,0.6986694222682024,0.02771515838616578,0.980600451614799,0.027177496830049847
FL-2012-000005-BOL,FL-2012-000005-BOL,0.6705204937089909,0.01837048241425567,1.0536838020167862,0.019356679755135425
FL-2007-000012-BOL,FL-2007-000012-BOL,0.6601555698993647,0.015720375622801045,1.019120716977021,0.016020960475857084
FL-2013-000020-BOL,FL-2013-000020-BOL,0.615805432835443,0.00784215028419633,1.2902239259175985,0.0101181299273116
FL-2024-000021-BOL,FL-2024-000021-BOL,0.5938181123495501,0.005451730778069263,0.9791674152328188,0.005338157134507284
FL-2019-000034-BOL,FL-2019-000034-BOL,0.5787637721625359,0.00421709500797592,1.2187179470762803,0.005139449370746043
FL-2010-000014-SLB,FL-2010-000014-SLB,0.564554671182345,0.0032889710555164885,1.2512366729504776,0.004115281200934871
FL-2025-000038-BOL,FL-2025-000038-BOL,0.5508457329363485,0.0025721713448538393,1.0525186156126618,0.0027072582230041214
FL-2002-000445-VEN,FL-2002-000445-VEN,0.5491033263817913,0.0024919581589192136,1.0122910677483703,0.002522586985476594
FL-2024-000118-PAK,FL-2024-000118-PAK,0.5387715285145092,0.0020608499536266603,1.0477381195692326,0.0021592310551271374
FL-2012-000009-FJI,FL-2012-000009-FJI,0.532489874717216,0.0018327935208362772,1.0988887127745661,0.0020140361128933417
FL-1998-000080-ARG,FL-1998-000080-ARG,0.5416437486483638,0.0021733884324223874,0.9225861223252123,0.0020051380061750423
FL-1997-000530-PER,FL-1997-000530-PER,0.5347264555405382,0.0019112465439562194,1.015600331174714,0.001941062622998464
FL-2010-000072-RUS,FL-2010-000072-RUS,0.5220213520262236,0.0015027359333226224,1.2712126327447877,0.0019102969021192464
Namibia: Floods - Mar 2004,Namibia: Floods - Mar 2004,0.5304319096136544,0.0017631790778842105,1.0587882424363562,0.0018668332769735784
FL-2004-000116-CAF,FL-2004-000116-CAF,0.541238156769432,0.002157168468176688,0.8356212418186781,0.0018025757941898997
FL-2000-000408-VNM,FL-2000-000408-VNM,0.5245796976808945,0.001578028290439336,1.1142401773728954,0.0017583025222385725
India: Floods - Aug 2003,India: Floods - Aug 2003,0.5618513788650696,0.003134833724325546,0.512689258225858,0.0016071955767858678
FL-2012-000051-TJK,FL-2012-000051-TJK,0.5102521653382729,0.0011963233072451267,1.2564153914667016,0.001503079016393125
FL-2009-000164-SEN,FL-2009-000164-SEN,0.5189154087266273,0.0014156818648569198,1.0544185483611912,0.0014927212168836974
FL-2007-000206-COG,FL-2007-000206-COG,0.5244206806624172,0.0015732512978389047,0.9410945726804741,0.0014805782578587053
Cameroon: Floods - Sep 1994,name=Cameroon: Floods - Sep 1994,0.5233407803929738,0.0015411530736766557,0.9258215052048269,0.0014268326584223668
FL-2005-000070-YEM,FL-2005-000070-YEM,0.5179056463768756,0.0013883739570830056,1.0139259017870548,0.0014077083164530481
FL-1997-000295-COD,FL-1997-000295-COD,0.5150709399781732,0.0013142272840708986,1.0129914858035072,0.0013313010491744874
FL-2002-000026-SEN,FL-2002-000026-SEN,0.5127923949742446,0.001257232956987059,1.0546693276059735,0.0013259650373896115
India: Floods - Aug 1988,India: Floods - Aug 1988,0.5243237189352301,0.0015703448848979353,0.8427786995223563,0.001323453219895866
Guyana: Floods - Jul 1996,Guyana: Floods - Jul 1996,0.5154129312578396,0.0013229794679620978,0.975512874914735,0.0012905835042448727
Peru: Floods - Mar 1986,Peru: Floods - Mar 1986,0.5063281725614404,0.0011074418362755907,1.083828272153741,0.0012002767719213395
Peru: Floods-Drought-Frost - Feb 2004,Peru: Floods-Drought-Frost - Feb 2004,0.5063162737361038,0.0011071816124864867,1.08397834468022,0.0012001608915634787
FL-2015-000018-PNG,FL-2015-000018-PNG,0.5111889644313005,0.0012184695959088186,0.9476670877822322,0.0011547035335061034
FL-1998-000255-TUR,FL-1998-000255-TUR,0.5035143395223771,0.0010474141407262848,1.1010714693094692,0.0011532778269050055
Papua New Guinea: Floods - Jun 1993,Papua New Guinea: Floods - Jun 1993,0.5134112846781723,0.0012724891895477982,0.9057511495213365,0.001152558546186392
FL-2007-000189-NIC,FL-2007-000189-NIC,0.5054218184453059,0.001087776969182192,1.0272245921975405,0.0011173912535700535
FL-2008-000185-SOM,FL-2008-000185-SOM,0.5044341493647928,0.0010667061505443458,1.0367109285362797,0.0011058659238061892
FL-2003-000020-MOZ,FL-2003-000020-MOZ,0.5073836970661728,0.0011307460682629363,0.9593256023439679,0.0010847536530344149
FL-2012-000140-MMR,FL-2012-000140-MMR,0.5041699544926985,0.001061132479174198,1.0027197916590813,0.001064018538440236
FL-2004-000031-CHN,FL-2004-000031-CHN,0.527014983408848,0.0016528354798944738,0.6434879492593721,0.0010635797134204252
FL-2019-000163-UGA,FL-2019-000163-UGA,0.5050863138879373,0.0010805777175414164,0.9750374650400142,0.0010536037584903072
FL-2000-000583-LAO,FL-2000-000583-LAO,0.4935905099866078,0.0008583571151313935,1.2022237305473946,0.0010319372930951633
FL-2002-000478-PRK,FL-2002-000478-PRK,0.5090437985714336,0.001168292288830687,0.874770461579816,0.0010219875847605599
FL-2013-000041-GHA,FL-2013-000041-GHA,0.5042939954576013,0.001063746076365784,0.9596316941627985,0.001020804449421927
FL-1998-000053-ZMB,FL-1998-000053-ZMB,0.5055141491534991,0.0010897657599008635,0.9365163542555616,0.0010205834564548984
FL-2021-000019-PER,FL-2021-000019-PER,0.4863494742510538,0.0007404308534793381,1.3456208053079868,0.0009963391613337469
FL-2007-000174-CAF,FL-2007-000174-CAF,0.5076327156417955,0.0011363079234951664,0.8591414557936258,0.0009762492436214692
FL-2006-000070-IND,FL-2006-000070-IND,0.5200739236741548,0.001447607383194811,0.6719340637740063,0.0009726967117393445
FL-2001-000227-RUS,FL-2001-000227-RUS,0.5067350911970074,0.00111637422393017,0.869164657517399,0.0009703130200035184
Brazil: Floods - Feb 1988,Brazil: Floods - Feb 1988,0.5063477590571641,0.0011078703070225599,0.8724712930664509,0.0009665850393178987
FL-2001-000117-PER,FL-2001-000117-PER,0.5037936917746597,0.0010532397759371217,0.8990840283213932,0.000946951060537869
Russian Federation: Floods - Apr 2004,Russian Federation: Floods - Apr 2004,0.5071150161024736,0.001124772541602259,0.8416206812536089,0.0009466318327186463
FL-2001-000571-PRK,FL-2001-000571-PRK,0.5016787493683746,0.0010098504217473676,0.9280032109549476,0.0009371444339657652
FL-1997-000140-AZE,FL-1997-000140-AZE,0.49751804394012805,0.0009291554170499298,0.9955723453086005,0.0009250414377085895
FF-2020-000138-TJK,FF-2020-000138-TJK,0.5007259474558177,0.000990834157490071,0.9245550834716685,0.0009160807571848129
FL-2003-000080-ARG,FL-2003-000080-ARG,0.5023420222032333,0.001023281435809608,0.8916407850854717,0.0009123994627886677
FL-2006-000115-HTI,FL-2006-000115-HTI,0.5013449790342815,0.001003151896258482,0.9014960977071197,0.0009043375198845189
FL-2005-000169-FJI,FL-2005-000169-FJI,0.48951195254323654,0.0007900107583106613,1.141883746425886,0.0009021004444165331
FL-2007-000141-NGA,FL-2007-000141-NGA,0.4960497201075799,0.0009020946126877737,0.9935717537773818,0.0008962957264013193
FL-1998-000179-RUS,FL-1998-000179-RUS,0.4928026092817867,0.0008447534742017127,1.0601281876011002,0.0008955469695751944
India-Manipur: Floods - Apr 2004,India-Manipur: Floods - Apr 2004,0.531255374502476,0.0017907434308754324,0.5,0.0008953717154377162
Russia: Floods - Jun 1993,Russia: Floods - Jun 1993,0.5025213168026837,0.0010269395767205853,0.820510219523839,0.0008426144175327257
FL-2009-000217-IND,FL-2009-000217-IND,0.508851905395829,0.0011638956652276983,0.7154666505101737,0.0008327285331437717
Pakistan: Floods - Aug 1996,Pakistan: Floods - Aug 1996,0.49337328471475417,0.0008545870258548228,0.9536055804790171,0.0008149389568601251
FL-2003-000455-NGA,FL-2003-000455-NGA,0.49033716815012135,0.0008034301872048355,1.0019534687985443,0.0008049996630073487
FL-2008-000054-THA,FL-2008-000054-THA,0.48080226847244745,0.0006601841303228094,1.2161844828708155,0.000802905695136165
FL-2011-000198-PER,FL-2011-000198-PER,0.48144845176836454,0.0006691106531488258,1.1989072405233858,0.0008022016067714591
FL-2009-000147-NIC,FL-2009-000147-NIC,0.4935596117809681,0.0008578199446562668,0.933638952160343,0.0008008941142711204
FL-2024-000145-SSD,FL-2024-000145-SSD,0.49395052864716027,0.000864638452428066,0.9086488837386558,0.000785652764636281
FL-2009-000208-AZE,FL-2009-000208-AZE,0.4917354980663653,0.0008266384624356516,0.9365765261408021,0.0007742101795223565
Venezuela: Floods - Jul 1996,Venezuela: Floods - Jul 1996,0.49458050763878125,0.0008757294600761266,0.8773624081052269,0.0007683321079410806
Afghanistan: Floods - Jun 1988,Afghanistan: Floods - Jun 1988,0.4897388370652566,0.0007936800358456448,0.9634656880384131,0.0007646834818183766
FL-1998-000112-TZA,FL-1998-000112-TZA,0.4963052530002249,0.0009067524106871353,0.840568897187044,0.0007621878738729789
FL-2007-000054-AFG,FL-2007-000054-AFG,0.4929749646090403,0.0008477126128527982,0.8959779952430994,0.0007595318474061398
FL-2003-000196-ARG,FL-2003-000196-ARG,0.4876978407625941,0.000761216735848972,0.9957341344638851,0.0007579694876100001
FL-2009-000032-SLB,FL-2009-000032-SLB,0.48051291494518616,0.000656221792425723,1.1239355242445161,0.0007375509842906811
FL-1997-000207-SYC,FL-1997-000207-SYC,0.4795572732014292,0.0006432870682130927,1.1353708825085123,0.0007303694063434126
Benin: Floods - Sep 1994,Benin: Floods - Sep 1994,0.4936087048840307,0.0008586735780753873,0.8448106334634848,0.000725416569432225
FL-2022-000382-ZAF,FL-2022-000382-ZAF,0.4900695110168508,0.0007990553126841402,0.904559089993309,0.0007227927464958848
Togo: Floods - Sep 1995,Togo: Floods - Sep 1995,0.48815032739565256,0.0007683088738007239,0.937832522926336,0.0007205450495032248
FL-2011-000002-BRA,FL-2011-000002-BRA,0.4921780509138211,0.0008341082577639323,0.861750148294607,0.0007187929148218251
FL-2001-000376-PAK,FL-2001-000376-PAK,0.4885439326952997,0.0007745264274536965,0.921151618596019,0.0007134562722943646
FL-2007-000022-ARG,FL-2007-000022-ARG,0.4912433701830902,0.000818402640428206,0.8666786317016433,0.0007092920805873295
FL-1997-000270-ETH,FL-1997-000270-ETH,0.4794181233740927,0.0006414229218572471,1.0963520332427232,0.0007032253245466812
FL-2006-000025-PNG,FL-2006-000025-PNG,0.4838493830237522,0.0007032373294052387,0.9790102886598242,0.0006884765808573865
FL-2010-000240-VEN,FL-2010-000240-VEN,0.4693033010291794,0.0005182461566761844,1.3225182541317935,0.0006853900023378993
FL-2003-000220-NAM,FL-2003-000220-NAM,0.48926402262487934,0.0007860185883983826,0.8693111681287405,0.0006832947372515017
1992-01-01T00:00:00+00:00,1992-01-01T00:00:00+00:00,0.480353607953755,0.0006540494285037214,1.040933530085597,0.0006808219804628461
FL-2006-000164-TZA,FL-2006-000164-TZA,0.47918242784480514,0.0006382764723383804,1.066054638511988,0.0006804375939893991
FL-2000-000444-IND,FL-2000-000444-IND,0.4975286832169705,0.000929354133321302,0.7306166341110584,0.0006790015887844095
FL-2009-000206-HTI,FL-2009-000206-HTI,0.48644858747269554,0.0007419411629842079,0.8977256390746227,0.0006660596046957669
Brazil: Floods - Dec 1989,Brazil: Floods - Dec 1989,0.4798787847392516,0.000647612918784777,1.0188400740791148,0.000659813994149274
FL-2008-000180-NIC,FL-2008-000180-NIC,0.4842835554361576,0.0007095732288762643,0.9285577138121239,0.000658879695187631
FL-2016-000085-MLI,FL-2016-000085-MLI,0.4816169306793888,0.0006714558413277444,0.9795200396753964,0.0006577044523376288
FL-2010-000150-MEX,FL-2010-000150-MEX,0.46794551514205873,0.0005034459979999249,1.2934881621677183,0.0006512014387036157
Pakistan: Floods - Jul 1993,Pakistan: Floods - Jul 1993,0.4773358922580947,0.0006141025693676178,1.0550156272267153,0.0006478878074029147
FL-2004-000055-TJK,FL-2004-000055-TJK,0.47094494117849106,0.0005366626382277369,1.196880781045007,0.0006423211975996878
FL-2006-000189-MYS,FL-2006-000189-MYS,0.4807548910158384,0.0006595338842366055,0.9652828195473719,0.0006366367273629406
FL-2013-000076-PRY,FL-2013-000076-PRY,0.4669274422513926,0.0004925995267693776,1.291359570120468,0.0006361231131304495
Tanzania: Floods - Feb 1993,Tanzania: Floods - Feb 1993,0.486156587774365,0.0007374995358593363,0.8543614220163771,0.0006300911521932006
FL-2006-000133-NER,FL-2006-000133-NER,0.48189324652703264,0.000675318114774255,0.9314416156120189,0.0006290193958773949
FL-2017-000107-NPL,FL-2017-000107-NPL,0.4704444016458451,0.0005309859715575184,1.179269398312985,0.0006261755071912705
FL-2000-000735-VEN,FL-2000-000735-VEN,0.47524796729546925,0.000587763590728732,1.0592626832599326,0.0006225960382378095
FL-2003-000316-IND,FL-2003-000316-IND,0.49651368749839,0.0009105677252842243,0.6806493039297219,0.0006197772883955776
FL-2014-000122-PAK,FL-2014-000122-PAK,0.4698262607915804,0.0005240501851269912,1.1660555615898873,0.0006110716329195381
FL-2019-000033-PRY,FL-2019-000033-PRY,0.48109248865347154,0.0006641799523847912,0.9195954025807005,0.0006107768306993226
FL-2007-000228-LKA,FL-2007-000228-LKA,0.4762402170803749,0.0006001511948012203,1.0154950674735044,0.0006094505780589695
FL-2013-000050-ETH,FL-2013-000050-ETH,0.46415461201472386,0.00046411617166448085,1.3053721958094802,0.000605844346116353
FL-1997-000199-BEN,FL-1997-000199-BEN,0.4801516164740536,0.0006513043112267835,0.9183529478927861,0.0005981272341903973
FL-2001-000521-TCD,FL-2001-000521-TCD,0.4742987076364482,0.0005761285708868674,1.0298042380611858,0.0005932996439674303
FL-2024-000036-BRA,FL-2024-000036-BRA,0.47741206424011384,0.000615083241797466,0.952179776292138,0.0005856698235757543
FL-2020-000198-SEN,FL-2020-000198-SEN,0.4669682061197225,0.0004930297467781434,1.1855921930050197,0.0005845322186994086
FL-2007-000159-RWA,FL-2007-000159-RWA,0.47562186456413424,0.0005924041759936176,0.9770683724629499,0.0005788193840783389
FL-2004-000094-CHN,FL-2004-000094-CHN,0.4928238826321423,0.0008451182090390553,0.6825809586803848,0.0005768615973241282
FL-2007-000076-KEN,FL-2007-000076-KEN,0.47603106205626167,0.0005975206556736319,0.9420505534012065,0.0005628946643459966
Thailand: Floods - Oct 1995,Thailand: Floods - Oct 1995,0.45978715912380613,0.0004222487589843778,1.3030110983590828,0.0005501948192249938
FL-2008-000201-YEM,FL-2008-000201-YEM,0.46916590268942876,0.0005167308802515362,1.0616963805348374,0.0005486113052736365
FL-2009-000203-USA,FL-2009-000203-USA,0.46863065611256427,0.0005108659432939684,1.0672358252351861,0.0005452144365758902
FL-2009-000100-DOM,FL-2009-000100-DOM,0.4743378374124192,0.0005766040550658271,0.9379811605173907,0.000540843740729678
FL-2012-000083-HND,FL-2012-000083-HND,0.45739376289916345,0.00040077662340089713,1.3246832560031157,0.0005309020824166349
FL-2004-000020-KEN,FL-2004-000020-KEN,0.46919427160222466,0.000517043415382101,1.0260180821960077,0.0005304958934624171
FL-2008-000011-TZA,FL-2008-000011-TZA,0.4743653176779095,0.0005769381916832419,0.9097876410731471,0.0005248912364565039
Cuba: Floods - May 1994,Cuba: Floods - May 1994,0.4751667715431427,0.000586760172812956,0.8829805422163315,0.0005180978155413322
Ethiopia: Floods - Aug 1996,Ethiopia: Floods - Aug 1996,0.4753002430843708,0.000588410432394795,0.8753110496380971,0.0005150421531974947
FL-2018-000360-RUS,FL-2018-000360-RUS,0.4628657756435864,0.00045138871972221335,1.1355339540901048,0.000512567217737835
FL-2009-000010-FJI,FL-2009-000010-FJI,0.4659072310508717,0.0004819417042696687,1.0467452570561262,0.000504470193121822
Viet Nam: Floods - Oct 1992,name=Viet Nam: Floods - Oct 1992,0.4665741702738327,0.0004888852383248387,1.0249575418914962,0.000501086612140465
FL-2008-000234-BRA,FL-2008-000234-BRA,0.46831146200748197,0.000507396974723374,0.9860207753496221,0.0005003039584267938
FL-2009-000127-BEN,FL-2009-000127-BEN,0.4661851153663091,0.00048482391024468546,1.0221105165631266,0.0004955436173423504
Peru: Floods - Feb 1987,Peru: Floods - Feb 1987,0.4722608925656619,0.0005518484612284534,0.8908312469140471,0.0004916038528237414
India: Floods - Nov 1992,India: Floods - Nov 1992,0.49738770012180944,0.0009267240080944564,0.5284357881003552,0.000489714131568914
FL-2003-000037-MDG,FL-2003-000037-MDG,0.4567562605647366,0.0003952256183096684,1.2347603990507627,0.0004880089421791306
Venezuela: Floods - Aug 1988,Venezuela: Floods - Aug 1988,0.4734812474487806,0.000566275577272427,0.8558233169940771,0.0004846318428740243
FL-2012-000075-VEN,FL-2012-000075-VEN,0.4628803164647032,0.00045153054249067847,1.068528235373372,0.00048247313378474606
Benin: Floods - Sep 1988,Benin: Floods - Sep 1988,0.4677792822078038,0.0005016604130244731,0.9477795775541555,0.00047546349433197837
FL-2021-000043-YEM,FL-2021-000043-YEM,0.4655525171641195,0.00047828503387582164,0.9940613442321855,0.00047544466370073564
FL-2009-000226-PRY,FL-2009-000226-PRY,0.47163697244363195,0.0005446009926315985,0.8690624710349184,0.00047329228438448633
FL-2021-000068-SUR,FL-2021-000068-SUR,0.46121484897204545,0.00043554477799525085,1.0828851876395205,0.0004716449886448005
FL-2005-000064-ETH,FL-2005-000064-ETH,0.46898823482240787,0.0005147774095644096,0.9153081224890242,0.00047117994424816323
FL-2008-000031-PER,FL-2008-000031-PER,0.46599610741906705,0.0004828618448700085,0.9634315068788812,0.0004652043148174289
FL-2009-000248-URY,FL-2009-000248-URY,0.46603998084415227,0.000483316650829608,0.9530636879457565,0.0004606315496852577
FL-1999-000259-KHM,FL-1999-000259-KHM,0.45237622231807273,0.00035892003034087086,1.280488038773529,0.0004595928057277172
FL-2010-000003-KEN,FL-2010-000003-KEN,0.4651247217207615,0.00047390820941426175,0.9550122542299223,0.0004525881473707802
FL-2002-000732-IDN,FL-2002-000732-IDN,0.46640015545840185,0.000487064935346606,0.9190515020515428,0.00044763776042693585
FL-2013-000011-ZWE,FL-2013-000011-ZWE,0.45623986944459205,0.0003907800130082265,1.135178854405228,0.00044360520749113866
FL-2003-000227-CHN,FL-2003-000227-CHN,0.4810512062916241,0.0006636102421406174,0.667747313747308,0.00044312395656459784
FL-2021-000001-MYS,FL-2021-000001-MYS,0.45676508834841095,0.00039530201068828304,1.117116405697843,0.0004415983613452251
FL-2009-000218-KEN,FL-2009-000218-KEN,0.4619536705348785,0.00044257229356903737,0.985242574761118,0.00043604106603389176
FL-2018-000046-RUS,FL-2018-000046-RUS,0.4495171388533549,0.0003368701643247094,1.2878965212237008,0.0004338539127378497
FL-2020-000019-MDG,FL-2020-000019-MDG,0.4590186061621913,0.000415243553314521,1.043786590716556,0.0004334256528311923
FL-1999-000548-YEM,FL-1999-000548-YEM,0.4665228482744385,0.0004883477428183444,0.8676218575905326,0.0004237011757741956
FL-2014-000155-HTI,FL-2014-000155-HTI,0.4614300612930107,0.00043758139219111794,0.9609684498537625,0.0004205019121387499
FL-2023-000198-TCD,FL-2023-000198-TCD,0.45795541331122275,0.00040572518793397606,1.0338289067088517,0.0004194504274660259
FF-2007-000070-CHN,FF-2007-000070-CHN,0.4779684265598909,0.0006222889526839132,0.6717253779144738,0.00041800728191360376
FL-2019-000087-PAK,FL-2019-000087-PAK,0.4551679565772155,0.000381695293709909,1.0947940580011841,0.00041787773952062517
FL-2009-000183-NGA,FL-2009-000183-NGA,0.46071449002159093,0.0004308426768095294,0.9656932233895635,0.0004160618533419824
Yemen: Floods - Feb 1993,Yemen: Floods - Feb 1993,0.4632896116088674,0.0004555390594982724,0.9108992485616124,0.00041495018698744
FL-2011-000021-MYS,FL-2011-000021-MYS,0.4616218118261804,0.0004394031968800721,0.9410695768598368,0.000413508980558789
FL-2014-000038-ZAF,FL-2014-000038-ZAF,0.4561769676010109,0.00039024157828990993,1.0594723567177176,0.00041345016464005256
FL-2015-000093-GUY,FL-2015-000093-GUY,0.4571698525844787,0.00039881899738235954,1.034221533733351,0.00041246719515478114
FL-2019-000181-IDN,FL-2019-000181-IDN,0.4564430892728367,0.00039252413095897185,1.0475272120348138,0.00041117970855983994
FL-2010-000118-GHA,FL-2010-000118-GHA,0.4520941180359118,0.0003566880560192668,1.1468698410721812,0.0004090747741191617
1996-10-01T00:00:00+00:00,1996-10-01T00:00:00+00:00,0.46388923164539736,0.0004614694046938165,0.8851967262744405,0.00040849120631078126
FL-2017-000091-MMR,FL-2017-000091-MMR,0.45118535923863207,0.0003495827427631496,1.1626994974476923,0.00040645967932709996
FL-2005-000139-SLE,FL-2005-000139-SLE,0.45604147416097945,0.000389084032835378,1.0426506939426599,0.00040567873683781556
FL-2012-000164-CAF,FL-2012-000164-CAF,0.45231374490374954,0.0003584246359571699,1.1283063800150515,0.000404412803505047
FL-2003-000028-BRA,FL-2003-000028-BRA,0.4643899143670818,0.00046647437500814523,0.8631256388343357,0.0004026259929287528
FL-2020-000029-TZA,FL-2020-000029-TZA,0.4553689834144542,0.00038338442131362213,1.0495762709803076,0.0004023911912742947
FL-2009-000170-MRT,FL-2009-000170-MRT,0.4581826156764748,0.0004077425851069287,0.9832646092321282,0.000400918853612462
FL-2013-000054-CHN,FL-2013-000054-CHN,0.45346817657005417,0.0003676784244855863,1.0900862918708407,0.0004008012103484057
FL-1999-000265-TCD,FL-1999-000265-TCD,0.4507915577042334,0.00034654348701431504,1.1454311201477374,0.0003969416945107098
Haiti: Floods - Feb 1996,Haiti: Floods - Feb 1996,0.4571721023699152,0.00039883862415864577,0.994604051610094,0.0003966865115267846
FL-2020-000195-CMR,FL-2020-000195-CMR,0.4617413399156867,0.0004405422735541956,0.8859055483526522,0.00039027884442555377
FL-2006-000178-JAM,FL-2006-000178-JAM,0.45101484230265654,0.0003482638058489761,1.1200515235065662,0.0003900734063233407
FL-2004-000051-NPL,FL-2004-000051-NPL,0.46554713541105774,0.0004782297473516288,0.8123157064849782,0.000388473535082071
FL-1999-000574-VNM,FL-1999-000574-VNM,0.45083158525996825,0.0003468513195902534,1.114647519535003,0.00038661696302871856
FL-2001-000320-TLS,FL-2001-000320-TLS,0.4576867013105156,0.0004033508125154282,0.9542028064575442,0.00038487847728915233
FL-2009-000186-TCD,FL-2009-000186-TCD,0.4576979607701966,0.0004034500510336674,0.9539321905487659,0.00038486399095955773
India: Floods - Oct 1996,India: Floods - Oct 1996,0.479983835426574,0.0006490320113134076,0.5918800598424082,0.0003841491056958182
FL-2014-000168-MYS,FL-2014-000168-MYS,0.4527833830817564,0.0003621636019747256,1.0559033797109114,0.00038240977133339007
FL-2005-000153-THA,FL-2005-000153-THA,0.4463787057897995,0.0003140759534413754,1.2142364677237614,0.0003813624763036282
FL-1999-000371-IND,FL-1999-000371-IND,0.4701955725376672,0.0005281841371449269,0.709212471829804,0.0003745947774858458
FL-2007-000138-UGA,FL-2007-000138-UGA,0.45249347491598624,0.0003598514105418986,1.0368375020093747,0.00037310743760081216
FL-2006-000169-SOM,FL-2006-000169-SOM,0.45659322726101426,0.00039381717477529556,0.9442290549591343,0.0003718536187647536
FL-2010-000046-MOZ,FL-2010-000046-MOZ,0.44341113042465885,0.00029380954793149333,1.2621415706580152,0.0003708292443005764
FL-2005-000150-NGA,FL-2005-000150-NGA,0.4527855932235855,0.0003621812804173936,1.0189791202777432,0.0003690551625007824
FL-2013-000125-BFA,FL-2013-000125-BFA,0.4469137060247894,0.00031786062925373115,1.1601880124394874,0.00036877809168665116
Paraguay: Floods - Mar 1995,name=Paraguay: Floods - Mar 1995,0.4524989561229297,0.0003598950029400116,1.019170735987299,0.00036679445502452277
FL-2002-000265-KEN,FL-2002-000265-KEN,0.45678534029776363,0.0003954773137921581,0.9272835596446518,0.0003667196112918973
FL-2019-000093-NGA,FL-2019-000093-NGA,0.43532682735085587,0.00024442989270939436,1.4999999960810835,0.00036664483810619117
FL-2007-000209-PNG,FL-2007-000209-PNG,0.4453150536990579,0.0003066717456603132,1.1865949732954428,0.00036389515185226615
FL-2000-000083-ZWE,FL-2000-000083-ZWE,0.45407033855785,0.00037259011796873256,0.9759490430199813,0.0003636289690702865
FL-2007-000130-CIV,FL-2007-000130-CIV,0.4444294395825302,0.00030062714642469494,1.2043864430014575,0.00036207125955211667
Togo: Floods - Oct 1995,Togo: Floods - Oct 1995,0.4620276953926929,0.0004432819964525789,0.8151788237675379,0.00036135409646553915
Nigeria: Floods - Sep 1994,Nigeria: Floods - Sep 1994,0.4540068329743459,0.0003720693469628925,0.9617582522941903,0.00035784076486727217
FL-1998-000272-PRK,FL-1998-000272-PRK,0.45799563150759304,0.0004060816415303726,0.8775464676728586,0.0003563555101117745
FL-2009-000265-MAR,FL-2009-000265-MAR,0.4496209620623558,0.00033764902928804387,1.0552948747389153,0.0003563192900682426
Gabon: Inondations - Nov 1988,Gabon: Inondations - Nov 1988,0.45960105341587504,0.0004205427538723699,0.8449363174492606,0.000355331845786891
FL-2006-000009-GUY,FL-2006-000009-GUY,0.4532064494304606,0.00036556180695611616,0.9682281522146716,0.00035394723286937685
FL-2010-000062-COD,FL-2010-000062-COD,0.4554821529836475,0.00038433828523526755,0.9191259563061089,0.0003532552939619154
FL-2020-000185-PAK,FL-2020-000185-PAK,0.4463552294195815,0.00031391081073927794,1.124816762154381,0.0003530921417410113
FL-2008-000213-PER,FL-2008-000213-PER,0.45876827999035386,0.0004129845684751495,0.8529320322371361,0.00035224776727208596
FL-2007-000077-CHN,FL-2007-000077-CHN,0.4755146493835156,0.0005910701260860712,0.5852259909488726,0.00034590960025899614
FL-2002-000325-JAM,FL-2002-000325-JAM,0.448675984451822,0.0003306193318042645,1.041282547868147,0.00034426814019560876
Viet Nam: Floods - Oct 1996,Viet Nam: Floods - Oct 1996,0.4409872191834523,0.0002781378082451339,1.2349455247629835,0.0003434850415597129
FL-2023-000249-AGO,FL-2023-000249-AGO,0.4475811566299501,0.00032263980198751914,1.0611307451784342,0.00034236301350723866
Indonesia: Floods and Landslides - Feb 1990,Indonesia: Floods and Landslides - Feb 1990,0.44489922593169107,0.0003038200992777379,1.126768567319263,0.00034233493798597293
FL-2010-000153-PRK,FL-2010-000153-PRK,0.4397974138616284,0.0002707239715343671,1.2596250358956325,0.00034101069236178535
ST-2011-000073-CAF,ST-2011-000073-CAF,0.4437421802021776,0.00029601050799896525,1.1452772355910454,0.00033901409630695596
FL-2008-000182-RWA,FL-2008-000182-RWA,0.45016205740311915,0.00034173453530930215,0.99098155542331,0.0003386526213426743
FL-2009-000080-AFG,FL-2009-000080-AFG,0.45241426876211743,0.0003592220090817407,0.9418755588090846,0.0003383424305403866
FL-2010-000208-RUS,FL-2010-000208-RUS,0.4373100965873835,0.00025579676292495593,1.3220723863339372,0.00033818183677669286
Nepal: Floods - Jul 1996,Nepal: Floods - Jul 1996,0.4643417077996988,0.0004659903716688214,0.7248329870558342,0.0003377651930359702
FL-2006-000156-TUR,FL-2006-000156-TUR,0.44533596618757354,0.0003068157925493577,1.1004723456560104,0.00033764229491109953
FF-2023-000044-SOM,FF-2023-000044-SOM,0.4484327151131292,0.00032883110166399224,1.022945092337183,0.00033637616165501017
FL-2015-000176-BDI,FL-2015-000176-BDI,0.4492039029046345,0.00033453010719697025,1.0012036912755304,0.0003349327781684055
FL-1999-000428-VNM,FL-1999-000428-VNM,0.4512742197608038,0.0003502718531275922,0.9536527315229473,0.0003340377095107329
FL-2006-000065-TZA,FL-2006-000065-TZA,0.4529800102399174,0.00036373942219251816,0.9152295890668976,0.0003329050819006892
FL-2011-000156-HTI,FL-2011-000156-HTI,0.45077373807399196,0.0003464065239693735,0.9608791245942916,0.0003328547975054431
FL-2002-000482-RUS,FL-2002-000482-RUS,0.44950852419755194,0.00033680561127410666,0.9807160860179978,0.0003303106808376411
FL-2007-000123-NGA,FL-2007-000123-NGA,0.44916012313207954,0.00033420421442569535,0.9859595032476032,0.000329511821238414
FL-2008-000191-HND,FL-2008-000191-HND,0.4466886441237813,0.0003162635330657519,1.037013685075033,0.000327969611879365
FF-2021-000198-COG,FF-2021-000198-COG,0.44480331887830094,0.0003031657883965032,1.0782758332205882,0.000326896343087216
FL-2005-000081-CHN,FL-2005-000081-CHN,0.46840516569005347,0.000508413131728821,0.642825460215653,0.0003268209053832608
FL-2019-000135-GHA,FL-2019-000135-GHA,0.44709948895902657,0.00031918445688118927,1.0216323108198488,0.0003260891542613078
Russia: Floods - Sep 1994,Russia: Floods - Sep 1994,0.4551289056337111,0.0003813679462378832,0.8535275801300156,0.0003255080602915744
FL-2000-000258-IDN,FL-2000-000258-IDN,0.45633652203823744,0.0003916086544969459,0.8250221660756472,0.00032308582038704
FL-2007-000154-MEX,FL-2007-000154-MEX,0.445623614455125,0.00030880332562667446,1.041257826944866,0.0003215438797953789
FL-2017-000064-IND,FL-2017-000064-IND,0.4471684864224898,0.00031967737218469076,1.0042415418757316,0.00032103329714553596
FL-2006-000172-COG,FL-2006-000172-COG,0.4453772757001648,0.0003071005147296596,1.0447518399142948,0.00032084382780243886
FL-2024-000223-LBY,FL-2024-000223-LBY,0.44842709185217466,0.00032878986919605455,0.9752075934483906,0.00032063837708889547
Afghanistan: Floods - May 1996,Afghanistan: Floods - May 1996,0.43310272685762924,0.00023222511199354274,1.3761994142384775,0.00031958806309697837
Zambia: Floods - Apr 2004,Zambia: Floods - Apr 2004,0.4554712365934882,0.00038424618208298913,0.8301170229297365,0.0003189692967428484
FL-2000-000806-FJI,FL-2000-000806-FJI,0.4435409452843657,0.0002946708509094658,1.0809688363767913,0.0003185300068217642
Haiti: Floods - Nov 1986,Haiti: Floods - Nov 1986,0.4631712782550574,0.0004543768588537063,0.6982374406228651,0.0003172629350042687
FL-2020-000172-MMR,FL-2020-000172-MMR,0.4572171538414821,0.00039923182918826455,0.7811222104463353,0.000311848848896071
FL-2006-000050-ARG,FL-2006-000050-ARG,0.44767716672433955,0.00032333256118790725,0.9631552235503491,0.00031141944525204574
FL-2010-000141-PAK,FL-2010-000141-PAK,0.4425150704844698,0.00028792585029806304,1.0692104601626595,0.000307853330889917
FL-2009-000187-CIV,FL-2009-000187-CIV,0.4394274730910367,0.0002684553455015603,1.1423006536672147,0.0003066567166468903
FL-2007-000145-ETH,FL-2007-000145-ETH,0.44197251899627843,0.0002844151104301163,1.074582595415157,0.0003056275275412829
FL-2023-000168-LBY,FL-2023-000168-LBY,0.4386139720895267,0.00026352669812322913,1.1504384598927777,0.00030317124872951667
FL-2008-000246-GUY,FL-2008-000246-GUY,0.4449547696371091,0.00030419961843385817,0.9929554839580661,0.00030205667934185066
FL-2005-000184-VNM,FL-2005-000184-VNM,0.43904913086368513,0.0002661529092284938,1.1335707457861832,0.00030170315180730605
Brazil: Floods - Jan 1985,Brazil: Floods - Jan 1985,0.43893421455077974,0.000265457103000603,1.1328349068786117,0.0003007190725579541
FL-2000-000012-MOZ,FL-2000-000012-MOZ,0.43910162051036433,0.000266471274291278,1.1277962370993517,0.0003005253004407726
FL-2020-000011-MOZ,FL-2020-000011-MOZ,0.4431467922793358,0.00029206270290449,1.0218255119837183,0.0002984371209267291
FL-2013-000123-CMR,FL-2013-000123-CMR,0.4479854946372643,0.0003255663583055058,0.9165585894511755,0.0002984006421412504
FL-2025-000045-COD,FL-2025-000045-COD,0.4374094627379643,0.0002563785822092427,1.1530761769304614,0.00029562403542068556
FL-2024-000008-ZAF,FL-2024-000008-ZAF,0.437743176015086,0.0002583413030868441,1.1347418062917907,0.0002931506769045404
FL-2005-000104-IND,FL-2005-000104-IND,0.46551169890155025,0.0004778658531704049,0.6116122238015762,0.0002922685971363888
FL-2009-000261-PER,FL-2009-000261-PER,0.446857800808818,0.00031746323559082515,0.9204310126131963,0.0002922030074023249
FL-2009-000117-GTM,FL-2009-000117-GTM,0.44415016687272235,0.0002987433840092125,0.9753116506378312,0.0002913679029751565
FL-2015-000085-VEN,FL-2015-000085-VEN,0.4373479804818555,0.0002560184444324234,1.1268991625176379,0.00028850697061996635
FL-2010-000151-COD,FL-2010-000151-COD,0.43960774017873827,0.0002695586697325497,1.0701901252471506,0.00028847902652253267
1996-07-01-CO-Flood,1996-07-01-CO-Flood,0.4539940736953904,0.0003719647948744912,0.7739776904641869,0.00028789245287094375
FL-2017-000017-PAK,FL-2017-000017-PAK,0.43579200445888616,0.0002470543921292941,1.1625966759620305,0.0002872246150713374
FL-2007-000132-BFA,FL-2007-000132-BFA,0.43883341679471394,0.00026484813141758714,1.0755363901814037,0.00028485380321116165
FL-2018-000029-RWA,FL-2018-000029-RWA,0.4347104352863043,0.00024099090697988064,1.1779991519684878,0.0002838870840544161
FL-2005-000002-GUY,FL-2005-000002-GUY,0.4399872743144517,0.0002718949593793473,1.0423752684972483,0.0002834165812860955
China: Floods - Aug 1985,China: Floods - Aug 1985,0.47241590560462005,0.0005536625045336996,0.5116338983381565,0.00028327250555824397
FL-2019-000116-ETH,FL-2019-000116-ETH,0.42930324856328134,0.0002126384256970352,1.3310225871226296,0.00028302654749295085
FL-2001-000236-URY,FL-2001-000236-URY,0.43998341504882055,0.0002718711115656299,1.0394922336938253,0.00028260790903817984
FL-2013-000157-BRA,FL-2013-000157-BRA,0.44197307232183214,0.00028441867117265824,0.991056400942879,0.00028187494461333085
Guinea: Floods - Aug 1993,Guinea: Floods - Aug 1993,0.44627915167589866,0.0003133761845942651,0.8923188026319167,0.0002796314618105131
FL-2002-000374-IND,FL-2002-000374-IND,0.46479048519261246,0.00047051371755182003,0.5937469444772157,0.00027936608213100883
FL-1999-000350-CRI,FL-1999-000350-CRI,0.45415410478414225,0.0003732780376082402,0.7458703171652188,0.0002784170083016686
FL-2014-000121-CMR,FL-2014-000121-CMR,0.44125855633019095,0.00027985392200387504,0.9936971551564651,0.0002780900461546299
FL-2014-000014-SYC,FL-2014-000014-SYC,0.43790959300931936,0.00025932512214009977,1.0720586098274476,0.0002780117299348484
FL-2008-000091-SOM,FL-2008-000091-SOM,0.44139636514685626,0.000280729159053132,0.9854190784086135,0.00027663586919656245
FL-2013-000104-MLI,FL-2013-000104-MLI,0.4406735309949378,0.0002761656469534443,0.9989817011392044,0.0002758844277897607
FL-2012-000003-BRA,FL-2012-000003-BRA,0.4427289247795293,0.0002893203397265605,0.950877679977288,0.00027510825340943263
FL-2003-000578-COL,FL-2003-000578-COL,0.4544522024533867,0.0003757354096072322,0.7317903843038479,0.0002749595597930402
FL-1998-000040-URY,FL-1998-000040-URY,0.4391397089450344,0.00026670250633160073,1.0305409604819116,0.0002748478570379009
FL-2016-000045-ETH,FL-2016-000045-ETH,0.4399629171020331,0.0002717444788059083,1.0095022581351816,0.0002743266649903324
FL-2011-000051-RWA,FL-2011-000051-RWA,0.43453830989653325,0.00024003839196164867,1.132758005030825,0.00027190541000928436
FL-2014-000073-RUS,FL-2014-000073-RUS,0.4300244802219567,0.00021623789044490605,1.256795117141143,0.00027176672485205934
FL-2021-000049-RWA,FL-2021-000049-RWA,0.42857542960141637,0.0002090608401967443,1.2970626710434043,0.0002711650117961675
FL-2009-000031-DOM,FL-2009-000031-DOM,0.4416676213327412,0.00028245913371958156,0.9531752822708737,0.0002692330645131486
Mali: Floods - Sep 1989,Mali: Floods - Sep 1989,0.4405252047712742,0.0002752375081814722,0.9644742111394081,0.0002654594785793018
Algeria: Floods - Jan 1985,Algeria: Floods - Jan 1985,0.42835522682970695,0.0002079891622764528,1.2746999404289316,0.0002651237727636578
FL-2007-000149-CMR,FL-2007-000149-CMR,0.4372969999343226,0.0002557201667054737,1.035118095353682,0.00026470057190369604
FL-2006-000057-SUR,FL-2006-000057-SUR,0.43517341153789235,0.00024356984928766134,1.0860789103745403,0.0002645360765144342
Pakistan: Floods - Feb 1991,Pakistan: Floods - Feb 1991,0.4537729562063838,0.00037015710848465976,0.7112268098685628,0.00026326565941771606
FL-2007-000126-PRK,FL-2007-000126-PRK,0.44336889050517836,0.00029352978109504336,0.8947450500988214,0.00026263431869138066
Paraguay: Floods - Feb 1990,name=Paraguay: Floods - Feb 1990,0.43012424801544935,0.000216740097073242,1.2090275213437827,0.00026204474234027265
FL-2006-000130-KHM,FL-2006-000130-KHM,0.44953549705211515,0.0003370077667779476,0.7719896247006457,0.0002601664993961105
FL-2024-000218-MYS,FL-2024-000218-MYS,0.43841091876870697,0.00026230925778267423,0.9835826898124584,0.0002580028453325923
Venezuela: Floods - Sep 1987,Venezuela: Floods - Sep 1987,0.4428337971473064,0.000290006404505057,0.8875286831351606,0.00025738900229113593
FL-2017-000139-ETH,FL-2017-000139-ETH,0.4277815047360146,0.00020522016755901011,1.2467115336640937,0.0002558503498362958
1985-06-01-ARG-Flood,1985-06-01-ARG-Flood,0.4419903345004146,0.00028452977633273215,0.8967196146811239,0.00025514343139839394
FL-2014-000005-IDN,FL-2014-000005-IDN,0.42595832820297097,0.00019663967081961427,1.2967973978194893,0.00025500181342695674
FL-2015-000169-KEN,FL-2015-000169-KEN,0.43495724186460705,0.00024236263228612527,1.0437478752458738,0.00025296548248764024
FL-2013-000028-NAM,FL-2013-000028-NAM,0.43482939508316026,0.0002416511984276828,1.0440048847146737,0.0002522850315556557
FL-2024-000055-SOM,FL-2024-000055-SOM,0.43287110799017003,0.00023098618054581306,1.0908371669471635,0.00025196831079054075
LS-2016-000051-IDN,LS-2016-000051-IDN,0.444006568981622,0.0002977789228065696,0.8456727764380267,0.00025182352841455655
FL-2000-000770-IDN,FL-2000-000770-IDN,0.4407145265797207,0.0002764226697185498,0.9023361566151682,0.00024942616939514024
FL-2010-000049-AGO,FL-2010-000049-AGO,0.4430533082323197,0.00029144716648104435,0.8544449470857646,0.00024902555874219194
FL-2010-000037-HTI,FL-2010-000037-HTI,0.4335627533269915,0.00023470354861030392,1.0604316168394865,0.0002488870635307896
FL-2006-000044-COL,FL-2006-000044-COL,0.44648078633775046,0.00031479494067662397,0.7903426324249347,0.00024879586208841417
FL-2000-000255-ARG,FL-2000-000255-ARG,0.43782366171546466,0.00025881669583070744,0.9596824343263637,0.0002483818366991193
Indonesia: Floods - May 1995,Indonesia: Floods - May 1995,0.4403552589122582,0.00027417753805893276,0.8969278164319343,0.00024591746052588214
FL-2012-000141-NER,FL-2012-000141-NER,0.44355052133937106,0.0002947344765673265,0.8342353499526158,0.0002458779192022447
FL-2014-000115-NER,FL-2014-000115-NER,0.43524377763147387,0.00024396398033318126,1.0075520123358044,0.0002458063993221494
FL-1999-000324-HND,FL-1999-000324-HND,0.43376966776730114,0.00023582606156748816,1.0408486923311688,0.00024545924780012976
FL-2007-000107-TLS,FL-2007-000107-TLS,0.4354256941035566,0.0002449855832995125,0.9959528083511522,0.00024399407969269462
FL-2001-000180-IRN,FL-2001-000180-IRN,0.4374240972510963,0.00025646437232094705,0.9510109146925885,0.00024390041730700443
FL-1999-000349-SLV,FL-1999-000349-SLV,0.4380677772090324,0.00026026339529828575,0.9369157213719175,0.0002438448667525979
FL-2020-000196-NGA,FL-2020-000196-NGA,0.4332875210811807,0.00023321786375163025,1.0372433952384017,0.00024190368882798794
FL-2011-000084-IND,FL-2011-000084-IND,0.44305989448579003,0.00029149049475079024,0.8290193075518719,0.00024165124811625268
FF-2008-000072-CHN,FF-2008-000072-CHN,0.45101377470988546,0.00034825556221869424,0.6928246734717287,0.00024128004617888013
FL-2020-000193-SSD,FL-2020-000193-SSD,0.4395458355494033,0.0002691793233790084,0.8956131601804282,0.00024108054446670313
FL-2005-000090-TJK,FL-2005-000090-TJK,0.4239087487927316,0.00018738024307018031,1.278206249426741,0.00023951059771140626
FL-2013-000023-ZMB,FL-2013-000023-ZMB,0.4302629839355209,0.00021744020453298374,1.0988875788119679,0.00023894233989562956
FL-1997-000299-PRY,FL-1997-000299-PRY,0.43054326976514634,0.00021886083280842314,1.0913298267640643,0.00023884935475425526
FL-2023-000176-IDN,FL-2023-000176-IDN,0.4362053121808851,0.0002494074958241562,0.9542932210618613,0.00023800788254700673
FL-2005-000168-NPL,FL-2005-000168-NPL,0.43838813534632753,0.0002621729722808172,0.9001866293184169,0.00023600460421585955
FL-2009-000166-SDN,FL-2009-000166-SDN,0.4327385033829271,0.00023027955813843717,1.0246063390097677,0.00023594589501301107
FL-2016-000061-RUS,FL-2016-000061-RUS,0.44192164841124876,0.0002840879210480877,0.8265337350740463,0.0002348082504732967
India: Floods - Aug 1989,India: Floods - Aug 1989,0.4322395462140127,0.00022763811771813608,1.0282737934207815,0.0002340743108331942
FL-2023-000155-KGZ,FL-2023-000155-KGZ,0.42196815713925784,0.0001789768217225539,1.3078043445548737,0.0002340666650233791
FL-2005-000094-AFG,FL-2005-000094-AFG,0.4289443918673212,0.00021086764178664865,1.1022905778568743,0.0002324374147163213
FL-1999-000235-IRN,FL-1999-000235-IRN,0.4352990569251097,0.0002442740104269655,0.9461301844417329,0.00023111501453958666
FL-2002-000376-RUS,FL-2002-000376-RUS,0.4348212340442067,0.00024160584826706533,0.9555833880945447,0.00023087453507049876
Brazil: Floods - Apr 1989,Brazil: Floods - Apr 1989,0.43205991531349985,0.00022669386228353551,1.0184196369495275,0.00023086948092548444
FL-1997-000137-CHL,FL-1997-000137-CHL,0.4360319067628185,0.00024841779384844864,0.9286157560049981,0.00023068467743967092
FL-1999-000413-CAF,FL-1999-000413-CAF,0.4382608673577455,0.00026141285428096155,0.8806575318255779,0.00023021519903855105
FL-2007-000165-BEN,FL-2007-000165-BEN,0.43353097261606127,0.00023453156460921757,0.9807232123464087,0.00023001054944018115
FL-2007-000151-TCD,FL-2007-000151-TCD,0.43899867832020156,0.00026584722249283106,0.8635836730404353,0.00022958132086795688
FL-2002-000296-PRY,FL-2002-000296-PRY,0.43581074910827555,0.00024716067779704143,0.9287123335884037,0.0002295411698481819
FL-2015-000161-ETH,FL-2015-000161-ETH,0.43930172881343976,0.0002676881361146225,0.8569191129543197,0.00022938708014773746
FL-2011-000135-THA,FL-2011-000135-THA,0.4255697869175833,0.00019485335097729653,1.1754815142398911,0.0002290465120615095
FL-2013-000038-KEN,FL-2013-000038-KEN,0.4240793703256326,0.00018813580835796032,1.2057564114452748,0.00022684595715005018
India: Floods - Oct 1988,India: Floods - Oct 1988,0.4342294384473766,0.00023833763728520332,0.9494561647783664,0.00022629113901914653
FL-2015-000092-BRA,FL-2015-000092-BRA,0.4321746186505122,0.00022729640900865451,0.9951769503164747,0.0002262001471351189
FL-2014-000150-SOM,FL-2014-000150-SOM,0.42479163010542903,0.00019131962027811198,1.18193675754845,0.00022612769164691236
FL-2002-000614-LAO,FL-2002-000614-LAO,0.4259408735650495,0.0001965591079759619,1.1496745971340228,0.00022597901327528686
FL-2021-000038-KEN,FL-2021-000038-KEN,0.4168367406841076,0.00015836525855583236,1.4217705075722322,0.00022515905403873356
FL-2006-000124-UGA,FL-2006-000124-UGA,0.4357557881816134,0.0002468491555724313,0.8965169259333157,0.0002213044461230309
FL-2011-000190-AGO,FL-2011-000190-AGO,0.4362491258903191,0.0002496581211078941,0.8834264830455577,0.0002205545958941088
Tanzania: Floods - Apr 1989,Tanzania: Floods - Apr 1989,0.43552416638886904,0.0002455401866743852,0.8981542921589569,0.00022053297255911057
1985-11-01T00:00:00+00:00,1985-11-01T00:00:00+00:00,0.4406106146340807,0.00027577160970743104,0.7962481269445691,0.00021958262769403072
FL-2009-000129-CAF,FL-2009-000129-CAF,0.4343351964200697,0.00023891875285859542,0.9175805861754851,0.00021922720929630585
1992-00001-AR,1992-00001-AR,0.427966586158376,0.00020610979170440465,1.0623696179080282,0.00021896478066011165
FL-2009-000268-AGO,FL-2009-000268-AGO,0.43763657831706637,0.00025771288825705884,0.8462892322451147,0.00021809964234273735
FL-2014-000030-PRY,FL-2014-000030-PRY,0.4367203897505411,0.0002523682341026518,0.8630646431827305,0.00021781009991646096
FL-2007-000227-ZWE,FL-2007-000227-ZWE,0.4326341216244134,0.0002297246985462206,0.9473870176389487,0.00021763819703371048
FL-2008-000207-SDN,FL-2008-000207-SDN,0.42020683951736765,0.00017164500491461323,1.2628396258514751,0.00021676011378564478
FL-2010-000125-IND,FL-2010-000125-IND,0.4362617660499132,0.00024973046807205565,0.8556559783131277,0.00021368336797279006
FL-2005-000020-COL,FL-2005-000020-COL,0.4386071700307773,0.0002634858330548959,0.8080937942240005,0.00021292126655760238
FL-2020-000050-AFG,FL-2020-000050-AFG,0.41797822503103393,0.00016275583737119048,1.297519598929159,0.0002111788888292465
FL-2019-000170-RWA,FL-2019-000170-RWA,0.41841442410083035,0.00016446234430334144,1.2803341263764025,0.00021056675191543378
SL-2002-000428-NPL,SL-2002-000428-NPL,0.43540339606582124,0.0002448601557195186,0.8588047616407877,0.00021028706766802732
FL-1999-000160-PER,FL-1999-000160-PER,0.43196117999691147,0.00022617634871089477,0.9293539712618099,0.00021019788787996597
FL-2013-000159-VCT,FL-2013-000159-VCT,0.4183337818472962,0.00016414564591606392,1.2772387598772803,0.00020965318122908864
FL-1997-000255-KEN,FL-1997-000255-KEN,0.43164732472300804,0.00022453835453509568,0.9285064149811921,0.0002084853025951576
FL-2009-000133-ZAF,FL-2009-000133-ZAF,0.42536452381955125,0.0001939155611023947,1.0731148513908544,0.00020809366853477045
FL-2004-000120-CRI,FL-2004-000120-CRI,0.4419219332729586,0.00028408975227780825,0.7305869676266675,0.0002075522706504551
FL-2013-000055-UGA,FL-2013-000055-UGA,0.42822008533261546,0.00020733390949487842,1.0009376405503114,0.0002075283141758754
FL-2007-000131-SEN,FL-2007-000131-SEN,0.42541470253124436,0.0001941444377364608,1.067501640440192,0.00020724950576601065
FL-2018-000077-CIV,FL-2018-000077-CIV,0.4203213281060567,0.00017211323874170208,1.2032024904610985,0.00020708707749534156
FL-2012-000173-SOM,FL-2012-000173-SOM,0.41705790299821355,0.00015920751082445513,1.2873846983559718,0.0002049613132987463
FL-2003-000481-HND,FL-2003-000481-HND,0.42773146850187593,0.00020498025439951348,0.9978785950240384,0.00020454540826785647
FL-2019-000083-NPL,FL-2019-000083-NPL,0.4235578682929354,0.0001858350115339327,1.0942813443525146,0.0002033557862491169
FL-2009-000176-MLI,FL-2009-000176-MLI,0.42809251297777706,0.00020671706210892155,0.9776318968582874,0.00020209319354251739
FL-2023-002018-MOZ,FL-2023-002018-MOZ,0.4469381395651251,0.0003180344518822546,0.635353035811216,0.0002020641544959466
FL-2013-000142-VNM,FL-2013-000142-VNM,0.42328094002026945,0.00018462356384953507,1.0905579261018445,0.00020134269090128044
FL-2007-000035-AFG,FL-2007-000035-AFG,0.42825060042492197,0.0002074817036506569,0.9702882879212498,0.00020131706701018
FL-2002-000373-GHA,FL-2002-000373-GHA,0.4371782294348214,0.0002550264752797781,0.7873144358723436,0.00020078602551741067
FL-2009-000132-GHA,FL-2009-000132-GHA,0.4266280595081409,0.0001997533897330241,1.00457015880135,0.00020066629444521198
India: Floods - Jun 1996,India: Floods - Jun 1996,0.4510712790571232,0.0003486998436101693,0.5746164560457379,0.00020036866835897852
FL-2019-000133-SOM,FL-2019-000133-SOM,0.4248085331591791,0.00019139576266701577,1.0457655373343704,0.00020015509258899337
FL-2017-000095-GHA,FL-2017-000095-GHA,0.4278820543031574,0.0002057030458114334,0.9719324461526762,0.00019992946449656247
Lao PDR: Floods - Sep 1995,Lao PDR: Floods - Sep 1995,0.419537100454654,0.00016892881026183863,1.1807652832898365,0.00019946527450463494
Paraguay: Floods - Jun 1995,Paraguay: Floods - Jun 1995,0.42539460209783875,0.00019405272586813606,1.0277326980250474,0.00019943433151557437
FL-2022-000213-IND,FL-2022-000213-IND,0.4226800041743976,0.0001820191283960821,1.0948177964063617,0.00019927778105440522
FL-2024-000216-DOM,FL-2024-000216-DOM,0.4228896374293792,0.0001829238916970155,1.0883570705604324,0.0001990865109028776
FL-2009-000135-MEX,FL-2009-000135-MEX,0.4318157478372474,0.00022541601361757686,0.8826021815410172,0.00019895266537315297
FL-2008-000099-NIC,FL-2008-000099-NIC,0.42042407269555315,0.00017253442052618713,1.1525087365452498,0.00019884742701120273
FL-2004-000028-DOM,FL-2004-000028-DOM,0.43026801722229224,0.0002174656423828768,0.9133490270228894,0.00019862203288130816
FL-2008-000230-CUB,FL-2008-000230-CUB,0.4263619923497803,0.00019851111539819925,0.998493550218185,0.0001982120683717198
FL-2006-000056-AFG,FL-2006-000056-AFG,0.42782427117265015,0.00020542542385474153,0.9546321476865294,0.00019610571356386752
FL-2001-000332-IND,FL-2001-000332-IND,0.4435784579145634,0.0002949201646811059,0.6620849087194431,0.00019526219031241313
Indonesia: Floods - Nov 1987,Indonesia: Floods - Nov 1987,0.42109553329580707,0.0001753098617859874,1.113651344896523,0.00019523406335158843
FL-2001-000453-IRN,FL-2001-000453-IRN,0.431535341327307,0.0002239565084000157,0.8717258436729041,0.00019522867623104152
FL-2005-000103-SLV,FL-2005-000103-SLV,0.4278328651416411,0.00020546669265209346,0.9499800804848453,0.0001951892652225907
FL-2013-000081-PRK,FL-2013-000081-PRK,0.4203630961591594,0.000172284347127537,1.132099170129612,0.00019504296640940664
Iran: Floods - Jul 1987,Iran: Floods - Jul 1987,0.4323181772538437,0.00022805256572463567,0.8532734221804965,0.00019459119319290247
FL-2007-000222-MYS,FL-2007-000222-MYS,0.4295774421739245,0.00021400044559551082,0.9073504280824132,0.0001941733959209139
FL-2023-000064-RWA,FL-2023-000064-RWA,0.4230040502682769,0.00018341939545593423,1.0562755799966463,0.00019374142831785117
FL-2017-000054-BFA,FL-2017-000054-BFA,0.41543252053762963,0.00015311047578082538,1.26465349431215,0.00019363169821201662
Iran: Floods - Dec 1991,Iran: Floods - Dec 1991,0.43865649372203697,0.00026378228677017965,0.7306781420678033,0.00019273995120763136
FL-2020-000237-LKA,FL-2020-000237-LKA,0.42170317240576416,0.0001778560658489538,1.0827634742900054,0.00019257605178216522
FL-2011-000164-CAF,FL-2011-000164-CAF,0.4285973909318911,0.00020916799316758738,0.9191458685754219,0.00019225589675820001
FL-2008-000239-NIC,FL-2008-000239-NIC,0.42769171450309007,0.00020478982236193615,0.9387623897424877,0.00019224898303543073
FL-2024-000230-GAB,FL-2024-000230-GAB,0.4337231068558803,0.00023557304770125182,0.815792210566319,0.00019217865733404913
Turkey: Floods - Nov 1995,Turkey: Floods - Nov 1995,0.42771227960547864,0.00020488831468523677,0.9375125837102277,0.0001920853732725905
FL-2012-000157-CMR,FL-2012-000157-CMR,0.4207372821010473,0.0001738240927999267,1.1008538293751604,0.00019135491819646255
FL-2000-000302-CHN,FL-2000-000302-CHN,0.44434521719266634,0.0003000579232054897,0.6358572303399659,0.00019079399999100485
FL-2022-000290-SEN,FL-2022-000290-SEN,0.4259649419989655,0.00019667020492246845,0.9602028308095506,0.00018884328750244861
FL-2009-000075-BDI,FL-2009-000075-BDI,0.43807061867000585,0.0002602802773860627,0.7232460065686893,0.00018824667120806055
FL-2007-000197-COD,FL-2007-000197-COD,0.42678416605542785,0.00020048550771200027,0.938197452018096,0.000188094992501953
China: Floods in Shanxi Province - Aug 1988,China: Floods in Shanxi Province - Aug 1988,0.42188814414282505,0.00017863773787677673,1.0515735249110678,0.00018785071570122147
FL-2020-000190-NER,FL-2020-000190-NER,0.41833334687026197,0.00016414393916286204,1.1441798734017292,0.00018781019153102463
Niger: Floods - Aug 1994,name=Niger: Floods - Aug 1994,0.41314756125268715,0.00014489451157899763,1.2931727617169873,0.00018737363569624636
Brazil: Floods - Jul 1989,Brazil: Floods - Jul 1989,0.42557118195769866,0.00019485973846671475,0.9575164169657181,0.00018658139858752562
FL-2016-000130-VCT,FL-2016-000130-VCT,0.4241940060619354,0.00018864498994268603,0.9845629160937495,0.000185732861404447
FL-2001-000524-MLI,FL-2001-000524-MLI,0.424770769468392,0.0001912256879351777,0.9651997077307357,0.0001845709781056424
FL-2012-000054-HTI,FL-2012-000054-HTI,0.42451547181996635,0.00019007947812727525,0.9604428383587891,0.0001825604734863176
FL-2007-000127-MRT,FL-2007-000127-MRT,0.4298599172630816,0.0002154118088684726,0.8469121364760579,0.00018243487527097038
FL-2019-000051-LBY,FL-2019-000051-LBY,0.41667526938730814,0.00015775286258397142,1.1558008867153804,0.0001823308984564437
FL-1997-000026-MOZ,FL-1997-000026-MOZ,0.419386219955689,0.00016832226428973814,1.0827610863454504,0.0001822527977384829
FL-1997-000049-TZA,FL-1997-000049-TZA,0.4280916154286089,0.00020671272806964262,0.8788540275887039,0.00018167031361785395
FL-1994-000007-VNM,FL-1994-000007-VNM,0.4189701261140609,0.00016665969208270315,1.0899814138986574,0.00018165596681621966
FL-2012-000172-MLI,FL-2012-000172-MLI,0.4260590925411306,0.00019710533543726715,0.9191592364455828,0.00018117118961986895
FL-1999-000363-NIC,FL-1999-000363-NIC,0.42125529165885445,0.00017597610205388937,1.029066129374002,0.0001810910462029203
FL-2011-000133-MEX,FL-2011-000133-MEX,0.42962246788530034,0.0002142248537543021,0.8391023593878815,0.00017975658022475875
FL-2017-000052-RUS,FL-2017-000052-RUS,0.4101495157315748,0.00013471688463927817,1.3124180785283346,0.00017680487488360477
FL-2009-000145-NPL,FL-2009-000145-NPL,0.4276405351619773,0.0002045448943981959,0.8626211054247378,0.00017644474291475803
FL-2012-000037-PSE,FL-2012-000037-PSE,0.41111644350751303,0.00013792674173392357,1.2782164281084545,0.0001763002271597731
FL-1999-000315-GHA,FL-1999-000315-GHA,0.4264463206744146,0.00019890409172447688,0.8830969393406909,0.00017565159462422557
FL-2011-000123-RUS,FL-2011-000123-RUS,0.4221350665524667,0.00017968602560266097,0.9746615796072284,0.00017513306554723442
FL-2001-000375-IRN,FL-2001-000375-IRN,0.4234873344586233,0.000185525777808191,0.9437442735893395,0.00017508889040968842
FL-2009-000178-GIN,FL-2009-000178-GIN,0.4182261406972216,0.0001637237727057713,1.068515319346453,0.0001749413592773133
FL-2003-000341-NPL,FL-2003-000341-NPL,0.4312517144253515,0.0002224888985736059,0.7820585732690798,0.00017399935058668323
Iran: Floods - Apr 1989,Iran: Floods - Apr 1989,0.4294305234338297,0.00021326967324581983,0.814536614424038,0.00017371595760497092
ST-2010-000085-CHN,ST-2010-000085-CHN,0.4118660541321701,0.00014046236944098838,1.2265270055929207,0.00017228088938894205
FL-2023-000158-GIN,FL-2023-000158-GIN,0.4097958992901251,0.00013355989909385704,1.2862993830803735,0.00017179801580870525
FL-2005-000129-SDN,FL-2005-000129-SDN,0.4152924157477281,0.00015259489301218003,1.1253207612767273,0.00017171820117140718
FL-2016-000050-LKA,FL-2016-000050-LKA,0.4122446433692721,0.0001417588600238301,1.2099018427879291,0.00017151430597434815
2012-000020-MDG,2012-000020-MDG,0.4174934787489868,0.00016087811236398843,1.0660663642203847,0.00017150674433051566
FL-2016-000058-MMR,FL-2016-000058-MMR,0.42629445734978055,0.00019819690126930342,0.8641831978719268,0.00017127843194721318
FL-2012-000066-COM,FL-2012-000066-COM,0.4149490987716181,0.00015133809287591707,1.129673337592446,0.0001709626084840128
FL-2006-000123-SDN,FL-2006-000123-SDN,0.41851699414172344,0.00016486595204640015,1.0356622281917345,0.00017074543924932642
Iran: Floods - Dec 1990,Iran: Floods - Dec 1990,0.42488619466909533,0.00019174595144484918,0.8898231756341812,0.00017061999142965322
FL-2006-000047-COD,FL-2006-000047-COD,0.41961045518415857,0.0001692244094272012,1.0080124870300073,0.0001705803178128973
FL-2023-000169-BRA,FL-2023-000169-BRA,0.4152595270943076,0.00015247409012172938,1.1172435166273167,0.00017035068864215135
FL-1999-000071-MOZ,FL-1999-000071-MOZ,0.41949802692947913,0.00016877154458914132,1.007486678899522,0.0001700350829508566
FL-2024-000039-KAZ,FL-2024-000039-KAZ,0.41163131050551516,0.0001396638523876484,1.2154593718752695,0.00016975573829677146
FL-2008-000010-BRA,FL-2008-000010-BRA,0.4226680903192782,0.0001819678301452286,0.9286542498207508,0.00016898519879502707
FL-2024-000027-ARG,FL-2024-000027-ARG,0.41995902289461823,0.0001706354121988728,0.9890539476346332,0.000168767628041558
FL-2016-000091-NER,FL-2016-000091-NER,0.42029464687165924,0.00017200401558759801,0.9800336913410537,0.0001685697303217978
FL-2007-000161-UGA,FL-2007-000161-UGA,0.4215109600478534,0.00017704705842430936,0.9520505600973528,0.00016855775113645247
FL-1999-000229-TJK,FL-1999-000229-TJK,0.4219252344498116,0.00017879484943581915,0.9422253837707331,0.00016846504562589515
FL-2009-000113-CHN,FL-2009-000113-CHN,0.43863917753900794,0.00026367817589748407,0.6385622410411255,0.0001683749269147335
ST-2022-000138-MDG,ST-2022-000138-MDG,0.4131312556331436,0.00014483733648111476,1.1583807019765697,0.00016777677550541034
FL-2003-000368-SDN,FL-2003-000368-SDN,0.4162716518523909,0.00015623141416279304,1.072361231723768,0.00016753651172555888
FL-2009-000089-BRA,FL-2009-000089-BRA,0.4251443034161305,0.00019291395405631704,0.8672804440779367,0.0001673104997427933
FL-2005-000108-PAK,FL-2005-000108-PAK,0.42138408220050827,0.0001765148552587808,0.9455697739530514,0.00016690711178640096
FL-2008-000125-SDN,FL-2008-000125-SDN,0.4103241091817359,0.00013529145053554635,1.22270091265696,0.00016542098004449646
FL-2003-000051-PER,FL-2003-000051-PER,0.4199296235361851,0.00017051599598618468,0.9636886445289713,0.00016432432904243382
FL-2005-000137-CAF,FL-2005-000137-CAF,0.42616751532110764,0.00019760750046835467,0.8291581427948438,0.00016384786809067219
FL-2013-000017-PNG,FL-2013-000017-PNG,0.41434617868303136,0.0001491534760308652,1.0931237284308373,0.0001630432038272789
FL-2008-000038-ARG,FL-2008-000038-ARG,0.41811958530753507,0.00016330711624347634,0.9962518718082016,0.00016269502023716288
FF-2018-000118-LAO,FF-2018-000118-LAO,0.41160024680691826,0.00013955849104388936,1.1632902888660213,0.00016234703736015208
FL-2019-000162-MYS,FL-2019-000162-MYS,0.4153999379380296,0.00015299043277176082,1.0555900890857195,0.0001614951845588058
FL-2016-000011-TZA,FL-2016-000011-TZA,0.41449798085138145,0.00014970082477118568,1.076733992508393,0.00016118796673767808
Ghana: Floods - Jul 1995,Ghana: Floods - Jul 1995,0.4241403231015537,0.00018840639024285375,0.8551639114187951,0.00016111834561637474
FL-2007-000181-HTI,FL-2007-000181-HTI,0.41792079943286253,0.00016253236699668457,0.9891914221912965,0.00016077562326156816
Indonesia: Floods and Landslides - Mar 1984,Indonesia: Floods and Landslides - Mar 1984,0.4084172191175614,0.00012913395106910688,1.2434734814113138,0.00016057464370430058
FL-2017-000057-LKA,FL-2017-000057-LKA,0.4225091207241997,0.00018128458855115747,0.8831246219930485,0.00016009688373740629
FL-2019-000009-ARG,FL-2019-000009-ARG,0.41060379128451796,0.00013621644783480696,1.1742632969134712,0.00015995397512834228
FL-2007-000158-TGO,FL-2007-000158-TGO,0.41512585441916927,0.00015198398406558142,1.0465800406584131,0.00015906340422278383
FL-1998-000329-BEN,FL-1998-000329-BEN,0.4170895905870624,0.0001593285162612248,0.9960705364253544,0.00015870244066017397
FL-2005-000160-MMR,FL-2005-000160-MMR,0.4294635533218445,0.00021343376759179317,0.7408779621824715,0.00015812837479433495
FL-2005-000109-PRK,FL-2005-000109-PRK,0.4251017140278297,0.00019272078706658564,0.8195300266309831,0.00015794047175702295
FL-2002-000470-VNM,FL-2002-000470-VNM,0.40745943282947783,0.00012613736758328699,1.2513371910904603,0.00015784037924321522
FL-2004-000043-IND,FL-2004-000043-IND,0.4302658272072195,0.00021745457388353743,0.7238181749939552,0.00015739757281247026
FL-2001-000696-BRA,FL-2001-000696-BRA,0.4213213265102398,0.00017625215215074738,0.8900444318591507,0.00015687224662496455
FL-2024-000053-KGZ,FL-2024-000053-KGZ,0.4166125688184192,0.00015751563950409397,0.9957892817856833,0.00015685238553179434
FL-2021-000061-MYS,FL-2021-000061-MYS,0.4110053596036422,0.00013755451568463696,1.1325212482808422,0.00015578341180983175
FL-2019-000022-IRN,FL-2019-000022-IRN,0.41914239209633086,0.00016734620818916935,0.9299697920776908,0.00015562691843467178
FL-2018-000194-TTO,FL-2018-000194-TTO,0.4041585973948042,0.00011628353261763188,1.3365256119034994,0.00015541591958608098
FL-2021-000127-NER,FL-2021-000127-NER,0.41005354856813503,0.0001344020045092696,1.1513193602048528,0.00015473962984186203
FL-2015-000065-GHA,FL-2015-000065-GHA,0.41316696488724675,0.00014496257622903188,1.0654801946479941,0.00015445475393718357
FL-2021-000110-YEM,FL-2021-000110-YEM,0.4098186462728906,0.00013363405414793523,1.1524258360621629,0.0001540033365778106
FL-2009-000240-PAN,FL-2009-000240-PAN,0.4168768852112682,0.0001585178423793874,0.9710725385234801,0.00015393232360061662
Iran: Floods - Oct 1994,Iran: Floods - Oct 1994,0.42507079489042476,0.00019258066035406345,0.7986196192783261,0.0001537986936523308
FL-2011-000176-LKA,FL-2011-000176-LKA,0.40739227685194235,0.00012592962669730778,1.212182945388364,0.00015264974580159969
FL-2009-000234-PHL,FL-2009-000234-PHL,0.40840366095039016,0.00012909108906208061,1.1779017439562212,0.00015205661893543263
FL-2011-000129-MLI,FL-2011-000129-MLI,0.4190080340553295,0.00016681054529010542,0.9069557018258996,0.00015128977517554857
FL-2011-000183-TZA,FL-2011-000183-TZA,0.40932526532001456,0.00013203392079423075,1.1441136258848459,0.0001510618078596799
FL-2006-000092-KOR,FL-2006-000092-KOR,0.4060391183309783,0.00012180882694164401,1.235735149804729,0.00015052344900827079
FL-2006-000171-HTI,FL-2006-000171-HTI,0.4122042445046334,0.00014162000140535645,1.0599993219511736,0.0001501171054644021
Iran: Floods - May 1992,Iran: Floods - May 1992,0.42592242098620936,0.00019647397138400209,0.7638289675273252,0.00015007251070823556
FL-2007-000044-ARG,FL-2007-000044-ARG,0.4148920186490459,0.00015113004201948248,0.9907640067376045,0.00014973420596964499
FL-1991-000009-VNM,FL-1991-000009-VNM,0.4080397626969982,0.00012794545504065934,1.1677435677731713,0.00014940748214954143
Ethiopia: Floods - May 1995,Ethiopia: Floods - May 1995,0.4108096538315623,0.00013690093289448662,1.0908091701249307,0.00014933279299996378
Brazil: Floods - Apr 1985,Brazil: Floods - Apr 1985,0.4168569407221975,0.000158442019590544,0.9399629984750824,0.00014892963581877546
FL-2019-000119-CMR,FL-2019-000119-CMR,0.40363404272706704,0.00011478308091689932,1.2776900520050807,0.00014665720062601647
FL-1998-000213-KGZ,FL-1998-000213-KGZ,0.40888679223277613,0.0001306263593749631,1.1210585535855664,0.0001464397975010445
FL-2008-000217-KEN,FL-2008-000217-KEN,0.41389471036423464,0.0001475362568938859,0.9905535057194418,0.00014614255648696283
FL-2006-000031-PER,FL-2006-000031-PER,0.4196254373969692,0.0001692848407983657,0.8622372185675087,0.00014596369027562636
FL-2002-000054-IDN,FL-2002-000054-IDN,0.4162761996032212,0.00015624848322025195,0.9334375249456206,0.0001458481974536193
FL-2019-000103-LAO,FL-2019-000103-LAO,0.40713589710221837,0.00012513936802191605,1.1650939839327012,0.00014579912483547464
FL-2019-000167-BDI,FL-2019-000167-BDI,0.4144247486278554,0.0001494365481560351,0.9726765386670255,0.0001453534244107605
FL-2005-000048-AFG,FL-2005-000048-AFG,0.4122773346696317,0.00014187131595635788,1.0241455794175436,0.00014529688108285354
FL-2003-000204-KEN,FL-2003-000204-KEN,0.40799971574987415,0.00012781993878000045,1.1287613663778198,0.0001442782087476426
Indonesia: Floods - Feb 1993,Indonesia: Floods - Feb 1993,0.40349765440679347,0.00011439581703429355,1.260456071218516,0.00014419090210287784
1995-09-01T00:00:00+00:00,1995-09-01T00:00:00+00:00,0.41172865638537914,0.00013999449240139307,1.02827893467495,0.00014395338750686483
FL-2016-000068-NPL,FL-2016-000068-NPL,0.4082445054265943,0.00012858890043317944,1.1157984838635762,0.00014347930014502598
FL-2021-000066-GUY,FL-2021-000066-GUY,0.4118363743124688,0.00014036118251055233,1.0204156206178399,0.00014322674316215916
FL-2012-000138-NGA,FL-2012-000138-NGA,0.4039713478789278,0.00011574590468931649,1.2369286645182986,0.00014316942731081852
FL-2023-000056-TZA,FL-2023-000056-TZA,0.4035177081212241,0.00011445268413509372,1.243845119381568,0.00014236141256155653
FL-2024-000009-COD,FL-2024-000009-COD,0.4096835716922412,0.00013319425436733877,1.0680154458218882,0.0001422535209590473
FL-2007-000011-ZMB,FL-2007-000011-ZMB,0.4086355675721538,0.00012982599166869358,1.0897552028147803,0.00014147854988154715
FL-2007-000025-FJI,FL-2007-000025-FJI,0.4106899090445925,0.00013650241044080273,1.0321832158662596,0.00014089549698228384
FL-2014-000089-IND,FL-2014-000089-IND,0.4177051093795996,0.00016169547854240137,0.8681922613947346,0.00014038276317303124
FL-2006-000029-NAM,FL-2006-000029-NAM,0.4069442780548669,0.00012455164376828844,1.1221814471307896,0.0001397695438464165
FL-2003-000331-CHN,FL-2003-000331-CHN,0.4297899652880483,0.00021506152145859926,0.6456419227196044,0.0001388527342175335
FL-2012-000153-IDN,FL-2012-000153-IDN,0.40780515131466655,0.00012721170516153063,1.0883954096363029,0.00013845663594981672
FL-2008-000095-SUR,FL-2008-000095-SUR,0.41004936794310376,0.00013438830243039915,1.0299679617320212,0.00013841564593486465
FL-2018-000043-TZA,FL-2018-000043-TZA,0.4152697906102873,0.00015251177966821105,0.9072074068086312,0.00013835981614056706
FL-1997-000164-BGD,FL-1997-000164-BGD,0.4164043450993795,0.00015673014176379222,0.876494679186875,0.0001373731353241685
FL-2013-000006-IDN,FL-2013-000006-IDN,0.4146989735786697,0.0001504283197047125,0.9117255836627187,0.00013714934758218104
Burkina Faso: Floods - Sep 1988,Burkina Faso: Floods - Sep 1988,0.41286393334832955,0.0001439028706859499,0.9525620167546777,0.00013707640871739603
FL-2003-000505-VNM,FL-2003-000505-VNM,0.3990367745393262,0.00010235974931363298,1.3351682599699068,0.00013666748838203922
FL-2024-000075-UGA,FL-2024-000075-UGA,0.40597052072836476,0.0001216031954263744,1.1215173808366035,0.00013638009723594905
China: Floods - Jul 2018,China: Floods - Jul 2018,0.4065162997882368,0.00012324793137212788,1.1041913871780773,0.00013608930430861836
FL-1997-000025-MWI,FL-1997-000025-MWI,0.4098895832406654,0.00013386554634439084,0.9993439480764741,0.00013377772359521775
FL-2020-000052-COD,FL-2020-000052-COD,0.4060142909218516,0.00012173436698297414,1.0988158099220888,0.00013376364705174951
FL-2009-000034-MAR,FL-2009-000034-MAR,0.4067652567644774,0.00012400480459359665,1.0737840903093678,0.0001331543862945261
FF-2013-000029-SRB,FF-2013-000029-SRB,0.40353784417084215,0.00011450981031483574,1.161108725475724,0.00013295833990912583
FL-2023-000111-MNG,FL-2023-000111-MNG,0.4122626838560567,0.0001418209081926109,0.9369855719118949,0.00013288414477191787
FL-2008-000089-IND,FL-2008-000089-IND,0.42887350147086534,0.00021051940600864488,0.6302581635823931,0.00013268157422946473
FL-2024-000064-RWA,FL-2024-000064-RWA,0.39841879695278065,0.00010078553316826589,1.3163910113884745,0.00013267316994070017
FF-2021-000189-BIH,FF-2021-000189-BIH,0.4036948657485999,0.00011495616319138937,1.1516117071745788,0.0001323848633430754
FL-2002-000350-CHN,FL-2002-000350-CHN,0.42371474342242843,0.00018652444573948504,0.706219895185805,0.00013172727451972948
FL-2010-000161-MYS,FL-2010-000161-MYS,0.4056358070237128,0.00012060431560592002,1.0886896565212916,0.0001313006709319945
FL-2009-000251-SAU,FL-2009-000251-SAU,0.40927234706707416,0.0001318633244104295,0.9956156226188847,0.00013128518583348575
1986-04-01T00:00:00+00:00,1986-04-01T00:00:00+00:00,0.4139585823516877,0.0001477640921474228,0.8870822721015816,0.00013107890659716328
FL-2023-000146-MRT,FL-2023-000146-MRT,0.4068810018084159,0.00012435811240076955,1.0535873745404762,0.00013102213714713624
FF-2020-000153-BIH,FF-2020-000153-BIH,0.4086769528325063,0.00012995753508338316,1.0072124375171865,0.00013089484568505963
Egypt: Floods - Nov 1994,Egypt: Floods - Nov 1994,0.4055217206816856,0.00012026554117570489,1.0804014986266677,0.00012993507091937876
FL-2008-000094-ZAF,FL-2008-000094-ZAF,0.40676632416500325,0.0001240080586659259,1.045585962583682,0.00012966108538834585
FL-2011-000022-AFG,FL-2011-000022-AFG,0.3968112035434922,9.679195348092539e-05,1.338976142877644,0.00012960211653348182
FL-2012-000089-CUB,FL-2012-000089-CUB,0.3996985662151241,0.00010407008368022652,1.2438427371737373,0.00012944681774271284
FL-2009-000122-IND,FL-2009-000122-IND,0.41996732882121124,0.00017066916338117217,0.7572559930408027,0.00012924024679765255
Azerbaijan: Floods - Jun 1995,Azerbaijan: Floods - Jun 1995,0.41190506277634426,0.0001405954608283532,0.9175461452516915,0.00012900282312294068
FL-2006-000091-PRK,FL-2006-000091-PRK,0.4167567058623718,0.00015806145161323024,0.8137351057804316,0.0001286201520483005
Cambodia: Floods - Sep 1996,Cambodia: Floods - Sep 1996,0.399569398058797,0.00010373425537959427,1.2387081711791748,0.00012849646976989068
Chad: Floods in Am Timan - Jul 1985,Chad: Floods in Am Timan - Jul 1985,0.40651810250292053,0.0001232533969657465,1.0422436500602523,0.00012846007033590485
FL-2010-000127-AFG,FL-2010-000127-AFG,0.4053314586306495,0.00011970247101217127,1.0727052233242367,0.00012840546589957416
FF-2020-000221-SOM,FF-2020-000221-SOM,0.39588561683182666,9.455777275485049e-05,1.35732395292219,0.00012834552989513185
FL-2007-000009-PER,FL-2007-000009-PER,0.4067603524701786,0.00012398985437227813,1.031150965068591,0.00012785225799468865
FL-1997-000177-MMR,FL-1997-000177-MMR,0.409501093994134,0.00013260217978292808,0.9561349496906492,0.00012678557849562036
FL-2022-000265-YEM,FL-2022-000265-YEM,0.4023228790179032,0.0001111085050611524,1.135758587937564,0.00012619243881610814
FL-2002-000321-HTI,FL-2002-000321-HTI,0.4076814889838749,0.00012682647592304405,0.9930427130308388,0.00012594410773476
FL-2017-000079-TJK,FL-2017-000079-TJK,0.4022349719537588,0.00011086597288077528,1.133782714433925,0.0001256979236711233
FL-2013-000095-PHL,FL-2013-000095-PHL,0.40735076387166047,0.00012580136413793306,0.9977142237080565,0.00012551381036229244
FL-2011-000096-PRK,FL-2011-000096-PRK,0.41163831863310374,0.00013968763233498306,0.8967115844943416,0.00012525951812536568
ST-2012-000077-CHN,ST-2012-000077-CHN,0.4064259466049872,0.00012297427170117028,1.0110575814870275,0.00012433406973131383
Peru: Floods - Feb 1994,Peru: Floods - Feb 1994,0.4126642321865095,0.00014320832951918608,0.8669712406759366,0.0001241575031183771
FL-2009-000120-BWA,FL-2009-000120-BWA,0.40868116395752385,0.0001299709269030225,0.9522872605541437,0.00012376965793216215
FL-2023-000200-ZAF,FL-2023-000200-ZAF,0.4009037472078704,0.00010725095198440461,1.1520700678179971,0.00012356061152621778
FL-2001-000314-GHA,FL-2001-000314-GHA,0.40598479031251133,0.000121645944873216,1.0103874531958326,0.00012290953643204935
IND-2018-000413,IND-2018-000413,0.40927839279110556,0.00013188280440389413,0.9221733186742626,0.00012161880341320769
FL-2003-000531-IDN,FL-2003-000531-IDN,0.41035154232009513,0.0001353819298864066,0.8955935776847792,0.00012124718694083682
FL-2013-000002-PSE,FL-2013-000002-PSE,0.39919124014278184,0.00010275667089357128,1.1703104797566297,0.00012025720881164951
Malaysia: Floods - Dec 1993,Malaysia: Floods - Dec 1993,0.39869066075120796,0.00010147536572057371,1.1835292726936872,0.00012009906578759652
FL-2013-000098-NER,FL-2013-000098-NER,0.4035770410246392,0.00011462108579371598,1.0461622636739756,0.00011991225457872288
FL-2004-000063-PRK,FL-2004-000063-PRK,0.4068418171309702,0.00012423840120148294,0.9650636272415313,0.00011989796210619173
FL-2024-000212-HTI,FL-2024-000212-HTI,0.41003319343171596,0.00013433530199911413,0.8913366497024602,0.0001197379780206586
Haiti: Floods - Jun 1986,Haiti: Floods - Jun 1986,0.4141110603810776,0.0001483092713228733,0.806982556058804,0.00011968299485935097
FL-2021-000204-BRA,FL-2021-000204-BRA,0.3959823641862578,9.478910930746735e-05,1.2616737641161433,0.00011959293233716888
FL-2017-000010-PHL,FL-2017-000010-PHL,0.3976250866346194,9.879563737326515e-05,1.2076275140633692,0.00011930832996138228
FL-2011-000005-HND,FL-2011-000005-HND,0.3927906524314517,8.74201283288542e-05,1.359711468750731,0.00011886615108840373
FL-2023-000103-DOM,FL-2023-000103-DOM,0.399648196812852,0.00010393901049831502,1.142430234483892,0.00011874306813561374
FL-2023-000241-TZA,FL-2023-000241-TZA,0.4043852257650291,0.00011693723007729029,1.0126708213468447,0.00011841892082839451
FL-2024-000058-TZA,FL-2024-000058-TZA,0.3996609287687536,0.00010397212804120858,1.1379493905705245,0.00011831501974081384
FL-2015-000017-PAK,FL-2015-000017-PAK,0.4037528869803898,0.00011512149137027399,1.0272519860341873,0.00011825878064533152
FL-2009-000087-VUT,FL-2009-000087-VUT,0.40198202604834965,0.00011017076058988645,1.0709159987358805,0.00011798363010860983
FL-2025-000022-PER,FL-2025-000022-PER,0.3959119830031041,9.462076756077693e-05,1.244445279687572,0.00011775036755142379
FL-2021-000095-MMR,FL-2021-000095-MMR,0.4021758658558128,0.00011070316944154871,1.0619657406518828,0.00011756297332850515
FL-2016-000019-HTI,FL-2016-000019-HTI,0.40574498292175387,0.00012092931263989574,0.9718383703338016,0.00011752374612154307
FL-2018-000124-MMR,FL-2018-000124-MMR,0.40054221128953693,0.00010628767598667199,1.1043679108475906,0.00011738069867824656
Viet Nam: Floods - Oct 1995,Viet Nam: Floods - Oct 1995,0.39858838314929024,0.0001012153474875807,1.1585193691423241,0.00011725994051883311
FL-2009-000095-TJK,FL-2009-000095-TJK,0.3951974374308428,9.292684626613448e-05,1.2601155392859784,0.00011709856299679526
Brazil: Floods - Jul 1988,Brazil: Floods - Jul 1988,0.40632847503134556,0.00012267966531318795,0.9542800112349412,0.00011707075239336783
FL-2020-000199-MRT,FL-2020-000199-MRT,0.4085917858478001,0.0001296869615265999,0.8999640370776387,0.00011671360145181127
FL-2024-000182-SLE,FL-2024-000182-SLE,0.3976781445902979,9.892754663731841e-05,1.178286929715142,0.00011656503519153743
FL-2013-000045-AFG,FL-2013-000045-AFG,0.39665715258394807,9.641684131699451e-05,1.2079080109237867,0.00011646267501476522
FL-2009-000190-TUR,FL-2009-000190-TUR,0.4034050363724036,0.0001141335062530455,1.0202954218418836,0.00011644989390874433
FL-2008-000102-CIV,FL-2008-000102-CIV,0.4039024984383752,0.00011554878843805471,1.005572576008324,0.00011619269284429553
FL-2022-000292-LAO,FL-2022-000292-LAO,0.39730892528916717,9.801289409683874e-05,1.1820410408414914,0.00011585526335411415
FL-2013-000108-SSD,FL-2013-000108-SSD,0.3983564844338897,0.00010062801594422507,1.1472056468348109,0.00011544102812099838
FL-2019-000067-UGA,FL-2019-000067-UGA,0.40177080893545153,0.00010959324706317671,1.0531125508651717,0.00011541402397229902
Thailand: Floods and Mudslides - Nov 1988,Thailand: Floods and Mudslides - Nov 1988,0.3904031815407592,8.224954087675863e-05,1.395522734002979,0.00011478110415482398
FL-1999-000531-COD,FL-1999-000531-COD,0.4037037461665352,0.00011498145357581227,0.9974869194859067,0.00011469249592534878
FL-2005-000175-SDN,FL-2005-000175-SDN,0.40062514578524133,0.00010650795570733292,1.0729889975346198,0.00011428186462387285
FF-2006-000022-TLS,FF-2006-000022-TLS,0.3968174568519188,9.68072079106764e-05,1.1802888753635958,0.00011426047055198204
FL-2012-000191-HTI,FL-2012-000191-HTI,0.416462071852987,0.0001569475546868729,0.7267675710899211,0.00011406439310828118
FL-2019-000108-MRT,FL-2019-000108-MRT,0.4047403884305284,0.00011796833271322177,0.962366664364851,0.00011352879085390615
FL-2024-000045-KEN,FL-2024-000045-KEN,0.40232714825432153,0.00011112029586780236,1.0196971903586571,0.00011330905348822077
FL-2018-000419-PRY,FL-2018-000419-PRY,0.39852392323239505,0.00010105178058053548,1.1119284382912396,0.00011236234856746383
FL-2006-000068-CHN,FL-2006-000068-CHN,0.419082602429596,0.00016710764597434888,0.6678237967185123,0.00011159846259528269
FF-2011-000066-TJK,FF-2011-000066-TJK,0.40154027521483554,0.00010896602870312088,1.0235216039879442,0.00011152908447841466
FL-2013-000141-SOM,FL-2013-000141-SOM,0.3938843970416305,8.98851141413516e-05,1.2318330184492288,0.0001107234514663946
FL-2024-000120-NER,FL-2024-000120-NER,0.39924128107738455,0.00010288555502054657,1.0706246794411112,0.00011015181436299349
FF-2007-000049-TJK,FF-2007-000049-TJK,0.4034958080185216,0.00011439058243767848,0.9615243720808555,0.00010998933295035214
FL-1998-000392-IND,FL-1998-000392-IND,0.3939928576639001,9.013293011487803e-05,1.2193931606788748,0.00010990747853402926
FL-2007-000217-SRB,FL-2007-000217-SRB,0.39867444491159376,0.00010143410046715809,1.0803231417321983,0.00010958160609545968
FL-2003-000647-TLS,FL-2003-000647-TLS,0.39750645110862004,9.850126589394164e-05,1.1114226107007856,0.00010947653409717688
FL-2022-000328-HND,FL-2022-000328-HND,0.39750355129637066,9.849408045581586e-05,1.1114267603705184,0.00010946895675668061
FL-2002-000510-MEX,FL-2002-000510-MEX,0.40727831629350447,0.00012557780463500593,0.867985419385465,0.00010899970342162161
FL-2010-000092-LKA,FL-2010-000092-LKA,0.3939356728992929,9.000219512376943e-05,1.2070220613503797,0.00010863463508435127
FL-2010-000041-SOM,FL-2010-000041-SOM,0.3967955127782696,9.6753686678264e-05,1.120673451219893,0.00010842928796797831
FL-1992-000008-PAK,FL-1992-000008-PAK,0.3993983839942472,0.00010329113113752275,1.0486466674608446,0.00010831590044562431
1995-09-00T00:00:00+00:00,1995-09-00T00:00:00+00:00,0.4234360854918346,0.0001853013831803681,0.5841419555859526,0.00010824231234376217
FL-2022-000349-CMR,FL-2022-000349-CMR,0.3943461348651635,9.094438385962821e-05,1.1868126206379996,0.00010793394254075355
FL-2023-000104-IND,FL-2023-000104-IND,0.40067567798030007,0.00010664237404694981,1.0105589096694154,0.00010776840124144357
FF-2019-000068-VNM,FF-2019-000068-VNM,0.3981290078463259,0.00010005486634127112,1.0739024148338638,0.00010744916257977054
FL-1997-000265-SOM,FL-1997-000265-SOM,0.4005503798325627,0.00010630935397994917,1.0106246281950175,0.00010743885133963863
FL-2008-000250-THA,FL-2008-000250-THA,0.40247403595524395,0.00011152665788422113,0.9628755515870862,0.00010738629222693367
FL-2015-000171-PRY,FL-2015-000171-PRY,0.39839009018996063,0.00010071293899048456,1.0574697968975482,0.00010650089113922287
FL-2013-000112-CAF,FL-2013-000112-CAF,0.39734518208458514,9.810237341341194e-05,1.0824256912336399,0.00010618852935367307
FL-2018-000054-BDI,FL-2018-000054-BDI,0.40860647642738196,0.00012973359694538008,0.814524387135535,0.00010567117854282421
FL-2016-000054-HTI,FL-2016-000054-HTI,0.39404707798439803,9.025704566195646e-05,1.16982926460923,0.00010558533335252823
2011-06-30T00:00:00+00:00,2011-06-30T00:00:00+00:00,0.39200148666379586,8.567954289267479e-05,1.2293298445416447,0.00010532841914465108
FL-2010-000102-CRI,FL-2010-000102-CRI,0.40264613500976965,0.0001120044677660727,0.9388100029975206,0.00010515091471920241
FF-2014-000059-SRB,FF-2014-000059-SRB,0.4023827172568791,0.00011127386947896183,0.9418030548326259,0.00010479807019833314
FL-2023-000119-PAK,FL-2023-000119-PAK,0.3974884532828286,9.84566767442464e-05,1.0619284545586885,0.00010455394657600193
FL-2019-000089-SLE,FL-2019-000089-SLE,0.39678108133258355,9.671850313846021e-05,1.0808607361671503,0.00010453923250322094
FL-2012-000175-GMB,FL-2012-000175-GMB,0.3911084306124547,8.374748538412843e-05,1.2465158816556456,0.00010439257058004015
FL-2021-000078-GTM,FL-2021-000078-GTM,0.39661262696905153,9.630866600200515e-05,1.0813671758288972,0.00010414503016243682
FF-2023-000051-KEN,FF-2023-000051-KEN,0.4024353406814495,0.00011141947859938352,0.9345216780382686,0.00010412391810684484
FL-2006-000001-IDN,FL-2006-000001-IDN,0.4062643383489373,0.00012248615979393196,0.8487703672429272,0.00010396262283047149
FL-1998-000247-IRN,FL-1998-000247-IRN,0.4038721592588358,0.00011546202317380699,0.8997846466107959,0.00010389095571841146
FL-2008-000104-NPL,FL-2008-000104-NPL,0.40890529633841055,0.00013068548616255657,0.7922332882970882,0.0001035333924352658
FL-2013-000019-PER,FL-2013-000019-PER,0.3888127001584215,7.895950600494843e-05,1.3077998282489198,0.00010326322839189111
FL-2010-000012-EGY,FL-2010-000012-EGY,0.40237790341876584,0.00011126055813294962,0.9242166188559036,0.0001028288568496554
FL-2009-000101-PAN,FL-2009-000101-PAN,0.40111756513705404,0.00010782433881001074,0.9534059909197259,0.00010280037058842256
FL-2008-000154-MEX,FL-2008-000154-MEX,0.39908293516416415,0.0001024782208603828,1.0007930921827906,0.00010255949553625346
FL-2022-000376-COD,FL-2022-000376-COD,0.39360464044927707,8.924874124138637e-05,1.149086862190552,0.00010255455602752117
FL-2024-000139-TCD,FL-2024-000139-TCD,0.40101400820253524,0.00010754629078571677,0.9523043457078162,0.00010241680007999456
FL-2019-000138-KEN,FL-2019-000138-KEN,0.39246015992604383,8.668735757627834e-05,1.178206310642115,0.0001021355917492607
FL-2007-000220-SRB,FL-2007-000220-SRB,0.4052940816326834,0.0001195921350687173,0.8529797073218023,0.00010200966436890393
FL-2024-000022-PER,FL-2024-000022-PER,0.396505706714236,9.604934838562956e-05,1.0537115612771992,0.00010120830884707936
FL-2000-000299-GTM,FL-2000-000299-GTM,0.4040767297255334,0.00011604819953664766,0.8719053948333257,0.00010118305123669735
FL-2006-000192-IDN,FL-2006-000192-IDN,0.40379297372611145,0.00011523584122351727,0.875300643790321,0.00010086600601066388
FF-2016-000093-LAO,FF-2016-000093-LAO,0.3951923466474715,9.291487647642319e-05,1.0828034294739801,0.00010060854689782227
FL-2024-000189-LKA,FL-2024-000189-LKA,0.39213757419284656,8.597745374118722e-05,1.1695806147019812,0.0001005575631971289
FL-2015-000164-COD,FL-2015-000164-COD,0.395270154206431,9.309797436171876e-05,1.0795665740230147,0.00010050546123016318
FL-2023-000196-LKA,FL-2023-000196-LKA,0.3937963662205644,8.968442817223743e-05,1.1173802450335497,0.00010021160832678844
FL-2007-000144-LBR,FL-2007-000144-LBR,0.3975885404010845,9.870487057880396e-05,1.013217513020149,0.00010000950349083144
FL-2016-000072-SDN,FL-2016-000072-SDN,0.39281943078328874,8.748419901932639e-05,1.1398024130767133,9.971470114831165e-05
FL-2005-000171-SLV,FL-2005-000171-SLV,0.3947447080556922,9.18677681555138e-05,1.0823968914043698,9.94373866717855e-05
FL-2005-000105-HTI,FL-2005-000105-HTI,0.3976933340251366,9.896533880277926e-05,0.9972865856131765,9.869680482867494e-05
LS-2010-000190-COL,LS-2010-000190-COL,0.4063743495178247,0.00012281824104913618,0.8035449578867475,9.868997833155253e-05
FL-2006-000106-MRT,FL-2006-000106-MRT,0.4018049482570483,0.00010968640639627252,0.8996315305030165,9.867734966165449e-05
FL-2022-000286-MRT,FL-2022-000286-MRT,0.39560614488669743,9.389236708668031e-05,1.0505974879699613,9.864308500081982e-05
FL-2016-000046-SOM,FL-2016-000046-SOM,0.3946417153250579,9.162835744536984e-05,1.0763349207071773,9.862280084549104e-05
FL-2017-000083-GIN,FL-2017-000083-GIN,0.4013149810957539,0.00010835618913354875,0.9098931483825577,9.859255407746057e-05
FL-2023-000067-COD,FL-2023-000067-COD,0.39666022817208746,9.64243175175038e-05,1.0170068685630405,9.806419321180486e-05
FL-2002-000225-ETH,FL-2002-000225-ETH,0.3972335522340534,9.782711352849632e-05,1.0009847442519026,9.792344821622373e-05
FL-2007-000139-KEN,FL-2007-000139-KEN,0.3957262785984428,9.417787996335518e-05,1.0383627898563688,9.77908061815077e-05
FL-2020-000213-LAO,FL-2020-000213-LAO,0.3904662549177057,8.23825195449451e-05,1.1779112023169338,9.703929264708457e-05
FL-2015-000011-PER,FL-2015-000011-PER,0.39693606489444766,9.709695246391565e-05,0.9963773020475339,9.674519953303393e-05
FL-2020-000128-KEN,FL-2020-000128-KEN,0.39571644488443153,9.415447957696716e-05,1.0272567357494566,9.672082334642417e-05
FL-2009-000239-BRA,FL-2009-000239-BRA,0.4028346515465725,0.00011252997227497224,0.8575725982011251,9.65026206993485e-05
FL-2010-000115-MMR,FL-2010-000115-MMR,0.397479940135287,9.84355919697962e-05,0.9799014922135285,9.645718345812532e-05
FL-2020-000176-SDN,FL-2020-000176-SDN,0.396402732093194,9.580019448573693e-05,1.0057698073879717,9.635294315564987e-05
FL-2025-000047-TZA,FL-2025-000047-TZA,0.3933831083544722,8.874769379722321e-05,1.084317683177047,9.623069372551106e-05
FL-2009-000165-CHL,FL-2009-000165-CHL,0.3961453813432739,9.518005875458749e-05,1.0088424248679406,9.602168127305111e-05
FL-1998-000048-PAK,FL-1998-000048-PAK,0.38684210638589955,7.504770121551411e-05,1.274857049816715,9.567509096713662e-05
FL-2007-000057-URY,FL-2007-000057-URY,0.39342802825674816,8.884908571646529e-05,1.0706544149077877,9.512666588285402e-05
FL-2002-000808-MWI,FL-2002-000808-MWI,0.39753904314347244,9.85820580782122e-05,0.9632105028592333,9.495527373441292e-05
FL-2007-000003-PHL,FL-2007-000003-PHL,0.4019150401457807,0.00010998731068872963,0.8623711432091048,9.484988285713476e-05
Iran: Floods - Feb 1991,Iran: Floods - Feb 1991,0.39644195148585737,9.589501973243074e-05,0.9877471286935022,9.47200303967152e-05
FF-2018-000158-TUN,FF-2018-000158-TUN,0.3931264131485406,8.817028391413151e-05,1.0728594544762617,9.459432270113225e-05
FL-2023-000216-KEN,FL-2023-000216-KEN,0.3889843443981632,7.930877185470631e-05,1.19256578459642,9.458092773228629e-05
1993-12-00T00:00:00+00:00,1993-12-00T00:00:00+00:00,0.40909552039493735,0.00013129471351733246,0.7194550254691349,9.44606414575752e-05
FL-2007-000200-MEX,FL-2007-000200-MEX,0.3927900623262446,8.741881498995823e-05,1.0804286921791404,9.44497959514508e-05
FL-2014-000154-IDN,FL-2014-000154-IDN,0.3973024925953518,9.799702631830316e-05,0.9628039097423366,9.435192008238495e-05
FL-2002-000522-KHM,FL-2002-000522-KHM,0.39706946647813834,9.742376817232164e-05,0.9662857219135197,9.41391961599272e-05
FL-2008-000076-COL,FL-2008-000076-COL,0.4099809086259911,0.00013416410448694043,0.7001873717288423,9.39400117010646e-05
FF-2012-000196-COG,FF-2012-000196-COG,0.3973976425265462,9.823197238244488e-05,0.9546774198450808,9.377984594036571e-05
FL-2012-000056-PRY,FL-2012-000056-PRY,0.3877511327570011,7.682998566186619e-05,1.2200522670934264,9.37365981875153e-05
FL-2003-000359-PAK,FL-2003-000359-PAK,0.3955954267422149,9.386693195920973e-05,0.9970856486805502,9.359337074220169e-05
FL-2012-000030-KAZ,FL-2012-000030-KAZ,0.38268956080327066,6.736993911232215e-05,1.386634100283017,9.341745490713646e-05
FL-2011-000137-VNM,FL-2011-000137-VNM,0.38902537303044127,7.939246353471285e-05,1.1760511302101604,9.3369596470168e-05
FL-2023-000229-ETH,FL-2023-000229-ETH,0.3989355265199118,0.00010210032719120923,0.9110164433296456,9.301507694052854e-05
FL-2022-000336-VNM,FL-2022-000336-VNM,0.3889786082273555,7.929707733586899e-05,1.1722090372300906,9.295275067903903e-05
FL-2022-000356-ETH,FL-2022-000356-ETH,0.39576280843406875,9.426485250246881e-05,0.9852801574957187,9.287728871994316e-05
FL-2021-000023-DZA,FL-2021-000023-DZA,0.3936300891441973,8.930646223071852e-05,1.0374171325327366,9.264805396403514e-05
FL-2018-000425-LKA,FL-2018-000425-LKA,0.3933399195879482,8.865030755291533e-05,1.0429228227177032,9.245542898787899e-05
FL-2016-000114-EGY,FL-2016-000114-EGY,0.3903725772524706,8.218508697378408e-05,1.1202710928869943,9.206957720313378e-05
FL-2017-000043-HTI,FL-2017-000043-HTI,0.3935729186899509,8.917683912795499e-05,1.0311272816379908,9.195267171507664e-05
SS-2007-000063-MDV,SS-2007-000063-MDV,0.3873175791829053,7.597524120928847e-05,1.2101910384211765,9.194455605336817e-05
FL-1997-000097-AFG,FL-1997-000097-AFG,0.38193561794417347,6.605437840576457e-05,1.3915845675709566,9.192025360995422e-05
FL-2012-000067-RWA,FL-2012-000067-RWA,0.39288903327643493,8.763933329442501e-05,1.0464774403141628,9.171258517678967e-05
FL-2018-000144-PRK,FL-2018-000144-PRK,0.39196864986913893,8.560779874481825e-05,1.0698843437963756,9.159044358395206e-05
FL-1998-000165-CHN,FL-1998-000165-CHN,0.4088364199307917,0.00013046552503145334,0.7000190203158281,9.132834901750811e-05
FL-2014-000152-ETH,FL-2014-000152-ETH,0.393323312420355,8.861288570077597e-05,1.0270658582017673,9.101126950000258e-05
FL-2002-000734-MAR,FL-2002-000734-MAR,0.3914144217178485,8.440501134096315e-05,1.0757011498710427,9.079456775435247e-05
FL-2009-000007-ZWE,FL-2009-000007-ZWE,0.3898338851503197,8.105799587274921e-05,1.1194722766288485,9.074217917863836e-05
FF-2009-000204-TUN,FF-2009-000204-TUN,0.39756333744967864,9.864231986837274e-05,0.9155604613181987,9.031300788418465e-05
FL-2023-000190-SOM,FL-2023-000190-SOM,0.39350941248907423,8.903304946195313e-05,1.0078577783264449,8.973265142835256e-05
FL-2021-000007-SYR,FL-2021-000007-SYR,0.3918876602624962,8.543107800799782e-05,1.0486817242043107,8.959001018606013e-05
FL-2020-000165-NPL,FL-2020-000165-NPL,0.39074323872525074,8.296878281601153e-05,1.0774034394387852,8.93908519720204e-05
FL-2010-000249-IND,FL-2010-000249-IND,0.38705780421736535,7.546720838864994e-05,1.1839008478756656,8.934569199813221e-05
FL-2012-000174-BEN,FL-2012-000174-BEN,0.3843602349437649,7.036950592340201e-05,1.269611453402573,8.93419306906314e-05
FL-2022-000271-NGA,FL-2022-000271-NGA,0.3870041225902558,7.536260708550085e-05,1.1840293642331243,8.923153975439632e-05
FF-2020-000191-AFG,FF-2020-000191-AFG,0.38544590538084655,7.238263098235484e-05,1.231578444091277,8.914488804448163e-05
FF-2024-000156-LAO,FF-2024-000156-LAO,0.3822661520758232,6.662825654246643e-05,1.3358685400072998,8.900659179061645e-05
FL-2010-000067-BRA,FL-2010-000067-BRA,0.39160805428328394,8.482349336912948e-05,1.0465567844150672,8.877260246324892e-05
FL-2006-000127-NPL,FL-2006-000127-NPL,0.3991898350521901,0.0001027530540771159,0.862630230686243,8.863789074225849e-05
FL-2007-000052-LKA,FL-2007-000052-LKA,0.39649308346279366,9.60187742634995e-05,0.9223416325983702,8.85621130142905e-05
FL-2008-000205-IDN,FL-2008-000205-IDN,0.3958514945561613,9.447630287866606e-05,0.9367613520933382,8.850174922539896e-05
FL-2009-000140-MNG,FL-2009-000140-MNG,0.3908661394106235,8.32301146566112e-05,1.0589605890169638,8.813741124071443e-05
FL-2002-000242-AFG,FL-2002-000242-AFG,0.39468434821852705,9.172739111096969e-05,0.9583348849806268,8.79055588099041e-05
FL-2016-000102-SEN,FL-2016-000102-SEN,0.39502003950455333,9.251055383417791e-05,0.9497600525846711,8.786282847418585e-05
Iran: Floods - Dec 1986,Iran: Floods - Dec 1986,0.40057659085548225,0.00010637894067185798,0.8224805158651762,8.749460600098073e-05
FL-2016-000044-CHN,FL-2016-000044-CHN,0.39464644416093597,9.163933750176268e-05,0.9486861479465856,8.693697009492432e-05
FL-2005-000051-AGO,FL-2005-000051-AGO,0.3941839473809611,9.05710374383937e-05,0.9581450089193589,8.678018747424534e-05
1987-07-01-CO-Flood,1987-07-01-CO-Flood,0.41117171918787976,0.00013811230008513482,0.6275028689316593,8.666586453817236e-05
FL-2000-000002-AGO,FL-2000-000002-AGO,0.39783792135346596,9.932573123993528e-05,0.8697971671955873,8.639323966212596e-05
FL-2017-000126-NGA,FL-2017-000126-NGA,0.38691155825871604,7.518254735349685e-05,1.1480023217546238,8.630973891724134e-05
FL-2023-000021-NAM,FL-2023-000021-NAM,0.38248912068259033,6.70179081947339e-05,1.2755322671404512,8.548350437863954e-05
Algeria: Floods - Nov 1994,Algeria: Floods - Nov 1994,0.3886871365342264,7.870488350626095e-05,1.0762250844313983,8.470416989668905e-05
FL-2024-000019-IRN,FL-2024-000019-IRN,0.38612245999504524,7.366321071508335e-05,1.1462709369280168,8.443799756350452e-05
FL-2006-000086-CHL,FL-2006-000086-CHL,0.3920375305438982,8.575835640221455e-05,0.9816818094129864,8.418741848520974e-05
FL-1999-000651-CHN,FL-1999-000651-CHN,0.39028164088534956,8.199383932427279e-05,1.0240023009480381,8.396188013161907e-05
FL-2017-000110-MLI,FL-2017-000110-MLI,0.39632925560566357,9.562276903523232e-05,0.8750877906224794,8.367831768824509e-05
FL-2021-000190-EGY,FL-2021-000190-EGY,0.3858615979705417,7.316705673231818e-05,1.1389708836250705,8.33351472586541e-05
FL-2019-000081-MMR,FL-2019-000081-MMR,0.38916814512524556,7.9684315100719e-05,1.0383332562250227,8.273887436859031e-05
FL-2023-000231-BDI,FL-2023-000231-BDI,0.3905661297997071,8.259348326738549e-05,0.9891166714763052,8.169459125507025e-05
FL-2017-000002-MYS,FL-2017-000002-MYS,0.38256225232601987,6.714615625636825e-05,1.2154113472907762,8.161020024094951e-05
FL-2017-000014-PER,FL-2017-000014-PER,0.3871802659876895,7.570632040587814e-05,1.074057448678672,8.131293734398755e-05
FL-2020-000212-KHM,FL-2020-000212-KHM,0.38121356496383113,6.481618421708742e-05,1.253731041392615,8.12620621375846e-05
Cuba: Floods - Jun 1993,Cuba: Floods - Jun 1993,0.38676409745927054,7.489650048514505e-05,1.0819582611621117,8.10348874320348e-05
FL-2024-000104-MMR,FL-2024-000104-MMR,0.3966295684195916,9.634981250246312e-05,0.8391419529408852,8.085116982880502e-05
FL-2020-000206-COD,FL-2020-000206-COD,0.38607763208296886,7.357773412083261e-05,1.0973603002618633,8.074128440742441e-05
FL-2009-000241-COL,FL-2009-000241-COL,0.40278017379040865,0.00011237788379412522,0.7158636981146965,8.04472474791661e-05
Iran: Floods - Jul 1994,Iran: Floods - Jul 1994,0.39304088258617437,8.79786439024781e-05,0.9087721063099059,7.995253752954417e-05
FL-2001-000019-MOZ,FL-2001-000019-MOZ,0.3866859131869856,7.474523503697009e-05,1.0662262115321133,7.969532878354599e-05
FL-2015-000123-NER,FL-2015-000123-NER,0.3939063938265859,8.993532380930241e-05,0.8859881122566413,7.96816277669936e-05
FL-2002-000077-PER,FL-2002-000077-PER,0.3854436147390842,7.237832951641284e-05,1.099709656642364,7.959514790084225e-05
FL-2005-000110-BIH,FL-2005-000110-BIH,0.39042375049711125,8.229288551268364e-05,0.9602566282387353,7.902228877044586e-05
FL-1998-000251-SDN,FL-1998-000251-SDN,0.3840068871520226,6.972525880681745e-05,1.131419011075252,7.888848336617541e-05
FL-2009-000139-PAK,FL-2009-000139-PAK,0.3893954491556276,8.015095777185976e-05,0.9836480205002447,7.884033095348856e-05
FL-2023-000001-COG,FL-2023-000001-COG,0.38421637496987576,7.010656712750674e-05,1.1236428229072688,7.87747409914896e-05
FL-2008-000187-BDI,FL-2008-000187-BDI,0.403507287338834,0.00011442313034113059,0.6853457474951481,7.84194057943769e-05
FL-2024-000109-IND,FL-2024-000109-IND,0.389586259104019,8.054457736176484e-05,0.9733927592934859,7.840150840429591e-05
FL-2005-000062-TZA,FL-2005-000062-TZA,0.39438693180604484,9.103851386606713e-05,0.8523963030224688,7.760089265209539e-05
FL-2013-000008-MOZ,FL-2013-000008-MOZ,0.3913361323688031,8.423633925082512e-05,0.9158712312600213,7.714963974649007e-05
FL-2012-000192-COD,FL-2012-000192-COD,0.3778242497980414,5.927864759510712e-05,1.301468773071398,7.714930875493585e-05
FL-2001-000485-KHM,FL-2001-000485-KHM,0.39048253828438806,8.241688145266987e-05,0.9268570532202833,7.638866787882702e-05
FL-2002-000755-CRI,FL-2002-000755-CRI,0.4018504284817723,0.00010981062348582594,0.6950172098350388,7.632027314536473e-05
FL-2005-000065-GEO,FL-2005-000065-GEO,0.38187005628269266,6.59410794383422e-05,1.1559686487957939,7.622582049847654e-05
FL-2011-000037-BDI,FL-2011-000037-BDI,0.3953523999613251,9.329186925932787e-05,0.813980526208619,7.59377648306934e-05
FL-2003-000571-DOM,FL-2003-000571-DOM,0.3877428033764684,7.681348321285753e-05,0.9832757048107912,7.552883184509437e-05
FL-2018-000164-HND,FL-2018-000164-HND,0.3807108088108383,6.39664237877757e-05,1.1796924207248134,7.54607053233104e-05
China: Floods - Jun 1990,China: Floods - Jun 1990,0.3876538749006872,7.663749386498255e-05,0.9825698640424038,7.530169192746646e-05
FF-2007-000185-TUN,FF-2007-000185-TUN,0.39016002587198584,8.173869765814756e-05,0.9208073231488003,7.526559138826797e-05
FL-2008-000074-BFA,FL-2008-000074-BFA,0.3826463514029497,6.729391048905597e-05,1.114930663460651,7.502804426842484e-05
FL-2013-000131-KHM,FL-2013-000131-KHM,0.38034692173012186,6.335764952594043e-05,1.1821925826726243,7.49009433251385e-05
FF-2021-000032-TLS,FF-2021-000032-TLS,0.38989784040489517,8.119107598288618e-05,0.915168404503065,7.430350746714507e-05
FL-2022-000254-PAK,FL-2022-000254-PAK,0.38163899210802,6.554316396602573e-05,1.1182281796262044,7.329221292867078e-05
FL-2002-000607-ALB,FL-2002-000607-ALB,0.3955954688356565,9.386703183862808e-05,0.7786781247788098,7.309220433065575e-05
FL-2021-000213-STP,FL-2021-000213-STP,0.3783398587679502,6.009259709974872e-05,1.21326547331372,7.29082732628773e-05
FL-2023-000053-ECU,FL-2023-000053-ECU,0.37968291084795824,6.226019895419293e-05,1.1701678124219697,7.285488081118455e-05
FL-2007-000177-SLE,FL-2007-000177-SLE,0.38311224838685,6.81177617531914e-05,1.0656581908077745,7.259025075178096e-05
FL-2021-000108-SSD,FL-2021-000108-SSD,0.38306063422935754,6.80260468532503e-05,1.0642062462831952,7.239374397118226e-05
FL-2020-000192-TCD,FL-2020-000192-TCD,0.37623084757529857,5.682559732113529e-05,1.2732702189198974,7.235434074133587e-05
FL-2012-000129-SDN,FL-2012-000129-SDN,0.38341908307976724,6.866528748719305e-05,1.0523145824203366,7.225748332885792e-05
FL-1998-000359-UKR,FL-1998-000359-UKR,0.38647160389243407,7.43320131748354e-05,0.970056066676692,7.210622032854087e-05
FL-2020-000164-IND,FL-2020-000164-IND,0.3792573975055369,6.156595287718671e-05,1.1662775244540442,7.180298711225966e-05
FL-2006-000121-MKD,FL-2006-000121-MKD,0.3875958564623718,7.652287114165069e-05,0.9374606289413403,7.173717890884899e-05
FL-2012-000063-RUS,FL-2012-000063-RUS,0.38090928823090486,6.430068919439596e-05,1.1108712268830492,7.142978549480426e-05
FL-2023-000042-SYR,FL-2023-000042-SYR,0.38707096908941213,7.549288073551329e-05,0.9456166805369497,7.138732728528791e-05
FL-2014-000054-TJK,FL-2014-000054-TJK,0.38189416164417844,6.598271624986681e-05,1.080513117206162,7.129519041687326e-05
FL-1999-000031-LKA,FL-1999-000031-LKA,0.38457716286575816,7.076767246464947e-05,1.0064884283055866,7.122684343378958e-05
FL-2024-000159-NGA,FL-2024-000159-NGA,0.37995220635856286,6.270320036501227e-05,1.132341007881133,7.100140509869062e-05
FL-2001-000025-MWI,FL-2001-000025-MWI,0.3860270375198028,7.34813690770178e-05,0.9654424418241856,7.094203239030027e-05
1986-07-01T00:00:00+00:00,1986-07-01T00:00:00+00:00,0.4031870170009869,0.0001135181721945677,0.6247700658964721,7.092275592244714e-05
FL-2010-000121-DOM,FL-2010-000121-DOM,0.3827581878606031,6.74908499996744e-05,1.0483997898689967,7.075739295773861e-05
FL-2022-000321-CAF,FL-2022-000321-CAF,0.38122534332751307,6.483621327202191e-05,1.0900469195589455,7.06745145530343e-05
FL-2008-000088-USA,FL-2008-000088-USA,0.3778419324275848,5.930639655908879e-05,1.1865814777652384,7.037187167001482e-05
FL-2013-000087-MMR,FL-2013-000087-MMR,0.38839876450776056,7.812290740439695e-05,0.8995776132921189,7.027761858628862e-05
FL-2005-000132-MKD,FL-2005-000132-MKD,0.3825549538175611,6.713334723728889e-05,1.0452123135987392,7.016860118551425e-05
FL-1998-000316-VNM,FL-1998-000316-VNM,0.37343633123526426,5.274310306513052e-05,1.327857651248023,7.003533295559661e-05
FL-2022-000207-VEN,FL-2022-000207-VEN,0.38113167801104386,6.467708968391475e-05,1.080082826119319,6.985661381097529e-05
FL-2002-000367-SRB,FL-2002-000367-SRB,0.38958683352169365,8.054576494307005e-05,0.8641325154688277,6.960221447061605e-05
FL-2019-000015-PER,FL-2019-000015-PER,0.3753683972735288,5.553631509562614e-05,1.2387880992853906,6.879772621862525e-05
Iran: Floods - Feb 1993,Iran: Floods - Feb 1993,0.38847589269135285,7.827818249208489e-05,0.8761089187768762,6.85802138269595e-05
India: Floods - Jun 1994,India: Floods - Jun 1994,0.3818221335967983,6.585837356482055e-05,1.040373182144351,6.851728567648375e-05
FL-2022-000158-HTI,FL-2022-000158-HTI,0.3759838074649609,5.6453570555388305e-05,1.2084069567596751,6.821888739305439e-05
FL-2007-000125-PHL,FL-2007-000125-PHL,0.3877174862066645,7.676334356654708e-05,0.8878873967487101,6.815720528502832e-05
FL-2017-000137-SSD,FL-2017-000137-SSD,0.3830980889331731,6.809259028193502e-05,1.0001222922331552,6.810091747686193e-05
FL-2007-000086-PAN,FL-2007-000086-PAN,0.38941922614848157,8.019991243975153e-05,0.8477798095902991,6.799186649733121e-05
FL-2005-000038-MDG,FL-2005-000038-MDG,0.3799371232233063,6.267831323697768e-05,1.0792517862358992,6.764568151926137e-05
1993-05-01T00:00:00+00:00,1993-05-01T00:00:00+00:00,0.38085750298283993,6.421332480470888e-05,1.051770447137431,6.753767734202974e-05
FL-2015-000064-IND,FL-2015-000064-IND,0.3815962771872079,6.546984175711423e-05,1.031238980251518,6.751505285083473e-05
FL-2010-000136-YEM,FL-2010-000136-YEM,0.37106372599707976,4.9486303215815344e-05,1.363769613347829,6.748791660264592e-05
FL-2024-000148-GIN,FL-2024-000148-GIN,0.38290540893493863,6.775089122704928e-05,0.994415026402329,6.737250428832753e-05
FL-2007-000147-NER,FL-2007-000147-NER,0.3825723164613602,6.71638226101352e-05,1.0023493119506208,6.732161138124256e-05
FL-2023-000131-GTM,FL-2023-000131-GTM,0.3803379032114092,6.334262820853168e-05,1.0605795468095311,6.717989591912916e-05
FL-2012-000128-SSD,FL-2012-000128-SSD,0.37558691854114984,5.5860468848900144e-05,1.202591215503273,6.717730913158154e-05
FL-2009-000242-IRQ,FL-2009-000242-IRQ,0.383177106983645,6.823316891475705e-05,0.9788779086310397,6.679194168654586e-05
FL-2024-000116-LBR,FL-2024-000116-LBR,0.38433456149454115,7.032251654115685e-05,0.9411318740645284,6.618276178131274e-05
FL-2007-000088-ECU,FL-2007-000088-ECU,0.3790865806866493,6.128922232116402e-05,1.0783214306239797,6.608948189518873e-05
FL-2019-000118-SEN,FL-2019-000118-SEN,0.38044137734823624,6.351516830414286e-05,1.0381953499928476,6.594115238737421e-05
FL-2008-000158-PAN,FL-2008-000158-PAN,0.38487125100301034,7.13107025427135e-05,0.9235086414861772,6.585605002864623e-05
Philippines: Floods - Jun 1990,Philippines: Floods - Jun 1990,0.38711468760591516,7.55781910534324e-05,0.8681427258296911,6.561265679440399e-05
FL-2024-000198-SEN,FL-2024-000198-SEN,0.37289244462316906,5.1979947884136116e-05,1.257934930722009,6.53873921405644e-05
FL-2025-000032-IRQ,FL-2025-000032-IRQ,0.38954056300121453,8.04501533126879e-05,0.8107511442535587,6.522505385363593e-05
FL-2005-000117-GTM,FL-2005-000117-GTM,0.3861399648274747,7.369661268944962e-05,0.8832004049243507,6.508887816887495e-05
FL-2014-000162-LKA,FL-2014-000162-LKA,0.3779579169030194,5.948869847521399e-05,1.0916819458806812,6.494273810933072e-05
FL-2006-000190-BDI,FL-2006-000190-BDI,0.3932749657974578,8.850402449886683e-05,0.7328323699678426,6.485861402519658e-05
FL-2024-000103-NPL,FL-2024-000103-NPL,0.3800327087848362,6.283617959573454e-05,1.0276933790072569,6.457632573264728e-05
FL-2021-000057-LKA,FL-2021-000057-LKA,0.37633080604935476,5.697675440900169e-05,1.1314393379937777,6.446574128955493e-05
FL-2008-000170-DOM,FL-2008-000170-DOM,0.3850695248622277,7.167892623433341e-05,0.8986920832348044,6.441728354156697e-05
FL-2003-000624-HTI,FL-2003-000624-HTI,0.3900046760470278,8.141382161486862e-05,0.7906381692162378,6.436887487047709e-05
FL-2008-000231-PAN,FL-2008-000231-PAN,0.3818390975105975,6.588763952572086e-05,0.9748120178597551,6.422806283808411e-05
1993-08-01T00:00:00+00:00,1993-08-01T00:00:00+00:00,0.3816057480179803,6.548609251962421e-05,0.9751121616043547,6.385628523183352e-05
FL-1999-000247-KOR,FL-1999-000247-KOR,0.3717381881188402,5.039318155294913e-05,1.2639620274706846,6.36950679263639e-05
FL-2006-000112-ETH,FL-2006-000112-ETH,0.37802335435079515,5.959177404826697e-05,1.0654891162362259,6.349438666563683e-05
Tunisia: Floods - Oct 1986,Tunisia: Floods - Oct 1986,0.3748268068218866,5.474020651449653e-05,1.1587436410513112,6.342986620850842e-05
FL-2024-000144-MLI,FL-2024-000144-MLI,0.3792706138370081,6.158741069593741e-05,1.0257206390657925,6.317147825744434e-05
FL-2023-000160-NER,FL-2023-000160-NER,0.37761238727575797,5.894708389497068e-05,1.068084370484078,6.296045899383188e-05
FL-2000-000038-PHL,FL-2000-000038-PHL,0.3734605922010278,5.2777378593967455e-05,1.1869100960213697,6.264200349472209e-05
FL-2007-000153-GHA,FL-2007-000153-GHA,0.37552217741939214,5.576425502182265e-05,1.1152536052692246,6.219128645824017e-05
FL-2001-000082-ZWE,FL-2001-000082-ZWE,0.37586953674309304,5.6282228744574525e-05,1.103078973774151,6.20837431252873e-05
FL-2002-000475-TJK,FL-2002-000475-TJK,0.37475597288256246,5.4636847612155976e-05,1.1361467856691416,6.207547879364573e-05
FL-2008-000166-GTM,FL-2008-000166-GTM,0.380255330962699,6.320524415281362e-05,0.9801994697852303,6.195374680623394e-05
FL-2009-000011-PHL,FL-2009-000011-PHL,0.3824090897048501,6.687781371519472e-05,0.9235680341481627,6.176621094106941e-05
FL-2007-000210-PHL,FL-2007-000210-PHL,0.38209342850615724,6.63278140673462e-05,0.9253870742606627,6.137890180188673e-05
FL-2015-000155-NGA,FL-2015-000155-NGA,0.3745041547968862,5.427082227986554e-05,1.1309728897968445,6.137882870551051e-05
Philippines: Floods - Feb 1989,Philippines: Floods - Feb 1989,0.37522319794886017,5.5321864081583094e-05,1.1089965925561163,6.135175876032825e-05
FL-2011-000181-VEN,FL-2011-000181-VEN,0.3854959754481793,7.247671221257866e-05,0.8434253806112476,6.112869858334601e-05
FL-1999-000423-TGO,FL-1999-000423-TGO,0.37799105126401705,5.9540870892094594e-05,1.0262432439346245,6.110341649099581e-05
FL-2001-000407-IDN,FL-2001-000407-IDN,0.38375621321558073,6.927143748584144e-05,0.8809214759172519,6.102269694893709e-05
FL-2021-000173-IDN,FL-2021-000173-IDN,0.3775832138951257,5.8901558694180225e-05,1.033714069822925,6.0887369956674936e-05
FL-2008-000024-PHL,FL-2008-000024-PHL,0.3814315741055627,6.518781161854333e-05,0.9337647066375215,6.087007779233113e-05
FL-2008-000126-TCD,FL-2008-000126-TCD,0.37571198634613756,5.6046759265301156e-05,1.083157735234383,6.070748083303028e-05
FL-2006-000191-LKA,FL-2006-000191-LKA,0.36955090182362366,4.750536555497055e-05,1.2757451495342207,6.060473968360372e-05
FL-2009-000219-NPL,FL-2009-000219-NPL,0.3895818113102314,8.053538229243008e-05,0.7491056022368088,6.032950605354246e-05
FL-2008-000167-VCT,FL-2008-000167-VCT,0.3739244708415718,5.34366073570433e-05,1.1194341065259241,5.9818760812508394e-05
FL-2016-000123-DOM,FL-2016-000123-DOM,0.37676637692801135,5.7639657167482854e-05,1.0354648515724754,5.9683839053616e-05
FL-2015-000053-CAF,FL-2015-000053-CAF,0.3709163757874651,4.929014281945287e-05,1.200744524918978,5.918486912293251e-05
FL-2011-000045-GTM,FL-2011-000045-GTM,0.3678701463896451,4.538846039456331e-05,1.3016118343545413,5.907815719269599e-05
FL-2005-000166-CRI,FL-2005-000166-CRI,0.39437596834886557,9.101320947788944e-05,0.6447646378504476,5.8682099048618304e-05
FL-2020-000175-GEO,FL-2020-000175-GEO,0.37500750026683344,5.500466682313097e-05,1.0606407542579777,5.8340191306994396e-05
FL-2023-000041-PRY,FL-2023-000041-PRY,0.38232411457415183,6.672935302633446e-05,0.8705618226000267,5.809202719152633e-05
FL-2014-000019-BDI,FL-2014-000019-BDI,0.3870225680842938,7.539853431793754e-05,0.7596781974796384,5.7278622643257445e-05
FL-2012-000068-DOM,FL-2012-000068-DOM,0.366533518872045,4.376601077198108e-05,1.3071503900505754,5.7208758051552755e-05
FL-2019-000011-IDN,FL-2019-000011-IDN,0.37647688206896757,5.719830125570341e-05,0.9907720767246441,5.6670479720235085e-05
FL-2004-000115-PAN,FL-2004-000115-PAN,0.37929670532813364,6.162979217413268e-05,0.9177618050112175,5.6561469308198216e-05
FL-2024-000209-PAN,FL-2024-000209-PAN,0.372238028386517,5.1074884390446746e-05,1.105818542180244,5.647955419866832e-05
FL-2005-000196-LKA,FL-2005-000196-LKA,0.36684457336660875,4.413884763839329e-05,1.2685548662514894,5.599254996241687e-05
FL-2011-000038-KAZ,FL-2011-000038-KAZ,0.37111213446344066,4.9550900283928636e-05,1.1284426954486195,5.5915351478302195e-05
FL-2005-000194-COL,FL-2005-000194-COL,0.38111755450541673,6.46531264454273e-05,0.863710436619626,5.5841580071003895e-05
FL-2020-000242-COL,FL-2020-000242-COL,0.37169284037560973,5.033174145683198e-05,1.1047518015144244,5.560408204779337e-05
FL-2010-000149-GTM,FL-2010-000149-GTM,0.3666066046032124,4.385335728697706e-05,1.266258028789791,5.552966575402199e-05
Nepal: Floods and Landslides - Jul 1993,name=Nepal: Floods and Landslides - Jul 1993,0.36890852847522626,4.668603101240482e-05,1.1890383157151128,5.551147968241335e-05
Colombia: Floods and Landslides - Mar-Jul 2014,name=Colombia: Floods and Landslides - Mar-Jul 2014,0.38857790428434186,7.848397968207426e-05,0.7070564559739085,5.549260452473567e-05
FL-2023-000018-MOZ,FL-2023-000018-MOZ,0.3714509496412436,5.000514948763055e-05,1.105614086557909,5.5286397673958344e-05
FL-2010-000089-AZE,FL-2010-000089-AZE,0.3724615380322209,5.138239258078539e-05,1.0703967476559106,5.499954590525187e-05
FL-2024-000165-CAF,FL-2024-000165-CAF,0.3732435891618619,5.2471510944981935e-05,1.047691057383914,5.497393278447974e-05
FF-2023-000133-AFG,FF-2023-000133-AFG,0.3684137249335093,4.606361427749329e-05,1.1905710968816803,5.4842007776689816e-05
FL-2010-000139-SDN,FL-2010-000139-SDN,0.3833735275706458,6.85837472005951e-05,0.793326664779713,5.4409315424743095e-05
FL-2022-000190-TUN,FL-2022-000190-TUN,0.37139239489297826,4.9926378313365975e-05,1.0842181471624253,5.413108538944795e-05
FL-2022-000287-TCD,FL-2022-000287-TCD,0.37203982540092984,5.0803580219643356e-05,1.0617334466933017,5.393986033096159e-05
FL-2000-000476-NPL,FL-2000-000476-NPL,0.3826047025637047,6.722070083000007e-05,0.8017257032301318,5.389256364455411e-05
FL-2011-000109-PAK,FL-2011-000109-PAK,0.36642018192566433,4.363086870752502e-05,1.2338103813705061,5.383221875955792e-05
FL-2018-000004-COD,FL-2018-000004-COD,0.3703817427544134,4.858427299043961e-05,1.1027004698435565,5.357390065356537e-05
FL-2009-000247-MYS,FL-2009-000247-MYS,0.3747109271973039,5.457120960751228e-05,0.9816944353369297,5.3572252801299996e-05
FL-2019-000131-CIV,FL-2019-000131-CIV,0.37008349243784244,4.819446219984682e-05,1.1114192483318486,5.356425295191144e-05
FL-2024-000038-AFG,FL-2024-000038-AFG,0.37333932341193676,5.2606251979168546e-05,1.0169769888963047,5.34993477348951e-05
India: Floods - Jul 1993,India: Floods - Jul 1993,0.3756681874529311,5.598145661978868e-05,0.9482412412603194,5.308392591270914e-05
FL-2021-000123-CAF,FL-2021-000123-CAF,0.36958664377715345,4.7551331448667224e-05,1.1137895613764779,5.296217659707859e-05
El Salvador: Floods in South Eastern Region - Oct 1992,El Salvador: Floods in South Eastern Region - Oct 1992,0.37496688033949177,5.49451160987774e-05,0.9628448857586056,5.290362403312065e-05
FL-2015-000037-HTI,FL-2015-000037-HTI,0.37244925645197074,5.1365452218268807e-05,1.0256893838267023,5.268499903573605e-05
FL-2014-000070-LKA,FL-2014-000070-LKA,0.36449285089042505,4.138949671111135e-05,1.2712089853111195,5.261470011666977e-05
FL-2010-000176-MRT,FL-2010-000176-MRT,0.3674321288874788,4.485091327247482e-05,1.1720801829873777,5.2568866635553294e-05
FL-2005-000182-IND,FL-2005-000182-IND,0.3879487721866579,7.722249284887141e-05,0.6806810703680618,5.256388908885979e-05
FL-2002-000788-LKA,FL-2002-000788-LKA,0.3744417555259547,5.418046489079963e-05,0.9639019405394029,5.2224655247568755e-05
FL-2005-000098-BGR,FL-2005-000098-BGR,0.3705806963245687,4.8845879105136184e-05,1.0690227847551823,5.221735770478766e-05
FL-2023-000063-CMR,FL-2023-000063-CMR,0.37099954673125934,4.9400778181093546e-05,1.0563752295074629,5.218575838889996e-05
FL-2021-000051-SOM,FL-2021-000051-SOM,0.36651915463184576,4.37488621456258e-05,1.1926575207202363,5.217740946093347e-05
FL-2001-000146-AGO,FL-2001-000146-AGO,0.37566400036402253,5.597521740156858e-05,0.931842117402311,5.2160065105532356e-05
FL-2011-000082-NPL,FL-2011-000082-NPL,0.3720548011683855,5.082403395552956e-05,1.025863139158339,5.213850301830957e-05
FL-2015-000113-PRK,FL-2015-000113-PRK,0.3660149205998696,4.315070520538641e-05,1.2051154702949778,5.200158239714919e-05
name,name,0.36785000561893055,4.536361648180596e-05,1.1460299969121097,5.1988065256566214e-05
FF-2016-000034-YEM,FF-2016-000034-YEM,0.37176975757385455,5.0435993764215646e-05,1.0241076022751958,5.1651884642237615e-05
FL-2014-000006-PHL,FL-2014-000006-PHL,0.37245533376490464,5.1373834215119005e-05,1.0048551818492002,5.162326352252407e-05
FL-2019-000094-GTM,FL-2019-000094-GTM,0.36703419845591223,4.436753655370483e-05,1.1627948729486577,5.1590344030010133e-05
FL-2024-000024-DZA,FL-2024-000024-DZA,0.36708478239533865,4.442872096556538e-05,1.1597469097454667,5.1526071843758076e-05
FL-2001-000549-GIN,FL-2001-000549-GIN,0.3717323154835051,5.0385221118682324e-05,1.0199342550969517,5.1389612969578455e-05
FL-2024-000048-URY,FL-2024-000048-URY,0.37294283661450833,5.205023535155411e-05,0.9844872518135657,5.124279315750081e-05
FL-2000-000438-KHM,FL-2000-000438-KHM,0.37225413483500747,5.10969883972061e-05,1.0010572321421671,5.1151009775707566e-05
FL-2013-000052-SOM,FL-2013-000052-SOM,0.36834664438402487,4.597981061369421e-05,1.11224014258995,5.114059111323415e-05
Afghanistan: Flash Floods - Sep 1992,Afghanistan: Flash Floods - Sep 1992,0.3684391111693082,4.609536511532117e-05,1.103779548130716,5.087912127790957e-05
FL-2011-000107-MMR,FL-2011-000107-MMR,0.36617642855501487,4.3341490787561223e-05,1.1654079728699487,5.0510518919893284e-05
FF-2023-000136-VNM,FF-2023-000136-VNM,0.3649373171454419,4.189698293484865e-05,1.2027362338812573,5.039101946604717e-05
Montenegro: Floods - Nov 1992,name=Montenegro: Floods - Nov 1992,0.383106858836777,6.810817968293901e-05,0.7375578699637254,5.023372393405518e-05
FL-1999-000213-IND,FL-1999-000213-IND,0.36978976961336396,4.7813322180535266e-05,1.046094414060121,5.001724925071482e-05
FF-2006-000069-IDN,FF-2006-000069-IDN,0.37376668933139273,5.3211553430567564e-05,0.9360516519312406,4.980876249051024e-05
FL-2023-000139-LAO,FL-2023-000139-LAO,0.36502348999701284,4.199601970324416e-05,1.184828348999989,4.975807468956578e-05
FL-2015-000080-MMR,FL-2015-000080-MMR,0.362811015422542,3.951888142259746e-05,1.2536908885177969,4.954446156392567e-05
FL-2014-000053-TZA,FL-2014-000053-TZA,0.3674702598345725,4.489747987750205e-05,1.0970028156440832,4.925266184094331e-05
FL-2013-000074-HTI,FL-2013-000074-HTI,0.3616684180295356,3.829180734523193e-05,1.2836627123722097,4.915376527841453e-05
FL-2010-000179-ETH,FL-2010-000179-ETH,0.3696670038714793,4.765482465056704e-05,1.030549003575644,4.9110632059213896e-05
FL-2010-000160-NPL,FL-2010-000160-NPL,0.3670599336816217,4.439865542243323e-05,1.1019919218781706,4.892695961777385e-05
FL-2010-000219-PHL,FL-2010-000219-PHL,0.3655916563083873,4.265429371761542e-05,1.141795195185297,4.870246762079568e-05
FL-2021-000145-BEN,FL-2021-000145-BEN,0.3683274775546943,4.5955890731004996e-05,1.0516858033389702,4.8331157861594926e-05
FL-2009-000198-BEN,FL-2009-000198-BEN,0.369130142882079,4.6967247360368977e-05,1.0265844801221053,4.821584721421071e-05
FL-2009-000172-BFA,FL-2009-000172-BFA,0.3643264845859108,4.120096923506548e-05,1.1667415435722015,4.807088244199109e-05
FL-2013-000145-COL,FL-2013-000145-COL,0.3747278877994217,5.459591529530789e-05,0.8790758244423693,4.799394924940854e-05
FL-2019-000047-GEO,FL-2019-000047-GEO,0.3634817768248975,4.0255611085505995e-05,1.178251681752609,4.743124146147641e-05
FL-1997-000337-IND,FL-1997-000337-IND,0.3657847429199139,4.288010780993416e-05,1.1040807822685879,4.734310297455349e-05
FL-2016-000026-PNG,FL-2016-000026-PNG,0.3621148484807648,3.876710172196544e-05,1.213394111780414,4.703977296022521e-05
FL-2023-000236-DOM,FL-2023-000236-DOM,0.3594402056259188,3.599701925263851e-05,1.3006578060128464,4.6819804084139e-05
FF-2007-000080-BGD,FF-2007-000080-BGD,0.38121262686530755,6.481458922417568e-05,0.7213395261756768,4.6753325080238015e-05
FL-2024-000123-BFA,FL-2024-000123-BFA,0.36224006171580425,3.8901360628819815e-05,1.1979418788258864,4.660156904057177e-05
FL-2008-000198-BLZ,FL-2008-000198-BLZ,0.36393816900232545,4.076393100592941e-05,1.1420312108925819,4.6553681487443225e-05
FL-2015-000055-TJK,FL-2015-000055-TJK,0.3573141716031204,3.392363743720375e-05,1.363091174686871,4.6241010803929576e-05
FL-1999-000547-VEN,FL-1999-000547-VEN,0.36588527995704856,4.299811095369309e-05,1.075232993321348,4.623298754790286e-05
FL-2021-000134-NPL,FL-2021-000134-NPL,0.36034957835447684,3.6918171442217723e-05,1.2467249920120518,4.602680699639845e-05
FL-2013-000119-MRT,FL-2013-000119-MRT,0.3631102996851204,3.984608703471797e-05,1.148465884201649,4.576187157830324e-05
FL-2025-000060-HTI,FL-2025-000060-HTI,0.3622041964716288,3.886286170271295e-05,1.177091149533168,4.574513055579492e-05
FL-2008-000103-SLV,FL-2008-000103-SLV,0.36667553878708925,4.3935885930610765e-05,1.0346663695692608,4.54589835896342e-05
FL-2007-000093-SDN,FL-2007-000093-SDN,0.36518404727174303,4.2181107200122146e-05,1.0741772764800994,4.530998685114232e-05
FL-2001-000620-DZA,FL-2001-000620-DZA,0.3573108689077143,3.392050196734638e-05,1.33508580894901,4.5286780809031126e-05
FL-2020-000210-VNM,FL-2020-000210-VNM,0.36140180579059444,3.80104649842574e-05,1.1895555246609049,4.5215558616953265e-05
FL-2011-000093-BGD,FL-2011-000093-BGD,0.37032614270387937,4.851138970062394e-05,0.9269344239735141,4.4966877068302516e-05
FL-2019-000031-SYR,FL-2019-000031-SYR,0.3612752437312533,3.7877562806694623e-05,1.178799139258512,4.465003843374185e-05
FL-2008-000191-CRI,FL-2008-000191-CRI,0.38508187756656304,7.170192354660312e-05,0.6221635888955922,4.4610326084471967e-05
FL-2022-000379-MYS,FL-2022-000379-MYS,0.36297811615009445,3.970127216903e-05,1.122068941813632,4.4547564451358496e-05
FL-2008-000243-PNG,FL-2008-000243-PNG,0.3612379883636496,3.7838520888031377e-05,1.173640633936972,4.44088256422665e-05
FL-1997-000301-UGA,FL-1997-000301-UGA,0.3686349683478741,4.63409887477791e-05,0.9567646009320045,4.433741760606338e-05
FL-2010-000242-AGO,FL-2010-000242-AGO,0.3571486722032181,3.3766838334497696e-05,1.3120034095843343,4.430220702574398e-05
FL-2006-000125-THA,FL-2006-000125-THA,0.3635407886291091,4.032101443392058e-05,1.0964339239819898,4.420932807471799e-05
UGA-2011-000110,UGA-2011-000110,0.36337283518431907,4.013512080337578e-05,1.0988605320725724,4.410290020079448e-05
FL-2010-000019-MEX,FL-2010-000019-MEX,0.36788143748714275,4.5402393471941576e-05,0.971123387516118,4.409132614981159e-05
FL-1998-000221-NPL,FL-1998-000221-NPL,0.3635006268509673,4.027649236417415e-05,1.0933566224100346,4.4036569653817e-05
FL-2000-000484-BTN,FL-2000-000484-BTN,0.36454451219105805,4.144819743797041e-05,1.0601525816656658,4.394141351925257e-05
FL-2001-000274-WSM,FL-2001-000274-WSM,0.3560220771784799,3.2716685342769856e-05,1.3345437786795291,4.366184888320925e-05
FL-2009-000023-ECU,FL-2009-000023-ECU,0.36871016964069236,4.6435610892577835e-05,0.9391312908770322,4.36091352002102e-05
ST-2015-000041-PRY,ST-2015-000041-PRY,0.3690896800940201,4.691578885300054e-05,0.9269775136144309,4.348988130021408e-05
FL-2017-000075-CHN,FL-2017-000075-CHN,0.36290321397087105,3.961942282839181e-05,1.0948289270937435,4.337649018728157e-05
FL-2010-000259-AUS,FL-2010-000259-AUS,0.35862185611461983,3.518580892562362e-05,1.2316167879767448,4.333543297134004e-05
FL-2010-000152-THA,FL-2010-000152-THA,0.3570478159377427,3.367160424828653e-05,1.2831284616978387,4.32049937620023e-05
FL-2009-000136-BIH,FL-2009-000136-BIH,0.3711506224843372,4.9602313487531815e-05,0.8669569720381771,4.3003071507239015e-05
FL-2019-000084-IND,FL-2019-000084-IND,0.3612886754378733,3.78916475093097e-05,1.1318124044523812,4.2886236676173894e-05
FL-2001-000450-THA,FL-2001-000450-THA,0.35791830104224487,3.450158544540303e-05,1.2397633775051489,4.277380210107535e-05
FL-2007-000221-KEN,FL-2007-000221-KEN,0.3662621618644413,4.344307370050392e-05,0.974842278689549,4.235014495947726e-05
FL-2012-000110-IND,FL-2012-000110-IND,0.36887265773423766,4.6640655808865926e-05,0.9076110411740193,4.233157417972387e-05
FL-2014-000045-SLB,FL-2014-000045-SLB,0.35901750310325875,3.557592669768991e-05,1.1890977676758543,4.23032550192229e-05
FL-2021-000126-MYS,FL-2021-000126-MYS,0.3639232132481241,4.07471824849776e-05,1.0369812416402933,4.2254063886615676e-05
FL-2008-000051-LKA,FL-2008-000051-LKA,0.3667884239327792,4.407133498733713e-05,0.9575666418010185,4.220124024351215e-05
FL-2016-000009-IDN,FL-2016-000009-IDN,0.35994172127643287,3.650243965302155e-05,1.1491797495702376,4.194786445916202e-05
Chad: Floods - Sep 1988,Chad: Floods - Sep 1988,0.3619129958008095,3.855154459853187e-05,1.0852717500654687,4.183890227417565e-05
FL-2009-000044-BIH,FL-2009-000044-BIH,0.3691994569800675,4.70555155417709e-05,0.8874544487949036,4.175962660788231e-05
FL-1997-000144-CHN,FL-1997-000144-CHN,0.35706891794067563,3.369150990970202e-05,1.23024943393917,4.144896099496685e-05
ST-1998-000296-PHL,ST-1998-000296-PHL,0.3607491933707709,3.7329630134199825e-05,1.108207062894622,4.136895976996416e-05
FL-2015-000027-CHL,FL-2015-000027-CHL,0.3589053638456655,3.5464961211264085e-05,1.155946805097162,4.0995608605055495e-05
FL-2011-000118-GTM,FL-2011-000118-GTM,0.36580451580284146,4.290329274704508e-05,0.9552182830389102,4.098200963454813e-05
FF-2019-000054-YEM,FF-2019-000054-YEM,0.35723406051247897,3.384765614235492e-05,1.2008192634195207,4.0644917517339854e-05
FL-2024-000059-YEM,FL-2024-000059-YEM,0.36037770442661554,3.694699700497229e-05,1.0930394963322032,4.038452699730233e-05
FL-2022-000277-SDN,FL-2022-000277-SDN,0.36117671021955444,3.7774382972134434e-05,1.0675858088870211,4.0327395200514256e-05
FF-2009-000069-IDN,FF-2009-000069-IDN,0.3686883592641979,4.640815006584941e-05,0.8612099711014543,3.996716157708212e-05
FL-2019-000098-CAF,FL-2019-000098-CAF,0.35687902394956833,3.351276217608825e-05,1.186559142506317,3.976487435067741e-05
FL-2013-000085-NIC,FL-2013-000085-NIC,0.3585420557727662,3.5107592007014836e-05,1.1269320283443198,3.956386987075006e-05
FL-2003-000273-TJK,FL-2003-000273-TJK,0.3626966748357565,3.9394513389102785e-05,1.0016291954033019,3.945869474923162e-05
FL-2021-000084-TCD,FL-2021-000084-TCD,0.3584942497055674,3.506080951078002e-05,1.1145222233746586,3.9076051369269925e-05
FL-2016-000071-LBR,FL-2016-000071-LBR,0.36116997494887637,3.7767339346735546e-05,1.0193781830294557,3.849920176113215e-05
FL-2020-000202-GIN,FL-2020-000202-GIN,0.35810714962700985,3.468405914185642e-05,1.1057838285302726,3.8353071706852394e-05
FL-2008-000175-UGA,FL-2008-000175-UGA,0.36355813451688,4.034025722599268e-05,0.9427683053348588,3.803151594172141e-05
FL-2006-000027-IDN,FL-2006-000027-IDN,0.3628648955013225,3.9577609076359834e-05,0.9608535718134472,3.802828704485666e-05
FL-2002-000782-MKD,FL-2002-000782-MKD,0.3603383107199984,3.6906629263201064e-05,1.0286208969532604,3.796293009623533e-05
FL-2007-000023-IDN,FL-2007-000023-IDN,0.36440665962568863,4.1291727459108246e-05,0.916897628320032,3.786028697649349e-05
FL-2017-000149-TGO,FL-2017-000149-TGO,0.354451179055472,3.1301435385753685e-05,1.1893964633714496,3.7229816546265376e-05
FL-2007-000040-HTI,FL-2007-000040-HTI,0.35992602702222243,3.6486526905430544e-05,1.019159487257912,3.71855900527606e-05
FL-2011-000131-GIN,FL-2011-000131-GIN,0.3539348464084465,3.084844158375852e-05,1.2042646272999216,3.7149687006648354e-05
FL-2008-000018-ECU,FL-2008-000018-ECU,0.3613600959596319,3.796661941089225e-05,0.9773183345548795,3.710547325133217e-05
FL-2014-000098-SDN,FL-2014-000098-SDN,0.35698178547562054,3.360938562890301e-05,1.100317560627309,3.69809972093771e-05
FL-2003-000293-TLS,FL-2003-000293-TLS,0.3578764550820207,3.446126918823878e-05,1.0697950005147083,3.6866493488969404e-05
FL-2008-000069-CHL,FL-2008-000069-CHL,0.359021696204883,3.55800819635228e-05,1.033221040168237,3.676208929562216e-05
FL-2007-000051-TUN,FL-2007-000051-TUN,0.3568799028788681,3.3513587544716366e-05,1.093065903907382,3.6632559862744575e-05
FL-2017-000160-HND,FL-2017-000160-HND,0.353215690671271,3.0227336250469173e-05,1.2060733944327546,3.645638603626361e-05
FL-2007-000122-VNM,FL-2007-000122-VNM,0.35176501068901495,2.9008574598579862e-05,1.2537362894429918,3.636910267925374e-05
FL-2016-000060-IND,FL-2016-000060-IND,0.3541763659141337,3.105959401994049e-05,1.168540290886529,3.6294387030878756e-05
FL-2002-000125-ECU,FL-2002-000125-ECU,0.3643569990735615,4.1235490481159506e-05,0.8770809761459832,3.616686424307378e-05
FL-2019-000120-PHL,FL-2019-000120-PHL,0.3522755286166971,2.943233734967435e-05,1.2286625910741495,3.616241186941936e-05
Philippines: Floods and Landslides - Jun 2018,Philippines: Floods and Landslides - Jun 2018,0.35732890440928333,3.3937627453774915e-05,1.0625282512687408,3.605968795066947e-05
FL-2005-000209-THA,FL-2005-000209-THA,0.3530497559360748,3.0085633177941296e-05,1.1913966804489575,3.584392349740428e-05
ST-2012-000061-VNM,ST-2012-000061-VNM,0.3466366438652752,2.5046365394318325e-05,1.4292565034998714,3.579768062886359e-05
LS-2022-000283-LKA,LS-2022-000283-LKA,0.35983791797541054,3.639730707150122e-05,0.9815867798894264,3.572711544496153e-05
FL-2000-000375-CHL,FL-2000-000375-CHL,0.3586670811942535,3.523020622926872e-05,1.0133991498781652,3.570226104277336e-05
FL-2009-000174-NER,FL-2009-000174-NER,0.36160686050341856,3.822668293164399e-05,0.9234579036877298,3.530073248499148e-05
FL-2023-000217-PRY,FL-2023-000217-PRY,0.351570152236527,2.8848283036566988e-05,1.2209609052027184,3.522262576987106e-05
FL-2015-000040-SOM,FL-2015-000040-SOM,0.3599354801232674,3.649611086343615e-05,0.9639478737922579,3.5180348468495804e-05
FL-2022-000002-IRN,FL-2022-000002-IRN,0.35597568827862947,3.267408120210212e-05,1.0761675131954946,3.51627847132139e-05
FL-2009-000192-MEX,FL-2009-000192-MEX,0.3595559153341607,3.6113067583563066e-05,0.966761847016349,3.491273591851167e-05
FL-2006-000158-PRK,FL-2006-000158-PRK,0.35835713297847877,3.4926939649514865e-05,0.9986709167128025,3.488051883775374e-05
FL-2016-000137-ARG,FL-2016-000137-ARG,0.35848526404363074,3.5052022506540925e-05,0.9911432885271344,3.47415768566601e-05
FL-2014-000107-MMR,FL-2014-000107-MMR,0.35943200887397125,3.598881125708671e-05,0.9521660688837085,3.4267324938458006e-05
FL-2006-000023-DZA,FL-2006-000023-DZA,0.35839257061549806,3.4961493981810554e-05,0.9697453972774113,3.39037478708027e-05
FL-2023-000036-PER,FL-2023-000036-PER,0.35481736691480076,3.1626321892656e-05,1.0717795343349823,3.389644455083911e-05
FL-1995-000012-PHL,FL-1995-000012-PHL,0.34742948915504285,2.5625171323718825e-05,1.3115398697141116,3.3608433859311976e-05
FL-2005-000138-PNG,FL-2005-000138-PNG,0.35194983099150157,2.916134895771902e-05,1.1437040377671508,3.335195254968014e-05
FL-2004-000052-JPN,FL-2004-000052-JPN,0.3546169998714085,3.144817971735177e-05,1.0587350877770016,3.329529131347735e-05
FL-2024-000077-LKA,FL-2024-000077-LKA,0.35342596046251046,3.0407762812470608e-05,1.0924845776964491,3.322001191487574e-05
FL-2022-000261-GEO,FL-2022-000261-GEO,0.3546830527288958,3.1506805900838935e-05,1.0491729788203328,3.3056089400097226e-05
FL-2011-000061-DOM,FL-2011-000061-DOM,0.35532657759509273,3.208314463406434e-05,1.0300527521279053,3.304733142723561e-05
FL-2008-000035-PRY,FL-2008-000035-PRY,0.3571648699838013,3.378215575047288e-05,0.9689476692755781,3.2733141077525265e-05
FL-2006-000120-BFA,FL-2006-000120-BFA,0.35149655934858304,2.8787952836820554e-05,1.130238094179754,3.253724094962471e-05
FL-2010-000195-MLI,FL-2010-000195-MLI,0.357070164888905,3.369268649569773e-05,0.9643639910627344,3.249201361861656e-05
FF-2020-000140-IDN,FF-2020-000140-IDN,0.35367511786172534,3.062281208159328e-05,1.0585469561406466,3.2415684517437586e-05
FL-2006-000062-THA,FL-2006-000062-THA,0.3617983304143345,3.8429575213470355e-05,0.8376615682858721,3.219097824187546e-05
FL-1999-000244-VNM,FL-1999-000244-VNM,0.3510167501906503,2.8397389014287325e-05,1.132847715441496,3.216991726933883e-05
FL-2014-000163-COL,FL-2014-000163-COL,0.3555104594002924,3.224956235791007e-05,0.9955467519351162,3.210594705674636e-05
Sri Lanka: Floods - Jun 1989,Sri Lanka: Floods - Jun 1989,0.3572535061525183,3.3866085252533003e-05,0.9466660273505467,3.2059872387930354e-05
FF-2007-000083-IND,FF-2007-000083-IND,0.3596733080442371,3.6231147825060555e-05,0.8813888050539815,3.193372808726429e-05
FF-2006-000039-YEM,FF-2006-000039-YEM,0.3569715489638612,3.359974932548594e-05,0.9450246075942967,3.1752589921584086e-05
FL-2021-000152-GEO,FL-2021-000152-GEO,0.3528561347233277,2.9921042732232748e-05,1.0591574472605578,3.1691095239645704e-05
FL-1998-000219-KOR,FL-1998-000219-KOR,0.35118637228727084,2.8534912723341888e-05,1.1090488289439522,3.16466115398402e-05
FL-2024-000162-CMR,FL-2024-000162-CMR,0.3489022196838669,2.673236141119725e-05,1.17910520477484,3.152026647586476e-05
FL-2009-000266-ALB,FL-2009-000266-ALB,0.3616163534792117,3.8236719462687686e-05,0.8243171924381797,3.151918523552902e-05
OT-2004-000112-COL,OT-2004-000112-COL,0.36075465818174113,3.733528540059732e-05,0.8326011254375424,3.1085400643069174e-05
FL-2008-000032-KAZ,FL-2008-000032-KAZ,0.3542504899325598,3.1124658535478456e-05,0.9978373267784768,3.1057346069934724e-05
Iran: Floods - Nov 1994,Iran: Floods - Nov 1994,0.3625814543889997,3.926954477345968e-05,0.7892158406827257,3.0992146791613916e-05
FL-2024-000168-DZA,FL-2024-000168-DZA,0.3522642992539923,2.942295665305835e-05,1.0502118589927467,3.090033800367142e-05
FL-2018-000060-LKA,FL-2018-000060-LKA,0.3525280273067159,2.9643979719632604e-05,1.0416733122822366,3.087934254377714e-05
FL-2019-000030-IRQ,FL-2019-000030-IRQ,0.3496864719975504,2.7339358176968594e-05,1.1268493447600907,3.080733784787849e-05
FL-2024-000098-SLV,FL-2024-000098-SLV,0.3448147861693854,2.376067682673647e-05,1.2955779011577304,3.078380781327036e-05
Lao PDR: Floods - Aug 1996,name=Lao PDR: Floods - Aug 1996,0.35323537578293873,3.0244186513769148e-05,1.016133336585506,3.073212615455061e-05
FL-2019-000062-SSD,FL-2019-000062-SSD,0.35139821605176014,2.870750993261352e-05,1.0669924753090707,3.0630697082959033e-05
FL-2018-000120-NGA,FL-2018-000120-NGA,0.35273339087345973,2.9817122750050056e-05,1.0265078744630958,3.06075112967591e-05
FL-2011-000120-SDN,FL-2011-000120-SDN,0.352824221153842,2.9893992083519763e-05,1.019268556883517,3.0470006170456468e-05
FL-2022-000331-SLV,FL-2022-000331-SLV,0.35186255708998565,2.9089117451494598e-05,1.046746663649171,3.0448936640850844e-05
FL-2003-000212-AZE,FL-2003-000212-AZE,0.3535974858740285,3.0555661105231283e-05,0.9848576335172745,3.009297608665391e-05
Djibouti: Floods - Apr 2004,Djibouti: Floods - Apr 2004,0.35337566678224364,3.0364519261590085e-05,0.9882468827637481,3.0007641506886185e-05
FL-2011-000196-IDN,FL-2011-000196-IDN,0.3445472083187936,2.357693543012138e-05,1.2683581214268749,2.990399753115148e-05
FL-1999-000286-GMB,FL-1999-000286-GMB,0.3480715256287274,2.610267211192641e-05,1.1434551069584922,2.9847233731645262e-05
FF-2007-000100-MLI,FF-2007-000100-MLI,0.35160449487226353,2.8876475466518167e-05,1.032850525424288,2.982508285799485e-05
FL-2019-000058-TJK,FL-2019-000058-TJK,0.354670451156643,3.149561360350244e-05,0.9455169340537894,2.977963601052645e-05
Djibouti: Floods - Nov 1994,Djibouti: Floods - Nov 1994,0.3545201904462627,3.136243247967826e-05,0.949468318420347,2.977763602805179e-05
FL-2004-000059-AFG,FL-2004-000059-AFG,0.3506261516091058,2.808297091353455e-05,1.05356410211551,2.9587210035254014e-05
FL-2022-000316-NER,FL-2022-000316-NER,0.35415512065776433,3.10409679621436e-05,0.94956722049458,2.9475485669274005e-05
FL-2013-000070-IND,FL-2013-000070-IND,0.34971269595787485,2.735986764176099e-05,1.077139003407864,2.94703805650175e-05
FL-2022-000348-CRI,FL-2022-000348-CRI,0.3572678978018396,3.387973038622965e-05,0.869648665727101,2.9463462325578536e-05
FF-2007-000081-NPL,FF-2007-000081-NPL,0.3488892220867339,2.672240451773541e-05,1.0925989789075539,2.9196871890032313e-05
FL-2001-000492-VNM,FL-2001-000492-VNM,0.35094769408494253,2.8341571793686914e-05,1.0278730882613472,2.9131538925757658e-05
FL-2012-000198-PAN,FL-2012-000198-PAN,0.34676650910156764,2.5140358379056774e-05,1.1516842231061208,2.8953754108393456e-05
Tanzania: Floods - May 1995,Tanzania: Floods - May 1995,0.35128927560623424,2.861863499333841e-05,1.0095645424628938,2.8892359142962257e-05
1994-01-01T00:00:00+00:00,1994-01-01T00:00:00+00:00,0.3523593591872143,2.950245216809276e-05,0.9792699859742091,2.8890865920852972e-05
FL-2010-000023-ECU,FL-2010-000023-ECU,0.3512798673289183,2.861097123514027e-05,1.0050325257665347,2.8754956685086697e-05
FL-2006-000030-SRB,FL-2006-000030-SRB,0.36094523832571956,3.753299048594423e-05,0.7659743515955046,2.8749308050911377e-05
FL-1999-000240-SRB,FL-1999-000240-SRB,0.35394559664737896,3.085781261495059e-05,0.9277347612612893,2.8627865419376785e-05
FL-2004-000142-ALB,FL-2004-000142-ALB,0.3566149986306695,3.326565271116564e-05,0.8548694500312184,2.8437790238123682e-05
FL-2023-000110-CHL,FL-2023-000110-CHL,0.3517310665043375,2.898059441539353e-05,0.978626075734756,2.8361165385197157e-05
FL-2022-000135-ZMB,FL-2022-000135-ZMB,0.34403573046697006,2.3229266350604706e-05,1.2189092023041321,2.83143665175258e-05
China: Floods - Jun 1994,China: Floods - Jun 1994,0.3515962975175333,2.8869743872253062e-05,0.9760523910513278,2.817838253555202e-05
FL-2022-000378-BIH,FL-2022-000378-BIH,0.3512408363434937,2.8579197247648677e-05,0.9789655437483893,2.7978049373436856e-05
FL-2011-000043-VCT,FL-2011-000043-VCT,0.3494622720985105,2.7164577980058558e-05,1.0288152889065125,2.7947333142577434e-05
FL-2003-000027-TUN,FL-2003-000027-TUN,0.3537016192587949,3.0645765944135464e-05,0.9069463005317308,2.779406404999496e-05
FL-2018-000065-TJK,FL-2018-000065-TJK,0.3378019950513852,1.9347377331023614e-05,1.4353974911294434,2.777117688088596e-05
FL-2018-000014-ARG,FL-2018-000014-ARG,0.34636686407801326,2.4852116241403044e-05,1.1137801849313482,2.7679794623285246e-05
FL-2019-000156-DJI,FL-2019-000156-DJI,0.3477969913867526,2.5897521854955763e-05,1.0579254007457344,2.739764618672549e-05
FL-2021-000153-UGA,FL-2021-000153-UGA,0.3425188444368493,2.2225150045168515e-05,1.2225799823486727,2.7172023549918726e-05
FL-2005-000208-BIH,FL-2005-000208-BIH,0.3522845768837828,2.9439897977960264e-05,0.9162380586784109,2.6973954971016785e-05
FL-2020-000038-EGY,FL-2020-000038-EGY,0.3392791990839805,2.021028055756035e-05,1.329767132388454,2.687496682179315e-05
China: Floods - May 1987,China: Floods - May 1987,0.3453840655741149,2.415588612025263e-05,1.1104745493488628,2.682449675350999e-05
FF-2014-000015-ZWE,FF-2014-000015-ZWE,0.3438246317740238,2.308712559138117e-05,1.1599076147138132,2.6778932775297167e-05
FL-2007-000068-COL,FL-2007-000068-COL,0.3576297228183496,3.422441716796631e-05,0.7818122360681077,2.6757068114215475e-05
FL-1997-000526-ECU,FL-1997-000526-ECU,0.3502234514478286,2.77620950514423e-05,0.9609815296317132,2.6678860568316038e-05
FL-2022-000332-BEN,FL-2022-000332-BEN,0.34541883694387865,2.418021595922257e-05,1.0977457972017661,2.654373044466765e-05
FF-2017-000122-CMR,FF-2017-000122-CMR,0.34400133705356184,2.3206054388246685e-05,1.1398719755326612,2.645193105984913e-05
USA: Storms and Tornadoes - Apr 2011,USA: Storms and Tornadoes - Apr 2011,0.3365190509205424,1.8625011694610387e-05,1.4111840373957132,2.628331919974266e-05
FF-2020-000204-TUN,FF-2020-000204-TUN,0.3453314842385139,2.411913633704268e-05,1.0850181584319483,2.6169700891387134e-05
FL-2020-000054-BDI,FL-2020-000054-BDI,0.34622539126402374,2.47507946676795e-05,1.0550987498746878,2.611453251227373e-05
FL-2001-000252-ECU,FL-2001-000252-ECU,0.347625664814067,2.577023176256787e-05,1.0045332304500523,2.5887054161898848e-05
FL-2014-000123-SSD,FL-2014-000123-SSD,0.3405862357387923,2.1002496764431937e-05,1.229472017724319,2.5821982074214616e-05
FL-2021-000091-PHL,FL-2021-000091-PHL,0.3482515474072709,2.6237989158193945e-05,0.9804501633100483,2.572504075507853e-05
FL-1997-000142-CZE,FL-1997-000142-CZE,0.3516904753321979,2.8947167013223142e-05,0.8861912863935222,2.5652727172896348e-05
FL-2016-000021-PAK,FL-2016-000021-PAK,0.34082980280966285,2.1153178439915312e-05,1.2119023313188628,2.563558626613727e-05
FL-2006-000045-HUN,FL-2006-000045-HUN,0.34342285705761083,2.2818756263777853e-05,1.11989572468407,2.555462758241266e-05
FL-2015-000006-MWI,FL-2015-000006-MWI,0.3395356563275449,2.036356842946442e-05,1.2458327290676428,2.536960003003535e-05
FL-2019-000100-MLI,FL-2019-000100-MLI,0.3474676838790133,2.565335634289256e-05,0.9879592955377479,2.534447186070295e-05
FL-2024-000088-BGD,FL-2024-000088-BGD,0.3448295087979435,2.3770823921766653e-05,1.0651890538676798,2.5320421442881832e-05
FL-2020-000154-CIV,FL-2020-000154-CIV,0.3405871809528995,2.100307964483255e-05,1.204144706950617,2.529074718398736e-05
FL-2019-000064-SDN,FL-2019-000064-SDN,0.3402594509755287,2.0801850419578887e-05,1.207726031282668,2.5122936250573713e-05
FL-2024-000020-PAK,FL-2024-000020-PAK,0.3421396522979539,2.198032435767805e-05,1.1424260343540067,2.5110894789756912e-05
FL-2001-000095-HUN,FL-2001-000095-HUN,0.34855759192014696,2.6469483396242594e-05,0.929591846342594,2.4605815942047786e-05
FL-1999-000391-MEX,FL-1999-000391-MEX,0.3481931741710077,2.6194042717362983e-05,0.9381273009124613,2.457334659442545e-05
FL-2010-000196-LKA,FL-2010-000196-LKA,0.3392098521206487,2.016900973391299e-05,1.212821481693282,2.446140826977058e-05
FL-2021-000097-BGD,FL-2021-000097-BGD,0.3404541174847172,2.0921167157797348e-05,1.167269358243163,2.4420637361980048e-05
FL-2024-000128-SDN,FL-2024-000128-SDN,0.34216063328475377,2.1993807044464837e-05,1.106871100441691,2.4344309406209007e-05
FL-2007-000155-ROM,FL-2007-000155-ROM,0.3492535281476695,2.7002751539852587e-05,0.8986487971175168,2.42659901901517e-05
Indonesia: Floods and Landslides - Jan 1989,Indonesia: Floods and Landslides - Jan 1989,0.333968015371662,1.7260316599573236e-05,1.3981220969467434,2.4132030038160014e-05
FL-2012-000123-PRK,FL-2012-000123-PRK,0.33774340050478724,1.9313843890031134e-05,1.2400305385199288,2.3949756239845143e-05
FL-2013-000024-MKD,FL-2013-000024-MKD,0.34457941860961283,2.3598985804808878e-05,1.012158913963861,2.3885923842843923e-05
FL-1990-000004-VNM,FL-1990-000004-VNM,0.33502649633705384,1.7815235007996375e-05,1.3388746942864604,2.3852367324972595e-05
FL-2017-000088-SDN,FL-2017-000088-SDN,0.3425199991389379,2.222589931245472e-05,1.0719224581628997,2.3824440625887564e-05
FL-2021-000096-PAN,FL-2021-000096-PAN,0.34351816207852526,2.2882160893543015e-05,1.037436087285692,2.373877946603894e-05
FL-2008-000079-LKA,FL-2008-000079-LKA,0.3458808800009488,2.4505611972199797e-05,0.9571957497487085,2.3456667624780712e-05
FL-2024-000074-ETH,FL-2024-000074-ETH,0.34139957645077257,2.150947348925189e-05,1.0897711550904126,2.3440403769768636e-05
FL-2020-000161-BGD,FL-2020-000161-BGD,0.3407095167763038,2.1078642857042925e-05,1.110546280177668,2.340880841608259e-05
FL-2022-000249-CIV,FL-2022-000249-CIV,0.34334901449447897,2.2769738967171388e-05,1.023474098609534,2.330423806500012e-05
FL-2010-000174-KEN,FL-2010-000174-KEN,0.34521347568234534,2.4036841739343864e-05,0.9668381107047667,2.3239734654576697e-05
FL-2000-000741-LKA,FL-2000-000741-LKA,0.34356279565124226,2.2911909246367598e-05,1.013293031042013,2.3216477967211345e-05
FL-2011-000042-COL,FL-2011-000042-COL,0.3514271834168027,2.8731183628981805e-05,0.8050454036566094,2.3129907322125823e-05
FL-2023-000052-ETH,FL-2023-000052-ETH,0.34010069310326024,2.070499690775345e-05,1.1124995665878057,2.3034300086077572e-05
FL-1993-000013-PHL,FL-1993-000013-PHL,0.3394370757139092,2.0304522132832705e-05,1.133970277619954,2.3024724599908804e-05
ST-2012-000064-COD,ST-2012-000064-COD,0.338530359223104,1.9768613961936705e-05,1.1546951626353135,2.282672291385323e-05
FL-1998-000111-TJK,FL-1998-000111-TJK,0.34211250888244,2.1962892641656373e-05,1.0388109267052203,2.281529285820632e-05
FL-2001-000390-POL,FL-2001-000390-POL,0.3368511511830903,1.8809634596450223e-05,1.209049552596024,2.2741780293332837e-05
FL-2023-000014-ZMB,FL-2023-000014-ZMB,0.3366399900173935,1.869205510150033e-05,1.206847055818516,2.2558451666443148e-05
FL-2021-000092-CRI,FL-2021-000092-CRI,0.3486926396477779,2.657221770900214e-05,0.847698183481849,2.2525220683005336e-05
FF-2008-000123-PAK,FF-2008-000123-PAK,0.3449268618767312,2.383801959612558e-05,0.9434455865501481,2.2489874380060622e-05
FL-2010-000091-VNM,FL-2010-000091-VNM,0.3399001347859134,2.058322246728518e-05,1.0820602515614735,2.2272286880896374e-05
FL-2011-000091-BEN,FL-2011-000091-BEN,0.34050562122190414,2.0952838154404746e-05,1.0550833377129152,2.2106990414507878e-05
FL-2013-000004-KEN,FL-2013-000004-KEN,0.3444362844275776,2.3501141465991205e-05,0.935073356510655,2.1975291232436132e-05
FF-2022-000209-AFG,FF-2022-000209-AFG,0.33959949113788324,2.040188560797969e-05,1.0750035318817837,2.19320990856263e-05
FL-2005-000063-SRB,FL-2005-000063-SRB,0.34779346202505335,2.5894893955627636e-05,0.8449809676901925,2.1880692552861156e-05
FL-2021-000050-AFG,FL-2021-000050-AFG,0.33674919506009926,1.8752780182597074e-05,1.1586867556596938,2.1728598029372804e-05
FL-2009-000179-LBR,FL-2009-000179-LBR,0.342192734458197,2.2014450131217114e-05,0.9840111740692383,2.1662464920107648e-05
FL-2013-000013-BWA,FL-2013-000013-BWA,0.3395524251017997,2.0373627696451212e-05,1.0534703310426612,2.146301231392039e-05
FL-1999-000161-LKA,FL-1999-000161-LKA,0.33187568704517256,1.620893105483403e-05,1.3231195184395432,2.144635305169176e-05
FF-2009-000196-IDN,FF-2009-000196-IDN,0.3443776750271648,2.3461182447287107e-05,0.9083004588291629,2.1309802781545584e-05
Cambodia: Floods - Aug 1994,Cambodia: Floods - Aug 1994,0.34482262279992926,2.3766077485228333e-05,0.8858442088700285,2.1053042107845886e-05
FL-2010-000107-PHL,FL-2010-000107-PHL,0.3391105021633996,2.0110015240365938e-05,1.0440934584066572,2.0996735360924257e-05
FL-2017-000130-GTM,FL-2017-000130-GTM,0.3341210653407779,1.7339580040542684e-05,1.201624894182623,2.0835671031388227e-05
FL-2010-000026-DOM,FL-2010-000026-DOM,0.3384728134666918,1.973503558381614e-05,1.0490817664059833,2.070366599035477e-05
FL-2024-000167-THA,FL-2024-000167-THA,0.331702868340856,1.612472327423957e-05,1.2835865378512363,2.069747772139042e-05
FL-2006-000145-GIN,FL-2006-000145-GIN,0.3355173300784831,1.8077966272933493e-05,1.1375018543000035,2.056372015743477e-05
FL-2003-000585-MKD,FL-2003-000585-MKD,0.3383534630395601,1.9665557300719908e-05,1.044377937487487,2.0538274173267852e-05
FF-2008-000063-PHL,FF-2008-000063-PHL,0.3429092390547587,2.2479770096574145e-05,0.9110661229691897,2.0480556987124534e-05
FL-2011-000187-COD,FL-2011-000187-COD,0.3368453359093983,1.880638762295307e-05,1.0853096249747856,2.0410753498197643e-05
FL-1997-000522-MDA,FL-1997-000522-MDA,0.3428883918336019,2.246610722324541e-05,0.9078244357618784,2.0395281113708626e-05
FL-2009-000237-THA,FL-2009-000237-THA,0.3383788950293191,1.9680343715070072e-05,1.0324588619508415,2.0319145274862642e-05
FL-1999-000437-KHM,FL-1999-000437-KHM,0.3371793756251781,1.8993719548622125e-05,1.069362166100396,2.0311165078817992e-05
FL-2009-000267-SRB,FL-2009-000267-SRB,0.34996689020896576,2.755938894795429e-05,0.7348109754309236,2.0250941475126505e-05
FL-2024-000015-ECU,FL-2024-000015-ECU,0.3364049911149696,1.8561980255912646e-05,1.0902025804351165,2.023631877298165e-05
FL-2016-000097-PRK,FL-2016-000097-PRK,0.33810170219096725,1.951971949871608e-05,1.034797506250793,2.019895705998638e-05
FL-2020-000200-BFA,FL-2020-000200-BFA,0.33357213264558994,1.7056802294943474e-05,1.179752844001357,2.0122811017028435e-05
Burundi: Floods - Feb 1989,Burundi: Floods - Feb 1989,0.35340236649367107,3.038746933093727e-05,0.6606774662799159,2.0076316244222286e-05
Bangladesh: Floods - Jun 1993,Bangladesh: Floods - Jun 1993,0.3391765487147616,2.0149216675704214e-05,0.9963714048033698,2.007610332485889e-05
FL-2024-000035-IRQ,FL-2024-000035-IRQ,0.34015999404239183,2.074112707822809e-05,0.9517697258080438,1.9740776832194943e-05
FL-2009-000123-BGD,FL-2009-000123-BGD,0.34725352341444654,2.549568061555626e-05,0.7725988685349205,1.9697933996106474e-05
FL-2015-000056-COL,FL-2015-000056-COL,0.33467691271831357,1.7630212263022066e-05,1.1169319001335634,1.9691746482695287e-05
FL-2011-000180-PAN,FL-2011-000180-PAN,0.3377407982112381,1.9312355821021113e-05,1.008200937283557,1.9470735239907045e-05
FL-2025-000036-ARG,FL-2025-000036-ARG,0.32882702596689994,1.4780020814614859e-05,1.314214219679874,1.9424113521731365e-05
FL-2011-000170-COL,FL-2011-000170-COL,0.34672963342148133,2.51136365279503e-05,0.7680165233769249,1.928768781554814e-05
Bangladesh: Floods - Jul 1996,Bangladesh: Floods - Jul 1996,0.34593774101892083,2.45459277395787e-05,0.7856917613361736,1.928553319934003e-05
FL-2023-000089-ARG,FL-2023-000089-ARG,0.3310003329618485,1.578644374900158e-05,1.2153291011417195,1.9185724491698405e-05
FL-2021-000005-IDN,FL-2021-000005-IDN,0.3368079266071857,1.878551209733005e-05,1.0205820190497432,1.9172155865176477e-05
FL-2005-000001-CRI,FL-2005-000001-CRI,0.3500019810043346,2.7587034916142736e-05,0.6942423209153187,1.9152087147354866e-05
FF-2022-000309-SLE,FF-2022-000309-SLE,0.33133563619015793,1.5947091324604144e-05,1.196452650536421,1.9079939683668993e-05
FL-2007-000106-IDN,FL-2007-000106-IDN,0.34005921431702935,2.0679758883440642e-05,0.9201287593720849,1.9028040885534092e-05
FL-2005-000100-KGZ,FL-2005-000100-KGZ,0.32984655575853544,1.5244722931197128e-05,1.2450017166675804,1.8979706219462053e-05
FL-1998-000085-IRN,FL-1998-000085-IRN,0.34193929539505125,2.1851946293069282e-05,0.8666405740383654,1.893778327928109e-05
FL-2004-000021-COL,FL-2004-000021-COL,0.3457832739532377,2.4436545974821954e-05,0.7729927578880663,1.888927306633615e-05
FL-2021-000055-TJK,FL-2021-000055-TJK,0.33251376431691965,1.6523280484992953e-05,1.1378608539843575,1.8801194043277152e-05
FL-2011-000122-NER,FL-2011-000122-NER,0.33537754550857496,1.8002790176343375e-05,1.0388296068906175,1.870183144182506e-05
FL-2012-000210-MWI,FL-2012-000210-MWI,0.33476839099982925,1.767846078646267e-05,1.055907660515866,1.8666822170555274e-05
Bangladesh: Floods - Jul 1991,Bangladesh: Floods - Jul 1991,0.34523489078535025,2.4051757007636898e-05,0.7760463103390562,1.8665277282948154e-05
LS-2010-000040-UGA,LS-2010-000040-UGA,0.3421138263204539,2.1963738423389746e-05,0.848757747990263,1.864189316168349e-05
FL-2011-000161-SOM,FL-2011-000161-SOM,0.33710967756208965,1.8954494292667796e-05,0.9834528228611097,1.8640850918028938e-05
FL-2007-000129-PAK,FL-2007-000129-PAK,0.34974045450592794,2.738159237583946e-05,0.6733911312339389,1.843852146495313e-05
FL-2002-000263-CRI,FL-2002-000263-CRI,0.35293245108613747,2.9985819524642394e-05,0.61387757718801,1.84076222397844e-05
FL-2008-000168-NPL,FL-2008-000168-NPL,0.34238828605753735,2.214057929803338e-05,0.8284146526395197,1.8341580308418065e-05
LS-2022-000224-GTM,LS-2022-000224-GTM,0.33075642613709066,1.5670501913395496e-05,1.1665467743114344,1.8280373458912678e-05
1993-08-00:00:00+00:00,1993-08-00:00:00+00:00,0.3412558219362852,2.1419074094484884e-05,0.8503605405079919,1.8213935424166894e-05
FL-2022-000201-ZAF,FL-2022-000201-ZAF,0.33538562488689017,1.8007127590205425e-05,1.0098830260946445,1.818509250206902e-05
FF-2008-000227-ETH,FF-2008-000227-ETH,0.3412247941443893,2.13996073284768e-05,0.849511519256154,1.8179212933099453e-05
FL-2024-000031-MWI,FL-2024-000031-MWI,0.3326573764711215,1.65947831231853e-05,1.0898465961995627,1.8085767901473447e-05
FL-2000-000617-BGD,FL-2000-000617-BGD,0.34260926768653915,2.2283893073438857e-05,0.8096868541290794,1.804297528038149e-05
FF-2020-000123-YEM,FF-2020-000123-YEM,0.33249910466223115,1.6515997251575952e-05,1.082595733416551,1.788014815767561e-05
FF-2020-000240-ZMB,FF-2020-000240-ZMB,0.32840160962665477,1.4589915312310248e-05,1.2241109429031103,1.7859674989828624e-05
FL-2012-000183-COL,FL-2012-000183-COL,0.3315869643873993,1.6068468613452468e-05,1.1081396423212708,1.7806107061961783e-05
FF-2013-000118-BEN,FF-2013-000118-BEN,0.32873652057690467,1.4739391065164022e-05,1.2075093409994648,1.7797952391829608e-05
FL-2009-000121-CZE,FL-2009-000121-CZE,0.3409409159103178,2.122224066203148e-05,0.8338900564640452,1.7697015463954986e-05
FL-2004-000100-PAN,FL-2004-000100-PAN,0.3338349472589359,1.7191666793277614e-05,1.0286129960378907,1.7683571887118404e-05
FL-2021-000129-VEN,FL-2021-000129-VEN,0.3277500594827529,1.430302151158408e-05,1.2359545412754298,1.7677884391202507e-05
Bangladesh: Floods - May 1984,Bangladesh: Floods - May 1984,0.32904746550810854,1.4879402772543903e-05,1.1865219890231302,1.7654738573155072e-05
FL-2013-000051-ECU,FL-2013-000051-ECU,0.32465448619390136,1.3008106529169775e-05,1.3545163959289632,1.761969357375106e-05
FL-2012-000126-PAN,FL-2012-000126-PAN,0.3399302950833289,2.060149383551778e-05,0.8526290636893213,1.756543239957885e-05
FL-2010-000051-KAZ,FL-2010-000051-KAZ,0.33185572776625705,1.6199185507104193e-05,1.0701404681681588,1.7335403962515334e-05
FL-2018-000140-MLI,FL-2018-000140-MLI,0.3349031250697406,1.774974020058957e-05,0.9723384285301737,1.7258754493460113e-05
FL-2013-000103-YEM,FL-2013-000103-YEM,0.3271722009612056,1.4052835290554149e-05,1.2259024872779882,1.722740573599822e-05
FL-2023-000135-CMR,FL-2023-000135-CMR,0.33356727102919526,1.7054316529999653e-05,1.007577538281096,1.7183546266363654e-05
FL-2013-000083-THA,FL-2013-000083-THA,0.32964892013395675,1.515362634055468e-05,1.1294300963517903,1.7114961657891698e-05
FL-2017-000078-NER,FL-2017-000078-NER,0.32307914729579756,1.2390512773660147e-05,1.3737310931814115,1.7021232657638396e-05
FL-2019-000104-THA,FL-2019-000104-THA,0.32330459122947963,1.2477245505456076e-05,1.3579010130864204,1.694286431238679e-05
FL-2015-000145-SOM,FL-2015-000145-SOM,0.33180724015588237,1.617553235023366e-05,1.0458367139854998,1.6916965600134517e-05
FF-2005-000072-TJK,FF-2005-000072-TJK,0.3225973003697099,1.2206953412051374e-05,1.3809450525369613,1.6857131920921525e-05
FL-2018-000058-COL,FL-2018-000058-COL,0.33343085713431375,1.6984700315794303e-05,0.991294406755453,1.6836838423464468e-05
FL-2013-000116-NGA,FL-2013-000116-NGA,0.32626286903231216,1.3667104304857869e-05,1.2298958129711375,1.68091143599845e-05
FL-2003-000229-LKA,FL-2003-000229-LKA,0.3270540176173749,1.4002155129559842e-05,1.1976431040334385,1.6769584532523782e-05
FL-2015-000024-ARG,FL-2015-000024-ARG,0.3293347152591804,1.5009807490753037e-05,1.1150032385892976,1.6735983962791533e-05
FL-2005-000176-BGD,FL-2005-000176-BGD,0.33826580616808116,1.961466930469491e-05,0.852603025726979,1.672352639781698e-05
FL-2015-000105-GIN,FL-2015-000105-GIN,0.33047592901668654,1.5538114636477204e-05,1.071153748426473,1.6643709736342803e-05
FL-2009-000144-NER,FL-2009-000144-NER,0.3295459472182677,1.5106357219069848e-05,1.0987319238695548,1.6597836929969352e-05
FF-2006-000163-AFG,FF-2006-000163-AFG,0.33189448602956073,1.6218114888923648e-05,1.0230726450626195,1.6592309697340567e-05
FL-2019-000101-NER,FL-2019-000101-NER,0.327123114994317,1.403176591232284e-05,1.1793461107574137,1.6548308555756396e-05
FL-2004-000044-BGD,FL-2004-000044-BGD,0.33877586799869136,1.9912448559077592e-05,0.8296031651469546,1.6519430350436685e-05
FL-2007-000176-CRI,FL-2007-000176-CRI,0.3475942391793063,2.5746944744254067e-05,0.6360302711368748,1.6375836246634048e-05
FL-2010-000096-IDN,FL-2010-000096-IDN,0.3285344438395218,1.4649037170172113e-05,1.0988211437996545,1.6096671778892174e-05
FL-2018-000134-IND,FL-2018-000134-IND,0.3329661227484647,1.6749447645082882e-05,0.9601907828334073,1.6082665246359304e-05
FL-2016-000084-PHL,FL-2016-000084-PHL,0.33106388666805237,1.5816780706835187e-05,1.015846385922298,1.6067419517964052e-05
FL-2015-000042-RWA,FL-2015-000042-RWA,0.3242533283689328,1.2848263266048279e-05,1.249561737281718,1.6054698167776168e-05
FL-2023-000167-LBR,FL-2023-000167-LBR,0.3274607464935006,1.4177265588364393e-05,1.1239561416844555,1.5934624730333844e-05
FL-2023-000068-YEM,FL-2023-000068-YEM,0.3256353208041908,1.3406488978558934e-05,1.1881661189135326,1.592913597791142e-05
FL-2006-000151-PAN,FL-2006-000151-PAN,0.3351631168829292,1.7888017262889088e-05,0.8861876983942245,1.5852140847035837e-05
FL-2009-000124-VNM,FL-2009-000124-VNM,0.32638238884014065,1.3717253593952045e-05,1.1555969844310696,1.5851616887847236e-05
FL-2021-000208-IRQ,FL-2021-000208-IRQ,0.3297537486190283,1.5201883947840459e-05,1.0347036442805968,1.572944472076123e-05
FF-2021-000090-SDN,FF-2021-000090-SDN,0.32549329594002163,1.334813160812294e-05,1.1734838122689721,1.5663816366168075e-05
FL-2010-000119-PAN,FL-2010-000119-PAN,0.3301944177116686,1.5406261593792534e-05,1.0125237531271618,1.5599205810605667e-05
FL-2010-000245-MAR,FL-2010-000245-MAR,0.32547684052238857,1.334138495251512e-05,1.150616667361314,1.5350819892047328e-05
China: Floods and Landslides - Jul 1989,name=China: Floods and Landslides - Jul 1989,0.3249518188825603,1.3127732609396535e-05,1.1642613331648382,1.528411146924753e-05
FL-2018-000165-CRI,FL-2018-000165-CRI,0.3407597447260027,2.1109737957133824e-05,0.7234581139813008,1.5272011209107514e-05
FL-2015-000071-GEO,FL-2015-000071-GEO,0.32803244040329604,1.4426731498717717e-05,1.0505572323321797,1.5156107114892363e-05
FL-2006-000013-MWI,FL-2006-000013-MWI,0.3314584387366323,1.60062945198858e-05,0.9463273276685,1.5147193918878486e-05
FL-2015-000110-ARG,FL-2015-000110-ARG,0.3210719831639276,1.1641906461147472e-05,1.2876324492768365,1.4990496530819147e-05
LS-2015-000135-LKA,LS-2015-000135-LKA,0.32074166180093955,1.1522686604574539e-05,1.290597047444825,1.4871145310495934e-05
FL-2008-000155-CHL,FL-2008-000155-CHL,0.3257191958282578,1.3441060591661192e-05,1.1026017644863366,1.4820137124933394e-05
China: Floods in Zhejiang Province - Aug 1988,name=China: Floods in Zhejiang Province - Aug 1988,0.32342878178880574,1.2525257114815856e-05,1.1830173894671492,1.481759697437429e-05
FL-2021-000147-THA,FL-2021-000147-THA,0.3196277502804249,1.1128708835722256e-05,1.3245466846045788,1.4740494392285597e-05
FL-2021-000039-BDI,FL-2021-000039-BDI,0.3279257254189519,1.4379867335439339e-05,1.0111286560166783,1.4539895932580913e-05
China: Floods - May 1988,China: Floods - May 1988,0.33172487484112656,1.6135424257532846e-05,0.8982643528768322,1.4493876429085883e-05
FF-2020-000006-IRN,FF-2020-000006-IRN,0.32133113103071265,1.1736214185164529e-05,1.2339055159670984,1.4481379419645817e-05
FF-2007-000091-AFG,FF-2007-000091-AFG,0.32818033498181465,1.4491907046198129e-05,0.9987067503482862,1.4473165392457964e-05
FL-2011-000102-BRA,FL-2011-000102-BRA,0.32473114396791325,1.3038854069742815e-05,1.1038786858666811,1.4393313095715125e-05
Bangladesh: Floods - Jul 1993,Bangladesh: Floods - Jul 1993,0.3329026929330363,1.671756740228238e-05,0.8603121344647399,1.4382326094915712e-05
FL-2019-000079-BGD,FL-2019-000079-BGD,0.32152626930331507,1.1807681062216349e-05,1.2169646553574989,1.4369530514451385e-05
FF-2012-000115-RUS,FF-2012-000115-RUS,0.3209913580910636,1.1612705233383586e-05,1.2274737437024292,1.4254290767334143e-05
Moldova: Floods - Aug 1994,Moldova: Floods - Aug 1994,0.32991496722469194,1.5276370609096045e-05,0.9253720476383611,1.4136326351021685e-05
FL-2011-000059-CHN,FL-2011-000059-CHN,0.3244233077527062,1.291577526240135e-05,1.0913766390536792,1.4095975396652238e-05
FL-2017-000004-THA,FL-2017-000004-THA,0.32391826414990466,1.2716112579541479e-05,1.0982925831634236,1.3966012132781516e-05
LS-2011-000104-ECU,LS-2011-000104-ECU,0.3254005638272356,1.3310151878278865e-05,1.046388478883193,1.3927589577616495e-05
FL-2010-000162-HND,FL-2010-000162-HND,0.3202866638956003,1.1360267524454729e-05,1.2241609596770127,1.3906795994924102e-05
FF-2014-000060-AFG,FF-2014-000060-AFG,0.32050721804726207,1.1438738870671013e-05,1.2150620330886253,1.3898777308167407e-05
FF-2012-000148-PAK,FF-2012-000148-PAK,0.31876864127599697,1.0833178845103936e-05,1.2682719122340163,1.3739416449453061e-05
FL-2023-000199-SDN,FL-2023-000199-SDN,0.32350525141634956,1.2554902634947479e-05,1.0919778288263946,1.3709675320436728e-05
FF-2004-000060-VNM,FF-2004-000060-VNM,0.3141028716055456,9.348007850309796e-06,1.463389408328373,1.3679775677113837e-05
FL-2023-000085-HTI,FL-2023-000085-HTI,0.32399148830289753,1.2744887565209973e-05,1.0690779120906408,1.362527778804465e-05
FL-2003-000482-MEX,FL-2003-000482-MEX,0.3259543245138592,1.3538404102199341e-05,1.0003169105139786,1.354269456480182e-05
FL-2023-000259-COG,FL-2023-000259-COG,0.3201951644775418,1.1327855228919403e-05,1.1831497507677173,1.3402549090828774e-05
FF-2011-000143-SSD,FF-2011-000143-SSD,0.3264503326576145,1.3745835900129926e-05,0.9738577503891034,1.3386488826918305e-05
FF-2017-000101-VNM,FF-2017-000101-VNM,0.31609627513863603,9.958496651455439e-06,1.3377073830962212,1.3321554495190937e-05
FL-2012-000169-SEN,FL-2012-000169-SEN,0.32620165683167524,1.3641484240481062e-05,0.9642227294319949,1.3153429167860195e-05
FL-2004-000023-CRI,FL-2004-000023-CRI,0.33930647558315924,2.0226534580261733e-05,0.6208832606204117,1.2558316741244414e-05
FF-2012-000101-GAB,FF-2012-000101-GAB,0.31552160772705873,9.778923799042893e-06,1.2741047244558878,1.245937301245467e-05
FL-2010-000076-COL,FL-2010-000076-COL,0.3195651014686891,1.1106915178654854e-05,1.1209522992842493,1.2450322107468288e-05
afg-1991-flood,afg-1991-flood,0.3157534594619116,9.851019409422551e-06,1.2564334123624294,1.2377149931829302e-05
FL-2006-000018-IRQ,FL-2006-000018-IRQ,0.32237800735690403,1.2124227182393836e-05,1.0127814906988197,1.2279192879355981e-05
FL-2011-000148-KHM,FL-2011-000148-KHM,0.3188984024415523,1.0877358339527208e-05,1.1234947898668675,1.2220655421973739e-05
FL-2016-000042-KEN,FL-2016-000042-KEN,0.32007724163403223,1.1286205591285771e-05,1.0774902859535458,1.2160776889885013e-05
FF-2020-000055-SOM,FF-2020-000055-SOM,0.3216892874108596,1.1867684354182235e-05,1.018212889069999,1.208382917284272e-05
FL-2000-000048-BWA,FL-2000-000048-BWA,0.3201179163918174,1.1300556073728141e-05,1.0623346437323442,1.2004972210561363e-05
FL-2011-000063-HTI,FL-2011-000063-HTI,0.3176152486560617,1.0447525663477797e-05,1.148278435508363,1.1996668423791757e-05
FL-2015-000131-SLE,FL-2015-000131-SLE,0.31730460986812864,1.0345793760880433e-05,1.1427229576603417,1.1822376045777198e-05
FL-2004-000022-AFG,FL-2004-000022-AFG,0.3190106466888105,1.0915704612410376e-05,1.0740305380391386,1.1723800097943424e-05
Bangladesh: Floods - Aug 1986,Bangladesh: Floods - Aug 1986,0.3207532550401135,1.1526852168571239e-05,1.0124849879606508,1.1670764779120053e-05
FL-2012-000039-CHL,FL-2012-000039-CHL,0.31569277344064417,9.832102676070371e-06,1.1809039662177345,1.1610769046431503e-05
FF-2008-000092-KEN,FF-2008-000092-KEN,0.3206661577868236,1.1495590403618919e-05,1.0067078859630323,1.1572701513124123e-05
FL-2018-000092-MNG,FL-2018-000092-MNG,0.3194708614484178,1.1074204223978833e-05,1.031500359443832,1.1423045637588568e-05
FL-2016-000089-SEN,FL-2016-000089-SEN,0.3154802290961466,9.766106934638822e-06,1.1668188769061376,1.1395277925220512e-05
FL-1991-000010-PHL,FL-1991-000010-PHL,0.3105443843174357,8.341358779807191e-06,1.3530568313329396,1.1286332479617114e-05
FL-2021-000161-IND,FL-2021-000161-IND,0.31946266403829726,1.107136298481177e-05,1.010338230289432,1.1185821284966647e-05
FL-2023-000215-GHA,FL-2023-000215-GHA,0.3131511822713552,9.068606481730046e-06,1.232207094616741,1.1174401245075124e-05
FL-2024-000177-NPL,FL-2024-000177-NPL,0.31438860915687983,9.433395093365767e-06,1.1822831865149188,1.115294441063868e-05
FL-2006-000085-UKR,FL-2006-000085-UKR,0.316943411663884,1.0228625656913333e-05,1.0750292725240695,1.0996071998872573e-05
FL-2023-000193-NGA,FL-2023-000193-NGA,0.31410312749241903,9.348084005018549e-06,1.175681161425123,1.0990366260119823e-05
FL-2003-000389-BFA,FL-2003-000389-BFA,0.3168047334140743,1.0183958434061857e-05,1.0605355785233375,1.0800450249525414e-05
FF-2012-000062-KEN,FF-2012-000062-KEN,0.3159721449384604,9.919458924116566e-06,1.0853007035511752,1.0765595749190693e-05
FL-2019-000160-COG,FL-2019-000160-COG,0.31184910700262614,8.698513616146698e-06,1.2190888537934883,1.0604260994015329e-05
FF-2018-000041-SOM,FF-2018-000041-SOM,0.3168441962840496,1.0196651223527696e-05,1.009447103436575,1.0292980042343043e-05
FL-2010-000075-TJK,FL-2010-000075-TJK,0.31482384058557605,9.564805132664434e-06,1.0707477241626986,1.0241493327860141e-05
FL-2006-000071-ROM,FL-2006-000071-ROM,0.31608236470981177,9.954115089876995e-06,1.0212196594192295,1.0165338021903999e-05
FL-2005-000157-MDA,FL-2005-000157-MDA,0.31629310078677875,1.0020679887773304e-05,1.0060968725786879,1.0081774696200878e-05
FL-2001-000417-SDN,FL-2001-000417-SDN,0.3114495352900962,8.587700148909504e-06,1.163963410402066,9.995768752835036e-06
FL-2005-000017-VEN,FL-2005-000017-VEN,0.318922751311,1.0885666389821867e-05,0.9176096119267544,9.988792111528557e-06
FL-2019-000048-TZA,FL-2019-000048-TZA,0.3095735162470179,8.084217711439194e-06,1.2213880740169378,9.873967100508334e-06
FL-2016-000124-COD,FL-2016-000124-COD,0.3072086527662484,7.487458661909561e-06,1.3125392635260602,9.827583477784595e-06
2012-000025-VUT,2012-000025-VUT,0.30741868216382806,7.538805957502273e-06,1.277534232696297,9.63108268436394e-06
FL-2022-000333-THA,FL-2022-000333-THA,0.31394518062948773,9.301183359157066e-06,1.0333160681612519,9.611062217931045e-06
FL-1997-000143-POL,FL-1997-000143-POL,0.3083019723902826,7.758236810144134e-06,1.233104785558755,9.566718938086821e-06
FL-1999-000233-SVK,FL-1999-000233-SVK,0.3069513648156986,7.424986827092092e-06,1.2632598706634384,9.37968789887009e-06
FF-2007-000113-GMB,FF-2007-000113-GMB,0.30785888997783384,7.647456078884992e-06,1.2095060640956095,9.249644502316229e-06
FL-2016-000080-BFA,FL-2016-000080-BFA,0.30890729958199253,7.911916759695146e-06,1.1662442397342112,9.22722734625103e-06
FL-2016-000075-BGD,FL-2016-000075-BGD,0.3124774250704061,8.875370101471785e-06,1.0303519065285407,9.144754505197862e-06
FF-2024-000087-ARM,FF-2024-000087-ARM,0.3094583934482714,8.054204747466697e-06,1.124649599359199,9.058158142395379e-06
FL-2023-000144-SVN,FL-2023-000144-SVN,0.3029487309743817,6.51165490126936e-06,1.3855662998699905,9.022329587582076e-06
FL-2015-000153-IRQ,FL-2015-000153-IRQ,0.3120259593654392,8.747969729828368e-06,1.028424531293494,8.996626669168414e-06
Djibouti: Floods - Apr 1989,Djibouti: Floods - Apr 1989,0.31213701401170285,8.779154960000608e-06,1.0077916813703185,8.847559338149584e-06
FL-2023-000189-MMR,FL-2023-000189-MMR,0.3146022852543921,9.497706174356794e-06,0.9311581587735362,8.84386659388612e-06
FL-2015-000146-DZA,FL-2015-000146-DZA,0.3105150552462979,8.333484209530996e-06,1.0586689531644526,8.822401004316676e-06
FL-1999-000053-PHL,FL-1999-000053-PHL,0.3055100920417031,7.08362579012093e-06,1.2432398621173615,8.80664595060093e-06
FF-2009-000159-PAK,FF-2009-000159-PAK,0.316398508856255,1.0054125004768178e-05,0.8753042401744937,8.800418247917987e-06
FL-2009-000171-AFG,FL-2009-000171-AFG,0.3100725825626975,8.215493657280874e-06,1.0657008277559579,8.75525839098805e-06
FL-2001-000079-ROM,FL-2001-000079-ROM,0.3118451778640289,8.697417710239289e-06,0.9754964355574846,8.484299974892965e-06
FL-2008-000096-BGD,FL-2008-000096-BGD,0.3198162186977402,1.1194503630357555e-05,0.7559853858657142,8.462881146570994e-06
FL-2020-000132-UGA,FL-2020-000132-UGA,0.30575914807457244,7.141584785462091e-06,1.1565609422975855,8.259678028972137e-06
FL-2011-000124-ETH,FL-2011-000124-ETH,0.30670545902874624,7.3657175355062845e-06,1.1140674979889862,8.205906505675088e-06
FL-2017-000012-MOZ,FL-2017-000012-MOZ,0.30444405242840444,6.840296729191857e-06,1.1982479826023038,8.19637175615528e-06
FF-2021-000098-MNG,FF-2021-000098-MNG,0.3050177579560295,6.970296374620259e-06,1.1320748662636826,7.890897336116461e-06
FL-2014-000079-PHL,FL-2014-000079-PHL,0.307702999021972,7.608819665268012e-06,1.0365063874391671,7.88659018392304e-06
FL-2024-000215-CRI,FL-2024-000215-CRI,0.314965158210964,9.60782630722963e-06,0.8201727122971342,7.880076961680285e-06
FL-2010-000021-AFG,FL-2010-000021-AFG,0.30601920676370625,7.202559435339514e-06,1.0852931770014216,7.816888612121187e-06
FL-2022-000275-UGA,FL-2022-000275-UGA,0.3039050960158056,6.720163289170809e-06,1.149508740471743,7.724886438299182e-06
FL-2001-000096-UKR,FL-2001-000096-UKR,0.3053337694178238,7.04284924389385e-06,1.0716577207512192,7.547523768305731e-06
FL-2009-000102-HTI,FL-2009-000102-HTI,0.31025207282091816,8.26317437062937e-06,0.9021112794083416,7.454302803462679e-06
FL-1998-000193-ROM,FL-1998-000193-ROM,0.30788888043551993,7.654909210261604e-06,0.963506236832878,7.375552766476496e-06
FL-2006-000041-SRB,FL-2006-000041-SRB,0.3094650201461314,8.055929629580573e-06,0.9124205484011927,7.3503957305033234e-06
FF-2011-000049-IRQ,FF-2011-000049-IRQ,0.30606243340684164,7.212739856622055e-06,1.0077513232427067,7.268648134716286e-06
FF-2022-000274-IRN,FF-2022-000274-IRN,0.3041816018559835,6.781557151167622e-06,1.061292911805653,7.197218535539136e-06
FL-2002-000641-THA,FL-2002-000641-THA,0.3010956490483265,6.124135600934707e-06,1.1603592484795837,7.10619738348766e-06
FL-2009-000039-CRI,FL-2009-000039-CRI,0.3153231786954892,9.717598675560747e-06,0.7165421116254692,6.963068674915161e-06
FL-2010-000262-ECU,FL-2010-000262-ECU,0.29525548371287,5.034771024457909e-06,1.369373617071581,6.8944826088891155e-06
FF-2008-000194-VNM,FF-2008-000194-VNM,0.30011622345704275,5.927816185654655e-06,1.1575172522881112,6.861549503287968e-06
FL-1999-000253-PHL,FL-1999-000253-PHL,0.2966052235678558,5.269724997361094e-06,1.2987188406129038,6.8438911389216376e-06
FF-2005-000067-IDN,FF-2005-000067-IDN,0.3067382714528133,7.373601432834682e-06,0.9074775324699321,6.691377633685573e-06
FL-2004-000036-MKD,FL-2004-000036-MKD,0.3036005917209898,6.653131948461718e-06,0.9980071080496405,6.6398729753569495e-06
FL-2022-000374-TTO,FL-2022-000374-TTO,0.2943610354818868,4.884309996411772e-06,1.3478906419910999,6.5835157367470094e-06
FL-2012-000042-COL,FL-2012-000042-COL,0.3006110713545443,6.02628565348534e-06,1.0883756360583356,6.55886248118133e-06
FF-2025-000055-SOM,FF-2025-000055-SOM,0.29507914437791366,5.004781882946849e-06,1.306794101216083,6.540219442508064e-06
FL-2023-000040-TUR,FL-2023-000040-TUR,0.30033174747392755,5.970523751320906e-06,1.085836144445525,6.483010490454725e-06
FL-2002-000322-CHL,FL-2002-000322-CHL,0.30041547832248044,5.987190143545872e-06,1.0722116253519196,6.419534875102312e-06
FL-2011-000106-GHA,FL-2011-000106-GHA,0.3025489314923751,6.426229549440628e-06,0.9978910966803896,6.412677252611234e-06
FL-2017-000053-THA,FL-2017-000053-THA,0.3001805508158099,5.940534217431041e-06,1.0792293459598103,6.411198858129976e-06
FF-2013-000100-RUS,FF-2013-000100-RUS,0.2989029316113928,5.6924830455489234e-06,1.1177984678138433,6.363048826370867e-06
FL-1997-000111-ARM,FL-1997-000111-ARM,0.299136484680574,5.737118986363086e-06,1.0966184261872387,6.291430393674414e-06
FF-2012-000118-AFG,FF-2012-000118-AFG,0.296323298442111,5.2198496334005385e-06,1.1956061386296777,6.240884264417556e-06
FF-2007-000082-PAK,FF-2007-000082-PAK,0.3007718544133094,6.058595176055376e-06,1.0098825024924718,6.118469257983621e-06
Bangladesh: Floods - Jul 1999,Bangladesh: Floods - Jul 1999,0.2991509663676002,5.739897024751868e-06,1.0482356036464253,6.016764422609095e-06
Bangladesh: Floods - Aug 1988,Bangladesh: Floods - Aug 1988,0.3089720513780775,7.9285170258321e-06,0.7553870279750035,5.989098912392524e-06
FF-2012-000107-SLB,FF-2012-000107-SLB,0.2932073615058767,4.69622286402992e-06,1.2688330044270801,5.95872256602623e-06
FL-2009-000177-GMB,FL-2009-000177-GMB,0.29547188866396024,5.071794892306593e-06,1.1684788072717938,5.926284846489583e-06
FL-2018-000154-GHA,FL-2018-000154-GHA,0.29181846836567005,4.4784500732715546e-06,1.3214313032452296,5.917964116841924e-06
FF-2014-000048-KAZ,FF-2014-000048-KAZ,0.2957769930029159,5.124410283206972e-06,1.1524100484085351,5.905421902535742e-06
FL-2006-000131-BGD,FL-2006-000131-BGD,0.3071048065364195,7.462187151615931e-06,0.7881513340934744,5.881332758801279e-06
FL-2010-000114-BGD,FL-2010-000114-BGD,0.29800963110419154,5.524627472784569e-06,1.0524339826166824,5.8143056936562e-06
FL-2012-000200-BFA,FL-2012-000200-BFA,0.2968883738862732,5.320248403687927e-06,1.0864384324897092,5.780122336158589e-06
FL-2011-000007-ZAF,FL-2011-000007-ZAF,0.2969715336256216,5.335169451343566e-06,1.0794985641478076,5.759307762210627e-06
FL-2019-000014-MWI,FL-2019-000014-MWI,0.2935297675681674,4.748118035999035e-06,1.1917966025751183,5.658790943929294e-06
FF-2013-000090-PAK,FF-2013-000090-PAK,0.2906595716312414,4.303742626160661e-06,1.2950234787084862,5.5734477471965756e-06
FF-2012-000081-ETH,FF-2012-000081-ETH,0.297490237909495,5.4290918605247055e-06,1.0102119573051023,5.484533514809862e-06
FL-2008-000197-COL,FL-2008-000197-COL,0.3015048737379371,6.2078807784335935e-06,0.8805586057383387,5.466402842847317e-06
FL-2010-000036-CYP,FL-2010-000036-CYP,0.29491240340661556,4.9765730647290155e-06,1.084509140610344,5.3971389776138505e-06
FL-2012-000098-GTM,FL-2012-000098-GTM,0.29029011338016875,4.249349477203559e-06,1.2673665542478996,5.385483404718588e-06
FF-2009-000107-THA,FF-2009-000107-THA,0.29628992642005686,5.2139740008397985e-06,1.0240911244438284,5.339584497340916e-06
FL-2005-000205-PHL,FL-2005-000205-PHL,0.29355276454362605,4.751839323266791e-06,1.1230443143849564,5.336526134865629e-06
FF-2009-000229-SOM,FF-2009-000229-SOM,0.2921453489168926,4.528869070403574e-06,1.1613045952754697,5.259396462860615e-06
FL-2019-000136-SLV,FL-2019-000136-SLV,0.28808157351623903,3.936903821234914e-06,1.3263875340879325,5.221860151389136e-06
FL-2015-000068-BGD,FL-2015-000068-BGD,0.2956558685282764,5.103463794767276e-06,1.0178976147086904,5.194803623445772e-06
FL-2018-000028-BWA,FL-2018-000028-BWA,0.28687431880994685,3.774997917615376e-06,1.3719368691424587,5.17905882411254e-06
FL-2018-000112-GEO,FL-2018-000112-GEO,0.29540649820700493,5.060581747851003e-06,1.0222629843578837,5.173245400145202e-06
FL-2009-000245-SRB,FL-2009-000245-SRB,0.2933473649797056,4.718695084966817e-06,1.0840237655442986,5.115177614461103e-06
FL-2022-000305-GIN,FL-2022-000305-GIN,0.28614993770814834,3.680752002458679e-06,1.381125092626501,5.083578950330922e-06
FL-2015-000009-ALB,FL-2015-000009-ALB,0.2906725614776099,4.305666395591319e-06,1.1668042059205903,5.023869659666899e-06
FL-2016-000066-PAK,FL-2016-000066-PAK,0.2861258202900131,3.677650950772507e-06,1.365086108875814,5.020310226193479e-06
Bangladesh: Floods - Aug 1989,Bangladesh: Floods - Aug 1989,0.2926604548751226,4.609357920350674e-06,1.074589594581484,4.9531680589105835e-06
FL-2016-000081-GTM,FL-2016-000081-GTM,0.296328596338586,5.220782953464468e-06,0.9441251390555963,4.929072431918728e-06
Sri Lanka: Monsoon Floods - Jul 1984,Sri Lanka: Monsoon Floods - Jul 1984,0.2894623294805266,4.1297192509398455e-06,1.189364350972239,4.91174085659163e-06
FF-2018-000030-KEN,FF-2018-000030-KEN,0.2916257362722884,4.448959812058113e-06,1.1016965741279998,4.901403783377573e-06
FL-2020-000126-ETH,FL-2020-000126-ETH,0.2865737955615101,3.735637771127613e-06,1.305209086561218,4.875788362977056e-06
FL-2018-000105-BGD,FL-2018-000105-BGD,0.29451557013028506,4.910012473383675e-06,0.991882742040366,4.8701566355521985e-06
FL-2002-000540-DZA,FL-2002-000540-DZA,0.2933109416920182,4.71283941997406e-06,1.0289137907994723,4.849105473034697e-06
FL-2008-000086-MEX,FL-2008-000086-MEX,0.2951647299346666,5.019316849136604e-06,0.9563543144258493,4.8002453241421515e-06
FL-2016-000122-SRB,FL-2016-000122-SRB,0.2883261783179554,3.9704593642294095e-06,1.2064462530292113,4.790145822779316e-06
FL-2011-000032-THA,FL-2011-000032-THA,0.2830021146570453,3.295314025844848e-06,1.4229083066092745,4.6889297002606836e-06
FF-2019-000029-IDN,FF-2019-000029-IDN,0.2870878627146233,3.8031926150474625e-06,1.2237138559090974,4.654019499724734e-06
FL-2021-000209-MYS,FL-2021-000209-MYS,0.28749093446371343,3.856928118987563e-06,1.2058191682024515,4.650757856254229e-06
FF-2008-000186-COD,FF-2008-000186-COD,0.29181434497347425,4.477817308935445e-06,1.0305191131072475,4.614476321860436e-06
FL-2015-000039-KAZ,FL-2015-000039-KAZ,0.28723947951597284,3.823325831560355e-06,1.2043264756829248,4.60453252411057e-06
Sri Lanka: Floods and Landslides - Feb 1986,Sri Lanka: Floods and Landslides - Feb 1986,0.2884886737495874,3.992892992366447e-06,1.1439959056746454,4.567853235064199e-06
FL-2002-000500-IRN,FL-2002-000500-IRN,0.2943580507923436,4.883814771770561e-06,0.9286481080441721,4.535345347842912e-06
FL-2020-000125-TZA,FL-2020-000125-TZA,0.28743213140597235,3.8490464607512965e-06,1.1681139311946813,4.496124792619172e-06
FF-2006-000049-IDN,FF-2006-000049-IDN,0.2926775014043204,4.612043426752956e-06,0.9546072289122487,4.402689995235591e-06
FL-2019-000171-LKA,FL-2019-000171-LKA,0.2884012705985073,3.980812240361124e-06,1.0913836782077029,4.344593505139569e-06
FL-2024-000214-COL,FL-2024-000214-COL,0.282859314825751,3.2787239299453272e-06,1.3048261520736573,4.278164729222381e-06
FL-1997-000092-ECU,FL-1997-000092-ECU,0.2880486921451033,3.932412581998795e-06,1.0702429714274362,4.2086369266370265e-06
FL-1991-000011-CHN,FL-1991-000011-CHN,0.2928447092085046,4.6384600542361815e-06,0.8927290395029112,4.140887988990888e-06
FL-2007-000199-THA,FL-2007-000199-THA,0.28338662562662986,3.340361731293643e-06,1.2349138810883142,4.125059069830713e-06
FL-2022-000164-ECU,FL-2022-000164-ECU,0.2841624618260026,3.4329467426902613e-06,1.1990142284011243,4.1161519898289165e-06
FL-2008-000191-SLV,FL-2008-000191-SLV,0.2857217736068679,3.626046534512213e-06,1.1001321274321947,3.989130288181058e-06
FL-2006-000155-LKA,FL-2006-000155-LKA,0.28130558798535077,3.1030129838170035e-06,1.2787797130194554,3.968070052941151e-06
FL-2022-000312-BGR,FL-2022-000312-BGR,0.2808555746287317,3.0537289404596357e-06,1.2948679116591442,3.95417561590606e-06
FL-2017-000134-CAF,FL-2017-000134-CAF,0.28677884093070816,3.762452721414851e-06,1.0409891559456468,3.916672482751047e-06
1988-08-01T00:00:00+00:00,1988-08-01T00:00:00+00:00,0.292734755331611,4.621073508250541e-06,0.8249538870093336,3.8121725527871414e-06
FL-2000-000187-ROM,FL-2000-000187-ROM,0.2855496853181708,3.6042661987434615e-06,1.0573179499339493,3.810855348271665e-06
FL-2006-000034-ECU,FL-2006-000034-ECU,0.2886214497992883,4.011308270923844e-06,0.9389625926165136,3.766468413850717e-06
FF-2012-000079-GEO,FF-2012-000079-GEO,0.2842448163143405,3.4429089160150427e-06,1.0903447996921118,3.753957832390608e-06
FL-2019-000020-COL,FL-2019-000020-COL,0.28589126876822984,3.64761439009979e-06,1.0283585650027902,3.751055499886548e-06
FL-2012-000050-AFG,FL-2012-000050-AFG,0.2842841147744264,3.447671895654108e-06,1.0763489315759105,3.710897961311593e-06
FF-2008-000202-MAR,FF-2008-000202-MAR,0.2881139977055325,3.941337134542304e-06,0.9260497109629775,3.64987411425055e-06
FL-2001-000335-KOR,FL-2001-000335-KOR,0.27801989283119805,2.759044568365626e-06,1.3077777012476726,3.6082169632570756e-06
FL-2014-000117-BGD,FL-2014-000117-BGD,0.28353209306214194,3.357548068820665e-06,1.0680532640304388,3.5860401740430076e-06
FL-2010-000194-VNM,FL-2010-000194-VNM,0.27717542110089954,2.6763762052753445e-06,1.288695029588998,3.4490327130486005e-06
FF-2008-000216-PSE,FF-2008-000216-PSE,0.2844494079925914,3.4677704565692752e-06,0.9874551540726246,3.4242678104801096e-06
FL-2012-000106-BGD,FL-2012-000106-BGD,0.27645107502423505,2.607250929846316e-06,1.2962702877560353,3.379701913084075e-06
FL-2023-000232-COL,FL-2023-000232-COL,0.2808166466847809,3.0494989631334783e-06,1.105133853767506,3.3701045411877143e-06
FL-2013-000030-COL,FL-2013-000030-COL,0.279640452850455,2.924152159361994e-06,1.1435152484315854,3.3438125829645873e-06
FF-2018-000042-ETH,FF-2018-000042-ETH,0.2815746434682462,3.13281989981419e-06,1.0606234402511923,3.3227422198283215e-06
FF-2013-000084-GEO,FF-2013-000084-GEO,0.27730551688332244,2.6889646804537744e-06,1.2112001793088392,3.256874503120747e-06
FF-2020-000158-SRB,FF-2020-000158-SRB,0.2792484580091451,2.883419535325671e-06,1.1226898183568608,3.2371857543614017e-06
FL-2017-000174-ALB,FL-2017-000174-ALB,0.2792789732076276,2.8865719752776524e-06,1.1009974778760738,3.178108464488452e-06
FL-2014-000004-COL,FL-2014-000004-COL,0.27742494912006277,2.7005682072582582e-06,1.1530726697303297,3.1139513925321303e-06
FL-2011-000204-PHL,FL-2011-000204-PHL,0.28367220366703627,3.374176718111706e-06,0.9086693999686215,3.0660111338346565e-06
Costa Rica: Floods - Feb 1988,name=Costa Rica: Floods - Feb 1988,0.2911595984337807,4.378356469476866e-06,0.684416433779701,2.996619120655639e-06
FL-2016-000117-ALB,FL-2016-000117-ALB,0.27708443818682715,2.667603957971048e-06,1.116507802929084,2.9784006341991833e-06
Bangladesh: Floods - Sep 1986,Bangladesh: Floods - Sep 1986,0.2806928047187658,3.036077132097325e-06,0.9657008832892354,2.9319423682006356e-06
FL-2023-000108-SRB,FL-2023-000108-SRB,0.27085744631452796,2.125239090722915e-06,1.3327736774425698,2.8324627183874825e-06
FL-2013-000101-LAO,FL-2013-000101-LAO,0.27571729695011793,2.5388679984539234e-06,1.1048841434150625,2.805154993715677e-06
FL-1999-000132-BLR,FL-1999-000132-BLR,0.2790872138635667,2.866813237980818e-06,0.974119865323752,2.792619725290224e-06
Hungary: Floods - Mar 1999,Hungary: Floods - Mar 1999,0.28032024493451535,2.996019526912257e-06,0.9105346924279767,2.7279797184452643e-06
FL-2010-000120-BRA,FL-2010-000120-BRA,0.2705360638943267,2.100156557171871e-06,1.2635202173548898,2.6535902695971e-06
FL-2024-000043-CUB,FL-2024-000043-CUB,0.2695578619470421,2.025443020539264e-06,1.300069557704207,2.6332168118675537e-06
FL-2015-000151-BLZ,FL-2015-000151-BLZ,0.2707721954102651,2.118559482698375e-06,1.2418606118182705,2.6309555753572025e-06
FL-2019-000052-SRB,FL-2019-000052-SRB,0.26778519717989013,1.8961193096758709e-06,1.3767250465171905,2.6104349448156565e-06
FL-2023-000079-BIH,FL-2023-000079-BIH,0.2714046679187307,2.1685684181999894e-06,1.1840473487984016,2.5676876862576407e-06
FF-2019-000018-AFG,FF-2019-000018-AFG,0.2713070119543458,2.160778166399458e-06,1.1776802420532055,2.5447057540285953e-06
FL-2008-000232-CRI,FL-2008-000232-CRI,0.28939014868937496,4.119432864633167e-06,0.615992904616921,2.537541415659788e-06
FL-2004-000068-ROM,FL-2004-000068-ROM,0.27686110884632653,2.6461809549119884e-06,0.9341110661845553,2.4718269131101023e-06
FL-2025-000029-BWA,FL-2025-000029-BWA,0.2690092908472079,1.9845991274776875e-06,1.2304510947433291,2.4419521690315767e-06
FL-2019-000153-COD,FL-2019-000153-COD,0.27030627107105665,2.082385897381277e-06,1.1527833414890951,2.400539773052957e-06
FL-1998-000203-BGD,FL-1998-000203-BGD,0.26744036989051134,1.8718439602926073e-06,1.2384617273903773,2.3182071044692275e-06
FL-2012-000043-KGZ,FL-2012-000043-KGZ,0.267631846140496,1.8852888494017514e-06,1.178777939336242,2.2223369049513916e-06
FL-2012-000071-NPL,FL-2012-000071-NPL,0.2646316961209022,1.684296722616973e-06,1.255510001310555,2.114651380420199e-06
FL-2010-000251-CRI,FL-2010-000251-CRI,0.2675457930638985,1.8792357443559463e-06,1.1052106563104114,2.07695137038162e-06
FL-2011-000067-PHL,FL-2011-000067-PHL,0.2672274282763567,1.8569932350795367e-06,1.0816683359942454,2.008650782541053e-06
Belarus: Floods - Aug 1993,Belarus: Floods - Aug 1993,0.2663794441904315,1.798900258276139e-06,1.1082433568666819,1.993619260900289e-06
FL-2011-000108-SEN,FL-2011-000108-SEN,0.2666357203586346,1.8162820904166584e-06,1.0870343780154084,1.974361072456598e-06
FL-2002-000020-IRN,FL-2002-000020-IRN,0.26895270868931287,1.9804287631683503e-06,0.995515429386739,1.9715473905353886e-06
FF-2008-000141-ETH,FF-2008-000141-ETH,0.2690167820839307,1.985151858017503e-06,0.9913523656532703,1.9679849906266363e-06
FF-2011-000088-NGA,FF-2011-000088-NGA,0.260112173917432,1.4177732816297575e-06,1.376295308125757,1.9512747154930927e-06
FL-2007-000111-GBR,FL-2007-000111-GBR,0.26805886422450864,1.915586339663132e-06,0.9829526883830424,1.8829307424017074e-06
FL-2024-000117-COL,FL-2024-000117-COL,0.26225337133201543,1.5389014138209013e-06,1.2150525963145538,1.8698461583352237e-06
FL-2025-000026-ECU,FL-2025-000026-ECU,0.26374222235685885,1.6285331875718651e-06,1.1171472704368623,1.8193114053117518e-06
FF-2023-000107-GEO,FF-2023-000107-GEO,0.26861530161486996,1.9557236397967646e-06,0.9175232708403509,1.7944219508461238e-06
FL-2015-000081-PHL,FL-2015-000081-PHL,0.2613151822530482,1.4847263871497773e-06,1.208181772549164,1.793819358177134e-06
FF-2013-000088-AFG,FF-2013-000088-AFG,0.26213139904893334,1.5317590477658678e-06,1.1438540269668271,1.7521087551298603e-06
FL-2013-000068-CZE,FL-2013-000068-CZE,0.26799569817904745,1.911077188755787e-06,0.9098774924680277,1.738846120417963e-06
FL-2015-000079-CRI,FL-2015-000079-CRI,0.26259537270622346,1.5590882176868213e-06,1.090367135378019,1.6999785537208007e-06
FF-2012-000102-PHL,FF-2012-000102-PHL,0.256660345718116,1.2404742376058404e-06,1.350990691185349,1.6758691476607333e-06
FL-2015-000106-BFA,FL-2015-000106-BFA,0.25824928965932026,1.3194451959825554e-06,1.2559695979615333,1.6571830523304866e-06
FL-2022-000276-GMB,FL-2022-000276-GMB,0.25762059430339557,1.2876735579842877e-06,1.2833775557524247,1.6525713434529034e-06
1,1,0.25548873307721404,1.1849977542122184e-06,1.3688588888282904,1.622094709094957e-06
FL-2010-000225-PAN,FL-2010-000225-PAN,0.259170301563843,1.367263879072594e-06,1.1284651586517427,1.542909650216452e-06
FL-2012-000151-TCD,FL-2012-000151-TCD,0.25886904746621997,1.3514539651654383e-06,1.1222690061354306,1.5166948983240032e-06
FL-1998-000224-SVK,FL-1998-000224-SVK,0.2560221731878284,1.2099733270196907e-06,1.2251616258519693,1.4824128885689609e-06
FL-2011-000115-KEN,FL-2011-000115-KEN,0.2584362854502738,1.329030360824587e-06,1.1017053333721223,1.4641998367339235e-06
FL-2006-000058-TJK,FL-2006-000058-TJK,0.25320371074210235,1.0831800697245711e-06,1.3389011984588786,1.4502710935009998e-06
FL-2022-000365-PAN,FL-2022-000365-PAN,0.25395512805492093,1.1157576381446608e-06,1.231111202769136,1.3736217278951237e-06
FL-2005-000111-ROM,FL-2005-000111-ROM,0.25973973823023133,1.3976035177264306e-06,0.9764074974737552,1.3646305532037813e-06
FF-2020-000156-UKR,FF-2020-000156-UKR,0.2582366506355542,1.3187995861945196e-06,1.0262202808011436,1.3533788816649719e-06
FL-2014-000159-MAR,FL-2014-000159-MAR,0.25151396818782956,1.0130271669922101e-06,1.2669680436793196,1.2834730479581239e-06
FF-2008-000233-PHL,FF-2008-000233-PHL,0.2595358571207258,1.3866717840759563e-06,0.9037156037455046,1.2531569285430588e-06
El Salvador: Floods - Oct 2018,El Salvador: Floods - Oct 2018,0.24858495617957366,9.010490340805409e-07,1.3349509665500126,1.2028562789547732e-06
FL-2008-000117-ROM,FL-2008-000117-ROM,0.2527975738646323,1.0659308125785013e-06,1.0292424136351432,1.097101202306366e-06
FL-2002-000402-BGD,FL-2002-000402-BGD,0.2585128891313389,1.3329750283874553e-06,0.8143569274139246,1.0855174484370972e-06
FF-2022-000278-MNG,FF-2022-000278-MNG,0.2497711479997355,9.449801796128895e-07,1.1090906111433032,1.048068644925168e-06
FL-2000-000265-COL,FL-2000-000265-COL,0.25429549685118635,1.130802333798217e-06,0.8757434779822016,9.902927687108412e-07
FL-2002-000479-CZE,FL-2002-000479-CZE,0.245449435498252,7.936342029315016e-07,1.1971051210312973,9.500635685548923e-07
FL-2012-000205-LKA,FL-2012-000205-LKA,0.2472301259457462,8.531274207105121e-07,1.0845827244475248,9.252872622550969e-07
FF-2006-000046-KEN,FF-2006-000046-KEN,0.24324627347049543,7.252069476080758e-07,1.1036482173283537,8.003733549217896e-07
FL-2007-000194-GTM,FL-2007-000194-GTM,0.24387205480934027,7.440812749755354e-07,1.041926920218741,7.752783112276937e-07
FL-2018-000414-IRQ,FL-2018-000414-IRQ,0.23598092064096698,5.355116351467237e-07,1.279393971195808,6.851303575119276e-07
FL-2023-000088-ITA,FL-2023-000088-ITA,0.23796614050372275,5.823065426879952e-07,1.135182250938361,6.610240518646932e-07
FL-2019-000145-TZA,FL-2019-000145-TZA,0.23695753579833076,5.580912946451651e-07,1.1357699773076055,6.338633370547113e-07
FF-2013-000113-ROM,FF-2013-000113-ROM,0.23281987601986293,4.679511687400574e-07,1.3494636441975612,6.314830894744657e-07
FL-2010-000239-MNE,FL-2010-000239-MNE,0.24000971953237543,6.342906277923077e-07,0.9720464771371192,6.165599702266045e-07
Belarus: Floods - Apr 1996,Belarus: Floods - Apr 1996,0.23930724768364833,6.159685221807707e-07,0.9975700341709333,6.144717397200906e-07
FL-2003-000350-MNG,FL-2003-000350-MNG,0.2391783975528226,6.126599889543918e-07,0.9653767569926166,5.914477132759231e-07
FL-2002-000536-MMR,FL-2002-000536-MMR,0.23955533697585785,6.223841270100841e-07,0.9088201340075248,5.65635225713461e-07
FL-2016-000025-SRB,FL-2016-000025-SRB,0.2319775430663189,4.512938798829425e-07,1.220904970189552,5.509869409652111e-07
FL-2018-000034-BLR,FL-2018-000034-BLR,0.2303341632696425,4.203234063230667e-07,1.2389029264369613,5.207398981435993e-07
FL-2024-000169-AUT,FL-2024-000169-AUT,0.2359063430189985,5.33821649553251e-07,0.9517727962928261,5.080769241169467e-07
FL-2000-000191-HUN,FL-2000-000191-HUN,0.23146614501053614,4.414431547285816e-07,1.016070329308817,4.485372915961929e-07
FL-2012-000013-ECU,FL-2012-000013-ECU,0.23026104176950918,4.1899095922465903e-07,1.057874236360154,4.4323974103159465e-07
FL-1997-000166-ROM,FL-1997-000166-ROM,0.22888078337142315,3.9454206402703174e-07,1.0562978713123758,4.167539423749447e-07
FL-2010-000031-PRT,FL-2010-000031-PRT,0.22393316985213163,3.170912640908755e-07,1.2669155831916283,4.0172786377066214e-07
Nepal: Floods - Aug 1987,Nepal: Floods - Aug 1987,0.2263086064903307,3.523795562979323e-07,1.1288267712275268,3.9777547678238343e-07
FF-2009-000201-PHL,FF-2009-000201-PHL,0.2303653799647981,4.2089340916539105e-07,0.8698163539289835,3.6609997055298024e-07
FL-2010-000015-PSE,FL-2010-000015-PSE,0.224702832078373,3.281598628686511e-07,1.1058643718376864,3.629003006135822e-07
FL-2021-000135-GIN,FL-2021-000135-GIN,0.2188856808525596,2.5244891968517867e-07,1.405762750329889,3.5488328765444605e-07
FF-2014-000009-TZA,FF-2014-000009-TZA,0.225232234182024,3.359738284275565e-07,1.0439643751945358,3.5074470787609015e-07
FF-2008-000082-PHL,FF-2008-000082-PHL,0.22570101311629856,3.430323552868551e-07,1.0221858264656736,3.5064281159336056e-07
FL-2018-000128-SDN,FL-2018-000128-SDN,0.22129471152914182,2.816503877119528e-07,1.1360707994440626,3.199747811316484e-07
FL-2009-000216-ITA,FL-2009-000216-ITA,0.21576947385338244,2.187258060055442e-07,1.1196820788761856,2.44903365172157e-07
FF-2008-000199-LKA,FF-2008-000199-LKA,0.21257229332333516,1.8839378833030403e-07,1.1763858573071313,2.2162378819628294e-07
FF-2016-000079-MKD,FF-2016-000079-MKD,0.21036559567622942,1.6972551857440946e-07,1.242997967664418,2.109684746487804e-07
FL-2010-000042-SRB,FL-2010-000042-SRB,0.2129479130043183,1.9174934154430493e-07,1.0641610204580652,2.040521749699496e-07
FF-2013-000091-SDN,FF-2013-000091-SDN,0.20361645939375367,1.224979480673981e-07,1.2681994555499518,1.5535183104506056e-07
FF-2008-000178-DZA,FF-2008-000178-DZA,0.2031919045061028,1.1996761075104794e-07,1.1191395672477698,1.342604999796767e-07
FL-2022-000217-BGD,FL-2022-000217-BGD,0.2046006488411118,1.2854940368395534e-07,1.0110307901265791,1.2996740517688994e-07
FL-2023-000094-ECU,FL-2023-000094-ECU,0.19848466150182506,9.490072054181893e-08,1.3161601711441135,1.249045485900201e-07
FF-2009-000246-LKA,FF-2009-000246-LKA,0.19943072615948176,9.952236914825036e-08,1.1085200076597403,1.10322537410534e-07
FL-2023-000157-BGD,FL-2023-000157-BGD,0.19848103783141247,9.488339624684706e-08,1.1539726901695175,1.0949284801939441e-07
Iran: Flash Floods - Jul 1996,Iran: Flash Floods - Jul 1996,0.19989781008327978,1.018779889968698e-07,1.0233099144994446,1.0425275620976219e-07
FF-2011-000071-GEO,FF-2011-000071-GEO,0.1940748365204733,7.580402917023076e-08,1.2913032050986575,9.78859858269111e-08
FF-2007-000008-LKA,FF-2007-000008-LKA,0.19262629050858684,7.0332428458532e-08,1.0463980201857406,7.359571389386312e-08
FF-2020-000168-MNG,FF-2020-000168-MNG,0.1880780703814559,5.53836538463527e-08,1.2541412875563223,6.945892694443844e-08
1993-12-01T00:00:00+00:00,1993-12-01T00:00:00+00:00,0.1952639582722922,8.057881720019206e-08,0.8154353086906252,6.570681267756407e-08
FF-2010-000204-LCA,FF-2010-000204-LCA,0.18612999912060668,4.990726298568288e-08,1.228383169783597,6.130524190157671e-08
FF-2015-000115-MKD,FF-2015-000115-MKD,0.18421980277520503,4.501560902202498e-08,1.2098817209656998,5.446356251388667e-08
subject,subject,0.1812556711740115,3.827507388587912e-08,1.3062248250149238,4.999585168901573e-08
Bangladesh: Floods - Jul 1988,Bangladesh: Floods - Jul 1988,0.1771413273181904,3.0422783383594475e-08,1.0126036486064969,3.080622145499287e-08
FL-2022-000362-LCA,FL-2022-000362-LCA,0.17033717614795205,2.0563376741292872e-08,1.1864300437913862,2.4397007967670876e-08
Mongolia: Flash Floods - Aug 1994,Mongolia: Flash Floods - Aug 1994,0.16276868973146724,1.3052950010623975e-08,0.944597599391765,1.2329785245016121e-08
Bhutan: Flash Flood - Oct 1994,Bhutan: Flash Flood - Oct 1994,0.14465994836704787,4.01312842121869e-09,1.27391472999028,5.1123834091331265e-09
FL-2015-000088-IRN,FL-2015-000088-IRN,0.13307169021563198,1.741232366091928e-09,1.2747350017900236,2.219609843307041e-09
FF-2010-000094-HUN,FF-2010-000094-HUN,0.13284816695565843,1.7122046167950325e-09,1.2165899177350536,2.0830508738922476e-09
FF-2009-000160-LKA,FF-2009-000160-LKA,0.13179488612066972,1.581195580326251e-09,1.2785216004261617,2.021592703945492e-09
FF-2012-000120-GEO,FF-2012-000120-GEO,0.09963129668296264,9.63735431867638e-11,1.170744043976996,1.1282875168286352e-10
FL-2012-000132-NPL,FL-2012-000132-NPL,0.0924864932107494,4.579131623281634e-11,1.2592133213281245,5.766103540151112e-11
FL-2020-0020-000176-SDN,FL-2020-0020-000176-SDN,-0.003208360049777621,0.0,0.8819420188506686,0.0
