match_id,era5_event_id,cnn_bayesian_score,kg_bayesian_score,kg_rank,attribution_weight
FF-2022-000278-MNG,FF_2022_000278_MNG,0.11121139,1.109090611143313,1.0,0.12974662166666667
FL-2009-000140-MNG,FL_2009_000140_MNG,0.055782996,0.0050405552392179,2.0,0.06375199542857142
FL-2018-000092-MNG,FL_2018_000092_MNG,0.025694007,0.0025564832653685,6.0,0.02802982581818182
FL-2003-000350-MNG,FL_2003_000350_MNG,0.013408904,0.0032892967800713,4.0,0.014898782222222223
FL-2021-000007-SYR,FL_2021_000007_SYR,0.0016971448,3.617869269613319e-05,437.0,0.0017009844941176472
FL-2011-000038-KAZ,FL_2011_000038_KAZ,0.0015833052,8.193425183737519e-05,248.0,0.001589563323320158
LS-2022-000224-GTM,LS_2022_000224_GTM,0.00041857085,5.55619192440618e-05,342.0,0.00041977710605187326
FL-2010-000031-PRT,FL_2010_000031_PRT,0.00038129225,1.6247227431908137e-05,609.0,0.00038191324714983716
FL-2010-000072-RUS,FL_2010_000072_RUS,0.00028876253,3.1855191027674604e-07,1141.0,0.0002890145042844678
FL-2016-000061-RUS,FL_2016_000061_RUS,0.000244701,2.696768363508667e-05,509.0,0.0002451770719844358
FL-2011-000123-RUS,FL_2011_000123_RUS,0.00020868292,4.430714257487154e-05,393.0,0.0002092072489447236
ST-2012-000077-CHN,ST_2012_000077_CHN,0.00013700745,0.0001968265139625,106.0,0.00013824175135135133
FL-2016-000009-IDN,FL_2016_000009_IDN,0.00013325555,0.0001337257564957,164.0,0.00013404404437869825
FL-2010-000102-CRI,FL_2010_000102_CRI,0.00010797386,0.0001664641882498,128.0,0.00010878569353383459
FL-1998-000359-UKR,FL_1998_000359_UKR,0.000102092374,2.5115265598837865e-05,522.0,0.00010228609766982922
FL-2005-000110-BIH,FL_2005_000110_BIH,0.00010207306,2.4608166053459776e-06,943.0,0.0001021807320042194
FL-2018-000360-RUS,FL_2018_000360_RUS,8.647666e-05,2.668389121087223e-06,935.0,8.656865644680851e-05
FL-2015-000151-BLZ,FL_2015_000151_BLZ,8.35181e-05,5.139449703413754e-06,830.0,8.361812167664672e-05
FL-2001-000180-IRN,FL_2001_000180_IRN,7.9759186e-05,2.2258735421539112e-05,550.0,7.990289624504504e-05
FL-2010-000012-EGY,FL_2010_000012_EGY,7.425647e-05,7.128265943659208e-06,777.0,7.435142712276213e-05
FL-1998-000193-ROM,FL_1998_000193_ROM,7.123208e-05,7.462784767958119e-07,1082.0,7.129761089236431e-05
FL-2010-000051-KAZ,FL_2010_000051_KAZ,6.571737e-05,0.0003464992566583,53.0,6.685042810344828e-05
FL-2005-000002-GUY,FL_2005_000002_GUY,6.5371336e-05,5.601456894583974e-05,339.0,6.556136895348837e-05
FL-2002-000607-ALB,FL_2002_000607_ALB,6.296474e-05,1.122871377190644e-06,1028.0,6.302569328170377e-05
FL-2006-000009-GUY,FL_2006_000009_GUY,6.189974e-05,1.6780225562410037e-05,601.0,6.200188478547854e-05
FL-2015-000093-GUY,FL_2015_000093_GUY,6.0307924e-05,3.405305792138973e-06,887.0,6.037553378026906e-05
FL-2019-000022-IRN,FL_2019_000022_IRN,5.292223e-05,0.0004398664686228,36.0,5.421301609756098e-05
FL-2010-000259-AUS,FL_2010_000259_AUS,5.2138545e-05,3.3620091738203034e-06,890.0,5.21968003575419e-05
FL-2004-000068-ROM,FL_2004_000068_ROM,4.9971037e-05,1.3283055749547285e-06,1009.0,5.002031810157791e-05
FL-2016-000081-GTM,FL_2016_000081_GTM,4.7251164e-05,0.0002353642332105,82.0,4.779428082758621e-05
FL-2010-000046-MOZ,FL_2010_000046_MOZ,4.7548703e-05,2.2940390526046e-05,544.0,4.763531265938069e-05
FL-2004-000094-CHN,FL_2004_000094_CHN,4.540758e-05,1.867788243943644e-06,974.0,4.545396159346271e-05
FL-2017-000130-GTM,FL_2017_000130_GTM,4.4682754e-05,0.0001185813817329,184.0,4.491917068783069e-05
FL-1997-000166-ROM,FL_1997_000166_ROM,4.4845754e-05,5.349284510156315e-07,1101.0,4.488630169801084e-05
FL-2002-000510-MEX,FL_2002_000510_MEX,4.386613e-05,8.83380257984428e-05,230.0,4.405279438297872e-05
FL-2005-000117-GTM,FL_2005_000117_GTM,4.2618336e-05,6.34663103425147e-05,312.0,4.275277870031545e-05
FL-2005-000208-BIH,FL_2005_000208_BIH,4.18831e-05,1.1014127686917132e-08,1208.0,4.191762852431986e-05
FL-2007-000206-COG,FL_2007_000206_COG,4.0820978e-05,1.6750062732421884e-06,989.0,4.0862045382293765e-05
FL-2001-000320-TLS,FL_2001_000320_TLS,4.0268744e-05,7.419235836037757e-05,276.0,4.041204913879004e-05
FL-2014-000073-RUS,FL_2014_000073_RUS,3.9320334e-05,2.376293143575034e-07,1157.0,3.935417249741825e-05
FL-2007-000189-NIC,FL_2007_000189_NIC,3.8372207e-05,2.0673015946182376e-05,561.0,3.8440002418727915e-05
FL-2010-000026-DOM,FL_2010_000026_DOM,3.7725673e-05,1.1459450321072875e-06,1026.0,3.776226434141611e-05
FL-2006-000001-IDN,FL_2006_000001_IDN,3.622061e-05,0.0006373004311441,25.0,3.7427963666666666e-05
FL-2006-000145-GIN,FL_2006_000145_GIN,3.628046e-05,6.47178743432251e-05,306.0,3.6397117427652736e-05
FL-2004-000031-CHN,FL_2004_000031_CHN,3.6288366e-05,1.751170946501776e-06,981.0,3.6325169616632855e-05
FL-2011-000059-CHN,FL_2011_000059_CHN,3.0607516e-05,8.453867714455897e-05,241.0,3.073193679674797e-05
FL-2007-000194-GTM,FL_2007_000194_GTM,2.9701365e-05,0.0001597368924786,132.0,2.9918163284671537e-05
FF-2012-000102-PHL,FF_2012_000102_PHL,2.6075792e-05,1.032491202219574e-05,701.0,2.6112726549575074e-05
FF-2007-000070-CHN,FF_2007_000070_CHN,2.5623985e-05,6.802536498577718e-08,1190.0,2.5645427665271963e-05
FL-1997-000255-KEN,FL_1997_000255_KEN,2.5486277e-05,2.0778585524102443e-05,559.0,2.5531465434397163e-05
FL-2010-000118-GHA,FL_2010_000118_GHA,2.4775314e-05,1.3639173928699887e-05,644.0,2.4813488597842836e-05
FL-2009-000117-GTM,FL_2009_000117_GTM,2.45432e-05,5.4774187669455376e-05,344.0,2.4613524355300858e-05
FL-2004-000028-DOM,FL_2004_000028_DOM,2.4400197e-05,1.1786573502253629e-05,671.0,2.4436291965976333e-05
FF-2009-000201-PHL,FF_2009_000201_PHL,2.345525e-05,0.0001119145409111,190.0,2.357553333333333e-05
FL-2011-000045-GTM,FL_2011_000045_GTM,2.2769254e-05,1.1699247979982917e-07,1180.0,2.2788468560337553e-05
FL-2016-000114-EGY,FL_2016_000114_EGY,2.2573106e-05,1.9225175167882095e-05,581.0,2.261162665870307e-05
FL-2010-000174-KEN,FL_2010_000174_KEN,2.2374312e-05,1.5921399781687727e-05,617.0,2.2410283562700966e-05
FF-2014-000059-SRB,FF_2014_000059_SRB,2.1910928e-05,1.7593692928187054e-05,597.0,2.194732489036545e-05
FF-2011-000049-IRQ,FF_2011_000049_IRQ,1.7547933e-05,0.0017040729083814,9.0,1.8801356785714283e-05
FL-2020-000202-GIN,FL_2020_000202_GIN,1.8295706e-05,0.0004209338436725,39.0,1.87115175e-05
FL-2000-000299-GTM,FL_2000_000299_GTM,1.8509281e-05,2.905161607826665e-05,492.0,1.8546523014084507e-05
FL-2017-000052-RUS,FL_2017_000052_RUS,1.8074212e-05,3.5660519198713786e-06,882.0,1.8094588789177004e-05
FL-2008-000170-DOM,FL_2008_000170_DOM,1.713896e-05,9.595791876634004e-05,213.0,1.7217579082568807e-05
FF-2013-000100-RUS,FF_2013_000100_RUS,1.6717759e-05,4.561314776110016e-05,384.0,1.6760735244215936e-05
FL-2012-000153-IDN,FL_2012_000153_IDN,1.6008491e-05,0.0001013061669873,204.0,1.60850866507177e-05
FL-2004-000052-JPN,FL_2004_000052_JPN,1.5107294e-05,1.4480968306204977e-06,1002.0,1.5122296278053625e-05
FL-2013-000038-KEN,FL_2013_000038_KEN,1.4120464e-05,4.498715362268874e-06,847.0,1.413703731455399e-05
FL-2006-000156-TUR,FL_2006_000156_TUR,1.2806727e-05,2.816475608746311e-06,920.0,1.282057211027027e-05
FL-2001-000227-RUS,FL_2001_000227_RUS,1.1879282e-05,6.09223486025699e-05,319.0,1.1915946450617284e-05
FL-2018-000134-IND,FL_2018_000134_IND,1.1681166e-05,4.366092434057369e-06,854.0,1.1694764563445868e-05
FL-2017-000002-MYS,FL_2017_000002_MYS,1.1447265e-05,3.997717403497805e-06,868.0,1.1460377560137457e-05
FF-2014-000015-ZWE,FF_2014_000015_ZWE,1.1239231e-05,2.722590967986124e-05,507.0,1.1261182623046876e-05
FF-2010-000094-HUN,FF_2010_000094_HUN,1.0450354e-05,6.731727280368532e-06,792.0,1.0463466112923462e-05
FL-2001-000025-MWI,FL_2001_000025_MWI,1.000071e-05,5.1122039548497496e-05,357.0,1.002833627071823e-05
FL-1997-000049-TZA,FL_1997_000049_TZA,9.630401e-06,0.000163382286271,129.0,9.702269664179104e-06
FL-1997-000522-MDA,FL_1997_000522_MDA,9.509448e-06,2.135738807591876e-06,958.0,9.519322816199377e-06
FL-1993-000013-PHL,FL_1993_000013_PHL,8.987275e-06,6.216261874333854e-05,316.0,9.015272741433021e-06
FL-2008-000166-GTM,FL_2008_000166_GTM,8.692222e-06,1.2115893760159044e-05,659.0,8.705312695783133e-06
FL-2009-000178-GIN,FL_2009_000178_GIN,8.283661e-06,1.2259111272348246e-05,656.0,8.296193013615734e-06
FL-1999-000235-IRN,FL_1999_000235_IRN,8.2461065e-06,2.3098317990187304e-05,542.0,8.261181648994516e-06
FL-2020-000212-KHM,FL_2020_000212_KHM,7.742806e-06,8.344083368701945e-06,747.0,7.753102284574467e-06
FL-2013-000095-PHL,FL_2013_000095_PHL,7.5432426e-06,0.0001007707860253,206.0,7.57899256492891e-06
FL-2000-000038-PHL,FL_2000_000038_PHL,7.382165e-06,1.5083737114393269e-05,631.0,7.393772177672956e-06
FL-2003-000227-CHN,FL_2003_000227_CHN,7.2780526e-06,8.15461140782172e-06,751.0,7.287679653703704e-06
FL-2021-000061-MYS,FL_2021_000061_MYS,7.135837e-06,3.251342314504107e-06,898.0,7.143739366555924e-06
FF-2008-000092-KEN,FF_2008_000092_KEN,6.501136e-06,0.0008747307152433,12.0,6.883555764705882e-06
FL-2021-000066-GUY,FL_2021_000066_GUY,6.4761834e-06,1.0537947010327524e-05,697.0,6.485408732478632e-06
FL-2008-000198-BLZ,FL_2008_000198_BLZ,6.3300054e-06,4.7386941004577396e-08,1194.0,6.335284804003335e-06
FL-2007-000130-CIV,FL_2007_000130_CIV,6.0903485e-06,7.593508482648721e-05,266.0,6.112822110701107e-06
FL-2012-000098-GTM,FL_2012_000098_GTM,6.0809957e-06,1.7202598319063955e-06,982.0,6.087156789868287e-06
FL-2016-000025-SRB,FL_2016_000025_SRB,5.929301e-06,2.853490893789145e-05,494.0,5.941183366733467e-06
FL-2015-000153-IRQ,FL_2015_000153_IRQ,5.8057863e-06,0.0001670161353068,127.0,5.849769529545455e-06
FL-2019-000135-GHA,FL_2019_000135_GHA,5.8290557e-06,1.0096712353246845e-05,704.0,5.837277217207334e-06
FL-2021-000078-GTM,FL_2021_000078_GTM,5.787612e-06,2.8028999407147236e-05,498.0,5.799118186878727e-06
FL-2017-000064-IND,FL_2017_000064_IND,5.7458396e-06,1.895743499507616e-06,972.0,5.751720705015352e-06
FL-2007-000077-CHN,FL_2007_000077_CHN,5.5494074e-06,2.745735675638073e-06,925.0,5.555374504731183e-06
FL-2010-000242-AGO,FL_2010_000242_AGO,5.1396755e-06,7.520582044001274e-05,269.0,5.1584334397810214e-06
FL-2018-000046-RUS,FL_2018_000046_RUS,4.9557266e-06,1.7223606450284123e-05,598.0,4.963945052072969e-06
FL-2016-000102-SEN,FL_2016_000102_SEN,4.852197e-06,3.7401139395962936e-05,425.0,4.863481179069768e-06
FL-2002-000265-KEN,FL_2002_000265_KEN,4.653672e-06,0.0001030499689267,200.0,4.67637283902439e-06
FL-1999-000213-IND,FL_1999_000213_IND,4.498571e-06,0.0001529254327142,143.0,4.52896675e-06
FL-2010-000161-MYS,FL_2010_000161_MYS,4.3957452e-06,6.126142265840134e-05,318.0,4.409354318266254e-06
FL-2019-000031-SYR,FL_2019_000031_SYR,4.375375e-06,0.0001390884251621,161.0,4.4017326807228915e-06
FL-2006-000018-IRQ,FL_2006_000018_IRQ,4.305408e-06,0.0003100372127801,60.0,4.371645046153846e-06
FL-2011-000183-TZA,FL_2011_000183_TZA,4.3142063e-06,6.076528680768964e-06,810.0,4.319499804662577e-06
FL-2016-000042-KEN,FL_2016_000042_KEN,4.2609554e-06,0.0002039768617849,99.0,4.301926125e-06
FL-2005-000051-AGO,FL_2005_000051_AGO,4.1860458e-06,2.244211003202297e-05,548.0,4.193615503074142e-06
FL-1997-000199-BEN,FL_1997_000199_BEN,4.1457283e-06,7.739559159743467e-05,263.0,4.161197435447761e-06
FL-2012-000068-DOM,FL_2012_000068_DOM,4.154698e-06,3.21258400219446e-07,1140.0,4.1583265572052405e-06
FL-2001-000146-AGO,FL_2001_000146_AGO,3.914069e-06,0.0001558605551276,135.0,3.942026635714285e-06
FL-2020-000128-KEN,FL_2020_000128_KEN,3.6238807e-06,0.0001707408294403,121.0,3.652641657936508e-06
FL-2008-000038-ARG,FL_2008_000038_ARG,3.528396e-06,2.229653072255546e-09,1214.0,3.531290500410172e-06
FL-2004-000020-KEN,FL_2004_000020_KEN,3.4944724e-06,3.899610623067645e-06,871.0,3.4984615237442924e-06
FL-2019-000094-GTM,FL_2019_000094_GTM,3.366783e-06,2.4774444558402115e-05,527.0,3.373111539473684e-06
FL-2018-000077-CIV,FL_2018_000077_CIV,3.2865785e-06,6.950052116281395e-06,784.0,3.290743998732573e-06
FL-2009-000190-TUR,FL_2009_000190_TUR,3.2754385e-06,5.3981027731621e-06,824.0,3.2793895717732207e-06
FL-2008-000205-IDN,FL_2008_000205_IDN,3.2480198e-06,0.0001297952975509,168.0,3.2667944809248555e-06
FL-1999-000651-CHN,FL_1999_000651_CHN,3.1683012e-06,2.939754776411102e-05,491.0,3.174688904032258e-06
FL-1997-000144-CHN,FL_1997_000144_CHN,2.9534974e-06,2.814720549750425e-05,497.0,2.9593808609561753e-06
FL-2021-000190-EGY,FL_2021_000190_EGY,2.922906e-06,1.987941680218131e-05,569.0,2.927998170731708e-06
FL-2013-000054-CHN,FL_2013_000054_CHN,2.8548639e-06,8.825861981897965e-07,1063.0,2.8575369935393258e-06
FL-2005-000064-ETH,FL_2005_000064_ETH,2.804423e-06,0.0001333954959996,165.0,2.820919605882353e-06
FL-2008-000246-GUY,FL_2008_000246_GUY,2.7054505e-06,2.764383260683079e-05,500.0,2.7108078277227724e-06
FL-2011-000084-IND,FL_2011_000084_IND,2.6746134e-06,9.35452549120254e-05,219.0,2.6865536383928577e-06
FF-2020-000158-SRB,FF_2020_000158_SRB,2.6707867e-06,1.1984691350173704e-05,665.0,2.6747729488059704e-06
FF-2016-000079-MKD,FF_2016_000079_MKD,2.6127816e-06,3.352679668074269e-06,892.0,2.6156944000000002e-06
FL-2001-000696-BRA,FL_2001_000696_BRA,2.586066e-06,6.417352123097296e-05,307.0,2.594354673076923e-06
FL-2003-000331-CHN,FL_2003_000331_CHN,2.5641727e-06,2.8203883342385866e-08,1199.0,2.5663024115448504e-06
FL-2009-000135-MEX,FL_2009_000135_MEX,2.4861902e-06,0.0001226160447751,176.0,2.4999260574585637e-06
FL-2011-000198-PER,FL_2011_000198_PER,2.4904832e-06,1.5294562957816583e-05,625.0,2.494436347936508e-06
FL-2010-000125-IND,FL_2010_000125_IND,2.4761582e-06,1.335600164643392e-05,645.0,2.479967674153846e-06
FL-2003-000051-PER,FL_2003_000051_PER,2.4726608e-06,3.366785467462644e-05,454.0,2.478047860566449e-06
FL-2005-000132-MKD,FL_2005_000132_MKD,2.4584276e-06,4.704218654237324e-06,840.0,2.4613369817751476e-06
FL-2019-000163-UGA,FL_2019_000163_UGA,2.428801e-06,0.0001571255579911,133.0,2.4464010072463773e-06
FL-2008-000217-KEN,FL_2008_000217_KEN,2.4308997e-06,8.509881886955402e-06,739.0,2.434167038306452e-06
FL-2006-000031-PER,FL_2006_000031_PER,2.406731e-06,9.945737164502448e-05,207.0,2.4180835047169813e-06
FL-2013-000055-UGA,FL_2013_000055_UGA,2.2790482e-06,3.180970118087903e-05,471.0,2.2838361163865547e-06
FL-1999-000259-KHM,FL_1999_000259_KHM,2.2268061e-06,2.4963368975642095e-05,523.0,2.231023535795455e-06
FL-2019-000116-ETH,FL_2019_000116_ETH,2.2098359e-06,1.24639759761022e-05,654.0,2.213189216995448e-06
FL-2020-000038-EGY,FL_2020_000038_EGY,2.1720114e-06,3.201054666681646e-06,901.0,2.1744087635761586e-06
FL-2008-000154-MEX,FL_2008_000154_MEX,2.1265062e-06,6.707593842631787e-06,793.0,2.129170994736842e-06
FL-2019-000138-KEN,FL_2019_000138_KEN,2.0646537e-06,9.90780652290849e-05,208.0,2.0743469098591553e-06
FL-2010-000036-CYP,FL_2010_000036_CYP,1.927836e-06,1.223015904576384e-05,657.0,1.93074813897281e-06
FF-2012-000062-KEN,FF_2012_000062_KEN,1.9262259e-06,3.563999904869616e-05,441.0,1.9305447921524658e-06
FL-2009-000218-KEN,FL_2009_000218_KEN,1.8456291e-06,3.336387071479824e-05,461.0,1.8495896774678112e-06
FF-2007-000080-BGD,FF_2007_000080_BGD,1.8331275e-06,9.521661562420706e-07,1056.0,1.8348552356267673e-06
FL-2011-000118-GTM,FL_2011_000118_GTM,1.7755898e-06,3.173818895203391e-05,473.0,1.7793044230125523e-06
FL-2008-000126-TCD,FL_2008_000126_TCD,1.7675586e-06,1.0402427719029e-05,699.0,1.7700693366477273e-06
FL-1998-000247-IRN,FL_1998_000247_IRN,1.7176388e-06,0.0002288419202774,87.0,1.7363087869565218e-06
FL-2018-000043-TZA,FL_2018_000043_TZA,1.721942e-06,9.38540711834882e-05,216.0,1.729733592760181e-06
FL-2011-000091-BEN,FL_2011_000091_BEN,1.721474e-06,1.916366808041247e-06,970.0,1.7232396143589745e-06
FL-2001-000096-UKR,FL_2001_000096_UKR,1.6154978e-06,0.0002737635241044,71.0,1.63675435e-06
FL-2001-000079-ROM,FL_2001_000079_ROM,1.6154978e-06,0.0001309238287505,166.0,1.6249451555555555e-06
FL-2001-000095-HUN,FL_2001_000095_HUN,1.6154978e-06,7.272513349869305e-05,280.0,1.6211662133333335e-06
FL-2019-000048-TZA,FL_2019_000048_TZA,1.5769717e-06,4.451760705239284e-05,389.0,1.5809741662436548e-06
FL-2016-000084-PHL,FL_2016_000084_PHL,1.5621051e-06,5.980133530363033e-05,323.0,1.5668676155487803e-06
FL-2013-000076-PRY,FL_2013_000076_PRY,1.5181109e-06,8.762206213414971e-06,732.0,1.5201707519674357e-06
FL-2015-000169-KEN,FL_2015_000169_KEN,1.5119251e-06,2.6232464706865866e-05,515.0,1.5148326482692308e-06
FL-2020-000164-IND,FL_2020_000164_IND,1.4853194e-06,2.0828931164171244e-06,960.0,1.486858591088083e-06
FL-2019-000131-CIV,FL_2019_000131_CIV,1.4615664e-06,2.3870739005636986e-05,532.0,1.4642881251396646e-06
FL-2019-000014-MWI,FL_2019_000014_MWI,1.451099e-06,8.428316610729546e-06,742.0,1.4530415689424363e-06
FF-2008-000202-MAR,FF_2008_000202_MAR,1.4155262e-06,6.501539894532635e-05,305.0,1.420092413548387e-06
FF-2006-000046-KEN,FF_2006_000046_KEN,1.4039973e-06,0.000167058763427,126.0,1.4147148366412211e-06
FL-2006-000130-KHM,FL_2006_000130_KHM,1.4030161e-06,2.3277537458956082e-07,1160.0,1.404220405665236e-06
FL-2020-000029-TZA,FL_2020_000029_TZA,1.3293283e-06,1.003862292269657e-05,706.0,1.331197960056259e-06
FL-2009-000226-PRY,FL_2009_000226_PRY,1.2999104e-06,4.969256995331365e-05,365.0,1.3034236713513515e-06
FL-2002-000350-CHN,FL_2002_000350_CHN,1.2308761e-06,2.4003317834203604e-05,530.0,1.2331768029906544e-06
FL-1998-000112-TZA,FL_1998_000112_TZA,1.2148992e-06,0.0001458736947655,150.0,1.2227372593548387e-06
FL-2013-000108-SSD,FL_2013_000108_SSD,1.2007347e-06,4.440616139920664e-05,391.0,1.2037668583333336e-06
FL-2017-000054-BFA,FL_2017_000054_BFA,1.1713846e-06,1.520445884051508e-05,627.0,1.1732380566455696e-06
FL-1998-000179-RUS,FL_1998_000179_RUS,1.1493343e-06,1.1119496444834572e-05,684.0,1.151002419448476e-06
FL-2022-000305-GIN,FL_2022_000305_GIN,1.1163999e-06,9.24804914133274e-05,222.0,1.1213179612334804e-06
FL-2020-000132-UGA,FL_2020_000132_UGA,1.0956085e-06,3.65507095366081e-05,434.0,1.0981041913439637e-06
FL-2000-000438-KHM,FL_2000_000438_KHM,1.0854035e-06,5.3836902287046005e-06,825.0,1.0867112150602408e-06
FL-2021-000173-IDN,FL_2021_000173_IDN,1.043486e-06,0.0006644933671504,22.0,1.0821336296296296e-06
FL-2016-000044-CHN,FL_2016_000044_CHN,1.0616216e-06,4.728674530213512e-05,376.0,1.0644080083989501e-06
FL-2019-000162-MYS,FL_2019_000162_MYS,1.01959e-06,1.01756927362351e-06,1043.0,1.0205628912213742e-06
FL-2015-000105-GIN,FL_2015_000105_GIN,1.0142835e-06,7.48697220355207e-05,271.0,1.0179584402173913e-06
FL-2000-000258-IDN,FL_2000_000258_IDN,1.0055759e-06,0.0002142519537231,96.0,1.015532097029703e-06
FL-2021-000213-STP,FL_2021_000213_STP,9.800588e-07,1.5493645116409817e-06,994.0,9.8103983983984e-07
FF-2018-000030-KEN,FF_2018_000030_KEN,9.267336e-07,0.0008548770053629,13.0,9.782188e-07
FL-2007-000154-MEX,FL_2007_000154_MEX,9.744286e-07,3.1201559268563e-06,903.0,9.755017592511012e-07
FL-2007-000107-TLS,FL_2007_000107_TLS,9.135807e-07,2.755989816172795e-05,502.0,9.153826343195266e-07
FL-2002-000373-GHA,FL_2002_000373_GHA,8.8666667e-07,6.693079245149971e-06,794.0,8.877763904881103e-07
FF-2007-000113-GMB,FF_2007_000113_GMB,8.4232636e-07,1.7668930229564654e-06,980.0,8.431815136649746e-07
FL-2017-000095-GHA,FL_2017_000095_GHA,8.3240974e-07,5.428676017028276e-06,822.0,8.334162814026602e-07
FL-1997-000530-PER,FL_1997_000530_PER,8.2538986e-07,1.2153078641166858e-06,1020.0,8.261951184e-07
FL-2007-000139-KEN,FL_2007_000139_KEN,8.0015406e-07,5.6695303859171343e-05,334.0,8.025143964601769e-07
FL-2011-000115-KEN,FL_2011_000115_KEN,7.460739e-07,0.000724916072193,17.0,7.7998635e-07
FL-2021-000038-KEN,FL_2021_000038_KEN,7.39374e-07,5.4251839371316646e-05,348.0,7.414685439093484e-07
FL-2009-000198-BEN,FL_2009_000198_BEN,7.331155e-07,0.0001399902888169,160.0,7.375586242424243e-07
FL-2020-000125-TZA,FL_2020_000125_TZA,7.1629313e-07,0.00010829378777,194.0,7.19892592964824e-07
FL-2013-000112-CAF,FL_2013_000112_CAF,6.8424174e-07,2.740571194243449e-05,504.0,6.855860263261296e-07
FL-2001-000117-PER,FL_2001_000117_PER,6.689493e-07,6.409654245336903e-05,309.0,6.710797117834395e-07
FL-2015-000011-PER,FL_2015_000011_PER,6.6561665e-07,4.454100232775114e-05,388.0,6.67310331043257e-07
FL-2005-000062-TZA,FL_2005_000062_TZA,6.2457036e-07,0.0002170242738031,93.0,6.309435269387754e-07
FF-2014-000009-TZA,FF_2014_000009_TZA,6.2383543e-07,6.185847078781558e-05,317.0,6.257728071118013e-07
FL-2008-000213-PER,FL_2008_000213_PER,6.0890903e-07,1.1956965945731114e-05,667.0,6.098151446279763e-07
FL-2019-000181-IDN,FL_2019_000181_IDN,5.8929254e-07,7.84942211825754e-05,260.0,5.915162854339623e-07
FL-2005-000137-CAF,FL_2005_000137_CAF,5.7832165e-07,3.877462423279088e-05,423.0,5.796728688084112e-07
FL-2005-000169-FJI,FL_2005_000169_FJI,5.718396e-07,4.367335571103234e-07,1113.0,5.723510844364938e-07
FL-1997-000207-SYC,FL_1997_000207_SYC,5.690171e-07,3.6106167304354266e-05,439.0,5.70298670045045e-07
FL-2014-000152-ETH,FL_2014_000152_ETH,5.6713355e-07,3.0263403522310045e-06,906.0,5.67756089571899e-07
FL-2015-000040-SOM,FL_2015_000040_SOM,5.405893e-07,3.550009034638888e-05,443.0,5.417959725446429e-07
FL-2006-000013-MWI,FL_2006_000013_MWI,5.2764227e-07,0.0002935640906443,65.0,5.351800167142856e-07
FL-2007-000111-GBR,FL_2007_000111_GBR,5.329055e-07,1.127406507612991e-07,1182.0,5.333544515585509e-07
FL-2014-000014-SYC,FL_2014_000014_SYC,5.192218e-07,1.084274097822153e-05,693.0,5.19965670773639e-07
FL-2016-000011-TZA,FL_2016_000011_TZA,5.1418334e-07,2.6628031609610243e-06,937.0,5.147291821868366e-07
FL-2006-000124-UGA,FL_2006_000124_UGA,5.09844e-07,3.727698879033032e-05,427.0,5.110241944444445e-07
FL-1998-000329-BEN,FL_1998_000329_BEN,5.0581855e-07,3.417592147310346e-05,451.0,5.069278012061404e-07
FL-1998-000165-CHN,FL_1998_000165_CHN,5.043362e-07,1.4440943763040774e-06,1004.0,5.048360376610505e-07
FF-2017-000122-CMR,FF_2017_000122_CMR,5.026588e-07,8.367045551128645e-05,244.0,5.046775100401606e-07
FL-2006-000070-IND,FL_2006_000070_IND,5.0293863e-07,1.1054318380724633e-05,689.0,5.036633254322767e-07
FF-2009-000196-IDN,FF_2009_000196_IDN,4.9167517e-07,0.000260085474029,75.0,4.97821109625e-07
FL-2007-000145-ETH,FL_2007_000145_ETH,4.96795e-07,2.281145465378122e-06,951.0,4.97314660041841e-07
FL-2006-000164-TZA,FL_2006_000164_TZA,4.9154113e-07,0.0001978752535655,102.0,4.961349723364485e-07
FL-2007-000076-KEN,FL_2007_000076_KEN,4.7539223e-07,0.0003412360649579,55.0,4.833154338333333e-07
FL-1999-000253-PHL,FL_1999_000253_PHL,4.806786e-07,5.55607433992096e-06,820.0,4.812612407272727e-07
FL-2014-000168-MYS,FL_2014_000168_MYS,4.674259e-07,2.7392364807991268e-05,505.0,4.6834242137254904e-07
FL-2001-000019-MOZ,FL_2001_000019_MOZ,4.6385813e-07,4.923099441087388e-05,369.0,4.650983923796792e-07
FL-2005-000111-ROM,FL_2005_000111_ROM,4.6160235e-07,2.509698448531536e-07,1155.0,4.620002830603448e-07
FL-2021-000135-GIN,FL_2021_000135_GIN,4.026647e-07,0.0032117428747511,5.0,4.4293117e-07
FL-2011-000190-AGO,FL_2011_000190_AGO,4.3897728e-07,3.770522765968906e-07,1125.0,4.3936575546902655e-07
FL-2009-000100-DOM,FL_2009_000100_DOM,4.2728152e-07,2.234985410318713e-05,549.0,4.2805278628158845e-07
FF-2015-000115-MKD,FF_2015_000115_MKD,4.2144893e-07,0.0001180695052858,186.0,4.2365546890052355e-07
FL-2007-000009-PER,FL_2007_000009_PER,4.10949e-07,1.8773909588690512e-05,584.0,4.1164670628183356e-07
FL-2006-000121-MKD,FL_2006_000121_MKD,3.898303e-07,4.399594842392914e-07,1112.0,3.901792975828111e-07
FL-2009-000095-TJK,FL_2009_000095_TJK,3.842938e-07,1.4597742232633436e-06,1001.0,3.846758017892644e-07
FL-1998-000085-IRN,FL_1998_000085_IRN,3.7292244e-07,3.024740098297339e-05,481.0,3.7368977012345677e-07
FF-2018-000042-ETH,FF_2018_000042_ETH,3.7150065e-07,7.535800317531179e-05,267.0,3.7286646121323525e-07
FF-2013-000113-ROM,FF_2013_000113_ROM,3.5694703e-07,1.5265735292206454e-06,996.0,3.5730362043956045e-07
FL-2006-000071-ROM,FL_2006_000071_ROM,3.3512362e-07,1.308003767550706e-06,1010.0,3.3545379105418723e-07
FL-2007-000155-ROM,FL_2007_000155_ROM,3.1910477e-07,9.614604042358482e-07,1054.0,3.1940609650613787e-07
FL-2012-000157-CMR,FL_2012_000157_CMR,3.1486334e-07,3.249111874584362e-06,899.0,3.1521164015486726e-07
FL-2008-000035-PRY,FL_2008_000035_PRY,3.0805538e-07,0.0001682907913714,124.0,3.1044340620155036e-07
FL-2006-000120-BFA,FL_2006_000120_BFA,3.0048676e-07,1.1581588545711129e-05,677.0,3.009273564222874e-07
FL-2009-000192-MEX,FL_2009_000192_MEX,2.865379e-07,0.0007656818840919,15.0,3.00864795e-07
FL-2022-000217-BGD,FL_2022_000217_BGD,3.0012527e-07,1.4476546677815368e-05,637.0,3.005927548442368e-07
FL-2013-000041-GHA,FL_2013_000041_GHA,2.9990883e-07,4.270474533570982e-06,858.0,3.002563489223638e-07
FL-2001-000375-IRN,FL_2001_000375_IRN,2.8289116e-07,3.136683999975903e-05,474.0,2.834817469728601e-07
FL-2013-000019-PER,FL_2013_000019_PER,2.7710527e-07,2.990062827600359e-06,909.0,2.7740844863238514e-07
FL-2018-000154-GHA,FL_2018_000154_GHA,2.6116356e-07,2.465992517383771e-06,942.0,2.6143933989440335e-07
FF-2008-000072-CHN,FF_2008_000072_CHN,2.5788006e-07,2.904774432878319e-07,1148.0,2.581037200693842e-07
FL-2011-000133-MEX,FL_2011_000133_MEX,2.5716994e-07,4.895237952532447e-06,835.0,2.574760946904762e-07
FL-2009-000265-MAR,FL_2009_000265_MAR,2.5414877e-07,7.98924472204557e-07,1070.0,2.543851874604651e-07
FL-2003-000578-COL,FL_2003_000578_COL,2.524893e-07,4.018270214286481e-07,1117.0,2.52714335026738e-07
FF-2013-000118-BEN,FF_2013_000118_BEN,2.5180853e-07,8.458872375879981e-07,1068.0,2.520432071015843e-07
FF-2020-000140-IDN,FF_2020_000140_IDN,2.4160346e-07,0.0006186892643303,26.0,2.4939712e-07
FL-2009-000267-SRB,FL_2009_000267_SRB,2.4879955e-07,1.3719223950693918e-07,1179.0,2.4900968475506756e-07
FL-2004-000116-CAF,FL_2004_000116_CAF,2.4446177e-07,3.981967424284643e-05,420.0,2.4503697416470594e-07
FF-2007-000083-IND,FF_2007_000083_IND,2.3921132e-07,0.0004040946148702,44.0,2.440931836734694e-07
FL-2000-000187-ROM,FL_2000_000187_ROM,2.41299e-07,3.494123982681839e-07,1132.0,2.415112242744063e-07
FL-2006-000065-TZA,FL_2006_000065_TZA,2.3604579e-07,2.3838256585407145e-05,533.0,2.3648453682156132e-07
FL-2009-000266-ALB,FL_2009_000266_ALB,2.2937192e-07,1.256039824168357e-06,1016.0,2.2959657418217434e-07
FL-2016-000124-COD,FL_2016_000124_COD,2.2906202e-07,2.861757319494797e-06,918.0,2.293101912026002e-07
FL-2004-000036-MKD,FL_2004_000036_MKD,2.2041675e-07,2.3902948519068903e-08,1201.0,2.2059951679104475e-07
FL-2016-000050-LKA,FL_2016_000050_LKA,2.1948605e-07,1.5217463136015884e-08,1203.0,2.1966774375e-07
FL-2006-000192-IDN,FL_2006_000192_IDN,2.1619992e-07,9.37504971920363e-05,217.0,2.1717379351351349e-07
FL-2006-000112-ETH,FL_2006_000112_ETH,2.1679486e-07,5.349611769311925e-06,826.0,2.170557443080626e-07
FL-2006-000068-CHN,FL_2006_000068_CHN,2.1093186e-07,3.5601949363605466e-07,1131.0,2.1111753945422533e-07
FL-2001-000407-IDN,FL_2001_000407_IDN,2.060833e-07,0.0001462574528182,149.0,2.0742150324675326e-07
FL-2014-000053-TZA,FL_2014_000053_TZA,2.0504662e-07,5.686827521025735e-05,333.0,2.056532668047337e-07
FL-1998-000392-IND,FL_1998_000392_IND,2.0387883e-07,6.224117576380121e-06,806.0,2.0413022189889026e-07
FL-2022-000362-LCA,FL_2022_000362_LCA,2.0047153e-07,4.397049964695272e-05,395.0,2.0097270882500001e-07
FL-2022-000356-ETH,FL_2022_000356_ETH,1.9995517e-07,1.7983049279964407e-05,591.0,2.0029066525167785e-07
FL-2017-000139-ETH,FL_2017_000139_ETH,1.9640153e-07,9.811856746458305e-06,713.0,1.9667506973537605e-07
FL-1999-000531-COD,FL_1999_000531_COD,1.9349001e-07,5.87306549702738e-06,812.0,1.9372683987760099e-07
FL-2011-000131-GIN,FL_2011_000131_GIN,1.9324162e-07,7.173865244397179e-06,775.0,1.9348936566666667e-07
FL-1999-000160-PER,FL_1999_000160_PER,1.9213546e-07,8.02438749810291e-05,255.0,1.9287444253846152e-07
FL-2015-000006-MWI,FL_2015_000006_MWI,1.8860007e-07,3.722134209329891e-05,429.0,1.8903463237327187e-07
FL-2019-000067-UGA,FL_2019_000067_UGA,1.8589441e-07,7.077708912049839e-05,289.0,1.865267039115646e-07
FL-2006-000172-COG,FL_2006_000172_COG,1.8194713e-07,7.834333666015084e-06,758.0,1.8218559281782438e-07
FL-2017-000053-THA,FL_2017_000053_THA,1.8130862e-07,1.067674946490888e-05,695.0,1.815676323142857e-07
FL-2019-000015-PER,FL_2019_000015_PER,1.7802348e-07,7.911431264792452e-07,1072.0,1.7818877571030638e-07
FL-2004-000043-IND,FL_2004_000043_IND,1.7764314e-07,8.066124235941359e-06,754.0,1.7787718893280633e-07
FL-2003-000293-TLS,FL_2003_000293_TLS,1.761047e-07,3.517083674514645e-05,446.0,1.7649517605321508e-07
FL-2015-000064-IND,FL_2015_000064_IND,1.7357438e-07,0.0001526167096467,144.0,1.747393087248322e-07
FL-2012-000183-COL,FL_2012_000183_COL,1.7442062e-07,1.1358683431926786e-05,681.0,1.7467487746355686e-07
FL-2013-000028-NAM,FL_2013_000028_NAM,1.7373908e-07,2.4505730034715456e-05,528.0,1.7406504450281426e-07
FL-2008-000086-MEX,FL_2008_000086_MEX,1.6946647e-07,0.0001975456653003,103.0,1.710356039814815e-07
FL-2013-000011-ZWE,FL_2013_000011_ZWE,1.6442927e-07,7.484133097613854e-05,272.0,1.6502287747292418e-07
FL-2006-000158-PRK,FL_2006_000158_PRK,1.6378435e-07,8.79366241044888e-06,731.0,1.6400688308423911e-07
FL-2011-000170-COL,FL_2011_000170_COL,1.637801e-07,3.6769342976319257e-06,880.0,1.63965162259887e-07
FL-2003-000482-MEX,FL_2003_000482_MEX,1.5606138e-07,0.000207658217919,97.0,1.5759139352941176e-07
OT-2004-000112-COL,OT_2004_000112_COL,1.556484e-07,3.68876891342152e-06,878.0,1.558246722536806e-07
FL-2012-000106-BGD,FL_2012_000106_BGD,1.5249607e-07,5.170503080305077e-05,354.0,1.5292085013927576e-07
FL-2008-000011-TZA,FL_2008_000011_TZA,1.5176975e-07,8.657137923637166e-05,233.0,1.5240743802521008e-07
FL-2003-000196-ARG,FL_2003_000196_ARG,1.5040628e-07,2.7150385527833567e-06,927.0,1.5056766012875537e-07
FL-2007-000125-PHL,FL_2007_000125_PHL,1.500994e-07,1.561534832257762e-05,620.0,1.5033955904e-07
FL-2019-000160-COG,FL_2019_000160_COG,1.4854966e-07,4.443412473543685e-05,390.0,1.489257350886076e-07
FL-2006-000169-SOM,FL_2006_000169_SOM,1.4827137e-07,2.218572936756436e-05,551.0,1.4853804512589928e-07
FL-2001-000332-IND,FL_2001_000332_IND,1.4647075e-07,9.201393028363609e-06,723.0,1.4667194608516484e-07
FL-2022-000312-BGR,FL_2022_000312_BGR,1.4637388e-07,4.214521290053244e-06,861.0,1.4654290295612008e-07
FL-2014-000079-PHL,FL_2014_000079_PHL,1.3930922e-07,4.530381912045159e-05,386.0,1.3966550956521738e-07
FL-2011-000106-GHA,FL_2011_000106_GHA,1.3508144e-07,3.96563009853592e-07,1119.0,1.3520161921708183e-07
FL-2005-000081-CHN,FL_2005_000081_CHN,1.3225282e-07,1.0533816598220943e-07,1183.0,1.3236414392255893e-07
FL-2008-000074-BFA,FL_2008_000074_BFA,1.2830196e-07,7.904234105680253e-06,757.0,1.2847033527559054e-07
FL-2011-000148-KHM,FL_2011_000148_KHM,1.2605784e-07,9.232361317942158e-06,722.0,1.2623123455295736e-07
FL-2010-000150-MEX,FL_2010_000150_MEX,1.2393701e-07,3.2803964882935226e-07,1138.0,1.2404544132983376e-07
SS-2007-000063-MDV,SS_2007_000063_MDV,1.2360387e-07,1.9743159091895227e-06,966.0,1.2373116543769308e-07
FL-2016-000060-IND,FL_2016_000060_IND,1.2244804e-07,1.185895462783923e-05,669.0,1.2262971364985164e-07
FF-2008-000227-ETH,FF_2008_000227_ETH,1.178325e-07,0.0001233867218322,175.0,1.18487125e-07
FL-2012-000063-RUS,FL_2012_000063_RUS,1.1733648e-07,1.445106964555012e-06,1003.0,1.1745288523809524e-07
FL-2007-000221-KEN,FL_2007_000221_KEN,1.1520072e-07,1.7781724141701065e-05,594.0,1.1539304173622704e-07
FL-2000-000302-CHN,FL_2000_000302_CHN,1.1277343e-07,7.866014043541389e-07,1073.0,1.1287804357142858e-07
ST-1998-000296-PHL,ST_1998_000296_PHL,1.0724414e-07,8.600341255898418e-05,234.0,1.0769286025104601e-07
FL-2012-000066-COM,FL_2012_000066_COM,1.04804265e-07,6.358675648753701e-05,311.0,1.051359240664557e-07
FL-2013-000131-KHM,FL_2013_000131_KHM,1.0418959e-07,2.3823381628150294e-05,534.0,1.0438289165120594e-07
FL-2010-000245-MAR,FL_2010_000245_MAR,1.0377448e-07,7.360701581013639e-06,769.0,1.0390855555555554e-07
FL-2007-000220-SRB,FL_2007_000220_SRB,1.0231714e-07,1.2459261080232736e-06,1017.0,1.024172546183953e-07
FL-1999-000391-MEX,FL_1999_000391_MEX,1.0019329e-07,0.0002039143196141,100.0,1.011475118095238e-07
FL-2003-000229-LKA,FL_2003_000229_LKA,9.9806996e-08,2.696826119888029e-06,929.0,9.991385573875803e-08
FL-2018-000065-TJK,FL_2018_000065_TJK,9.693648e-08,1.5079049863248328e-06,997.0,9.703322299401196e-08
FL-2015-000081-PHL,FL_2015_000081_PHL,9.5069346e-08,1.2604145575856454e-05,652.0,9.521404820091325e-08
FL-2009-000123-BGD,FL_2009_000123_BGD,9.228065e-08,1.6787248794060373e-05,600.0,9.243318e-08
FL-2020-000242-COL,FL_2020_000242_COL,9.059501e-08,5.9628767498615645e-05,325.0,9.086954033333332e-08
FL-2014-000004-COL,FL_2014_000004_COL,8.88538e-08,5.48859720920476e-07,1097.0,8.893442958257713e-08
FL-1999-000229-TJK,FL_1999_000229_TJK,8.797805e-08,3.3779821622687644e-06,889.0,8.807645945190158e-08
FL-2021-000019-PER,FL_2021_000019_PER,8.734847e-08,1.5162582831129492e-05,630.0,8.74860266456693e-08
FL-2010-000249-IND,FL_2010_000249_IND,8.364729e-08,8.113247022823288e-06,753.0,8.375764262532982e-08
FL-2003-000027-TUN,FL_2003_000027_TUN,8.2414786e-08,3.662606649836664e-05,432.0,8.260337818764303e-08
FL-2011-000005-HND,FL_2011_000005_HND,8.2201815e-08,6.371980785356524e-11,1218.0,8.226902825838102e-08
FL-2016-000045-ETH,FL_2016_000045_ETH,8.1793964e-08,1.964895837648754e-06,967.0,8.187811416872428e-08
FL-2007-000141-NGA,FL_2007_000141_NGA,7.993165e-08,7.800072508151301e-06,761.0,8.003599941253265e-08
FL-1997-000337-IND,FL_1997_000337_IND,7.874058e-08,4.292041055292984e-05,405.0,7.893263019512196e-08
FL-2009-000113-CHN,FL_2009_000113_CHN,7.807025e-08,4.259859961314493e-05,407.0,7.825974089805826e-08
FL-1998-000048-PAK,FL_1998_000048_PAK,7.673557e-08,0.0002215039035023,90.0,7.754331284210526e-08
FL-2009-000187-CIV,FL_2009_000187_CIV,7.726389e-08,6.298345431274992e-06,803.0,7.73595136262376e-08
FL-2013-000004-KEN,FL_2013_000004_KEN,7.718672e-08,4.801650541416984e-06,837.0,7.72783906888361e-08
FL-2000-000444-IND,FL_2000_000444_IND,7.6139656e-08,4.879457078457919e-06,836.0,7.623019066825209e-08
FL-2007-000217-SRB,FL_2007_000217_SRB,7.611056e-08,6.367601257778903e-08,1192.0,7.617414442773602e-08
FL-2014-000123-SSD,FL_2014_000123_SSD,7.340739e-08,0.0005833745803147,28.0,7.563185636363636e-08
FL-2018-000034-BLR,FL_2018_000034_BLR,7.517867e-08,5.062245155311985e-07,1104.0,7.524645960324617e-08
FL-2003-000012-BOL,FL_2003_000012_BOL,7.459607e-08,1.765962280515801e-07,1171.0,7.465950203231293e-08
FL-2019-000033-PRY,FL_2019_000033_PRY,7.1030264e-08,9.410351438423029e-06,717.0,7.112864386703602e-08
FL-2006-000047-COD,FL_2006_000047_COD,7.053226e-08,8.496381282560799e-05,238.0,7.082251621399177e-08
FL-2008-000031-PER,FL_2008_000031_PER,6.958548e-08,5.921103926848888e-05,329.0,6.979381976047905e-08
FL-2017-000014-PER,FL_2017_000014_PER,6.900518e-08,9.275473460619738e-06,720.0,6.91003595586207e-08
FL-2012-000174-BEN,FL_2012_000174_BEN,6.871855e-08,3.616458858340978e-05,438.0,6.887367088036117e-08
FL-2007-000197-COD,FL_2007_000197_COD,6.867131e-08,1.83252342352266e-05,588.0,6.878711322091063e-08
FL-2011-000124-ETH,FL_2011_000124_ETH,6.782303e-08,0.000284711105424,68.0,6.875211260273973e-08
FF-2005-000072-TJK,FF_2005_000072_TJK,6.7578995e-08,9.72626959628513e-06,714.0,6.767298525730181e-08
FL-2006-000029-NAM,FL_2006_000029_NAM,6.502178e-08,1.4963525154147987e-05,632.0,6.512385500784928e-08
FL-2009-000136-BIH,FL_2009_000136_BIH,6.2234726e-08,5.898276740810252e-07,1096.0,6.229125163669391e-08
FF-2008-000141-ETH,FF_2008_000141_ETH,5.8899495e-08,8.59675397697098e-05,235.0,5.91449095625e-08
FF-2011-000143-SSD,FF_2011_000143_SSD,5.7871727e-08,0.0002352516691147,83.0,5.852936026136364e-08
FL-2018-000414-IRQ,FL_2018_000414_IRQ,5.5979893e-08,1.4267903225812896e-05,640.0,5.6066683531782944e-08
FL-1998-000203-BGD,FL_1998_000203_BGD,5.588934e-08,1.954633836608298e-06,968.0,5.594678022610483e-08
FL-1999-000363-NIC,FL_1999_000363_NIC,5.456828e-08,7.499147424170845e-05,270.0,5.476671010909091e-08
FL-2002-000225-ETH,FL_2002_000225_ETH,5.2434558e-08,3.3654993205012896e-05,455.0,5.254854616956522e-08
FL-2011-000020-BOL,FL_2011_000020_BOL,5.2269595e-08,1.67076357576175e-05,604.0,5.235542356321839e-08
FL-2010-000136-YEM,FL_2010_000136_YEM,5.1712814e-08,8.746840550517124e-05,231.0,5.193193609322034e-08
FL-2022-000349-CMR,FL_2022_000349_CMR,5.1585886e-08,4.972591961259455e-05,363.0,5.172606503804348e-08
FF-2013-000029-SRB,FF_2013_000029_SRB,5.102153e-08,6.800009822966115e-06,789.0,5.108578885390428e-08
FL-2003-000316-IND,FL_2003_000316_IND,5.0490932e-08,9.154904924463414e-06,725.0,5.056009766027397e-08
FL-2014-000154-IDN,FL_2014_000154_IDN,4.9772744e-08,0.0001545639360542,137.0,5.0123256281690144e-08
FL-1997-000025-MWI,FL_1997_000025_MWI,4.927633e-08,2.4886029573960795e-05,525.0,4.936930420754718e-08
FF-2021-000032-TLS,FF_2021_000032_TLS,4.9146333e-08,8.358049283286318e-05,245.0,4.9342918332e-08
FL-2009-000261-PER,FL_2009_000261_PER,4.688571e-08,8.40781842601614e-06,743.0,4.694839143048128e-08
FL-2005-000098-BGR,FL_2005_000098_BGR,4.6769447e-08,4.3228357192381176e-05,402.0,4.688435964619165e-08
FL-2015-000088-IRN,FL_2015_000088_IRN,4.6331838e-08,2.328670407542399e-05,540.0,4.641685054678899e-08
FL-2008-000091-SOM,FL_2008_000091_SOM,4.5524843e-08,4.424539269579609e-05,394.0,4.563894035087719e-08
FL-2005-000194-COL,FL_2005_000194_COL,4.3836568e-08,6.893093790827302e-06,787.0,4.38919172020202e-08
FL-2009-000031-DOM,FL_2009_000031_DOM,4.279036e-08,5.391682308004499e-05,350.0,4.291089622535211e-08
FL-2008-000102-CIV,FL_2008_000102_CIV,3.995551e-08,8.460795558925422e-05,240.0,4.0118593714285715e-08
FL-2012-000210-MWI,FL_2012_000210_MWI,3.986317e-08,3.311759215091492e-05,463.0,3.994834771367521e-08
FL-2014-000054-TJK,FL_2014_000054_TJK,3.937847e-08,1.2788440769637938e-06,1013.0,3.941715219056975e-08
FL-2010-000049-AGO,FL_2010_000049_AGO,3.914962e-08,0.0001122224974785,189.0,3.935142216494845e-08
FL-1998-000213-KGZ,FL_1998_000213_KGZ,3.9002703e-08,9.2626245056585e-06,721.0,3.905642573140496e-08
FL-2009-000268-AGO,FL_2009_000268_AGO,3.8428936e-08,9.173540790606623e-06,724.0,3.848165058984911e-08
FL-2002-000026-SEN,FL_2002_000026_SEN,3.788711e-08,1.6568932079751358e-05,606.0,3.7949118363338795e-08
FL-2002-000808-MWI,FL_2002_000808_MWI,3.7699767e-08,2.1124418736493816e-05,557.0,3.7766848435943064e-08
FL-2021-000208-IRQ,FL_2021_000208_IRQ,3.6922007e-08,0.0004126121960782,40.0,3.774249604444444e-08
FF-2008-000063-PHL,FF_2008_000063_PHL,3.720795e-08,0.0001203841678852,178.0,3.7411272131147545e-08
FL-2008-000191-HND,FL_2008_000191_HND,3.7258808e-08,4.642238977553755e-06,844.0,3.7302693521790346e-08
FL-2002-000077-PER,FL_2002_000077_PER,3.7090278e-08,2.338261127196541e-05,538.0,3.715858422099448e-08
FF-2021-000189-BIH,FF_2021_000189_BIH,3.5975873e-08,8.488808913514433e-06,740.0,3.602416276241611e-08
FL-2020-000126-ETH,FL_2020_000126_ETH,3.5934878e-08,4.340452885551388e-05,399.0,3.602382571782178e-08
FL-2011-000061-DOM,FL_2011_000061_DOM,3.5869615e-08,3.330627636370995e-05,462.0,3.594642359743041e-08
FL-2016-000117-ALB,FL_2016_000117_ALB,3.5903383e-08,1.718462507745852e-06,983.0,3.593972245647773e-08
FL-2009-000087-VUT,FL_2009_000087_VUT,3.5364817e-08,1.201826654872927e-05,664.0,3.5417679207772795e-08
FL-2008-000089-IND,FL_2008_000089_IND,3.5026705e-08,9.031505088508912e-06,727.0,3.5074555689890715e-08
FL-2002-000782-MKD,FL_2002_000782_MKD,3.4282728e-08,4.693156735552221e-07,1108.0,3.43135300916442e-08
FF-2020-000168-MNG,FF_2020_000168_MNG,3.13076e-08,0.0018134790069979,8.0,3.371587692307693e-08
FL-2003-000204-KEN,FL_2003_000204_KEN,3.2374825e-08,7.643942958632484e-06,763.0,3.2416979720052076e-08
FL-2007-000122-VNM,FL_2007_000122_VNM,2.9777901e-08,1.0279973258505404e-06,1039.0,2.980642389367815e-08
FL-2019-000084-IND,FL_2019_000084_IND,2.9291181e-08,4.239808964880578e-05,409.0,2.9361932644927534e-08
FL-2013-000002-PSE,FL_2013_000002_PSE,2.8834975e-08,1.091408134156389e-06,1033.0,2.886275435934489e-08
FL-1991-000010-PHL,FL_1991_000010_PHL,2.8463832e-08,3.403855274367897e-06,888.0,2.8495706391937287e-08
FL-2003-000571-DOM,FL_2003_000571_DOM,2.7133199e-08,3.3686820960070184e-05,453.0,2.7192441792576416e-08
FL-2002-000522-KHM,FL_2002_000522_KHM,2.6654387e-08,2.8689609625006422e-06,917.0,2.6683296313449022e-08
FL-2010-000208-RUS,FL_2010_000208_RUS,2.645962e-08,5.481700869775653e-07,1098.0,2.6483608776065276e-08
FL-2007-000165-BEN,FL_2007_000165_BEN,2.62611e-08,2.984002038377676e-05,486.0,2.6314584928716904e-08
FL-2002-000734-MAR,FL_2002_000734_MAR,2.5278633e-08,5.15666832838939e-05,355.0,2.5348851425e-08
FL-2014-000159-MAR,FL_2014_000159_MAR,2.4963859e-08,5.9897424339471946e-05,322.0,2.5040201076452597e-08
FL-2011-000108-SEN,FL_2011_000108_SEN,2.484831e-08,1.1979312379670642e-05,666.0,2.4885341758569303e-08
FL-2008-000167-VCT,FL_2008_000167_VCT,2.482706e-08,1.2467478564335085e-05,653.0,2.4864791094224925e-08
FL-1999-000371-IND,FL_1999_000371_IND,2.4480574e-08,3.0124639852880158e-05,485.0,2.453053435510204e-08
FL-2011-000196-IDN,FL_2011_000196_IDN,2.4296885e-08,0.0001455587748577,151.0,2.4452634262820513e-08
FL-1999-000315-GHA,FL_1999_000315_GHA,2.438192e-08,5.654455179274029e-06,817.0,2.4411581703163017e-08
FL-2009-000122-IND,FL_2009_000122_IND,2.425456e-08,1.0845274313301712e-05,692.0,2.4289358507890962e-08
FL-2012-000110-IND,FL_2012_000110_IND,2.3842302e-08,4.337738242077416e-05,400.0,2.390117188148148e-08
FL-2017-000134-CAF,FL_2017_000134_CAF,2.3605425e-08,6.91436632744793e-05,293.0,2.368463783557047e-08
FL-2023-000001-COG,FL_2023_000001_COG,2.2863631e-08,6.463996363175284e-06,799.0,2.289206835199005e-08
FL-2016-000089-SEN,FL_2016_000089_SEN,2.2779803e-08,3.642162260488278e-07,1129.0,2.2799891009700176e-08
FF-2012-000196-COG,FF_2012_000196_COG,2.270112e-08,2.745667423450366e-05,503.0,2.274580724409449e-08
FF-2022-000274-IRN,FF_2022_000274_IRN,2.0970312e-08,8.949521760491749e-05,227.0,2.106070127586207e-08
FL-2003-000531-IDN,FL_2003_000531_IDN,2.0927624e-08,4.008675710771933e-05,418.0,2.0977098288416073e-08
FL-2000-000002-AGO,FL_2000_000002_AGO,2.0632985e-08,0.0001182107034753,185.0,2.0741579657894735e-08
FL-2000-000806-FJI,FL_2000_000806_FJI,2.038453e-08,1.3726212928105185e-07,1178.0,2.0401761217244297e-08
FL-2002-000479-CZE,FL_2002_000479_CZE,2.0117001e-08,8.897612910538013e-07,1062.0,2.013585479662606e-08
FL-2010-000003-KEN,FL_2010_000003_KEN,1.9393076e-08,4.786857677011548e-05,374.0,1.9444245065963062e-08
FL-2001-000314-GHA,FL_2001_000314_GHA,1.9386333e-08,4.093959281242972e-06,863.0,1.940866748502304e-08
FL-2021-000145-BEN,FL_2021_000145_BEN,1.8991608e-08,4.800303199510361e-05,373.0,1.9041850349206347e-08
FL-2008-000079-LKA,FL_2008_000079_LKA,1.8769965e-08,3.697472914704887e-05,431.0,1.8813015378440367e-08
LS-2016-000051-IDN,LS_2016_000051_IDN,1.8048445e-08,0.0006523373280805,23.0,1.8693032321428573e-08
FL-2008-000054-THA,FL_2008_000054_THA,1.801572e-08,2.4893813396660635e-06,940.0,1.8034784253968254e-08
FL-2010-000179-ETH,FL_2010_000179_ETH,1.7700573e-08,1.539133315107366e-06,995.0,1.7718273573e-08
FF-2018-000118-LAO,FF_2018_000118_LAO,1.7664533e-08,5.46673098089573e-05,346.0,1.7714859304843305e-08
FF-2014-000048-KAZ,FF_2014_000048_KAZ,1.7661723e-08,5.36620102047254e-05,351.0,1.7711334581460675e-08
FL-2007-000035-AFG,FL_2007_000035_AFG,1.7340714e-08,3.1748688267696696e-05,472.0,1.737706769811321e-08
FL-2007-000138-UGA,FL_2007_000138_UGA,1.7245531e-08,3.3113979286886106e-05,464.0,1.728230185501066e-08
FF-2006-000069-IDN,FF_2006_000069_IDN,1.6611857e-08,0.0001197743864791,179.0,1.670213883152174e-08
FL-2015-000056-COL,FL_2015_000056_COL,1.6499845e-08,8.96354918466031e-07,1060.0,1.651533781220657e-08
FL-2009-000127-BEN,FL_2009_000127_BEN,1.632611e-08,4.365385250259549e-06,855.0,1.6345093848837205e-08
FL-2015-000123-NER,FL_2015_000123_NER,1.6053491e-08,0.0001415719336908,159.0,1.6151378140243902e-08
FF-2020-000153-BIH,FF_2020_000153_BIH,1.600068e-08,3.0130302878429955e-05,484.0,1.6033401226993866e-08
FL-2009-000124-VNM,FL_2009_000124_VNM,1.5249134e-08,7.703321421887439e-08,1188.0,1.5261916174350378e-08
FL-2007-000153-GHA,FL_2007_000153_GHA,1.4834302e-08,1.6767350396189278e-05,602.0,1.4858740718286655e-08
FL-2013-000052-SOM,FL_2013_000052_SOM,1.4118533e-08,0.0001062178715985,195.0,1.4189125664999999e-08
FL-2007-000161-UGA,FL_2007_000161_UGA,1.4036663e-08,9.246806276894795e-05,223.0,1.4098227311403508e-08
FL-2017-000083-GIN,FL_2017_000083_GIN,1.3920005e-08,0.0002290363114949,86.0,1.4072972087912088e-08
FL-2010-000076-COL,FL_2010_000076_COL,1.3887224e-08,3.908939549802578e-07,1122.0,1.389954629281278e-08
FL-2014-000008-BOL,FL_2014_000008_BOL,1.3510298e-08,2.39291084945313e-06,945.0,1.352451936631579e-08
FL-2009-000132-GHA,FL_2009_000132_GHA,1.3317659e-08,4.388871785096366e-06,853.0,1.3333180747086246e-08
FL-2015-000161-ETH,FL_2015_000161_ETH,1.29448585e-08,0.000555399768375,29.0,1.332558963235294e-08
FL-2001-000549-GIN,FL_2001_000549_GIN,1.3219901e-08,5.939489853133916e-05,327.0,1.3259719978915664e-08
FL-2019-000034-BOL,FL_2019_000034_BOL,1.2145968e-08,2.1356500968728503e-05,554.0,1.216769602862254e-08
FL-2001-000390-POL,FL_2001_000390_POL,1.20598544e-08,1.2012417988041712e-08,1205.0,1.2069821221818182e-08
FL-2008-000076-COL,FL_2008_000076_COL,1.1511934e-08,2.6679218244482624e-06,936.0,1.1524167723698192e-08
FL-2006-000057-SUR,FL_2006_000057_SUR,1.1335009e-08,6.4323309791586764e-06,800.0,1.134908975652174e-08
FL-2019-000145-TZA,FL_2019_000145_TZA,1.0771428e-08,0.000169632682256,122.0,1.0856242393700787e-08
FL-2013-000125-BFA,FL_2013_000125_BFA,1.0721676e-08,1.9812447837661656e-06,965.0,1.0732729274226803e-08
FL-2005-000138-PNG,FL_2005_000138_PNG,1.02681295e-08,4.627691334902707e-05,382.0,1.0294662134366926e-08
FF-2020-000006-IRN,FF_2020_000006_IRN,1.0209216e-08,8.193589980515237e-05,247.0,1.0249728761904761e-08
FL-2009-000203-USA,FL_2009_000203_USA,1.0005692e-08,4.8959342833126966e-06,834.0,1.0017617735399285e-08
FL-2007-000149-CMR,FL_2007_000149_CMR,9.607528e-09,7.433303601797278e-06,766.0,9.619989125810637e-09
FL-2012-000056-PRY,FL_2012_000056_PRY,9.588421e-09,1.6165173917382142e-05,612.0,9.603961390599675e-09
FL-1991-000011-CHN,FL_1991_000011_CHN,9.171017e-09,2.0043956661404623e-05,568.0,9.187022265270506e-09
ST-2012-000064-COD,ST_2012_000064_COD,8.627455e-09,4.701402892015752e-05,378.0,8.649980992167101e-09
FL-2001-000485-KHM,FL_2001_000485_KHM,8.61041e-09,7.909110427168904e-06,756.0,8.621724599211564e-09
FL-1997-000111-ARM,FL_1997_000111_ARM,8.378924e-09,1.5969455195209498e-07,1175.0,8.386024783050849e-09
FL-2007-000044-ARG,FL_2007_000044_ARG,8.2263965e-09,1.618769873413367e-05,610.0,8.239772754471544e-09
FL-2012-000192-COD,FL_2012_000192_COD,8.175972e-09,7.254871702037508e-06,771.0,8.186508046391752e-09
FL-2016-000123-DOM,FL_2016_000123_DOM,7.62058e-09,5.578054170961432e-05,340.0,7.642668637681159e-09
FL-2009-000241-COL,FL_2009_000241_COL,7.578443e-09,3.5310680416095948e-06,885.0,7.586958104494382e-09
FL-2021-000001-MYS,FL_2021_000001_MYS,7.5216375e-09,2.8728084370841324e-05,493.0,7.536741189759036e-09
FL-2006-000189-MYS,FL_2006_000189_MYS,7.319769e-09,0.0002377160112272,81.0,7.4048825930232566e-09
FL-2010-000162-HND,FL_2010_000162_HND,6.9804056e-09,1.7769149850115086e-05,596.0,6.992020251580699e-09
FL-2005-000017-VEN,FL_2005_000017_VEN,6.802986e-09,4.410774071693729e-07,1110.0,6.809087332735427e-09
FF-2012-000115-RUS,FF_2012_000115_RUS,6.731284e-09,9.374240734510782e-05,218.0,6.761469130044843e-09
FL-2013-000070-IND,FL_2013_000070_IND,6.298401e-09,0.0001427522163243,157.0,6.337280018518519e-09
FL-2015-000065-GHA,FL_2015_000065_GHA,6.3071277e-09,3.3100333520989867e-06,894.0,6.31414341490545e-09
FL-2015-000039-KAZ,FL_2015_000039_KAZ,6.2651364e-09,4.969981180627232e-05,364.0,6.282115089430893e-09
FL-2015-000055-TJK,FL_2015_000055_TJK,6.229727e-09,3.133148751911617e-06,902.0,6.2365954972436605e-09
FL-2009-000129-CAF,FL_2009_000129_CAF,5.927505e-09,2.9569230584434296e-05,489.0,5.939503997975709e-09
FL-2001-000029-BOL,FL_2001_000029_BOL,5.7784e-09,3.184147920677533e-07,1142.0,5.783437837837838e-09
FL-1997-000301-UGA,FL_1997_000301_UGA,5.582478e-09,1.1121608552954804e-05,683.0,5.590592066860465e-09
FL-2000-000741-LKA,FL_2000_000741_LKA,5.486141e-09,6.580278877730886e-07,1091.0,5.49114660310219e-09
FL-1998-000219-KOR,FL_1998_000219_KOR,5.3608677e-09,2.985535498719067e-06,910.0,5.366726571803278e-09
FL-2003-000212-AZE,FL_2003_000212_AZE,5.3003997e-09,2.0697746311282808e-05,560.0,5.30978093840708e-09
FL-2003-000585-MKD,FL_2003_000585_MKD,5.2992957e-09,4.5033382198533226e-06,846.0,5.305522839482962e-09
FF-2016-000093-LAO,FF_2016_000093_LAO,5.1883147e-09,3.104377066489356e-05,476.0,5.199101217047817e-09
FL-2002-000374-IND,FL_2002_000374_IND,4.9812336e-09,7.805310025503652e-06,760.0,4.987745016470588e-09
FL-2007-000131-SEN,FL_2007_000131_SEN,4.88657e-09,2.001598310290373e-06,964.0,4.8916128998968e-09
FL-2008-000051-LKA,FL_2008_000051_LKA,4.840368e-09,9.054328240666492e-09,1211.0,4.844348565789474e-09
FL-2004-000021-COL,FL_2004_000021_COL,4.70992e-09,1.813345272835275e-05,590.0,4.717835831932773e-09
FL-2020-000237-LKA,FL_2020_000237_LKA,4.5841504e-09,0.0001453658267104,152.0,4.613348810191083e-09
FL-2017-000057-LKA,FL_2017_000057_LKA,4.472808e-09,8.38603600611165e-06,744.0,4.4787797062750335e-09
FL-2011-000122-NER,FL_2011_000122_NER,4.435755e-09,0.000119223666363,181.0,4.45960314516129e-09
FL-1999-000161-LKA,FL_1999_000161_LKA,4.427027e-09,1.4242956557659105e-07,1177.0,4.430772369712352e-09
FL-2013-000020-BOL,FL_2013_000020_BOL,4.2871675e-09,3.02359371655054e-06,907.0,4.291868341557018e-09
FL-2009-000251-SAU,FL_2009_000251_SAU,4.2054005e-09,8.043838186898323e-05,254.0,4.2216375675675675e-09
FL-2009-000044-BIH,FL_2009_000044_BIH,4.1699884e-09,9.177081647876408e-09,1210.0,4.173420489218107e-09
FF-2012-000081-ETH,FF_2012_000081_ETH,4.0382537e-09,0.0001533603942934,141.0,4.065912971917808e-09
FL-2011-000164-CAF,FL_2011_000164_CAF,4.0410635e-09,6.894661191738874e-06,786.0,4.0461723034134e-09
FL-2009-000007-ZWE,FL_2009_000007_ZWE,3.8758547e-09,6.741656729976243e-06,791.0,3.88072386419598e-09
FL-2002-000470-VNM,FL_2002_000470_VNM,3.8329424e-09,2.318170502689258e-06,950.0,3.836955952251309e-09
FL-2018-000140-MLI,FL_2018_000140_MLI,3.5343877e-09,0.0003140401995709,58.0,3.5904890920634917e-09
FF-2011-000071-GEO,FF_2011_000071_GEO,3.5055754e-09,0.0001787861251987,116.0,3.5345470975206612e-09
FL-2012-000051-TJK,FL_2012_000051_TJK,3.4214036e-09,9.999789004930186e-06,707.0,3.4262089421348313e-09
FL-2020-000052-COD,FL_2020_000052_COD,3.3474499e-09,4.483075318697994e-06,848.0,3.3513742257913247e-09
FL-2020-000200-BFA,FL_2020_000200_BFA,3.2252292e-09,3.631857466136176e-05,436.0,3.232542644897959e-09
FL-2009-000120-BWA,FL_2009_000120_BWA,3.0848295e-09,5.4503593418667744e-05,347.0,3.0935932201704548e-09
FL-2006-000085-UKR,FL_2006_000085_UKR,2.9909009e-09,5.330590045489895e-06,827.0,2.9944957328125003e-09
FL-2009-000133-ZAF,FL_2009_000133_ZAF,2.9087992e-09,3.431811992750561e-05,450.0,2.915192165274725e-09
FL-2013-000101-LAO,FL_2013_000101_LAO,2.851978e-09,3.069138184597316e-05,479.0,2.8578705165289256e-09
FL-2010-000091-VNM,FL_2010_000091_VNM,2.8418945e-09,1.928586844140364e-05,580.0,2.8467524393162393e-09
FL-2022-000275-UGA,FL_2022_000275_UGA,2.7417821e-09,1.919095769211263e-06,969.0,2.7445970713552364e-09
FL-2010-000119-PAN,FL_2010_000119_PAN,2.550439e-09,0.0007622631958911,16.0,2.671888476190476e-09
FL-2022-000213-IND,FL_2022_000213_IND,2.6220248e-09,7.680444418731927e-07,1078.0,2.6244458755309324e-09
FL-2019-000011-IDN,FL_2019_000011_IDN,2.506962e-09,5.013202280462305e-05,362.0,2.5137929591280654e-09
FL-2013-000050-ETH,FL_2013_000050_ETH,2.4892977e-09,3.761337987013607e-06,876.0,2.4921232365493758e-09
FL-1998-000040-URY,FL_1998_000040_URY,2.4288105e-09,3.080348319034628e-05,477.0,2.4338495259336103e-09
FL-2007-000129-PAK,FL_2007_000129_PAK,2.296749e-09,5.628075856571873e-06,818.0,2.299539703523694e-09
FL-1995-000012-PHL,FL_1995_000012_PHL,2.2852753e-09,2.006279447747314e-05,567.0,2.289270536538461e-09
FL-2008-000175-UGA,FL_2008_000175_UGA,2.2805169e-09,5.574557528309428e-05,341.0,2.2871079893063585e-09
ST-2012-000061-VNM,ST_2012_000061_VNM,2.2794644e-09,1.0877946988370183e-05,691.0,2.2827394925287357e-09
FL-2008-000231-PAN,FL_2008_000231_PAN,2.264926e-09,9.233301590735817e-05,224.0,2.274816506550218e-09
FL-2008-000197-COL,FL_2008_000197_COL,2.27237e-09,2.1962203642973926e-07,1162.0,2.2743171893744647e-09
FL-2009-000242-IRQ,FL_2009_000242_IRQ,2.2668425e-09,2.6621985272719378e-06,938.0,2.2692463626723225e-09
FL-2022-000290-SEN,FL_2022_000290_SEN,2.1865718e-09,1.032536312710962e-05,700.0,2.1896733202836876e-09
FL-2010-000008-BOL,FL_2010_000008_BOL,2.1667164e-09,1.1516104163686756e-05,679.0,2.169884114035088e-09
FL-2019-000020-COL,FL_2019_000020_COL,2.1445739e-09,3.372840746603996e-07,1136.0,2.146453456441718e-09
FL-2021-000051-SOM,FL_2021_000051_SOM,2.0724618e-09,2.486994281233032e-06,941.0,2.0746525630021138e-09
FL-2009-000208-AZE,FL_2009_000208_AZE,2.018506e-09,1.1763985398084144e-05,672.0,2.0214875450516987e-09
FL-2015-000042-RWA,FL_2015_000042_RWA,1.9564173e-09,4.327769808319108e-05,401.0,1.96123606182266e-09
FL-2006-000041-SRB,FL_2006_000041_SRB,1.7895168e-09,4.451168479448927e-06,850.0,1.7916098021052633e-09
FF-2012-000120-GEO,FF_2012_000120_GEO,1.7422944e-09,4.3802938853191525e-05,397.0,1.7466284656716418e-09
FL-2020-000198-SEN,FL_2020_000198_SEN,1.69517e-09,1.9443426477032915e-05,577.0,1.6980826632302406e-09
FL-2007-000176-CRI,FL_2007_000176_CRI,1.6841084e-09,2.6785912847287188e-06,933.0,1.6859038247334757e-09
FL-2010-000120-BRA,FL_2010_000120_BRA,1.603806e-09,3.549696717742457e-05,444.0,1.6073779510022272e-09
FL-1997-000270-ETH,FL_1997_000270_ETH,1.583279e-09,3.577029730726019e-05,440.0,1.5868369303370788e-09
FL-2012-000042-COL,FL_2012_000042_COL,1.5285541e-09,2.1185353498897744e-05,555.0,1.531283660892857e-09
FL-2015-000092-BRA,FL_2015_000092_BRA,1.5082606e-09,2.3716441309583845e-05,535.0,1.511053675185185e-09
FL-2013-000030-COL,FL_2013_000030_COL,1.4706117e-09,3.4997686312219035e-05,447.0,1.4738652657079648e-09
FL-1999-000437-KHM,FL_1999_000437_KHM,1.453107e-09,7.767493782727179e-07,1076.0,1.4544512247918593e-09
FL-2008-000191-CRI,FL_2008_000191_CRI,1.3939027e-09,1.485282920681791e-07,1176.0,1.3950829732430142e-09
FL-2010-000196-LKA,FL_2010_000196_LKA,1.3400264e-09,3.6788488937351145e-06,879.0,1.3415422669683259e-09
FF-2021-000198-COG,FF_2021_000198_COG,1.3152737e-09,3.342041024798303e-05,460.0,1.318102245591398e-09
FL-1997-000164-BGD,FL_1997_000164_BGD,1.2626563e-09,2.538752676624538e-07,1153.0,1.2637466767702934e-09
FL-2009-000217-IND,FL_2009_000217_IND,1.2483559e-09,1.096916061183208e-06,1032.0,1.2495597147540983e-09
FL-2010-000194-VNM,FL_2010_000194_VNM,1.2275397e-09,3.2875043828344256e-06,895.0,1.2289036329999998e-09
FL-2010-000089-AZE,FL_2010_000089_AZE,1.2150257e-09,3.2002413345592206e-05,469.0,1.21758904535865e-09
FL-2018-000058-COL,FL_2018_000058_COL,1.2051699e-09,3.724458819736381e-05,428.0,1.207953202309469e-09
FL-2007-000200-MEX,FL_2007_000200_MEX,1.1867666e-09,0.0001206743231963,177.0,1.1932872956043956e-09
FL-2022-000328-HND,FL_2022_000328_HND,1.1565084e-09,2.6903072659161785e-05,511.0,1.1587496953488373e-09
FL-2009-000172-BFA,FL_2009_000172_BFA,1.1551248e-09,4.276288140150065e-06,857.0,1.1564648519721579e-09
FL-2018-000165-CRI,FL_2018_000165_CRI,1.1323907e-09,2.186746395980267e-06,956.0,1.133569046201873e-09
FL-1999-000247-KOR,FL_1999_000247_KOR,1.0942225e-09,5.44457083333262e-07,1099.0,1.0952136435688404e-09
FL-2010-000092-LKA,FL_2010_000092_LKA,1.0878604e-09,1.110006420750318e-05,686.0,1.0894347276411e-09
FL-2022-000276-GMB,FL_2022_000276_GMB,1.0529977e-09,4.3528845788428325e-06,856.0,1.054220693844367e-09
FL-2001-000620-DZA,FL_2001_000620_DZA,1.0111015e-09,2.7149542470806464e-06,928.0,1.0121852100750269e-09
FL-2015-000068-BGD,FL_2015_000068_BGD,9.568897e-10,3.2200738777275734e-05,468.0,9.589127226215646e-10
FL-2022-000277-SDN,FL_2022_000277_SDN,9.450888e-10,5.611559367963191e-05,338.0,9.478441609329446e-10
FL-2018-000004-COD,FL_2018_000004_COD,9.205367e-10,1.2078173165175545e-05,662.0,9.219168149925037e-10
FL-2014-000163-COL,FL_2014_000163_COL,8.5229723e-10,3.649567513373986e-07,1128.0,8.530494782171227e-10
FL-2019-000052-SRB,FL_2019_000052_SRB,8.217506e-10,7.829392535577284e-06,759.0,8.228261897905759e-10
FF-2009-000160-LKA,FF_2009_000160_LKA,7.9438267e-10,9.91492814744542e-07,1045.0,7.951392249238096e-10
FL-2015-000017-PAK,FL_2015_000017_PAK,7.5694795e-10,0.0001442675831144,156.0,7.616494900621117e-10
FL-2014-000005-IDN,FL_2014_000005_IDN,7.4376433e-10,1.210385533236769e-06,1021.0,7.444892465009747e-10
FL-2006-000010-BOL,FL_2006_000010_BOL,6.2686933e-10,6.629445167994282e-07,1090.0,6.274418134063928e-10
FL-2009-000247-MYS,FL_2009_000247_MYS,5.890578e-10,0.0001452867387731,153.0,5.927860139240506e-10
FL-2011-000109-PAK,FL_2011_000109_PAK,5.8945654e-10,3.47025612144871e-05,448.0,5.907577685651215e-10
FL-2006-000025-PNG,FL_2006_000025_PNG,5.879999e-10,5.8873049414218746e-05,330.0,5.897551235820895e-10
FL-2009-000045-BOL,FL_2009_000045_BOL,5.807932e-10,2.3424638368786985e-07,1159.0,5.812921632302406e-10
FL-2022-000382-ZAF,FL_2022_000382_ZAF,5.364972e-10,0.0003035994350295,62.0,5.445046208955224e-10
FL-2006-000151-PAN,FL_2006_000151_PAN,5.286949e-10,0.0001723798062755,120.0,5.329244592e-10
FL-2009-000011-PHL,FL_2009_000011_PHL,5.2939675e-10,6.522100855619558e-05,303.0,5.311155706168832e-10
FL-2021-000039-BDI,FL_2021_000039_BDI,5.28671e-10,7.040927295869897e-05,291.0,5.304570506756756e-10
FL-1998-000111-TJK,FL_1998_000111_TJK,5.1809723e-10,2.1704262154002368e-05,552.0,5.190273866068222e-10
FL-2022-000332-BEN,FL_2022_000332_BEN,5.0774e-10,3.657509186781066e-05,433.0,5.088992237442923e-10
FL-2013-000017-PNG,FL_2013_000017_PNG,4.911395e-10,3.951260600595556e-05,421.0,4.922924096244131e-10
FL-2021-000161-IND,FL_2021_000161_IND,4.8995435e-10,9.295313264807995e-05,220.0,4.921319248888889e-10
FL-2005-000020-COL,FL_2005_000020_COL,4.693473e-10,3.267022194975138e-06,896.0,4.698682182019978e-10
FL-2017-000017-PAK,FL_2017_000017_PAK,4.5450135e-10,4.9308672688120826e-05,367.0,4.5572312782258067e-10
FL-2008-000158-PAN,FL_2008_000158_PAN,4.4750104e-10,0.0001447010450819,155.0,4.5029792150000004e-10
FL-2008-000095-SUR,FL_2008_000095_SUR,4.4839396e-10,8.93229988575894e-06,730.0,4.4900401980952385e-10
FL-2018-000060-LKA,FL_2018_000060_LKA,4.3989073e-10,6.618847862059915e-06,795.0,4.404405934125e-10
FL-2020-000154-CIV,FL_2020_000154_CIV,4.2971435e-10,5.0708174796062745e-05,360.0,4.308916495890411e-10
FL-2019-000030-IRQ,FL_2019_000030_IRQ,4.157185e-10,6.821628414511174e-05,296.0,4.1709962458471756e-10
FL-2003-000273-TJK,FL_2003_000273_TJK,3.962058e-10,8.705666253984807e-06,733.0,3.967426642276423e-10
FL-2005-000176-BGD,FL_2005_000176_BGD,3.8012463e-10,4.156576732759176e-08,1196.0,3.804411367693589e-10
FL-2009-000237-THA,FL_2009_000237_THA,3.663752e-10,0.000102222355894,202.0,3.681451285024155e-10
FL-2022-000379-MYS,FL_2022_000379_MYS,3.5638373e-10,3.294170365834832e-05,466.0,3.5714038335456475e-10
FL-2002-000125-ECU,FL_2002_000125_ECU,3.4486072e-10,2.360653221482748e-05,536.0,3.4549817049907576e-10
FF-2020-000055-SOM,FF_2020_000055_SOM,3.3605269e-10,0.0001194824266917,180.0,3.37869191027027e-10
FL-2015-000106-BFA,FL_2015_000106_BFA,3.3615008e-10,3.904189010629464e-07,1123.0,3.3644808539007094e-10
FL-2007-000088-ECU,FL_2007_000088_ECU,3.331779e-10,1.3511331168432113e-06,1008.0,3.33506802171767e-10
FF-2013-000091-SDN,FF_2013_000091_SDN,3.3265632e-10,1.1180807080158836e-06,1029.0,3.3297803791102513e-10
FL-2011-000042-COL,FL_2011_000042_COL,3.2817246e-10,2.25521634701556e-06,952.0,3.2851537793103446e-10
FL-2018-000128-SDN,FL_2018_000128_SDN,3.2072214e-10,0.0004316887350406,37.0,3.2835838142857143e-10
FL-2017-000160-HND,FL_2017_000160_HND,3.2734923e-10,2.2047800285194098e-07,1161.0,3.276299754802745e-10
FL-2012-000037-PSE,FL_2012_000037_PSE,3.2706152e-10,3.356814352073926e-09,1213.0,3.2733004341543513e-10
FL-2006-000058-TJK,FL_2006_000058_TJK,3.187789e-10,7.775699373122868e-06,762.0,3.1919451786179926e-10
FL-2002-000242-AFG,FL_2002_000242_AFG,3.1305392e-10,4.635082022776727e-06,845.0,3.134222187294118e-10
FL-1991-000009-VNM,FL_1991_000009_VNM,3.059798e-10,3.4575920779723173e-07,1134.0,3.0624843898156275e-10
FL-2019-000064-SDN,FL_2019_000064_SDN,3.0388494e-10,1.0401237056518271e-06,1037.0,3.0417657621880997e-10
FL-2007-000057-URY,FL_2007_000057_URY,2.970624e-10,2.694804518972871e-06,930.0,2.973801137967914e-10
FL-2006-000044-COL,FL_2006_000044_COL,2.7897384e-10,1.8863141065136574e-07,1168.0,2.792116693606138e-10
FL-2018-000194-TTO,FL_2018_000194_TTO,2.7566188e-10,9.518772228742131e-06,716.0,2.7604421270457697e-10
FL-2012-000013-ECU,FL_2012_000013_ECU,2.643123e-10,1.0379105226845965e-07,1184.0,2.6453459798149705e-10
FF-2008-000199-LKA,FF_2008_000199_LKA,2.614716e-10,1.1063966687824472e-05,687.0,2.61849449132948e-10
FL-2019-000171-LKA,FL_2019_000171_LKA,2.5871194e-10,2.0346229259498217e-07,1166.0,2.589328724850555e-10
FF-2005-000067-IDN,FF_2005_000067_IDN,2.541655e-10,0.0002482466770785,80.0,2.571556823529412e-10
FF-2008-000082-PHL,FF_2008_000082_PHL,2.531633e-10,0.0001558406896994,136.0,2.549587843971631e-10
FL-2016-000122-SRB,FL_2016_000122_SRB,2.4969782e-10,7.330064020459258e-05,278.0,2.5058014445229683e-10
FL-2013-000024-MKD,FL_2013_000024_MKD,2.4549338e-10,2.3463787134480802e-07,1158.0,2.45704466311264e-10
FL-2018-000028-BWA,FL_2018_000028_BWA,2.3747843e-10,2.766898127055782e-07,1152.0,2.3768368361279167e-10
FL-2005-000166-CRI,FL_2005_000166_CRI,2.3657007e-10,9.030326130008045e-06,728.0,2.368928122510232e-10
FL-1999-000244-VNM,FL_1999_000244_VNM,2.2776007e-10,7.892545422569061e-05,259.0,2.286227975378788e-10
FL-2022-000164-ECU,FL_2022_000164_ECU,2.2806809e-10,2.1083966580554224e-05,558.0,2.2847318429840142e-10
FL-2010-000107-PHL,FL_2010_000107_PHL,2.0936722e-10,0.0007792295616123,14.0,2.2038654736842103e-10
FL-2019-000118-SEN,FL_2019_000118_SEN,2.0510983e-10,7.964817422626412e-07,1071.0,2.0530045251858735e-10
FL-2021-000153-UGA,FL_2021_000153_UGA,2.0077837e-10,1.726460669520308e-07,1173.0,2.0094881004244482e-10
FL-2000-000048-BWA,FL_2000_000048_BWA,1.968609e-10,2.460278036200944e-06,944.0,1.9706834035827187e-10
FL-2013-000013-BWA,FL_2013_000013_BWA,1.9408256e-10,1.208932064486229e-05,661.0,1.9437397525525524e-10
FL-2012-000005-BOL,FL_2012_000005_BOL,1.8410987e-10,4.1958039510550724e-08,1195.0,1.8426329489166662e-10
FL-2020-000192-TCD,FL_2020_000192_TCD,1.7970761e-10,2.758659411082813e-05,501.0,1.8006276337944664e-10
FL-2022-000249-CIV,FL_2022_000249_CIV,1.7240599e-10,3.3554373669552844e-05,457.0,1.7277916313852816e-10
FL-2010-000067-BRA,FL_2010_000067_BRA,1.6082329e-10,3.869627000140791e-07,1124.0,1.6096573755535873e-10
FL-2007-000106-IDN,FL_2007_000106_IDN,1.5965486e-10,6.0343681715141065e-05,321.0,1.6014459883435582e-10
FL-1999-000132-BLR,FL_1999_000132_BLR,1.4347382e-10,3.0372829960307284e-08,1198.0,1.4359308335827097e-10
FL-2020-000193-SSD,FL_2020_000193_SSD,1.4277783e-10,2.0092375737177408e-05,566.0,1.4302787873905431e-10
FL-2019-000062-SSD,FL_2019_000062_SSD,1.3206541e-10,8.053633786797369e-05,252.0,1.3257928319066146e-10
FL-2022-000287-TCD,FL_2022_000287_TCD,1.2985865e-10,2.671240379390123e-06,934.0,1.2999694462193822e-10
FL-2012-000089-CUB,FL_2012_000089_CUB,1.2580555e-10,3.826798722950768e-06,873.0,1.2594883650341686e-10
FL-2021-000152-GEO,FL_2021_000152_GEO,1.202194e-10,1.184028635230257e-05,670.0,1.203975028148148e-10
FL-2019-000047-GEO,FL_2019_000047_GEO,1.1817157e-10,0.0002745141052792,70.0,1.1974719093333334e-10
FF-2007-000185-TUN,FF_2007_000185_TUN,1.1709685e-10,2.3025719359911934e-05,543.0,1.1731053038321167e-10
FL-2012-000175-GMB,FL_2012_000175_GMB,1.16305625e-10,4.26025954289984e-05,406.0,1.1658860705596108e-10
FL-2009-000075-BDI,FL_2009_000075_BDI,1.1440264e-10,3.294267375560689e-07,1137.0,1.1450281744308232e-10
FL-2009-000034-MAR,FL_2009_000034_MAR,1.14217066e-10,2.161031055362221e-07,1163.0,1.143148545839041e-10
FL-2007-000052-LKA,FL_2007_000052_LKA,1.125037e-10,4.252459526748264e-07,1116.0,1.1260406012488849e-10
FL-2007-000068-COL,FL_2007_000068_COL,1.1124752e-10,6.535588457945331e-06,798.0,1.1138605987546699e-10
FL-2014-000038-ZAF,FL_2014_000038_ZAF,1.1109603e-10,9.409243312438196e-07,1058.0,1.1120054178739417e-10
FL-2019-000032-BOL,FL_2019_000032_BOL,1.07723414e-10,9.440335210361244e-07,1057.0,1.078248484764595e-10
LS-2015-000135-LKA,LS_2015_000135_LKA,1.0706416e-10,1.1164437469116096e-06,1030.0,1.0716760363285025e-10
FL-2014-000006-PHL,FL_2014_000006_PHL,1.0451712e-10,9.437287842162562e-05,214.0,1.0499436712328766e-10
FL-2005-000209-THA,FL_2005_000209_THA,1.0321382e-10,1.1289612124069177e-07,1181.0,1.0330084682967961e-10
FL-2021-000068-SUR,FL_2021_000068_SUR,1.02052956e-10,1.1145588876828588e-06,1031.0,1.021514627142857e-10
FL-2010-000096-IDN,FL_2010_000096_IDN,9.904581e-11,1.933711829666274e-05,579.0,9.921540898972602e-11
FL-2005-000129-SDN,FL_2005_000129_SDN,9.5781376e-11,1.6917792902000945e-06,985.0,9.587812486464645e-11
FL-2016-000072-SDN,FL_2016_000072_SDN,9.4347544e-11,0.0001360565129339,162.0,9.491249935329341e-11
FL-2022-000207-VEN,FL_2022_000207_VEN,8.698901e-11,0.0003894351632291,46.0,8.869467686274509e-11
FL-2010-000262-ECU,FL_2010_000262_ECU,8.70875e-11,1.5780178672148326e-06,993.0,8.71747620240481e-11
FL-2011-000067-PHL,FL_2011_000067_PHL,8.6874986e-11,2.4930180125427025e-05,524.0,8.7039210926276e-11
FL-1997-000140-AZE,FL_1997_000140_AZE,8.258211e-11,1.296913109621689e-06,1011.0,8.266339160433071e-11
FL-2007-000132-BFA,FL_2007_000132_BFA,8.214141e-11,4.078812209094858e-06,864.0,8.223593406214039e-11
FL-2020-000161-BGD,FL_2020_000161_BGD,7.4301114e-11,1.4426288440848663e-06,1005.0,7.437467945940594e-11
FL-1999-000350-CRI,FL_1999_000350_CRI,6.816857e-11,3.1793467501443017e-07,1143.0,6.822795028745644e-11
FL-2007-000011-ZMB,FL_2007_000011_ZMB,6.715236e-11,9.95313478214137e-06,708.0,6.724654283309958e-11
FL-2000-000265-COL,FL_2000_000265_COL,6.698436e-11,1.2594627730859043e-06,1015.0,6.705003094117646e-11
FF-2008-000178-DZA,FF_2008_000178_DZA,6.420257e-11,2.033836575546609e-05,564.0,6.431540404217927e-11
FL-2002-000321-HTI,FL_2002_000321_HTI,6.3439524e-11,8.936416086836034e-06,729.0,6.352595386920981e-11
FL-2016-000021-PAK,FL_2016_000021_PAK,6.1085255e-11,0.0001808434627471,114.0,6.159857647058824e-11
FL-2007-000222-MYS,FL_2007_000222_MYS,5.926693e-11,0.000355331843476,52.0,6.030670070175439e-11
FL-2007-000151-TCD,FL_2007_000151_TCD,5.3043132e-11,7.051493377900606e-06,781.0,5.3110616900763354e-11
FL-2009-000147-NIC,FL_2009_000147_NIC,5.305032e-11,1.7874890095415296e-06,978.0,5.3104287772126136e-11
FL-2005-000196-LKA,FL_2005_000196_LKA,5.1088987e-11,3.490618820797574e-07,1133.0,5.113388066168717e-11
FF-2012-000101-GAB,FF_2012_000101_GAB,5.06951e-11,5.738444157447187e-05,332.0,5.084553056379822e-11
FL-2007-000093-SDN,FL_2007_000093_SDN,4.9218386e-11,1.9768982863076585e-05,572.0,4.930368649566724e-11
FL-2001-000417-SDN,FL_2001_000417_SDN,4.6662837e-11,3.798084239039514e-06,874.0,4.671592327645051e-11
FL-2017-000075-CHN,FL_2017_000075_CHN,4.4439067e-11,0.0001545270130145,138.0,4.474982970629371e-11
FL-2008-000180-NIC,FL_2008_000180_NIC,4.3794156e-11,1.581645645177537e-05,619.0,4.386433894230769e-11
FL-2020-000206-COD,FL_2020_000206_COD,4.180838e-11,4.731272367751402e-05,375.0,4.1918402052631574e-11
FL-2010-000121-DOM,FL_2010_000121_DOM,4.033808e-11,4.73372001657954e-06,839.0,4.0385873933649295e-11
FL-2020-000196-NGA,FL_2020_000196_NGA,3.8296595e-11,0.0003734431294652,49.0,3.9005791203703704e-11
FL-2010-000075-TJK,FL_2010_000075_TJK,3.861493e-11,5.107119678707152e-05,358.0,3.872130721763085e-11
FL-2008-000018-ECU,FL_2008_000018_ECU,3.746196e-11,5.561935011123009e-06,819.0,3.750742354368932e-11
FL-2021-000108-SSD,FL_2021_000108_SSD,3.546891e-11,2.7715549693409363e-05,499.0,3.553928482142857e-11
FL-2015-000027-CHL,FL_2015_000027_CHL,3.4307897e-11,5.674636676155456e-09,1212.0,3.4336087548069024e-11
FF-2004-000060-VNM,FF_2004_000060_VNM,3.4258225e-11,1.5162681003528115e-05,629.0,3.431226005520505e-11
FL-2018-000425-LKA,FL_2018_000425_LKA,3.4201714e-11,1.2030859065717783e-10,1217.0,3.4229702309328976e-11
FL-2005-000100-KGZ,FL_2005_000100_KGZ,3.3763638e-11,1.5194828290624945e-05,628.0,3.381697708056872e-11
FL-2022-000286-MRT,FL_2022_000286_MRT,3.247274e-11,7.283499750557947e-05,279.0,3.2587080633802815e-11
FL-2016-000075-BGD,FL_2016_000075_BGD,3.00276e-11,3.552998015232985e-05,442.0,3.0094775838926176e-11
FF-2017-000101-VNM,FF_2017_000101_VNM,2.8448886e-11,7.385806315597891e-06,768.0,2.8485689216041397e-11
FL-1997-000142-CZE,FL_1997_000142_CZE,2.7988091e-11,2.281830216177313e-08,1202.0,2.801127914498758e-11
FL-2021-000057-LKA,FL_2021_000057_LKA,2.721322e-11,2.01513434489759e-06,963.0,2.724133283057851e-11
FL-2010-000152-THA,FL_2010_000152_THA,2.6555496e-11,1.76379789812331e-07,1172.0,2.657805801869159e-11
FL-2020-000054-BDI,FL_2020_000054_BDI,2.445761e-11,2.6509674250827323e-05,513.0,2.4504825463320466e-11
FL-2011-000007-ZAF,FL_2011_000007_ZAF,2.3818121e-11,3.973949392233462e-06,870.0,2.3845341709714283e-11
FL-2005-000182-IND,FL_2005_000182_IND,2.3213808e-11,1.981784576987032e-05,571.0,2.3254109750000003e-11
FL-2009-000164-SEN,FL_2009_000164_SEN,2.137221e-11,2.077808174737013e-07,1165.0,2.1390476846153845e-11
FL-2008-000125-SDN,FL_2008_000125_SDN,2.0686555e-11,4.064776243329185e-06,865.0,2.0710332649425286e-11
FL-2001-000450-THA,FL_2001_000450_THA,2.006995e-11,4.018092140280927e-06,867.0,2.009296599770642e-11
FL-2020-000190-NER,FL_2020_000190_NER,1.9868445e-11,3.0776983267859845e-05,478.0,1.990958049689441e-11
FL-2008-000230-CUB,FL_2008_000230_CUB,1.9724595e-11,1.0815735182347486e-06,1034.0,1.9743579210779597e-11
FL-2013-000068-CZE,FL_2013_000068_CZE,1.9004395e-11,7.780974927096494e-07,1075.0,1.902199166203704e-11
FL-2014-000121-CMR,FL_2014_000121_CMR,1.6787903e-11,1.0525249291950708e-05,698.0,1.681178337411095e-11
FF-2013-000084-GEO,FF_2013_000084_GEO,1.6634466e-11,2.5415721794212032e-05,518.0,1.6666271862332698e-11
FF-2012-000079-GEO,FF_2012_000079_GEO,1.6178277e-11,5.655227764960463e-05,335.0,1.622586016764706e-11
FL-2001-000453-IRN,FL_2001_000453_IRN,1.5085839e-11,3.053177765013358e-05,480.0,1.5116943822680412e-11
FL-2009-000245-SRB,FL_2009_000245_SRB,1.4793852e-11,6.584867438087125e-06,796.0,1.481232122846442e-11
FL-2008-000010-BRA,FL_2008_000010_BRA,1.3699928e-11,9.528576830010838e-06,715.0,1.3718955677777779e-11
FL-2013-000145-COL,FL_2013_000145_COL,1.3203848e-11,4.240233605763849e-06,859.0,1.3219130231481482e-11
FL-2015-000113-PRK,FL_2015_000113_PRK,1.2606146e-11,6.554243276501462e-06,797.0,1.2621864386533665e-11
FL-2005-000065-GEO,FL_2005_000065_GEO,1.2452414e-11,8.14570791372349e-05,249.0,1.2501439251968505e-11
FL-2015-000018-PNG,FL_2015_000018_PNG,1.2117214e-11,6.238523665140867e-07,1093.0,1.21282497140255e-11
FL-2001-000082-ZWE,FL_2001_000082_ZWE,1.1861916e-11,1.461657319104066e-05,635.0,1.1880450243749998e-11
FL-2016-000130-VCT,FL_2016_000130_VCT,1.1567967e-11,9.67599385174999e-05,211.0,1.1621522402777777e-11
FL-2006-000106-MRT,FL_2006_000106_MRT,1.0669373e-11,2.3972775953838696e-05,531.0,1.0689278546641792e-11
FL-2005-000104-IND,FL_2005_000104_IND,1.0120726e-11,1.167040330094121e-05,676.0,1.0135587565345081e-11
FL-1997-000295-COD,FL_1997_000295_COD,9.623589e-12,6.122833603085526e-06,809.0,9.63541159090909e-12
FL-2007-000174-CAF,FL_2007_000174_CAF,9.185467e-12,0.000193046889891,108.0,9.266754318584071e-12
FF-2009-000069-IDN,FF_2009_000069_IDN,8.058766e-12,0.000337391485432,56.0,8.190876918032786e-12
FL-2009-000216-ITA,FL_2009_000216_ITA,8.084767e-12,1.2600442095847788e-10,1216.0,8.09138843079443e-12
FF-2020-000204-TUN,FF_2020_000204_TUN,7.2075197e-12,0.0004937847978667,30.0,7.413448834285713e-12
FL-2000-000083-ZWE,FL_2000_000083_ZWE,6.5964716e-12,5.63995957354894e-05,337.0,6.615759528654971e-12
FL-2003-000621-BOL,FL_2003_000621_BOL,6.587594e-12,3.254572378654471e-06,897.0,6.594897319290466e-12
LS-2022-000283-LKA,LS_2022_000283_LKA,6.5669224e-12,6.289807043860946e-06,805.0,6.575029711604939e-12
FL-2012-000172-MLI,FL_2012_000172_MLI,5.917947e-12,0.0002220488235662,89.0,5.980903882978723e-12
FL-2011-000135-THA,FL_2011_000135_THA,5.89511e-12,9.52245513419346e-07,1055.0,5.900671424528302e-12
FL-2010-000149-GTM,FL_2010_000149_GTM,5.8765787e-12,1.2628028537849416e-05,651.0,5.8855368992378046e-12
LS-2010-000190-COL,LS_2010_000190_COL,5.5839014e-12,4.226602201226059e-06,860.0,5.590356777341041e-12
FF-2007-000091-AFG,FF_2007_000091_AFG,5.447285e-12,6.638340559534325e-05,300.0,5.4651449508196725e-12
FL-2019-000156-DJI,FL_2019_000156_DJI,5.455965e-12,5.416100637689565e-06,823.0,5.462554329710145e-12
FL-2022-000292-LAO,FL_2022_000292_LAO,5.312519e-12,7.979890549120404e-05,256.0,5.332873478927203e-12
FL-2002-000110-BOL,FL_2002_000110_BOL,4.95178e-12,3.676937395726421e-07,1126.0,4.956158231653403e-12
FL-2013-000098-NER,FL_2013_000098_NER,4.822527e-12,1.2672084510957324e-05,650.0,4.829889636641222e-12
FF-2019-000068-VNM,FF_2019_000068_VNM,4.769537e-12,1.4408411852089449e-05,638.0,4.776954631415242e-12
FL-2017-000174-ALB,FL_2017_000174_ALB,4.5759824e-12,2.88507131093677e-06,915.0,4.5809562939130434e-12
FL-2008-000032-KAZ,FL_2008_000032_KAZ,4.4894834e-12,5.206438256053952e-06,828.0,4.494872935894358e-12
FF-2021-000098-MNG,FF_2021_000098_MNG,3.896632e-12,0.003375011287862,3.0,4.383711e-12
FL-2007-000023-IDN,FL_2007_000023_IDN,4.049429e-12,0.0004418871929481,35.0,4.150664725e-12
FL-2012-000198-PAN,FL_2012_000198_PAN,4.077917e-12,4.551824223261344e-05,385.0,4.088373197435898e-12
FF-2007-000049-TJK,FF_2007_000049_TJK,3.5719015e-12,3.765475964294717e-06,875.0,3.575960478977273e-12
FL-1999-000548-YEM,FL_1999_000548_YEM,3.3189395e-12,0.0001529763000508,142.0,3.3415173197278914e-12
FL-2001-000252-ECU,FL_2001_000252_ECU,3.3148436e-12,8.566079587582707e-06,736.0,3.319317073144399e-12
FL-2011-000137-VNM,FL_2011_000137_VNM,3.2086061e-12,0.0001304541108433,167.0,3.227260786627907e-12
FL-2012-000173-SOM,FL_2012_000173_SOM,2.9989017e-12,1.3737036159599689e-06,1006.0,3.0018679727002966e-12
FL-2014-000070-LKA,FL_2014_000070_LKA,2.9953232e-12,7.556438626201145e-07,1081.0,2.9980813244935547e-12
FL-2012-000128-SSD,FL_2012_000128_SSD,2.938053e-12,3.734021460219832e-05,426.0,2.9448698283062644e-12
FL-1990-000004-VNM,FL_1990_000004_VNM,2.553327e-12,3.563818708616612e-06,883.0,2.556202368243243e-12
FL-2013-000083-THA,FL_2013_000083_THA,2.3936454e-12,9.840027039795275e-07,1047.0,2.395920728326996e-12
FL-2015-000145-SOM,FL_2015_000145_SOM,2.0441942e-12,2.724857891489351e-05,506.0,2.048194580039139e-12
FL-2014-000030-PRY,FL_2014_000030_PRY,1.7832185e-12,2.969114832439876e-06,912.0,1.7851631221374046e-12
FL-2022-000365-PAN,FL_2022_000365_PAN,1.7509237e-12,6.316814911607699e-06,802.0,1.7530933700123918e-12
FL-2016-000026-PNG,FL_2016_000026_PNG,1.6766111e-12,4.654482719354183e-05,380.0,1.6809659340259738e-12
FL-2018-000015-BOL,FL_2018_000015_BOL,1.5220707e-12,0.0003309942231682,57.0,1.5466202274193547e-12
FL-2010-000023-ECU,FL_2010_000023_ECU,1.5163412e-12,4.382335741718895e-05,396.0,1.520122599501247e-12
FL-2022-000201-ZAF,FL_2022_000201_ZAF,1.5093896e-12,2.9830469327573885e-05,487.0,1.5124574650406503e-12
FL-2008-000243-PNG,FL_2008_000243_PNG,1.4036005e-12,2.3250391499355706e-06,949.0,1.4050717793501049e-12
FL-2021-000209-MYS,FL_2021_000209_MYS,1.3722862e-12,0.0003577364475276,51.0,1.3967913107142856e-12
FL-2018-000112-GEO,FL_2018_000112_GEO,1.2285406e-12,3.109361756022216e-05,475.0,1.2311000595833336e-12
FL-2011-000107-MMR,FL_2011_000107_MMR,1.1904364e-12,1.6313287053243444e-05,608.0,1.1923783843393147e-12
FL-2012-000141-NER,FL_2012_000141_NER,1.1716491e-12,9.815190472987434e-06,712.0,1.17328319916318e-12
FL-2011-000051-RWA,FL_2011_000051_RWA,1.0560409e-12,5.1048325413599865e-05,359.0,1.0589421112637361e-12
FL-1998-000224-SVK,FL_1998_000224_SVK,1.0412308e-12,8.264025592572829e-07,1069.0,1.0422002886405961e-12
FL-2006-000155-LKA,FL_2006_000155_LKA,9.789342e-13,1.788171930109292e-07,1170.0,9.797673354893617e-13
FL-2021-000126-MYS,FL_2021_000126_MYS,9.148932e-13,0.000269310770418,72.0,9.267749298701298e-13
FL-2011-000102-BRA,FL_2011_000102_BRA,8.0155777e-13,4.3172464013795045e-05,403.0,8.035223723774509e-13
FL-2008-000239-NIC,FL_2008_000239_NIC,7.2178965e-13,2.045242916796438e-05,563.0,7.230604064260564e-13
FL-2009-000171-AFG,FL_2009_000171_AFG,6.7284806e-13,6.255397326745663e-05,313.0,6.749639344025158e-13
FL-2010-000127-AFG,FL_2010_000127_AFG,6.2504884e-13,0.0002157427600554,95.0,6.312993284000001e-13
FL-2002-000020-IRN,FL_2002_000020_IRN,6.2135204e-13,0.000154368852338,139.0,6.256669847222222e-13
FL-2020-000175-GEO,FL_2020_000175_GEO,6.148955e-13,0.0001774683123977,117.0,6.199356270491802e-13
FL-2004-000059-AFG,FL_2004_000059_AFG,6.1283335e-13,0.000206918759626,98.0,6.187831883495146e-13
FL-2002-000641-THA,FL_2002_000641_THA,5.2671105e-13,2.078486784567666e-06,961.0,5.272562995341614e-13
FL-2001-000492-VNM,FL_2001_000492_VNM,5.209778e-13,0.0001616332114326,130.0,5.248368948148147e-13
FL-2004-000100-PAN,FL_2004_000100_PAN,4.775283e-13,7.264967541069658e-05,281.0,4.791979793706295e-13
FL-2014-000019-BDI,FL_2014_000019_BDI,4.7795123e-13,1.1109173168062351e-05,685.0,4.78643912942029e-13
FL-1999-000265-TCD,FL_1999_000265_TCD,4.683357e-13,3.356122813784405e-05,456.0,4.69351612581345e-13
FL-2013-000123-CMR,FL_2013_000123_CMR,4.55514e-13,0.0001019955427045,203.0,4.577039711538462e-13
FL-2017-000137-SSD,FL_2017_000137_SSD,4.4118425e-13,0.0003961831832995,45.0,4.50007935e-13
FL-2013-000081-PRK,FL_2013_000081_PRK,4.4575506e-13,8.626633241910126e-06,735.0,4.4635743170270277e-13
FL-2007-000227-ZWE,FL_2007_000227_ZWE,3.9679506e-13,2.551504259923306e-05,517.0,3.975552037931034e-13
FF-2012-000107-SLB,FF_2012_000107_SLB,3.5004044e-13,0.0004760035723052,31.0,3.5976378555555555e-13
FL-2020-000050-AFG,FL_2020_000050_AFG,2.9589357e-13,0.0021103228006774,7.0,3.205513675e-13
FL-2014-000122-PAK,FL_2014_000122_PAK,3.1856283e-13,4.215291217837585e-05,410.0,3.1933045127710847e-13
FF-2009-000204-TUN,FF_2009_000204_TUN,3.1456578e-13,0.0001286448697434,171.0,3.163530855681818e-13
FL-2002-000500-IRN,FL_2002_000500_IRN,3.0477164e-13,0.0001496615506213,147.0,3.0677671657894736e-13
FF-2020-000138-TJK,FF_2020_000138_TJK,2.9877294e-13,9.99554785616741e-08,1186.0,2.9902379889168763e-13
FL-2007-000231-BOL,FL_2007_000231_BOL,2.9618392e-13,2.8880278800407645e-07,1149.0,2.964405785095321e-13
FL-2022-000374-TTO,FL_2022_000374_TTO,2.9309338e-13,2.222533733376187e-06,954.0,2.933990039624609e-13
FL-2011-000180-PAN,FL_2011_000180_PAN,2.749742e-13,1.019130561076287e-06,1042.0,2.752368305635148e-13
FL-2007-000123-NGA,FL_2007_000123_NGA,2.4706393e-13,3.667206506647648e-07,1127.0,2.4728218435512367e-13
FL-2022-000321-CAF,FL_2022_000321_CAF,2.0803117e-13,6.086851740496887e-05,320.0,2.086712659076923e-13
FF-2022-000209-AFG,FF_2022_000209_AFG,1.9635202e-13,0.0003029294494365,63.0,1.9923954970588235e-13
FL-2007-000051-TUN,FL_2007_000051_TUN,1.9312922e-13,1.61352276981042e-05,613.0,1.9344172682847895e-13
FL-2019-000098-CAF,FL_2019_000098_CAF,1.9101177e-13,2.6575418960196304e-05,512.0,1.9138123183752418e-13
FL-2007-000209-PNG,FL_2007_000209_PNG,1.8375301e-13,1.5402999965452682e-05,623.0,1.840456103343949e-13
FL-1999-000031-LKA,FL_1999_000031_LKA,1.7718554e-13,8.431413566421471e-06,741.0,1.774230541286863e-13
FL-2013-000008-MOZ,FL_2013_000008_MOZ,1.710766e-13,0.0001896314805113,110.0,1.7256422260869563e-13
FL-1999-000053-PHL,FL_1999_000053_PHL,1.7156319e-13,3.6384615427767182e-06,881.0,1.717568279119639e-13
FL-2019-000009-ARG,FL_2019_000009_ARG,1.6011233e-13,2.3534095339572963e-05,537.0,1.6040774020295205e-13
FL-1997-000299-PRY,FL_1997_000299_PRY,1.5216489e-13,7.806590442276787e-05,261.0,1.527369384586466e-13
FL-2022-000002-IRN,FL_2022_000002_IRN,1.4871418e-13,1.609508275568185e-05,615.0,1.4895404158064518e-13
FF-2006-000022-TLS,FF_2006_000022_TLS,1.306589e-13,1.4825332498613206e-05,633.0,1.3086369451410657e-13
FL-2012-000200-BFA,FL_2012_000200_BFA,1.290421e-13,6.861070386842793e-05,295.0,1.2947224033333334e-13
FL-2014-000115-NER,FL_2014_000115_NER,1.2700492e-13,3.925774741742835e-05,422.0,1.2730235540983607e-13
FL-2006-000190-BDI,FL_2006_000190_BDI,1.1061362e-13,4.411865661221223e-06,852.0,1.1074269073512251e-13
FL-1994-000007-VNM,FL_1994_000007_VNM,1.0425291e-13,2.9919687906649903e-06,908.0,1.0436709719605696e-13
FL-2014-000089-IND,FL_2014_000089_IND,1.01174155e-13,0.0001191102331165,183.0,1.0171231539893617e-13
FL-2009-000176-MLI,FL_2009_000176_MLI,8.5300304e-14,4.676927878553389e-05,379.0,8.552244020833333e-14
FL-2006-000045-HUN,FL_2006_000045_HUN,8.168161e-14,9.036881021625616e-06,726.0,8.179334954856362e-14
FL-2000-000770-IDN,FL_2000_000770_IDN,7.7016356e-14,0.0002985242447162,64.0,7.813253507246377e-14
FL-2021-000084-TCD,FL_2021_000084_TCD,7.3551e-14,0.0001341267325909,163.0,7.398880357142857e-14
FL-2001-000274-WSM,FL_2001_000274_WSM,7.36212e-14,7.627161462546498e-06,764.0,7.371693628088427e-14
FL-2015-000008-BOL,FL_2015_000008_BOL,7.350828e-14,2.533079889813328e-07,1154.0,7.357170388265748e-14
FL-2020-000011-MOZ,FL_2020_000011_MOZ,7.312742e-14,2.251987897767705e-05,547.0,7.325989721014492e-14
FL-2013-000119-MRT,FL_2013_000119_MRT,6.702194e-14,2.283281049069804e-05,546.0,6.714357691470054e-14
FL-2022-000271-NGA,FL_2022_000271_NGA,6.056131e-14,6.504238913556801e-05,304.0,6.075730129449838e-14
FL-2009-000248-URY,FL_2009_000248_URY,5.79047e-14,1.0695577795245062e-06,1036.0,5.796032411143132e-14
FL-2014-000117-BGD,FL_2014_000117_BGD,5.606618e-14,1.5426215547911528e-05,622.0,5.615559974481659e-14
FL-1997-000022-BOL,FL_1997_000022_BOL,5.558418e-14,4.532914230498358e-07,1109.0,5.563407603231599e-14
FL-2019-000101-NER,FL_2019_000101_NER,5.451045e-14,0.0002269746680062,88.0,5.509658387096774e-14
FL-2000-000375-CHL,FL_2000_000375_CHL,5.399989e-14,1.4942704860012463e-06,999.0,5.405367475099601e-14
FL-2014-000098-SDN,FL_2014_000098_SDN,5.28741e-14,8.543250351106024e-05,237.0,5.309258801652893e-14
FL-2021-000095-MMR,FL_2021_000095_MMR,4.8377538e-14,8.193265891315687e-06,749.0,4.8441699190981436e-14
FL-2007-000012-BOL,FL_2007_000012_BOL,4.6118823e-14,1.8676056959035865e-05,585.0,4.6196990496610174e-14
FL-2003-000647-TLS,FL_2003_000647_TLS,4.5441136e-14,3.519324089169376e-05,445.0,4.5542116302222216e-14
FL-2019-000051-LBY,FL_2019_000051_LBY,4.0870393e-14,6.414954282072359e-05,308.0,4.1000969335463256e-14
FL-2009-000023-ECU,FL_2009_000023_ECU,3.545963e-14,1.5252915520307173e-05,626.0,3.551582592709984e-14
FL-2012-000067-RWA,FL_2012_000067_RWA,3.519413e-14,0.0001536813182519,140.0,3.5436848137931033e-14
FF-2009-000107-THA,FF_2009_000107_THA,3.4617593e-14,0.0001118006824813,191.0,3.479421337244898e-14
FL-2003-000220-NAM,FL_2003_000220_NAM,3.4105826e-14,5.0210095415512455e-05,361.0,3.4199011316939886e-14
FL-2010-000115-MMR,FL_2010_000115_MMR,3.3198308e-14,2.566400520565321e-05,516.0,3.326202836084453e-14
FL-2015-000071-GEO,FL_2015_000071_GEO,2.8980114e-14,2.8303572585006203e-05,495.0,2.9038074228e-14
FL-2001-000521-TCD,FL_2001_000521_TCD,2.8742183e-14,7.056715425337955e-05,290.0,2.883961412881356e-14
FL-2015-000053-CAF,FL_2015_000053_CAF,2.7162293e-14,8.154004975693243e-06,752.0,2.7198174496697488e-14
FL-2009-000170-MRT,FL_2009_000170_MRT,2.5538758e-14,7.933547620522738e-05,257.0,2.563623417557252e-14
FL-2008-000187-BDI,FL_2008_000187_BDI,2.4987059e-14,1.877537979700391e-06,973.0,2.5012608140081795e-14
FL-2008-000185-SOM,FL_2008_000185_SOM,2.3258481e-14,1.2270336667440954e-06,1018.0,2.328121656304985e-14
FL-2013-000006-IDN,FL_2013_000006_IDN,2.0146655e-14,6.138230014383544e-06,808.0,2.0171435633456334e-14
FL-2005-000048-AFG,FL_2005_000048_AFG,1.7852839e-14,4.425029426563511e-06,851.0,1.7873695120327104e-14
FL-2019-000081-MMR,FL_2019_000081_MMR,1.7479878e-14,8.757588391645957e-07,1065.0,1.749621433457944e-14
FL-2005-000153-THA,FL_2005_000153_THA,1.69436e-14,1.0191898898048878e-07,1185.0,1.6957838319327732e-14
FL-2020-000176-SDN,FL_2020_000176_SDN,1.470344e-14,7.166474784964014e-05,284.0,1.47543169550173e-14
FL-2017-000012-MOZ,FL_2017_000012_MOZ,1.378479e-14,3.83503345556134e-06,872.0,1.3800508118586089e-14
FL-2002-000475-TJK,FL_2002_000475_TJK,1.2872804e-14,3.957966026550484e-07,1120.0,1.2884246492444445e-14
FF-2012-000118-AFG,FF_2012_000118_AFG,1.2259416e-14,0.0006867065668468,20.0,1.274979264e-14
FL-2021-000123-CAF,FL_2021_000123_CAF,1.1621105e-14,4.145996288773602e-05,411.0,1.1649040348557693e-14
FL-2022-000261-GEO,FL_2022_000261_GEO,9.450665e-15,7.42198180491628e-05,275.0,9.484417375e-15
FF-2007-000100-MLI,FF_2007_000100_MLI,8.723116e-15,0.0004558038539579,34.0,8.946785641025641e-15
FL-2000-000408-VNM,FL_2000_000408_VNM,7.695187e-15,1.1615366007610365e-06,1025.0,7.702658055339807e-15
FL-2012-000043-KGZ,FL_2012_000043_KGZ,7.503606e-15,0.0004646583793909,33.0,7.701069315789475e-15
FL-2019-000120-PHL,FL_2019_000120_PHL,7.141443e-15,6.243418786727968e-05,314.0,7.163829968652038e-15
FL-2010-000139-SDN,FL_2010_000139_SDN,6.6681436e-15,3.986671648253965e-05,419.0,6.683870353773584e-15
FF-2021-000090-SDN,FF_2021_000090_SDN,6.061199e-15,9.890521732288916e-06,710.0,6.069676201398601e-15
FF-2018-000158-TUN,FF_2018_000158_TUN,4.638912e-15,1.8941454663693163e-05,583.0,4.646801306122449e-15
FL-2010-000021-AFG,FL_2010_000021_AFG,4.549578e-15,1.9464623291613853e-05,576.0,4.557408598967298e-15
FL-2004-000023-CRI,FL_2004_000023_CRI,3.7296457e-15,1.6868377824976297e-06,987.0,3.733405423487904e-15
FL-2011-000093-BGD,FL_2011_000093_BGD,3.249055e-15,5.673055446338075e-06,815.0,3.253017262195122e-15
FL-2003-000368-SDN,FL_2003_000368_SDN,2.7663933e-15,3.3538861211525288e-06,891.0,2.7694807925223217e-15
FL-2006-000125-THA,FL_2006_000125_THA,2.709136e-15,4.662269464169017e-06,843.0,2.7123307358490564e-15
FL-1997-000526-ECU,FL_1997_000526_ECU,2.583838e-15,1.271097703095429e-06,1014.0,2.586373660451423e-15
FL-2012-000129-SDN,FL_2012_000129_SDN,2.4425836e-15,8.733589917719351e-05,232.0,2.452889859915612e-15
FL-2015-000110-ARG,FL_2015_000110_ARG,2.3258468e-15,2.6584746599622486e-06,939.0,2.3283106207627118e-15
FL-2009-000165-CHL,FL_2009_000165_CHL,2.2900914e-15,8.022458902298668e-08,1187.0,2.2920126176174494e-15
FL-2012-000205-LKA,FL_2012_000205_LKA,2.0340675e-15,8.23045638167051e-12,1219.0,2.035729319852941e-15
FF-2014-000060-AFG,FF_2014_000060_AFG,1.8832552e-15,1.3716075057997746e-05,643.0,1.886161458024691e-15
FL-2011-000022-AFG,FL_2011_000022_AFG,1.8572531e-15,0.0001605610093683,131.0,1.8709093727941177e-15
FL-2021-000055-TJK,FL_2021_000055_TJK,1.6734285e-15,4.915316172452196e-06,833.0,1.675425431384248e-15
FL-2014-000162-LKA,FL_2014_000162_LKA,1.6506266e-15,3.70681020714217e-08,1197.0,1.6519998334442595e-15
FL-2016-000091-NER,FL_2016_000091_NER,1.5348188e-15,0.0006446366078601,24.0,1.5877435862068966e-15
FL-2008-000096-BGD,FL_2008_000096_BGD,1.5490396e-15,9.627793255619248e-07,1052.0,1.5505051057710501e-15
FL-1998-000251-SDN,FL_1998_000251_SDN,1.5345183e-15,3.4438531055119216e-05,449.0,1.5378982962555066e-15
FL-2013-000023-ZMB,FL_2013_000023_ZMB,1.3215563e-15,7.528175218560211e-05,268.0,1.3263971655677656e-15
FL-2010-000019-MEX,FL_2010_000019_MEX,1.1193631e-15,0.0001047977395213,197.0,1.1249045014851484e-15
FL-2021-000023-DZA,FL_2021_000023_DZA,1.1080283e-15,0.0001482546570914,148.0,1.1152703150326798e-15
FL-2021-000096-PAN,FL_2021_000096_PAN,1.0602656e-15,2.2850643978610068e-05,545.0,1.0621933556363634e-15
FL-2020-000210-VNM,FL_2020_000210_VNM,9.028484e-16,5.41358957414044e-05,349.0,9.053988192090394e-16
FL-2011-000181-VEN,FL_2011_000181_VEN,8.481602400000001e-16,1.218999928077202e-06,1019.0,8.489885214843751e-16
FL-2009-000144-NER,FL_2009_000144_NER,7.4316167e-16,3.412374193925467e-07,1135.0,7.438135662017544e-16
FF-2008-000194-VNM,FF_2008_000194_VNM,6.608658500000001e-16,3.377854197993626e-05,452.0,6.6231194595186e-16
FL-2013-000141-SOM,FL_2013_000141_SOM,6.557532700000001e-16,3.168888830394055e-07,1144.0,6.563239865100087e-16
FF-2009-000246-LKA,FF_2009_000246_LKA,6.46344e-16,8.086150453737324e-05,250.0,6.488786823529412e-16
FL-2021-000091-PHL,FL_2021_000091_PHL,5.365412e-16,1.9477150917098862e-05,575.0,5.374662710344827e-16
FL-2003-000389-BFA,FL_2003_000389_BFA,4.7049414e-16,4.774164496288326e-06,838.0,4.710522587900357e-16
FL-2018-000105-BGD,FL_2018_000105_BGD,3.7824836000000003e-16,3.978532043825333e-06,869.0,3.78681138443936e-16
FL-2020-000185-PAK,FL_2020_000185_PAK,2.6734835000000005e-16,4.433259123301156e-05,392.0,2.68021771536524e-16
FL-2002-000367-SRB,FL_2002_000367_SRB,2.4867106e-16,2.360240536446322e-06,946.0,2.4893254376445846e-16
FL-1997-000265-SOM,FL_1997_000265_SOM,2.2700888e-16,2.819322254134459e-07,1151.0,2.2720525446366783e-16
FF-2019-000029-IDN,FF_2019_000029_IDN,2.0998316e-16,0.000406881532715,43.0,2.1435780916666666e-16
FL-2011-000032-THA,FL_2011_000032_THA,1.8535288000000002e-16,2.884830105601656e-06,916.0,1.8555413176981543e-16
FL-2007-000126-PRK,FL_2007_000126_PRK,1.4020198e-16,3.306314987585244e-05,465.0,1.4050028208510639e-16
FL-2005-000063-SRB,FL_2005_000063_SRB,1.0143645000000001e-16,1.1999382018215914e-06,1022.0,1.0153521966893866e-16
FL-2013-000051-ECU,FL_2013_000051_ECU,1.0001388000000001e-16,6.849502094982744e-07,1088.0,1.0010538400731932e-16
FL-2005-000175-SDN,FL_2005_000175_SDN,8.88515e-17,1.639219202515964e-06,991.0,8.894070833333334e-17
FL-2005-000109-PRK,FL_2005_000109_PRK,6.984217000000001e-17,7.257744402086277e-05,282.0,7.008552250871081e-17
FL-2007-000022-ARG,FL_2007_000022_ARG,6.575603500000001e-17,1.6760930801268462e-06,988.0,6.582225457200404e-17
ST-2011-000073-CAF,ST_2011_000073_CAF,5.606608000000001e-17,5.661646630096256e-06,816.0,5.613436998781974e-17
FL-2010-000195-MLI,FL_2010_000195_MLI,5.2024750000000007e-17,4.157805701359124e-06,862.0,5.2084755478662056e-17
FL-2000-000191-HUN,FL_2000_000191_HUN,3.966236e-17,8.340665420150442e-05,246.0,3.982037737051793e-17
FL-2013-000159-VCT,FL_2013_000159_VCT,3.66096e-17,1.1846972781677423e-06,1024.0,3.6645177842565604e-17
FL-2016-000046-SOM,FL_2016_000046_SOM,3.1307066000000003e-17,5.934808837925883e-07,1095.0,3.1335526969090915e-17
FL-2008-000234-BRA,FL_2008_000234_BRA,2.6880306e-17,1.951962859688323e-05,574.0,2.6926731398963733e-17
FL-2003-000505-VNM,FL_2003_000505_VNM,1.3172811e-17,1.4986480000179372e-06,998.0,1.3185944410767699e-17
FL-2020-000195-CMR,FL_2020_000195_CMR,1.3028080599999999e-17,7.727041581816168e-07,1077.0,1.3040121339926061e-17
FF-2020-000191-AFG,FF_2020_000191_AFG,5.3717774999999996e-18,7.37917384721835e-05,277.0,5.390826356382978e-18
FL-2022-000378-BIH,FL_2022_000378_BIH,5.0499567e-18,1.7722922348207177e-06,979.0,5.0550887698170725e-18
FF-2018-000041-SOM,FF_2018_000041_SOM,3.9109075e-18,0.0004121122679389,41.0,3.99592722826087e-18
FL-2013-000116-NGA,FL_2013_000116_NGA,3.5941903e-18,1.8498520820467161e-07,1169.0,3.59725179088586e-18
FL-1999-000428-VNM,FL_1999_000428_VNM,2.5541624999999997e-18,7.403148218910378e-06,767.0,2.5574710006476683e-18
FL-2010-000037-HTI,FL_2010_000037_HTI,2.2223142e-18,9.6800966434266e-07,1048.0,2.22442465982906e-18
FL-1999-000324-HND,FL_1999_000324_HND,1.8758295e-18,7.003613110161036e-07,1086.0,1.877548867094409e-18
FL-2007-000040-HTI,FL_2007_000040_HTI,1.2005727999999998e-18,8.87638601232517e-05,229.0,1.2057034529914529e-18
FL-2009-000101-PAN,FL_2009_000101_PAN,1.1182423e-18,2.172620328882429e-06,957.0,1.1194047140332639e-18
FL-2005-000105-HTI,FL_2005_000105_HTI,9.834733e-19,0.0001010797973179,205.0,9.881565061904761e-19
FL-2018-000164-HND,FL_2018_000164_HND,8.1862643e-19,7.0315149187471225e-06,782.0,8.196666160609911e-19
FL-2005-000139-SLE,FL_2005_000139_SLE,5.301506999999999e-19,5.275101586146786e-07,1102.0,5.306296075880758e-19
FF-2009-000229-SOM,FF_2009_000229_SOM,3.9466949999999997e-19,0.000169288555679,123.0,3.9775285546874996e-19
FL-2004-000055-TJK,FL_2004_000055_TJK,3.9320265999999997e-19,6.867626364452634e-07,1087.0,3.935627356959707e-19
FL-2009-000121-CZE,FL_2009_000121_CZE,3.7776423999999997e-19,1.631930690960336e-07,1174.0,3.7808465072094995e-19
FL-2012-000050-AFG,FL_2012_000050_AFG,3.6639341999999996e-19,0.000374728896703,48.0,3.733065033962264e-19
FL-2021-000049-RWA,FL_2021_000049_RWA,3.6874351999999997e-19,5.924966950029407e-05,328.0,3.698508578978979e-19
FF-2020-000221-SOM,FF_2020_000221_SOM,3.5655955999999997e-19,3.258350426966588e-05,467.0,3.573149827966102e-19
FL-2018-000144-PRK,FL_2018_000144_PRK,2.9160448e-19,1.2303289364278972e-05,655.0,2.9204630496969696e-19
FL-2019-000167-BDI,FL_2019_000167_BDI,2.7794367e-19,8.493816485565859e-05,239.0,2.790827834016393e-19
FL-1998-000080-ARG,FL_1998_000080_ARG,2.5142028e-19,1.0711952758451827e-06,1035.0,2.5166203026923075e-19
FL-2006-000034-ECU,FL_2006_000034_ECU,1.9555351e-19,1.4727044386740528e-06,1000.0,1.9574809060696516e-19
FL-2012-000039-CHL,FL_2012_000039_CHL,1.3936116999999999e-19,9.482539154131623e-10,1215.0,1.394754004672131e-19
FL-2002-000325-JAM,FL_2002_000325_JAM,1.1817406e-19,2.1319185416946874e-06,959.0,1.1829664719917013e-19
FL-2020-000019-MDG,FL_2020_000019_MDG,9.562372999999999e-20,1.3253266586786708e-05,646.0,9.57706174500768e-20
FL-2019-000100-MLI,FL_2019_000100_MLI,8.3970516e-20,4.359739718334213e-05,398.0,8.417887956327543e-20
FF-2008-000233-PHL,FF_2008_000233_PHL,8.29941e-20,6.693994565061057e-05,299.0,8.326710690789474e-20
FL-2017-000088-SDN,FL_2017_000088_SDN,4.5265814e-20,1.382005001626934e-05,642.0,4.533577661823802e-20
FL-2001-000376-PAK,FL_2001_000376_PAK,2.5764579e-20,0.0001248365591144,174.0,2.5908515195530728e-20
FL-2010-000062-COD,FL_2010_000062_COD,1.7026978e-20,2.3444867874985926e-06,948.0,1.7044844713536202e-20
FL-1998-000316-VNM,FL_1998_000316_VNM,1.5049446e-20,6.791206996281597e-06,790.0,1.506837612075472e-20
FL-2003-000481-HND,FL_2003_000481_HND,1.3912317e-20,1.9838093203721934e-05,570.0,1.3936512333913044e-20
FL-2021-000097-BGD,FL_2021_000097_BGD,1.3851322e-20,2.1422363314493053e-05,553.0,1.3876145157706093e-20
FL-2009-000080-AFG,FL_2009_000080_AFG,1.3591364e-20,0.0002539356068983,77.0,1.3757112341463413e-20
FL-2012-000083-HND,FL_2012_000083_HND,1.3465915999999999e-20,3.5908258917241136e-07,1130.0,1.3477780243171806e-20
FL-2007-000086-PAN,FL_2007_000086_PAN,9.404527e-21,0.0006005381428836,27.0,9.69841846875e-21
FL-2005-000094-AFG,FL_2005_000094_AFG,5.7108978000000005e-21,0.000126663515245,173.0,5.742981495505618e-21
FL-2000-000130-BOL,FL_2000_000130_BOL,4.511256e-21,3.938841427680784e-07,1121.0,4.5152624440497334e-21
FL-2002-000482-RUS,FL_2002_000482_RUS,2.2890782e-21,2.640217343451946e-05,514.0,2.2934887552986516e-21
FL-2019-000133-SOM,FL_2019_000133_SOM,1.7016456e-21,8.550921166964306e-05,236.0,1.7087063701244814e-21
FL-1999-000071-MOZ,FL_1999_000071_MOZ,1.5042054e-21,4.059756487005624e-05,412.0,1.5078126071942447e-21
FL-2011-000063-HTI,FL_2011_000063_HTI,8.774219e-22,5.479410900551387e-05,343.0,8.799432272988505e-22
FF-2008-000123-PAK,FF_2008_000123_PAK,4.521398e-22,0.0006694332766793,21.0,4.695297923076924e-22
FL-2015-000171-PRY,FL_2015_000171_PRY,4.629904e-22,7.15957968452477e-05,285.0,4.645869186206896e-22
FF-2011-000066-TJK,FF_2011_000066_TJK,4.352496e-22,0.0001975263434113,104.0,4.392427155963303e-22
FL-2021-000092-CRI,FL_2021_000092_CRI,3.743285e-22,9.617207158464814e-07,1053.0,3.746823076559546e-22
FL-1999-000240-SRB,FL_1999_000240_SRB,2.3610423e-22,4.998582007279188e-06,832.0,2.3638631390681006e-22
FL-2019-000093-NGA,FL_2019_000093_NGA,1.7263269000000002e-22,5.808195340112276e-06,813.0,1.7284373240831297e-22
FL-1997-000137-CHL,FL_1997_000137_CHL,1.5541751e-22,3.006365205046131e-07,1146.0,1.5555253824500436e-22
FL-2011-000120-SDN,FL_2011_000120_SDN,6.285928000000001e-23,0.0002022498339445,101.0,6.345229207547171e-23
FL-2006-000191-LKA,FL_2006_000191_LKA,1.2837698999999999e-23,2.434081846660232e-08,1200.0,1.2848352692116182e-23
FL-2005-000108-PAK,FL_2005_000108_PAK,1.0943931e-23,0.0002305958876765,85.0,1.1065530233333333e-23
FL-2011-000021-MYS,FL_2011_000021_MYS,5.8730304e-24,0.0001136166671002,187.0,5.903619099999999e-24
FL-2002-000263-CRI,FL_2002_000263_CRI,2.7072503e-24,3.5626475492692315e-06,884.0,2.710295575928009e-24
FL-2009-000183-NGA,FL_2009_000183_NGA,2.3089963000000002e-24,2.3578283572365597e-06,947.0,2.311421716281513e-24
FL-2010-000225-PAN,FL_2010_000225_PAN,4.7640893e-25,0.0001944290061672,107.0,4.8066258116071425e-25
FL-2012-000003-BRA,FL_2012_000003_BRA,3.5461617e-25,3.7158649505562105e-05,430.0,3.5543137958620686e-25
FL-1992-000008-PAK,FL_1992_000008_PAK,1.836176e-26,1.1062982616392894e-05,688.0,1.8388256046176045e-26
FF-2013-000088-AFG,FF_2013_000088_AFG,1.5038753e-26,0.0007016530173595,19.0,1.5665367708333335e-26
FL-2009-000186-TCD,FL_2009_000186_TCD,5.9594443e-27,6.716375509770293e-05,298.0,5.9791124330033004e-27
FL-2012-000191-HTI,FL_2012_000191_HTI,4.0320316e-28,1.2056300409975027e-05,663.0,4.0380675754491017e-28
FL-2019-000153-COD,FL_2019_000153_COD,1.4882486000000001e-28,0.001697640116422,10.0,1.5874651733333335e-28
FL-2004-000044-BGD,FL_2004_000044_BGD,9.70279e-29,5.8985614137564377e-08,1193.0,9.710889156928214e-29
FL-2009-000139-PAK,FL_2009_000139_PAK,6.195835e-30,0.0001295505616104,169.0,6.231443247126437e-30
FL-2006-000023-DZA,FL_2006_000023_DZA,5.284985e-30,0.000259509333001,76.0,5.350231728395062e-30
FL-2006-000123-SDN,FL_2006_000123_SDN,9.060601e-31,2.8144172936426423e-06,921.0,9.070385666306696e-31
FL-2005-000205-PHL,FL_2005_000205_PHL,5.711746400000001e-32,2.383472079854025e-07,1156.0,5.716666078208442e-32
FL-2006-000030-SRB,FL_2006_000030_SRB,1.7038655e-33,2.954188688526033e-06,913.0,1.7057215626361657e-33
FL-2005-000150-NGA,FL_2005_000150_NGA,2.9365338e-35,4.3364627419048993e-07,1114.0,2.9391580482573724e-35
FL-2018-000029-RWA,FL_2018_000029_RWA,4.0944075e-38,7.150094154950205e-05,286.0,4.1084776288659793e-38
FF-2009-000159-PAK,FF_2009_000159_PAK,0.0,0.0002664870756264,74.0,0.0
FL-2010-000239-MNE,FL_2010_000239_MNE,0.0,2.789055030301129e-06,923.0,0.0
FL-2005-000171-SLV,FL_2005_000171_SLV,0.0,1.5972464921730006e-05,616.0,0.0
FL-2004-000051-NPL,FL_2004_000051_NPL,0.0,3.06645813669961e-06,904.0,0.0
FF-2020-000123-YEM,FF_2020_000123_YEM,0.0,0.000474623308158,32.0,0.0
FL-2009-000179-LBR,FL_2009_000179_LBR,0.0,3.7438326533417184e-05,424.0,0.0
FL-2022-000265-YEM,FL_2022_000265_YEM,0.0,7.003786207120407e-06,783.0,0.0
FL-2011-000187-COD,FL_2011_000187_COD,0.0,1.5826021401609592e-06,992.0,0.0
FF-2022-000309-SLE,FF_2022_000309_SLE,0.0,7.669231106031164e-05,265.0,0.0
FL-2012-000140-MMR,FL_2012_000140_MMR,0.0,2.896263275968604e-06,914.0,0.0
FL-2022-000254-PAK,FL_2022_000254_PAK,0.0,0.0001287386712697,170.0,0.0
FL-2002-000402-BGD,FL_2002_000402_BGD,0.0,1.6765577907773563e-05,603.0,0.0
FL-2008-000024-PHL,FL_2008_000024_PHL,0.0,7.1138284904174045e-06,779.0,0.0
FL-2006-000086-CHL,FL_2006_000086_CHL,0.0,1.3688466593506364e-08,1204.0,0.0
FF-2007-000008-LKA,FF_2007_000008_LKA,0.0,7.115145196681796e-06,778.0,0.0
FL-2017-000110-MLI,FL_2017_000110_MLI,0.0,0.000251918051994,78.0,0.0
FL-2011-000176-LKA,FL_2011_000176_LKA,0.0,1.1538768532746104e-08,1206.0,0.0
FL-2003-000359-PAK,FL_2003_000359_PAK,0.0,0.0002753904380498,69.0,0.0
FL-2003-000341-NPL,FL_2003_000341_NPL,0.0,7.243422619952117e-06,772.0,0.0
FL-2008-000069-CHL,FL_2008_000069_CHL,0.0,1.0430822197377552e-08,1209.0,0.0
FL-2006-000131-BGD,FL_2006_000131_BGD,0.0,2.984810673702258e-07,1147.0,0.0
FL-1997-000143-POL,FL_1997_000143_POL,0.0,6.96568174163368e-08,1189.0,0.0
FL-1997-000092-ECU,FL_1997_000092_ECU,0.0,3.0186449007389143e-05,483.0,0.0
FL-2008-000104-NPL,FL_2008_000104_NPL,0.0,1.1675964917902254e-05,674.0,0.0
FL-2007-000199-THA,FL_2007_000199_THA,0.0,8.529168713169065e-06,738.0,0.0
FL-2000-000012-MOZ,FL_2000_000012_MOZ,0.0,4.310425097626794e-07,1115.0,0.0
FL-2013-000045-AFG,FL_2013_000045_AFG,0.0,0.0003462811444536,54.0,0.0
FL-2007-000177-SLE,FL_2007_000177_SLE,0.0,1.4570054635077828e-05,636.0,0.0
FL-2005-000103-SLV,FL_2005_000103_SLV,0.0,1.846794058976049e-05,587.0,0.0
FF-2013-000090-PAK,FF_2013_000090_PAK,0.0,0.000422417015203,38.0,0.0
FL-2005-000157-MDA,FL_2005_000157_MDA,0.0,5.147628345060227e-07,1103.0,0.0
FL-1999-000547-VEN,FL_1999_000547_VEN,0.0,2.329516099728359e-05,539.0,0.0
FL-2006-000178-JAM,FL_2006_000178_JAM,0.0,9.66145339036944e-07,1050.0,0.0
FF-2012-000148-PAK,FF_2012_000148_PAK,0.0,9.259654116032898e-05,221.0,0.0
FL-2017-000043-HTI,FL_2017_000043_HTI,0.0,0.001077278296091,11.0,0.0
FL-2005-000038-MDG,FL_2005_000038_MDG,0.0,2.9792455852252454e-06,911.0,0.0
FL-2002-000536-MMR,FL_2002_000536_MMR,0.0,5.480993005385484e-06,821.0,0.0
FL-2006-000092-KOR,FL_2006_000092_KOR,0.0,1.690719930280428e-06,986.0,0.0
FL-2019-000079-BGD,FL_2019_000079_BGD,0.0,9.404846408735238e-06,719.0,0.0
FL-2011-000043-VCT,FL_2011_000043_VCT,0.0,9.39509775743751e-05,215.0,0.0
FL-2001-000236-URY,FL_2001_000236_URY,0.0,9.878387080703293e-07,1046.0,0.0
SL-2002-000428-NPL,SL_2002_000428_NPL,0.0,0.0001770483641865,118.0,0.0
FL-2017-000078-NER,FL_2017_000078_NER,0.0,6.553669960100432e-05,301.0,0.0
FL-2021-000005-IDN,FL_2021_000005_IDN,0.0,0.0003059482430811,61.0,0.0
FL-2009-000239-BRA,FL_2009_000239_BRA,0.0,5.6468931585492825e-05,336.0,0.0
FL-2013-000142-VNM,FL_2013_000142_VNM,0.0,7.596218754355684e-06,765.0,0.0
FL-2008-000094-ZAF,FL_2008_000094_ZAF,0.0,1.5343400402759155e-05,624.0,0.0
FL-2019-000104-THA,FL_2019_000104_THA,0.0,6.41847392833269e-06,801.0,0.0
FL-2021-000127-NER,FL_2021_000127_NER,0.0,0.0001862799135566,111.0,0.0
FL-2000-000484-BTN,FL_2000_000484_BTN,0.0,2.8619297241443096e-07,1150.0,0.0
FL-2018-000120-NGA,FL_2018_000120_NGA,0.0,1.820509578657393e-05,589.0,0.0
FL-2016-000080-BFA,FL_2016_000080_BFA,0.0,1.77803966896935e-05,595.0,0.0
FF-2011-000088-NGA,FF_2011_000088_NGA,0.0,6.239108000390638e-05,315.0,0.0
FL-2010-000014-SLB,FL_2010_000014_SLB,0.0,8.529697631985184e-06,737.0,0.0
FL-2006-000062-THA,FL_2006_000062_THA,0.0,3.2458050506348955e-06,900.0,0.0
FL-2008-000099-NIC,FL_2008_000099_NIC,0.0,1.932493129427563e-07,1167.0,0.0
FL-2019-000119-CMR,FL_2019_000119_CMR,0.0,1.7052140471267352e-06,984.0,0.0
FL-2006-000115-HTI,FL_2006_000115_HTI,0.0,2.066594379626969e-05,562.0,0.0
FL-2022-000331-SLV,FL_2022_000331_SLV,0.0,0.0001451986709195,154.0,0.0
FL-2015-000176-BDI,FL_2015_000176_BDI,0.0,8.912316589029772e-07,1061.0,0.0
FL-2007-000159-RWA,FL_2007_000159_RWA,0.0,1.9130433901587137e-05,582.0,0.0
FL-2007-000158-TGO,FL_2007_000158_TGO,0.0,3.029336628466848e-06,905.0,0.0
FL-2009-000102-HTI,FL_2009_000102_HTI,0.0,5.1488842095906094e-05,356.0,0.0
FL-2021-000129-VEN,FL_2021_000129_VEN,0.0,1.584533468651842e-05,618.0,0.0
FL-2017-000126-NGA,FL_2017_000126_NGA,0.0,1.941728501595853e-05,578.0,0.0
FL-2022-000135-ZMB,FL_2022_000135_ZMB,0.0,0.0002924540270576,66.0,0.0
ST-2022-000138-MDG,ST_2022_000138_MDG,0.0,7.923019842167857e-05,258.0,0.0
FL-2007-000181-HTI,FL_2007_000181_HTI,0.0,7.625036130382518e-07,1079.0,0.0
FL-2011-000096-PRK,FL_2011_000096_PRK,0.0,7.385169535820322e-07,1083.0,0.0
FL-2015-000080-MMR,FL_2015_000080_MMR,0.0,5.357394574600953e-07,1100.0,0.0
FL-2016-000068-NPL,FL_2016_000068_NPL,0.0,3.328771541623833e-06,893.0,0.0
FL-2018-000419-PRY,FL_2018_000419_PRY,0.0,2.479185900171957e-05,526.0,0.0
FL-2018-000054-BDI,FL_2018_000054_BDI,0.0,4.479830936126772e-06,849.0,0.0
FL-2009-000206-HTI,FL_2009_000206_HTI,0.0,4.304536810153e-05,404.0,0.0
FL-2012-000009-FJI,FL_2012_000009_FJI,0.0,4.963294951582133e-07,1105.0,0.0
FL-2008-000182-RWA,FL_2008_000182_RWA,0.0,2.009923126583426e-05,565.0,0.0
FL-2016-000066-PAK,FL_2016_000066_PAK,0.0,0.0002169384840169,94.0,0.0
FL-2005-000160-MMR,FL_2005_000160_MMR,0.0,4.0277837088104624e-05,415.0,0.0
FL-1999-000286-GMB,FL_1999_000286_GMB,0.0,2.519331137711945e-05,521.0,0.0
FL-2021-000204-BRA,FL_2021_000204_BRA,0.0,1.804077335498757e-06,977.0,0.0
FF-2007-000081-NPL,FF_2007_000081_NPL,0.0,0.0001041257130811,199.0,0.0
FL-2011-000204-PHL,FL_2011_000204_PHL,0.0,0.0002869436777626,67.0,0.0
FL-2008-000168-NPL,FL_2008_000168_NPL,0.0,5.471620430748493e-05,345.0,0.0
FL-2012-000169-SEN,FL_2012_000169_SEN,0.0,1.209141685967224e-05,660.0,0.0
FL-2019-000083-NPL,FL_2019_000083_NPL,0.0,1.1192158413084856e-05,682.0,0.0
FF-2008-000186-COD,FF_2008_000186_COD,0.0,4.015782248303248e-05,417.0,0.0
FL-2008-000191-SLV,FL_2008_000191_SLV,0.0,7.316736622525317e-06,770.0,0.0
FF-2019-000018-AFG,FF_2019_000018_AFG,0.0,0.0002188338625163,92.0,0.0
FL-2012-000054-HTI,FL_2012_000054_HTI,0.0,0.0001415826485729,158.0,0.0
FL-2006-000127-NPL,FL_2006_000127_NPL,0.0,2.2399296764840463e-06,953.0,0.0
FL-2003-000028-BRA,FL_2003_000028_BRA,0.0,2.698217626341635e-05,508.0,0.0
FL-2002-000478-PRK,FL_2002_000478_PRK,0.0,8.383560471619164e-05,243.0,0.0
FL-2002-000755-CRI,FL_2002_000755_CRI,0.0,7.149174197728648e-06,776.0,0.0
FL-2015-000164-COD,FL_2015_000164_COD,0.0,0.0003128710578381,59.0,0.0
FL-2009-000240-PAN,FL_2009_000240_PAN,0.0,0.0002321865809525,84.0,0.0
FL-2005-000070-YEM,FL_2005_000070_YEM,0.0,1.0007101461086942e-06,1044.0,0.0
FL-2012-000030-KAZ,FL_2012_000030_KAZ,0.0,7.354170881251558e-07,1084.0,0.0
FL-2006-000050-ARG,FL_2006_000050_ARG,0.0,4.8083028674944506e-05,372.0,0.0
FL-2007-000127-MRT,FL_2007_000127_MRT,0.0,1.304661421300136e-05,648.0,0.0
FL-2009-000145-NPL,FL_2009_000145_NPL,0.0,9.635518290252092e-07,1051.0,0.0
FL-2022-000316-NER,FL_2022_000316_NER,0.0,3.192226220146503e-05,470.0,0.0
FL-2011-000082-NPL,FL_2011_000082_NPL,0.0,9.671006377644952e-07,1049.0,0.0
FL-2008-000155-CHL,FL_2008_000155_CHL,0.0,6.8628923379996586e-06,788.0,0.0
FL-2022-000158-HTI,FL_2022_000158_HTI,0.0,2.8197164021720964e-05,496.0,0.0
FL-2022-000336-VNM,FL_2022_000336_VNM,0.0,4.044685634441927e-06,866.0,0.0
FL-2004-000022-AFG,FL_2004_000022_AFG,0.0,4.827954211885538e-05,371.0,0.0
FL-2003-000624-HTI,FL_2003_000624_HTI,0.0,5.1951169608416726e-05,353.0,0.0
FL-2021-000147-THA,FL_2021_000147_THA,0.0,1.1030435641467016e-08,1207.0,0.0
FL-2015-000009-ALB,FL_2015_000009_ALB,0.0,7.237489970102798e-07,1085.0,0.0
FL-2010-000251-CRI,FL_2010_000251_CRI,0.0,1.8310960811023248e-06,976.0,0.0
FL-2010-000153-PRK,FL_2010_000153_PRK,0.0,9.913592523666682e-06,709.0,0.0
FL-1999-000233-SVK,FL_1999_000233_SVK,0.0,5.078050503614976e-06,831.0,0.0
FL-2007-000003-PHL,FL_2007_000003_PHL,0.0,0.0001731228873431,119.0,0.0
FL-2000-000255-ARG,FL_2000_000255_ARG,0.0,4.009867322124002e-07,1118.0,0.0
FL-2007-000147-NER,FL_2007_000147_NER,0.0,7.480387655828326e-05,273.0,0.0
FL-2016-000085-MLI,FL_2016_000085_MLI,0.0,8.060808351147737e-05,251.0,0.0
FL-2019-000108-MRT,FL_2019_000108_MRT,0.0,0.0001103548829499,192.0,0.0
FL-1998-000255-TUR,FL_1998_000255_TUR,0.0,1.0237079266667155e-06,1041.0,0.0
FL-2019-000058-TJK,FL_2019_000058_TJK,0.0,1.8565141327569587e-05,586.0,0.0
FL-2008-000232-CRI,FL_2008_000232_CRI,0.0,1.787637459128831e-05,593.0,0.0
FL-2020-000172-MMR,FL_2020_000172_MMR,0.0,4.925518891003032e-05,368.0,0.0
FL-2014-000155-HTI,FL_2014_000155_HTI,0.0,1.1569310088954328e-05,678.0,0.0
FL-2017-000149-TGO,FL_2017_000149_TGO,0.0,1.138754157064041e-05,680.0,0.0
FL-2012-000164-CAF,FL_2012_000164_CAF,0.0,2.75049076851211e-06,924.0,0.0
FL-2012-000126-PAN,FL_2012_000126_PAN,0.0,1.412513541521413e-05,641.0,0.0
FL-2001-000571-PRK,FL_2001_000571_PRK,0.0,1.353015185500738e-06,1007.0,0.0
FL-2007-000144-LBR,FL_2007_000144_LBR,0.0,0.0003595041920686,50.0,0.0
FL-2009-000166-SDN,FL_2009_000166_SDN,0.0,1.7913289974224194e-05,592.0,0.0
FF-2008-000216-PSE,FF_2008_000216_PSE,0.0,3.3438538112761904e-05,459.0,0.0
FL-2002-000614-LAO,FL_2002_000614_LAO,0.0,5.944360325499058e-05,326.0,0.0
FL-2008-000103-SLV,FL_2008_000103_SLV,0.0,0.0001505851060262,145.0,0.0
FL-2016-000058-MMR,FL_2016_000058_MMR,0.0,0.0001042671206863,198.0,0.0
FL-2002-000788-LKA,FL_2002_000788_LKA,0.0,3.0662864083253537e-07,1145.0,0.0
FL-2011-000037-BDI,FL_2011_000037_BDI,0.0,1.1707017415903677e-05,673.0,0.0
FL-2006-000133-NER,FL_2006_000133_NER,0.0,0.0002685846687985,73.0,0.0
FL-2016-000019-HTI,FL_2016_000019_HTI,0.0,9.781341264688824e-05,209.0,0.0
FL-2002-000445-VEN,FL_2002_000445_VEN,0.0,4.668022485226362e-06,841.0,0.0
FL-2022-000348-CRI,FL_2022_000348_CRI,0.0,8.796830385768712e-07,1064.0,0.0
FL-2005-000184-VNM,FL_2005_000184_VNM,0.0,8.972395783933309e-07,1059.0,0.0
ST-2015-000041-PRY,ST_2015_000041_PRY,0.0,3.3458382938433015e-05,458.0,0.0
FL-2020-000213-LAO,FL_2020_000213_LAO,0.0,9.768399638698576e-05,210.0,0.0
FF-2010-000204-LCA,FF_2010_000204_LCA,0.0,0.0001896324360349,109.0,0.0
FL-2002-000376-RUS,FL_2002_000376_RUS,0.0,7.200024894254257e-06,773.0,0.0
FF-2006-000049-IDN,FF_2006_000049_IDN,0.0,0.0002190484926092,91.0,0.0
FL-2011-000161-SOM,FL_2011_000161_SOM,0.0,7.190965832090032e-06,774.0,0.0
FL-2022-000333-THA,FL_2022_000333_THA,0.0,2.116010457720314e-05,556.0,0.0
FL-2013-000103-YEM,FL_2013_000103_YEM,0.0,4.590074252679353e-05,383.0,0.0
FL-2015-000079-CRI,FL_2015_000079_CRI,0.0,4.6536222029995134e-05,381.0,0.0
FL-2009-000089-BRA,FL_2009_000089_BRA,0.0,8.991236523197986e-05,226.0,0.0
FL-2004-000063-PRK,FL_2004_000063_PRK,0.0,1.6117097221540722e-05,614.0,0.0
FL-2003-000080-ARG,FL_2003_000080_ARG,0.0,6.642118588184977e-07,1089.0,0.0
FL-2000-000617-BGD,FL_2000_000617_BGD,0.0,2.075131042081203e-06,962.0,0.0
FL-2013-000104-MLI,FL_2013_000104_MLI,0.0,1.0265167683425433e-05,703.0,0.0
FL-2003-000455-NGA,FL_2003_000455_NGA,0.0,7.961727365152772e-06,755.0,0.0
FL-2021-000110-YEM,FL_2021_000110_YEM,0.0,1.8479222513075116e-06,975.0,0.0
FL-2009-000032-SLB,FL_2009_000032_SLB,0.0,0.0001051352648195,196.0,0.0
FF-2020-000240-ZMB,FF_2020_000240_ZMB,0.0,7.790753105911644e-05,262.0,0.0
FL-2014-000107-MMR,FL_2014_000107_MMR,0.0,5.257533459608907e-05,352.0,0.0
FL-2013-000157-BRA,FL_2013_000157_BRA,0.0,0.0001027200079003,201.0,0.0
FL-1998-000272-PRK,FL_1998_000272_PRK,0.0,1.475548275366902e-05,634.0,0.0
FL-2019-000170-RWA,FL_2019_000170_RWA,0.0,2.3188805670015863e-05,541.0,0.0
FL-1999-000349-SLV,FL_1999_000349_SLV,0.0,1.2154242762513246e-05,658.0,0.0
FL-1998-000053-ZMB,FL_1998_000053_ZMB,0.0,1.2770317180709704e-05,649.0,0.0
FL-2004-000120-CRI,FL_2004_000120_CRI,0.0,6.190691114588387e-07,1094.0,0.0
FF-2006-000039-YEM,FF_2006_000039_YEM,0.0,2.538217909296148e-05,519.0,0.0
FL-2006-000027-IDN,FL_2006_000027_IDN,0.0,0.0001091432491532,193.0,0.0
FL-2015-000024-ARG,FL_2015_000024_ARG,0.0,4.931579369213997e-05,366.0,0.0
FL-2001-000335-KOR,FL_2001_000335_KOR,0.0,5.192193066372883e-06,829.0,0.0
FL-2015-000131-SLE,FL_2015_000131_SLE,0.0,4.016062303006129e-05,416.0,0.0
FL-2006-000056-AFG,FL_2006_000056_AFG,0.0,2.6934944826220462e-05,510.0,0.0
FF-2007-000082-PAK,FF_2007_000082_PAK,0.0,0.0007107521540277,18.0,0.0
FL-2018-000014-ARG,FL_2018_000014_ARG,0.0,7.457400205637454e-05,274.0,0.0
FL-2016-000137-ARG,FL_2016_000137_ARG,0.0,8.499316456853365e-07,1067.0,0.0
FL-2017-000004-THA,FL_2017_000004_THA,0.0,1.651809299838761e-05,607.0,0.0
FL-1999-000574-VNM,FL_1999_000574_VNM,0.0,3.0222621145776893e-05,482.0,0.0
FF-2019-000054-YEM,FF_2019_000054_YEM,0.0,1.0041119639849484e-05,705.0,0.0
FL-2010-000114-BGD,FL_2010_000114_BGD,0.0,2.6814189581859875e-06,932.0,0.0
FL-2003-000020-MOZ,FL_2003_000020_MOZ,0.0,1.6602388940293368e-05,605.0,0.0
FL-2012-000138-NGA,FL_2012_000138_NGA,0.0,1.438105972031753e-05,639.0,0.0
FL-2001-000524-MLI,FL_2001_000524_MLI,0.0,6.959979926417638e-05,292.0,0.0
FL-2006-000091-PRK,FL_2006_000091_PRK,0.0,6.5464144521411e-05,302.0,0.0
FL-2007-000210-PHL,FL_2007_000210_PHL,0.0,1.0744462684827052e-05,694.0,0.0
FL-2015-000037-HTI,FL_2015_000037_HTI,0.0,3.640796926425034e-05,435.0,0.0
ST-2010-000085-CHN,ST_2010_000085_CHN,0.0,8.36584472177331e-06,745.0,0.0
FL-2004-000142-ALB,FL_2004_000142_ALB,0.0,2.118315388426455e-07,1164.0,0.0
FL-2015-000155-NGA,FL_2015_000155_NGA,0.0,2.1947500218326224e-06,955.0,0.0
FL-2007-000228-LKA,FL_2007_000228_LKA,0.0,1.035644685975016e-06,1038.0,0.0
FL-2009-000039-CRI,FL_2009_000039_CRI,0.0,8.181996329575073e-06,750.0,0.0
FL-1997-000026-MOZ,FL_1997_000026_MOZ,0.0,6.913505963355204e-05,294.0,0.0
FL-2010-000015-PSE,FL_2010_000015_PSE,0.0,1.0289386971646956e-05,702.0,0.0
FL-2017-000010-PHL,FL_2017_000010_PHL,0.0,4.24460975570183e-05,408.0,0.0
FL-2000-000583-LAO,FL_2000_000583_LAO,0.0,3.4555457427343474e-06,886.0,0.0
FL-2009-000234-PHL,FL_2009_000234_PHL,0.0,1.955405744280028e-05,573.0,0.0
FL-2005-000001-CRI,FL_2005_000001_CRI,0.0,2.818209814348267e-06,919.0,0.0
FL-2010-000151-COD,FL_2010_000151_COD,0.0,4.518612244957282e-05,387.0,0.0
FL-2020-000165-NPL,FL_2020_000165_NPL,0.0,0.0001125360396434,188.0,0.0
FL-2017-000079-TJK,FL_2017_000079_TJK,0.0,6.387359037575683e-05,310.0,0.0
FL-2008-000250-THA,FL_2008_000250_THA,0.0,4.735051147249035e-07,1107.0,0.0
FL-2008-000088-USA,FL_2008_000088_USA,0.0,1.1390551966300478e-06,1027.0,0.0
FL-2010-000240-VEN,FL_2010_000240_VEN,0.0,1.0882429472178591e-05,690.0,0.0
FL-2018-000124-MMR,FL_2018_000124_MMR,0.0,2.7946282610316107e-06,922.0,0.0
FL-2015-000085-VEN,FL_2015_000085_VEN,0.0,2.537639886082442e-05,520.0,0.0
FL-2013-000074-HTI,FL_2013_000074_HTI,0.0,5.977220005737468e-05,324.0,0.0
FL-2007-000054-AFG,FL_2007_000054_AFG,0.0,9.620526554018506e-05,212.0,0.0
FL-2000-000476-NPL,FL_2000_000476_NPL,0.0,1.7049089854122785e-05,599.0,0.0
FL-2012-000075-VEN,FL_2012_000075_VEN,0.0,1.646548068138898e-06,990.0,0.0
FL-2011-000156-HTI,FL_2011_000156_HTI,0.0,9.409221533137442e-06,718.0,0.0
FL-2016-000054-HTI,FL_2016_000054_HTI,0.0,8.356914489065661e-06,746.0,0.0
FL-2009-000174-NER,FL_2009_000174_NER,0.0,0.0001802920008609,115.0,0.0
FF-2006-000163-AFG,FF_2006_000163_AFG,0.0,0.0002494599095822,79.0,0.0
FL-2006-000171-HTI,FL_2006_000171_HTI,0.0,7.713143205865992e-05,264.0,0.0
FL-2012-000151-TCD,FL_2012_000151_TCD,0.0,5.8285220847793566e-05,331.0,0.0
FL-2010-000219-PHL,FL_2010_000219_PHL,0.0,3.218518232617847e-07,1139.0,0.0
FL-2015-000146-DZA,FL_2015_000146_DZA,0.0,2.9680563400399163e-05,488.0,0.0
FL-2012-000123-PRK,FL_2012_000123_PRK,0.0,5.752506912079733e-06,814.0,0.0
FL-2021-000134-NPL,FL_2021_000134_NPL,0.0,8.72908018410262e-07,1066.0,0.0
FL-2017-000107-NPL,FL_2017_000107_NPL,0.0,7.608154261381555e-07,1080.0,0.0
FL-2002-000322-CHL,FL_2002_000322_CHL,0.0,6.39382881883677e-08,1191.0,0.0
FL-1997-000177-MMR,FL_1997_000177_MMR,0.0,6.291184877126836e-06,804.0,0.0
FL-2000-000735-VEN,FL_2000_000735_VEN,0.0,6.179684799739417e-06,807.0,0.0
FL-2019-000087-PAK,FL_2019_000087_PAK,0.0,0.0003822546190919,47.0,0.0
FL-2010-000141-PAK,FL_2010_000141_PAK,0.0,0.0001681734457942,125.0,0.0
FL-2022-000376-COD,FL_2022_000376_COD,0.0,0.0001970716091701,105.0,0.0
FL-2011-000129-MLI,FL_2011_000129_MLI,0.0,7.220567510463737e-05,283.0,0.0
FL-2007-000025-FJI,FL_2007_000025_FJI,0.0,8.923207318490403e-05,228.0,0.0
FL-2019-000136-SLV,FL_2019_000136_SLV,0.0,5.959575731895844e-06,811.0,0.0
FL-2013-000085-NIC,FL_2013_000085_NIC,0.0,1.5491150490423316e-05,621.0,0.0
FL-2008-000201-YEM,FL_2008_000201_YEM,0.0,1.060809555335862e-05,696.0,0.0
FL-1997-000097-AFG,FL_1997_000097_AFG,0.0,1.1672926200256111e-05,675.0,0.0
FL-2021-000043-YEM,FL_2021_000043_YEM,0.0,8.418830794866501e-05,242.0,0.0
FL-2008-000207-SDN,FL_2008_000207_SDN,0.0,1.2882812137845856e-06,1012.0,0.0
FL-2002-000540-DZA,FL_2002_000540_DZA,0.0,1.3233660497640888e-05,647.0,0.0
FL-1998-000221-NPL,FL_1998_000221_NPL,0.0,1.1916833103853337e-06,1023.0,0.0
LS-2010-000040-UGA,LS_2010_000040_UGA,0.0,7.109695906695439e-05,288.0,0.0
FF-2020-000156-UKR,FF_2020_000156_UKR,0.0,4.666066915044966e-06,842.0,0.0
FL-2008-000117-ROM,FL_2008_000117_ROM,0.0,6.743725727524765e-05,297.0,0.0
FL-2002-000732-IDN,FL_2002_000732_IDN,0.0,2.7280810179181785e-06,926.0,0.0
FL-2002-000054-IDN,FL_2002_000054_IDN,0.0,0.0004092155198289,42.0,0.0
FL-2016-000071-LBR,FL_2016_000071_LBR,0.0,0.00012757733533,172.0,0.0
FF-2016-000034-YEM,FF_2016_000034_YEM,0.0,0.0001191509907275,182.0,0.0
FL-2017-000091-MMR,FL_2017_000091_MMR,0.0,8.299517015547087e-06,748.0,0.0
FL-2012-000132-NPL,FL_2012_000132_NPL,0.0,1.1925717163658256e-05,668.0,0.0
FL-2009-000219-NPL,FL_2009_000219_NPL,0.0,7.784442885994118e-07,1074.0,0.0
FL-2010-000042-SRB,FL_2010_000042_SRB,0.0,7.1095336863158585e-06,780.0,0.0
FL-2012-000071-NPL,FL_2012_000071_NPL,0.0,7.144883335432248e-05,287.0,0.0
FL-2002-000296-PRY,FL_2002_000296_PRY,0.0,8.044638654680605e-05,253.0,0.0
FL-2014-000045-SLB,FL_2014_000045_SLB,0.0,0.0001809906868055,113.0,0.0
FL-2003-000037-MDG,FL_2003_000037_MDG,0.0,1.6171037035600032e-05,611.0,0.0
FL-2013-000087-MMR,FL_2013_000087_MMR,0.0,2.4254763329940803e-05,529.0,0.0
FL-2010-000160-NPL,FL_2010_000160_NPL,0.0,6.461913489902424e-07,1092.0,0.0
FL-2005-000090-TJK,FL_2005_000090_TJK,0.0,1.8979628051500025e-06,971.0,0.0
FL-2022-000190-TUN,FL_2022_000190_TUN,0.0,4.722722600885824e-05,377.0,0.0
FL-2009-000177-GMB,FL_2009_000177_GMB,0.0,4.937593533708929e-07,1106.0,0.0
FL-1999-000413-CAF,FL_1999_000413_CAF,0.0,0.0001829368773572,112.0,0.0
FL-2014-000150-SOM,FL_2014_000150_SOM,0.0,8.643348909514689e-06,734.0,0.0
LS-2011-000104-ECU,LS_2011_000104_ECU,0.0,3.708826007713974e-06,877.0,0.0
FL-2021-000050-AFG,FL_2021_000050_AFG,0.0,2.948050393540232e-05,490.0,0.0
FL-2004-000115-PAN,FL_2004_000115_PAN,0.0,0.0001499642607839,146.0,0.0
FL-2016-000097-PRK,FL_2016_000097_PRK,0.0,9.002211718226049e-05,225.0,0.0
FL-2019-000089-SLE,FL_2019_000089_SLE,0.0,4.906540805555273e-05,370.0,0.0
FL-2020-000199-MRT,FL_2020_000199_MRT,0.0,4.055285434024025e-05,413.0,0.0
FL-2019-000103-LAO,FL_2019_000103_LAO,0.0,2.681542826445732e-06,931.0,0.0
FL-2005-000168-NPL,FL_2005_000168_NPL,0.0,9.819433606526216e-06,711.0,0.0
FL-2010-000041-SOM,FL_2010_000041_SOM,0.0,4.043706389876648e-05,414.0,0.0
FL-2010-000176-MRT,FL_2010_000176_MRT,0.0,1.0268833572424112e-06,1040.0,0.0
FL-2009-000010-FJI,FL_2009_000010_FJI,0.0,6.944202393485004e-06,785.0,0.0
FL-2011-000002-BRA,FL_2011_000002_BRA,0.0,0.0001565423686417,134.0,0.0
FL-1999-000423-TGO,FL_1999_000423_TGO,0.0,4.400828138907113e-07,1111.0,0.0
