match_id,era5_event_id,cnn_bayesian_score,kg_bayesian_score,kg_rank,attribution_weight
FF-2018-000042-ETH,FF_2018_000042_ETH,0.36840418,1.0606234402511994,1.0,0.4298048766666667
FL-2020-000126-ETH,FL_2020_000126_ETH,0.104487225,0.0005433721662976,89.0,0.10559879122340426
FL-1997-000270-ETH,FL_1997_000270_ETH,0.09411526,0.001106749894524,30.0,0.09680426742857143
FF-2012-000081-ETH,FF_2012_000081_ETH,0.084229074,0.0058672945991712,5.0,0.09265198140000001
FL-2005-000064-ETH,FL_2005_000064_ETH,0.0798453,0.0065292885166749,4.0,0.088717
FL-2015-000161-ETH,FL_2015_000161_ETH,0.0718095,0.0006610222567116,68.0,0.07279319178082191
FL-2014-000152-ETH,FL_2014_000152_ETH,0.06078546,0.0094906125242733,3.0,0.0683836425
FL-2013-000050-ETH,FL_2013_000050_ETH,0.06379881,0.0006786184107019,65.0,0.06471022157142857
FL-2002-000225-ETH,FL_2002_000225_ETH,0.049539816,0.0114264750302689,2.0,0.056616932571428566
FL-2003-000204-KEN,FL_2003_000204_KEN,0.054734506,0.0010458076002258,36.0,0.05606949395121952
FL-2016-000045-ETH,FL_2016_000045_ETH,0.041804988,0.0035238280949457,8.0,0.045020756307692304
FL-2006-000169-SOM,FL_2006_000169_SOM,0.030856228,0.0006578952074395,69.0,0.03127320405405406
FL-2017-000139-ETH,FL_2017_000139_ETH,0.027758308,0.0004401603310669,116.0,0.02798771550413223
FL-2011-000124-ETH,FL_2011_000124_ETH,0.016901227,0.0018531534651712,19.0,0.017605444791666668
FF-2008-000227-ETH,FF_2008_000227_ETH,0.014890806,0.0058660677652579,6.0,0.016244515636363633
FL-2007-000161-UGA,FL_2007_000161_UGA,0.01256767,0.0009613503715144,40.0,0.012846951555555554
FL-2010-000179-ETH,FL_2010_000179_ETH,0.011975949,0.0003634248540052,145.0,0.012055788659999999
FL-2019-000116-ETH,FL_2019_000116_ETH,0.010204871,0.0008972030143309,45.0,0.010408968420000001
FF-2008-000141-ETH,FF_2008_000141_ETH,0.009038348,0.0027178655801263,10.0,0.009640904533333333
FL-2007-000145-ETH,FL_2007_000145_ETH,0.0055844323,0.0009859669002724,39.0,0.005711351215909091
FL-2006-000112-ETH,FL_2006_000112_ETH,0.003689191,0.0022297097177795,11.0,0.0039197654375
FL-2022-000356-ETH,FL_2022_000356_ETH,0.0011836663,0.0045162032568534,7.0,0.0012823051583333333
FL-2009-000265-MAR,FL_2009_000265_MAR,0.00025149292,4.865717396426343e-06,1054.0,0.00025173040151085926
FL-2019-000014-MWI,FL_2019_000014_MWI,0.00015460108,0.0002040150041317,271.0,0.00015516122884057972
FL-2001-000314-GHA,FL_2001_000314_GHA,0.00014627738,0.000140830585432,365.0,0.00014667272427027026
FL-2003-000227-CHN,FL_2003_000227_CHN,0.00011830549,3.2915541791955625e-05,727.0,0.00011846710952185792
FL-2015-000123-NER,FL_2015_000123_NER,0.00011639675,0.0002211274066319,245.0,0.000116862337
FL-2008-000239-NIC,FL_2008_000239_NIC,0.00011408898,2.4867596066742383e-05,780.0,0.00011423431628025477
FL-2010-000245-MAR,FL_2010_000245_MAR,0.00010488126,1.867724941724052e-06,1130.0,0.00010497366639647579
FL-2021-000043-YEM,FL_2021_000043_YEM,8.457067e-05,0.0003154219577758,163.0,8.50740668452381e-05
FL-2013-000125-BFA,FL_2013_000125_BFA,6.849045e-05,7.48511336374389e-06,996.0,6.855887202797202e-05
FL-2000-000302-CHN,FL_2000_000302_CHN,6.550831e-05,9.330309582496432e-06,958.0,6.557633524402908e-05
FL-2011-000170-COL,FL_2011_000170_COL,6.233359e-05,5.855842604937576e-05,590.0,6.243835233613446e-05
FL-2005-000100-KGZ,FL_2005_000100_KGZ,5.730119e-05,4.366431026178279e-05,657.0,5.7387747688821756e-05
FL-2014-000154-IDN,FL_2014_000154_IDN,5.2818057e-05,9.160253101976216e-05,474.0,5.292832434237995e-05
FF-2008-000199-LKA,FF_2008_000199_LKA,4.844022e-05,0.0001038447393973,435.0,4.8550311409090905e-05
FL-2010-000194-VNM,FL_2010_000194_VNM,4.555287e-05,3.626711294670702e-05,709.0,4.561666953781513e-05
LS-2022-000224-GTM,LS_2022_000224_GTM,4.43673e-05,6.800592704682025e-05,547.0,4.4447675543478256e-05
FL-2013-000103-YEM,FL_2013_000103_YEM,4.189934e-05,2.561811576653361e-05,773.0,4.1953195192802056e-05
FL-1999-000548-YEM,FL_1999_000548_YEM,3.6455418e-05,0.0001068232374631,427.0,3.6539805541666666e-05
FL-2013-000041-GHA,FL_2013_000041_GHA,3.581538e-05,0.0001122124150116,417.0,3.5900250568720387e-05
FL-2018-000043-TZA,FL_2018_000043_TZA,3.438699e-05,0.0001464714893883,352.0,3.448331210084034e-05
FL-1997-000199-BEN,FL_1997_000199_BEN,3.343007e-05,0.0006716555835898,66.0,3.390091605633803e-05
FL-2008-000126-TCD,FL_2008_000126_TCD,3.261941e-05,0.0001624985784602,331.0,3.271649157738096e-05
FL-2009-000218-KEN,FL_2009_000218_KEN,3.254612e-05,2.269439240927009e-05,802.0,3.25864497645601e-05
FL-2016-000011-TZA,FL_2016_000011_TZA,3.1282994e-05,9.50620043578886e-05,461.0,3.135012488841202e-05
FL-2005-000196-LKA,FL_2005_000196_LKA,3.1055257e-05,1.4853877025504898e-05,887.0,3.109007231053812e-05
FF-2020-000123-YEM,FF_2020_000123_YEM,2.923069e-05,7.710202143346638e-05,515.0,2.9286902865384615e-05
FL-2001-000180-IRN,FL_2001_000180_IRN,2.6188316e-05,1.5678943754523323e-05,880.0,2.6217907317514123e-05
FL-1999-000235-IRN,FL_1999_000235_IRN,2.5598487e-05,0.0004233102745932,120.0,2.5803274896e-05
FL-2020-000202-GIN,FL_2020_000202_GIN,2.2412341e-05,9.9088830755013e-05,449.0,2.246170738986784e-05
FL-2009-000124-VNM,FL_2009_000124_VNM,1.9638917e-05,5.475363632299401e-05,607.0,1.967100673366013e-05
FL-1998-000085-IRN,FL_1998_000085_IRN,1.9336823e-05,0.0004600485021225,110.0,1.950496928695652e-05
FL-2008-000011-TZA,FL_2008_000011_TZA,1.9088186e-05,0.0001725955500348,314.0,1.914802357366771e-05
FL-2016-000042-KEN,FL_2016_000042_KEN,1.7756245e-05,7.626047116092097e-05,519.0,1.779013096374046e-05
FL-2020-000190-NER,FL_2020_000190_NER,1.7588847e-05,0.000501444479353,99.0,1.7757970528846152e-05
FL-2006-000172-COG,FL_2006_000172_COG,1.725776e-05,0.0001399711537769,367.0,1.7304151827956988e-05
FF-2012-000062-KEN,FF_2012_000062_KEN,1.6748176e-05,0.0008561976428656,49.0,1.705832740740741e-05
FL-2015-000169-KEN,FL_2015_000169_KEN,1.697626e-05,6.312787193674724e-05,566.0,1.7005990753064798e-05
FL-2007-000122-VNM,FL_2007_000122_VNM,1.5801463e-05,1.0593451224530247e-05,941.0,1.5818166449260042e-05
FL-1990-000004-VNM,FL_1990_000004_VNM,1.5609126e-05,7.687801647295862e-06,991.0,1.5624797813253014e-05
FL-2006-000155-LKA,FL_2006_000155_LKA,1.5521184e-05,2.086440849738798e-06,1121.0,1.5534968355239786e-05
FL-2007-000221-KEN,FL_2007_000221_KEN,1.4901773e-05,1.3233849739461526e-05,902.0,1.4918202738699008e-05
FL-1997-000255-KEN,FL_1997_000255_KEN,1.4364677e-05,2.434676482007255e-05,784.0,1.438288318124208e-05
FL-2005-000070-YEM,FL_2005_000070_YEM,1.372493e-05,1.4497808739831372e-05,890.0,1.3740265117318436e-05
FL-2009-000117-GTM,FL_2009_000117_GTM,1.3179822e-05,0.0003606363769521,147.0,1.3266531355263157e-05
FL-2008-000099-NIC,FL_2008_000099_NIC,1.3016657e-05,6.259485728988802e-08,1213.0,1.302734391050903e-05
FL-2019-000138-KEN,FL_2019_000138_KEN,1.2589333e-05,0.0001488020899229,349.0,1.262489608757062e-05
FL-1997-000207-SYC,FL_1997_000207_SYC,1.255857e-05,0.0002258902600661,239.0,1.2610039549180328e-05
FL-2011-000137-VNM,FL_2011_000137_VNM,1.1688602e-05,4.903623485946165e-06,1052.0,1.1699660280037844e-05
FL-2019-000156-DJI,FL_2019_000156_DJI,1.1516759e-05,0.0003056358727652,174.0,1.1581098435754192e-05
FF-2016-000034-YEM,FF_2016_000034_YEM,1.0767685e-05,3.859014186605458e-05,689.0,1.07832003962536e-05
FL-2020-000125-TZA,FL_2020_000125_TZA,1.0449109e-05,0.0002725666546403,199.0,1.0500330122549019e-05
FL-2020-000128-KEN,FL_2020_000128_KEN,1.0308136e-05,0.0003105832079655,170.0,1.0367039634285716e-05
FL-2002-000265-KEN,FL_2002_000265_KEN,1.0222895e-05,0.0002092694896932,262.0,1.026118299625468e-05
FL-2020-000029-TZA,FL_2020_000029_TZA,1.0123973e-05,1.2764118786705082e-05,910.0,1.0135037451366119e-05
FL-2008-000074-BFA,FL_2008_000074_BFA,9.948841e-06,3.891170708480636e-06,1077.0,9.95803586229205e-06
FL-2012-000205-LKA,FL_2012_000205_LKA,9.844189e-06,2.6643435500273422e-05,766.0,9.856957079118029e-06
FL-2015-000088-IRN,FL_2015_000088_IRN,9.55917e-06,0.000108761228871,424.0,9.581452447552448e-06
FL-2019-000101-NER,FL_2019_000101_NER,9.539824e-06,3.087886890916263e-05,738.0,9.552663601615074e-06
FL-2010-000118-GHA,FL_2010_000118_GHA,9.174261e-06,0.0001524158601412,346.0,9.200398495726495e-06
FL-1997-000025-MWI,FL_1997_000025_MWI,9.0163685e-06,0.0002264374320493,238.0,9.053472897119341e-06
FL-2021-000038-KEN,FL_2021_000038_KEN,8.996186e-06,1.0006797053665913e-05,951.0,9.005596236401674e-06
FF-2017-000101-VNM,FF_2017_000101_VNM,8.716301e-06,1.2406587210025916e-05,913.0,8.725795881263617e-06
FL-1997-000049-TZA,FL_1997_000049_TZA,8.639172e-06,0.0004340131131602,118.0,8.709409170731708e-06
FL-2001-000019-MOZ,FL_2001_000019_MOZ,8.0866785e-06,0.0003058837274345,173.0,8.132109278089886e-06
FL-2010-000076-COL,FL_2010_000076_COL,8.069979e-06,1.3129953637730624e-06,1147.0,8.076984190104167e-06
FL-2000-000265-COL,FL_2000_000265_COL,7.8470475e-06,1.6549609662822725e-05,867.0,7.856046407683486e-06
FL-2002-000350-CHN,FL_2002_000350_CHN,7.5383964e-06,2.3302541619314023e-05,796.0,7.547807631460674e-06
FL-2002-000470-VNM,FL_2002_000470_VNM,7.489703e-06,7.374736701472831e-06,1000.0,7.49715544079602e-06
FL-2012-000183-COL,FL_2012_000183_COL,7.4497907e-06,5.02469337603939e-06,1045.0,7.4568857387619056e-06
FL-2007-000189-NIC,FL_2007_000189_NIC,7.405805e-06,7.496655886541841e-05,522.0,7.419857760910816e-06
FL-2005-000081-CHN,FL_2005_000081_CHN,7.389369e-06,2.452006251173487e-06,1109.0,7.396002185816877e-06
FL-2007-000076-KEN,FL_2007_000076_KEN,7.2519547e-06,0.0007579387301078,55.0,7.372820611666666e-06
OT-2004-000112-COL,OT_2004_000112_COL,7.080264e-06,1.340395342915615e-05,901.0,7.088078860927151e-06
FL-1999-000371-IND,FL_1999_000371_IND,6.8820063e-06,1.2734061207402369e-05,911.0,6.889519407314411e-06
FL-1997-000144-CHN,FL_1997_000144_CHN,6.604233e-06,4.428039887691279e-06,1064.0,6.610410954162768e-06
FL-2016-000009-IDN,FL_2016_000009_IDN,6.49751e-06,6.759180983882603e-06,1012.0,6.50389889872173e-06
FF-2004-000060-VNM,FF_2004_000060_VNM,6.4703445e-06,1.8179128702468145e-06,1133.0,6.47603021572935e-06
FL-2006-000156-TUR,FL_2006_000156_TUR,6.4297537e-06,2.6152999712524172e-05,769.0,6.438060875322997e-06
FL-2013-000098-NER,FL_2013_000098_NER,6.255993e-06,0.0001201230749746,398.0,6.271516555831265e-06
FL-2004-000021-COL,FL_2004_000021_COL,6.0746047e-06,8.647801788639067e-06,971.0,6.08082868022541e-06
FL-2008-000180-NIC,FL_2008_000180_NIC,5.740234e-06,2.9696153431963777e-05,747.0,5.747867289893617e-06
FL-2014-000163-COL,FL_2014_000163_COL,5.72591e-06,3.0651953025040984e-07,1195.0,5.7306815916666665e-06
FL-2004-000020-KEN,FL_2004_000020_KEN,5.6003714e-06,4.926950600957567e-06,1050.0,5.605679808909952e-06
FL-1999-000071-MOZ,FL_1999_000071_MOZ,5.409818e-06,0.0002347119247932,230.0,5.43283850212766e-06
FF-2008-000092-KEN,FF_2008_000092_KEN,5.3216945e-06,0.0002866517119647,188.0,5.349268046632125e-06
FL-2016-000060-IND,FL_2016_000060_IND,5.3030203e-06,0.0001951379626213,281.0,5.321562329020979e-06
FL-2020-000200-BFA,FL_2020_000200_BFA,4.924464e-06,6.430102768332006e-06,1021.0,4.92926367251462e-06
FL-2006-000044-COL,FL_2006_000044_COL,4.7873123e-06,1.142323168638542e-06,1157.0,4.791432190103271e-06
FL-2019-000020-COL,FL_2019_000020_COL,4.351085e-06,0.0004629679017512,109.0,4.389252412280702e-06
FL-2013-000004-KEN,FL_2013_000004_KEN,4.3472505e-06,0.0001801031957291,296.0,4.36169319269103e-06
FL-2008-000079-LKA,FL_2008_000079_LKA,4.1567023e-06,2.9942336286030814e-05,745.0,4.162244569733333e-06
FL-2016-000044-CHN,FL_2016_000044_CHN,4.077458e-06,0.0001162925280203,405.0,4.087403019512195e-06
FF-2007-000083-IND,FF_2007_000083_IND,4.050843e-06,0.0001923823838557,283.0,4.0649084270833345e-06
FL-2005-000017-VEN,FL_2005_000017_VEN,4.0418863e-06,7.212185293932637e-06,1002.0,4.045900089771599e-06
FL-2018-000154-GHA,FL_2018_000154_GHA,3.980432e-06,3.0933515632592637e-06,1100.0,3.9840342009049775e-06
FL-2010-000149-GTM,FL_2010_000149_GTM,3.9603447e-06,4.379700452741145e-06,1065.0,3.964045956728972e-06
FL-1999-000315-GHA,FL_1999_000315_GHA,3.9502356e-06,2.4901850598095462e-05,779.0,3.9552741658163266e-06
FL-2008-000051-LKA,FL_2008_000051_LKA,3.9166785e-06,0.0003882818322791,133.0,3.945060228260869e-06
FL-2011-000115-KEN,FL_2011_000115_KEN,3.8828525e-06,0.0003309385479998,160.0,3.906384939393939e-06
FL-2016-000123-DOM,FL_2016_000123_DOM,3.858349e-06,7.36097285419145e-05,529.0,3.865574372659175e-06
FL-2021-000061-MYS,FL_2021_000061_MYS,3.6398574e-06,8.83929234717714e-05,485.0,3.6472856804081635e-06
FF-2019-000068-VNM,FF_2019_000068_VNM,3.5904336e-06,5.379423366979972e-06,1037.0,3.5938793136276385e-06
FL-2015-000006-MWI,FL_2015_000006_MWI,3.4682184e-06,6.960038240433017e-06,1008.0,3.4716421101678184e-06
FL-2016-000066-PAK,FL_2016_000066_PAK,3.4256088e-06,7.331787942582e-05,532.0,3.431987959776536e-06
FL-2021-000001-MYS,FL_2021_000001_MYS,3.3516303e-06,0.0003668715195237,143.0,3.374276450675676e-06
FL-2018-000065-TJK,FL_2018_000065_TJK,3.286499e-06,4.719970892202999e-05,641.0,3.291586459752322e-06
FL-2001-000407-IDN,FL_2001_000407_IDN,3.2751518e-06,4.533073138505127e-05,652.0,3.2801368103500762e-06
FL-2009-000178-GIN,FL_2009_000178_GIN,3.2229975e-06,3.631862038697137e-06,1084.0,3.2259570936639123e-06
FL-2016-000114-EGY,FL_2016_000114_EGY,3.1160441e-06,0.0005824244192771,84.0,3.1510558314606743e-06
FF-2018-000030-KEN,FF_2018_000030_KEN,3.0501744e-06,0.0002050694835322,269.0,3.061306423357664e-06
FL-2006-000068-CHN,FL_2006_000068_CHN,2.9910514e-06,1.9955581272570243e-05,825.0,2.994655076385542e-06
FL-2012-000042-COL,FL_2012_000042_COL,2.9674793e-06,2.457709749307783e-06,1108.0,2.9701454988319852e-06
FL-2009-000147-NIC,FL_2009_000147_NIC,2.8504844e-06,8.114006770779034e-06,982.0,2.8533724287740623e-06
FL-2006-000013-MWI,FL_2006_000013_MWI,2.8195918e-06,0.000167771506016,322.0,2.828214404892966e-06
FL-2005-000169-FJI,FL_2005_000169_FJI,2.729956e-06,5.898062039244938e-06,1031.0,2.7325910926640927e-06
FL-2009-000241-COL,FL_2009_000241_COL,2.7106876e-06,1.001474021253698e-05,950.0,2.713526016335079e-06
FL-2005-000132-MKD,FL_2005_000132_MKD,2.58179e-06,8.368760263888675e-05,497.0,2.5869330079681275e-06
FL-2011-000131-GIN,FL_2011_000131_GIN,2.5568343e-06,1.4034709648431752e-05,895.0,2.559675227e-06
FL-2006-000120-BFA,FL_2006_000120_BFA,2.5370111e-06,2.3609674768259745e-05,792.0,2.5401943008782935e-06
FL-2019-000131-CIV,FL_2019_000131_CIV,2.5238066e-06,4.038571835614023e-05,673.0,2.5275290286135693e-06
FL-2010-000046-MOZ,FL_2010_000046_MOZ,2.4647682e-06,2.2421739034177186e-05,806.0,2.467807371639951e-06
LS-2022-000283-LKA,LS_2022_000283_LKA,2.4541314e-06,4.54356105166094e-05,650.0,2.457878165496183e-06
FF-2009-000246-LKA,FF_2009_000246_LKA,2.451404e-06,6.635752580154038e-05,556.0,2.4557737040998217e-06
FL-2018-000060-LKA,FL_2018_000060_LKA,2.432136e-06,2.369399675156555e-05,791.0,2.435191447236181e-06
FL-2008-000217-KEN,FL_2008_000217_KEN,2.4067203e-06,7.812249987995588e-05,512.0,2.4113754649903287e-06
FL-2006-000189-MYS,FL_2006_000189_MYS,2.377439e-06,0.0002525166950078,217.0,2.3881481846846846e-06
FL-2017-000130-GTM,FL_2017_000130_GTM,2.3588175e-06,8.200353414279702e-05,504.0,2.3634517190569746e-06
FL-2011-000198-PER,FL_2011_000198_PER,2.3561133e-06,6.581011497386897e-06,1016.0,2.358420952595495e-06
FL-2001-000025-MWI,FL_2001_000025_MWI,2.3129292e-06,0.0003116570768805,167.0,2.3263764627906975e-06
FL-2005-000020-COL,FL_2005_000020_COL,2.3125156e-06,1.5001990436074697e-06,1138.0,2.314538798250219e-06
ST-2012-000064-COD,ST_2012_000064_COD,2.2596914e-06,0.0005242938753258,93.0,2.2827494755102037e-06
FL-2009-000140-MNG,FL_2009_000140_MNG,2.2630409e-06,5.342754331426548e-05,616.0,2.266685088244766e-06
FL-2021-000019-PER,FL_2021_000019_PER,2.2316112e-06,0.0001476911595007,350.0,2.2378974287323944e-06
FF-2022-000274-IRN,FF_2022_000274_IRN,2.1854182e-06,5.509325084389413e-05,605.0,2.189000852786885e-06
FL-2010-000150-MEX,FL_2010_000150_MEX,2.1710132e-06,6.559644232830722e-06,1017.0,2.1731374790606655e-06
FL-2007-000077-CHN,FL_2007_000077_CHN,2.1449996e-06,6.7015774696382535e-06,1013.0,2.147106672298625e-06
FL-2006-000106-MRT,FL_2006_000106_MRT,2.140461e-06,0.0001024806325557,442.0,2.145249503355705e-06
FF-2006-000046-KEN,FF_2006_000046_KEN,2.1307803e-06,0.0002026244115388,272.0,2.13847264765343e-06
FL-2010-000174-KEN,FL_2010_000174_KEN,2.0464463e-06,3.720601077191622e-05,699.0,2.0493531839488636e-06
FL-2017-000078-NER,FL_2017_000078_NER,1.9648278e-06,0.000484955631346,103.0,1.98302065e-06
FL-2018-000092-MNG,FL_2018_000092_MNG,1.954603e-06,0.0001857638038177,292.0,1.9611841548821555e-06
FL-2011-000190-AGO,FL_2011_000190_AGO,1.942516e-06,0.0004124737059724,122.0,1.957811401574803e-06
FF-2007-000070-CHN,FF_2007_000070_CHN,1.9197155e-06,3.224617444376904e-06,1093.0,1.921463874772313e-06
FL-1998-000247-IRN,FL_1998_000247_IRN,1.8704388e-06,0.0009540831433136,41.0,1.9111005130434785e-06
FL-2010-000161-MYS,FL_2010_000161_MYS,1.8986109e-06,9.43587369670978e-05,464.0,1.9026591108742004e-06
FL-2013-000019-PER,FL_2013_000019_PER,1.8473314e-06,1.235790204331817e-06,1152.0,1.848928056352636e-06
FL-2013-000085-NIC,FL_2013_000085_NIC,1.7793209e-06,1.1698698259917993e-06,1156.0,1.7808534761412575e-06
FL-2010-000240-VEN,FL_2010_000240_VEN,1.7366077e-06,0.0001316755144166,378.0,1.741141923759791e-06
FL-2007-000139-KEN,FL_2007_000139_KEN,1.6994661e-06,0.0001431023685696,361.0,1.7041094499999999e-06
FL-2004-000031-CHN,FL_2004_000031_CHN,1.6276889e-06,1.7986211875457717e-05,848.0,1.6295970933177023e-06
FL-2010-000162-HND,FL_2010_000162_HND,1.6093308e-06,3.2383341598619574e-05,731.0,1.6115173907608693e-06
FL-2013-000145-COL,FL_2013_000145_COL,1.6014294e-06,1.4413270623848335e-06,1142.0,1.6028255895379251e-06
FL-2012-000089-CUB,FL_2012_000089_CUB,1.5715866e-06,4.781806884255733e-06,1057.0,1.5730664367231637e-06
FL-2006-000029-NAM,FL_2006_000029_NAM,1.5504705e-06,0.000317965224326,161.0,1.5598106837349398e-06
LS-2015-000135-LKA,LS_2015_000135_LKA,1.5541876e-06,0.0001025005447064,441.0,1.557672325560538e-06
FL-2006-000057-SUR,FL_2006_000057_SUR,1.548036e-06,2.540454380163802e-05,775.0,1.5500206615384615e-06
FL-2007-000052-LKA,FL_2007_000052_LKA,1.5212504e-06,6.625969912393005e-06,1015.0,1.5227418219607844e-06
FL-2011-000042-COL,FL_2011_000042_COL,1.5163915e-06,6.778246771313719e-05,549.0,1.5191286687725633e-06
FF-2012-000120-GEO,FF_2012_000120_GEO,1.462348e-06,5.788894997538541e-05,593.0,1.4647933979933111e-06
FL-2006-000070-IND,FL_2006_000070_IND,1.4419062e-06,2.659049880471029e-05,767.0,1.4437739541450777e-06
FL-1999-000031-LKA,FL_1999_000031_LKA,1.412367e-06,0.0002509479310333,219.0,1.4186722098214286e-06
FL-2004-000043-IND,FL_2004_000043_IND,1.3933974e-06,2.741965162041546e-05,759.0,1.3952212185863875e-06
FL-2019-000015-PER,FL_2019_000015_PER,1.3858926e-06,1.1310505541292888e-06,1159.0,1.3870832293814434e-06
FL-2018-000425-LKA,FL_2018_000425_LKA,1.3820058e-06,2.67219964808014e-07,1197.0,1.3831555552412644e-06
FF-2019-000054-YEM,FF_2019_000054_YEM,1.367152e-06,1.4939525620014868e-05,886.0,1.3686864017957352e-06
FL-2009-000122-IND,FL_2009_000122_IND,1.3603117e-06,0.0002446568506033,223.0,1.3662779793859648e-06
FL-2021-000057-LKA,FL_2021_000057_LKA,1.3537178e-06,3.706075636955701e-05,701.0,1.355635247308782e-06
FL-2016-000102-SEN,FL_2016_000102_SEN,1.3440889e-06,0.0002153831245766,258.0,1.3491995041825094e-06
FL-2008-000018-ECU,FL_2008_000018_ECU,1.3197939e-06,2.816090039283924e-05,754.0,1.3215327588932807e-06
FL-2001-000375-IRN,FL_2001_000375_IRN,1.3100658e-06,0.0002953071931384,186.0,1.3169247832460733e-06
FL-2011-000122-NER,FL_2011_000122_NER,1.2885191e-06,0.0006522073182992,71.0,1.3054732986842105e-06
FL-2011-000059-CHN,FL_2011_000059_CHN,1.2834555e-06,3.789306213097269e-05,693.0,1.2852942614613181e-06
FL-2008-000076-COL,FL_2008_000076_COL,1.2757479e-06,1.089842100747718e-05,937.0,1.2771021971337582e-06
FL-2000-000299-GTM,FL_2000_000299_GTM,1.2692971e-06,9.90765184846208e-05,450.0,1.2720867639560438e-06
FL-1998-000329-BEN,FL_1998_000329_BEN,1.2293051e-06,0.0010968642851004,31.0,1.2634524638888888e-06
FL-2004-000028-DOM,FL_2004_000028_DOM,1.2522884e-06,5.107402702834881e-05,622.0,1.2542856701754386e-06
FL-2012-000210-MWI,FL_2012_000210_MWI,1.2427159e-06,0.0001352069884732,373.0,1.2460035082010581e-06
FL-2022-000379-MYS,FL_2022_000379_MYS,1.2100004e-06,0.000216986677006,249.0,1.2147641811023622e-06
FF-2012-000115-RUS,FF_2012_000115_RUS,1.1773363e-06,6.564711969669269e-05,560.0,1.1794200810619467e-06
FL-2006-000018-IRQ,FL_2006_000018_IRQ,1.1611886e-06,0.0003709392137541,139.0,1.169252409722222e-06
FL-2001-000117-PER,FL_2001_000117_PER,1.147247e-06,0.000166954195923,324.0,1.1507340729483283e-06
FL-2015-000106-BFA,FL_2015_000106_BFA,1.1240397e-06,6.589121382574827e-05,559.0,1.1260326781914892e-06
ST-2012-000077-CHN,ST_2012_000077_CHN,1.0734565e-06,0.0001883928206654,288.0,1.0771201740614333e-06
FL-2002-000788-LKA,FL_2002_000788_LKA,1.060476e-06,9.181166922820316e-07,1167.0,1.061380843003413e-06
FL-2006-000133-NER,FL_2006_000133_NER,1.0328303e-06,0.0005787331555615,85.0,1.0443061922222222e-06
FL-2021-000129-VEN,FL_2021_000129_VEN,1.0371986e-06,0.0001457994729128,353.0,1.0400958027932961e-06
FL-2010-000091-VNM,FL_2010_000091_VNM,1.0190759e-06,0.0001312411402265,379.0,1.0217297434895835e-06
FL-2009-000170-MRT,FL_2009_000170_MRT,9.738924e-07,0.0003987686949526,129.0,9.811602537313432e-07
FL-2013-000030-COL,FL_2013_000030_COL,9.767791e-07,0.000144470097789,358.0,9.794699515151513e-07
FL-2017-000054-BFA,FL_2017_000054_BFA,9.766414e-07,2.020768718539984e-06,1125.0,9.775056844247786e-07
FL-2020-000164-IND,FL_2020_000164_IND,9.621058e-07,7.463398669379304e-06,998.0,9.630650281156532e-07
FF-2015-000115-MKD,FF_2015_000115_MKD,9.513845e-07,6.17860121018098e-05,570.0,9.530390817391305e-07
FL-2014-000159-MAR,FL_2014_000159_MAR,9.256632e-07,9.3640819756688e-05,469.0,9.276160759493672e-07
FL-2014-000070-LKA,FL_2014_000070_LKA,9.2288457e-07,1.811077408445316e-05,847.0,9.239677678521126e-07
FL-2006-000191-LKA,FL_2006_000191_LKA,9.1136593e-07,6.239008698805125e-06,1024.0,9.12251611175899e-07
FL-1999-000161-LKA,FL_1999_000161_LKA,8.8151046e-07,6.875890938760005e-07,1178.0,8.822556083178361e-07
FL-2018-000004-COD,FL_2018_000004_COD,8.32216e-07,0.0021301715385296,13.0,8.784502222222222e-07
FL-2019-000135-GHA,FL_2019_000135_GHA,8.576824e-07,1.2236590311573582e-05,919.0,8.586106277056276e-07
FL-2006-000121-MKD,FL_2006_000121_MKD,8.4545e-07,1.2339449212586542e-05,916.0,8.463679695982628e-07
FL-2007-000141-NGA,FL_2007_000141_NGA,8.4033945e-07,0.0002714448940083,201.0,8.444187677184466e-07
FL-2002-000734-MAR,FL_2002_000734_MAR,8.3446616e-07,3.596919854710051e-05,712.0,8.35629990069735e-07
FL-2014-000004-COL,FL_2014_000004_COL,8.254384e-07,5.81947509979339e-07,1182.0,8.26133798820556e-07
FL-2011-000181-VEN,FL_2011_000181_VEN,7.6868423e-07,0.0020827133703082,14.0,8.091412947368421e-07
FL-2002-000373-GHA,FL_2002_000373_GHA,8.022671e-07,3.986658279826437e-05,676.0,8.034451720998532e-07
FF-2014-000048-KAZ,FF_2014_000048_KAZ,7.9538967e-07,0.0003882979326215,132.0,8.011954340145986e-07
FL-1997-000530-PER,FL_1997_000530_PER,7.994815e-07,3.223867525857537e-06,1094.0,8.002089626933576e-07
FL-2004-000094-CHN,FL_2004_000094_CHN,7.718171e-07,4.549156084310625e-05,649.0,7.729972484709479e-07
FL-2003-000331-CHN,FL_2003_000331_CHN,7.461051e-07,2.923221178025941e-06,1103.0,7.467784800541516e-07
FF-2006-000039-YEM,FF_2006_000039_YEM,7.3181224e-07,0.0001754326431921,310.0,7.341354534603174e-07
FF-2008-000194-VNM,FF_2008_000194_VNM,7.3245064e-07,6.773832517600335e-05,550.0,7.337703708828828e-07
FL-1999-000244-VNM,FL_1999_000244_VNM,7.305157e-07,9.21956132096408e-05,472.0,7.320471794549266e-07
FL-2019-000022-IRN,FL_2019_000022_IRN,7.120771e-07,0.0003386741576632,156.0,7.164999391304346e-07
FL-2005-000194-COL,FL_2005_000194_COL,7.12834e-07,5.866256858347e-05,588.0,7.140360809443507e-07
FL-2015-000056-COL,FL_2015_000056_COL,7.087507e-07,7.824011781701406e-05,511.0,7.101242478682171e-07
FL-2001-000492-VNM,FL_2001_000492_VNM,6.8628185e-07,8.056765416129607e-06,984.0,6.869757649140545e-07
FL-2008-000205-IDN,FL_2008_000205_IDN,6.790023e-07,0.0001971196835045,278.0,6.814016014134275e-07
FL-2015-000093-GUY,FL_2015_000093_GUY,6.7737926e-07,2.038025578924901e-06,1123.0,6.779797735283688e-07
FL-2015-000113-PRK,FL_2015_000113_PRK,6.5364424e-07,0.0001573094163901,336.0,6.555610852785924e-07
FL-2009-000187-CIV,FL_2009_000187_CIV,6.482321e-07,3.604240824997428e-05,711.0,6.491374520949721e-07
ST-2012-000061-VNM,ST_2012_000061_VNM,6.412986e-07,3.445735709494649e-05,719.0,6.421843715469614e-07
FL-2019-000084-IND,FL_2019_000084_IND,6.1840296e-07,1.8862286828969085e-06,1129.0,6.189482888888889e-07
FL-2002-000478-PRK,FL_2002_000478_PRK,5.936686e-07,0.0001731780206354,313.0,5.955354823899372e-07
FL-2003-000051-PER,FL_2003_000051_PER,5.8960296e-07,0.0001810561424624,295.0,5.915683032e-07
FL-2021-000068-SUR,FL_2021_000068_SUR,5.805767e-07,0.0001104724447653,418.0,5.819492217494089e-07
FL-2022-000305-GIN,FL_2022_000305_GIN,5.7994674e-07,3.1669655111069915e-06,1097.0,5.804730074591651e-07
FL-2018-000112-GEO,FL_2018_000112_GEO,5.708795e-07,4.933747964807388e-05,633.0,5.717742954545454e-07
FL-2006-000031-PER,FL_2006_000031_PER,5.55885e-07,5.522502068115328e-05,604.0,5.567977832512316e-07
FL-1998-000165-CHN,FL_1998_000165_CHN,5.54882e-07,3.3765007836760964e-06,1088.0,5.553896688014639e-07
FL-2018-000077-CIV,FL_2018_000077_CIV,5.4953335e-07,4.203522845272629e-06,1068.0,5.500454966449207e-07
FL-1999-000651-CHN,FL_1999_000651_CHN,5.4451954e-07,4.075290545721252e-05,669.0,5.453274324925816e-07
FL-2012-000098-GTM,FL_2012_000098_GTM,5.326469e-07,1.6909716611103502e-06,1135.0,5.331141341228069e-07
FF-2009-000160-LKA,FF_2009_000160_LKA,5.2751386e-07,8.74856684707959e-05,488.0,5.285838678296147e-07
FL-2017-000057-LKA,FL_2017_000057_LKA,5.196697e-07,1.2298972224941104e-05,917.0,5.202333330802603e-07
FL-2022-000207-VEN,FL_2022_000207_VEN,4.923578e-07,0.0001421877213728,362.0,4.936993743869209e-07
FL-2018-000058-COL,FL_2018_000058_COL,4.7601296e-07,8.400194488175273e-05,495.0,4.769649859199999e-07
FL-2007-000228-LKA,FL_2007_000228_LKA,4.7398217e-07,5.484663218259613e-06,1034.0,4.744383607314726e-07
FL-2013-000076-PRY,FL_2013_000076_PRY,4.715665e-07,3.685020538209644e-05,705.0,4.7223067816901405e-07
FL-2007-000111-GBR,FL_2007_000111_GBR,4.6685201e-07,1.6566669141743254e-07,1203.0,4.672384768956954e-07
FL-2009-000132-GHA,FL_2009_000132_GHA,4.624172e-07,0.0001302672584645,382.0,4.6361207648578813e-07
FL-2010-000072-RUS,FL_2010_000072_RUS,4.6224542e-07,1.2750355528418286e-06,1150.0,4.626456324848485e-07
FL-2017-000083-GIN,FL_2017_000083_GIN,4.583133e-07,0.000244936802336,222.0,4.603323013215859e-07
FL-2010-000141-PAK,FL_2010_000141_PAK,4.4869913e-07,0.000716333160026,59.0,4.5571005390625e-07
FL-2021-000110-YEM,FL_2021_000110_YEM,4.4919122e-07,4.821373719538781e-05,637.0,4.4989089479750775e-07
FL-2021-000152-GEO,FL_2021_000152_GEO,4.351021e-07,0.0008149084199806,52.0,4.4273547017543867e-07
FL-1999-000363-NIC,FL_1999_000363_NIC,4.3901937e-07,2.3794239206803067e-05,789.0,4.3957229112090676e-07
FL-2015-000065-GHA,FL_2015_000065_GHA,4.3148412e-07,0.000165039353712,327.0,4.3278377096385547e-07
LS-2010-000190-COL,LS_2010_000190_COL,4.2122684e-07,1.571189089567753e-05,879.0,4.2170334095022625e-07
FL-2007-000194-GTM,FL_2007_000194_GTM,4.174315e-07,0.0001767095751121,306.0,4.187737234726688e-07
FL-2013-000054-CHN,FL_2013_000054_CHN,4.1500567e-07,8.121262304352359e-06,981.0,4.1542656824543616e-07
FL-2016-000025-SRB,FL_2016_000025_SRB,4.1050447e-07,7.605060789656057e-05,520.0,4.112863832761904e-07
FL-2002-000077-PER,FL_2002_000077_PER,3.9515862e-07,1.910962104739804e-05,834.0,3.956296076281288e-07
FL-2008-000095-SUR,FL_2008_000095_SUR,3.9412325e-07,3.966030521066584e-05,679.0,3.946994535818714e-07
FL-2011-000084-IND,FL_2011_000084_IND,3.9257316e-07,3.7861984595343416e-05,694.0,3.9313478111587983e-07
FL-2009-000144-NER,FL_2009_000144_NER,3.893006e-07,3.0169790089479964e-05,744.0,3.898203604806408e-07
FL-2005-000062-TZA,FL_2005_000062_TZA,3.8290273e-07,0.0002312321214457,232.0,3.845183533333333e-07
FL-2010-000242-AGO,FL_2010_000242_AGO,3.8409658e-07,1.0945059430523222e-05,936.0,3.8450475914984054e-07
FL-2003-000027-TUN,FL_2003_000027_TUN,3.7633686e-07,6.70249375714067e-05,554.0,3.7701009230769226e-07
FL-2019-000108-MRT,FL_2019_000108_MRT,3.7342468e-07,6.74151409851297e-05,552.0,3.740951013285458e-07
FF-2014-000015-ZWE,FF_2014_000015_ZWE,3.4060454e-07,0.0007138863855252,60.0,3.4584460984615385e-07
FL-2017-000095-GHA,FL_2017_000095_GHA,3.402991e-07,0.000331364403839,159.0,3.4237409451219515e-07
FL-2009-000268-AGO,FL_2009_000268_AGO,3.2488745e-07,0.0003425002722471,154.0,3.269307672955975e-07
FL-2008-000031-PER,FL_2008_000031_PER,3.2283742e-07,0.0003603042239956,148.0,3.24947468496732e-07
FL-2010-000026-DOM,FL_2010_000026_DOM,3.216373e-07,1.8670177095288815e-05,840.0,3.2201793585798815e-07
FL-2007-000057-URY,FL_2007_000057_URY,3.206069e-07,8.079363120643827e-06,983.0,3.2093140091093115e-07
FL-2022-000261-GEO,FL_2022_000261_GEO,3.1422005e-07,6.108330568504416e-05,573.0,3.1476368330449825e-07
FL-1999-000160-PER,FL_1999_000160_PER,3.0863086e-07,0.0004565036168737,111.0,3.112914708620689e-07
FL-2003-000229-LKA,FL_2003_000229_LKA,3.055436e-07,1.130388476875398e-06,1160.0,3.058058691845494e-07
FL-2003-000482-MEX,FL_2003_000482_MEX,3.0231556e-07,0.0002130181849608,260.0,3.0345637343396226e-07
FL-2006-000047-COD,FL_2006_000047_COD,2.946451e-07,0.0004471974433211,113.0,2.9714209237288136e-07
FL-2013-000038-KEN,FL_2013_000038_KEN,2.956637e-07,3.931826092121568e-06,1075.0,2.959374626851852e-07
FL-2015-000055-TJK,FL_2015_000055_TJK,2.9303743e-07,1.4417490925264917e-05,891.0,2.93364480703125e-07
FL-2020-000242-COL,FL_2020_000242_COL,2.8279973e-07,0.0001659269254691,326.0,2.836541098489426e-07
FL-2014-000162-LKA,FL_2014_000162_LKA,2.7941707e-07,7.360239036535055e-06,1001.0,2.796948205666004e-07
FL-2011-000091-BEN,FL_2011_000091_BEN,2.7775803e-07,0.0002860517771546,189.0,2.791897724226804e-07
FL-2009-000261-PER,FL_2009_000261_PER,2.653221e-07,6.066803776678921e-05,577.0,2.657779798969072e-07
FL-2011-000038-KAZ,FL_2011_000038_KAZ,2.6206052e-07,0.0002161042386713,255.0,2.6306844507692304e-07
FL-2010-000075-TJK,FL_2010_000075_TJK,2.5620844e-07,1.5869194627738246e-05,876.0,2.564992554824064e-07
FL-2007-000217-SRB,FL_2007_000217_SRB,2.4753177e-07,7.580306090721342e-08,1211.0,2.477353323108553e-07
FL-2010-000012-EGY,FL_2010_000012_EGY,2.4294292e-07,4.923380167446945e-05,634.0,2.433231123630673e-07
FL-2015-000042-RWA,FL_2015_000042_RWA,2.41504e-07,3.161138598017367e-05,735.0,2.4183035675675677e-07
FL-2020-000210-VNM,FL_2020_000210_VNM,2.402888e-07,8.855477307450831e-06,965.0,2.405365204123711e-07
FL-1999-000547-VEN,FL_1999_000547_VEN,2.3980263e-07,0.0001582926431988,335.0,2.4050793185294115e-07
FL-2013-000028-NAM,FL_2013_000028_NAM,2.3154011e-07,0.0006029754287998,79.0,2.3429653988095237e-07
FL-2009-000174-NER,FL_2009_000174_NER,2.2367912e-07,0.0011315339392464,29.0,2.302579176470588e-07
FL-2001-000146-AGO,FL_2001_000146_AGO,2.2605481e-07,0.0001395938555177,368.0,2.2666085506702413e-07
FL-2011-000108-SEN,FL_2011_000108_SEN,2.2416185e-07,1.2841820392310126e-05,909.0,2.2440710366520788e-07
FL-2012-000175-GMB,FL_2012_000175_GMB,2.1757502e-07,0.0003335407419565,157.0,2.1891807567901235e-07
FL-2009-000113-CHN,FL_2009_000113_CHN,2.1555567e-07,4.422334053691928e-05,655.0,2.158822695e-07
FL-2019-000094-GTM,FL_2019_000094_GTM,2.1163183e-07,0.0004385328348435,117.0,2.1336651713114752e-07
FL-2008-000089-IND,FL_2008_000089_IND,2.1118802e-07,8.934751335183971e-05,480.0,2.1162345921649483e-07
FL-2003-000578-COL,FL_2003_000578_COL,2.0604253e-07,2.967848370530822e-05,748.0,2.0631615885790173e-07
FL-2009-000172-BFA,FL_2009_000172_BFA,2.0577134e-07,4.258417277836321e-06,1066.0,2.0596347010270776e-07
FL-2006-000145-GIN,FL_2006_000145_GIN,2.0482554e-07,4.561828042192113e-05,648.0,2.0513920851454822e-07
FL-2009-000127-BEN,FL_2009_000127_BEN,2.0393388e-07,1.6323620982506938e-05,871.0,2.041666812328767e-07
FL-2009-000095-TJK,FL_2009_000095_TJK,2.0273009e-07,3.0587178747569e-05,740.0,2.030022109261745e-07
FL-2016-000089-SEN,FL_2016_000089_SEN,2.001472e-07,3.943888757613339e-06,1074.0,2.0033269323447637e-07
FL-2011-000109-PAK,FL_2011_000109_PAK,1.9527484e-07,1.5773236786653378e-05,878.0,1.9549598930917325e-07
LS-2016-000051-IDN,LS_2016_000051_IDN,1.865839e-07,0.0003721375840665,138.0,1.8788868251748253e-07
FL-2019-000052-SRB,FL_2019_000052_SRB,1.8595658e-07,6.243219522132539e-07,1181.0,1.8611337306913996e-07
FL-2010-000125-IND,FL_2010_000125_IND,1.8297501e-07,2.318974163920187e-05,799.0,1.8320259085820896e-07
FL-2009-000087-VUT,FL_2009_000087_VUT,1.827362e-07,2.2334240867007756e-05,809.0,1.8296069164619163e-07
FL-2008-000197-COL,FL_2008_000197_COL,1.804035e-07,7.66344661450345e-07,1175.0,1.805563843220339e-07
FL-2002-000510-MEX,FL_2002_000510_MEX,1.7958541e-07,0.0001131451519565,414.0,1.8001401479713605e-07
FL-2009-000075-BDI,FL_2009_000075_BDI,1.6893816e-07,1.1758848234097369e-06,1155.0,1.6908379634482757e-07
FL-2015-000151-BLZ,FL_2015_000151_BLZ,1.6634795e-07,2.397739090761466e-07,1200.0,1.6648599809128632e-07
FL-2015-000085-VEN,FL_2015_000085_VEN,1.615903e-07,5.699155637973043e-05,597.0,1.6185872242524918e-07
FL-2005-000184-VNM,FL_2005_000184_VNM,1.6033495e-07,0.0002232928869284,243.0,1.609814618951613e-07
FL-2007-000147-NER,FL_2007_000147_NER,1.5759024e-07,0.0001752573696645,312.0,1.5808737009463721e-07
FL-2011-000061-DOM,FL_2011_000061_DOM,1.5582698e-07,0.0004973789367793,101.0,1.572970458490566e-07
FL-2008-000035-PRY,FL_2008_000035_PRY,1.535989e-07,0.0004014540684269,126.0,1.547714106870229e-07
FL-2007-000131-SEN,FL_2007_000131_SEN,1.5424956e-07,0.0001011391638759,445.0,1.5459233679999997e-07
FF-2013-000084-GEO,FF_2013_000084_GEO,1.5425522e-07,6.633285949481921e-06,1014.0,1.5440659901864573e-07
FL-2016-000124-COD,FL_2016_000124_COD,1.5298261e-07,4.08205393560433e-05,668.0,1.5320992442793462e-07
FL-2000-000002-AGO,FL_2000_000002_AGO,1.4693354e-07,0.0016070223119929,21.0,1.5258483000000003e-07
FL-2014-000121-CMR,FL_2014_000121_CMR,1.4901327e-07,8.96016241389997e-05,479.0,1.493211486570248e-07
FF-2021-000189-BIH,FF_2021_000189_BIH,1.4658303e-07,2.392622335637347e-07,1201.0,1.4670457480099502e-07
FL-2016-000050-LKA,FL_2016_000050_LKA,1.4513147e-07,9.906509957934055e-07,1165.0,1.4525551399145299e-07
FL-2013-000141-SOM,FL_2013_000141_SOM,1.4241623e-07,2.722521882051628e-05,760.0,1.4260239500653597e-07
FF-2012-000196-COG,FF_2012_000196_COG,1.3860199e-07,9.962239650584322e-05,448.0,1.3890795465783666e-07
FL-1994-000007-VNM,FL_1994_000007_VNM,1.3851019e-07,0.0001499535505623,347.0,1.3890368485795454e-07
FL-2021-000190-EGY,FL_2021_000190_EGY,1.3596994e-07,8.48618151482406e-05,493.0,1.3624297200803214e-07
FL-2019-000033-PRY,FL_2019_000033_PRY,1.330763e-07,1.197503420849088e-05,923.0,1.3321970118534484e-07
FL-2012-000128-SSD,FL_2012_000128_SSD,1.3160609e-07,4.1555651387685725e-05,663.0,1.3180310510479043e-07
FL-2021-000173-IDN,FL_2021_000173_IDN,1.2946501e-07,0.0003567451447373,150.0,1.3030026812903225e-07
FF-2005-000072-TJK,FF_2005_000072_TJK,1.2790836e-07,0.0002695875356223,203.0,1.2852330403846153e-07
FL-2007-000149-CMR,FL_2007_000149_CMR,1.2760685e-07,0.0002356749288294,229.0,1.281521784188034e-07
FL-2014-000053-TZA,FL_2014_000053_TZA,1.25549e-07,7.675034444957621e-05,516.0,1.2578997696737045e-07
FL-2020-000237-LKA,FL_2020_000237_LKA,1.232635e-07,8.576132337782434e-05,492.0,1.2351151509054323e-07
FL-2014-000073-RUS,FL_2014_000073_RUS,1.2202845e-07,4.7463278233439566e-05,640.0,1.2221764139534883e-07
FL-2017-000075-CHN,FL_2017_000075_CHN,1.2044055e-07,9.368038049685108e-05,468.0,1.2069518118393234e-07
FL-2008-000091-SOM,FL_2008_000091_SOM,1.1618011e-07,9.425071407372996e-05,465.0,1.1642730172340426e-07
FL-1998-000392-IND,FL_1998_000392_IND,1.0976543e-07,7.600285916930519e-07,1176.0,1.0985837278577476e-07
FF-2007-000008-LKA,FF_2007_000008_LKA,1.04441945e-07,2.6729489780975865e-05,764.0,1.0457776027308194e-07
FL-2013-000108-SSD,FL_2013_000108_SSD,1.02478076e-07,0.0002710483767054,202.0,1.0297313916908213e-07
FL-2014-000122-PAK,FL_2014_000122_PAK,1.0273505e-07,1.0165883441634607e-05,946.0,1.0284307844374342e-07
FL-2000-000741-LKA,FL_2000_000741_LKA,1.00177786e-07,1.371547015121987e-06,1144.0,1.002649729329852e-07
FL-2015-000011-PER,FL_2015_000011_PER,9.93402e-08,0.0001978104266051,276.0,9.969372384341637e-08
FL-1998-000359-UKR,FL_1998_000359_UKR,9.603258e-08,2.0474200727919303e-05,821.0,9.614884220338982e-08
FL-1998-000179-RUS,FL_1998_000179_RUS,9.450725e-08,0.0002897890757632,187.0,9.499947526041666e-08
FL-2009-000120-BWA,FL_2009_000120_BWA,9.446109e-08,3.897110299810892e-05,685.0,9.459799013043478e-08
FL-2004-000036-MKD,FL_2004_000036_MKD,9.353093e-08,6.609562607016689e-07,1179.0,9.36099257179054e-08
FL-2005-000117-GTM,FL_2005_000117_GTM,9.177226e-08,0.000369248394523,140.0,9.240517213793103e-08
FL-2016-000091-NER,FL_2016_000091_NER,9.018874e-08,0.0006540526770326,70.0,9.139125653333333e-08
FL-2010-000176-MRT,FL_2010_000176_MRT,8.999553e-08,8.890869150324094e-05,482.0,9.018032574948665e-08
FF-2007-000113-GMB,FF_2007_000113_GMB,8.9428184e-08,7.088589718663545e-05,536.0,8.95934856340111e-08
FL-2015-000064-IND,FL_2015_000064_IND,8.521892e-08,0.0001557706149035,340.0,8.546593136231885e-08
FL-2011-000133-MEX,FL_2011_000133_MEX,8.3852676e-08,0.000313095804654,165.0,8.434592703529412e-08
FL-2021-000127-NER,FL_2021_000127_NER,8.3692655e-08,7.455160508012341e-05,524.0,8.385086417769376e-08
FL-2022-000164-ECU,FL_2022_000164_ECU,8.222976e-08,1.3004317722608756e-05,905.0,8.232012237362638e-08
FL-2020-000175-GEO,FL_2020_000175_GEO,7.428847e-08,6.312957806416361e-06,1023.0,7.436073504863813e-08
FL-1991-000009-VNM,FL_1991_000009_VNM,7.306704e-08,3.359079927863638e-05,722.0,7.316754486932599e-08
FL-2018-000360-RUS,FL_2018_000360_RUS,6.7820814e-08,1.0996616056235637e-05,935.0,6.789296380212766e-08
FL-2002-000445-VEN,FL_2002_000445_VEN,6.5669596e-08,0.0001566276680534,338.0,6.586105254810496e-08
FL-2015-000105-GIN,FL_2015_000105_GIN,6.338433e-08,3.412723863562817e-05,721.0,6.347163623966942e-08
FF-2022-000278-MNG,FF_2022_000278_MNG,6.3067425e-08,7.880162800894837e-05,510.0,6.318988601941748e-08
FL-2017-000014-PER,FL_2017_000014_PER,5.847229e-08,0.000195480950669,280.0,5.867745592982457e-08
FL-2001-000549-GIN,FL_2001_000549_GIN,5.7937832e-08,5.615945762713986e-05,601.0,5.8033438983498354e-08
FL-2007-000151-TCD,FL_2007_000151_TCD,5.6240136e-08,7.70339004330334e-06,990.0,5.6296658749748746e-08
FF-2020-000055-SOM,FF_2020_000055_SOM,5.2850908e-08,0.0002167623502563,250.0,5.3058166462745095e-08
FL-2003-000020-MOZ,FL_2003_000020_MOZ,5.2781953e-08,0.0002335462841797,231.0,5.300560534322033e-08
FL-2002-000475-TJK,FL_2002_000475_TJK,5.2765284e-08,3.321658644491038e-05,725.0,5.2837565210958906e-08
FL-2010-000092-LKA,FL_2010_000092_LKA,5.2575796e-08,1.2399054631844724e-05,914.0,5.263300578890098e-08
FL-2012-000157-CMR,FL_2012_000157_CMR,5.1482456e-08,0.0003419651008414,155.0,5.180422135e-08
FL-2021-000078-GTM,FL_2021_000078_GTM,5.1600118e-08,0.0001949449239153,282.0,5.1779909351916373e-08
FL-2003-000350-MNG,FL_2003_000350_MNG,4.9752696e-08,0.0008032710391564,53.0,5.061050110344827e-08
FL-2010-000102-CRI,FL_2010_000102_CRI,4.9528353e-08,0.0002577583419721,212.0,4.9756594258064525e-08
FL-2012-000200-BFA,FL_2012_000200_BFA,4.9550614e-08,2.2609564470412625e-05,803.0,4.9611939017326726e-08
FL-1999-000229-TJK,FL_1999_000229_TJK,4.937807e-08,2.0768901253459183e-05,817.0,4.9438140644768865e-08
FL-2022-000287-TCD,FL_2022_000287_TCD,4.8465775e-08,0.0006978059938079,62.0,4.9189144776119406e-08
FL-2019-000058-TJK,FL_2019_000058_TJK,4.8499007e-08,3.030640881839592e-05,742.0,4.856393204283802e-08
FL-2007-000153-GHA,FL_2007_000153_GHA,4.7477144e-08,4.476434462665844e-06,1063.0,4.752159825468165e-08
FF-2011-000049-IRQ,FF_2011_000049_IRQ,4.574595e-08,0.0013853128079417,23.0,4.737973392857144e-08
FL-2010-000259-AUS,FL_2010_000259_AUS,4.6715645e-08,2.412068714307728e-06,1112.0,4.675746742166518e-08
FL-2013-000101-LAO,FL_2013_000101_LAO,4.5025235e-08,0.0001713593046403,316.0,4.516550052959501e-08
FL-2015-000145-SOM,FL_2015_000145_SOM,4.3691255e-08,6.255341550589162e-05,568.0,4.3767505008726004e-08
FL-2000-000806-FJI,FL_2000_000806_FJI,4.3462467e-08,1.7280581436823006e-06,1134.0,4.350062544337138e-08
FL-2000-000408-VNM,FL_2000_000408_VNM,4.3210452e-08,2.6145720087994405e-05,770.0,4.326620742193548e-08
FL-2010-000003-KEN,FL_2010_000003_KEN,4.1882284e-08,0.0001155438052393,407.0,4.198394002912622e-08
FL-2002-000026-SEN,FL_2002_000026_SEN,4.151161e-08,3.491046077242368e-05,718.0,4.1569025781466117e-08
FL-2010-000262-ECU,FL_2010_000262_ECU,4.1454914e-08,1.6468843761887015e-05,868.0,4.1502399583046965e-08
FL-1998-000112-TZA,FL_1998_000112_TZA,4.095115e-08,5.522600392131708e-05,603.0,4.101850386513158e-08
FL-2010-000036-CYP,FL_2010_000036_CYP,4.051708e-08,3.2340540913490963e-06,1092.0,4.055401443938012e-08
FL-1997-000142-CZE,FL_1997_000142_CZE,3.7987938e-08,2.658085993561064e-07,1198.0,3.801951567082294e-08
FL-2009-000216-ITA,FL_2009_000216_ITA,3.6707167e-08,1.0030225920250817e-06,1164.0,3.6738567485029945e-08
FL-2000-000048-BWA,FL_2000_000048_BWA,3.5960827e-08,9.441803145044172e-06,955.0,3.5998286194791665e-08
LS-2010-000040-UGA,LS_2010_000040_UGA,3.5025746e-08,0.0010651668472775,34.0,3.592384205128204e-08
FL-2018-000029-RWA,FL_2018_000029_RWA,3.5497013e-08,0.0001753760615251,311.0,3.560934531962025e-08
FL-2008-000166-GTM,FL_2008_000166_GTM,3.514633e-08,0.0001758755504325,308.0,3.52586185942492e-08
FL-1998-000213-KGZ,FL_1998_000213_KGZ,3.4742392e-08,8.813404255136234e-06,967.0,3.4778135201646095e-08
FL-2011-000176-LKA,FL_2011_000176_LKA,3.466879e-08,7.490805902467152e-06,995.0,3.470345878999999e-08
FL-2010-000121-DOM,FL_2010_000121_DOM,3.4266403e-08,6.46291443349028e-05,563.0,3.4326731174295773e-08
FL-2007-000009-PER,FL_2007_000009_PER,3.3920372e-08,0.0004817854380013,106.0,3.422596093693694e-08
FL-2007-000206-COG,FL_2007_000206_COG,3.3525826e-08,9.604007785254414e-05,455.0,3.3598708230434785e-08
FL-2020-000154-CIV,FL_2020_000154_CIV,3.3365772e-08,1.3152451192784015e-05,904.0,3.340247801980198e-08
FL-2013-000142-VNM,FL_2013_000142_VNM,3.2041314e-08,6.159869787576808e-06,1025.0,3.2072422071844666e-08
FL-2007-000197-COD,FL_2007_000197_COD,3.1544012e-08,5.828739198018493e-05,592.0,3.1596849541038526e-08
FL-2019-000171-LKA,FL_2019_000171_LKA,3.132252e-08,3.753228524755864e-05,696.0,3.136720262482168e-08
FL-2010-000196-LKA,FL_2010_000196_LKA,3.1120425e-08,3.0216349989944463e-05,743.0,3.1162029846256685e-08
FL-1998-000048-PAK,FL_1998_000048_PAK,3.0893265e-08,4.6381936382819416e-05,644.0,3.094086633281972e-08
FL-2008-000187-BDI,FL_2008_000187_BDI,3.068224e-08,2.311521621738452e-05,800.0,3.072035458385093e-08
FL-2022-000265-YEM,FL_2022_000265_YEM,2.9680807e-08,0.0001185225103307,400.0,2.9754092943209875e-08
FL-2009-000045-BOL,FL_2009_000045_BOL,2.9571991e-08,3.649360221449808e-05,707.0,2.9613524695224715e-08
FL-2012-000191-HTI,FL_2012_000191_HTI,2.8510799e-08,0.0008870960376615,46.0,2.90698342745098e-08
FL-2022-000276-GMB,FL_2022_000276_GMB,2.8789938e-08,0.0002383579444073,227.0,2.891403256034483e-08
FL-2018-000134-IND,FL_2018_000134_IND,2.8040006e-08,1.141029415918845e-06,1158.0,2.8064116065348237e-08
FL-2012-000174-BEN,FL_2012_000174_BEN,2.7691476e-08,0.0001378611811408,372.0,2.776492819098143e-08
FL-2021-000135-GIN,FL_2021_000135_GIN,2.7710826e-08,1.951077480964992e-05,831.0,2.7743972921052633e-08
FL-2013-000119-MRT,FL_2013_000119_MRT,2.6948127e-08,5.463625171850295e-05,608.0,2.6992088055464924e-08
FL-2008-000170-DOM,FL_2008_000170_DOM,2.6905635e-08,6.604400956413546e-05,558.0,2.695342476021314e-08
FL-2001-000029-BOL,FL_2001_000029_BOL,2.688506e-08,1.7574800165716958e-05,858.0,2.691621302433372e-08
FL-2020-000132-UGA,FL_2020_000132_UGA,2.6732723e-08,3.0459004513048664e-05,741.0,2.6768557749329756e-08
FL-1998-000111-TJK,FL_1998_000111_TJK,2.6561228e-08,0.0003038867177935,177.0,2.670716881318681e-08
FL-2012-000013-ECU,FL_2012_000013_ECU,2.6387363e-08,0.0005111032836389,97.0,2.66460626372549e-08
FL-2001-000335-KOR,FL_2001_000335_KOR,2.6504573e-08,1.078082757494759e-05,940.0,2.6532620167195765e-08
FL-2005-000138-PNG,FL_2005_000138_PNG,2.6384523e-08,4.0435901823450215e-05,671.0,2.6423553359467457e-08
FL-2006-000041-SRB,FL_2006_000041_SRB,2.5531897e-08,2.5209900270832975e-05,776.0,2.5564588289372596e-08
FF-2016-000079-MKD,FF_2016_000079_MKD,2.5126294e-08,3.190795440213464e-05,734.0,2.5160294397834914e-08
FL-2019-000163-UGA,FL_2019_000163_UGA,2.435275e-08,0.0005616720266482,86.0,2.4620362637362634e-08
FF-2020-000158-SRB,FF_2020_000158_SRB,2.4377528e-08,2.01675976637658e-06,1126.0,2.4399081959328028e-08
FL-2007-000200-MEX,FL_2007_000200_MEX,2.4227774e-08,0.0003114340090588,168.0,2.4367818936416187e-08
FL-2013-000052-SOM,FL_2013_000052_SOM,2.4166821e-08,2.8883433337780743e-05,752.0,2.4198745466314397e-08
FL-2001-000082-ZWE,FL_2001_000082_ZWE,2.406201e-08,4.688191479276229e-05,643.0,2.409914273148148e-08
FL-2011-000183-TZA,FL_2011_000183_TZA,2.3515287e-08,0.0001155088998623,408.0,2.35722247409201e-08
FL-2011-000106-GHA,FL_2011_000106_GHA,2.1825139e-08,0.0001771701844737,304.0,2.1895770517799353e-08
FL-2017-000137-SSD,FL_2017_000137_SSD,2.0509253e-08,0.00013277625916,376.0,2.0563083060367456e-08
FL-2019-000048-TZA,FL_2019_000048_TZA,2.0180341e-08,1.822475408323466e-05,845.0,2.020408257764706e-08
FL-2019-000034-BOL,FL_2019_000034_BOL,2.0170665e-08,8.921262934450588e-06,964.0,2.0191480959752323e-08
FL-2016-000021-PAK,FL_2016_000021_PAK,1.9040172e-08,3.931221723457024e-05,683.0,1.906784666860465e-08
FL-2012-000075-VEN,FL_2012_000075_VEN,1.886905e-08,3.7087042063172585e-05,700.0,1.8895814609929075e-08
FL-2010-000136-YEM,FL_2010_000136_YEM,1.8382798e-08,7.659672151872909e-05,517.0,1.8418014088122606e-08
FL-2022-000290-SEN,FL_2022_000290_SEN,1.8076049e-08,1.0236932114770568e-05,945.0,1.8095076420000002e-08
FL-2013-000068-CZE,FL_2013_000068_CZE,1.799796e-08,7.857987478181956e-07,1173.0,1.8013238404074702e-08
FL-2012-000051-TJK,FL_2012_000051_TJK,1.7968246e-08,1.6006250989959348e-05,872.0,1.798873430786773e-08
FL-2020-000038-EGY,FL_2020_000038_EGY,1.789619e-08,5.993132074668536e-05,578.0,1.7926886723842195e-08
FL-2006-000025-PNG,FL_2006_000025_PNG,1.6953216e-08,7.913368314838926e-05,507.0,1.698632775e-08
FL-2007-000068-COL,FL_2007_000068_COL,1.67685e-08,2.6669679125876644e-05,765.0,1.6790277272727274e-08
FF-2012-000101-GAB,FF_2012_000101_GAB,1.6555017e-08,0.0004541865103281,112.0,1.669651287179487e-08
FL-2018-000054-BDI,FL_2018_000054_BDI,1.608844e-08,3.440024862603712e-06,1086.0,1.610318650779102e-08
FL-2001-000332-IND,FL_2001_000332_IND,1.5725968e-08,2.2441736061438736e-05,804.0,1.574540677379481e-08
FL-1997-000337-IND,FL_1997_000337_IND,1.546144e-08,0.0002177682699871,247.0,1.552279492063492e-08
FL-2005-000098-BGR,FL_2005_000098_BGR,1.4867548e-08,4.828792552067759e-06,1055.0,1.4881573988679246e-08
FL-2012-000067-RWA,FL_2012_000067_RWA,1.4614008e-08,0.0003048125428963,176.0,1.4694748375690609e-08
FL-2013-000055-UGA,FL_2013_000055_UGA,1.3799055e-08,0.0022140640639747,12.0,1.4610764117647058e-08
FL-2015-000017-PAK,FL_2015_000017_PAK,1.40434135e-08,0.0002665534865864,205.0,1.4110286897619047e-08
FL-2014-000014-SYC,FL_2014_000014_SYC,1.3816051e-08,0.0005207093960193,96.0,1.3952843584158417e-08
FL-1997-000522-MDA,FL_1997_000522_MDA,1.3564301e-08,0.0001098083949107,421.0,1.3596142082159624e-08
FL-2020-000019-MDG,FL_2020_000019_MDG,1.3557578e-08,2.7051991599242125e-05,761.0,1.3575277187989556e-08
FL-2012-000063-RUS,FL_2012_000063_RUS,1.3330798e-08,8.651486754839852e-06,970.0,1.3344470613333334e-08
FL-2014-000150-SOM,FL_2014_000150_SOM,1.282071e-08,2.8917160193664348e-05,751.0,1.2837668611111111e-08
FL-2014-000019-BDI,FL_2014_000019_BDI,1.2384607e-08,2.0005366922260895e-05,824.0,1.2399546212303982e-08
FL-2019-000081-MMR,FL_2019_000081_MMR,1.23337704e-08,6.758461332821232e-05,551.0,1.2355953440287769e-08
FL-2018-000046-RUS,FL_2018_000046_RUS,1.233037e-08,7.842731866558836e-06,988.0,1.2342787291037262e-08
FL-2000-000735-VEN,FL_2000_000735_VEN,1.20797825e-08,4.9401218021937625e-05,631.0,1.2098775868710692e-08
FL-2003-000196-ARG,FL_2003_000196_ARG,1.18573436e-08,1.1635872894651788e-05,929.0,1.1870038828693791e-08
FF-2010-000094-HUN,FF_2010_000094_HUN,1.1494603e-08,5.17384681954789e-06,1043.0,1.1505571132633588e-08
FF-2020-000140-IDN,FF_2020_000140_IDN,1.1444345e-08,1.672491304552748e-05,864.0,1.1457514556962026e-08
FL-2009-000129-CAF,FL_2009_000129_CAF,1.1371053e-08,0.0001976994437789,277.0,1.1411375882978723e-08
FL-2003-000505-VNM,FL_2003_000505_VNM,1.1385593e-08,3.29730420358922e-07,1193.0,1.1395096833889816e-08
FL-2012-000110-IND,FL_2012_000110_IND,1.1213796e-08,0.0001618346415669,333.0,1.1246972911242603e-08
FL-2012-000043-KGZ,FL_2012_000043_KGZ,1.1174864e-08,8.725920409111457e-05,489.0,1.1197485182186235e-08
FL-2000-000444-IND,FL_2000_000444_IND,1.0919608e-08,1.7810815233752538e-05,851.0,1.0932364551401869e-08
ST-1998-000296-PHL,ST_1998_000296_PHL,1.0754077e-08,9.022242970160858e-05,477.0,1.077638836307054e-08
FL-2022-000135-ZMB,FL_2022_000135_ZMB,1.0731575e-08,0.0001864880294266,290.0,1.0767953220338982e-08
FL-2009-000023-ECU,FL_2009_000023_ECU,1.0523887e-08,0.000602912746815,80.0,1.0647697435294116e-08
FF-2011-000066-TJK,FF_2011_000066_TJK,9.639742e-09,0.0002822418645884,192.0,9.688674700507613e-09
FL-2020-000195-CMR,FL_2020_000195_CMR,9.565743e-09,7.60211165815645e-06,992.0,9.575337526579738e-09
FL-2022-000158-HTI,FL_2022_000158_HTI,9.474011e-09,0.0001395867826898,369.0,9.499342580213904e-09
FL-2008-000213-PER,FL_2008_000213_PER,9.484556e-09,3.079228135033699e-05,739.0,9.497304059139786e-09
FL-2013-000017-PNG,FL_2013_000017_PNG,9.45859e-09,1.982638025989021e-05,827.0,9.469958497596155e-09
FL-2020-000192-TCD,FL_2020_000192_TCD,9.294793e-09,1.7768242800984484e-05,854.0,9.305613480791619e-09
FL-2021-000161-IND,FL_2021_000161_IND,8.979008e-09,2.0934663360867457e-05,816.0,8.989944672350792e-09
FL-2017-000002-MYS,FL_2017_000002_MYS,8.7972145e-09,7.24561531306282e-05,534.0,8.813535862708719e-09
FF-2007-000049-TJK,FF_2007_000049_TJK,8.7625045e-09,5.041421834982681e-05,625.0,8.776413237301587e-09
FL-2018-000124-MMR,FL_2018_000124_MMR,8.677272e-09,1.3205380664611931e-05,903.0,8.686828466960352e-09
FL-2011-000037-BDI,FL_2011_000037_BDI,8.453929e-09,1.127233786630465e-05,932.0,8.462951336179296e-09
FF-2009-000159-PAK,FF_2009_000159_PAK,8.24618e-09,0.0008688677062893,48.0,8.401768301886791e-09
FL-2001-000227-RUS,FL_2001_000227_RUS,8.365994e-09,2.689879827580583e-05,762.0,8.376901423728814e-09
FL-2010-000195-MLI,FL_2010_000195_MLI,8.318609e-09,2.756154729528186e-05,757.0,8.329525809711284e-09
FL-2011-000045-GTM,FL_2011_000045_GTM,8.297259e-09,2.627205490578211e-05,768.0,8.30799284087969e-09
FL-2019-000047-GEO,FL_2019_000047_GEO,8.158847e-09,0.0001057264552199,431.0,8.177559951834862e-09
FL-2001-000376-PAK,FL_2001_000376_PAK,8.113527e-09,8.979044745750426e-05,478.0,8.130325192546585e-09
FL-2009-000190-TUR,FL_2009_000190_TUR,8.026025e-09,5.973491730206305e-06,1028.0,8.033794627299127e-09
FL-1998-000316-VNM,FL_1998_000316_VNM,7.972739e-09,0.0001268947964139,389.0,7.992974378172589e-09
FL-2010-000037-HTI,FL_2010_000037_HTI,7.625013e-09,6.913722155720505e-06,1010.0,7.632525328078818e-09
FL-2016-000061-RUS,FL_2016_000061_RUS,7.524987e-09,7.274214559089798e-05,533.0,7.538973964684016e-09
FF-2009-000196-IDN,FF_2009_000196_IDN,7.413605e-09,0.0001958690417266,279.0,7.439709242957747e-09
FL-2009-000226-PRY,FL_2009_000226_PRY,7.3183384e-09,0.0002357471958447,228.0,7.349747577682404e-09
FL-2000-000258-IDN,FL_2000_000258_IDN,7.263844e-09,3.700343983413575e-05,702.0,7.274118178217821e-09
FL-2014-000030-PRY,FL_2014_000030_PRY,7.2589184e-09,4.203101355823996e-06,1069.0,7.265677169459964e-09
FL-2014-000054-TJK,FL_2014_000054_TJK,7.200344e-09,3.793462093427839e-05,692.0,7.210674479196556e-09
FL-2001-000620-DZA,FL_2001_000620_DZA,6.7988e-09,9.104629839581643e-05,475.0,6.8129641666666675e-09
FL-2012-000068-DOM,FL_2012_000068_DOM,6.7659998e-09,5.024440336426009e-05,626.0,6.776722462123613e-09
FL-2012-000173-SOM,FL_2012_000173_SOM,6.5635613e-09,2.344661720766229e-05,795.0,6.5717657516249994e-09
FL-1998-000221-NPL,FL_1998_000221_NPL,6.565147e-09,3.281443612576714e-07,1194.0,6.570622518765638e-09
FL-2003-000273-TJK,FL_2003_000273_TJK,6.4711725e-09,0.0001325177925424,377.0,6.488112742146598e-09
FL-2006-000124-UGA,FL_2006_000124_UGA,6.0560184e-09,3.863296064644796e-05,687.0,6.0647698716763005e-09
FL-2011-000051-RWA,FL_2011_000051_RWA,5.779141e-09,0.0010935255690375,32.0,5.935334e-09
FF-2012-000079-GEO,FF_2012_000079_GEO,5.8476384e-09,2.146507937236741e-05,812.0,5.854795852141984e-09
FL-2002-000374-IND,FL_2002_000374_IND,5.8061063e-09,3.538819370912348e-05,716.0,5.8141591520110955e-09
FL-2006-000171-HTI,FL_2006_000171_HTI,5.6210747e-09,0.0005011653683083,100.0,5.674608744761905e-09
FL-2012-000056-PRY,FL_2012_000056_PRY,5.4340465e-09,8.14362841732695e-06,980.0,5.439563298477158e-09
FL-2005-000176-BGD,FL_2005_000176_BGD,5.051391e-09,8.331244057219901e-07,1171.0,5.055686400510204e-09
FL-2007-000165-BEN,FL_2007_000165_BEN,4.884041e-09,0.0011641504690875,27.0,5.03666728125e-09
FF-2008-000202-MAR,FF_2008_000202_MAR,5.005512e-09,0.0002683058809378,204.0,5.029461818181818e-09
FL-2010-000049-AGO,FL_2010_000049_AGO,4.3761106e-09,0.0008337799506869,50.0,4.455676247272727e-09
FL-2018-000144-PRK,FL_2018_000144_PRK,4.4218553e-09,0.0001684953377916,321.0,4.435419273312883e-09
FL-2022-000349-CMR,FL_2022_000349_CMR,4.3737862e-09,2.4296891023949592e-05,785.0,4.379322638227848e-09
FL-2021-000066-GUY,FL_2021_000066_GUY,4.2888764e-09,0.0002966428719586,185.0,4.3114494336842105e-09
FL-2017-000088-SDN,FL_2017_000088_SDN,4.2084802e-09,0.0001440643732654,359.0,4.2200419587912094e-09
FL-2008-000054-THA,FL_2008_000054_THA,4.1751735e-09,4.029592681088359e-05,674.0,4.181322503681885e-09
FL-2005-000137-CAF,FL_2005_000137_CAF,4.128873e-09,0.0001725435116996,315.0,4.141775728125001e-09
FL-2001-000453-IRN,FL_2001_000453_IRN,4.129667e-09,0.000100133993305,447.0,4.138803431415929e-09
FL-2017-000053-THA,FL_2017_000053_THA,4.131436e-09,3.682272180471966e-05,706.0,4.137246739803094e-09
FF-2007-000185-TUN,FF_2007_000185_TUN,4.0473673e-09,9.62497179137748e-05,454.0,4.056185093681917e-09
FL-2000-000083-ZWE,FL_2000_000083_ZWE,3.9766e-09,0.0001863209062045,291.0,3.990034459459459e-09
FF-2011-000071-GEO,FF_2011_000071_GEO,3.882302e-09,6.156222317536974e-05,571.0,3.889042107638889e-09
FL-2017-000052-RUS,FL_2017_000052_RUS,3.6541365e-09,1.5910027010251534e-05,875.0,3.6582889278409095e-09
FF-2013-000118-BEN,FF_2013_000118_BEN,3.523661e-09,0.0002504784161703,220.0,3.5393217155555556e-09
FF-2011-000143-SSD,FF_2011_000143_SSD,3.470542e-09,0.0004430178853915,114.0,3.499706218487395e-09
FL-2005-000110-BIH,FL_2005_000110_BIH,3.4779488e-09,6.977494322389072e-06,1006.0,3.4813889076162214e-09
FL-2019-000067-UGA,FL_2019_000067_UGA,3.443143e-09,7.936547409364701e-05,506.0,3.449881048923679e-09
FL-2021-000051-SOM,FL_2021_000051_SOM,3.435792e-09,8.251612038776403e-06,978.0,3.4392872105798575e-09
FL-2002-000500-IRN,FL_2002_000500_IRN,3.2714216e-09,0.0018552048849767,18.0,3.4136573217391303e-09
FL-2016-000122-SRB,FL_2016_000122_SRB,3.3531384e-09,0.000146556035992,351.0,3.362557328089888e-09
FL-2020-000198-SEN,FL_2020_000198_SEN,3.3161471e-09,0.0002163371473454,253.0,3.329000383333333e-09
FL-2019-000119-CMR,FL_2019_000119_CMR,3.1405323e-09,1.2633903526805704e-06,1151.0,3.1432490234429065e-09
FL-2003-000571-DOM,FL_2003_000571_DOM,3.0254343e-09,5.354650162936231e-05,615.0,3.030314032741936e-09
FL-2011-000063-HTI,FL_2011_000063_HTI,2.8374816e-09,0.0002995161184737,182.0,2.852655298395722e-09
FL-2011-000187-COD,FL_2011_000187_COD,2.7118332e-09,0.0003929377290527,131.0,2.7317731499999997e-09
FL-2004-000116-CAF,FL_2004_000116_CAF,2.673142e-09,9.456829770827732e-05,463.0,2.678853841880342e-09
FL-2001-000320-TLS,FL_2001_000320_TLS,2.6477096e-09,6.947844127568086e-05,541.0,2.652558884981685e-09
FL-2018-000128-SDN,FL_2018_000128_SDN,2.619111e-09,0.0005276659063722,90.0,2.646680589473684e-09
FL-2020-000206-COD,FL_2020_000206_COD,2.6424212e-09,1.2351007124903114e-05,915.0,2.6452933969565216e-09
FL-2005-000104-IND,FL_2005_000104_IND,2.6329021e-09,5.225369134635959e-05,620.0,2.6371147433600004e-09
FL-2006-000058-TJK,FL_2006_000058_TJK,2.6234404e-09,2.3896735638246976e-05,787.0,2.626752824747475e-09
FL-2015-000153-IRQ,FL_2015_000153_IRQ,2.5824782e-09,0.0001052956818758,432.0,2.588387761098398e-09
FL-2012-000141-NER,FL_2012_000141_NER,2.3783475e-09,0.0034669186499109,9.0,2.5482294642857142e-09
FL-1998-000040-URY,FL_1998_000040_URY,2.526182e-09,6.090468287118258e-05,575.0,2.5305374862068963e-09
FL-2003-000624-HTI,FL_2003_000624_HTI,2.5218396e-09,0.0001865009443917,289.0,2.530417285714285e-09
FL-2020-000011-MOZ,FL_2020_000011_MOZ,2.4753541e-09,0.0002224091311109,244.0,2.485295281124498e-09
FF-2008-000072-CHN,FF_2008_000072_CHN,2.385292e-09,1.749169110651989e-05,859.0,2.3880527546296297e-09
FF-2012-000148-PAK,FF_2012_000148_PAK,2.2686204e-09,0.0002309295250772,233.0,2.278152418487395e-09
FL-2022-000213-IND,FL_2022_000213_IND,2.2081152e-09,7.479083629430664e-06,997.0,2.2103189077844312e-09
FF-2007-000081-NPL,FF_2007_000081_NPL,2.160336e-09,6.029320083737944e-06,1026.0,2.162431379243453e-09
FL-2016-000081-GTM,FL_2016_000081_GTM,2.090329e-09,0.0004290916002141,119.0,2.107186491935484e-09
FL-1998-000219-KOR,FL_1998_000219_KOR,1.997377e-09,1.6385572820030456e-05,869.0,1.999662328375286e-09
FL-2006-000091-PRK,FL_2006_000091_PRK,1.8956532e-09,6.658796274061714e-05,555.0,1.899038295e-09
FF-2017-000122-CMR,FF_2017_000122_CMR,1.8657655e-09,0.000226872229075,235.0,1.8735395229166666e-09
FL-2009-000007-ZWE,FL_2009_000007_ZWE,1.8092849e-09,6.824637819215295e-06,1011.0,1.8110656922244095e-09
FL-2009-000136-BIH,FL_2009_000136_BIH,1.8028299e-09,1.0853765856056364e-05,938.0,1.8047417026511137e-09
FF-2018-000118-LAO,FF_2018_000118_LAO,1.7829084e-09,9.874556616377876e-05,451.0,1.7868182868421053e-09
FL-2007-000181-HTI,FL_2007_000181_HTI,1.7699521e-09,4.665208459746933e-06,1059.0,1.7716155888157896e-09
FL-2013-000070-IND,FL_2013_000070_IND,1.7290864e-09,6.861221339670628e-05,544.0,1.7322359198542804e-09
FL-2011-000120-SDN,FL_2011_000120_SDN,1.7211095e-09,0.0002823194125142,191.0,1.7298906709183671e-09
FL-2006-000065-TZA,FL_2006_000065_TZA,1.7091393e-09,0.00010366500484,437.0,1.713006130995475e-09
FL-2021-000007-SYR,FL_2021_000007_SYR,1.6788746e-09,0.0002242903169911,241.0,1.6856992934959352e-09
FL-2008-000191-CRI,FL_2008_000191_CRI,1.6202324e-09,2.2147137958594066e-05,810.0,1.622220415214724e-09
FL-2002-000732-IDN,FL_2002_000732_IDN,1.5732562e-09,7.981354701152758e-06,986.0,1.5748437440968717e-09
FL-2021-000123-CAF,FL_2021_000123_CAF,1.5538283e-09,0.0001440253564254,360.0,1.5580853638356166e-09
FL-2019-000064-SDN,FL_2019_000064_SDN,1.5407411e-09,0.0001277486742822,386.0,1.5446816143222505e-09
FL-2010-000014-SLB,FL_2010_000014_SLB,1.5191831e-09,2.3903922746401903e-05,786.0,1.5211036854614413e-09
ST-2010-000085-CHN,ST_2010_000085_CHN,1.5089067e-09,4.943057011616829e-06,1047.0,1.510341021958175e-09
FF-2014-000059-SRB,FF_2014_000059_SRB,1.4115323e-09,0.0002996962175984,181.0,1.4191211833333334e-09
FL-1997-000177-MMR,FL_1997_000177_MMR,1.4146634e-09,6.078784886143789e-05,576.0,1.4170982767641997e-09
FL-2013-000074-HTI,FL_2013_000074_HTI,1.3890469e-09,0.0001286959175611,384.0,1.3926177146529561e-09
FL-2019-000051-LBY,FL_2019_000051_LBY,1.3625474e-09,7.551187223524813e-05,521.0,1.3651377942965781e-09
FL-2003-000316-IND,FL_2003_000316_IND,1.3456528e-09,2.2497818071943773e-06,1118.0,1.3468510660730187e-09
FL-2014-000079-PHL,FL_2014_000079_PHL,1.3265455e-09,0.0003080611144774,171.0,1.334082690340909e-09
FL-2011-000007-ZAF,FL_2011_000007_ZAF,1.3177064e-09,0.0003840121663438,135.0,1.3271185885714287e-09
FL-1999-000247-KOR,FL_1999_000247_KOR,1.1868101e-09,5.97925747461141e-05,579.0,1.1888423090753423e-09
FL-2015-000018-PNG,FL_2015_000018_PNG,1.1385115e-09,1.2962875458122553e-06,1148.0,1.1394989340849957e-09
FL-2008-000168-NPL,FL_2008_000168_NPL,1.1197979e-09,3.756568185234676e-05,695.0,1.121397611285714e-09
FL-2020-000199-MRT,FL_2020_000199_MRT,1.1133513e-09,0.0001670100725013,323.0,1.1167456637195121e-09
FL-2008-000201-YEM,FL_2008_000201_YEM,1.078366e-09,1.1138572100922965e-05,933.0,1.0795156439232412e-09
FL-2000-000130-BOL,FL_2000_000130_BOL,1.0571788e-09,3.125897219147901e-06,1099.0,1.0581363894927537e-09
FF-2013-000100-RUS,FF_2013_000100_RUS,1.0438646e-09,4.216056454850951e-05,660.0,1.0454343212030076e-09
FL-2010-000031-PRT,FL_2010_000031_PRT,1.0345653e-09,2.3968056829579194e-06,1113.0,1.0354906714669051e-09
FL-2022-000374-TTO,FL_2022_000374_TTO,1.030556e-09,3.982888496643747e-07,1189.0,1.0314191122278055e-09
FL-2008-000243-PNG,FL_2008_000243_PNG,1.0298465e-09,3.178244857087713e-06,1095.0,1.0307827240909091e-09
FL-2009-000219-NPL,FL_2009_000219_NPL,1.0221083e-09,4.937138979878204e-06,1049.0,1.0230780422201138e-09
FL-2008-000175-UGA,FL_2008_000175_UGA,1.0127843e-09,6.984773357140623e-05,540.0,1.0146426198165138e-09
FL-2003-000481-HND,FL_2003_000481_HND,9.361498e-10,3.284206857317784e-05,728.0,9.374269484311051e-10
FL-2022-000292-LAO,FL_2022_000292_LAO,9.261764e-10,0.000130413393903,380.0,9.285820529870128e-10
FL-1999-000423-TGO,FL_1999_000423_TGO,9.126574e-10,7.894776264753992e-05,509.0,9.144329980544748e-10
FL-2011-000129-MLI,FL_2011_000129_MLI,8.8043806e-10,4.793302743143956e-05,638.0,8.818073260342147e-10
FL-1999-000213-IND,FL_1999_000213_IND,8.3309426e-10,3.3863026800302997e-06,1087.0,8.338571668315019e-10
FF-2020-000006-IRN,FF_2020_000006_IRN,8.2751295e-10,0.0002091547523596,264.0,8.305892063197025e-10
FL-2007-000209-PNG,FL_2007_000209_PNG,8.2264445e-10,2.683466722453789e-05,763.0,8.237156016276042e-10
FL-2005-000160-MMR,FL_2005_000160_MMR,8.0948387e-10,0.0002166256473014,251.0,8.126459163671875e-10
FL-2022-000254-PAK,FL_2022_000254_PAK,8.084571e-10,1.7749104216844165e-05,855.0,8.093971663953487e-10
FL-2000-000038-PHL,FL_2000_000038_PHL,8.0153423e-10,0.0001894810706739,286.0,8.042886431615121e-10
FL-2002-000321-HTI,FL_2002_000321_HTI,7.9135554e-10,3.213342596698088e-05,733.0,7.924278374796748e-10
FL-2007-000040-HTI,FL_2007_000040_HTI,7.7014883e-10,0.001063411626657,35.0,7.8940255075e-10
FF-2009-000229-SOM,FF_2009_000229_SOM,7.8573925e-10,5.454970748099876e-05,609.0,7.870189556188925e-10
FF-2007-000082-PAK,FF_2007_000082_PAK,7.8131823e-10,0.0002384670315054,226.0,7.8470056e-10
FL-2022-000316-NER,FL_2022_000316_NER,7.486284e-10,0.0003063004794128,172.0,7.52857938983051e-10
FL-2020-000172-MMR,FL_2020_000172_MMR,7.3932743e-10,7.354877070003673e-05,530.0,7.407093504299066e-10
FL-2014-000155-HTI,FL_2014_000155_HTI,7.227772e-10,1.591488389446528e-05,874.0,7.235994721274175e-10
FL-2021-000145-BEN,FL_2021_000145_BEN,7.110528e-10,0.0006680961845459,67.0,7.209285333333333e-10
FF-2014-000009-TZA,FF_2014_000009_TZA,6.840485e-10,3.688160172715172e-05,704.0,6.850133074753173e-10
FL-2013-000020-BOL,FL_2013_000020_BOL,6.7601763e-10,8.530298097211091e-07,1170.0,6.765929641531914e-10
FL-2006-000164-TZA,FL_2006_000164_TZA,6.7263783e-10,0.0001642900048494,329.0,6.746517157185628e-10
FL-2010-000115-MMR,FL_2010_000115_MMR,6.572689e-10,7.367811206871895e-05,527.0,6.585043678571428e-10
FL-2007-000130-CIV,FL_2007_000130_CIV,6.569583e-10,1.465300870923297e-05,888.0,6.57693975587906e-10
FL-2003-000220-NAM,FL_2003_000220_NAM,6.5513917e-10,0.0001081421867044,425.0,6.566627494651163e-10
FF-2012-000107-SLB,FF_2012_000107_SLB,6.467464e-10,3.2279764918835175e-05,732.0,6.476239392130258e-10
FL-2008-000102-CIV,FL_2008_000102_CIV,6.440866e-10,0.0002630339109149,207.0,6.471247443396227e-10
FL-2007-000159-RWA,FL_2007_000159_RWA,6.386848e-10,0.0003032638903752,178.0,6.42174880874317e-10
FL-2006-000092-KOR,FL_2006_000092_KOR,5.862059e-10,8.262801613319826e-05,501.0,5.873644096837945e-10
FL-2008-000154-MEX,FL_2008_000154_MEX,5.862969e-10,1.8604017225856124e-05,841.0,5.869899223404256e-10
FL-2013-000123-CMR,FL_2013_000123_CMR,5.5328714e-10,3.965001347387969e-05,680.0,5.540948584525547e-10
FL-1991-000011-CHN,FL_1991_000011_CHN,5.362816e-10,4.469535462622126e-05,653.0,5.370966176291794e-10
FL-2015-000071-GEO,FL_2015_000071_GEO,5.295599e-10,0.0001919157555686,284.0,5.313922871972319e-10
FL-2023-000001-COG,FL_2023_000001_COG,5.104406e-10,0.0001303494422051,381.0,5.117629849740933e-10
FL-2010-000114-BGD,FL_2010_000114_BGD,5.0682186e-10,1.3440959069672413e-06,1145.0,5.072625746608697e-10
FF-2020-000153-BIH,FF_2020_000153_BIH,5.0512106e-10,0.0001794981140139,297.0,5.067936462913906e-10
FL-2020-000054-BDI,FL_2020_000054_BDI,4.952113e-10,1.8116404060554944e-05,846.0,4.957932169212691e-10
FL-2017-000017-PAK,FL_2017_000017_PAK,4.815031e-10,5.8541216307746536e-05,591.0,4.823109911073826e-10
FL-2017-000107-NPL,FL_2017_000107_NPL,4.805295e-10,6.861920320804577e-05,543.0,4.814063786496351e-10
FL-2014-000098-SDN,FL_2014_000098_SDN,4.792989e-10,0.0001702148740868,319.0,4.807782175925926e-10
FL-2007-000023-IDN,FL_2007_000023_IDN,4.7260934e-10,0.0002121268907549,261.0,4.743860668421053e-10
FL-2012-000066-COM,FL_2012_000066_COM,4.6065898e-10,0.0001649564296278,328.0,4.620423403003003e-10
FF-2018-000041-SOM,FF_2018_000041_SOM,4.46696e-10,0.0013166742391025,25.0,4.615858666666667e-10
FL-2003-000585-MKD,FL_2003_000585_MKD,4.5959517e-10,3.858585127155921e-05,690.0,4.602564580143884e-10
FL-1992-000008-PAK,FL_1992_000008_PAK,4.558374e-10,1.7881653315363522e-05,849.0,4.5637116744730676e-10
FL-2001-000390-POL,FL_2001_000390_POL,4.493327e-10,3.014782283886609e-06,1101.0,4.4973896826401446e-10
FL-2008-000182-RWA,FL_2008_000182_RWA,4.3536366e-10,0.0009128765086614,43.0,4.4443373624999996e-10
FL-2013-000095-PHL,FL_2013_000095_PHL,4.2996745e-10,0.0001567165164435,337.0,4.312246647660819e-10
FL-2021-000108-SSD,FL_2021_000108_SSD,4.2804166e-10,0.0001779354495226,300.0,4.294450752786885e-10
FL-2009-000206-HTI,FL_2009_000206_HTI,4.0994436e-10,4.112694357445187e-05,665.0,4.105562172537314e-10
FL-1999-000574-VNM,FL_1999_000574_VNM,3.8917292e-10,1.899802065077632e-06,1128.0,3.8951640889673436e-10
FL-2015-000008-BOL,FL_2015_000008_BOL,3.8628578e-10,7.041570795500959e-07,1177.0,3.866125869204738e-10
FL-2010-000041-SOM,FL_2010_000041_SOM,3.7992182e-10,5.872532177521612e-05,587.0,3.8056357983108114e-10
FL-2013-000159-VCT,FL_2013_000159_VCT,3.787673e-10,2.866462890344281e-07,1196.0,3.79082676602831e-10
FL-2019-000167-BDI,FL_2019_000167_BDI,3.6567036e-10,0.0002079200771663,266.0,3.670196971217712e-10
FL-2009-000267-SRB,FL_2009_000267_SRB,3.6179024e-10,3.6759163482814833e-06,1083.0,3.6212276779411767e-10
FL-1997-000137-CHL,FL_1997_000137_CHL,3.5602427e-10,1.8660272030072088e-06,1131.0,3.5633767164612674e-10
FL-2008-000125-SDN,FL_2008_000125_SDN,3.4706313e-10,0.0001453144272072,355.0,3.4802719425000005e-10
FL-2017-000043-HTI,FL_2017_000043_HTI,3.333863e-10,5.23150707844642e-05,619.0,3.3392057291666663e-10
FL-2003-000389-BFA,FL_2003_000389_BFA,3.3151845e-10,4.208648147596846e-06,1067.0,3.3182770228544774e-10
FL-2022-000321-CAF,FL_2022_000321_CAF,3.1675423e-10,9.56017906464138e-05,458.0,3.1743836440604746e-10
FL-2010-000139-SDN,FL_2010_000139_SDN,3.0224095e-10,0.0003844446439328,134.0,3.04415345323741e-10
FL-2005-000129-SDN,FL_2005_000129_SDN,2.8855432e-10,0.00018857189127,287.0,2.8954251972602736e-10
FL-2015-000164-COD,FL_2015_000164_COD,2.8743594e-10,0.0001550959385643,343.0,2.8826190534482756e-10
FL-2006-000158-PRK,FL_2006_000158_PRK,2.8353078e-10,8.80215449759768e-05,487.0,2.8410706207317073e-10
FL-1999-000253-PHL,FL_1999_000253_PHL,2.7875857e-10,6.730543735425017e-05,553.0,2.792581373297491e-10
FF-2005-000067-IDN,FF_2005_000067_IDN,2.7774158e-10,0.0003016516684252,180.0,2.7924288583783784e-10
FL-1999-000391-MEX,FL_1999_000391_MEX,2.7746475e-10,5.670154654179914e-05,599.0,2.779241287251656e-10
FL-2017-000149-TGO,FL_2017_000149_TGO,2.7498034e-10,4.06150345526104e-05,670.0,2.7538771828148145e-10
FL-2013-000023-ZMB,FL_2013_000023_ZMB,2.6861108e-10,3.344080963213675e-05,724.0,2.689795451303155e-10
FL-2009-000245-SRB,FL_2009_000245_SRB,2.595635e-10,0.0001173679038439,402.0,2.602012481572482e-10
FL-2009-000133-ZAF,FL_2009_000133_ZAF,2.3214893e-10,0.0005266359928649,92.0,2.3454221793814434e-10
FL-2009-000242-IRQ,FL_2009_000242_IRQ,2.2993348e-10,1.2923149374234991e-05,907.0,2.3018560004385965e-10
FL-2011-000118-GTM,FL_2011_000118_GTM,2.2215244e-10,0.0001702631069816,318.0,2.228402184520124e-10
FL-1997-000026-MOZ,FL_1997_000026_MOZ,2.1848863e-10,0.0003130459230675,166.0,2.197663412865497e-10
FL-2005-000168-NPL,FL_2005_000168_NPL,2.1356265e-10,5.632822048333554e-06,1033.0,2.1376839436416184e-10
FL-2002-000782-MKD,FL_2002_000782_MKD,2.1017264e-10,4.11955749734422e-06,1072.0,2.1036778636954503e-10
FL-2011-000107-MMR,FL_2011_000107_MMR,2.0950718e-10,0.0002056169877926,268.0,2.1027460556776558e-10
FL-2019-000160-COG,FL_2019_000160_COG,2.0172448e-10,0.0001064465702406,428.0,2.0219035639722865e-10
FL-1991-000010-PHL,FL_1991_000010_PHL,1.9934772e-10,0.0005274677357007,91.0,2.0142425875e-10
FL-2012-000005-BOL,FL_2012_000005_BOL,2.0010196e-10,7.755508395335166e-07,1174.0,2.0027168176420697e-10
FL-1999-000428-VNM,FL_1999_000428_VNM,1.9921213e-10,1.4547650629471098e-05,889.0,1.9943496236017898e-10
FL-2002-000479-CZE,FL_2002_000479_CZE,1.9813223e-10,1.7784684637125378e-05,853.0,1.9836315334498835e-10
FL-2016-000019-HTI,FL_2016_000019_HTI,1.8425128e-10,0.0019645294512156,17.0,1.9262633818181818e-10
FL-2005-000051-AGO,FL_2005_000051_AGO,1.9170095e-10,0.0001761752753882,307.0,1.9231537612179486e-10
FL-2020-000176-SDN,FL_2020_000176_SDN,1.8179151e-10,0.0010308557697954,37.0,1.8611987928571427e-10
FL-2017-000079-TJK,FL_2017_000079_TJK,1.7334478e-10,0.0001161112376356,406.0,1.7376654345498786e-10
FL-2016-000058-MMR,FL_2016_000058_MMR,1.7198334e-10,0.0002766975589201,197.0,1.7283474267326732e-10
FF-2016-000093-LAO,FF_2016_000093_LAO,1.7042182e-10,0.000310834154737,169.0,1.7140125574712647e-10
FL-2020-000165-NPL,FL_2020_000165_NPL,1.7040047e-10,0.0001554357967188,342.0,1.7089153763688763e-10
FL-2018-000034-BLR,FL_2018_000034_BLR,1.6786944e-10,2.014964029222421e-07,1202.0,1.6800851990057997e-10
FL-2019-000062-SSD,FL_2019_000062_SSD,1.5750322e-10,0.0001052623975176,434.0,1.5786199726651482e-10
FL-2017-000091-MMR,FL_2017_000091_MMR,1.5437415e-10,0.0001272009643655,388.0,1.5476695954198475e-10
FL-2005-000002-GUY,FL_2005_000002_GUY,1.5348155e-10,0.0002737991410229,198.0,1.542376167487685e-10
FL-1997-000526-ECU,FL_1997_000526_ECU,1.443433e-10,2.060168095545988e-05,820.0,1.4451826157575757e-10
FL-2015-000146-DZA,FL_2015_000146_DZA,1.4306092e-10,5.273599646883475e-05,617.0,1.4329092147909971e-10
FL-2005-000208-BIH,FL_2005_000208_BIH,1.419971e-10,1.6274325999055718e-07,1204.0,1.421145500413565e-10
FL-1999-000531-COD,FL_1999_000531_COD,1.3523188e-10,0.0001453067428548,356.0,1.3560648354570638e-10
FL-2016-000080-BFA,FL_2016_000080_BFA,1.3430328e-10,2.4513054826732505e-06,1110.0,1.344237313721973e-10
FL-2005-000105-HTI,FL_2005_000105_HTI,1.2630087e-10,0.0003938374412143,130.0,1.2723643199999997e-10
FL-2007-000127-MRT,FL_2007_000127_MRT,1.1791072e-10,0.0006948281079242,64.0,1.1961957101449276e-10
FL-2011-000135-THA,FL_2011_000135_THA,1.1398658e-10,1.2859672635947395e-05,908.0,1.1411142838992333e-10
FL-2002-000808-MWI,FL_2002_000808_MWI,1.1056532e-10,0.0002455859691735,221.0,1.11054547079646e-10
FL-2009-000032-SLB,FL_2009_000032_SLB,1.1053887e-10,5.051789370579394e-05,624.0,1.1071460747217804e-10
FL-2010-000153-PRK,FL_2010_000153_PRK,1.0155389e-10,5.917092350748864e-05,584.0,1.0172630747028861e-10
FL-2017-000110-MLI,FL_2017_000110_MLI,9.6091184e-11,0.0001528091808052,345.0,9.636573024000001e-11
FL-2009-000217-IND,FL_2009_000217_IND,9.58891e-11,2.813543590820228e-05,755.0,9.601526986842104e-11
FL-2014-000008-BOL,FL_2014_000008_BOL,9.111646e-11,7.1880407018331244e-06,1003.0,9.120685331349207e-11
FL-2004-000051-NPL,FL_2004_000051_NPL,8.214421e-11,4.942433213311e-06,1048.0,8.222221969610637e-11
FL-2006-000010-BOL,FL_2006_000010_BOL,7.941313e-11,2.3660005810710447e-06,1114.0,7.948409794459338e-11
FL-2009-000100-DOM,FL_2009_000100_DOM,7.7534056e-11,2.3271132164878425e-05,797.0,7.763073188029925e-11
FL-2012-000054-HTI,FL_2012_000054_HTI,7.6811675e-11,4.60994925391446e-05,645.0,7.69298468076923e-11
FL-2012-000172-MLI,FL_2012_000172_MLI,7.5292085e-11,3.733233864465649e-05,698.0,7.539918611664295e-11
FL-1997-000301-UGA,FL_1997_000301_UGA,7.061925e-11,1.1904693371471712e-05,925.0,7.069518467741935e-11
FL-2004-000055-TJK,FL_2004_000055_TJK,7.008809e-11,9.541985738536162e-05,460.0,7.023881707526881e-11
FL-2007-000011-ZMB,FL_2007_000011_ZMB,6.96244e-11,0.0001847405919098,293.0,6.98580389261745e-11
FL-2012-000123-PRK,FL_2012_000123_PRK,6.5501646e-11,4.103700958668646e-05,666.0,6.559926395230999e-11
FL-2012-000140-MMR,FL_2012_000140_MMR,6.5173596e-11,3.97818836455853e-06,1073.0,6.52340538812616e-11
FL-2008-000038-ARG,FL_2008_000038_ARG,6.46297e-11,1.6598957451726212e-05,866.0,6.470390172215844e-11
FL-2011-000020-BOL,FL_2011_000020_BOL,6.174436e-11,8.46984486007005e-06,974.0,6.180742880490295e-11
FL-2003-000341-NPL,FL_2003_000341_NPL,5.8147515e-11,7.175846462595044e-05,535.0,5.825519558333333e-11
FF-2018-000158-TUN,FF_2018_000158_TUN,5.6211223e-11,8.333355794769516e-05,498.0,5.6322974934393634e-11
FL-2011-000043-VCT,FL_2011_000043_VCT,5.5689696e-11,2.131210486468263e-05,813.0,5.575777631295843e-11
FL-2016-000046-SOM,FL_2016_000046_SOM,5.4963704e-11,0.0003138945206997,164.0,5.5288933017751485e-11
FL-2021-000049-RWA,FL_2021_000049_RWA,5.4776322e-11,0.0001028844649761,440.0,5.489941485842697e-11
FL-2010-000096-IDN,FL_2010_000096_IDN,5.359497e-11,3.351864359236668e-05,723.0,5.366858946428571e-11
FL-2020-000161-BGD,FL_2020_000161_BGD,5.188221e-11,3.721033400066632e-06,1081.0,5.1929983674033155e-11
FL-2018-000419-PRY,FL_2018_000419_PRY,5.1625523e-11,7.350477267057884e-05,531.0,5.1721839274253734e-11
FL-2001-000417-SDN,FL_2001_000417_SDN,5.0854255e-11,0.0002164513535469,252.0,5.105213147859922e-11
FL-2011-000148-KHM,FL_2011_000148_KHM,4.6885464e-11,0.0004062088973494,124.0,4.7248917209302325e-11
FL-2017-000064-IND,FL_2017_000064_IND,4.6925984e-11,1.1614864828409592e-05,931.0,4.6976118598290596e-11
FL-2009-000139-PAK,FL_2009_000139_PAK,4.4775312e-11,5.097734574758789e-05,623.0,4.484661026751593e-11
FL-2010-000008-BOL,FL_2010_000008_BOL,4.4376742e-11,1.9007785932558935e-05,837.0,4.4429445969121133e-11
FL-2022-000249-CIV,FL_2022_000249_CIV,4.1838918e-11,0.0004002596666298,127.0,4.2155879499999996e-11
FL-2010-000208-RUS,FL_2010_000208_RUS,4.160734e-11,6.4934560295117775e-06,1020.0,4.164793252682927e-11
FL-2021-000039-BDI,FL_2021_000039_BDI,4.1529412e-11,0.0001165233659926,404.0,4.163095090464548e-11
FL-2011-000164-CAF,FL_2011_000164_CAF,4.1247478e-11,2.486390791157592e-05,781.0,4.1299955707379135e-11
FL-2008-000086-MEX,FL_2008_000086_MEX,3.7577184e-11,3.949736246840035e-05,682.0,3.76318815021834e-11
FL-2007-000154-MEX,FL_2007_000154_MEX,3.6623166e-11,3.596752848832903e-05,713.0,3.667417319498607e-11
FL-2015-000039-KAZ,FL_2015_000039_KAZ,3.576209e-11,1.0080396043130164e-05,947.0,3.579965522058823e-11
FL-2012-000039-CHL,FL_2012_000039_CHL,3.3611357e-11,7.364731301365392e-05,528.0,3.367441770731708e-11
FL-2009-000011-PHL,FL_2009_000011_PHL,3.0352578e-11,0.0017866168017024,20.0,3.156668112e-11
FL-2010-000051-KAZ,FL_2010_000051_KAZ,3.1368325e-11,8.310358194982683e-06,976.0,3.1400300866462794e-11
FF-2013-000029-SRB,FF_2013_000029_SRB,3.0922247e-11,1.0015036328531829e-05,949.0,3.0954660256813416e-11
FL-2001-000450-THA,FL_2001_000450_THA,2.968004e-11,9.962646317513564e-06,952.0,2.9711053625914316e-11
FL-2013-000008-MOZ,FL_2013_000008_MOZ,2.8568991e-11,0.0002714618103118,200.0,2.8708351931707318e-11
FL-2013-000104-MLI,FL_2013_000104_MLI,2.8470082e-11,0.0001789514665829,298.0,2.8564042666666664e-11
FL-1993-000013-PHL,FL_1993_000013_PHL,2.5512495e-11,0.0001183494407917,401.0,2.5575333657635468e-11
FL-2003-000012-BOL,FL_2003_000012_BOL,2.4515648e-11,9.152966272704542e-07,1168.0,2.4536547955669224e-11
FL-2012-000071-NPL,FL_2012_000071_NPL,2.4334043e-11,1.36920044442473e-05,898.0,2.436099099889258e-11
FL-2010-000160-NPL,FL_2010_000160_NPL,2.2985483e-11,7.392965120076926e-06,999.0,2.300837690737052e-11
FL-1999-000265-TCD,FL_1999_000265_TCD,2.2151878e-11,2.242290432259813e-05,805.0,2.2179225997530866e-11
FL-2017-000012-MOZ,FL_2017_000012_MOZ,2.213075e-11,1.2972144499887749e-05,906.0,2.2155042810098792e-11
FF-2013-000113-ROM,FF_2013_000113_ROM,2.0980398e-11,4.181255337014787e-06,1071.0,2.0999896511152414e-11
FL-2022-000002-IRN,FL_2022_000002_IRN,1.9964289e-11,1.591830103717628e-05,873.0,1.998702737015945e-11
FL-2003-000212-AZE,FL_2003_000212_AZE,1.9753933e-11,0.0001409654807763,364.0,1.9807466693766934e-11
FL-2007-000123-NGA,FL_2007_000123_NGA,1.9490158e-11,2.545457113636882e-05,774.0,1.9515177458279846e-11
FL-2009-000192-MEX,FL_2009_000192_MEX,1.8475367e-11,5.733853547637512e-05,596.0,1.8506108043261234e-11
FL-2007-000132-BFA,FL_2007_000132_BFA,1.8116245e-11,6.40457512926392e-06,1022.0,1.8133884965920155e-11
FL-2014-000123-SSD,FL_2014_000123_SSD,1.7160018e-11,0.000181830303107,294.0,1.7217409364548493e-11
FL-1997-000111-ARM,FL_1997_000111_ARM,1.6865249e-11,3.891577117222806e-09,1219.0,1.6879027798202613e-11
FL-2021-000084-TCD,FL_2021_000084_TCD,1.6559929e-11,2.01106944883366e-05,823.0,1.6579928914251207e-11
FL-2006-000127-NPL,FL_2006_000127_NPL,1.6180137e-11,5.383613728444896e-06,1036.0,1.6195679878962535e-11
FL-2012-000132-NPL,FL_2012_000132_NPL,1.5869143e-11,6.554760282117999e-06,1018.0,1.5884655358748778e-11
FL-2013-000024-MKD,FL_2013_000024_MKD,1.5226051e-11,1.0156286537597891e-06,1163.0,1.5239087002568493e-11
FL-2019-000153-COD,FL_2019_000153_COD,1.5132215e-11,8.223949075324311e-05,503.0,1.5162002824803148e-11
FL-2007-000176-CRI,FL_2007_000176_CRI,1.4352482e-11,1.037416915953902e-06,1161.0,1.4364791161234993e-11
FL-2006-000001-IDN,FL_2006_000001_IDN,1.3634568e-11,0.0002562889904698,213.0,1.3697111889908258e-11
FL-2020-000193-SSD,FL_2020_000193_SSD,1.2780022e-11,0.0002582445879176,211.0,1.2839188768518517e-11
FL-2019-000087-PAK,FL_2019_000087_PAK,1.2242771e-11,2.585333815294217e-05,772.0,1.2258527462033461e-11
FL-2005-000065-GEO,FL_2005_000065_GEO,1.1369731e-11,7.012496049208011e-05,539.0,1.1390631240808824e-11
FL-2010-000023-ECU,FL_2010_000023_ECU,1.09619544e-11,0.0003170984931094,162.0,1.1027594845508982e-11
FL-2020-000185-PAK,FL_2020_000185_PAK,1.0972203e-11,0.0002158975870436,256.0,1.1014242091954024e-11
FL-2019-000170-RWA,FL_2019_000170_RWA,1.0828946e-11,0.000113786163059,411.0,1.085497712019231e-11
FL-2001-000521-TCD,FL_2001_000521_TCD,1.062872e-11,2.80327314362965e-05,756.0,1.0642686780551906e-11
FL-2007-000126-PRK,FL_2007_000126_PRK,9.72582e-12,5.785743725182503e-05,594.0,9.742056761268782e-12
FL-2007-000144-LBR,FL_2007_000144_LBR,9.5417224e-12,0.0005477267643845,88.0,9.644321565591397e-12
FL-2022-000286-MRT,FL_2022_000286_MRT,9.2686935e-12,2.15116445854952e-05,811.0,9.280052193014706e-12
FL-2018-000140-MLI,FL_2018_000140_MLI,9.119896e-12,0.0001203211380266,397.0,9.142582308457711e-12
FL-2013-000081-PRK,FL_2013_000081_PRK,8.946614e-12,0.0009344895867857,42.0,9.136967489361702e-12
FL-2022-000332-BEN,FL_2022_000332_BEN,8.746585e-12,0.0004827166584846,105.0,8.82609940909091e-12
FL-2011-000067-PHL,FL_2011_000067_PHL,8.393448e-12,0.0007434614721386,56.0,8.531045508196721e-12
FF-2006-000022-TLS,FF_2006_000022_TLS,8.413348e-12,0.0001788106021258,299.0,8.441023486842106e-12
FL-2008-000088-USA,FL_2008_000088_USA,8.045467e-12,1.7735422941699365e-05,856.0,8.054811328687573e-12
FL-2006-000123-SDN,FL_2006_000123_SDN,7.936123e-12,0.0002617453748872,209.0,7.973207686915888e-12
FL-2003-000359-PAK,FL_2003_000359_PAK,7.678462e-12,0.0001250398696412,392.0,7.697803214105795e-12
FL-2003-000037-MDG,FL_2003_000037_MDG,7.498387e-12,0.0001052717678457,433.0,7.51550660502283e-12
FF-2020-000204-TUN,FF_2020_000204_TUN,7.438862e-12,0.0003610519542115,146.0,7.488125986754966e-12
FL-2018-000164-HND,FL_2018_000164_HND,7.1599063e-12,0.0003670428249312,142.0,7.208613145578232e-12
FL-2019-000031-SYR,FL_2019_000031_SYR,7.055789e-12,5.675672058183744e-05,598.0,7.067490142620233e-12
FL-2014-000006-PHL,FL_2014_000006_PHL,6.23394e-12,0.0011339013071067,28.0,6.422847272727273e-12
FL-1998-000053-ZMB,FL_1998_000053_ZMB,6.3336944e-12,6.094794285999566e-05,574.0,6.344633423143351e-12
FL-2006-000190-BDI,FL_2006_000190_BDI,6.3137312e-12,2.2339149607977087e-05,808.0,6.3214971670356705e-12
FL-1997-000022-BOL,FL_1997_000022_BOL,6.274425e-12,8.557941162875715e-06,973.0,6.280840567484662e-12
FL-2014-000115-NER,FL_2014_000115_NER,6.211317e-12,0.0001447727953467,357.0,6.228475334254143e-12
FL-2022-000336-VNM,FL_2022_000336_VNM,6.016583e-12,9.228591597817512e-05,471.0,6.0292228802521006e-12
FL-2015-000176-BDI,FL_2015_000176_BDI,5.988872e-12,8.440332839836429e-06,975.0,5.99498309387755e-12
FF-2020-000138-TJK,FF_2020_000138_TJK,5.88131e-12,0.0002266194691829,237.0,5.905612933884298e-12
FL-2016-000117-ALB,FL_2016_000117_ALB,5.712962e-12,3.37585400754374e-07,1191.0,5.717738724080268e-12
FL-2008-000185-SOM,FL_2008_000185_SOM,5.2511567e-12,3.789306433220612e-06,1080.0,5.255996475760369e-12
FL-2015-000110-ARG,FL_2015_000110_ARG,5.0568764e-12,5.310819882380865e-06,1041.0,5.0617108898661566e-12
FF-2006-000049-IDN,FF_2006_000049_IDN,4.991698e-12,0.0004847512166616,104.0,5.037493394495413e-12
FL-2007-000227-ZWE,FL_2007_000227_ZWE,4.9372984e-12,0.0001411507221509,363.0,4.950714971739131e-12
FL-2019-000145-TZA,FL_2019_000145_TZA,4.7147234e-12,2.977398200791596e-05,746.0,4.721001327296938e-12
FL-2020-000052-COD,FL_2020_000052_COD,4.6725657e-12,0.0002969516047501,184.0,4.6972882698412694e-12
FL-1999-000053-PHL,FL_1999_000053_PHL,4.519921e-12,4.914778339155826e-05,635.0,4.5269833765624994e-12
FL-2016-000084-PHL,FL_2016_000084_PHL,4.193369e-12,0.001588207856228,22.0,4.348678962962963e-12
FL-2018-000165-CRI,FL_2018_000165_CRI,4.3173134e-12,1.971525522954177e-05,829.0,4.322490034772182e-12
FL-2003-000293-TLS,FL_2003_000293_TLS,4.058769e-12,8.699803187002907e-06,969.0,4.06293611396304e-12
FL-2013-000087-MMR,FL_2013_000087_MMR,4.0277347e-12,3.629527722612492e-05,708.0,4.033383696774193e-12
FL-2014-000089-IND,FL_2014_000089_IND,3.957304e-12,0.0002790420343998,194.0,3.977189949748743e-12
FL-2019-000133-SOM,FL_2019_000133_SOM,3.942438e-12,1.7792461589675945e-05,852.0,3.947038277712952e-12
FL-2019-000083-NPL,FL_2019_000083_NPL,3.912369e-12,1.514904672264028e-05,885.0,3.916764920224719e-12
FL-2011-000123-RUS,FL_2011_000123_RUS,3.5610284e-12,0.0001453882425788,354.0,3.5709476991643454e-12
FL-2013-000013-BWA,FL_2013_000013_BWA,3.5478964e-12,2.109143414190001e-05,815.0,3.552223102926829e-12
FL-2005-000182-IND,FL_2005_000182_IND,3.5354003e-12,0.0001208523158138,396.0,3.544216759600997e-12
FL-2005-000209-THA,FL_2005_000209_THA,3.398716e-12,0.0002251444213117,240.0,3.4125883102040818e-12
FL-2015-000037-HTI,FL_2015_000037_HTI,3.2085795e-12,8.4735603014442e-05,494.0,3.215009519038076e-12
FF-2021-000098-MNG,FF_2021_000098_MNG,3.0442471e-12,5.734541640301845e-05,595.0,3.049320845166667e-12
FL-2009-000247-MYS,FL_2009_000247_MYS,3.0230493e-12,9.421621440862324e-05,466.0,3.0294676636942677e-12
FF-2021-000090-SDN,FF_2021_000090_SDN,2.8579545e-12,1.4124705118527567e-05,893.0,2.8611370773942092e-12
FF-2021-000198-COG,FF_2021_000198_COG,2.6638951e-12,8.851322342213352e-06,966.0,2.66663855530381e-12
FL-2022-000190-TUN,FL_2022_000190_TUN,2.4478787e-12,0.0002427275431255,224.0,2.458568126637554e-12
FL-2011-000156-HTI,FL_2011_000156_HTI,2.322411e-12,0.0005049564653073,98.0,2.344958679611651e-12
FL-2008-000104-NPL,FL_2008_000104_NPL,2.309835e-12,1.633637610740911e-05,870.0,2.3124748114285714e-12
FL-2007-000231-BOL,FL_2007_000231_BOL,2.3068125e-12,2.354476420756631e-06,1115.0,2.3088721540178574e-12
FL-2013-000051-ECU,FL_2013_000051_ECU,2.2113672e-12,2.899454212066166e-05,750.0,2.214296163178808e-12
FL-1997-000166-ROM,FL_1997_000166_ROM,2.0901408e-12,0.0001094279943028,422.0,2.0950357433255268e-12
FL-2019-000118-SEN,FL_2019_000118_SEN,2.0750263e-12,4.905709069637812e-05,636.0,2.0782634705148208e-12
FL-2019-000103-LAO,FL_2019_000103_LAO,1.9074024e-12,1.4067116872984324e-05,894.0,1.9095240934371523e-12
FL-2007-000086-PAN,FL_2007_000086_PAN,1.6906825e-12,8.653745474472458e-05,490.0,1.6940980202020203e-12
FL-2005-000090-TJK,FL_2005_000090_TJK,1.6766144e-12,1.9826857331618397e-05,826.0,1.6786319865222624e-12
SL-2002-000428-NPL,SL_2002_000428_NPL,1.6580436e-12,6.404363559949495e-05,564.0,1.660957560632689e-12
FL-2000-000484-BTN,FL_2000_000484_BTN,1.579308e-12,3.2406556316289222e-06,1091.0,1.5807489744525548e-12
FL-2016-000054-HTI,FL_2016_000054_HTI,1.5007602e-12,2.0167761789909696e-05,822.0,1.5025749039903265e-12
FL-2009-000031-DOM,FL_2009_000031_DOM,1.4982999e-12,1.845807888039255e-05,844.0,1.5000646819787985e-12
FL-2009-000266-ALB,FL_2009_000266_ALB,1.4234301e-12,7.145622360690325e-06,1004.0,1.4248408334985133e-12
FL-2015-000053-CAF,FL_2015_000053_CAF,1.2776358e-12,9.587355342910942e-06,954.0,1.2789680583941606e-12
FL-2009-000186-TCD,FL_2009_000186_TCD,1.2481999e-12,0.0001705703968184,317.0,1.252076297204969e-12
FL-2010-000042-SRB,FL_2010_000042_SRB,1.1677183e-12,1.825595381917864e-06,1132.0,1.1687453169744941e-12
FF-2012-000102-PHL,FF_2012_000102_PHL,1.1454304e-12,4.5794733920167216e-05,646.0,1.1471898937019969e-12
FL-2013-000131-KHM,FL_2013_000131_KHM,1.112212e-12,0.0001554444409448,341.0,1.1154264855491327e-12
FL-2022-000271-NGA,FL_2022_000271_NGA,1.0856207e-12,7.64990498397468e-05,518.0,1.0876964565965583e-12
FL-2021-000095-MMR,FL_2021_000095_MMR,1.0166364e-12,6.922394058125582e-05,542.0,1.0184949674588665e-12
FL-2000-000583-LAO,FL_2000_000583_LAO,9.545679e-13,5.912740739132281e-06,1030.0,9.554901878260872e-13
FL-2001-000696-BRA,FL_2001_000696_BRA,8.672938e-13,7.900621470791454e-05,508.0,8.689844311890839e-13
FL-2017-000160-HND,FL_2017_000160_HND,8.6494055e-13,6.960574431940083e-06,1007.0,8.657952343379447e-13
FL-2005-000108-PAK,FL_2005_000108_PAK,8.2887934e-13,0.0002092342655722,263.0,8.31972173358209e-13
FL-2006-000009-GUY,FL_2006_000009_GUY,8.189317e-13,7.43522877879199e-05,525.0,8.204768541509435e-13
FL-2002-000614-LAO,FL_2002_000614_LAO,7.743236e-13,0.0001899478711246,285.0,7.769936813793103e-13
FL-2005-000038-MDG,FL_2005_000038_MDG,7.0259385e-13,0.0020563035018916,15.0,7.377235425000001e-13
FF-2013-000088-AFG,FF_2013_000088_AFG,7.2779917e-13,6.786122630679357e-05,548.0,7.291152625316455e-13
FL-2009-000135-MEX,FL_2009_000135_MEX,6.6121886e-13,0.0002512048222307,218.0,6.641839669955158e-13
FL-2003-000621-BOL,FL_2003_000621_BOL,6.3164686e-13,2.239694029411711e-05,807.0,6.324247502216749e-13
FL-2005-000109-PRK,FL_2005_000109_PRK,5.7759824e-13,0.0003521012156325,152.0,5.812772096815287e-13
FL-2002-000367-SRB,FL_2002_000367_SRB,5.462966e-13,5.53249340601448e-07,1183.0,5.467564456228956e-13
FL-2002-000325-JAM,FL_2002_000325_JAM,5.458191e-13,4.571089646356736e-07,1187.0,5.462770019295301e-13
FL-2009-000034-MAR,FL_2009_000034_MAR,4.4749079e-13,3.61775918534852e-05,710.0,4.4811665124475526e-13
FF-2010-000204-LCA,FF_2010_000204_LCA,4.396985e-13,1.583943281535076e-05,877.0,4.4019702437641717e-13
FL-2011-000161-SOM,FL_2011_000161_SOM,3.9006748e-13,0.0008807958145652,47.0,3.975687776923077e-13
FL-2015-000027-CHL,FL_2015_000027_CHL,3.8279018e-13,1.085771803743986e-08,1217.0,3.8310342891980365e-13
FL-2002-000020-IRN,FL_2002_000020_IRN,3.668006e-13,0.0006082706953983,77.0,3.712737780487805e-13
FF-2008-000063-PHL,FF_2008_000063_PHL,3.57278e-13,0.0006385614310458,72.0,3.61917974025974e-13
FL-2013-000011-ZWE,FL_2013_000011_ZWE,3.473416e-13,5.928480104502364e-05,583.0,3.4793231700680273e-13
FL-2009-000239-BRA,FL_2009_000239_BRA,3.2033116e-13,0.0001775206627746,302.0,3.213745839739414e-13
FL-2013-000006-IDN,FL_2013_000006_IDN,3.08579e-13,0.0003651802587623,144.0,3.1065000000000004e-13
FL-2021-000134-NPL,FL_2021_000134_NPL,2.6901143e-13,1.4150840703924946e-07,1206.0,2.6923356990916594e-13
FL-2007-000107-TLS,FL_2007_000107_TLS,2.4721604e-13,0.0001002991878847,446.0,2.47764190864745e-13
FL-2021-000096-PAN,FL_2021_000096_PAN,2.4229395e-13,3.976588089644975e-05,678.0,2.4264869956076133e-13
FL-2015-000171-PRY,FL_2015_000171_PRY,2.386839e-13,0.0001022491533755,443.0,2.3921667656249996e-13
FL-2010-000249-IND,FL_2010_000249_IND,2.3210372e-13,4.504506280978219e-06,1062.0,2.323212492596064e-13
FL-2020-000213-LAO,FL_2020_000213_LAO,2.1156498e-13,2.3196299462300592e-05,798.0,2.1182844821917807e-13
FF-2013-000090-PAK,FF_2013_000090_PAK,1.7441006e-13,1.91670993542164e-05,833.0,1.746181865632458e-13
FL-2021-000126-MYS,FL_2021_000126_MYS,1.7142304e-13,8.81320657455445e-05,486.0,1.7177217042769856e-13
FL-2006-000192-IDN,FL_2006_000192_IDN,1.7007472e-13,0.0004687873819675,108.0,1.7157980601769912e-13
SS-2007-000063-MDV,SS_2007_000063_MDV,1.708062e-13,4.034014791641557e-08,1214.0,1.7094631993437245e-13
FL-1999-000132-BLR,FL_1999_000132_BLR,1.6824924e-13,3.867715299139549e-08,1215.0,1.6838714921311475e-13
FL-2017-000010-PHL,FL_2017_000010_PHL,1.6759268e-13,1.958740952573998e-05,830.0,1.6779338979640719e-13
FL-2009-000121-CZE,FL_2009_000121_CZE,1.6458718e-13,6.327761734488007e-07,1180.0,1.6472607213502113e-13
FL-2006-000115-HTI,FL_2006_000115_HTI,1.6344065e-13,0.0003050345759764,175.0,1.6434865361111112e-13
FL-2012-000192-COD,FL_2012_000192_COD,1.558664e-13,8.306540476222597e-05,500.0,1.5617504633663365e-13
FL-2009-000044-BIH,FL_2009_000044_BIH,1.5067992e-13,3.813227512995127e-08,1216.0,1.50803326977887e-13
FL-2022-000312-BGR,FL_2022_000312_BGR,1.2713206e-13,8.993100827070827e-06,963.0,1.2726339477272726e-13
ST-2022-000138-MDG,ST_2022_000138_MDG,1.0877218e-13,0.0001536530128402,344.0,1.0908384813753582e-13
FL-2018-000015-BOL,FL_2018_000015_BOL,1.08617156e-13,4.938536478178521e-05,632.0,1.0878766958869701e-13
FL-2009-000203-USA,FL_2009_000203_USA,1.0852564e-13,7.087215099637017e-05,537.0,1.0872587180811809e-13
FL-2008-000230-CUB,FL_2008_000230_CUB,1.0860092e-13,1.5570389559014206e-05,882.0,1.0872335621195041e-13
FL-2022-000378-BIH,FL_2022_000378_BIH,1.08174036e-13,2.2827469481605477e-06,1116.0,1.0827053380196252e-13
FL-2021-000091-PHL,FL_2021_000091_PHL,9.919746e-14,0.0001141110657556,410.0,9.94364900240964e-14
FL-2016-000072-SDN,FL_2016_000072_SDN,9.530124e-14,4.977067381256198e-05,627.0,9.545203310126583e-14
FL-2022-000376-COD,FL_2022_000376_COD,9.054222e-14,0.0001341571019956,374.0,9.078111767810027e-14
FF-2020-000156-UKR,FF_2020_000156_UKR,7.629231e-14,1.4761417480726496e-06,1141.0,7.635888269633508e-14
FL-2009-000177-GMB,FL_2009_000177_GMB,6.575192e-14,0.0004031589438823,125.0,6.625770400000001e-14
FL-2014-000168-MYS,FL_2014_000168_MYS,6.449509e-14,0.0002536468414154,216.0,6.478692298642534e-14
FL-2018-000120-NGA,FL_2018_000120_NGA,6.271817e-14,6.834099592112346e-05,545.0,6.283220303636363e-14
FL-2011-000021-MYS,FL_2011_000021_MYS,6.16771e-14,0.0002065776782513,267.0,6.190385404411765e-14
FL-2007-000220-SRB,FL_2007_000220_SRB,5.9483905e-14,3.2749973323776717e-06,1090.0,5.953822820091325e-14
FL-2016-000068-NPL,FL_2016_000068_NPL,5.4224356e-14,1.0305180797409506e-05,944.0,5.4281494415173865e-14
FL-2012-000198-PAN,FL_2012_000198_PAN,4.8650743e-14,1.9069327697158685e-05,835.0,4.870866055119048e-14
FL-1997-000092-ECU,FL_1997_000092_ECU,4.7597187e-14,0.0002154000701649,257.0,4.7778855652671754e-14
FL-2006-000034-ECU,FL_2006_000034_ECU,4.5313383e-14,8.845215219145586e-05,484.0,4.540604840490798e-14
FL-2008-000117-ROM,FL_2008_000117_ROM,4.3204606e-14,2.50730559499762e-06,1106.0,4.3243494034203415e-14
FL-2007-000093-SDN,FL_2007_000093_SDN,3.896777e-14,0.000406731483354,123.0,3.9272205703125e-14
FL-1997-000143-POL,FL_1997_000143_POL,3.8711655e-14,1.534137053063907e-05,884.0,3.8755200168728907e-14
FL-2010-000067-BRA,FL_2010_000067_BRA,3.0810586e-14,2.022337528325504e-06,1124.0,3.083787615589017e-14
FL-2019-000032-BOL,FL_2019_000032_BOL,2.7223766e-14,3.1296815156537577e-06,1098.0,2.724844756482321e-14
FL-2002-000536-MMR,FL_2002_000536_MMR,2.6955666e-14,3.169900716706456e-06,1096.0,2.6980148893732968e-14
FL-2017-000174-ALB,FL_2017_000174_ALB,2.6572869e-14,2.517305328872008e-05,777.0,2.6606849650895137e-14
FL-2000-000476-NPL,FL_2000_000476_NPL,2.3874029e-14,0.0001496621542143,348.0,2.39416608101983e-14
FL-2022-000201-ZAF,FL_2022_000201_ZAF,2.3593735e-14,0.0001246613849613,393.0,2.3653015741206028e-14
FL-2004-000052-JPN,FL_2004_000052_JPN,2.041832e-14,7.512228971776982e-06,994.0,2.043875875875876e-14
FL-2005-000175-SDN,FL_2005_000175_SDN,2.0387094e-14,9.490130926525256e-05,462.0,2.0430749447537476e-14
FL-2019-000011-IDN,FL_2019_000011_IDN,1.8237055e-14,7.89070619646713e-06,987.0,1.8255439128024192e-14
FL-2000-000187-ROM,FL_2000_000187_ROM,1.7259142e-14,1.4880234922057938e-07,1205.0,1.7273405753719008e-14
FF-2020-000168-MNG,FF_2020_000168_MNG,1.380876e-14,8.877447658015755e-05,483.0,1.3837056639344263e-14
FL-2001-000079-ROM,FL_2001_000079_ROM,1.377893e-14,4.257072414756838e-05,658.0,1.379971269984917e-14
FL-2001-000095-HUN,FL_2001_000095_HUN,1.377893e-14,3.86846373419357e-05,686.0,1.379887056439942e-14
FL-2001-000096-UKR,FL_2001_000096_UKR,1.377893e-14,3.324120860308679e-07,1192.0,1.3790441219715956e-14
FL-2009-000101-PAN,FL_2009_000101_PAN,1.1163667e-14,5.88471104794691e-05,585.0,1.1182588469491527e-14
FL-2001-000236-URY,FL_2001_000236_URY,1.1082638e-14,2.1296740260065384e-06,1120.0,1.1092489233777779e-14
FL-2010-000151-COD,FL_2010_000151_COD,9.307229e-15,0.0002400759470334,225.0,9.347695213043478e-15
FL-2012-000153-IDN,FL_2012_000153_IDN,6.786957e-15,0.000115413142092,409.0,6.803350615942029e-15
FL-2000-000191-HUN,FL_2000_000191_HUN,6.56633e-15,4.606292592594759e-06,1060.0,6.572495568075117e-15
FL-2021-000055-TJK,FL_2021_000055_TJK,6.071447e-15,1.721255678171288e-05,862.0,6.078449822376009e-15
FL-1997-000299-PRY,FL_1997_000299_PRY,4.22167e-15,2.461573594469012e-05,783.0,4.227027449238579e-15
FL-2012-000106-BGD,FL_2012_000106_BGD,4.0049505e-15,2.6302918048765977e-06,1105.0,4.008558563513513e-15
FL-2019-000181-IDN,FL_2019_000181_IDN,3.9560606e-15,7.966061748270973e-05,505.0,3.963817581568627e-15
FL-2009-000176-MLI,FL_2009_000176_MLI,3.3970273e-15,5.372001304190995e-05,614.0,3.402515227786753e-15
FL-2002-000607-ALB,FL_2002_000607_ALB,3.2358941e-15,8.271280321800268e-07,1172.0,3.2386433728122346e-15
FL-2006-000125-THA,FL_2006_000125_THA,3.228368e-15,1.903720091921446e-05,836.0,3.232206725326992e-15
FL-2003-000531-IDN,FL_2003_000531_IDN,2.9803104e-15,0.0001773869473971,303.0,2.9899867324675326e-15
FL-2008-000094-ZAF,FL_2008_000094_ZAF,2.8260572e-15,0.0003997209977969,128.0,2.84730575037594e-15
FL-2003-000647-TLS,FL_2003_000647_TLS,2.7441456e-15,4.963967000977923e-06,1046.0,2.7467565853472884e-15
FL-2007-000158-TGO,FL_2007_000158_TGO,2.528784e-15,9.200100955853964e-05,473.0,2.5340743430962343e-15
FL-2012-000003-BRA,FL_2012_000003_BRA,2.3814634e-15,7.02041259368346e-06,1005.0,2.3838212845544556e-15
FL-2014-000107-MMR,FL_2014_000107_MMR,2.0855914e-15,0.0005543656873838,87.0,2.1082608717391305e-15
FL-2005-000063-SRB,FL_2005_000063_SRB,2.0875269e-15,4.912553550078577e-06,1051.0,2.089503724715909e-15
FL-1999-000324-HND,FL_1999_000324_HND,1.8333666e-15,1.0508111556030626e-05,942.0,1.835302573178458e-15
FL-2022-000365-PAN,FL_2022_000365_PAN,1.6711574e-15,0.0002267648300728,236.0,1.6780916630705394e-15
FL-2008-000191-HND,FL_2008_000191_HND,1.6382551e-15,0.000134028500066,375.0,1.6425662976315787e-15
FL-1998-000193-ROM,FL_1998_000193_ROM,1.4804304e-15,4.281629607884203e-07,1188.0,1.481671330762783e-15
FL-2009-000102-HTI,FL_2009_000102_HTI,1.3718891e-15,0.0002790550037986,193.0,1.3788178328282829e-15
FL-2019-000100-MLI,FL_2019_000100_MLI,1.2984303e-15,1.7834274106677645e-05,850.0,1.2999489319298247e-15
FL-2004-000023-CRI,FL_2004_000023_CRI,1.1303528e-15,3.7930992025455633e-06,1079.0,1.1313955608856088e-15
FL-2021-000213-STP,FL_2021_000213_STP,1.1246301e-15,1.5292440981452566e-06,1136.0,1.1256157530236635e-15
FL-2009-000237-THA,FL_2009_000237_THA,9.854955e-16,4.13574342484874e-05,664.0,9.869685874439463e-16
FL-2007-000125-PHL,FL_2007_000125_PHL,6.311894e-16,0.0006010071301921,81.0,6.38528811627907e-16
FL-2006-000062-THA,FL_2006_000062_THA,5.950255e-16,0.0010223131171074,38.0,6.088633023255815e-16
FL-2014-000005-IDN,FL_2014_000005_IDN,5.760198300000001e-16,2.449070818676028e-07,1199.0,5.764982517857144e-16
FL-1997-000295-COD,FL_1997_000295_COD,5.584301e-16,0.0002558060920369,214.0,5.6098000913242e-16
FL-2006-000027-IDN,FL_2006_000027_IDN,4.5342267e-16,5.444404601083296e-05,610.0,4.541599426341464e-16
FF-2008-000186-COD,FF_2008_000186_COD,4.426223e-16,0.0001240132563028,394.0,4.437316290726817e-16
FL-2004-000120-CRI,FL_2004_000120_CRI,3.6650168000000003e-16,2.110974441111872e-05,814.0,3.6694917899877905e-16
FL-2008-000158-PAN,FL_2008_000158_PAN,3.4884377000000003e-16,3.963636783615263e-05,681.0,3.493522886151604e-16
FL-2010-000219-PHL,FL_2010_000219_PHL,3.3385716000000003e-16,8.62651765173603e-05,491.0,3.345302591129032e-16
FL-2009-000179-LBR,FL_2009_000179_LBR,3.0533762000000003e-16,8.245748651376325e-05,502.0,3.0593986382643e-16
FL-2002-000110-BOL,FL_2002_000110_BOL,2.8569953e-16,4.202536290480695e-06,1070.0,2.8596529700465116e-16
FL-2018-000105-BGD,FL_2018_000105_BGD,2.739105e-16,7.841960646510128e-06,989.0,2.7418606388329984e-16
FL-2009-000145-NPL,FL_2009_000145_NPL,2.713271e-16,7.99067001541698e-06,985.0,2.7160116777777775e-16
FL-2019-000136-SLV,FL_2019_000136_SLV,2.4125407000000003e-16,8.215026266295113e-06,979.0,2.414992469004065e-16
FL-2000-000255-ARG,FL_2000_000255_ARG,2.3226538e-16,9.233817282514652e-06,960.0,2.325060695129534e-16
FL-2019-000098-CAF,FL_2019_000098_CAF,2.3126083000000003e-16,3.5864229950533333e-05,714.0,2.315824723226704e-16
FL-2004-000063-PRK,FL_2004_000063_PRK,2.0283852000000003e-16,0.0001059046190312,430.0,2.0330481544827587e-16
LS-2011-000104-ECU,LS_2011_000104_ECU,1.9227632e-16,0.0006300086871444,74.0,1.9471019746835445e-16
FL-2009-000198-BEN,FL_2009_000198_BEN,1.8583023e-16,7.759224200974295e-05,513.0,1.8618897561776066e-16
FL-2017-000134-CAF,FL_2017_000134_CAF,1.4309776e-16,6.624444864633482e-05,557.0,1.4335238234875445e-16
FL-2016-000085-MLI,FL_2016_000085_MLI,1.3693628000000002e-16,0.0001562388609383,339.0,1.3733435058139535e-16
FL-2003-000368-SDN,FL_2003_000368_SDN,1.229803e-16,0.0002773333832063,195.0,1.2359520149999998e-16
FL-2021-000005-IDN,FL_2021_000005_IDN,1.2122889e-16,0.00020409953328,270.0,1.2166972232727273e-16
FL-1998-000224-SVK,FL_1998_000224_SVK,7.27878e-17,0.0001283882371605,385.0,7.297443538461538e-17
FL-2019-000093-NGA,FL_2019_000093_NGA,6.250026500000001e-17,5.027653060751082e-06,1044.0,6.255984580552908e-17
FF-2008-000123-PAK,FF_2008_000123_PAK,6.032769000000001e-17,0.0004428573276797,115.0,6.083042075000001e-17
FL-2008-000231-PAN,FL_2008_000231_PAN,4.716624e-17,0.000138849865389,371.0,4.7291682127659575e-17
FL-2011-000082-NPL,FL_2011_000082_NPL,3.529066e-17,1.0331895612558976e-05,943.0,3.5327886434599156e-17
FL-2010-000251-CRI,FL_2010_000251_CRI,3.515476e-17,1.8593447161752687e-05,842.0,3.5196265029515944e-17
FF-2006-000069-IDN,FF_2006_000069_IDN,2.7774293e-17,0.0019974165335452,16.0,2.909687838095238e-17
FL-2016-000026-PNG,FL_2016_000026_PNG,2.8095547e-17,1.872776975361688e-05,839.0,2.812883556279621e-17
FL-2008-000232-CRI,FL_2008_000232_CRI,2.2831485e-17,1.1633468647672148e-05,930.0,2.2855903700534758e-17
FL-2008-000198-BLZ,FL_2008_000198_BLZ,2.0647207e-17,7.78604852479121e-08,1210.0,2.066420058600823e-17
FL-2010-000089-AZE,FL_2010_000089_AZE,1.8033824e-17,5.422616962307994e-05,612.0,1.8063052239870343e-17
FL-2022-000333-THA,FL_2022_000333_THA,1.3972703e-17,0.000586351719525,83.0,1.413148371590909e-17
FL-2009-000164-SEN,FL_2009_000164_SEN,1.0834129e-17,8.263567041220543e-06,977.0,1.0845161717922606e-17
FL-2022-000277-SDN,FL_2022_000277_SDN,9.701806e-18,0.0002857292570582,190.0,9.751558851282051e-18
FL-2007-000022-ARG,FL_2007_000022_ARG,8.649424e-18,1.6622124632849598e-05,865.0,8.659365866666667e-18
FL-2018-000028-BWA,FL_2018_000028_BWA,8.087302e-18,1.3653363513816333e-05,899.0,8.096248130530974e-18
FL-2015-000040-SOM,FL_2015_000040_SOM,7.660498e-18,3.427400476180302e-05,720.0,7.67106420413793e-18
FL-2005-000205-PHL,FL_2005_000205_PHL,7.081755e-18,5.3253572424053565e-06,1040.0,7.088531799043063e-18
FL-1998-000255-TUR,FL_1998_000255_TUR,6.146274e-18,1.34995018483779e-05,900.0,6.153065462983425e-18
FL-1998-000251-SDN,FL_1998_000251_SDN,5.750741599999999e-18,0.0003031181155178,179.0,5.7819956304347815e-18
FL-2004-000115-PAN,FL_2004_000115_PAN,5.5245135e-18,0.0001769757478498,305.0,5.542334511290322e-18
FL-2019-000030-IRQ,FL_2019_000030_IRQ,5.4929938e-18,0.0001618485934673,332.0,5.509293484866468e-18
FL-2013-000112-CAF,FL_2013_000112_CAF,4.916809e-18,0.0001992710846034,275.0,4.934369032142857e-18
FF-2011-000088-NGA,FF_2011_000088_NGA,4.912192e-18,9.581222977917126e-05,457.0,4.9228244502164505e-18
FL-2006-000130-KHM,FL_2006_000130_KHM,4.7643217e-18,1.4188646822932128e-05,892.0,4.769633095429208e-18
FL-2015-000024-ARG,FL_2015_000024_ARG,3.8355165999999994e-18,4.944637429268756e-05,630.0,3.841556783622047e-18
FF-2007-000100-MLI,FF_2007_000100_MLI,3.60181e-18,0.0002175910015053,248.0,3.6160464031620556e-18
FL-2007-000222-MYS,FL_2007_000222_MYS,2.2685045999999997e-18,0.0004213646908897,121.0,2.2865086047619044e-18
FL-2009-000251-SAU,FL_2009_000251_SAU,2.2382918e-18,0.0004953001199377,102.0,2.2592104149532707e-18
FL-2005-000166-CRI,FL_2005_000166_CRI,2.1415592e-18,3.5708264593892854e-07,1190.0,2.1433512997489537e-18
FF-2019-000029-IDN,FF_2019_000029_IDN,2.0689052999999998e-18,5.4431822025173016e-05,611.0,2.0722639125e-18
FL-2017-000126-NGA,FL_2017_000126_NGA,1.4072778e-18,4.027485021643779e-05,675.0,1.4093473261764705e-18
FF-2009-000201-PHL,FF_2009_000201_PHL,1.3428575e-18,0.0006964535374794,63.0,1.3626054044117647e-18
FL-2005-000171-SLV,FL_2005_000171_SLV,7.054587599999999e-19,1.186288203645885e-05,927.0,7.0621569e-19
FL-2021-000023-DZA,FL_2021_000023_DZA,6.815628999999999e-19,0.0001406599304886,366.0,6.833999967654986e-19
FL-2006-000030-SRB,FL_2006_000030_SRB,6.218265999999999e-19,9.43328949636128e-06,956.0,6.224736620187304e-19
FL-2007-000044-ARG,FL_2007_000044_ARG,5.545258999999999e-19,0.0001100289516772,419.0,5.558337441037734e-19
FL-1999-000240-SRB,FL_1999_000240_SRB,5.340111e-19,1.3735713318040968e-05,897.0,5.346031300443459e-19
FF-2022-000309-SLE,FF_2022_000309_SLE,5.0938294e-19,5.876577219979e-05,586.0,5.102448400676818e-19
FL-2005-000001-CRI,FL_2005_000001_CRI,5.022573999999999e-19,9.869861142358381e-08,1209.0,5.026711210873147e-19
FF-2008-000233-PHL,FF_2008_000233_PHL,4.9613176e-19,0.0006053227630174,78.0,5.021092510843373e-19
FL-2014-000045-SLB,FL_2014_000045_SLB,4.7273377e-19,0.0003332466541427,158.0,4.75633977177914e-19
FL-2000-000375-CHL,FL_2000_000375_CHL,4.599775e-19,6.296210736267383e-05,567.0,4.607816564685314e-19
FL-2011-000096-PRK,FL_2011_000096_PRK,2.9828748e-19,1.9195148053984605e-05,832.0,2.9864385691756273e-19
FL-2001-000252-ECU,FL_2001_000252_ECU,2.5560289999999996e-19,6.125703709233048e-05,572.0,2.560458859618717e-19
FL-2002-000641-THA,FL_2002_000641_THA,2.4280682e-19,0.0002132277518411,259.0,2.437265428030303e-19
FL-2001-000524-MLI,FL_2001_000524_MLI,2.2285176e-19,7.072933220679385e-05,538.0,2.2326216839779006e-19
FL-2001-000274-WSM,FL_2001_000274_WSM,1.0061609999999999e-19,1.1777204245639249e-05,928.0,1.0072394147909968e-19
FL-2002-000054-IDN,FL_2002_000054_IDN,7.2454934e-20,8.312631228499278e-05,499.0,7.259869378968253e-20
FL-1998-000272-PRK,FL_1998_000272_PRK,3.4554898e-20,0.0001775845271473,301.0,3.4667822503267975e-20
FF-2021-000032-TLS,FF_2021_000032_TLS,3.077615e-20,0.0010878776318031,33.0,3.1586048684210526e-20
FL-2018-000414-IRQ,FL_2018_000414_IRQ,2.2508646e-20,9.674214701455208e-05,452.0,2.2557899054704594e-20
FL-2008-000096-BGD,FL_2008_000096_BGD,1.3110504e-20,1.3960816586291617e-07,1207.0,1.312132124752475e-20
FL-2009-000123-BGD,FL_2009_000123_BGD,3.9160382e-21,0.0001132313175723,413.0,3.925406712440192e-21
FL-2002-000125-ECU,FL_2002_000125_ECU,3.5421845000000005e-21,0.0001268287585315,390.0,3.551152055696203e-21
FL-2019-000009-ARG,FL_2019_000009_ARG,2.8139588e-21,4.958252568396083e-05,629.0,2.818397220820189e-21
FL-2001-000571-PRK,FL_2001_000571_PRK,2.5612656e-21,0.0001168825449151,403.0,2.567543211764706e-21
FL-2011-000093-BGD,FL_2011_000093_BGD,2.1140483e-21,5.995881381985131e-06,1027.0,2.1160967964147287e-21
FL-1999-000350-CRI,FL_1999_000350_CRI,1.9485324e-21,4.688817877744519e-06,1058.0,1.9503654502351835e-21
FL-2016-000075-BGD,FL_2016_000075_BGD,6.3457607e-22,4.80446841822063e-06,1056.0,6.351741624316683e-22
FL-2009-000183-NGA,FL_2009_000183_NGA,5.314058e-22,5.647408104080878e-05,600.0,5.322841566942149e-22
FL-2022-000217-BGD,FL_2022_000217_BGD,5.139225000000001e-22,2.1690209087689945e-06,1119.0,5.143797264234876e-22
FL-2009-000248-URY,FL_2009_000248_URY,3.2431728000000004e-22,3.926443094451189e-06,1076.0,3.246172959851989e-22
FL-2010-000120-BRA,FL_2010_000120_BRA,4.162735e-23,3.86310110599252e-05,688.0,4.1687418326118324e-23
FL-1998-000203-BGD,FL_1998_000203_BGD,1.3777395e-24,6.931693907598399e-06,1009.0,1.3790982174556212e-24
FL-2004-000022-AFG,FL_2004_000022_AFG,8.47034e-25,0.000113721180405,412.0,8.490652565947241e-25
FL-2006-000085-UKR,FL_2006_000085_UKR,7.955854e-25,0.0001221454903906,395.0,7.975743635e-25
FL-2021-000209-MYS,FL_2021_000209_MYS,7.61188e-25,0.0005211864949763,95.0,7.6879988e-25
FL-2009-000208-AZE,FL_2009_000208_AZE,3.7051672e-26,1.8942341220783494e-05,838.0,3.709562416132859e-26
FL-2005-000153-THA,FL_2005_000153_THA,3.415257e-26,2.9451111592350558e-06,1102.0,3.4183421463414635e-26
FL-2012-000083-HND,FL_2012_000083_HND,1.7770175e-26,8.5862005409981e-06,972.0,1.7788363510747184e-26
FL-1999-000413-CAF,FL_1999_000413_CAF,7.678361e-28,0.0001069317156041,426.0,7.696176222737819e-28
FF-2020-000191-AFG,FF_2020_000191_AFG,3.6444760000000004e-28,3.5684896673952265e-05,715.0,3.6495377722222227e-28
FL-2012-000129-SDN,FL_2012_000129_SDN,2.1152400999999998e-29,0.0002630334975789,208.0,2.1251708046948357e-29
FL-2021-000097-BGD,FL_2021_000097_BGD,2.7157713000000002e-30,8.73616156554062e-06,968.0,2.7185624318602265e-30
FL-2022-000328-HND,FL_2022_000328_HND,1.1626288e-30,2.382645558102671e-05,788.0,1.1640949145018917e-30
FL-2011-000102-BRA,FL_2011_000102_BRA,7.8777320000000005e-31,2.067061724435005e-06,1122.0,7.8847220017746235e-31
FF-2007-000091-AFG,FF_2007_000091_AFG,1.9697344000000001e-31,0.0008175641980898,51.0,2.0049082285714284e-31
FL-2008-000103-SLV,FL_2008_000103_SLV,5.5910225e-33,2.349214470318087e-05,794.0,5.598020025031289e-33
FL-2007-000088-ECU,FL_2007_000088_ECU,2.2189393999999998e-33,1.2248913918250926e-05,918.0,2.2213434513542792e-33
FL-2007-000012-BOL,FL_2007_000012_BOL,0.0,0.000166629299903,325.0,0.0
FL-2011-000204-PHL,FL_2011_000204_PHL,0.0,0.0006369201665631,73.0,0.0
FL-2004-000044-BGD,FL_2004_000044_BGD,0.0,1.1860171717048442e-06,1154.0,0.0
FL-2012-000009-FJI,FL_2012_000009_FJI,0.0,1.2184357810667414e-05,921.0,0.0
FF-2009-000069-IDN,FF_2009_000069_IDN,0.0,0.000777873268083,54.0,0.0
FF-2008-000178-DZA,FF_2008_000178_DZA,0.0,0.0001099117301214,420.0,0.0
FL-1999-000233-SVK,FL_1999_000233_SVK,0.0,0.000276769006166,196.0,0.0
FL-2003-000028-BRA,FL_2003_000028_BRA,0.0,0.0001017139315294,444.0,0.0
FL-2008-000167-VCT,FL_2008_000167_VCT,0.0,1.5256364470500372e-06,1137.0,0.0
FL-2000-000438-KHM,FL_2000_000438_KHM,0.0,3.50570021886812e-05,717.0,0.0
FL-2013-000045-AFG,FL_2013_000045_AFG,0.0,6.537909133542895e-06,1019.0,0.0
FL-2015-000081-PHL,FL_2015_000081_PHL,0.0,4.711095199594111e-05,642.0,0.0
FL-2011-000005-HND,FL_2011_000005_HND,0.0,6.77041239593084e-08,1212.0,0.0
FF-2022-000209-AFG,FF_2022_000209_AFG,0.0,0.0006143757893196,76.0,0.0
FF-2008-000216-PSE,FF_2008_000216_PSE,0.0,0.0001395810821174,370.0,0.0
FL-2012-000151-TCD,FL_2012_000151_TCD,0.0,0.0003500964599702,153.0,0.0
FF-2006-000163-AFG,FF_2006_000163_AFG,0.0,6.808176973535814e-05,546.0,0.0
FF-2009-000107-THA,FF_2009_000107_THA,0.0,5.9474439187866576e-05,580.0,0.0
FL-2009-000080-AFG,FL_2009_000080_AFG,0.0,0.0001275527824561,387.0,0.0
FL-2005-000157-MDA,FL_2005_000157_MDA,0.0,3.106539263364589e-05,737.0,0.0
FL-2010-000127-AFG,FL_2010_000127_AFG,0.0,5.526156339288832e-05,602.0,0.0
FL-2009-000234-PHL,FL_2009_000234_PHL,0.0,4.04002654863532e-05,672.0,0.0
FL-2010-000152-THA,FL_2010_000152_THA,0.0,2.51716054636859e-05,778.0,0.0
FL-2013-000116-NGA,FL_2013_000116_NGA,0.0,4.3770594892052593e-05,656.0,0.0
FL-2022-000275-UGA,FL_2022_000275_UGA,0.0,4.162655583852074e-05,662.0,0.0
FF-2007-000080-BGD,FF_2007_000080_BGD,0.0,7.54369148858419e-06,993.0,0.0
FL-2012-000037-PSE,FL_2012_000037_PSE,0.0,5.2925918676552284e-09,1218.0,0.0
FL-2007-000210-PHL,FL_2007_000210_PHL,0.0,0.0002273946629339,234.0,0.0
FL-2004-000142-ALB,FL_2004_000142_ALB,0.0,2.00424711008132e-06,1127.0,0.0
FL-2012-000138-NGA,FL_2012_000138_NGA,0.0,1.295043062823697e-06,1149.0,0.0
FL-2012-000050-AFG,FL_2012_000050_AFG,0.0,6.49560045328185e-05,562.0,0.0
FL-2002-000482-RUS,FL_2002_000482_RUS,0.0,5.857536368675354e-05,589.0,0.0
FL-2019-000089-SLE,FL_2019_000089_SLE,0.0,9.395399982877769e-05,467.0,0.0
FL-2002-000755-CRI,FL_2002_000755_CRI,0.0,2.8516466500769078e-05,753.0,0.0
FL-2015-000009-ALB,FL_2015_000009_ALB,0.0,2.4799830983822244e-05,782.0,0.0
FL-1997-000140-AZE,FL_1997_000140_AZE,0.0,5.257623304380708e-05,618.0,0.0
FL-2011-000002-BRA,FL_2011_000002_BRA,0.0,0.0001036555206591,438.0,0.0
FL-2012-000164-CAF,FL_2012_000164_CAF,0.0,0.000106368255274,429.0,0.0
FL-2022-000362-LCA,FL_2022_000362_LCA,0.0,2.0669981135960563e-05,818.0,0.0
FL-2008-000250-THA,FL_2008_000250_THA,0.0,1.556059622273654e-05,883.0,0.0
FL-2010-000225-PAN,FL_2010_000225_PAN,0.0,4.565732740074534e-05,647.0,0.0
FL-2013-000157-BRA,FL_2013_000157_BRA,0.0,2.967731086819969e-05,749.0,0.0
FL-2006-000151-PAN,FL_2006_000151_PAN,0.0,0.0001755534875045,309.0,0.0
FL-2005-000048-AFG,FL_2005_000048_AFG,0.0,1.0364614774666405e-06,1162.0,0.0
FL-2010-000119-PAN,FL_2010_000119_PAN,0.0,2.752646491798901e-05,758.0,0.0
FL-2021-000050-AFG,FL_2021_000050_AFG,0.0,1.745842692611886e-05,860.0,0.0
FL-2005-000150-NGA,FL_2005_000150_NGA,0.0,9.26140614584686e-06,959.0,0.0
FL-2008-000246-GUY,FL_2008_000246_GUY,0.0,0.0007059014528741,61.0,0.0
FL-2006-000050-ARG,FL_2006_000050_ARG,0.0,0.0005235465816254,94.0,0.0
FL-2007-000155-ROM,FL_2007_000155_ROM,0.0,5.207131819639275e-07,1185.0,0.0
FL-2006-000131-BGD,FL_2006_000131_BGD,0.0,1.189386370662964e-06,1153.0,0.0
FL-2012-000126-PAN,FL_2012_000126_PAN,0.0,0.0002986977046002,183.0,0.0
FL-2010-000062-COD,FL_2010_000062_COD,0.0,0.0001125895729054,415.0,0.0
FF-2020-000240-ZMB,FF_2020_000240_ZMB,0.0,0.0002556747521524,215.0,0.0
FL-2013-000083-THA,FL_2013_000083_THA,0.0,8.377330905506055e-05,496.0,0.0
FL-1999-000259-KHM,FL_1999_000259_KHM,0.0,4.20082347393537e-05,661.0,0.0
FL-2014-000117-BGD,FL_2014_000117_BGD,0.0,1.2735414839072256e-07,1208.0,0.0
FL-2022-000331-SLV,FL_2022_000331_SLV,0.0,1.55805658406453e-05,881.0,0.0
FL-2008-000069-CHL,FL_2008_000069_CHL,0.0,1.480142252931154e-06,1140.0,0.0
FL-2010-000021-AFG,FL_2010_000021_AFG,0.0,1.2549670615499434e-05,912.0,0.0
FL-2000-000770-IDN,FL_2000_000770_IDN,0.0,4.965327019648693e-05,628.0,0.0
FL-2020-000050-AFG,FL_2020_000050_AFG,0.0,7.757897707401216e-05,514.0,0.0
FL-2005-000103-SLV,FL_2005_000103_SLV,0.0,9.363590426583828e-06,957.0,0.0
FL-2015-000068-BGD,FL_2015_000068_BGD,0.0,2.3004242102646357e-05,801.0,0.0
FL-2017-000004-THA,FL_2017_000004_THA,0.0,8.919151686416119e-05,481.0,0.0
FF-2008-000082-PHL,FF_2008_000082_PHL,0.0,0.0012826609537603,26.0,0.0
FL-2020-000196-NGA,FL_2020_000196_NGA,0.0,5.9351375035766834e-05,582.0,0.0
FL-2002-000322-CHL,FL_2002_000322_CHL,0.0,3.3196299296001677e-06,1089.0,0.0
FL-2002-000540-DZA,FL_2002_000540_DZA,0.0,3.31782471399941e-05,726.0,0.0
FL-2006-000023-DZA,FL_2006_000023_DZA,0.0,3.2625524616120165e-05,730.0,0.0
FL-1995-000012-PHL,FL_1995_000012_PHL,0.0,0.0002002398723448,274.0,0.0
FF-2009-000204-TUN,FF_2009_000204_TUN,0.0,0.0002589409161387,210.0,0.0
FL-2007-000051-TUN,FL_2007_000051_TUN,0.0,9.067624464710924e-05,476.0,0.0
FL-2007-000025-FJI,FL_2007_000025_FJI,0.0,1.9751216804820286e-05,828.0,0.0
FL-2022-000382-ZAF,FL_2022_000382_ZAF,0.0,0.0001291235362227,383.0,0.0
FL-2001-000485-KHM,FL_2001_000485_KHM,0.0,9.119012047734806e-06,962.0,0.0
FL-2010-000015-PSE,FL_2010_000015_PSE,0.0,0.0001603845691087,334.0,0.0
FL-2015-000080-MMR,FL_2015_000080_MMR,0.0,2.372495102839034e-05,790.0,0.0
FL-2021-000153-UGA,FL_2021_000153_UGA,0.0,0.0003786182908856,136.0,0.0
FL-2021-000204-BRA,FL_2021_000204_BRA,0.0,9.7290588385028e-07,1166.0,0.0
FL-1997-000265-SOM,FL_1997_000265_SOM,0.0,5.4141183500411694e-06,1035.0,0.0
FL-2007-000054-AFG,FL_2007_000054_AFG,0.0,4.540015972973724e-05,651.0,0.0
FL-2020-000212-KHM,FL_2020_000212_KHM,0.0,1.7700584264340552e-05,857.0,0.0
FL-2012-000169-SEN,FL_2012_000169_SEN,0.0,3.8393780852245714e-05,691.0,0.0
FL-2006-000045-HUN,FL_2006_000045_HUN,0.0,3.4537436078735823e-06,1085.0,0.0
FL-2002-000376-RUS,FL_2002_000376_RUS,0.0,9.651774677317212e-05,453.0,0.0
FL-2019-000162-MYS,FL_2019_000162_MYS,0.0,0.0006256916546271,75.0,0.0
FL-2019-000104-THA,FL_2019_000104_THA,0.0,5.326417087985077e-06,1039.0,0.0
FL-2006-000071-ROM,FL_2006_000071_ROM,0.0,1.3344972662621505e-06,1146.0,0.0
FL-2012-000030-KAZ,FL_2012_000030_KAZ,0.0,1.7376865748498608e-05,861.0,0.0
FL-2007-000138-UGA,FL_2007_000138_UGA,0.0,0.0007205734219155,58.0,0.0
FL-2004-000100-PAN,FL_2004_000100_PAN,0.0,2.264063486697936e-06,1117.0,0.0
FL-2002-000522-KHM,FL_2002_000522_KHM,0.0,0.0003725654965836,137.0,0.0
FL-2008-000155-CHL,FL_2008_000155_CHL,0.0,0.0001038190551894,436.0,0.0
FL-2007-000129-PAK,FL_2007_000129_PAK,0.0,1.2208338090859885e-05,920.0,0.0
FL-2007-000003-PHL,FL_2007_000003_PHL,0.0,0.0003527734493219,151.0,0.0
FF-2012-000118-AFG,FF_2012_000118_AFG,0.0,3.153201581102057e-05,736.0,0.0
FL-2008-000024-PHL,FL_2008_000024_PHL,0.0,0.0004809552549997,107.0,0.0
FL-2006-000086-CHL,FL_2006_000086_CHL,0.0,4.528938834060967e-06,1061.0,0.0
FL-1997-000164-BGD,FL_1997_000164_BGD,0.0,2.4980170135991994e-06,1107.0,0.0
FL-2007-000177-SLE,FL_2007_000177_SLE,0.0,0.0003680703570709,141.0,0.0
FL-2011-000032-THA,FL_2011_000032_THA,0.0,3.690520705169375e-06,1082.0,0.0
FL-2008-000032-KAZ,FL_2008_000032_KAZ,0.0,1.7130099221360864e-05,863.0,0.0
FL-2006-000178-JAM,FL_2006_000178_JAM,0.0,1.488113484536526e-06,1139.0,0.0
FF-2013-000091-SDN,FF_2013_000091_SDN,0.0,0.001327468553714,24.0,0.0
FL-2021-000092-CRI,FL_2021_000092_CRI,0.0,1.0793546540881523e-05,939.0,0.0
FL-2000-000012-MOZ,FL_2000_000012_MOZ,0.0,2.0620535221466304e-05,819.0,0.0
FL-2007-000199-THA,FL_2007_000199_THA,0.0,1.8496254689152533e-05,843.0,0.0
FL-2016-000097-PRK,FL_2016_000097_PRK,0.0,0.0002081418237773,265.0,0.0
FL-2005-000111-ROM,FL_2005_000111_ROM,0.0,8.534366763562249e-07,1169.0,0.0
FL-2003-000080-ARG,FL_2003_000080_ARG,0.0,1.0017162162351095e-05,948.0,0.0
FL-1999-000437-KHM,FL_1999_000437_KHM,0.0,5.936108308440027e-06,1029.0,0.0
FL-2016-000137-ARG,FL_2016_000137_ARG,0.0,6.338901977065561e-05,565.0,0.0
FL-2015-000155-NGA,FL_2015_000155_NGA,0.0,5.945283500611687e-05,581.0,0.0
FL-2010-000019-MEX,FL_2010_000019_MEX,0.0,6.5632952726608e-05,561.0,0.0
FL-2014-000038-ZAF,FL_2014_000038_ZAF,0.0,0.000586472648845,82.0,0.0
FL-2009-000166-SDN,FL_2009_000166_SDN,0.0,0.0003578702415055,149.0,0.0
FL-2016-000130-VCT,FL_2016_000130_VCT,0.0,3.979585685789682e-05,677.0,0.0
FL-2018-000194-TTO,FL_2018_000194_TTO,0.0,5.25852102395823e-06,1042.0,0.0
FF-2014-000060-AFG,FF_2014_000060_AFG,0.0,4.790947296395167e-05,639.0,0.0
FL-2003-000455-NGA,FL_2003_000455_NGA,0.0,4.097808162313165e-05,667.0,0.0
FL-2007-000174-CAF,FL_2007_000174_CAF,0.0,0.0002652493532713,206.0,0.0
FL-1999-000349-SLV,FL_1999_000349_SLV,0.0,4.2338450222354224e-05,659.0,0.0
FL-2000-000617-BGD,FL_2000_000617_BGD,0.0,5.375155371204744e-06,1038.0,0.0
ST-2011-000073-CAF,ST_2011_000073_CAF,0.0,0.0002018257984908,273.0,0.0
FL-2015-000092-BRA,FL_2015_000092_BRA,0.0,0.0001201110478598,399.0,0.0
FL-2016-000071-LBR,FL_2016_000071_LBR,0.0,0.0001696999905458,320.0,0.0
FL-2010-000107-PHL,FL_2010_000107_PHL,0.0,0.0007272489246985,57.0,0.0
ST-2015-000041-PRY,ST_2015_000041_PRY,0.0,9.59834158961418e-05,456.0,0.0
FL-2009-000165-CHL,FL_2009_000165_CHL,0.0,1.203337215265848e-05,922.0,0.0
FL-2019-000120-PHL,FL_2019_000120_PHL,0.0,9.552097793458594e-05,459.0,0.0
FL-2009-000089-BRA,FL_2009_000089_BRA,0.0,0.0002242658307206,242.0,0.0
FL-2015-000079-CRI,FL_2015_000079_CRI,0.0,1.1021235609765124e-05,934.0,0.0
FL-2004-000068-ROM,FL_2004_000068_ROM,0.0,5.005171617739104e-07,1186.0,0.0
FL-2009-000240-PAN,FL_2009_000240_PAN,0.0,5.498711558630731e-05,606.0,0.0
FL-2008-000191-SLV,FL_2008_000191_SLV,0.0,5.278898524336707e-07,1184.0,0.0
FF-2020-000221-SOM,FF_2020_000221_SOM,0.0,5.1298753014650745e-05,621.0,0.0
FL-2021-000147-THA,FL_2021_000147_THA,0.0,1.4161525454353804e-06,1143.0,0.0
FL-2011-000022-AFG,FL_2011_000022_AFG,0.0,1.1884505959144729e-05,926.0,0.0
FL-2002-000263-CRI,FL_2002_000263_CRI,0.0,9.645533888661204e-06,953.0,0.0
FL-2013-000002-PSE,FL_2013_000002_PSE,0.0,2.658991648651237e-06,1104.0,0.0
FL-2011-000196-IDN,FL_2011_000196_IDN,0.0,3.735319488873778e-05,697.0,0.0
FL-2008-000207-SDN,FL_2008_000207_SDN,0.0,0.000108889750188,423.0,0.0
FL-2002-000296-PRY,FL_2002_000296_PRY,0.0,9.235282387514852e-05,470.0,0.0
FL-2007-000035-AFG,FL_2007_000035_AFG,0.0,6.246720843824327e-05,569.0,0.0
FL-2019-000079-BGD,FL_2019_000079_BGD,0.0,2.5999388133701275e-05,771.0,0.0
FL-2010-000239-MNE,FL_2010_000239_MNE,0.0,4.875832523375519e-06,1053.0,0.0
FL-2018-000014-ARG,FL_2018_000014_ARG,0.0,0.0002194420587977,246.0,0.0
FL-2005-000139-SLE,FL_2005_000139_SLE,0.0,1.3906238660611051e-05,896.0,0.0
FL-1999-000286-GMB,FL_1999_000286_GMB,0.0,0.0001032994048568,439.0,0.0
FL-2006-000056-AFG,FL_2006_000056_AFG,0.0,3.878418045095729e-06,1078.0,0.0
FL-2015-000131-SLE,FL_2015_000131_SLE,0.0,3.909402018867454e-05,684.0,0.0
FL-2009-000039-CRI,FL_2009_000039_CRI,0.0,3.273010778000993e-05,729.0,0.0
FL-2022-000348-CRI,FL_2022_000348_CRI,0.0,0.0001123499969473,416.0,0.0
FF-2019-000018-AFG,FF_2019_000018_AFG,0.0,7.489433574736775e-05,523.0,0.0
FL-2011-000180-PAN,FL_2011_000180_PAN,0.0,0.0002162850018242,254.0,0.0
FL-2005-000094-AFG,FL_2005_000094_AFG,0.0,9.119814207188162e-06,961.0,0.0
FL-2009-000010-FJI,FL_2009_000010_FJI,0.0,5.37515168219973e-05,613.0,0.0
FL-2007-000106-IDN,FL_2007_000106_IDN,0.0,7.422621465342128e-05,526.0,0.0
FL-2009-000171-AFG,FL_2009_000171_AFG,0.0,0.0001641265469866,330.0,0.0
FL-1997-000097-AFG,FL_1997_000097_AFG,0.0,5.8559392611961e-06,1032.0,0.0
FL-2021-000208-IRQ,FL_2021_000208_IRQ,0.0,0.0009101007479638,44.0,0.0
FL-2008-000234-BRA,FL_2008_000234_BRA,0.0,2.36078256789922e-05,793.0,0.0
FL-2004-000059-AFG,FL_2004_000059_AFG,0.0,0.0001265831088362,391.0,0.0
FL-2008-000010-BRA,FL_2008_000010_BRA,0.0,4.461585000430769e-05,654.0,0.0
FL-2002-000242-AFG,FL_2002_000242_AFG,0.0,1.1929364079371147e-05,924.0,0.0
FL-2002-000402-BGD,FL_2002_000402_BGD,0.0,2.4390242925201103e-06,1111.0,0.0
FL-1998-000080-ARG,FL_1998_000080_ARG,0.0,3.694162527690357e-05,703.0,0.0
