match_id,era5_event_id,cnn_bayesian_score,kg_bayesian_score,kg_rank,attribution_weight
FL-2021-000057-LKA,FL_2021_000057_LKA,0.34202042,1.1314393379937904,1.0,0.39902382333333336
FF-2009-000246-LKA,FF_2009_000246_LKA,0.04547071,2.0736927718711693e-05,527.0,0.04555618125939849
FF-2009-000160-LKA,FF_2009_000160_LKA,0.0273088,5.283424333874585e-06,829.0,0.027341544364508395
FL-2014-000070-LKA,FL_2014_000070_LKA,0.018036772,0.0029931648972505,4.0,0.02004085777777778
FL-2006-000155-LKA,FL_2006_000155_LKA,0.016444877,0.000336052910257,40.0,0.01681031871111111
FL-2019-000171-LKA,FL_2019_000171_LKA,0.015293047,0.0009568034738463,9.0,0.0163854075
FL-2008-000079-LKA,FL_2008_000079_LKA,0.015327227,0.0007415032784793,15.0,0.01609358835
FL-2010-000092-LKA,FL_2010_000092_LKA,0.011798206,0.0069260057809137,2.0,0.013483664
FL-2005-000196-LKA,FL_2005_000196_LKA,0.009953176,3.3717112881874125e-05,402.0,0.009977630977886977
FL-2018-000425-LKA,FL_2018_000425_LKA,0.008783363,0.0001296159467136,140.0,0.00884393791724138
LS-2015-000135-LKA,LS_2015_000135_LKA,0.0051035485,0.0052593985454651,3.0,0.0057414920625
LS-2022-000283-LKA,LS_2022_000283_LKA,0.0046312483,0.0009417117750744,11.0,0.00492070131875
FL-2000-000741-LKA,FL_2000_000741_LKA,0.004532612,0.0007262948450405,16.0,0.004748450666666667
FF-2008-000199-LKA,FF_2008_000199_LKA,0.0044740867,0.0003998430978417,32.0,0.004595007962162162
FL-1999-000161-LKA,FL_1999_000161_LKA,0.0037841494,0.0005505141474114,23.0,0.003919297592857143
FF-2007-000008-LKA,FF_2007_000008_LKA,0.003562808,0.0005305312194241,24.0,0.0036856634482758627
FL-2010-000196-LKA,FL_2010_000196_LKA,0.00321574,9.310917284478134e-05,189.0,0.003232315979381443
FL-2011-000176-LKA,FL_2011_000176_LKA,0.0029899632,0.000396012880889,33.0,0.0030686464421052634
FL-2003-000229-LKA,FL_2003_000229_LKA,0.002895128,1.8765015599572822e-05,562.0,0.0029002340458553788
FL-2008-000051-LKA,FL_2008_000051_LKA,0.0022809347,5.657605996015257e-05,290.0,0.002288666682033898
FL-2007-000228-LKA,FL_2007_000228_LKA,0.0021189896,0.0007142741293705,19.0,0.0022072808333333336
FL-2006-000191-LKA,FL_2006_000191_LKA,0.0020064283,6.030270715497245e-05,274.0,0.002013619799283154
FL-2007-000052-LKA,FL_2007_000052_LKA,0.0019158293,0.0005030733856243,25.0,0.001979690276666667
FL-2012-000205-LKA,FL_2012_000205_LKA,0.001761884,9.70871309754649e-06,705.0,0.0017643655267605635
FL-2018-000060-LKA,FL_2018_000060_LKA,0.0014944731,0.0019577388583968,5.0,0.0016439204100000002
FL-2014-000162-LKA,FL_2014_000162_LKA,0.0013770813,0.0004339251627249,28.0,0.0014188110363636364
FL-2021-000110-YEM,FL_2021_000110_YEM,0.0011941856,2.2124043080443703e-05,511.0,0.0011964999131782944
FL-2007-000181-HTI,FL_2007_000181_HTI,0.0006030267,6.366138694336035e-06,796.0,0.0006037795423220974
FL-2017-000057-LKA,FL_2017_000057_LKA,0.00053431676,0.001049102646059,8.0,0.0005754180492307692
FL-1999-000031-LKA,FL_1999_000031_LKA,0.000418572,0.00131806650901,6.0,0.00045662399999999993
FL-2008-000095-SUR,FL_2008_000095_SUR,0.00038029425,3.989763332178321e-06,876.0,0.00038072591203178207
FL-2013-000125-BFA,FL_2013_000125_BFA,0.00027066292,2.0482049013469824e-06,981.0,0.0002709374260040568
FF-2019-000054-YEM,FF_2019_000054_YEM,0.00026088866,4.984127637787978e-06,838.0,0.00026119813646500594
FL-2016-000050-LKA,FL_2016_000050_LKA,0.00025885232,7.194016405253233e-05,242.0,0.00025990030510121456
FL-2013-000087-MMR,FL_2013_000087_MMR,0.0002484633,5.805320846141129e-06,807.0,0.0002487692892857143
FL-2014-000107-MMR,FL_2014_000107_MMR,0.0002481306,2.508384711332871e-06,960.0,0.00024838773015544043
FL-2011-000135-THA,FL_2011_000135_THA,0.00023642661,8.066981778550685e-06,755.0,0.00023673769764473684
FL-2020-000172-MMR,FL_2020_000172_MMR,0.00019972028,2.486804788064964e-05,477.0,0.0002001346374273859
FL-2019-000081-MMR,FL_2019_000081_MMR,0.00018169858,0.000605650613086,20.0,0.00018896652320000003
FL-2017-000091-MMR,FL_2017_000091_MMR,0.00017994252,1.1486336438112012e-05,677.0,0.0001802063653372434
FL-2021-000043-YEM,FL_2021_000043_YEM,0.00016942757,0.0001290892760752,141.0,0.00017058803280821917
FL-2015-000080-MMR,FL_2015_000080_MMR,0.00015244792,2.8168287007581146e-07,1151.0,0.0001525797953633218
FL-2020-000237-LKA,FL_2020_000237_LKA,0.00014439592,0.000916862105874,13.0,0.00015241791555555557
FL-2008-000166-GTM,FL_2008_000166_GTM,0.0001488367,0.0001250643332524,143.0,0.0001498423533783784
FL-2002-000788-LKA,FL_2002_000788_LKA,0.0001307341,0.0012436948692394,7.0,0.00014162860833333334
FL-2011-000107-MMR,FL_2011_000107_MMR,0.00013350484,2.580899506557404e-05,467.0,0.00013378768923728816
FL-2011-000091-BEN,FL_2011_000091_BEN,0.00011340887,2.030231984428655e-07,1162.0,0.00011350604983718938
FL-2021-000095-MMR,FL_2021_000095_MMR,0.00011277196,2.456157312564605e-06,961.0,0.00011288870115942027
FL-2001-000450-THA,FL_2001_000450_THA,0.00010724007,5.112039689783845e-06,835.0,0.00010736773675
FL-2003-000196-ARG,FL_2003_000196_ARG,0.00010421583,2.8094116169349187e-05,442.0,0.00010444897503355704
FL-2022-000265-YEM,FL_2022_000265_YEM,8.65677e-05,3.738378396909198e-05,374.0,8.679611081794194e-05
FL-2006-000062-THA,FL_2006_000062_THA,8.460484e-05,5.499922284788695e-05,296.0,8.48859192026578e-05
FL-2018-000124-MMR,FL_2018_000124_MMR,7.511876e-05,1.1612563273555923e-06,1060.0,7.518929404694834e-05
FL-2019-000156-DJI,FL_2019_000156_DJI,7.1187584e-05,6.676837066198909e-06,787.0,7.127746731313132e-05
ST-1998-000296-PHL,ST_1998_000296_PHL,6.964811e-05,7.021944498569738e-06,782.0,6.973660823379925e-05
FL-1997-000207-SYC,FL_1997_000207_SYC,6.103304e-05,0.0002446361005578,65.0,6.190494057142857e-05
FF-2012-000107-SLB,FF_2012_000107_SLB,5.943566e-05,4.81782745956547e-06,846.0,5.9505502138660405e-05
FL-2009-000237-THA,FL_2009_000237_THA,5.9065416e-05,5.740778205659883e-05,285.0,5.926908984827586e-05
FL-2016-000058-MMR,FL_2016_000058_MMR,5.213725e-05,0.00021661911099,79.0,5.275793154761905e-05
FL-2017-000137-SSD,FL_2017_000137_SSD,4.821243e-05,9.37491511137532e-06,719.0,4.827902175414365e-05
FL-2010-000139-SDN,FL_2010_000139_SDN,4.284471e-05,1.9229147621106825e-06,993.0,4.288764057114229e-05
FL-2020-000154-CIV,FL_2020_000154_CIV,4.278156e-05,1.928307640533153e-06,992.0,4.282447029087261e-05
FL-2006-000115-HTI,FL_2006_000115_HTI,3.9253657e-05,6.461607462240428e-05,263.0,3.940012586940299e-05
FL-2001-000314-GHA,FL_2001_000314_GHA,3.919674e-05,1.5102194126136744e-05,617.0,3.925975726688103e-05
FL-2010-000118-GHA,FL_2010_000118_GHA,3.8406048e-05,5.772154493987306e-05,284.0,3.853894089965398e-05
FL-2009-000087-VUT,FL_2009_000087_VUT,3.5638528e-05,0.0001205836336119,147.0,3.5872992e-05
FL-1997-000177-MMR,FL_1997_000177_MMR,3.429802e-05,1.8610013699917302e-05,566.0,3.435808658493871e-05
FL-2014-000030-PRY,FL_2014_000030_PRY,3.4114302e-05,2.307509865165405e-06,967.0,3.414939901851852e-05
FL-2006-000125-THA,FL_2006_000125_THA,3.2244054e-05,3.185697391484987e-05,417.0,3.232046171090048e-05
FL-2012-000140-MMR,FL_2012_000140_MMR,3.162179e-05,5.006052119059677e-06,837.0,3.165934557007126e-05
FL-2013-000103-YEM,FL_2013_000103_YEM,2.9809511e-05,1.1603379485924856e-05,672.0,2.985354277400296e-05
FL-2005-000038-MDG,FL_2005_000038_MDG,2.9626906e-05,7.513234822380762e-06,772.0,2.9665035866151864e-05
FL-2016-000080-BFA,FL_2016_000080_BFA,2.791683e-05,3.732572496618434e-07,1147.0,2.7941063359375e-05
FL-2021-000173-IDN,FL_2021_000173_IDN,2.7204798e-05,5.980052829115245e-05,277.0,2.7301268914893613e-05
FL-2012-000200-BFA,FL_2012_000200_BFA,2.6602951e-05,1.810370510803634e-06,1006.0,2.6629264502472796e-05
FL-2017-000130-GTM,FL_2017_000130_GTM,2.6167869e-05,2.752042669377655e-05,448.0,2.6225634715231786e-05
FL-2019-000104-THA,FL_2019_000104_THA,2.5357478e-05,8.421493950024643e-05,211.0,2.5474873731481477e-05
FL-2012-000175-GMB,FL_2012_000175_GMB,2.2161405e-05,8.166166150071834e-06,749.0,2.219079678381963e-05
FL-2013-000101-LAO,FL_2013_000101_LAO,2.0416483e-05,2.2260793960903384e-05,510.0,2.0456126656310682e-05
FL-2007-000131-SEN,FL_2007_000131_SEN,2.0254629e-05,4.131885897957984e-06,870.0,2.027777714742857e-05
FL-1998-000040-URY,FL_1998_000040_URY,1.8746054e-05,1.3033770346504204e-05,652.0,1.877458680669711e-05
FL-2021-000147-THA,FL_2021_000147_THA,1.8019266e-05,4.028281795580668e-05,358.0,1.8068905851239668e-05
FL-1999-000265-TCD,FL_1999_000265_TCD,1.721015e-05,2.536802711111735e-05,472.0,1.724622997903564e-05
FL-2010-000245-MAR,FL_2010_000245_MAR,1.6860491e-05,5.965637555023007e-06,803.0,1.688135794430693e-05
FL-2009-000226-PRY,FL_2009_000226_PRY,1.559351e-05,3.1268751524724064e-05,420.0,1.5630200611764706e-05
FL-2007-000194-GTM,FL_2007_000194_GTM,1.5272892e-05,7.635558735144062e-05,234.0,1.5336795313807528e-05
FL-2019-000108-MRT,FL_2019_000108_MRT,1.4712134e-05,0.0001427967907124,118.0,1.4831744845528455e-05
FL-2010-000162-HND,FL_2010_000162_HND,1.4099676e-05,3.864214986074712e-06,884.0,1.4115536152980876e-05
FL-2019-000094-GTM,FL_2019_000094_GTM,1.4023903e-05,7.506338828698574e-05,238.0,1.4081614534979425e-05
FL-2007-000151-TCD,FL_2007_000151_TCD,1.39097665e-05,1.1462147584613663e-05,678.0,1.3930132190336748e-05
FL-2005-000160-MMR,FL_2005_000160_MMR,1.3126011e-05,2.171052827676138e-05,515.0,1.3151253328846153e-05
FL-2009-000120-BWA,FL_2009_000120_BWA,1.2815705e-05,3.5201325430273675e-05,392.0,1.2847986372795971e-05
FL-2010-000115-MMR,FL_2010_000115_MMR,1.2200186e-05,3.245729890478018e-05,413.0,1.2229373047846892e-05
FL-2016-000089-SEN,FL_2016_000089_SEN,1.168149e-05,5.865114156863433e-06,805.0,1.1695911592592593e-05
FL-2009-000132-GHA,FL_2009_000132_GHA,1.1513778e-05,7.79472700039501e-06,764.0,1.1528750403120937e-05
FL-2011-000118-GTM,FL_2011_000118_GTM,1.0933384e-05,9.91951014819285e-05,179.0,1.0992804565217391e-05
FL-2014-000159-MAR,FL_2014_000159_MAR,1.020364e-05,8.301715473349788e-06,747.0,1.0217208670212766e-05
FL-2017-000053-THA,FL_2017_000053_THA,9.333742e-06,0.0008731962127873,14.0,9.824991578947367e-06
FL-2013-000076-PRY,FL_2013_000076_PRY,9.747417e-06,4.5089012293069066e-06,858.0,9.758711805330244e-06
FL-1997-000143-POL,FL_1997_000143_POL,9.606084e-06,4.27502126461001e-05,351.0,9.633067382022473e-06
FL-2016-000084-PHL,FL_2016_000084_PHL,9.1646325e-06,5.127950187001941e-05,309.0,9.193819227707007e-06
FL-2013-000050-ETH,FL_2013_000050_ETH,8.9377045e-06,2.333749248848397e-05,493.0,8.955651697791165e-06
FL-2002-000641-THA,FL_2002_000641_THA,8.899575e-06,0.0001075147627399,162.0,8.952865868263474e-06
FL-2015-000064-IND,FL_2015_000064_IND,8.738716e-06,0.0001924099959657,89.0,8.831681063829787e-06
FL-2000-000444-IND,FL_2000_000444_IND,8.633852e-06,7.675196778211201e-05,230.0,8.67059179574468e-06
FL-2019-000135-GHA,FL_2019_000135_GHA,8.483888e-06,1.488788766228844e-07,1170.0,8.491108330212766e-06
FL-2005-000070-YEM,FL_2005_000070_YEM,8.473091e-06,9.236945268834354e-06,722.0,8.484745870701513e-06
FL-2020-000190-NER,FL_2020_000190_NER,8.098683e-06,6.183477535052385e-05,269.0,8.128240237226277e-06
FL-2020-000176-SDN,FL_2020_000176_SDN,7.4471777e-06,0.0003473535495305,37.0,7.624491454761904e-06
FL-2020-000126-ETH,FL_2020_000126_ETH,7.578062e-06,1.810421093164883e-05,574.0,7.591150189982729e-06
FL-2019-000103-LAO,FL_2019_000103_LAO,7.577451e-06,3.997226188164122e-06,875.0,7.586061739772728e-06
FL-1990-000004-VNM,FL_1990_000004_VNM,7.2977828e-06,1.5570650016240796e-06,1028.0,7.3048474493707645e-06
FF-2009-000107-THA,FF_2009_000107_THA,7.2221387e-06,5.958828725056436e-05,278.0,7.247658624734982e-06
FL-2017-000095-GHA,FL_2017_000095_GHA,7.1435993e-06,5.432049870983805e-06,824.0,7.15221642822678e-06
FL-2001-000521-TCD,FL_2001_000521_TCD,6.893023e-06,0.0001030096909435,173.0,6.931747848314607e-06
FL-2020-000210-VNM,FL_2020_000210_VNM,6.813994e-06,0.0002322298445622,70.0,6.9048472533333334e-06
FL-2012-000098-GTM,FL_2012_000098_GTM,6.7974825e-06,1.1937061190248504e-06,1059.0,6.803871111372181e-06
FL-2020-000164-IND,FL_2020_000164_IND,6.5410873e-06,0.000172877563602,102.0,6.6022189570093454e-06
FL-1997-000142-CZE,FL_1997_000142_CZE,6.176743e-06,8.159890911472175e-07,1092.0,6.182373577028258e-06
FL-2008-000125-SDN,FL_2008_000125_SDN,5.8947735e-06,7.83570102411073e-06,762.0,5.902458993481096e-06
FL-2000-000299-GTM,FL_2000_000299_GTM,5.701237e-06,4.107680129778984e-05,352.0,5.717206851540617e-06
FF-2021-000090-SDN,FF_2021_000090_SDN,5.5710775e-06,4.275572427881947e-05,350.0,5.586770676056338e-06
FL-2009-000239-BRA,FL_2009_000239_BRA,5.157155e-06,0.0001346112460436,128.0,5.195930601503759e-06
FL-2012-000210-MWI,FL_2012_000210_MWI,5.181239e-06,2.5942320298590724e-06,955.0,5.1866361239583325e-06
FL-2009-000177-GMB,FL_2009_000177_GMB,5.117477e-06,2.848086471568758e-06,936.0,5.1229153390010626e-06
FL-2017-000088-SDN,FL_2017_000088_SDN,5.0817603e-06,2.553472875845495e-05,469.0,5.092481313291139e-06
FL-2019-000033-PRY,FL_2019_000033_PRY,4.9790033e-06,5.471845529432409e-05,298.0,4.995435654125412e-06
FL-2002-000296-PRY,FL_2002_000296_PRY,4.9517944e-06,5.225859390814151e-05,304.0,4.967819624595469e-06
FL-2007-000231-BOL,FL_2007_000231_BOL,4.821568e-06,2.679895542524812e-06,949.0,4.826622054507337e-06
FL-2009-000117-GTM,FL_2009_000117_GTM,4.6272803e-06,9.7181879148691e-05,183.0,4.651893493085106e-06
FL-2022-000290-SEN,FL_2022_000290_SEN,4.299376e-06,7.785255283285853e-06,766.0,4.304952363164721e-06
FL-2016-000019-HTI,FL_2016_000019_HTI,4.0973227e-06,5.079246791362497e-05,314.0,4.110166971786834e-06
FL-1993-000013-PHL,FL_1993_000013_PHL,3.949917e-06,2.097817771596891e-05,523.0,3.957397903409091e-06
FL-2014-000079-PHL,FL_2014_000079_PHL,3.8707094e-06,4.722445801328825e-05,328.0,3.882333151951952e-06
FL-2021-000129-VEN,FL_2021_000129_VEN,3.7173772e-06,1.2641697294805204e-05,657.0,3.7229925734138974e-06
FL-1998-000329-BEN,FL_1998_000329_BEN,3.7137947e-06,1.2674972486492164e-05,656.0,3.7194131488653557e-06
FL-2006-000169-SOM,FL_2006_000169_SOM,3.631709e-06,0.0001757142237414,99.0,3.6666292788461536e-06
FL-2002-000808-MWI,FL_2002_000808_MWI,3.335384e-06,1.8739290820932635e-05,563.0,3.3412561549295777e-06
FL-2020-000198-SEN,FL_2020_000198_SEN,3.1296768e-06,7.661910722106146e-06,768.0,3.1337255410090556e-06
FL-2006-000013-MWI,FL_2006_000013_MWI,3.086825e-06,3.934698654940377e-06,880.0,3.0903129378531076e-06
FL-2018-000128-SDN,FL_2018_000128_SDN,3.020964e-06,1.681097093338057e-05,594.0,3.0260073455759597e-06
FL-2000-000583-LAO,FL_2000_000583_LAO,2.9449036e-06,2.915526663242357e-06,933.0,2.9480431560767592e-06
FL-2015-000037-HTI,FL_2015_000037_HTI,2.894762e-06,1.9580614231177333e-05,544.0,2.900034790528233e-06
FL-2005-000105-HTI,FL_2005_000105_HTI,2.8834268e-06,1.776988899233387e-05,579.0,2.8883641746575343e-06
FL-2011-000106-GHA,FL_2011_000106_GHA,2.8797401e-06,1.813535766648175e-06,1002.0,2.88259982204568e-06
FL-2000-000806-FJI,FL_2000_000806_FJI,2.869289e-06,7.826168404038057e-06,763.0,2.8730250533854165e-06
FL-2007-000132-BFA,FL_2007_000132_BFA,2.8369136e-06,1.4593109008106116e-05,627.0,2.841402387341772e-06
FL-2010-000075-TJK,FL_2010_000075_TJK,2.829628e-06,7.570380048833467e-06,769.0,2.8332838501291985e-06
FL-2011-000156-HTI,FL_2011_000156_HTI,2.7648903e-06,1.1711757235896734e-05,669.0,2.7689925111275967e-06
FL-2011-000067-PHL,FL_2011_000067_PHL,2.6556431e-06,0.0005568309316485,22.0,2.7540002518518517e-06
FL-2007-000153-GHA,FL_2007_000153_GHA,2.6758337e-06,3.55305150268351e-06,896.0,2.6788035487236404e-06
FL-2019-000101-NER,FL_2019_000101_NER,2.6267946e-06,0.0002898293003346,48.0,2.676356762264151e-06
FL-2008-000086-MEX,FL_2008_000086_MEX,2.626941e-06,0.0001341975897086,129.0,2.6465450373134325e-06
FL-2020-000132-UGA,FL_2020_000132_UGA,2.6074315e-06,7.487866384160154e-07,1098.0,2.609795445149592e-06
FL-2010-000125-IND,FL_2010_000125_IND,2.5551658e-06,3.519169088943906e-05,393.0,2.5615858145728642e-06
FL-2009-000122-IND,FL_2009_000122_IND,2.5337245e-06,8.013303059320923e-05,221.0,2.544935670353982e-06
FL-2010-000152-THA,FL_2010_000152_THA,2.5313936e-06,2.836831889156076e-05,439.0,2.537094936936937e-06
FL-2007-000165-BEN,FL_2007_000165_BEN,2.5224394e-06,1.4150989617971524e-05,634.0,2.5263868794992175e-06
FL-2002-000225-ETH,FL_2002_000225_ETH,2.4608378e-06,5.184292933775493e-05,306.0,2.4687504617363344e-06
FL-2003-000368-SDN,FL_2003_000368_SDN,2.4434228e-06,2.995848233423269e-05,427.0,2.4490788712962965e-06
FL-2018-000140-MLI,FL_2018_000140_MLI,2.3784971e-06,2.7074056493343425e-05,450.0,2.383724566153846e-06
FL-2020-000192-TCD,FL_2020_000192_TCD,2.3640162e-06,6.274813920961289e-05,266.0,2.37273950701107e-06
FL-2006-000120-BFA,FL_2006_000120_BFA,2.2385746e-06,1.1637379923643232e-05,671.0,2.241886100887574e-06
FL-2011-000108-SEN,FL_2011_000108_SEN,2.206314e-06,2.4225161846435625e-07,1154.0,2.208217635893011e-06
FL-2020-000213-LAO,FL_2020_000213_LAO,2.1877727e-06,3.318205818332992e-05,406.0,2.193095747931874e-06
FL-2007-000141-NGA,FL_2007_000141_NGA,2.0729833e-06,9.944153073103389e-06,701.0,2.0759195369688384e-06
FL-2010-000150-MEX,FL_2010_000150_MEX,1.9874544e-06,4.857124983035741e-05,321.0,1.993550885889571e-06
FF-2017-000101-VNM,FF_2017_000101_VNM,1.9163344e-06,1.5313867104168216e-05,614.0,1.919430255250404e-06
FF-2016-000034-YEM,FF_2016_000034_YEM,1.8948418e-06,4.595367302672917e-05,336.0,1.9003985208211143e-06
FL-2011-000045-GTM,FL_2011_000045_GTM,1.8824218e-06,9.549355199000204e-06,711.0,1.8850508807262571e-06
FL-2019-000014-MWI,FL_2019_000014_MWI,1.8403163e-06,4.831722321887548e-06,845.0,1.8424813780000001e-06
FL-2001-000417-SDN,FL_2001_000417_SDN,1.8260654e-06,2.8334512651644474e-06,937.0,1.8280038983014864e-06
FL-2003-000481-HND,FL_2003_000481_HND,1.8132057e-06,0.0001426816489614,119.0,1.8278283266129032e-06
FL-1999-000253-PHL,FL_1999_000253_PHL,1.8190137e-06,3.4731102227389184e-06,903.0,1.8210170190528633e-06
FL-2022-000292-LAO,FL_2022_000292_LAO,1.748176e-06,3.341964484469005e-05,404.0,1.7524502689486555e-06
FL-2011-000120-SDN,FL_2011_000120_SDN,1.7302764e-06,2.52101314385784e-05,473.0,1.7338962251046024e-06
FF-2007-000049-TJK,FF_2007_000049_TJK,1.6767054e-06,2.91289491045963e-07,1150.0,1.678157092987013e-06
FL-2016-000045-ETH,FL_2016_000045_ETH,1.6462801e-06,5.092307185131821e-05,312.0,1.6514734126182965e-06
FL-2017-000160-HND,FL_2017_000160_HND,1.6365475e-06,1.829635684651605e-07,1165.0,1.6379462585470087e-06
FL-2022-000276-GMB,FL_2022_000276_GMB,1.6022253e-06,7.945232294044991e-06,759.0,1.6043224535340315e-06
FL-2016-000102-SEN,FL_2016_000102_SEN,1.578783e-06,9.670636547448394e-06,706.0,1.5810035105485233e-06
FL-1998-000392-IND,FL_1998_000392_IND,1.5587618e-06,8.079636030823041e-06,754.0,1.5608155046113306e-06
FF-2008-000063-PHL,FF_2008_000063_PHL,1.5519171e-06,2.0578221768038e-05,530.0,1.5548178796261681e-06
FL-2013-000028-NAM,FL_2013_000028_NAM,1.4704093e-06,1.580405393635356e-05,607.0,1.4728119295751634e-06
FF-2012-000102-PHL,FF_2012_000102_PHL,1.4174642e-06,5.09219528717236e-05,313.0,1.4219216345911951e-06
FL-1997-000025-MWI,FL_1997_000025_MWI,1.3956166e-06,8.622919083254459e-06,734.0,1.3975051204330175e-06
FL-1999-000071-MOZ,FL_1999_000071_MOZ,1.3515474e-06,9.461795370680163e-05,188.0,1.3585502362694303e-06
FL-2012-000169-SEN,FL_2012_000169_SEN,1.303552e-06,5.060103876616886e-06,836.0,1.3051020023781213e-06
FL-2008-000175-UGA,FL_2008_000175_UGA,1.281396e-06,1.820976548723945e-05,572.0,1.2836167902946273e-06
FL-2022-000333-THA,FL_2022_000333_THA,1.2402108e-06,0.0002489411075185,62.0,1.2587214089552239e-06
FL-2010-000161-MYS,FL_2010_000161_MYS,1.2450765e-06,2.6325208256358525e-05,463.0,1.2477369198717948e-06
FL-2001-000549-GIN,FL_2001_000549_GIN,1.1839077e-06,4.815215846590049e-05,326.0,1.1874844604229608e-06
FL-2003-000624-HTI,FL_2003_000624_HTI,1.1420723e-06,0.0002452683588229,64.0,1.1586240724637682e-06
FL-2013-000095-PHL,FL_2013_000095_PHL,1.1395135e-06,8.377437383001973e-05,212.0,1.1447647142857143e-06
FL-2019-000116-ETH,FL_2019_000116_ETH,1.1196345e-06,3.4739425245761776e-06,902.0,1.1208689371554577e-06
FL-2009-000075-BDI,FL_2009_000075_BDI,1.1099611e-06,1.9397903032087106e-07,1163.0,1.110911409160959e-06
FL-2005-000117-GTM,FL_2005_000117_GTM,1.0985605e-06,0.0001346406604089,127.0,1.106882928030303e-06
FL-2002-000373-GHA,FL_2002_000373_GHA,1.0804214e-06,1.1226933451409246e-06,1062.0,1.0814339786316777e-06
FL-2009-000248-URY,FL_2009_000248_URY,1.0335509e-06,4.376959317335643e-06,862.0,1.0347430002306805e-06
FL-2007-000023-IDN,FL_2007_000023_IDN,1.0153573e-06,0.0001403038222562,122.0,1.0233522393700787e-06
FL-2022-000275-UGA,FL_2022_000275_UGA,9.790268e-07,1.5886395127617044e-05,606.0,9.806291351882161e-07
FL-2017-000139-ETH,FL_2017_000139_ETH,9.769459e-07,6.86390849257418e-06,785.0,9.781825403797469e-07
FL-2015-000110-ARG,FL_2015_000110_ARG,9.592464e-07,3.966680713423463e-06,877.0,9.60333980952381e-07
FL-2010-000136-YEM,FL_2010_000136_YEM,9.2351536e-07,0.0001702245658402,106.0,9.318353181981981e-07
FL-2007-000077-CHN,FL_2007_000077_CHN,9.07935e-07,1.0449522528225418e-05,695.0,9.092320499999999e-07
FL-2019-000098-CAF,FL_2019_000098_CAF,8.9715655e-07,6.865295804502674e-05,251.0,9.006610677734375e-07
FL-2006-000171-HTI,FL_2006_000171_HTI,8.7871314e-07,1.4308062082510649e-05,631.0,8.800947644339622e-07
FL-2017-000149-TGO,FL_2017_000149_TGO,8.661871e-07,4.7037842486951723e-07,1135.0,8.669469132456139e-07
FL-2012-000005-BOL,FL_2012_000005_BOL,8.6007555e-07,2.586332865662962e-06,956.0,8.609705297606659e-07
FL-2013-000085-NIC,FL_2013_000085_NIC,8.298685e-07,8.330388675263406e-08,1188.0,8.305641148365466e-07
FL-2013-000004-KEN,FL_2013_000004_KEN,8.229755e-07,7.14521320803234e-08,1190.0,8.236641824267781e-07
FL-2011-000181-VEN,FL_2011_000181_VEN,8.1104116e-07,2.1468977960722883e-05,520.0,8.125860003047618e-07
FL-2011-000102-BRA,FL_2011_000102_BRA,8.106315e-07,1.7160697534967548e-06,1011.0,8.114293656496064e-07
FL-2012-000128-SSD,FL_2012_000128_SSD,8.037213e-07,2.604927719753193e-06,953.0,8.045602575156576e-07
FL-2018-000154-GHA,FL_2018_000154_GHA,7.835537e-07,3.764890073500818e-07,1146.0,7.842344590790617e-07
FL-2012-000172-MLI,FL_2012_000172_MLI,7.75185e-07,2.538853793539137e-05,471.0,7.768135399159664e-07
FL-2003-000220-NAM,FL_2003_000220_NAM,7.7017495e-07,5.046609967688563e-05,315.0,7.725817467187501e-07
FL-2003-000316-IND,FL_2003_000316_IND,7.6866274e-07,1.1844816652915858e-05,667.0,7.698065833630953e-07
FL-2010-000003-KEN,FL_2010_000003_KEN,7.6352774e-07,0.0001298817145185,136.0,7.689428303546099e-07
FL-2010-000102-CRI,FL_2010_000102_CRI,7.295633e-07,9.003879194514372e-05,194.0,7.332294472361809e-07
FL-2005-000169-FJI,FL_2005_000169_FJI,7.2722554e-07,5.494374197796118e-06,821.0,7.281059583292978e-07
FL-2015-000065-GHA,FL_2015_000065_GHA,7.1123657e-07,1.2254037261172314e-05,663.0,7.123012954041916e-07
FL-2014-000045-SLB,FL_2014_000045_SLB,7.0724036e-07,1.2283291486725218e-05,662.0,7.083006903748125e-07
FL-2004-000031-CHN,FL_2004_000031_CHN,7.0231476e-07,1.8380598660464186e-05,571.0,7.035340564583333e-07
FL-2020-000019-MDG,FL_2020_000019_MDG,6.993538e-07,7.59708573744732e-05,235.0,7.022677741666667e-07
FL-2012-000056-PRY,FL_2012_000056_PRY,6.818737e-07,3.635124341256055e-05,384.0,6.836265886889459e-07
FL-2009-000166-SDN,FL_2009_000166_SDN,6.7208265e-07,8.915046861590691e-05,196.0,6.754263447761195e-07
FL-2009-000089-BRA,FL_2009_000089_BRA,6.5294665e-07,9.465656306289508e-05,187.0,6.563474138020832e-07
FL-2021-000145-BEN,FL_2021_000145_BEN,6.5353163e-07,6.893641131264523e-05,250.0,6.560944991372549e-07
FL-2016-000044-CHN,FL_2016_000044_CHN,6.249445e-07,2.126586498341181e-06,976.0,6.255815484199797e-07
FL-2012-000174-BEN,FL_2012_000174_BEN,5.982985e-07,5.614734289795269e-07,1119.0,5.988307940391458e-07
FL-2009-000124-VNM,FL_2009_000124_VNM,5.946689e-07,3.136116968388592e-06,924.0,5.953090172228203e-07
FL-2006-000068-CHN,FL_2006_000068_CHN,5.668615e-07,7.009454405025236e-06,783.0,5.675808673857868e-07
FL-2005-000153-THA,FL_2005_000153_THA,5.568024e-07,0.0002688643272848,57.0,5.657830838709678e-07
FL-2020-000202-GIN,FL_2020_000202_GIN,5.344041e-07,4.047450103540479e-05,356.0,5.35884443767313e-07
FL-2002-000367-SRB,FL_2002_000367_SRB,5.2203757e-07,3.213318165026423e-05,415.0,5.232805165952381e-07
FF-2008-000202-MAR,FF_2008_000202_MAR,5.13865e-07,2.7139294248009444e-05,449.0,5.149968612334801e-07
FL-2011-000124-ETH,FL_2011_000124_ETH,5.1199953e-07,2.9331824246438936e-06,932.0,5.12545954258271e-07
FL-2005-000129-SDN,FL_2005_000129_SDN,5.118532e-07,3.644009217610855e-06,890.0,5.124251030167598e-07
FF-2020-000158-SRB,FF_2020_000158_SRB,4.9695234e-07,5.3242596758759105e-09,1213.0,4.973603468472906e-07
FL-2013-000098-NER,FL_2013_000098_NER,4.934003e-07,8.807578858220957e-06,729.0,4.940725074931881e-07
FL-2010-000176-MRT,FL_2010_000176_MRT,4.824985e-07,1.3340126877030544e-05,646.0,4.832396651305684e-07
FL-2009-000251-SAU,FL_2009_000251_SAU,4.3942097e-07,0.0002167070280914,78.0,4.4471519855421686e-07
FL-2019-000118-SEN,FL_2019_000118_SEN,4.380023e-07,2.4290506146241552e-06,963.0,4.3845478171487605e-07
FL-2018-000134-IND,FL_2018_000134_IND,4.3520822e-07,2.2297358137772027e-07,1159.0,4.355821102233677e-07
FL-1997-000299-PRY,FL_1997_000299_PRY,4.3496703e-07,3.923187065000961e-07,1143.0,4.3534592114111497e-07
FL-2008-000239-NIC,FL_2008_000239_NIC,4.2983723e-07,1.1862453228318744e-05,666.0,4.304778219970194e-07
FF-2008-000194-VNM,FF_2008_000194_VNM,4.2680435e-07,1.769559174156833e-05,581.0,4.2753268506825933e-07
FF-2007-000113-GMB,FF_2007_000113_GMB,4.2627366e-07,9.36711442947445e-07,1084.0,4.266650958677686e-07
FL-2005-000209-THA,FL_2005_000209_THA,4.162476e-07,1.845232361163925e-05,569.0,4.169727700348433e-07
FL-2015-000161-ETH,FL_2015_000161_ETH,3.962007e-07,0.0002831183917831,53.0,4.0303174655172413e-07
FL-1999-000315-GHA,FL_1999_000315_GHA,3.9759087e-07,1.0657741063283817e-06,1071.0,3.979603782434944e-07
FL-1999-000363-NIC,FL_1999_000363_NIC,3.9738018e-07,5.841007160538528e-06,806.0,3.97870167891492e-07
FL-2009-000265-MAR,FL_2009_000265_MAR,3.9639437e-07,2.062087443499581e-06,980.0,3.967968008324873e-07
FL-2007-000220-SRB,FL_2007_000220_SRB,3.8468895e-07,3.98007966207618e-05,362.0,3.8573714877384193e-07
FL-2012-000123-PRK,FL_2012_000123_PRK,3.8359582e-07,7.9367633282636e-05,223.0,3.852782578070175e-07
FL-2008-000074-BFA,FL_2008_000074_BFA,3.589364e-07,4.002372616116103e-06,874.0,3.5934474630261655e-07
FL-2008-000154-MEX,FL_2008_000154_MEX,3.4809042e-07,0.0001225678147232,145.0,3.5041102279999993e-07
FL-2005-000166-CRI,FL_2005_000166_CRI,3.4490552e-07,4.645193741651766e-05,334.0,3.459229404129793e-07
FL-2002-000374-IND,FL_2002_000374_IND,3.3470764e-07,5.134941623901514e-05,308.0,3.357769934824281e-07
FL-2001-000492-VNM,FL_2001_000492_VNM,3.332653e-07,2.3105288216592577e-05,495.0,3.339318306e-07
FL-2007-000176-CRI,FL_2007_000176_CRI,3.2907312e-07,5.598205968273172e-06,815.0,3.2947442868292685e-07
FL-1998-000080-ARG,FL_1998_000080_ARG,3.2728292e-07,3.2852307688619726e-06,913.0,3.2763943734204795e-07
FL-2016-000124-COD,FL_2016_000124_COD,3.2268827e-07,4.7310972829436304e-05,327.0,3.2366022262048195e-07
FL-2007-000221-KEN,FL_2007_000221_KEN,3.223116e-07,3.269105318587916e-05,410.0,3.2308825445783135e-07
FL-2013-000123-CMR,FL_2013_000123_CMR,3.185061e-07,7.3864595688467e-06,775.0,3.189144411538462e-07
FL-2008-000018-ECU,FL_2008_000018_ECU,2.9241414e-07,5.823898345893096e-07,1116.0,2.9267499115075824e-07
FL-2008-000091-SOM,FL_2008_000091_SOM,2.834995e-07,3.075290764411637e-05,423.0,2.8416188200934576e-07
FL-2011-000032-THA,FL_2011_000032_THA,2.7263968e-07,1.172318702411034e-05,668.0,2.7304479096582463e-07
FF-2012-000062-KEN,FF_2012_000062_KEN,2.6174604e-07,4.101379545668112e-05,353.0,2.6247717418994414e-07
FL-1999-000244-VNM,FL_1999_000244_VNM,2.609295e-07,8.915583111947754e-06,727.0,2.612859610655738e-07
FL-2001-000019-MOZ,FL_2001_000019_MOZ,2.527247e-07,7.76868265967298e-05,226.0,2.538187463203463e-07
FL-2008-000038-ARG,FL_2008_000038_ARG,2.5291962e-07,8.757240095778709e-06,731.0,2.5326326078804345e-07
ST-2022-000138-MDG,ST_2022_000138_MDG,2.4837124e-07,9.794505203648524e-05,181.0,2.4970656924731183e-07
FL-2020-000195-CMR,FL_2020_000195_CMR,2.4539557e-07,4.7057074682916976e-05,329.0,2.4613028727544906e-07
FL-2014-000005-IDN,FL_2014_000005_IDN,2.4562596e-07,1.960425979324569e-05,541.0,2.460758243956044e-07
FL-2020-000199-MRT,FL_2020_000199_MRT,2.4444844e-07,1.9034485807136805e-05,554.0,2.448857359570662e-07
FF-2012-000081-ETH,FF_2012_000081_ETH,2.3575613e-07,8.483715805463327e-05,209.0,2.3685779415887854e-07
FL-2021-000108-SSD,FL_2021_000108_SSD,2.3476213e-07,4.80456317821891e-06,848.0,2.3503734937866352e-07
FL-2010-000259-AUS,FL_2010_000259_AUS,2.3339913e-07,2.2090584320135177e-07,1160.0,2.3359947260085838e-07
FL-2010-000091-VNM,FL_2010_000091_VNM,2.2859402e-07,2.0336359250965788e-05,532.0,2.2901970718808194e-07
FL-2004-000043-IND,FL_2004_000043_IND,2.2626101e-07,5.511899025677572e-07,1120.0,2.264621308977778e-07
FF-2013-000091-SDN,FF_2013_000091_SDN,2.2460692e-07,5.6446759502340455e-08,1195.0,2.247940924333333e-07
FL-2010-000179-ETH,FL_2010_000179_ETH,2.2437602e-07,1.2808810462220403e-05,654.0,2.247164995447648e-07
FL-2019-000131-CIV,FL_2019_000131_CIV,2.214355e-07,1.8109858717996063e-06,1005.0,2.2165474306930694e-07
FL-2008-000099-NIC,FL_2008_000099_NIC,2.1671634e-07,4.986576311969761e-08,1197.0,2.1689663645590682e-07
FF-2010-000094-HUN,FF_2010_000094_HUN,2.0711731e-07,1.298466311275109e-06,1050.0,2.0731362972511847e-07
FL-2019-000052-SRB,FL_2019_000052_SRB,2.0679522e-07,1.0190438839981933e-07,1184.0,2.0696914365012616e-07
FL-2010-000239-MNE,FL_2010_000239_MNE,2.0106181e-07,7.647434049537422e-05,231.0,2.019137668220339e-07
ST-2015-000041-PRY,ST_2015_000041_PRY,1.9722704e-07,1.6402692590046955e-05,600.0,1.9755303510743802e-07
FL-2009-000127-BEN,FL_2009_000127_BEN,1.9613566e-07,2.0347860811521858e-06,985.0,1.9633377682828279e-07
FL-2008-000234-BRA,FL_2008_000234_BRA,1.9587941e-07,9.89221431736884e-06,703.0,1.9615607583333336e-07
FF-2018-000118-LAO,FF_2018_000118_LAO,1.9464578e-07,6.26807345345676e-08,1194.0,1.948081201000834e-07
FL-2018-000054-BDI,FL_2018_000054_BDI,1.9266474e-07,1.1029367617240955e-06,1064.0,1.9284496894293732e-07
FL-2013-000142-VNM,FL_2013_000142_VNM,1.9233937e-07,1.9665423032978485e-05,539.0,1.9269293501838238e-07
FL-2007-000012-BOL,FL_2007_000012_BOL,1.8765999e-07,6.226034711583618e-07,1106.0,1.878289008820882e-07
FL-1999-000213-IND,FL_1999_000213_IND,1.8381505e-07,3.497425714815138e-05,394.0,1.8427573934837092e-07
FL-2009-000206-HTI,FL_2009_000206_HTI,1.7752485e-07,2.7775229652511327e-05,445.0,1.7791934966666667e-07
FL-2002-000510-MEX,FL_2002_000510_MEX,1.751173e-07,0.0001702682396183,105.0,1.7670927545454545e-07
FL-1997-000022-BOL,FL_1997_000022_BOL,1.7332007e-07,3.518374978298345e-06,900.0,1.7351158388950278e-07
FL-2008-000089-IND,FL_2008_000089_IND,1.7273217e-07,1.398439742561247e-05,639.0,1.7300038765527949e-07
FL-2019-000138-KEN,FL_2019_000138_KEN,1.7049375e-07,4.478142342605848e-05,341.0,1.7098650650289016e-07
FL-2001-000332-IND,FL_2001_000332_IND,1.7056259e-07,3.945193280776014e-06,879.0,1.7075553410633485e-07
FL-2019-000163-UGA,FL_2019_000163_UGA,1.6968248e-07,9.79304697652824e-06,704.0,1.6992180648801127e-07
FF-2008-000141-ETH,FF_2008_000141_ETH,1.6883894e-07,2.0228409719959623e-05,534.0,1.6915218478664192e-07
FL-2000-000258-IDN,FL_2000_000258_IDN,1.516437e-07,0.0007189257311834,17.0,1.5853659545454546e-07
FL-2006-000124-UGA,FL_2006_000124_UGA,1.573931e-07,1.802971033724706e-05,576.0,1.5766400034423409e-07
FL-2019-000032-BOL,FL_2019_000032_BOL,1.5650103e-07,5.6919676457102615e-05,288.0,1.5703516320819115e-07
FL-2022-000321-CAF,FL_2022_000321_CAF,1.563081e-07,1.5479487122627736e-05,611.0,1.565618469155844e-07
FL-2022-000376-COD,FL_2022_000376_COD,1.5434264e-07,4.341308307463823e-06,865.0,1.5452004533333334e-07
FL-2014-000098-SDN,FL_2014_000098_SDN,1.5389679e-07,9.490512398678464e-06,715.0,1.5411053554166667e-07
FL-2005-000110-BIH,FL_2005_000110_BIH,1.5314565e-07,2.2134470512449056e-06,970.0,1.5330272246153846e-07
FL-2003-000204-KEN,FL_2003_000204_KEN,1.5160451e-07,8.705210981645351e-06,733.0,1.5180993616531165e-07
FL-1999-000428-VNM,FL_1999_000428_VNM,1.4943333e-07,0.000111604152602,158.0,1.503500988957055e-07
FL-1994-000007-VNM,FL_1994_000007_VNM,1.4561472e-07,1.6569697195496966e-05,599.0,1.458558039735099e-07
FL-2005-000100-KGZ,FL_2005_000100_KGZ,1.3157072e-07,1.5469949059403334e-07,1167.0,1.3168298170648465e-07
FL-2021-000078-GTM,FL_2021_000078_GTM,1.3127821e-07,2.764210453786573e-05,447.0,1.315686485176991e-07
FL-2014-000152-ETH,FL_2014_000152_ETH,1.2457258e-07,5.669131541133365e-05,289.0,1.249962962585034e-07
FL-2009-000178-GIN,FL_2009_000178_GIN,1.2421687e-07,4.878408274115592e-07,1131.0,1.2432621583626762e-07
FL-2008-000205-IDN,FL_2008_000205_IDN,1.219996e-07,8.449798584751801e-05,210.0,1.2256704000000003e-07
FL-2016-000072-SDN,FL_2016_000072_SDN,1.2205497e-07,1.813036968355644e-06,1003.0,1.221760562797619e-07
FL-2012-000129-SDN,FL_2012_000129_SDN,1.2131106e-07,4.384357247197621e-07,1138.0,1.2141719391076116e-07
FL-2013-000052-SOM,FL_2013_000052_SOM,1.2124784e-07,4.618879436085921e-06,855.0,1.2138882586046512e-07
FF-2004-000060-VNM,FF_2004_000060_VNM,1.2044919e-07,1.1164254685904263e-05,682.0,1.2062451633187773e-07
FL-2009-000147-NIC,FL_2009_000147_NIC,1.1801997e-07,8.350137784374315e-07,1090.0,1.1812775079452056e-07
FL-2008-000243-PNG,FL_2008_000243_PNG,1.1800552e-07,1.0700285758573258e-06,1070.0,1.1811529257674417e-07
FL-2021-000061-MYS,FL_2021_000061_MYS,1.1751841e-07,2.760700275621204e-06,940.0,1.176427681058201e-07
FL-1997-000144-CHN,FL_1997_000144_CHN,1.1317166e-07,2.763121274392644e-06,939.0,1.1329154523305086e-07
FL-2013-000020-BOL,FL_2013_000020_BOL,1.08599586e-07,1.245080295304078e-05,658.0,1.0876338628054298e-07
FL-2013-000074-HTI,FL_2013_000074_HTI,1.08342114e-07,2.178336356712947e-05,514.0,1.0855086566473988e-07
FL-2019-000084-IND,FL_2019_000084_IND,1.0632825e-07,1.1113934484610024e-05,683.0,1.0648279687499999e-07
FL-2010-000014-SLB,FL_2010_000014_SLB,1.0627181e-07,1.4154221869918485e-05,633.0,1.0643838023510971e-07
FL-2022-000336-VNM,FL_2022_000336_VNM,1.00646155e-07,1.8847754936043472e-05,558.0,1.0082492259325044e-07
FL-2020-000054-BDI,FL_2020_000054_BDI,9.734581e-08,1.6589073268668247e-06,1022.0,9.744059657254138e-08
FL-2022-000213-IND,FL_2022_000213_IND,9.700403e-08,1.6976405058608484e-06,1018.0,9.709885309872923e-08
FL-2015-000085-VEN,FL_2015_000085_VEN,9.604654e-08,2.3804075859450772e-05,486.0,9.624215413441955e-08
FL-2013-000055-UGA,FL_2013_000055_UGA,9.416996e-08,5.137217332040295e-06,833.0,9.428233465393795e-08
FL-2000-000302-CHN,FL_2000_000302_CHN,9.375713e-08,5.101662545330859e-07,1128.0,9.383988121800531e-08
FL-1999-000548-YEM,FL_1999_000548_YEM,9.277536e-08,2.5960565417072588e-06,954.0,9.287210177267989e-08
FL-1999-000235-IRN,FL_1999_000235_IRN,9.20709e-08,0.0001404215973763,121.0,9.280162142857142e-08
FF-2019-000068-VNM,FF_2019_000068_VNM,9.21601e-08,2.3610334026081828e-05,490.0,9.234628202020203e-08
FL-2010-000120-BRA,FL_2010_000120_BRA,9.0842846e-08,1.3170627717622213e-05,649.0,9.098174943425075e-08
FL-2008-000102-CIV,FL_2008_000102_CIV,9.025276e-08,2.011417611266245e-05,535.0,9.041989474074073e-08
FL-2012-000110-IND,FL_2012_000110_IND,8.580004e-08,7.050562523480228e-05,246.0,8.614187282868526e-08
FL-1999-000324-HND,FL_1999_000324_HND,8.5384556e-08,4.843731744041447e-05,322.0,8.564567085015289e-08
FL-2011-000129-MLI,FL_2011_000129_MLI,8.439117e-08,5.638608542973677e-06,813.0,8.449433768948655e-08
FL-1999-000350-CRI,FL_1999_000350_CRI,8.2031e-08,0.0003360657766585,39.0,8.389534090909091e-08
FL-2013-000083-THA,FL_2013_000083_THA,8.113397e-08,0.0001952285735536,88.0,8.200637827956989e-08
FL-2015-000171-PRY,FL_2015_000171_PRY,8.187838e-08,2.544279588695378e-06,958.0,8.196340427829699e-08
FL-2010-000195-MLI,FL_2010_000195_MLI,7.9904495e-08,3.2830915796718907e-06,914.0,7.999144221980413e-08
FL-2001-000407-IDN,FL_2001_000407_IDN,7.842268e-08,0.0002252680011563,73.0,7.942809897435898e-08
FL-2002-000470-VNM,FL_2002_000470_VNM,7.913084e-08,1.0153184053506435e-05,700.0,7.924308232624113e-08
FL-2005-000081-CHN,FL_2005_000081_CHN,7.7927645e-08,1.665703649354452e-06,1021.0,7.800359787037038e-08
FL-2000-000408-VNM,FL_2000_000408_VNM,7.6108066e-08,1.4420885176327243e-05,630.0,7.622792122204724e-08
FL-2018-000028-BWA,FL_2018_000028_BWA,7.563705e-08,1.337227346506963e-07,1178.0,7.570098664412512e-08
FF-2018-000042-ETH,FF_2018_000042_ETH,7.30344e-08,3.4741152794536306e-05,395.0,7.321698599999999e-08
FL-2013-000157-BRA,FL_2013_000157_BRA,7.161237e-08,3.684564705785599e-05,379.0,7.1798860546875e-08
FL-2012-000089-CUB,FL_2012_000089_CUB,7.1694544e-08,6.401089785208104e-06,794.0,7.178427434292866e-08
FL-2002-000110-BOL,FL_2002_000110_BOL,7.0830474e-08,3.5519567886483004e-06,897.0,7.090900002439025e-08
FF-2020-000140-IDN,FF_2020_000140_IDN,7.072455e-08,8.029448576903037e-06,756.0,7.081748633377136e-08
FL-2010-000072-RUS,FL_2010_000072_RUS,6.90777e-08,1.6286741938690054e-05,601.0,6.91916896039604e-08
FL-2015-000006-MWI,FL_2015_000006_MWI,6.880969e-08,1.2252780794952518e-06,1056.0,6.887454361922715e-08
FL-2003-000389-BFA,FL_2003_000389_BFA,6.79843e-08,8.979430787791657e-06,726.0,6.807730177838577e-08
FL-2020-000200-BFA,FL_2020_000200_BFA,6.741885e-08,3.7662413852410335e-06,887.0,6.74944316704036e-08
FL-1997-000092-ECU,FL_1997_000092_ECU,6.633604e-08,3.5212570878237306e-06,899.0,6.640942057522125e-08
FL-2006-000123-SDN,FL_2006_000123_SDN,6.621845e-08,6.396899199161461e-06,795.0,6.630122306249999e-08
FL-2018-000112-GEO,FL_2018_000112_GEO,6.5465166e-08,3.630994951643319e-05,385.0,6.563302540000001e-08
FL-2010-000240-VEN,FL_2010_000240_VEN,6.513322e-08,3.850315347512392e-06,885.0,6.520640339325842e-08
FL-2006-000145-GIN,FL_2006_000145_GIN,6.478098e-08,4.764274200554729e-06,850.0,6.485674722807018e-08
FL-1998-000111-TJK,FL_1998_000111_TJK,6.469165e-08,3.1249270551712645e-06,926.0,6.476113619763695e-08
FL-2007-000161-UGA,FL_2007_000161_UGA,6.442209e-08,4.699274127892955e-05,331.0,6.461382241071429e-08
FL-1997-000199-BEN,FL_1997_000199_BEN,6.1814546e-08,4.4763841940571214e-05,342.0,6.199268590201728e-08
FL-2013-000041-GHA,FL_2013_000041_GHA,6.179108e-08,5.294790329373896e-06,828.0,6.186525896758703e-08
FL-2012-000051-TJK,FL_2012_000051_TJK,6.171679e-08,6.576862001534288e-07,1103.0,6.177249107400723e-08
FL-2011-000063-HTI,FL_2011_000063_HTI,5.9266753e-08,4.3885145341026985e-06,861.0,5.93351903591224e-08
FL-2011-000084-IND,FL_2011_000084_IND,5.889202e-08,6.756146207963517e-05,254.0,5.911940231660232e-08
FL-2009-000133-ZAF,FL_2009_000133_ZAF,5.891858e-08,2.025979647001521e-05,533.0,5.9028094089219325e-08
FL-2007-000145-ETH,FL_2007_000145_ETH,5.746307e-08,1.1106119697073976e-05,684.0,5.754647068214804e-08
FL-2006-000047-COD,FL_2006_000047_COD,5.6592448e-08,1.3329819997732603e-05,647.0,5.667924623312884e-08
FL-2012-000003-BRA,FL_2012_000003_BRA,5.589532e-08,5.117516339258339e-05,310.0,5.6072765460317464e-08
FL-2019-000058-TJK,FL_2019_000058_TJK,5.4279212e-08,1.719346226414113e-06,1010.0,5.433268905615764e-08
FL-2010-000012-EGY,FL_2010_000012_EGY,5.416279e-08,2.2547966014052517e-06,969.0,5.421839861396304e-08
FL-2012-000083-HND,FL_2012_000083_HND,5.369049e-08,7.475259459553987e-06,773.0,5.3759500912596393e-08
FL-2003-000227-CHN,FL_2003_000227_CHN,5.2053075e-08,1.0130040375699708e-06,1073.0,5.210136171150278e-08
FL-1997-000137-CHL,FL_1997_000137_CHL,5.0373046e-08,1.059012027368677e-06,1072.0,5.041981763045496e-08
FL-2016-000081-GTM,FL_2016_000081_GTM,4.9264745e-08,0.0001833794470912,95.0,4.975739245e-08
FL-2007-000057-URY,FL_2007_000057_URY,4.910589e-08,1.7058052248007906e-06,1013.0,4.9154127612966604e-08
FL-2022-000249-CIV,FL_2022_000249_CIV,4.863327e-08,4.877205545936398e-05,320.0,4.878291083076923e-08
FL-2016-000060-IND,FL_2016_000060_IND,4.8301438e-08,0.0001193799157529,149.0,4.8615083701298704e-08
FL-2011-000059-CHN,FL_2011_000059_CHN,4.8280253e-08,8.312014209876617e-05,217.0,4.8497731617117115e-08
FL-2013-000108-SSD,FL_2013_000108_SSD,4.8352057e-08,2.067453111903063e-05,529.0,4.844260392322097e-08
FL-2001-000335-KOR,FL_2001_000335_KOR,4.7802164e-08,7.075096416436314e-08,1191.0,4.7842132364548496e-08
FL-2007-000147-NER,FL_2007_000147_NER,4.723463e-08,1.2930375561331855e-05,653.0,4.730641515197569e-08
FL-2021-000039-BDI,FL_2021_000039_BDI,4.620556e-08,3.6766442047119646e-05,380.0,4.632557444155844e-08
FL-2007-000125-PHL,FL_2007_000125_PHL,4.5927838e-08,3.779544741442861e-05,373.0,4.604934021693121e-08
FL-2022-000356-ETH,FL_2022_000356_ETH,4.552573e-08,3.3350285038972505e-05,405.0,4.563676836585366e-08
FL-2008-000187-BDI,FL_2008_000187_BDI,4.5281308e-08,7.533919468734447e-07,1097.0,4.5322398116152445e-08
FL-1998-000213-KGZ,FL_1998_000213_KGZ,4.4980325e-08,3.681509394457735e-06,888.0,4.503069490481522e-08
FL-2015-000053-CAF,FL_2015_000053_CAF,4.4165795e-08,3.827101551029485e-05,368.0,4.428420195710456e-08
FL-2016-000137-ARG,FL_2016_000137_ARG,4.3301913e-08,1.334274602781743e-06,1045.0,4.3343152917142865e-08
FL-2001-000252-ECU,FL_2001_000252_ECU,4.1965148e-08,1.549967947139783e-06,1029.0,4.200573324951644e-08
FL-2009-000135-MEX,FL_2009_000135_MEX,4.0664816e-08,0.0004257778018795,29.0,4.1860839999999995e-08
FL-2001-000180-IRN,FL_2001_000180_IRN,4.1419444e-08,2.260419794344301e-05,501.0,4.150130060869565e-08
FF-2016-000093-LAO,FF_2016_000093_LAO,4.1258488e-08,3.525149311821572e-06,898.0,4.130417846290144e-08
FL-2022-000254-PAK,FL_2022_000254_PAK,4.0402764e-08,0.0001023116980785,175.0,4.06272238e-08
FL-2011-000122-NER,FL_2011_000122_NER,3.9641165e-08,0.0002895023935831,49.0,4.0375260648148155e-08
FL-2009-000172-BFA,FL_2009_000172_BFA,3.9425064e-08,3.5664613407159512e-06,893.0,3.9468967189309574e-08
FL-2017-000054-BFA,FL_2017_000054_BFA,3.863396e-08,3.91811763931236e-06,882.0,3.867751576099211e-08
FL-2005-000184-VNM,FL_2005_000184_VNM,3.8519914e-08,1.3408936228732055e-05,645.0,3.8579175406153844e-08
FL-2019-000089-SLE,FL_2019_000089_SLE,3.784615e-08,0.0001303607648944,134.0,3.811842446043165e-08
FF-2022-000274-IRN,FF_2022_000274_IRN,3.800257e-08,1.884068050626897e-08,1209.0,3.803387359967052e-08
FL-2010-000194-VNM,FL_2010_000194_VNM,3.7572562e-08,2.7262852928163217e-06,943.0,3.761219550421941e-08
FL-2008-000191-HND,FL_2008_000191_HND,3.7394937e-08,3.386281805401597e-05,400.0,3.748727017777778e-08
FF-2008-000082-PHL,FF_2008_000082_PHL,3.5562906e-08,9.610099788688488e-06,707.0,3.561285390168539e-08
FL-2006-000085-UKR,FL_2006_000085_UKR,3.4496676e-08,2.935376207417216e-05,431.0,3.4575796816513754e-08
FL-2007-000126-PRK,FL_2007_000126_PRK,3.357207e-08,0.0001742997076059,101.0,3.388878764150944e-08
FL-2002-000321-HTI,FL_2002_000321_HTI,3.2394198e-08,3.305412693431928e-05,408.0,3.247263431476998e-08
FL-2003-000359-PAK,FL_2003_000359_PAK,3.165489e-08,0.0002793152928228,55.0,3.21824715e-08
FL-2003-000027-TUN,FL_2003_000027_TUN,3.206863e-08,1.4254744707974155e-05,632.0,3.211897321821036e-08
FL-2018-000015-BOL,FL_2018_000015_BOL,3.1252217e-08,1.1517771265667858e-05,675.0,3.129817614264706e-08
FL-2007-000149-CMR,FL_2007_000149_CMR,3.0929556e-08,3.4205889606457186e-05,398.0,3.100630427791563e-08
FL-2015-000105-GIN,FL_2015_000105_GIN,3.0760262e-08,6.319243888217118e-08,1193.0,3.0785938345575965e-08
FL-2008-000010-BRA,FL_2008_000010_BRA,2.8464974e-08,0.0001128528014521,156.0,2.864177508074534e-08
FL-1998-000251-SDN,FL_1998_000251_SDN,2.6914352e-08,1.917169546640153e-05,551.0,2.6962759107913666e-08
FL-2021-000066-GUY,FL_2021_000066_GUY,2.5232335e-08,6.821141703281272e-05,252.0,2.5330515291828795e-08
FL-2009-000186-TCD,FL_2009_000186_TCD,2.3808072e-08,0.0007187129902316,18.0,2.484320556521739e-08
FL-2012-000013-ECU,FL_2012_000013_ECU,2.380267e-08,4.107920647655088e-08,1203.0,2.3822374197019867e-08
FL-2009-000129-CAF,FL_2009_000129_CAF,2.3081583e-08,0.0001678106486549,107.0,2.32876685625e-08
FL-2010-000149-GTM,FL_2010_000149_GTM,2.3102876e-08,6.224764148574529e-07,1107.0,2.3123651967625902e-08
FL-1995-000012-PHL,FL_1995_000012_PHL,2.2869271e-08,0.0001239597790991,144.0,2.302275604026846e-08
FL-2022-000305-GIN,FL_2022_000305_GIN,2.2785075e-08,3.4108172570508737e-07,1148.0,2.2804836556808326e-08
FL-1999-000423-TGO,FL_1999_000423_TGO,2.177071e-08,4.004879423108957e-07,1140.0,2.178972372052402e-08
FL-2012-000157-CMR,FL_2012_000157_CMR,2.15686e-08,2.15213428784956e-05,518.0,2.1609840152963673e-08
FL-2003-000028-BRA,FL_2003_000028_BRA,2.0443581e-08,6.110826949409816e-05,271.0,2.0517651945652173e-08
FL-2008-000191-CRI,FL_2008_000191_CRI,2.0056262e-08,2.8332809142629e-05,440.0,2.0101332251685394e-08
FL-2000-000130-BOL,FL_2000_000130_BOL,1.8787816e-08,1.381815489417766e-06,1039.0,1.8805811992337164e-08
FL-2009-000102-HTI,FL_2009_000102_HTI,1.8085467e-08,6.0574054798422446e-05,273.0,1.8150522636690646e-08
FL-1999-000247-KOR,FL_1999_000247_KOR,1.8021053e-08,3.0440674878371008e-06,929.0,1.8040347489293363e-08
FL-2006-000192-IDN,FL_2006_000192_IDN,1.7519392e-08,0.0003895608708831,34.0,1.7968607179487176e-08
FL-2006-000106-MRT,FL_2006_000106_MRT,1.7803027e-08,2.282621706610692e-05,498.0,1.7838420691848903e-08
FL-2009-000216-ITA,FL_2009_000216_ITA,1.7538785e-08,2.960076920779267e-06,931.0,1.7557523018162392e-08
FL-1998-000219-KOR,FL_1998_000219_KOR,1.743806e-08,9.677649583888305e-08,1186.0,1.745270152812762e-08
FL-2017-000075-CHN,FL_2017_000075_CHN,1.6116015e-08,4.323602622343735e-06,866.0,1.613451788748565e-08
FL-2003-000037-MDG,FL_2003_000037_MDG,1.6014658e-08,0.0001331365454676,132.0,1.6131553313868616e-08
FL-2014-000019-BDI,FL_2014_000019_BDI,1.6059921e-08,9.721007873516603e-07,1078.0,1.607475010526316e-08
FL-2013-000070-IND,FL_2013_000070_IND,1.5646172e-08,6.131755299921703e-05,270.0,1.570306717090909e-08
FL-1999-000574-VNM,FL_1999_000574_VNM,1.5392224e-08,2.227684982426064e-05,509.0,1.5422169961089492e-08
FL-2005-000139-SLE,FL_2005_000139_SLE,1.4954509e-08,5.426377929101829e-06,825.0,1.497252648072289e-08
FL-2001-000236-URY,FL_2001_000236_URY,1.4884928e-08,9.90306130859838e-07,1077.0,1.4898684865064694e-08
FL-2009-000113-CHN,FL_2009_000113_CHN,1.4710769e-08,7.396396029798489e-06,774.0,1.4729653170731707e-08
FL-2021-000091-PHL,FL_2021_000091_PHL,1.4456154e-08,0.0002507084296997,61.0,1.4675186636363636e-08
FL-2001-000320-TLS,FL_2001_000320_TLS,1.4381974e-08,2.7044029619431237e-05,451.0,1.4413513416666667e-08
FL-2010-000242-AGO,FL_2010_000242_AGO,1.4309254e-08,6.232219613345074e-05,267.0,1.4361861551470588e-08
FL-2019-000087-PAK,FL_2019_000087_PAK,1.39880765e-08,1.330782340018516e-06,1047.0,1.4001373150665399e-08
FL-2001-000390-POL,FL_2001_000390_POL,1.3892566e-08,5.639700321490582e-06,812.0,1.3909570364749083e-08
FF-2008-000227-ETH,FF_2008_000227_ETH,1.3545484e-08,0.0002856376547798,52.0,1.3783124070175439e-08
FL-2022-000328-HND,FL_2022_000328_HND,1.3691586e-08,2.2377708702517352e-05,504.0,1.3718484990176817e-08
FL-2009-000179-LBR,FL_2009_000179_LBR,1.359943e-08,6.46794054965073e-05,262.0,1.3650364194756553e-08
FL-2014-000123-SSD,FL_2014_000123_SSD,1.299124e-08,3.798977423123344e-05,371.0,1.3025791170212766e-08
FL-2006-000001-IDN,FL_2006_000001_IDN,1.268125e-08,0.0002884917810924,50.0,1.291181818181818e-08
FL-2022-000271-NGA,FL_2022_000271_NGA,1.2295258e-08,2.175417025923224e-06,973.0,1.2307829838445807e-08
FL-2017-000174-ALB,FL_2017_000174_ALB,1.2219589e-08,2.474707276111189e-05,478.0,1.224488835610766e-08
FL-2022-000287-TCD,FL_2022_000287_TCD,1.2123715e-08,4.552485546131324e-05,338.0,1.2159061107871722e-08
FL-2012-000066-COM,FL_2012_000066_COM,1.1955045e-08,1.6933914217494726e-05,593.0,1.1975036714046824e-08
FL-2015-000008-BOL,FL_2015_000008_BOL,1.161055e-08,8.560540844747406e-05,208.0,1.1665059624413145e-08
FL-2019-000034-BOL,FL_2019_000034_BOL,1.1618226e-08,1.1428672769466597e-06,1061.0,1.1629124898686678e-08
FL-2008-000069-CHL,FL_2008_000069_CHL,1.16134045e-08,6.358358777235867e-07,1105.0,1.1623867026576576e-08
FF-2008-000072-CHN,FF_2008_000072_CHN,1.1512886e-08,2.040712721452999e-06,983.0,1.1524538718623481e-08
FL-1997-000301-UGA,FL_1997_000301_UGA,1.14789e-08,6.078264734378859e-06,800.0,1.149315950310559e-08
FL-2011-000131-GIN,FL_2011_000131_GIN,1.1353231e-08,1.7499020361516462e-06,1008.0,1.136443853307009e-08
FL-2015-000151-BLZ,FL_2015_000151_BLZ,1.1250912e-08,5.150394671846997e-05,307.0,1.1286972615384615e-08
FL-2009-000045-BOL,FL_2009_000045_BOL,1.11655485e-08,6.455959993433458e-06,790.0,1.117959321509434e-08
FL-2016-000117-ALB,FL_2016_000117_ALB,1.0517385e-08,3.0366844844592766e-05,424.0,1.0541901048951049e-08
LS-2011-000104-ECU,LS_2011_000104_ECU,1.0318311e-08,5.71081636843997e-07,1117.0,1.0327507355614974e-08
FL-2010-000262-ECU,FL_2010_000262_ECU,9.8761355e-09,2.3932221738347705e-06,965.0,9.886317082989691e-09
FL-2001-000029-BOL,FL_2001_000029_BOL,9.504155e-09,3.95484113969852e-05,364.0,9.529911517615175e-09
FL-2013-000013-BWA,FL_2013_000013_BWA,8.806486e-09,3.434773535293855e-05,397.0,8.828392681592041e-09
FF-2009-000229-SOM,FF_2009_000229_SOM,8.6154985e-09,2.407620339293152e-07,1155.0,8.622925653879309e-09
FL-2001-000025-MWI,FL_2001_000025_MWI,8.319679e-09,1.861330192638392e-05,565.0,8.334274928070176e-09
FF-2018-000030-KEN,FF_2018_000030_KEN,8.284359e-09,6.449522938609094e-06,791.0,8.294766486180905e-09
FL-2007-000040-HTI,FL_2007_000040_HTI,8.213351e-09,6.975548268444893e-05,248.0,8.245814837944664e-09
FL-2004-000116-CAF,FL_2004_000116_CAF,8.029759e-09,0.0002881796840957,51.0,8.173147553571428e-09
FL-2014-000008-BOL,FL_2014_000008_BOL,8.085827e-09,5.912535492925546e-06,804.0,8.095821841779976e-09
FL-1999-000391-MEX,FL_1999_000391_MEX,7.906696e-09,1.7036157439841452e-05,590.0,7.919984564705882e-09
FL-2021-000068-SUR,FL_2021_000068_SUR,7.852353e-09,9.920126254523985e-06,702.0,7.86345958132956e-09
FL-2019-000062-SSD,FL_2019_000062_SSD,7.83966e-09,1.6128557897440897e-05,603.0,7.85255417763158e-09
FL-2021-000153-UGA,FL_2021_000153_UGA,7.716085e-09,5.692288904404863e-07,1118.0,7.722955957257346e-09
FL-2021-000007-SYR,FL_2021_000007_SYR,7.660157e-09,1.497362199320396e-05,619.0,7.672432892628204e-09
FL-2002-000350-CHN,FL_2002_000350_CHN,7.539511e-09,5.399700982551325e-07,1123.0,7.546194963652482e-09
ST-2012-000064-COD,ST_2012_000064_COD,7.10141e-09,7.687722839437728e-07,1096.0,7.107859963669391e-09
FF-2007-000185-TUN,FF_2007_000185_TUN,7.0906245e-09,9.286983452610962e-06,721.0,7.100391200413223e-09
FL-2000-000255-ARG,FL_2000_000255_ARG,7.075981e-09,1.8155451486514927e-06,1001.0,7.08301477833002e-09
FL-2009-000187-CIV,FL_2009_000187_CIV,7.0414887e-09,1.4932122486543612e-05,621.0,7.052737084504792e-09
FL-2014-000014-SYC,FL_2014_000014_SYC,6.9548363e-09,2.699867455963683e-05,453.0,6.970021532096069e-09
FL-1997-000270-ETH,FL_1997_000270_ETH,6.8281407e-09,0.000102641806088,174.0,6.866286737430168e-09
FL-2014-000154-IDN,FL_2014_000154_IDN,6.4939143e-09,0.0001077183946936,161.0,6.5330342656626515e-09
FL-2002-000732-IDN,FL_2002_000732_IDN,6.4469465e-09,5.518920667290486e-06,819.0,6.4547704641990285e-09
FL-2010-000067-BRA,FL_2010_000067_BRA,6.3941203e-09,1.5623558419664282e-05,609.0,6.404534176710098e-09
FL-2002-000478-PRK,FL_2002_000478_PRK,6.249949e-09,0.0002175574758415,76.0,6.327108864197531e-09
FL-2013-000104-MLI,FL_2013_000104_MLI,5.949959e-09,2.452772513877042e-05,482.0,5.962176574948665e-09
FL-2006-000029-NAM,FL_2006_000029_NAM,5.9212786e-09,6.471891094915091e-05,261.0,5.9435390458646615e-09
FL-2009-000032-SLB,FL_2009_000032_SLB,5.8693495e-09,1.8584662170304384e-06,998.0,5.8752012941176475e-09
FL-2021-000190-EGY,FL_2021_000190_EGY,5.721385e-09,0.0003815589464402,35.0,5.864419625e-09
FL-2006-000156-TUR,FL_2006_000156_TUR,5.8412857e-09,4.454269589522788e-06,859.0,5.848046447337964e-09
FL-2020-000128-KEN,FL_2020_000128_KEN,5.735829e-09,7.765573287682634e-05,227.0,5.760552400862069e-09
FL-2021-000038-KEN,FL_2021_000038_KEN,5.5489977e-09,7.705568164365973e-05,228.0,5.572813140772533e-09
FL-2009-000268-AGO,FL_2009_000268_AGO,5.505538e-09,0.0002034725040633,83.0,5.568100931818182e-09
FL-2015-000039-KAZ,FL_2015_000039_KAZ,5.485344e-09,5.867733924956621e-07,1114.0,5.490246005361929e-09
FL-2009-000023-ECU,FL_2009_000023_ECU,5.452642e-09,9.321927960007588e-07,1085.0,5.457644423853211e-09
FL-2001-000376-PAK,FL_2001_000376_PAK,5.3186575e-09,7.175119403226601e-05,243.0,5.340103699596775e-09
FL-2005-000104-IND,FL_2005_000104_IND,5.0629896e-09,3.2340488301299466e-05,414.0,5.075073107398568e-09
FL-2010-000008-BOL,FL_2010_000008_BOL,5.0017945e-09,8.888686074629554e-06,728.0,5.008618230559345e-09
FL-2018-000144-PRK,FL_2018_000144_PRK,4.996775e-09,2.674369230189724e-06,950.0,5.002007225130891e-09
FL-2015-000055-TJK,FL_2015_000055_TJK,4.9582587e-09,1.274354755224774e-07,1181.0,4.962439356576729e-09
FL-2021-000051-SOM,FL_2021_000051_SOM,4.883598e-09,3.412750462536324e-06,907.0,4.888952822368421e-09
FL-2015-000092-BRA,FL_2015_000092_BRA,4.8319766e-09,1.8733292342169676e-05,564.0,4.84046865026362e-09
FL-2018-000165-CRI,FL_2018_000165_CRI,4.779505e-09,8.99384731588667e-06,725.0,4.786052267123288e-09
FL-2000-000002-AGO,FL_2000_000002_AGO,4.6656083e-09,7.282878992756015e-05,240.0,4.684651599183674e-09
FL-2015-000155-NGA,FL_2015_000155_NGA,4.61338e-09,2.264570533933286e-05,500.0,4.622515405940594e-09
FL-2011-000037-BDI,FL_2011_000037_BDI,4.489455e-09,8.192199673847248e-07,1091.0,4.493551218065694e-09
FL-2011-000161-SOM,FL_2011_000161_SOM,4.403641e-09,2.998560073833033e-05,426.0,4.4138582645011596e-09
FL-2011-000002-BRA,FL_2011_000002_BRA,4.250066e-09,0.0001758021744377,98.0,4.291328776699029e-09
FL-2016-000009-IDN,FL_2016_000009_IDN,4.141181e-09,8.698981748251948e-05,203.0,4.161090524038462e-09
FL-1997-000337-IND,FL_1997_000337_IND,4.126464e-09,4.426860708343e-05,343.0,4.138321655172414e-09
FL-2012-000106-BGD,FL_2012_000106_BGD,3.990973e-09,5.568152146609855e-06,817.0,3.9958281982968365e-09
FL-2005-000051-AGO,FL_2005_000051_AGO,3.8907815e-09,3.2623076542590126e-05,411.0,3.900134340144231e-09
FL-2019-000022-IRN,FL_2019_000022_IRN,3.7549235e-09,0.0001150211886705,153.0,3.778688838607595e-09
FF-2015-000115-MKD,FF_2015_000115_MKD,3.739071e-09,5.6026716060828055e-08,1196.0,3.742184298084929e-09
FL-2015-000145-SOM,FL_2015_000145_SOM,3.6965047e-09,3.5796533339666485e-05,388.0,3.7059105643765904e-09
FL-2007-000217-SRB,FL_2007_000217_SRB,3.6562509e-09,5.714551523336741e-06,811.0,3.6607315996323527e-09
FL-2022-000261-GEO,FL_2022_000261_GEO,3.6264587e-09,6.774556090379953e-05,253.0,3.640514741472868e-09
FL-1998-000359-UKR,FL_1998_000359_UKR,3.5629995e-09,9.0074853748857e-05,193.0,3.580994446969697e-09
FL-2015-000088-IRN,FL_2015_000088_IRN,3.432143e-09,3.250584082436312e-06,917.0,3.4358654978308022e-09
FL-1999-000132-BLR,FL_1999_000132_BLR,3.2356073e-09,9.568611439128886e-10,1218.0,3.2382529314799672e-09
FL-2007-000123-NGA,FL_2007_000123_NGA,3.2201923e-09,2.366759631216655e-05,489.0,3.2267109078947373e-09
FL-2008-000126-TCD,FL_2008_000126_TCD,3.1105454e-09,8.087146599441112e-06,752.0,3.114654442800528e-09
LS-2010-000040-UGA,LS_2010_000040_UGA,3.0819505e-09,0.0001302860295118,135.0,3.103964432142857e-09
FL-2022-000277-SDN,FL_2022_000277_SDN,3.04637e-09,0.0002225882276857,74.0,3.0849316455696204e-09
FF-2016-000079-MKD,FF_2016_000079_MKD,2.9966318e-09,1.2350796399345638e-06,1055.0,2.9994588111320754e-09
FL-2013-000054-CHN,FL_2013_000054_CHN,2.9422413e-09,6.587275608057657e-06,788.0,2.9459515664564942e-09
FL-1991-000010-PHL,FL_1991_000010_PHL,2.7666067e-09,5.418085478752618e-06,826.0,2.7699359499398317e-09
FF-2020-000123-YEM,FF_2020_000123_YEM,2.744274e-09,1.3108566429125958e-05,651.0,2.748457344512195e-09
FL-1991-000009-VNM,FL_1991_000009_VNM,2.6292615e-09,0.0001478405990815,115.0,2.6511720125e-09
FL-2006-000070-IND,FL_2006_000070_IND,2.6205387e-09,4.817844495181813e-05,325.0,2.628479726363636e-09
LS-2022-000224-GTM,LS_2022_000224_GTM,2.6114437e-09,3.689092230963038e-05,378.0,2.6182620908616186e-09
FL-2019-000020-COL,FL_2019_000020_COL,2.6125957e-09,4.887072283078253e-07,1130.0,2.6148975464317184e-09
FL-2007-000022-ARG,FL_2007_000022_ARG,2.5969673e-09,8.465523094321776e-06,740.0,2.600453162147651e-09
FF-2006-000046-KEN,FF_2006_000046_KEN,2.4864808e-09,3.597526048183972e-05,387.0,2.4928238632653065e-09
FF-2005-000067-IDN,FF_2005_000067_IDN,2.4581497e-09,5.360301386783695e-05,301.0,2.4661828689542485e-09
FL-2012-000063-RUS,FL_2012_000063_RUS,2.387935e-09,1.6398680094489163e-06,1023.0,2.3902578939688716e-09
FL-2022-000164-ECU,FL_2022_000164_ECU,2.370686e-09,7.186050655108737e-08,1189.0,2.372671499162479e-09
FL-2018-000077-CIV,FL_2018_000077_CIV,2.2640692e-09,7.380240651259036e-07,1101.0,2.2661162788426763e-09
FL-2008-000054-THA,FL_2008_000054_THA,2.1356095e-09,1.4851482935287964e-05,623.0,2.139010152070064e-09
FL-2007-000044-ARG,FL_2007_000044_ARG,2.1345614e-09,2.4602773243330523e-05,481.0,2.1389535016460905e-09
FL-2019-000067-UGA,FL_2019_000067_UGA,2.078847e-09,0.0002476192922008,63.0,2.1094182794117647e-09
FL-1998-000165-CHN,FL_1998_000165_CHN,2.075863e-09,4.077967562966632e-05,355.0,2.081629286111111e-09
FL-2022-000286-MRT,FL_2022_000286_MRT,2.0469975e-09,1.9367012027841403e-06,991.0,2.0490527183734943e-09
FL-2002-000125-ECU,FL_2002_000125_ECU,2.0286897e-09,1.8129628484006175e-06,1004.0,2.030700294350842e-09
FL-2002-000322-CHL,FL_2002_000322_CHL,2.0239177e-09,7.3456645834532835e-06,776.0,2.0265091439180536e-09
FF-2011-000066-TJK,FF_2011_000066_TJK,1.9498378e-09,0.0001116553738098,157.0,1.961873835802469e-09
FL-2007-000197-COD,FL_2007_000197_COD,1.9374555e-09,2.8511396417977367e-06,935.0,1.93951662287234e-09
FL-2019-000167-BDI,FL_2019_000167_BDI,1.9254656e-09,4.486525526101581e-05,340.0,1.931046659710145e-09
FL-2007-000177-SLE,FL_2007_000177_SLE,1.8525905e-09,0.0001061615200511,166.0,1.8634243625730993e-09
FL-2009-000136-BIH,FL_2009_000136_BIH,1.8396206e-09,6.192702823070907e-07,1108.0,1.8412734486972146e-09
FL-2011-000196-IDN,FL_2011_000196_IDN,1.829212e-09,2.2686626455356952e-05,499.0,1.8328413888888889e-09
FL-2022-000349-CMR,FL_2022_000349_CMR,1.7791546e-09,4.025466563235762e-06,873.0,1.7811809719817767e-09
FF-2009-000159-PAK,FF_2009_000159_PAK,1.7199299e-09,2.4869148711081408e-05,476.0,1.7235056378378378e-09
FL-2003-000505-VNM,FL_2003_000505_VNM,1.6549e-09,1.7071638163688938e-07,1166.0,1.6563132365499575e-09
FL-2006-000071-ROM,FL_2006_000071_ROM,1.6504539e-09,2.562527799623789e-07,1153.0,1.651879162435233e-09
FL-2022-000201-ZAF,FL_2022_000201_ZAF,1.6496602e-09,1.5250369025732857e-07,1169.0,1.6510653620102213e-09
FL-2012-000191-HTI,FL_2012_000191_HTI,1.6349958e-09,3.109709019707165e-05,421.0,1.638833818309859e-09
FL-2000-000038-PHL,FL_2000_000038_PHL,1.6281668e-09,7.305594207078238e-06,777.0,1.6302488547314577e-09
FL-2019-000153-COD,FL_2019_000153_COD,1.5857927e-09,3.196551883054848e-06,920.0,1.5875070704864864e-09
FL-2003-000621-BOL,FL_2003_000621_BOL,1.4945426e-09,3.982577929770448e-05,361.0,1.4986260497267758e-09
FF-2007-000083-IND,FF_2007_000083_IND,1.4817232e-09,3.5265418743088187e-05,391.0,1.4854649252525253e-09
FL-2005-000157-MDA,FL_2005_000157_MDA,1.4569786e-09,1.2972485097353804e-06,1051.0,1.4583583145833334e-09
FL-1999-000547-VEN,FL_1999_000547_VEN,1.4436942e-09,1.590222845203151e-05,605.0,1.4460609118032785e-09
FL-2010-000208-RUS,FL_2010_000208_RUS,1.4352766e-09,4.934021101337095e-06,839.0,1.436977164691943e-09
FL-2018-000092-MNG,FL_2018_000092_MNG,1.4195962e-09,1.6076774708226762e-05,604.0,1.4219272282430214e-09
FL-2006-000133-NER,FL_2006_000133_NER,1.3471624e-09,5.989411765878363e-05,276.0,1.351956572241993e-09
FL-2009-000267-SRB,FL_2009_000267_SRB,1.2890026e-09,0.000442169965016,26.0,1.330583329032258e-09
FL-2021-000055-TJK,FL_2021_000055_TJK,1.3129438e-09,9.959826031390455e-07,1075.0,1.3141594887037037e-09
FL-2009-000245-SRB,FL_2009_000245_SRB,1.2859183e-09,1.4056865762377373e-05,637.0,1.2879212880062304e-09
FL-2015-000024-ARG,FL_2015_000024_ARG,1.2790378e-09,5.449747220955915e-06,823.0,1.2805825316425121e-09
FL-2002-000734-MAR,FL_2002_000734_MAR,1.2752917e-09,2.2375501438209943e-05,506.0,1.2777873784735812e-09
FL-2015-000081-PHL,FL_2015_000081_PHL,1.260817e-09,1.130682345816116e-05,681.0,1.2626549256559769e-09
FL-2006-000131-BGD,FL_2006_000131_BGD,1.2585167e-09,2.759533206669422e-06,941.0,1.2598470559196616e-09
ST-2012-000077-CHN,ST_2012_000077_CHN,1.2269651e-09,0.0002346647854701,69.0,1.2435457094594596e-09
FL-2019-000119-CMR,FL_2019_000119_CMR,1.1822584e-09,3.957506851988389e-07,1141.0,1.1832900390924957e-09
FF-2009-000196-IDN,FF_2009_000196_IDN,1.1410008e-09,0.000209620578864,82.0,1.154115751724138e-09
FL-2015-000106-BFA,FL_2015_000106_BFA,1.1502348e-09,3.386181667188195e-06,908.0,1.1514946409638554e-09
FL-2010-000037-HTI,FL_2010_000037_HTI,1.1371626e-09,1.8820576139279303e-05,560.0,1.1391752771681416e-09
FL-2001-000696-BRA,FL_2001_000696_BRA,1.1270606e-09,0.0001399142825584,123.0,1.1358657609375e-09
FF-2013-000084-GEO,FF_2013_000084_GEO,1.093141e-09,2.6920906064960823e-06,948.0,1.0942880524658971e-09
FL-2006-000178-JAM,FL_2006_000178_JAM,1.051738e-09,2.092122902859226e-08,1207.0,1.0526057706270626e-09
FL-2007-000139-KEN,FL_2007_000139_KEN,1.0443206e-09,0.0001048986426291,170.0,1.0502881462857143e-09
FL-2012-000151-TCD,FL_2012_000151_TCD,1.0173331e-09,3.80430957847309e-05,370.0,1.0200459882666665e-09
FL-2015-000093-GUY,FL_2015_000093_GUY,1.0165919e-09,2.626547908208174e-06,952.0,1.0176541694879833e-09
FL-2007-000127-MRT,FL_2007_000127_MRT,9.622803e-10,0.0001611560951601,109.0,9.707213552631579e-10
FL-2017-000043-HTI,FL_2017_000043_HTI,9.512522e-10,1.0796378395284535e-05,689.0,9.526228804034581e-10
FF-2011-000143-SSD,FF_2011_000143_SSD,9.335437e-10,1.4789624323940965e-05,624.0,9.350278712241653e-10
FL-2012-000153-IDN,FL_2012_000153_IDN,9.0435204e-10,8.696842075654835e-05,204.0,9.086790832535884e-10
FF-2011-000071-GEO,FF_2011_000071_GEO,9.015982e-10,4.310030423530012e-06,867.0,9.026321428899082e-10
FL-2009-000139-PAK,FL_2009_000139_PAK,8.745258e-10,1.0380792907904416e-05,696.0,8.757733403708986e-10
FF-2007-000070-CHN,FF_2007_000070_CHN,8.4005686e-10,1.2679549408556986e-05,655.0,8.413296734242424e-10
FL-1998-000085-IRN,FL_1998_000085_IRN,7.996814e-10,0.0001721838076947,103.0,8.070858574074074e-10
FL-2021-000092-CRI,FL_2021_000092_CRI,7.7253387e-10,2.1360780807673484e-05,521.0,7.740025655703422e-10
FL-2004-000094-CHN,FL_2004_000094_CHN,7.575585e-10,7.233969583865954e-06,779.0,7.585247735969387e-10
FL-2010-000121-DOM,FL_2010_000121_DOM,7.2158296e-10,1.9846602327684134e-05,536.0,7.229167547504621e-10
OT-2004-000112-COL,OT_2004_000112_COL,6.869348e-10,1.0039587621674687e-06,1074.0,6.875714402224282e-10
FL-2002-000614-LAO,FL_2002_000614_LAO,6.814817e-10,1.4513621473671368e-05,629.0,6.825565922712934e-10
FL-2011-000137-VNM,FL_2011_000137_VNM,6.76465e-10,6.798677971838901e-07,1102.0,6.770760794941283e-10
FL-2008-000217-KEN,FL_2008_000217_KEN,6.673499e-10,2.713246520988155e-06,945.0,6.680523735789475e-10
FF-2022-000309-SLE,FF_2022_000309_SLE,6.5196626e-10,1.2249577016726532e-05,664.0,6.529407985052317e-10
FF-2013-000090-PAK,FF_2013_000090_PAK,6.483763e-10,5.581125930782422e-06,816.0,6.491660397076736e-10
FL-2015-000131-SLE,FL_2015_000131_SLE,6.463925e-10,9.653275965038563e-07,1079.0,6.469888030442804e-10
FL-2008-000201-YEM,FL_2008_000201_YEM,6.4146666e-10,1.9072128364653363e-06,995.0,6.421081266599999e-10
FL-2011-000190-AGO,FL_2011_000190_AGO,6.2920974e-10,2.568372885573521e-06,957.0,6.298638041787941e-10
FL-2000-000187-ROM,FL_2000_000187_ROM,6.199653e-10,1.0794956390456212e-09,1217.0,6.204726365793781e-10
FL-2010-000107-PHL,FL_2010_000107_PHL,6.1832844e-10,1.4423394756769425e-06,1037.0,6.189218454126678e-10
FL-2009-000198-BEN,FL_2009_000198_BEN,5.460605e-10,2.15282891160482e-06,975.0,5.466177045918368e-10
FL-2013-000051-ECU,FL_2013_000051_ECU,5.395858e-10,8.969773830914933e-08,1187.0,5.400384726510067e-10
FF-2007-000080-BGD,FF_2007_000080_BGD,5.091339e-10,2.3597756148213157e-07,1156.0,5.09572430490956e-10
FL-2008-000180-NIC,FL_2008_000180_NIC,4.785596e-10,1.2825952478194864e-06,1053.0,4.790119247637051e-10
FL-2009-000121-CZE,FL_2009_000121_CZE,4.6845294e-10,8.54250056619438e-07,1088.0,4.688815337236962e-10
FL-2019-000120-PHL,FL_2019_000120_PHL,4.666489e-10,2.246137618082492e-05,503.0,4.675675001968504e-10
FL-1997-000526-ECU,FL_1997_000526_ECU,4.6221227e-10,5.012597916103173e-07,1129.0,4.6261986459435623e-10
FL-2011-000038-KAZ,FL_2011_000038_KAZ,4.5657242e-10,1.789179216161936e-05,578.0,4.573555630874785e-10
FL-2002-000607-ALB,FL_2002_000607_ALB,4.2577597e-10,0.0002414997318966,68.0,4.316085175342466e-10
FL-2009-000034-MAR,FL_2009_000034_MAR,3.9963197e-10,9.414796347673785e-06,718.0,4.0018471131396953e-10
FL-2014-000121-CMR,FL_2014_000121_CMR,3.836516e-10,3.591708337500314e-06,892.0,3.8407930523968787e-10
FL-2001-000146-AGO,FL_2001_000146_AGO,3.8234466e-10,5.112496976221005e-05,311.0,3.835546114556962e-10
FL-2013-000141-SOM,FL_2013_000141_SOM,3.718404e-10,1.2137345805378083e-06,1057.0,3.721905322033898e-10
FL-2001-000082-ZWE,FL_2001_000082_ZWE,3.4153158e-10,0.0001558502538833,110.0,3.4450141982608695e-10
FL-2022-000379-MYS,FL_2022_000379_MYS,3.3339576e-10,0.0001350123187788,126.0,3.3594076580152667e-10
FL-2020-000185-PAK,FL_2020_000185_PAK,3.3259062e-10,5.405813114636661e-05,300.0,3.336810810491803e-10
FL-2009-000144-NER,FL_2009_000144_NER,3.3205408e-10,9.426199646935717e-06,717.0,3.3251398869806095e-10
FF-2009-000069-IDN,FF_2009_000069_IDN,3.2500397e-10,0.0001963124669356,87.0,3.2853662184782613e-10
FL-2007-000088-ECU,FL_2007_000088_ECU,3.2790107e-10,2.14142661617432e-07,1161.0,3.2818228875643224e-10
FL-2012-000173-SOM,FL_2012_000173_SOM,3.2350556e-10,3.907067255672375e-06,883.0,3.238698680630631e-10
FL-2009-000174-NER,FL_2009_000174_NER,3.0724753e-10,0.0001854210348952,93.0,3.10382708877551e-10
FL-2021-000097-BGD,FL_2021_000097_BGD,2.9715147e-10,1.1175890717390442e-06,1063.0,2.974297017134831e-10
FL-2002-000445-VEN,FL_2002_000445_VEN,2.846039e-10,0.0001069027354253,164.0,2.862879467455621e-10
FF-2012-000148-PAK,FF_2012_000148_PAK,2.7870423e-10,1.0813294303698283e-06,1067.0,2.7896421528917913e-10
FL-2018-000046-RUS,FL_2018_000046_RUS,2.7684105e-10,3.0304515199354315e-05,425.0,2.7748486639534887e-10
FL-2009-000183-NGA,FL_2009_000183_NGA,2.6838692e-10,1.729427710277986e-05,583.0,2.688433603401361e-10
FF-2012-000120-GEO,FF_2012_000120_GEO,2.672325e-10,2.7066320806422182e-06,946.0,2.6751350157728704e-10
FL-2008-000035-PRY,FL_2008_000035_PRY,2.6622227e-10,2.47054237922334e-05,480.0,2.667711818969072e-10
FL-2019-000064-SDN,FL_2019_000064_SDN,2.3297264e-10,7.565020794428546e-06,770.0,2.332732498580645e-10
FL-2014-000155-HTI,FL_2014_000155_HTI,2.2685752e-10,9.632317823902804e-05,186.0,2.2804525570680628e-10
FF-2021-000189-BIH,FF_2021_000189_BIH,2.2702294e-10,1.0464631032057042e-05,694.0,2.2734772246065808e-10
FL-2006-000034-ECU,FL_2006_000034_ECU,2.2252372e-10,2.350051976592508e-06,966.0,2.2275288963954683e-10
FL-2019-000181-IDN,FL_2019_000181_IDN,2.1563294e-10,0.000241736890845,67.0,2.1862784194444444e-10
FL-2003-000350-MNG,FL_2003_000350_MNG,2.1543675e-10,1.7727310225109254e-05,580.0,2.1580501794871796e-10
FL-2007-000076-KEN,FL_2007_000076_KEN,2.1381201e-10,0.0001071730143523,163.0,2.1508470053571426e-10
FL-2009-000218-KEN,FL_2009_000218_KEN,2.1218412e-10,9.49781254339733e-06,713.0,2.1247964105849583e-10
FL-2020-000175-GEO,FL_2020_000175_GEO,2.0892636e-10,7.135813396136747e-05,245.0,2.0976206544e-10
FL-2015-000169-KEN,FL_2015_000169_KEN,2.0859282e-10,2.647432615706357e-05,459.0,2.0904237349137933e-10
FL-2007-000122-VNM,FL_2007_000122_VNM,2.0736626e-10,1.4910169174036336e-05,622.0,2.0769698768740031e-10
FL-2006-000050-ARG,FL_2006_000050_ARG,1.9657295e-10,1.7071139115109284e-05,588.0,1.969044389544688e-10
FL-2019-000011-IDN,FL_2019_000011_IDN,1.8727132e-10,4.363353591457509e-05,347.0,1.8780334079545457e-10
FF-2012-000079-GEO,FF_2012_000079_GEO,1.8445243e-10,3.613306646219738e-06,891.0,1.8465829208705356e-10
FL-2012-000192-COD,FL_2012_000192_COD,1.8033215e-10,1.3290169144154185e-05,648.0,1.806083094946401e-10
FF-2020-000156-UKR,FF_2020_000156_UKR,1.753643e-10,9.639921215404605e-07,1080.0,1.755259260829493e-10
FL-2005-000064-ETH,FL_2005_000064_ETH,1.6551596e-10,0.0002941963379256,45.0,1.6882627920000002e-10
FF-2020-000153-BIH,FF_2020_000153_BIH,1.53113e-10,5.221183279023869e-05,305.0,1.536069129032258e-10
FL-2010-000046-MOZ,FL_2010_000046_MOZ,1.5223615e-10,3.8531737832778563e-07,1145.0,1.5236852926086956e-10
FL-1999-000531-COD,FL_1999_000531_COD,1.5097255e-10,4.366349935801499e-06,863.0,1.511464815092166e-10
FL-2006-000018-IRQ,FL_2006_000018_IRQ,1.4622549e-10,0.0001985841711494,86.0,1.478323635164835e-10
FF-2020-000055-SOM,FF_2020_000055_SOM,1.4340967e-10,5.496801148188573e-05,297.0,1.4388453645695363e-10
FL-2020-000161-BGD,FL_2020_000161_BGD,1.402089e-10,3.207229133630115e-06,919.0,1.4036064123376623e-10
FL-2006-000112-ETH,FL_2006_000112_ETH,1.4005702e-10,1.7244461899671184e-05,584.0,1.4029480780984718e-10
FL-2021-000161-IND,FL_2021_000161_IND,1.394336e-10,4.526622652704892e-06,857.0,1.3959535591647331e-10
FL-2015-000123-NER,FL_2015_000123_NER,1.3675237e-10,8.86777986555086e-05,199.0,1.3742272475490196e-10
FL-2008-000182-RWA,FL_2008_000182_RWA,1.3528148e-10,2.47132474386968e-05,479.0,1.3556098719008264e-10
FL-2022-000158-HTI,FL_2022_000158_HTI,1.3535117e-10,6.148189983603244e-06,799.0,1.3551951722636815e-10
FL-1997-000295-COD,FL_1997_000295_COD,1.317026e-10,4.218488799169271e-06,868.0,1.3185346208476516e-10
FL-2005-000208-BIH,FL_2005_000208_BIH,1.3074172e-10,1.0820920209037006e-06,1066.0,1.3086379443510737e-10
FL-2011-000093-BGD,FL_2011_000093_BGD,1.2835741e-10,4.165886561567488e-06,869.0,1.2850427202517163e-10
FL-2011-000133-MEX,FL_2011_000133_MEX,1.2782447e-10,9.443208454806845e-06,716.0,1.2800175775312067e-10
FL-1999-000651-CHN,FL_1999_000651_CHN,1.2229084e-10,5.831318014138259e-07,1115.0,1.2240002825000001e-10
FL-2015-000176-BDI,FL_2015_000176_BDI,1.171025e-10,4.32846886862603e-08,1201.0,1.1719959991708126e-10
FL-2019-000093-NGA,FL_2019_000093_NGA,1.1688746e-10,7.1858603803483406e-06,780.0,1.1703636122292993e-10
FL-2009-000170-MRT,FL_2009_000170_MRT,1.1469477e-10,3.676280644517367e-05,381.0,1.1499190670984456e-10
FL-2006-000058-TJK,FL_2006_000058_TJK,1.10919364e-10,3.268857061848712e-06,916.0,1.1103979761997828e-10
FL-2020-000193-SSD,FL_2020_000193_SSD,9.7527014e-11,6.990937838911932e-05,247.0,9.791402596031747e-11
FL-2021-000049-RWA,FL_2021_000049_RWA,8.109789e-11,3.927197679935138e-05,365.0,8.13170734864865e-11
FL-2001-000524-MLI,FL_2001_000524_MLI,7.045164e-11,4.419588659502769e-05,344.0,7.065350716332379e-11
FF-2006-000039-YEM,FF_2006_000039_YEM,6.7457685e-11,4.6845505687110285e-06,852.0,6.753639875145857e-11
FL-2009-000241-COL,FL_2009_000241_COL,6.6311935e-11,1.336601721172863e-06,1044.0,6.63751494280267e-11
FL-2010-000041-SOM,FL_2010_000041_SOM,6.5230196e-11,1.6224030590818567e-05,602.0,6.53376592553542e-11
FL-2003-000020-MOZ,FL_2003_000020_MOZ,6.2748175e-11,8.875289514286789e-05,198.0,6.305727931034484e-11
FL-2012-000126-PAN,FL_2012_000126_PAN,5.5966537e-11,8.130811514673758e-07,1093.0,5.601750834517304e-11
FL-2008-000117-ROM,FL_2008_000117_ROM,5.4499252e-11,2.704263212884484e-07,1152.0,5.4546355934312875e-11
FL-1998-000193-ROM,FL_1998_000193_ROM,5.3323734e-11,3.156765036037753e-09,1214.0,5.33674778342904e-11
FL-2021-000204-BRA,FL_2021_000204_BRA,5.3245377e-11,9.433713811434904e-07,1082.0,5.32943607874885e-11
FF-2018-000041-SOM,FF_2018_000041_SOM,5.133846e-11,0.0004349389541621,27.0,5.2942786874999994e-11
FL-2010-000119-PAN,FL_2010_000119_PAN,5.262879e-11,2.0708732786025543e-05,528.0,5.272753069418387e-11
FL-2018-000120-NGA,FL_2018_000120_NGA,5.136095e-11,2.654610299449738e-05,458.0,5.147188077753779e-11
FL-2005-000065-GEO,FL_2005_000065_GEO,5.1313665e-11,2.7374861079487965e-06,942.0,5.1367850496304114e-11
FL-2009-000095-TJK,FL_2009_000095_TJK,5.1032553e-11,5.391718689538407e-06,827.0,5.1093890203125e-11
FL-2004-000052-JPN,FL_2004_000052_JPN,5.05479e-11,2.0370735931884904e-06,984.0,5.059901011122346e-11
FL-2012-000075-VEN,FL_2012_000075_VEN,4.9225977e-11,1.719843624822183e-05,585.0,4.930941085932204e-11
FL-2006-000009-GUY,FL_2006_000009_GUY,4.909736e-11,1.3483708929132283e-06,1043.0,4.914420862595419e-11
FL-2010-000114-BGD,FL_2010_000114_BGD,4.689417e-11,3.173318188046005e-06,922.0,4.6944757022653725e-11
FL-2007-000093-SDN,FL_2007_000093_SDN,4.5860305e-11,4.944282986270712e-05,318.0,4.6002287368421054e-11
FL-2019-000009-ARG,FL_2019_000009_ARG,4.4369355e-11,1.5991898257652495e-06,1026.0,4.441239026188167e-11
FL-2016-000046-SOM,FL_2016_000046_SOM,4.200195e-11,1.6771582614734125e-05,596.0,4.2071836772046585e-11
FL-2004-000115-PAN,FL_2004_000115_PAN,4.029171e-11,5.288318049116518e-05,303.0,4.0422527240259746e-11
FL-2020-000029-TZA,FL_2020_000029_TZA,4.0182236e-11,1.053651593448845e-05,692.0,4.0239886266857965e-11
FL-2005-000090-TJK,FL_2005_000090_TJK,3.9532815e-11,5.27950930901627e-07,1126.0,3.9567768859416445e-11
FL-1998-000316-VNM,FL_1998_000316_VNM,3.9217025e-11,0.0001021540703837,176.0,3.9433693646408845e-11
FF-2014-000015-ZWE,FF_2014_000015_ZWE,3.691898e-11,6.041289599803102e-07,1112.0,3.6952031906893464e-11
FL-2015-000164-COD,FL_2015_000164_COD,3.653164e-11,1.1044863454923556e-05,686.0,3.6584507785817655e-11
FF-2007-000100-MLI,FF_2007_000100_MLI,3.6328336e-11,1.4064334949647026e-05,635.0,3.6385099025e-11
FL-2004-000028-DOM,FL_2004_000028_DOM,3.558628e-11,4.674948579447916e-05,333.0,3.569156485207101e-11
FL-1999-000286-GMB,FL_1999_000286_GMB,3.424382e-11,6.649767092357796e-05,256.0,3.4375022375478926e-11
FL-2016-000122-SRB,FL_2016_000122_SRB,3.3754926e-11,2.1565707255180973e-06,974.0,3.378940498467824e-11
FL-2010-000049-AGO,FL_2010_000049_AGO,3.3440306e-11,2.631837222578312e-05,464.0,3.351160729211087e-11
FL-2005-000137-CAF,FL_2005_000137_CAF,3.102039e-11,0.0009173668215768,12.0,3.284511882352941e-11
FL-2017-000079-TJK,FL_2017_000079_TJK,3.2411376e-11,1.4063201071410533e-05,636.0,3.246193976911076e-11
FL-2002-000482-RUS,FL_2002_000482_RUS,3.006691e-11,6.357400928910024e-05,265.0,3.0178268925925926e-11
FL-2008-000185-SOM,FL_2008_000185_SOM,2.9961138e-11,1.894639390190908e-05,555.0,3.0014640032142854e-11
FL-2011-000187-COD,FL_2011_000187_COD,2.8320228e-11,1.609088258203e-06,1025.0,2.8347723366990293e-11
FL-2006-000010-BOL,FL_2006_000010_BOL,2.7123317e-11,4.049998163026168e-06,872.0,2.7154244385404788e-11
FL-2002-000054-IDN,FL_2002_000054_IDN,2.6580644e-11,0.0002830475777655,54.0,2.7031163389830508e-11
FL-2013-000145-COL,FL_2013_000145_COL,2.5256216e-11,5.250928191866486e-07,1127.0,2.5278527144876324e-11
FL-2000-000770-IDN,FL_2000_000770_IDN,2.4622804e-11,0.0001480497461457,114.0,2.4829718319327733e-11
FF-2012-000101-GAB,FF_2012_000101_GAB,2.3376606e-11,1.846303547977912e-05,568.0,2.3417402869109947e-11
FL-2021-000001-MYS,FL_2021_000001_MYS,2.145056e-11,3.2477275606490986e-05,412.0,2.1502000191846524e-11
FL-2003-000482-MEX,FL_2003_000482_MEX,2.0664873e-11,0.0001340395389961,131.0,2.0816820595588238e-11
FL-2003-000012-BOL,FL_2003_000012_BOL,1.9505649e-11,1.6297880262765372e-06,1024.0,1.9524604927113704e-11
FL-2009-000007-ZWE,FL_2009_000007_ZWE,1.9376984e-11,3.947459141676864e-07,1142.0,1.9393877621621622e-11
FL-2008-000155-CHL,FL_2008_000155_CHL,1.850965e-11,2.285169127678859e-05,497.0,1.8546521812749004e-11
FL-1998-000179-RUS,FL_1998_000179_RUS,1.8177251e-11,0.0001466895331848,116.0,1.8327476214876032e-11
FL-2012-000043-KGZ,FL_2012_000043_KGZ,1.7653786e-11,4.70005511800665e-08,1200.0,1.7668436444813276e-11
FL-2020-000242-COL,FL_2020_000242_COL,1.7434165e-11,4.7736234876298966e-06,849.0,1.745457971311475e-11
FL-2020-000052-COD,FL_2020_000052_COD,1.7356163e-11,2.9327338255974187e-05,432.0,1.73958796201373e-11
FL-2021-000084-TCD,FL_2021_000084_TCD,1.6366715e-11,1.7014576124707755e-06,1016.0,1.6382745083251716e-11
FL-2005-000108-PAK,FL_2005_000108_PAK,1.5980588e-11,0.0002561556698197,60.0,1.6226443199999997e-11
FL-2000-000012-MOZ,FL_2000_000012_MOZ,1.5958254e-11,5.324364566458258e-05,302.0,1.601023528338762e-11
FL-2022-000217-BGD,FL_2022_000217_BGD,1.5807649e-11,1.8471093086860238e-07,1164.0,1.5821171368691192e-11
ST-2012-000061-VNM,ST_2012_000061_VNM,1.5429895e-11,1.1548390185558958e-05,674.0,1.545261944035346e-11
FL-2003-000578-COL,FL_2003_000578_COL,1.5135301e-11,1.2405173403841864e-05,661.0,1.5158026677177176e-11
FL-2019-000162-MYS,FL_2019_000162_MYS,1.4973436e-11,1.9339562661410837e-05,548.0,1.5000512737793852e-11
FL-2007-000107-TLS,FL_2007_000107_TLS,1.4788686e-11,0.0001056564168485,169.0,1.4873678448275863e-11
FL-2002-000402-BGD,FL_2002_000402_BGD,1.436951e-11,4.603747468588147e-07,1137.0,1.438209275831874e-11
FL-2000-000048-BWA,FL_2000_000048_BWA,1.3964358e-11,2.1140005634962216e-06,977.0,1.397857832382892e-11
FL-2014-000006-PHL,FL_2014_000006_PHL,1.3851737e-11,8.142247909047895e-05,219.0,1.3913575111607145e-11
FL-2007-000130-CIV,FL_2007_000130_CIV,1.37443485e-11,1.701758311067431e-06,1015.0,1.3757823351470588e-11
FL-2008-000096-BGD,FL_2008_000096_BGD,1.3639067e-11,8.090382125726644e-06,751.0,1.3657108093915346e-11
FL-2008-000094-ZAF,FL_2008_000094_ZAF,1.32752715e-11,0.0001006918547918,177.0,1.3348212552197803e-11
FF-2009-000201-PHL,FF_2009_000201_PHL,1.3013944e-11,0.0001156508144479,151.0,1.3097366717948716e-11
FL-2001-000227-RUS,FL_2001_000227_RUS,1.2675333e-11,2.6329505565042363e-05,462.0,1.2702475040685225e-11
FF-2017-000122-CMR,FF_2017_000122_CMR,1.2474808e-11,1.5122619949083086e-05,616.0,1.2494896257648953e-11
FF-2021-000032-TLS,FF_2021_000032_TLS,1.2377581e-11,3.317400980860394e-06,911.0,1.23910936430131e-11
FL-2021-000019-PER,FL_2021_000019_PER,1.1672451e-11,3.696918825503847e-05,377.0,1.1703007154450262e-11
FL-2008-000158-PAN,FL_2008_000158_PAN,9.152631e-12,2.167384923519779e-05,516.0,9.17019842994242e-12
FL-2018-000360-RUS,FL_2018_000360_RUS,8.786788e-12,0.0001296367247945,139.0,8.847807361111111e-12
FL-2014-000150-SOM,FL_2014_000150_SOM,8.560728e-12,7.742698847867614e-06,767.0,8.571817025906736e-12
FL-2004-000020-KEN,FL_2004_000020_KEN,8.174126e-12,2.2314081319891532e-05,507.0,8.19009108984375e-12
FL-2007-000199-THA,FL_2007_000199_THA,7.879208e-12,0.0001834834460947,94.0,7.95879595959596e-12
FF-2008-000123-PAK,FF_2008_000123_PAK,7.80409e-12,1.966602297540126e-05,538.0,7.81846217311234e-12
FL-2006-000027-IDN,FL_2006_000027_IDN,7.303865e-12,0.0001139478504324,155.0,7.34951415625e-12
FL-2007-000189-NIC,FL_2007_000189_NIC,7.1626264e-12,0.0001193833877077,148.0,7.209440951633987e-12
FL-2016-000061-RUS,FL_2016_000061_RUS,7.1183797e-12,1.0160045402041404e-05,698.0,7.128505417923186e-12
FL-2008-000246-GUY,FL_2008_000246_GUY,7.090677e-12,3.433231713105034e-06,905.0,7.0984689527472526e-12
FL-2004-000021-COL,FL_2004_000021_COL,6.9214075e-12,1.1428352053361142e-05,679.0,6.931526516812866e-12
FL-2022-000365-PAN,FL_2022_000365_PAN,6.8711135e-12,6.237529156808504e-06,798.0,6.879670303860523e-12
FL-2004-000023-CRI,FL_2004_000023_CRI,6.7888273e-12,4.805369128532377e-06,847.0,6.796795407159624e-12
FL-2000-000735-VEN,FL_2000_000735_VEN,6.675196e-12,5.465422973855836e-06,822.0,6.683267579201934e-12
FL-2016-000025-SRB,FL_2016_000025_SRB,5.683093e-12,5.486781054135532e-07,1121.0,5.688140151865009e-12
FL-2015-000042-RWA,FL_2015_000042_RWA,5.6516263e-12,1.018768769583364e-07,1185.0,5.656375565798319e-12
FL-2012-000054-HTI,FL_2012_000054_HTI,5.3207968e-12,4.699080503549715e-05,332.0,5.33658551454006e-12
FL-2013-000002-PSE,FL_2013_000002_PSE,4.8175856e-12,1.8908138083738365e-05,556.0,4.82617309661319e-12
FL-2019-000079-BGD,FL_2019_000079_BGD,4.764217e-12,2.715842748046345e-06,944.0,4.769237249736565e-12
FL-2014-000054-TJK,FL_2014_000054_TJK,4.6130105e-12,1.5145724160501263e-06,1030.0,4.617467514975846e-12
FL-2003-000531-IDN,FL_2003_000531_IDN,4.4619993e-12,0.0003338826831318,42.0,4.5569354553191485e-12
FL-2008-000250-THA,FL_2008_000250_THA,4.2239333e-12,0.0001141577303681,154.0,4.2504989182389935e-12
FL-2021-000123-CAF,FL_2021_000123_CAF,3.4877027e-12,7.639408910496101e-05,233.0,3.5023569130252103e-12
FF-2013-000113-ROM,FF_2013_000113_ROM,3.3904774e-12,1.2442975703472674e-09,1216.0,3.3932542037674037e-12
FL-2011-000123-RUS,FL_2011_000123_RUS,3.2529862e-12,3.082868888189777e-05,422.0,3.2606044346604216e-12
FL-2006-000189-MYS,FL_2006_000189_MYS,3.199492e-12,6.611580875072425e-05,258.0,3.2116573688212926e-12
FL-2016-000042-KEN,FL_2016_000042_KEN,3.1090753e-12,3.3767328917859587e-06,909.0,3.1124769141137857e-12
FL-2016-000114-EGY,FL_2016_000114_EGY,3.0194714e-12,5.545756385109384e-05,293.0,3.029603854362416e-12
FL-2005-000132-MKD,FL_2005_000132_MKD,2.8131423e-12,8.943743983708615e-05,195.0,2.8272080114999997e-12
FL-2004-000120-CRI,FL_2004_000120_CRI,2.6324448e-12,3.148838913499561e-05,418.0,2.638668073758865e-12
FF-2013-000029-SRB,FF_2013_000029_SRB,2.3864435e-12,8.131774597143565e-06,750.0,2.389604352317881e-12
FL-2007-000206-COG,FL_2007_000206_COG,2.3084063e-12,1.934105869254977e-05,547.0,2.3125881954710142e-12
FL-2019-000047-GEO,FL_2019_000047_GEO,2.2742253e-12,2.377779428605516e-05,488.0,2.2788383330628803e-12
FL-2017-000083-GIN,FL_2017_000083_GIN,2.1258266e-12,1.4531143547992077e-06,1034.0,2.1278726313763236e-12
FL-2011-000021-MYS,FL_2011_000021_MYS,2.117613e-12,1.815108161782077e-05,573.0,2.1212766903114186e-12
FF-2011-000088-NGA,FF_2011_000088_NGA,1.9646745e-12,9.376097327784022e-07,1083.0,1.9664802670036766e-12
FL-2007-000138-UGA,FL_2007_000138_UGA,1.9575674e-12,1.3785429489491304e-05,641.0,1.960597690092879e-12
FL-2016-000071-LBR,FL_2016_000071_LBR,1.8829014e-12,3.388717462801826e-05,399.0,1.887562047029703e-12
FL-2001-000096-UKR,FL_2001_000096_UKR,1.8397608e-12,4.643991150740016e-06,853.0,1.8419050433566432e-12
FL-2001-000095-HUN,FL_2001_000095_HUN,1.8397608e-12,2.7921318677545327e-06,938.0,1.8417117658536584e-12
FL-2001-000079-ROM,FL_2001_000079_ROM,1.8397608e-12,9.946239031603069e-07,1076.0,1.8414627063829784e-12
FL-2006-000121-MKD,FL_2006_000121_MKD,1.8296443e-12,1.9287657410463087e-05,549.0,1.8329469070397113e-12
FL-2020-000196-NGA,FL_2020_000196_NGA,1.7688405e-12,1.9602953934980653e-05,542.0,1.7720742120658135e-12
FL-2011-000170-COL,FL_2011_000170_COL,1.7444288e-12,1.576657720882499e-05,608.0,1.747274523980424e-12
FL-2013-000038-KEN,FL_2013_000038_KEN,1.6929612e-12,2.509866437897778e-06,959.0,1.6947173838174274e-12
FL-2003-000331-CHN,FL_2003_000331_CHN,1.6438768e-12,4.191310097089557e-07,1139.0,1.6453137552447552e-12
FL-2006-000190-BDI,FL_2006_000190_BDI,1.4197279e-12,6.856731728183687e-06,786.0,1.4215227519595448e-12
FL-2012-000067-RWA,FL_2012_000067_RWA,1.4196234e-12,8.462864891057393e-07,1089.0,1.4209210447897624e-12
FL-2010-000023-ECU,FL_2010_000023_ECU,1.4142556e-12,2.539609139049913e-05,470.0,1.4172329802105265e-12
FF-2013-000118-BEN,FF_2013_000118_BEN,1.1108611e-12,3.1770612332940165e-06,921.0,1.1120607340172786e-12
FL-2015-000068-BGD,FL_2015_000068_BGD,1.0499607e-12,2.696948242252115e-06,947.0,1.0510635998949578e-12
FF-2006-000022-TLS,FF_2006_000022_TLS,1.042556e-12,5.804041568327543e-05,282.0,1.0461885993031359e-12
FL-2002-000265-KEN,FL_2002_000265_KEN,9.885894e-13,2.988607628377562e-05,428.0,9.908725163972288e-13
FL-2018-000034-BLR,FL_2018_000034_BLR,9.167469e-13,2.323890647759096e-10,1219.0,9.174958762254902e-13
FL-2020-000212-KHM,FL_2020_000212_KHM,8.39194e-13,7.553286967338997e-06,771.0,8.402754355670103e-13
FL-2010-000036-CYP,FL_2010_000036_CYP,8.032503e-13,6.160966063428927e-07,1109.0,8.039713505385997e-13
FF-2018-000158-TUN,FF_2018_000158_TUN,7.537051e-13,8.329936637032861e-06,744.0,7.547113818424566e-13
FL-2014-000089-IND,FL_2014_000089_IND,7.2931803e-13,0.0003359937871668,41.0,7.451727697826087e-13
FL-2010-000174-KEN,FL_2010_000174_KEN,7.2479343e-13,8.264047457845926e-06,748.0,7.257559710756972e-13
FL-2010-000026-DOM,FL_2010_000026_DOM,7.006544e-13,3.889250586952833e-07,1144.0,7.012641949521322e-13
FL-2009-000140-MNG,FL_2009_000140_MNG,6.159575e-13,0.0001703251945534,104.0,6.21608486238532e-13
LS-2010-000190-COL,LS_2010_000190_COL,6.134702e-13,1.4959539447518306e-05,620.0,6.144517523200001e-13
FL-2018-000065-TJK,FL_2018_000065_TJK,6.0447643e-13,6.230679794669477e-05,268.0,6.066906293772893e-13
FL-2018-000004-COD,FL_2018_000004_COD,5.767799e-13,5.955581542101794e-07,1113.0,5.772958033094812e-13
FL-2005-000111-ROM,FL_2005_000111_ROM,5.699478e-13,6.1770327885139265e-09,1212.0,5.704161219391947e-13
FL-2022-000316-NER,FL_2022_000316_NER,5.687418e-13,2.953851949482205e-05,430.0,5.70049252413793e-13
FL-1999-000371-IND,FL_1999_000371_IND,5.3766475e-13,2.036054674202345e-05,531.0,5.386678558768657e-13
FL-2009-000266-ALB,FL_2009_000266_ALB,5.0868446e-13,4.603106358379672e-05,335.0,5.101805907647059e-13
FL-2013-000159-VCT,FL_2013_000159_VCT,5.014812e-13,1.1990168561660672e-06,1058.0,5.019529603010347e-13
FL-2000-000375-CHL,FL_2000_000375_CHL,4.9204873e-13,0.0002111696764795,80.0,4.978375385882353e-13
FL-2006-000091-PRK,FL_2006_000091_PRK,4.875892e-13,3.712152011345666e-05,376.0,4.888689616797901e-13
FL-2006-000044-COL,FL_2006_000044_COL,4.636785e-13,7.469151362281434e-07,1100.0,4.640981185520363e-13
FL-2011-000043-VCT,FL_2011_000043_VCT,4.586253e-13,4.745557427413132e-08,1199.0,4.590062180232559e-13
FL-2015-000113-PRK,FL_2015_000113_PRK,4.5450056e-13,1.315969164135087e-05,650.0,4.551944539847328e-13
FL-2010-000031-PRT,FL_2010_000031_PRT,4.4561533e-13,8.557494627381408e-06,737.0,4.4621588974393536e-13
FL-2000-000617-BGD,FL_2000_000617_BGD,4.3934168e-13,1.4879576056689857e-07,1171.0,4.3971526986394563e-13
FL-2018-000419-PRY,FL_2018_000419_PRY,3.9858346e-13,1.360501898169616e-05,643.0,3.991985579320987e-13
FL-2003-000455-NGA,FL_2003_000455_NGA,3.8537514e-13,1.0153811564002854e-05,699.0,3.859225478693182e-13
FL-2006-000172-COG,FL_2006_000172_COG,3.5962861e-13,5.534054757609362e-05,294.0,3.60831381270903e-13
FL-1991-000011-CHN,FL_1991_000011_CHN,3.600925e-13,1.3692394041462076e-06,1040.0,3.6043708612440194e-13
FL-2015-000056-COL,FL_2015_000056_COL,3.5776772e-13,0.0001191004797721,150.0,3.6007589883870963e-13
FL-2004-000044-BGD,FL_2004_000044_BGD,3.5205785e-13,5.231870199124632e-06,830.0,3.5247947616766467e-13
FL-2021-000152-GEO,FL_2021_000152_GEO,3.4935474e-13,2.5664761407819685e-05,468.0,3.500933335306554e-13
FL-2001-000274-WSM,FL_2001_000274_WSM,3.3982783e-13,4.093580446818482e-06,871.0,3.4021576131278536e-13
FL-2016-000011-TZA,FL_2016_000011_TZA,3.1695095e-13,0.0001832318726279,96.0,3.200890782178218e-13
FL-2018-000105-BGD,FL_2018_000105_BGD,2.534971e-13,5.8095936976029207e-05,281.0,2.5438345349650355e-13
FF-2005-000072-TJK,FF_2005_000072_TJK,2.2532365e-13,1.4475425005908717e-06,1036.0,2.2554009923150816e-13
FL-2007-000086-PAN,FL_2007_000086_PAN,1.9508393e-13,3.208775088658514e-05,416.0,1.9554731225653208e-13
FL-2007-000174-CAF,FL_2007_000174_CAF,1.8530936e-13,0.0002310716591333,71.0,1.8774764105263158e-13
FL-2005-000150-NGA,FL_2005_000150_NGA,1.8509383e-13,3.553349641570863e-06,895.0,1.852994898111111e-13
FF-2013-000100-RUS,FF_2013_000100_RUS,1.6050528e-13,2.1018755075747723e-06,978.0,1.6066856105798576e-13
FL-2010-000153-PRK,FL_2010_000153_PRK,1.5549417e-13,2.2377445569369537e-05,505.0,1.5579906052941177e-13
FL-1999-000053-PHL,FL_1999_000053_PHL,1.5352526e-13,4.6323046533785e-06,854.0,1.5370398556461001e-13
FL-2015-000040-SOM,FL_2015_000040_SOM,1.1200079e-13,2.432035453475239e-05,484.0,1.1222983047034766e-13
FL-2011-000020-BOL,FL_2011_000020_BOL,1.0624371e-13,2.192746003170878e-06,971.0,1.0635256626024591e-13
FL-2003-000293-TLS,FL_2003_000293_TLS,1.0599507e-13,5.388125002684079e-07,1124.0,1.0608895403011515e-13
FL-2006-000030-SRB,FL_2006_000030_SRB,8.767375e-14,5.99652160200779e-05,275.0,8.798687053571429e-14
FL-2002-000536-MMR,FL_2002_000536_MMR,8.3192005e-14,7.881522816787286e-07,1095.0,8.326763409545455e-14
FL-2005-000002-GUY,FL_2005_000002_GUY,7.897212e-14,3.721046865201234e-05,375.0,7.917994136842104e-14
FL-1997-000166-ROM,FL_1997_000166_ROM,7.7460865e-14,7.293823740643582e-09,1210.0,7.752461879835391e-14
FL-2016-000085-MLI,FL_2016_000085_MLI,7.058855e-14,0.0001391928784831,124.0,7.113574806201551e-14
ST-2011-000073-CAF,ST_2011_000073_CAF,5.11937e-14,0.0005661085771302,21.0,5.3162688461538464e-14
FL-2004-000063-PRK,FL_2004_000063_PRK,5.1888415e-14,9.792888933916531e-05,182.0,5.2165893155080216e-14
SS-2007-000063-MDV,SS_2007_000063_MDV,4.2377245e-14,8.444780603733593e-06,741.0,4.243405095844504e-14
FF-2012-000196-COG,FF_2012_000196_COG,3.956317e-14,2.921712021580347e-05,434.0,3.965329111617312e-14
FL-2015-000071-GEO,FL_2015_000071_GEO,3.8789278e-14,0.0002014938529245,85.0,3.922026997777778e-14
FL-1999-000259-KHM,FL_1999_000259_KHM,3.7650513e-14,8.41672126002054e-06,742.0,3.770091529317269e-14
FL-2012-000138-NGA,FL_2012_000138_NGA,3.577374e-14,2.8301315289792303e-05,441.0,3.585395017937219e-14
FL-2017-000002-MYS,FL_2017_000002_MYS,3.277642e-14,4.570896755127567e-06,856.0,3.2814487851335654e-14
FL-2014-000115-NER,FL_2014_000115_NER,2.7138532e-14,0.0001433459502515,117.0,2.7360978983606555e-14
FL-2022-000332-BEN,FL_2022_000332_BEN,2.613131e-14,0.0001379878489586,125.0,2.6332320076923075e-14
FL-2004-000068-ROM,FL_2004_000068_ROM,2.5616287e-14,1.8814159681509043e-09,1215.0,2.5637283956557375e-14
FL-2022-000135-ZMB,FL_2022_000135_ZMB,2.5058882e-14,1.694730008290731e-06,1019.0,2.5083353564453124e-14
FL-2009-000123-BGD,FL_2009_000123_BGD,2.31752e-14,1.332474129518429e-06,1046.0,2.3197250618458614e-14
FL-1998-000272-PRK,FL_1998_000272_PRK,2.267539e-14,0.0001534570486533,111.0,2.28708675e-14
FL-1999-000160-PER,FL_1999_000160_PER,2.0882782e-14,0.0001763208683424,97.0,2.1087515156862745e-14
FL-2005-000205-PHL,FL_2005_000205_PHL,1.8581077e-14,0.0003205825745038,43.0,1.896818277083333e-14
FF-2007-000082-PAK,FF_2007_000082_PAK,1.8257578e-14,2.660945264078161e-05,456.0,1.829718229067245e-14
FL-2013-000030-COL,FL_2013_000030_COL,1.7242875e-14,3.624132340658711e-05,386.0,1.7286974424552428e-14
FL-2007-000003-PHL,FL_2007_000003_PHL,1.414489e-14,4.098308303186368e-05,354.0,1.4184290807799442e-14
FL-2023-000001-COG,FL_2023_000001_COG,1.3931161e-14,2.5813958829133405e-05,466.0,1.3960738836518046e-14
FL-2009-000164-SEN,FL_2009_000164_SEN,1.04583226e-14,1.7033456392328535e-06,1014.0,1.0468585919528948e-14
FL-2009-000011-PHL,FL_2009_000011_PHL,8.3086334e-15,0.0001063166434393,165.0,8.357507714117646e-15
FL-2018-000014-ARG,FL_2018_000014_ARG,6.1278145e-15,2.681952359353751e-05,454.0,6.141164858387798e-15
FL-2008-000031-PER,FL_2008_000031_PER,5.289167e-15,0.0001056586025761,168.0,5.319740219653179e-15
FF-2020-000221-SOM,FF_2020_000221_SOM,5.2150523e-15,9.060993211999448e-05,192.0,5.241524646700507e-15
FL-2022-000382-ZAF,FL_2022_000382_ZAF,4.902124e-15,1.5371156278381626e-05,613.0,4.9100562394822e-15
FL-2014-000038-ZAF,FL_2014_000038_ZAF,4.752112e-15,5.7247906283584e-05,287.0,4.768386356164383e-15
FL-2006-000151-PAN,FL_2006_000151_PAN,4.362257e-15,2.090535317686736e-05,524.0,4.3705032325141775e-15
FF-2022-000278-MNG,FF_2022_000278_MNG,3.8765653e-15,1.9753304548180904e-06,988.0,3.8804691925478344e-15
FL-2013-000008-MOZ,FL_2013_000008_MOZ,3.3303322e-15,8.365217489121551e-05,213.0,3.345608953211009e-15
FL-2005-000017-VEN,FL_2005_000017_VEN,2.5916045e-15,4.765247402658323e-07,1133.0,2.5938818326010546e-15
FL-2011-000115-KEN,FL_2011_000115_KEN,2.577823e-15,1.358411292478108e-05,644.0,2.58179499229584e-15
FL-2011-000051-RWA,FL_2011_000051_RWA,2.4039352e-15,8.555407636131381e-07,1087.0,2.4061366058608057e-15
FL-2002-000500-IRN,FL_2002_000500_IRN,2.1075169e-15,3.808033037454351e-05,369.0,2.113151971925134e-15
FL-2007-000158-TGO,FL_2007_000158_TGO,1.8856349e-15,8.004477457444237e-06,757.0,1.8881094864829397e-15
FL-2009-000176-MLI,FL_2009_000176_MLI,1.4103306e-15,0.0003498118697514,36.0,1.4447289073170733e-15
FL-2006-000092-KOR,FL_2006_000092_KOR,1.3255462e-15,1.714128535181071e-06,1012.0,1.3268495885939035e-15
FL-2002-000782-MKD,FL_2002_000782_MKD,1.0917716e-15,7.918549291955709e-06,760.0,1.0931987524183008e-15
FF-2008-000233-PHL,FF_2008_000233_PHL,8.568286e-16,2.148772663638852e-05,519.0,8.584637690839696e-16
FL-2020-000038-EGY,FL_2020_000038_EGY,8.255844300000001e-16,1.921842009465693e-06,994.0,8.26410840840841e-16
FL-2006-000086-CHL,FL_2006_000086_CHL,7.991008400000001e-16,1.9523556670045045e-06,990.0,7.999039564221106e-16
FL-1998-000203-BGD,FL_1998_000203_BGD,7.648371e-16,6.572661615470948e-07,1104.0,7.655267637511273e-16
FL-2022-000348-CRI,FL_2022_000348_CRI,7.623755500000001e-16,7.239120145789528e-05,241.0,7.654746376016261e-16
FL-2008-000032-KAZ,FL_2008_000032_KAZ,7.462903400000001e-16,1.909718454073228e-05,553.0,7.476277778853048e-16
FL-2016-000091-NER,FL_2016_000091_NER,6.888425600000001e-16,0.0009453444063341,10.0,7.347653973333335e-16
FL-2009-000192-MEX,FL_2009_000192_MEX,7.177749e-16,6.633745219888089e-05,257.0,7.205144988549618e-16
FL-2005-000020-COL,FL_2005_000020_COL,6.85558e-16,2.910722164433504e-06,934.0,6.862880937167199e-16
FF-2014-000059-SRB,FF_2014_000059_SRB,6.706427300000001e-16,0.0001077965549856,160.0,6.747072313939395e-16
FL-2007-000155-ROM,FL_2007_000155_ROM,6.1926616e-16,2.03179163064486e-08,1208.0,6.197766844517724e-16
FL-1997-000255-KEN,FL_1997_000255_KEN,5.5895556e-16,1.244660177770023e-05,659.0,5.597973605421687e-16
FL-2017-000064-IND,FL_2017_000064_IND,4.918108e-16,2.286719643312117e-05,496.0,4.927924582834331e-16
FF-2008-000092-KEN,FF_2008_000092_KEN,4.4126586000000003e-16,7.468590893051804e-05,239.0,4.4307432663934425e-16
FL-2005-000175-SDN,FL_2005_000175_SDN,3.907923e-16,1.8027336961566748e-06,1007.0,3.9117845839920954e-16
FL-2016-000054-HTI,FL_2016_000054_HTI,3.7791934000000006e-16,2.928329468531089e-05,433.0,3.7878216954337907e-16
FL-2007-000129-PAK,FL_2007_000129_PAK,3.5724525000000005e-16,1.4353250692019698e-07,1174.0,3.5754825699745555e-16
FL-2005-000182-IND,FL_2005_000182_IND,3.4525653000000005e-16,4.016297433614493e-05,360.0,3.4620243830136996e-16
FL-2021-000127-NER,FL_2021_000127_NER,3.117078e-16,7.701583025141084e-05,229.0,3.130398846153846e-16
FL-2015-000009-ALB,FL_2015_000009_ALB,2.461673e-16,8.620168161982796e-05,207.0,2.4732846650943397e-16
FL-2017-000014-PER,FL_2017_000014_PER,2.3995874000000004e-16,2.887245001680064e-05,437.0,2.4050163307692313e-16
FL-2021-000126-MYS,FL_2021_000126_MYS,2.167904e-16,1.9412719296352813e-05,545.0,2.1718456436363634e-16
FL-2010-000251-CRI,FL_2010_000251_CRI,2.0827287e-16,1.994100433376419e-06,986.0,2.0848303434914228e-16
FL-2009-000234-PHL,FL_2009_000234_PHL,2.0130474000000002e-16,6.607137092274751e-05,259.0,2.020672579545455e-16
FL-2014-000163-COL,FL_2014_000163_COL,1.8089598000000002e-16,5.414364049976199e-07,1122.0,1.8105649107364688e-16
FL-2019-000100-MLI,FL_2019_000100_MLI,1.7801582000000002e-16,6.385767614096957e-05,264.0,1.7867758884758364e-16
FL-2003-000080-ARG,FL_2003_000080_ARG,1.6128624000000002e-16,3.2196188092810138e-06,918.0,1.6146098132177681e-16
FL-1997-000522-MDA,FL_1997_000522_MDA,1.1679662e-16,1.5046748475289751e-06,1031.0,1.1690935805019306e-16
FL-2008-000076-COL,FL_2008_000076_COL,9.4020465e-17,3.2822906717286974e-06,915.0,9.412266115760869e-17
FL-2018-000164-HND,FL_2018_000164_HND,7.8387784e-17,2.3392164589472536e-05,492.0,7.854550589939638e-17
FL-2009-000039-CRI,FL_2009_000039_CRI,7.755915400000001e-17,2.892544334893095e-05,436.0,7.773502509750568e-17
FL-2010-000219-PHL,FL_2010_000219_PHL,6.152235000000001e-17,1.695532627940047e-05,592.0,6.162540251256282e-17
FL-2017-000004-THA,FL_2017_000004_THA,5.921947e-17,4.9663162770847326e-05,316.0,5.940395433021806e-17
FL-2018-000058-COL,FL_2018_000058_COL,4.6191254e-17,8.166572108305463e-05,218.0,4.639838966816143e-17
FL-2008-000088-USA,FL_2008_000088_USA,3.0148330000000005e-17,1.7493194404172522e-05,582.0,3.0199690017035775e-17
FL-2006-000041-SRB,FL_2006_000041_SRB,2.7729070000000004e-17,8.31215223063287e-05,216.0,2.785454090497738e-17
FL-2013-000011-ZWE,FL_2013_000011_ZWE,2.6696586e-17,1.152336633044004e-07,1182.0,2.6719076805391742e-17
FL-2021-000209-MYS,FL_2021_000209_MYS,2.5889157e-17,8.711786846410217e-05,201.0,2.6014832519417477e-17
FL-2012-000009-FJI,FL_2012_000009_FJI,2.2675840000000003e-17,1.1602751428247054e-05,673.0,2.2709285191740414e-17
FL-2001-000453-IRN,FL_2001_000453_IRN,2.1987041000000002e-17,4.3199257518729855e-05,348.0,2.204932723512748e-17
FL-2013-000116-NGA,FL_2013_000116_NGA,2.1508309000000002e-17,1.675997638296368e-05,597.0,2.154403708803987e-17
FL-2010-000051-KAZ,FL_2010_000051_KAZ,1.9782211000000002e-17,1.8392743408452171e-06,1000.0,1.98018947920398e-17
FL-2005-000194-COL,FL_2005_000194_COL,1.2722675e-17,9.054083596947717e-06,723.0,1.2740151201923078e-17
FL-2021-000213-STP,FL_2021_000213_STP,5.8846273999999995e-18,1.207248029588984e-05,665.0,5.893410425970149e-18
FL-2022-000331-SLV,FL_2022_000331_SLV,3.558889e-18,3.380073177116118e-05,401.0,3.567654736453202e-18
FL-2003-000647-TLS,FL_2003_000647_TLS,2.5857103e-18,2.257725375433844e-06,968.0,2.5883677617677285e-18
FL-2001-000375-IRN,FL_2001_000375_IRN,2.3914618999999996e-18,1.4522667022526452e-05,628.0,2.395239880884676e-18
FL-1997-000026-MOZ,FL_1997_000026_MOZ,2.212589e-18,6.921528574124147e-05,249.0,2.2212999803149605e-18
FL-2011-000164-CAF,FL_2011_000164_CAF,1.2678964e-18,0.0001035761355036,172.0,1.2750596564971752e-18
FL-2009-000261-PER,FL_2009_000261_PER,1.1024220999999999e-18,0.0003446146119923,38.0,1.1280598232558138e-18
FL-2013-000019-PER,FL_2013_000019_PER,9.14332e-19,7.480120860751629e-07,1099.0,9.151601992753622e-19
FF-2019-000029-IDN,FF_2019_000029_IDN,8.031633699999999e-19,2.786754459541508e-05,443.0,8.049561453794641e-19
FL-2007-000035-AFG,FL_2007_000035_AFG,7.6057794e-19,9.083197264193596e-05,191.0,7.644584396938775e-19
FL-2020-000206-COD,FL_2020_000206_COD,7.155202999999999e-19,1.3215441389976348e-06,1049.0,7.161991617647058e-19
FL-2016-000075-BGD,FL_2016_000075_BGD,4.5844154e-19,3.832215053481966e-05,367.0,4.596739097311828e-19
FL-2004-000100-PAN,FL_2004_000100_PAN,3.5025571999999996e-19,0.0002260526428327,72.0,3.548044955844155e-19
FL-2007-000011-ZMB,FL_2007_000011_ZMB,2.5668492e-19,7.946147067031937e-05,222.0,2.578156905726872e-19
FL-2011-000198-PER,FL_2011_000198_PER,2.4459209e-19,1.10338858348518e-05,687.0,2.4494554677745663e-19
FL-2000-000083-ZWE,FL_2000_000083_ZWE,1.7914738e-19,4.835318187164999e-05,323.0,1.7969356103658534e-19
FL-2006-000057-SUR,FL_2006_000057_SUR,1.5645417999999998e-19,1.993255072217032e-06,987.0,1.5661189590725804e-19
FL-2020-000011-MOZ,FL_2020_000011_MOZ,1.4671391e-19,2.669258884063145e-06,951.0,1.4686737643305438e-19
FL-2013-000112-CAF,FL_2013_000112_CAF,1.07549455e-19,7.645665225098224e-05,232.0,1.0800325016877637e-19
FL-2017-000012-MOZ,FL_2017_000012_MOZ,1.0370917999999999e-19,2.2590548812733458e-07,1157.0,1.0379843058519793e-19
FF-2010-000204-LCA,FF_2010_000204_LCA,7.884070399999999e-20,7.019434605893242e-09,1211.0,7.890554010526316e-20
FL-2011-000109-PAK,FL_2011_000109_PAK,6.8428284e-20,0.0002934888989992,46.0,6.977001505882352e-20
FL-2018-000043-TZA,FL_2018_000043_TZA,4.0503655e-20,3.795882387302801e-05,372.0,4.061109175066313e-20
FL-2016-000130-VCT,FL_2016_000130_VCT,1.889192e-20,4.7032493985064286e-05,330.0,1.8948313791044775e-20
FL-2022-000374-TTO,FL_2022_000374_TTO,1.8264461e-20,1.5610191355925682e-06,1027.0,1.8282159121124032e-20
FL-2007-000227-ZWE,FL_2007_000227_ZWE,1.4785333e-20,1.530093463932956e-05,615.0,1.4809180311290323e-20
FL-2009-000100-DOM,FL_2009_000100_DOM,1.0090696e-20,2.437622388923961e-05,483.0,1.0111373655737705e-20
FL-2009-000217-IND,FL_2009_000217_IND,8.050472999999999e-21,5.4659268267631775e-05,299.0,8.076954819078947e-21
FL-2009-000165-CHL,FL_2009_000165_CHL,6.694386e-21,2.770280784768714e-05,446.0,6.7092294279379154e-21
FL-2019-000170-RWA,FL_2019_000170_RWA,4.6554767e-21,1.2836148795608304e-06,1052.0,4.659881124503311e-21
FL-2009-000247-MYS,FL_2009_000247_MYS,3.901067e-21,2.489154971270502e-05,474.0,3.9092111899791225e-21
FL-2019-000031-SYR,FL_2019_000031_SYR,3.0449112000000003e-21,3.131349252210369e-05,419.0,3.0520925943396227e-21
FL-2021-000135-GIN,FL_2021_000135_GIN,1.0315004e-21,2.7237935318658197e-08,1206.0,1.0323521757225433e-21
FF-2020-000168-MNG,FF_2020_000168_MNG,8.832402e-22,2.9088777686064866e-08,1205.0,8.839701505785123e-22
FL-2009-000190-TUR,FL_2009_000190_TUR,6.1125356e-22,1.3737087017694112e-05,642.0,6.121983104791345e-22
FL-2002-000755-CRI,FL_2002_000755_CRI,3.9024578000000003e-22,4.2848319387413856e-05,349.0,3.9134816920903954e-22
FL-1999-000240-SRB,FL_1999_000240_SRB,2.8247014e-22,6.448576567834368e-06,792.0,2.828245567377666e-22
FL-2017-000126-NGA,FL_2017_000126_NGA,1.4812618000000002e-22,4.38970031645173e-05,346.0,1.4854819190883195e-22
FL-2017-000052-RUS,FL_2017_000052_RUS,7.002083e-24,3.928883364646262e-06,881.0,7.009986028216705e-24
FL-2011-000007-ZAF,FL_2011_000007_ZAF,6.927422e-24,7.136507378046015e-05,244.0,6.95524297188755e-24
FL-2013-000006-IDN,FL_2013_000006_IDN,3.9955923e-24,9.704034482748848e-05,184.0,4.016733e-24
FL-2010-000021-AFG,FL_2010_000021_AFG,9.512234e-25,3.0558931338644427e-06,928.0,9.522429320471597e-25
FL-2007-000144-LBR,FL_2007_000144_LBR,7.73024e-25,0.000129642073721,138.0,7.784297622377623e-25
FL-1999-000413-CAF,FL_1999_000413_CAF,4.097963e-26,9.670451875846784e-05,185.0,4.119531226315789e-26
FL-2002-000325-JAM,FL_2002_000325_JAM,1.773001e-26,2.249429764976512e-07,1158.0,1.7745255064488393e-26
FL-2002-000077-PER,FL_2002_000077_PER,1.4689863000000001e-26,2.4072430135543075e-05,485.0,1.47198423122449e-26
FL-2007-000111-GBR,FL_2007_000111_GBR,1.2344131000000001e-26,1.9596187536636536e-05,543.0,1.2366656786496353e-26
FL-2020-000125-TZA,FL_2020_000125_TZA,2.4231685e-27,1.7164461335036718e-05,586.0,2.4272686159052455e-27
FL-1997-000164-BGD,FL_1997_000164_BGD,2.1062938e-28,3.4309932439717298e-06,906.0,2.1086058678375414e-28
FL-2008-000197-COL,FL_2008_000197_COL,6.500806500000001e-30,3.960544198037045e-08,1204.0,6.506183511166253e-30
ST-2010-000085-CHN,ST_2010_000085_CHN,6.0595966000000005e-30,1.4712676555534705e-07,1172.0,6.06474494035684e-30
FL-2010-000076-COL,FL_2010_000076_COL,3.9108143e-35,3.566170463789164e-06,894.0,3.91516448275862e-35
FL-2013-000017-PNG,FL_2013_000017_PNG,0.0,2.6776064860899355e-05,455.0,0.0
FL-2006-000158-PRK,FL_2006_000158_PRK,0.0,6.871020735501852e-06,784.0,0.0
FL-2011-000022-AFG,FL_2011_000022_AFG,0.0,2.447019945671818e-06,962.0,0.0
FL-2009-000208-AZE,FL_2009_000208_AZE,0.0,2.3790120422751392e-05,487.0,0.0
FL-2009-000044-BIH,FL_2009_000044_BIH,0.0,1.542846517561214e-07,1168.0,0.0
FL-2022-000312-BGR,FL_2022_000312_BGR,0.0,8.559141688011628e-06,736.0,0.0
FL-2017-000078-NER,FL_2017_000078_NER,0.0,3.81388672640962e-06,886.0,0.0
FF-2014-000048-KAZ,FF_2014_000048_KAZ,0.0,0.0001494660035528,113.0,0.0
FL-2010-000089-AZE,FL_2010_000089_AZE,0.0,1.3964318542695727e-05,640.0,0.0
FL-2010-000015-PSE,FL_2010_000015_PSE,0.0,2.3318934801518e-05,494.0,0.0
FL-2001-000485-KHM,FL_2001_000485_KHM,0.0,1.8031300829769607e-05,575.0,0.0
FL-2006-000065-TZA,FL_2006_000065_TZA,0.0,1.7151515740984918e-05,587.0,0.0
FL-2021-000096-PAN,FL_2021_000096_PAN,0.0,2.0695969276766426e-06,979.0,0.0
FL-2019-000133-SOM,FL_2019_000133_SOM,0.0,3.3160698659107904e-05,407.0,0.0
FL-2007-000210-PHL,FL_2007_000210_PHL,0.0,5.802530895495711e-05,283.0,0.0
FL-2011-000096-PRK,FL_2011_000096_PRK,0.0,1.1030718589691434e-05,688.0,0.0
FL-2011-000042-COL,FL_2011_000042_COL,0.0,4.507830190162291e-05,339.0,0.0
FL-2017-000110-MLI,FL_2017_000110_MLI,0.0,0.0002681492548298,58.0,0.0
FL-2000-000191-HUN,FL_2000_000191_HUN,0.0,5.78661480622672e-06,808.0,0.0
FL-2012-000042-COL,FL_2012_000042_COL,0.0,5.513550890880665e-06,820.0,0.0
FL-2009-000242-IRQ,FL_2009_000242_IRQ,0.0,9.56882628325599e-06,710.0,0.0
FL-2003-000212-AZE,FL_2003_000212_AZE,0.0,9.578909252795096e-06,709.0,0.0
FL-2012-000132-NPL,FL_2012_000132_NPL,0.0,8.616618129279428e-06,735.0,0.0
FL-2014-000073-RUS,FL_2014_000073_RUS,0.0,4.758768354112831e-07,1134.0,0.0
FL-2007-000106-IDN,FL_2007_000106_IDN,0.0,8.658995844996893e-05,206.0,0.0
FL-2022-000190-TUN,FL_2022_000190_TUN,0.0,5.128631923926934e-06,834.0,0.0
FL-2001-000117-PER,FL_2001_000117_PER,0.0,1.7028811993137625e-05,591.0,0.0
FL-2019-000048-TZA,FL_2019_000048_TZA,0.0,1.447555496490919e-07,1173.0,0.0
FL-2003-000571-DOM,FL_2003_000571_DOM,0.0,5.5063061156575854e-05,295.0,0.0
FL-2011-000183-TZA,FL_2011_000183_TZA,0.0,1.4646812552481978e-06,1033.0,0.0
FL-2007-000054-AFG,FL_2007_000054_AFG,0.0,0.0002213820801022,75.0,0.0
FL-2000-000484-BTN,FL_2000_000484_BTN,0.0,1.3125879339203182e-07,1179.0,0.0
FL-1998-000053-ZMB,FL_1998_000053_ZMB,0.0,4.846774767112294e-06,843.0,0.0
FL-2019-000083-NPL,FL_2019_000083_NPL,0.0,1.8520410418988348e-05,567.0,0.0
FL-2005-000048-AFG,FL_2005_000048_AFG,0.0,1.349324815438046e-07,1177.0,0.0
FL-2015-000153-IRQ,FL_2015_000153_IRQ,0.0,2.258170805001317e-05,502.0,0.0
FL-2002-000376-RUS,FL_2002_000376_RUS,0.0,2.6358954558653127e-05,461.0,0.0
FL-2013-000023-ZMB,FL_2013_000023_ZMB,0.0,4.914656902986245e-06,841.0,0.0
FL-1999-000349-SLV,FL_1999_000349_SLV,0.0,8.540560390148793e-06,739.0,0.0
FL-2007-000068-COL,FL_2007_000068_COL,0.0,1.6987631390341549e-06,1017.0,0.0
FL-2011-000148-KHM,FL_2011_000148_KHM,0.0,9.59813674725862e-06,708.0,0.0
FL-2008-000011-TZA,FL_2008_000011_TZA,0.0,0.0001280027312562,142.0,0.0
FL-2006-000130-KHM,FL_2006_000130_KHM,0.0,3.5405089612611416e-05,390.0,0.0
SL-2002-000428-NPL,SL_2002_000428_NPL,0.0,8.773903237234234e-06,730.0,0.0
FL-2013-000131-KHM,FL_2013_000131_KHM,0.0,8.725416189160568e-06,732.0,0.0
FL-2012-000183-COL,FL_2012_000183_COL,0.0,4.609892885412961e-07,1136.0,0.0
FL-2010-000160-NPL,FL_2010_000160_NPL,0.0,1.084780485756753e-06,1065.0,0.0
FL-1997-000049-TZA,FL_1997_000049_TZA,0.0,0.000191863901749,90.0,0.0
FF-2013-000088-AFG,FF_2013_000088_AFG,0.0,5.186505058354117e-06,831.0,0.0
FL-2008-000213-PER,FL_2008_000213_PER,0.0,5.589373331364604e-05,292.0,0.0
FL-2022-000002-IRN,FL_2022_000002_IRN,0.0,7.814984078753298e-05,225.0,0.0
FF-2014-000009-TZA,FF_2014_000009_TZA,0.0,1.0770162830768556e-06,1068.0,0.0
FL-2000-000265-COL,FL_2000_000265_COL,0.0,3.1434313280917192e-06,923.0,0.0
FF-2006-000163-AFG,FF_2006_000163_AFG,0.0,8.320225811877653e-06,746.0,0.0
FL-1997-000530-PER,FL_1997_000530_PER,0.0,7.545786731446895e-05,236.0,0.0
FL-2012-000037-PSE,FL_2012_000037_PSE,0.0,4.921091343549892e-06,840.0,0.0
FL-2007-000222-MYS,FL_2007_000222_MYS,0.0,0.0001424182310002,120.0,0.0
FL-2015-000027-CHL,FL_2015_000027_CHL,0.0,4.806200912731916e-07,1132.0,0.0
FL-2010-000019-MEX,FL_2010_000019_MEX,0.0,6.0383640751056766e-06,802.0,0.0
FL-2006-000164-TZA,FL_2006_000164_TZA,0.0,1.9263851249537796e-05,550.0,0.0
FL-2022-000362-LCA,FL_2022_000362_LCA,0.0,6.370362361997288e-08,1192.0,0.0
FL-2013-000045-AFG,FL_2013_000045_AFG,0.0,2.643298401211569e-05,460.0,0.0
FL-2000-000438-KHM,FL_2000_000438_KHM,0.0,5.163193145934144e-06,832.0,0.0
FL-2018-000194-TTO,FL_2018_000194_TTO,0.0,4.22191526459421e-08,1202.0,0.0
FL-2008-000191-SLV,FL_2008_000191_SLV,0.0,4.341740397199974e-06,864.0,0.0
FL-2009-000240-PAN,FL_2009_000240_PAN,0.0,2.8559207537949946e-05,438.0,0.0
FL-2008-000232-CRI,FL_2008_000232_CRI,0.0,1.0466137230803572e-05,693.0,0.0
FL-1998-000255-TUR,FL_1998_000255_TUR,0.0,6.321274633854747e-06,797.0,0.0
FL-2006-000045-HUN,FL_2006_000045_HUN,0.0,2.7037106004364373e-05,452.0,0.0
FL-2008-000207-SDN,FL_2008_000207_SDN,0.0,1.858739470221886e-06,997.0,0.0
FL-2002-000479-CZE,FL_2002_000479_CZE,0.0,1.3604923304922442e-07,1175.0,0.0
FL-2008-000168-NPL,FL_2008_000168_NPL,0.0,1.1418938541914369e-05,680.0,0.0
FL-2013-000068-CZE,FL_2013_000068_CZE,0.0,3.3329124426573885e-07,1149.0,0.0
FL-2012-000030-KAZ,FL_2012_000030_KAZ,0.0,8.552843860736392e-06,738.0,0.0
FL-2005-000168-NPL,FL_2005_000168_NPL,0.0,7.896921813022763e-06,761.0,0.0
LS-2016-000051-IDN,LS_2016_000051_IDN,0.0,0.0002670944212541,59.0,0.0
FL-2018-000414-IRQ,FL_2018_000414_IRQ,0.0,7.507259954202765e-05,237.0,0.0
FL-2002-000522-KHM,FL_2002_000522_KHM,0.0,9.242596608465394e-05,190.0,0.0
FL-2011-000082-NPL,FL_2011_000082_NPL,0.0,9.54308832385014e-06,712.0,0.0
FL-2007-000009-PER,FL_2007_000009_PER,0.0,8.66222795171124e-05,205.0,0.0
FL-2006-000031-PER,FL_2006_000031_PER,0.0,2.8994715731276032e-05,435.0,0.0
FF-2006-000069-IDN,FF_2006_000069_IDN,0.0,0.0002106763914407,81.0,0.0
FL-2003-000273-TJK,FL_2003_000273_TJK,0.0,3.082143986453602e-06,927.0,0.0
FL-2002-000263-CRI,FL_2002_000263_CRI,0.0,1.982712495341826e-05,537.0,0.0
FL-2016-000068-NPL,FL_2016_000068_NPL,0.0,5.524905633597597e-06,818.0,0.0
FL-2006-000023-DZA,FL_2006_000023_DZA,0.0,6.439694828219959e-06,793.0,0.0
FL-2015-000011-PER,FL_2015_000011_PER,0.0,1.7936641370442927e-05,577.0,0.0
FL-2003-000585-MKD,FL_2003_000585_MKD,0.0,9.495829622469536e-06,714.0,0.0
FL-2021-000134-NPL,FL_2021_000134_NPL,0.0,1.395539161149244e-06,1038.0,0.0
FL-2007-000025-FJI,FL_2007_000025_FJI,0.0,2.076047211032292e-05,526.0,0.0
FL-2007-000200-MEX,FL_2007_000200_MEX,0.0,0.000100347972125,178.0,0.0
FF-2012-000115-RUS,FF_2012_000115_RUS,0.0,1.6689091636883556e-05,598.0,0.0
FF-2009-000204-TUN,FF_2009_000204_TUN,0.0,1.5044312294751306e-05,618.0,0.0
FL-2005-000171-SLV,FL_2005_000171_SLV,0.0,2.1622592069247183e-05,517.0,0.0
FL-2005-000001-CRI,FL_2005_000001_CRI,0.0,7.99103302534771e-06,758.0,0.0
FL-2008-000170-DOM,FL_2008_000170_DOM,0.0,0.0001098049477147,159.0,0.0
FL-2005-000109-PRK,FL_2005_000109_PRK,0.0,0.0002435197186169,66.0,0.0
FL-2005-000138-PNG,FL_2005_000138_PNG,0.0,2.960959021506601e-06,930.0,0.0
FF-2022-000209-AFG,FF_2022_000209_AFG,0.0,5.736066874981425e-05,286.0,0.0
FL-2007-000051-TUN,FL_2007_000051_TUN,0.0,8.706019671038383e-05,202.0,0.0
FL-2006-000025-PNG,FL_2006_000025_PNG,0.0,3.664845933783767e-05,383.0,0.0
FL-2016-000021-PAK,FL_2016_000021_PAK,0.0,3.45036188429169e-05,396.0,0.0
FL-2020-000050-AFG,FL_2020_000050_AFG,0.0,1.0168955294404457e-05,697.0,0.0
FL-2013-000081-PRK,FL_2013_000081_PRK,0.0,8.823649893850912e-05,200.0,0.0
FL-1998-000048-PAK,FL_1998_000048_PAK,0.0,7.26995148646849e-06,778.0,0.0
FL-2008-000024-PHL,FL_2008_000024_PHL,0.0,6.539905325812544e-05,260.0,0.0
FL-2000-000476-NPL,FL_2000_000476_NPL,0.0,1.888867551797867e-05,557.0,0.0
FL-2010-000096-IDN,FL_2010_000096_IDN,0.0,0.0004026294746026,31.0,0.0
FL-2007-000209-PNG,FL_2007_000209_PNG,0.0,1.4595400394754166e-05,626.0,0.0
FF-2020-000006-IRN,FF_2020_000006_IRN,0.0,1.1063922471793368e-05,685.0,0.0
FL-1992-000008-PAK,FL_1992_000008_PAK,0.0,1.7443576383545278e-06,1009.0,0.0
FL-1997-000111-ARM,FL_1997_000111_ARM,0.0,6.100786261150987e-07,1110.0,0.0
FL-2022-000378-BIH,FL_2022_000378_BIH,0.0,6.05536826041272e-07,1111.0,0.0
FF-2011-000049-IRQ,FF_2011_000049_IRQ,0.0,0.0002024811136052,84.0,0.0
FL-2010-000151-COD,FL_2010_000151_COD,0.0,2.2054664164515857e-05,512.0,0.0
FL-1999-000437-KHM,FL_1999_000437_KHM,0.0,2.962493969807665e-05,429.0,0.0
FL-2015-000018-PNG,FL_2015_000018_PNG,0.0,3.967435088329335e-05,363.0,0.0
FL-2004-000055-TJK,FL_2004_000055_TJK,0.0,1.3597681651861695e-06,1041.0,0.0
FL-2017-000134-CAF,FL_2017_000134_CAF,0.0,4.918804139523285e-05,319.0,0.0
FL-2004-000051-NPL,FL_2004_000051_NPL,0.0,2.229837732887577e-05,508.0,0.0
FL-2011-000005-HND,FL_2011_000005_HND,0.0,4.039381488298398e-05,357.0,0.0
FF-2008-000186-COD,FF_2008_000186_COD,0.0,1.8995792833944136e-06,996.0,0.0
FL-2008-000231-PAN,FL_2008_000231_PAN,0.0,8.323556484138304e-06,745.0,0.0
FL-2004-000142-ALB,FL_2004_000142_ALB,0.0,4.5926320194688005e-05,337.0,0.0
FL-1998-000221-NPL,FL_1998_000221_NPL,0.0,7.907705184585662e-07,1094.0,0.0
FL-2002-000540-DZA,FL_2002_000540_DZA,0.0,7.786516894810187e-06,765.0,0.0
FL-1998-000112-TZA,FL_1998_000112_TZA,0.0,0.0001298810666709,137.0,0.0
FL-2020-000165-NPL,FL_2020_000165_NPL,0.0,0.0004205783637122,30.0,0.0
FL-2012-000198-PAN,FL_2012_000198_PAN,0.0,4.395568258209722e-05,345.0,0.0
FL-2008-000167-VCT,FL_2008_000167_VCT,0.0,5.382819582132905e-07,1125.0,0.0
FL-2003-000341-NPL,FL_2003_000341_NPL,0.0,5.82803194332503e-05,280.0,0.0
FL-2011-000180-PAN,FL_2011_000180_PAN,0.0,4.844395448355598e-08,1198.0,0.0
FL-2008-000104-NPL,FL_2008_000104_NPL,0.0,4.4467509114500776e-06,860.0,0.0
FL-2014-000053-TZA,FL_2014_000053_TZA,0.0,8.055029356432013e-05,220.0,0.0
FL-2019-000136-SLV,FL_2019_000136_SLV,0.0,1.302701500306027e-07,1180.0,0.0
FL-2019-000160-COG,FL_2019_000160_COG,0.0,4.6887487526111465e-06,851.0,0.0
FF-2008-000178-DZA,FF_2008_000178_DZA,0.0,3.5407841937768217e-05,389.0,0.0
FL-2006-000056-AFG,FL_2006_000056_AFG,0.0,1.2627331634474751e-06,1054.0,0.0
FL-2019-000051-LBY,FL_2019_000051_LBY,0.0,0.0001214352050441,146.0,0.0
FL-2012-000071-NPL,FL_2012_000071_NPL,0.0,7.841471816444715e-05,224.0,0.0
FL-2010-000042-SRB,FL_2010_000042_SRB,0.0,8.711777937967121e-07,1086.0,0.0
FL-2017-000010-PHL,FL_2017_000010_PHL,0.0,0.000164079826476,108.0,0.0
FF-2021-000198-COG,FF_2021_000198_COG,0.0,1.67980530100433e-05,595.0,0.0
FL-2021-000023-DZA,FL_2021_000023_DZA,0.0,0.0001519864208556,112.0,0.0
FL-2012-000039-CHL,FL_2012_000039_CHL,0.0,1.355160394823804e-07,1176.0,0.0
FL-2002-000020-IRN,FL_2002_000020_IRN,0.0,1.8844692013203865e-05,559.0,0.0
FL-2016-000123-DOM,FL_2016_000123_DOM,0.0,1.0714538496042708e-06,1069.0,0.0
FL-2002-000475-TJK,FL_2002_000475_TJK,0.0,1.7051208809254833e-05,589.0,0.0
FL-1998-000247-IRN,FL_1998_000247_IRN,0.0,9.797945207685196e-05,180.0,0.0
FL-2015-000079-CRI,FL_2015_000079_CRI,0.0,1.1500728863753382e-05,676.0,0.0
FL-2009-000203-USA,FL_2009_000203_USA,0.0,9.037675187537618e-06,724.0,0.0
FF-2008-000216-PSE,FF_2008_000216_PSE,0.0,0.0001304597303927,133.0,0.0
FL-2019-000015-PER,FL_2019_000015_PER,0.0,1.1701136628775277e-05,670.0,0.0
FL-1997-000140-AZE,FL_1997_000140_AZE,0.0,1.844072443906916e-06,999.0,0.0
FF-2014-000060-AFG,FF_2014_000060_AFG,0.0,3.90986295818501e-05,366.0,0.0
FL-2018-000029-RWA,FL_2018_000029_RWA,0.0,3.316497958607505e-06,912.0,0.0
FF-2006-000049-IDN,FF_2006_000049_IDN,0.0,1.4031477351714114e-05,638.0,0.0
FL-1998-000224-SVK,FL_1998_000224_SVK,0.0,6.055020853476447e-06,801.0,0.0
FL-2012-000050-AFG,FL_2012_000050_AFG,0.0,5.733588978883463e-06,810.0,0.0
FF-2020-000204-TUN,FF_2020_000204_TUN,0.0,9.515560632505932e-07,1081.0,0.0
FL-2005-000062-TZA,FL_2005_000062_TZA,0.0,0.0001152685851768,152.0,0.0
FL-2009-000031-DOM,FL_2009_000031_DOM,0.0,0.0001057751689694,167.0,0.0
FL-2009-000219-NPL,FL_2009_000219_NPL,0.0,2.4269951485315284e-06,964.0,0.0
FF-2007-000091-AFG,FF_2007_000091_AFG,0.0,0.0001043261638579,171.0,0.0
FF-2019-000018-AFG,FF_2019_000018_AFG,0.0,3.3630309753304623e-06,910.0,0.0
FL-2019-000030-IRQ,FL_2019_000030_IRQ,0.0,6.681527391880482e-05,255.0,0.0
FL-2009-000145-NPL,FL_2009_000145_NPL,0.0,1.969115189101405e-06,989.0,0.0
FL-2011-000204-PHL,FL_2011_000204_PHL,0.0,0.0003175677448634,44.0,0.0
FF-2021-000098-MNG,FF_2021_000098_MNG,0.0,1.079105052450088e-05,690.0,0.0
FL-2010-000127-AFG,FL_2010_000127_AFG,0.0,0.0001341339526706,130.0,0.0
FL-2006-000127-NPL,FL_2006_000127_NPL,0.0,1.5378770166998787e-05,612.0,0.0
FL-2001-000620-DZA,FL_2001_000620_DZA,0.0,5.626536342178701e-06,814.0,0.0
FL-2017-000017-PAK,FL_2017_000017_PAK,0.0,8.342228609720402e-05,214.0,0.0
FL-2009-000101-PAN,FL_2009_000101_PAN,0.0,7.133109996194872e-06,781.0,0.0
FL-2002-000026-SEN,FL_2002_000026_SEN,0.0,2.19173058074517e-06,972.0,0.0
FL-2012-000141-NER,FL_2012_000141_NER,0.0,2.088731301479499e-05,525.0,0.0
FL-2004-000036-MKD,FL_2004_000036_MKD,0.0,1.4502037927101203e-06,1035.0,0.0
FL-2014-000117-BGD,FL_2014_000117_BGD,0.0,1.0937377489956385e-07,1183.0,0.0
FL-2008-000103-SLV,FL_2008_000103_SLV,0.0,2.116704780179748e-05,522.0,0.0
FL-2013-000119-MRT,FL_2013_000119_MRT,0.0,1.0775315234143211e-05,691.0,0.0
FL-2009-000010-FJI,FL_2009_000010_FJI,0.0,4.944322033017357e-05,317.0,0.0
FL-1999-000233-SVK,FL_1999_000233_SVK,0.0,1.244255100348311e-05,660.0,0.0
FL-2015-000146-DZA,FL_2015_000146_DZA,0.0,5.594664631523324e-05,291.0,0.0
FF-2020-000138-TJK,FF_2020_000138_TJK,0.0,3.96462964579102e-06,878.0,0.0
FL-2008-000230-CUB,FL_2008_000230_CUB,0.0,1.838666550650558e-05,570.0,0.0
FL-2016-000066-PAK,FL_2016_000066_PAK,0.0,1.4777694254630189e-05,625.0,0.0
FL-2012-000068-DOM,FL_2012_000068_DOM,0.0,5.775999347850855e-06,809.0,0.0
FL-2005-000103-SLV,FL_2005_000103_SLV,0.0,8.357486382566363e-06,743.0,0.0
FF-2020-000191-AFG,FF_2020_000191_AFG,0.0,9.36880635162178e-06,720.0,0.0
FL-2010-000249-IND,FL_2010_000249_IND,0.0,2.5974138833068596e-05,465.0,0.0
FL-2007-000159-RWA,FL_2007_000159_RWA,0.0,1.3504873998225354e-06,1042.0,0.0
FL-2001-000571-PRK,FL_2001_000571_PRK,0.0,8.326100131326395e-05,215.0,0.0
FL-2022-000207-VEN,FL_2022_000207_VEN,0.0,0.000291530514093,47.0,0.0
FF-2007-000081-NPL,FF_2007_000081_NPL,0.0,3.350560385848821e-05,403.0,0.0
FL-2005-000098-BGR,FL_2005_000098_BGR,0.0,2.3525679583593076e-05,491.0,0.0
FL-2005-000176-BGD,FL_2005_000176_BGD,0.0,4.8364246885236414e-06,844.0,0.0
FL-2016-000026-PNG,FL_2016_000026_PNG,0.0,2.0419121491467813e-06,982.0,0.0
FL-2021-000050-AFG,FL_2021_000050_AFG,0.0,0.0002731143244047,56.0,0.0
FL-2005-000063-SRB,FL_2005_000063_SRB,0.0,1.5615829691195775e-05,610.0,0.0
FL-2017-000107-NPL,FL_2017_000107_NPL,0.0,3.2958740090192986e-05,409.0,0.0
FL-2016-000097-PRK,FL_2016_000097_PRK,0.0,1.9631799914355703e-05,540.0,0.0
FL-2010-000141-PAK,FL_2010_000141_PAK,0.0,4.8232561464178713e-05,324.0,0.0
FL-2010-000062-COD,FL_2010_000062_COD,0.0,1.9403948568779863e-05,546.0,0.0
FF-2020-000240-ZMB,FF_2020_000240_ZMB,0.0,8.081915787865728e-06,753.0,0.0
FL-2009-000080-AFG,FL_2009_000080_AFG,0.0,8.90810885150555e-05,197.0,0.0
FL-2015-000017-PAK,FL_2015_000017_PAK,0.0,0.0001914002817356,92.0,0.0
FL-2014-000168-MYS,FL_2014_000168_MYS,0.0,0.0001750333282499,100.0,0.0
FL-2013-000024-MKD,FL_2013_000024_MKD,0.0,2.785819789084598e-05,444.0,0.0
FL-2009-000171-AFG,FL_2009_000171_AFG,0.0,2.488086778702646e-05,475.0,0.0
FL-1997-000097-AFG,FL_1997_000097_AFG,0.0,1.6866161111169335e-06,1020.0,0.0
FL-2021-000005-IDN,FL_2021_000005_IDN,0.0,0.0001914491165626,91.0,0.0
FL-2003-000051-PER,FL_2003_000051_PER,0.0,5.938054078010491e-05,279.0,0.0
FL-2012-000164-CAF,FL_2012_000164_CAF,0.0,0.0002172805051233,77.0,0.0
FL-2014-000122-PAK,FL_2014_000122_PAK,0.0,6.0592075195494334e-05,272.0,0.0
FL-2014-000004-COL,FL_2014_000004_COL,0.0,3.4466905687505598e-06,904.0,0.0
FL-2010-000225-PAN,FL_2010_000225_PAN,0.0,2.660306179859974e-05,457.0,0.0
FL-1999-000229-TJK,FL_1999_000229_TJK,0.0,1.4757923623769158e-06,1032.0,0.0
FL-2004-000022-AFG,FL_2004_000022_AFG,0.0,4.018332679311886e-05,359.0,0.0
FL-2021-000208-IRQ,FL_2021_000208_IRQ,0.0,1.8783762632115675e-05,561.0,0.0
FL-2007-000154-MEX,FL_2007_000154_MEX,0.0,3.1314480880574773e-06,925.0,0.0
FL-2005-000094-AFG,FL_2005_000094_AFG,0.0,4.910818934915712e-06,842.0,0.0
FF-2012-000118-AFG,FF_2012_000118_AFG,0.0,3.508340030759164e-06,901.0,0.0
FL-2008-000198-BLZ,FL_2008_000198_BLZ,0.0,1.914939516951657e-05,552.0,0.0
FL-2002-000242-AFG,FL_2002_000242_AFG,0.0,3.675526306450793e-05,382.0,0.0
FL-2019-000145-TZA,FL_2019_000145_TZA,0.0,3.676229437240188e-06,889.0,0.0
FL-2011-000061-DOM,FL_2011_000061_DOM,0.0,2.200233088935933e-05,513.0,0.0
FL-1997-000265-SOM,FL_1997_000265_SOM,0.0,6.538337055408023e-06,789.0,0.0
FL-2004-000059-AFG,FL_2004_000059_AFG,0.0,1.3279794338164289e-06,1048.0,0.0
