kg_event_id,original_id,kg_similarity_score,kg_likelihood,kg_prior,kg_bayesian_score
FL-2021-000057-LKA,FL-2021-000057-LKA,1.000000000000001,1.000000000000011,1.1314393379937777,1.1314393379937904
FL-2010-000092-LKA,FL-2010-000092-LKA,0.5968658952994756,0.005738093778638302,1.2070220613503797,0.006926005780913793
Thailand: Floods and Mudslides - Nov 1988,Thailand: Floods and Mudslides - Nov 1988,0.5843840996852397,0.004644980642704097,1.395522734002979,0.006482176085897336
LS-2015-000135-LKA,LS-2015-000135-LKA,0.5767857755719565,0.004075167036743151,1.290597047444825,0.005259398545465187
FL-2014-000070-LKA,FL-2014-000070-LKA,0.5459983986095697,0.002354581293742188,1.2712089853111195,0.0029931648972505494
Sri Lanka: Monsoon Floods - Jul 1984,Sri Lanka: Monsoon Floods - Jul 1984,0.5328594678571956,0.0018455544690973188,1.189364350972239,0.0021950366933218475
FL-2018-000060-LKA,FL-2018-000060-LKA,0.5338291959459487,0.0018794173137713977,1.0416733122822366,0.0019577388583968355
FL-2024-000077-LKA,FL-2024-000077-LKA,0.5168011114573534,0.0013590467302634246,1.0924845776964491,0.0014847375931815775
FL-1999-000031-LKA,FL-1999-000031-LKA,0.5148880991575113,0.0013095694614482418,1.0064884283055866,0.0013180665090100343
FL-2002-000788-LKA,FL-2002-000788-LKA,0.5141242616440087,0.001290271154079751,0.9639019405394029,0.001243694869239487
Sri Lanka: Floods - Jun 1989,Sri Lanka: Floods - Jun 1989,0.5074191186125425,0.0011315357144346585,0.9466660273505467,0.0010711864195891208
FL-2017-000057-LKA,FL-2017-000057-LKA,0.5098936446345423,0.0011879440567418465,0.8831246219930485,0.0010491026460590317
FL-2023-000119-PAK,FL-2023-000119-PAK,0.4990517161333188,0.0009581986038694016,1.0619284545586885,0.0010175383625673265
FL-2019-000171-LKA,FL-2019-000171-LKA,0.49463464171711974,0.0008766884579194276,1.0913836782077029,0.0009568034738463438
FL-2016-000091-NER,FL-2016-000091-NER,0.4993843238120767,0.0009646039872778271,0.9800336913410537,0.0009453444063341876
LS-2022-000283-LKA,LS-2022-000283-LKA,0.4991130554886527,0.0009593769948496823,0.9815867798894264,0.0009417117750744945
FL-2005-000137-CAF,FL-2005-000137-CAF,0.5062797603842932,0.0011063834197957423,0.8291581427948438,0.0009173668215768457
FL-2020-000237-LKA,FL-2020-000237-LKA,0.4929206842370716,0.0008467796777826338,1.0827634742900054,0.0009168621058740959
FL-2017-000053-THA,FL-2017-000053-THA,0.4906816418103512,0.0008090923547031226,1.0792293459598103,0.0008731962127873339
Sri Lanka: Floods and Landslides - Feb 1986,Sri Lanka: Floods and Landslides - Feb 1986,0.4813226676477114,0.0006673645759827123,1.1439959056746454,0.0007634623425165186
FL-2008-000079-LKA,FL-2008-000079-LKA,0.488552490350435,0.0007746621092645245,0.9571957497487085,0.0007415032784793724
FL-2000-000741-LKA,FL-2000-000741-LKA,0.4847722937624542,0.0007167668411709637,1.013293031042013,0.0007262948450405349
FL-2000-000258-IDN,FL-2000-000258-IDN,0.49433554696215626,0.0008714017159116809,0.8250221660756472,0.0007189257311834907
FL-2009-000186-TCD,FL-2009-000186-TCD,0.4871960953991806,0.0007534214668007082,0.9539321905487659,0.0007187129902316639
FL-2007-000228-LKA,FL-2007-000228-LKA,0.4838588737524037,0.0007033752819180548,1.0154950674735044,0.0007142741293705702
FL-2024-000038-AFG,FL-2024-000038-AFG,0.47767512200806606,0.0006184808142866023,1.0169769888963047,0.0006289807562033234
FL-2019-000081-MMR,FL-2019-000081-MMR,0.47488509600726064,0.0005832911634632038,1.0383332562250227,0.0006056506130860304
1993-08-00:00:00+00:00,1993-08-00:00:00+00:00,0.4818368308105324,0.0006745279295871709,0.8503605405079919,0.0005735919347914833
ST-2011-000073-CAF,ST-2011-000073-CAF,0.4670882158750025,0.0004942982882551668,1.1452772355910454,0.0005661085771302631
FL-2011-000067-PHL,FL-2011-000067-PHL,0.46898928828532044,0.0005147889728478908,1.0816683359942454,0.0005568309316485647
FL-2023-000196-LKA,FL-2023-000196-LKA,0.4671176702990447,0.0004946100795410016,1.1173802450335497,0.0005526675318735879
FL-1999-000161-LKA,FL-1999-000161-LKA,0.459110199218677,0.00041607287908555795,1.3231195184395432,0.0005505141474114378
FF-2007-000008-LKA,FF-2007-000008-LKA,0.46827546479694193,0.0005070070940405366,1.0463980201857406,0.0005305312194241431
FL-2007-000052-LKA,FL-2007-000052-LKA,0.471708772478509,0.0005454306385445098,0.9223416325983702,0.0005030733856243146
Indonesia: Floods - May 1995,Indonesia: Floods - May 1995,0.46882505941895924,0.0005129891425897298,0.8969278164319343,0.00046011423151629655
FL-2009-000267-SRB,FL-2009-000267-SRB,0.47636666224540625,0.0006017465440778284,0.7348109754309236,0.0004421699650160163
FF-2018-000041-SOM,FF-2018-000041-SOM,0.4607172507644047,0.000430868494923003,1.009447103436575,0.00043493895416210203
FL-2014-000162-LKA,FL-2014-000162-LKA,0.4570164902048017,0.0003974831354153337,1.0916819458806812,0.0004339251627249658
FL-2009-000135-MEX,FL-2009-000135-MEX,0.4659526670276193,0.000482411907407817,0.8826021815410172,0.0004257778018795025
FL-2020-000165-NPL,FL-2020-000165-NPL,0.4561911511838425,0.00039036293027919764,1.0774034394387852,0.00042057836371221026
FL-2010-000096-IDN,FL-2010-000096-IDN,0.45331266791161795,0.0003664194822556497,1.0988211437996545,0.0004026294746026302
FF-2008-000199-LKA,FF-2008-000199-LKA,0.4499186344579533,0.0003398911125614736,1.1763858573071313,0.00039984309784170375
FL-2011-000176-LKA,FL-2011-000176-LKA,0.4481404173446334,0.0003266939882264621,1.212182945388364,0.0003960128808890243
FL-2006-000192-IDN,FL-2006-000192-IDN,0.46221262954889547,0.00044505950457922273,0.875300643790321,0.000389560870883195
FL-2021-000190-EGY,FL-2021-000190-EGY,0.44926739553347017,0.0003350032489204879,1.1389708836250705,0.00038155894644023754
FL-2024-000027-ARG,FL-2024-000027-ARG,0.4541064239411089,0.0003728863246418314,0.9890539476346332,0.0003688046914059727
FL-2009-000176-MLI,FL-2009-000176-MLI,0.45223681925075687,0.000357815524304806,0.9776318968582874,0.0003498118697514501
Montenegro: Floods - Nov 1992,name=Montenegro: Floods - Nov 1992,0.4648518301902192,0.0004711350902518863,0.7375578699637254,0.0003474893936313488
FL-2020-000176-SDN,FL-2020-000176-SDN,0.4506374852630465,0.0003453608837519465,1.0057698073879717,0.0003473535495305349
FL-2009-000261-PER,FL-2009-000261-PER,0.4542911165610159,0.0003744056939302054,0.9204310126131963,0.0003446146119923254
FL-2023-002018-MOZ,FL-2023-002018-MOZ,0.47122640940056937,0.0005398787336154363,0.635353035811216,0.0003430135923724823
FL-1999-000350-CRI,FL-1999-000350-CRI,0.4627816140061923,0.00045056864299919245,0.7458703171652188,0.0003360657766585099
FL-2006-000155-LKA,FL-2006-000155-LKA,0.4384915132786842,0.000262791868556943,1.2787797130194554,0.000336052910257094
FL-2014-000089-IND,FL-2014-000089-IND,0.45579707479917425,0.00038700389545873073,0.8681922613947346,0.0003359937871668869
FL-2003-000531-IDN,FL-2003-000531-IDN,0.45409664417849954,0.0003728060265851225,0.8955935776847792,0.00033388268313181677
FL-2005-000205-PHL,FL-2005-000205-PHL,0.4421343955585119,0.00028545852589925057,1.1230443143849564,0.0003205825745038642
FL-2011-000204-PHL,FL-2011-000204-PHL,0.45117294426942706,0.00034948656230128,0.9086693999686215,0.0003175677448634004
FL-2005-000064-ETH,FL-2005-000064-ETH,0.4474113473855595,0.0003214178162492702,0.9153081224890242,0.00029419633792564167
FL-2011-000109-PAK,FL-2011-000109-PAK,0.4341445223905453,0.00023787196430725133,1.2338103813705061,0.00029348889899928117
FL-2022-000207-VEN,FL-2022-000207-VEN,0.43966581117265724,0.00026991496118909577,1.080082826119319,0.00029153051409300484
FL-2019-000101-NER,FL-2019-000101-NER,0.4355621179488197,0.00024575423422438657,1.1793461107574137,0.0002898293003346968
FL-2011-000122-NER,FL-2011-000122-NER,0.44107331532760097,0.0002786813079477553,1.0388296068906175,0.0002895023935831298
FL-2006-000001-IDN,FL-2006-000001-IDN,0.4499189895171718,0.00033989379486649757,0.8487703672429272,0.00028849178109242933
FL-2004-000116-CAF,FL-2004-000116-CAF,0.4505732337653995,0.0003448687870458827,0.8356212418186781,0.00028817968409578177
FF-2008-000227-ETH,FF-2008-000227-ETH,0.44943264912999953,0.00033623752980999256,0.849511519256154,0.0002856376547798231
FL-2015-000161-ETH,FL-2015-000161-ETH,0.44864499304416616,0.00033039103399981406,0.8569191129543197,0.00028311839178318116
FL-2002-000054-IDN,FL-2002-000054-IDN,0.4448129460553121,0.0003032314109956525,0.9334375249456206,0.0002830475777655501
FL-2003-000359-PAK,FL-2003-000359-PAK,0.4413023345261664,0.0002801316949977609,0.9970856486805502,0.0002793152928228245
FL-2023-000104-IND,FL-2023-000104-IND,0.44018951493223785,0.00027314731567555845,1.0105589096694154,0.00027603145350821995
FL-2021-000050-AFG,FL-2021-000050-AFG,0.43374835786350563,0.0002357102323563059,1.1586867556596938,0.00027311432440472067
Ethiopia: Floods - Aug 1996,Ethiopia: Floods - Aug 1996,0.4454360306609507,0.00030750588777062965,0.8753110496380971,0.0002691633013944047
FL-2005-000153-THA,FL-2005-000153-THA,0.43104537660428477,0.00022142666147139948,1.2142364677237614,0.0002688643272848972
FL-2017-000110-MLI,FL-2017-000110-MLI,0.4452792904955766,0.00030642554690322554,0.8750877906224794,0.0002681492548298286
LS-2016-000051-IDN,LS-2016-000051-IDN,0.4466283088443314,0.0003158366080780608,0.8456727764380267,0.00026709442125414257
1996-10-01T00:00:00+00:00,1996-10-01T00:00:00+00:00,0.44338683089052866,0.0002936485759964928,0.8851967262744405,0.00025993675814724664
FL-2005-000108-PAK,FL-2005-000108-PAK,0.43982614219582716,0.0002709008651459995,0.9455697739530514,0.0002561556698197888
FL-2023-000139-LAO,FL-2023-000139-LAO,0.42999564953531066,0.00021609295901417962,1.184828348999989,0.0002560330638592927
India: Floods - Nov 1992,India: Floods - Nov 1992,0.4659545189527863,0.00048243108117361044,0.5284357881003552,0.00025493384858408326
FL-2021-000091-PHL,FL-2021-000091-PHL,0.4372948284939973,0.00025570746895830506,0.9804501633100483,0.0002507084296997693
FL-2022-000333-THA,FL-2022-000333-THA,0.4346967002029904,0.0002409147744711919,1.0333160681612519,0.00024894110751852677
FL-2019-000067-UGA,FL-2019-000067-UGA,0.4336416307129734,0.00023513089080309877,1.0531125508651717,0.0002476192922008515
FL-2023-000176-IDN,FL-2023-000176-IDN,0.4378024296922757,0.0002586912114512157,0.9542932210618613,0.0002468672694361757
FL-2003-000624-HTI,FL-2003-000624-HTI,0.4458270085437711,0.00031021568192951115,0.7906381692162378,0.00024526835882291543
FL-1997-000207-SYC,FL-1997-000207-SYC,0.4298711303079816,0.0002154680063816533,1.1353708825085123,0.0002446361005578875
FL-2005-000109-PRK,FL-2005-000109-PRK,0.4439120420132057,0.0002971455721006486,0.8195300266309831,0.00024351971861692325
FL-2019-000181-IDN,FL-2019-000181-IDN,0.4328304058204466,0.0002307690798556939,1.0475272120348138,0.00024173689084507432
FL-2002-000607-ALB,FL-2002-000607-ALB,0.44581622269154325,0.00031014063990205906,0.7786781247788098,0.00024149973189663547
ST-2012-000077-CHN,ST-2012-000077-CHN,0.43307907775828214,0.00023209833917174996,1.0110575814870275,0.00023466478547014532
Pakistan: Floods - Aug 1996,Pakistan: Floods - Aug 1996,0.43548992230087397,0.00024534719335776343,0.9536055804790171,0.00023396445274082765
FL-2020-000210-VNM,FL-2020-000210-VNM,0.42565067978278626,0.0001952240477622706,1.1895555246609049,0.00023222984456227334
FL-2007-000174-CAF,FL-2007-000174-CAF,0.4395094331473497,0.0002689564769283785,0.8591414557936258,0.00023107165913337184
FL-2024-000167-THA,FL-2024-000167-THA,0.4217048256545206,0.0001778630386565208,1.2835865378512363,0.00022830260200082416
FL-2004-000100-PAN,FL-2004-000100-PAN,0.430720714038098,0.00021976452145121888,1.0286129960378907,0.00022605264283277155
FL-2001-000407-IDN,FL-2001-000407-IDN,0.4372967309739977,0.00025571859389823354,0.8809214759172519,0.00022526800115631624
Tanzania: Floods - Feb 1993,Tanzania: Floods - Feb 1993,0.4384065365335522,0.0002622830392489285,0.8543614220163771,0.00022408451038349184
Thailand: Floods - Oct 1995,Thailand: Floods - Oct 1995,0.4202023090160306,0.00017162649973755735,1.3030110983590828,0.00022363123393055945
FL-2022-000277-SDN,FL-2022-000277-SDN,0.42845966108734257,0.00020849680262969588,1.0675858088870211,0.00022258822768578146
FL-2007-000054-AFG,FL-2007-000054-AFG,0.43579727669108126,0.0002470842825132455,0.8959779952430994,0.0002213820801022973
FL-2002-000478-PRK,FL-2002-000478-PRK,0.4360818286320882,0.0002487023572431462,0.874770461579816,0.0002175574758415753
FL-2012-000164-CAF,FL-2012-000164-CAF,0.4250689398280993,0.00019257225605726975,1.1283063800150515,0.0002172805051233096
FL-2009-000251-SAU,FL-2009-000251-SAU,0.4303067209397403,0.00021766133753652132,0.9956156226188847,0.0002167070280914829
FL-2016-000058-MMR,FL-2016-000058-MMR,0.43642447193572076,0.00025066341433558075,0.8641831978719268,0.00021661911099001794
FL-2000-000375-CHL,FL-2000-000375-CHL,0.42843515745416716,0.00020837759386806818,1.0133991498781652,0.00021116967647955785
FF-2006-000069-IDN,FF-2006-000069-IDN,0.43174926379109607,0.00022506919463909995,0.9360516519312406,0.00021067639144076343
FF-2009-000196-IDN,FF-2009-000196-IDN,0.43283307320332326,0.00023078330174386197,0.9083004588291629,0.00020962057886405897
FL-2009-000268-AGO,FL-2009-000268-AGO,0.4346089758837769,0.00024042903573705439,0.8462892322451147,0.000203472504063345
FF-2011-000049-IRQ,FF-2011-000049-IRQ,0.42687735245380987,0.00020092368914354202,1.0077513232427067,0.00020248111360521073
FL-2015-000071-GEO,FL-2015-000071-GEO,0.4248975319387297,0.00019179712130219564,1.0505572323321797,0.000201493852924514
FL-2006-000018-IRQ,FL-2006-000018-IRQ,0.42583650355344715,0.0001960780019907637,1.0127814906988197,0.0001985841711494518
FF-2009-000069-IDN,FF-2009-000069-IDN,0.43229865379410226,0.0002279495982664369,0.8612099711014543,0.00019631246693562623
Indonesia: Floods - Nov 1987,Indonesia: Floods - Nov 1987,0.4212269238622943,0.00017585763370783086,1.113651344896523,0.00019584409028904596
FL-2013-000083-THA,FL-2013-000083-THA,0.420502326040566,0.00017285582718597762,1.1294300963517903,0.0001952285735536271
FL-2015-000064-IND,FL-2015-000064-IND,0.4237276758737203,0.0001865813838018277,1.031238980251518,0.00019240999596571392
FL-1997-000049-TZA,FL-1997-000049-TZA,0.43043507388756497,0.0002183114552884916,0.8788540275887039,0.0001918639017490421
FL-2021-000005-IDN,FL-2021-000005-IDN,0.423955765180147,0.00018758817320817722,1.0205820190497432,0.00019144911656265444
FL-2015-000017-PAK,FL-2015-000017-PAK,0.4236688737852852,0.00018632262028962204,1.0272519860341873,0.000191400281735608
FL-2009-000174-NER,FL-2009-000174-NER,0.4268489228301042,0.00020078991598294145,0.9234579036877298,0.00018542103489524252
FL-2007-000199-THA,FL-2007-000199-THA,0.41418657839424033,0.00014857995274379253,1.2349138810883142,0.00018348344609475515
FL-2016-000081-GTM,FL-2016-000081-GTM,0.4254339164000722,0.00019423214095824718,0.9441251390555963,0.0001833794470912713
FL-2016-000011-TZA,FL-2016-000011-TZA,0.41984526502318026,0.00017017376056000937,1.076733992508393,0.00018323187262794617
FL-1999-000160-PER,FL-1999-000160-PER,0.424436041747958,0.00018972412427854435,0.9293539712618099,0.00017632086834243435
FL-2011-000002-BRA,FL-2011-000002-BRA,0.4275277287022313,0.00020400596946305025,0.861750148294607,0.00017580217443776864
FL-2006-000169-SOM,FL-2006-000169-SOM,0.4236165859806617,0.00018609279477108212,0.9442290549591343,0.000175714223741403
FL-2024-000039-KAZ,FL-2024-000039-KAZ,0.4130411695527787,0.00014452181854476736,1.2154593718752695,0.00017566039879069462
FL-2014-000168-MYS,FL-2014-000168-MYS,0.4187450218787362,0.0001657664248578105,1.0559033797109114,0.00017503332824995695
FL-2007-000126-PRK,FL-2007-000126-PRK,0.42555895660812304,0.00019480376849994653,0.8947450500988214,0.00017429970760592388
FL-2020-000164-IND,FL-2020-000164-IND,0.4140889797746257,0.0001482302110579997,1.1662775244540442,0.0001728775636020244
FL-2023-000146-MRT,FL-2023-000146-MRT,0.4183080128203713,0.00016404456153226466,1.0535873745404762,0.00017283527889242232
FL-1998-000085-IRN,FL-1998-000085-IRN,0.4263981669067424,0.00019867960588597274,0.8666405740383654,0.0001721838076947356
India: Floods - Jun 1996,India: Floods - Jun 1996,0.44422062540548585,0.0002992176392184878,0.5746164560457379,0.00017193537943409966
FL-2009-000140-MNG,FL-2009-000140-MNG,0.417484070892411,0.00016084186354053815,1.0589605890169638,0.00017032519455347438
FL-2002-000510-MEX,FL-2002-000510-MEX,0.42585536369994015,0.00019616486154680588,0.867985419385465,0.00017026823961839598
FL-2010-000136-YEM,FL-2010-000136-YEM,0.40703159575342474,0.00012481915139785443,1.363769613347829,0.00017022456584025607
FL-2009-000129-CAF,FL-2009-000129-CAF,0.42288037409176904,0.00018288382642709806,0.9175805861754851,0.0001678106486549923
FL-2024-000189-LKA,FL-2024-000189-LKA,0.4118731304413215,0.00014048650427782227,1.1695806147019812,0.00016431029203058787
FL-2017-000010-PHL,FL-2017-000010-PHL,0.4104991090706762,0.00013586956620747603,1.2076275140633692,0.00016407982647600262
FL-2007-000127-MRT,FL-2007-000127-MRT,0.4245617237931748,0.00019028667581824936,0.8469121364760579,0.0001611560951601606
Iran: Floods - Feb 1991,Iran: Floods - Feb 1991,0.4179393470577248,0.00016260451443466208,0.9877471286935022,0.0001606121422454386
FL-2001-000082-ZWE,FL-2001-000082-ZWE,0.41210709423343506,0.00014128657837621903,1.103078973774151,0.00015585025388330085
Pakistan: Floods - Feb 1991,Pakistan: Floods - Feb 1991,0.43019180866946805,0.00021708077670797816,0.7112268098685628,0.0001543936683018051
FL-1998-000272-PRK,FL-1998-000272-PRK,0.420989895279427,0.00017487056732203365,0.8775464676728586,0.00015345704865339944
FL-2021-000023-DZA,FL-2021-000023-DZA,0.41360438760039353,0.00014650463742057614,1.0374171325327366,0.00015198642085560235
FF-2014-000048-KAZ,FF-2014-000048-KAZ,0.408595461716018,0.0001296986291982546,1.1524100484085351,0.00014946600355288122
FL-2000-000770-IDN,FL-2000-000770-IDN,0.4183154747276321,0.00016407382665586254,0.9023361566151682,0.00014804974614579433
FL-1991-000009-VNM,FL-1991-000009-VNM,0.4076098056012869,0.00012660365097407354,1.1677435677731713,0.00014784059908157397
FL-1998-000179-RUS,FL-1998-000179-RUS,0.41124826093928946,0.00013836961878805994,1.0601281876011002,0.00014668953318484112
FL-2014-000115-NER,FL-2014-000115-NER,0.4123934846647793,0.00014227151402260337,1.0075520123358044,0.00014334595025153562
FL-2019-000108-MRT,FL-2019-000108-MRT,0.4141310443746247,0.00014838085731769656,0.962366664364851,0.00014279679071242852
FL-2003-000481-HND,FL-2003-000481-HND,0.4125998267622263,0.00014298497800528526,0.9978785950240384,0.00014268164896145708
FL-2007-000222-MYS,FL-2007-000222-MYS,0.41646552260850744,0.0001569605596607156,0.9073504280824132,0.00014241823100020546
FL-1999-000235-IRN,FL-1999-000235-IRN,0.4141410698772441,0.00014841678205119088,0.9461301844417329,0.0001404215973763417
FL-2007-000023-IDN,FL-2007-000023-IDN,0.41540800891377605,0.00015302016050941906,0.916897628320032,0.00014030382225623696
FL-2001-000696-BRA,FL-2001-000696-BRA,0.41652880103406853,0.0001571992111295227,0.8900444318591507,0.0001399142825584827
FL-2016-000085-MLI,FL-2016-000085-MLI,0.41234465466131276,0.000142103145260082,0.9795200396753964,0.00013919287848315412
FL-2022-000332-BEN,FL-2022-000332-BEN,0.40731828466436837,0.00012570109519930691,1.0977457972017661,0.00013798784895869827
India: Floods - Aug 1989,India: Floods - Aug 1989,0.4094431706936703,0.0001324147353800223,1.0282737934207815,0.0001361586022540245
FL-2023-000190-SOM,FL-2023-000190-SOM,0.41001984972843436,0.00013429159168596585,1.0078577783264449,0.00013534682524453962
FL-2022-000379-MYS,FL-2022-000379-MYS,0.4055415768343708,0.0001203244415272708,1.122068941813632,0.000135012318778821
FL-2005-000117-GTM,FL-2005-000117-GTM,0.41525196607956005,0.0001524463300268215,0.8832004049243507,0.00013464066040891996
FL-2009-000239-BRA,FL-2009-000239-BRA,0.4164674318895346,0.00015696775564657457,0.8575725982011251,0.00013461124604363228
FL-2008-000086-MEX,FL-2008-000086-MEX,0.41182488840656695,0.00014032204140700195,0.9563543144258493,0.00013419758970862898
FL-2010-000127-AFG,FL-2010-000127-AFG,0.4071044341681933,0.0001250426955645257,1.0727052233242367,0.00013413395267060908
FL-2003-000482-MEX,FL-2003-000482-MEX,0.4099298385271468,0.0001339970739146331,1.0003169105139786,0.00013403953899619901
FL-2003-000037-MDG,FL-2003-000037-MDG,0.40111736082303323,0.00010782378959512656,1.2347603990507627,0.00013313654546764396
FF-2008-000216-PSE,FF-2008-000216-PSE,0.4093510508127999,0.00013211711929871103,0.9874551540726246,0.00013045973039274003
FL-2019-000089-SLE,FL-2019-000089-SLE,0.40563714366662484,0.00012060828979387974,1.0808607361671503,0.00013036076489447384
LS-2010-000040-UGA,LS-2010-000040-UGA,0.41553863585294615,0.00015350202083023494,0.848757747990263,0.00013028602951182464
FL-2010-000003-KEN,FL-2010-000003-KEN,0.41053851482633397,0.0001360000502017388,0.9550122542299223,0.00012988171451854517
FL-1998-000112-TZA,FL-1998-000112-TZA,0.4158122245078414,0.00015451567040559563,0.840568897187044,0.0001298810666709483
FL-2007-000144-LBR,FL-2007-000144-LBR,0.4080414931843186,0.00012795088128176072,1.013217513020149,0.00012964207372104193
FL-2018-000360-RUS,FL-2018-000360-RUS,0.40341569685429013,0.00011416367104441831,1.1355339540901048,0.00012963672479451033
FL-2018-000425-LKA,FL-2018-000425-LKA,0.406855907692264,0.00012428143664162706,1.0429228227177032,0.00012961594671369707
FL-2021-000043-YEM,FL-2021-000043-YEM,0.4086464194056546,0.0001298604727205517,0.9940613442321855,0.00012908927607521869
FL-2024-000223-LBY,FL-2024-000223-LBY,0.40931558341625485,0.00013200269370505275,0.9752075934483906,0.0001287300292568095
FL-2008-000011-TZA,FL-2008-000011-TZA,0.4119342668603122,0.00014069517487098491,0.9097876410731471,0.00012800273125624729
FL-2008-000166-GTM,FL-2008-000166-GTM,0.4079264828281965,0.00012759069669752147,0.9801994697852303,0.00012506433325243867
FL-1995-000012-PHL,FL-1995-000012-PHL,0.39586757401696343,9.451468610421368e-05,1.3115398697141116,0.00012395977909919058
Mali: Floods - Sep 1989,Mali: Floods - Sep 1989,0.4081243727042736,0.00012821100692518808,0.9644742111394081,0.00012365620976355997
FL-2023-000052-ETH,FL-2023-000052-ETH,0.40224042595925874,0.0001108810063951111,1.1124995665878057,0.0001233550715573808
FL-2008-000154-MEX,FL-2008-000154-MEX,0.40625920507743885,0.0001224706841810214,1.0007930921827906,0.00012256781472326638
FL-2019-000051-LBY,FL-2019-000051-LBY,0.40007937096968565,0.00010506585212032596,1.1558008867153804,0.00012143520504417977
FL-2009-000087-VUT,FL-2009-000087-VUT,0.40285920929032454,0.00011259859200378064,1.0709159987358805,0.00012058363361198267
FL-2007-000189-NIC,FL-2007-000189-NIC,0.4041362888474168,0.00011621936294612597,1.0272245921975405,0.0001193833877077922
FL-2016-000060-IND,FL-2016-000060-IND,0.39895945108130104,0.0001021615743025956,1.168540290886529,0.00011937991575298082
FL-2015-000056-COL,FL-2015-000056-COL,0.40067171192438344,0.00010663181860765328,1.1169319001335634,0.00011910047977214364
Iran: Floods - Jul 1994,Iran: Floods - Jul 1994,0.40808173718107577,0.0001280771316973098,0.9087721063099059,0.00011639292474269544
FL-2024-000074-ETH,FL-2024-000074-ETH,0.40051862907355495,0.00010622511491592485,1.0897711550904126,0.00011576106618153923
FF-2009-000201-PHL,FF-2009-000201-PHL,0.4096114731656991,0.00013296003682331504,0.8698163539289835,0.00011565081444791927
FL-2005-000062-TZA,FL-2005-000062-TZA,0.41030512393336227,0.0001352288656909453,0.8523963030224688,0.00011526858517688374
FL-2019-000022-IRN,FL-2019-000022-IRN,0.4066594799933977,0.000123682714912205,0.9299697920776908,0.00011502118867050758
FL-2008-000250-THA,FL-2008-000250-THA,0.4049426462632371,0.00011855917431899143,0.9628755515870862,0.00011415773036810837
FL-2006-000027-IDN,FL-2006-000027-IDN,0.40495325372778246,0.00011859023453218828,0.9608535718134472,0.00011394785043244752
FL-2008-000010-BRA,FL-2008-000010-BRA,0.4059437220443485,0.00012152294729058267,0.9286542498207508,0.0001128528014521427
FF-2011-000066-TJK,FF-2011-000066-TJK,0.40158572025008477,0.00010908941577276357,1.0235216039879442,0.00011165537380984671
FL-1999-000428-VNM,FL-1999-000428-VNM,0.4044166335658475,0.00011702808466118214,0.9536527315229473,0.00011160415260203508
FL-2008-000170-DOM,FL-2008-000170-DOM,0.40616369315521494,0.00012218305887317675,0.8986920832348044,0.00010980494771473597
FF-2014-000059-SRB,FF-2014-000059-SRB,0.40351945533557,0.00011445763998372458,0.9418030548326259,0.00010779655498560472
FL-2014-000154-IDN,FL-2014-000154-IDN,0.40260132766934165,0.00011187988914848362,0.9628039097423366,0.00010771839469369925
FL-2002-000641-THA,FL-2002-000641-THA,0.39508229080979806,9.265644487327755e-05,1.1603592484795837,0.00010751476273994632
FL-2023-000131-GTM,FL-2023-000131-GTM,0.3985901814580567,0.0001012199141069263,1.0605795468095311,0.00010735177063162356
FL-2007-000076-KEN,FL-2007-000076-KEN,0.40327483639913747,0.0001137656720920497,0.9420505534012065,0.00010717301435237561
FL-2002-000445-VEN,FL-2002-000445-VEN,0.4002841016946561,0.00010560474040646959,1.0122910677483703,0.00010690273542535457
FL-2009-000011-PHL,FL-2009-000011-PHL,0.4037506517417257,0.00011511511822456192,0.9235680341481627,0.000106316643439392
FL-2007-000177-SLE,FL-2007-000177-SLE,0.39795587457920434,9.962061096781592e-05,1.0656581908077745,0.00010616152005112784
FL-2009-000031-DOM,FL-2009-000031-DOM,0.4022731957145903,0.00011097137214617636,0.9531752822708737,0.00010577516896941783
FL-2008-000031-PER,FL-2008-000031-PER,0.40179858387901757,0.00010966903388748739,0.9634315068788812,0.00010565860257617306
FL-2007-000107-TLS,FL-2007-000107-TLS,0.4004660570424224,0.0001060857662759003,0.9959528083511522,0.00010565641684856686
FL-2007-000139-KEN,FL-2007-000139-KEN,0.39851261643061586,0.00010102311413112969,1.0383627898563688,0.00010489864262917818
FF-2007-000091-AFG,FF-2007-000091-AFG,0.39984854987436136,0.00010446125834391442,0.9987067503482862,0.00010432616385794356
FL-2011-000164-CAF,FL-2011-000164-CAF,0.40289096324725826,0.00011268737536098802,0.9191458685754219,0.00010357613550365993
FL-2001-000521-TCD,FL-2001-000521-TCD,0.3981184833516109,0.00010002842009808883,1.0298042380611858,0.00010300969094357657
FL-1997-000270-ETH,FL-1997-000270-ETH,0.3954917476267121,9.36212119609534e-05,1.0963520332427232,0.00010264180608803922
FL-2022-000254-PAK,FL-2022-000254-PAK,0.3945840136152933,9.149447308039154e-05,1.1182281796262044,0.00010231169807854499
FL-1998-000316-VNM,FL-1998-000316-VNM,0.3878023313203198,7.69314920825934e-05,1.327857651248023,0.00010215407038379833
Haiti: Floods - Feb 1996,Haiti: Floods - Feb 1996,0.3987598342634658,0.0001016515647424965,0.994604051610094,0.0001011030581453928
FL-2008-000094-ZAF,FL-2008-000094-ZAF,0.3966098169059279,9.63018425984139e-05,1.045585962583682,0.00010069185479184484
FL-2007-000200-MEX,FL-2007-000200-MEX,0.39517662621403304,9.287792230199712e-05,1.0804286921791404,0.00010034797212506256
Haiti: Floods - Nov 1986,Haiti: Floods - Nov 1986,0.41268328489575434,0.00014327446254960033,0.6982374406228651,0.00010003959403724947
FL-2011-000118-GTM,FL-2011-000118-GTM,0.3996122196732876,0.00010384548039255635,0.9552182830389102,9.91951014819285e-05
FL-1998-000247-IRN,FL-1998-000247-IRN,0.4015130292005248,0.00010889211373622515,0.8997846466107959,9.797945207685195e-05
ST-2022-000138-MDG,ST-2022-000138-MDG,0.3914831902185015,8.455342174585565e-05,1.1583807019765697,9.794505203648523e-05
FL-2004-000063-PRK,FL-2004-000063-PRK,0.3986901334584592,0.00010147402365487367,0.9650636272415313,9.792888933916533e-05
FL-2009-000117-GTM,FL-2009-000117-GTM,0.3979643671414723,9.964187250827601e-05,0.9753116506378312,9.718187914869101e-05
FL-2013-000006-IDN,FL-2013-000006-IDN,0.4005980389443794,0.00010643591291761681,0.9117255836627187,9.704034482748848e-05
FL-1999-000413-CAF,FL-1999-000413-CAF,0.40184999885737155,0.00010980944948940836,0.8806575318255779,9.670451875846784e-05
FL-2014-000155-HTI,FL-2014-000155-HTI,0.398200835995014,0.00010023552620659527,0.9609684498537625,9.632317823902805e-05
FL-2024-000168-DZA,FL-2024-000168-DZA,0.3942482277220981,9.071884181643649e-05,1.0502118589927467,9.527400350970869e-05
FL-2009-000089-BRA,FL-2009-000089-BRA,0.40160500610629396,0.00010914181647844114,0.8672804440779367,9.465656306289509e-05
FL-1999-000071-MOZ,FL-1999-000071-MOZ,0.3956156140503375,9.391484343014128e-05,1.007486678899522,9.461795370680163e-05
FL-2023-000198-TCD,FL-2023-000198-TCD,0.39456600742014264,9.14527296489753e-05,1.0338289067088517,9.454647550854032e-05
1993-12-00T00:00:00+00:00,1993-12-00T00:00:00+00:00,0.4090554705713222,0.00013116623461840605,0.7194550254691349,9.436820666807584e-05
FL-2010-000196-LKA,FL-2010-000196-LKA,0.38772120944062305,7.677071543520722e-05,1.212821481693282,9.310917284478134e-05
FL-2023-000041-PRY,FL-2023-000041-PRY,0.4005933756533233,0.0001064235235498941,0.8705618226000267,9.264825662911268e-05
FL-2002-000522-KHM,FL-2002-000522-KHM,0.39634085657065854,9.565076249044053e-05,0.9662857219135197,9.242596608465394e-05
FL-2024-000218-MYS,FL-2024-000218-MYS,0.3953383480104614,9.32587159735877e-05,0.9835826898124584,9.172765870575747e-05
India: Floods - Jun 1994,India: Floods - Jun 1994,0.3928076093237288,8.745787519727534e-05,1.040373182144351,9.098882792257286e-05
FL-2007-000035-AFG,FL-2007-000035-AFG,0.395488441784729,9.361338663227073e-05,0.9702882879212498,9.083197264193597e-05
FF-2020-000221-SOM,FF-2020-000221-SOM,0.38233955397361974,6.675630524674663e-05,1.35732395292219,9.060993211999447e-05
1994-01-01T00:00:00+00:00,1994-01-01T00:00:00+00:00,0.39487404095243095,9.21692049412449e-05,0.9792699859742091,9.025853603006689e-05
FL-1998-000359-UKR,FL-1998-000359-UKR,0.3951670027526716,9.285530686637915e-05,0.970056066676692,9.007485374885699e-05
FL-2010-000102-CRI,FL-2010-000102-CRI,0.3964470541387092,9.590736321264093e-05,0.9388100029975206,9.003879194514372e-05
FL-2005-000132-MKD,FL-2005-000132-MKD,0.3919507358655292,8.556868176298726e-05,1.0452123135987392,8.943743983708615e-05
FL-2009-000166-SDN,FL-2009-000166-SDN,0.39260575300228057,8.700948376140881e-05,1.0246063390097677,8.915046861590691e-05
FL-2009-000080-AFG,FL-2009-000080-AFG,0.3958942543006689,9.457840548245076e-05,0.9418755588090846,8.90810885150555e-05
Philippines: Floods and Landslides - Jun 2018,Philippines: Floods and Landslides - Jun 2018,0.3910370232005187,8.359470728459324e-05,1.0625282512687408,8.882173814642112e-05
FL-2003-000020-MOZ,FL-2003-000020-MOZ,0.39502233278356114,9.251592465166523e-05,0.9593256023439679,8.875289514286789e-05
FL-2015-000123-NER,FL-2015-000123-NER,0.398142648291292,0.00010008915179419651,0.8859881122566413,8.86777986555086e-05
FL-2013-000081-PRK,FL-2013-000081-PRK,0.3883080371162968,7.794060915035128e-05,1.132099170129612,8.823649893850912e-05
FL-2021-000209-MYS,FL-2021-000209-MYS,0.38537408426680403,7.224787162238533e-05,1.2058191682024515,8.711786846410217e-05
FL-2007-000051-TUN,FL-2007-000051-TUN,0.3891502642205493,7.96477105352658e-05,1.093065903907382,8.706019671038383e-05
FL-2016-000009-IDN,FL-2016-000009-IDN,0.3871756583749467,7.569731150853583e-05,1.1491797495702376,8.698981748251948e-05
FL-2012-000153-IDN,FL-2012-000153-IDN,0.3892758738123947,7.990517047991743e-05,1.0883954096363029,8.696842075654835e-05
FL-2007-000009-PER,FL-2007-000009-PER,0.3912287261586266,8.400542932270871e-05,1.031150965068591,8.66222795171124e-05
FL-2007-000106-IDN,FL-2007-000106-IDN,0.3956962118414691,9.410634932121862e-05,0.9201287593720849,8.658995844996893e-05
FL-2015-000009-ALB,FL-2015-000009-ALB,0.38623513243827934,7.387844608583338e-05,1.1668042059205903,8.620168161982796e-05
Haiti: Floods - Jun 1986,Haiti: Floods - Jun 1986,0.4005558503086133,0.00010632387396413445,0.806982556058804,8.580151158165134e-05
FL-2015-000008-BOL,FL-2015-000008-BOL,0.38803558232635404,7.73954654215204e-05,1.106077830028409,8.560540844747406e-05
FF-2012-000081-ETH,FF-2012-000081-ETH,0.3912166777641122,8.397956234941981e-05,1.0102119573051023,8.483715805463327e-05
FL-2008-000205-IDN,FL-2008-000205-IDN,0.3940231505291406,9.020225445754587e-05,0.9367613520933382,8.449798584751801e-05
FL-2019-000104-THA,FL-2019-000104-THA,0.3795352368052276,6.201846724366997e-05,1.3579010130864204,8.421493950024643e-05
Yemen: Floods - Feb 1993,Yemen: Floods - Feb 1993,0.39489567323915115,9.221971021778712e-05,0.9108992485616124,8.400286473995194e-05
Peru: Floods - Mar 1986,Peru: Floods - Mar 1986,0.3880026018499555,7.732970951182347e-05,1.083828272153741,8.381212544635033e-05
FL-2013-000095-PHL,FL-2013-000095-PHL,0.39121050003055047,8.396630201248203e-05,0.9977142237080565,8.377437383001973e-05
FL-2013-000008-MOZ,FL-2013-000008-MOZ,0.39451569184168656,9.133617482026374e-05,0.9158712312600213,8.365217489121551e-05
FL-2017-000017-PAK,FL-2017-000017-PAK,0.385110447888084,7.17551390108469e-05,1.1625966759620305,8.342228609720402e-05
FL-2001-000571-PRK,FL-2001-000571-PRK,0.39381224437608897,8.972059614706019e-05,0.9280032109549476,8.326100131326395e-05
FL-2006-000041-SRB,FL-2006-000041-SRB,0.3944135649633473,9.11000113401436e-05,0.9124205484011927,8.31215223063287e-05
FL-2011-000059-CHN,FL-2011-000059-CHN,0.38741208348527245,7.616082214370902e-05,1.0913766390536792,8.312014209876617e-05
India: Floods - Oct 1996,India: Floods - Oct 1996,0.41116910011749147,0.0001381035028977261,0.5918800598424082,8.174070955955232e-05
FL-2018-000058-COL,FL-2018-000058-COL,0.39046644150444704,8.238291321581231e-05,0.991294406755453,8.166572108305463e-05
Philippines: Floods - Feb 1989,Philippines: Floods - Feb 1989,0.3860024133383421,7.343450968412038e-05,1.1089965925561163,8.143862101571861e-05
FL-2014-000006-PHL,FL-2014-000006-PHL,0.3898199706845168,8.102906822915515e-05,1.0048551818492002,8.142247909047895e-05
FL-2014-000053-TZA,FL-2014-000053-TZA,0.38599878577548774,7.342760876782859e-05,1.0970028156440832,8.055029356432013e-05
FL-2009-000122-IND,FL-2009-000122-IND,0.40036571955454403,0.00010582026597297788,0.7572559930408027,8.013303059320923e-05
Malaysia: Floods - Dec 1993,Malaysia: Floods - Dec 1993,0.3828251165598199,6.760895670333956e-05,1.1835292726936872,8.001717935468246e-05
Bangladesh: Floods - Jul 1991,Bangladesh: Floods - Jul 1991,0.39920621949292245,0.0001027952360707717,0.7760463103390562,7.977386367315465e-05
1,1,0.37710310602092423,5.815687940404335e-05,1.3688588888282904,7.960856131873967e-05
FL-2007-000011-ZMB,FL-2007-000011-ZMB,0.3857294204587818,7.291680779781972e-05,1.0897552028147803,7.946147067031937e-05
FL-2012-000123-PRK,FL-2012-000123-PRK,0.380733512009488,6.400457957863467e-05,1.2400305385199288,7.9367633282636e-05
FL-2012-000071-NPL,FL-2012-000071-NPL,0.3798024316362568,6.245646636235038e-05,1.255510001310555,7.841471816444715e-05
FL-2022-000002-IRN,FL-2022-000002-IRN,0.38557140855244443,7.261865818220107e-05,1.0761675131954946,7.814984078753298e-05
Brazil: Floods - Jul 1989,Brazil: Floods - Jul 1989,0.3900764166851636,8.156370485901656e-05,0.9575164169657181,7.809858643105488e-05
FL-2001-000019-MOZ,FL-2001-000019-MOZ,0.38570014547350034,7.286148638673753e-05,1.0662262115321133,7.76868265967298e-05
FL-2020-000128-KEN,FL-2020-000128-KEN,0.38712342594023863,7.559525304078048e-05,1.0272567357494566,7.765573287682634e-05
FL-2021-000038-KEN,FL-2021-000038-KEN,0.37445317431489245,5.41969897626006e-05,1.4217705075722322,7.705568164365973e-05
FL-2021-000127-NER,FL-2021-000127-NER,0.38241808236375463,6.689354223810457e-05,1.1513193602048528,7.701583025141084e-05
FL-2000-000444-IND,FL-2000-000444-IND,0.40007369410411797,0.00010505094491243847,0.7306166341110584,7.675196778211201e-05
FL-2010-000239-MNE,FL-2010-000239-MNE,0.3886716562194648,7.867354318345682e-05,0.9720464771371192,7.647434049537422e-05
FL-2013-000112-CAF,FL-2013-000112-CAF,0.3845047583078513,7.063455059334803e-05,1.0824256912336399,7.645665225098224e-05
FL-2021-000123-CAF,FL-2021-000123-CAF,0.3833766528446537,6.858933837604773e-05,1.1137895613764779,7.639408910496101e-05
FL-2007-000194-GTM,FL-2007-000194-GTM,0.3859227282285299,7.328305456913487e-05,1.041926920218741,7.635558735144062e-05
FL-2020-000019-MDG,FL-2020-000019-MDG,0.38565905384410903,7.278389859589924e-05,1.043786590716556,7.59708573744732e-05
FL-1997-000530-PER,FL-1997-000530-PER,0.38645432250858164,7.429878171385504e-05,1.015600331174714,7.545786731446895e-05
FL-2018-000414-IRQ,FL-2018-000414-IRQ,0.37743981915641667,5.867825019673943e-05,1.279393971195808,7.507259954202765e-05
FL-2019-000094-GTM,FL-2019-000094-GTM,0.3810592475862934,6.455428212943291e-05,1.1627948729486577,7.506338828698574e-05
FL-2024-000139-TCD,FL-2024-000139-TCD,0.388631095423148,7.859147999782723e-05,0.9523043457078162,7.484300793753979e-05
FF-2008-000092-KEN,FF-2008-000092-KEN,0.38639679904276614,7.418826252570014e-05,1.0067078859630323,7.468590893051804e-05
Ethiopia: Floods - May 1995,Ethiopia: Floods - May 1995,0.3829853074168693,6.789239560330373e-05,1.0908091701249307,7.405764770583324e-05
FL-2000-000002-AGO,FL-2000-000002-AGO,0.39110062548581154,8.373077387958826e-05,0.8697971671955873,7.282878992756015e-05
FL-2022-000348-CRI,FL-2022-000348-CRI,0.39087167056643357,8.324189331949358e-05,0.869648665727101,7.239120145789528e-05
FL-2016-000050-LKA,FL-2016-000050-LKA,0.37793936457967003,5.945950448902818e-05,1.2099018427879291,7.194016405253233e-05
FL-2001-000376-PAK,FL-2001-000376-PAK,0.3882842738943185,7.789292509915599e-05,0.921151618596019,7.175119403226601e-05
FL-2011-000007-ZAF,FL-2011-000007-ZAF,0.381967458495031,6.610946614532845e-05,1.0794985641478076,7.136507378046015e-05
FL-2020-000175-GEO,FL-2020-000175-GEO,0.38263748858031593,6.727832555452717e-05,1.0606407542579777,7.135813396136747e-05
FL-2024-000182-SLE,FL-2024-000182-SLE,0.3786310091392897,6.055664269212321e-05,1.178286929715142,7.135310059155874e-05
FL-2012-000110-IND,FL-2012-000110-IND,0.3881793243437579,7.768264381579289e-05,0.9076110411740193,7.050562523480228e-05
FL-2020-000193-SSD,FL-2020-000193-SSD,0.3883662641357116,7.805756044834752e-05,0.8956131601804282,6.990937838911932e-05
FL-2007-000040-HTI,FL-2007-000040-HTI,0.38329541096455055,6.844412828077454e-05,1.019159487257912,6.975548268444893e-05
FL-1997-000026-MOZ,FL-1997-000026-MOZ,0.3806860281207621,6.392479986038084e-05,1.0827610863454504,6.921528574124147e-05
FL-2021-000145-BEN,FL-2021-000145-BEN,0.38164209039489905,6.55484851975569e-05,1.0516858033389702,6.893641131264523e-05
1992-01-01T00:00:00+00:00,1992-01-01T00:00:00+00:00,0.38202745003312555,6.621337061901895e-05,1.040933530085597,6.892371761732135e-05
FL-2019-000098-CAF,FL-2019-000098-CAF,0.3769094153567343,5.7858858935606106e-05,1.186559142506317,6.865295804502674e-05
FL-2024-000209-PAN,FL-2024-000209-PAN,0.37943507164364976,6.1854985258732e-05,1.105818542180244,6.84003896253915e-05
FL-2021-000066-GUY,FL-2021-000066-GUY,0.3823912951684331,6.68467001627358e-05,1.0204156206178399,6.821141703281272e-05
FL-2022-000261-GEO,FL-2022-000261-GEO,0.3810687844002386,6.457044002407607e-05,1.0491729788203328,6.774556090379953e-05
FL-2011-000084-IND,FL-2011-000084-IND,0.3900438543569848,8.149564366497922e-05,0.8290193075518719,6.756146207963517e-05
FL-2019-000030-IRQ,FL-2019-000030-IRQ,0.37783395966606087,5.929388363182655e-05,1.1268493447600907,6.681527391880482e-05
FL-2024-000214-COL,FL-2024-000214-COL,0.3722544762299891,5.109745701060147e-05,1.3048261520736573,6.667329821189224e-05
FL-1999-000286-GMB,FL-1999-000286-GMB,0.37710190957040535,5.815503426317886e-05,1.1434551069584922,6.649767092357796e-05
FL-2009-000192-MEX,FL-2009-000192-MEX,0.38339277862981774,6.861819423637128e-05,0.966761847016349,6.633745219888089e-05
FL-2006-000189-MYS,FL-2006-000189-MYS,0.38332317247872744,6.84937175010806e-05,0.9652828195473719,6.611580875072425e-05
FL-2009-000234-PHL,FL-2009-000234-PHL,0.37574259059707027,5.609242983275791e-05,1.1779017439562212,6.607137092274751e-05
FL-2024-000021-BOL,FL-2024-000021-BOL,0.382490517911341,6.702035639214331e-05,0.9791674152328188,6.562414913647729e-05
FL-2008-000024-PHL,FL-2008-000024-PHL,0.38417880439647933,7.003804362410189e-05,0.9337647066375215,6.539905325812544e-05
Philippines: Floods - Jun 1990,Philippines: Floods - Jun 1990,0.38693508613749633,7.522827795894523e-05,0.8681427258296911,6.530888228675238e-05
FL-2006-000029-NAM,FL-2006-000029-NAM,0.3767877820329934,5.7672412170621065e-05,1.1221814471307896,6.471891094915091e-05
FL-2009-000179-LBR,FL-2009-000179-LBR,0.3817478492384482,6.573035672860788e-05,0.9840111740692383,6.46794054965073e-05
FL-2006-000115-HTI,FL-2006-000115-HTI,0.385068215221777,7.167648843600087e-05,0.9014960977071197,6.461607462240428e-05
FL-2024-000216-DOM,FL-2024-000216-DOM,0.3775400825156914,5.883430994287522e-05,1.0883570705604324,6.40327372178722e-05
FL-2019-000100-MLI,FL-2019-000100-MLI,0.3811074212597905,6.463593837255383e-05,0.9879592955377479,6.385767614096957e-05
FL-2002-000482-RUS,FL-2002-000482-RUS,0.38121820334578993,6.48240711001589e-05,0.9807160860179978,6.357400928910024e-05
FL-2020-000192-TCD,FL-2020-000192-TCD,0.37090955984872015,4.928108603909822e-05,1.2732702189198974,6.274813920961289e-05
FL-2010-000242-AGO,FL-2010-000242-AGO,0.3695479338823243,4.750155043666807e-05,1.3120034095843343,6.232219613345074e-05
FL-2018-000065-TJK,FL-2018-000065-TJK,0.3662320306243527,4.340734767320001e-05,1.4353974911294434,6.230679794669477e-05
FL-2020-000190-NER,FL-2020-000190-NER,0.3743465614851804,5.4042879784875616e-05,1.1441798734017292,6.183477535052385e-05
FL-2013-000070-IND,FL-2013-000070-IND,0.37629747685763415,5.692631387891432e-05,1.077139003407864,6.131755299921703e-05
FL-2003-000028-BRA,FL-2003-000028-BRA,0.38459408165188597,7.079881160363375e-05,0.8631256388343357,6.110826949409816e-05
FL-2014-000122-PAK,FL-2014-000122-PAK,0.37288048791910056,5.1963283047060444e-05,1.1660555615898873,6.0592075195494334e-05
FL-2009-000102-HTI,FL-2009-000102-HTI,0.38256272591847507,6.714698749598888e-05,0.9021112794083416,6.0574054798422446e-05
Brazil: Floods - Dec 1989,Brazil: Floods - Dec 1989,0.3778815397914599,5.936859395375551e-05,1.0188400740791148,6.048710266181715e-05
FL-2006-000191-LKA,FL-2006-000191-LKA,0.3693663164227263,4.726861566119941e-05,1.2757451495342207,6.030270715497245e-05
FL-2024-000116-LBR,FL-2024-000116-LBR,0.3806400232975444,6.384759055545922e-05,0.9411318740645284,6.008900255396401e-05
FL-2006-000030-SRB,FL-2006-000030-SRB,0.38847986799523604,7.828619312797083e-05,0.7659743515955046,5.99652160200779e-05
FL-2006-000133-NER,FL-2006-000133-NER,0.3809104201702506,6.430260002869769e-05,0.9314416156120189,5.989411765878363e-05
FL-2021-000173-IDN,FL-2021-000173-IDN,0.37690375072832316,5.7850163828568445e-05,1.033714069822925,5.980052829115245e-05
FF-2009-000107-THA,FF-2009-000107-THA,0.37712231404267843,5.8186508825497376e-05,1.0240911244438284,5.958828725056436e-05
Viet Nam: Floods - Oct 1995,Viet Nam: Floods - Oct 1995,0.3723796821936475,5.126958115448083e-05,1.1585193691423241,5.939680281528032e-05
FL-2003-000051-PER,FL-2003-000051-PER,0.37928943060027254,6.161797289738611e-05,0.9636886445289713,5.938054078010491e-05
FL-2023-000036-PER,FL-2023-000036-PER,0.3752251155681029,5.532469143105041e-05,1.0717795343349823,5.929587201919779e-05
Bangladesh: Floods - Jul 1999,Bangladesh: Floods - Jul 1999,0.3758330110970373,5.6227559615155575e-05,1.0482356036464253,5.893972989475797e-05
FL-2003-000341-NPL,FL-2003-000341-NPL,0.38657010405581194,7.452168088846975e-05,0.7820585732690798,5.82803194332503e-05
FL-2018-000105-BGD,FL-2018-000105-BGD,0.37737101734512263,5.8571375943614224e-05,0.991882742040366,5.8095936976029207e-05
FF-2006-000022-TLS,FF-2006-000022-TLS,0.3708294525824921,4.917475449846606e-05,1.1802888753635958,5.804041568327543e-05
FL-2007-000210-PHL,FL-2007-000210-PHL,0.37995258472121446,6.270382477658485e-05,0.9253870742606627,5.8025308954957105e-05
FL-2010-000118-GHA,FL-2010-000118-GHA,0.3716912876206132,5.0329638876814975e-05,1.1468698410721812,5.7721544939873064e-05
FL-2009-000237-THA,FL-2009-000237-THA,0.37541342673852657,5.560297283721915e-05,1.0324588619508415,5.740778205659883e-05
FF-2022-000209-AFG,FF-2022-000209-AFG,0.37386983945214947,5.335858631962347e-05,1.0750035318817837,5.736066874981425e-05
Chad: Floods in Am Timan - Jul 1985,Chad: Floods in Am Timan - Jul 1985,0.3749891993900345,5.4977829690646115e-05,1.0422436500602523,5.730029388916992e-05
FL-2014-000038-ZAF,FL-2014-000038-ZAF,0.3743406566355648,5.4034355800409946e-05,1.0594723567177176,5.7247906283583996e-05
FL-2019-000032-BOL,FL-2019-000032-BOL,0.37633080604935476,5.697675440900169e-05,0.9989982238811052,5.6919676457102615e-05
FL-2014-000152-ETH,FL-2014-000152-ETH,0.37513866118474254,5.519735171665752e-05,1.0270658582017673,5.669131541133365e-05
India: Floods - Aug 2003,India: Floods - Aug 2003,0.40206656697987864,0.00011040268037095473,0.512689258225858,5.660226830553127e-05
FL-2008-000051-LKA,FL-2008-000051-LKA,0.3776994644996141,5.90831567124589e-05,0.9575666418010185,5.657605996015257e-05
FL-2015-000146-DZA,FL-2015-000146-DZA,0.37350927276948126,5.284621424667636e-05,1.0586689531644526,5.594664631523324e-05
FL-2008-000213-PER,FL-2008-000213-PER,0.38163207559896173,6.553128643444617e-05,0.8529320322371361,5.589373331364604e-05
FL-2024-000159-NGA,FL-2024-000159-NGA,0.37079028604244657,4.912284141994281e-05,1.132341007881133,5.56238077634431e-05
FL-2016-000114-EGY,FL-2016-000114-EGY,0.37107676841776505,4.9503699776968214e-05,1.1202710928869943,5.545756385109384e-05
FL-2006-000172-COG,FL-2006-000172-COG,0.3735966994054874,5.297004079038849e-05,1.0447518399142948,5.534054757609362e-05
FL-2003-000571-DOM,FL-2003-000571-DOM,0.3756803711750868,5.599961525254148e-05,0.9832757048107912,5.5063061156575854e-05
FL-2006-000062-THA,FL-2006-000062-THA,0.3817058326485253,6.565804727132611e-05,0.8376615682858721,5.499922284788695e-05
FF-2020-000055-SOM,FF-2020-000055-SOM,0.3743063058207298,5.398479244560697e-05,1.018212889069999,5.4968011481885734e-05
FL-2019-000033-PRY,FL-2019-000033-PRY,0.37796684347497295,5.95027499493422e-05,0.9195954025807005,5.471845529432409e-05
FL-2009-000217-IND,FL-2009-000217-IND,0.3875318859151514,7.639666814470836e-05,0.7154666505101737,5.4659268267631775e-05
FF-2023-000044-SOM,FF-2023-000044-SOM,0.37363033059352446,5.301774376057666e-05,1.022945092337183,5.423424078667219e-05
FL-2023-000111-MNG,FL-2023-000111-MNG,0.3768500032462845,5.776772086751389e-05,0.9369855719118949,5.412752097509421e-05
FL-2020-000185-PAK,FL-2020-000185-PAK,0.3699797246084708,4.805949996942447e-05,1.124816762154381,5.4058131146366604e-05
FF-2005-000067-IDN,FF-2005-000067-IDN,0.3776898664753466,5.9068144334044985e-05,0.9074775324699321,5.360301386783695e-05
Russia: Floods - Sep 1994,Russia: Floods - Sep 1994,0.37998812666914183,6.27625045835228e-05,0.8535275801300156,5.3569528660073226e-05
FL-2000-000012-MOZ,FL-2000-000012-MOZ,0.3693207546748132,4.721034164959016e-05,1.1277962370993517,5.324364566458258e-05
FL-2023-000241-TZA,FL-2023-000241-TZA,0.3731540411815556,5.234575799648624e-05,1.0126708213468447,5.300902174432488e-05
FL-2004-000115-PAN,FL-2004-000115-PAN,0.3767547692958926,5.762190167689405e-05,0.9177618050112175,5.288318049116518e-05
FL-2024-000145-SSD,FL-2024-000145-SSD,0.37670080730187006,5.753942390509422e-05,0.9086488837386558,5.228313330232919e-05
FL-2002-000296-PRY,FL-2002-000296-PRY,0.3758613339071329,5.626994712800057e-05,0.9287123335884037,5.2258593908141505e-05
FF-2020-000153-BIH,FF-2020-000153-BIH,0.3727904565342096,5.183795478036656e-05,1.0072124375171865,5.221183279023869e-05
FL-2023-000236-DOM,FL-2023-000236-DOM,0.3633649003104541,4.0126357467268644e-05,1.3006578060128464,5.219066006666483e-05
FL-2024-000015-ECU,FL-2024-000015-ECU,0.3697960857124949,4.782148943988398e-05,1.0902025804351165,5.213511118761219e-05
FL-2002-000225-ETH,FL-2002-000225-ETH,0.37275734300256874,5.1791927534820054e-05,1.0009847442519026,5.184292933775493e-05
FL-2015-000151-BLZ,FL-2015-000151-BLZ,0.3645665057749176,4.14732106230992e-05,1.2418606118182705,5.150394671846997e-05
FL-2002-000374-IND,FL-2002-000374-IND,0.3923678477775574,8.648367240732068e-05,0.5937469444772157,5.134941623901514e-05
FL-2016-000084-PHL,FL-2016-000084-PHL,0.37180187517278274,5.047958291790564e-05,1.015846385922298,5.127950187001941e-05
FL-2012-000003-BRA,FL-2012-000003-BRA,0.3741911040641282,5.381887120728896e-05,0.950877679977288,5.117516339258339e-05
FL-2001-000146-AGO,FL-2001-000146-AGO,0.37491176821804073,5.486441190781409e-05,0.931842117402311,5.112496976221005e-05
FL-2016-000045-ETH,FL-2016-000045-ETH,0.37177546878386947,5.044374238982549e-05,1.0095022581351816,5.092307185131821e-05
FF-2012-000102-PHL,FF-2012-000102-PHL,0.36109815496783204,3.7692304768617655e-05,1.350990691185349,5.09219528717236e-05
FF-2023-000107-GEO,FF-2023-000107-GEO,0.37531204940799395,5.545300387996504e-05,0.9175232708403509,5.0879421497868196e-05
FL-2016-000019-HTI,FL-2016-000019-HTI,0.37309594359580234,5.2264316232110755e-05,0.9718383703338016,5.079246791362497e-05
FL-2003-000220-NAM,FL-2003-000220-NAM,0.37703567781736164,5.8052975191286006e-05,0.8693111681287405,5.046609967688563e-05
FL-2023-000160-NER,FL-2023-000160-NER,0.36920862625248707,4.706720334510823e-05,1.068084370484078,5.027174425530601e-05
FL-2024-000048-URY,FL-2024-000048-URY,0.37185607269617904,5.055321524440891e-05,0.9844872518135657,4.976899594630778e-05
Afghanistan: Floods - Jun 1988,Afghanistan: Floods - Jun 1988,0.3726033099682597,5.1578307343944206e-05,0.9634656880384131,4.969392937298994e-05
FL-2017-000004-THA,FL-2017-000004-THA,0.3677321765756689,4.521851784503725e-05,1.0982925831634236,4.9663162770847326e-05
FL-2024-000230-GAB,FL-2024-000230-GAB,0.37876135521753324,6.076543594701826e-05,0.815792210566319,4.9571969317244096e-05
FL-2009-000010-FJI,FL-2009-000010-FJI,0.36934019553025577,4.7235198819269585e-05,1.0467452570561262,4.944322033017357e-05
FL-2007-000093-SDN,FL-2007-000093-SDN,0.36838567664755745,4.602855687352004e-05,1.0741772764800994,4.9442829862707115e-05
FL-2017-000134-CAF,FL-2017-000134-CAF,0.3693527462150587,4.7251252440329076e-05,1.0409891559456468,4.918804139523285e-05
Viet Nam: Floods - Oct 1992,name=Viet Nam: Floods - Oct 1992,0.3696402854087124,4.762039232094638e-05,1.0249575418914962,4.8808880257185886e-05
FL-2022-000249-CIV,FL-2022-000249-CIV,0.3696659251431046,4.765343404940531e-05,1.023474098609534,4.877205545936398e-05
FL-2010-000150-MEX,FL-2010-000150-MEX,0.36096216435611983,3.755059478005449e-05,1.2934881621677183,4.8571249830357404e-05
FL-1999-000324-HND,FL-1999-000324-HND,0.36879009499420135,4.653636767504635e-05,1.0408486923311688,4.843731744041447e-05
India-Manipur: Floods - Apr 2004,India-Manipur: Floods - Apr 2004,0.3968344969248433,9.684878674388245e-05,0.5,4.8424393371941225e-05
FL-2000-000083-ZWE,FL-2000-000083-ZWE,0.3711075513685341,4.9544781274671557e-05,0.9759490430199813,4.835318187164999e-05
FL-2010-000141-PAK,FL-2010-000141-PAK,0.36764419481769606,4.5110446690580514e-05,1.0692104601626595,4.8232561464178713e-05
FL-2006-000070-IND,FL-2006-000070-IND,0.38508146200826077,7.170114978427725e-05,0.6719340637740063,4.817844495181813e-05
FL-2001-000549-GIN,FL-2001-000549-GIN,0.36932130217191167,4.7211041520831463e-05,1.0199342550969517,4.815215846590049e-05
India: Floods - Oct 1988,India: Floods - Oct 1988,0.3714576000945656,5.001410312491575e-05,0.9494561647783664,4.748619853781222e-05
FL-2016-000124-COD,FL-2016-000124-COD,0.35948846319902594,3.604537718920357e-05,1.3125392635260602,4.7310972829436304e-05
FL-2014-000079-PHL,FL-2014-000079-PHL,0.3680098982812478,4.556118378581615e-05,1.0365063874391671,4.722445801328825e-05
Indonesia: Floods and Landslides - Mar 1984,Indonesia: Floods and Landslides - Mar 1984,0.3613362170518569,3.794153828346685e-05,1.2434734814113138,4.717929669944317e-05
FL-2020-000195-CMR,FL-2020-000195-CMR,0.37370056150349473,5.3117485007764026e-05,0.8859055483526522,4.7057074682916976e-05
FL-2016-000130-VCT,FL-2016-000130-VCT,0.36975619027543893,4.7769922283550525e-05,0.9845629160937495,4.7032493985064286e-05
FL-2007-000161-UGA,FL-2007-000161-UGA,0.3709685364883699,4.935950174129855e-05,0.9520505600973528,4.699274127892955e-05
FL-2012-000054-HTI,FL-2012-000054-HTI,0.3706415780671237,4.892618608702975e-05,0.9604428383587891,4.699080503549715e-05
FL-2004-000028-DOM,FL-2004-000028-DOM,0.37231797750691714,5.1184688888169765e-05,0.9133490270228894,4.6749485794479157e-05
FL-2005-000166-CRI,FL-2005-000166-CRI,0.385265625875909,7.204479695316686e-05,0.6447646378504476,4.645193741651766e-05
Indonesia: Floods and Landslides - Feb 1990,Indonesia: Floods and Landslides - Feb 1990,0.3641741720882005,4.102904569897202e-05,1.126768567319263,4.623023904070727e-05
FL-2009-000266-ALB,FL-2009-000266-ALB,0.3755741259296975,5.584144550915557e-05,0.8243171924381797,4.6031063583796716e-05
FF-2016-000034-YEM,FF-2016-000034-YEM,0.36744933350381204,4.4871918658387816e-05,1.0241076022751958,4.595367302672917e-05
FL-2004-000142-ALB,FL-2004-000142-ALB,0.37412453082121916,5.372319737593951e-05,0.8548694500312184,4.5926320194688005e-05
FL-2022-000287-TCD,FL-2022-000287-TCD,0.3657828232936891,4.287785752921072e-05,1.0617334466933017,4.552485546131324e-05
FL-2011-000042-COL,FL-2011-000042-COL,0.37567709528598314,5.5994732342886556e-05,0.8050454036566094,4.507830190162291e-05
FL-2019-000167-BDI,FL-2019-000167-BDI,0.36846324303832856,4.612556536266416e-05,0.9726765386670255,4.4865255261015814e-05
FL-2019-000138-KEN,FL-2019-000138-KEN,0.36139958951386064,3.800813407768363e-05,1.178206310642115,4.4781423426058475e-05
FL-1997-000199-BEN,FL-1997-000199-BEN,0.3705030375907887,4.8743614362304205e-05,0.9183529478927861,4.4763841940571214e-05
FL-1997-000337-IND,FL-1997-000337-IND,0.36333689514063705,4.009544210385581e-05,1.1040807822685879,4.426860708343e-05
FL-2001-000524-MLI,FL-2001-000524-MLI,0.3681937963681988,4.578937005579485e-05,0.9651997077307357,4.419588659502769e-05
FL-2012-000198-PAN,FL-2012-000198-PAN,0.361549829533932,3.816643633751243e-05,1.1516842231061208,4.395568258209722e-05
FL-2017-000126-NGA,FL-2017-000126-NGA,0.361617309448837,3.823773030129806e-05,1.1480023217546238,4.3897003164517303e-05
IND-2018-000413,IND-2018-000413,0.36962363700373024,4.7598948691997004e-05,0.9221733186742626,4.389448048070483e-05
FL-2025-000060-HTI,FL-2025-000060-HTI,0.3606629894441994,3.724052383406685e-05,1.177091149533168,4.383549100905909e-05
FL-2019-000011-IDN,FL-2019-000011-IDN,0.3667622809390698,4.403993303769878e-05,0.9907720767246441,4.363353591457509e-05
FL-2001-000453-IRN,FL-2001-000453-IRN,0.3711159636994103,4.955601331803514e-05,0.8717258436729041,4.3199257518729855e-05
FL-2002-000755-CRI,FL-2002-000755-CRI,0.3793095903319742,6.165073149423715e-05,0.6950172098350388,4.2848319387413856e-05
FF-2021-000090-SDN,FF-2021-000090-SDN,0.3598750319712917,3.643486499924509e-05,1.1734838122689721,4.275572427881947e-05
FL-1997-000143-POL,FL-1997-000143-POL,0.3580913493595158,3.4668759011205e-05,1.233104785558755,4.27502126461001e-05
1986-04-01T00:00:00+00:00,1986-04-01T00:00:00+00:00,0.3693517870696952,4.725002542115675e-05,0.8870822721015816,4.191465990745722e-05
FL-2000-000299-GTM,FL-2000-000299-GTM,0.3692433863374929,4.7111534738974885e-05,0.8719053948333257,4.107680129778984e-05
FF-2012-000062-KEN,FF-2012-000062-KEN,0.36119188776906647,3.779025971556205e-05,1.0853007035511752,4.1013795456681124e-05
FL-2007-000003-PHL,FL-2007-000003-PHL,0.369565175976314,4.752371801235729e-05,0.8623711432091048,4.098308303186368e-05
FL-1998-000165-CHN,FL-1998-000165-CHN,0.37716674403082606,5.8255096570472787e-05,0.7000190203158281,4.077967562966632e-05
FL-2020-000202-GIN,FL-2020-000202-GIN,0.36004030996377534,3.660254381654374e-05,1.1057838285302726,4.047450103540479e-05
FL-2011-000005-HND,FL-2011-000005-HND,0.3526036560084923,2.97076371063464e-05,1.359711468750731,4.039381488298398e-05
FL-2021-000147-THA,FL-2021-000147-THA,0.3534315028266639,3.041253164121764e-05,1.3245466846045788,4.0282817955806675e-05
FL-2004-000022-AFG,FL-2004-000022-AFG,0.36083023896119465,3.741357938153389e-05,1.0740305380391386,4.018332679311886e-05
FL-2005-000182-IND,FL-2005-000182-IND,0.3776488960188979,5.9004100575953686e-05,0.6806810703680618,4.016297433614493e-05
Afghanistan: Flash Floods - Sep 1992,Afghanistan: Flash Floods - Sep 1992,0.35979821455609673,3.635716732610452e-05,1.103779548130716,4.013029772252048e-05
FL-2003-000621-BOL,FL-2003-000621-BOL,0.3656555618344631,4.272891222122076e-05,0.9320569428848113,3.982577929770448e-05
FL-2007-000220-SRB,FL-2007-000220-SRB,0.36888866148185695,4.6660895070679816e-05,0.8529797073218023,3.98007966207618e-05
FL-2015-000018-PNG,FL-2015-000018-PNG,0.36490969605057705,4.186528306701125e-05,0.9476670877822322,3.967435088329335e-05
FL-2001-000029-BOL,FL-2001-000029-BOL,0.3631962798821464,3.9940538424772236e-05,0.9901822298032961,3.95484113969852e-05
FL-2021-000049-RWA,FL-2021-000049-RWA,0.353274410348724,3.027762472553433e-05,1.2970626710434043,3.927197679935138e-05
FF-2014-000060-AFG,FF-2014-000060-AFG,0.35543182253471634,3.2178299146145974e-05,1.2150620330886253,3.9098629581850104e-05
FL-2016-000075-BGD,FL-2016-000075-BGD,0.36061719365228084,3.719326406056215e-05,1.0303519065285407,3.832215053481966e-05
FL-2015-000053-CAF,FL-2015-000053-CAF,0.35509285776909816,3.187273788558581e-05,1.200744524918978,3.827101551029485e-05
FL-2002-000500-IRN,FL-2002-000500-IRN,0.364153889455024,4.1006200351546057e-05,0.9286481080441721,3.808033037454351e-05
FL-2012-000151-TCD,FL-2012-000151-TCD,0.3572875541716771,3.389837514602094e-05,1.1222690061354306,3.80430957847309e-05
FL-2014-000123-SSD,FL-2014-000123-SSD,0.3539931077404844,3.0899258936816064e-05,1.229472017724319,3.7989774231233444e-05
FL-2018-000043-TZA,FL-2018-000043-TZA,0.3648888695864279,4.184139546055883e-05,0.9072074068086312,3.795882387302801e-05
FL-2007-000125-PHL,FL-2007-000125-PHL,0.3655174876215732,4.2567838616505876e-05,0.8878873967487101,3.779544741442861e-05
Venezuela: Floods - Sep 1987,Venezuela: Floods - Sep 1987,0.3651450282264177,4.213605935601964e-05,0.8875286831351606,3.739696127275308e-05
FL-2022-000265-YEM,FL-2022-000265-YEM,0.3562375726354833,3.291525537744565e-05,1.135758587937564,3.738378396909198e-05
FL-2005-000002-GUY,FL-2005-000002-GUY,0.3591402694189667,3.569776622353793e-05,1.0423752684972483,3.7210468652012344e-05
FL-2006-000091-PRK,FL-2006-000091-PRK,0.36805631189215726,4.561867842466303e-05,0.8137351057804316,3.712152011345666e-05
FL-2021-000019-PER,FL-2021-000019-PER,0.34985792992779774,2.7473704411531396e-05,1.3456208053079868,3.696918825503847e-05
LS-2022-000224-GTM,LS-2022-000224-GTM,0.35481480720379366,3.162404039169849e-05,1.1665467743114344,3.689092230963038e-05
FL-2013-000157-BRA,FL-2013-000157-BRA,0.3606025401820522,3.717815355695346e-05,0.991056400942879,3.684564705785599e-05
FL-2021-000039-BDI,FL-2021-000039-BDI,0.35980278330839915,3.636178425796014e-05,1.0111286560166783,3.6766442047119646e-05
FL-2009-000170-MRT,FL-2009-000170-MRT,0.360806061465727,3.738851790250364e-05,0.9832646092321282,3.676280644517367e-05
FL-2002-000242-AFG,FL-2002-000242-AFG,0.3617264146723489,3.8353255882207564e-05,0.9583348849806268,3.675526306450793e-05
Russia: Floods - Jun 1993,Russia: Floods - Jun 1993,0.36737375357944363,4.477970788130465e-05,0.820510219523839,3.6742207943902665e-05
Egypt: Floods - Nov 1994,Egypt: Floods - Nov 1994,0.3573263150633013,3.3935168279811634e-05,1.0804014986266677,3.6663606665656646e-05
FL-2006-000025-PNG,FL-2006-000025-PNG,0.3608501138159732,3.743419222693366e-05,0.9790102886598242,3.664845933783767e-05
FL-2012-000056-PRY,FL-2012-000056-PRY,0.3527070036262792,2.9794824691536696e-05,1.2200522670934264,3.6351243412560546e-05
FL-2018-000112-GEO,FL-2018-000112-GEO,0.35896020203459833,3.551918642465631e-05,1.0222629843578837,3.6309949516433186e-05
FL-2013-000030-COL,FL-2013-000030-COL,0.3548919993812293,3.1692907861346607e-05,1.1435152484315854,3.624132340658711e-05
FF-2006-000046-KEN,FF-2006-000046-KEN,0.35589126442514607,3.2596673393743616e-05,1.1036482173283537,3.597526048183972e-05
FL-2015-000145-SOM,FL-2015-000145-SOM,0.357633101174333,3.4227650321484885e-05,1.0458367139854998,3.5796533339666485e-05
FF-2008-000178-DZA,FF-2008-000178-DZA,0.35483097185253437,3.163845062224412e-05,1.1191395672477698,3.5407841937768217e-05
FL-2006-000130-KHM,FL-2006-000130-KHM,0.36825226220930674,4.586213140667589e-05,0.7719896247006457,3.5405089612611416e-05
FF-2007-000083-IND,FF-2007-000083-IND,0.3632604791909416,4.0011194311604994e-05,0.8813888050539815,3.5265418743088187e-05
FL-2009-000120-BWA,FL-2009-000120-BWA,0.3603952880208783,3.696502818885736e-05,0.9522872605541437,3.5201325430273675e-05
FL-2010-000125-IND,FL-2010-000125-IND,0.36426219018286293,4.112831766666e-05,0.8556559783131277,3.519169088943906e-05
FL-1999-000213-IND,FL-1999-000213-IND,0.3567941799985762,3.3433174556786556e-05,1.046094414060121,3.497425714815138e-05
Iran: Floods - Feb 1993,Iran: Floods - Feb 1993,0.36297971399625106,3.9703019871686635e-05,0.8761089187768762,3.478416981196021e-05
FF-2018-000042-ETH,FF-2018-000042-ETH,0.35606419189889527,3.2755407316199236e-05,1.0606234402511923,3.4741152794536306e-05
FL-2016-000021-PAK,FL-2016-000021-PAK,0.3511071735015726,2.8470626676134905e-05,1.2119023313188628,3.45036188429169e-05
FL-2013-000013-BWA,FL-2013-000013-BWA,0.3558996655613115,3.260436895165642e-05,1.0534703310426612,3.434773535293855e-05
FL-2007-000149-CMR,FL-2007-000149-CMR,0.35637817451306897,3.304539816277642e-05,1.035118095353682,3.4205889606457186e-05
FL-2016-000071-LBR,FL-2016-000071-LBR,0.3565906919304981,3.324298596160858e-05,1.0193781830294557,3.388717462801826e-05
FL-2008-000191-HND,FL-2008-000191-HND,0.3559539863165413,3.265416700028006e-05,1.037013685075033,3.386281805401597e-05
Gabon: Inondations - Nov 1988,Gabon: Inondations - Nov 1988,0.3632795360413331,4.00321893665362e-05,0.8449363174492606,3.382465066279254e-05
FL-2022-000331-SLV,FL-2022-000331-SLV,0.3555563602163988,3.2291224748999894e-05,1.046746663649171,3.380073177116118e-05
FL-2005-000196-LKA,FL-2005-000196-LKA,0.3487017383498713,2.657915221397271e-05,1.2685548662514894,3.3717112881874125e-05
FF-2007-000081-NPL,FF-2007-000081-NPL,0.3537249272320539,3.066596665868124e-05,1.0925989789075539,3.3505603858488215e-05
FL-2022-000292-LAO,FL-2022-000292-LAO,0.3508624789407304,2.8272829529589516e-05,1.1820410408414914,3.341964484469005e-05
FL-2022-000356-ETH,FL-2022-000356-ETH,0.3572349828608737,3.3848530070613364e-05,0.9852801574957187,3.3350285038972505e-05
FL-2020-000213-LAO,FL-2020-000213-LAO,0.3507349760633773,2.817025436048261e-05,1.1779112023169338,3.318205818332992e-05
FL-2019-000133-SOM,FL-2019-000133-SOM,0.3549105707077911,3.170949651260614e-05,1.0457655373343704,3.3160698659107904e-05
FL-2002-000321-HTI,FL-2002-000321-HTI,0.3566364894362746,3.3285705136927774e-05,0.9930427130308388,3.305412693431928e-05
FL-2017-000107-NPL,FL-2017-000107-NPL,0.3504578217294936,2.7948440057329075e-05,1.179269398312985,3.2958740090192986e-05
FL-2007-000221-KEN,FL-2007-000221-KEN,0.35690238948922803,3.353471007620305e-05,0.974842278689549,3.269105318587916e-05
FL-2005-000051-AGO,FL-2005-000051-AGO,0.35744511595260414,3.404816206200768e-05,0.9581450089193589,3.2623076542590126e-05
FL-2021-000001-MYS,FL-2021-000001-MYS,0.35184235272676256,2.907241845240201e-05,1.117116405697843,3.2477275606490986e-05
FL-2010-000115-MMR,FL-2010-000115-MMR,0.35646179984256005,3.3123022224878365e-05,0.9799014922135285,3.245729890478018e-05
FL-2025-000036-ARG,FL-2025-000036-ARG,0.3461225732677834,2.467739077907e-05,1.314214219679874,3.24313778664508e-05
FL-2005-000104-IND,FL-2005-000104-IND,0.37353133638397545,5.2877439401524466e-05,0.6116122238015762,3.2340488301299466e-05
1988-08-01T00:00:00+00:00,1988-08-01T00:00:00+00:00,0.3624650948086322,3.9143702855523065e-05,0.8249538870093336,3.22917498226021e-05
FL-2002-000367-SRB,FL-2002-000367-SRB,0.36060964488905245,3.7185479165577575e-05,0.8641325154688277,3.213318165026423e-05
FL-2007-000086-PAN,FL-2007-000086-PAN,0.361248140939777,3.784915673102899e-05,0.8477798095902991,3.208775088658514e-05
FL-2006-000125-THA,FL-2006-000125-THA,0.35182136201062286,2.9055078667351742e-05,1.0964339239819898,3.185697391484987e-05
FL-2004-000120-CRI,FL-2004-000120-CRI,0.36597199400204583,4.310012432508417e-05,0.7305869676266675,3.148838913499561e-05
FL-2019-000031-SYR,FL-2019-000031-SYR,0.3486817121758,2.6563891573419794e-05,1.178799139258512,3.131349252210369e-05
FL-2009-000226-PRY,FL-2009-000226-PRY,0.3594230742660253,3.59798663121281e-05,0.8690624710349184,3.1268751524724064e-05
FL-2012-000191-HTI,FL-2012-000191-HTI,0.3657062825797685,4.2788219279563987e-05,0.7267675710899211,3.109709019707165e-05
FL-2011-000123-RUS,FL-2011-000123-RUS,0.35482165790935105,3.163014683960477e-05,0.9746615796072284,3.082868888189777e-05
FL-2008-000091-SOM,FL-2008-000091-SOM,0.35434517359410356,3.120794829117809e-05,0.9854190784086135,3.075290764411637e-05
2012-000020-MDG,2012-000020-MDG,0.3515566625608282,2.8837215919688276e-05,1.0660663642203847,3.074238592974028e-05
FL-2024-000165-CAF,FL-2024-000165-CAF,0.3519451984189208,2.915751079522378e-05,1.047691057383914,3.054806331573089e-05
Brazil: Floods - Apr 1989,Brazil: Floods - Apr 1989,0.35288311333057176,2.9943927578842415e-05,1.0184196369495275,3.0495483853687638e-05
FL-2016-000117-ALB,FL-2016-000117-ALB,0.3495053200328289,2.719805877301293e-05,1.116507802929084,3.0366844844592766e-05
FL-2018-000046-RUS,FL-2018-000046-RUS,0.3444789090266962,2.3530240745242748e-05,1.2878965212237008,3.0304515199354315e-05
FL-2011-000161-SOM,FL-2011-000161-SOM,0.35352157407269413,3.049012625851714e-05,0.9834528228611097,2.998560073833033e-05
FL-2003-000368-SDN,FL-2003-000368-SDN,0.3504433880374279,2.7936931556240524e-05,1.072361231723768,2.9958482334232694e-05
FL-2002-000265-KEN,FL-2002-000265-KEN,0.3554885639565133,3.2229705760369985e-05,0.9272835596446518,2.988607628377562e-05
FL-1999-000437-KHM,FL-1999-000437-KHM,0.35014930286967727,2.77033736906074e-05,1.069362166100396,2.9624939698076652e-05
FL-2022-000316-NER,FL-2022-000316-NER,0.35423078454510115,3.11073495981011e-05,0.94956722049458,2.953851949482205e-05
FL-2006-000085-UKR,FL-2006-000085-UKR,0.3496426055629803,2.730508166094141e-05,1.0750292725240695,2.9353762074172157e-05
FF-2023-000051-KEN,FF-2023-000051-KEN,0.3545715713543819,3.14079159716791e-05,0.9345216780382686,2.9351378337538487e-05
FL-2020-000052-COD,FL-2020-000052-COD,0.3488468251934329,2.668994929919477e-05,1.0988158099220888,2.9327338255974187e-05
FL-2016-000054-HTI,FL-2016-000054-HTI,0.34661690945752865,2.5032109873822212e-05,1.16982926460923,2.9283294685310886e-05
FF-2012-000196-COG,FF-2012-000196-COG,0.35365359377733696,3.060418064621728e-05,0.9546774198450808,2.921712021580347e-05
FL-2006-000031-PER,FL-2006-000031-PER,0.35700081617093227,3.3627307087772036e-05,0.8622372185675087,2.8994715731276032e-05
FL-2009-000039-CRI,FL-2009-000039-CRI,0.363583219108653,4.0368099626850745e-05,0.7165421116254692,2.892544334893095e-05
FL-2017-000014-PER,FL-2017-000014-PER,0.34909659487904654,2.6881662663687245e-05,1.074057448678672,2.8872450016800636e-05
FL-2009-000240-PAN,FL-2009-000240-PAN,0.35224873973624204,2.9409963112924955e-05,0.9710725385234801,2.8559207537949946e-05
FL-2010-000152-THA,FL-2010-000152-THA,0.3423389751396653,2.2108712992013075e-05,1.2831284616978387,2.8368318891560758e-05
FL-2008-000191-CRI,FL-2008-000191-CRI,0.36799210770410273,4.553916308879921e-05,0.6221635888955922,2.8332809142629e-05
FL-2012-000138-NGA,FL-2012-000138-NGA,0.3435153881780558,2.288031323197913e-05,1.2369286645182986,2.8301315289792303e-05
FL-2003-000196-ARG,FL-2003-000196-ARG,0.35078999471629996,2.821447532726734e-05,0.9957341344638851,2.8094116169349187e-05
FF-2019-000029-IDN,FF-2019-000029-IDN,0.34335381937209813,2.277292559927114e-05,1.2237138559090974,2.786754459541508e-05
FL-2013-000024-MKD,FL-2013-000024-MKD,0.3499213421635132,2.7523541517553296e-05,1.012158913963861,2.785819789084598e-05
FL-2009-000206-HTI,FL-2009-000206-HTI,0.3540392425831023,3.093955262449905e-05,0.8977256390746227,2.7775229652511327e-05
2011-06-30T00:00:00+00:00,2011-06-30T00:00:00+00:00,0.34304815512377484,2.2571004159344972e-05,1.2293298445416447,2.774720903435637e-05
FL-2009-000165-CHL,FL-2009-000165-CHL,0.34984046793366397,2.7459994905858056e-05,1.0088424248679406,2.770280784768714e-05
FL-2021-000078-GTM,FL-2021-000078-GTM,0.34734399275147093,2.556218198196862e-05,1.0813671758288972,2.764210453786573e-05
FL-2017-000130-GTM,FL-2017-000130-GTM,0.34354894927283786,2.2902676889443664e-05,1.201624894182623,2.752042669377655e-05
FL-2025-000038-BOL,FL-2025-000038-BOL,0.34786043588559384,2.5944802445261468e-05,1.0525186156126618,2.7307387552030603e-05
FF-2008-000202-MAR,FF-2008-000202-MAR,0.35212464724365716,2.9306519862511404e-05,0.9260497109629775,2.7139294248009444e-05
FL-2018-000140-MLI,FL-2018-000140-MLI,0.3503269822602086,2.7844272836433777e-05,0.9723384285301737,2.7074056493343422e-05
FL-2001-000320-TLS,FL-2001-000320-TLS,0.3509482420710557,2.834201433532937e-05,0.9542028064575442,2.7044029619431234e-05
FL-2006-000045-HUN,FL-2006-000045-HUN,0.34536495112867827,2.41425209583613e-05,1.11989572468407,2.7037106004364373e-05
FL-2014-000014-SYC,FL-2014-000014-SYC,0.3468265944311676,2.518395385489454e-05,1.0720586098274476,2.699867455963683e-05
FL-2023-000200-ZAF,FL-2023-000200-ZAF,0.34411925470538474,2.328572350484347e-05,1.1520700678179971,2.6826785057416146e-05
FL-2018-000014-ARG,FL-2018-000014-ARG,0.34527501848264114,2.407972772041247e-05,1.1137801849313482,2.681952359353751e-05
FL-2013-000017-PNG,FL-2013-000017-PNG,0.34586589784833144,2.449499920684733e-05,1.0931237284308373,2.6776064860899355e-05
FF-2007-000082-PAK,FF-2007-000082-PAK,0.3483986867870803,2.6349058009330122e-05,1.0098825024924718,2.6609452640781612e-05
FL-2010-000225-PAN,FL-2010-000225-PAN,0.3445437266779719,2.3574553095094496e-05,1.1284651586517427,2.660306179859974e-05
FL-2018-000120-NGA,FL-2018-000120-NGA,0.3477473658817509,2.5860593625141007e-05,1.0265078744630958,2.654610299449738e-05
FL-2015-000169-KEN,FL-2015-000169-KEN,0.34707467931246266,2.5364675497736526e-05,1.0437478752458738,2.6474326157063574e-05
FL-2013-000045-AFG,FL-2013-000045-AFG,0.34198828804195147,2.1883275690754145e-05,1.2079080109237867,2.6432984012115694e-05
FL-2002-000376-RUS,FL-2002-000376-RUS,0.3499983194144052,2.7584148999506457e-05,0.9555833880945447,2.6358954558653127e-05
FL-2001-000227-RUS,FL-2001-000227-RUS,0.3532922124885635,3.0292885631414776e-05,0.869164657517399,2.6329505565042363e-05
FL-2010-000161-MYS,FL-2010-000161-MYS,0.3454194369161952,2.4180635958713807e-05,1.0886896565212916,2.6325208256358525e-05
FL-2010-000049-AGO,FL-2010-000049-AGO,0.353881202142201,3.080171790534495e-05,0.8544449470857646,2.6318372225783116e-05
FL-2010-000249-IND,FL-2010-000249-IND,0.34207598217890267,2.1939454541041448e-05,1.1839008478756656,2.5974138833068593e-05
FL-2023-000001-COG,FL-2023-000001-COG,0.34365497313023613,2.2973455890852746e-05,1.1236428229072688,2.5813958829133405e-05
FL-2011-000107-MMR,FL-2011-000107-MMR,0.34239649552923784,2.2145888535511283e-05,1.1654079728699487,2.580899506557404e-05
FL-2021-000152-GEO,FL-2021-000152-GEO,0.3454917415557659,2.4231299580812965e-05,1.0591574472605578,2.5664761407819685e-05
FL-2023-000110-CHL,FL-2023-000110-CHL,0.3481624638228648,2.617094895702183e-05,0.978626075734756,2.561157307606488e-05
India: Floods - Aug 1988,India: Floods - Aug 1988,0.3532985255761677,3.0298299195961298e-05,0.8427786995223563,2.5534761194111516e-05
FL-2017-000088-SDN,FL-2017-000088-SDN,0.3449028538489026,2.382143275756841e-05,1.0719224581628997,2.553472875845495e-05
Tanzania: Floods - Apr 1989,Tanzania: Floods - Apr 1989,0.350985551352765,2.8372159128146182e-05,0.8981542921589569,2.5482576498761422e-05
FL-2010-000023-ECU,FL-2010-000023-ECU,0.3469434369264367,2.52689248749732e-05,1.0050325257665347,2.539609139049913e-05
FL-2012-000172-MLI,FL-2012-000172-MLI,0.3500456568732293,2.7621479422400876e-05,0.9191592364455828,2.538853793539137e-05
FL-1999-000265-TCD,FL-1999-000265-TCD,0.3423984354014561,2.2147143258902716e-05,1.1454311201477374,2.536802711111735e-05
Nigeria: Floods - Sep 1994,Nigeria: Floods - Sep 1994,0.3484120979295771,2.6359202484689968e-05,0.9617582522941903,2.5351180513544103e-05
FL-2011-000120-SDN,FL-2011-000120-SDN,0.3462012633002398,2.473355159278149e-05,1.019268556883517,2.52101314385784e-05
FL-2009-000247-MYS,FL-2009-000247-MYS,0.3470623960005707,2.535570012084456e-05,0.9816944353369297,2.489154971270502e-05
FL-2009-000171-AFG,FL-2009-000171-AFG,0.3442096344055812,2.3346953609314547e-05,1.0657008277559579,2.488086778702646e-05
FF-2009-000159-PAK,FF-2009-000159-PAK,0.3510348130245992,2.8412005300149915e-05,0.8753042401744937,2.4869148711081408e-05
FL-2020-000172-MMR,FL-2020-000172-MMR,0.35505225135478574,3.183630877227261e-05,0.7811222104463353,2.4868047880649637e-05
FL-2017-000174-ALB,FL-2017-000174-ALB,0.342904947394474,2.2476956812699776e-05,1.1009974778760738,2.474707276111189e-05
FL-2008-000182-RWA,FL-2008-000182-RWA,0.3464865850228403,2.4938150769254456e-05,0.99098155542331,2.4713247438696796e-05
FL-2008-000035-PRY,FL-2008-000035-PRY,0.3472555524050783,2.549717035875024e-05,0.9689476692755781,2.47054237922334e-05
FL-2007-000044-ARG,FL-2007-000044-ARG,0.34633898855610157,2.483212255998553e-05,0.9907640067376045,2.4602773243330523e-05
FL-2013-000104-MLI,FL-2013-000104-MLI,0.34594732256963806,2.4552727152859604e-05,0.9989817011392044,2.452772513877042e-05
FL-2009-000100-DOM,FL-2009-000100-DOM,0.3479182670266644,2.598796747238898e-05,0.9379811605173907,2.4376223889239615e-05
FL-2015-000040-SOM,FL-2015-000040-SOM,0.346889884046189,2.5229947796942508e-05,0.9639478737922579,2.432035453475239e-05
Algeria: Floods - Nov 1994,Algeria: Floods - Nov 1994,0.34299781694370624,2.2537905793915342e-05,1.0762250844313983,2.425585956596344e-05
FL-2002-000077-PER,FL-2002-000077-PER,0.34199849084797584,2.1889805177342054e-05,1.099709656642364,2.4072430135543075e-05
FL-2015-000085-VEN,FL-2015-000085-VEN,0.3407819839518854,2.112351899017247e-05,1.1268991625176379,2.3804075859450775e-05
FL-2009-000208-AZE,FL-2009-000208-AZE,0.347124555929731,2.540114956839614e-05,0.9365765261408021,2.3790120422751392e-05
FL-2019-000047-GEO,FL-2019-000047-GEO,0.3392292949326643,2.018057317829286e-05,1.178251681752609,2.3777794286055157e-05
FL-2007-000123-NGA,FL-2007-000123-NGA,0.34516719047678507,2.4004633287887614e-05,0.9859595032476032,2.366759631216655e-05
FF-2019-000068-VNM,FF-2019-000068-VNM,0.3421477837642408,2.1985548872924755e-05,1.0739024148338638,2.3610334026081828e-05
FL-2005-000098-BGR,FL-2005-000098-BGR,0.34218070881860513,2.2006714841892456e-05,1.0690227847551823,2.3525679583593073e-05
FL-2023-000169-BRA,FL-2023-000169-BRA,0.3405621208594471,2.0987630886678495e-05,1.1172435166273167,2.344829453750877e-05
FL-2018-000164-HND,FL-2018-000164-HND,0.33863368934390564,1.982903694091735e-05,1.1796924207248134,2.3392164589472536e-05
FL-2013-000050-ETH,FL-2013-000050-ETH,0.33514441253279015,1.7878037055946376e-05,1.3053721958094802,2.3337492488483975e-05
FL-2010-000015-PSE,FL-2010-000015-PSE,0.34072239842315344,2.1086613689133884e-05,1.1058643718376864,2.3318934801518002e-05
FL-2001-000492-VNM,FL-2001-000492-VNM,0.3429076622275429,2.2478736412561685e-05,1.0278730882613472,2.3105288216592577e-05
FL-2017-000064-IND,FL-2017-000064-IND,0.3433503338298357,2.2770613920640657e-05,1.0042415418757316,2.286719643312117e-05
FL-2008-000155-CHL,FL-2008-000155-CHL,0.34013393739312825,2.0725244610355208e-05,1.1026017644863366,2.285169127678859e-05
FL-2006-000106-MRT,FL-2006-000106-MRT,0.34708586498416694,2.537285131985532e-05,0.8996315305030165,2.2826217066106922e-05
FL-2011-000196-IDN,FL-2011-000196-IDN,0.33516047914703456,1.7886609524630944e-05,1.2683581214268749,2.2686626455356952e-05
FL-2015-000155-NGA,FL-2015-000155-NGA,0.33896383590164236,2.0023207933304826e-05,1.1309728897968445,2.264570533933286e-05
FL-2024-000120-NER,FL-2024-000120-NER,0.3407763143425178,2.1120004921325515e-05,1.0706246794411112,2.2611598498688818e-05
FL-2001-000180-IRN,FL-2001-000180-IRN,0.34482628242082397,2.376859991217846e-05,0.9510109146925885,2.2604197943443015e-05
FL-2015-000153-IRQ,FL-2015-000153-IRQ,0.3421042236709748,2.1957574292409357e-05,1.028424531293494,2.258170805001317e-05
FL-2019-000120-PHL,FL-2019-000120-PHL,0.33589255090020065,1.82811589967822e-05,1.2286625910741495,2.246137618082492e-05
FL-2022-000328-HND,FL-2022-000328-HND,0.33915129265415206,2.013421801636057e-05,1.1114267603705184,2.2377708702517352e-05
FL-2010-000153-PRK,FL-2010-000153-PRK,0.3349322157517984,1.7765164181147353e-05,1.2596250358956325,2.2377445569369537e-05
FL-2002-000734-MAR,FL-2002-000734-MAR,0.340257819364575,2.0800852951484122e-05,1.0757011498710427,2.2375501438209943e-05
FL-2004-000020-KEN,FL-2004-000020-KEN,0.3417766586934288,2.1748233980567132e-05,1.0260180821960077,2.2314081319891535e-05
FL-2004-000051-NPL,FL-2004-000051-NPL,0.34982822053983204,2.7450383084877757e-05,0.8123157064849782,2.229837732887577e-05
FL-1999-000574-VNM,FL-1999-000574-VNM,0.3389000417368901,1.998555546380605e-05,1.114647519535003,2.227684982426064e-05
FL-2013-000101-LAO,FL-2013-000101-LAO,0.33917387323117426,2.0147627326877892e-05,1.1048841434150625,2.2260793960903384e-05
Lao PDR: Floods - Sep 1995,Lao PDR: Floods - Sep 1995,0.33675263997221616,1.8754698662421706e-05,1.1807652832898365,2.2144897079149883e-05
FL-2021-000110-YEM,FL-2021-000110-YEM,0.337539926072039,1.9197802052096924e-05,1.1524258360621629,2.2124043080443703e-05
FL-2010-000151-COD,FL-2010-000151-COD,0.3399413156991321,2.060817386015642e-05,1.0701901252471506,2.2054664164515857e-05
FL-2011-000061-DOM,FL-2011-000061-DOM,0.34116221270346014,2.1360392313797942e-05,1.0300527521279053,2.2002330889359326e-05
FL-2024-000109-IND,FL-2024-000109-IND,0.34277733203766725,2.2393446618979464e-05,0.9733927592934859,2.1797618794539804e-05
FL-2013-000074-HTI,FL-2013-000074-HTI,0.3334013863578373,1.696969410825512e-05,1.2836627123722097,2.178336356712947e-05
FL-2025-000032-IRQ,FL-2025-000032-IRQ,0.3490421493038886,2.683976707233641e-05,0.8107511442535587,2.176037186539573e-05
FL-2023-000167-LBR,FL-2023-000167-LBR,0.337817689355856,1.935636801567703e-05,1.1239561416844555,2.1755708711924756e-05
FL-2005-000160-MMR,FL-2005-000160-MMR,0.3521213607183384,2.9303784678392518e-05,0.7408779621824715,2.171052827676138e-05
FL-2008-000158-PAN,FL-2008-000158-PAN,0.34438918800180257,2.3469026992880823e-05,0.9235086414861772,2.167384923519779e-05
FL-2024-000031-MWI,FL-2024-000031-MWI,0.3386772548417859,1.9854561930899232e-05,1.0898465961995627,2.1638426739423944e-05
FL-2005-000171-SLV,FL-2005-000171-SLV,0.33888482497467026,1.9976583673658443e-05,1.0823968914043698,2.1622592069247183e-05
FL-2012-000157-CMR,FL-2012-000157-CMR,0.3381535654446085,1.954968253206787e-05,1.1008538293751604,2.1521342878495598e-05
FF-2008-000233-PHL,FF-2008-000233-PHL,0.3448385965787339,2.3777089326920236e-05,0.9037156037455046,2.1487726636388517e-05
FL-2011-000181-VEN,FL-2011-000181-VEN,0.3471974049165639,2.5454507837034588e-05,0.8434253806112476,2.1468977960722883e-05
FL-2021-000092-CRI,FL-2021-000092-CRI,0.3468467161744224,2.519856857535765e-05,0.847698183481849,2.1360780807673484e-05
FL-2008-000103-SLV,FL-2008-000103-SLV,0.3396925293024102,2.04578484662737e-05,1.0346663695692608,2.1167047801797482e-05
FL-1993-000013-PHL,FL-1993-000013-PHL,0.3362920563746602,1.8499759764426266e-05,1.133970277619954,2.097817771596891e-05
FL-2023-000103-DOM,FL-2023-000103-DOM,0.33597863063406835,1.8328062486945622e-05,1.142430234483892,2.093853272459671e-05
FL-2006-000151-PAN,FL-2006-000151-PAN,0.34456660131764494,2.3590209178877046e-05,0.8861876983942245,2.0905353176867357e-05
FL-2012-000141-NER,FL-2012-000141-NER,0.3466246137424388,2.503767433971886e-05,0.8342353499526158,2.088731301479499e-05
Namibia: Floods - Mar 2004,Namibia: Floods - Mar 2004,0.3383002277166058,1.9634638114194804e-05,1.0587882424363562,2.0788923979802207e-05
FL-2007-000025-FJI,FL-2007-000025-FJI,0.33911581442845906,2.0113165755073528e-05,1.0321832158662596,2.076047211032292e-05
FF-2009-000246-LKA,FF-2009-000246-LKA,0.33666664241503375,1.8706859213565842e-05,1.1085200076597403,2.0736927718711693e-05
FL-2010-000119-PAN,FL-2010-000119-PAN,0.3396837962079296,2.0452589603026087e-05,1.0125237531271618,2.0708732786025543e-05
FL-2013-000108-SSD,FL-2013-000108-SSD,0.3354126510854535,1.8021643439493644e-05,1.1472056468348109,2.067453111903063e-05
FF-2008-000063-PHL,FF-2008-000063-PHL,0.34307241091392776,2.2586968441953482e-05,0.9110661229691897,2.0578221768037997e-05
FL-1999-000371-IND,FL-1999-000371-IND,0.35139963589873524,2.8708669899010955e-05,0.709212471829804,2.036054674202345e-05
FL-2010-000091-VNM,FL-2010-000091-VNM,0.3368233384887046,1.8794109867375024e-05,1.0820602515614735,2.0336359250965788e-05
FL-2009-000133-ZAF,FL-2009-000133-ZAF,0.33697593520525104,1.8879429768171297e-05,1.0731148513908544,2.0259796470015212e-05
FF-2008-000141-ETH,FF-2008-000141-ETH,0.33960444769199394,2.040486351856308e-05,0.9913523656532703,2.0228409719959623e-05
FL-2008-000102-CIV,FL-2008-000102-CIV,0.33892911902334466,2.0002709493636733e-05,1.005572576008324,2.011417611266245e-05
FL-2024-000144-MLI,FL-2024-000144-MLI,0.33816395225350704,1.955568829119516e-05,1.0257206390657925,2.0058673091416134e-05
afg-1991-flood,afg-1991-flood,0.3311642062648236,1.5864774418703883e-05,1.2564334123624294,1.9933032659252297e-05
FL-2023-000199-SDN,FL-2023-000199-SDN,0.3357106189029949,1.81823823807453e-05,1.0919778288263946,1.9854758435017545e-05
FL-2010-000121-DOM,FL-2010-000121-DOM,0.33706675827083776,1.893037610219674e-05,1.0483997898689967,1.9846602327684138e-05
FL-2002-000263-CRI,FL-2002-000263-CRI,0.35556401151618483,3.2298174245491104e-05,0.61387757718801,1.982712495341826e-05
FF-2008-000123-PAK,FF-2008-000123-PAK,0.3403297921588755,2.0844893712750363e-05,0.9434455865501481,1.966602297540126e-05
FL-2013-000142-VNM,FL-2013-000142-VNM,0.33543274440271786,1.8032442442807004e-05,1.0905579261018445,1.9665423032978485e-05
FL-2016-000097-PRK,FL-2016-000097-PRK,0.3371401491170185,1.8971634349491513e-05,1.034797506250793,1.9631799914355703e-05
FL-2014-000005-IDN,FL-2014-000005-IDN,0.3295701213244835,1.5117442266779248e-05,1.2967973978194893,1.960425979324569e-05
FL-2020-000196-NGA,FL-2020-000196-NGA,0.3370110059776703,1.8899087740611814e-05,1.0372433952384017,1.9602953934980653e-05
FL-2007-000111-GBR,FL-2007-000111-GBR,0.33881598929029283,1.9936043482288323e-05,0.9829526883830424,1.9596187536636536e-05
FL-2015-000037-HTI,FL-2015-000037-HTI,0.33735025678974256,1.9090198787204784e-05,1.0256893838267023,1.9580614231177333e-05
FL-2021-000126-MYS,FL-2021-000126-MYS,0.33669103094443376,1.8720415101864178e-05,1.0369812416402933,1.9412719296352813e-05
FL-2010-000062-COD,FL-2010-000062-COD,0.34076227451095353,2.1111305186900313e-05,0.9191259563061089,1.9403948568779866e-05
FL-2007-000206-COG,FL-2007-000206-COG,0.3398479835287894,2.055166319518937e-05,0.9410945726804741,1.934105869254977e-05
FL-2019-000162-MYS,FL-2019-000162-MYS,0.3359658497588105,1.832109154999878e-05,1.0555900890857195,1.9339562661410833e-05
FL-2006-000121-MKD,FL-2006-000121-MKD,0.33988550566701853,2.0574365274672217e-05,0.9374606289413403,1.9287657410463087e-05
FL-2006-000164-TZA,FL-2006-000164-TZA,0.33550296701023685,1.8070228817189437e-05,1.066054638511988,1.9263851249537793e-05
FL-1998-000251-SDN,FL-1998-000251-SDN,0.33335249117286136,1.6944823516958204e-05,1.131419011075252,1.9171695466401526e-05
FL-2008-000198-BLZ,FL-2008-000198-BLZ,0.33300266475839313,1.6767838730563155e-05,1.1420312108925819,1.914939516951657e-05
FL-2008-000032-KAZ,FL-2008-000032-KAZ,0.3374356469735127,1.913857502443574e-05,0.9978373267784768,1.909718454073228e-05
FL-2020-000199-MRT,FL-2020-000199-MRT,0.3408251224530644,2.115027381421323e-05,0.8999640370776387,1.9034485807136805e-05
Iran: Floods - Jul 1987,Iran: Floods - Jul 1987,0.342614213700155,2.2287110254328594e-05,0.8532734221804965,1.9016998837224996e-05
FL-2008-000185-SOM,FL-2008-000185-SOM,0.33588212222286395,1.827548391783549e-05,1.0367109285362797,1.8946393901909077e-05
FL-2013-000002-PSE,FL-2013-000002-PSE,0.33176820808902546,1.615651437016131e-05,1.1703104797566297,1.8908138083738365e-05
FL-2000-000476-NPL,FL-2000-000476-NPL,0.3445224840577411,2.3560022389049888e-05,0.8017257032301318,1.888867551797867e-05
FL-2022-000336-VNM,FL-2022-000336-VNM,0.33160834879327117,1.6078834352429483e-05,1.1722090372300906,1.8847754936043472e-05
FL-2002-000020-IRN,FL-2002-000020-IRN,0.33706534619393,1.8929583065139073e-05,0.995515429386739,1.8844692013203865e-05
FL-2010-000037-HTI,FL-2010-000037-HTI,0.3348999052145839,1.7748033763244638e-05,1.0604316168394865,1.8820576139279306e-05
FL-2021-000208-IRQ,FL-2021-000208-IRQ,0.33565773625715356,1.8153760969089412e-05,1.0347036442805968,1.8783762632115675e-05
FL-2003-000229-LKA,FL-2003-000229-LKA,0.33075175034414195,1.566828676788248e-05,1.1976431040334385,1.8765015599572826e-05
FL-2002-000808-MWI,FL-2002-000808-MWI,0.33798948871531476,1.945503165227763e-05,0.9632105028592333,1.8739290820932635e-05
FL-2015-000092-BRA,FL-2015-000092-BRA,0.33687701497109357,1.882408182405383e-05,0.9951769503164747,1.8733292342169673e-05
FL-2001-000025-MWI,FL-2001-000025-MWI,0.33768339347626586,1.9279556315355717e-05,0.9654424418241856,1.861330192638392e-05
FL-1997-000177-MMR,FL-1997-000177-MMR,0.33800470833792545,1.9463794003072943e-05,0.9561349496906492,1.8610013699917306e-05
FL-2019-000083-NPL,FL-2019-000083-NPL,0.3333129298666156,1.6924724628241616e-05,1.0942813443525146,1.8520410418988348e-05
FF-2012-000101-GAB,FF-2012-000101-GAB,0.3281782522622636,1.4490987377559442e-05,1.2741047244558878,1.846303547977912e-05
FL-2005-000209-THA,FL-2005-000209-THA,0.3303691361016677,1.5487976351156034e-05,1.1913966804489575,1.8452323611639255e-05
FL-2008-000230-CUB,FL-2008-000230-CUB,0.33613657542816944,1.8414405884232135e-05,0.998493550218185,1.838666550650558e-05
FL-2004-000031-CHN,FL-2004-000031-CHN,0.3512221712862079,2.8564013796403625e-05,0.6434879492593721,1.8380598660464182e-05
FL-2024-000118-PAK,FL-2024-000118-PAK,0.3344256390516763,1.74982918730199e-05,1.0477381195692326,1.8333627422711458e-05
FL-2024-000123-BFA,FL-2024-000123-BFA,0.32978975259564025,1.521849019639711e-05,1.1979418788258864,1.823086673876529e-05
FL-2008-000175-UGA,FL-2008-000175-UGA,0.3377457850733736,1.9315207548021657e-05,0.9427683053348588,1.820976548723945e-05
FL-2011-000021-MYS,FL-2011-000021-MYS,0.33769768044792314,1.928771481316753e-05,0.9410695768598368,1.8151081617820774e-05
FL-2020-000126-ETH,FL-2020-000126-ETH,0.3267457528872055,1.3870736204685233e-05,1.305209086561218,1.810421093164883e-05
FL-2001-000485-KHM,FL-2001-000485-KHM,0.33798811574584675,1.9454241371009087e-05,0.9268570532202833,1.8031300829769607e-05
FL-2006-000124-UGA,FL-2006-000124-UGA,0.33911189645141065,2.0110842099804526e-05,0.8965169259333157,1.802971033724706e-05
FL-2015-000011-PER,FL-2015-000011-PER,0.33537580640134945,1.8001856659704626e-05,0.9963773020475339,1.7936641370442927e-05
FL-2011-000038-KAZ,FL-2011-000038-KAZ,0.331144414049581,1.5855295296591348e-05,1.1284426954486195,1.789179216161936e-05
FL-2005-000105-HTI,FL-2005-000105-HTI,0.33503214181729546,1.7818237253645747e-05,0.9972865856131765,1.776988899233387e-05
FL-2003-000350-MNG,FL-2003-000350-MNG,0.33604280460155134,1.8363100309493815e-05,0.9653767569926166,1.7727310225109254e-05
FF-2008-000194-VNM,FF-2008-000194-VNM,0.3299390820138196,1.5287540385759897e-05,1.1575172522881112,1.769559174156833e-05
FL-2008-000088-USA,FL-2008-000088-USA,0.32874348574587575,1.474251430008711e-05,1.1865814777652384,1.7493194404172522e-05
FL-2009-000183-NGA,FL-2009-000183-NGA,0.33520178523250277,1.790866569621075e-05,0.9656932233895635,1.729427710277986e-05
FL-2006-000112-ETH,FL-2006-000112-ETH,0.3318257333860417,1.6184550022046378e-05,1.0654891162362259,1.7244461899671184e-05
Mongolia: Flash Floods - Aug 1994,Mongolia: Flash Floods - Aug 1994,0.33583958962228483,1.8252354938272445e-05,0.944597599391765,1.724113065793858e-05
FL-2012-000075-VEN,FL-2012-000075-VEN,0.3316425882145577,1.6095443881473323e-05,1.068528235373372,1.719843624822183e-05
FL-2020-000125-TZA,FL-2020-000125-TZA,0.32863551691444354,1.4694167132722979e-05,1.1681139311946813,1.7164461335036718e-05
FL-2006-000065-TZA,FL-2006-000065-TZA,0.33672646059100364,1.8740123730561827e-05,0.9152295890668976,1.7151515740984918e-05
FL-2006-000050-ARG,FL-2006-000050-ARG,0.3348548716862059,1.7724182663083367e-05,0.9631552235503491,1.7071139115109284e-05
FL-2002-000475-TJK,FL-2002-000475-TJK,0.3293305905082514,1.5007927694142446e-05,1.1361467856691416,1.7051208809254833e-05
FL-1999-000391-MEX,FL-1999-000391-MEX,0.3356688085253568,1.8159750199436027e-05,0.9381273009124613,1.7036157439841452e-05
FL-2001-000117-PER,FL-2001-000117-PER,0.3370842079856252,1.8940178511379782e-05,0.8990840283213932,1.7028811993137625e-05
FL-2010-000219-PHL,FL-2010-000219-PHL,0.3289817405792627,1.48497089065512e-05,1.141795195185297,1.695532627940047e-05
FL-2012-000066-COM,FL-2012-000066-COM,0.3292914448440877,1.499009815845012e-05,1.129673337592446,1.6933914217494726e-05
FL-2018-000128-SDN,FL-2018-000128-SDN,0.3288658212750824,1.4797467676844643e-05,1.1360707994440626,1.681097093338057e-05
FF-2021-000198-COG,FF-2021-000198-COG,0.3305619848617138,1.5578623291473544e-05,1.0782758332205882,1.67980530100433e-05
FL-2016-000046-SOM,FL-2016-000046-SOM,0.33056940912106514,1.5582122527172864e-05,1.0763349207071773,1.6771582614734125e-05
FL-2013-000116-NGA,FL-2013-000116-NGA,0.3261673671169773,1.3627151345832732e-05,1.2298958129711375,1.675997638296368e-05
FF-2012-000115-RUS,FF-2012-000115-RUS,0.3260934299373206,1.359629215900313e-05,1.2274737437024292,1.6689091636883556e-05
FL-1994-000007-VNM,FL-1994-000007-VNM,0.32975360182177216,1.520181627338974e-05,1.0899814138986574,1.6569697195496966e-05
ST-2015-000041-PRY,ST-2015-000041-PRY,0.3347993411224892,1.769481173938112e-05,0.9269775136144309,1.6402692590046955e-05
USA: Storms and Tornadoes - Apr 2011,USA: Storms and Tornadoes - Apr 2011,0.3208625550432194,1.1566191400507249e-05,1.4111840373957132,1.6322024677859396e-05
FL-2010-000072-RUS,FL-2010-000072-RUS,0.3241616255451286,1.2811973008421029e-05,1.2712126327447877,1.6286741938690054e-05
FL-2010-000041-SOM,FL-2010-000041-SOM,0.3281466441997922,1.4477036618613683e-05,1.120673451219893,1.6224030590818567e-05
FL-2019-000062-SSD,FL-2019-000062-SSD,0.32956677188256855,1.511590594185682e-05,1.0669924753090707,1.6128557897440897e-05
Burkina Faso: Floods - Sep 1988,Burkina Faso: Floods - Sep 1988,0.3332382457411062,1.6886840273625633e-05,0.9525620167546777,1.6085762627658946e-05
FL-2018-000092-MNG,FL-2018-000092-MNG,0.33057724366039654,1.5585815904994057e-05,1.031500359443832,1.6076774708226762e-05
FL-2024-000104-MMR,FL-2024-000104-MMR,0.33733043421777525,1.9078984425067402e-05,0.8391419529408852,1.600997625057979e-05
FL-1999-000547-VEN,FL-1999-000547-VEN,0.3288482542036535,1.4789565192666027e-05,1.075232993321348,1.590222845203151e-05
FL-2022-000275-UGA,FL-2022-000275-UGA,0.3266264180499773,1.3820160359196121e-05,1.149508740471743,1.5886395127617044e-05
FL-2013-000028-NAM,FL-2013-000028-NAM,0.3296147192291021,1.5137911869706245e-05,1.0440048847146737,1.580405393635356e-05
FL-2011-000170-COL,FL-2011-000170-COL,0.3398104151548562,2.0528955730666114e-05,0.7680165233769249,1.576657720882499e-05
FL-2010-000067-BRA,FL-2010-000067-BRA,0.32915595438541756,1.4928533885905171e-05,1.0465567844150672,1.5623558419664282e-05
FL-2005-000063-SRB,FL-2005-000063-SRB,0.3362573714065838,1.8480688072635062e-05,0.8449809676901925,1.5615829691195775e-05
FL-2022-000321-CAF,FL-2022-000321-CAF,0.3275149564910569,1.4200753054640108e-05,1.0900469195589455,1.5479487122627736e-05
FL-2006-000127-NPL,FL-2006-000127-NPL,0.335050054773521,1.7827766312762548e-05,0.862630230686243,1.5378770166998787e-05
FL-2022-000382-ZAF,FL-2022-000382-ZAF,0.3334471114263521,1.6992981938300266e-05,0.904559089993309,1.5371156278381626e-05
1985-11-01T00:00:00+00:00,1985-11-01T00:00:00+00:00,0.33765966125778923,1.9266011024829187e-05,0.7962481269445691,1.5340525192213658e-05
name,name,0.32555052445840355,1.3371618987932516e-05,1.1460299969121097,1.532427646745021e-05
FF-2017-000101-VNM,FF-2017-000101-VNM,0.32053272447346837,1.144784524454306e-05,1.3377073830962212,1.5313867104168216e-05
FL-2007-000227-ZWE,FL-2007-000227-ZWE,0.3317562039667107,1.6150669530454532e-05,0.9473870176389487,1.530093463932956e-05
Paraguay: Floods - Mar 1995,name=Paraguay: Floods - Mar 1995,0.3291893708800713,1.4943696523271659e-05,1.019170735987299,1.5230178183993618e-05
FF-2017-000122-CMR,FF-2017-000122-CMR,0.32529478144669094,1.326694600243707e-05,1.1398719755326612,1.5122619949083086e-05
FL-2001-000314-GHA,FL-2001-000314-GHA,0.32919650092358377,1.4946933553429279e-05,1.0103874531958326,1.5102194126136744e-05
Costa Rica: Floods - Feb 1988,name=Costa Rica: Floods - Feb 1988,0.34225519985749064,2.2054669324652908e-05,0.684416433779701,1.5094578127369509e-05
FF-2009-000204-TUN,FF-2009-000204-TUN,0.3323292221715516,1.6431806451199215e-05,0.9155604613181987,1.5044312294751306e-05
FL-2021-000007-SYR,FL-2021-000007-SYR,0.3276938694286824,1.4278519065987562e-05,1.0486817242043107,1.497362199320396e-05
LS-2010-000190-COL,LS-2010-000190-COL,0.3365044441946703,1.8616929022690377e-05,0.8035449578867475,1.4959539447518306e-05
Azerbaijan: Floods - Jun 1995,Azerbaijan: Floods - Jun 1995,0.3320260169254754,1.6282502564490767e-05,0.9175461452516915,1.4939947463099285e-05
FL-2009-000187-CIV,FL-2009-000187-CIV,0.32481353037672267,1.3071972285585135e-05,1.1423006536672147,1.4932122486543613e-05
FL-2007-000122-VNM,FL-2007-000122-VNM,0.32175672842780134,1.1892588018378732e-05,1.2537362894429918,1.4910169174036335e-05
1993-05-01T00:00:00+00:00,1993-05-01T00:00:00+00:00,0.3273567412776789,1.4132301301093756e-05,1.051770447137431,1.4863936858532277e-05
FL-2008-000054-THA,FL-2008-000054-THA,0.3226094139681883,1.2211537924107446e-05,1.2161844828708155,1.4851482935287965e-05
FF-2011-000143-SSD,FF-2011-000143-SSD,0.3297206609560795,1.5186637183954015e-05,0.9738577503891034,1.4789624323940965e-05
FL-2016-000066-PAK,FL-2016-000066-PAK,0.3187459409353741,1.0825466729567725e-05,1.365086108875814,1.4777694254630189e-05
FL-2023-000085-HTI,FL-2023-000085-HTI,0.32647092300644465,1.3754508334320755e-05,1.0690779120906408,1.470464105188895e-05
FL-2007-000209-PNG,FL-2007-000209-PNG,0.3228429826134108,1.2300237842925826e-05,1.1865949732954428,1.4595400394754166e-05
FL-2007-000132-BFA,FL-2007-000132-BFA,0.3260260270856072,1.3568215023988906e-05,1.0755363901814037,1.4593109008106116e-05
FL-2001-000375-IRN,FL-2001-000375-IRN,0.33015600823581365,1.5388349819906657e-05,0.9437442735893395,1.4522667022526452e-05
FL-2002-000614-LAO,FL-2002-000614-LAO,0.32368314536838394,1.2624112518317607e-05,1.1496745971340228,1.4513621473671368e-05
FL-2000-000408-VNM,FL-2000-000408-VNM,0.32448999479267127,1.2942348938025327e-05,1.1142401773728954,1.4420885176327245e-05
FL-2023-000067-COD,FL-2023-000067-COD,0.32727177752345094,1.4095664452216726e-05,1.0170068685630405,1.4335387564864298e-05
FL-2006-000171-HTI,FL-2006-000171-HTI,0.3258573511289826,1.3498180410317013e-05,1.0599993219511736,1.4308062082510649e-05
FL-2003-000027-TUN,FL-2003-000027-TUN,0.3308550645827826,1.5717297374295245e-05,0.9069463005317308,1.4254744707974157e-05
FL-2010-000014-SLB,FL-2010-000014-SLB,0.32015084572726815,1.1312185916467852e-05,1.2512366729504776,1.4154221869918485e-05
FL-2007-000165-BEN,FL-2007-000165-BEN,0.3280379096435123,1.4429137028494383e-05,0.9807232123464087,1.4150989617971525e-05
FF-2007-000100-MLI,FF-2007-000100-MLI,0.32614308328053077,1.3617009047722073e-05,1.032850525424288,1.4064334949647026e-05
FL-2017-000079-TJK,FL-2017-000079-TJK,0.32311374687731564,1.2403788567575762e-05,1.133782714433925,1.4063201071410533e-05
FL-2009-000245-SRB,FL-2009-000245-SRB,0.32455250790925194,1.2967304047360332e-05,1.0840237655442986,1.4056865762377371e-05
El Salvador: Floods in South Eastern Region - Oct 1992,El Salvador: Floods in South Eastern Region - Oct 1992,0.3284045666302736,1.4591229075070363e-05,0.9628448857586056,1.4049090291863767e-05
FF-2006-000049-IDN,FF-2006-000049-IDN,0.32864563472019165,1.4698691699310338e-05,0.9546072289122487,1.4031477351714114e-05
FL-2008-000089-IND,FL-2008-000089-IND,0.34246210972628455,2.2188363806547193e-05,0.6302581635823931,1.398439742561247e-05
FL-2010-000089-AZE,FL-2010-000089-AZE,0.3247487563752383,1.3045927664930363e-05,1.0703967476559106,1.3964318542695729e-05
FF-2023-000133-AFG,FF-2023-000133-AFG,0.32114683229854524,1.1669074864738432e-05,1.1905710968816803,1.3892863261306079e-05
FL-2023-000168-LBY,FL-2023-000168-LBY,0.32200054962701774,1.1983015746080736e-05,1.1504384598927777,1.3785722179792028e-05
FL-2007-000138-UGA,FL-2007-000138-UGA,0.32536509515371104,1.3295650921938453e-05,1.0368375020093747,1.3785429489491305e-05
FL-2009-000190-TUR,FL-2009-000190-TUR,0.32577433814968415,1.34638328503869e-05,1.0202954218418836,1.3737087017694112e-05
Tanzania: Floods - May 1995,Tanzania: Floods - May 1995,0.3260111295087266,1.3562016378757425e-05,1.0095645424628938,1.3691730860294512e-05
FL-2018-000419-PRY,FL-2018-000419-PRY,0.3226727061882422,1.2235516705197079e-05,1.1119284382912396,1.3605018981696161e-05
FL-2011-000115-KEN,FL-2011-000115-KEN,0.32292121892214465,1.2330078209935273e-05,1.1017053333721223,1.358411292478108e-05
1985-06-01-ARG-Flood,1985-06-01-ARG-Flood,0.32956568106190953,1.5115405633624907e-05,0.8967196146811239,1.3554280715533017e-05
FL-2023-000018-MOZ,FL-2023-000018-MOZ,0.32262135723350605,1.2216059488897918e-05,1.105614086557909,1.3506247453154947e-05
FL-2005-000184-VNM,FL-2005-000184-VNM,0.3215841012495121,1.1828936375234653e-05,1.1335707457861832,1.3408936228732057e-05
FL-2010-000176-MRT,FL-2010-000176-MRT,0.3203467067592782,1.1381582139738476e-05,1.1720801829873777,1.3340126877030544e-05
FL-2006-000047-COD,FL-2006-000047-COD,0.3251889930825287,1.3223863959272354e-05,1.0080124870300073,1.3329819997732605e-05
FL-2012-000192-COD,FL-2012-000192-COD,0.31689083261403284,1.0211669629836821e-05,1.301468773071398,1.3290169144154185e-05
FL-2024-000128-SDN,FL-2024-000128-SDN,0.32204358702574976,1.1999041436659329e-05,1.106871100441691,1.3281392199240558e-05
FL-2023-000158-GIN,FL-2023-000158-GIN,0.31703698743540104,1.0258865257272836e-05,1.2862993830803735,1.3195972051534727e-05
FL-2010-000120-BRA,FL-2010-000120-BRA,0.3175429154713927,1.04237570057994e-05,1.2635202173548898,1.3170627717622213e-05
FL-2015-000113-PRK,FL-2015-000113-PRK,0.3190227872964847,1.0919859520291241e-05,1.2051154702949778,1.315969164135087e-05
FF-2020-000123-YEM,FF-2020-000123-YEM,0.3223360568056697,1.210845934867745e-05,1.082595733416551,1.3108566429125958e-05
FL-1998-000040-URY,FL-1998-000040-URY,0.32374306991992796,1.2647503443637237e-05,1.0305409604819116,1.3033770346504203e-05
Bolivia: Landslides/Floods - Mar 1994,Bolivia: Landslides/Floods - Mar 1994,0.3322269345093113,1.638130096132745e-05,0.7919956578021904,1.2973919230522188e-05
FL-2007-000147-NER,FL-2007-000147-NER,0.3243838352558085,1.2900069274421621e-05,1.0023493119506208,1.2930375561331857e-05
Cuba: Floods - Jun 1993,Cuba: Floods - Jun 1993,0.32184470465633336,1.192514532717529e-05,1.0819582611621117,1.2902509502296059e-05
Benin: Floods - Sep 1994,Benin: Floods - Sep 1994,0.3298045310517339,1.5225311243616684e-05,0.8448106334634848,1.2862504836398528e-05
FL-2010-000179-ETH,FL-2010-000179-ETH,0.3231796566052786,1.2429113431557666e-05,1.030549003575644,1.2808810462220405e-05
FF-2007-000070-CHN,FF-2007-000070-CHN,0.3369699755444677,1.887609107150837e-05,0.6717253779144738,1.2679549408556986e-05
FL-1998-000329-BEN,FL-1998-000329-BEN,0.32394083188739414,1.2724974811502244e-05,0.9960705364253544,1.2674972486492164e-05
FL-2021-000129-VEN,FL-2021-000129-VEN,0.31694236110438456,1.0228286617855493e-05,1.2359545412754298,1.2641697294805204e-05
FL-2013-000020-BOL,FL-2013-000020-BOL,0.31510349983463504,9.650110111069172e-06,1.2902239259175985,1.2450802953040779e-05
FL-1997-000255-KEN,FL-1997-000255-KEN,0.32563163409383,1.3404971227853444e-05,0.9285064149811921,1.244660177770023e-05
FL-1999-000233-SVK,FL-1999-000233-SVK,0.3157487739944852,9.84955771368605e-06,1.2632598706634384,1.244255100348311e-05
FL-2003-000578-COL,FL-2003-000578-COL,0.333366237976552,1.6951812527084383e-05,0.7317903843038479,1.2405173403841864e-05
FL-2014-000045-SLB,FL-2014-000045-SLB,0.31725590877145726,1.032992561304145e-05,1.1890977676758543,1.2283291486725218e-05
FL-2015-000065-GHA,FL-2015-000065-GHA,0.32068111246034925,1.1500952643442347e-05,1.0654801946479941,1.2254037261172314e-05
FF-2022-000309-SLE,FF-2022-000309-SLE,0.31697320974895626,1.023824637877188e-05,1.196452650536421,1.2249577016726532e-05
FL-2023-000249-AGO,FL-2023-000249-AGO,0.32043480473921604,1.141292119070104e-05,1.0611307451784342,1.2110601567751336e-05
FL-2021-000213-STP,FL-2021-000213-STP,0.3160705750968006,9.95040290969213e-06,1.21326547331372,1.2072480295889839e-05
Cameroon: Floods - Sep 1994,name=Cameroon: Floods - Sep 1994,0.32472840261218905,1.3037753381371411e-05,0.9258215052048269,1.20706324600306e-05
FL-2024-000177-NPL,FL-2024-000177-NPL,0.3167344524515805,1.0161388559613744e-05,1.1822831865149188,1.2013638845676379e-05
Indonesia: Floods - Feb 1993,Indonesia: Floods - Feb 1993,0.31444918547436607,9.451587103081203e-06,1.260456071218516,1.1913310346729328e-05
FL-2008-000239-NIC,FL-2008-000239-NIC,0.32371429884102415,1.2636268088640342e-05,0.9387623897424877,1.1862453228318744e-05
FL-2003-000316-IND,FL-2003-000316-IND,0.33424159399723374,1.740223134664199e-05,0.6806493039297219,1.1844816652915858e-05
Peru: Floods-Drought-Frost - Feb 2004,Peru: Floods-Drought-Frost - Feb 2004,0.31894862251697753,1.0894500132279191e-05,1.08397834468022,1.1809402219506436e-05
Iran: Floods - Dec 1990,Iran: Floods - Dec 1990,0.32509643848397196,1.3186274648118976e-05,0.8898231756341812,1.1733452782173723e-05
FL-2011-000032-THA,FL-2011-000032-THA,0.31016077836122635,8.23889140969748e-06,1.4229083066092745,1.172318702411034e-05
FL-2011-000156-HTI,FL-2011-000156-HTI,0.32254872560912856,1.2188585365346287e-05,0.9608791245942916,1.1711757235896734e-05
FL-2019-000015-PER,FL-2019-000015-PER,0.3144293678635002,9.445632094403566e-06,1.2387880992853906,1.1701136628775277e-05
FL-2006-000120-BFA,FL-2006-000120-BFA,0.3171527833907113,1.029639682432471e-05,1.130238094179754,1.1637379923643232e-05
FL-2023-000229-ETH,FL-2023-000229-ETH,0.3240282824664952,1.2759368723359943e-05,0.9110164433296456,1.1623994713486896e-05
FL-2013-000103-YEM,FL-2013-000103-YEM,0.3144943567906651,9.465173295870514e-06,1.2259024872779882,1.1603379485924857e-05
FL-2012-000009-FJI,FL-2012-000009-FJI,0.31795138972329473,1.0558622809903522e-05,1.0988887127745661,1.1602751428247054e-05
ST-2012-000061-VNM,ST-2012-000061-VNM,0.30955735499985604,8.07999834688875e-06,1.4292565034998714,1.1548390185558958e-05
FL-2018-000015-BOL,FL-2018-000015-BOL,0.3213569050157451,1.1745631206574527e-05,0.980600451614799,1.1517771265667858e-05
FL-2015-000079-CRI,FL-2015-000079-CRI,0.3179181050645492,1.0547574748542102e-05,1.090367135378019,1.1500728863753382e-05
FL-2017-000091-MMR,FL-2017-000091-MMR,0.3158431081367935,9.879024170326315e-06,1.1626994974476923,1.1486336438112012e-05
FL-2007-000151-TCD,FL-2007-000151-TCD,0.32530905892825723,1.3272770135010386e-05,0.8635836730404353,1.1462147584613663e-05
FL-2004-000021-COL,FL-2004-000021-COL,0.32883710682572764,1.4784552554651529e-05,0.7729927578880663,1.1428352053361142e-05
FL-2008-000168-NPL,FL-2008-000168-NPL,0.3265410586192332,1.3784085669575015e-05,0.8284146526395197,1.1418938541914367e-05
FL-2015-000081-PHL,FL-2015-000081-PHL,0.31413825950847174,9.358544976477085e-06,1.208181772549164,1.1306823458161159e-05
FF-2004-000060-VNM,FF-2004-000060-VNM,0.30778466851409114,7.6290388753443085e-06,1.463389408328373,1.1164254685904263e-05
Venezuela: Floods - Jul 1996,Venezuela: Floods - Jul 1996,0.3239375184166202,1.2723673280874192e-05,0.8773624081052269,1.1163272629651915e-05
FL-2019-000084-IND,FL-2019-000084-IND,0.3156525762861322,9.819590632590227e-06,1.1318124044523812,1.1113934484610023e-05
FL-2007-000145-ETH,FL-2007-000145-ETH,0.3172723714670591,1.0335287156575628e-05,1.074582595415157,1.1106119697073977e-05
FF-2020-000006-IRN,FF-2020-000006-IRN,0.31279710276503725,8.966588064177501e-06,1.2339055159670984,1.1063922471793367e-05
FL-2015-000164-COD,FL-2015-000164-COD,0.31695024527185445,1.023083126199876e-05,1.0795665740230147,1.1044863454923556e-05
FL-2011-000198-PER,FL-2011-000198-PER,0.3136131685350112,9.203285677076177e-06,1.1989072405233858,1.10338858348518e-05
FL-2011-000096-PRK,FL-2011-000096-PRK,0.322845771435587,1.2301300418586307e-05,0.8967115844943416,1.1030718589691434e-05
FL-2024-000008-ZAF,FL-2024-000008-ZAF,0.31506860604440134,9.639429138967843e-06,1.1347418062917907,1.093826323277409e-05
Nepal: Floods - Aug 1987,Nepal: Floods - Aug 1987,0.315048597233343,9.633309252600412e-06,1.1288267712275268,1.0874337379849182e-05
Papua New Guinea: Floods - Jun 1993,Papua New Guinea: Floods - Jun 1993,0.3219432001034101,1.196169063585067e-05,0.9057511495213365,1.083431504364035e-05
FL-2017-000043-HTI,FL-2017-000043-HTI,0.31768490678938144,1.0470461394575864e-05,1.0311272816379908,1.0796378395284537e-05
FF-2021-000098-MNG,FF-2021-000098-MNG,0.3147160253332848,9.532099727746656e-06,1.1320748662636826,1.079105052450088e-05
FL-2013-000119-MRT,FL-2013-000119-MRT,0.3142180930122866,9.382355525200145e-06,1.148465884201649,1.0775315234143213e-05
FL-2020-000029-TZA,FL-2020-000029-TZA,0.3163503377551199,1.0038828264140643e-05,1.0495762709803076,1.053651593448845e-05
1996-07-01-CO-Flood,1996-07-01-CO-Flood,0.3261201529324262,1.3607438279448651e-05,0.7739776904641869,1.0531853652661635e-05
Iran: Floods - Dec 1986,Iran: Floods - Dec 1986,0.3239788885655238,1.2739932060425249e-05,0.8224805158651762,1.0478345893145857e-05
FL-2008-000232-CRI,FL-2008-000232-CRI,0.33344259065627524,1.6990678224309e-05,0.615992904616921,1.0466137230803572e-05
FF-2021-000189-BIH,FF-2021-000189-BIH,0.3132144464616218,9.086943947219403e-06,1.1516117071745788,1.0464631032057042e-05
FL-2007-000077-CHN,FL-2007-000077-CHN,0.3351022038844389,1.785553391311755e-05,0.5852259909488726,1.0449522528225418e-05
FL-2009-000139-PAK,FL-2009-000139-PAK,0.3179355420692236,1.0553361254796357e-05,0.9836480205002447,1.0380792907904415e-05
FL-2020-000050-AFG,FL-2020-000050-AFG,0.3086144388680517,7.837226738460736e-06,1.297519598929159,1.0168955294404455e-05
FL-2016-000061-RUS,FL-2016-000061-RUS,0.32282228444441047,1.229235416644089e-05,0.8265337350740463,1.0160045402041404e-05
FL-2003-000455-NGA,FL-2003-000455-NGA,0.31664902464086797,1.0134015081736703e-05,1.0019534687985443,1.0153811564002854e-05
FL-2002-000470-VNM,FL-2002-000470-VNM,0.30968686855874616,8.11386740983746e-06,1.2513371910904603,1.0153184053506437e-05
FL-2024-000022-PER,FL-2024-000022-PER,0.314726485825644,9.53526846919612e-06,1.0537115612771992,1.0047422625873893e-05
FL-2007-000141-NGA,FL-2007-000141-NGA,0.31625460385596593,1.0008490111859056e-05,0.9935717537773818,9.944153073103387e-06
FL-2021-000068-SUR,FL-2021-000068-SUR,0.3134681917241489,9.160829206785933e-06,1.0828851876395205,9.920126254523985e-06
FL-2008-000234-BRA,FL-2008-000234-BRA,0.3163302649736337,1.0032460334176297e-05,0.9860207753496221,9.89221431736884e-06
FL-2019-000163-UGA,FL-2019-000163-UGA,0.31636589068001103,1.0043764806643965e-05,0.9750374650400142,9.79304697652824e-06
FL-2012-000205-LKA,FL-2012-000205-LKA,0.3127446567408467,8.951565315123389e-06,1.0845827244475248,9.70871309754649e-06
FL-2016-000102-SEN,FL-2016-000102-SEN,0.3167992292045869,1.018218919729334e-05,0.9497600525846711,9.670636547448394e-06
FL-2023-000193-NGA,FL-2023-000193-NGA,0.3100328415149653,8.204970182989645e-06,1.175681161425123,9.64642887419577e-06
FF-2008-000082-PHL,FF-2008-000082-PHL,0.3142822142363403,9.401519312703177e-06,1.0221858264656736,9.610099788688488e-06
FL-2011-000148-KHM,FL-2011-000148-KHM,0.31128743223127187,8.543107483743637e-06,1.1234947898668675,9.59813674725862e-06
FL-2024-000020-PAK,FL-2024-000020-PAK,0.3107404129808739,8.394162762075808e-06,1.1424260343540067,9.589710076000341e-06
FL-2003-000212-AZE,FL-2003-000212-AZE,0.31535103473806747,9.726186736843807e-06,0.9848576335172745,9.578909252795095e-06
FL-2009-000242-IRQ,FL-2009-000242-IRQ,0.31550991692262087,9.775301085952577e-06,0.9788779086310397,9.56882628325599e-06
FL-2011-000045-GTM,FL-2011-000045-GTM,0.3065838374619847,7.336561444015798e-06,1.3016118343545413,9.549355199000205e-06
FL-2011-000082-NPL,FL-2011-000082-NPL,0.31394961283035294,9.302496560778747e-06,1.025863139158339,9.54308832385014e-06
FL-2009-000218-KEN,FL-2009-000218-KEN,0.31507071776477547,9.640075232944709e-06,0.985242574761118,9.49781254339733e-06
FL-2003-000585-MKD,FL-2003-000585-MKD,0.3132330090343978,9.09233073739008e-06,1.044377937487487,9.495829622469535e-06
FL-2014-000098-SDN,FL-2014-000098-SDN,0.31158544447486125,8.625248508501281e-06,1.100317560627309,9.490512398678465e-06
FL-2011-000133-MEX,FL-2011-000133-MEX,0.31998562122931395,1.125394101107711e-05,0.8391023593878815,9.443208454806843e-06
FL-2009-000144-NER,FL-2009-000144-NER,0.31141855775852056,8.5791624345802e-06,1.0987319238695548,9.426199646935717e-06
FL-2009-000034-MAR,FL-2009-000034-MAR,0.3120968580331924,8.76786723945713e-06,1.0737840903093678,9.414796347673783e-06
FL-2023-000189-MMR,FL-2023-000189-MMR,0.31649810442760484,1.0085818135411012e-05,0.9311581587735362,9.391491844694059e-06
FL-2017-000137-SSD,FL-2017-000137-SSD,0.31418932385122444,9.37376877225908e-06,1.0001222922331552,9.37491511137532e-06
FF-2020-000191-AFG,FF-2020-000191-AFG,0.307696260597672,7.607153565061441e-06,1.231578444091277,9.36880635162178e-06
FF-2007-000185-TUN,FF-2007-000185-TUN,0.31649772360107475,1.008569677840215e-05,0.9208073231488003,9.286983452610962e-06
FL-2005-000070-YEM,FL-2005-000070-YEM,0.31329409927941254,9.110079200614309e-06,1.0139259017870548,9.236945268834354e-06
Ghana: Floods - Jul 1995,Ghana: Floods - Jul 1995,0.3181845905699334,1.0636320928824022e-05,0.8551639114187951,9.095797808598743e-06
FL-2005-000194-COL,FL-2005-000194-COL,0.3177222528169643,1.048277664952553e-05,0.863710436619626,9.054083596947715e-06
FL-2009-000203-USA,FL-2009-000203-USA,0.31101378124048207,8.468301919630546e-06,1.0672358252351861,9.037675187537618e-06
FL-2018-000165-CRI,FL-2018-000165-CRI,0.323186500397585,1.2431745725253052e-05,0.7234581139813008,8.99384731588667e-06
FL-2003-000389-BFA,FL-2003-000389-BFA,0.3110085700474532,8.466883119842511e-06,1.0605355785233375,8.979430787791657e-06
FL-1999-000244-VNM,FL-1999-000244-VNM,0.30874349917717137,7.870063195981423e-06,1.132847715441496,8.915583111947754e-06
FL-2010-000008-BOL,FL-2010-000008-BOL,0.31543701614665925,9.752738038200408e-06,0.9114041656623548,8.888686074629554e-06
Benin: Floods - Sep 1988,Benin: Floods - Sep 1988,0.3141619100209344,9.365593127382462e-06,0.9477795775541555,8.876517897814653e-06
FL-2013-000098-NER,FL-2013-000098-NER,0.3108320187186019,8.418941462570033e-06,1.0461622636739756,8.807578858220957e-06
SL-2002-000428-NPL,SL-2002-000428-NPL,0.31690554604202525,1.0216411958954759e-05,0.8588047616407877,8.773903237234234e-06
FL-2008-000038-ARG,FL-2008-000038-ARG,0.31217621497554904,8.790186842895741e-06,0.9962518718082016,8.757240095778709e-06
FL-2013-000131-KHM,FL-2013-000131-KHM,0.3067678143623328,7.380706254673594e-06,1.1821925826726243,8.725416189160568e-06
FL-2023-000216-KEN,FL-2023-000216-KEN,0.30649632414830064,7.3156463585882675e-06,1.19256578459642,8.72438953945976e-06
FL-2003-000204-KEN,FL-2003-000204-KEN,0.3081184585162075,7.71218013031422e-06,1.1287613663778198,8.705210981645351e-06
FL-1997-000025-MWI,FL-1997-000025-MWI,0.31159747689806205,8.62857987968182e-06,0.9993439480764741,8.622919083254459e-06
FL-2012-000132-NPL,FL-2012-000132-NPL,0.30445545070212854,6.842858142726175e-06,1.2592133213281245,8.616618129279428e-06
Nepal: Floods - Jul 1996,Nepal: Floods - Jul 1996,0.32171536313450944,1.1877307657583615e-05,0.7248329870558342,8.609064387627464e-06
FL-2022-000312-BGR,FL-2022-000312-BGR,0.30340342196220743,6.610050037493479e-06,1.2948679116591442,8.559141688011628e-06
FL-2010-000031-PRT,FL-2010-000031-PRT,0.304060423255536,6.754589446143893e-06,1.2669155831916283,8.557494627381408e-06
FL-2012-000030-KAZ,FL-2012-000030-KAZ,0.3013109167027146,6.1680611049380126e-06,1.386634100283017,8.552843860736392e-06
FL-1999-000349-SLV,FL-1999-000349-SLV,0.3133131220100833,9.115612210715094e-06,0.9369157213719175,8.540560390148793e-06
FL-2007-000022-ARG,FL-2007-000022-ARG,0.3154856216866281,9.767776410617745e-06,0.8666786317016433,8.465523094321776e-06
SS-2007-000063-MDV,SS-2007-000063-MDV,0.3050516959678322,6.978055807412615e-06,1.2101910384211765,8.444780603733593e-06
FL-1999-000259-KHM,FL-1999-000259-KHM,0.3032331950005877,6.5730573071828186e-06,1.280488038773529,8.41672126002054e-06
China: Floods - Jul 2018,China: Floods - Jul 2018,0.30764583383595345,7.594695781468762e-06,1.1041913871780773,8.385997670135484e-06
FL-2005-000103-SLV,FL-2005-000103-SLV,0.3122023141444266,8.797538552914623e-06,0.9499800804848453,8.357486382566363e-06
FF-2018-000158-TUN,FF-2018-000158-TUN,0.30832581384128266,7.764238458521382e-06,1.0728594544762617,8.329936637032861e-06
FL-2008-000231-PAN,FL-2008-000231-PAN,0.3112711037259075,8.538627275454664e-06,0.9748120178597551,8.323556484138304e-06
FF-2006-000163-AFG,FF-2006-000163-AFG,0.309758237162429,8.132585551995083e-06,1.0230726450626195,8.320225811877653e-06
FL-2014-000159-MAR,FL-2014-000159-MAR,0.30313788650984574,6.552426886191475e-06,1.2669680436793196,8.301715473349788e-06
FL-2010-000174-KEN,FL-2010-000174-KEN,0.3113034287830234,8.547498662234087e-06,0.9668381107047667,8.264047457845926e-06
FL-2012-000175-GMB,FL-2012-000175-GMB,0.3031321777605789,6.551193025495495e-06,1.2465158816556456,8.166166150071834e-06
Peru: Floods - Feb 1987,Peru: Floods - Feb 1987,0.31336210021864763,9.129872084463656e-06,0.8908312469140471,8.13317533316851e-06
FF-2013-000029-SRB,FF-2013-000029-SRB,0.3051625563528291,7.003456626175859e-06,1.161108725475724,8.131774597143565e-06
FL-2008-000096-BGD,FL-2008-000096-BGD,0.3183798424250731,1.0701770532854904e-05,0.7559853858657142,8.090382125726644e-06
FL-2008-000126-TCD,FL-2008-000126-TCD,0.3071215995677071,7.466268611091204e-06,1.083157735234383,8.087146599441112e-06
FF-2020-000240-ZMB,FF-2020-000240-ZMB,0.30336771055264833,6.602273948061111e-06,1.2241109429031103,8.081915787865728e-06
FL-1998-000392-IND,FL-1998-000392-IND,0.3034763166027442,6.625948292448066e-06,1.2193931606788748,8.079636030823041e-06
FL-2011-000135-THA,FL-2011-000135-THA,0.304543635069457,6.862704075586495e-06,1.1754815142398911,8.066981778550685e-06
FF-2020-000140-IDN,FF-2020-000140-IDN,0.3076079527667496,7.585349455046927e-06,1.0585469561406466,8.029448576903037e-06
FL-2023-000042-SYR,FL-2023-000042-SYR,0.3110961835957316,8.490765251640015e-06,0.9456166805369497,8.02900925247431e-06
FL-2023-000232-COL,FL-2023-000232-COL,0.30625376129312376,7.25795568947799e-06,1.105133853767506,8.021012541586606e-06
FL-2007-000158-TGO,FL-2007-000158-TGO,0.3078619768742217,7.648222922738473e-06,1.0465800406584131,8.004477457444237e-06
FL-2005-000001-CRI,FL-2005-000001-CRI,0.3207075500051628,1.1510437760135382e-05,0.6942423209153187,7.99103302534771e-06
FL-2022-000276-GMB,FL-2022-000276-GMB,0.3014221865448586,6.190876767660801e-06,1.2833775557524247,7.945232294044991e-06
FL-2002-000782-MKD,FL-2002-000782-MKD,0.3080626366556873,7.698219349237585e-06,1.0286208969532604,7.918549291955709e-06
FL-2005-000168-NPL,FL-2005-000168-NPL,0.3121134814493046,8.7725384446134e-06,0.9001866293184169,7.896921813022763e-06
Iran: Flash Floods - Jul 1996,Iran: Flash Floods - Jul 1996,0.3079020436042943,7.658182542171612e-06,1.0233099144994446,7.836694122450772e-06
FL-2008-000125-SDN,FL-2008-000125-SDN,0.3024654421888782,6.408518177256901e-06,1.22270091265696,7.83570102411073e-06
FL-2000-000806-FJI,FL-2000-000806-FJI,0.30617773186307123,7.2399574721043155e-06,1.0809688363767913,7.826168404038057e-06
FL-2009-000132-GHA,FL-2009-000132-GHA,0.3083060617030605,7.759265922945246e-06,1.00457015880135,7.79472700039501e-06
FL-2002-000540-DZA,FL-2002-000540-DZA,0.307536327746427,7.567705831564388e-06,1.0289137907994723,7.786516894810187e-06
FL-2022-000290-SEN,FL-2022-000290-SEN,0.3096641912501347,8.107927860118966e-06,0.9602028308095506,7.785255283285853e-06
FL-2014-000150-SOM,FL-2014-000150-SOM,0.30313062354162856,6.5508571405523995e-06,1.18193675754845,7.742698847867614e-06
FL-2020-000198-SEN,FL-2020-000198-SEN,0.3027193454203707,6.462517860113563e-06,1.1855921930050197,7.661910722106146e-06
FL-2010-000075-TJK,FL-2010-000075-TJK,0.3054520556744167,7.070180844655392e-06,1.0707477241626986,7.570380048833467e-06
FL-2019-000064-SDN,FL-2019-000064-SDN,0.30177563323007484,6.263855045331845e-06,1.207726031282668,7.565020794428546e-06
FL-2020-000212-KHM,FL-2020-000212-KHM,0.3006028962481122,6.0246470079810605e-06,1.253731041392615,7.553286967338997e-06
FL-2005-000038-MDG,FL-2005-000038-MDG,0.30497933889063183,6.961521785925999e-06,1.0792517862358992,7.513234822380762e-06
FL-2012-000083-HND,FL-2012-000083-HND,0.2986423692993691,5.643054236307495e-06,1.3246832560031157,7.475259459553987e-06
Iran: Floods - Oct 1994,Iran: Floods - Oct 1994,0.31381576522386107,9.26291279326573e-06,0.7986196192783261,7.397543888366214e-06
FL-2009-000113-CHN,FL-2009-000113-CHN,0.32090884853642243,1.15828897395174e-05,0.6385622410411255,7.396396029798489e-06
FL-2013-000123-CMR,FL-2013-000123-CMR,0.3094764520646057,8.058906057789089e-06,0.9165585894511755,7.3864595688467e-06
FL-2002-000322-CHL,FL-2002-000322-CHL,0.30449141906990035,6.850946594654111e-06,1.0722116253519196,7.3456645834532835e-06
1986-07-01T00:00:00+00:00,1986-07-01T00:00:00+00:00,0.3212365979748918,1.1701732852332254e-05,0.6247700658964721,7.310892405254535e-06
FL-2000-000038-PHL,FL-2000-000038-PHL,0.3012477224370276,6.155136965779677e-06,1.1869100960213697,7.305594207078238e-06
FL-1998-000048-PAK,FL-1998-000048-PAK,0.29895581291398143,5.7025620931489404e-06,1.274857049816715,7.26995148646849e-06
FL-2004-000094-CHN,FL-2004-000094-CHN,0.31806966461218267,1.059796569457664e-05,0.6825809586803848,7.233969583865954e-06
FL-2019-000093-NGA,FL-2019-000093-NGA,0.29379117873068855,4.790573599414799e-06,1.4999999960810835,7.1858603803483406e-06
FL-2009-000101-PAN,FL-2009-000101-PAN,0.30718507030566033,7.481712999635913e-06,0.9534059909197259,7.133109996194872e-06
ST-1998-000296-PHL,ST-1998-000296-PHL,0.3021229021922788,6.336310905859518e-06,1.108207062894622,7.021944498569738e-06
FL-2006-000068-CHN,FL-2006-000068-CHN,0.31776219915983306,1.0495963814808054e-05,0.6678237967185123,7.009454405025236e-06
Moldova: Floods - Aug 1994,Moldova: Floods - Aug 1994,0.30745831115708466,7.548529786023706e-06,0.9253720476383611,6.985198464751917e-06
FL-2006-000158-PRK,FL-2006-000158-PRK,0.30462103239421934,6.88016504788015e-06,0.9986709167128025,6.871020735501852e-06
FL-2017-000139-ETH,FL-2017-000139-ETH,0.29790689210285104,5.505610806696483e-06,1.2467115336640937,6.86390849257418e-06
FL-2006-000190-BDI,FL-2006-000190-BDI,0.31413132875818606,9.356480430148804e-06,0.7328323699678426,6.856731728183687e-06
FL-2024-000036-BRA,FL-2024-000036-BRA,0.30549521434624494,7.080176969993374e-06,0.952179776292138,6.741601323397039e-06
FL-2019-000156-DJI,FL-2019-000156-DJI,0.30200321991645107,6.311255086126479e-06,1.0579254007457344,6.676837066198909e-06
FL-2013-000054-CHN,FL-2013-000054-CHN,0.30069381532449246,6.0428937205992795e-06,1.0900862918708407,6.587275608057657e-06
FL-1997-000265-SOM,FL-1997-000265-SOM,0.3027525032785878,6.46959996124925e-06,1.0106246281950175,6.5383370554080225e-06
FL-2009-000045-BOL,FL-2009-000045-BOL,0.3063024810233247,7.269510123475499e-06,0.8880873516614503,6.455959993433458e-06
FF-2018-000030-KEN,FF-2018-000030-KEN,0.29974128118198357,5.85417354475658e-06,1.1016965741279998,6.449522938609094e-06
FL-1999-000240-SRB,FL-1999-000240-SRB,0.30493270276243983,6.950883848598378e-06,0.9277347612612893,6.448576567834368e-06
FL-2006-000023-DZA,FL-2006-000023-DZA,0.3035433731853251,6.640603653597729e-06,0.9697453972774113,6.439694828219959e-06
Bangladesh: Floods - May 1984,Bangladesh: Floods - May 1984,0.29739240587929383,5.411264258530142e-06,1.1865219890231302,6.420584031160958e-06
FL-2012-000089-CUB,FL-2012-000089-CUB,0.29590264308947267,5.146221137048786e-06,1.2438427371737373,6.401089785208104e-06
FL-2006-000123-SDN,FL-2006-000123-SDN,0.3013527347419782,6.176626920468503e-06,1.0356622281917345,6.396899199161461e-06
FL-2007-000181-HTI,FL-2007-000181-HTI,0.3025934865597747,6.435699452623142e-06,0.9891914221912965,6.366138694336035e-06
FL-1998-000255-TUR,FL-1998-000255-TUR,0.29915682474148275,5.741021187134291e-06,1.1010714693094692,6.321274633854747e-06
FL-2022-000365-PAN,FL-2022-000365-PAN,0.29544152103198407,5.066584677954715e-06,1.231111202769136,6.237529156808504e-06
China: Floods - Aug 1985,China: Floods - Aug 1985,0.3224612259237433,1.2155561008899198e-05,0.5116338983381565,6.219197065470392e-06
Brazil: Floods - Jul 1988,Brazil: Floods - Jul 1988,0.3027234507631521,6.463394331029738e-06,0.9542800112349412,6.167888014830914e-06
FL-2022-000158-HTI,FL-2022-000158-HTI,0.29556527319297293,5.0878472266408675e-06,1.2084069567596751,6.148189983603244e-06
FF-2025-000055-SOM,FF-2025-000055-SOM,0.293071219916638,4.674462939178324e-06,1.306794101216083,6.108560595271428e-06
FL-1997-000301-UGA,FL-1997-000301-UGA,0.302202081470318,6.35293647827051e-06,0.9567646009320045,6.078264734378859e-06
FL-1998-000224-SVK,FL-1998-000224-SVK,0.2947082039923773,4.942222091934871e-06,1.2251616258519693,6.055020853476447e-06
FL-2010-000019-MEX,FL-2010-000019-MEX,0.30155357959455564,6.217916438559108e-06,0.971123387516118,6.0383640751056766e-06
FL-2023-000135-CMR,FL-2023-000135-CMR,0.3000808137563319,5.920825867563581e-06,1.007577538281096,5.965691152230748e-06
FL-2010-000245-MAR,FL-2010-000245-MAR,0.2961233271477112,5.184730696369872e-06,1.150616667361314,5.965637555023007e-06
FL-2014-000008-BOL,FL-2014-000008-BOL,0.3006257559876875,6.029230097581588e-06,0.9806451897228388,5.912535492925546e-06
FL-2016-000089-SEN,FL-2016-000089-SEN,0.295207442480172,5.02658490786076e-06,1.1668188769061376,5.865114156863433e-06
FL-2023-000231-BDI,FL-2023-000231-BDI,0.3001188131941161,5.928327723527901e-06,0.9891166714763052,5.8638077853166195e-06
FL-1999-000363-NIC,FL-1999-000363-NIC,0.2988164111377195,5.6760270247080324e-06,1.029066129374002,5.841007160538528e-06
FL-2023-000079-BIH,FL-2023-000079-BIH,0.2946253657958262,4.928347781763773e-06,1.1840473487984016,5.835397124953879e-06
China: Floods - May 1988,China: Floods - May 1988,0.3027616715431111,6.471559419449839e-06,0.8982643528768322,5.813171134016078e-06
FL-2013-000087-MMR,FL-2013-000087-MMR,0.302676538639597,6.453385189184308e-06,0.8995776132921189,5.805320846141129e-06
India: Floods - Jul 1993,India: Floods - Jul 1993,0.30101988723600903,6.108743461924783e-06,0.9482412412603194,5.792562482876417e-06
FL-2000-000191-HUN,FL-2000-000191-HUN,0.29891663212264485,5.695092789652732e-06,1.016070329308817,5.78661480622672e-06
FL-2012-000068-DOM,FL-2012-000068-DOM,0.29142724979179685,4.418771850442836e-06,1.3071503900505754,5.775999347850855e-06
Brazil: Floods - Apr 1985,Brazil: Floods - Apr 1985,0.3011472943083237,6.1346481013283654e-06,0.9399629984750824,5.766342223914081e-06
Brazil: Floods - Feb 1988,Brazil: Floods - Feb 1988,0.303326437997931,6.593297186873945e-06,0.8724712930664509,5.752462522203304e-06
FL-2012-000050-AFG,FL-2012-000050-AFG,0.29692539799051676,5.32688685860334e-06,1.0763489315759105,5.733588978883463e-06
FL-2007-000217-SRB,FL-2007-000217-SRB,0.29671728558562305,5.289668713542492e-06,1.0803231417321983,5.714551523336741e-06
FL-2001-000390-POL,FL-2001-000390-POL,0.29300915680541095,4.664573349687147e-06,1.209049552596024,5.639700321490582e-06
FL-2011-000129-MLI,FL-2011-000129-MLI,0.3015494821216081,6.217071607380524e-06,0.9069557018258996,5.638608542973677e-06
FL-2001-000620-DZA,FL-2001-000620-DZA,0.29005021709902223,4.214363080233738e-06,1.33508580894901,5.626536342178701e-06
FL-2007-000176-CRI,FL-2007-000176-CRI,0.3122174042394692,8.801791710741434e-06,0.6360302711368748,5.598205968273172e-06
FF-2013-000090-PAK,FF-2013-000090-PAK,0.29069958914506644,4.309671617960488e-06,1.2950234787084862,5.581125930782422e-06
FL-2012-000106-BGD,FL-2012-000106-BGD,0.29060397650411135,4.295517840070874e-06,1.2962702877560353,5.5681521466098546e-06
FL-2016-000068-NPL,FL-2016-000068-NPL,0.29476363920593174,4.9515263853621644e-06,1.1157984838635762,5.524905633597597e-06
FL-2002-000732-IDN,FL-2002-000732-IDN,0.30050481160780385,6.005017841732411e-06,0.9190515020515428,5.518920667290486e-06
FL-2012-000042-COL,FL-2012-000042-COL,0.2954372537278469,5.065852917149594e-06,1.0883756360583356,5.513550890880665e-06
FL-2005-000169-FJI,FL-2005-000169-FJI,0.29392033521541194,4.811675632474493e-06,1.141883746425886,5.494374197796118e-06
FL-2000-000735-VEN,FL-2000-000735-VEN,0.29597975783968367,5.159648366952501e-06,1.0592626832599326,5.465422973855836e-06
FL-2015-000024-ARG,FL-2015-000024-ARG,0.2943811672444472,4.887651472520328e-06,1.1150032385892976,5.449747220955915e-06
Viet Nam: Floods - Oct 1996,Viet Nam: Floods - Oct 1996,0.29134845924278324,4.406839740843373e-06,1.2349455247629835,5.44220701630219e-06
FL-2017-000095-GHA,FL-2017-000095-GHA,0.2983546196911026,5.588917102712414e-06,0.9719324461526762,5.432049870983805e-06
FL-2005-000139-SLE,FL-2005-000139-SLE,0.29623551242272067,5.204406385212889e-06,1.0426506939426599,5.426377929101829e-06
FL-1991-000010-PHL,FL-1991-000010-PHL,0.2885711973264624,4.0043295693759504e-06,1.3530568313329396,5.418085478752618e-06
FL-2009-000095-TJK,FL-2009-000095-TJK,0.2904903339115823,4.278749464984399e-06,1.2601155392859784,5.391718689538407e-06
FL-2013-000041-GHA,FL-2013-000041-GHA,0.2979712881078415,5.517523401509967e-06,0.9596316941627985,5.294790329373896e-06
FF-2009-000160-LKA,FF-2009-000160-LKA,0.28948145194047536,4.1324482371776075e-06,1.2785216004261617,5.283424333874585e-06
FL-2004-000044-BGD,FL-2004-000044-BGD,0.30198033046627265,6.306473286173959e-06,0.8296031651469546,5.231870199124632e-06
FF-2013-000088-AFG,FF-2013-000088-AFG,0.2921799564647198,4.534236830994284e-06,1.1438540269668271,5.186505058354117e-06
Cambodia: Floods - Sep 1996,Cambodia: Floods - Sep 1996,0.2897770594971792,4.174841685423588e-06,1.2387081711791748,5.171410509113636e-06
FL-2000-000438-KHM,FL-2000-000438-KHM,0.2959688100449054,5.157740217195577e-06,1.0010572321421671,5.163193145934144e-06
FL-2013-000055-UGA,FL-2013-000055-UGA,0.2958231054153285,5.1324049810094795e-06,1.0009376405503114,5.1372173320402945e-06
FL-2022-000190-TUN,FL-2022-000190-TUN,0.29341917112847926,4.730258331636853e-06,1.0842181471624253,5.128631923926934e-06
FL-2001-000450-THA,FL-2001-000450-THA,0.28941800222835684,4.123399499081117e-06,1.2397633775051489,5.112039689783845e-06
FL-2012-000169-SEN,FL-2012-000169-SEN,0.2964819147475847,5.247857908927013e-06,0.9642227294319949,5.060103876616886e-06
Cambodia: Floods - Aug 1994,Cambodia: Floods - Aug 1994,0.29879738295747527,5.672413651496317e-06,0.8858442088700285,5.024874783493304e-06
FL-2012-000140-MMR,FL-2012-000140-MMR,0.2950064951754217,4.992473630920117e-06,1.0027197916590813,5.006052119059677e-06
FF-2019-000054-YEM,FF-2019-000054-YEM,0.289608397770055,4.15060599843718e-06,1.2008192634195207,4.984127637787978e-06
Iran: Floods - May 1992,Iran: Floods - May 1992,0.30293060757656565,6.507760461865706e-06,0.7638289675273252,4.970815954502031e-06
FL-2023-000215-GHA,FL-2023-000215-GHA,0.288624246467364,4.0116969733908515e-06,1.232207094616741,4.943241472064714e-06
FL-2010-000208-RUS,FL-2010-000208-RUS,0.28654614941275963,3.7320355166171894e-06,1.3220723863339372,4.934021101337095e-06
Venezuela: Floods - Aug 1988,Venezuela: Floods - Aug 1988,0.2992531922103795,5.7595415852792795e-06,0.8558233169940771,4.929149983879038e-06
FL-2012-000037-PSE,FL-2012-000037-PSE,0.2874390065176821,3.8499672162970715e-06,1.2782164281084545,4.921091343549892e-06
FL-2013-000023-ZMB,FL-2013-000023-ZMB,0.29177897481413106,4.472392806823416e-06,1.0988875788119679,4.914656902986245e-06
FL-2005-000094-AFG,FL-2005-000094-AFG,0.29166598457027965,4.455103793469376e-06,1.1022905778568743,4.910818934915712e-06
FF-2024-000087-ARM,FF-2024-000087-ARM,0.2909054864255048,4.34029371958694e-06,1.124649599359199,4.8813095928346995e-06
FL-1998-000053-ZMB,FL-1998-000053-ZMB,0.2960695524813593,5.17532314848362e-06,0.9365163542555616,4.846774767112294e-06
FL-2005-000176-BGD,FL-2005-000176-BGD,0.2987980480099399,5.672539907303078e-06,0.852603025726979,4.8364246885236414e-06
FL-2019-000014-MWI,FL-2019-000014-MWI,0.288928233581947,4.054150105351561e-06,1.1917966025751183,4.831722321887548e-06
FF-2012-000107-SLB,FF-2012-000107-SLB,0.2870414912110439,3.7970540195247193e-06,1.2688330044270801,4.81782745956547e-06
FL-2004-000023-CRI,FL-2004-000023-CRI,0.30822771043087355,7.739569470323065e-06,0.6208832606204117,4.805369128532377e-06
FL-2021-000108-SSD,FL-2021-000108-SSD,0.29205376579925213,4.514691766750232e-06,1.0642062462831952,4.80456317821891e-06
FL-2024-000162-CMR,FL-2024-000162-CMR,0.2890437144443315,4.070383192075488e-06,1.17910520477484,4.799410007204235e-06
1995-09-01T00:00:00+00:00,1995-09-01T00:00:00+00:00,0.2928706280114205,4.6425670509556776e-06,1.02827893467495,4.773853901313728e-06
FL-2020-000242-COL,FL-2020-000242-COL,0.29077585695623254,4.320991811089225e-06,1.1047518015144244,4.7736234876298966e-06
FL-2006-000145-GIN,FL-2006-000145-GIN,0.28987079628447543,4.188366095883484e-06,1.1375018543000035,4.764274200554729e-06
FL-2019-000160-COG,FL-2019-000160-COG,0.28741018889042,3.846109115033721e-06,1.2190888537934883,4.6887487526111465e-06
FF-2006-000039-YEM,FF-2006-000039-YEM,0.2947966075201285,4.95706728805323e-06,0.9450246075942967,4.6845505687110285e-06
FL-2001-000096-UKR,FL-2001-000096-UKR,0.29085968445631677,4.333464930840636e-06,1.0716577207512192,4.643991150740016e-06
FL-1999-000053-PHL,FL-1999-000053-PHL,0.2864997311379787,3.7259943109362847e-06,1.2432398621173615,4.6323046533784996e-06
FL-2025-000047-TZA,FL-2025-000047-TZA,0.2904122344562329,4.267259788293056e-06,1.084317683177047,4.627065247156502e-06
FL-2013-000052-SOM,FL-2013-000052-SOM,0.2896235057017584,4.152771743456813e-06,1.11224014258995,4.618879436085921e-06
1987-07-01-CO-Flood,1987-07-01-CO-Flood,0.30652943884140904,7.323554225064144e-06,0.6275028689316593,4.5955512870043255e-06
FL-2017-000002-MYS,FL-2017-000002-MYS,0.28676610166492517,3.760781701862803e-06,1.2154113472907762,4.570896755127567e-06
FL-2021-000161-IND,FL-2021-000161-IND,0.2918305479482104,4.480304235749001e-06,1.010338230289432,4.526622652704892e-06
FL-2013-000076-PRY,FL-2013-000076-PRY,0.28464420965587406,3.4915923756899724e-06,1.291359570120468,4.5089012293069066e-06
China: Floods - May 1987,China: Floods - May 1987,0.288903793586489,4.050722067131524e-06,1.1104745493488628,4.498223762035373e-06
FL-2024-000212-HTI,FL-2024-000212-HTI,0.29510048519428733,5.008402636904221e-06,0.8913366497024602,4.464172826739176e-06
FL-2006-000156-TUR,FL-2006-000156-TUR,0.2888815040258258,4.047597931111592e-06,1.1004723456560104,4.454269589522788e-06
FL-2008-000104-NPL,FL-2008-000104-NPL,0.29848256737427215,5.612931161991949e-06,0.7922332882970882,4.4467509114500776e-06
FL-2011-000063-HTI,FL-2011-000063-HTI,0.2872281713042822,3.821820908932968e-06,1.148278435508363,4.3885145341026985e-06
FL-2009-000248-URY,FL-2009-000248-URY,0.292553338649124,4.592515036187967e-06,0.9530636879457565,4.376959317335643e-06
FL-1999-000531-COD,FL-1999-000531-COD,0.29115290853750797,4.377350570222881e-06,0.9974869194859067,4.366349935801499e-06
Chad: Floods - Sep 1988,Chad: Floods - Sep 1988,0.2886542070124781,4.015863248042925e-06,1.0852717500654687,4.3583029352271425e-06
FL-2008-000191-SLV,FL-2008-000191-SLV,0.28815217397027276,3.946562680006426e-06,1.1001321274321947,4.341740397199974e-06
FL-2022-000376-COD,FL-2022-000376-COD,0.2868975086835288,3.7780505985316085e-06,1.149086862190552,4.3413083074638225e-06
FL-2017-000075-CHN,FL-2017-000075-CHN,0.28817078581627253,3.9491125191776484e-06,1.0948289270937435,4.323602622343735e-06
FF-2011-000071-GEO,FF-2011-000071-GEO,0.2833643498782278,3.33773695171826e-06,1.2913032050986575,4.310030423530012e-06
FL-2024-000055-SOM,FL-2024-000055-SOM,0.2880840367800179,3.937240462194473e-06,1.0908371669471635,4.294888231369959e-06
China: Floods - Jun 1990,China: Floods - Jun 1990,0.29106841965399743,4.364664628387241e-06,0.9825698640424038,4.288587930505141e-06
FL-1997-000295-COD,FL-1997-000295-COD,0.2897044128383393,4.1643872216982715e-06,1.0129914858035072,4.218488799169271e-06
FL-2024-000117-COL,FL-2024-000117-COL,0.2843787602114313,3.4591672867537513e-06,1.2150525963145538,4.203070192856516e-06
FL-2011-000093-BGD,FL-2011-000093-BGD,0.2919213393154312,4.494262435210328e-06,0.9269344239735141,4.165886561567488e-06
FL-2007-000131-SEN,FL-2007-000131-SEN,0.2875927786615077,3.870613160139193e-06,1.067501640440192,4.131885897957984e-06
Bangladesh: Floods - Aug 1986,Bangladesh: Floods - Aug 1986,0.2888704034876726,4.046042873200342e-06,1.0124849879606508,4.096557669760525e-06
FL-2001-000274-WSM,FL-2001-000274-WSM,0.28098106252690436,3.0674006444875825e-06,1.3345437786795291,4.093580446818482e-06
FF-2023-000136-VNM,FF-2023-000136-VNM,0.28387113238963024,3.3979133683883967e-06,1.2027362338812573,4.086793527750238e-06
FL-2023-000088-ITA,FL-2023-000088-ITA,0.2853303679767006,3.576679000159396e-06,1.135182250938361,4.060182518284909e-06
FL-2006-000010-BOL,FL-2006-000010-BOL,0.2938126867038646,4.7940818558345675e-06,0.8447911998200817,4.049998163026168e-06
FL-2022-000349-CMR,FL-2022-000349-CMR,0.28382026862796794,3.3918299260011035e-06,1.1868126206379996,4.025466563235762e-06
FL-2008-000074-BFA,FL-2008-000074-BFA,0.28543482957244914,3.589795085277388e-06,1.114930663460651,4.0023726161161026e-06
FL-2019-000103-LAO,FL-2019-000103-LAO,0.28414484174029775,3.4308186663806617e-06,1.1650939839327012,3.997226188164122e-06
FL-2008-000095-SUR,FL-2008-000095-SUR,0.28761553630254527,3.873677124353489e-06,1.0299679617320212,3.989763332178321e-06
FL-2015-000110-ARG,FL-2015-000110-ARG,0.2811017395613937,3.080600147698391e-06,1.2876324492768365,3.966680713423463e-06
FF-2020-000138-TJK,FF-2020-000138-TJK,0.2905540834050592,4.288148663791875e-06,0.9245550834716685,3.96462964579102e-06
FL-2001-000332-IND,FL-2001-000332-IND,0.3002724307011432,5.95874219275972e-06,0.6620849087194431,3.945193280776014e-06
FL-2006-000013-MWI,FL-2006-000013-MWI,0.28965898832974024,4.157862232124726e-06,0.9463273276685,3.934698654940377e-06
FL-2017-000052-RUS,FL-2017-000052-RUS,0.28029780266258786,2.9936217954661764e-06,1.3124180785283346,3.928883364646262e-06
FL-2017-000054-BFA,FL-2017-000054-BFA,0.28126169669869794,3.0981748415153348e-06,1.26465349431215,3.9181176393123594e-06
FL-2012-000173-SOM,FL-2012-000173-SOM,0.2806818009389659,3.0348871325422886e-06,1.2873846983559718,3.9070672556723745e-06
Djibouti: Floods - Apr 1989,Djibouti: Floods - Apr 1989,0.287402826691888,3.845124022778062e-06,1.0077916813703185,3.8750840039929065e-06
FL-2010-000162-HND,FL-2010-000162-HND,0.2817878578316553,3.156623281871578e-06,1.2241609596770127,3.864214986074712e-06
FL-2010-000240-VEN,FL-2010-000240-VEN,0.27951779554594136,2.9113513824730126e-06,1.3225182541317935,3.850315347512392e-06
FL-2017-000078-NER,FL-2017-000078-NER,0.2781932615369138,2.776297883435887e-06,1.3737310931814115,3.81388672640962e-06
Zambia: Floods - Apr 2004,Zambia: Floods - Apr 2004,0.29248112835167306,4.5811920147387604e-06,0.8301170229297365,3.8029254767444214e-06
FL-2020-000200-BFA,FL-2020-000200-BFA,0.2821056029446576,3.1923986489128587e-06,1.179752844001357,3.7662413852410344e-06
FL-1998-000213-KGZ,FL-1998-000213-KGZ,0.2829044388017611,3.2839581685389087e-06,1.1210585535855664,3.6815093944577347e-06
FL-2019-000145-TZA,FL-2019-000145-TZA,0.28249529721713823,3.2367728595493055e-06,1.1357699773076055,3.676229437240188e-06
FL-2005-000129-SDN,FL-2005-000129-SDN,0.28250771571049516,3.2381960264170027e-06,1.1253207612767273,3.644009217610855e-06
FF-2012-000079-GEO,FF-2012-000079-GEO,0.2831614296265953,3.3139119361508877e-06,1.0903447996921118,3.613306646219738e-06
FL-2014-000121-CMR,FL-2014-000121-CMR,0.285630579920069,3.614489906569947e-06,0.9936971551564651,3.591708337500314e-06
FL-2009-000172-BFA,FL-2009-000172-BFA,0.2808835373801063,3.056770679302762e-06,1.1667415435722015,3.5664613407159512e-06
FL-2010-000076-COL,FL-2010-000076-COL,0.28200804422233006,3.1813757517302347e-06,1.1209522992842493,3.5661704637891636e-06
Bangladesh: Floods - Jul 1996,Bangladesh: Floods - Jul 1996,0.2921847793795857,4.534985337597061e-06,0.7856917613361736,3.563100617530357e-06
Guinea: Floods - Aug 1993,Guinea: Floods - Aug 1993,0.2884723001298942,3.990627343072487e-06,0.8923188026319167,3.560911812520628e-06
FL-2005-000150-NGA,FL-2005-000150-NGA,0.28460810641404133,3.487166293066266e-06,1.0189791202777432,3.553349641570863e-06
FL-2007-000153-GHA,FL-2007-000153-GHA,0.2820478455624773,3.1858686543548952e-06,1.1152536052692246,3.55305150268351e-06
FL-2002-000110-BOL,FL-2002-000110-BOL,0.2879954910147415,3.925155649174058e-06,0.9049212581915606,3.5519567886483004e-06
FF-2016-000093-LAO,FF-2016-000093-LAO,0.2826589812897472,3.2555764193821126e-06,1.0828034294739801,3.525149311821572e-06
FL-1997-000092-ECU,FL-1997-000092-ECU,0.2829577119145117,3.2901473607691672e-06,1.0702429714274362,3.5212570878237306e-06
FL-1997-000022-BOL,FL-1997-000022-BOL,0.2883279855457941,3.97070823955296e-06,0.8860824734618276,3.5183749782983455e-06
FF-2012-000118-AFG,FF-2012-000118-AFG,0.27973792832271493,2.934361005188702e-06,1.1956061386296777,3.508340030759164e-06
FL-2019-000116-ETH,FL-2019-000116-ETH,0.27647999971308046,2.609980144729217e-06,1.3310225871226296,3.4739425245761776e-06
FL-1999-000253-PHL,FL-1999-000253-PHL,0.2771534841350206,2.67425874956881e-06,1.2987188406129038,3.4731102227389184e-06
FL-2014-000004-COL,FL-2014-000004-COL,0.2802557693309985,2.9891356019708977e-06,1.1530726697303297,3.4466905687505593e-06
FL-2024-000059-YEM,FL-2024-000059-YEM,0.2817409001732899,3.151366968346101e-06,1.0930394963322032,3.4445685638389645e-06
FL-2008-000246-GUY,FL-2008-000246-GUY,0.28436578038783644,3.4575887525387032e-06,0.9929554839580661,3.433231713105034e-06
FL-1997-000164-BGD,FL-1997-000164-BGD,0.2879168338784154,3.914448456383861e-06,0.876494679186875,3.4309932439717298e-06
FL-2021-000051-SOM,FL-2021-000051-SOM,0.2790351266139717,2.861467272243746e-06,1.1926575207202363,3.4127504625363237e-06
FL-2015-000106-BFA,FL-2015-000106-BFA,0.27737870275186893,2.696069771660113e-06,1.2559695979615333,3.386181667188195e-06
FL-2016-000042-KEN,FL-2016-000042-KEN,0.28158423375289454,3.1338870853927504e-06,1.0774902859535458,3.3767328917859587e-06
FF-2019-000018-AFG,FF-2019-000018-AFG,0.2789782514022204,2.855640143429125e-06,1.1776802420532055,3.3630309753304623e-06
FF-2021-000032-TLS,FF-2021-000032-TLS,0.2857127985254378,3.624907683151209e-06,0.915168404503065,3.317400980860394e-06
FL-2018-000029-RWA,FL-2018-000029-RWA,0.278582271783954,2.8153653192920322e-06,1.1779991519684878,3.316497958607505e-06
Bangladesh: Floods - Jun 1993,Bangladesh: Floods - Jun 1993,0.2832120781602036,3.3198442392920773e-06,0.9963714048033698,3.307797868431822e-06
FL-1998-000080-ARG,FL-1998-000080-ARG,0.28520418662666247,3.560893329483582e-06,0.9225861223252123,3.2852307688619726e-06
FL-2010-000195-MLI,FL-2010-000195-MLI,0.28392537049047595,3.4044112079028436e-06,0.9643639910627344,3.2830915796718907e-06
FL-2008-000076-COL,FL-2008-000076-COL,0.29315430516760577,4.687731890428627e-06,0.7001873717288423,3.2822906717286974e-06
FL-2006-000058-TJK,FL-2006-000058-TJK,0.2746406005113541,2.4414475583495476e-06,1.3389011984588786,3.268857061848712e-06
FL-2015-000088-IRN,FL-2015-000088-IRN,0.2758380343627752,2.5500077097371123e-06,1.2747350017900236,3.250584082436312e-06
Bangladesh: Floods - Jul 1988,Bangladesh: Floods - Jul 1988,0.2820226984504586,3.1830293041779623e-06,1.0126036486064969,3.223147087032004e-06
FL-2003-000080-ARG,FL-2003-000080-ARG,0.28560213722003547,3.610892259680993e-06,0.8916407850854717,3.2196188092810138e-06
FL-2024-000045-KEN,FL-2024-000045-KEN,0.28174889534738845,3.1522613697368867e-06,1.0196971903586571,3.2143520619968355e-06
FL-2020-000161-BGD,FL-2020-000161-BGD,0.27929253803896525,2.8879743157727874e-06,1.110546280177668,3.207229133630115e-06
FL-2019-000153-COD,FL-2019-000153-COD,0.27815918588363264,2.7728990938798065e-06,1.1527833414890951,3.1965518830548476e-06
FF-2013-000118-BEN,FF-2013-000118-BEN,0.2767027711819111,2.6310862578208614e-06,1.2075093409994648,3.1770612332940165e-06
FL-2010-000114-BGD,FL-2010-000114-BGD,0.28049936072513715,3.0152182849095543e-06,1.0524339826166824,3.173318188046005e-06
Indonesia: Floods and Landslides - Jan 1989,Indonesia: Floods and Landslides - Jan 1989,0.27249234046540544,2.257059413038119e-06,1.3981220969467434,3.155644639490241e-06
FL-2000-000265-COL,FL-2000-000265-COL,0.2854320302023656,3.5894430356872214e-06,0.8757434779822016,3.1434313280917192e-06
FL-2009-000124-VNM,FL-2009-000124-VNM,0.27756109058671885,2.7138500797772364e-06,1.1555969844310696,3.136116968388592e-06
FL-2007-000154-MEX,FL-2007-000154-MEX,0.28042626894576395,3.007370515759192e-06,1.041257826944866,3.1314480880574773e-06
FL-1998-000111-TJK,FL-1998-000111-TJK,0.28043378747321673,3.0081769211674973e-06,1.0388109267052203,3.1249270551712645e-06
FL-2003-000273-TJK,FL-2003-000273-TJK,0.2810700654937978,3.077130739197942e-06,1.0016291954033019,3.082143986453602e-06
FL-2010-000021-AFG,FL-2010-000021-AFG,0.2785858853698654,2.8157305312723252e-06,1.0852931770014216,3.0558931338644427e-06
FL-1999-000247-KOR,FL-1999-000247-KOR,0.27426603304455377,2.40835359107155e-06,1.2639620274706846,3.0440674878371008e-06
1995-09-00T00:00:00+00:00,1995-09-00T00:00:00+00:00,0.2956617881403994,5.104485700687094e-06,0.5841419555859526,2.9817442594598905e-06
FL-2005-000138-PNG,FL-2005-000138-PNG,0.2762560986150715,2.5889206680491143e-06,1.1437040377671508,2.9609590215066015e-06
FL-2009-000216-ITA,FL-2009-000216-ITA,0.27683489179553566,2.64367625116432e-06,1.1196820788761856,2.960076920779267e-06
FL-2023-000068-YEM,FL-2023-000068-YEM,0.27496436435548804,2.470382060944636e-06,1.1881661189135326,2.935224265586202e-06
FL-2011-000124-ETH,FL-2011-000124-ETH,0.27672140686445335,2.6328588078717036e-06,1.1140674979889862,2.9331824246438936e-06
FL-2000-000583-LAO,FL-2000-000583-LAO,0.27445627971239683,2.425111557159884e-06,1.2022237305473946,2.915526663242357e-06
FL-2005-000020-COL,FL-2005-000020-COL,0.2855314153789764,3.6019607937078938e-06,0.8080937942240005,2.910722164433504e-06
FL-2007-000197-COD,FL-2007-000197-COD,0.2807193980439249,3.038954791088842e-06,0.938197452018096,2.8511396417977367e-06
FL-2009-000177-GMB,FL-2009-000177-GMB,0.2745953844433111,2.4374310033218082e-06,1.1684788072717938,2.848086471568758e-06
FL-2001-000417-SDN,FL-2001-000417-SDN,0.2745602375321064,2.4343130031773877e-06,1.163963410402066,2.8334512651644474e-06
FL-2001-000095-HUN,FL-2001-000095-HUN,0.2803911888117654,3.003610540195631e-06,0.929591846342594,2.7921318677545327e-06
Bolivia: Chapare River Floods - Jan 1987,Bolivia: Chapare River Floods - Jan 1987,0.2846021114381111,3.486431827109518e-06,0.7937364930631707,2.7673081717537317e-06
FL-1997-000144-CHN,FL-1997-000144-CHN,0.27235833921725694,2.2459845931774408e-06,1.23024943393917,2.7631212743926436e-06
FL-2021-000061-MYS,FL-2021-000061-MYS,0.2745979495320668,2.437658701602221e-06,1.1325212482808422,2.760700275621204e-06
FL-2006-000131-BGD,FL-2006-000131-BGD,0.28472303275296923,3.5012732800147014e-06,0.7881513340934744,2.759533206669422e-06
FL-2005-000065-GEO,FL-2005-000065-GEO,0.2738045033422153,2.368131792155882e-06,1.1559686487957939,2.7374861079487965e-06
FL-2010-000194-VNM,FL-2010-000194-VNM,0.27073357289545336,2.1155395421101397e-06,1.288695029588998,2.7262852928163217e-06
FL-2019-000079-BGD,FL-2019-000079-BGD,0.2721840459597336,2.2316529375691126e-06,1.2169646553574989,2.715842748046345e-06
FL-2008-000217-KEN,FL-2008-000217-KEN,0.27781848043101764,2.739121617683354e-06,0.9905535057194418,2.713246520988155e-06
FF-2012-000120-GEO,FF-2012-000120-GEO,0.27314718353930545,2.3118905405214265e-06,1.170744043976996,2.7066320806422182e-06
Peru: Floods - Feb 1994,Peru: Floods - Feb 1994,0.28146662130779204,3.120822003198392e-06,0.8669712406759366,2.705662924041672e-06
FL-2015-000068-BGD,FL-2015-000068-BGD,0.2768961080614497,2.649528010755726e-06,1.0178976147086904,2.696948242252115e-06
FF-2013-000084-GEO,FF-2013-000084-GEO,0.27207420862194664,2.222663645932005e-06,1.2112001793088392,2.6920906064960823e-06
FL-2007-000231-BOL,FL-2007-000231-BOL,0.2770549414276263,2.6647655456456027e-06,1.0056777966466628,2.679895542524812e-06
FL-2018-000144-PRK,FL-2018-000144-PRK,0.27528874344421983,2.499680685764591e-06,1.0698843437963756,2.6743692301897237e-06
FL-2020-000011-MOZ,FL-2020-000011-MOZ,0.27650398548070926,2.6122452931138764e-06,1.0218255119837183,2.669258884063145e-06
FL-2015-000093-GUY,FL-2015-000093-GUY,0.27572565372012064,2.539637613932496e-06,1.034221533733351,2.626547908208174e-06
FL-2012-000128-SSD,FL-2012-000128-SSD,0.27137370562433233,2.1660957490555552e-06,1.202591215503273,2.604927719753193e-06
FL-1999-000548-YEM,FL-1999-000548-YEM,0.2802840383856844,2.9921520752332723e-06,0.8676218575905326,2.5960565417072588e-06
FL-2012-000210-MWI,FL-2012-000210-MWI,0.2748136419650188,2.456873954860461e-06,1.055907660515866,2.5942320298590724e-06
FL-2012-000005-BOL,FL-2012-000005-BOL,0.2747877774912887,2.4545626123440767e-06,1.0536838020167862,2.586332865662962e-06
FL-2011-000190-AGO,FL-2011-000190-AGO,0.27947873330697526,2.9072853654094856e-06,0.8834264830455577,2.568372885573521e-06
FL-2024-000043-CUB,FL-2024-000043-CUB,0.26876080333631297,1.9663431310784767e-06,1.300069557704207,2.5563828447159006e-06
FL-2015-000171-PRY,FL-2015-000171-PRY,0.2742392965133739,2.4060068629476685e-06,1.0574697968975482,2.544279588695378e-06
FL-2013-000038-KEN,FL-2013-000038-KEN,0.2702956790572101,2.081570053514654e-06,1.2057564114452748,2.509866437897778e-06
FL-2014-000107-MMR,FL-2014-000107-MMR,0.2767375835562907,2.6343983400643834e-06,0.9521660688837085,2.508384711332871e-06
FL-2021-000095-MMR,FL-2021-000095-MMR,0.2731584044356553,2.312840441591745e-06,1.0619657406518828,2.456157312564605e-06
2012-000025-VUT,2012-000025-VUT,0.2680995207251161,1.9184936941318874e-06,1.277534232696297,2.450941369465465e-06
FL-2011-000022-AFG,FL-2011-000022-AFG,0.2668003942642546,1.8275306536924812e-06,1.338976142877644,2.447019945671818e-06
FL-2019-000118-SEN,FL-2019-000118-SEN,0.2734738145910468,2.339685507781257e-06,1.0381953499928476,2.4290506146241552e-06
FL-2009-000219-NPL,FL-2009-000219-NPL,0.28252220447453613,3.2398571593705712e-06,0.7491056022368088,2.4269951485315284e-06
UGA-2011-000110,UGA-2011-000110,0.2715875071935818,2.1832219482917437e-06,1.0988605320725724,2.3990564317323837e-06
FL-2010-000262-ECU,FL-2010-000262-ECU,0.26561103012439946,1.7476765610197018e-06,1.369373617071581,2.3932221738347705e-06
Pakistan: Floods - Jul 1993,Pakistan: Floods - Jul 1993,0.27257610109353736,2.264006927010557e-06,1.0550156272267153,2.388562688145671e-06
FL-2006-000034-ECU,FL-2006-000034-ECU,0.27532326917466116,2.502817465862886e-06,0.9389625926165136,2.350051976592508e-06
FL-2014-000030-PRY,FL-2014-000030-PRY,0.27714689930071496,2.6736234456969323e-06,0.8630646431827305,2.3075098651654052e-06
Russian Federation: Floods - Apr 2004,Russian Federation: Floods - Apr 2004,0.2778142249610767,2.7387020830910054e-06,0.8416206812536089,2.30494831292173e-06
Bangladesh: Floods - Aug 1989,Bangladesh: Floods - Aug 1989,0.27055369391677286,2.1015255675163723e-06,1.074589594581484,2.258277507600042e-06
FL-2003-000647-TLS,FL-2003-000647-TLS,0.26963681506920134,2.0313833403211757e-06,1.1114226107007856,2.2577253754338437e-06
FL-2010-000012-EGY,FL-2010-000012-EGY,0.274620756900426,2.4396841123637067e-06,0.9242166188559036,2.2547966014052513e-06
FL-2023-000155-KGZ,FL-2023-000155-KGZ,0.2652151191109984,1.721800313355104e-06,1.3078043445548737,2.251777930261748e-06
FL-2005-000110-BIH,FL-2005-000110-BIH,0.27306634818709147,2.3050578211625807e-06,0.9602566282387353,2.2134470512449056e-06
FL-2011-000020-BOL,FL-2011-000020-BOL,0.2717873774508186,2.1993423167664425e-06,0.9970007790304958,2.1927460031708786e-06
FL-2002-000026-SEN,FL-2002-000026-SEN,0.27025086030719253,2.078121097652709e-06,1.0546693276059735,2.19173058074517e-06
FL-2022-000271-NGA,FL-2022-000271-NGA,0.2669426730594766,1.8372998944432468e-06,1.1840293642331243,2.175417025923224e-06
FL-2023-000108-SRB,FL-2023-000108-SRB,0.26359532630336696,1.6194854741569348e-06,1.3327736774425698,2.158407610956962e-06
FL-2016-000122-SRB,FL-2016-000122-SRB,0.2662107400025059,1.7875398262485888e-06,1.2064462530292113,2.1565707255180973e-06
Paraguay: Floods - Jun 1995,Paraguay: Floods - Jun 1995,0.27049864104495797,2.0972532496999617e-06,1.0277326980250474,2.15541574075594e-06
FL-2009-000198-BEN,FL-2009-000198-BEN,0.2704963954983468,2.0970791525591302e-06,1.0265844801221053,2.15282891160482e-06
FL-2016-000044-CHN,FL-2016-000044-CHN,0.27230527178209224,2.2416122581152266e-06,0.9486861479465856,2.1265864983411815e-06
FL-2000-000048-BWA,FL-2000-000048-BWA,0.2690818317416695,1.989957285087697e-06,1.0623346437323442,2.1140005634962216e-06
FF-2013-000100-RUS,FF-2013-000100-RUS,0.2675619472343134,1.8803707180647308e-06,1.1177984678138433,2.1018755075747723e-06
Nepal: Floods and Landslides - Jul 1993,name=Nepal: Floods and Landslides - Jul 1993,0.2658376044029053,1.762642130647477e-06,1.1890383157151128,2.095849030233574e-06
FL-2021-000096-PAN,FL-2021-000096-PAN,0.2691487963791245,1.9949151114373286e-06,1.037436087285692,2.0695969276766426e-06
FL-2009-000265-MAR,FL-2009-000265-MAR,0.26859215572657485,1.9540390964276697e-06,1.0552948747389153,2.062087443499581e-06
FL-2013-000125-BFA,FL-2013-000125-BFA,0.2658792853183859,1.7654077437330976e-06,1.1601880124394874,2.0482049013469824e-06
FF-2024-000156-LAO,FF-2024-000156-LAO,0.26212941065640877,1.5316428604534e-06,1.3358685400072998,2.046073511806488e-06
FL-2016-000026-PNG,FL-2016-000026-PNG,0.26460833312735355,1.682810332869246e-06,1.213394111780414,2.0419121491467813e-06
FF-2008-000072-CHN,FF-2008-000072-CHN,0.2798439051241928,2.945496601942644e-06,0.6928246734717287,2.040712721452999e-06
FL-2004-000052-JPN,FL-2004-000052-JPN,0.26817725508489587,1.924063551596916e-06,1.0587350877770016,2.0370735931884904e-06
FL-2009-000127-BEN,FL-2009-000127-BEN,0.2690928077150558,1.9907691469550743e-06,1.0221105165631266,2.0347860811521858e-06
FL-2010-000251-CRI,FL-2010-000251-CRI,0.2664588789679387,1.8042718118855638e-06,1.1052106563104114,1.994100433376419e-06
FL-2006-000057-SUR,FL-2006-000057-SUR,0.26691326004115634,1.8352764731704867e-06,1.0860789103745403,1.9932550722170316e-06
FF-2022-000278-MNG,FF-2022-000278-MNG,0.2661137243276469,1.781036134443358e-06,1.1090906111433032,1.9753304548180904e-06
FL-2009-000145-NPL,FL-2009-000145-NPL,0.27280046374069483,2.2827115830093804e-06,0.8626211054247378,1.969115189101405e-06
FL-2023-000217-PRY,FL-2023-000217-PRY,0.2634156171969525,1.6084782596131379e-06,1.2209609052027184,1.9638890718561498e-06
FL-2006-000086-CHL,FL-2006-000086-CHL,0.26906599809414844,1.988786639707574e-06,0.9816818094129864,1.9523556670045045e-06
FL-2022-000286-MRT,FL-2022-000286-MRT,0.2670315806026614,1.8434283585870465e-06,1.0505974879699613,1.9367012027841403e-06
FL-2020-000154-CIV,FL-2020-000154-CIV,0.2632993361352762,1.6013919501555674e-06,1.204144706950617,1.928307640533153e-06
FL-2010-000139-SDN,FL-2010-000139-SDN,0.2744421406551377,2.4238625114720276e-06,0.793326664779713,1.9229147621106825e-06
FL-2020-000038-EGY,FL-2020-000038-EGY,0.2606118797878168,1.4452470381139491e-06,1.329767132388454,1.9218420094656926e-06
FL-2008-000201-YEM,FL-2008-000201-YEM,0.26634213849514776,1.7963825359417388e-06,1.0616963805348374,1.9072128364653365e-06
FF-2008-000186-COD,FF-2008-000186-COD,0.26703005016802034,1.843322709140982e-06,1.0305191131072475,1.8995792833944136e-06
Iran: Floods - Nov 1994,Iran: Floods - Nov 1994,0.2741957306800078,2.4021873959940497e-06,0.7892158406827257,1.8958443452068916e-06
FL-2024-000035-IRQ,FL-2024-000035-IRQ,0.2686656065120231,1.9593893069398586e-06,0.9517697258080438,1.864887423417362e-06
FL-2008-000207-SDN,FL-2008-000207-SDN,0.2610880724943646,1.471872937918481e-06,1.2628396258514751,1.8587394702218861e-06
FL-2009-000032-SLB,FL-2009-000032-SLB,0.26414435099455175,1.6535345461917463e-06,1.1239355242445161,1.8584662170304386e-06
FL-2023-000021-NAM,FL-2023-000021-NAM,0.26076980432487484,1.4540288082364493e-06,1.2755322671404512,1.8546606622573665e-06
FL-1997-000140-AZE,FL-1997-000140-AZE,0.2671594344152199,1.8522736721210383e-06,0.9955723453086005,1.8440724439069158e-06
FL-2010-000051-KAZ,FL-2010-000051-KAZ,0.2651676699557542,1.7187223505280985e-06,1.0701404681681588,1.8392743408452175e-06
FL-2000-000255-ARG,FL-2000-000255-ARG,0.2677243980427686,1.8918186722109699e-06,0.9596824343263637,1.8155451486514927e-06
FL-2011-000106-GHA,FL-2011-000106-GHA,0.26665166372964644,1.8173684209440593e-06,0.9978910966803896,1.813535766648175e-06
FL-2016-000072-SDN,FL-2016-000072-SDN,0.26312233151141706,1.5906590015559292e-06,1.1398024130767133,1.8130369683556436e-06
FL-2002-000125-ECU,FL-2002-000125-ECU,0.2701064290346774,2.0670415819153104e-06,0.8770809761459832,1.8129628484006177e-06
FL-2019-000131-CIV,FL-2019-000131-CIV,0.263756830179281,1.6294354038925917e-06,1.1114192483318486,1.8109858717996063e-06
FL-2012-000200-BFA,FL-2012-000200-BFA,0.26434812519080697,1.6663351154238388e-06,1.0864384324897092,1.810370510803634e-06
FL-2005-000175-SDN,FL-2005-000175-SDN,0.26456575605100197,1.6801045493465181e-06,1.0729889975346198,1.8027336961566748e-06
FL-2011-000131-GIN,FL-2011-000131-GIN,0.2607529200831733,1.4530876324708605e-06,1.2042646272999216,1.7499020361516462e-06
FL-1992-000008-PAK,FL-1992-000008-PAK,0.26430211291186156,1.6634369730828906e-06,1.0486466674608446,1.7443576383545278e-06
FL-2019-000058-TJK,FL-2019-000058-TJK,0.2666670784107774,1.8184192841926417e-06,0.9455169340537894,1.719346226414113e-06
FL-2011-000102-BRA,FL-2011-000102-BRA,0.2625193733420312,1.5545818353666536e-06,1.1038786858666811,1.7160697534967548e-06
FL-2006-000092-KOR,FL-2006-000092-KOR,0.2595444810358003,1.3871326193577464e-06,1.235735149804729,1.714128535181071e-06
FL-2007-000057-URY,FL-2007-000057-URY,0.263164929488256,1.5932360629622087e-06,1.0706544149077877,1.7058052248007906e-06
FL-2009-000164-SEN,FL-2009-000164-SEN,0.2635293401492256,1.615435959354323e-06,1.0544185483611912,1.7033456392328535e-06
FL-2007-000130-CIV,FL-2007-000130-CIV,0.2600238607107256,1.4129670098464997e-06,1.2043864430014575,1.701758311067431e-06
FL-2021-000084-TCD,FL-2021-000084-TCD,0.2620434086946898,1.5266251105509026e-06,1.1145222233746586,1.7014576124707757e-06
FL-2007-000068-COL,FL-2007-000068-COL,0.2714582447111104,2.1728530977944004e-06,0.7818122360681077,1.6987631390341549e-06
FL-2022-000213-IND,FL-2022-000213-IND,0.2624523030267628,1.5506146423936446e-06,1.0948177964063617,1.6976405058608484e-06
FL-2022-000135-ZMB,FL-2022-000135-ZMB,0.2596049184860327,1.3903660790214265e-06,1.2189092023041321,1.694730008290731e-06
FL-1997-000097-AFG,FL-1997-000097-AFG,0.2560652610034093,1.2120112211800116e-06,1.3915845675709566,1.6866161111169335e-06
Turkey: Floods - Nov 1995,Turkey: Floods - Nov 1995,0.26620583791314784,1.7872106902460216e-06,0.9375125837102277,1.6755325118470871e-06
FL-2005-000081-CHN,FL-2005-000081-CHN,0.27628064853031603,2.5912222717433238e-06,0.642825460215653,1.665703649354452e-06
FL-2020-000054-BDI,FL-2020-000054-BDI,0.2628166659966389,1.5722768386028797e-06,1.0550987498746878,1.6589073268668247e-06
FL-2012-000063-RUS,FL-2012-000063-RUS,0.26116472517623013,1.476199913873149e-06,1.1108712268830492,1.6398680094489165e-06
FL-2003-000012-BOL,FL-2003-000012-BOL,0.263710263514341,1.6265608956712596e-06,1.0019840207728257,1.6297880262765372e-06
FL-2011-000187-COD,FL-2011-000187-COD,0.26127786650200324,1.4826075630172202e-06,1.0853096249747856,1.609088258203e-06
FL-2023-000144-SVN,FL-2023-000144-SVN,0.25488770605945354,1.1574144163403392e-06,1.3855662998699905,1.6036744102648684e-06
FL-2019-000009-ARG,FL-2019-000009-ARG,0.25906780956770775,1.3618664825586305e-06,1.1742632969134712,1.5991898257652497e-06
FL-2024-000088-BGD,FL-2024-000088-BGD,0.2612835600906517,1.4829306744050822e-06,1.0651890538676798,1.5796015220209097e-06
FL-2022-000374-TTO,FL-2022-000374-TTO,0.25490324069078557,1.1581200187625278e-06,1.3478906419910999,1.5610191355925682e-06
FL-1990-000004-VNM,FL-1990-000004-VNM,0.2550096886407712,1.1629654427473523e-06,1.3388746942864604,1.5570650016240796e-06
FL-2001-000252-ECU,FL-2001-000252-ECU,0.26232268018008026,1.5429732936215205e-06,1.0045332304500523,1.549967947139783e-06
FL-2025-000045-COD,FL-2025-000045-COD,0.2583375558031936,1.3239618251166797e-06,1.1530761769304614,1.5266288397074172e-06
FL-2014-000054-TJK,FL-2014-000054-TJK,0.259816064402326,1.401715899540668e-06,1.080513117206162,1.5145724160501265e-06
FL-1997-000522-MDA,FL-1997-000522-MDA,0.26420685368633845,1.6574513620204535e-06,0.9078244357618784,1.5046748475289751e-06
Djibouti: Floods - Nov 1994,Djibouti: Floods - Nov 1994,0.2627614415475949,1.5689762082469506e-06,0.949468318420347,1.4896932020857642e-06
FL-1999-000229-TJK,FL-1999-000229-TJK,0.26271631621126784,1.5662838083080268e-06,0.9422253837707331,1.4757923623769158e-06
FL-2011-000183-TZA,FL-2011-000183-TZA,0.25747045267052904,1.2801886299670876e-06,1.1441136258848459,1.4646812552481978e-06
FL-2017-000083-GIN,FL-2017-000083-GIN,0.26322730649788073,1.5970164819707562e-06,0.9098931483825577,1.4531143547992077e-06
FL-2004-000036-MKD,FL-2004-000036-MKD,0.26075313597314986,1.4530996633322451e-06,0.9980071080496405,1.4502037927101203e-06
China: Floods in Shanxi Province - Aug 1988,China: Floods in Shanxi Province - Aug 1988,0.25938873130495776,1.3788310344189077e-06,1.0515735249110678,1.4499422111206647e-06
FF-2005-000072-TJK,FF-2005-000072-TJK,0.25237451219672213,1.0482259941708491e-06,1.3809450525369613,1.4475425005908717e-06
FL-2010-000107-PHL,FL-2010-000107-PHL,0.25943753631880173,1.3814275571441948e-06,1.0440934584066572,1.4423394756769425e-06
FL-2021-000134-NPL,FL-2021-000134-NPL,0.25403709410030373,1.1193640699357645e-06,1.2467249920120518,1.395539161149244e-06
FL-2000-000130-BOL,FL-2000-000130-BOL,0.26105769515132937,1.4701613244273015e-06,0.9399073873447525,1.381815489417766e-06
FL-1991-000011-CHN,FL-1991-000011-CHN,0.262165761436296,1.5337681911956472e-06,0.8927290395029112,1.3692394041462076e-06
FL-2004-000055-TJK,FL-2004-000055-TJK,0.25441422929897894,1.1360932406308204e-06,1.196880781045007,1.3597681651861695e-06
FL-2007-000159-RWA,FL-2007-000159-RWA,0.259451722371165,1.3821831080442075e-06,0.9770683724629499,1.3504873998225354e-06
FL-2006-000009-GUY,FL-2006-000009-GUY,0.2596469146428253,1.39261690525011e-06,0.9682281522146716,1.3483708929132285e-06
FL-2009-000241-COL,FL-2009-000241-COL,0.2673727652237182,1.8671176156759259e-06,0.7158636981146965,1.336601721172863e-06
FL-2016-000137-ARG,FL-2016-000137-ARG,0.2587681836948777,1.3461974854962808e-06,0.9911432885271344,1.334274602781743e-06
FL-2009-000123-BGD,FL-2009-000123-BGD,0.2652592099590164,1.7246648730475106e-06,0.7725988685349205,1.332474129518429e-06
Iran: Floods - Dec 1991,Iran: Floods - Dec 1991,0.26671643721283345,1.8217878962630287e-06,0.7306781420678033,1.3311405952830818e-06
FL-2019-000087-PAK,FL-2019-000087-PAK,0.2561400321726481,1.2155549532742136e-06,1.0947940580011841,1.330782340018516e-06
FL-2004-000059-AFG,FL-2004-000059-AFG,0.25707097130211276,1.2604638209957087e-06,1.05356410211551,1.3279794338164287e-06
FL-2020-000206-COD,FL-2020-000206-COD,0.25590174234134316,1.204293738968208e-06,1.0973603002618633,1.3215441389976348e-06
FF-2010-000094-HUN,FF-2010-000094-HUN,0.2528300248405305,1.0672999112901462e-06,1.2165899177350536,1.298466311275109e-06
FL-2005-000157-MDA,FL-2005-000157-MDA,0.2576548596531003,1.2893872797859445e-06,1.0060968725786879,1.2972485097353804e-06
FL-2024-000103-NPL,FL-2024-000103-NPL,0.25703850400510364,1.2588727972271702e-06,1.0276933790072569,1.293735238722708e-06
FL-2019-000170-RWA,FL-2019-000170-RWA,0.25125293412131067,1.0025624195409937e-06,1.2803341263764025,1.2836148795608304e-06
FL-2008-000180-NIC,FL-2008-000180-NIC,0.25943470531120616,1.3812768218292947e-06,0.9285577138121239,1.2825952478194864e-06
FL-2006-000056-AFG,FL-2006-000056-AFG,0.258313767194981,1.3227431807189846e-06,0.9546321476865294,1.2627331634474753e-06
FL-2024-000019-IRN,FL-2024-000019-IRN,0.2532437014728425,1.0848920494565648e-06,1.1462709369280168,1.2435802259963329e-06
FF-2016-000079-MKD,FF-2016-000079-MKD,0.25102816671232947,9.936296535184746e-07,1.242997967664418,1.2350796399345638e-06
FL-2015-000006-MWI,FL-2015-000006-MWI,0.25077110451766715,9.835012766218032e-07,1.2458327290676428,1.2252780794952518e-06
FL-2013-000141-SOM,FL-2013-000141-SOM,0.2508171267605659,9.853077181400734e-07,1.2318330184492288,1.2137345805378085e-06
FL-2013-000159-VCT,FL-2013-000159-VCT,0.24960617199626148,9.387570232219317e-07,1.2772387598772803,1.1990168561660672e-06
FL-2012-000098-GTM,FL-2012-000098-GTM,0.24968906197898272,9.418791390887209e-07,1.2673665542478996,1.1937061190248504e-06
FL-2018-000124-MMR,FL-2018-000124-MMR,0.25245352053487974,1.0515121962067338e-06,1.1043679108475906,1.1612563273555923e-06
FL-2019-000034-BOL,FL-2019-000034-BOL,0.2495797004498792,9.377619158628232e-07,1.2187179470762803,1.1428672769466595e-06
FL-2024-000024-DZA,FL-2024-000024-DZA,0.2506923939775289,9.804186778844295e-07,1.1597469097454667,1.1370375319332033e-06
FL-2002-000373-GHA,FL-2002-000373-GHA,0.2602623179463609,1.4259783562802091e-06,0.7873144358723436,1.1226933451409246e-06
FL-2021-000097-BGD,FL-2021-000097-BGD,0.2500985110187201,9.574388840473876e-07,1.167269358243163,1.1175890717390442e-06
FL-2023-000259-COG,FL-2023-000259-COG,0.24947286562065812,9.337554654199773e-07,1.1831497507677173,1.10477254618964e-06
FL-2018-000054-BDI,FL-2018-000054-BDI,0.25891943583688615,1.354086850122229e-06,0.814524387135535,1.1029367617240955e-06
FL-2010-000160-NPL,FL-2010-000160-NPL,0.25079353980709473,9.843815224234281e-07,1.1019919218781706,1.084780485756753e-06
FL-2005-000208-BIH,FL-2005-000208-BIH,0.2554027603375879,1.181016233340622e-06,0.9162380586784109,1.0820920209037006e-06
FF-2012-000148-PAK,FF-2012-000148-PAK,0.24721485566711077,8.526006292019072e-07,1.2682719122340163,1.0813294303698283e-06
FL-2023-000056-TZA,FL-2023-000056-TZA,0.24769265567917795,8.692231720173792e-07,1.243845119381568,1.0811790001671823e-06
FF-2014-000009-TZA,FF-2014-000009-TZA,0.25197279827540986,1.0316599959420654e-06,1.0439643751945358,1.0770162830768556e-06
FL-2016-000123-DOM,FL-2016-000123-DOM,0.2520483221818661,1.0347563685789448e-06,1.0354648515724754,1.0714538496042708e-06
FL-2008-000243-PNG,FL-2008-000243-PNG,0.24887772250741513,9.117173902439965e-07,1.173640633936972,1.0700285758573258e-06
FL-1999-000315-GHA,FL-1999-000315-GHA,0.2559562145075538,1.2068596989183037e-06,0.8830969393406909,1.0657741063283817e-06
FL-1997-000137-CHL,FL-1997-000137-CHL,0.2545109572714968,1.140420050511158e-06,0.9286157560049981,1.059012027368677e-06
FL-2003-000227-CHN,FL-2003-000227-CHN,0.2618785349683956,1.51704696778955e-06,0.667747313747308,1.0130040375699708e-06
OT-2004-000112-COL,OT-2004-000112-COL,0.2559339432811996,1.2058099989234048e-06,0.8326011254375424,1.0039587621674687e-06
FL-2021-000055-TJK,FL-2021-000055-TJK,0.24786560123839502,8.75311422878722e-07,1.1378608539843575,9.959826031390457e-07
FL-2001-000079-ROM,FL-2001-000079-ROM,0.2516768794791836,1.0196079318238524e-06,0.9754964355574846,9.946239031603067e-07
FL-2001-000236-URY,FL-2001-000236-URY,0.24997398974261734,9.526825682389132e-07,1.0394922336938253,9.90306130859838e-07
Bolivia: Floods - Jan 1986,Bolivia: Floods - Jan 1986,0.2539527294485572,1.1156522593068035e-06,0.8841657020196967,9.864214630598607e-07
FL-2014-000019-BDI,FL-2014-000019-BDI,0.25745905049122975,1.279621806413255e-06,0.7596781974796384,9.721007873516603e-07
FL-2015-000131-SLE,FL-2015-000131-SLE,0.24698659159555678,8.447608320395592e-07,1.1427229576603417,9.653275965038563e-07
FF-2020-000156-UKR,FF-2020-000156-UKR,0.24962224752700296,9.393617915910769e-07,1.0262202808011436,9.639921215404603e-07
Bhutan: Flash Flood - Oct 1994,Bhutan: Flash Flood - Oct 1994,0.24416543094803,7.530811264086495e-07,1.27391472999028,9.593611398096507e-07
FL-2024-000064-RWA,FL-2024-000064-RWA,0.24328855265074684,7.264684324282661e-07,1.3163910113884745,9.563165145060448e-07
FF-2020-000204-TUN,FF-2020-000204-TUN,0.2479132492615759,8.769955192508185e-07,1.0850181584319483,9.515560632505933e-07
FL-2021-000204-BRA,FL-2021-000204-BRA,0.24399086263474976,7.477141936167332e-07,1.2616737641161433,9.433713811434905e-07
FF-2011-000088-NGA,FF-2011-000088-NGA,0.2417302759117056,6.812562153214356e-07,1.376295308125757,9.376097327784022e-07
FF-2007-000113-GMB,FF-2007-000113-GMB,0.24484981349760238,7.744578309723956e-07,1.2095060640956095,9.36711442947445e-07
Colombia: Floods and Landslides - Mar-Jul 2014,name=Colombia: Floods and Landslides - Mar-Jul 2014,0.25833510054965203,1.3238360004788956e-06,0.7070564559739085,9.360267907892814e-07
FL-2009-000023-ECU,FL-2009-000023-ECU,0.2510024399117947,9.926117945981825e-07,0.9391312908770322,9.321927960007587e-07
FL-2024-000075-UGA,FL-2024-000075-UGA,0.24647891658662185,8.275567082289743e-07,1.1215173808366035,9.281192319067205e-07
FL-2024-000009-COD,FL-2024-000009-COD,0.24691548738779331,8.423320243055472e-07,1.0680154458218882,8.996236124687426e-07
FL-2010-000042-SRB,FL-2010-000042-SRB,0.24621241329751994,8.186522312400769e-07,1.0641610204580652,8.711777937967121e-07
FL-2011-000051-RWA,FL-2011-000051-RWA,0.24423638132401737,7.552723174883737e-07,1.132758005030825,8.555407636131381e-07
FL-2009-000121-CZE,FL-2009-000121-CZE,0.25179530161050584,1.024415688851988e-06,0.8338900564640452,8.54250056619438e-07
FL-2025-000022-PER,FL-2025-000022-PER,0.2417021416564594,6.804637369720836e-07,1.244445279687572,8.467998854734751e-07
FL-2012-000067-RWA,FL-2012-000067-RWA,0.2459114517593295,8.087001749905624e-07,1.0464774403141628,8.462864891057393e-07
Brazil: Floods - Jan 1985,Brazil: Floods - Jan 1985,0.243800418893913,7.418984689079238e-07,1.1328349068786117,8.404484829386924e-07
FL-2009-000147-NIC,FL-2009-000147-NIC,0.24839992931685792,8.94364761137372e-07,0.933638952160343,8.350137784374315e-07
FL-2011-000037-BDI,FL-2011-000037-BDI,0.2513498621739908,1.0064368139131168e-06,0.813980526208619,8.192199673847248e-07
Cuba: Floods - May 1994,Cuba: Floods - May 1994,0.24925983590576298,9.258125162081925e-07,0.8829805422163315,8.17474437552176e-07
FL-1997-000142-CZE,FL-1997-000142-CZE,0.2491240684372647,9.207821197023927e-07,0.8861912863935222,8.159890911472175e-07
FL-2012-000126-PAN,FL-2012-000126-PAN,0.24999848458080287,9.536165093284271e-07,0.8526290636893213,8.130811514673758e-07
FL-1998-000221-NPL,FL-1998-000221-NPL,0.24318056489937173,7.232503121584501e-07,1.0933566224100346,7.907705184585662e-07
FL-2002-000536-MMR,FL-2002-000536-MMR,0.24763568033369987,8.672258153032983e-07,0.9088201340075248,7.881522816787286e-07
ST-2012-000064-COD,ST-2012-000064-COD,0.24117541645095697,6.657794271773299e-07,1.1546951626353135,7.687722839437728e-07
Bangladesh: Floods - Jul 1993,Bangladesh: Floods - Jul 1993,0.2479485131969837,8.782437831772128e-07,0.8603121344647399,7.555637836855761e-07
FL-2008-000187-BDI,FL-2008-000187-BDI,0.2535777389696547,1.09928740293056e-06,0.6853457474951481,7.533919468734447e-07
FL-2020-000132-UGA,FL-2020-000132-UGA,0.24050214627164215,6.474251472892563e-07,1.1565609422975855,7.487866384160154e-07
FL-2013-000019-PER,FL-2013-000019-PER,0.23753999003034354,5.719622146431344e-07,1.3077998282489198,7.480120860751629e-07
FL-2006-000044-COL,FL-2006-000044-COL,0.24977305463148158,9.450523172923789e-07,0.7903426324249347,7.469151362281434e-07
FL-2018-000077-CIV,FL-2018-000077-CIV,0.2392066120739264,6.133830930179288e-07,1.2032024904610985,7.380240651259036e-07
China: Floods in Zhejiang Province - Aug 1988,name=China: Floods in Zhejiang Province - Aug 1988,0.23857991929204897,5.975013258601447e-07,1.1830173894671492,7.068544587222288e-07
Niger: Floods - Aug 1994,name=Niger: Floods - Aug 1994,0.2362007051556927,5.40520162005524e-07,1.2931727617169873,6.989859506643968e-07
FL-2011-000137-VNM,FL-2011-000137-VNM,0.23779341652845473,5.780937407563205e-07,1.1760511302101604,6.798677971838901e-07
1992-00001-AR,1992-00001-AR,0.24009147795091307,6.364546303773855e-07,1.0623696179080282,6.761500624898184e-07
FL-2024-000098-SLV,FL-2024-000098-SLV,0.23528588963419383,5.199467023918011e-07,1.2955779011577304,6.736314573986527e-07
FL-2012-000051-TJK,FL-2012-000051-TJK,0.23544449912890741,5.234623872170697e-07,1.2564153914667016,6.576862001534288e-07
FL-1998-000203-BGD,FL-1998-000203-BGD,0.23576854773884182,5.30711726499657e-07,1.2384617273903773,6.572661615470948e-07
FL-2024-000053-KGZ,FL-2024-000053-KGZ,0.24085137290957592,6.568879003468869e-07,0.9957892817856833,6.54121930500132e-07
Iran: Floods - Apr 1989,Iran: Floods - Apr 1989,0.24557970995074052,7.978565613859988e-07,0.814536614424038,6.498833823073562e-07
FL-2023-000053-ECU,FL-2023-000053-ECU,0.23663139814287096,5.504573787860835e-07,1.1701678124219697,6.441275067656428e-07
FL-2008-000069-CHL,FL-2008-000069-CHL,0.23928483684738402,6.153919180933976e-07,1.033221040168237,6.358358777235867e-07
FL-2007-000012-BOL,FL-2007-000012-BOL,0.23911046870004246,6.109222006644776e-07,1.019120716977021,6.226034711583618e-07
FL-2010-000149-GTM,FL-2010-000149-GTM,0.2339699428048021,4.91587338997863e-07,1.266258028789791,6.224764148574529e-07
FL-2009-000136-BIH,FL-2009-000136-BIH,0.24287805122730105,7.143033648500616e-07,0.8669569720381771,6.192702823070907e-07
Algeria: Floods - Jan 1985,Algeria: Floods - Jan 1985,0.23358404649537373,4.835392991852396e-07,1.2746999404289316,6.163675158664723e-07
FL-2010-000036-CYP,FL-2010-000036-CYP,0.23737859772091954,5.680879794117398e-07,1.084509140610344,6.160966063428927e-07
FL-1997-000111-ARM,FL-1997-000111-ARM,0.23688252686480638,5.563271704600491e-07,1.0966184261872387,6.100786261150987e-07
FL-2022-000378-BIH,FL-2022-000378-BIH,0.23940725954234213,6.185476392996578e-07,0.9789655437483893,6.05536826041272e-07
FF-2014-000015-ZWE,FF-2014-000015-ZWE,0.23532638616551155,5.208423087466051e-07,1.1599076147138132,6.041289599803102e-07
Tunisia: Floods - Oct 1986,Tunisia: Floods - Oct 1986,0.23524057116940575,5.189460995273125e-07,1.1587436410513112,6.013254928756542e-07
FL-2018-000004-COD,FL-2018-000004-COD,0.23618192693926898,5.400905962202709e-07,1.1027004698435565,5.955581542101794e-07
FL-2015-000039-KAZ,FL-2015-000039-KAZ,0.23376130217216637,4.872212015125936e-07,1.2043264756829248,5.867733924956621e-07
FL-1999-000651-CHN,FL-1999-000651-CHN,0.23743600664220293,5.694633702228529e-07,1.0240023009480381,5.831318014138259e-07
FL-2008-000018-ECU,FL-2008-000018-ECU,0.23851614087559808,5.959059745405877e-07,0.9773183345548795,5.823898345893096e-07
LS-2011-000104-ECU,LS-2011-000104-ECU,0.23642887985079392,5.45764453994668e-07,1.046388478883193,5.71081636843997e-07
FL-2021-000153-UGA,FL-2021-000153-UGA,0.23270245512545734,4.6559644248955614e-07,1.2225799823486727,5.692288904404863e-07
FL-2012-000174-BEN,FL-2012-000174-BEN,0.2315079118263233,4.4224036217913107e-07,1.269611453402573,5.614734289795269e-07
FL-2004-000043-IND,FL-2004-000043-IND,0.24443713055496397,7.615032636785618e-07,0.7238181749939552,5.511899025677572e-07
FL-2016-000025-SRB,FL-2016-000025-SRB,0.23188015225632963,4.4940279449298e-07,1.220904970189552,5.486781054135532e-07
FL-2014-000163-COL,FL-2014-000163-COL,0.23634617567624494,5.438583411027064e-07,0.9955467519351162,5.414364049976199e-07
FL-2002-000350-CHN,FL-2002-000350-CHN,0.24453609702244436,7.645920228756336e-07,0.706219895185805,5.399700982551325e-07
FL-2003-000293-TLS,FL-2003-000293-TLS,0.23453826593960286,5.036595796476616e-07,1.0697950005147083,5.388125002684079e-07
FL-2008-000167-VCT,FL-2008-000167-VCT,0.23345389752444978,4.808518474426389e-07,1.1194341065259241,5.382819582132905e-07
FL-2005-000090-TJK,FL-2005-000090-TJK,0.22993191815678413,4.130404863365409e-07,1.278206249426741,5.27950930901627e-07
FL-2013-000145-COL,FL-2013-000145-COL,0.23857282559227422,5.973236944830495e-07,0.8790758244423693,5.250928191866486e-07
Hungary: Floods - Mar 1999,Hungary: Floods - Mar 1999,0.2375215142877482,5.715175009451886e-07,0.9105346924279767,5.203865119403332e-07
FL-2024-000198-SEN,FL-2024-000198-SEN,0.22989582305055545,4.123925461566818e-07,1.257934930722009,5.187629889798784e-07
FL-2000-000302-CHN,FL-2000-000302-CHN,0.24571700403373978,8.023283060889654e-07,0.6358572303399659,5.101662545330859e-07
FL-1997-000526-ECU,FL-1997-000526-ECU,0.2353611529679423,5.216123059122897e-07,0.9609815296317132,5.012597916103173e-07
FL-2019-000020-COL,FL-2019-000020-COL,0.23317952823122065,4.752303767767027e-07,1.0283585650027902,4.887072283078253e-07
FL-2009-000178-GIN,FL-2009-000178-GIN,0.23224680013556764,4.5655950698951354e-07,1.068515319346453,4.878408274115592e-07
FL-2015-000027-CHL,FL-2015-000027-CHL,0.23008399380243222,4.157804573306412e-07,1.155946805097162,4.806200912731916e-07
Djibouti: Floods - Apr 2004,Djibouti: Floods - Apr 2004,0.23364700082722364,4.848440903177293e-07,0.9882468827637481,4.791456608829211e-07
FL-2005-000017-VEN,FL-2005-000017-VEN,0.2352571058082822,5.193109728496061e-07,0.9176096119267544,4.765247402658323e-07
FL-2014-000073-RUS,FL-2014-000073-RUS,0.22794129327626822,3.7864312879713416e-07,1.256795117141143,4.758768354112831e-07
FL-2017-000149-TGO,FL-2017-000149-TGO,0.22893493757845873,3.954765625720695e-07,1.1893964633714496,4.7037842486951723e-07
FL-2012-000183-COL,FL-2012-000183-COL,0.23009629952843047,4.1600288531835273e-07,1.1081396423212708,4.6098928854129605e-07
FL-2002-000402-BGD,FL-2002-000402-BGD,0.2372628100949383,5.653230559734817e-07,0.8143569274139246,4.603747468588147e-07
Paraguay: Floods - Feb 1990,name=Paraguay: Floods - Feb 1990,0.22751519799542774,3.7162432035749803e-07,1.2090275213437827,4.4930403091289366e-07
1993-08-01T00:00:00+00:00,1993-08-01T00:00:00+00:00,0.23231955317180775,4.5799173136531146e-07,0.9751121616043547,4.4659330716854977e-07
FL-2012-000129-SDN,FL-2012-000129-SDN,0.23013148216464502,4.1663940806688667e-07,1.0523145824203366,4.3843572471976207e-07
Bangladesh: Floods - Aug 1988,Bangladesh: Floods - Aug 1988,0.23753195275021768,5.717687179328658e-07,0.7553870279750035,4.319066725283855e-07
FL-2003-000331-CHN,FL-2003-000331-CHN,0.24056686417766582,6.4916944665469e-07,0.6456419227196044,4.191310097089557e-07
FL-1999-000423-TGO,FL-1999-000423-TGO,0.22863036695993538,3.9024660544942717e-07,1.0262432439346245,4.0048794231089567e-07
FL-2019-000119-CMR,FL-2019-000119-CMR,0.22340846067460193,3.097391926764921e-07,1.2776900520050807,3.9575068519883884e-07
FL-2009-000007-ZWE,FL-2009-000007-ZWE,0.22632390615642858,3.526178561173615e-07,1.1194722766288485,3.947459141676864e-07
FL-1997-000299-PRY,FL-1997-000299-PRY,0.2267609663940642,3.5948683604055097e-07,1.0913298267640643,3.9231870650009606e-07
FL-2010-000026-DOM,FL-2010-000026-DOM,0.22746032676523487,3.7072902337030373e-07,1.0490817664059833,3.889250586952833e-07
FL-2010-000046-MOZ,FL-2010-000046-MOZ,0.22308535073199934,3.0528855659741965e-07,1.2621415706580152,3.8531737832778563e-07
FL-2018-000154-GHA,FL-2018-000154-GHA,0.22154949833384213,2.849100111564509e-07,1.3214313032452296,3.7648900735008184e-07
FL-2025-000026-ECU,FL-2025-000026-ECU,0.22523409138945832,3.360015329986947e-07,1.1171472704368623,3.7536319545209313e-07
FL-2016-000080-BFA,FL-2016-000080-BFA,0.2241412935584125,3.20050669443743e-07,1.1662442397342112,3.732572496618434e-07
Burundi: Floods - Feb 1989,Burundi: Floods - Feb 1989,0.23606607768002447,5.374472454461199e-07,0.6606774662799159,3.550792843804625e-07
FL-2024-000215-CRI,FL-2024-000215-CRI,0.23034510333698574,4.2052308791865677e-07,0.8201727122971342,3.4490156160181095e-07
FL-2022-000305-GIN,FL-2022-000305-GIN,0.2184049834216354,2.4695932868502766e-07,1.381125092626501,3.4108172570508737e-07
FL-2013-000068-CZE,FL-2013-000068-CZE,0.22718732513227577,3.663034276863931e-07,0.9098774924680277,3.3329124426573885e-07
FF-2007-000049-TJK,FF-2007-000049-TJK,0.22291354164239768,3.0294550975923487e-07,0.9615243720808555,2.91289491045963e-07
FL-2023-000064-RWA,FL-2023-000064-RWA,0.22059657322854442,2.7288999777345193e-07,1.0562755799966463,2.8824704067343647e-07
FL-2015-000080-MMR,FL-2015-000080-MMR,0.2163500484333467,2.246828725132055e-07,1.2536908885177969,2.8168287007581146e-07
FL-2023-000063-CMR,FL-2023-000063-CMR,0.21977086381874913,2.6284586664904555e-07,1.0563752295074629,2.776638627064735e-07
FL-2008-000117-ROM,FL-2008-000117-ROM,0.2197622680581531,2.6274307947856486e-07,1.0292424136351432,2.7042632128844835e-07
FL-2006-000071-ROM,FL-2006-000071-ROM,0.218753465509432,2.5092816966343026e-07,1.0212196594192295,2.562527799623789e-07
Guyana: Floods - Jul 1996,Guyana: Floods - Jul 1996,0.2196930968230278,2.6191725332033107e-07,0.975512874914735,2.555036527762871e-07
FL-2011-000108-SEN,FL-2011-000108-SEN,0.21617344358836046,2.2285552634189312e-07,1.0870343780154084,2.4225161846435625e-07
FF-2009-000229-SOM,FF-2009-000229-SOM,0.21461703264600074,2.0732031450560546e-07,1.1613045952754697,2.407620339293152e-07
FF-2007-000080-BGD,FF-2007-000080-BGD,0.22463276241774113,3.271379883107376e-07,0.7213395261756768,2.3597756148213154e-07
FL-2017-000012-MOZ,FL-2017-000012-MOZ,0.21258763843556627,1.8852982972416335e-07,1.1982479826023038,2.2590548812733458e-07
FL-2002-000325-JAM,FL-2002-000325-JAM,0.21550154335759097,2.1602491750023526e-07,1.041282547868147,2.249429764976512e-07
FL-2018-000134-IND,FL-2018-000134-IND,0.21706489259029366,2.3221799809382887e-07,0.9601907828334073,2.2297358137772022e-07
FL-2010-000259-AUS,FL-2010-000259-AUS,0.21153058007421324,1.7936248138046887e-07,1.2316167879767448,2.2090584320135177e-07
FL-2007-000088-ECU,FL-2007-000088-ECU,0.2136955586003974,1.9858889523647555e-07,1.0783214306239797,2.1414266161743194e-07
Afghanistan: Floods - May 1996,Afghanistan: Floods - May 1996,0.20839241219174803,1.5446106235835059e-07,1.3761994142384775,2.1256922354021503e-07
FL-2024-000058-TZA,FL-2024-000058-TZA,0.21148413294854365,1.7896903260132982e-07,1.1379493905705245,2.0365770157967958e-07
FL-2011-000091-BEN,FL-2011-000091-BEN,0.2130227025247683,1.9242385050166287e-07,1.0550833377129152,2.0302319844286547e-07
FL-2009-000075-BDI,FL-2009-000075-BDI,0.22021498795470648,2.682061546957856e-07,0.7232460065686893,1.9397903032087106e-07
FL-2022-000217-BGD,FL-2022-000217-BGD,0.21192042756476906,1.8269565345826597e-07,1.0110307901265791,1.8471093086860233e-07
FL-2017-000160-HND,FL-2017-000160-HND,0.2080171244144336,1.517018527311206e-07,1.2060733944327546,1.8296356846516047e-07
FL-2003-000505-VNM,FL-2003-000505-VNM,0.20449086865129146,1.2786132411561155e-07,1.3351682599699068,1.7071638163688935e-07
subject,subject,0.2034804952965943,1.2168242632111099e-07,1.3062248250149238,1.5894460602868456e-07
FL-2005-000100-KGZ,FL-2005-000100-KGZ,0.20390688649248312,1.242564476200948e-07,1.2450017166675804,1.5469949059403332e-07
FL-2009-000044-BIH,FL-2009-000044-BIH,0.21087139222823045,1.7385078407756966e-07,0.8874544487949036,1.542846517561214e-07
FL-2022-000201-ZAF,FL-2022-000201-ZAF,0.20792223172769864,1.5101124220998262e-07,1.0098830260946445,1.5250369025732857e-07
FL-2019-000135-GHA,FL-2019-000135-GHA,0.20718287071553754,1.4572647619514964e-07,1.0216323108198488,1.488788766228844e-07
FL-2000-000617-BGD,FL-2000-000617-BGD,0.21204466342078107,1.8376951510093022e-07,0.8096868541290794,1.4879576056689854e-07
ST-2010-000085-CHN,ST-2010-000085-CHN,0.20318959152584104,1.1995395526103714e-07,1.2265270055929207,1.4712676555534705e-07
FL-2019-000048-TZA,FL-2019-000048-TZA,0.20294490597267142,1.1851724503336232e-07,1.2213880740169378,1.447555496490919e-07
FL-2007-000129-PAK,FL-2007-000129-PAK,0.21521289411746608,2.1314879311995748e-07,0.6733911312339389,1.4353250692019698e-07
FL-2002-000479-CZE,FL-2002-000479-CZE,0.20209537789632692,1.1364852648196761e-07,1.1971051210312973,1.3604923304922442e-07
FL-2012-000039-CHL,FL-2012-000039-CHL,0.20229148939286998,1.1475618963023621e-07,1.1809039662177345,1.355160394823804e-07
FL-2005-000048-AFG,FL-2005-000048-AFG,0.20510463807708607,1.3175127077201659e-07,1.0241455794175436,1.349324815438046e-07
FL-2018-000028-BWA,FL-2018-000028-BWA,0.19901559630174923,9.747003499824367e-08,1.3719368691424587,1.337227346506963e-07
FL-2000-000484-BTN,FL-2000-000484-BTN,0.2038337072058244,1.2381122836658445e-07,1.0601525816656658,1.3125879339203182e-07
FL-2019-000136-SLV,FL-2019-000136-SLV,0.199167030461811,9.821424484374447e-08,1.3263875340879325,1.3027015003060267e-07
FL-2015-000055-TJK,FL-2015-000055-TJK,0.19818762979154272,9.349005986466888e-08,1.363091174686871,1.274354755224774e-07
FL-2013-000011-ZWE,FL-2013-000011-ZWE,0.19982577572256657,1.0151146038108379e-07,1.135178854405228,1.1523366330440038e-07
FL-2014-000117-BGD,FL-2014-000117-BGD,0.2000009363843778,1.0240479438902475e-07,1.0680532640304388,1.0937377489956385e-07
FL-2023-000014-ZMB,FL-2023-000014-ZMB,0.19631386121860334,8.50177585892637e-08,1.206847055818516,1.0260343164574226e-07
FL-2019-000052-SRB,FL-2019-000052-SRB,0.19361302362783922,7.40194192425095e-08,1.3767250465171905,1.0190438839981931e-07
FL-2015-000042-RWA,FL-2015-000042-RWA,0.1954932607322739,8.153008684465495e-08,1.249561737281718,1.0187687695833639e-07
Bangladesh: Floods - Sep 1986,Bangladesh: Floods - Sep 1986,0.20009691480662237,1.0289728722293449e-07,0.9657008832892354,9.9368001159254e-08
1993-12-01T00:00:00+00:00,1993-12-01T00:00:00+00:00,0.2034559212328293,1.2153555194112012e-07,0.8154353086906252,9.91043803139928e-08
FL-1998-000219-KOR,FL-1998-000219-KOR,0.19682575341372627,8.726080702058414e-08,1.1090488289439522,9.677649583888304e-08
FL-2013-000051-ECU,FL-2013-000051-ECU,0.19146955266098262,6.622122742754417e-08,1.3545163959289632,8.969773830914933e-08
FL-2013-000085-NIC,FL-2013-000085-NIC,0.19358725168588148,7.392095056081024e-08,1.1269320283443198,8.330388675263406e-08
FL-2025-000029-BWA,FL-2025-000029-BWA,0.18924818260848542,5.8927385907504366e-08,1.2304510947433291,7.250726650025137e-08
FL-2022-000164-ECU,FL-2022-000164-ECU,0.18956868337029226,5.993298899122554e-08,1.1990142284011243,7.186050655108737e-08
FL-2013-000004-KEN,FL-2013-000004-KEN,0.19423028658944197,7.641339749744994e-08,0.935073356510655,7.14521320803234e-08
FL-2001-000335-KOR,FL-2001-000335-KOR,0.18763758878615663,5.410014568750016e-08,1.3077777012476726,7.075096416436314e-08
FL-2022-000362-LCA,FL-2022-000362-LCA,0.1874960833614886,5.369353545397414e-08,1.1864300437913862,6.370362361997288e-08
FL-2015-000105-GIN,FL-2015-000105-GIN,0.18926980318401676,5.899474186128835e-08,1.071153748426473,6.319243888217118e-08
FF-2018-000118-LAO,FF-2018-000118-LAO,0.18756188875739624,5.388228126246026e-08,1.1632902888660213,6.26807345345676e-08
China: Floods - Jun 1994,China: Floods - Jun 1994,0.1899747992339846,6.122939132570819e-08,0.9760523910513278,5.97630938060749e-08
FF-2013-000091-SDN,FF-2013-000091-SDN,0.18401157613564895,4.450937055312206e-08,1.2681994555499518,5.6446759502340455e-08
FF-2015-000115-MKD,FF-2015-000115-MKD,0.1847418231554916,4.630759775105025e-08,1.2098817209656998,5.602671606082805e-08
Lao PDR: Floods - Aug 1996,name=Lao PDR: Floods - Aug 1996,0.18583409340394988,4.9119499495544425e-08,1.016133336585506,4.991196091381764e-08
FL-2008-000099-NIC,FL-2008-000099-NIC,0.18349144651206317,4.3267145435421855e-08,1.1525087365452498,4.986576311969761e-08
FL-2011-000180-PAN,FL-2011-000180-PAN,0.18542541046488414,4.8049900265001535e-08,1.008200937283557,4.844395448355598e-08
FL-2011-000043-VCT,FL-2011-000043-VCT,0.18466941880655954,4.612642792718409e-08,1.0288152889065125,4.745557427413132e-08
FL-2012-000043-KGZ,FL-2012-000043-KGZ,0.1819982010078135,3.987226907769587e-08,1.178777939336242,4.7000551180066503e-08
FL-2023-000089-ARG,FL-2023-000089-ARG,0.18062435975119065,3.696265909617287e-08,1.2153291011417195,4.492179525515958e-08
FL-2015-000176-BDI,FL-2015-000176-BDI,0.18347681207410477,4.3232649922730235e-08,1.0012036912755304,4.328468868626029e-08
FL-2018-000194-TTO,FL-2018-000194-TTO,0.17780878841779812,3.1588734454413457e-08,1.3365256119034994,4.22191526459421e-08
FL-2012-000013-ECU,FL-2012-000013-ECU,0.18151762499601204,3.8831843204625914e-08,1.057874236360154,4.107920647655088e-08
FL-2023-000040-TUR,FL-2023-000040-TUR,0.18065177166711333,3.7018792695231907e-08,1.085836144445525,4.019634313221878e-08
FL-2008-000197-COL,FL-2008-000197-COL,0.1842042558221209,4.497763320041796e-08,0.8805586057383387,3.960544198037045e-08
FF-2020-000168-MNG,FF-2020-000168-MNG,0.17240025374681825,2.3194179136502208e-08,1.2541412875563223,2.9088777686064866e-08
Togo: Floods - Oct 1995,Togo: Floods - Oct 1995,0.17991934815255495,3.554501401679901e-08,0.8151788237675379,2.8975542717014863e-08
FL-2021-000135-GIN,FL-2021-000135-GIN,0.16932700051999644,1.9375911982492275e-08,1.405762750329889,2.7237935318658193e-08
FL-2006-000178-JAM,FL-2006-000178-JAM,0.16870770565684745,1.8678809491811394e-08,1.1200515235065662,2.092122902859226e-08
FL-2007-000155-ROM,FL-2007-000155-ROM,0.17196058621954086,2.2609406891346023e-08,0.8986487971175168,2.03179163064486e-08
China: Floods and Landslides - Jul 1989,name=China: Floods and Landslides - Jul 1989,0.166577690568332,1.645009337100347e-08,1.1642613331648382,1.9152207638810565e-08
FL-2024-000169-AUT,FL-2024-000169-AUT,0.16994365480596915,2.0093220006604707e-08,0.9517727962928261,1.9124180192213118e-08
FF-2022-000274-IRN,FF-2022-000274-IRN,0.16785184995927122,1.775257357953515e-08,1.061292911805653,1.8840680506268966e-08
FL-2023-000094-ECU,FL-2023-000094-ECU,0.15261014824825653,6.852264875185064e-09,1.3161601711441135,9.01867811084837e-09
FL-2023-000157-BGD,FL-2023-000157-BGD,0.15249377881863216,6.800193400035196e-09,1.1539726901695175,7.847237471511614e-09
FL-1997-000166-ROM,FL-1997-000166-ROM,0.15272737449538987,6.905082305601467e-09,1.0562978713123758,7.293823740643582e-09
FF-2010-000204-LCA,FF-2010-000204-LCA,0.1498638300100346,5.714368918885342e-09,1.228383169783597,7.019434605893242e-09
FL-2005-000111-ROM,FL-2005-000111-ROM,0.15139616704722025,6.326285699869852e-09,0.9764074974737552,6.1770327885139265e-09
FL-2024-000148-GIN,FL-2024-000148-GIN,0.1495839254737482,5.608532755284017e-09,0.994415026402329,5.577209247924083e-09
FF-2020-000158-SRB,FF-2020-000158-SRB,0.14709568887366753,4.7424137894724615e-09,1.1226898183568608,5.32425967587591e-09
Belarus: Floods - Aug 1993,Belarus: Floods - Aug 1993,0.14603126565073837,4.410202107928955e-09,1.1082433568666819,4.887577188551701e-09
FL-1998-000193-ROM,FL-1998-000193-ROM,0.1417551261314251,3.2763306716252216e-09,0.963506236832878,3.156765036037753e-09
Togo: Floods - Sep 1995,Togo: Floods - Sep 1995,0.13676391248286907,2.289365659490304e-09,0.937832522926336,2.147041572340707e-09
FL-2004-000068-ROM,FL-2004-000068-ROM,0.13502327289628685,2.0141244829008233e-09,0.9341110661845553,1.8814159681509043e-09
FF-2013-000113-ROM,FF-2013-000113-ROM,0.12487523152405924,9.220682422216503e-10,1.3494636441975612,1.2442975703472677e-09
FL-2000-000187-ROM,FL-2000-000187-ROM,0.12615414620766444,1.0209754209819833e-09,1.0573179499339493,1.0794956390456214e-09
FL-1999-000132-BLR,FL-1999-000132-BLR,0.125667695751908,9.822827538732849e-10,0.974119865323752,9.568611439128886e-10
FL-2018-000034-BLR,FL-2018-000034-BLR,0.10649221025237054,1.8757649192439303e-10,1.2389029264369613,2.3238906477590957e-10
El Salvador: Floods - Oct 2018,El Salvador: Floods - Oct 2018,0.09795527629686894,8.133516265055763e-11,1.3349509665500126,1.085784539948644e-10
Belarus: Floods - Apr 1996,Belarus: Floods - Apr 1996,0.09574316283220313,6.472584085179718e-11,0.9975700341709333,6.45685592702697e-11
FL-2020-0020-000176-SDN,FL-2020-0020-000176-SDN,-0.03134237212673458,0.0,0.8819420188506686,0.0
