kg_event_id,original_id,kg_similarity_score,kg_likelihood,kg_prior,kg_bayesian_score
FF-2018-000041-SOM,FF-2018-000041-SOM,1.0000000000000002,1.0000000000000022,1.009447103436575,1.0094471034365773
FF-2020-000221-SOM,FF-2020-000221-SOM,0.6645554447539614,0.016800113106902957,1.35732395292219,0.02280319593180142
FF-2020-000055-SOM,FF-2020-000055-SOM,0.6835682783332979,0.022275066357920544,1.018212889069999,0.022680759670524218
FL-2023-000190-SOM,FL-2023-000190-SOM,0.6586679221981879,0.015369690907835533,1.0078577783264449,0.015490462531935279
FL-2015-000145-SOM,FL-2015-000145-SOM,0.6291048121639512,0.009710242414681668,1.0458367139854998,0.0101553280189733
FL-2008-000091-SOM,FL-2008-000091-SOM,0.6288248391659348,0.009667114979302968,0.9854190784086135,0.009526159533774834
FL-2010-000041-SOM,FL-2010-000041-SOM,0.6042478153585823,0.006488598308922727,1.120673451219893,0.007271599860439994
FL-2019-000133-SOM,FL-2019-000133-SOM,0.60766190770741,0.00686467731446608,1.0457655373343704,0.007178842960389683
FL-2011-000161-SOM,FL-2011-000161-SOM,0.6044494231047102,0.00651028010059794,0.9834528228611097,0.006402553342549553
FL-2015-000040-SOM,FL-2015-000040-SOM,0.5968879203017707,0.005740211549447081,0.9639478737922579,0.005533264718207276
FF-2011-000049-IRQ,FF-2011-000049-IRQ,0.5909738762984023,0.00519616382849314,1.0077513232427067,0.005236440973949851
FF-2023-000044-SOM,FF-2023-000044-SOM,0.5809072592743018,0.004375906526286975,1.022945092337183,0.004476312105591511
FF-2009-000229-SOM,FF-2009-000229-SOM,0.5719244557098383,0.003744438271143157,1.1613045952754697,0.0043484333710038835
FL-1997-000265-SOM,FL-1997-000265-SOM,0.5732960273682708,0.0038352115410892882,1.0106246281950175,0.003875959237762602
FL-2014-000150-SOM,FL-2014-000150-SOM,0.5643594431319715,0.0032776151822276976,1.18193675754845,0.003873933860973777
FL-2012-000173-SOM,FL-2012-000173-SOM,0.5548120872562308,0.0027634979158084358,1.2873846983559718,0.0035576849307503997
FL-2008-000185-SOM,FL-2008-000185-SOM,0.5656700623568166,0.0033545320574319294,1.0367109285362797,0.003477680044064972
FF-2012-000081-ETH,FF-2012-000081-ETH,0.5596429485247498,0.003013771769169083,1.0102119573051023,0.0030445482778031605
FL-2016-000046-SOM,FL-2016-000046-SOM,0.545669544955685,0.002340438076836232,1.0763349207071773,0.002519095231851584
FF-2005-000067-IDN,FF-2005-000067-IDN,0.5549968592736401,0.0027727151448054804,0.9074775324699321,0.002516176697850088
FF-2012-000101-GAB,FF-2012-000101-GAB,0.5298023491391299,0.0017423636266602142,1.2741047244558878,0.002219953728447874
FF-2012-000107-SLB,FF-2012-000107-SLB,0.5298407291628728,0.001743626243959845,1.2688330044270801,0.002212370525721475
FF-2013-000088-AFG,FF-2013-000088-AFG,0.5332450272703003,0.0018589518529855702,1.1438540269668271,0.0021263695629749895
FF-2009-000196-IDN,FF-2009-000196-IDN,0.5433761690148589,0.0022439122804509175,0.9083004588291629,0.0020381465539059617
FF-2006-000069-IDN,FF-2006-000069-IDN,0.5409196651901338,0.002144508171843504,0.9360516519312406,0.0020073704168341567
FL-2023-002018-MOZ,FL-2023-002018-MOZ,0.5619134615191201,0.003138299331150708,0.635353035811216,0.0019939280073309113
FF-2008-000202-MAR,FF-2008-000202-MAR,0.5406871323664072,0.0021353070831429985,0.9260497109629775,0.0019774005071617725
FF-2009-000069-IDN,FF-2009-000069-IDN,0.5424398954998795,0.0022055465901635284,0.8612099711014543,0.0018994387151776433
Mongolia: Flash Floods - Aug 1994,Mongolia: Flash Floods - Aug 1994,0.5371731751301214,0.0020005212610615854,0.944597599391765,0.00188968758073096
FL-2013-000052-SOM,FL-2013-000052-SOM,0.5188270561171364,0.0014132733143649048,1.11224014258995,0.0015718993126877928
FL-2017-000110-MLI,FL-2017-000110-MLI,0.5305696883251291,0.0017677642599763649,0.8750877906224794,0.0015469489206040995
FF-2006-000046-KEN,FF-2006-000046-KEN,0.5175183260025878,0.0013780257514065853,1.1036482173283537,0.001520855663972443
FL-2014-000045-SLB,FL-2014-000045-SLB,0.5132969185274009,0.0012696574657171523,1.1890977676758543,0.0015097468581972483
FL-2023-000111-MNG,FL-2023-000111-MNG,0.5250279848845336,0.0015915655370121772,0.9369855719118949,0.001491273944932617
FL-2021-000051-SOM,FL-2021-000051-SOM,0.5116688524363004,0.0012299566455295497,1.1926575207202363,0.0014669170434506514
FF-2007-000083-IND,FF-2007-000083-IND,0.5260742166432477,0.0016235668363980627,0.8813888050539815,0.0014309936338581617
FL-2020-000125-TZA,FL-2020-000125-TZA,0.5113332684945435,0.0012219135990621218,1.1681139311946813,0.0014273342977806967
FF-2025-000055-SOM,FF-2025-000055-SOM,0.5045089502330491,0.0010682889896688511,1.306794101216083,0.0013960337500933439
FF-2018-000042-ETH,FF-2018-000042-ETH,0.5146825893870206,0.0013043518918624526,1.0606234402511923,0.0013834261908453056
FL-2011-000002-BRA,FL-2011-000002-BRA,0.5249992417326851,0.0015906944340827458,0.861750148294607,0.0013707811644622122
FF-2019-000029-IDN,FF-2019-000029-IDN,0.5066545414368737,0.001114600923023022,1.2237138559090974,0.0013639525933123414
FL-2025-000032-IRQ,FL-2025-000032-IRQ,0.527933057651769,0.0016818550797235807,0.8107511442535587,0.0013635659303545531
FF-2017-000122-CMR,FF-2017-000122-CMR,0.5099784857055616,0.00118992215442707,1.1398719755326612,0.0013563589168968646
FF-2008-000141-ETH,FF-2008-000141-ETH,0.5169048593953507,0.001361777485586246,0.9913523656532703,0.0013500013318292871
FL-2020-000202-GIN,FL-2020-000202-GIN,0.5100513118433319,0.0011916224838603461,1.1057838285302726,0.0013176768723658465
FL-2021-000208-IRQ,FL-2021-000208-IRQ,0.5098911741944893,0.0011878865019826256,1.0347036442805968,0.0012291104925931532
FL-2002-000054-IDN,FL-2002-000054-IDN,0.5151040600747057,0.001315072603197302,0.9334375249456206,0.0012275381158522837
FF-2008-000227-ETH,FF-2008-000227-ETH,0.5198216532936237,0.0014406008338154136,0.849511519256154,0.0012238070029762143
FF-2011-000143-SSD,FF-2011-000143-SSD,0.5117022376234523,0.0012307593989352784,0.9738577503891034,0.0011985845795173553
FL-2013-000123-CMR,FL-2013-000123-CMR,0.5136379323840682,0.0012781178224241499,0.9165585894511755,0.0011714698684734868
FL-2006-000023-DZA,FL-2006-000023-DZA,0.5105526458731172,0.001203386990370784,0.9697453972774113,0.001166978995055584
FL-2019-000022-IRN,FL-2019-000022-IRN,0.5117239628917938,0.0012312820405299314,0.9299697920776908,0.001145055103220615
FL-2014-000098-SDN,FL-2014-000098-SDN,0.5030854806840049,0.0010385271037670083,1.100317560627309,0.0011427096094622587
LS-2016-000051-IDN,LS-2016-000051-IDN,0.5152660905056099,0.0013192151380842449,0.8456727764380267,0.0011156243285427782
FL-2016-000061-RUS,FL-2016-000061-RUS,0.5158048661674077,0.001333074282332606,0.8265337350740463,0.0011018308657075224
FL-2002-000500-IRN,FL-2002-000500-IRN,0.5097697121608824,0.0011850598489422071,0.9286481080441721,0.001100503586639293
FL-2011-000120-SDN,FL-2011-000120-SDN,0.5034976226968897,0.0010470664480723248,1.019268556883517,0.0010672419074878284
India: Floods - Oct 1996,India: Floods - Oct 1996,0.5309855882348895,0.0017816702907268531,0.5918800598424082,0.0010545351182948506
FL-2016-000091-NER,FL-2016-000091-NER,0.5043982876035811,0.0010659480391939599,0.9800336913410537,0.0010446649916290146
FL-2015-000161-ETH,FL-2015-000161-ETH,0.5092045445562674,0.00117198677216182,0.8569191129543197,0.0010042978651951032
Haiti: Floods - Jun 1986,Haiti: Floods - Jun 1986,0.5121081966157195,0.0012405585620434186,0.806982556058804,0.0010011091193384324
FL-2006-000172-COG,FL-2006-000172-COG,0.4987402384952888,0.0009522348817389691,1.0447518399142948,0.000994849144727359
FL-2009-000122-IND,FL-2009-000122-IND,0.5134273265184397,0.0012728868422553267,0.7572559930408027,0.000963901189760629
FL-2010-000019-MEX,FL-2010-000019-MEX,0.5006213848769567,0.0009887670213105857,0.971123387516118,0.0009602147791993576
FL-2023-000041-PRY,FL-2023-000041-PRY,0.505542377116396,0.0010903744391731647,0.8705618226000267,0.0009492383590830722
FL-2021-000173-IDN,FL-2021-000173-IDN,0.4967850128727196,0.00091555587688213,1.033714069822925,0.0009464229916421235
FF-2016-000034-YEM,FF-2016-000034-YEM,0.4963005627232564,0.0009066667227145827,1.0241076022751958,0.0009285242834619411
Philippines: Floods - Jun 1990,Philippines: Floods - Jun 1990,0.504491981931801,0.001067929743195461,0.8681427258296911,0.0009271154382523095
FF-2010-000094-HUN,FF-2010-000094-HUN,0.48556537072266115,0.0007285796957230943,1.2165899177350536,0.0008863827120831897
FF-2008-000123-PAK,FF-2008-000123-PAK,0.4971437395459941,0.0009221885970444447,0.9434455865501481,0.0008700347618484543
FL-2013-000141-SOM,FL-2013-000141-SOM,0.4838121349362056,0.0007026961450178534,1.2318330184492288,0.0008656043133699792
FL-2007-000200-MEX,FL-2007-000200-MEX,0.49016939153488115,0.0008006853527817155,1.0804286921791404,0.0008650834285529425
FL-2013-000013-BWA,FL-2013-000013-BWA,0.49138250961269614,0.0008207236351100684,1.0534703310426612,0.00086460799957394
FL-2023-000104-IND,FL-2023-000104-IND,0.49293514223777857,0.0008470280819910064,1.0105589096694154,0.0008559717749962077
FL-2003-000482-MEX,FL-2003-000482-MEX,0.49277466348818927,0.0008442745546007339,1.0003169105139786,0.0008445421140837715
FF-2006-000049-IDN,FF-2006-000049-IDN,0.4942712670863869,0.0008702692699544766,0.9546072289122487,0.0008307653361987286
FL-2005-000137-CAF,FL-2005-000137-CAF,0.5010537740564591,0.000997340320104,0.8291581427948438,0.0008269528475518475
FL-2011-000115-KEN,FL-2011-000115-KEN,0.48626307999533114,0.0007391166161850806,1.1017053333721223,0.0008142887180350592
FL-2022-000277-SDN,FL-2022-000277-SDN,0.4861124054240242,0.0007368295636519637,1.0675858088870211,0.0007866287857232525
FF-2020-000006-IRN,FF-2020-000006-IRN,0.47902359983450826,0.0006361640178356593,1.2339055159670984,0.0007849662906672116
FL-2022-000362-LCA,FL-2022-000362-LCA,0.4808405672618833,0.0006607101951892232,1.1864300437913862,0.0007838864258117653
FF-2012-000120-GEO,FF-2012-000120-GEO,0.48082012130295476,0.0006604293064733995,1.170744043976996,0.0007731936770215906
FL-2012-000172-MLI,FL-2012-000172-MLI,0.4922481027937873,0.0008352962077310214,0.9191592364455828,0.0007677702245039366
FL-2005-000064-ETH,FL-2005-000064-ETH,0.49229725218219555,0.0008361305989365236,0.9153081224890242,0.0007653171286682126
Sri Lanka: Floods - Jun 1989,Sri Lanka: Floods - Jun 1989,0.49029401427645825,0.0008027233797432303,0.9466660273505467,0.0007599109529629282
FL-2013-000008-MOZ,FL-2013-000008-MOZ,0.4907752220174215,0.0008106367377930552,0.9158712312600213,0.0007424388671471325
FF-2014-000009-TZA,FF-2014-000009-TZA,0.4837950222021454,0.0007024476366079498,1.0439643751945358,0.0007333303080582966
FF-2014-000060-AFG,FF-2014-000060-AFG,0.47641156260607986,0.0006023139662314156,1.2150620330886253,0.0007318488323668174
FL-2007-000177-SLE,FL-2007-000177-SLE,0.48263718769142677,0.0006858163222263354,1.0656581908077745,0.0007308457811701582
FL-2006-000001-IDN,FL-2006-000001-IDN,0.4934913206288949,0.0008566337647272422,0.8487703672429272,0.0007270853550802327
FL-2009-000251-SAU,FL-2009-000251-SAU,0.485455003338516,0.0007269253512782795,0.9956156226188847,0.0007237382362103757
FL-2024-000055-SOM,FL-2024-000055-SOM,0.4799980204370947,0.0006492238459064058,1.0908371669471635,0.0007081975007830855
FL-2015-000153-IRQ,FL-2015-000153-IRQ,0.48228597313599053,0.0006808419553502582,1.028424531293494,0.0007001945688160353
India: Floods - Jun 1996,India: Floods - Jun 1996,0.5110710054318567,0.001215660843991409,0.5746164560457379,0.0006985387259279141
FL-2003-000350-MNG,FL-2003-000350-MNG,0.48521761006967357,0.0007233784121055604,0.9653767569926166,0.0006983327055569345
FF-2008-000178-DZA,FF-2008-000178-DZA,0.47679291944065316,0.0006071527597383983,1.1191395672477698,0.0006794886767869201
FF-2008-000216-PSE,FF-2008-000216-PSE,0.4824927347566865,0.0006837664416997593,0.9874551540726246,0.0006751886970383261
FL-2014-000123-SSD,FL-2014-000123-SSD,0.47176468779913744,0.0005460775250169919,1.229472017724319,0.0006713870365165433
FL-2011-000061-DOM,FL-2011-000061-DOM,0.4793393020277926,0.0006403691354622379,1.0300527521279053,0.0006596139903606456
FF-2007-000082-PAK,FF-2007-000082-PAK,0.47958761921757953,0.0006436942512667135,1.0098825024924718,0.0006500555613092466
FL-2011-000107-MMR,FL-2011-000107-MMR,0.47226904909158834,0.0005519437796467574,1.1654079728699487,0.0006432396813763052
FF-2008-000092-KEN,FF-2008-000092-KEN,0.478308615071929,0.0006267322349792004,1.0067078859630323,0.0006309362833407972
FL-2004-000059-AFG,FL-2004-000059-AFG,0.476095118379136,0.0005983251863913,1.05356410211551,0.0006303739377734451
FL-2007-000076-KEN,FL-2007-000076-KEN,0.48111732055655265,0.0006645228528441514,0.9420505534012065,0.0006260141212695813
FL-2015-000071-GEO,FL-2015-000071-GEO,0.47585420230944236,0.0005953043959604158,1.0505572323321797,0.0006254013386153544
FL-2005-000182-IND,FL-2005-000182-IND,0.49628598018370107,0.0009064003568001534,0.6806810703680618,0.0006169695650487216
FL-2010-000136-YEM,FL-2010-000136-YEM,0.4627801581709957,0.0004505544690479524,1.363769613347829,0.0006144524940456625
FL-2024-000039-KAZ,FL-2024-000039-KAZ,0.4679427875607943,0.0005034166536893286,1.2154593718752695,0.0006118824896847814
FL-2020-000172-MMR,FL-2020-000172-MMR,0.4888759102288365,0.0007798056466925379,0.7811222104463353,0.0006091235104630093
FL-2014-000089-IND,FL-2014-000089-IND,0.4835419249189758,0.0006987814221853878,0.8681922613947346,0.0006066766231477606
FF-2008-000063-PHL,FF-2008-000063-PHL,0.4811885612536617,0.0006655074906136821,0.9110661229691897,0.0006063213292803617
FL-2024-000216-DOM,FL-2024-000216-DOM,0.47262494942748134,0.0005561173428192172,1.0883570705604324,0.0006052542421185749
FF-2012-000115-RUS,FF-2012-000115-RUS,0.46694071496097556,0.0004927395692311937,1.2274737437024292,0.0006048248837145357
FL-2002-000734-MAR,FL-2002-000734-MAR,0.4714912802862067,0.0005429210164192959,1.0757011498710427,0.0005840207616513918
FL-2009-000234-PHL,FL-2009-000234-PHL,0.4671340603030681,0.0004947836533923267,1.1779017439562212,0.0005828065282118521
FL-2008-000205-IDN,FL-2008-000205-IDN,0.47783958142085325,0.0006206134923302699,0.9367613520933382,0.0005813667342026722
FL-2022-000382-ZAF,FL-2022-000382-ZAF,0.4794448250333414,0.0006417802581506094,0.904559089993309,0.0005805281662883861
FL-2023-000135-CMR,FL-2023-000135-CMR,0.47280953789311797,0.0005582931367478734,1.007577538281096,0.0005625236243636537
FL-2007-000093-SDN,FL-2007-000093-SDN,0.46939591943836134,0.0005192698397487139,1.0741772764800994,0.0005577878622195311
FL-2007-000025-FJI,FL-2007-000025-FJI,0.4706161249288831,0.0005329273822113528,1.0321832158662596,0.0005500786991941014
FL-2015-000146-DZA,FL-2015-000146-DZA,0.46924896678680306,0.000517646462483858,1.0586689531644526,0.0005480162385470681
FL-2007-000165-BEN,FL-2007-000165-BEN,0.4728280907666138,0.0005585122476221081,0.9807232123464087,0.0005477459256227667
FL-2023-000036-PER,FL-2023-000036-PER,0.4685711133902065,0.0005102172242515015,1.0717795343349823,0.0005468403790179615
FL-2024-000074-ETH,FL-2024-000074-ETH,0.46778646625208864,0.000501737462176482,1.0897711550904126,0.000546779013708197
FL-2015-000123-NER,FL-2015-000123-NER,0.47725945796123337,0.0006131199344814642,0.8859881122566413,0.000543216973338148
FL-2013-000081-PRK,FL-2013-000081-PRK,0.4652915365698876,0.00047561060517922434,1.132099170129612,0.0005384383714282424
FL-2007-000023-IDN,FL-2007-000023-IDN,0.4751736379575746,0.0005868449683155358,0.916897628320032,0.0005380767596400592
FF-2012-000148-PAK,FF-2012-000148-PAK,0.45987791801644873,0.00042308299038815953,1.2682719122340163,0.000536584273253277
FL-2024-000120-NER,FL-2024-000120-NER,0.46773492145787776,0.000501184878118647,1.0706246794411112,0.0005365808994765088
Haiti: Floods - Nov 1986,Haiti: Floods - Nov 1986,0.4881178854308944,0.0007677984163659576,0.6982374406228651,0.0005361056011576552
India: Floods - Oct 1988,India: Floods - Oct 1988,0.47328446963214454,0.0005639265442984946,0.9494561647783664,0.0005354235339663662
FL-1999-000413-CAF,FL-1999-000413-CAF,0.47650833429442985,0.0006035385428602775,0.8806575318255779,0.0005315107635169377
FL-2007-000222-MYS,FL-2007-000222-MYS,0.474739941656441,0.0005815107140931659,0.9073504280824132,0.0005276339953669439
FF-2007-000100-MLI,FF-2007-000100-MLI,0.4685887411091182,0.000510409201270646,1.032850525424288,0.0005271764117137778
FL-2008-000126-TCD,FL-2008-000126-TCD,0.4658963564530911,0.0004818292275489348,1.083157735234383,0.0005218970548816365
FL-2010-000121-DOM,FL-2010-000121-DOM,0.46722688938073764,0.0004957677692742069,1.0483997898689967,0.0005197628251308997
Benin: Floods - Sep 1988,Benin: Floods - Sep 1988,0.47192494583484446,0.0005479353836463299,0.9477795775541555,0.0005193219664392927
FL-2007-000189-NIC,FL-2007-000189-NIC,0.4673239028424725,0.0004967981276048096,1.0272245921975405,0.0005103232540333522
Brazil: Floods - Jul 1989,Brazil: Floods - Jul 1989,0.4705925216490492,0.0005326601581428959,0.9575164169657181,0.0005100308460853785
FL-2012-000169-SEN,FL-2012-000169-SEN,0.47015597483177846,0.0005277394933196427,0.9642227294319949,0.000508858414677724
ST-2011-000073-CAF,ST-2011-000073-CAF,0.46092696754653484,0.00043283381468520925,1.1452772355910454,0.0004957147147530033
FF-2008-000199-LKA,FF-2008-000199-LKA,0.4595271931558692,0.0004198674085099692,1.1763858573071313,0.0004939260813153236
FL-2006-000124-UGA,FL-2006-000124-UGA,0.471749600032901,0.0005459029060890887,0.8965169259333157,0.0004894111952250533
FL-2021-000057-LKA,FL-2021-000057-LKA,0.4607172507644047,0.000430868494923003,1.1314393379937777,0.00048750156465805793
1994-01-01T00:00:00+00:00,1994-01-01T00:00:00+00:00,0.4672789510761908,0.0004963204655551533,0.9792699859742091,0.0004860317353429079
FL-1998-000251-SDN,FL-1998-000251-SDN,0.46003448641648015,0.000424525612482435,1.131419011075252,0.00048031634865099225
FL-2008-000102-CIV,FL-2008-000102-CIV,0.4635220757054307,0.0004578299786827581,1.005572576008324,0.00046038127103785714
FL-2006-000145-GIN,FL-2006-000145-GIN,0.4577265231769134,0.0004037018926848621,1.1375018543000035,0.00045921165151345165
FF-2022-000278-MNG,FF-2022-000278-MNG,0.4582402124923015,0.0004082554366008049,1.1090906111433032,0.00045279227168216275
FF-2012-000079-GEO,FF-2012-000079-GEO,0.4586878231991506,0.0004122608653739193,1.0903447996921118,0.00044950649067702274
FL-2022-000332-BEN,FL-2022-000332-BEN,0.45773106451457235,0.0004037419477913634,1.0977457972017661,0.0004432060263420241
FF-2009-000201-PHL,FF-2009-000201-PHL,0.4677009836841087,0.0005008213485708438,0.8698163539289835,0.00043562259938368785
FL-2022-000135-ZMB,FL-2022-000135-ZMB,0.4521135448038381,0.0003568413567561337,1.2189092023041321,0.00043495721351274316
China: Floods - May 1988,China: Floods - May 1988,0.4654891993147714,0.00047763493639514795,0.8982643528768322,0.00042904243705235446
FL-2011-000084-IND,FL-2011-000084-IND,0.4692037248313,0.0005171475976646552,0.8290193075518719,0.0004287253433180665
FL-2008-000079-LKA,FL-2008-000079-LKA,0.4623739175976043,0.0004466149705569701,0.9571957497487085,0.00042749795159127636
Bhutan: Flash Flood - Oct 1994,Bhutan: Flash Flood - Oct 1994,0.4491942162907385,0.0003344579762663481,1.27391472999028,0.00042607094252844035
FL-2015-000064-IND,FL-2015-000064-IND,0.45857445188977114,0.00041124303578446024,1.031238980251518,0.00042408984885790535
FL-2009-000237-THA,FL-2009-000237-THA,0.4583175681087065,0.0004089451371367299,1.0324588619508415,0.00042221903088851895
FF-2021-000032-TLS,FF-2021-000032-TLS,0.46328123584878034,0.0004554567098106644,0.915168404503065,0.00041681959043764124
FL-2012-000164-CAF,FL-2012-000164-CAF,0.4536614991668467,0.00036924892205132974,1.1283063800150515,0.00041662591456419575
FF-2006-000022-TLS,FF-2006-000022-TLS,0.45123225539439366,0.0003499462686742642,1.1802888753635958,0.00041303768789123404
Iran: Flash Floods - Jul 1996,Iran: Flash Floods - Jul 1996,0.4571152261335396,0.00039834271147478923,1.0233099144994446,0.0004076280460207435
FL-2012-000054-HTI,FL-2012-000054-HTI,0.4599512307861141,0.0004237579444430994,0.9604428383587891,0.00040699528293801644
FL-2018-000140-MLI,FL-2018-000140-MLI,0.45935744434475784,0.00041831899883918464,0.9723384285301737,0.00040674763795560837
FF-2011-000066-TJK,FF-2011-000066-TJK,0.45699943285010336,0.0003973348065836419,1.0235216039879442,0.0004066807585547287
FL-2009-000011-PHL,FL-2009-000011-PHL,0.4617137531566537,0.00044027914210782986,0.9235680341481627,0.000406627741752968
FF-2018-000030-KEN,FF-2018-000030-KEN,0.45362332455902366,0.0003689383249128171,1.1016965741279998,0.0004064580886209735
FL-2008-000089-IND,FL-2008-000089-IND,0.47950027236609316,0.0006425228572267081,0.6302581635823931,0.00040495527605541716
ST-2015-000041-PRY,ST-2015-000041-PRY,0.46122359748717245,0.00043562740099294497,0.9269775136144309,0.0004038168050347568
FL-2009-000135-MEX,FL-2009-000135-MEX,0.46331710060275133,0.00045580942287682774,0.8826021815410172,0.0004022983909980402
FF-2008-000233-PHL,FF-2008-000233-PHL,0.46190997957563823,0.000442153892727238,0.9037156037455046,0.00039958137211442096
FL-2010-000239-MNE,FL-2010-000239-MNE,0.45846220366887586,0.00041023751779899897,0.9720464771371192,0.0003987699339659932
FL-2012-000071-NPL,FL-2012-000071-NPL,0.44630168058301034,0.00031353441799930577,1.255510001310555,0.00039364559755321245
FL-2012-000066-COM,FL-2012-000066-COM,0.4510201225527859,0.0003483045809347939,1.129673337592446,0.0003934703984433468
FL-2009-000129-CAF,FL-2009-000129-CAF,0.46035001521186114,0.00042744635534191805,0.9175805861754851,0.00039221647729321187
ST-2022-000138-MDG,ST-2022-000138-MDG,0.44967978129609476,0.00033809100051337846,1.1583807019765697,0.0003916380905066481
FL-2017-000088-SDN,FL-2017-000088-SDN,0.4522684178434482,0.00035806561501404676,1.0719224581628997,0.0003838185742294675
FL-2016-000019-HTI,FL-2016-000019-HTI,0.4567193914373167,0.00039490671010598464,0.9718383703338016,0.0003837854935832831
FL-2012-000151-TCD,FL-2012-000151-TCD,0.4500990574015754,0.0003412565802618821,1.1222690061354306,0.00038298168316767826
FL-1997-000049-TZA,FL-1997-000049-TZA,0.46107334713690584,0.00043421035939398623,0.8788540275887039,0.0003816075231741434
FL-2023-000052-ETH,FL-2023-000052-ETH,0.4502828647581104,0.0003426527365780333,1.1124995665878057,0.0003812010209331876
FL-2012-000043-KGZ,FL-2012-000043-KGZ,0.4470278227823024,0.0003186732007175227,1.178777939336242,0.00037564493886348604
FF-2019-000018-AFG,FF-2019-000018-AFG,0.44704157743374456,0.00031877126722555535,1.1776802420532055,0.0003754106231457991
FL-2010-000127-AFG,FL-2010-000127-AFG,0.45113810367896445,0.0003492167746745401,1.0727052233242367,0.00037460665826582215
FL-2009-000133-ZAF,FL-2009-000133-ZAF,0.4509740954822239,0.00034794929569111836,1.0731148513908544,0.00037338955673712695
FL-2012-000067-RWA,FL-2012-000067-RWA,0.4520521380735133,0.000356356985667466,1.0464774403141628,0.00037291954619936063
FL-2024-000022-PER,FL-2024-000022-PER,0.4516323164048299,0.00035306128835896686,1.0537115612771992,0.0003720247613832664
FL-1999-000547-VEN,FL-1999-000547-VEN,0.4505434847564581,0.0003446411557491372,1.075232993321348,0.0003705695415178737
India: Floods - Nov 1992,India: Floods - Nov 1992,0.48332007836352797,0.0006955820597424289,0.5284357881003552,0.0003675704539284588
FL-2024-000109-IND,FL-2024-000109-IND,0.4545420096371606,0.00037647858484177063,0.9733927592934859,0.0003664615285140379
FL-2011-000123-RUS,FL-2011-000123-RUS,0.45439409298869304,0.00037525524415778406,0.9746615796072284,0.000365746869026722
FL-2016-000060-IND,FL-2016-000060-IND,0.44561725128006635,0.00030875923363293063,1.168540290886529,0.0003607976046833265
FF-2019-000054-YEM,FF-2019-000054-YEM,0.44302209374603674,0.00029124189795622546,1.2008192634195207,0.00034972888138069786
FL-2010-000249-IND,FL-2010-000249-IND,0.4435439320921642,0.0002946906946662999,1.1839008478756656,0.0003488845632765014
FL-2007-000158-TGO,FL-2007-000158-TGO,0.44903359565080386,0.00033326396055905004,1.0465800406584131,0.0003487874093918744
FL-2011-000124-ETH,FL-2011-000124-ETH,0.4459405482656665,0.00031100662088245543,1.1140674979889862,0.0003464823679845263
Afghanistan: Flash Floods - Sep 1992,Afghanistan: Flash Floods - Sep 1992,0.4462889551795667,0.00031344503137490054,1.103779548130716,0.0003459742150948058
FL-2024-000165-CAF,FL-2024-000165-CAF,0.4481255196221693,0.00032658540019996074,1.047691057383914,0.0003421606032616456
FL-2018-000128-SDN,FL-2018-000128-SDN,0.4443650889876553,0.0003001921406881953,1.1360707994440626,0.0003410395252584626
Ethiopia: Floods - May 1995,Ethiopia: Floods - May 1995,0.44605933811559817,0.0003118360755524494,1.0908091701249307,0.00034015365078838254
FL-2019-000058-TJK,FL-2019-000058-TJK,0.45236089799956825,0.0003587984641261699,0.9455169340537894,0.00033925002374378475
FL-2001-000025-MWI,FL-2001-000025-MWI,0.45139327463875434,0.00035119703593910345,0.9654424418241856,0.0003390605239384643
FF-2018-000158-TUN,FF-2018-000158-TUN,0.4462931876452361,0.0003134747587956063,1.0728594544762617,0.0003363143587135319
FL-2009-000192-MEX,FL-2009-000192-MEX,0.45091948123209463,0.0003475281487233062,0.966761847016349,0.00033597695494991595
FL-2023-000021-NAM,FL-2023-000021-NAM,0.43842499310139266,0.0002623934792512449,1.2755322671404512,0.00033469134947221134
FF-2020-000123-YEM,FF-2020-000123-YEM,0.44559209752318263,0.00030858499257282296,1.082595733416551,0.0003340727963557162
FL-2012-000157-CMR,FL-2012-000157-CMR,0.44458113107184605,0.00030165481654684565,1.1008538293751604,0.00033207785994505653
FF-2009-000107-THA,FF-2009-000107-THA,0.447636497342745,0.0003230389486937361,1.0240911244438284,0.0003308213202069204
FL-2014-000152-ETH,FL-2014-000152-ETH,0.44693827728459407,0.00031803543187462215,1.0270658582017673,0.00032664333377687853
FL-2010-000107-PHL,FL-2010-000107-PHL,0.44603213699506883,0.0003116459671370692,1.0440934584066572,0.00032538751562663005
FF-2008-000082-PHL,FF-2008-000082-PHL,0.4469712813712506,0.0003182703626954863,1.0221858264656736,0.00032533145373141533
FL-2021-000161-IND,FL-2021-000161-IND,0.4474432581755385,0.00032164713517570927,1.010338230289432,0.0003249723973310918
Tanzania: Floods - May 1995,Tanzania: Floods - May 1995,0.44723306022165066,0.0003201393054929722,1.0095645424628938,0.0003232012914744011
FL-2001-000019-MOZ,FL-2001-000019-MOZ,0.4447613762771171,0.00030288004035852186,1.0662262115321133,0.00032293863798016034
India: Floods - Aug 1989,India: Floods - Aug 1989,0.4462221013682456,0.00031297580903181783,1.0282737934207815,0.0003218248224020854
FL-2015-000105-GIN,FL-2015-000105-GIN,0.44399689582229573,0.0002977140548341332,1.071153748426473,0.0003188975257948263
FL-2002-000020-IRN,FL-2002-000020-IRN,0.4472479333202934,0.0003202457863530713,0.995515429386739,0.00031880962151057166
FL-1997-000199-BEN,FL-1997-000199-BEN,0.4507647051523779,0.0003463371148497248,0.9183529478927861,0.00031805971038692717
FL-2022-000265-YEM,FL-2022-000265-YEM,0.44095082632697674,0.0002779083578060605,1.135758587937564,0.00031563680403785853
FF-2012-000062-KEN,FF-2012-000062-KEN,0.44180201231654215,0.00028331978046887803,1.0853007035511752,0.00030748715707283787
FL-2001-000549-GIN,FL-2001-000549-GIN,0.44436221204891146,0.0003001727060102542,1.0199342550969517,0.0003061564253050049
FL-2007-000144-LBR,FL-2007-000144-LBR,0.4446148043936392,0.0003018833728626594,1.013217513020149,0.0003058735202740381
FL-2010-000102-CRI,FL-2010-000102-CRI,0.4475027382572139,0.00032207496699779547,0.9388100029975206,0.0003023672007326267
FL-2014-000154-IDN,FL-2014-000154-IDN,0.4461914587685791,0.0003127609512444395,0.9628039097423366,0.00030112746667287866
Algeria: Floods - Nov 1994,Algeria: Floods - Nov 1994,0.44107897962541953,0.0002787170984863211,1.0762250844313983,0.00029996233285091526
FL-2006-000029-NAM,FL-2006-000029-NAM,0.43921754460788004,0.00026717560250680473,1.1221814471307896,0.00029981950425912675
FL-2013-000119-MRT,FL-2013-000119-MRT,0.43789427519874,0.00025923442607056,1.148465884201649,0.00029772189435263273
FL-2023-000146-MRT,FL-2023-000146-MRT,0.44147511172755943,0.0002812303914820823,1.0535873745404762,0.0002963007898025974
FL-2019-000160-COG,FL-2019-000160-COG,0.43470444706024985,0.00024095771204232636,1.2190888537934883,0.0002937488609863811
FL-2022-000333-THA,FL-2022-000333-THA,0.44183368256463557,0.0002835229416696203,1.0333160681612519,0.000292968811319564
Philippines: Floods - Feb 1989,Philippines: Floods - Feb 1989,0.4385366609775974,0.0002630625681353682,1.1089965925561163,0.00029173549169118446
FF-2020-000191-AFG,FF-2020-000191-AFG,0.43391811545879283,0.0002366343660453421,1.231578444091277,0.0002914337843526481
FF-2009-000159-PAK,FF-2009-000159-PAK,0.448876667754899,0.0003321011023277072,0.8753042401744937,0.00029068950303406553
FL-2024-000117-COL,FL-2024-000117-COL,0.43438238109169613,0.00023917843284091095,1.2150525963145538,0.000290614375805795
FL-2013-000095-PHL,FL-2013-000095-PHL,0.44299046555603633,0.00029103404161060707,0.9977142237080565,0.00029036880289814505
FL-2009-000170-MRT,FL-2009-000170-MRT,0.4435660648744928,0.00029483777794951746,0.9832646092321282,0.0002899035525224013
FL-2022-000261-GEO,FL-2022-000261-GEO,0.44052065576125266,0.0002752090875601365,1.0491729788203328,0.0002887419381938942
FF-2009-000204-TUN,FF-2009-000204-TUN,0.4463124556275561,0.00031361012271936627,0.9155604613181987,0.00028712902863099987
FL-2005-000171-SLV,FL-2005-000171-SLV,0.43888310283865073,0.0002651481532961192,1.0823968914043698,0.00028699553688932874
FL-1998-000112-TZA,FL-1998-000112-TZA,0.450023014144586,0.00034068047282041444,0.840568897187044,0.00028636540933181645
FL-2009-000198-BEN,FL-2009-000198-BEN,0.43993420135263783,0.0002715671671612449,1.0265844801221053,0.0002787866391184595
FL-2022-000158-HTI,FL-2022-000158-HTI,0.4328160249090812,0.00023069241764583462,1.2084069567596751,0.00027877032235493497
Sri Lanka: Monsoon Floods - Jul 1984,Sri Lanka: Monsoon Floods - Jul 1984,0.43316076636223755,0.00023253650142665506,1.189364350972239,0.0002765706250966687
FL-2009-000166-SDN,FL-2009-000166-SDN,0.43965497319580515,0.0002698484332137674,1.0246063390097677,0.00027648841524268006
FL-2005-000065-GEO,FL-2005-000065-GEO,0.43429948167530724,0.00023872236615964942,1.1559686487957939,0.0002759555710469047
FL-2007-000107-TLS,FL-2007-000107-TLS,0.44077756994360273,0.00027681834165531305,0.9959528083511522,0.0002756980047747178
FL-1999-000235-IRN,FL-1999-000235-IRN,0.44293516073199446,0.0002906709063236492,0.9461301844417329,0.00027501251821183986
Guinea: Floods - Aug 1993,Guinea: Floods - Aug 1993,0.44531271997237504,0.00030665567454050497,0.8923188026319167,0.0002736346243262661
FL-2005-000160-MMR,FL-2005-000160-MMR,0.4535917606589388,0.0003686816915747,0.7408779621824715,0.0002731481403478502
FL-2013-000070-IND,FL-2013-000070-IND,0.43684683430083293,0.0002530998737708782,1.077139003407864,0.0002726237457962199
FL-2015-000017-PAK,FL-2015-000017-PAK,0.4388567225685691,0.0002649888218431905,1.0272519860341873,0.0002722102935152769
FL-2016-000025-SRB,FL-2016-000025-SRB,0.4313229259801093,0.00022285656224061402,1.220904970189552,0.0002720866844789229
FL-2001-000417-SDN,FL-2001-000417-SDN,0.4332703914760532,0.00023312567971482695,1.163963410402066,0.0002713497612131697
FL-1998-000316-VNM,FL-1998-000316-VNM,0.4275457153127993,0.0002040918135018288,1.327857651248023,0.0002710048761154879
FL-2024-000027-ARG,FL-2024-000027-ARG,0.4402481573711743,0.0002735114231874028,0.9890539476346332,0.0002705175528266675
FL-2011-000122-NER,FL-2011-000122-NER,0.438068678547864,0.0002602687503526598,1.0388296068906175,0.00027037488361476587
FF-2011-000088-NGA,FF-2011-000088-NGA,0.4258457802765987,0.00019612072119521605,1.376295308125757,0.00026992002840721554
FL-2007-000040-HTI,FL-2007-000040-HTI,0.43870704181945064,0.0002640864110511125,1.019159487257912,0.00026914617127863396
FL-2000-000476-NPL,FL-2000-000476-NPL,0.44827524617867814,0.00032767822109674196,0.8017257032301318,0.0002627080522419841
FL-2011-000038-KAZ,FL-2011-000038-KAZ,0.43302955691378786,0.0002318330806083695,1.1284426954486195,0.00026161034637586555
FL-2011-000204-PHL,FL-2011-000204-PHL,0.4422896694643415,0.00028646261820128907,0.9086693999686215,0.00026029981539440566
FL-2017-000137-SSD,FL-2017-000137-SSD,0.43791016560417684,0.0002593285130022191,1.0001222922331552,0.00025936022686519496
FL-2024-000118-PAK,FL-2024-000118-PAK,0.4356012664990153,0.0002459752087722451,1.0477381195692326,0.0002577176026996815
FL-1997-000301-UGA,FL-1997-000301-UGA,0.439572951125966,0.0002693454261723995,0.9567646009320045,0.0002577001691846965
FL-2005-000103-SLV,FL-2005-000103-SLV,0.4397242285031884,0.0002702738051570022,0.9499800804848453,0.0002567547311759943
FF-2007-000185-TUN,FF-2007-000185-TUN,0.44095621445694877,0.00027794231825251857,0.9208073231488003,0.00025593132205987355
FF-2007-000091-AFG,FF-2007-000091-AFG,0.4371931197332324,0.0002551133506580037,0.9987067503482862,0.0002547834254061177
FL-2022-000376-COD,FL-2022-000376-COD,0.43104921751594955,0.00022144639290564184,1.149086862190552,0.00025446114076736005
FL-2016-000081-GTM,FL-2016-000081-GTM,0.4393415443623254,0.00026793085079944976,0.9441251390555963,0.00025296025176831474
FL-1997-000025-MWI,FL-1997-000025-MWI,0.4368294997861563,0.00025299945916814254,0.9993439480764741,0.00025283347838630425
FL-2020-000199-MRT,FL-2020-000199-MRT,0.44141265645617245,0.0002808327893862566,0.8999640370776387,0.00025273941087982976
FF-2012-000118-AFG,FF-2012-000118-AFG,0.42829633439658155,0.0002077033851549227,1.1956061386296777,0.00024833144230538987
FL-2007-000003-PHL,FL-2007-000003-PHL,0.4423168291172246,0.00028663857473120027,0.8623711432091048,0.0002471888353787736
FL-2010-000014-SLB,FL-2010-000014-SLB,0.4261004242248737,0.0001972966293874205,1.2512366729504776,0.00024686477813905944
Brazil: Floods - Jul 1988,Brazil: Floods - Jul 1988,0.43773680230160755,0.0002583036900376362,0.9542800112349412,0.00024649404823114227
FL-2009-000186-TCD,FL-2009-000186-TCD,0.437466995662891,0.0002567159993101672,0.9539321905487659,0.00024488965557086325
FL-2005-000117-GTM,FL-2005-000117-GTM,0.440834318557351,0.0002771749424113608,0.8832004049243507,0.00024480102137259743
FL-2014-000053-TZA,FL-2014-000053-TZA,0.4312922625879049,0.00022269818085054213,1.0970028156440832,0.00024430053143186
FL-2019-000089-SLE,FL-2019-000089-SLE,0.4318351244993123,0.00022551718389733695,1.0808607361671503,0.00024375266940561822
Pakistan: Floods - Feb 1991,Pakistan: Floods - Feb 1991,0.45012668122739813,0.0003414660767288977,0.7112268098685628,0.00024285982843022782
FL-2012-000200-BFA,FL-2012-000200-BFA,0.4313986746780347,0.0002232482511716864,1.0864384324897092,0.00024254548005903586
FL-2016-000058-MMR,FL-2016-000058-MMR,0.4410927128404192,0.00027880389061096355,0.8641831978719268,0.00024093763776731735
Viet Nam: Floods - Oct 1995,Viet Nam: Floods - Oct 1995,0.4282138827253532,0.00020730387991343656,1.1585193691423241,0.00024016556017807065
FF-2014-000015-ZWE,FF-2014-000015-ZWE,0.4281152298229518,0.00020682678327611887,1.1599076147138132,0.00023989996084873382
FL-2024-000021-BOL,FL-2024-000021-BOL,0.4353958142194291,0.0002448175206221213,0.9791674152328188,0.00023971733887126983
India-Manipur: Floods - Apr 2004,India-Manipur: Floods - Apr 2004,0.46514432783803483,0.00047410801093329,0.5,0.000237054005466645
FL-2011-000102-BRA,FL-2011-000102-BRA,0.4291405449284392,0.00021183391047265818,1.1038786858666811,0.0002338389387145581
FL-2019-000108-MRT,FL-2019-000108-MRT,0.43502902117617703,0.00024276289111493284,0.962366664364851,0.00023362691375384542
FL-2012-000192-COD,FL-2012-000192-COD,0.4220799816195898,0.00017945168869822945,1.301468773071398,0.00023355076911567516
FL-2006-000192-IDN,FL-2006-000192-IDN,0.439139716652599,0.00026670255314191905,0.875300643790321,0.00023344491646564404
FL-2015-000079-CRI,FL-2015-000079-CRI,0.42921856491472477,0.00021221935078812005,1.090367135378019,0.00023139700559062542
FL-2008-000094-ZAF,FL-2008-000094-ZAF,0.430902750595357,0.00022069508608595835,1.045585962583682,0.00023075568402267533
FL-2002-000445-VEN,FL-2002-000445-VEN,0.431895099517268,0.0002258305871523493,1.0122910677483703,0.00022860628619869307
FL-2011-000196-IDN,FL-2011-000196-IDN,0.42224650694916044,0.00018016094674679233,1.2683581214268749,0.00022850859997024876
FL-2019-000101-NER,FL-2019-000101-NER,0.4251615114923025,0.0001929920518387677,1.1793461107574137,0.00022760442574314385
FF-2023-000133-AFG,FF-2023-000133-AFG,0.4246947422555865,0.00019088369990077482,1.1905710968816803,0.00022726061596769896
FL-2014-000159-MAR,FL-2014-000159-MAR,0.42205418926723004,0.00017934205998250494,1.2669680436793196,0.00022722065888545348
FL-2008-000182-RWA,FL-2008-000182-RWA,0.4323348143588777,0.0002281403434727842,0.99098155542331,0.00022608287242946787
Ethiopia: Floods - Aug 1996,Ethiopia: Floods - Aug 1996,0.4376308526741736,0.00025767917340847424,0.8753110496380971,0.00022554942774604883
FL-2022-000190-TUN,FL-2022-000190-TUN,0.4282843434539985,0.00020764524210269234,1.0842181471624253,0.00022513273965967431
FL-2010-000125-IND,FL-2010-000125-IND,0.438477982297481,0.0002627107874413448,0.8556559783131277,0.00022479005584153603
FL-2021-000209-MYS,FL-2021-000209-MYS,0.42362270803336183,0.00018611969041275163,1.2058191682024515,0.00022442669027960196
FL-2013-000087-MMR,FL-2013-000087-MMR,0.43611440957153863,0.00024888823247876617,0.8995776132921189,0.00022389428214974252
FL-2010-000021-AFG,FL-2010-000021-AFG,0.427936945644383,0.00020596708672021067,1.0852931770014216,0.00022353467390430476
Benin: Floods - Sep 1994,Benin: Floods - Sep 1994,0.4387809027780385,0.0002645313653870187,0.8448106334634848,0.00022347891036356783
FL-2013-000028-NAM,FL-2013-000028-NAM,0.42934072754217045,0.00021282413597752738,1.0440048847146737,0.0002221894375457185
Afghanistan: Floods - Jun 1988,Afghanistan: Floods - Jun 1988,0.43276453805392345,0.00023041813780841401,0.9634656880384131,0.0002219999696801135
Nigeria: Floods - Sep 1994,Nigeria: Floods - Sep 1994,0.432723154295373,0.00023019789179817027,0.9617582522941903,0.00022139472209761537
FL-2001-000571-PRK,FL-2001-000571-PRK,0.4341309052513083,0.00023779736522000144,0.9280032109549476,0.00022067671848078772
FL-2015-000085-VEN,FL-2015-000085-VEN,0.4256046985434869,0.00019501325798439387,1.1268991625176379,0.00021976027710244952
FL-1998-000359-UKR,FL-1998-000359-UKR,0.4313401008686612,0.00022294531760932933,0.970056066676692,0.00021626945788409183
FL-2016-000026-PNG,FL-2016-000026-PNG,0.4214026122014596,0.00017659249150304634,1.213394111780414,0.0002142762893744292
FL-2018-000092-MNG,FL-2018-000092-MNG,0.4282423136845046,0.0002074415589944268,1.031500359443832,0.0002139760426663401
FL-2021-000126-MYS,FL-2021-000126-MYS,0.42780893524394564,0.00020535179826286636,1.0369812416402933,0.00021294596273569417
India: Floods - Aug 1988,India: Floods - Aug 1988,0.4364614646253313,0.00025087596546887115,0.8427786995223563,0.00021143291991927078
FL-2023-000198-TCD,FL-2023-000198-TCD,0.4275418024955243,0.00020407313617545265,1.0338289067088517,0.00021097670726091483
FL-2013-000112-CAF,FL-2013-000112-CAF,0.42556394335924985,0.00019482659704400627,1.0824256912336399,0.0002108853139760563
FL-1994-000007-VNM,FL-1994-000007-VNM,0.42526681680742406,0.0001934705936360981,1.0899814138986574,0.0002108793511992868
FL-2012-000210-MWI,FL-2012-000210-MWI,0.4265075677322204,0.00019918994638493405,1.055907660515866,0.0002103261902855965
FL-2023-000001-COG,FL-2023-000001-COG,0.4235060955618625,0.00018560798480621988,1.1236428229072688,0.00020855708000179035
FL-2001-000524-MLI,FL-2001-000524-MLI,0.42996312800445313,0.0002159295786988059,0.9651997077307357,0.00020841516625050836
FL-2018-000360-RUS,FL-2018-000360-RUS,0.4229734937792844,0.00018328694208571178,1.1355339540901048,0.00020812854607967234
FL-2002-000510-MEX,FL-2002-000510-MEX,0.4344724892429633,0.00023967504726961383,0.867985419385465,0.0002080344464205469
FL-2009-000268-AGO,FL-2009-000268-AGO,0.4354584651784241,0.0002451700271808946,0.8462892322451147,0.00020748475407243318
FL-2017-000075-CHN,FL-2017-000075-CHN,0.4243197007334611,0.00018920471761832587,1.0948289270937435,0.00020714679799114643
FL-2003-000368-SDN,FL-2003-000368-SDN,0.4249804262249164,0.00019217163161150093,1.072361231723768,0.00020607740757727535
FL-2008-000125-SDN,FL-2008-000125-SDN,0.4193215956730267,0.00016806307203715546,1.22270091265696,0.0002054908715637624
FF-2005-000072-TJK,FF-2005-000072-TJK,0.4140245145752527,0.00014799960848132116,1.3809450525369613,0.00020437932710968776
FL-2021-000135-GIN,FL-2021-000135-GIN,0.41323419383740567,0.00014519862658515496,1.405762750329889,0.00020411482065247
FL-2000-000444-IND,FL-2000-000444-IND,0.4410796514334463,0.00027872134365954353,0.7306166341110584,0.00020363844995944727
FL-2021-000049-RWA,FL-2021-000049-RWA,0.41633618332629185,0.00015647377703798898,1.2970626710434043,0.0002029562951931441
FL-2006-000189-MYS,FL-2006-000189-MYS,0.42881400081433885,0.00021022751981145606,0.9652828195473719,0.0002029290130700533
Malaysia: Floods - Dec 1993,Malaysia: Floods - Dec 1993,0.4199268931206625,0.00017050490922607342,1.1835292726936872,0.00020179755120703784
FL-2006-000018-IRQ,FL-2006-000018-IRQ,0.4264495795192704,0.00019891929222769648,1.0127814906988197,0.00020146177731112058
Tanzania: Floods - Apr 1989,Tanzania: Floods - Apr 1989,0.4314713362631478,0.00022362455905960968,0.8981542921589569,0.0002008493575515426
FL-2024-000048-URY,FL-2024-000048-URY,0.42742976340199385,0.0002035389842991624,0.9844872518135657,0.00020038153528960687
FL-2009-000245-SRB,FL-2009-000245-SRB,0.42322093776091835,0.0001843620172960429,1.0840237655442986,0.0001998528082125995
ST-2012-000077-CHN,ST-2012-000077-CHN,0.4259528929708065,0.0001966145810203205,1.0110575814870275,0.00019878866277149045
FL-2023-000119-PAK,FL-2023-000119-PAK,0.4234859490764505,0.00018551970866985786,1.0619284545586885,0.00019700865751796028
FL-2005-000105-HTI,FL-2005-000105-HTI,0.4261284575422236,0.00019742647006466,0.9972865856131765,0.00019689077024044678
FL-2016-000097-PRK,FL-2016-000097-PRK,0.424461234254782,0.00018983676558745728,1.034797506250793,0.00019644261162461715
FL-2005-000104-IND,FL-2005-000104-IND,0.44720122132827855,0.0003199114686589064,0.6116122238015762,0.000195661764766102
FF-2023-000107-GEO,FF-2023-000107-GEO,0.42935654832873216,0.0002129025725989517,0.9175232708403509,0.00019534306478131543
FL-2011-000181-VEN,FL-2011-000181-VEN,0.43295001372869035,0.00023140757833938616,0.8434253806112476,0.00019517502483722387
Pakistan: Floods - Aug 1996,Pakistan: Floods - Aug 1996,0.42745990692625624,0.00020368257115907601,0.9536055804790171,0.0001942328365036094
FL-2016-000114-EGY,FL-2016-000114-EGY,0.42048637570197545,0.00017279027134405986,1.1202710928869943,0.00019357194611885022
FF-2006-000039-YEM,FF-2006-000039-YEM,0.42750199944568307,0.00020388322887090346,0.9450246075942967,0.00019267466835878373
FL-2021-000050-AFG,FL-2021-000050-AFG,0.4188435943632353,0.0001661570522638547,1.1586867556596938,0.000192523975817584
FL-2021-000043-YEM,FL-2021-000043-YEM,0.42530621355313214,0.00019364989965696321,0.9940613442321855,0.00019249987956342868
FL-2020-000237-LKA,FL-2020-000237-LKA,0.42167245029015643,0.00017772653579113223,1.0827634742900054,0.00019243580136673333
FL-2009-000247-MYS,FL-2009-000247-MYS,0.425578992321628,0.0001948955033689098,0.9816944353369297,0.00019132783112944858
FL-2012-000153-IDN,FL-2012-000153-IDN,0.4210166495170491,0.0001749817307240352,1.0883954096363029,0.00019044931249025555
FL-1997-000207-SYC,FL-1997-000207-SYC,0.418999109377045,0.00016677501881694586,1.1353708825085123,0.00018935150029456956
FL-2001-000314-GHA,FL-2001-000314-GHA,0.4238396923790639,0.00018707521690644886,1.0103874531958326,0.00018901845196616482
FL-2017-000004-THA,FL-2017-000004-THA,0.4202350450764033,0.00017176025306079118,1.0982925831634236,0.00018864301201893967
FL-2023-000215-GHA,FL-2023-000215-GHA,0.41542430121408513,0.0001530801856028043,1.232207094616741,0.00018862649074502294
FL-2021-000127-NER,FL-2021-000127-NER,0.4182123081898738,0.00016366963038819777,1.1513193602048528,0.0001884360141435046
FL-2010-000225-PAN,FL-2010-000225-PAN,0.41893988844241326,0.00016653945046179474,1.1284651586517427,0.00018793396738714323
FL-2007-000125-PHL,FL-2007-000125-PHL,0.42910528381935764,0.00021165991765222274,0.8878873967487101,0.0001879301732802784
FL-1998-000247-IRN,FL-1998-000247-IRN,0.4285186486309305,0.0002087840253855508,0.8997846466107959,0.00018786066049951728
ST-2012-000064-COD,ST-2012-000064-COD,0.4175729674463313,0.00016118467891571497,1.1546951626353135,0.00018611916903490228
FL-2021-000145-BEN,FL-2021-000145-BEN,0.4214270997533296,0.0001766951355927105,1.0516858033389702,0.000185827765621908
FF-2012-000102-PHL,FF-2012-000102-PHL,0.41080041440491466,0.00013687014593254072,1.350990691185349,0.00018491029305604277
FL-2012-000174-BEN,FL-2012-000174-BEN,0.4133526924129847,0.00014561553424505212,1.269611453402573,0.00018487515007085278
FL-2003-000037-MDG,FL-2003-000037-MDG,0.4143546930141475,0.00014918412816632736,1.2347603990507627,0.0001842066536266945
FL-2022-000249-CIV,FL-2022-000249-CIV,0.4220909718856364,0.00017949842043139716,1.023474098609534,0.00018371198405285938
FL-2024-000009-COD,FL-2024-000009-COD,0.4202375955568899,0.00017177067777770662,1.0680154458218882,0.00018345373700588523
FL-2015-000037-HTI,FL-2015-000037-HTI,0.4218947546562588,0.00017866573037787393,1.0256893838267023,0.00018325554290222923
FL-2009-000032-SLB,FL-2009-000032-SLB,0.41791809101709737,0.00016252183408259682,1.1239355242445161,0.00018266406279080372
FL-2013-000131-KHM,FL-2013-000131-KHM,0.4157096508016283,0.00015413492972969915,1.1821925826726243,0.0001822171706572165
UGA-2011-000110,UGA-2011-000110,0.4187205797163789,0.00016566969234551852,1.0988605320725724,0.00018204788627909586
FL-2006-000050-ARG,FL-2006-000050-ARG,0.424220103014749,0.00018876107886620078,0.9631552235503491,0.00018180621911298068
FF-2022-000209-AFG,FF-2022-000209-AFG,0.4195594578454084,0.0001690188550577127,1.0750035318817837,0.00018169586614165642
FF-2023-000136-VNM,FF-2023-000136-VNM,0.414872431988599,0.00015105871010877674,1.2027362338812573,0.00018168378409119074
FF-2013-000091-SDN,FF-2013-000091-SDN,0.41253941716488424,0.0001427757686056281,1.2681994555499518,0.00018106815201138346
FL-2010-000120-BRA,FL-2010-000120-BRA,0.4126331621516531,0.00014310054260162805,1.2635202173548898,0.00018081042869161175
FF-2021-000098-MNG,FF-2021-000098-MNG,0.4168595351989489,0.0001584518811427816,1.1320748662636826,0.0001793793921539434
FL-2006-000164-TZA,FL-2006-000164-TZA,0.41934152081754694,0.00016814294860849197,1.066054638511988,0.0001792495702971657
FL-1998-000179-RUS,FL-1998-000179-RUS,0.41922704529284976,0.00016768450070834908,1.0601281876011002,0.00017776706582473751
FL-2007-000149-CMR,FL-2007-000149-CMR,0.4201780718515654,0.00017152753169097173,1.035118095353682,0.000177551251904677
FL-1997-000177-MMR,FL-1997-000177-MMR,0.42348382144584035,0.0001855103882074434,0.9561349496906492,0.0001773729656958167
FL-2002-000641-THA,FL-2002-000641-THA,0.4152756517129441,0.00015253330649228232,1.1603592484795837,0.0001769934328894907
FL-2021-000023-DZA,FL-2021-000023-DZA,0.4195406412763251,0.0001689430681071943,1.0374171325327366,0.00017526443327704833
FL-2014-000038-ZAF,FL-2014-000038-ZAF,0.41832271750036853,0.0001641022368415516,1.0594723567177176,0.00017386178360916771
FL-2003-000273-TJK,FL-2003-000273-TJK,0.42051660547876263,0.0001729145346214425,1.0016291954033019,0.00017319624618641183
FL-2001-000375-IRN,FL-2001-000375-IRN,0.42297784536509575,0.00018330579966886529,0.9437442735893395,0.00017299379875320627
FF-2012-000196-COG,FF-2012-000196-COG,0.42229110128425573,0.0001803513089367049,0.9546774198450808,0.0001721773222813765
FL-2010-000003-KEN,FL-2010-000003-KEN,0.4222739200224678,0.00018027794495194916,0.9550122542299223,0.00017216764659649882
FF-2021-000090-SDN,FF-2021-000090-SDN,0.4134731078007919,0.00014604028906620083,1.1734838122689721,0.00017137591515826805
El Salvador: Floods in South Eastern Region - Oct 1992,El Salvador: Floods in South Eastern Region - Oct 1992,0.4213883582720389,0.00017653276824238152,0.9628448857586056,0.00016997367307098623
FL-2021-000096-PAN,FL-2021-000096-PAN,0.4181342358966987,0.00016336434682619034,1.037436087285692,0.00016948006877334567
FL-2006-000058-TJK,FL-2006-000058-TJK,0.4073993551812787,0.0001259515083361568,1.3389011984588786,0.00016863662545898376
FL-2008-000011-TZA,FL-2008-000011-TZA,0.4233023359023954,0.00018471690806338355,0.9097876410731471,0.0001680531600533111
FL-2013-000074-HTI,FL-2013-000074-HTI,0.40891928188603954,0.00013073019063171578,1.2836627123722097,0.00016781347109524433
FL-2005-000038-MDG,FL-2005-000038-MDG,0.41581924515256585,0.00015454176107796623,1.0792517862358992,0.00016678947169143662
FL-2011-000059-CHN,FL-2011-000059-CHN,0.4152951265762495,0.0001526048539631499,1.0913766390536792,0.00016654937262158007
FL-2010-000075-TJK,FL-2010-000075-TJK,0.41603367200054236,0.00015534054339541242,1.0707477241626986,0.00016633053331083477
FL-2007-000139-KEN,FL-2007-000139-KEN,0.4171645233071848,0.00015961499130313803,1.0383627898563688,0.00016573826767242642
FL-2007-000106-IDN,FL-2007-000106-IDN,0.4220493139686562,0.00017932134461790436,0.9201287593720849,0.00016499872635220643
FL-2002-000540-DZA,FL-2002-000540-DZA,0.41735113991741357,0.00016033046064423186,1.0289137907994723,0.0001649662220420822
FL-2024-000162-CMR,FL-2024-000162-CMR,0.41142368866696444,0.00013896100162994433,1.17910520477484,0.0001638496402825924
FL-2018-000419-PRY,FL-2018-000419-PRY,0.413721433206212,0.00014691975819402218,1.1119284382912396,0.00016336425728280562
FL-2024-000139-TCD,FL-2024-000139-TCD,0.4201715504865564,0.00017150091165541007,0.9523043457078162,0.00016332106346229926
FL-2012-000050-AFG,FL-2012-000050-AFG,0.41480144726832435,0.00015080044739595072,1.0763489315759105,0.00016231390043580085
FL-2023-000259-COG,FL-2023-000259-COG,0.4108878140042942,0.00013716162215159655,1.1831497507677173,0.0001622827390635573
FL-2024-000198-SEN,FL-2024-000198-SEN,0.4083523823649532,0.00012892909566791615,1.257934930722009,0.00016218441302707134
FL-2012-000110-IND,FL-2012-000110-IND,0.42181374240648906,0.0001783229526571724,0.9076110411740193,0.0001618478807264016
FL-2004-000022-AFG,FL-2004-000022-AFG,0.41460988770980234,0.0001501054809433152,1.0740305380391386,0.0001612178704601725
FL-2007-000206-COG,FL-2007-000206-COG,0.4197895613112709,0.00016994811427207944,0.9410945726804741,0.00015993724797873498
FL-2008-000239-NIC,FL-2008-000239-NIC,0.41976090958251316,0.00016983215588600104,0.9387623897424877,0.00015943204051466103
FL-2013-000006-IDN,FL-2013-000006-IDN,0.4208765916846481,0.000174400497018726,0.9117255836627187,0.00015900539493546618
FF-2020-000153-BIH,FF-2020-000153-BIH,0.4166014319938418,0.00015747353772488156,1.0072124375171865,0.00015860930577633257
FL-2013-000045-AFG,FL-2013-000045-AFG,0.4090067968670225,0.0001310102428393539,1.2079080109237867,0.00015824832183872626
FL-2007-000161-UGA,FL-2007-000161-UGA,0.4187648023486768,0.00016584474542761523,0.9520505600973528,0.00015789258277356397
FL-2019-000162-MYS,FL-2019-000162-MYS,0.4144235191401592,0.00014943211483140633,1.0555900890857195,0.00015773905940715167
FL-2016-000084-PHL,FL-2016-000084-PHL,0.41584511463454443,0.00015463793350843936,1.015846385922298,0.00015708838588104074
FL-2018-000060-LKA,FL-2018-000060-LKA,0.4144834405873225,0.0001496483191849061,1.0416733122822366,0.0001558846603228105
Tunisia: Floods - Oct 1986,Tunisia: Floods - Oct 1986,0.40969405988043445,0.00013322835696379497,1.1587436410513112,0.0001543775114395116
FL-1997-000270-ETH,FL-1997-000270-ETH,0.41194816486016866,0.00014074265036830653,1.0963520332427232,0.00015430349089526257
FL-2009-000034-MAR,FL-2009-000034-MAR,0.4127720546255287,0.00014358294980555615,1.0737840903093678,0.00015417708714089473
FF-2011-000071-GEO,FF-2011-000071-GEO,0.4051916062628007,0.00011929009972348918,1.2913032050986575,0.00015403968810948006
FL-2002-000808-MWI,FL-2002-000808-MWI,0.41718913208131814,0.0001597091740994304,0.9632105028592333,0.00015383355389554518
FL-2002-000374-IND,FL-2002-000374-IND,0.4376547083740936,0.00025781967138989215,0.5937469444772157,0.0001530796421138683
FL-2016-000085-MLI,FL-2016-000085-MLI,0.4162182291602785,0.0001560310285671276,0.9795200396753964,0.00015283551929266574
FL-2020-000193-SSD,FL-2020-000193-SSD,0.41988536511654745,0.0001703363661189192,0.8956131601804282,0.00015255549115341565
Indonesia: Floods - Feb 1993,Indonesia: Floods - Feb 1993,0.40553208605025526,0.00012029628527629135,1.260456071218516,0.000151628183121536
FL-2008-000035-PRY,FL-2008-000035-PRY,0.4163323183244546,0.00015645925160887288,0.9689476692755781,0.0001516008271830186
FL-2009-000117-GTM,FL-2009-000117-GTM,0.41579796384479684,0.00015446268601161057,0.9753116506378312,0.00015064925725593694
1986-04-01T00:00:00+00:00,1986-04-01T00:00:00+00:00,0.41916714049901177,0.00016744504457569498,0.8870822721015816,0.00014853753059435813
FL-2005-000138-PNG,FL-2005-000138-PNG,0.40834614689137877,0.0001289094097602479,1.1437040377671508,0.00014743421244897567
FL-2022-000321-CAF,FL-2022-000321-CAF,0.4102379538758192,0.00013500764880781049,1.0900469195589455,0.00014716467169984977
FL-2008-000175-UGA,FL-2008-000175-UGA,0.41607799589458566,0.00015550612133251673,0.9427683053348588,0.00014660624247785374
India: Floods - Jun 1994,India: Floods - Jun 1994,0.4117925016247626,0.00014021172822478687,1.040373182144351,0.00014587252186718043
FL-2023-000249-AGO,FL-2023-000249-AGO,0.41088685817310194,0.00013715843145136253,1.0611307451784342,0.0001455430285734895
FL-2010-000096-IDN,FL-2010-000096-IDN,0.40944795320354216,0.00013243020292501778,1.0988211437996545,0.00014551710705168838
FL-2007-000009-PER,FL-2007-000009-PER,0.41183056736344575,0.0001403413926481768,1.031150965068591,0.00014471316246823758
FL-2005-000108-PAK,FL-2005-000108-PAK,0.41523684631280033,0.0001523908317869039,0.9455697739530514,0.0001440961643652602
FL-2000-000002-AGO,FL-2000-000002-AGO,0.4185595355025434,0.00016503361144995328,0.8697971671955873,0.0001435457677312266
FL-2020-000164-IND,FL-2020-000164-IND,0.4064268687964687,0.0001229770620491957,1.1662775244540442,0.00014342538349136735
FF-2024-000087-ARM,FF-2024-000087-ARM,0.4078135184542415,0.00012723780822494502,1.124649599359199,0.00014309795004352702
FL-2013-000011-ZWE,FL-2013-000011-ZWE,0.4073972311541599,0.0001259449418519547,1.135178854405228,0.000142970034809635
FL-2006-000115-HTI,FL-2006-000115-HTI,0.4168870435269521,0.00015855647370980716,0.9014960977071197,0.00014293804231559266
FL-2018-000015-BOL,FL-2018-000015-BOL,0.4133636529679279,0.00014565415060220245,0.980600451614799,0.00014282852586008967
FL-2006-000133-NER,FL-2006-000133-NER,0.4154437798222252,0.00015315197769997127,0.9314416156120189,0.00014265212554303712
FL-2019-000031-SYR,FL-2019-000031-SYR,0.4054975424513166,0.00012019385505466896,1.178799139258512,0.0001416844128826061
FL-2009-000089-BRA,FL-2009-000089-BRA,0.41807302609514513,0.00016312535862966334,0.8672804440779367,0.0001414754334727071
Brazil: Floods - Apr 1989,Brazil: Floods - Apr 1989,0.4113336582856032,0.00013865721747832754,1.0184196369495275,0.00014121123308471
FL-2013-000157-BRA,FL-2013-000157-BRA,0.4124525062355718,0.0001424752635641791,0.991056400942879,0.00014120102193130343
FL-2024-000218-MYS,FL-2024-000218-MYS,0.41261537032249246,0.00014303885278382894,0.9835826898124584,0.00014069053956880672
FL-2022-000207-VEN,FL-2022-000207-VEN,0.40872761231670496,0.0001301187199828281,1.080082826119319,0.0001405389948100813
FL-2018-000414-IRQ,FL-2018-000414-IRQ,0.40180041069952954,0.00010967402021018092,1.279393971195808,0.00014031628025371268
1996-10-01T00:00:00+00:00,1996-10-01T00:00:00+00:00,0.41686774985405545,0.00015848310851976209,0.8851967262744405,0.00014028872883149027
FL-2011-000067-PHL,FL-2011-000067-PHL,0.40854513528577885,0.00012953896877623388,1.0816683359942454,0.0001401182008025994
FL-2010-000092-LKA,FL-2010-000092-LKA,0.4040249771477159,0.00011589965514338446,1.2070220613503797,0.00013989344066096603
FL-2009-000102-HTI,FL-2009-000102-HTI,0.41582545217338124,0.00015456483139941865,0.9021112794083416,0.00013943467780526417
FL-2020-000175-GEO,FL-2020-000175-GEO,0.40881833571547616,0.00013040782721017506,1.0606407542579777,0.0001383158562133441
FL-2013-000083-THA,FL-2013-000083-THA,0.4058812841745251,0.00012133616316287316,1.1294300963517903,0.00013704071445200038
FL-2018-000029-RWA,FL-2018-000029-RWA,0.4040429025784792,0.00011595108676761214,1.1779991519684878,0.00013659028188207166
FL-2006-000027-IDN,FL-2006-000027-IDN,0.41235010445696907,0.00014212192758588255,0.9608535718134472,0.00013655836175390735
FL-2023-000189-MMR,FL-2023-000189-MMR,0.4136243256643832,0.00014657527623988838,0.9311581587735362,0.00013648476434525693
FL-2010-000115-MMR,FL-2010-000115-MMR,0.4114805175367007,0.00013915306414960887,0.9799014922135285,0.0001363562952062866
FL-2019-000067-UGA,FL-2019-000067-UGA,0.4085027002389345,0.00012940448122269235,1.0531125508651717,0.00013627748331381374
FL-2021-000005-IDN,FL-2021-000005-IDN,0.4095498380342534,0.0001327601043735425,1.0205820190497432,0.00013549257537080465
FL-2010-000049-AGO,FL-2010-000049-AGO,0.4166826985728761,0.0001577809916670327,0.8544449470857646,0.0001348151710760772
FL-2005-000094-AFG,FL-2005-000094-AFG,0.4061664356098653,0.00012219130903647518,1.1022905778568743,0.00013469032864690415
Egypt: Floods - Nov 1994,Egypt: Floods - Nov 1994,0.4066104274217903,0.00012353360580699647,1.0804014986266677,0.00013346589284463501
FL-2009-000176-MLI,FL-2009-000176-MLI,0.41067970866028575,0.00013646851086346646,0.9776318968582874,0.00013341596913687653
FL-2007-000194-GTM,FL-2007-000194-GTM,0.40765106697330467,0.00012673186723625716,1.041926920218741,0.00013204534412304377
FL-2005-000132-MKD,FL-2005-000132-MKD,0.4073113371579424,0.00012567965638421818,1.0452123135987392,0.00013136192442164324
FL-1999-000031-LKA,FL-1999-000031-LKA,0.40872753916996046,0.00013011848711984522,1.0064884283055866,0.00013096275159475373
FL-2017-000134-CAF,FL-2017-000134-CAF,0.4073029461803819,0.0001256537676518814,1.0409891559456468,0.00013080420952932243
FL-2021-000108-SSD,FL-2021-000108-SSD,0.4063398309096562,0.00012271395556492497,1.0642062462831952,0.0001305929580183116
FL-2019-000181-IDN,FL-2019-000181-IDN,0.40683909238796717,0.00012423008082982728,1.0475272120348138,0.00013013439022252854
FL-2016-000072-SDN,FL-2016-000072-SDN,0.4031403760032498,0.00011338692180051124,1.1398024130767133,0.0001292386870795633
FL-2020-000126-ETH,FL-2020-000126-ETH,0.3977140967027025,9.901701852813469e-05,1.305209086561218,0.0001292379123071219
FL-2024-000144-MLI,FL-2024-000144-MLI,0.4073093851380364,0.0001256736333772957,1.0257206390657925,0.00012890603954147985
FL-2024-000064-RWA,FL-2024-000064-RWA,0.39717512956562134,9.76833306107614e-05,1.3163910113884745,0.00012858945837849494
FL-2023-000085-HTI,FL-2023-000085-HTI,0.40550613384603057,0.00012021932330546059,1.0690779120906408,0.00012852382315235153
FL-2010-000151-COD,FL-2010-000151-COD,0.40541313463789375,0.00011994389540113827,1.0701901252471506,0.0001283627724419753
FL-2018-000134-IND,FL-2018-000134-IND,0.4097847577956282,0.00013352359138947713,0.9601907828334073,0.00012820812174299005
FL-2019-000047-GEO,FL-2019-000047-GEO,0.4014424390577317,0.00010870082152811669,1.178251681752609,0.0001280769257733937
1995-09-01T00:00:00+00:00,1995-09-01T00:00:00+00:00,0.4069096206321371,0.0001244456099632206,1.02827893467495,0.0001279647992379548
FL-1999-000253-PHL,FL-1999-000253-PHL,0.39750461365937,9.84967128278997e-05,1.2987188406129038,0.000127919536688032
FL-2010-000042-SRB,FL-2010-000042-SRB,0.40541271542519913,0.00011994265514113367,1.0641610204580652,0.0001276382982914386
FL-2007-000127-MRT,FL-2007-000127-MRT,0.41463120281851973,0.0001501826680783534,0.8469121364760579,0.00012719152428391294
FL-1999-000244-VNM,FL-1999-000244-VNM,0.40264001394276394,0.00011198744189909404,1.132847715441496,0.00012686471771352595
FL-2010-000141-PAK,FL-2010-000141-PAK,0.40486898045396114,0.00011834367191637841,1.0692104601626595,0.00012653429190704978
FL-2023-000176-IDN,FL-2023-000176-IDN,0.40949308019955877,0.00013257623228073203,0.9542932210618613,0.0001265165997394253
FL-2014-000079-PHL,FL-2014-000079-PHL,0.4059359762049176,0.00012149976140629435,1.0365063874391671,0.0001259352787699589
FL-2011-000063-HTI,FL-2011-000063-HTI,0.40176453773243725,0.0001095761419571475,1.148278435508363,0.00012582392085559564
FL-2020-000128-KEN,FL-2020-000128-KEN,0.4061857244513959,0.0001222493500842066,1.0272567357494566,0.00012558146831499463
Iran: Floods - Nov 1994,Iran: Floods - Nov 1994,0.41687221301800215,0.0001585000772148942,0.7892158406827257,0.00012509077168742965
FL-2004-000100-PAN,FL-2004-000100-PAN,0.40595769474274856,0.00012156478231423336,1.0286129960378907,0.00012504311494893758
Russia: Floods - Sep 1994,Russia: Floods - Sep 1994,0.41354311712229086,0.00014628775317193052,0.8535275801300156,0.00012486063196749488
FF-2014-000059-SRB,FF-2014-000059-SRB,0.4093248910394787,0.00013203271350195072,0.9418030548326259,0.00012434881291397809
FL-2022-000331-SLV,FL-2022-000331-SLV,0.4049536436884521,0.00011859137653382048,1.046746663649171,0.00012413512772433918
FL-2002-000225-ETH,FL-2002-000225-ETH,0.4065491284202828,0.00012334749765409425,1.0009847442519026,0.0001234689633933957
FF-2007-000008-LKA,FF-2007-000008-LKA,0.40432870738262006,0.00011677389701001427,1.0463980201857406,0.0001221919746406525
FL-2003-000027-TUN,FL-2003-000027-TUN,0.4100805743813025,0.0001344906124718563,0.9069463005317308,0.00012197576343759672
FL-2015-000053-CAF,FL-2015-000053-CAF,0.39871843021984577,0.00010154606716041679,1.200744524918978,0.0001219308841699253
FL-2004-000116-CAF,FL-2004-000116-CAF,0.4131685919490471,0.00014496828499256108,0.8356212418186781,0.00012113857832980793
Viet Nam: Floods - Oct 1996,Viet Nam: Floods - Oct 1996,0.39726665523831745,9.79086672141017e-05,1.2349455247629835,0.00012091187041156315
FL-2015-000081-PHL,FL-2015-000081-PHL,0.39806718453226864,9.989960504085103e-05,1.208181772549164,0.00012069688189521678
FL-2019-000153-COD,FL-2019-000153-COD,0.3998808137736911,0.00010454557905921556,1.1527833414890951,0.00012051840196579488
ST-2012-000061-VNM,ST-2012-000061-VNM,0.3912868732067705,8.413036738774578e-05,1.4292565034998714,0.00012024387473076915
FL-2009-000132-GHA,FL-2009-000132-GHA,0.40492513664913043,0.00011850791961599243,1.00457015880135,0.00011904951962785514
FL-2011-000007-ZAF,FL-2011-000007-ZAF,0.4019041384195414,0.00010995748087184123,1.0794985641478076,0.00011869894271846263
FL-2008-000103-SLV,FL-2008-000103-SLV,0.4035827056397019,0.00011463717504743386,1.0346663695692608,0.00011861122972400424
FL-2010-000162-HND,FL-2010-000162-HND,0.39681185717332756,9.679354785570643e-05,1.2241609596770127,0.00011849088243358444
FL-2020-000198-SEN,FL-2020-000198-SEN,0.3979086653481401,9.950249479167184e-05,1.1855921930050197,0.00011796938100952877
Gabon: Inondations - Nov 1988,Gabon: Inondations - Nov 1988,0.41157776581071626,0.00013948228499397356,0.8449363174492606,0.00011785364823221628
FL-2010-000119-PAN,FL-2010-000119-PAN,0.40413808608491464,0.00011622453144949607,1.0125237531271618,0.00011768009878868962
FF-2013-000029-SRB,FF-2013-000029-SRB,0.3985131028991128,0.00010102434733756838,1.161108725475724,0.00011730025117914086
FL-2024-000077-LKA,FL-2024-000077-LKA,0.4004933340831416,0.0001061580468805906,1.0924845776964491,0.00011597602901542188
LS-2022-000224-GTM,LS-2022-000224-GTM,0.3977684375776189,9.915239167600123e-05,1.1665467743114344,0.00011566590267490315
FL-2006-000070-IND,FL-2006-000070-IND,0.420144839625462,0.00017139191744167502,0.6719340637740063,0.0001151640675846037
FL-2024-000020-PAK,FL-2024-000020-PAK,0.3983450562061837,0.00010059915105879154,1.1424260343540067,0.0001149270892034749
FL-1999-000286-GMB,FL-1999-000286-GMB,0.3982988654280154,0.000100482560453535,1.1434551069584922,0.00011489729691086001
FL-2023-000199-SDN,FL-2023-000199-SDN,0.3999330854179178,0.00010468231942771275,1.0919778288263946,0.00011431077188518487
FL-2009-000187-CIV,FL-2009-000187-CIV,0.3980801246752609,9.993208459062485e-05,1.1423006536672147,0.00011415248555019815
FL-2006-000025-PNG,FL-2006-000025-PNG,0.4041619265892008,0.00011629311165017491,0.9790102886598242,0.0001138521528057869
FL-2011-000190-AGO,FL-2011-000190-AGO,0.40829126947097577,0.00012873627382375036,0.8834264830455577,0.00011372903362450567
FL-2016-000123-DOM,FL-2016-000123-DOM,0.4017194083762107,0.00010945311960445614,1.0354648515724754,0.00011333485824537257
FL-2006-000112-ETH,FL-2006-000112-ETH,0.4004532269310989,0.00010605178347125871,1.0654891162362259,0.00011299702104606703
FL-2003-000359-PAK,FL-2003-000359-PAK,0.4030758375201375,0.0001132055321196429,0.9970856486805502,0.000112875611427741
FL-2007-000051-TUN,FL-2007-000051-TUN,0.399317282056781,0.00010308157945741873,1.093065903907382,0.00011267495982582403
FL-2016-000130-VCT,FL-2016-000130-VCT,0.40344851340135535,0.00011425657345847893,0.9845629160937495,0.00011249278514715971
FF-2023-000051-KEN,FF-2023-000051-KEN,0.40538033732175327,0.00011984689790050692,0.9345216780382686,0.00011199952413366278
FL-2023-000018-MOZ,FL-2023-000018-MOZ,0.39852978936298933,0.00010106665602900033,1.105614086557909,0.00011174071858696558
FL-2003-000571-DOM,FL-2003-000571-DOM,0.4030707631463706,0.00011319128133636528,0.9832757048107912,0.00011129823693445112
FF-2013-000090-PAK,FF-2013-000090-PAK,0.39206467611530826,8.581775594714972e-05,1.2950234787084862,0.00011113600884163371
FL-2007-000210-PHL,FL-2007-000210-PHL,0.4052579168135625,0.00011948546458248306,0.9253870742606627,0.00011057030448666004
Iran: Floods - Jul 1994,Iran: Floods - Jul 1994,0.4059678276700617,0.0001215951289608867,0.9087721063099059,0.00011050226146280965
FL-2013-000085-NIC,FL-2013-000085-NIC,0.3969989606616346,9.725091538688281e-05,1.1269320283443198,0.00010959517133528167
FF-2008-000194-VNM,FF-2008-000194-VNM,0.3959365330443726,9.467945717233442e-05,1.1575172522881112,0.00010959310511425044
FF-2022-000309-SLE,FF-2022-000309-SLE,0.394385399788278,9.103497748665307e-05,1.196452650536421,0.00010891904010542948
FL-2016-000122-SRB,FL-2016-000122-SRB,0.39391663495407125,8.995870872753266e-05,1.2064462530292113,0.00010853034707167798
FL-2023-000200-ZAF,FL-2023-000200-ZAF,0.39554173889302097,9.37396191349644e-05,1.1520700678179971,0.00010799460937405166
FF-2006-000163-AFG,FF-2006-000163-AFG,0.4000873097416257,0.00010508670219114365,1.0230726450626195,0.00010751133037160111
FL-1999-000071-MOZ,FL-1999-000071-MOZ,0.40067016761899754,0.00010662770877831446,1.007486678899522,0.00010742599619572945
Azerbaijan: Floods - Jun 1995,Azerbaijan: Floods - Jun 1995,0.40436347277221263,0.00011687434155177142,0.9175461452516915,0.00010723760156965747
FL-1998-000040-URY,FL-1998-000040-URY,0.3996848074895355,0.0001040342654395734,1.0305409604819116,0.0001072115718291281
FL-2020-000196-NGA,FL-2020-000196-NGA,0.3994215861909415,0.0001033511516043989,1.0372433952384017,0.0001072002993919455
FL-2007-000138-UGA,FL-2007-000138-UGA,0.39925225391448915,0.00010291383581530366,1.0368375020093747,0.00010670492444894236
FL-2016-000045-ETH,FL-2016-000045-ETH,0.40031746234147786,0.0001056927869716765,1.0095022581351816,0.00010669710711650813
FF-2013-000100-RUS,FF-2013-000100-RUS,0.39621031454872463,9.533618595581811e-05,1.1177984678138433,0.00010656664258862913
FL-2021-000129-VEN,FL-2021-000129-VEN,0.3921979354128695,8.610988941222165e-05,1.2359545412754298,0.00010642790886776039
Viet Nam: Floods - Oct 1992,name=Viet Nam: Floods - Oct 1992,0.3994848789681177,0.00010351503978926496,1.0249575418914962,0.00010609852073120543
FL-2013-000055-UGA,FL-2013-000055-UGA,0.4003551877230258,0.0001057924326885408,1.0009376405503114,0.00010589162796334568
FL-2000-000375-CHL,FL-2000-000375-CHL,0.39975339988265524,0.00010421294305078789,1.0133991498781652,0.00010560930789397008
FL-2017-000053-THA,FL-2017-000053-THA,0.3972225976533348,9.780013891807207e-05,1.0792293459598103,0.0001055487799593295
FL-2003-000531-IDN,FL-2003-000531-IDN,0.40433381621345477,0.00011678865262832273,0.8955935776847792,0.00010459516724038445
FL-2024-000209-PAN,FL-2024-000209-PAN,0.3958204415460202,9.440221605054342e-05,1.105818542180244,0.00010439172093159636
FL-2009-000265-MAR,FL-2009-000265-MAR,0.39758016279171615,9.868407439477508e-05,1.0552948747389153,0.00010414079792715996
Tanzania: Floods - Feb 1993,Tanzania: Floods - Feb 1993,0.4058552676805678,0.00012125841059605935,0.8543614220163771,0.00010359850810829499
Indonesia: Floods and Landslides - Mar 1984,Indonesia: Floods and Landslides - Mar 1984,0.3905512387899868,8.256199847453132e-05,1.2434734814113138,0.00010266365567540105
FL-2023-000108-SRB,FL-2023-000108-SRB,0.38781922399126656,7.696501001297137e-05,1.3327736774425698,0.00010257693942939207
FL-2006-000013-MWI,FL-2006-000013-MWI,0.4013074389484681,0.00010833582684295508,0.9463273276685,0.00010252115350705103
Zambia: Floods - Apr 2004,Zambia: Floods - Apr 2004,0.4063596229197638,0.00012277374021025833,0.8301170229297365,0.00010191657171728853
FL-2001-000180-IRN,FL-2001-000180-IRN,0.40046795258380113,0.00010609078778120421,0.9510109146925885,0.00010089349712826031
FL-2020-000176-SDN,FL-2020-000176-SDN,0.3982042701152295,0.00010024417094499645,1.0057698073879717,0.000100822560503116
FL-2008-000234-BRA,FL-2008-000234-BRA,0.3989213329241916,0.00010206400706741264,0.9860207753496221,0.00010063723138389953
FL-2022-000356-ETH,FL-2022-000356-ETH,0.3987717198764657,0.00010168186752431887,0.9852801574957187,0.0001001851264488197
FL-1999-000391-MEX,FL-1999-000391-MEX,0.40055207651823554,0.00010631385720863389,0.9381273009124613,9.973593191272854e-05
FL-2021-000066-GUY,FL-2021-000066-GUY,0.396417980130538,9.583705139172989e-05,1.0204156206178399,9.779362427407586e-05
FL-2009-000266-ALB,FL-2009-000266-ALB,0.4047678828559991,0.00011804849430073487,0.8243171924381797,9.730940339353623e-05
FL-2007-000011-ZMB,FL-2007-000011-ZMB,0.39348072437657555,8.896816277102392e-05,1.0897552028147803,9.695351826459556e-05
FL-2022-000286-MRT,FL-2022-000286-MRT,0.39477418293369143,9.193638722046742e-05,1.0505974879699613,9.658813746685674e-05
FL-2023-000229-ETH,FL-2023-000229-ETH,0.40024798361067393,0.00010550949074492177,0.9110164433296456,9.612088099596079e-05
USA: Storms and Tornadoes - Apr 2011,USA: Storms and Tornadoes - Apr 2011,0.383066781615747,6.803696451374784e-05,1.4111840373957132,9.601267827465954e-05
FL-2017-000017-PAK,FL-2017-000017-PAK,0.3905218171331485,8.249982257444371e-05,1.1625966759620305,9.591401949250554e-05
FL-2021-000152-GEO,FL-2021-000152-GEO,0.39406894432481215,9.030714333553696e-05,1.0591574472605578,9.564948340466063e-05
FL-2005-000062-TZA,FL-2005-000062-TZA,0.4026674835152716,0.0001120638672827657,0.8523963030224688,9.552282617423009e-05
FL-2011-000022-AFG,FL-2011-000022-AFG,0.38486104762639634,7.12917995159241e-05,1.338976142877644,9.545801873463833e-05
FL-2010-000023-ECU,FL-2010-000023-ECU,0.3955654621949011,9.379585627397937e-05,1.0050325257665347,9.426788633747235e-05
FL-2024-000230-GAB,FL-2024-000230-GAB,0.40375286439733543,0.00011512142697954568,0.815792210566319,9.391516339919265e-05
FL-2008-000246-GUY,FL-2008-000246-GUY,0.3958913810855188,9.457154164874112e-05,0.9929554839580661,9.390533090648613e-05
FL-2011-000148-KHM,FL-2011-000148-KHM,0.3906164135262967,8.269988048842868e-05,1.1234947898668675,9.291288485136223e-05
FL-2019-000167-BDI,FL-2019-000167-BDI,0.39614744123081125,9.518500806900058e-05,0.9726765386670255,9.258422418154837e-05
FF-2013-000084-GEO,FF-2013-000084-GEO,0.3875391028974451,7.641089664122238e-05,1.2112001793088392,9.254889171299772e-05
FL-2022-000287-TCD,FL-2022-000287-TCD,0.39259005381873563,8.697469741213901e-05,1.0617334466933017,9.234394525849734e-05
FL-1999-000160-PER,FL-1999-000160-PER,0.39763303971727226,9.881539972279524e-05,0.9293539712618099,9.18344841542029e-05
FL-2010-000015-PSE,FL-2010-000015-PSE,0.3907425613512503,8.296734451964864e-05,1.1058643718376864,9.175063033026216e-05
FL-2009-000174-NER,FL-2009-000174-NER,0.39776934680566567,9.915465814699855e-05,0.9234579036877298,9.156515275330077e-05
FL-2019-000145-TZA,FL-2019-000145-TZA,0.38961609672799086,8.060628608989883e-05,1.1357699773076055,9.155019972317476e-05
FL-2004-000063-PRK,FL-2004-000063-PRK,0.3959201505702187,9.464028940529393e-05,0.9650636272415313,9.133390097666123e-05
ST-1998-000296-PHL,ST-1998-000296-PHL,0.39047907140941107,8.240956441335251e-05,1.108207062894622,9.132686133294654e-05
FL-2009-000080-AFG,FL-2009-000080-AFG,0.3967944630179009,9.675112699768926e-05,0.9418755588090846,9.112752180635728e-05
FL-2016-000042-KEN,FL-2016-000042-KEN,0.39125032434044604,8.405181690160243e-05,1.0774902859535458,9.056501622822268e-05
FL-2022-000290-SEN,FL-2022-000290-SEN,0.39566419229232197,9.403022663447229e-05,0.9602028308095506,9.02880897960839e-05
FL-2024-000015-ECU,FL-2024-000015-ECU,0.39039871079034527,8.224012245402104e-05,1.0902025804351165,8.965839371467371e-05
FL-2018-000112-GEO,FL-2018-000112-GEO,0.3924167464122343,8.659151268892205e-05,1.0222629843578837,8.8519298181441e-05
FL-2023-000158-GIN,FL-2023-000158-GIN,0.383479251676194,6.877311761115256e-05,1.2862993830803735,8.846281875573951e-05
FL-2005-000002-GUY,FL-2005-000002-GUY,0.39149782611591954,8.458503800558845e-05,1.0423752684972483,8.816935170192521e-05
FL-2024-000223-LBY,FL-2024-000223-LBY,0.3940111811004677,9.017485703503335e-05,0.9752075934483906,8.793920531868755e-05
Haiti: Floods - Feb 1996,Haiti: Floods - Feb 1996,0.3928107829525269,8.746494147899184e-05,0.994604051610094,8.699298516884506e-05
FL-2021-000204-BRA,FL-2021-000204-BRA,0.38356007344124865,6.891820080239447e-05,1.2616737641161433,8.695228582246924e-05
FL-2001-000407-IDN,FL-2001-000407-IDN,0.3975353163956087,9.85728168481359e-05,0.8809214759172519,8.683491130318083e-05
FL-2008-000086-MEX,FL-2008-000086-MEX,0.39417553730095783,9.055171558247405e-05,0.9563543144258493,8.659952387596147e-05
FL-2013-000116-NGA,FL-2013-000116-NGA,0.38437731595608754,7.040078446603092e-05,1.2298958129711375,8.658563004465491e-05
FL-2019-000048-TZA,FL-2019-000048-TZA,0.3845653401884903,7.074592006488218e-05,1.2213880740169378,8.640822305260268e-05
FL-2024-000145-SSD,FL-2024-000145-SSD,0.3958813381834796,9.454755364698893e-05,0.9086488837386558,8.591052908155717e-05
FL-1998-000111-TJK,FL-1998-000111-TJK,0.3905909386549714,8.264596184700656e-05,1.0388109267052203,8.585352821473318e-05
FL-2022-000328-HND,FL-2022-000328-HND,0.3879346994197527,7.719448511068702e-05,1.1114267603705184,8.579601650504108e-05
FL-2007-000174-CAF,FL-2007-000174-CAF,0.39799733795893033,9.972445525548179e-05,0.8591414557936258,8.567741366642091e-05
FL-2001-000332-IND,FL-2001-000332-IND,0.40838387629224027,0.00012902856596023769,0.6620849087194431,8.542786631598461e-05
FL-2009-000031-DOM,FL-2009-000031-DOM,0.3937289020984438,8.95309016448357e-05,0.9531752822708737,8.53386424472821e-05
FL-1999-000548-YEM,FL-1999-000548-YEM,0.39736710318181473,9.815650885352133e-05,0.8676218575905326,8.516273254609374e-05
FL-2016-000021-PAK,FL-2016-000021-PAK,0.384208426088467,7.009206444239625e-05,1.2119023313188628,8.494473630469199e-05
FL-2017-000139-ETH,FL-2017-000139-ETH,0.3829645970717537,6.785569098805682e-05,1.2467115336640937,8.459647257955714e-05
India: Floods - Aug 2003,India: Floods - Aug 2003,0.41842319598132094,0.00016449682638746232,0.512689258225858,8.43357559010958e-05
FF-2010-000204-LCA,FF-2010-000204-LCA,0.38317571096830094,6.823068304106085e-05,1.228383169783597,8.381342271047824e-05
Brazil: Floods - Dec 1989,Brazil: Floods - Dec 1989,0.38995336401544706,8.130677068969362e-05,1.0188400740791148,8.283859627262105e-05
FL-2004-000028-DOM,FL-2004-000028-DOM,0.3941521586283481,9.049802341266887e-05,0.9133490270228894,8.265628163145579e-05
FL-2006-000047-COD,FL-2006-000047-COD,0.39016924031247974,8.175800400338875e-05,1.0080124870300073,8.24130889500652e-05
FL-2002-000026-SEN,FL-2002-000026-SEN,0.3882775078783407,7.787935299524118e-05,1.0546693276059735,8.213696485787928e-05
FL-2025-000038-BOL,FL-2025-000038-BOL,0.38834350080040403,7.801182058885969e-05,1.0525186156126618,8.210889340760994e-05
FL-2021-000038-KEN,FL-2021-000038-KEN,0.37674942229055586,5.761372434340119e-05,1.4217705075722322,8.191349410284418e-05
FL-2022-000305-GIN,FL-2022-000305-GIN,0.37761013223445156,5.894356376317955e-05,1.381125092626501,8.140843496215743e-05
FL-2023-000144-SVN,FL-2023-000144-SVN,0.37745074398714895,5.869523657236993e-05,1.3855662998699905,8.132614175757234e-05
FL-2008-000155-CHL,FL-2008-000155-CHL,0.3861631944838584,7.374095957574964e-05,1.1026017644863366,8.130691214313717e-05
FL-2013-000030-COL,FL-2013-000030-COL,0.3846888939097324,7.097354249826793e-05,1.1435152484315854,8.115932808197654e-05
FL-2018-000043-TZA,FL-2018-000043-TZA,0.39367316165740607,8.940423291830589e-05,0.9072074068086312,8.110818230353114e-05
FL-2018-000058-COL,FL-2018-000058-COL,0.3901125927919273,8.163937949315105e-05,0.991294406755453,8.092866026254647e-05
FL-2009-000217-IND,FL-2009-000217-IND,0.4027463673958299,0.00011228359771091598,0.7154666505101737,8.033516956146086e-05
FL-2006-000062-THA,FL-2006-000062-THA,0.3962391450863172,9.540558075909146e-05,0.8376615682858721,7.991758840188498e-05
FL-2009-000171-AFG,FL-2009-000171-AFG,0.38654677946219673,7.447672873022084e-05,1.0657008277559579,7.936991145635228e-05
FL-2007-000044-ARG,FL-2007-000044-ARG,0.3893680575669214,8.00945943182854e-05,0.9907640067376045,7.935484118480741e-05
FL-2014-000107-MMR,FL-2014-000107-MMR,0.3908776762171071,8.325468412366414e-05,0.9521660688837085,7.927228529818419e-05
FL-2011-000051-RWA,FL-2011-000051-RWA,0.38382679177384277,6.939894360279062e-05,1.132758005030825,7.861220890674383e-05
FL-2023-000160-NER,FL-2023-000160-NER,0.3859169821448931,7.327214403401051e-05,1.068084370484078,7.82608318345848e-05
FL-2024-000045-KEN,FL-2024-000045-KEN,0.3877001341844729,7.67289955924841e-05,1.0196971903586571,7.824034122469783e-05
FL-2001-000696-BRA,FL-2001-000696-BRA,0.39291583673989,8.76991404854098e-05,0.8900444318591507,7.805613166787242e-05
2012-000020-MDG,2012-000020-MDG,0.38585020729272645,7.314546060378983e-05,1.0660663642203847,7.797791524510761e-05
FL-2008-000024-PHL,FL-2008-000024-PHL,0.3909742826519393,8.346067924319395e-05,0.9337647066375215,7.793263666928928e-05
China: Floods in Zhejiang Province - Aug 1988,name=China: Floods in Zhejiang Province - Aug 1988,0.38178791574916887,6.579937690088187e-05,1.1830173894671492,7.78418070898463e-05
FL-2023-000241-TZA,FL-2023-000241-TZA,0.38765355514039224,7.663686171506045e-05,1.0126708213468447,7.760791369843483e-05
FL-2000-000258-IDN,FL-2000-000258-IDN,0.3955899159412861,9.385385674359002e-05,0.8250221660756472,7.743151218515012e-05
FL-2019-000011-IDN,FL-2019-000011-IDN,0.38840970495846466,7.814491592353346e-05,0.9907720767246441,7.742380063503195e-05
FL-2020-000210-VNM,FL-2020-000210-VNM,0.3813380816846106,6.502820636104987e-05,1.1895555246609049,7.735466213557627e-05
India: Floods - Jul 1993,India: Floods - Jul 1993,0.38986861923950256,8.113024728276174e-05,0.9482412412603194,7.693104638716264e-05
FL-2022-000254-PAK,FL-2022-000254-PAK,0.3834736454472362,6.876306406906397e-05,1.1182281796262044,7.689279595946946e-05
FL-2016-000068-NPL,FL-2016-000068-NPL,0.3834527935676158,6.87256824040849e-05,1.1157984838635762,7.66840122289676e-05
FL-2023-000094-ECU,FL-2023-000094-ECU,0.37716532786262846,5.825290927208301e-05,1.3161601711441135,7.667015903718729e-05
FL-2015-000092-BRA,FL-2015-000092-BRA,0.387738070202489,7.680410711081335e-05,0.9951769503164747,7.643367708631909e-05
FL-2014-000122-PAK,FL-2014-000122-PAK,0.38132460935712,6.500523613942196e-05,1.1660555615898873,7.579971713283692e-05
FL-2023-000042-SYR,FL-2023-000042-SYR,0.3893254937194204,8.00070818091065e-05,0.9456166805369497,7.565603111977545e-05
Indonesia: Floods - Nov 1987,Indonesia: Floods - Nov 1987,0.38238107302042706,6.682883274059938e-05,1.113651344896523,7.44240194594333e-05
afg-1991-flood,afg-1991-flood,0.3777865319040362,5.921949677050646e-05,1.2564334123624294,7.440535440575331e-05
FL-2009-000183-NGA,FL-2009-000183-NGA,0.3877349342175773,7.679789550113007e-05,0.9656932233895635,7.416320725602116e-05
FL-2013-000017-PNG,FL-2013-000017-PNG,0.38276847779662115,6.75089961967155e-05,1.0931237284308373,7.379568562517685e-05
Cambodia: Floods - Aug 1994,Cambodia: Floods - Aug 1994,0.39088146507343224,8.326275452050172e-05,0.8858442088700285,7.375782890655322e-05
FL-1998-000224-SVK,FL-1998-000224-SVK,0.3783726889878163,6.014476246580706e-05,1.2251616258519693,7.368705496908868e-05
Chad: Floods in Am Timan - Jul 1985,Chad: Floods in Am Timan - Jul 1985,0.3845147955687098,7.065299147564659e-05,1.0422436500602523,7.36376317232538e-05
FL-2005-000109-PRK,FL-2005-000109-PRK,0.3937161410142959,8.95018881600711e-05,0.8195300266309831,7.334948478734634e-05
FL-2003-000481-HND,FL-2003-000481-HND,0.38586653480531385,7.317641849490684e-05,0.9978785950240384,7.30211816765887e-05
FL-2012-000138-NGA,FL-2012-000138-NGA,0.37764014396659845,5.899042774047447e-05,1.2369286645182986,7.296695100438828e-05
FL-2008-000031-PER,FL-2008-000031-PER,0.3867757553059407,7.491907885694374e-05,0.9634315068788812,7.217940103712304e-05
FL-2016-000009-IDN,FL-2016-000009-IDN,0.3798768086413906,6.257888318514096e-05,1.1491797495702376,7.191438530708543e-05
FL-2009-000226-PRY,FL-2009-000226-PRY,0.39058344908944165,8.263011588443613e-05,0.8690624710349184,7.181073269242972e-05
FL-2002-000614-LAO,FL-2002-000614-LAO,0.3796297802811607,6.217313057859948e-05,1.1496745971340228,7.147886885051234e-05
FL-1998-000329-BEN,FL-1998-000329-BEN,0.384949567595112,7.145594404746165e-05,0.9960705364253544,7.117516051813524e-05
FL-2018-000120-NGA,FL-2018-000120-NGA,0.3836273349934104,6.903915199666126e-05,1.0265078744630958,7.086923317082735e-05
FL-2016-000066-PAK,FL-2016-000066-PAK,0.3727997242172456,5.185084329385351e-05,1.365086108875814,7.078086591393608e-05
FL-2006-000056-AFG,FL-2006-000056-AFG,0.38613086842753996,7.367925362632214e-05,0.9546321476865294,7.033658412923642e-05
FL-1997-000097-AFG,FL-1997-000097-AFG,0.3718016828254379,5.0479321768304556e-05,1.3915845675709566,7.024624515422127e-05
FL-2013-000041-GHA,FL-2013-000041-GHA,0.38581208166098263,7.307321813282406e-05,0.9596316941627985,7.012337611472967e-05
Iran: Floods - Feb 1993,Iran: Floods - Feb 1993,0.38928215842886027,7.991807160912114e-05,0.8761089187768762,7.00169353082001e-05
FL-2007-000147-NER,FL-2007-000147-NER,0.38369937235645984,6.91689029989784e-05,1.0023493119506208,6.933140232940524e-05
FL-2001-000146-AGO,FL-2001-000146-AGO,0.3864673704684036,7.432387122037952e-05,0.931842117402311,6.925811353153513e-05
FL-2012-000132-NPL,FL-2012-000132-NPL,0.3749812085807547,5.4966115347204826e-05,1.2592133213281245,6.921406466685858e-05
FL-2011-000133-MEX,FL-2011-000133-MEX,0.38998255699920886,8.136765968912286e-05,0.8391023593878815,6.82757952230132e-05
FL-2019-000030-IRQ,FL-2019-000030-IRQ,0.3784503613121585,6.0268341714991115e-05,1.1268493447600907,6.791334137131498e-05
FL-2016-000102-SEN,FL-2016-000102-SEN,0.38494017531342284,7.143851161658192e-05,0.9497600525846711,6.784944454953548e-05
FL-2021-000007-SYR,FL-2021-000007-SYR,0.38114194804916546,6.469451979441328e-05,1.0486817242043107,6.784396056457524e-05
SL-2002-000428-NPL,SL-2002-000428-NPL,0.3886875469526831,7.870571456258556e-05,0.8588047616407877,6.759284243468916e-05
FL-2022-000379-MYS,FL-2022-000379-MYS,0.37839561896889445,6.018122108085921e-05,1.122068941813632,6.752747905525193e-05
FF-2020-000204-TUN,FF-2020-000204-TUN,0.3789594745929018,6.10840319927493e-05,1.0850181584319483,6.627728390237106e-05
FL-2009-000087-VUT,FL-2009-000087-VUT,0.37920574395949547,6.148215355049033e-05,1.0709159987358805,6.584222187395612e-05
FL-2015-000164-COD,FL-2015-000164-COD,0.3787228815091683,6.070374001953851e-05,1.0795665740230147,6.553372864327697e-05
FL-2011-000108-SEN,FL-2011-000108-SEN,0.3782841446356764,6.0004163669302405e-05,1.0870343780154084,6.52265887325949e-05
Paraguay: Floods - Jun 1995,Paraguay: Floods - Jun 1995,0.3803815614541032,6.341537553979627e-05,1.0277326980250474,6.517405499978642e-05
FL-1995-000012-PHL,FL-1995-000012-PHL,0.3711906169903392,4.965578995121688e-05,1.3115398697141116,6.512554828317027e-05
FL-2017-000078-NER,FL-2017-000078-NER,0.36945320487033606,4.7379926487528544e-05,1.3737310931814115,6.508727820856751e-05
FL-2022-000348-CRI,FL-2022-000348-CRI,0.3866606885552754,7.469649088580041e-05,0.869648665727101,6.495970363333289e-05
FL-2010-000139-SDN,FL-2010-000139-SDN,0.3900881318826753,8.158820426531613e-05,0.793326664779713,6.47260979751692e-05
FL-2001-000274-WSM,FL-2001-000274-WSM,0.3701832225331658,4.83244942378405e-05,1.3345437786795291,6.44911531429448e-05
name,name,0.3753343835489307,5.5486011797279364e-05,1.1460299969121097,6.358863392870135e-05
FF-2014-000048-KAZ,FF-2014-000048-KAZ,0.3750583878311384,5.507935235199876e-05,1.1524100484085351,6.347399911027766e-05
Cameroon: Floods - Sep 1994,name=Cameroon: Floods - Sep 1994,0.3833336067698554,6.85123641937423e-05,0.9258215052048269,6.343022014299177e-05
FL-1999-000371-IND,FL-1999-000371-IND,0.39362163310061815,8.928727908495836e-05,0.709212471829804,6.332365190280088e-05
FL-2003-000220-NAM,FL-2003-000220-NAM,0.3855402351200626,7.255996738352857e-05,0.8693111681287405,6.307719000555853e-05
FL-2015-000018-PNG,FL-2015-000018-PNG,0.3821292945664783,6.639010046944824e-05,0.9476670877822322,6.291571316945181e-05
Mali: Floods - Sep 1989,Mali: Floods - Sep 1989,0.3811409753027123,6.469286868667669e-05,0.9644742111394081,6.239460349292782e-05
FL-2013-000103-YEM,FL-2013-000103-YEM,0.37207680381026764,5.0854098361517713e-05,1.2259024872779882,6.234216566966403e-05
FL-2005-000098-BGR,FL-2005-000098-BGR,0.3770312556318397,5.804616661872216e-05,1.0690227847551823,6.205267468310967e-05
FL-2014-000014-SYC,FL-2014-000014-SYC,0.3769084185119155,5.7857328710704054e-05,1.0720586098274476,6.202644738592706e-05
FL-2016-000044-CHN,FL-2016-000044-CHN,0.38151946606087944,6.533817748442159e-05,0.9486861479465856,6.198542391154624e-05
FL-2024-000038-AFG,FL-2024-000038-AFG,0.3788615515932939,6.092637447219404e-05,1.0169769888963047,6.196072085510058e-05
FL-2010-000149-GTM,FL-2010-000149-GTM,0.37060803031772727,4.8881919735126785e-05,1.266258028789791,6.189712332726243e-05
FL-2001-000620-DZA,FL-2001-000620-DZA,0.36860247430725934,4.630015678810786e-05,1.33508580894901,6.181468227991699e-05
FL-1998-000085-IRN,FL-1998-000085-IRN,0.38485931026928794,7.128858129471508e-05,0.8666405740383654,6.178157701563255e-05
FL-2018-000077-CIV,FL-2018-000077-CIV,0.3723410575967668,5.1216427264731054e-05,1.2032024904610985,6.16237328374441e-05
FF-2020-000168-MNG,FF-2020-000168-MNG,0.3707193476594248,4.902894207740393e-05,1.2541412875563223,6.148922054447971e-05
FL-2009-000120-BWA,FL-2009-000120-BWA,0.38103291552616914,6.450968752212234e-05,0.9522872605541437,6.14317536096457e-05
FL-2012-000129-SDN,FL-2012-000129-SDN,0.377245190175304,5.837637362724222e-05,1.0523145824203366,6.143030923676495e-05
FL-2001-000096-UKR,FL-2001-000096-UKR,0.37634380311979704,5.699643512547982e-05,1.0716577207512192,6.108066975751643e-05
FL-2007-000209-PNG,FL-2007-000209-PNG,0.37252448213684564,5.146929227436354e-05,1.1865949732954428,6.107320349183375e-05
Nepal: Floods - Aug 1987,Nepal: Floods - Aug 1987,0.3743407612618771,5.403450682387999e-05,1.1288267712275268,6.099559787287221e-05
FL-2012-000141-NER,FL-2012-000141-NER,0.3856818600992066,7.282695138920888e-05,0.8342353499526158,6.075481727815881e-05
FL-2010-000242-AGO,FL-2010-000242-AGO,0.3682415527073007,4.584879553977024e-05,1.3120034095843343,6.015377607351358e-05
FL-2024-000031-MWI,FL-2024-000031-MWI,0.37453310680881646,5.43127923407968e-05,1.0898465961995627,5.919261186271107e-05
FL-2009-000179-LBR,FL-2009-000179-LBR,0.3781872057615417,5.985057454685787e-05,0.9840111740692383,5.889363412857208e-05
FL-2010-000245-MAR,FL-2010-000245-MAR,0.3723019781293654,5.1162697878595356e-05,1.150616667361314,5.886865292628316e-05
FL-2008-000230-CUB,FL-2008-000230-CUB,0.3774486436158497,5.869197048519869e-05,0.998493550218185,5.860355397906697e-05
FL-2008-000010-BRA,FL-2008-000010-BRA,0.3801791193269475,6.30786809584699e-05,0.9286542498207508,5.857828514517035e-05
FL-2007-000141-NGA,FL-2007-000141-NGA,0.3773702221942069,5.857014180957957e-05,0.9935717537773818,5.819363851673393e-05
Venezuela: Floods - Jul 1996,Venezuela: Floods - Jul 1996,0.38197800607046994,6.612772375391724e-05,0.8773624081052269,5.801797895525405e-05
FL-2023-000167-LBR,FL-2023-000167-LBR,0.3724528923123195,5.137046674876103e-05,1.1239561416844555,5.773815160346706e-05
FL-2006-000106-MRT,FL-2006-000106-MRT,0.38076132359923076,6.40513486257252e-05,0.8996315305030165,5.762261279494344e-05
FL-1999-000349-SLV,FL-1999-000349-SLV,0.3789767028418545,6.111180768645223e-05,0.9369157213719175,5.7256613382894283e-05
FL-1999-000324-HND,FL-1999-000324-HND,0.3747731925953365,5.466195796265928e-05,1.0408486923311688,5.6894827465695235e-05
FL-2020-000165-NPL,FL-2020-000165-NPL,0.3731851866542396,5.23894650363804e-05,1.0774034394387852,5.6444589820554225e-05
FF-2020-000138-TJK,FF-2020-000138-TJK,0.3789084701421215,6.100186829385315e-05,0.9245550834716685,5.639958743235113e-05
FL-2020-000132-UGA,FL-2020-000132-UGA,0.3705174231810357,4.8762543443072686e-05,1.1565609422975855,5.6396853193347095e-05
FF-2017-000101-VNM,FF-2017-000101-VNM,0.36510490669939943,4.2089783842044775e-05,1.3377073830962212,5.630381459842733e-05
FL-2010-000219-PHL,FL-2010-000219-PHL,0.37087560695293365,4.923599293082511e-05,1.141795195185297,5.6217420158593356e-05
Indonesia: Floods and Landslides - Feb 1990,Indonesia: Floods and Landslides - Feb 1990,0.37135790159726423,4.988002825915106e-05,1.126768567319263,5.620324797940799e-05
FF-2013-000113-ROM,FF-2013-000113-ROM,0.36471360577379736,4.1640856257974376e-05,1.3494636441975612,5.619282163339292e-05
FL-2000-000191-HUN,FL-2000-000191-HUN,0.3751564752152863,5.5223568621386714e-05,1.016070329308817,5.611102955474045e-05
FL-2015-000155-NGA,FL-2015-000155-NGA,0.37114607266621236,4.9596233232180894e-05,1.1309728897968445,5.609199522163792e-05
FL-2004-000043-IND,FL-2004-000043-IND,0.3880325636443875,7.738944473352833e-05,0.7238181749939552,5.601588665081803e-05
Iran: Floods - May 1992,Iran: Floods - May 1992,0.38582656552539296,7.310065536069124e-05,0.7638289675273252,5.5836398109727624e-05
Namibia: Floods - Mar 2004,Namibia: Floods - Mar 2004,0.3732414865022694,5.2468555048828954e-05,1.0587882424363562,5.555308918332481e-05
FL-2017-000083-GIN,FL-2017-000083-GIN,0.37882525329815003,6.086802676494078e-05,0.9098931483825577,5.538340050898576e-05
FL-2024-000214-COL,FL-2024-000214-COL,0.3653341667346949,4.235482595150441e-05,1.3048261520736573,5.526568456805098e-05
FL-2009-000261-PER,FL-2009-000261-PER,0.37814865487629007,5.9789593252370555e-05,0.9204310126131963,5.5032195861010554e-05
FL-2007-000054-AFG,FL-2007-000054-AFG,0.3791346609953896,6.136700104829239e-05,0.8959779952430994,5.49834825733302e-05
FL-2018-000014-ARG,FL-2018-000014-ARG,0.37097243102043964,4.9364683885478064e-05,1.1137801849313482,5.49814067470453e-05
FL-2003-000028-BRA,FL-2003-000028-BRA,0.3803811526050738,6.341469392975102e-05,0.8631256388343357,5.473484820960022e-05
FL-2024-000035-IRQ,FL-2024-000035-IRQ,0.37636363446463117,5.702647638071877e-05,0.9517697258080438,5.427607378867559e-05
FL-2013-000104-MLI,FL-2013-000104-MLI,0.37420507298900657,5.383896570088953e-05,0.9989817011392044,5.37841415434499e-05
Indonesia: Floods - May 1995,Indonesia: Floods - May 1995,0.3782318955757297,5.9921336692237415e-05,0.8969278164319343,5.374511367705125e-05
FL-2011-000170-COL,FL-2011-000170-COL,0.383651888924494,6.90833529895748e-05,0.7680165233769249,5.3057156586274136e-05
FL-2010-000161-MYS,FL-2010-000161-MYS,0.37040702470837616,4.8617446405161106e-05,1.0886896565212916,5.292931102777714e-05
FL-2015-000039-KAZ,FL-2015-000039-KAZ,0.36642987900997637,4.364241672324108e-05,1.2043264756829248,5.255971792258647e-05
FL-2010-000091-VNM,FL-2010-000091-VNM,0.3703390889506909,4.852835148542986e-05,1.0820602515614735,5.251060021618784e-05
FL-1998-000048-PAK,FL-1998-000048-PAK,0.36429516715240695,4.1165566658880866e-05,1.274857049816715,5.2480212864774194e-05
FL-2020-000185-PAK,FL-2020-000185-PAK,0.3682370991247116,4.584325080198812e-05,1.124816762154381,5.156525693372351e-05
Iran: Floods - Dec 1990,Iran: Floods - Dec 1990,0.37687789078662004,5.78104842007494e-05,0.8898231756341812,5.144110863646049e-05
FL-2008-000168-NPL,FL-2008-000168-NPL,0.37951408772839734,6.198391697402338e-05,0.8284146526395197,5.134838504927241e-05
FL-2007-000035-AFG,FL-2007-000035-AFG,0.3734691610454127,5.278948931864388e-05,0.9702882879212498,5.122102321122407e-05
FF-2019-000068-VNM,FF-2019-000068-VNM,0.369434958614954,4.735653207322433e-05,1.0739024148338638,5.085629415159294e-05
FL-2005-000051-AGO,FL-2005-000051-AGO,0.37361092058124457,5.29902075988805e-05,0.9581450089193589,5.077230293246804e-05
FL-2023-000139-LAO,FL-2023-000139-LAO,0.3656930261853265,4.277271161606351e-05,1.184828348999989,5.067832128631318e-05
IND-2018-000413,IND-2018-000413,0.3749475129773492,5.4916743068678454e-05,0.9221733186742626,5.064275520642502e-05
FL-2009-000240-PAN,FL-2009-000240-PAN,0.37298341480859953,5.2106896554905876e-05,0.9710725385234801,5.059957631215283e-05
FL-2012-000083-HND,FL-2012-000083-HND,0.36143282784764863,3.804310506451955e-05,1.3246832560031157,5.039506428533638e-05
FL-2006-000171-HTI,FL-2006-000171-HTI,0.36917861779832484,4.7028962160171006e-05,1.0599993219511736,4.9850668001848666e-05
FL-2009-000206-HTI,FL-2009-000206-HTI,0.3751976658395749,5.528423177476155e-05,0.8977256390746227,4.963007230074737e-05
FL-1997-000026-MOZ,FL-1997-000026-MOZ,0.36789526550162255,4.541946231792712e-05,1.0827610863454504,4.917842636058502e-05
FF-2008-000186-COD,FF-2008-000186-COD,0.3696625928193332,4.764913854314262e-05,1.0305191131072475,4.9103347991803695e-05
LS-2022-000283-LKA,LS-2022-000283-LKA,0.37107008394538454,4.9494783042763366e-05,0.9815867798894264,4.858342470827188e-05
FL-2002-000482-RUS,FL-2002-000482-RUS,0.3707688049720154,4.9094390400443094e-05,0.9807160860179978,4.814765839896211e-05
FL-2015-000110-ARG,FL-2015-000110-ARG,0.36065584206842294,3.7233144416429906e-05,1.2876324492768365,4.794260493920581e-05
FL-2000-000299-GTM,FL-2000-000299-GTM,0.3749886771926787,5.497706409266539e-05,0.8719053948333257,4.793479877449247e-05
FL-2007-000159-RWA,FL-2007-000159-RWA,0.3706823770485349,4.8980069076478955e-05,0.9770683724629499,4.7856876375678154e-05
Ghana: Floods - Jul 1995,Ghana: Floods - Jul 1995,0.3754762597725614,5.5696105787437834e-05,0.8551639114187951,4.762929967598033e-05
FL-2007-000199-THA,FL-2007-000199-THA,0.3617659343955125,3.8395178600384964e-05,1.2349138810883142,4.741473902048038e-05
1985-11-01T00:00:00+00:00,1985-11-01T00:00:00+00:00,0.37791510854382215,5.942135457547163e-05,0.7962481269445691,4.731414228122839e-05
FL-2001-000453-IRN,FL-2001-000453-IRN,0.3744609581668147,5.420825688052318e-05,0.8717258436729041,4.725473846321158e-05
FL-2012-000191-HTI,FL-2012-000191-HTI,0.3812671296869867,6.490731573397374e-05,0.7267675710899211,4.717253220194671e-05
FL-2019-000120-PHL,FL-2019-000120-PHL,0.361739677926452,3.8367321012632024e-05,1.2286625910741495,4.7140492047954125e-05
LS-2010-000040-UGA,LS-2010-000040-UGA,0.3753321347093024,5.5482687407525346e-05,0.848757747990263,4.709136081645894e-05
FL-2015-000088-IRN,FL-2015-000088-IRN,0.3603565337041358,3.692529788584064e-05,1.2747350017900236,4.706996966660422e-05
FF-2009-000246-LKA,FF-2009-000246-LKA,0.3653369235817956,4.235802219633735e-05,1.1085200076597403,4.695471508953533e-05
FL-2014-000006-PHL,FL-2014-000006-PHL,0.36890733102510054,4.6684515640088295e-05,1.0048551818492002,4.6911177453062754e-05
FL-2003-000051-PER,FL-2003-000051-PER,0.37042183195452993,4.863688502169205e-05,0.9636886445289713,4.6870813800665836e-05
FL-2010-000051-KAZ,FL-2010-000051-KAZ,0.3660238759979599,4.316126418184493e-05,1.0701404681681588,4.6188615458289115e-05
FL-2020-000195-CMR,FL-2020-000195-CMR,0.372840721120876,5.1907892056111416e-05,0.8859055483526522,4.598548957579967e-05
FL-2005-000100-KGZ,FL-2005-000100-KGZ,0.3599879419918973,3.654934013845659e-05,1.2450017166675804,4.5503991215445756e-05
FL-2011-000118-GTM,FL-2011-000118-GTM,0.3692925862291279,4.7174346228452036e-05,0.9552182830389102,4.5061798007825043e-05
FL-2024-000182-SLE,FL-2024-000182-SLE,0.36159596657305093,3.821516815092892e-05,1.178286929715142,4.502843314910591e-05
2011-06-30T00:00:00+00:00,2011-06-30T00:00:00+00:00,0.36003363270640654,3.65957561263174e-05,1.2293298445416447,4.498825518964971e-05
FL-2024-000058-TZA,FL-2024-000058-TZA,0.3627396908161871,3.9441260393655535e-05,1.1379493905705245,4.488215822829368e-05
FL-2016-000089-SEN,FL-2016-000089-SEN,0.3618250564742661,3.8457972597462076e-05,1.1668188769061376,4.4873488394257716e-05
FL-2008-000104-NPL,FL-2008-000104-NPL,0.37610137656323006,5.6630347918970406e-05,0.7922332882970882,4.486444674925409e-05
FL-2006-000123-SDN,FL-2006-000123-SDN,0.36590621565759907,4.302272050888411e-05,1.0356622281917345,4.455700658510115e-05
FL-2002-000265-KEN,FL-2002-000265-KEN,0.36951986211601895,4.746547942726175e-05,0.9272835596446518,4.4013958723551265e-05
FL-1997-000144-CHN,FL-1997-000144-CHN,0.3589981884156176,3.5556791931906686e-05,1.23024943393917,4.374372314692105e-05
FL-2007-000123-NGA,FL-2007-000123-NGA,0.3665157539178717,4.374480311751652e-05,0.9859595032476032,4.313060435141079e-05
FL-2010-000089-AZE,FL-2010-000089-AZE,0.36345038105439587,4.0220853777843655e-05,1.0703967476559106,4.305227107174779e-05
FL-2010-000194-VNM,FL-2010-000194-VNM,0.3566982732149696,3.3343414335589854e-05,1.288695029588998,4.296949232380119e-05
Sri Lanka: Floods and Landslides - Feb 1986,Sri Lanka: Floods and Landslides - Feb 1986,0.36095967309122934,3.754800321832661e-05,1.1439959056746454,4.295476194802405e-05
FL-2002-000242-AFG,FL-2002-000242-AFG,0.3673415679978268,4.474049188255287e-05,0.9583348849806268,4.287637414224297e-05
FL-2024-000159-NGA,FL-2024-000159-NGA,0.36120252405661796,3.780138957065763e-05,1.132341007881133,4.280406356574581e-05
FL-2004-000115-PAN,FL-2004-000115-PAN,0.36886246745014883,4.662777270564023e-05,0.9177618050112175,4.279318884198116e-05
FL-2007-000122-VNM,FL-2007-000122-VNM,0.35716853350695765,3.378562102471896e-05,1.2537362894429918,4.235825914005827e-05
FL-1999-000259-KHM,FL-1999-000259-KHM,0.35637926563361505,3.304640992534339e-05,1.280488038773529,4.231553263380903e-05
FF-2007-000081-NPL,FF-2007-000081-NPL,0.3620737408614816,3.872311541712027e-05,1.0925989789075539,4.230883636486496e-05
Russian Federation: Floods - Apr 2004,Russian Federation: Floods - Apr 2004,0.37153094976876777,5.0112951006739074e-05,0.8416206812536089,4.217609596592046e-05
FL-2011-000156-HTI,FL-2011-000156-HTI,0.36601551297789553,4.3151403584449504e-05,0.9608791245942916,4.146328290124082e-05
FL-2010-000240-VEN,FL-2010-000240-VEN,0.35436492607550973,3.1225349094619463e-05,1.3225182541317935,4.129609416927191e-05
FL-1999-000423-TGO,FL-1999-000423-TGO,0.36341392559036995,4.0180528927046494e-05,1.0262432439346245,4.123499634910121e-05
FL-2002-000350-CHN,FL-2002-000350-CHN,0.377132857904073,5.820277908199998e-05,0.706219895185805,4.110396054281259e-05
FL-2008-000213-PER,FL-2008-000213-PER,0.3698114987996998,4.784142515788793e-05,0.8529320322371361,4.0805483985038204e-05
FL-2017-000064-IND,FL-2017-000064-IND,0.36373585123795593,4.0537885286371386e-05,1.0042415418757316,4.070982842436713e-05
FL-2001-000082-ZWE,FL-2001-000082-ZWE,0.36020225097127617,3.676751047270309e-05,1.103078973774151,4.055746772045968e-05
FL-2021-000110-YEM,FL-2021-000110-YEM,0.3586185586626679,3.51825737989349e-05,1.1524258360621629,4.05453070250563e-05
FL-2024-000019-IRN,FL-2024-000019-IRN,0.3588104009389776,3.537123598425563e-05,1.1462709369280168,4.0545019811974685e-05
FL-1999-000428-VNM,FL-1999-000428-VNM,0.3652301250463485,4.223436022447183e-05,0.9536527315229473,4.0276912992191674e-05
FL-2005-000110-BIH,FL-2005-000110-BIH,0.36490274063913763,4.185730396157901e-05,0.9602566282387353,4.019375356930972e-05
Russia: Floods - Jun 1993,Russia: Floods - Jun 1993,0.3706149505156506,4.889104800426921e-05,0.820510219523839,4.011560453073348e-05
FL-1999-000240-SRB,FL-1999-000240-SRB,0.3659455074719555,4.3068941583124765e-05,0.9277347612612893,3.995655423739667e-05
FL-2003-000204-KEN,FL-2003-000204-KEN,0.3586461851465708,3.520968638971218e-05,1.1287613663778198,3.974333371898604e-05
Chad: Floods - Sep 1988,Chad: Floods - Sep 1988,0.35985555618037013,3.641515190538827e-05,1.0852717500654687,3.9520335637260614e-05
FL-2011-000129-MLI,FL-2011-000129-MLI,0.36629079008291504,4.347704213833449e-05,0.9069557018258996,3.9431751265887366e-05
FL-2009-000113-CHN,FL-2009-000113-CHN,0.3793707501808461,6.175020924349006e-05,0.6385622410411255,3.943135199928143e-05
FL-2001-000521-TCD,FL-2001-000521-TCD,0.36165768504805024,3.8280445269950224e-05,1.0298042380611858,3.9421364773864015e-05
FL-2017-000174-ALB,FL-2017-000174-ALB,0.3591808291936137,3.573810225749342e-05,1.1009974778760738,3.934756044957748e-05
FF-2013-000118-BEN,FF-2013-000118-BEN,0.3557532440739577,3.2470478644534204e-05,1.2075093409994648,3.920840626999869e-05
FL-1999-000363-NIC,FL-1999-000363-NIC,0.3613383204988134,3.79437470325524e-05,1.029066129374002,3.9046624892734975e-05
FL-2021-000091-PHL,FL-2021-000091-PHL,0.36293705336123905,3.965638198916424e-05,0.9804501633100483,3.8881106197561733e-05
FL-2009-000239-BRA,FL-2009-000239-BRA,0.36770851351617845,4.518942877538112e-05,0.8575725982011251,3.875321584612827e-05
FL-2007-000231-BOL,FL-2007-000231-BOL,0.36181245656803307,3.844458239926365e-05,1.0056777966466628,3.866286292029254e-05
FL-2015-000171-PRY,FL-2015-000171-PRY,0.3599392295263108,3.649991279604122e-05,1.0574697968975482,3.859755537120793e-05
Cuba: Floods - Jun 1993,Cuba: Floods - Jun 1993,0.359109697865037,3.5667390397526314e-05,1.0819582611621117,3.859062769469777e-05
FL-2014-000121-CMR,FL-2014-000121-CMR,0.36206036869266156,3.870881650700905e-05,0.9936971551564651,3.846484084248851e-05
FL-2021-000001-MYS,FL-2021-000001-MYS,0.35775728009539554,3.434668292901672e-05,1.117116405697843,3.836924298130663e-05
FL-2015-000024-ARG,FL-2015-000024-ARG,0.3578242035384077,3.44109872577266e-05,1.1150032385892976,3.836836223542021e-05
FL-2011-000037-BDI,FL-2011-000037-BDI,0.36917933005610704,4.7029869499694155e-05,0.813980526208619,3.828139792288373e-05
FL-2000-000038-PHL,FL-2000-000038-PHL,0.3554041484180229,3.2153253722379385e-05,1.1869100960213697,3.8163021463028776e-05
FL-2019-000009-ARG,FL-2019-000009-ARG,0.35561272114248166,3.2342447629350575e-05,1.1742632969134712,3.7978549183492486e-05
FL-2007-000227-ZWE,FL-2007-000227-ZWE,0.36322089493428583,3.9967615748588374e-05,0.9473870176389487,3.7864800286194615e-05
FL-2015-000009-ALB,FL-2015-000009-ALB,0.35561255956238286,3.234230067495644e-05,1.1668042059205903,3.773713245668752e-05
FL-2010-000031-PRT,FL-2010-000031-PRT,0.35268555818236874,2.977671366918153e-05,1.2669155831916283,3.772458256372125e-05
FL-2019-000100-MLI,FL-2019-000100-MLI,0.361546724375837,3.816315855312754e-05,0.9879592955377479,3.770364723964326e-05
FL-2024-000167-THA,FL-2024-000167-THA,0.3521429421121629,2.932174981880734e-05,1.2835865378512363,3.763700333366303e-05
FL-2005-000194-COL,FL-2005-000194-COL,0.3662656205673065,4.344717631017489e-05,0.863710436619626,3.7525779620751024e-05
FL-2006-000151-PAN,FL-2006-000151-PAN,0.3652033751573493,4.220343746949066e-05,0.8861876983942245,3.7400167115412506e-05
FL-2001-000320-TLS,FL-2001-000320-TLS,0.36229444246559017,3.895980018542761e-05,0.9542028064575442,3.717555067596017e-05
FL-1998-000213-KGZ,FL-1998-000213-KGZ,0.35642086199368817,3.308500174928399e-05,1.1210585535855664,3.709022420642824e-05
FL-2008-000154-MEX,FL-2008-000154-MEX,0.3604716527252625,3.7043428674687616e-05,1.0007930921827906,3.707280752839327e-05
FL-2009-000095-TJK,FL-2009-000095-TJK,0.3521353686510066,2.931544426455096e-05,1.2601155392859784,3.6940846858832675e-05
FL-1992-000008-PAK,FL-1992-000008-PAK,0.3586039424236417,3.516823704498012e-05,1.0486466674608446,3.687905457769142e-05
FL-2009-000127-BEN,FL-2009-000127-BEN,0.35938992787451285,3.5946699049971654e-05,1.0221105165631266,3.6741499134705775e-05
FL-2003-000624-HTI,FL-2003-000624-HTI,0.3686540398208039,4.636496902017397e-05,0.7906381692162378,3.665791422187793e-05
FL-2023-000193-NGA,FL-2023-000193-NGA,0.3543053505181365,3.117289297636104e-05,1.175681161425123,3.664938301942921e-05
FL-2005-000175-SDN,FL-2005-000175-SDN,0.3575318017785981,3.413082415531631e-05,1.0729889975346198,3.662199879544324e-05
FL-2008-000170-DOM,FL-2008-000170-DOM,0.3638429931258812,4.065745192250088e-05,0.8986920832348044,3.653853016725122e-05
FL-2003-000020-MOZ,FL-2003-000020-MOZ,0.36124956150648135,3.7850645131859567e-05,0.9593256023439679,3.631109294022896e-05
FL-2024-000036-BRA,FL-2024-000036-BRA,0.36132168594815417,3.792628288865462e-05,0.952179776292138,3.61126395565115e-05
FL-2006-000092-KOR,FL-2006-000092-KOR,0.35176458831059687,2.9008226282821542e-05,1.235735149804729,3.5846484851171956e-05
FL-2011-000198-PER,FL-2011-000198-PER,0.35276189971854477,2.9841230503595213e-05,1.1989072405233858,3.5776867316887625e-05
FL-2001-000117-PER,FL-2001-000117-PER,0.3628979674906948,3.961369543369799e-05,0.8990840283213932,3.561604086722597e-05
FL-2019-000087-PAK,FL-2019-000087-PAK,0.3555485126202805,3.228409835917634e-05,1.0947940580011841,3.534443905155203e-05
FL-2009-000140-MNG,FL-2009-000140-MNG,0.35663113742961194,3.328071032313042e-05,1.0589605890169638,3.524296060668514e-05
FL-2022-000201-ZAF,FL-2022-000201-ZAF,0.3582849057586356,3.48566078846e-05,1.0098830260946445,3.520109664989429e-05
FL-2023-000155-KGZ,FL-2023-000155-KGZ,0.3490596989567129,2.6853265017585492e-05,1.3078043445548737,3.5118816655481715e-05
FL-2010-000153-PRK,FL-2010-000153-PRK,0.3502227234906341,2.776151800762313e-05,1.2596250358956325,3.496910311686953e-05
FL-2021-000084-TCD,FL-2021-000084-TCD,0.35437610146428145,3.123519783854738e-05,1.1145222233746586,3.481232214256515e-05
FL-2011-000020-BOL,FL-2011-000020-BOL,0.3580242214642346,3.460382366394077e-05,0.9970007790304958,3.450003915038285e-05
FL-2012-000123-PRK,FL-2012-000123-PRK,0.35023637273881425,2.7772339415995985e-05,1.2400305385199288,3.443854900197575e-05
FL-2020-000242-COL,FL-2020-000242-COL,0.35406464000070187,3.096175463923816e-05,1.1047518015144244,3.420505421574595e-05
FL-1999-000531-COD,FL-1999-000531-COD,0.3574613020455737,3.406358314361797e-05,0.9974869194859067,3.397797861657955e-05
FL-2014-000070-LKA,FL-2014-000070-LKA,0.3484382844545277,2.6379020666138132e-05,1.2712089853111195,3.353324809450251e-05
FL-2023-000053-ECU,FL-2023-000053-ECU,0.3512878403714213,2.8617465765897222e-05,1.1701678124219697,3.348723731234056e-05
FL-2015-000131-SLE,FL-2015-000131-SLE,0.3520878526765072,2.9275910991014487e-05,1.1427229576603417,3.345425559585298e-05
FL-2007-000012-BOL,FL-2007-000012-BOL,0.3561209310728738,3.280764081975866e-05,1.019120716977021,3.343494643455702e-05
FL-2010-000008-BOL,FL-2010-000008-BOL,0.3600944491897541,3.665762028368115e-05,0.9114041656623548,3.340990782981583e-05
FF-2020-000240-ZMB,FF-2020-000240-ZMB,0.3495292465396036,2.7216683812732633e-05,1.2241109429031103,3.331624048469996e-05
FL-2007-000131-SEN,FL-2007-000131-SEN,0.35415097032072107,3.103733046891079e-05,1.067501640440192,3.313240119044662e-05
FL-2006-000045-HUN,FL-2006-000045-HUN,0.35245804966142247,2.9585188255582664e-05,1.11989572468407,3.3132325841400384e-05
FL-2019-000014-MWI,FL-2019-000014-MWI,0.35018681781314304,2.773306935771e-05,1.1917966025751183,3.305217783949889e-05
1996-07-01-CO-Flood,1996-07-01-CO-Flood,0.3655204529748,4.257129216634285e-05,0.7739776904641869,3.294923039098217e-05
FL-2011-000135-THA,FL-2011-000135-THA,0.35052455702570007,2.8001705996189456e-05,1.1754815142398911,3.291548776570102e-05
FL-2019-000084-IND,FL-2019-000084-IND,0.3512567383429547,2.859213876619427e-05,1.1318124044523812,3.236093732540248e-05
FL-1999-000651-CHN,FL-1999-000651-CHN,0.3547609505649436,3.157607165931612e-05,1.0240023009480381,3.2333970034039846e-05
FL-2007-000077-CHN,FL-2007-000077-CHN,0.3750149180302756,5.5015547883536703e-05,0.5852259909488726,3.219652852773792e-05
FL-1997-000337-IND,FL-1997-000337-IND,0.35185020214322876,2.9078905006094433e-05,1.1040807822685879,3.21054601866427e-05
FL-2009-000100-DOM,FL-2009-000100-DOM,0.3574324423533334,3.403609184758111e-05,0.9379811605173907,3.192521293067063e-05
FL-2010-000152-THA,FL-2010-000152-THA,0.34623666916482937,2.475885814119408e-05,1.2831284616978387,3.176879556010537e-05
FL-2006-000125-THA,FL-2006-000125-THA,0.351701731498236,2.8956433145627755e-05,1.0964339239819898,3.174881561838279e-05
Bangladesh: Floods - Jul 1991,Bangladesh: Floods - Jul 1991,0.36389827265624863,4.071926600540179e-05,0.7760463103390562,3.160003614320662e-05
FL-2001-000227-RUS,FL-2001-000227-RUS,0.3594529693665435,3.600980385591166e-05,0.869164657517399,3.129844883569217e-05
FL-2010-000046-MOZ,FL-2010-000046-MOZ,0.34611624008753605,2.4672875803506242e-05,1.2621415706580152,3.114066221928751e-05
FL-2007-000086-PAN,FL-2007-000086-PAN,0.35966832081318856,3.622612432659618e-05,0.8477798095902991,3.071177678379621e-05
FL-2016-000117-ALB,FL-2016-000117-ALB,0.3496784911752853,2.7333119212394504e-05,1.116507802929084,3.051764087902932e-05
Venezuela: Floods - Sep 1987,Venezuela: Floods - Sep 1987,0.35777496357916383,3.436366383082643e-05,0.8875286831351606,3.0498737307472734e-05
FL-2017-000091-MMR,FL-2017-000091-MMR,0.3481007373724576,2.612458693530357e-05,1.1626994974476923,3.037504410070601e-05
FL-2021-000095-MMR,FL-2021-000095-MMR,0.3511980286510129,2.8544385272171865e-05,1.0619657406518828,3.031315924701469e-05
FL-2002-000478-PRK,FL-2002-000478-PRK,0.3579657286062182,3.454733058389357e-05,0.874770461579816,3.0220984321223073e-05
FL-2007-000145-ETH,FL-2007-000145-ETH,0.35057000497666296,2.803803334931128e-05,1.074582595415157,3.0129182646839645e-05
FL-2003-000647-TLS,FL-2003-000647-TLS,0.3493386092619224,2.70686046856104e-05,1.1114226107007856,3.008465928770863e-05
FL-2008-000191-HND,FL-2008-000191-HND,0.35156958340033073,2.8847816278282553e-05,1.037013685075033,2.991558026510932e-05
FL-2022-000271-NGA,FL-2022-000271-NGA,0.34690068770168525,2.523780659828684e-05,1.1840293642331243,2.9882304101208116e-05
FL-2024-000043-CUB,FL-2024-000043-CUB,0.3432491160092188,2.270357636133645e-05,1.300069557704207,2.9516228478386367e-05
FL-2023-000103-DOM,FL-2023-000103-DOM,0.34755044548310804,2.571452433311893e-05,1.142430234483892,2.9377050063526804e-05
FL-2002-000125-ECU,FL-2002-000125-ECU,0.35685504388159606,3.3490250475858356e-05,0.8770809761459832,2.9373661578739327e-05
FL-2011-000131-GIN,FL-2011-000131-GIN,0.34546542225806376,2.4212846688024513e-05,1.2042646272999216,2.915867479262398e-05
FL-2005-000153-THA,FL-2005-000153-THA,0.34512137118485176,2.397278731443163e-05,1.2142364677237614,2.9108632590168456e-05
FL-2017-000002-MYS,FL-2017-000002-MYS,0.34505343625887597,2.3925640199642155e-05,1.2154113472907762,2.9079494589841427e-05
FL-2017-000043-HTI,FL-2017-000043-HTI,0.35070030585302797,2.8142420400996356e-05,1.0311272816379908,2.9018417446792908e-05
FL-2004-000021-COL,FL-2004-000021-COL,0.36023866826306333,3.680470020424383e-05,0.7729927578880663,2.8449766714121918e-05
FL-2021-000123-CAF,FL-2021-000123-CAF,0.34719878675350824,2.545552093819258e-05,1.1137895613764779,2.8352093500359262e-05
FL-2019-000051-LBY,FL-2019-000051-LBY,0.345768222046288,2.4425910857316906e-05,1.1558008867153804,2.823148942771772e-05
FL-2006-000065-TZA,FL-2006-000065-TZA,0.3536925924376735,3.063794573454285e-05,0.9152295890668976,2.8040754484479558e-05
FL-2008-000231-PAN,FL-2008-000231-PAN,0.3509456827900626,2.8339947569076658e-05,0.9748120178597551,2.762612147585128e-05
FL-1997-000092-ECU,FL-1997-000092-ECU,0.34762928113420866,2.577291274330108e-05,1.0702429714274362,2.7583278716730583e-05
FL-2020-000052-COD,FL-2020-000052-COD,0.3463497947998375,2.4839871605218922e-05,1.0988158099220888,2.7294443636249325e-05
FL-2009-000123-BGD,FL-2009-000123-BGD,0.3586511945328227,3.521460460751898e-05,0.7725988685349205,2.7206763675673768e-05
FL-2020-000050-AFG,FL-2020-000050-AFG,0.340337212064341,2.084943878401781e-05,1.297519598929159,2.7052555448936843e-05
FL-2019-000163-UGA,FL-2019-000163-UGA,0.35005805050817174,2.76312605773187e-05,0.9750374650400142,2.6941514269168905e-05
FL-2020-000190-NER,FL-2020-000190-NER,0.34439511737810286,2.3473067987174766e-05,1.1441798734017292,2.6857411957915806e-05
FF-2020-000140-IDN,FF-2020-000140-IDN,0.34697023581334907,2.5288450089143052e-05,1.0585469561406466,2.6769011867377043e-05
FL-2009-000139-PAK,FL-2009-000139-PAK,0.3495099122120588,2.7201632559688392e-05,0.9836480205002447,2.6756832021712492e-05
FL-2013-000020-BOL,FL-2013-000020-BOL,0.33998994208716227,2.0637671491265534e-05,1.2902239259175985,2.6627217533258318e-05
FL-2010-000174-KEN,FL-2010-000174-KEN,0.3498419397831811,2.746115022518636e-05,0.9668381107047667,2.6550486601498958e-05
FL-2016-000071-LBR,FL-2016-000071-LBR,0.34798795890983814,2.6040071199266007e-05,1.0193781830294557,2.654468046506544e-05
FL-2018-000065-TJK,FL-2018-000065-TJK,0.3361770241402397,1.8436576707598995e-05,1.4353974911294434,2.6463815951103132e-05
Venezuela: Floods - Aug 1988,Venezuela: Floods - Aug 1988,0.3539082965728049,3.082530894653237e-05,0.8558233169940771,2.638101814998853e-05
FL-2000-000265-COL,FL-2000-000265-COL,0.35301532818820286,3.005630795750422e-05,0.8757434779822016,2.6321615666008867e-05
FL-1999-000265-TCD,FL-1999-000265-TCD,0.3435091073846207,2.2876130167614144e-05,1.1454311201477374,2.6203031402535716e-05
FL-2015-000065-GHA,FL-2015-000065-GHA,0.3458794827891639,2.4504622067599093e-05,1.0654801946479941,2.6109189490361014e-05
FF-2015-000115-MKD,FF-2015-000115-MKD,0.34150041634050937,2.1573090973067297e-05,1.2098817209656998,2.6100888433044266e-05
FL-2002-000321-HTI,FL-2002-000321-HTI,0.34788731157129904,2.5964854361459608e-05,0.9930427130308388,2.5784209418554457e-05
FL-2010-000195-MLI,FL-2010-000195-MLI,0.3488754793369824,2.6711880425656373e-05,0.9643639910627344,2.575997561607651e-05
FF-2009-000160-LKA,FF-2009-000160-LKA,0.339054915487845,2.007707539685103e-05,1.2785216004261617,2.5668974568258693e-05
FL-2007-000130-CIV,FL-2007-000130-CIV,0.3408994600991502,2.1196450153229567e-05,1.2043864430014575,2.5528717204305856e-05
FL-2000-000083-ZWE,FL-2000-000083-ZWE,0.3480549854399766,2.609027090181449e-05,0.9759490430199813,2.5462774918757917e-05
FL-2025-000060-HTI,FL-2025-000060-HTI,0.34143291560088895,2.1530487656407967e-05,1.177091149533168,2.5343346465490938e-05
1992-00001-AR,1992-00001-AR,0.3447914414029428,2.3744595193569254e-05,1.0623696179080282,2.5225536523172972e-05
OT-2004-000112-COL,OT-2004-000112-COL,0.3529189428718023,2.9974344662560148e-05,0.8326011254375424,2.495667310030037e-05
FL-2012-000089-CUB,FL-2012-000089-CUB,0.3389808413943145,2.003325565410973e-05,1.2438427371737373,2.4918219547309092e-05
FL-2018-000164-HND,FL-2018-000164-HND,0.3407736362010987,2.111834517100626e-05,1.1796924207248134,2.491315173648655e-05
FL-2019-000062-SSD,FL-2019-000062-SSD,0.3440197449519371,2.3218475199540626e-05,1.0669924753090707,2.4773938326060123e-05
FL-2023-000216-KEN,FL-2023-000216-KEN,0.33986099216725346,2.0559531278124664e-05,1.19256578459642,2.4518593549631375e-05
FL-2017-000052-RUS,FL-2017-000052-RUS,0.33658201688658496,1.86598902485747e-05,1.3124180785283346,2.4489577305584016e-05
FL-1999-000233-SVK,FL-1999-000233-SVK,0.33782754746269644,1.9362017281822507e-05,1.2632598706634384,2.445925944721836e-05
FL-2019-000081-MMR,FL-2019-000081-MMR,0.34440178345579436,2.3477611806663916e-05,1.0383332562250227,2.4377585115600384e-05
FL-2023-000064-RWA,FL-2023-000064-RWA,0.3437497653209091,2.3036903519029164e-05,1.0562755799966463,2.4333318625889313e-05
FL-2008-000095-SUR,FL-2008-000095-SUR,0.34436268323142005,2.345097108963479e-05,1.0299679617320212,2.41537488938277e-05
FL-2009-000010-FJI,FL-2009-000010-FJI,0.34366873251630864,2.2982655746304402e-05,1.0467452570561262,2.4056985896997858e-05
FL-2019-000052-SRB,FL-2019-000052-SRB,0.3343360066925971,1.7451449684208255e-05,1.3767250465171905,2.402584787828402e-05
FL-2010-000176-MRT,FL-2010-000176-MRT,0.3394809563009187,2.0330785994507395e-05,1.1720801829873777,2.3829311368719445e-05
FL-2008-000166-GTM,FL-2008-000166-GTM,0.3455817457841218,2.429449871471477e-05,0.9801994697852303,2.3813454758861377e-05
FL-2014-000008-BOL,FL-2014-000008-BOL,0.34547061951198077,2.4216489565828787e-05,0.9806451897228388,2.3747784004703316e-05
FL-2022-000164-ECU,FL-2022-000164-ECU,0.33846333389518823,1.9729509110273257e-05,1.1990142284011243,2.365596214258724e-05
FL-2022-000316-NER,FL-2022-000316-NER,0.3464153340212549,2.488691574512096e-05,0.94956722049458,2.363179941077731e-05
FL-2010-000259-AUS,FL-2010-000259-AUS,0.33737958325554585,1.9106800734590944e-05,1.2316167879767448,2.3532256549248606e-05
FF-2016-000093-LAO,FF-2016-000093-LAO,0.3415806782062793,2.162384724937695e-05,1.0828034294739801,2.341437596004685e-05
FL-2019-000094-GTM,FL-2019-000094-GTM,0.3388142257987478,1.9935005862406136e-05,1.1627948729486577,2.318032260900729e-05
FL-2012-000051-TJK,FL-2012-000051-TJK,0.3359977150015403,1.8338475914124857e-05,1.2564153914667016,2.304074339454786e-05
FL-2022-000312-BGR,FL-2022-000312-BGR,0.33495730592900275,1.7778476767473047e-05,1.2948679116591442,2.3020779084378435e-05
FL-2009-000045-BOL,FL-2009-000045-BOL,0.34765754165838747,2.5793872500540595e-05,0.8880873516614503,2.290721191809821e-05
FL-2005-000129-SDN,FL-2005-000129-SDN,0.33945561814123565,2.0315616610043997e-05,1.1253207612767273,2.2861585149420837e-05
FL-2012-000068-DOM,FL-2012-000068-DOM,0.3343240028222719,1.7445184995621137e-05,1.3071503900505754,2.2803480371530614e-05
FL-2018-000046-RUS,FL-2018-000046-RUS,0.33481759120440174,1.770445963738437e-05,1.2878965212237008,2.280151197713275e-05
FL-2009-000190-TUR,FL-2009-000190-TUR,0.3427072210189783,2.2347685627543226e-05,1.0202954218418836,2.2801241334544014e-05
FL-2013-000142-VNM,FL-2013-000142-VNM,0.3399514896361797,2.061434241024386e-05,1.0905579261018445,2.2481134506868843e-05
FL-2008-000207-SDN,FL-2008-000207-SDN,0.3349471324432884,1.7773077740262033e-05,1.2628396258514751,2.2444546843741686e-05
FL-2006-000009-GUY,FL-2006-000009-GUY,0.3439403676019965,2.3164957672900722e-05,0.9682281522146716,2.2428964163763747e-05
FL-2021-000061-MYS,FL-2021-000061-MYS,0.3380302452297156,1.9478504266275874e-05,1.1325212482808422,2.2059819966286462e-05
Iran: Floods - Oct 1994,Iran: Floods - Oct 1994,0.3495224918057101,2.7211424582732356e-05,0.7986196192783261,2.17315775402826e-05
FL-2013-000108-SSD,FL-2013-000108-SSD,0.3369420495946366,1.8860453588365993e-05,1.1472056468348109,2.163681885843934e-05
FL-1997-000522-MDA,FL-1997-000522-MDA,0.344840666007678,2.3778516264802452e-05,0.9078244357618784,2.1586718111348936e-05
FL-2001-000485-KHM,FL-2001-000485-KHM,0.3440518906948584,2.3240180030877485e-05,0.9268570532202833,2.154032477972798e-05
Iran: Floods - Feb 1991,Iran: Floods - Feb 1991,0.3416442758081204,2.1664141613287846e-05,0.9877471286935022,2.1398693674134488e-05
FL-2008-000032-KAZ,FL-2008-000032-KAZ,0.3411565491667994,2.1356846600831963e-05,0.9978373267784768,2.1310658720592166e-05
FL-2006-000169-SOM,FL-2006-000169-SOM,0.3428492042050108,2.24404446214643e-05,0.9442290549591343,2.1188919817788025e-05
FL-2019-000136-SLV,FL-2019-000136-SLV,0.331330408375955,1.5944575370917813e-05,1.3263875340879325,2.1148686008310858e-05
FL-2016-000075-BGD,FL-2016-000075-BGD,0.3396901990131494,2.0456445102088774e-05,1.0303519065285407,2.1077337211733595e-05
FL-2004-000055-TJK,FL-2004-000055-TJK,0.3345612042040924,1.756935372312831e-05,1.196880781045007,2.1028421806593813e-05
FL-2000-000770-IDN,FL-2000-000770-IDN,0.34413667465563696,2.329751385238104e-05,0.9023361566151682,2.102218910824615e-05
FL-1991-000010-PHL,FL-1991-000010-PHL,0.3303382181093969,1.5473487845232197e-05,1.3530568313329396,2.0936508433538632e-05
FL-2000-000735-VEN,FL-2000-000735-VEN,0.3383353263389808,1.965501854930144e-05,1.0592626832599326,2.081982768805679e-05
FL-2003-000341-NPL,FL-2003-000341-NPL,0.34843029192570263,2.6372970431963558e-05,0.7820585732690798,2.0625207628889047e-05
FL-2020-000206-COD,FL-2020-000206-COD,0.3367752856308813,1.8767314481871742e-05,1.0973603002618633,2.059450585493559e-05
FL-2013-000101-LAO,FL-2013-000101-LAO,0.3365234919232001,1.862746976164751e-05,1.1048841434150625,2.0581195971587887e-05
Bangladesh: Floods - Jul 1988,Bangladesh: Floods - Jul 1988,0.33944284353530224,2.03079726048348e-05,1.0126036486064969,2.05639271554565e-05
FL-2005-000168-NPL,FL-2005-000168-NPL,0.3431314199564382,2.2625848498662225e-05,0.9001866293184169,2.036748629547991e-05
FL-2018-000165-CRI,FL-2018-000165-CRI,0.3505798712092102,2.8045925205139047e-05,0.7234581139813008,2.029005215377052e-05
Bangladesh: Floods - Jul 1999,Bangladesh: Floods - Jul 1999,0.3377446493310785,1.9314558042767508e-05,1.0482356036464253,2.024620740912432e-05
FL-2024-000116-LBR,FL-2024-000116-LBR,0.34127262575265793,2.142962342225164e-05,0.9411318740645284,2.0168101651880795e-05
FL-2002-000522-KHM,FL-2002-000522-KHM,0.34011006586210946,2.0710703659174778e-05,0.9662857219135197,2.0012457236642673e-05
1993-08-00:00:00+00:00,1993-08-00:00:00+00:00,0.34439969219686717,2.3476186250058816e-05,0.8503605405079919,1.9963222428666304e-05
Moldova: Floods - Aug 1994,Moldova: Floods - Aug 1994,0.34114262258834005,2.1348129981738395e-05,0.9253720476383611,1.9754962754451147e-05
FL-2019-000098-CAF,FL-2019-000098-CAF,0.33272791627905624,1.663000586390609e-05,1.186559142506317,1.9732485497751434e-05
FL-2010-000118-GHA,FL-2010-000118-GHA,0.3338006146091993,1.7173994515509526e-05,1.1468698410721812,1.969633636057692e-05
FL-2002-000077-PER,FL-2002-000077-PER,0.3351482774208468,1.7880098859608384e-05,1.099709656642364,1.9662917377631463e-05
FL-2000-000255-ARG,FL-2000-000255-ARG,0.33966876767260423,2.0443542622259836e-05,0.9596824343263637,1.961930874998509e-05
FL-2019-000020-COL,FL-2019-000020-COL,0.3371639472145284,1.8985030328767762e-05,1.0283585650027902,1.9523418545426066e-05
FL-2020-000212-KHM,FL-2020-000212-KHM,0.330539527503474,1.5568042891932208e-05,1.253731041392615,1.9518138627347064e-05
FL-1991-000011-CHN,FL-1991-000011-CHN,0.34169597366000243,2.169694627652127e-05,0.8927290395029112,1.9369494009585098e-05
FL-2003-000455-NGA,FL-2003-000455-NGA,0.3375897164892411,1.922613947968751e-05,1.0019534687985443,1.926369714327754e-05
FL-2006-000031-PER,FL-2006-000031-PER,0.3424546913246734,2.2183557839847985e-05,0.8622372185675087,1.9127489209761976e-05
FL-1999-000053-PHL,FL-1999-000053-PHL,0.3301385554829096,1.538021714377157e-05,1.2432398621173615,1.9121299041157646e-05
FL-2024-000168-DZA,FL-2024-000168-DZA,0.3356277093488725,1.8137527708980456e-05,1.0502118589927467,1.9048246692780818e-05
FL-2017-000079-TJK,FL-2017-000079-TJK,0.33304449720554297,1.6788914729577493e-05,1.133782714433925,1.9034981314500075e-05
FL-2010-000196-LKA,FL-2010-000196-LKA,0.3307344811105042,1.5660107952813727e-05,1.212821481693282,1.8992915330808294e-05
FL-2023-000217-PRY,FL-2023-000217-PRY,0.32972978084349824,1.5190838244968897e-05,1.2209609052027184,1.85474196143653e-05
FL-2011-000109-PAK,FL-2011-000109-PAK,0.3293547075517277,1.5018921696928245e-05,1.2338103813705061,1.853050150666081e-05
FL-2014-000115-NER,FL-2014-000115-NER,0.3359410994346359,1.830759902805966e-05,1.0075520123358044,1.8445858241758525e-05
FL-2001-000079-ROM,FL-2001-000079-ROM,0.33684815872597784,1.8807963687072594e-05,0.9754964355574846,1.834710153683392e-05
FL-2014-000168-MYS,FL-2014-000168-MYS,0.33415346259994344,1.7356400292290584e-05,1.0559033797109114,1.8326681728245077e-05
FL-2009-000165-CHL,FL-2009-000165-CHL,0.3356104506055154,1.8128203135900523e-05,1.0088424248679406,1.8288500410120488e-05
Paraguay: Floods - Mar 1995,name=Paraguay: Floods - Mar 1995,0.3350843217631634,1.7846007919064626e-05,1.019170735987299,1.8188129025308263e-05
FL-2020-000213-LAO,FL-2020-000213-LAO,0.3302505988406973,1.5432494750105285e-05,1.1779112023169338,1.8178108445846285e-05
FL-2006-000057-SUR,FL-2006-000057-SUR,0.3328322958721561,1.668224932371678e-05,1.0860789103745403,1.8118239168098732e-05
FL-2012-000175-GMB,FL-2012-000175-GMB,0.3280973376540742,1.4455298465179425e-05,1.2465158816556456,1.801875911091863e-05
FL-2023-000067-COD,FL-2023-000067-COD,0.33454911159066913,1.756300436622236e-05,1.0170068685630405,1.786169607305081e-05
FL-2001-000492-VNM,FL-2001-000492-VNM,0.3336741971807107,1.7109063661960382e-05,1.0278730882613472,1.7585946103479213e-05
FL-2009-000039-CRI,FL-2009-000039-CRI,0.3458730749173743,2.4500082642909066e-05,0.7165421116254692,1.755534095194857e-05
FL-2011-000042-COL,FL-2011-000042-COL,0.3418602179222957,2.180146366262333e-05,0.8050454036566094,1.75511681145815e-05
FL-2011-000021-MYS,FL-2011-000021-MYS,0.33654538702951114,1.8639592833957837e-05,0.9410695768598368,1.7541153741092347e-05
FL-2005-000209-THA,FL-2005-000209-THA,0.32849272035501764,1.4630443695348202e-05,1.1913966804489575,1.7430662052133226e-05
FL-2004-000020-KEN,FL-2004-000020-KEN,0.333120273590426,1.6827153062122764e-05,1.0260180821960077,1.7264963313617876e-05
FL-2010-000262-ECU,FL-2010-000262-ECU,0.3233788582886692,1.2505936925999125e-05,1.369373617071581,1.712530008322447e-05
FL-2022-000349-CMR,FL-2022-000349-CMR,0.3276710575212651,1.426858240653254e-05,1.1868126206379996,1.693413367868614e-05
FL-2003-000621-BOL,FL-2003-000621-BOL,0.3356194186495792,1.813304786212232e-05,0.9320569428848113,1.6901033155553694e-05
FF-2021-000189-BIH,FF-2021-000189-BIH,0.3279860293644393,1.4406333105648649e-05,1.1516117071745788,1.6590501861921692e-05
FL-2004-000031-CHN,FL-2004-000031-CHN,0.3475894933737027,2.5743429654709588e-05,0.6434879492593721,1.656558675541198e-05
FL-2019-000131-CIV,FL-2019-000131-CIV,0.3290096406548953,1.486230736111341e-05,1.1114192483318486,1.6518254475765567e-05
FL-2003-000212-AZE,FL-2003-000212-AZE,0.33298671883007824,1.6759811132761334e-05,0.9848576335172745,1.6506027930407798e-05
FL-2017-000126-NGA,FL-2017-000126-NGA,0.32788279642663853,1.4361053633576816e-05,1.1480023217546238,1.6486522914188862e-05
FL-2018-000144-PRK,FL-2018-000144-PRK,0.3299561072835393,1.529543078002151e-05,1.0698843437963756,1.6364341923166197e-05
FL-2010-000067-BRA,FL-2010-000067-BRA,0.33063485062563014,1.5612997327029873e-05,1.0465567844150672,1.6339888277657424e-05
FL-2020-000200-BFA,FL-2020-000200-BFA,0.3266675058144888,1.3837555187365405e-05,1.179752844001357,1.6324895086320067e-05
FL-2007-000154-MEX,FL-2007-000154-MEX,0.33066756164033007,1.5628450762042655e-05,1.041257826944866,1.627324667899937e-05
FL-2006-000091-PRK,FL-2006-000091-PRK,0.33884439655265347,1.9952764716076027e-05,0.8137351057804316,1.623626510684819e-05
FL-2011-000164-CAF,FL-2011-000164-CAF,0.3347056921652216,1.7645378655555375e-05,0.9191458685754219,1.6218676890702655e-05
FL-2006-000041-SRB,FL-2006-000041-SRB,0.33492829162904214,1.7763082894056337e-05,0.9124205484011927,1.6207401835490727e-05
FL-2024-000103-NPL,FL-2024-000103-NPL,0.33096571332304264,1.576994032671509e-05,1.0276933790072569,1.6206663261104635e-05
FL-1997-000295-COD,FL-1997-000295-COD,0.33141434256514035,1.598501300076985e-05,1.0129914858035072,1.619268207023823e-05
FL-2006-000085-UKR,FL-2006-000085-UKR,0.32937645215453054,1.5028840411399823e-05,1.0750292725240695,1.615644337434749e-05
FL-2012-000030-KAZ,FL-2012-000030-KAZ,0.32106055229518726,1.1637762350375543e-05,1.386634100283017,1.613731812602056e-05
FL-2005-000048-AFG,FL-2005-000048-AFG,0.3308859111393925,1.5731957206129507e-05,1.0241455794175436,1.6111814428243502e-05
Nepal: Floods - Jul 1996,Nepal: Floods - Jul 1996,0.342446360122228,2.217816163753226e-05,0.7248329870558342,1.607546314713962e-05
FL-2005-000139-SLE,FL-2005-000139-SLE,0.32981329139805765,1.5229355910404185e-05,1.0426506939426599,1.587889850828267e-05
FL-2017-000057-LKA,FL-2017-000057-LKA,0.3352682529329295,1.7944208781086498e-05,0.8831246219930485,1.5846972596761355e-05
FL-2014-000155-HTI,FL-2014-000155-HTI,0.33243524868624197,1.6484305913707482e-05,0.9609684498537625,1.584089790081069e-05
FL-2023-000131-GTM,FL-2023-000131-GTM,0.3290435984777551,1.487765420842048e-05,1.0605795468095311,1.5778935757955508e-05
FL-2018-000004-COD,FL-2018-000004-COD,0.3277512846796302,1.4303556196829015e-05,1.1027004698435565,1.577253813867707e-05
FL-2001-000236-URY,FL-2001-000236-URY,0.32957270457753063,1.5118627251514082e-05,1.0394922336938253,1.571569561206071e-05
FL-2017-000095-GHA,FL-2017-000095-GHA,0.3317515194679074,1.614838915155085e-05,0.9719324461526762,1.5695143369492156e-05
FL-1990-000004-VNM,FL-1990-000004-VNM,0.3212578534833946,1.1709477933567091e-05,1.3388746942864604,1.5677523688558693e-05
FL-2001-000252-ECU,FL-2001-000252-ECU,0.3305706322180486,1.5582699070671956e-05,1.0045332304500523,1.565333903659313e-05
FL-2019-000079-BGD,FL-2019-000079-BGD,0.32421102550510655,1.2831510952173334e-05,1.2169646553574989,1.5615495303627592e-05
FL-2009-000242-IRQ,FL-2009-000242-IRQ,0.33131518271200944,1.5937249857023756e-05,0.9788779086310397,1.5600621809373752e-05
Philippines: Floods and Landslides - Jun 2018,Philippines: Floods and Landslides - Jun 2018,0.32860595156738553,1.4680953030963381e-05,1.0625282512687408,1.5598927350948042e-05
Togo: Floods - Oct 1995,Togo: Floods - Oct 1995,0.3372973469159821,1.9060278921801085e-05,0.8151788237675379,1.5537535752155005e-05
FL-2024-000128-SDN,FL-2024-000128-SDN,0.3271161195862139,1.4028765559269735e-05,1.106871100441691,1.5528035172427387e-05
FL-2003-000389-BFA,FL-2003-000389-BFA,0.32840502107377445,1.4591430988538908e-05,1.0605355785233375,1.5474731704913464e-05
FL-2023-000196-LKA,FL-2023-000196-LKA,0.32665281642150124,1.3831334055601937e-05,1.1173802450335497,1.5454859436189372e-05
FL-2022-000276-GMB,FL-2022-000276-GMB,0.3220739030357307,1.20103416832187e-05,1.2833775557524247,1.5413802953160677e-05
FL-2019-000138-KEN,FL-2019-000138-KEN,0.3245758082568494,1.2976616571983188e-05,1.178206310642115,1.5289131535893643e-05
Iran: Floods - Dec 1991,Iran: Floods - Dec 1991,0.3402198248515679,2.0777637576958552e-05,0.7306781420678033,1.518176562129025e-05
FL-2010-000037-HTI,FL-2010-000037-HTI,0.3276432084634473,1.4256460047071825e-05,1.0604316168394865,1.5118000978123918e-05
FL-2000-000012-MOZ,FL-2000-000012-MOZ,0.3254655235362597,1.3336746814627467e-05,1.1277962370993517,1.5041132872683622e-05
FL-2007-000068-COL,FL-2007-000068-COL,0.33760092344852044,1.9232522931029443e-05,0.7818122360681077,1.5036221757939285e-05
FL-2023-000110-CHL,FL-2023-000110-CHL,0.33006451957959904,1.5345760706545935e-05,0.978626075734756,1.5017761579411665e-05
FL-2009-000178-GIN,FL-2009-000178-GIN,0.3265151214214293,1.3773140865434045e-05,1.068515319346453,1.471681201023294e-05
FL-1998-000272-PRK,FL-1998-000272-PRK,0.3329898426410854,1.6761383468525838e-05,0.8775464676728586,1.4708892856115096e-05
FL-2012-000106-BGD,FL-2012-000106-BGD,0.32009474213712386,1.1292377941391533e-05,1.2962702877560353,1.4637974003537506e-05
2012-000025-VUT,2012-000025-VUT,0.3205029049748645,1.1437199650379282e-05,1.277534232696297,1.4611414079541652e-05
FL-2022-000002-IRN,FL-2022-000002-IRN,0.3258442074561019,1.3492736817657759e-05,1.0761675131954946,1.4520445027260043e-05
FL-2007-000022-ARG,FL-2007-000022-ARG,0.33295511848799897,1.6743912911584475e-05,0.8666786317016433,1.451159153154351e-05
Togo: Floods - Sep 1995,Togo: Floods - Sep 1995,0.3302908794183368,1.54513280574855e-05,0.937832522926336,1.4490757974714109e-05
FL-2007-000228-LKA,FL-2007-000228-LKA,0.32744192751231394,1.4169120101933306e-05,1.0154950674735044,1.438867157395295e-05
FL-2006-000156-TUR,FL-2006-000156-TUR,0.32475022596652525,1.3046518046623155e-05,1.1004723456560104,1.4357332317410855e-05
SS-2007-000063-MDV,SS-2007-000063-MDV,0.32165687058404874,1.1855730637490885e-05,1.2101910384211765,1.4347698971426852e-05
FL-2008-000187-BDI,FL-2008-000187-BDI,0.340351024099078,2.0857901736624142e-05,0.6853457474951481,1.429487425686702e-05
FL-2021-000039-BDI,FL-2021-000039-BDI,0.3271783435252663,1.4055473892917224e-05,1.0111286560166783,1.4211892427022902e-05
FL-2010-000179-ETH,FL-2010-000179-ETH,0.3265231389605695,1.3776523217164154e-05,1.030549003575644,1.4197382274185244e-05
1988-08-01T00:00:00+00:00,1988-08-01T00:00:00+00:00,0.3337551510874771,1.71506179287912e-05,0.8249538870093336,1.4148468924968267e-05
FL-2019-000104-THA,FL-2019-000104-THA,0.3175135182046438,1.0414110991867344e-05,1.3579010130864204,1.4141331866251094e-05
FL-2001-000376-PAK,FL-2001-000376-PAK,0.3300554236239762,1.5341532228739004e-05,0.921151618596019,1.4131877244245924e-05
FL-2019-000064-SDN,FL-2019-000064-SDN,0.32106974359667395,1.1641094430965183e-05,1.207726031282668,1.4059252776896349e-05
FL-2012-000075-VEN,FL-2012-000075-VEN,0.324967271813819,1.3133976777141793e-05,1.068528235373372,1.4034025029114169e-05
FL-2017-000130-GTM,FL-2017-000130-GTM,0.32112658754062084,1.1661720889279571e-05,1.201624894182623,1.401301412956785e-05
FL-2005-000070-YEM,FL-2005-000070-YEM,0.32662410969480593,1.3819183683020347e-05,1.0139259017870548,1.4011628277767358e-05
FL-2003-000293-TLS,FL-2003-000293-TLS,0.3248719102700357,1.3095486018869755e-05,1.0697950005147083,1.4009485472297126e-05
FL-2015-000008-BOL,FL-2015-000008-BOL,0.32374335570523094,1.2647615090350248e-05,1.106077830028409,1.3989246654169163e-05
FL-2003-000227-CHN,FL-2003-000227-CHN,0.3403945401089843,2.0884585219065094e-05,0.667747313747308,1.3945625678757451e-05
FL-2020-000011-MOZ,FL-2020-000011-MOZ,0.3261220843241799,1.3608244178570984e-05,1.0218255119837183,1.390525107496775e-05
FL-2000-000438-KHM,FL-2000-000438-KHM,0.3265839898662533,1.3802218709818476e-05,1.0010572321421671,1.3816810859071717e-05
China: Floods - Jul 2018,China: Floods - Jul 2018,0.3233376474585351,1.2490008717537347e-05,1.1041913871780773,1.3791360051683842e-05
FF-2021-000198-COG,FF-2021-000198-COG,0.323890016332824,1.2705027638279814e-05,1.0782758332205882,1.3699524262756768e-05
FL-2016-000054-HTI,FL-2016-000054-HTI,0.3210069374432635,1.1618342704281516e-05,1.16982926460923,1.359147730172766e-05
FL-2015-000006-MWI,FL-2015-000006-MWI,0.3186572634735126,1.0795387162841572e-05,1.2458327290676428,1.3449246650424712e-05
FL-1999-000350-CRI,FL-1999-000350-CRI,0.3351721529167153,1.789284047676517e-05,0.7458703171652188,1.3345738601391503e-05
FL-2019-000118-SEN,FL-2019-000118-SEN,0.3242504698987947,1.2847130666418307e-05,1.0381953499928476,1.3337831318626e-05
FL-2012-000063-RUS,FL-2012-000063-RUS,0.3217917763064281,1.1905548566259577e-05,1.1108712268830492,1.3225531342516502e-05
FL-2021-000213-STP,FL-2021-000213-STP,0.3189313980515661,1.0888618108300367e-05,1.21326547331372,1.3210784402899389e-05
FL-2011-000082-NPL,FL-2011-000082-NPL,0.3242567643825492,1.2849624822241305e-05,1.025863139158339,1.318195645715138e-05
FL-2025-000047-TZA,FL-2025-000047-TZA,0.32246153501302127,1.215567752429638e-05,1.084317683177047,1.3180616090592353e-05
FL-2011-000091-BEN,FL-2011-000091-BEN,0.323315362838625,1.2481403199701282e-05,1.0550833377129152,1.3168920547281489e-05
FL-1998-000053-ZMB,FL-1998-000053-ZMB,0.3271171668913765,1.4029214715070856e-05,0.9365163542555616,1.3138589018026635e-05
FL-2024-000177-NPL,FL-2024-000177-NPL,0.31887505334549054,1.086939678127668e-05,1.1822831865149188,1.2850705062062796e-05
Papua New Guinea: Floods - Jun 1993,Papua New Guinea: Floods - Jun 1993,0.32738447472768384,1.4144278660255932e-05,0.9057511495213365,1.281119665567692e-05
Burkina Faso: Floods - Sep 1988,Burkina Faso: Floods - Sep 1988,0.3256640345952114,1.3418315211241133e-05,0.9525620167546777,1.2781777399069823e-05
Bolivia: Landslides/Floods - Mar 1994,Bolivia: Landslides/Floods - Mar 1994,0.331707167292542,1.6126813200370697e-05,0.7919956578021904,1.2772366028880637e-05
FL-2009-000023-ECU,FL-2009-000023-ECU,0.326072479543045,1.3587559528500549e-05,0.9391312908770322,1.276050231986924e-05
Brazil: Floods - Feb 1988,Brazil: Floods - Feb 1988,0.3282700510961857,1.4531572987515083e-05,0.8724712930664509,1.2678380274706792e-05
FF-2022-000274-IRN,FF-2022-000274-IRN,0.3218832977627087,1.193945274986761e-05,1.061292911805653,1.2671256574273007e-05
FL-2007-000057-URY,FL-2007-000057-URY,0.3214635007833976,1.1784650287491445e-05,1.0706544149077877,1.2617287858447045e-05
FL-2012-000009-FJI,FL-2012-000009-FJI,0.32057971453643364,1.1464638849125834e-05,1.0988887127745661,1.2598362227341172e-05
FL-2017-000010-PHL,FL-2017-000010-PHL,0.3167702326515389,1.0172873303072993e-05,1.2076275140633692,1.2285041697871654e-05
FL-2015-000056-COL,FL-2015-000056-COL,0.3192403291239716,1.099455101535057e-05,1.1169319001335634,1.2280164756690911e-05
FL-1997-000255-KEN,FL-1997-000255-KEN,0.3251458250846889,1.3206320104463976e-05,0.9285064149811921,1.2262152935289889e-05
FL-2017-000149-TGO,FL-2017-000149-TGO,0.31717789443164407,1.0304552054110599e-05,1.1893964633714496,1.2256197769786153e-05
FL-2009-000164-SEN,FL-2009-000164-SEN,0.32067472266071895,1.1498661202162504e-05,1.0544185483611912,1.2124401652881337e-05
FL-2001-000095-HUN,FL-2001-000095-HUN,0.3245973146377233,1.2985217437460798e-05,0.929591846342594,1.207095225284923e-05
FL-2015-000169-KEN,FL-2015-000169-KEN,0.32067473129967794,1.149866429989574e-05,1.0437478752458738,1.2001706431181761e-05
FL-2010-000026-DOM,FL-2010-000026-DOM,0.32043636678575727,1.1413477556766317e-05,1.0490817664059833,1.1973671196087454e-05
FL-2019-000116-ETH,FL-2019-000116-ETH,0.3119495609482934,8.726574229605413e-06,1.3310225871226296,1.1615267407807065e-05
FL-2023-000068-YEM,FL-2023-000068-YEM,0.31543825680339305,9.753121633455835e-06,1.1881661189135326,1.1588328678514833e-05
FL-2005-000196-LKA,FL-2005-000196-LKA,0.3132522890673177,9.097928774443961e-06,1.2685548662514894,1.1541221819630337e-05
FL-2009-000267-SRB,FL-2009-000267-SRB,0.33075902632629395,1.5671733868639207e-05,0.7348109754309236,1.1515762050708617e-05
FL-2010-000150-MEX,FL-2010-000150-MEX,0.31252052238665107,8.887618734132043e-06,1.2934881621677183,1.149602962245984e-05
FL-2024-000024-DZA,FL-2024-000024-DZA,0.3159319012710798,9.906832282987715e-06,1.1597469097454667,1.148941812556163e-05
FL-2009-000147-NIC,FL-2009-000147-NIC,0.32262008163881983,1.2215576493492586e-05,0.933638952160343,1.1404938037418935e-05
FL-2002-000475-TJK,FL-2002-000475-TJK,0.31591274090969845,9.900825713516714e-06,1.1361467856691416,1.1248791309882401e-05
Cambodia: Floods - Sep 1996,Cambodia: Floods - Sep 1996,0.3129330810293053,9.005643700860289e-06,1.2387081711791748,1.1155364438983903e-05
FL-2025-000026-ECU,FL-2025-000026-ECU,0.31613628794948045,9.971109723151273e-06,1.1171472704368623,1.1139198010444903e-05
FL-2016-000011-TZA,FL-2016-000011-TZA,0.31727494237823395,1.0336124672746342e-05,1.076733992508393,1.1129256785950676e-05
FL-2024-000104-MMR,FL-2024-000104-MMR,0.32517313494174616,1.321741663517641e-05,0.8391419529408852,1.1091288808075277e-05
FL-2016-000124-COD,FL-2016-000124-COD,0.31079688029316666,8.409428996544667e-06,1.3125392635260602,1.1037705741799432e-05
FL-2008-000217-KEN,FL-2008-000217-KEN,0.31954130761348054,1.1098648074379385e-05,0.9905535057194418,1.0993804758822832e-05
FL-1999-000247-KOR,FL-1999-000247-KOR,0.31128775889343646,8.543197134750152e-06,1.2639620274706846,1.0798276771520545e-05
FL-2013-000002-PSE,FL-2013-000002-PSE,0.3136425305089563,9.211905867152434e-06,1.1703104797566297,1.0780789974860077e-05
FL-2011-000137-VNM,FL-2011-000137-VNM,0.31328341275660576,9.106972211777613e-06,1.1760511302101604,1.0710264962453586e-05
FL-2017-000160-HND,FL-2017-000160-HND,0.3124615889890508,8.87087316753293e-06,1.2060733944327546,1.0698924112748883e-05
FL-2023-000169-BRA,FL-2023-000169-BRA,0.3148587425826959,9.575414157412213e-06,1.1172435166273167,1.0698069386390215e-05
FL-1999-000574-VNM,FL-1999-000574-VNM,0.3147669774770875,9.547543329913066e-06,1.114647519535003,1.064214549034056e-05
FL-2006-000010-BOL,FL-2006-000010-BOL,0.3235125024493316,1.2557716969348254e-05,0.8447911998200817,1.0608648785536712e-05
FL-2007-000221-KEN,FL-2007-000221-KEN,0.31868523039539753,1.0804865466036374e-05,0.974842278689549,1.0533039671844915e-05
FL-2006-000071-ROM,FL-2006-000071-ROM,0.31698392328409697,1.0241707380956166e-05,1.0212196594192295,1.0459032923451465e-05
FL-2008-000158-PAN,FL-2008-000158-PAN,0.3199377295265339,1.1237108769045002e-05,0.9235086414861772,1.0377567053533158e-05
China: Floods - Aug 1985,China: Floods - Aug 1985,0.3392403964375741,2.0187178378110058e-05,0.5116338983381565,1.0328444770040193e-05
FF-2004-000060-VNM,FF-2004-000060-VNM,0.3052508499271218,7.023746335066955e-06,1.463389408328373,1.0278475993522208e-05
FL-2000-000302-CHN,FL-2000-000302-CHN,0.331715083263505,1.6130662170418974e-05,0.6358572303399659,1.0256798171232272e-05
FL-1999-000213-IND,FL-1999-000213-IND,0.31555041620992336,9.787856047372331e-06,1.046094414060121,1.023902153678077e-05
FL-2019-000032-BOL,FL-2019-000032-BOL,0.3168441962840496,1.0196651223527696e-05,0.9989982238811052,1.0186436461839266e-05
FL-2019-000156-DJI,FL-2019-000156-DJI,0.31477191541576655,9.549041216133298e-06,1.0579254007457344,1.0102173255315353e-05
FL-2011-000045-GTM,FL-2011-000045-GTM,0.30819545532696735,7.731474056342518e-06,1.3016118343545413,1.0063378128740532e-05
LS-2015-000135-LKA,LS-2015-000135-LKA,0.3083534125522283,7.771191146148698e-06,1.290597047444825,1.0029476348348875e-05
FL-2001-000450-THA,FL-2001-000450-THA,0.30957560591363165,8.084763424561222e-06,1.2397633775051489,1.0023193609564115e-05
FL-2022-000378-BIH,FL-2022-000378-BIH,0.31658021558750116,1.0112014998150939e-05,0.9789655437483893,9.899314261056701e-06
FL-1998-000080-ARG,FL-1998-000080-ARG,0.31844491584522217,1.072366393131726e-05,0.9225861223252123,9.893503523512732e-06
FL-2007-000126-PRK,FL-2007-000126-PRK,0.31913925333637316,1.0959790340527108e-05,0.8947450500988214,9.806218157307507e-06
FL-2022-000336-VNM,FL-2022-000336-VNM,0.3104797674072895,8.324018635992921e-06,1.1722090372300906,9.757489871182594e-06
Burundi: Floods - Feb 1989,Burundi: Floods - Feb 1989,0.32864887105864177,1.4700139217370684e-05,0.6606774662799159,9.71205073209449e-06
FL-2011-000180-PAN,FL-2011-000180-PAN,0.31498996262214807,9.615395428521799e-06,1.008200937283557,9.694250683387706e-06
ST-2010-000085-CHN,ST-2010-000085-CHN,0.30870635471787644,7.8605999674441e-06,1.2265270055929207,9.641238140233022e-06
FL-2010-000072-RUS,FL-2010-000072-RUS,0.30757858123002957,7.578109796145368e-06,1.2712126327447877,9.63338890518702e-06
FL-1998-000255-TUR,FL-1998-000255-TUR,0.31170970244566676,8.659707154777023e-06,1.1010714693094692,9.53495648070006e-06
FL-2007-000197-COD,FL-2007-000197-COD,0.3166736245808678,1.014189078369542e-05,0.938197452018096,9.515096091908854e-06
FF-2020-000156-UKR,FF-2020-000156-UKR,0.31370473520095776,9.230192145219196e-06,1.0262202808011436,9.472210375115354e-06
FL-2006-000034-ECU,FL-2006-000034-ECU,0.316493867139601,1.0084467923799084e-05,0.9389625926165136,9.468938146888458e-06
FL-2006-000191-LKA,FL-2006-000191-LKA,0.30688636728555807,7.409279250816812e-06,1.2757451495342207,9.452352065774092e-06
FL-2005-000090-TJK,FL-2005-000090-TJK,0.30681876532064045,7.392974009882947e-06,1.278206249426741,9.449745581281856e-06
FL-2006-000120-BFA,FL-2006-000120-BFA,0.3105329157878371,8.338278794191447e-06,1.130238094179754,9.424240333086399e-06
FL-2020-000154-CIV,FL-2020-000154-CIV,0.30846703078987736,7.799872991958245e-06,1.204144706950617,9.392175778153593e-06
Algeria: Floods - Jan 1985,Algeria: Floods - Jan 1985,0.30669820036984596,7.363974510205837e-06,1.2746999404289316,9.386857869479551e-06
FL-2009-000208-AZE,FL-2009-000208-AZE,0.316010429680136,9.931484384549732e-06,0.9365765261408021,9.30159514430321e-06
FL-2013-000019-PER,FL-2013-000019-PER,0.3055777744763805,7.099334445842964e-06,1.3077998282489198,9.284508368955069e-06
FL-2019-000093-NGA,FL-2019-000093-NGA,0.3012724209166937,6.160185257060745e-06,1.4999999960810835,9.240277861449865e-06
FL-1993-000013-PHL,FL-1993-000013-PHL,0.3095233548448202,8.071128085881971e-06,1.133970277619954,9.152419356253786e-06
Iran: Floods - Jul 1987,Iran: Floods - Jul 1987,0.31811442274462015,1.0612888388808945e-05,0.8532734221804965,9.055695594738665e-06
Niger: Floods - Aug 1994,name=Niger: Floods - Aug 1994,0.3049049056133407,6.944550139122835e-06,1.2931727617169873,8.980503082291565e-06
China: Floods in Shanxi Province - Aug 1988,China: Floods in Shanxi Province - Aug 1988,0.3109182152465533,8.442317103528143e-06,1.0515735249110678,8.877717154974086e-06
FL-2023-000079-BIH,FL-2023-000079-BIH,0.307012187253138,7.439712570229429e-06,1.1840473487984016,8.808971944602297e-06
FL-2015-000068-BGD,FL-2015-000068-BGD,0.31160746642682097,8.631346522205332e-06,1.0178976147086904,8.785827036676957e-06
FL-2012-000056-PRY,FL-2012-000056-PRY,0.30599246689720194,7.196268334618686e-06,1.2200522670934264,8.779823496264164e-06
FL-2003-000585-MKD,FL-2003-000585-MKD,0.3104724791360982,8.322064843719896e-06,1.044377937487487,8.691380917121312e-06
FL-1991-000009-VNM,FL-1991-000009-VNM,0.306965119464254,7.428314672880011e-06,1.1677435677731713,8.674366678650702e-06
LS-2010-000190-COL,LS-2010-000190-COL,0.3181626409822941,1.0628985865925988e-05,0.8035449578867475,8.540868000014332e-06
Pakistan: Floods - Jul 1993,Pakistan: Floods - Jul 1993,0.30960523124414124,8.092503600247966e-06,1.0550156272267153,8.537717761650059e-06
FL-2004-000120-CRI,FL-2004-000120-CRI,0.32112024647768017,1.1659418335131204e-05,0.7305869676266675,8.518219085754276e-06
FL-2021-000078-GTM,FL-2021-000078-GTM,0.30863076543436846,7.84137383760975e-06,1.0813671758288972,8.479404281394657e-06
FL-2024-000123-BFA,FL-2024-000123-BFA,0.3053284216430765,7.041615819792786e-06,1.1979418788258864,8.435446485132655e-06
FL-2002-000732-IDN,FL-2002-000732-IDN,0.31318605272824296,9.078709747320948e-06,0.9190515020515428,8.3438018299653e-06
FL-2013-000125-BFA,FL-2013-000125-BFA,0.30595845240980013,7.188272877295038e-06,1.1601880124394874,8.339748022381606e-06
FL-1997-000137-CHL,FL-1997-000137-CHL,0.312672137969642,8.930830202399844e-06,0.9286157560049981,8.293309640153802e-06
FL-1998-000221-NPL,FL-1998-000221-NPL,0.3075483555049494,7.570666085404234e-06,1.0933566224100346,8.277437900531771e-06
FL-2002-000470-VNM,FL-2002-000470-VNM,0.30336225197166894,6.601086078429418e-06,1.2513371910904603,8.260184511528208e-06
FL-2016-000137-ARG,FL-2016-000137-ARG,0.31036512540101885,8.293333926894069e-06,0.9911432885271344,8.219882261155441e-06
FL-2015-000080-MMR,FL-2015-000080-MMR,0.30307213035185593,6.538227338687575e-06,1.2536908885177969,8.196916041570576e-06
FL-2003-000012-BOL,FL-2003-000012-BOL,0.3098686564305377,8.161622261574899e-06,1.0019840207728257,8.17781508968182e-06
FL-2006-000158-PRK,FL-2006-000158-PRK,0.3099289985838263,8.177529700009056e-06,0.9986709167128025,8.166661081954213e-06
China: Floods - Jun 1994,China: Floods - Jun 1994,0.3105855785767737,8.352430346465775e-06,0.9760523910513278,8.152409610757589e-06
FL-2013-000051-ECU,FL-2013-000051-ECU,0.3005527319976455,6.0146006960096045e-06,1.3545163959289632,8.146875257710763e-06
FL-2011-000183-TZA,FL-2011-000183-TZA,0.3056641339432937,7.119423440485622e-06,1.1441136258848459,8.14542936670357e-06
FL-2008-000232-CRI,FL-2008-000232-CRI,0.3231594758568184,1.2421354331145591e-05,0.615992904616921,7.651466133718345e-06
FL-2005-000169-FJI,FL-2005-000169-FJI,0.30335234815726997,6.598931349970654e-06,1.141883746425886,7.535212452311719e-06
FL-2014-000019-BDI,FL-2014-000019-BDI,0.31593743262011964,9.908566912018681e-06,0.7596781974796384,7.527322251328738e-06
FL-2023-000231-BDI,FL-2023-000231-BDI,0.30751059493726707,7.561376009579507e-06,0.9891166714763052,7.479083070376069e-06
FL-1999-000437-KHM,FL-1999-000437-KHM,0.30506119051836594,6.980227989524326e-06,1.069362166100396,7.464391722752346e-06
FL-2007-000111-GBR,FL-2007-000111-GBR,0.3075947573954536,7.582096217196817e-06,0.9829526883830424,7.452841860272508e-06
FL-2009-000241-COL,FL-2009-000241-COL,0.3171395847526237,1.0292112675635279e-05,0.7158636981146965,7.367749841393414e-06
FL-2023-000168-LBY,FL-2023-000168-LBY,0.3022296846363114,6.358741642008339e-06,1.1504384598927777,7.315340941488146e-06
FL-2015-000113-PRK,FL-2015-000113-PRK,0.30059677977119303,6.023421263287749e-06,1.2051154702949778,7.258918148491785e-06
China: Floods and Landslides - Jul 1989,name=China: Floods and Landslides - Jul 1989,0.3013632185092807,6.178776045070687e-06,1.1642613331648382,7.193710035560964e-06
FL-2011-000032-THA,FL-2011-000032-THA,0.29525996195765236,5.0355347181833405e-06,1.4229083066092745,7.165104178722467e-06
FL-2002-000296-PRY,FL-2002-000296-PRY,0.30806730136125243,7.69938509832051e-06,0.9287123335884037,7.150513901857022e-06
FF-2007-000113-GMB,FF-2007-000113-GMB,0.2999186185475575,5.88890122847892e-06,1.2095060640956095,7.122661746705338e-06
1993-12-00T00:00:00+00:00,1993-12-00T00:00:00+00:00,0.3158368983415266,9.877082025995316e-06,0.7194550254691349,7.106116300573194e-06
FL-2010-000208-RUS,FL-2010-000208-RUS,0.2970124125851116,5.3425180116507274e-06,1.3220723863339372,7.063195536695119e-06
FL-2008-000191-SLV,FL-2008-000191-SLV,0.30249693648127807,6.415194190924748e-06,1.1001321274321947,7.0575612331527e-06
FL-2019-000170-RWA,FL-2019-000170-RWA,0.2978801318123381,5.5006672418551126e-06,1.2803341263764025,7.042691987587861e-06
FL-2003-000316-IND,FL-2003-000316-IND,0.3172234979486178,1.0319377424435383e-05,0.6806493039297219,7.0238770609300295e-06
FF-2016-000079-MKD,FF-2016-000079-MKD,0.29860460611038153,5.635922679377159e-06,1.242997967664418,7.00544043637961e-06
FL-2005-000157-MDA,FL-2005-000157-MDA,0.3048480546034335,6.931612544926626e-06,1.0060968725786879,6.973873703377878e-06
FL-2019-000135-GHA,FL-2019-000135-GHA,0.3041682990905875,6.778591958287501e-06,1.0216323108198488,6.925228566450105e-06
FL-2015-000042-RWA,FL-2015-000042-RWA,0.2980416644992411,5.530568831177939e-06,1.249561737281718,6.910787196842826e-06
FL-2008-000243-PNG,FL-2008-000243-PNG,0.2998751293776745,5.880367700931451e-06,1.173640633936972,6.901438476303683e-06
FL-2002-000322-CHL,FL-2002-000322-CHL,0.30253733018800266,6.423765822941913e-06,1.0722116253519196,6.88763639389666e-06
FL-2024-000098-SLV,FL-2024-000098-SLV,0.2967998529124638,5.304406686057731e-06,1.2955779011577304,6.872272081209707e-06
1985-06-01-ARG-Flood,1985-06-01-ARG-Flood,0.3077881690468173,7.629906594559118e-06,0.8967196146811239,6.841886901526019e-06
FL-2021-000153-UGA,FL-2021-000153-UGA,0.29831683582393154,5.581843285673564e-06,1.2225799823486727,6.8242498656718426e-06
FL-2002-000110-BOL,FL-2002-000110-BOL,0.3073626614452881,7.525079297551904e-06,0.9049212581915606,6.809604225931933e-06
1995-09-00T00:00:00+00:00,1995-09-00T00:00:00+00:00,0.32078538648820126,1.153840439605393e-05,0.5841419555859526,6.740066108252495e-06
FL-2022-000275-UGA,FL-2022-000275-UGA,0.29942517714833067,5.792728202560178e-06,1.149508740471743,6.658791700020094e-06
FL-2014-000073-RUS,FL-2014-000073-RUS,0.2965334133842754,5.2569805183666565e-06,1.256795117141143,6.606947446389328e-06
FL-1998-000392-IND,FL-1998-000392-IND,0.2971547465775008,5.3681756549648846e-06,1.2193931606788748,6.5459166789870196e-06
FL-2004-000023-CRI,FL-2004-000023-CRI,0.3177459367874673,1.0490593447660931e-05,0.6208832606204117,6.513433865626845e-06
FL-2017-000107-NPL,FL-2017-000107-NPL,0.2978574463047762,5.496479561671812e-06,1.179269398312985,6.481830145532337e-06
FL-2012-000126-PAN,FL-2012-000126-PAN,0.307453730233332,7.547405180839925e-06,0.8526290636893213,6.4351370126234785e-06
FL-2015-000011-PER,FL-2015-000011-PER,0.30250145021881364,6.416151504660864e-06,0.9963773020475339,6.392907725742217e-06
FL-2024-000008-ZAF,FL-2024-000008-ZAF,0.29830404085552603,5.579449665301115e-06,1.1347418062917907,6.331234791317914e-06
FL-1997-000022-BOL,FL-1997-000022-BOL,0.3055198376410871,7.085885751132339e-06,0.8860824734618276,6.2786791730312626e-06
FL-2020-000054-BDI,FL-2020-000054-BDI,0.3002051017600732,5.945394606061392e-06,1.0550987498746878,6.272978416367087e-06
FL-2013-000050-ETH,FL-2013-000050-ETH,0.2936776300415842,4.772090462714938e-06,1.3053721958094802,6.229354205915677e-06
FL-1997-000166-ROM,FL-1997-000166-ROM,0.2997068839824869,5.8474589801277954e-06,1.0562978713123758,6.1766584732954266e-06
FL-2008-000250-THA,FL-2008-000250-THA,0.30245722835044153,6.406778074307968e-06,0.9628755515870862,6.168929972195334e-06
FL-2009-000177-GMB,FL-2009-000177-GMB,0.2964860516617293,5.248590206573219e-06,1.1684788072717938,6.132866424435092e-06
FF-2007-000070-CHN,FF-2007-000070-CHN,0.31282952115251084,8.97588539877261e-06,0.6717253779144738,6.029330011607539e-06
FL-2004-000094-CHN,FL-2004-000094-CHN,0.31230178820023385,8.825609538235196e-06,0.6825809586803848,6.024193019547328e-06
FL-1999-000315-GHA,FL-1999-000315-GHA,0.3042512592243335,6.79710288143596e-06,0.8830969393406909,6.002500750979887e-06
FL-2018-000194-TTO,FL-2018-000194-TTO,0.29185069519526763,4.4833982862136734e-06,1.3365256119034994,5.9921766378888305e-06
FL-2022-000365-PAN,FL-2022-000365-PAN,0.2941302539769043,4.846151417464338e-06,1.231111202769136,5.966151300355875e-06
Afghanistan: Floods - May 1996,Afghanistan: Floods - May 1996,0.29049362630674896,4.279234439901854e-06,1.3761994142384775,5.889079929582051e-06
FL-2002-000376-RUS,FL-2002-000376-RUS,0.300383108800533,5.9807421222399495e-06,0.9555833880945447,5.7150978204898085e-06
Yemen: Floods - Feb 1993,Yemen: Floods - Feb 1993,0.3017588066337912,6.260363281710213e-06,0.9108992485616124,5.702560209032543e-06
FL-2023-000236-DOM,FL-2023-000236-DOM,0.29113848154148825,4.375182021066042e-06,1.3006578060128464,5.69061464842661e-06
LS-2011-000104-ECU,LS-2011-000104-ECU,0.2974441149996894,5.4206804623837145e-06,1.046388478883193,5.672137583545538e-06
FL-2008-000180-NIC,FL-2008-000180-NIC,0.3009995367872679,6.104614902212981e-06,0.9285577138121239,5.6684872573023085e-06
FL-2012-000003-BRA,FL-2012-000003-BRA,0.3002530231320897,5.954891986768078e-06,0.950877679977288,5.662373876893373e-06
FL-2025-000045-COD,FL-2025-000045-COD,0.294186965517542,4.855503440604084e-06,1.1530761769304614,5.598765344364458e-06
Paraguay: Floods - Feb 1990,name=Paraguay: Floods - Feb 1990,0.2925783423002949,4.59644163016238e-06,1.2090275213437827,5.557224431116598e-06
Thailand: Floods - Oct 1995,Thailand: Floods - Oct 1995,0.29020066478240186,4.236273877313722e-06,1.3030110983590828,5.519911877828443e-06
FL-2000-000741-LKA,FL-2000-000741-LKA,0.29739775556630643,5.412237750556869e-06,1.013293031042013,5.4841827949817756e-06
FL-2001-000029-BOL,FL-2001-000029-BOL,0.2979197299170449,5.507983820490075e-06,0.9901822298032961,5.45390770109334e-06
FL-2003-000196-ARG,FL-2003-000196-ARG,0.2974801755603184,5.427255796791008e-06,0.9957341344638851,5.404103853331798e-06
FL-2006-000190-BDI,FL-2006-000190-BDI,0.30660411702525003,7.341415795036626e-06,0.7328323699678426,5.380027135996044e-06
FL-1997-000140-AZE,FL-1997-000140-AZE,0.29714357151042514,5.3661571924430915e-06,0.9955723453086005,5.342397701375184e-06
Indonesia: Floods and Landslides - Jan 1989,Indonesia: Floods and Landslides - Jan 1989,0.2872112885106746,3.819575100330922e-06,1.3981220969467434,5.3402323487202365e-06
FL-2002-000755-CRI,FL-2002-000755-CRI,0.3079431836349956,7.668421102506967e-06,0.6950172098350388,5.329684638504524e-06
FL-2018-000105-BGD,FL-2018-000105-BGD,0.29717827502086835,5.3724276425571255e-06,0.991882742040366,5.3288182615130205e-06
FL-2006-000155-LKA,FL-2006-000155-LKA,0.2896227453107687,4.152662715948792e-06,1.2787797130194554,5.310340836167588e-06
FL-2002-000607-ALB,FL-2002-000607-ALB,0.30391728156726616,6.722858330281466e-06,0.7786781247788098,5.2349427177771725e-06
FL-2021-000068-SUR,FL-2021-000068-SUR,0.29395015516941103,4.8165595909614755e-06,1.0828851876395205,5.215781036435249e-06
FL-2021-000190-EGY,FL-2021-000190-EGY,0.2924645680631792,4.5785988035157165e-06,1.1389708836250705,5.2148907250049864e-06
FL-2008-000038-ARG,FL-2008-000038-ARG,0.29599739154187393,5.162723175169869e-06,0.9962518718082016,5.143372626890564e-06
FL-2007-000151-TCD,FL-2007-000151-TCD,0.3002292452768875,5.950177825727554e-06,0.8635836730404353,5.1384764219855516e-06
FL-2023-000014-ZMB,FL-2023-000014-ZMB,0.28977312343866723,4.174274648929895e-06,1.206847055818516,5.037711070238914e-06
FL-2014-000004-COL,FL-2014-000004-COL,0.2908081681155453,4.325795720567076e-06,1.1530726697303297,4.987956820222313e-06
FL-2024-000189-LKA,FL-2024-000189-LKA,0.2902404212837586,4.242081007156446e-06,1.1695806147019812,4.961455711965635e-06
FL-2024-000075-UGA,FL-2024-000075-UGA,0.2911982505258629,4.384172309696323e-06,1.1215173808366035,4.916925445906982e-06
FL-2002-000536-MMR,FL-2002-000536-MMR,0.29701551989538844,5.3430769661584776e-06,0.9088201340075248,4.855895924396667e-06
FL-2005-000184-VNM,FL-2005-000184-VNM,0.29045414313598017,4.27342176702773e-06,1.1335707457861832,4.8442258995085325e-06
FL-2008-000201-YEM,FL-2008-000201-YEM,0.29233325958016365,4.5580836466601264e-06,1.0616963805348374,4.839300909834089e-06
FL-2025-000036-ARG,FL-2025-000036-ARG,0.28597379112641674,3.658156895716376e-06,1.314214219679874,4.8076018101704475e-06
FL-1999-000161-LKA,FL-1999-000161-LKA,0.28547025240149837,3.594252555830332e-06,1.3231195184395432,4.755625710820326e-06
FL-2009-000144-NER,FL-2009-000144-NER,0.29050081751335216,4.280293887835896e-06,1.0987319238695548,4.70289553810903e-06
FL-2005-000150-NGA,FL-2005-000150-NGA,0.2922119856011409,4.5392097714014145e-06,1.0189791202777432,4.625359979618749e-06
FL-2007-000052-LKA,FL-2007-000052-LKA,0.29495014082340487,4.982944827619121e-06,0.9223416325983702,4.595977467453824e-06
FL-2000-000484-BTN,FL-2000-000484-BTN,0.2903891971191684,4.263875935769117e-06,1.0601525816656658,4.520359081207737e-06
FL-2006-000086-CHL,FL-2006-000086-CHL,0.29258578048760053,4.597610312202465e-06,0.9816818094129864,4.5133904102587216e-06
FL-2010-000062-COD,FL-2010-000062-COD,0.29445283746841194,4.899564024753019e-06,0.9191259563061089,4.503316469734126e-06
FL-2007-000217-SRB,FL-2007-000217-SRB,0.28954380793489726,4.141358405336916e-06,1.0803231417321983,4.474005323492624e-06
FL-2020-000192-TCD,FL-2020-000192-TCD,0.284416693415819,3.4637842311170556e-06,1.2732702189198974,4.410333306245702e-06
FL-2018-000054-BDI,FL-2018-000054-BDI,0.2963555845786489,5.225539750671147e-06,0.814524387135535,4.2563295628677926e-06
FL-2006-000127-NPL,FL-2006-000127-NPL,0.2945593618754843,4.917318095374851e-06,0.862630230686243,4.241827242970845e-06
1,1,0.2808388246135224,3.0519082081853063e-06,1.3688588888282904,4.1776316786624776e-06
FL-1998-000203-BGD,FL-1998-000203-BGD,0.2836168266665773,3.367595610563758e-06,1.2384617273903773,4.170638277011045e-06
FL-2012-000039-CHL,FL-2012-000039-CHL,0.28464470543090925,3.4916531904840863e-06,1.1809039662177345,4.1233071012994645e-06
Cuba: Floods - May 1994,Cuba: Floods - May 1994,0.29288660430775065,4.6451002253288166e-06,0.8829805422163315,4.101533115610042e-06
Bolivia: Chapare River Floods - Jan 1987,Bolivia: Chapare River Floods - Jan 1987,0.29573840911972826,5.117729451799679e-06,0.7937364930631707,4.0621286275175806e-06
FL-2020-000029-TZA,FL-2020-000029-TZA,0.2875776175265461,3.868573158665552e-06,1.0495762709803076,4.060362589886699e-06
Bangladesh: Floods - Aug 1989,Bangladesh: Floods - Aug 1989,0.2868024236245855,3.7655478455750553e-06,1.074589594581484,4.0464185327536796e-06
Iran: Floods - Dec 1986,Iran: Floods - Dec 1986,0.29447348211650126,4.903000286228127e-06,0.8224805158651762,4.032622204704016e-06
FL-2004-000051-NPL,FL-2004-000051-NPL,0.29462759826126594,4.928721230303507e-06,0.8123157064849782,4.003677668261505e-06
FF-2024-000156-LAO,FF-2024-000156-LAO,0.28032138511926086,2.9961413903291583e-06,1.3358685400072998,4.002451024754454e-06
FL-2010-000012-EGY,FL-2010-000012-EGY,0.29054565804906063,4.286905368067054e-06,0.9242166188559036,3.962029184630156e-06
FL-1997-000530-PER,FL-1997-000530-PER,0.28777961173294736,3.895832023315577e-06,1.015600331174714,3.956608293080356e-06
FL-2007-000088-ECU,FL-2007-000088-ECU,0.2857734324273634,3.632607804256209e-06,1.0783214306239797,3.917118844381389e-06
FL-2013-000004-KEN,FL-2013-000004-KEN,0.2897763098254958,4.174733680871264e-06,0.935073356510655,3.903682235510375e-06
FL-2025-000029-BWA,FL-2025-000029-BWA,0.28188685403411373,3.1677305101711562e-06,1.2304510947433291,3.897737474091944e-06
Iran: Floods - Apr 1989,Iran: Floods - Apr 1989,0.29363560535513944,4.765266091547579e-06,0.814536614424038,3.881483709038833e-06
FL-2021-000147-THA,FL-2021-000147-THA,0.2796842001399868,2.9287299600295147e-06,1.3245466846045788,3.879239558659195e-06
Bolivia: Floods - Jan 1986,Bolivia: Floods - Jan 1986,0.29091145949673514,4.341184980847815e-06,0.8841657020196967,3.8383268661886715e-06
Peru: Floods-Drought-Frost - Feb 2004,Peru: Floods-Drought-Frost - Feb 2004,0.28430214428812006,3.4498590593904454e-06,1.08397834468022,3.739572512578116e-06
FL-2022-000292-LAO,FL-2022-000292-LAO,0.2818430894668732,3.1628158596303992e-06,1.1820410408414914,3.7385781507074934e-06
FL-1998-000165-CHN,FL-1998-000165-CHN,0.2967777684811609,5.300461078028168e-06,0.7000190203158281,3.710423571063456e-06
Costa Rica: Floods - Feb 1988,name=Costa Rica: Floods - Feb 1988,0.2973716116582586,5.4074817938713934e-06,0.684416433779701,3.700969405090119e-06
FL-2009-000203-USA,FL-2009-000203-USA,0.28428331827224756,3.4475753006137347e-06,1.0672358252351861,3.6793758710109438e-06
FL-2009-000007-ZWE,FL-2009-000007-ZWE,0.2825855886350261,3.2471331564384986e-06,1.1194722766288485,3.6350755471552248e-06
FL-2007-000132-BFA,FL-2007-000132-BFA,0.283497902304615,3.353501442699584e-06,1.0755363901814037,3.60681283614924e-06
FL-2000-000408-VNM,FL-2000-000408-VNM,0.28230469653412427,3.2150004129385357e-06,1.1142401773728954,3.582282630366566e-06
FL-2012-000183-COL,FL-2012-000183-COL,0.28234819704247416,3.219957863871859e-06,1.1081396423212708,3.568162955560525e-06
FL-2014-000054-TJK,FL-2014-000054-TJK,0.28281917964616593,3.2740746864592337e-06,1.080513117206162,3.537680645431854e-06
FL-2017-000014-PER,FL-2017-000014-PER,0.2829316039302441,3.287112862863436e-06,1.074057448678672,3.5305480550059473e-06
FL-2004-000142-ALB,FL-2004-000142-ALB,0.2894152216401368,4.123003359922467e-06,0.8548694500312184,3.524629614773785e-06
FL-2003-000229-LKA,FL-2003-000229-LKA,0.2797940968729916,2.940258232182023e-06,1.1976431040334385,3.5213799958503485e-06
Montenegro: Floods - Nov 1992,name=Montenegro: Floods - Nov 1992,0.29357593027905005,4.755590572288511e-06,0.7375578699637254,3.5075232529166882e-06
FL-2024-000088-BGD,FL-2024-000088-BGD,0.28273931357094284,3.2648406785007117e-06,1.0651890538676798,3.477672553360887e-06
Peru: Floods - Feb 1987,Peru: Floods - Feb 1987,0.2871129494751533,3.806517287425986e-06,0.8908312469140471,3.3909645415575673e-06
FL-2008-000018-ECU,FL-2008-000018-ECU,0.2842857079310286,3.44786511150671e-06,0.9773183345548795,3.369661788547612e-06
FF-2007-000080-BGD,FF-2007-000080-BGD,0.29280008359344484,4.631396506905481e-06,0.7213395261756768,3.340809361822884e-06
FL-2023-000089-ARG,FL-2023-000089-ARG,0.2775716261574819,2.714880369857438e-06,1.2153291011417195,3.2994731196061397e-06
FL-2012-000013-ECU,FL-2012-000013-ECU,0.2814454517434702,3.1184755762590843e-06,1.057874236360154,3.2989549688428704e-06
Brazil: Floods - Apr 1985,Brazil: Floods - Apr 1985,0.2846856096947309,3.4966740426067856e-06,0.9399629984750824,3.286744217778662e-06
FL-2018-000154-GHA,FL-2018-000154-GHA,0.2750236546624038,2.4757140943066983e-06,1.3214313032452296,3.2714861021022836e-06
FL-2009-000136-BIH,FL-2009-000136-BIH,0.2868212275251249,3.768017416112816e-06,0.8669569720381771,3.266708969660283e-06
FL-2008-000051-LKA,FL-2008-000051-LKA,0.28361769831716466,3.367699109616442e-06,0.9575666418010185,3.224796326991696e-06
FL-2005-000017-VEN,FL-2005-000017-VEN,0.284781962858903,3.5085267389819845e-06,0.9176096119267544,3.2194578593919e-06
FL-2021-000019-PER,FL-2021-000019-PER,0.2734712707272755,2.3394678784599477e-06,1.3456208053079868,3.148036650605442e-06
FL-2005-000205-PHL,FL-2005-000205-PHL,0.27831125448654914,2.7880957795592464e-06,1.1230443143849564,3.1311551131947044e-06
FL-2008-000074-BFA,FL-2008-000074-BFA,0.27796985098982563,2.7540824812301133e-06,1.114930663460651,3.0706110080232464e-06
FL-2020-000019-MDG,FL-2020-000019-MDG,0.2789353765349018,2.85125447708728e-06,1.043786590716556,2.9761011899042485e-06
FF-2007-000049-TJK,FF-2007-000049-TJK,0.28115418219950883,3.086352175264164e-06,0.9615243720808555,2.9676028373412575e-06
Brazil: Floods - Jan 1985,Brazil: Floods - Jan 1985,0.27648765098567224,2.6107025172922314e-06,1.1328349068786117,2.957494943064502e-06
FL-2006-000030-SRB,FL-2006-000030-SRB,0.28737993560909886,3.842062552834129e-06,0.7659743515955046,2.9429213726964913e-06
FF-2018-000118-LAO,FF-2018-000118-LAO,0.27545923178963977,2.515204606518584e-06,1.1632902888660213,2.925913093274151e-06
FL-2008-000117-ROM,FL-2008-000117-ROM,0.2787061874092869,2.827913385866926e-06,1.0292424136351432,2.9106083988208053e-06
Djibouti: Floods - Apr 2004,Djibouti: Floods - Apr 2004,0.27924757241637466,2.8833280934938504e-06,0.9882468827637481,2.8494400003804385e-06
FL-2023-000040-TUR,FL-2023-000040-TUR,0.27640471161179453,2.6028816264157773e-06,1.085836144445525,2.8263029496754045e-06
FL-2006-000044-COL,FL-2006-000044-COL,0.284907961291531,3.5240807456867635e-06,0.7903426324249347,2.7852312534241037e-06
FL-2024-000148-GIN,FL-2024-000148-GIN,0.2781934482591498,2.776316517895669e-06,0.994415026402329,2.7608108634444437e-06
Bangladesh: Floods - Aug 1988,Bangladesh: Floods - Aug 1988,0.2854800537719691,3.5954868015708574e-06,0.7553870279750035,2.715984089161961e-06
FL-2009-000219-NPL,FL-2009-000219-NPL,0.2853699426674172,3.581642872158591e-06,0.7491056022368088,2.6830287407455347e-06
FL-2000-000048-BWA,FL-2000-000048-BWA,0.27541641174079634,2.5112974629783005e-06,1.0623346437323442,2.6678382956389926e-06
FL-2013-000145-COL,FL-2013-000145-COL,0.2806605236429029,3.0325872980555563e-06,0.8790758244423693,2.6658741792316455e-06
FL-2011-000093-BGD,FL-2011-000093-BGD,0.2790212739672361,2.8600470194775086e-06,0.9269344239735141,2.6510760365365503e-06
FL-2006-000068-CHN,FL-2006-000068-CHN,0.28808883322530776,3.937896040811006e-06,0.6678237967185123,2.6298206850572037e-06
Peru: Floods - Mar 1986,Peru: Floods - Mar 1986,0.27445361696208137,2.4248762852741766e-06,1.083828272153741,2.6281494744552925e-06
FL-2002-000782-MKD,FL-2002-000782-MKD,0.2753773510367814,2.5077381083957735e-06,1.0286208969532604,2.579511822381933e-06
FF-2020-000158-SRB,FF-2020-000158-SRB,0.2728935431421084,2.290512154647853e-06,1.1226898183568608,2.57153467484578e-06
FL-2004-000068-ROM,FL-2004-000068-ROM,0.27764475299186964,2.7220412652366013e-06,0.9341110661845553,2.5426888684685177e-06
FL-2017-000054-BFA,FL-2017-000054-BFA,0.26887776552244647,1.9749172501439135e-06,1.26465349431215,2.4975860013718423e-06
FL-2017-000012-MOZ,FL-2017-000012-MOZ,0.2701592691083734,2.071088832143691e-06,1.1982479826023038,2.481678014906339e-06
FL-2012-000198-PAN,FL-2012-000198-PAN,0.27121171039098013,2.1532000233747695e-06,1.1516842231061208,2.4798064961124527e-06
FL-2023-000063-CMR,FL-2023-000063-CMR,0.2732734502149599,2.322599884789293e-06,1.0563752295074629,2.453536986348296e-06
FL-2019-000033-PRY,FL-2019-000033-PRY,0.2770795562113013,2.66713398770441e-06,0.9195954025807005,2.4526841531597058e-06
China: Floods - Jun 1990,China: Floods - Jun 1990,0.27519482598077905,2.4911658594600455e-06,0.9825698640424038,2.4477444998367348e-06
FL-2002-000373-GHA,FL-2002-000373-GHA,0.2812610365519041,3.0981021253008348e-06,0.7873144358723436,2.4391805270561355e-06
FL-2018-000124-MMR,FL-2018-000124-MMR,0.2717466375758357,2.1960478106979177e-06,1.1043679108475906,2.4252447328218843e-06
FL-2022-000213-IND,FL-2022-000213-IND,0.27168912416505064,2.1914044421856448e-06,1.0948177964063617,2.3991885824288e-06
FL-2014-000163-COL,FL-2014-000163-COL,0.27416215710390734,2.399247685820079e-06,0.9955467519351162,2.388563240706024e-06
FL-2024-000212-HTI,FL-2024-000212-HTI,0.2768031308262995,2.640644755280109e-06,0.8913366497024602,2.3537034492257454e-06
FL-2011-000096-PRK,FL-2011-000096-PRK,0.27642538542561435,2.6048291187462644e-06,0.8967115844943416,2.335780446407962e-06
FL-2002-000788-LKA,FL-2002-000788-LKA,0.27429753936493295,2.411121618719157e-06,0.9639019405394029,2.324084807159902e-06
subject,subject,0.26563514412577105,1.7492638707213275e-06,1.3062248250149238,2.2849318934378943e-06
FL-2010-000160-NPL,FL-2010-000160-NPL,0.2701076715124654,2.0671366668943888e-06,1.1019919218781706,2.2779679083357834e-06
Thailand: Floods and Mudslides - Nov 1988,Thailand: Floods and Mudslides - Nov 1988,0.26367564551877176,1.6244269238680178e-06,1.395522734002979,2.266924701984345e-06
FL-2007-000153-GHA,FL-2007-000153-GHA,0.26959422160071,2.0281767239299645e-06,1.1152536052692246,2.2619314034860178e-06
FL-2012-000128-SSD,FL-2012-000128-SSD,0.2672030186549913,1.8552976803085649e-06,1.202591215503273,2.2311646924826798e-06
FL-2003-000578-COL,FL-2003-000578-COL,0.2804964923166676,3.01490996051067e-06,0.7317903843038479,2.206282118643602e-06
Guyana: Floods - Jul 1996,Guyana: Floods - Jul 1996,0.27226487204623684,2.238288778344775e-06,0.975512874914735,2.1834795210525017e-06
FL-2019-000119-CMR,FL-2019-000119-CMR,0.2647333640827215,1.6907787641010455e-06,1.2776900520050807,2.160291207033351e-06
FL-2019-000034-BOL,FL-2019-000034-BOL,0.26546155910836144,1.7378664840349698e-06,1.2187179470762803,2.117969073715772e-06
FL-2003-000080-ARG,FL-2003-000080-ARG,0.2734933554341584,2.3413578481881003e-06,0.8916407850854717,2.0876501499244685e-06
FL-2011-000106-GHA,FL-2011-000106-GHA,0.270348439635826,2.0856367614667218e-06,0.9978910966803896,2.081238355176963e-06
FL-2015-000176-BDI,FL-2015-000176-BDI,0.2702271457537794,2.0762982631900772e-06,1.0012036912755304,2.078797485294878e-06
FL-2013-000038-KEN,FL-2013-000038-KEN,0.2651586383104402,1.7181370411772496e-06,1.2057564114452748,2.0716547531410827e-06
FL-2015-000151-BLZ,FL-2015-000151-BLZ,0.2640697607318298,1.6488711504028107e-06,1.2418606118182705,2.04766813564873e-06
FL-2012-000005-BOL,FL-2012-000005-BOL,0.26663036197771034,1.8159171186411282e-06,1.0536838020167862,1.9134024537171515e-06
FL-2005-000020-COL,FL-2005-000020-COL,0.27357352297496573,2.3482299962436268e-06,0.8080937942240005,1.897590087375123e-06
FL-2025-000022-PER,FL-2025-000022-PER,0.2616169200785747,1.5019597194681736e-06,1.244445279687572,1.8691066831730385e-06
FL-2002-000479-CZE,FL-2002-000479-CZE,0.2623537116564441,1.5447995267000594e-06,1.1971051210312973,1.8492874243793654e-06
FL-2013-000076-PRY,FL-2013-000076-PRY,0.2602452830800805,1.4250452900816435e-06,1.291359570120468,1.8402458732020288e-06
FL-2005-000063-SRB,FL-2005-000063-SRB,0.2713218556549243,2.1619606585785993e-06,0.8449809676901925,1.8268156093938707e-06
FL-2002-000367-SRB,FL-2002-000367-SRB,0.2698945473234406,2.050884042698567e-06,0.8641325154688277,1.7722355867519917e-06
FL-2002-000325-JAM,FL-2002-000325-JAM,0.26488871284524945,1.7007267006416132e-06,1.041282547868147,1.7709370320714861e-06
FL-2013-000098-NER,FL-2013-000098-NER,0.2647558272231856,1.692213970668513e-06,1.0461622636739756,1.770330398175298e-06
Bangladesh: Floods - May 1984,Bangladesh: Floods - May 1984,0.26130874821933875,1.4843608622237398e-06,1.1865219890231302,1.7612268026738003e-06
Bangladesh: Floods - Sep 1986,Bangladesh: Floods - Sep 1986,0.26654082184028627,1.8098280907264716e-06,0.9657008832892354,1.747752585816224e-06
FL-2011-000043-VCT,FL-2011-000043-VCT,0.26439729903903564,1.6694374160367964e-06,1.0288152889065125,1.7175427374912384e-06
Hungary: Floods - Mar 1999,Hungary: Floods - Mar 1999,0.2675785742448121,1.8815395572226525e-06,0.9105346924279767,1.7132070420267994e-06
FL-2015-000093-GUY,FL-2015-000093-GUY,0.2633368322692844,1.6036739347025762e-06,1.034221533733351,1.658554116356296e-06
FL-2009-000101-PAN,FL-2009-000101-PAN,0.264949204470769,1.7046145790685417e-06,0.9534059909197259,1.6251897518930545e-06
FL-2013-000054-CHN,FL-2013-000054-CHN,0.26086342888214076,1.4592576711519965e-06,1.0900862918708407,1.5907167836301585e-06
Nepal: Floods and Landslides - Jul 1993,name=Nepal: Floods and Landslides - Jul 1993,0.25809853292749785,1.3117629475592188e-06,1.1890383157151128,1.5597364057833053e-06
FL-2023-000088-ITA,FL-2023-000088-ITA,0.25894803259907645,1.3555831360473796e-06,1.135182250938361,1.5388339157123468e-06
FL-2004-000052-JPN,FL-2004-000052-JPN,0.26056413419969837,1.4426014446422952e-06,1.0587350877770016,1.52733276712059e-06
FL-2014-000117-BGD,FL-2014-000117-BGD,0.2602202171838419,1.4236733320960576e-06,1.0680532640304388,1.520558949258285e-06
Djibouti: Floods - Apr 1989,Djibouti: Floods - Apr 1989,0.2611381240659477,1.4746970094206235e-06,1.0077916813703185,1.4861873786357906e-06
FL-2009-000124-VNM,FL-2009-000124-VNM,0.25708050515012215,1.2609313602182432e-06,1.1555969844310696,1.4571284774427687e-06
FL-2013-000159-VCT,FL-2013-000159-VCT,0.25434985758220885,1.1332219758742566e-06,1.2772387598772803,1.4473950311313168e-06
FL-2024-000059-YEM,FL-2024-000059-YEM,0.25776740584865854,1.295030534930095e-06,1.0930394963322032,1.4155195236348148e-06
FL-2009-000172-BFA,FL-2009-000172-BFA,0.25584606943806826,1.2016762918309829e-06,1.1667415435722015,1.4020456516050003e-06
FL-2002-000402-BGD,FL-2002-000402-BGD,0.2648827411996215,1.7003433280622308e-06,0.8143569274139246,1.384686368189525e-06
FL-2014-000005-IDN,FL-2014-000005-IDN,0.2528184591663353,1.0668117769273084e-06,1.2967973978194893,1.383438736282519e-06
FL-2009-000248-URY,FL-2009-000248-URY,0.26041514180837744,1.4343737420126642e-06,0.9530636879457565,1.3670495284551448e-06
FL-1999-000229-TJK,FL-1999-000229-TJK,0.26037814059930314,1.4323370078663958e-06,0.9422253837707331,1.3495842869259382e-06
Bangladesh: Floods - Aug 1986,Bangladesh: Floods - Aug 1986,0.2580265385612981,1.3081084871817146e-06,1.0124849879606508,1.3244402058954034e-06
FL-2010-000036-CYP,FL-2010-000036-CYP,0.25615727183879716,1.216373338027471e-06,1.084509140610344,1.319168003485508e-06
FL-2008-000191-CRI,FL-2008-000191-CRI,0.27054482055047,2.100836430584402e-06,0.6221635888955922,1.3070639333349972e-06
Bangladesh: Floods - Jul 1996,Bangladesh: Floods - Jul 1996,0.263196021719808,1.5951194297964816e-06,0.7856917613361736,1.2532721943383506e-06
FL-2013-000023-ZMB,FL-2013-000023-ZMB,0.25404132712626737,1.1195506038157072e-06,1.0988875788119679,1.2302602523845192e-06
FL-2011-000187-COD,FL-2011-000187-COD,0.2536931159516213,1.1042993754397671e-06,1.0853096249747856,1.1985067410184236e-06
FL-2000-000130-BOL,FL-2000-000130-BOL,0.2571657763358184,1.2651199991419273e-06,0.9399073873447525,1.1890956330710846e-06
FL-2007-000181-HTI,FL-2007-000181-HTI,0.25583388452268746,1.2011041045675532e-06,0.9891914221912965,1.1881218773969816e-06
FL-2006-000121-MKD,FL-2006-000121-MKD,0.2566784445608158,1.2413492568337354e-06,0.9374606289413403,1.163716055047219e-06
FL-2005-000081-CHN,FL-2005-000081-CHN,0.2656509407559716,1.7503043908036204e-06,0.642825460215653,1.1251402255358154e-06
1987-07-01-CO-Flood,1987-07-01-CO-Flood,0.2659028817452158,1.76697514508873e-06,0.6275028689316593,1.108781972874113e-06
FL-2006-000130-KHM,FL-2006-000130-KHM,0.2604412646564601,1.4358132453284505e-06,0.7719896247006457,1.1084329284013266e-06
FL-2000-000806-FJI,FL-2000-000806-FJI,0.25167877755455015,1.0196848303607253e-06,1.0809688363767913,1.1022475245460991e-06
Turkey: Floods - Nov 1995,Turkey: Floods - Nov 1995,0.25494133906083205,1.1598521337649963e-06,0.9375125837102277,1.0873759706478424e-06
FL-2015-000106-BFA,FL-2015-000106-BFA,0.2474704396989052,8.614563956907161e-07,1.2559695979615333,1.0819630429570604e-06
FL-2011-000176-LKA,FL-2011-000176-LKA,0.24834691576846504,8.924578386938796e-07,1.212182945388364,1.0818221715428804e-06
1986-07-01T00:00:00+00:00,1986-07-01T00:00:00+00:00,0.26514742818409665,1.717410801610285e-06,0.6247700658964721,1.0729868596933708e-06
1993-05-01T00:00:00+00:00,1993-05-01T00:00:00+00:00,0.2508732643981582,9.875152464645505e-07,1.051770447137431,1.0386393523290506e-06
FL-2020-000038-EGY,FL-2020-000038-EGY,0.2450176507727576,7.79782914595889e-07,1.329767132388454,1.036929690227686e-06
FL-1997-000526-ECU,FL-1997-000526-ECU,0.2529064558952057,1.070530774340172e-06,0.9609815296317132,1.028760301043241e-06
Lao PDR: Floods - Sep 1995,Lao PDR: Floods - Sep 1995,0.2472471684927909,8.537156975298407e-07,1.1807652832898365,1.0080378574428027e-06
FL-2021-000055-TJK,FL-2021-000055-TJK,0.24757027718352895,8.649381022842807e-07,1.1378608539843575,9.841792077088013e-07
FF-2008-000072-CHN,FF-2008-000072-CHN,0.260017835903087,1.4126396565465104e-06,0.6928246734717287,9.78711608780051e-07
FL-2008-000088-USA,FL-2008-000088-USA,0.24603457226562284,8.127582292744433e-07,1.1865814777652384,9.644038607583273e-07
FL-2008-000076-COL,FL-2008-000076-COL,0.2588014543998029,1.3479293391405648e-06,0.7001873717288423,9.438031012490274e-07
FL-1997-000299-PRY,FL-1997-000299-PRY,0.24754439954441965,8.640344384361193e-07,1.0913298267640643,9.429465540166756e-07
FL-2007-000155-ROM,FL-2007-000155-ROM,0.25203243580039447,1.0341043557996137e-06,0.8986487971175168,9.292966354333074e-07
FL-1997-000143-POL,FL-1997-000143-POL,0.24416561511010576,7.530868065515609e-07,1.233104785558755,9.286349450998901e-07
FL-2002-000263-CRI,FL-2002-000263-CRI,0.2614273394797523,1.4911111974475875e-06,0.61387757718801,9.153597292070374e-07
FL-2005-000166-CRI,FL-2005-000166-CRI,0.25971495924308086,1.396270786102039e-06,0.6447646378504476,9.00266027742241e-07
FL-2004-000044-BGD,FL-2004-000044-BGD,0.25278914623039145,1.0655755114045993e-06,0.8296031651469546,8.840048169643405e-07
FL-2001-000390-POL,FL-2001-000390-POL,0.24215086129150581,6.932025968874857e-07,1.209049552596024,8.381162896252167e-07
FL-2008-000096-BGD,FL-2008-000096-BGD,0.2530469127530396,1.076491070164535e-06,0.7559853858657142,8.138115170593317e-07
FL-2009-000121-CZE,FL-2009-000121-CZE,0.2504742840729671,9.719220597114988e-07,0.8338900564640452,8.104761412514729e-07
FL-2019-000083-NPL,FL-2019-000083-NPL,0.24371491325308714,7.393005865950709e-07,1.0942813443525146,8.090028397798568e-07
FL-2001-000335-KOR,FL-2001-000335-KOR,0.23682487503012017,5.549746782065269e-07,1.3077777012476726,7.257835089155986e-07
FL-2019-000171-LKA,FL-2019-000171-LKA,0.24097297966019365,6.602120975037006e-07,1.0913836782077029,7.205447073708113e-07
FL-2007-000176-CRI,FL-2007-000176-CRI,0.2527390355494233,1.0634650921697192e-06,0.6360302711368748,6.76395990917308e-07
FL-2009-000218-KEN,FL-2009-000218-KEN,0.24157699401062493,6.769486547598893e-07,0.985242574761118,6.669586355967085e-07
FL-2023-000056-TZA,FL-2023-000056-TZA,0.23564760365129642,5.27995567768473e-07,1.243845119381568,6.56744710023915e-07
FL-1998-000219-KOR,FL-1998-000219-KOR,0.23752713822416466,5.716528369203483e-07,1.1090488289439522,6.339909093490004e-07
Lao PDR: Floods - Aug 1996,name=Lao PDR: Floods - Aug 1996,0.23884364285267748,6.041389888611608e-07,1.016133336585506,6.138857665128852e-07
El Salvador: Floods - Oct 2018,El Salvador: Floods - Oct 2018,0.23110967227313378,4.34691569125447e-07,1.3349509665500126,5.802919303551571e-07
FL-2018-000028-BWA,FL-2018-000028-BWA,0.22998417208411703,4.139801154762461e-07,1.3719368691424587,5.679545835137146e-07
FL-2014-000162-LKA,FL-2014-000162-LKA,0.23487008365572565,5.108307411927536e-07,1.0916819458806812,5.57664697560976e-07
FL-2005-000001-CRI,FL-2005-000001-CRI,0.2454542824769341,7.937909386724283e-07,0.6942423209153187,5.51083263585496e-07
FL-2007-000220-SRB,FL-2007-000220-SRB,0.24041538453203434,6.450933331172599e-07,0.8529797073218023,5.502515224776063e-07
FL-2008-000099-NIC,FL-2008-000099-NIC,0.23242275970814533,4.6003040372255733e-07,1.1525087365452498,5.301890593666857e-07
FL-2013-000068-CZE,FL-2013-000068-CZE,0.23778182643725781,5.778120386842648e-07,0.9098774924680277,5.257381688758779e-07
FL-2022-000217-BGD,FL-2022-000217-BGD,0.23494282826386567,5.124151071710189e-07,1.0110307901265791,5.180674506759111e-07
FL-2012-000042-COL,FL-2012-000042-COL,0.23300491529939665,4.716836546151683e-07,1.0883756360583356,5.133689976101041e-07
FL-2014-000030-PRY,FL-2014-000030-PRY,0.23779422613771875,5.781134232700583e-07,0.8630646431827305,4.989492553737197e-07
FL-2024-000053-KGZ,FL-2024-000053-KGZ,0.23314650537007153,4.745577847460505e-07,0.9957892817856833,4.7255955563807454e-07
FL-2012-000037-PSE,FL-2012-000037-PSE,0.2272300038235685,3.6699213570592016e-07,1.2782164281084545,4.690953768459145e-07
FL-2022-000374-TTO,FL-2022-000374-TTO,0.22572730835575536,3.4343221385452827e-07,1.3478906419910999,4.629090672128048e-07
Bangladesh: Floods - Jun 1993,Bangladesh: Floods - Jun 1993,0.2321725261037032,4.551014995881493e-07,0.9963714048033698,4.534501204727646e-07
FL-2019-000103-LAO,FL-2019-000103-LAO,0.2279122449162468,3.7816087056611386e-07,1.1650939839327012,4.405929552553322e-07
FL-2010-000251-CRI,FL-2010-000251-CRI,0.22861166750847525,3.8992754406105354e-07,1.1052106563104114,4.3095207688522385e-07
FL-2023-000232-COL,FL-2023-000232-COL,0.228123388953316,3.8167889611085113e-07,1.105133853767506,4.2180626936071243e-07
FL-2008-000054-THA,FL-2008-000054-THA,0.22440825191235314,3.238830549512637e-07,1.2161844828708155,3.939015456965226e-07
FL-2021-000092-CRI,FL-2021-000092-CRI,0.23264139744523962,4.643762277743713e-07,0.847698183481849,3.936508847364879e-07
FL-2015-000055-TJK,FL-2015-000055-TJK,0.22083455228932342,2.7584826137369497e-07,1.363091174686871,3.760063306312009e-07
FL-2010-000076-COL,FL-2010-000076-COL,0.22511481127025054,3.3422636095889876e-07,1.1209522992842493,3.74651807798285e-07
FL-2008-000069-CHL,FL-2008-000069-CHL,0.22667432145646116,3.581156030266453e-07,1.033221040168237,3.7001257585966585e-07
FL-2012-000205-LKA,FL-2012-000205-LKA,0.2255210254853282,3.4030660379252513e-07,1.0845827244475248,3.6909066348878126e-07
1993-08-01T00:00:00+00:00,1993-08-01T00:00:00+00:00,0.2263973959333799,3.537645182636944e-07,0.9751121616043547,3.449600841030343e-07
FL-2007-000129-PAK,FL-2007-000129-PAK,0.2328089757569178,4.6773212746418687e-07,0.6733911312339389,3.149666664275657e-07
FL-2005-000208-BIH,FL-2005-000208-BIH,0.22512953479203027,3.344450243900854e-07,0.9162380586784109,3.064312598818256e-07
FL-2011-000005-HND,FL-2011-000005-HND,0.21505378558687027,2.115782001356422e-07,1.359711468750731,2.8768530526207016e-07
FL-2016-000080-BFA,FL-2016-000080-BFA,0.21800027059131427,2.424210492957795e-07,1.1662442397342112,2.8272215233152605e-07
FL-2012-000098-GTM,FL-2012-000098-GTM,0.21561679110948567,2.1718297816129717e-07,1.2673665542478996,2.7525044267358e-07
FL-2012-000140-MMR,FL-2012-000140-MMR,0.22064083253495645,2.734380041322382e-07,1.0027197916590813,2.7418169853515293e-07
FL-2003-000505-VNM,FL-2003-000505-VNM,0.2142730393025879,2.0402120015398086e-07,1.3351682599699068,2.724026308065627e-07
FL-2013-000024-MKD,FL-2013-000024-MKD,0.2202829024496205,2.690344536897148e-07,1.012158913963861,2.723056204654424e-07
FL-2006-000178-JAM,FL-2006-000178-JAM,0.21466653179836712,2.0779897349871672e-07,1.1200515235065662,2.3274555685033824e-07
FL-2006-000131-BGD,FL-2006-000131-BGD,0.2205688977166282,2.72547829808582e-07,0.7881513340934744,2.148089356679151e-07
China: Floods - May 1987,China: Floods - May 1987,0.21259882485076792,1.8862905809063357e-07,1.1104745493488628,2.094677682772968e-07
FL-2010-000114-BGD,FL-2010-000114-BGD,0.2137036411335062,1.9866401961202276e-07,1.0524339826166824,2.090807653629198e-07
FL-2009-000145-NPL,FL-2009-000145-NPL,0.21754264626497904,2.3737997042191298e-07,0.8626211054247378,2.0476897249104213e-07
FL-2008-000167-VCT,FL-2008-000167-VCT,0.2104730020809679,1.7059408020805292e-07,1.1194341065259241,1.9096883175631354e-07
FL-2000-000583-LAO,FL-2000-000583-LAO,0.20832228548015605,1.539420675340007e-07,1.2022237305473946,1.8507280671890528e-07
Djibouti: Floods - Nov 1994,Djibouti: Floods - Nov 1994,0.21225573493204697,1.8560699206812906e-07,0.949468318420347,1.7622795864598517e-07
FL-2019-000015-PER,FL-2019-000015-PER,0.2054447012923329,1.339520753966856e-07,1.2387880992853906,1.659382368759935e-07
Bangladesh: Floods - Jul 1993,Bangladesh: Floods - Jul 1993,0.21058206235948046,1.714801073985025e-07,0.8603121344647399,1.475264172142485e-07
Peru: Floods - Feb 1994,Peru: Floods - Feb 1994,0.2102154316928348,1.6851786163422526e-07,0.8669712406759366,1.461001395770801e-07
FL-2015-000027-CHL,FL-2015-000027-CHL,0.20400917570771973,1.2488118497182403e-07,1.155946805097162,1.4435600678492772e-07
FL-2024-000169-AUT,FL-2024-000169-AUT,0.2076358320709337,1.4894400442460997e-07,0.9517727962928261,1.4176085158226208e-07
FL-2000-000187-ROM,FL-2000-000187-ROM,0.2048381177279313,1.3004922371866033e-07,1.0573179499339493,1.3750337861271548e-07
FL-2009-000075-BDI,FL-2009-000075-BDI,0.2126110626174531,1.887376662377382e-07,0.7232460065686893,1.365037633955383e-07
Belarus: Floods - Aug 1993,Belarus: Floods - Aug 1993,0.20267093596314129,1.1692697959804198e-07,1.1082433568666819,1.2958354837801607e-07
FL-2016-000050-LKA,FL-2016-000050-LKA,0.20012679199470862,1.0305103012664944e-07,1.2099018427879291,1.2468163125142756e-07
FL-2020-000161-BGD,FL-2020-000161-BGD,0.20173845990546652,1.1165727135934807e-07,1.110546280177668,1.2400056736291247e-07
Colombia: Floods and Landslides - Mar-Jul 2014,name=Colombia: Floods and Landslides - Mar-Jul 2014,0.21011971737084345,1.6775214407287578e-07,0.7070564559739085,1.1861023647019205e-07
FL-2005-000111-ROM,FL-2005-000111-ROM,0.20226322570813499,1.1459595578682079e-07,0.9764074974737552,1.1189235041042278e-07
FL-2021-000134-NPL,FL-2021-000134-NPL,0.19673487920118132,8.685876094491247e-08,1.2467249920120518,1.0828898804522273e-07
Belarus: Floods - Apr 1996,Belarus: Floods - Apr 1996,0.2005425277154702,1.0521189589276662e-07,0.9975700341709333,1.0495623458093587e-07
FL-2021-000097-BGD,FL-2021-000097-BGD,0.19661215219917466,8.631843780921256e-08,1.167269358243163,1.0075686750611193e-07
FL-1997-000142-CZE,FL-1997-000142-CZE,0.20143570350052947,1.0999286043175583e-07,0.8861912863935222,9.747471448012085e-08
FL-2003-000331-CHN,FL-2003-000331-CHN,0.20607129386490752,1.380940539690381e-07,0.6456419227196044,8.915931052071457e-08
FL-2009-000044-BIH,FL-2009-000044-BIH,0.19764134445649745,9.094482574985953e-08,0.8874544487949036,8.070939020659014e-08
FL-2008-000198-BLZ,FL-2008-000198-BLZ,0.18841952414524665,5.6397392676540804e-08,1.1420312108925819,6.440758264957432e-08
FL-1998-000193-ROM,FL-1998-000193-ROM,0.19131753154907172,6.569732519834609e-08,0.963506236832878,6.329978257184425e-08
FL-2000-000617-BGD,FL-2000-000617-BGD,0.19200844127777442,6.81087987115735e-08,0.8096868541290794,5.5146798967284646e-08
1992-01-01T00:00:00+00:00,1992-01-01T00:00:00+00:00,0.18486846776038834,4.662602764762917e-08,1.040933530085597,4.853459555311528e-08
FL-2009-000216-ITA,FL-2009-000216-ITA,0.17688326815487276,2.9982478999369206e-08,1.1196820788761856,3.357084441587529e-08
FL-1997-000164-BGD,FL-1997-000164-BGD,0.1808484083608896,3.742371603072512e-08,0.876494679186875,3.2801687976331125e-08
FL-2008-000197-COL,FL-2008-000197-COL,0.1696590870350356,1.9759286420243876e-08,0.8805586057383387,1.7399209700594437e-08
FL-2023-000157-BGD,FL-2023-000157-BGD,0.16473358388422074,1.471707383947658e-08,1.1539726901695175,1.698310128996422e-08
FL-1999-000132-BLR,FL-1999-000132-BLR,0.16703335726989993,1.6905658918723417e-08,0.974119865323752,1.6468138189116143e-08
FL-2024-000215-CRI,FL-2024-000215-CRI,0.16627615131394374,1.61547274814709e-08,0.8201727122971342,1.3249666654899038e-08
FL-2018-000425-LKA,FL-2018-000425-LKA,0.15792296790029273,9.648348291122631e-09,1.0429228227177032,1.0062482634341142e-08
FL-2005-000176-BGD,FL-2005-000176-BGD,0.15967868366159732,1.0776294159574374e-08,0.852603025726979,9.187901006577084e-09
FL-2004-000036-MKD,FL-2004-000036-MKD,0.14431956046185368,3.919692294494597e-09,0.9980071080496405,3.911880771273013e-09
FL-1997-000111-ARM,FL-1997-000111-ARM,0.14096461475385674,3.0981403488732774e-09,1.0966184261872387,3.397477793488596e-09
1993-12-01T00:00:00+00:00,1993-12-01T00:00:00+00:00,0.14345958989670424,3.692290390288313e-09,0.8154353086906252,3.0108239541801797e-09
FL-2018-000034-BLR,FL-2018-000034-BLR,0.1248394237140304,9.194276326966846e-10,1.2389029264369613,1.13908158479493e-09
FL-2020-0020-000176-SDN,FL-2020-0020-000176-SDN,-0.029466502530556965,0.0,0.8819420188506686,0.0
