kg_event_id,original_id,kg_similarity_score,kg_likelihood,kg_prior,kg_bayesian_score
FL-2019-000064-SDN,FL-2019-000064-SDN,1.0000000000000004,1.0000000000000044,1.207726031282668,1.2077260312826734
FL-2005-000129-SDN,FL-2005-000129-SDN,0.6752920878340318,0.01972044054790013,1.1253207612767273,0.022191821170075416
FL-2003-000368-SDN,FL-2003-000368-SDN,0.6697626692785251,0.018163911408505283,1.072361231723768,0.019478274410946128
FL-2005-000175-SDN,FL-2005-000175-SDN,0.6683646977210699,0.017788323901280233,1.0729889975346198,0.019086675830655795
FL-2008-000125-SDN,FL-2008-000125-SDN,0.646533947080227,0.012761841014924757,1.22270091265696,0.015603914656131524
FL-2008-000207-SDN,FL-2008-000207-SDN,0.6291243402977997,0.00971325700620294,1.2628396258514751,0.012266285843512541
FL-1998-000251-SDN,FL-1998-000251-SDN,0.6359189973813799,0.010814787551847903,1.131419011075252,0.0122360562369007
FL-2006-000123-SDN,FL-2006-000123-SDN,0.6404563411020388,0.011611686426616318,1.0356622281917345,0.012025785037653175
FL-1999-000247-KOR,FL-1999-000247-KOR,0.6247592735057512,0.00905997735565509,1.2639620274706846,0.0114514673472923
FL-2007-000093-SDN,FL-2007-000093-SDN,0.6244068779917361,0.009009004062274291,1.0741772764800994,0.00967726744741195
FL-2009-000166-SDN,FL-2009-000166-SDN,0.5863559016959642,0.004804110709102169,1.0246063390097677,0.0049223222858507925
FL-1998-000219-KOR,FL-1998-000219-KOR,0.5737811190508055,0.003867786842634913,1.1090488289439522,0.004289564468429077
FL-2001-000417-SDN,FL-2001-000417-SDN,0.5659735980811016,0.0033725758356120336,1.163963410402066,0.00392555487145858
FL-2010-000139-SDN,FL-2010-000139-SDN,0.5814801495566673,0.004419253704694251,0.793326664779713,0.0035059118023604806
FL-1999-000259-KHM,FL-1999-000259-KHM,0.5491317607759123,0.002493248878367126,1.280488038773529,0.003192575366434622
FL-2012-000129-SDN,FL-2012-000129-SDN,0.5583183589051207,0.0029431953437201934,1.0523145824203366,0.0030971673791083945
FL-1997-000143-POL,FL-1997-000143-POL,0.5397929895852454,0.002100256801246359,1.233104785558755,0.0025898367125192084
FL-2024-000128-SDN,FL-2024-000128-SDN,0.5305544736251802,0.0017672573985230994,1.106871100441691,0.001956126141466983
FL-2007-000130-CIV,FL-2007-000130-CIV,0.5229367503402872,0.0015292962987710009,1.2043864430014575,0.0018418637295721
FL-2020-000212-KHM,FL-2020-000212-KHM,0.520277162166329,0.0014532744133716963,1.253731041392615,0.0018220152437057385
FL-2022-000271-NGA,FL-2022-000271-NGA,0.5210527455857148,0.0014750844564040693,1.1840293642331243,0.001746543311106274
FL-2002-000479-CZE,FL-2002-000479-CZE,0.5198951811585073,0.0014426398360551404,1.1971051210312973,0.0017269915355453598
FL-1997-000526-ECU,FL-1997-000526-ECU,0.529971889302776,0.0017479473384638176,0.9609815296317132,0.0016797451070326415
Philippines: Floods - Feb 1989,Philippines: Floods - Feb 1989,0.519911844503802,0.0014431022883742398,1.1089965925561163,0.0016003955205169658
FL-2000-000438-KHM,FL-2000-000438-KHM,0.5252181527958926,0.0015973396766745802,1.0010572321421671,0.0015990284355227194
FL-2001-000485-KHM,FL-2001-000485-KHM,0.5181634094085849,0.0013952994281358753,0.9268570532202833,0.001293243116321964
FL-2013-000002-PSE,FL-2013-000002-PSE,0.5029921396629913,0.0010366018586651193,1.1703104797566297,0.00121314601853099
FF-2013-000091-SDN,FF-2013-000091-SDN,0.498438939620104,0.0009464978554651802,1.2681994555499518,0.0012003480649801384
FL-2011-000148-KHM,FL-2011-000148-KHM,0.5039788249265168,0.0010571166081323052,1.1234947898668675,0.00118766500151838
FL-2003-000080-ARG,FL-2003-000080-ARG,0.5156644228258414,0.0013294490319593919,0.8916407850854717,0.0011853909785873925
Moldova: Floods - Aug 1994,Moldova: Floods - Aug 1994,0.5128506395813842,0.001258661692667427,0.9253720476383611,0.0011647303478276225
Cambodia: Floods - Sep 1996,Cambodia: Floods - Sep 1996,0.4955264325044561,0.0008926233780085901,1.2387081711791748,0.0011056998721247979
FF-2007-000080-BGD,FF-2007-000080-BGD,0.5229274629479679,0.0015290247164119184,0.7213395261756768,0.0011029459644474717
FL-2006-000130-KHM,FL-2006-000130-KHM,0.5183177592500767,0.0013994613036558427,0.7719896247006457,0.0010803696065923504
FL-2014-000098-SDN,FL-2014-000098-SDN,0.500254799990054,0.0009815504900803037,1.100317560627309,0.0010800172408776995
FL-2023-000199-SDN,FL-2023-000199-SDN,0.4987849570705058,0.0009530890292367343,1.0919778288263946,0.0010407520888241852
FL-2010-000072-RUS,FL-2010-000072-RUS,0.48577342415827557,0.0007317075159336604,1.2712126327447877,0.0009301558377291772
FL-2016-000072-SDN,FL-2016-000072-SDN,0.4892910966388276,0.000786453649575731,1.1398024130767133,0.000896401767559406
FL-2001-000335-KOR,FL-2001-000335-KOR,0.48055262930627984,0.0006567643610734553,1.3077777012476726,0.0008589017863860398
Cambodia: Floods - Aug 1994,Cambodia: Floods - Aug 1994,0.49799772999847614,0.0009381529129529964,0.8858442088700285,0.0008310573249739598
FL-2020-000011-MOZ,FL-2020-000011-MOZ,0.49078661160384496,0.0008108248846480616,1.0218255119837183,0.0008285215528846449
FL-2006-000034-ECU,FL-2006-000034-ECU,0.49378487850968344,0.0008617431923281177,0.9389625926165136,0.0008091446220380404
FL-2018-000128-SDN,FL-2018-000128-SDN,0.48441652599103435,0.000711523925105419,1.1360707994440626,0.0008083415544180907
FL-2016-000044-CHN,FL-2016-000044-CHN,0.49197389026020066,0.0008306547400208542,0.9486861479465856,0.0007880306455839566
FL-2022-000277-SDN,FL-2022-000277-SDN,0.48287908963934767,0.0006892614563162584,1.0675858088870211,0.0007358457493760389
FL-2006-000092-KOR,FL-2006-000092-KOR,0.4755119478166052,0.000591036546160138,1.235735149804729,0.0007303646349092678
FL-2023-000089-ARG,FL-2023-000089-ARG,0.4753032080170283,0.000588447138588532,1.2153291011417195,0.0007151569320102175
FL-2004-000044-BGD,FL-2004-000044-BGD,0.49301429302829547,0.000848389141495231,0.8296031651469546,0.0007038263170607512
FL-2012-000037-PSE,FL-2012-000037-PSE,0.4701969244309271,0.0005281993235451255,1.2782164281084545,0.0006751530526711522
FL-2015-000068-BGD,FL-2015-000068-BGD,0.4797311914361587,0.0006456238509108072,1.0178976147086904,0.0006571789778411499
FL-2005-000064-ETH,FL-2005-000064-ETH,0.48374212886011714,0.0007016800278664959,0.9153081224890242,0.0006422534288945285
FL-2001-000390-POL,FL-2001-000390-POL,0.4682994753781027,0.0005072671192851323,1.209049552596024,0.0006133110836183632
FL-2009-000123-BGD,FL-2009-000123-BGD,0.48962619369945726,0.0007918564044349637,0.7725988685349205,0.0006117873621085834
FL-2002-000125-ECU,FL-2002-000125-ECU,0.48338953609226537,0.0006965823245400719,0.8770809761459832,0.0006109591051736443
FL-2009-000023-ECU,FL-2009-000023-ECU,0.4797996642214771,0.0006465459520618388,0.9391312908770322,0.0006071915345711544
FL-2022-000292-LAO,FL-2022-000292-LAO,0.4675516038728683,0.000499224063824878,1.1820410408414914,0.000590103332016678
FL-2025-000036-ARG,FL-2025-000036-ARG,0.4609556427251729,0.00043310316456229516,1.314214219679874,0.0005691903374561208
Venezuela: Floods - Jul 1996,Venezuela: Floods - Jul 1996,0.4764745238425238,0.0006031104412905261,0.8773624081052269,0.000529146429124062
FL-1998-000329-BEN,FL-1998-000329-BEN,0.4703346535502499,0.0005297485551703504,0.9960705364253544,0.0005276669275190873
FL-2012-000063-RUS,FL-2012-000063-RUS,0.4627220503004368,0.0004499890607801196,1.1108712268830492,0.0004998799000327625
FL-2021-000123-CAF,FL-2021-000123-CAF,0.46254702162581174,0.0004482898320566247,1.1137895613764779,0.000499300535415883
FL-2006-000131-BGD,FL-2006-000131-BGD,0.4783548005904328,0.0006273376711592808,0.7881513340934744,0.0004944370224512804
FL-2018-000014-ARG,FL-2018-000014-ARG,0.4595121546611842,0.0004197300228645377,1.1137801849313482,0.0004674869824873038
FL-2002-000522-KHM,FL-2002-000522-KHM,0.46571468383261727,0.00047995366584197593,0.9662857219135197,0.0004637723744831539
FL-2022-000249-CIV,FL-2022-000249-CIV,0.4605052997013589,0.00042889040077526814,1.023474098609534,0.00043895821633574937
FL-1997-000164-BGD,FL-1997-000164-BGD,0.4674699655715291,0.0004983530627245848,0.876494679186875,0.00043680380783458155
FF-2025-000055-SOM,FF-2025-000055-SOM,0.44908489621337727,0.00033364489911351315,1.306794101216083,0.0004360051860623741
FL-2025-000047-TZA,FL-2025-000047-TZA,0.4561976750374236,0.000390418758510117,1.084317683177047,0.000423337963696549
FL-2007-000123-NGA,FL-2007-000123-NGA,0.458160788600529,0.0004075483847940145,0.9859595032476032,0.0004018262030208696
FL-2017-000088-SDN,FL-2017-000088-SDN,0.4542949832117842,0.000374437562295251,1.0719224581628997,0.0004013680322040493
FL-1997-000522-MDA,FL-1997-000522-MDA,0.4618562146338799,0.0004416395082897235,0.9078244357618784,0.00040093113742327164
FL-2003-000341-NPL,FL-2003-000341-NPL,0.4687583681912939,0.0005122598730433053,0.7820585732690798,0.00040061722545524733
FL-2001-000320-TLS,FL-2001-000320-TLS,0.45952272825476514,0.0004198266147436978,0.9542028064575442,0.0004005997340140066
Brazil: Floods - Feb 1988,Brazil: Floods - Feb 1988,0.4635187232122081,0.00045779686651773566,0.8724712930664509,0.00039941462409249823
FL-2009-000248-URY,FL-2009-000248-URY,0.45925124549337176,0.0004173528926304256,0.9530636879457565,0.0003977638870251827
FL-2020-000196-NGA,FL-2020-000196-NGA,0.45505935595431557,0.0003807855664766524,1.0372433952384017,0.000394967313830021
FL-1997-000092-ECU,FL-1997-000092-ECU,0.4531858100148733,0.0003653953610454019,1.0702429714274362,0.0003910618169510318
FL-2008-000102-CIV,FL-2008-000102-CIV,0.4559328835071532,0.00038815855460725947,1.005572576008324,0.0003903215976560896
FL-2021-000043-YEM,FL-2021-000043-YEM,0.4563874014939556,0.00039204549954627906,0.9940613442321855,0.00038971727627915286
FL-2014-000117-BGD,FL-2014-000117-BGD,0.4521484353782457,0.00035711683455703723,1.0680532640304388,0.0003814198007888618
FL-2013-000098-NER,FL-2013-000098-NER,0.45275298155486965,0.0003619205055900271,1.0461622636739756,0.0003786275753980925
FL-1998-000080-ARG,FL-1998-000080-ARG,0.4582954418957913,0.0004087477534377127,0.9225861223252123,0.0003771050048532413
Bangladesh: Floods - Sep 1986,Bangladesh: Floods - Sep 1986,0.4559730556299737,0.0003885006956928207,0.9657008832892354,0.0003751754649890394
FL-2009-000187-CIV,FL-2009-000187-CIV,0.44836277570917105,0.00032831860299622714,1.1423006536672147,0.000375038554813697
Bangladesh: Floods - Aug 1989,Bangladesh: Floods - Aug 1989,0.44802328870501174,0.00032584112499939815,1.074589594581484,0.00035014548241107794
FL-2006-000115-HTI,FL-2006-000115-HTI,0.4558766932084388,0.0003876804435990691,0.9014960977071197,0.0003494924070619259
FL-2013-000131-KHM,FL-2013-000131-KHM,0.44337213983366575,0.0002935512937937336,1.1821925826726243,0.00034703416215690425
FL-2010-000023-ECU,FL-2010-000023-ECU,0.450268403657316,0.0003425427075253381,1.0050325257665347,0.0003442665625270979
FL-2013-000054-CHN,FL-2013-000054-CHN,0.4460992498496137,0.00031211520727106914,1.0900862918708407,0.0003402325089306186
FL-1999-000437-KHM,FL-1999-000437-KHM,0.44583950262581057,0.0003103026293088312,1.069362166100396,0.00033182589182433996
FL-2008-000018-ECU,FL-2008-000018-ECU,0.44982841714055677,0.0003392101803322501,0.9773183345548795,0.000331516328506375
FL-2006-000155-LKA,FL-2006-000155-LKA,0.4362225446389765,0.00024950604272939823,1.2787797130194554,0.00031906326571811983
FL-2002-000470-VNM,FL-2002-000470-VNM,0.4369134811144662,0.0002534862766055631,1.2513371910904603,0.00031719680534758474
FL-2006-000086-CHL,FL-2006-000086-CHL,0.4472001755180324,0.00031990398739197267,0.9816818094129864,0.00031404392518138096
FL-2012-000141-NER,FL-2012-000141-NER,0.4533634497665179,0.00036683016665215666,0.8342353499526158,0.0003060226924502383
FL-2005-000081-CHN,FL-2005-000081-CHN,0.4643816372572949,0.0004663912390521584,0.642825460215653,0.00029980816288425235
FL-1998-000179-RUS,FL-1998-000179-RUS,0.4411801124889486,0.0002793568151974666,1.0601281876011002,0.0002961540341893057
FL-2021-000068-SUR,FL-2021-000068-SUR,0.4400472288809679,0.00027226568246215064,1.0828851876395205,0.0002948324746408281
FL-2004-000031-CHN,FL-2004-000031-CHN,0.4632469164292474,0.00045511942439872274,0.6434879492593721,0.00029286386507443996
FL-2019-000098-CAF,FL-2019-000098-CAF,0.43564225667761597,0.0002462067700430645,1.186559142506317,0.0002921388939415486
FL-1999-000371-IND,FL-1999-000371-IND,0.45850601001679636,0.00041062967087932207,0.709212471829804,0.00029122368389098287
FL-2008-000096-BGD,FL-2008-000096-BGD,0.45523987839140545,0.0003822988455588676,0.7559853858657142,0.00028901234027583757
FL-2022-000333-THA,FL-2022-000333-THA,0.4410873396123736,0.0002787699296154013,1.0333160681612519,0.0002880574475917754
FL-2007-000088-ECU,FL-2007-000088-ECU,0.4391384852446905,0.000266695074531433,1.0783214306239797,0.0002875830143091037
FL-2017-000083-GIN,FL-2017-000083-GIN,0.44577154680819275,0.00030982998363342966,0.9098931483825577,0.00028191217927153766
FL-2020-000161-BGD,FL-2020-000161-BGD,0.43675212996287904,0.00025255171171910797,1.110546280177668,0.0002804703640021581
FL-2020-000198-SEN,FL-2020-000198-SEN,0.4333787090409282,0.00023370914983946258,1.1855921930050197,0.0002770837434835072
1993-08-00:00:00+00:00,1993-08-00:00:00+00:00,0.44758260245153364,0.0003226502243737942,0.8503605405079919,0.0002743690191935245
FL-2010-000012-EGY,FL-2010-000012-EGY,0.44334812514959815,0.00029339233424348696,0.9242166188559036,0.00027115807115275667
FL-2024-000075-UGA,FL-2024-000075-UGA,0.434336128660994,0.00023892388097144747,1.1215173808366035,0.0002679572852064142
FL-2012-000075-VEN,FL-2012-000075-VEN,0.4360644118470667,0.0002486030452153156,1.068528235373372,0.0002656393732123678
FL-2011-000120-SDN,FL-2011-000120-SDN,0.4376902765834103,0.0002580292781475542,1.019268556883517,0.00026300112997115316
FF-2021-000090-SDN,FF-2021-000090-SDN,0.4309364478898087,0.00022086773397250088,1.1734838122689721,0.0002591847104692595
1985-06-01-ARG-Flood,1985-06-01-ARG-Flood,0.4423077157587907,0.0002865795220857695,0.8967196146811239,0.00025698147862025187
Venezuela: Floods - Sep 1987,Venezuela: Floods - Sep 1987,0.44244821765355513,0.00028749116278557204,0.8875286831351606,0.0002551566531200749
FL-2005-000157-MDA,FL-2005-000157-MDA,0.43643591437342744,0.0002507291425225382,1.0060968725786879,0.0002522578061562618
FL-2002-000445-VEN,FL-2002-000445-VEN,0.4339314649694388,0.0002367071767957129,1.0122910677483703,0.00023961656074223447
FL-2019-000009-ARG,FL-2019-000009-ARG,0.4273577719054655,0.00020319642567738025,1.1742632969134712,0.00023860610473695366
FL-2024-000027-ARG,FL-2024-000027-ARG,0.4346800127215017,0.0002408223061729454,0.9890539476346332,0.00023818625259882794
Bangladesh: Floods - Jul 1996,Bangladesh: Floods - Jul 1996,0.4446815298123325,0.00030233672941284794,0.7856917613361736,0.0002375434774489986
FL-2024-000230-GAB,FL-2024-000230-GAB,0.44179585384177716,0.00028328028974167874,0.815792210566319,0.00023109785377823145
FL-2007-000025-FJI,FL-2007-000025-FJI,0.43142474572770806,0.0002233832052104712,1.0321832158662596,0.00023057239512465675
FL-2024-000048-URY,FL-2024-000048-URY,0.433085773426821,0.00023213422549717142,0.9844872518135657,0.00022853318571158083
FL-2018-000360-RUS,FL-2018-000360-RUS,0.42675059722988024,0.00020032787108977798,1.1355339540901048,0.0002274790995730284
Venezuela: Floods - Aug 1988,Venezuela: Floods - Aug 1988,0.4381221869939025,0.0002605868336673504,0.8558233169940771,0.00022301628835417567
FL-2007-000129-PAK,FL-2007-000129-PAK,0.44819886839036654,0.00032712034604429676,0.6733911312339389,0.00022027993987240656
FL-1991-000010-PHL,FL-1991-000010-PHL,0.4179663776258344,0.00016270971084330363,1.3530568313329396,0.00022015548578073927
FL-2000-000735-VEN,FL-2000-000735-VEN,0.4281125844277074,0.00020681400346037854,1.0592626832599326,0.00021907035624116954
FF-2007-000070-CHN,FF-2007-000070-CHN,0.4472886557827287,0.00032053749349592194,0.6717253779144738,0.00021531316895430637
FL-2018-000077-CIV,FL-2018-000077-CIV,0.42192694252050744,0.00017880208768045243,1.2032024904610985,0.00021513511719676407
China: Floods - Jun 1990,China: Floods - Jun 1990,0.42997038922785863,0.00021596604768810368,0.9825698640424038,0.0002122017301146753
FL-2020-000176-SDN,FL-2020-000176-SDN,0.4289668094280654,0.00021097787169384376,1.0057698073879717,0.00021219517337664145
Guyana: Floods - Jul 1996,Guyana: Floods - Jul 1996,0.4297734117808231,0.00021497870413431281,0.975512874914735,0.00020971449371550772
FL-2008-000095-SUR,FL-2008-000095-SUR,0.42645716244071447,0.00019895466593050645,1.0299679617320212,0.00020491693174551893
FL-2007-000022-ARG,FL-2007-000022-ARG,0.43347493589827746,0.00023422859346672185,0.8666786317016433,0.00020300091689113894
FL-1998-000316-VNM,FL-1998-000316-VNM,0.4148057239614529,0.0001508159959714019,1.327857651248023,0.000200262174181217
FL-2000-000302-CHN,FL-2000-000302-CHN,0.4462184738321893,0.0003129503667801635,0.6358572303399659,0.00019899175345471125
FL-2001-000227-RUS,FL-2001-000227-RUS,0.432218141481377,0.00022752541522650724,0.869164657517399,0.00019775704960185117
FL-2012-000083-HND,FL-2012-000083-HND,0.41413783465565734,0.00014840518831337862,1.3246832560031157,0.0001965898680627219
FL-2008-000104-NPL,FL-2008-000104-NPL,0.4350379045044885,0.00024281246805198532,0.7922332882970882,0.000192364120004356
FL-2008-000246-GUY,FL-2008-000246-GUY,0.42511772841637396,0.00019279340095443398,0.9929554839580661,0.0001914352647486315
FL-2017-000126-NGA,FL-2017-000126-NGA,0.41884348729111487,0.00016615662750464418,1.1480023217546238,0.0001907481941502497
1993-05-01T00:00:00+00:00,1993-05-01T00:00:00+00:00,0.4223807311691049,0.00018073446441812862,1.051770447137431,0.00019009116845419925
FL-2010-000160-NPL,FL-2010-000160-NPL,0.42001316334535355,0.00017085552032598795,1.1019919218781706,0.0001882814032075303
FL-1998-000040-URY,FL-1998-000040-URY,0.4221892134521709,0.0001799166403949585,1.0305409604819116,0.00018541146739929921
Bangladesh: Floods - Jun 1993,Bangladesh: Floods - Jun 1993,0.4212749447384787,0.00017605821849445255,0.9963714048033698,0.00017541937448849632
Russia: Floods - Sep 1994,Russia: Floods - Sep 1994,0.4273535820401577,0.00020317650494232968,0.8535275801300156,0.0001734167506027008
FL-2023-000160-NER,FL-2023-000160-NER,0.4176395411012239,0.00016144184007903193,1.068084370484078,0.000172433506130604
FL-2007-000057-URY,FL-2007-000057-URY,0.41723936573565523,0.0001599015838080749,1.0706544149077877,0.00017119933665486303
FL-2002-000482-RUS,FL-2002-000482-RUS,0.4207384673976319,0.00017382898981581398,0.9807160860179978,0.00017047688652862747
FL-2018-000046-RUS,FL-2018-000046-RUS,0.4093228961485999,0.00013202627888032816,1.2878965212237008,0.0001700361852800848
FL-2004-000043-IND,FL-2004-000043-IND,0.4324264456992213,0.0002286243376846155,0.7238181749939552,0.00016548245086208012
Nepal: Floods - Jul 1996,Nepal: Floods - Jul 1996,0.432198821853532,0.00022742373457364557,0.7248329870558342,0.0001648442248584087
FL-2021-000208-IRQ,FL-2021-000208-IRQ,0.41695512530386897,0.00015881560248675686,1.0347036442805968,0.00016432708266166592
FL-2009-000045-BOL,FL-2009-000045-BOL,0.4233728512740923,0.00018502484753952586,0.8880873516614503,0.00016431822684294113
FL-2018-000419-PRY,FL-2018-000419-PRY,0.41372790042552327,0.0001469427260429506,1.1119284382912396,0.0001633897958871955
FF-2012-000196-COG,FF-2012-000196-COG,0.41998873428038497,0.00017075617228851832,0.9546774198450808,0.00016301706198302475
FL-2007-000165-BEN,FL-2007-000165-BEN,0.4181252673317065,0.0001633293101746138,0.9807232123464087,0.00016018084574477023
Lao PDR: Floods - Aug 1996,name=Lao PDR: Floods - Aug 1996,0.4163163025174552,0.00015639907402165476,1.016133336585506,0.0001589223129245076
Philippines: Floods and Landslides - Jun 2018,Philippines: Floods and Landslides - Jun 2018,0.41414302039180806,0.00014842377230768803,1.0625282512687408,0.0001577044512367975
China: Floods - Aug 1985,China: Floods - Aug 1985,0.44552532106635184,0.00030812285866414795,0.5116338983381565,0.00015764609934543485
FL-2009-000034-MAR,FL-2009-000034-MAR,0.4134200772002596,0.0001458530910167186,1.0737840903093678,0.0001566147286561966
FL-2012-000157-CMR,FL-2012-000157-CMR,0.4118386477835624,0.0001403689310980548,1.1008538293751604,0.0001545256753245917
FL-2003-000505-VNM,FL-2003-000505-VNM,0.4038423629962059,0.00011537686764276765,1.3351682599699068,0.00015404753161137234
FL-2019-000138-KEN,FL-2019-000138-KEN,0.4086041577092756,0.0001297262351443309,1.178206310642115,0.0001528442689028936
LS-2015-000135-LKA,LS-2015-000135-LKA,0.404570545791075,0.00011747423178383376,1.290597047444825,0.00015161189669106486
FL-2024-000104-MMR,FL-2024-000104-MMR,0.4222959078663373,0.0001803718378507554,0.8391419529408852,0.00015135757626961958
FL-2006-000050-ARG,FL-2006-000050-ARG,0.41649496904591665,0.00015707157485657218,0.9631552235503491,0.00015128430779438716
Russia: Floods - Jun 1993,Russia: Floods - Jun 1993,0.4231737759593921,0.00018415667570546363,0.820510219523839,0.00015110243440987037
FL-2002-000536-MMR,FL-2002-000536-MMR,0.4182647228827018,0.00016387487382840883,0.9088201340075248,0.00014893278479320072
FL-2007-000077-CHN,FL-2007-000077-CHN,0.43667402108338205,0.00025210041081202427,0.5852259909488726,0.0001475357127360848
FL-2018-000028-BWA,FL-2018-000028-BWA,0.40009732080560356,0.00010511300015510237,1.3719368691424587,0.0001442084003389619
Egypt: Floods - Nov 1994,Egypt: Floods - Nov 1994,0.4093138199184039,0.00013199700660290148,1.0804014986266677,0.0001426097637480089
FL-2015-000006-MWI,FL-2015-000006-MWI,0.40344632336014286,0.00011425037141573812,1.2458327290676428,0.00014233685201786082
FL-2007-000151-TCD,FL-2007-000151-TCD,0.4182772916831679,0.00016392412467418517,0.8635836730404353,0.00014156219768607107
FL-2010-000245-MAR,FL-2010-000245-MAR,0.4062551109266789,0.0001224583425355848,1.150616667361314,0.00014090260997888483
FL-2022-000275-UGA,FL-2022-000275-UGA,0.4059839341353984,0.00012164337951884845,1.149508740471743,0.0001398301279774377
FL-2009-000113-CHN,FL-2009-000113-CHN,0.4297515558929187,0.00021486940292496238,0.6385622410411255,0.00013720748746293254
FL-1999-000574-VNM,FL-1999-000574-VNM,0.40637725032433597,0.0001228270084183909,1.114647519535003,0.00013690882026546434
FL-2004-000116-CAF,FL-2004-000116-CAF,0.4180823208575616,0.0001631616289235456,0.8356212418186781,0.00013634132297825154
FL-2022-000135-ZMB,FL-2022-000135-ZMB,0.4023966681922898,0.00011131245505237737,1.2189092023041321,0.00013567977579440787
FL-1993-000013-PHL,FL-1993-000013-PHL,0.4052453591437053,0.00011944844495259548,1.133970277619954,0.0001354509862841665
FL-2002-000475-TJK,FL-2002-000475-TJK,0.4050229600247359,0.00011879452705780094,1.1361467856691416,0.0001349680200718064
FL-2006-000133-NER,FL-2006-000133-NER,0.41291898264271054,0.00014409485903024932,0.9314416156120189,0.00013421594829652155
FL-2009-000174-NER,FL-2009-000174-NER,0.4131520171295053,0.0001449101394923966,0.9234579036877298,0.00013381841363874507
FL-2005-000048-AFG,FL-2005-000048-AFG,0.4085188798017619,0.0001294557435800012,1.0241455794175436,0.00013258152751766927
China: Floods in Zhejiang Province - Aug 1988,name=China: Floods in Zhejiang Province - Aug 1988,0.4021265274649874,0.0001105674352412405,1.1830173894671492,0.0001308031985991704
FL-2014-000089-IND,FL-2014-000089-IND,0.41437402487441066,0.0001492537451475662,0.8681922613947346,0.00012958094652129888
Iran: Floods - Dec 1991,Iran: Floods - Dec 1991,0.42154434027041743,0.00017718731519768052,0.7306781420678033,0.00012946689826662345
FL-2011-000190-AGO,FL-2011-000190-AGO,0.4128617879270394,0.0001438953930392422,0.8834264830455577,0.00012712100099911594
FL-2021-000152-GEO,FL-2021-000152-GEO,0.4052809531119037,0.00011955340173759347,1.0591574472605578,0.00012662587579570544
FL-1998-000112-TZA,FL-1998-000112-TZA,0.4145383716677374,0.00014984676494258475,0.840568897187044,0.00012595652995483467
FL-2013-000052-SOM,FL-2013-000052-SOM,0.4029499122393033,0.00011285236249764836,1.11224014258995,0.00012551892775599714
FL-2000-000617-BGD,FL-2000-000617-BGD,0.4159239131229783,0.00015493120690876914,0.8096868541290794,0.00012544576152838277
FL-2007-000159-RWA,FL-2007-000159-RWA,0.4081595651211831,0.00012832160572155108,0.9770683724629499,0.00012537898245418825
FL-2023-000139-LAO,FL-2023-000139-LAO,0.40007525969751756,0.00010505505590410432,1.184828348999989,0.00012447220844096147
Cameroon: Floods - Sep 1994,name=Cameroon: Floods - Sep 1994,0.41002278064532827,0.0001343011914689069,0.9258215052048269,0.00012433893123654503
FL-2010-000174-KEN,FL-2010-000174-KEN,0.4082077082615663,0.00012847304368140215,0.9668381107047667,0.00012421263482941783
Gabon: Inondations - Nov 1988,Gabon: Inondations - Nov 1988,0.4131468929628931,0.0001448921678445175,0.8449363174492606,0.0001224246547257868
FL-2012-000126-PAN,FL-2012-000126-PAN,0.4127459134146164,0.00014349204339301222,0.8526290636893213,0.00012234548660505147
FL-2004-000094-CHN,FL-2004-000094-CHN,0.42172452976999564,0.0001779461624583482,0.6825809586803848,0.00012146266216431483
FL-2010-000049-AGO,FL-2010-000049-AGO,0.41212475518757735,0.00014134713877613045,0.8544449470857646,0.00012077334851229501
FL-2008-000094-ZAF,FL-2008-000094-ZAF,0.40381826633606716,0.00011530804250119565,1.045585962583682,0.00012056447061225277
FL-2006-000070-IND,FL-2006-000070-IND,0.42199887637522226,0.00017910715934703222,0.6719340637740063,0.00012034820143106987
FL-2013-000095-PHL,FL-2013-000095-PHL,0.40548757242962263,0.0001201643061021034,0.9977142237080565,0.00011988963738007738
FL-2023-000052-ETH,FL-2023-000052-ETH,0.40013067405375435,0.00010520065821355572,1.1124995665878057,0.00011703568666733262
FL-2010-000161-MYS,FL-2010-000161-MYS,0.40092031982005194,0.00010729529577321283,1.0886896565212916,0.00011681127870168946
FL-2010-000075-TJK,FL-2010-000075-TJK,0.40155452613883535,0.0001090047076282008,1.0707477241626986,0.00011671654261591636
FL-1997-000137-CHL,FL-1997-000137-CHL,0.4069918764303766,0.0001246974027237803,0.9286157560049981,0.00011579597290220296
Cuba: Floods - May 1994,Cuba: Floods - May 1994,0.40897981940442213,0.00013092385613125207,0.8829805422163315,0.00011560321747582592
FL-2006-000013-MWI,FL-2006-000013-MWI,0.4061040470189912,0.00012200374857597937,0.9463273276685,0.00011545548135544611
Guinea: Floods - Aug 1993,Guinea: Floods - Aug 1993,0.40836801595384564,0.00012897846410197562,0.8923188026319167,0.00011508990865277853
FL-2024-000038-AFG,FL-2024-000038-AFG,0.40287442083891783,0.0001126411152966447,1.0169769888963047,0.00011455342226030322
FL-2024-000145-SSD,FL-2024-000145-SSD,0.4069786918833934,0.0001246570127501646,0.9086488837386558,0.00011326945548563246
FL-2010-000091-VNM,FL-2010-000091-VNM,0.3998517205718314,0.00010446954215204455,1.0820602515614735,0.00011304233906155328
FL-2005-000132-MKD,FL-2005-000132-MKD,0.40109953037057616,0.00010777586939488008,1.0452123135987392,0.00011264866580033816
FL-2020-000038-EGY,FL-2020-000038-EGY,0.3915528040252474,8.470389558348715e-05,1.329767132388454,0.00011263645633218474
Haiti: Floods - Nov 1986,Haiti: Floods - Nov 1986,0.4175990561328806,0.0001612854105084419,0.6982374406228651,0.00011261551224322263
FF-2018-000042-ETH,FF-2018-000042-ETH,0.4003490455574153,0.00010577620335511112,1.0606234402511923,0.00011218872069920766
FL-2005-000176-BGD,FL-2005-000176-BGD,0.4091228072705122,0.0001313823140374118,0.852603025726979,0.00011201695847530945
Bangladesh: Floods - Aug 1988,Bangladesh: Floods - Aug 1988,0.4133953758590567,0.0001457659690154994,0.7553870279750035,0.00011010972211451452
FL-2007-000174-CAF,FL-2007-000174-CAF,0.4080076126127893,0.0001278446805730563,0.8591414557936258,0.00010983666498300666
ST-1998-000296-PHL,ST-1998-000296-PHL,0.3973101379165419,9.801588559144886e-05,1.108207062894622,0.00010862189668831483
FL-2000-000255-ARG,FL-2000-000255-ARG,0.40276696404086,0.00011234103330520935,0.9596824343263637,0.0001078117163170824
FL-2024-000088-BGD,FL-2024-000088-BGD,0.3984607120898693,0.00010089161350265321,1.0651890538676798,0.00010746864233007481
FL-2005-000169-FJI,FL-2005-000169-FJI,0.3955898526186764,9.38537065105679e-05,1.141883746425886,0.00010717002200624284
FL-2024-000189-LKA,FL-2024-000189-LKA,0.3942780218294926,9.07874231337864e-05,1.1695806147019812,0.00010618321015602276
Russian Federation: Floods - Apr 2004,Russian Federation: Floods - Apr 2004,0.40713642955544693,0.00012514100460697596,0.8416206812536089,0.00010532125755008411
Indonesia: Floods - Feb 1993,Indonesia: Floods - Feb 1993,0.39005827097997847,8.152577072358238e-05,1.260456071218516,0.00010275965266930816
FL-1998-000165-CHN,FL-1998-000165-CHN,0.41364738516334815,0.0001466570122571028,0.7000190203158281,0.00010266269804266348
FL-2023-000103-DOM,FL-2023-000103-DOM,0.39357171081064757,8.917410231945985e-05,1.142430234483892,0.0001018751906227111
FL-1999-000547-VEN,FL-1999-000547-VEN,0.3957521895326863,9.423956290226429e-05,1.075232993321348,0.00010132948730869709
Bangladesh: Floods - Jul 1991,Bangladesh: Floods - Jul 1991,0.40862623448739754,0.00012979634294123566,0.7760463103390562,0.00010072797303504875
FL-2007-000009-PER,FL-2007-000009-PER,0.39715473838607573,9.763319106124031e-05,1.031150965068591,0.00010067455918552408
FL-2021-000055-TJK,FL-2021-000055-TJK,0.39296920105014305,8.781832289116749e-05,1.1378608539843575,9.992503188041789e-05
FL-2022-000261-GEO,FL-2022-000261-GEO,0.39556177198487685,9.378710647370578e-05,1.0491729788203328,9.83988978739576e-05
FF-2014-000009-TZA,FF-2014-000009-TZA,0.3956180867320309,9.392071347261184e-05,1.0439643751945358,9.804987895826023e-05
FL-2003-000227-CHN,FL-2003-000227-CHN,0.4135904944938934,0.000146455433472203,0.667747313747308,9.779522228476112e-05
Bangladesh: Floods - Jul 1993,Bangladesh: Floods - Jul 1993,0.40306113211492856,0.000113164238154873,0.8603121344647399,9.735656727209495e-05
FL-2015-000081-PHL,FL-2015-000081-PHL,0.38951922533907024,8.040609640875374e-05,1.208181772549164,9.714518008288706e-05
FL-2016-000058-MMR,FL-2016-000058-MMR,0.4027285101247028,0.00011223382249765619,0.8641831978719268,9.699058363541473e-05
FL-2017-000078-NER,FL-2017-000078-NER,0.3841929261463792,7.00637926592603e-05,1.3737310931814115,9.624881048224141e-05
China: Floods - Jun 1994,China: Floods - Jun 1994,0.3973720824601775,9.816880922104758e-05,0.9760523910513278,9.581790096686513e-05
FL-1998-000213-KGZ,FL-1998-000213-KGZ,0.3918061028391593,8.52534501385495e-05,1.1210585535855664,9.557410950050151e-05
FL-2015-000080-MMR,FL-2015-000080-MMR,0.3868872502363416,7.513532667951583e-05,1.2536908885177969,9.419647446391712e-05
FL-2019-000116-ETH,FL-2019-000116-ETH,0.38456229712198997,7.074032213779183e-05,1.3310225871226296,9.41569665857319e-05
China: Floods - May 1988,China: Floods - May 1988,0.39989537114218676,0.00010458364434788605,0.8982643528768322,9.394375961165463e-05
FL-2018-000060-LKA,FL-2018-000060-LKA,0.39379218851996267,8.967491419914391e-05,1.0416733122822366,9.34119649024476e-05
FL-2011-000096-PRK,FL-2011-000096-PRK,0.39953437397994906,0.00010364336343456347,0.8967115844943416,9.293820464773032e-05
Iran: Floods - Jul 1987,Iran: Floods - Jul 1987,0.4015059655807808,0.00010887295840279984,0.8532734221804965,9.289840179927186e-05
FL-2011-000181-VEN,FL-2011-000181-VEN,0.40182495800522355,0.0001097410420919197,0.8434253806112476,9.255838019505232e-05
FL-2014-000150-SOM,FL-2014-000150-SOM,0.38838850296693944,7.810226969456337e-05,1.18193675754845,9.231194339996681e-05
Ethiopia: Floods - Aug 1996,Ethiopia: Floods - Aug 1996,0.39959373293744893,0.00010379744972014407,0.8753110496380971,9.085505466429692e-05
FL-2010-000041-SOM,FL-2010-000041-SOM,0.38952902046453924,8.042631818167555e-05,1.120673451219893,9.013163956556757e-05
FL-1990-000004-VNM,FL-1990-000004-VNM,0.38265920257015273,6.731651454640692e-05,1.3388746942864604,9.012837783375064e-05
FL-2007-000141-NGA,FL-2007-000141-NGA,0.39420354153400505,9.0616068693515e-05,0.9935717537773818,9.003356629222741e-05
India: Floods - Aug 1988,India: Floods - Aug 1988,0.4006439587578711,0.00010655798139217895,0.8427786995223563,8.980479698142802e-05
FL-1998-000203-BGD,FL-1998-000203-BGD,0.3854284006926571,7.234976576149014e-05,1.2384617273903773,8.960241588126425e-05
FL-2019-000162-MYS,FL-2019-000162-MYS,0.3914760627105084,8.453802885461753e-05,1.0555900890857195,8.923750540977684e-05
FL-2019-000051-LBY,FL-2019-000051-LBY,0.3877981238882137,7.69231458659505e-05,1.1558008867153804,8.890784020080213e-05
FL-2001-000236-URY,FL-2001-000236-URY,0.39183882224628325,8.532467135754714e-05,1.0394922336938253,8.869433321864823e-05
FL-2015-000161-ETH,FL-2015-000161-ETH,0.39940576152212975,0.00010331021224990403,0.8569191129543197,8.852849544031024e-05
FL-2024-000008-ZAF,FL-2024-000008-ZAF,0.3881708230679982,7.766563269604755e-05,1.1347418062917907,8.813044033230775e-05
FL-2009-000129-CAF,FL-2009-000129-CAF,0.3964602101979774,9.593919473667124e-05,0.9175805861754851,8.80319425436788e-05
FL-2016-000061-RUS,FL-2016-000061-RUS,0.4005151033205344,0.00010621576432254915,0.8265337350740463,8.779091240926118e-05
FL-2006-000057-SUR,FL-2006-000057-SUR,0.38959134543446805,8.055509365684452e-05,1.0860789103745403,8.748918834394473e-05
Tunisia: Floods - Oct 1986,Tunisia: Floods - Oct 1986,0.38691943658648986,7.519785749387618e-05,1.1587436410513112,8.713503919171171e-05
FL-2002-000265-KEN,FL-2002-000265-KEN,0.3955446713757651,9.374656907120767e-05,0.9272835596446518,8.692965227282268e-05
India: Floods - Aug 2003,India: Floods - Aug 2003,0.4196516658369035,0.00016939068105376634,0.512689258225858,8.684478261982836e-05
1985-11-01T00:00:00+00:00,1985-11-01T00:00:00+00:00,0.4011762950917932,0.00010798231475103541,0.7962481269445691,8.598071586365087e-05
FL-2020-000199-MRT,FL-2020-000199-MRT,0.3961096021968647,9.509412874851872e-05,0.8999640370776387,8.558129601089764e-05
FL-2018-000164-HND,FL-2018-000164-HND,0.3853362154382485,7.217690855356403e-05,1.1796924207248134,8.514655197198745e-05
FL-2013-000008-MOZ,FL-2013-000008-MOZ,0.39517428236545976,9.287241372782788e-05,0.9158712312600213,8.505917191099583e-05
FL-2013-000051-ECU,FL-2013-000051-ECU,0.3797307901158508,6.233875568734499e-05,1.3545163959289632,8.443886668031869e-05
FL-2014-000154-IDN,FL-2014-000154-IDN,0.39249153490303623,8.675668416755938e-05,0.9628039097423366,8.352967471280725e-05
FL-2008-000051-LKA,FL-2008-000051-LKA,0.3925959484488637,8.698775730268527e-05,0.9575666418010185,8.329657463813435e-05
FL-2009-000183-NGA,FL-2009-000183-NGA,0.3922402793555337,8.620290377837823e-05,0.9656932233895635,8.324556001528246e-05
FL-2016-000085-MLI,FL-2016-000085-MLI,0.3914541606511401,8.449074394964337e-05,0.9795200396753964,8.276037686575844e-05
FL-2016-000137-ARG,FL-2016-000137-ARG,0.3908827064523614,8.326539885428193e-05,0.9911432885271344,8.252794124095648e-05
FL-2023-000021-NAM,FL-2023-000021-NAM,0.3809376016925199,6.434850068751462e-05,1.2755322671404512,8.20785889690344e-05
FL-2011-000123-RUS,FL-2011-000123-RUS,0.3911591307647502,8.385611224233605e-05,0.9746615796072284,8.17313308178363e-05
Bangladesh: Floods - May 1984,Bangladesh: Floods - May 1984,0.383071868940251,6.80460007136847e-05,1.1865219890231302,8.073807611187052e-05
1986-04-01T00:00:00+00:00,1986-04-01T00:00:00+00:00,0.3943120167674675,9.086573108886823e-05,0.8870822721015816,8.060537919048455e-05
FL-2000-000583-LAO,FL-2000-000583-LAO,0.3824913433861455,6.702180281108158e-05,1.2022237305473946,8.057520180355036e-05
FL-2007-000149-CMR,FL-2007-000149-CMR,0.38786637910377175,7.705864333280147e-05,1.035118095353682,7.976479611718817e-05
FL-2008-000069-CHL,FL-2008-000069-CHL,0.3879265692252798,7.717830849665135e-05,1.033221040168237,7.974225218333518e-05
FL-2011-000007-ZAF,FL-2011-000007-ZAF,0.3862101355442058,7.383064634438087e-05,1.0794985641478076,7.970007671886372e-05
Iran: Floods - Oct 1994,Iran: Floods - Oct 1994,0.39792261531253825,9.9537384086218e-05,0.7986196192783261,7.949250778289594e-05
FL-2013-000050-ETH,FL-2013-000050-ETH,0.37880190970313643,6.083052967052675e-05,1.3053721958094802,7.940648208826924e-05
FL-2007-000206-COG,FL-2007-000206-COG,0.39108271564048813,8.36924385734133e-05,0.9410945726804741,7.876249971583322e-05
FL-1998-000272-PRK,FL-1998-000272-PRK,0.3936802295336264,8.942028555200876e-05,0.8775464676728586,7.847045572446364e-05
FL-2006-000068-CHN,FL-2006-000068-CHN,0.40426318972196407,0.00011658481382021786,0.6678237967185123,7.785811300513877e-05
FL-2016-000011-TZA,FL-2016-000011-TZA,0.38525552192195156,7.202590475620914e-05,1.076733992508393,7.755273999218231e-05
FL-2022-000207-VEN,FL-2022-000207-VEN,0.385119756170759,7.17724844184545e-05,1.080082826119319,7.752022780828912e-05
FL-2024-000022-PER,FL-2024-000022-PER,0.3860685292594419,7.356038802211624e-05,1.0537115612771992,7.751143131094068e-05
FL-2010-000262-ECU,FL-2010-000262-ECU,0.3759544135565478,5.640945143666784e-05,1.369373617071581,7.724561455085352e-05
FL-2025-000032-IRQ,FL-2025-000032-IRQ,0.39580426603885754,9.436364495156964e-05,0.8107511442535587,7.650543312042164e-05
FL-2006-000112-ETH,FL-2006-000112-ETH,0.3847214158011675,7.10335669022089e-05,1.0654891162362259,7.56854924217414e-05
FL-1997-000265-SOM,FL-1997-000265-SOM,0.38665835304726875,7.469197919076781e-05,1.0106246281950175,7.54855536988197e-05
FF-2022-000274-IRN,FF-2022-000274-IRN,0.3847640581473002,7.111233946558549e-05,1.061292911805653,7.547102181674329e-05
FL-2018-000043-TZA,FL-2018-000043-TZA,0.3908028928052071,8.309553684752487e-05,0.9072074068086312,7.538488650081409e-05
FL-2011-000198-PER,FL-2011-000198-PER,0.37974785838315017,6.236678158922751e-05,1.1989072405233858,7.477198601546545e-05
FL-2015-000011-PER,FL-2015-000011-PER,0.3867762312696865,7.492000081139364e-05,0.9963773020475339,7.464858827785546e-05
FL-2010-000008-BOL,FL-2010-000008-BOL,0.3897065987641411,8.079371836438024e-05,0.9114041656623548,7.363573147664725e-05
FL-2015-000123-NER,FL-2015-000123-NER,0.3907305532563873,8.294185095748799e-05,0.8859881122566413,7.348549395689648e-05
FL-2000-000038-PHL,FL-2000-000038-PHL,0.3793474581611059,6.171230727605476e-05,1.1869100960213697,7.324696055472243e-05
FL-2016-000114-EGY,FL-2016-000114-EGY,0.38121771467144144,6.48232401409418e-05,1.1202710928869943,7.261960207716895e-05
FL-2021-000147-THA,FL-2021-000147-THA,0.3748652021594219,5.479630543157427e-05,1.3245466846045788,7.258026468797157e-05
1992-00001-AR,1992-00001-AR,0.38313370864927304,6.815592794564882e-05,1.0623696179080282,7.240678712978603e-05
FL-2008-000230-CUB,FL-2008-000230-CUB,0.38502029559135825,7.158734090580386e-05,0.998493550218185,7.14794981717156e-05
FL-2021-000127-NER,FL-2021-000127-NER,0.379540435632844,6.202696298172037e-05,1.1513193602048528,7.141284333556439e-05
FL-2000-000444-IND,FL-2000-000444-IND,0.3971040316978859,9.750860958376797e-05,0.7306166341110584,7.124141213094185e-05
FL-2014-000115-NER,FL-2014-000115-NER,0.38435130537199713,7.035315917867549e-05,1.0075520123358044,7.088446710465565e-05
FL-2024-000212-HTI,FL-2024-000212-HTI,0.3890641814203121,7.947169942512242e-05,0.8913366497024602,7.083603831174955e-05
Haiti: Floods - Feb 1996,Haiti: Floods - Feb 1996,0.38472660031024936,7.104313997226154e-05,0.994604051610094,7.065979485551435e-05
FL-2001-000252-ECU,FL-2001-000252-ECU,0.38423784623113033,7.014575481215031e-05,1.0045332304500523,7.046374168380665e-05
FL-2024-000116-LBR,FL-2024-000116-LBR,0.3867362088669384,7.484251201141807e-05,0.9411318740645284,7.043667358900287e-05
Paraguay: Floods - Feb 1990,name=Paraguay: Floods - Feb 1990,0.37705494207101675,5.8082643588045904e-05,1.2090275213437827,7.022351461034949e-05
FL-2000-000806-FJI,FL-2000-000806-FJI,0.38071883925675143,6.397991769589844e-05,1.0809688363767913,6.916029718321821e-05
FL-2023-000064-RWA,FL-2023-000064-RWA,0.3814800891228472,6.527077272576981e-05,1.0562755799966463,6.894392331774178e-05
FL-2010-000259-AUS,FL-2010-000259-AUS,0.37565668060505486,5.5964311667307205e-05,1.2316167879767448,6.892658577701836e-05
FL-2007-000044-ARG,FL-2007-000044-ARG,0.3837741134874967,6.930375586481565e-05,0.9907640067376045,6.86636668425895e-05
FF-2023-000044-SOM,FF-2023-000044-SOM,0.3824174768232075,6.68924830187474e-05,1.022945092337183,6.842733721827601e-05
FL-2009-000032-SLB,FL-2009-000032-SLB,0.37879429929931907,6.081830948283592e-05,1.1239355242445161,6.835585855225642e-05
FL-2007-000161-UGA,FL-2007-000161-UGA,0.3850180461277649,7.15831585578785e-05,0.9520505600973528,6.815078619856585e-05
FF-2009-000246-LKA,FF-2009-000246-LKA,0.3791812758515494,6.144249393920849e-05,1.1085200076597403,6.811023385212494e-05
FL-2004-000055-TJK,FL-2004-000055-TJK,0.37589784860649833,5.632463694307795e-05,1.196880781045007,6.74138754565076e-05
UGA-2011-000110,UGA-2011-000110,0.37900921660959574,6.116425793987605e-05,1.0988605320725724,6.721098902363627e-05
FL-2007-000222-MYS,FL-2007-000222-MYS,0.3860213900167486,7.347061959843858e-05,0.9073504280824132,6.666359814412338e-05
FL-2006-000056-AFG,FL-2006-000056-AFG,0.3838776264958631,6.949091163101398e-05,0.9546321476865294,6.633825821500969e-05
FL-2003-000647-TLS,FL-2003-000647-TLS,0.3780217941930186,5.958931465410663e-05,1.1114226107007856,6.622891166273778e-05
FL-2017-000107-NPL,FL-2017-000107-NPL,0.37577488541220855,5.614065953823332e-05,1.179269398312985,6.620496179454654e-05
FL-2009-000219-NPL,FL-2009-000219-NPL,0.3931625966666468,8.82514698291719e-05,0.7491056022368088,6.610967045466538e-05
FL-2006-000189-MYS,FL-2006-000189-MYS,0.3832519226309837,6.836651185891513e-05,0.9652828195473719,6.599301932979244e-05
FF-2006-000069-IDN,FF-2006-000069-IDN,0.3841795239056017,7.003935534238074e-05,0.9360516519312406,6.556045426843465e-05
FL-2024-000223-LBY,FL-2024-000223-LBY,0.38251749467710405,6.706764034566637e-05,0.9752075934483906,6.540487213975949e-05
FL-2011-000020-BOL,FL-2011-000020-BOL,0.38147157167998536,6.525620095022021e-05,0.9970007790304958,6.506048318394013e-05
FL-2011-000059-CHN,FL-2011-000059-CHN,0.37782653477321526,5.928223269914607e-05,1.0913766390536792,6.469924387879216e-05
FL-2010-000150-MEX,FL-2010-000150-MEX,0.37089183969209033,4.92575471244784e-05,1.2934881621677183,6.371405410293134e-05
FF-2008-000072-CHN,FF-2008-000072-CHN,0.39470609566617065,9.177794622785842e-05,0.6928246734717287,6.358602562722189e-05
FL-1998-000111-TJK,FL-1998-000111-TJK,0.3789757998990779,6.111035166360759e-05,1.0388109267052203,6.348210104295411e-05
FL-2011-000021-MYS,FL-2011-000021-MYS,0.3826177708436892,6.724366432121844e-05,0.9410695768598368,6.328096672927395e-05
FL-2009-000218-KEN,FL-2009-000218-KEN,0.38085074815191633,6.420193693569835e-05,0.985242574761118,6.325448165117837e-05
FL-2018-000194-TTO,FL-2018-000194-TTO,0.3692262744616375,4.7089706355223596e-05,1.3365256119034994,6.293659860077132e-05
FL-2014-000008-BOL,FL-2014-000008-BOL,0.38078893200196323,6.40978064044789e-05,0.9806451897228388,6.2857205522338e-05
FL-1998-000359-UKR,FL-1998-000359-UKR,0.38116536957785885,6.473428617639948e-05,0.970056066676692,6.279588702740144e-05
FL-2005-000062-TZA,FL-2005-000062-TZA,0.3860640372048223,7.355182943847389e-05,0.8523963030224688,6.269530749389433e-05
FL-2008-000185-SOM,FL-2008-000185-SOM,0.37852695041505824,6.039042124296321e-05,1.0367109285362797,6.260740968148946e-05
FL-2011-000082-NPL,FL-2011-000082-NPL,0.37891098042726956,6.100590981473251e-05,1.025863139158339,6.258371414975201e-05
FL-2003-000331-CHN,FL-2003-000331-CHN,0.3965059334222578,9.60498975634453e-05,0.6456419227196044,6.201384053988386e-05
FL-2012-000030-KAZ,FL-2012-000030-KAZ,0.3671959380190394,4.456343744547636e-05,1.386634100283017,6.179318198772662e-05
FL-2004-000142-ALB,FL-2004-000142-ALB,0.3850174820617765,7.158210984446632e-05,0.8548694500312184,6.119335887481319e-05
FL-2003-000621-BOL,FL-2003-000621-BOL,0.38138688408593774,6.511147527709262e-05,0.9320569428848113,6.068760259348692e-05
FL-1998-000221-NPL,FL-1998-000221-NPL,0.3752420775716447,5.534970597540768e-05,1.0933566224100346,6.051696757666025e-05
FL-2010-000067-BRA,FL-2010-000067-BRA,0.37681871312756,5.7719773843355356e-05,1.0465567844150672,6.040702091066688e-05
FL-2017-000064-IND,FL-2017-000064-IND,0.37837632179831704,6.0150537300284815e-05,1.0042415418757316,6.040566832309173e-05
FL-2021-000049-RWA,FL-2021-000049-RWA,0.3686594802229841,4.6371811772541684e-05,1.2970626710434043,6.0147146038814897e-05
FL-2011-000129-MLI,FL-2011-000129-MLI,0.3817361901875874,6.571028462451957e-05,0.9069557018258996,5.959631730881077e-05
FL-2003-000012-BOL,FL-2003-000012-BOL,0.37780886938070435,5.925452094515972e-05,1.0019840207728257,5.937208314559876e-05
Benin: Floods - Sep 1994,Benin: Floods - Sep 1994,0.3841728309593887,7.002715446073997e-05,0.8448106334634848,5.9159684719623036e-05
Nepal: Floods - Aug 1987,Nepal: Floods - Aug 1987,0.37313576624535605,5.2320127707466835e-05,1.1288267712275268,5.9060360830231654e-05
FL-2022-000348-CRI,FL-2022-000348-CRI,0.3828714353519207,6.769080271211718e-05,0.869648665727101,5.886721626058913e-05
FL-2021-000204-BRA,FL-2021-000204-BRA,0.36879950627476044,4.654824481373774e-05,1.2616737641161433,5.872869924714824e-05
FL-2015-000153-IRQ,FL-2015-000153-IRQ,0.37640593730574834,5.709060591622478e-05,1.028424531293494,5.871337963065505e-05
Bangladesh: Floods - Aug 1986,Bangladesh: Floods - Aug 1986,0.37671051441178216,5.755425281636492e-05,1.0124849879606508,5.8272816969861486e-05
FL-2009-000127-BEN,FL-2009-000127-BEN,0.3762516794262413,5.68570694181397e-05,1.0221105165631266,5.8114208593240316e-05
FL-2016-000075-BGD,FL-2016-000075-BGD,0.3758763583676127,5.62924441930673e-05,1.0303519065285407,5.800102719747837e-05
FL-2007-000147-NER,FL-2007-000147-NER,0.3768617150127064,5.778567646453117e-05,1.0023493119506208,5.7921433044824e-05
FL-2020-000190-NER,FL-2020-000190-NER,0.37176400412288557,5.042818891178929e-05,1.1441798734017292,5.769891880496955e-05
FL-2003-000020-MOZ,FL-2003-000020-MOZ,0.3777065201795704,5.9094194771259885e-05,0.9593256023439679,5.669057399397065e-05
FL-2012-000013-ECU,FL-2012-000013-ECU,0.3737010212098155,5.311813843409758e-05,1.057874236360154,5.619231013284393e-05
FL-2024-000020-PAK,FL-2024-000020-PAK,0.3707614096403782,4.908459894259944e-05,1.1424260343540067,5.607552371785075e-05
1992-01-01T00:00:00+00:00,1992-01-01T00:00:00+00:00,0.3741508584734719,5.376101509510386e-05,1.040933530085597,5.596164322393153e-05
Indonesia: Floods and Landslides - Mar 1984,Indonesia: Floods and Landslides - Mar 1984,0.3675173570465349,4.495505640363636e-05,1.2434734814113138,5.5900420493271675e-05
FL-2009-000179-LBR,FL-2009-000179-LBR,0.37616760015793105,5.6730141176401116e-05,0.9840111740692383,5.5823092824104107e-05
FL-2005-000150-NGA,FL-2005-000150-NGA,0.37462868828128204,5.4451558777038214e-05,1.0189791202777432,5.548500146037823e-05
FL-2006-000027-IDN,FL-2006-000027-IDN,0.3767168123953679,5.756387566990582e-05,0.9608535718134472,5.5310455544854196e-05
FL-2008-000168-NPL,FL-2008-000168-NPL,0.38205012937334826,6.625268917555914e-05,0.8284146526395197,5.4884698489804894e-05
FL-2004-000051-NPL,FL-2004-000051-NPL,0.382698042619669,6.738487227245194e-05,0.8123157064849782,5.473779012639682e-05
FL-2012-000191-HTI,FL-2012-000191-HTI,0.38694264308038634,7.524297152864565e-05,0.7267675710899211,5.4684151659461885e-05
FL-2002-000110-BOL,FL-2002-000110-BOL,0.3783820694485416,6.015967497256261e-05,0.9049212581915606,5.4439768768566694e-05
FF-2006-000022-TLS,FF-2006-000022-TLS,0.3683929567346076,4.603765390750468e-05,1.1802888753635958,5.433773075486715e-05
FL-2015-000055-TJK,FL-2015-000055-TJK,0.3631146076560924,3.985081466021238e-05,1.363091174686871,5.432029376741768e-05
FL-2011-000122-NER,FL-2011-000122-NER,0.3729628532160848,5.2078178521209e-05,1.0388296068906175,5.4100353720766945e-05
FL-2016-000089-SEN,FL-2016-000089-SEN,0.368455071437661,4.61153368773564e-05,1.1668188769061376,5.380824558338519e-05
FL-2011-000091-BEN,FL-2011-000091-BEN,0.37215621679595995,5.0962741434050546e-05,1.0550833377129152,5.376993933123833e-05
FL-2000-000002-AGO,FL-2000-000002-AGO,0.37926051603454325,6.157101546305917e-05,0.8697971671955873,5.355429483112457e-05
FL-2012-000051-TJK,FL-2012-000051-TJK,0.3655438005953371,4.259849239853318e-05,1.2564153914667016,5.352140150279438e-05
FL-2001-000549-GIN,FL-2001-000549-GIN,0.3730668410400501,5.2223562870552425e-05,1.0199342550969517,5.326460069488571e-05
FL-2009-000140-MNG,FL-2009-000140-MNG,0.37144181814098853,4.999285791790237e-05,1.0589605890169638,5.294046626738327e-05
FL-2022-000316-NER,FL-2022-000316-NER,0.3753425269821698,5.549805148164597e-05,0.94956722049458,5.269913048829167e-05
FL-1999-000651-CHN,FL-1999-000651-CHN,0.37251752126608223,5.145967569921022e-05,1.0240023009480381,5.2694826322031105e-05
FL-2001-000117-PER,FL-2001-000117-PER,0.377308922527854,5.847507053388697e-05,0.8990840283213932,5.25740019719847e-05
FL-1997-000177-MMR,FL-1997-000177-MMR,0.3747656274274818,5.465092490762972e-05,0.9561349496906492,5.225365933710399e-05
FL-1997-000530-PER,FL-1997-000530-PER,0.3724259461759865,5.133331345884494e-05,1.015600331174714,5.213413014909832e-05
FF-2021-000198-COG,FF-2021-000198-COG,0.37017800218488467,4.831767991815342e-05,1.0782758332205882,5.209978657303256e-05
FL-2009-000145-NPL,FL-2009-000145-NPL,0.378442634926046,6.0256038550616184e-05,0.8626211054247378,5.197813058304815e-05
FF-2012-000101-GAB,FF-2012-000101-GAB,0.36383840410317214,4.065232423323772e-05,1.2741047244558878,5.179531836568076e-05
Namibia: Floods - Mar 2004,Namibia: Floods - Mar 2004,0.3705990062771162,4.887001864118341e-05,1.0587882424363562,5.174300114493055e-05
FL-2008-000031-PER,FL-2008-000031-PER,0.37397586987653453,5.351010587946345e-05,0.9634315068788812,5.1553321940699955e-05
FF-2021-000032-TLS,FF-2021-000032-TLS,0.3757753404359311,5.614133934606715e-05,0.915168404503065,5.137877995600542e-05
FL-2008-000155-CHL,FL-2008-000155-CHL,0.3688138857904112,4.656639718799761e-05,1.1026017644863366,5.134419170525775e-05
FL-2013-000081-PRK,FL-2013-000081-PRK,0.3677115070731811,4.519310783316661e-05,1.132099170129612,5.116307987350598e-05
FL-2011-000133-MEX,FL-2011-000133-MEX,0.3788558771149403,6.091724971168994e-05,0.8391023593878815,5.111580796049977e-05
China: Floods - May 1987,China: Floods - May 1987,0.3683737038885899,4.6013599499747575e-05,1.1104745493488628,5.109693116840125e-05
FL-2023-000040-TUR,FL-2023-000040-TUR,0.3690049352140283,4.6808179031837115e-05,1.085836144445525,5.082601264844587e-05
FL-2023-000167-LBR,FL-2023-000167-LBR,0.3677215992699303,4.5205513049280257e-05,1.1239561416844555,5.080901402973534e-05
FL-2001-000274-WSM,FL-2001-000274-WSM,0.36144327441112234,3.805410216758548e-05,1.3345437786795291,5.078486530098639e-05
China: Floods - Jul 2018,China: Floods - Jul 2018,0.3683109248967574,4.5935242303470534e-05,1.1041913871780773,5.072129891943023e-05
FF-2020-000153-BIH,FF-2020-000153-BIH,0.3716431933552179,5.026455373342257e-05,1.0072124375171865,5.062708368655414e-05
FF-2012-000102-PHL,FF-2012-000102-PHL,0.3608766341114674,3.746171318912802e-05,1.350990691185349,5.0610425794367374e-05
SL-2002-000428-NPL,SL-2002-000428-NPL,0.3775081284803756,5.878453303610983e-05,0.8588047616407877,5.0484436882241314e-05
FL-2016-000019-HTI,FL-2016-000019-HTI,0.3728680826404657,5.1945998085019545e-05,0.9718383703338016,5.048311412430817e-05
FL-2012-000009-FJI,FL-2012-000009-FJI,0.3683005583460197,4.592231491850548e-05,1.0988887127745661,5.046351352842475e-05
FL-2021-000108-SSD,FL-2021-000108-SSD,0.369312899150595,4.7200300879280965e-05,1.0642062462831952,5.0230855022176994e-05
FF-2013-000118-BEN,FF-2013-000118-BEN,0.3644250196179615,4.1312536291320035e-05,1.2075093409994648,4.988527347214833e-05
FL-2010-000151-COD,FL-2010-000151-COD,0.36865211036171197,4.636254243062284e-05,1.0701901252471506,4.961673509060459e-05
FL-2022-000349-CMR,FL-2022-000349-CMR,0.3647922854009149,4.173077529007138e-05,1.1868126206379996,4.95266107832651e-05
FF-2012-000115-RUS,FF-2012-000115-RUS,0.3635593983837301,4.0341659629256096e-05,1.2274737437024292,4.9518327972292136e-05
FL-2009-000217-IND,FL-2009-000217-IND,0.3835506266470721,6.890122865252195e-05,0.7154666505101737,4.929653128005548e-05
FL-2014-000152-ETH,FL-2014-000152-ETH,0.36946510842134034,4.7395194216765794e-05,1.0270658582017673,4.8677985822882e-05
FL-2005-000168-NPL,FL-2005-000168-NPL,0.3743371681525679,5.402932054646267e-05,0.9001866293184169,4.8636471947084515e-05
FL-2009-000010-FJI,FL-2009-000010-FJI,0.36867577680224584,4.6392314493625036e-05,1.0467452570561262,4.8560935160058185e-05
FL-2001-000571-PRK,FL-2001-000571-PRK,0.3730896001633749,5.2255430855585456e-05,0.9280032109549476,4.849320762381755e-05
FL-2019-000133-SOM,FL-2019-000133-SOM,0.3685846390394916,4.6277758785594704e-05,1.0457655373343704,4.839568528304782e-05
FL-2003-000455-NGA,FL-2003-000455-NGA,0.37003462894255024,4.81308670592905e-05,1.0019534687985443,4.82248892063377e-05
FL-2010-000141-PAK,FL-2010-000141-PAK,0.3673909803207727,4.480071023201365e-05,1.0692104601626595,4.7901388002785284e-05
FL-1997-000301-UGA,FL-1997-000301-UGA,0.37146154762053324,5.0019418439844165e-05,0.9567646009320045,4.785680892244845e-05
FL-2013-000103-YEM,FL-2013-000103-YEM,0.3623631199430956,3.903371642770532e-05,1.2259024872779882,4.785153005642762e-05
FL-2024-000074-ETH,FL-2024-000074-ETH,0.36660977281314144,4.385714723629758e-05,1.0897711550904126,4.779425400267031e-05
FL-2013-000123-CMR,FL-2013-000123-CMR,0.3727509631625258,5.1783063892782885e-05,0.9165585894511755,4.746221199902918e-05
FF-2008-000063-PHL,FF-2008-000063-PHL,0.3729640778052713,5.207988848551283e-05,0.9110661229691897,4.7448222087163916e-05
FL-2006-000009-GUY,FL-2006-000009-GUY,0.37063563697486074,4.8918344170825365e-05,0.9682281522146716,4.7364117985919594e-05
FL-2013-000055-UGA,FL-2013-000055-UGA,0.36935082135556624,4.724879002764113e-05,1.0009376405503114,4.72930924091242e-05
Mali: Floods - Sep 1989,Mali: Floods - Sep 1989,0.3706531189013721,4.894142258940328e-05,0.9644742111394081,4.720273994395514e-05
FL-2010-000208-RUS,FL-2010-000208-RUS,0.35878830477197654,3.534945979872015e-05,1.3220723863339372,4.673454467170953e-05
Bangladesh: Floods - Jul 1999,Bangladesh: Floods - Jul 1999,0.3671933434951438,4.456028879334985e-05,1.0482356036464253,4.670968122195612e-05
FL-2019-000083-NPL,FL-2019-000083-NPL,0.36518996709561974,4.2187945476424184e-05,1.0942813443525146,4.616548169141204e-05
Cuba: Floods - Jun 1993,Cuba: Floods - Jun 1993,0.3656014473157684,4.266571845425263e-05,1.0819582611621117,4.61625265499954e-05
FL-2022-000217-BGD,FL-2022-000217-BGD,0.36805017806162066,4.5611076428721934e-05,1.0110307901265791,4.6114202640254524e-05
FL-2005-000100-KGZ,FL-2005-000100-KGZ,0.36045219436202397,3.702343738219745e-05,1.2450017166675804,4.609424309777049e-05
FL-2003-000196-ARG,FL-2003-000196-ARG,0.36850245903864,4.617468089324428e-05,0.9957341344638851,4.597770591338069e-05
FL-1997-000207-SYC,FL-1997-000207-SYC,0.3636243005870098,4.041373497508957e-05,1.1353708825085123,4.588457794413258e-05
FL-2009-000089-BRA,FL-2009-000089-BRA,0.37351016169762363,5.284747196619216e-05,0.8672804440779367,4.5833578955235444e-05
FL-2023-000168-LBY,FL-2023-000168-LBY,0.36263073428678977,3.932295024004786e-05,1.1504384598927777,4.5238634312600996e-05
FL-2008-000126-TCD,FL-2008-000126-TCD,0.36480407224381994,4.174426092660993e-05,1.083157735234383,4.521561912429996e-05
FL-2022-000305-GIN,FL-2022-000305-GIN,0.35597558901968374,3.2673990095015594e-05,1.381125092626501,4.512686759645579e-05
China: Floods in Shanxi Province - Aug 1988,China: Floods in Shanxi Province - Aug 1988,0.3653202898870651,4.233874065024726e-05,1.0515735249110678,4.452229874587603e-05
FL-2017-000149-TGO,FL-2017-000149-TGO,0.3608415130143514,3.7425270807256375e-05,1.1893964633714496,4.4513484738869486e-05
FL-2011-000002-BRA,FL-2011-000002-BRA,0.37264077021292874,5.163018585177125e-05,0.861750148294607,4.4492320314241995e-05
FL-2006-000091-PRK,FL-2006-000091-PRK,0.37477286698052553,5.466148304412532e-05,0.8137351057804316,4.4479967687026585e-05
FL-2021-000066-GUY,FL-2021-000066-GUY,0.36590718464702265,4.3023859846128554e-05,1.0204156206178399,4.390221864626223e-05
FL-2016-000122-SRB,FL-2016-000122-SRB,0.359675065954298,3.623291866817527e-05,1.2064462530292113,4.371306896353222e-05
FL-2021-000161-IND,FL-2021-000161-IND,0.3657961631277802,4.2893497339161435e-05,1.010338230289432,4.333694019257282e-05
FF-2013-000100-RUS,FF-2013-000100-RUS,0.36210616119252187,3.8757802334411774e-05,1.1177984678138433,4.332341206523728e-05
FL-2005-000090-TJK,FL-2005-000090-TJK,0.35720595705182306,3.382103775127078e-05,1.278206249426741,4.323026181577204e-05
FL-2022-000336-VNM,FL-2022-000336-VNM,0.36011502206338514,3.667856885727501e-05,1.1722090372300906,4.299494988716392e-05
FL-2007-000227-ZWE,FL-2007-000227-ZWE,0.36783520170901723,4.534536346358402e-05,0.9473870176389487,4.295960865551901e-05
FL-2022-000213-IND,FL-2022-000213-IND,0.36254479741937323,3.9229861337704015e-05,1.0948177964063617,4.294955034307223e-05
FL-2011-000093-BGD,FL-2011-000093-BGD,0.3683222755150815,4.594940060508862e-05,0.9269344239735141,4.2592081181806064e-05
FL-2000-000408-VNM,FL-2000-000408-VNM,0.3614883367450973,3.810157210713835e-05,1.1142401773728954,4.2454302462844e-05
FL-2024-000015-ECU,FL-2024-000015-ECU,0.36220846449092503,3.886744133599059e-05,1.0902025804351165,4.2373384839407455e-05
FL-2007-000209-PNG,FL-2007-000209-PNG,0.3587871604061617,3.534833233352075e-05,1.1865949732954428,4.194415346133249e-05
FL-2006-000065-TZA,FL-2006-000065-TZA,0.3681026298018999,4.567611960241802e-05,0.9152295890668976,4.180413617389151e-05
FL-2024-000148-GIN,FL-2024-000148-GIN,0.3649836997251512,4.1950263371733056e-05,0.994415026402329,4.171597225838658e-05
FL-2013-000004-KEN,FL-2013-000004-KEN,0.3670915964862576,4.443696883223006e-05,0.935073356510655,4.1551825599112725e-05
FL-2005-000104-IND,FL-2005-000104-IND,0.3829846045834074,6.78911496898845e-05,0.6116122238015762,4.152305703827595e-05
Niger: Floods - Aug 1994,name=Niger: Floods - Aug 1994,0.355332803591068,3.2088766653149224e-05,1.2931727617169873,4.149631899294495e-05
ST-2012-000077-CHN,ST-2012-000077-CHN,0.36399321076460145,4.082562407443075e-05,1.0110575814870275,4.127705673939252e-05
FL-2007-000023-IDN,FL-2007-000023-IDN,0.36750774067976044,4.494329496151778e-05,0.916897628320032,4.12084005591033e-05
FL-2008-000038-ARG,FL-2008-000038-ARG,0.36431311658314036,4.118585411822533e-05,0.9962518718082016,4.1031484257301516e-05
FL-2015-000071-GEO,FL-2015-000071-GEO,0.36231615679918916,3.898315727310349e-05,1.0505572323321797,4.095403781240168e-05
FL-2011-000084-IND,FL-2011-000084-IND,0.3707716514344679,4.9098159600142696e-05,0.8290193075518719,4.070332227378159e-05
FL-2015-000093-GUY,FL-2015-000093-GUY,0.36259715658301983,3.9286554418714425e-05,1.034221533733351,4.0631000566021586e-05
ST-2015-000041-PRY,ST-2015-000041-PRY,0.36652374486436146,4.375434149820325e-05,0.9269775136144309,4.0559290691841166e-05
FL-2003-000051-PER,FL-2003-000051-PER,0.36501190665286964,4.198269494736405e-05,0.9636886445289713,4.045824638749856e-05
FL-2012-000138-NGA,FL-2012-000138-NGA,0.3559812460345278,3.267918287989598e-05,1.2369286645182986,4.042181803717898e-05
FL-2009-000265-MAR,FL-2009-000265-MAR,0.36164733392752163,3.82694903120345e-05,1.0552948747389153,4.038559698516058e-05
FL-2007-000200-MEX,FL-2007-000200-MEX,0.36076163756169244,3.734250914181429e-05,1.0804286921791404,4.034591831477801e-05
FL-2007-000076-KEN,FL-2007-000076-KEN,0.3656432950788131,4.271457998999682e-05,0.9420505534012065,4.0239293717876605e-05
FL-2011-000137-VNM,FL-2011-000137-VNM,0.35758243753026986,3.417919304947963e-05,1.1760511302101604,4.019647861551177e-05
FL-2007-000231-BOL,FL-2007-000231-BOL,0.36317302013641356,3.991496715280075e-05,1.0056777966466628,4.0141596219452573e-05
FL-2009-000178-GIN,FL-2009-000178-GIN,0.3608143445733546,3.739710215721806e-05,1.068515319346453,3.995937655415177e-05
FL-2015-000169-KEN,FL-2015-000169-KEN,0.3614590874650514,3.807075402128983e-05,1.0437478752458738,3.973626861872956e-05
Ethiopia: Floods - May 1995,Ethiopia: Floods - May 1995,0.3598484703125674,3.6407982081686196e-05,1.0908091701249307,3.971416072044747e-05
FL-2006-000172-COG,FL-2006-000172-COG,0.3612577556635337,3.785923160016208e-05,1.0447518399142948,3.9553501872010745e-05
FL-2016-000045-ETH,FL-2016-000045-ETH,0.3624302291845324,3.910606670651133e-05,1.0095022581351816,3.947766264700823e-05
FL-2002-000734-MAR,FL-2002-000734-MAR,0.36012105984629983,3.6684718946332816e-05,1.0757011498710427,3.946179435326624e-05
FL-2015-000110-ARG,FL-2015-000110-ARG,0.3534758478826325,3.0450711801371424e-05,1.2876324492768365,3.920932461902296e-05
FL-2005-000094-AFG,FL-2005-000094-AFG,0.3588068130391834,3.536769922111906e-05,1.1022905778568743,3.8985481611915455e-05
FL-2010-000115-MMR,FL-2010-000115-MMR,0.36298782425543796,3.9711891831941494e-05,0.9799014922135285,3.8913742064741704e-05
FF-2022-000209-AFG,FF-2022-000209-AFG,0.3592376645369677,3.579469309111612e-05,1.0750035318817837,3.8479421495574305e-05
FL-2012-000174-BEN,FL-2012-000174-BEN,0.3532018771983357,3.0215517097799412e-05,1.269611453402573,3.836196657784741e-05
FL-2021-000051-SOM,FL-2021-000051-SOM,0.35512438615253816,3.190104871982651e-05,1.1926575207202363,3.8047025674563756e-05
FL-2020-000165-NPL,FL-2020-000165-NPL,0.3586410812107965,3.520467597896918e-05,1.0774034394387852,3.792963898406938e-05
FL-2025-000060-HTI,FL-2025-000060-HTI,0.3554103551700306,3.21588693843586e-05,1.177091149533168,3.7853920531321665e-05
FL-2023-000001-COG,FL-2023-000001-COG,0.35706536923981985,3.368816165570773e-05,1.1236428229072688,3.7853461061375844e-05
FL-2023-000018-MOZ,FL-2023-000018-MOZ,0.3576209824894384,3.4216053775669084e-05,1.105614086557909,3.782975104080266e-05
FL-2024-000035-IRQ,FL-2024-000035-IRQ,0.362987103780125,3.971110361866728e-05,0.9517697258080438,3.7795826202673774e-05
Iran: Floods - Dec 1990,Iran: Floods - Dec 1990,0.36522453187614917,4.222789285854404e-05,0.8898231756341812,3.757535772372962e-05
FL-2013-000028-NAM,FL-2013-000028-NAM,0.3592709930549053,3.5827915728144295e-05,1.0440048847146737,3.740451902932833e-05
FL-2024-000177-NPL,FL-2024-000177-NPL,0.3548147588447634,3.16239972901436e-05,1.1822831865149188,3.7388520286530136e-05
FL-2021-000097-BGD,FL-2021-000097-BGD,0.35521155638973045,3.1979440848491474e-05,1.167269358243163,3.732862139619384e-05
FL-2023-000229-ETH,FL-2023-000229-ETH,0.364110965051325,4.0957890189575456e-05,0.9110164433296456,3.7313311446793214e-05
Benin: Floods - Sep 1988,Benin: Floods - Sep 1988,0.36262376869780205,3.931539754777995e-05,0.9477795775541555,3.7262330879208564e-05
FL-2006-000010-BOL,FL-2006-000010-BOL,0.3666183094572526,4.38673606053437e-05,0.8447911998200817,3.705876019872849e-05
FL-2002-000478-PRK,FL-2002-000478-PRK,0.3652167901861786,4.221894263629855e-05,0.874770461579816,3.693188393736665e-05
FL-2004-000063-PRK,FL-2004-000063-PRK,0.3615024169063614,3.811641547183546e-05,0.9650636272415313,3.678476617269475e-05
FL-2010-000102-CRI,FL-2010-000102-CRI,0.36241861242856266,3.909353408426701e-05,0.9388100029975206,3.6701400850834384e-05
FL-2011-000164-CAF,FL-2011-000164-CAF,0.3630304246147576,3.9758522447965594e-05,0.9191458685754219,3.654388164871075e-05
FL-2009-000208-AZE,FL-2009-000208-AZE,0.36233097123458874,3.8999099695940147e-05,0.9365765261408021,3.652564131584243e-05
FL-2017-000052-RUS,FL-2017-000052-RUS,0.35025770712426474,2.778926136587562e-05,1.3124180785283346,3.647112900552416e-05
FL-2000-000476-NPL,FL-2000-000476-NPL,0.36793523980134984,4.546883776198759e-05,0.8017257032301318,3.645353592978627e-05
India: Floods - Oct 1996,India: Floods - Oct 1996,0.37900680437241513,6.116036519888149e-05,0.5918800598424082,3.6199600613897515e-05
FL-2009-000117-GTM,FL-2009-000117-GTM,0.360514678069716,3.708766689961282e-05,0.9753116506378312,3.6172033622167433e-05
FF-2007-000049-TJK,FF-2007-000049-TJK,0.36067691430989784,3.7254904555517565e-05,0.9615243720808555,3.582149870967623e-05
Brazil: Floods - Jan 1985,Brazil: Floods - Jan 1985,0.3547519614955181,3.156807170503955e-05,1.1328349068786117,3.5761413570315816e-05
FL-2002-000350-CHN,FL-2002-000350-CHN,0.3718599275668605,5.055845612153158e-05,0.706219895185805,3.570538758290416e-05
FL-2016-000097-PRK,FL-2016-000097-PRK,0.35790046188255553,3.448439321842845e-05,1.034797506250793,3.568436410700152e-05
FL-2017-000139-ETH,FL-2017-000139-ETH,0.3511628064978004,2.8515770615920394e-05,1.2467115336640937,3.555094011818761e-05
FL-2024-000159-NGA,FL-2024-000159-NGA,0.354520328011317,3.136255417605484e-05,1.132341007881133,3.551310620544057e-05
FL-1992-000008-PAK,FL-1992-000008-PAK,0.3571624758357211,3.3779891332818876e-05,1.0486466674608446,3.5423170473349985e-05
FF-2016-000093-LAO,FF-2016-000093-LAO,0.3559466727506211,3.26474583712866e-05,1.0828034294739801,3.5350779888038134e-05
FL-2010-000149-GTM,FL-2010-000149-GTM,0.3503936403680954,2.7897298628095753e-05,1.266258028789791,3.532517836937267e-05
FL-2002-000376-RUS,FL-2002-000376-RUS,0.3603332868692244,3.690148404937776e-05,0.9555833880945447,3.52624451536212e-05
FL-2005-000065-GEO,FL-2005-000065-GEO,0.3534472188018426,3.0426057833437583e-05,1.1559686487957939,3.5171568961901524e-05
FL-2018-000414-IRQ,FL-2018-000414-IRQ,0.34908312609152387,2.687129302520803e-05,1.279393971195808,3.437897029468712e-05
FL-2001-000146-AGO,FL-2001-000146-AGO,0.3602998366075778,3.6867242173204705e-05,0.931842117402311,3.4354449009462854e-05
FL-2004-000022-AFG,FL-2004-000022-AFG,0.35500923243600463,3.1797756218663285e-05,1.0740305380391386,3.41517612199683e-05
FL-2006-000171-HTI,FL-2006-000171-HTI,0.3554734646030383,3.221601883023909e-05,1.0599993219511736,3.4148958116019674e-05
FL-2023-000041-PRY,FL-2023-000041-PRY,0.36249870778510557,3.9180017678131034e-05,0.8705618226000267,3.4108627599375016e-05
FL-2011-000135-THA,FL-2011-000135-THA,0.3515146122386916,2.880274176906505e-05,1.1754815142398911,3.385709050896114e-05
FL-2020-000210-VNM,FL-2020-000210-VNM,0.3510418078887987,2.8417667300980053e-05,1.1895555246609049,3.3804393135856365e-05
FL-2015-000092-BRA,FL-2015-000092-BRA,0.35710736799992593,3.3727807341386504e-05,0.9951769503164747,3.356513645086263e-05
FL-2007-000217-SRB,FL-2007-000217-SRB,0.3541207015802134,3.1010813538596335e-05,1.0803231417321983,3.350169950968779e-05
FL-2007-000154-MEX,FL-2007-000154-MEX,0.3554235980458323,3.217085404722042e-05,1.041257826944866,3.349815357616919e-05
Nigeria: Floods - Sep 1994,Nigeria: Floods - Sep 1994,0.35821898654659134,3.479252986566736e-05,0.9617582522941903,3.346200271649766e-05
FL-2018-000120-NGA,FL-2018-000120-NGA,0.35588302146832645,3.2589124319211544e-05,1.0265078744630958,3.345299273552743e-05
FL-2016-000025-SRB,FL-2016-000025-SRB,0.34973270221187436,2.7375523618819705e-05,1.220904970189552,3.342291284775845e-05
Tanzania: Floods - May 1995,Tanzania: Floods - May 1995,0.3564002321519061,3.306585694952718e-05,1.0095645424628938,3.3382116742392906e-05
FL-2022-000164-ECU,FL-2022-000164-ECU,0.3503043402993509,2.7826282055251806e-05,1.1990142284011243,3.336410810774979e-05
Iran: Floods - Dec 1986,Iran: Floods - Dec 1986,0.36372163632876225,4.0522045741600966e-05,0.8224805158651762,3.332859308546423e-05
FL-2011-000115-KEN,FL-2011-000115-KEN,0.3531805387485534,3.0197267561800978e-05,1.1017053333721223,3.326849072610112e-05
FL-2008-000234-BRA,FL-2008-000234-BRA,0.3571149752712135,3.3734992888381504e-05,0.9860207753496221,3.326340384421592e-05
FL-2019-000011-IDN,FL-2019-000011-IDN,0.35694039297752805,3.35704354409002e-05,0.9907720767246441,3.3260650038331285e-05
FL-2009-000234-PHL,FL-2009-000234-PHL,0.35075110553199046,2.8183211872724722e-05,1.1779017439562212,3.3197054415170125e-05
FF-2012-000079-GEO,FF-2012-000079-GEO,0.35342162541520794,3.040403326712737e-05,1.0903447996921118,3.31508795624783e-05
FL-2003-000293-TLS,FL-2003-000293-TLS,0.35373412982072405,3.067394572084622e-05,1.0697950005147083,3.281483377822082e-05
FL-2021-000190-EGY,FL-2021-000190-EGY,0.3514917566563177,2.8784019621145377e-05,1.1389708836250705,3.278416026217732e-05
FL-1991-000011-CHN,FL-1991-000011-CHN,0.3599648816670009,3.652593388948375e-05,0.8927290395029112,3.260776187810566e-05
FL-2007-000181-HTI,FL-2007-000181-HTI,0.3562566879665311,3.2932921620416474e-05,0.9891914221912965,3.257696357461427e-05
FL-2003-000204-KEN,FL-2003-000204-KEN,0.35153091426151273,2.8816102265054253e-05,1.1287613663778198,3.252650296638563e-05
FL-2023-000079-BIH,FL-2023-000079-BIH,0.34964868157331586,2.7309827047521572e-05,1.1840473487984016,3.23361283117608e-05
FL-2024-000043-CUB,FL-2024-000043-CUB,0.3462746001614623,2.4785995396136885e-05,1.300069557704207,3.222351807191419e-05
FL-2010-000176-MRT,FL-2010-000176-MRT,0.349738790767176,2.73802898430456e-05,1.1720801829873777,3.2091895129484324e-05
FL-2002-000510-MEX,FL-2002-000510-MEX,0.3601053714436138,3.6668740657496674e-05,0.867985419385465,3.1827932237934104e-05
Burundi: Floods - Feb 1989,Burundi: Floods - Feb 1989,0.3699503559662254,4.802136441499687e-05,0.6606774662799159,3.1726633369004644e-05
FL-2023-000135-CMR,FL-2023-000135-CMR,0.3545812441237609,3.141648515347552e-05,1.007577538281096,3.1654544772383466e-05
FL-2002-000322-CHL,FL-2002-000322-CHL,0.3521153814516603,2.929880907126725e-05,1.0722116253519196,3.141452369517903e-05
FL-2012-000164-CAF,FL-2012-000164-CAF,0.3502892035466383,2.7814260575336375e-05,1.1283063800150515,3.138300766255315e-05
FF-2013-000088-AFG,FF-2013-000088-AFG,0.3495752362783221,2.7252515708508123e-05,1.1438540269668271,3.117289983815373e-05
FL-2006-000145-GIN,FL-2006-000145-GIN,0.349508806207139,2.7200771791224382e-05,1.1375018543000035,3.094092835090896e-05
FL-2010-000240-VEN,FL-2010-000240-VEN,0.3442586911149222,2.3380249003275897e-05,1.3225182541317935,3.0920806092979044e-05
FL-2003-000316-IND,FL-2003-000316-IND,0.36778467891065586,4.528311930775381e-05,0.6806493039297219,3.082192363658918e-05
FL-2022-000356-ETH,FL-2022-000356-ETH,0.3544005437334685,3.1256748279288365e-05,0.9852801574957187,3.0796653867421275e-05
FL-2001-000332-IND,FL-2001-000332-IND,0.36872563047295814,4.6455086045036535e-05,0.6620849087194431,3.075721140368189e-05
India-Manipur: Floods - Apr 2004,India-Manipur: Floods - Apr 2004,0.3790664576578874,6.125669597283544e-05,0.5,3.062834798641772e-05
FL-2010-000107-PHL,FL-2010-000107-PHL,0.3519881155049464,2.919308571707297e-05,1.0440934584066572,3.0480309827900707e-05
FL-2005-000002-GUY,FL-2005-000002-GUY,0.3519452975495988,2.9157592921858566e-05,1.0423752684972483,3.0393153750655787e-05
FL-2023-000259-COG,FL-2023-000259-COG,0.347217380990332,2.5469156932601747e-05,1.1831497507677173,3.0133826677071636e-05
Iran: Floods - Nov 1994,Iran: Floods - Nov 1994,0.36149863279975414,3.8112425739572276e-05,0.7892158406827257,3.0078930120514485e-05
Brazil: Floods - Apr 1989,Brazil: Floods - Apr 1989,0.3521857894269379,2.935744686752226e-05,1.0184196369495275,2.9898200380587066e-05
FL-2009-000007-ZWE,FL-2009-000007-ZWE,0.3487828057742377,2.6641009061008503e-05,1.1194722766288485,2.982387106521697e-05
FL-2016-000026-PNG,FL-2016-000026-PNG,0.3459100410785958,2.4526280395174078e-05,1.213394111780414,2.9760044215379628e-05
2012-000020-MDG,2012-000020-MDG,0.3501170006627463,2.7677827196702065e-05,1.0660663642203847,2.9506400609108253e-05
FL-2018-000140-MLI,FL-2018-000140-MLI,0.3533376522587265,3.0331870321111415e-05,0.9723384285301737,2.949284312241049e-05
FL-2022-000290-SEN,FL-2022-000290-SEN,0.3534754085875081,3.045033336605545e-05,0.9602028308095506,2.9238496297180958e-05
LS-2010-000040-UGA,LS-2010-000040-UGA,0.3578070826023441,3.4394526060530386e-05,0.848757747990263,2.9192620482328184e-05
FL-2009-000133-ZAF,FL-2009-000133-ZAF,0.34923426552450365,2.698786221994364e-05,1.0731148513908544,2.8961075755511672e-05
FL-2015-000024-ARG,FL-2015-000024-ARG,0.3476348343502503,2.5777030142183e-05,1.1150032385892976,2.874147208974799e-05
FL-2023-000036-PER,FL-2023-000036-PER,0.3489056850003429,2.6735016603042543e-05,1.0717795343349823,2.8654043645246956e-05
FL-2019-000047-GEO,FL-2019-000047-GEO,0.3454612662825396,2.4209934021680326e-05,1.178251681752609,2.8525395476164548e-05
FL-2014-000121-CMR,FL-2014-000121-CMR,0.35139462814560196,2.8704578924014245e-05,0.9936971551564651,2.852365841675718e-05
FL-2004-000059-AFG,FL-2004-000059-AFG,0.34926376057876257,2.7010663850057127e-05,1.05356410211551,2.84574658067293e-05
FF-2023-000133-AFG,FF-2023-000133-AFG,0.34454990416917075,2.3578780231840677e-05,1.1905710968816803,2.8072214243754636e-05
FL-2009-000121-CZE,FL-2009-000121-CZE,0.3568679935641468,3.350240552163182e-05,0.8338900564640452,2.7937322832114896e-05
FL-2012-000056-PRY,FL-2012-000056-PRY,0.3435416962006909,2.289784209116049e-05,1.2200522670934264,2.793656415486764e-05
FL-2019-000093-NGA,FL-2019-000093-NGA,0.3364765962105554,1.860152801018873e-05,1.4999999960810835,2.790229194238526e-05
FL-2012-000151-TCD,FL-2012-000151-TCD,0.3458576041076654,2.4489126027341817e-05,1.1222690061354306,2.7483387127830207e-05
FL-2023-000217-PRY,FL-2023-000217-PRY,0.3429485365976161,2.2505545297073045e-05,1.2209609052027184,2.7478390957995087e-05
FL-2014-000073-RUS,FL-2014-000073-RUS,0.34194730868148215,2.185706779780191e-05,1.256795117141143,2.7469856083300353e-05
FL-2009-000164-SEN,FL-2009-000164-SEN,0.3478029562692351,2.590196374493216e-05,1.0544185483611912,2.7311511011635574e-05
Brazil: Floods - Jul 1989,Brazil: Floods - Jul 1989,0.35111960566541645,2.8480709292656678e-05,0.9575164169657181,2.7270746714546852e-05
FL-2001-000492-VNM,FL-2001-000492-VNM,0.34858267999678916,2.64885414679586e-05,1.0278730882613472,2.7226858922209365e-05
FL-2022-000201-ZAF,FL-2022-000201-ZAF,0.34914667049280357,2.6920247543073008e-05,1.0098830260946445,2.7186301052015487e-05
FL-1999-000244-VNM,FL-1999-000244-VNM,0.3449798980395995,2.387469845099064e-05,1.132847715441496,2.704639759705937e-05
FL-2020-000126-ETH,FL-2020-000126-ETH,0.34006548701297556,2.0683573766326068e-05,1.305209086561218,2.699638842236802e-05
FL-1994-000007-VNM,FL-1994-000007-VNM,0.3460062628516722,2.4594590597704618e-05,1.0899814138986574,2.6807646633944706e-05
FL-2005-000184-VNM,FL-2005-000184-VNM,0.3446512795039813,2.364824691855863e-05,1.1335707457861832,2.6806960896006315e-05
FL-2014-000123-SSD,FL-2014-000123-SSD,0.3416234435912431,2.1650935237196793e-05,1.229472017724319,2.66192190316949e-05
FL-2014-000038-ZAF,FL-2014-000038-ZAF,0.34658091581165074,2.5006127991188263e-05,1.0594723567177176,2.6493301355209113e-05
India: Floods - Nov 1992,India: Floods - Nov 1992,0.3715106727190277,5.008560757072233e-05,0.5284357881003552,2.646702750911977e-05
FL-2012-000210-MWI,FL-2012-000210-MWI,0.3463936214025016,2.4871321524056294e-05,1.055907660515866,2.626181892440418e-05
FL-2001-000696-BRA,FL-2001-000696-BRA,0.3522404727970343,2.9403061606285563e-05,0.8900444318591507,2.6170031262286042e-05
FL-2021-000091-PHL,FL-2021-000091-PHL,0.34877032617641757,2.663147832879572e-05,0.9804501633100483,2.6110837276655776e-05
FL-2020-000193-SSD,FL-2020-000193-SSD,0.3518486882688303,2.90776538782785e-05,0.8956131601804282,2.6042329480557694e-05
FL-2009-000124-VNM,FL-2009-000124-VNM,0.34282308808964107,2.2423356747715325e-05,1.1555969844310696,2.5912363438481908e-05
FL-2011-000183-TZA,FL-2011-000183-TZA,0.34312949395612224,2.262457853945308e-05,1.1441136258848459,2.5885088586890136e-05
Haiti: Floods - Jun 1986,Haiti: Floods - Jun 1986,0.35507711934303376,3.185861406753143e-05,0.806982556058804,2.570934581270748e-05
FL-2020-000192-TCD,FL-2020-000192-TCD,0.33922224737094475,2.017638101265204e-05,1.2732702189198974,2.5689985068990724e-05
FL-2016-000021-PAK,FL-2016-000021-PAK,0.34080055991753466,2.113503620782371e-05,1.2119023313188628,2.561359965277013e-05
FL-2014-000019-BDI,FL-2014-000019-BDI,0.35695143711714067,3.35808239598167e-05,0.7596781974796384,2.55106198156746e-05
FL-2023-000155-KGZ,FL-2023-000155-KGZ,0.33804661989023116,1.948794198481687e-05,1.3078043445548737,2.548641519417683e-05
Afghanistan: Floods - May 1996,Afghanistan: Floods - May 1996,0.3363265407617119,1.8518738724042544e-05,1.3761994142384775,2.5485477384462758e-05
FL-2002-000614-LAO,FL-2002-000614-LAO,0.34242471869548663,2.216414979088869e-05,1.1496745971340228,2.548155998165809e-05
FL-2016-000091-NER,FL-2016-000091-NER,0.347730724578371,2.584822081190637e-05,0.9800336913410537,2.5332127256891247e-05
FL-2001-000314-GHA,FL-2001-000314-GHA,0.3466570264085872,2.506109677775129e-05,1.0103874531958326,2.532141774756641e-05
FL-2009-000268-AGO,FL-2009-000268-AGO,0.3528266345236885,2.9896036939725218e-05,0.8462892322451147,2.530069414889164e-05
FL-2014-000045-SLB,FL-2014-000045-SLB,0.34082788352127025,2.1151987287594504e-05,1.1890977676758543,2.5151780865586673e-05
FL-2011-000161-SOM,FL-2011-000161-SOM,0.34731692911456324,2.55422719471201e-05,0.9834528228611097,2.5119619448681397e-05
FL-2003-000273-TJK,FL-2003-000273-TJK,0.34596721288512555,2.4566847448918353e-05,1.0016291954033019,2.4606871643855748e-05
FL-2022-000376-COD,FL-2022-000376-COD,0.3412461669453307,2.1413014867764714e-05,1.149086862190552,2.460541406443939e-05
FL-2007-000138-UGA,FL-2007-000138-UGA,0.34464818190870294,2.3646121589573388e-05,1.0368375020093747,2.4517185641143218e-05
FL-2000-000375-CHL,FL-2000-000375-CHL,0.34541119515789986,2.41748670430402e-05,1.0133991498781652,2.4498789709834613e-05
FL-2010-000036-CYP,FL-2010-000036-CYP,0.34291105875458944,2.2480963048120442e-05,1.084509140610344,2.438080991541e-05
FL-2022-000287-TCD,FL-2022-000287-TCD,0.3434918695744863,2.2864653169056365e-05,1.0617334466933017,2.4276167016629137e-05
Peru: Floods - Feb 1987,Peru: Floods - Feb 1987,0.3493343632793968,2.7065314853526473e-05,0.8908312469140471,2.411062817908827e-05
Peru: Floods-Drought-Frost - Feb 2004,Peru: Floods-Drought-Frost - Feb 2004,0.34246781691747286,2.2192061813651274e-05,1.08397834468022,2.405571442980283e-05
Indonesia: Floods - May 1995,Indonesia: Floods - May 1995,0.348975808747508,2.678879778524287e-05,0.8969278164319343,2.4027617902354526e-05
FL-2006-000106-MRT,FL-2006-000106-MRT,0.34881678111858194,2.666697176077174e-05,0.8996315305030165,2.3990448619023802e-05
Togo: Floods - Oct 1995,Togo: Floods - Oct 1995,0.3521394775600955,2.9318865131387603e-05,0.8151788237675379,2.3900117992003627e-05
India: Floods - Jun 1996,India: Floods - Jun 1996,0.3646618057928656,4.158175186909349e-05,0.5746164560457379,2.3893558895191737e-05
FF-2017-000122-CMR,FF-2017-000122-CMR,0.34051825061693997,2.0960610884864164e-05,1.1398719755326612,2.3892412937701517e-05
Algeria: Floods - Nov 1994,Algeria: Floods - Nov 1994,0.3422888822199624,2.2076383601952114e-05,1.0762250844313983,2.375915780595085e-05
FL-2002-000808-MWI,FL-2002-000808-MWI,0.34599872423675904,2.458923257415977e-05,0.9632105028592333,2.3684607072679072e-05
FL-2015-000065-GHA,FL-2015-000065-GHA,0.34245982312591894,2.2186882346410306e-05,1.0654801946479941,2.3639683721085396e-05
Malaysia: Floods - Dec 1993,Malaysia: Floods - Dec 1993,0.3387014256201486,1.986873632146162e-05,1.1835292726936872,2.3515231047882118e-05
FL-2022-000265-YEM,FL-2022-000265-YEM,0.3399752496366448,2.0628754786055485e-05,1.135758587937564,2.3429285406720642e-05
Bolivia: Floods - Jan 1986,Bolivia: Floods - Jan 1986,0.3483420993391506,2.6306292732356955e-05,0.8841657020196967,2.3259121781240032e-05
FL-2006-000071-ROM,FL-2006-000071-ROM,0.343145451205374,2.2635102309854042e-05,1.0212196594192295,2.3115411471788562e-05
FL-2011-000131-GIN,FL-2011-000131-GIN,0.3375154317072392,1.9183875271806706e-05,1.2042646272999216,2.3102462404370484e-05
FL-2019-000014-MWI,FL-2019-000014-MWI,0.33765240726560974,1.926187247944262e-05,1.1917966025751183,2.2956234180234884e-05
FL-2006-000169-SOM,FL-2006-000169-SOM,0.3453962377572459,2.416440059830042e-05,0.9442290549591343,2.2816729140587144e-05
FL-2022-000190-TUN,FL-2022-000190-TUN,0.34051660438622955,2.095959756911353e-05,1.0842181471624253,2.2724776041654343e-05
FL-2020-000052-COD,FL-2020-000052-COD,0.3400470579139254,2.067236749282039e-05,1.0988158099220888,2.2715124229630498e-05
FL-2021-000173-IDN,FL-2021-000173-IDN,0.34206358673105675,2.1931505867692927e-05,1.033714069822925,2.2670906187838216e-05
FL-2012-000169-SEN,FL-2012-000169-SEN,0.3443501279478562,2.344242239072279e-05,0.9642227294319949,2.2603716502080442e-05
Zambia: Floods - Apr 2004,Zambia: Floods - Apr 2004,0.3494055138229082,2.7120490582213458e-05,0.8301170229297365,2.2513180902500993e-05
FL-2010-000196-LKA,FL-2010-000196-LKA,0.33632420448756284,1.8517452370070435e-05,1.212821481693282,2.2458364020653604e-05
FL-2021-000110-YEM,FL-2021-000110-YEM,0.33800782459754997,1.946558855653286e-05,1.1524258360621629,2.243264716670445e-05
FL-2015-000017-PAK,FL-2015-000017-PAK,0.3416587800851817,2.1673340735644463e-05,1.0272519860341873,2.2263982314686428e-05
FL-1997-000199-BEN,FL-1997-000199-BEN,0.3455078802319673,2.424262093134067e-05,0.9183529478927861,2.2263282396944062e-05
FF-2008-000082-PHL,FF-2008-000082-PHL,0.34172896651820905,2.1717905124259433e-05,1.0221858264656736,2.2199734798544214e-05
FL-2005-000070-YEM,FL-2005-000070-YEM,0.34196938568176705,2.187118338510345e-05,1.0139259017870548,2.2175759336891064e-05
FL-2019-000118-SEN,FL-2019-000118-SEN,0.3411312566280116,2.1341018421739592e-05,1.0381953499928476,2.2156146089561742e-05
Peru: Floods - Mar 1986,Peru: Floods - Mar 1986,0.3395944761495522,2.0398872988054543e-05,1.083828272153741,2.2108875264526773e-05
FL-2018-000105-BGD,FL-2018-000105-BGD,0.34250826395440037,2.2218285601683423e-05,0.991882742040366,2.2037934046033734e-05
FF-2020-000221-SOM,FF-2020-000221-SOM,0.33189662810377074,1.6219161649749652e-05,1.35732395292219,2.2014656603522187e-05
FL-2005-000139-SLE,FL-2005-000139-SLE,0.3406761274989213,2.1057995052213818e-05,1.0426506939426599,2.1956133154231837e-05
FL-2009-000239-BRA,FL-2009-000239-BRA,0.3473166898611874,2.5542095996703232e-05,0.8575725982011251,2.1904201627395348e-05
FL-2010-000179-ETH,FL-2010-000179-ETH,0.3407869525655388,2.1126599008957552e-05,1.030549003575644,2.1771995557623392e-05
FL-1999-000531-COD,FL-1999-000531-COD,0.3417876923192623,2.1755256014794363e-05,0.9974869194859067,2.1700583304824475e-05
India: Floods - Jul 1993,India: Floods - Jul 1993,0.3435151809805418,2.2880175225609763e-05,0.9482412412603194,2.169592575618581e-05
FL-2002-000225-ETH,FL-2002-000225-ETH,0.3415725745596154,2.161871776394068e-05,1.0009847442519026,2.1640006671992226e-05
Nepal: Floods and Landslides - Jul 1993,name=Nepal: Floods and Landslides - Jul 1993,0.335697283213622,1.8175160945067913e-05,1.1890383157151128,2.161096275797465e-05
FL-2006-000124-UGA,FL-2006-000124-UGA,0.34508137796188665,2.394502174247978e-05,0.8965169259333157,2.146711728397438e-05
FF-2007-000113-GMB,FF-2007-000113-GMB,0.3348305053766294,1.771128956912831e-05,1.2095060640956095,2.1421912136814004e-05
FL-1998-000392-IND,FL-1998-000392-IND,0.3345137951774392,1.754447292397831e-05,1.2193931606788748,2.1393610291214852e-05
1996-10-01T00:00:00+00:00,1996-10-01T00:00:00+00:00,0.3452099030967496,2.4034354302393207e-05,0.8851967262744405,2.127513174659848e-05
ST-2010-000085-CHN,ST-2010-000085-CHN,0.3339597309980551,1.725603550245663e-05,1.2265270055929207,2.116499355323326e-05
FL-2003-000624-HTI,FL-2003-000624-HTI,0.34863493709598015,2.6528278052562197e-05,0.7906381692162378,2.0974269191937075e-05
FL-2021-000039-BDI,FL-2021-000039-BDI,0.34012575639226633,2.072026025346191e-05,1.0111286560166783,2.095084890239874e-05
Viet Nam: Floods - Oct 1995,Viet Nam: Floods - Oct 1995,0.33550721319656474,1.8072515948338858e-05,1.1585193691423241,2.0937359775284125e-05
FL-2019-000163-UGA,FL-2019-000163-UGA,0.3412965123785672,2.1444627340397156e-05,0.9750374650400142,2.0909315080708624e-05
FL-2010-000195-MLI,FL-2010-000195-MLI,0.34165976499597106,2.1673965528135956e-05,0.9643639910627344,2.0901591898869316e-05
FL-2023-000053-ECU,FL-2023-000053-ECU,0.3349922330895276,1.7797023703202913e-05,1.1701678124219697,2.0825504294398895e-05
FL-2010-000046-MOZ,FL-2010-000046-MOZ,0.3324086135832573,1.6471103254851313e-05,1.2621415706580152,2.0788864132548383e-05
FL-2019-000032-BOL,FL-2019-000032-BOL,0.3402594509755287,2.0801850419578887e-05,0.9989982238811052,2.078101162259973e-05
FL-2020-000172-MMR,FL-2020-000172-MMR,0.3487250576320563,2.6596932260290762e-05,0.7811222104463353,2.0775454518249765e-05
FL-2001-000620-DZA,FL-2001-000620-DZA,0.33037508527579396,1.549076559885004e-05,1.33508580894901,2.06815013207802e-05
FL-2024-000216-DOM,FL-2024-000216-DOM,0.3371871255263649,1.899808561268554e-05,1.0883570705604324,2.0676700803678733e-05
FL-2021-000126-MYS,FL-2021-000126-MYS,0.33876839147672294,1.990805447174907e-05,1.0369812416402933,2.0644279044756944e-05
FL-2002-000374-IND,FL-2002-000374-IND,0.35818121849419504,3.4755864505394045e-05,0.5937469444772157,2.0636188352741827e-05
FL-2007-000003-PHL,FL-2007-000003-PHL,0.3450356295749495,2.3913296100285566e-05,0.8623711432091048,2.0622136495901093e-05
FL-2020-000175-GEO,FL-2020-000175-GEO,0.3379609413921263,1.9438605755906237e-05,1.0606407542579777,2.0617377470667857e-05
FL-2008-000024-PHL,FL-2008-000024-PHL,0.34214888011346745,2.1986253369291936e-05,0.9337647066375215,2.0529987427435105e-05
FL-2008-000175-UGA,FL-2008-000175-UGA,0.34114942558439587,2.135238756399031e-05,0.9427683053348588,2.0130354238556256e-05
FL-2007-000107-TLS,FL-2007-000107-TLS,0.3391172937528264,2.0114043168600877e-05,0.9959528083511522,2.003263778106435e-05
FL-2017-000004-THA,FL-2017-000004-THA,0.33572745029936324,1.8191500470039047e-05,1.0982925831634236,1.997959004285782e-05
FL-2010-000114-BGD,FL-2010-000114-BGD,0.3368017541057283,1.8782069659385032e-05,1.0524339826166824,1.9766888373410544e-05
FL-2007-000189-NIC,FL-2007-000189-NIC,0.3375134802134865,1.9182766100634808e-05,1.0272245921975405,1.9705009084945394e-05
FL-2023-000056-TZA,FL-2023-000056-TZA,0.3310498326348635,1.5810067588589232e-05,1.243845119381568,1.9665275407159432e-05
FL-2017-000079-TJK,FL-2017-000079-TJK,0.33387401886016843,1.721179829345515e-05,1.133782714433925,1.9514439389442775e-05
FL-2009-000170-MRT,FL-2009-000170-MRT,0.3386061306068054,1.981290555319535e-05,0.9832646092321282,1.9481328836515687e-05
FL-2017-000043-HTI,FL-2017-000043-HTI,0.33670640144071917,1.8728963033441293e-05,1.0311272816379908,1.931194474057074e-05
FL-2003-000531-IDN,FL-2003-000531-IDN,0.3414297154614903,2.152846975910737e-05,0.8955935776847792,1.9280759253637546e-05
FL-2021-000061-MYS,FL-2021-000061-MYS,0.3334847467574233,1.701217123099129e-05,1.1325212482808422,1.926664539848969e-05
FL-2009-000226-PRY,FL-2009-000226-PRY,0.3424088627932186,2.21538888677061e-05,0.8690624710349184,1.9253113402401632e-05
Brazil: Floods - Jul 1988,Brazil: Floods - Jul 1988,0.3391933731462775,2.015921367572354e-05,0.9542800112349412,1.923753465295704e-05
FL-1997-000144-CHN,FL-1997-000144-CHN,0.3306362028850225,1.5613635892831793e-05,1.23024943393917,1.920866671888862e-05
FL-2018-000054-BDI,FL-2018-000054-BDI,0.3444909495568522,2.353846653591633e-05,0.814524387135535,1.917265502927755e-05
FL-2013-000006-IDN,FL-2013-000006-IDN,0.34058298115997254,2.1000489891143445e-05,0.9117255836627187,1.914668390320578e-05
FL-2022-000158-HTI,FL-2022-000158-HTI,0.33090748694206884,1.5742218423314987e-05,1.2084069567596751,1.9023006257564156e-05
Brazil: Floods - Dec 1989,Brazil: Floods - Dec 1989,0.33643729323332705,1.8579811454820705e-05,1.0188400740791148,1.8929856479005513e-05
FL-2009-000241-COL,FL-2009-000241-COL,0.3484803799808013,2.641090702008081e-05,0.7158636981146965,1.890660956995845e-05
FL-2023-000169-BRA,FL-2023-000169-BRA,0.33330060501165215,1.691846744312235e-05,1.1172435166273167,1.890204806209878e-05
FL-2013-000068-CZE,FL-2013-000068-CZE,0.3401563516530735,2.073890625212066e-05,0.9098774924680277,1.886986401720905e-05
FL-2020-000202-GIN,FL-2020-000202-GIN,0.3334912370226336,1.7015482422119222e-05,1.1057838285302726,1.881544529702055e-05
FL-2023-000193-NGA,FL-2023-000193-NGA,0.33141454519459307,1.5985110734721936e-05,1.175681161425123,1.8793393554107087e-05
FL-2011-000037-BDI,FL-2011-000037-BDI,0.34376447299374463,2.304676198343998e-05,0.813980526208619,1.875961544668527e-05
FF-2020-000204-TUN,FF-2020-000204-TUN,0.3338854657355327,1.7217700271400733e-05,1.0850181584319483,1.868151744090848e-05
FF-2024-000156-LAO,FF-2024-000156-LAO,0.3269822549938034,1.3971461734965293e-05,1.3358685400072998,1.866403618965594e-05
FL-2000-000048-BWA,FL-2000-000048-BWA,0.33444595906037355,1.7508926903275978e-05,1.0623346437323442,1.8600339623927344e-05
FL-2016-000130-VCT,FL-2016-000130-VCT,0.3369667867339038,1.8874304867401224e-05,0.9845629160937495,1.8582940639490997e-05
FF-2008-000199-LKA,FF-2008-000199-LKA,0.33098702027474997,1.5780095660110243e-05,1.1763858573071313,1.856348136150733e-05
FF-2012-000148-PAK,FF-2012-000148-PAK,0.3281657773076925,1.4485479898367067e-05,1.2682719122340163,1.8371527290329405e-05
FL-2019-000022-IRN,FL-2019-000022-IRN,0.3384624393224296,1.9728987657291263e-05,0.9299697920776908,1.8347362549554484e-05
FL-2024-000162-CMR,FL-2024-000162-CMR,0.3305131698761685,1.5555633197289868e-05,1.17910520477484,1.8341728066492768e-05
FL-2023-000146-MRT,FL-2023-000146-MRT,0.33423988988277276,1.7401344122722273e-05,1.0535873745404762,1.8333836467734306e-05
FL-2005-000098-BGR,FL-2005-000098-BGR,0.33372755810286825,1.7136444043731536e-05,1.0690227847551823,1.8319249132431243e-05
FL-2011-000022-AFG,FL-2011-000022-AFG,0.3261690047594502,1.3627835562228968e-05,1.338976142877644,1.8247346696884136e-05
FL-2012-000050-AFG,FL-2012-000050-AFG,0.33333764280632716,1.6937277374918373e-05,1.0763489315759105,1.8230420406298234e-05
FL-2017-000095-GHA,FL-2017-000095-GHA,0.3367406456639864,1.8748019766444948e-05,0.9719324461526762,1.8221808712119563e-05
FL-2007-000228-LKA,FL-2007-000228-LKA,0.33526575682194404,1.7942872858711598e-05,1.0154950674735044,1.8220898884325844e-05
Papua New Guinea: Floods - Jun 1993,Papua New Guinea: Floods - Jun 1993,0.338953231143876,2.0016944392621792e-05,0.9057511495213365,1.813037039352186e-05
Bangladesh: Floods - Jul 1988,Bangladesh: Floods - Jul 1988,0.3349862293825541,1.7793834390496146e-05,1.0126036486064969,1.8018101626516158e-05
FL-2015-000040-SOM,FL-2015-000040-SOM,0.33655353316782904,1.864410507056306e-05,0.9639478737922579,1.7971945441528714e-05
FL-2017-000075-CHN,FL-2017-000075-CHN,0.3322310393066488,1.6383325049452583e-05,1.0948289270937435,1.7936938186120225e-05
FL-2010-000003-KEN,FL-2010-000003-KEN,0.33672381641779714,1.873865219838705e-05,0.9550122542299223,1.7895642477212105e-05
FL-2013-000019-PER,FL-2013-000019-PER,0.32626651019073305,1.3668629657446961e-05,1.3077998282489198,1.7875831518407227e-05
FL-2024-000055-SOM,FL-2024-000055-SOM,0.33213288432928195,1.6334986139606568e-05,1.0908371669471635,1.781881000264961e-05
FL-2003-000220-NAM,FL-2003-000220-NAM,0.33950162332503586,2.0343166423034985e-05,0.8693111681287405,1.7684541766645914e-05
FL-2015-000053-CAF,FL-2015-000053-CAF,0.328705480035457,1.4725479488666886e-05,1.200744524918978,1.7681538872823475e-05
FL-1999-000229-TJK,FL-1999-000229-TJK,0.33672487828912273,1.8739243137276827e-05,0.9422253837707331,1.7656590556593734e-05
FL-2009-000198-BEN,FL-2009-000198-BEN,0.3336957370861726,1.7120111405225162e-05,1.0265844801221053,1.75752406665656e-05
FL-2015-000113-PRK,FL-2015-000113-PRK,0.32828606085743917,1.4538661604889921e-05,1.2051154702949778,1.7520766017436455e-05
FL-2019-000052-SRB,FL-2019-000052-SRB,0.3237829427936671,1.2663089009484032e-05,1.3767250465171905,1.7433591805633227e-05
Algeria: Floods - Jan 1985,Algeria: Floods - Jan 1985,0.3262570379653687,1.3664661875804696e-05,1.2746999404289316,1.741834367906974e-05
FL-2019-000079-BGD,FL-2019-000079-BGD,0.3276864504276339,1.4275286733434225e-05,1.2169646553574989,1.737251939968326e-05
FL-2006-000151-PAN,FL-2006-000151-PAN,0.3382119901864773,1.958348591964864e-05,0.8861876983942245,1.7354644313669133e-05
FL-2008-000191-HND,FL-2008-000191-HND,0.33265477801459276,1.659348691543779e-05,1.037013685075033,1.720767301442249e-05
FL-2020-000125-TZA,FL-2020-000125-TZA,0.32861852505262945,1.4686571387302795e-05,1.1681139311946813,1.715558863899359e-05
FL-2020-000128-KEN,FL-2020-000128-KEN,0.33279762966085624,1.6664882036667817e-05,1.0272567357494566,1.711911232263714e-05
FL-2008-000054-THA,FL-2008-000054-THA,0.32702514584441283,1.3989799174155612e-05,1.2161844828708155,1.7014176674087005e-05
Brazil: Floods - Apr 1985,Brazil: Floods - Apr 1985,0.33552434890246646,1.8081748432519686e-05,0.9399629984750824,1.6996174474303326e-05
China: Floods and Landslides - Jul 1989,name=China: Floods and Landslides - Jul 1989,0.32807514715535124,1.4445524759766482e-05,1.1642613331648382,1.6818365915071403e-05
FL-2016-000068-NPL,FL-2016-000068-NPL,0.3293955651101893,1.5037563578371884e-05,1.1157984838635762,1.677889064174948e-05
FL-2006-000047-COD,FL-2006-000047-COD,0.3326600087376177,1.6596096289528988e-05,1.0080124870300073,1.6729072295797592e-05
FL-2002-000026-SEN,FL-2002-000026-SEN,0.33114938270884886,1.585767446640394e-05,1.0546693276059735,1.672460286687666e-05
Pakistan: Floods - Feb 1991,Pakistan: Floods - Feb 1991,0.34442918222494634,2.34962960304274e-05,0.7112268098685628,1.6711195669448255e-05
FL-2009-000177-GMB,FL-2009-000177-GMB,0.32769672184600795,1.427976199099608e-05,1.1684788072717938,1.6685599259364194e-05
FL-2009-000242-IRQ,FL-2009-000242-IRQ,0.3335449237027937,1.704289444117029e-05,0.9788779086310397,1.6682912867592346e-05
FL-2008-000035-PRY,FL-2008-000035-PRY,0.33387117299850977,1.721033125752836e-05,0.9689476692755781,1.6675910359442732e-05
FL-2008-000182-RWA,FL-2008-000182-RWA,0.3328705084466357,1.670141216190725e-05,0.99098155542331,1.6550791401972634e-05
LS-2022-000224-GTM,LS-2022-000224-GTM,0.32740800923040364,1.4154449767730137e-05,1.1665467743114344,1.6511827718698823e-05
Peru: Floods - Feb 1994,Peru: Floods - Feb 1994,0.337158041196957,1.8981705030031504e-05,0.8669712406759366,1.645659236003108e-05
LS-2016-000051-IDN,LS-2016-000051-IDN,0.33786384611245734,1.9382831303849212e-05,0.8456727764380267,1.6391532763956062e-05
FL-2013-000112-CAF,FL-2013-000112-CAF,0.32949613945416495,1.5083540906256234e-05,1.0824256912336399,1.6326812191705288e-05
FL-2010-000125-IND,FL-2010-000125-IND,0.33719317661886594,1.9001495246351256e-05,0.8556559783131277,1.625874300442893e-05
FL-2024-000053-KGZ,FL-2024-000053-KGZ,0.33200139605443896,1.6270432557056483e-05,0.9957892817856833,1.6201922350333672e-05
Paraguay: Floods - Mar 1995,name=Paraguay: Floods - Mar 1995,0.3311727959500682,1.5868889879346322e-05,1.019170735987299,1.617310817763479e-05
FL-1995-000012-PHL,FL-1995-000012-PHL,0.32292418100741926,1.2331209267560635e-05,1.3115398697141116,1.617287259619392e-05
FL-1997-000022-BOL,FL-1997-000022-BOL,0.33581069314843603,1.8236656237328722e-05,0.8860824734618276,1.61591814664453e-05
Pakistan: Floods - Aug 1996,Pakistan: Floods - Aug 1996,0.3333197282329698,1.6928176970751937e-05,0.9536055804790171,1.6142804026645432e-05
FL-2015-000105-GIN,FL-2015-000105-GIN,0.3293911187468472,1.5035533848247439e-05,1.071153748426473,1.6105368441143357e-05
Indonesia: Floods and Landslides - Feb 1990,Indonesia: Floods and Landslides - Feb 1990,0.32759099164350114,1.4233755674306666e-05,1.126768567319263,1.603814848871095e-05
FL-2010-000194-VNM,FL-2010-000194-VNM,0.32310372482990096,1.2399941810550132e-05,1.288695029588998,1.5979743378448757e-05
FL-1997-000270-ETH,FL-1997-000270-ETH,0.3282709980295902,1.4531992173196464e-05,1.0963520332427232,1.5932179166151285e-05
FL-1999-000160-PER,FL-1999-000160-PER,0.3336942184581191,1.711933229581093e-05,0.9293539712618099,1.5909919454462443e-05
FL-2014-000122-PAK,FL-2014-000122-PAK,0.32608356804510785,1.3592180855030438e-05,1.1660555615898873,1.5849238080143833e-05
FL-2019-000167-BDI,FL-2019-000167-BDI,0.33202395186862343,1.6281489892268965e-05,0.9726765386670255,1.583662323275434e-05
FL-1999-000324-HND,FL-1999-000324-HND,0.32976514899408427,1.5207140420107096e-05,1.0408486923311688,1.582833222036493e-05
FL-2023-000063-CMR,FL-2023-000063-CMR,0.32920262343471973,1.4949713668837275e-05,1.0563752295074629,1.5792507207988833e-05
FL-2000-000258-IDN,FL-2000-000258-IDN,0.33740366326553095,1.9120442335221758e-05,0.8250221660756472,1.577478875172916e-05
1987-07-01-CO-Flood,1987-07-01-CO-Flood,0.3467567173097207,2.5133260292252502e-05,0.6275028689316593,1.57711929389946e-05
FL-2005-000205-PHL,FL-2005-000205-PHL,0.3271124339098537,1.4027184993073817e-05,1.1230443143849564,1.5753150353297534e-05
FL-2006-000192-IDN,FL-2006-000192-IDN,0.33536523765249165,1.7996184511611588e-05,0.875300643790321,1.5752071888783027e-05
FL-1997-000295-COD,FL-1997-000295-COD,0.3303279201685614,1.546866482742441e-05,1.0129914858035072,1.5669625766929104e-05
FL-2024-000031-MWI,FL-2024-000031-MWI,0.32769313669135725,1.4278199795486358e-05,1.0898465961995627,1.55610474469681e-05
FL-2012-000173-SOM,FL-2012-000173-SOM,0.3219975495363056,1.198189933099843e-05,1.2873846983559718,1.5425313855969035e-05
Tanzania: Floods - Feb 1993,Tanzania: Floods - Feb 1993,0.3353036889279281,1.796318383787862e-05,0.8543614220163771,1.534705128767158e-05
FL-2015-000164-COD,FL-2015-000164-COD,0.3275447881157191,1.4213693080966985e-05,1.0795665740230147,1.5344627943634157e-05
FL-2019-000103-LAO,FL-2019-000103-LAO,0.32504348779736264,1.3164812993147914e-05,1.1650939839327012,1.533824441791569e-05
FL-2024-000077-LKA,FL-2024-000077-LKA,0.32711844439657867,1.4029762613853535e-05,1.0924845776964491,1.532729928437721e-05
FL-2004-000020-KEN,FL-2004-000020-KEN,0.3291077094232291,1.4906667299959697e-05,1.0260180821960077,1.5294510195038587e-05
FL-1997-000049-TZA,FL-1997-000049-TZA,0.3342266840739094,1.739447007870012e-05,0.8788540275887039,1.52872000864368e-05
FL-2015-000145-SOM,FL-2015-000145-SOM,0.3283199946482257,1.4553696707066558e-05,1.0458367139854998,1.5220790340460078e-05
FL-2021-000084-TCD,FL-2021-000084-TCD,0.3259616678534054,1.3541454443004852e-05,1.1145222233746586,1.5092251913544416e-05
FL-2009-000135-MEX,FL-2009-000135-MEX,0.3336482046482385,1.7095740724774738e-05,0.8826021815410172,1.5088738058745795e-05
FL-2013-000041-GHA,FL-2013-000041-GHA,0.33078031322307067,1.5681822760725382e-05,0.9596316941627985,1.5048774143435632e-05
FL-1997-000140-AZE,FL-1997-000140-AZE,0.32952831957277257,1.5098278666652288e-05,0.9955723453086005,1.5031428702281828e-05
FL-2002-000402-BGD,FL-2002-000402-BGD,0.3361924018984611,1.844501189397991e-05,0.8143569274139246,1.5020823212094775e-05
FL-2017-000002-MYS,FL-2017-000002-MYS,0.3229161842778905,1.2328155970124317e-05,1.2154113472907762,1.4983780657259622e-05
FL-2018-000425-LKA,FL-2018-000425-LKA,0.3278800149923914,1.4359835429936548e-05,1.0429228227177032,1.4976200100351108e-05
FL-2008-000201-YEM,FL-2008-000201-YEM,0.3272457555662969,1.4084460749714099e-05,1.0616963805348374,1.4953420999756441e-05
FL-2012-000192-COD,FL-2012-000192-COD,0.3206209344665954,1.1479388539087373e-05,1.301468773071398,1.4940065717575912e-05
FL-2012-000098-GTM,FL-2012-000098-GTM,0.32140065221416103,1.1761630655824637e-05,1.2673665542478996,1.4906297316608934e-05
FL-2024-000218-MYS,FL-2024-000218-MYS,0.3296293226259623,1.5144619974675211e-05,0.9835826898124584,1.4895986050878531e-05
FL-2007-000197-COD,FL-2007-000197-COD,0.33115828593559027,1.586193845001202e-05,0.938197452018096,1.4881630237869142e-05
FL-1997-000255-KEN,FL-1997-000255-KEN,0.3314020591992214,1.5979089388131128e-05,0.9285064149811921,1.4836687002437645e-05
Togo: Floods - Sep 1995,Togo: Floods - Sep 1995,0.3310148065997939,1.5793348039224095e-05,0.937832522926336,1.4811515437079234e-05
FL-2021-000134-NPL,FL-2021-000134-NPL,0.32162872540418663,1.1845360881883705e-05,1.2467249920120518,1.4767907450846333e-05
FL-2012-000039-CHL,FL-2012-000039-CHL,0.32335984762447006,1.2498586931501906e-05,1.1809039662177345,1.4759630879527746e-05
Turkey: Floods - Nov 1995,Turkey: Floods - Nov 1995,0.33018332813123563,1.5401088182328573e-05,0.9375125837102277,1.4438713973763915e-05
FL-2005-000160-MMR,FL-2005-000160-MMR,0.3379794752933911,1.9449268589313442e-05,0.7408779621824715,1.4409534478390095e-05
FL-2010-000014-SLB,FL-2010-000014-SLB,0.32072197409111614,1.1515615722118332e-05,1.2512366729504776,1.4408760703119553e-05
FL-2008-000205-IDN,FL-2008-000205-IDN,0.3301215563145878,1.537229954907207e-05,0.9367613520933382,1.4400176110372568e-05
FL-2023-000198-TCD,FL-2023-000198-TCD,0.3268631207472543,1.3920640835907313e-05,1.0338289067088517,1.4391560896072653e-05
FL-2005-000051-AGO,FL-2005-000051-AGO,0.3293400197973635,1.5012225270125729e-05,0.9581450089193589,1.4383888715344042e-05
FL-2013-000142-VNM,FL-2013-000142-VNM,0.3250180852018083,1.3154528128269832e-05,1.0905579261018445,1.4345774914414326e-05
FL-2025-000038-BOL,FL-2025-000038-BOL,0.3261656729250451,1.3626443535286183e-05,1.0525186156126618,1.4342085485483519e-05
FL-2011-000176-LKA,FL-2011-000176-LKA,0.32156228559410294,1.1820914298398984e-05,1.212182945388364,1.4329110711416706e-05
FL-1999-000413-CAF,FL-1999-000413-CAF,0.3320008662070222,1.627017289595713e-05,0.8806575318255779,1.432845030492902e-05
FL-2009-000203-USA,FL-2009-000203-USA,0.32557875328511043,1.338321818399186e-05,1.0672358252351861,1.4283049902895101e-05
FL-2023-000176-IDN,FL-2023-000176-IDN,0.3292114788761815,1.4953735579088138e-05,0.9542932210618613,1.4270248492675378e-05
FL-2020-000132-UGA,FL-2020-000132-UGA,0.32274723020009644,1.2263805061964073e-05,1.1565609422975855,1.4183837938619068e-05
FL-2018-000065-TJK,FL-2018-000065-TJK,0.31564082272967287,9.81593484821062e-06,1.4353974911294434,1.4089768254211597e-05
FL-2014-000053-TZA,FL-2014-000053-TZA,0.32407046884886037,1.2775990330299644e-05,1.0970028156440832,1.401529736498029e-05
FL-2019-000020-COL,FL-2019-000020-COL,0.3258557690451146,1.349752506874395e-05,1.0283585650027902,1.3880295510782715e-05
FL-2005-000108-PAK,FL-2005-000108-PAK,0.32854705329020517,1.4654660575011272e-05,0.9455697739530514,1.3857004087272102e-05
FL-2002-000242-AFG,FL-2002-000242-AFG,0.32807433684999543,1.4445167976996285e-05,0.9583348849806268,1.3843308391760568e-05
FL-2009-000095-TJK,FL-2009-000095-TJK,0.31901554498408025,1.0917380795930222e-05,1.2601155392859784,1.3757161189253995e-05
FL-2014-000107-MMR,FL-2014-000107-MMR,0.3280658575992268,1.4441434982872881e-05,0.9521660688837085,1.3750644376681737e-05
FL-1999-000548-YEM,FL-1999-000548-YEM,0.3310914213181645,1.5829940479698653e-05,0.8676218575905326,1.3734402364543711e-05
FL-2009-000245-SRB,FL-2009-000245-SRB,0.3237810613051115,1.266235318214751e-05,1.0840237655442986,1.3726291777163376e-05
FL-2000-000484-BTN,FL-2000-000484-BTN,0.3244144282983461,1.291224065468068e-05,1.0601525816656658,1.368894526514809e-05
FL-2024-000109-IND,FL-2024-000109-IND,0.32714081841250975,1.4039361545692636e-05,0.9733927592934859,1.3665812873680614e-05
FL-2015-000085-VEN,FL-2015-000085-VEN,0.3219827057012772,1.1976376914883472e-05,1.1268991625176379,1.3496169115377756e-05
FL-2007-000144-LBR,FL-2007-000144-LBR,0.3252733419384217,1.3258204624779737e-05,1.013217513020149,1.3433445117031565e-05
FL-2009-000147-NIC,FL-2009-000147-NIC,0.3277220804408345,1.4290816139526051e-05,0.933638952160343,1.3342462606023221e-05
FL-2016-000066-PAK,FL-2016-000066-PAK,0.3153606353797833,9.72914821207453e-06,1.365086108875814,1.3281125075496903e-05
FL-2000-000770-IDN,FL-2000-000770-IDN,0.32859992489547735,1.4678260749065418e-05,0.9023361566151682,1.3244725390106969e-05
1995-09-01T00:00:00+00:00,1995-09-01T00:00:00+00:00,0.3242672156169857,1.2853767031011586e-05,1.02827893467495,1.3217257869208587e-05
FL-1998-000053-ZMB,FL-1998-000053-ZMB,0.327166874233908,1.4050547500299616e-05,0.9365163542555616,1.315856752027519e-05
FL-2016-000123-DOM,FL-2016-000123-DOM,0.32387130819450805,1.2697691023029094e-05,1.0354648515724754,1.3148012750473973e-05
FL-2013-000141-SOM,FL-2013-000141-SOM,0.3182468014438213,1.0657135177011149e-05,1.2318330184492288,1.3127810993119099e-05
FL-2024-000036-BRA,FL-2024-000036-BRA,0.3264204641487215,1.3733264351554563e-05,0.952179776292138,1.3076536578024017e-05
FL-2024-000118-PAK,FL-2024-000118-PAK,0.3228834204815201,1.2315653257629653e-05,1.0477381195692326,1.2903579385415585e-05
FL-2009-000011-PHL,FL-2009-000011-PHL,0.3267504768815701,1.3872741725562042e-05,0.9235680341481627,1.2812420803722526e-05
FL-2003-000028-BRA,FL-2003-000028-BRA,0.32884179985162865,1.4786662679780633e-05,0.8631256388343357,1.276274767171349e-05
FL-1998-000085-IRN,FL-1998-000085-IRN,0.32853845277916777,1.465082481624303e-05,0.8666405740383654,1.2696999228884389e-05
FL-2020-000164-IND,FL-2020-000164-IND,0.31887801833447416,1.0870407490326742e-05,1.1662775244540442,1.2677911937624972e-05
FL-2012-000106-BGD,FL-2012-000106-BGD,0.3152203575934318,9.685957826074375e-06,1.2962702877560353,1.2555619338398252e-05
1996-07-01-CO-Flood,1996-07-01-CO-Flood,0.33188341539562016,1.6212706005282817e-05,0.7739776904641869,1.2548272750143647e-05
Colombia: Floods and Landslides - Mar-Jul 2014,name=Colombia: Floods and Landslides - Mar-Jul 2014,0.3348247730954572,1.7708257638975225e-05,0.7070564559739085,1.2520737887686715e-05
2012-000025-VUT,2012-000025-VUT,0.3155137074713503,9.776475558019282e-06,1.277534232696297,1.2489782200488266e-05
afg-1991-flood,afg-1991-flood,0.31578513718924794,9.860906833188167e-06,1.2564334123624294,1.2389572821410606e-05
FF-2018-000118-LAO,FF-2018-000118-LAO,0.3181082299537556,1.0610822539657215e-05,1.1632902888660213,1.2343466817263932e-05
FF-2017-000101-VNM,FF-2017-000101-VNM,0.31368636372534,9.224788096444468e-06,1.3377073830962212,1.23400671441119e-05
FL-2012-000089-CUB,FL-2012-000089-CUB,0.31590914797205977,9.8996997307942e-06,1.2438427371737373,1.2313669610349167e-05
FF-2020-000168-MNG,FF-2020-000168-MNG,0.31562057152217327,9.809638858062237e-06,1.2541412875563223,1.2302673107912705e-05
FL-2017-000160-HND,FL-2017-000160-HND,0.316768738305532,1.0172393413603422e-05,1.2060733944327546,1.2268653053850075e-05
FL-2012-000128-SSD,FL-2012-000128-SSD,0.31669176444961916,1.0147701813839312e-05,1.202591215503273,1.2203537058869786e-05
FL-2008-000011-TZA,FL-2008-000011-TZA,0.3255737418834952,1.3381158343317166e-05,0.9097876410731471,1.2174012483992786e-05
FL-2007-000052-LKA,FL-2007-000052-LKA,0.3250007672370383,1.3147520670838353e-05,0.9223416325983702,1.2126505680161866e-05
FL-2002-000263-CRI,FL-2002-000263-CRI,0.33847164304737054,1.9734353168372095e-05,0.61387757718801,1.2114476910372789e-05
FL-2017-000010-PHL,FL-2017-000010-PHL,0.3162678806203929,1.001269259523333e-05,1.2076275140633692,1.2091603067862331e-05
FL-2010-000021-AFG,FL-2010-000021-AFG,0.3196386333404446,1.1132498649500419e-05,1.0852931770014216,1.2082024827280345e-05
FL-2008-000091-SOM,FL-2008-000091-SOM,0.32236579689429157,1.211963576520382e-05,0.9854190784086135,1.194292030639522e-05
FF-2012-000062-KEN,FF-2012-000062-KEN,0.31923539581118854,1.0992852113850112e-05,1.0853007035511752,1.193055013319555e-05
FL-2017-000137-SSD,FL-2017-000137-SSD,0.3217005775188002,1.1871850131709848e-05,1.0001222922331552,1.1873301966774139e-05
FL-2022-000378-BIH,FL-2022-000378-BIH,0.3223358327438695,1.2108375180783256e-05,0.9789655437483893,1.1853682092764982e-05
FL-2024-000139-TCD,FL-2024-000139-TCD,0.32313839230965224,1.2413252778939388e-05,0.9523043457078162,1.1821194565753605e-05
FL-2007-000126-PRK,FL-2007-000126-PRK,0.3250901274302953,1.3183715037869113e-05,0.8947450500988214,1.1796063772046785e-05
FL-2011-000051-RWA,FL-2011-000051-RWA,0.3175108605302711,1.0413239335328838e-05,1.132758005030825,1.179568021539561e-05
FF-2018-000041-SOM,FF-2018-000041-SOM,0.32106974359667395,1.1641094430965183e-05,1.009447103436575,1.175106905416945e-05
FL-2019-000087-PAK,FL-2019-000087-PAK,0.31846679457107535,1.0731033892113809e-05,1.0947940580011841,1.1748272141295518e-05
FF-2008-000141-ETH,FF-2008-000141-ETH,0.3216334986423879,1.184711894951741e-05,0.9913523656532703,1.1744669396779772e-05
FL-2019-000120-PHL,FL-2019-000120-PHL,0.3147536811040758,9.543511027355188e-06,1.2286625910741495,1.1725754986814944e-05
FL-2019-000067-UGA,FL-2019-000067-UGA,0.31942408547564327,1.1058000382924967e-05,1.0531125508651717,1.1645318990730158e-05
Afghanistan: Floods - Jun 1988,Afghanistan: Floods - Jun 1988,0.32211156655249357,1.2024394042554927e-05,0.9634656880384131,1.158509107945518e-05
Burkina Faso: Floods - Sep 1988,Burkina Faso: Floods - Sep 1988,0.3221626739885774,1.2043486027140214e-05,0.9525620167546777,1.1472167338769463e-05
Iran: Floods - May 1992,Iran: Floods - May 1992,0.3293076044881643,1.499745602198103e-05,0.7638289675273252,1.1455491348806236e-05
FL-2015-000155-NGA,FL-2015-000155-NGA,0.3165916493492692,1.0115667695236115e-05,1.1309728897968445,1.1440545925505776e-05
FF-2020-000240-ZMB,FF-2020-000240-ZMB,0.31404020685377315,9.329374943059154e-06,1.2241109429031103,1.1420189958244793e-05
FL-2009-000087-VUT,FL-2009-000087-VUT,0.31815014390813845,1.0624811656533171e-05,1.0709159987358805,1.1378280786536846e-05
FL-2006-000190-BDI,FL-2006-000190-BDI,0.33032695851643545,1.5468214508858072e-05,0.7328323699678426,1.133560829769743e-05
FL-2009-000261-PER,FL-2009-000261-PER,0.3228628126883981,1.2307795141121477e-05,0.9204310126131963,1.1328476344778218e-05
FL-2002-000732-IDN,FL-2002-000732-IDN,0.3227713313252174,1.2272966127199652e-05,0.9190515020515428,1.1279487953830546e-05
FL-2023-000215-GHA,FL-2023-000215-GHA,0.31342102199906074,9.147053604671372e-06,1.232207094616741,1.1271064346515698e-05
FF-2023-000051-KEN,FF-2023-000051-KEN,0.3219008503019711,1.1945965021476127e-05,0.9345216780382686,1.1163763277656331e-05
FL-2024-000058-TZA,FL-2024-000058-TZA,0.31544452346404306,9.755059412611335e-06,1.1379493905705245,1.1100763913560327e-05
FL-2023-000189-MMR,FL-2023-000189-MMR,0.32182778499216275,1.191887765442845e-05,0.9311581587735362,1.109836017134464e-05
FL-2015-000018-PNG,FL-2015-000018-PNG,0.3198137573282769,1.119364210884823e-05,0.9476670877822322,1.0607846218968767e-05
FL-2019-000100-MLI,FL-2019-000100-MLI,0.31841738380223295,1.071439609501771e-05,0.9879592955377479,1.0585387218146095e-05
FF-2014-000059-SRB,FF-2014-000059-SRB,0.3198717698581798,1.1213963367884339e-05,0.9418030548326259,1.0561344956654634e-05
FL-1999-000286-GMB,FL-1999-000286-GMB,0.31367235947792543,9.220670599493344e-06,1.1434551069584922,1.0543422886572686e-05
FL-2015-000027-CHL,FL-2015-000027-CHL,0.3133300461751608,9.120537367711664e-06,1.155946805097162,1.0542856030975578e-05
FL-2006-000031-PER,FL-2006-000031-PER,0.32261753213315664,1.221461119171081e-05,0.8622372185675087,1.0531892379824291e-05
FL-2009-000144-NER,FL-2009-000144-NER,0.31484210222249465,9.570354731401806e-06,1.0987319238695548,1.0515254266147203e-05
FF-2019-000068-VNM,FF-2019-000068-VNM,0.31551118647130305,9.775694431602315e-06,1.0739024148338638,1.0498141856775682e-05
FL-1999-000428-VNM,FL-1999-000428-VNM,0.3191859082827412,1.0975822995118275e-05,0.9536527315229473,1.046712358000692e-05
FL-2011-000045-GTM,FL-2011-000045-GTM,0.30937903956415885,8.033575304691275e-06,1.3016118343545413,1.0456596688764555e-05
FF-2014-000060-AFG,FF-2014-000060-AFG,0.3113774739384435,8.56785111141233e-06,1.2150620330886253,1.0410470590633304e-05
FL-1999-000213-IND,FL-1999-000213-IND,0.3160604542557247,9.947217167503644e-06,1.046094414060121,1.04057283143685e-05
FL-2012-000153-IDN,FL-2012-000153-IDN,0.31477969692880337,9.551402108315519e-06,1.0883954096363029,1.0395702210281116e-05
FL-2003-000359-PAK,FL-2003-000359-PAK,0.3172181682546889,1.0317643789772353e-05,0.9970856486805502,1.0287574550980016e-05
FL-2001-000524-MLI,FL-2001-000524-MLI,0.3180959537154093,1.0606728386934148e-05,0.9651997077307357,1.0237611139048138e-05
FL-2002-000607-ALB,FL-2002-000607-ALB,0.32469999240149866,1.3026351252006397e-05,0.7786781247788098,1.0143334765622442e-05
FL-1997-000026-MOZ,FL-1997-000026-MOZ,0.3141539140537963,9.363209693998202e-06,1.0827610863454504,1.0138119099953746e-05
FL-2023-000119-PAK,FL-2023-000119-PAK,0.3147535839662019,9.543481574639014e-06,1.0619284545586885,1.0134494639665727e-05
Iran: Floods - Apr 1989,Iran: Floods - Apr 1989,0.3230168134493213,1.2366627663537982e-05,0.814536614424038,1.007307102890088e-05
FL-2003-000037-MDG,FL-2003-000037-MDG,0.3095716707595147,8.08373579287208e-06,1.2347603990507627,9.981476833427662e-06
FL-2023-000085-HTI,FL-2023-000085-HTI,0.31399427865242857,9.31573976137931e-06,1.0690779120906408,9.959251613675157e-06
FF-2023-000107-GEO,FF-2023-000107-GEO,0.3188068415272698,1.0846167995737576e-05,0.9175232708403509,9.951611535533074e-06
FF-2019-000054-YEM,FF-2019-000054-YEM,0.3098168846215256,8.147996346345277e-06,1.2008192634195207,9.784270970963281e-06
Bolivia: Landslides/Floods - Mar 1994,Bolivia: Landslides/Floods - Mar 1994,0.322925375549486,1.2331665423967399e-05,0.7919956578021904,9.766625469251586e-06
FL-2020-000050-AFG,FL-2020-000050-AFG,0.30676245010307845,7.379415737719842e-06,1.297519598929159,9.574936548337773e-06
FL-2024-000009-COD,FL-2024-000009-COD,0.3125997613727899,8.910178851361395e-06,1.0680154458218882,9.516208638289501e-06
Indonesia: Floods - Nov 1987,Indonesia: Floods - Nov 1987,0.31125501117525173,8.534213877390634e-06,1.113651344896523,9.504138762190651e-06
Azerbaijan: Floods - Jun 1995,Azerbaijan: Floods - Jun 1995,0.31727715080402974,1.0336844152172867e-05,0.9175461452516915,9.484531505893703e-06
FL-2024-000045-KEN,FL-2024-000045-KEN,0.31381036546196417,9.261319066742374e-06,1.0196971903586571,9.443741031372258e-06
FL-2022-000382-ZAF,FL-2022-000382-ZAF,0.31752722150211377,1.0418606402969858e-05,0.904559089993309,9.424245126868878e-06
FL-2007-000145-ETH,FL-2007-000145-ETH,0.31201806367950097,8.7457563448564e-06,1.074582595415157,9.398037551924368e-06
FL-2002-000296-PRY,FL-2002-000296-PRY,0.31619961477468356,9.99110136095242e-06,0.9287123335884037,9.278859060048398e-06
FL-2009-000075-BDI,FL-2009-000075-BDI,0.3239478372578044,1.2727726914005848e-05,0.7232460065686893,9.205277663251557e-06
FL-2005-000182-IND,FL-2005-000182-IND,0.3257188357199341,1.3440911990848591e-05,0.6806810703680618,9.148974360653736e-06
FL-2021-000050-AFG,FL-2021-000050-AFG,0.30879660942488185,7.883611811952212e-06,1.1586867556596938,9.134636593271349e-06
FL-2007-000011-ZMB,FL-2007-000011-ZMB,0.3104655278131241,8.320201762890073e-06,1.0897552028147803,9.066983159578165e-06
FF-2011-000143-SSD,FF-2011-000143-SSD,0.31382450832250186,9.265493820845928e-06,0.9738577503891034,9.023272968613153e-06
FL-2023-002018-MOZ,FL-2023-002018-MOZ,0.327441430210271,1.4168904910058834e-05,0.635353035811216,9.002256748726325e-06
FL-2021-000145-BEN,FL-2021-000145-BEN,0.31114552631499104,8.504242003269163e-06,1.0516858033389702,8.943790582997143e-06
FL-2002-000077-PER,FL-2002-000077-PER,0.30955243707143,8.078714771738968e-06,1.099709656642364,8.884240647740655e-06
FL-2001-000521-TCD,FL-2001-000521-TCD,0.3115554056293093,8.616936819382545e-06,1.0298042380611858,8.87375805570562e-06
FL-2018-000165-CRI,FL-2018-000165-CRI,0.32259373676719577,1.220560502607681e-05,0.7234581139813008,8.830243992166215e-06
FL-2018-000092-MNG,FL-2018-000092-MNG,0.31102880528625254,8.472393565202102e-06,1.031500359443832,8.739277007855577e-06
FL-2007-000158-TGO,FL-2007-000158-TGO,0.31051132827234557,8.332484032548127e-06,1.0465800406584131,8.720611477569797e-06
FL-2000-000130-BOL,FL-2000-000130-BOL,0.313841207175424,9.270425244872809e-06,0.9399073873447525,8.71334117148324e-06
FL-2012-000067-RWA,FL-2012-000067-RWA,0.31039766212664144,8.302032238671645e-06,1.0464774403141628,8.687889446530762e-06
Thailand: Floods - Oct 1995,Thailand: Floods - Oct 1995,0.3036152540686663,6.656345767522313e-06,1.3030110983590828,8.673292409597081e-06
FL-2023-000190-SOM,FL-2023-000190-SOM,0.31136132571636416,8.563408809379523e-06,1.0078577783264449,8.630698177522352e-06
FL-2024-000059-YEM,FL-2024-000059-YEM,0.30872868151629995,7.866286898005482e-06,1.0930394963322032,8.598162269000521e-06
ST-2012-000064-COD,ST-2012-000064-COD,0.30679202773464187,7.3865339611565454e-06,1.1546951626353135,8.529195033588923e-06
FL-2023-000216-KEN,FL-2023-000216-KEN,0.3057479528970051,7.138970370213187e-06,1.19256578459642,8.513691800763884e-06
FL-2010-000162-HND,FL-2010-000162-HND,0.30488512238105003,6.940045602140254e-06,1.2241609596770127,8.495732884518245e-06
FL-2005-000020-COL,FL-2005-000020-COL,0.31766328198197347,1.046333633567228e-05,0.8080937942240005,8.455357159735263e-06
FL-2017-000110-MLI,FL-2017-000110-MLI,0.31497444694900323,9.610660158023314e-06,0.8750877906224794,8.41017136410811e-06
SS-2007-000063-MDV,SS-2007-000063-MDV,0.30456625024812395,6.867801970741128e-06,1.2101910384211765,8.311352398642208e-06
FL-2009-000132-GHA,FL-2009-000132-GHA,0.310223584436087,8.255589981498917e-06,1.00457015880135,8.293319338713201e-06
FL-2013-000157-BRA,FL-2013-000157-BRA,0.30969765946794914,8.116695096301e-06,0.991056400942879,8.044102629690783e-06
FL-2023-000111-MNG,FL-2023-000111-MNG,0.3113633427251245,8.563963565949506e-06,0.9369855719118949,8.024310299673829e-06
FL-2021-000023-DZA,FL-2021-000023-DZA,0.308138054220956,7.717086323329214e-06,1.0374171325327366,8.005837565055793e-06
FL-2023-000232-COL,FL-2023-000232-COL,0.30619540877342516,7.244138485962989e-06,1.105133853767506,8.005742682217783e-06
FL-2013-000119-MRT,FL-2013-000119-MRT,0.30476259079451523,6.912204344579487e-06,1.148465884201649,7.93843087437996e-06
FL-2006-000058-TJK,FL-2006-000058-TJK,0.3001060530412102,5.925807658360773e-06,1.3389011984588786,7.93407097561604e-06
FL-2007-000054-AFG,FL-2007-000054-AFG,0.31216498967216133,8.787026558910445e-06,0.8959779952430994,7.87298244040045e-06
FL-1999-000350-CRI,FL-1999-000350-CRI,0.3177397095367141,1.0488537660715337e-05,0.7458703171652188,7.82308891159709e-06
FL-2025-000026-ECU,FL-2025-000026-ECU,0.30512415549909877,6.994648649326383e-06,1.1171472704368623,7.814052646259854e-06
ST-2011-000073-CAF,ST-2011-000073-CAF,0.3040438651576104,6.750912027406299e-06,1.1452772355910454,7.731665864466227e-06
FF-2004-000060-VNM,FF-2004-000060-VNM,0.2965728832619803,5.263981979062173e-06,1.463389408328373,7.703255473791011e-06
FL-2012-000054-HTI,FL-2012-000054-HTI,0.3091513524773784,7.974647733524332e-06,0.9604428383587891,7.659193304097593e-06
FL-2007-000199-THA,FL-2007-000199-THA,0.3014710193238841,6.200913793012559e-06,1.2349138810883142,7.657594518423198e-06
FL-2009-000136-BIH,FL-2009-000136-BIH,0.3120524662275287,8.755404043659251e-06,0.8669569720381771,7.590558578661636e-06
FL-2000-000741-LKA,FL-2000-000741-LKA,0.3071811877869065,7.4807674380908e-06,1.013293031042013,7.580209511863421e-06
FF-2014-000048-KAZ,FF-2014-000048-KAZ,0.3031997786906623,6.565817386467935e-06,1.1524100484085351,7.566513932181115e-06
FL-2023-000108-SRB,FL-2023-000108-SRB,0.29880154216242916,5.673203290569137e-06,1.3327736774425698,7.561096012451116e-06
FL-2008-000166-GTM,FL-2008-000166-GTM,0.30812474443528326,7.713753635231124e-06,0.9801994697852303,7.561017223307441e-06
FL-2018-000029-RWA,FL-2018-000029-RWA,0.3024958353564849,6.4149606740584595e-06,1.1779991519684878,7.556818233952064e-06
FL-2002-000641-THA,FL-2002-000641-THA,0.3029476818855537,6.51142941103759e-06,1.1603592484795837,7.555597337919436e-06
FL-1999-000349-SLV,FL-1999-000349-SLV,0.3091618979721829,7.97736839172522e-06,0.9369157213719175,7.474121861382767e-06
FL-2006-000025-PNG,FL-2006-000025-PNG,0.30778314776100735,7.628661935632034e-06,0.9790102886598242,7.468538523691331e-06
FL-2005-000137-CAF,FL-2005-000137-CAF,0.3129061076797708,8.997884272689637e-06,0.8291581427948438,7.460669012626273e-06
FL-2019-000089-SLE,FL-2019-000089-SLE,0.30469236240112113,6.8962926167844896e-06,1.0808607361671503,7.453931914601766e-06
FL-2019-000033-PRY,FL-2019-000033-PRY,0.30946462230636385,8.05582606535128e-06,0.9195954025807005,7.408100613686811e-06
FL-1997-000025-MWI,FL-1997-000025-MWI,0.3069005321483979,7.412699840232182e-06,0.9993439480764741,7.407836724243478e-06
FL-2011-000042-COL,FL-2011-000042-COL,0.313349610978068,9.126233969944668e-06,0.8050454036566094,7.347032710198766e-06
FL-2016-000050-LKA,FL-2016-000050-LKA,0.30083134447596016,6.07058922310001e-06,1.2099018427879291,7.344817087837246e-06
FL-1998-000247-IRN,FL-1998-000247-IRN,0.3097888566988315,8.140628172560943e-06,0.8997846466107959,7.3248122434376376e-06
FL-2022-000254-PAK,FL-2022-000254-PAK,0.3029616196507689,6.5144257556622715e-06,1.1182281796262044,7.284614454064283e-06
FL-2001-000450-THA,FL-2001-000450-THA,0.29970681493283435,5.8474455081452065e-06,1.2397633775051489,7.249448792955413e-06
FL-2006-000062-THA,FL-2006-000062-THA,0.31159777345025547,8.628661999578091e-06,0.8376615682858721,7.227898542775293e-06
Iran: Floods - Feb 1991,Iran: Floods - Feb 1991,0.30637718206909,7.287258473375215e-06,0.9877471286935022,7.197968633123764e-06
FL-2011-000109-PAK,FL-2011-000109-PAK,0.29959454591885437,5.825578090223918e-06,1.2338103813705061,7.187658725202837e-06
FL-2008-000187-BDI,FL-2008-000187-BDI,0.31762779654777085,1.0451653857246135e-05,0.6853457474951481,7.162996525354901e-06
FL-2007-000176-CRI,FL-2007-000176-CRI,0.31998707540536353,1.1254452457375724e-05,0.6360302711368748,7.158172447961748e-06
FL-2020-000054-BDI,FL-2020-000054-BDI,0.3041847688593843,6.7822632497846255e-06,1.0550987498746878,7.155957476168796e-06
FL-2009-000044-BIH,FL-2009-000044-BIH,0.30939571729305404,8.037907023395305e-06,0.8874544487949036,7.133276346911965e-06
FL-2007-000221-KEN,FL-2007-000221-KEN,0.30647841301014267,7.3113723399463015e-06,0.974842278689549,7.127434872220993e-06
FF-2008-000123-PAK,FF-2008-000123-PAK,0.30746818536830317,7.5509543927961575e-06,0.9434455865501481,7.123914596124988e-06
FL-1999-000031-LKA,FL-1999-000031-LKA,0.30538369861806286,7.054374425094212e-06,1.0064884283055866,7.1001462277921995e-06
FL-2000-000299-GTM,FL-2000-000299-GTM,0.30977761400384424,8.137674300841214e-06,0.8719053948333257,7.095282124299967e-06
FL-2021-000057-LKA,FL-2021-000057-LKA,0.30177563323007484,6.263855045331845e-06,1.1314393379937777,7.087172005779247e-06
FL-2010-000062-COD,FL-2010-000062-COD,0.3078639396764875,7.64871055619478e-06,0.9191259563061089,7.030128404471158e-06
Bolivia: Chapare River Floods - Jan 1987,Bolivia: Chapare River Floods - Jan 1987,0.31240857090656965,8.85583267129341e-06,0.7937364930631707,7.0291975676666816e-06
FL-2025-000029-BWA,FL-2025-000029-BWA,0.298750489734816,5.6635176572643565e-06,1.2304510947433291,6.968681501479103e-06
FL-2001-000019-MOZ,FL-2001-000019-MOZ,0.30304565872392975,6.5325188128317505e-06,1.0662262115321133,6.965142785567855e-06
Iran: Floods - Feb 1993,Iran: Floods - Feb 1993,0.3088989887649755,7.909788401693804e-06,0.8761089187768762,6.929836164361834e-06
FL-2012-000175-GMB,FL-2012-000175-GMB,0.29818558769444137,5.5573338491709825e-06,1.2465158816556456,6.9273049026541304e-06
FL-2024-000021-BOL,FL-2024-000021-BOL,0.30534246852827573,7.044856043829338e-06,0.9791674152328188,6.898093483123675e-06
FL-2019-000181-IDN,FL-2019-000181-IDN,0.30325765319772074,6.578360931525281e-06,1.0475272120348138,6.891012086359418e-06
FL-2004-000068-ROM,FL-2004-000068-ROM,0.306601124347075,7.3406992511739295e-06,0.9341110661845553,6.857028404054246e-06
Djibouti: Floods - Apr 1989,Djibouti: Floods - Apr 1989,0.30375135360688044,6.686243975138838e-06,1.0077916813703185,6.738341057757331e-06
2011-06-30T00:00:00+00:00,2011-06-30T00:00:00+00:00,0.29762186888722053,5.453161937040159e-06,1.2293298445416447,6.703734716321993e-06
FL-2009-000190-TUR,FL-2009-000190-TUR,0.302994872403493,6.521579454324857e-06,1.0202954218418836,6.653937660425741e-06
FL-2019-000153-COD,FL-2019-000153-COD,0.2993130952228306,5.7710811394248785e-06,1.1527833414890951,6.652806199910906e-06
FL-2006-000127-NPL,FL-2006-000127-NPL,0.30797819384554537,7.67714382949183e-06,0.862630230686243,6.622536352646005e-06
FL-2006-000178-JAM,FL-2006-000178-JAM,0.29995671715414046,5.896386166455817e-06,1.1200515235065662,6.60425630892188e-06
FL-2006-000164-TZA,FL-2006-000164-TZA,0.30140295888955015,6.18692875434609e-06,1.066054638511988,6.595604096713845e-06
FL-2025-000022-PER,FL-2025-000022-PER,0.2967515369838184,5.295777986622418e-06,1.244445279687572,6.590305917725622e-06
FL-2006-000045-HUN,FL-2006-000045-HUN,0.29963810761906345,5.834054152279616e-06,1.11989572468407,6.533532302713288e-06
FL-2009-000240-PAN,FL-2009-000240-PAN,0.3039131335950469,6.7219408267818026e-06,0.9710725385234801,6.527492142467625e-06
FF-2005-000067-IDN,FF-2005-000067-IDN,0.30596856257085125,7.1906485398561015e-06,0.9074775324699321,6.525351993807135e-06
FL-2014-000168-MYS,FL-2014-000168-MYS,0.3010541439056504,6.11569889625703e-06,1.0559033797109114,6.457587133852089e-06
FL-2013-000011-ZWE,FL-2013-000011-ZWE,0.2988170007201425,5.676139017067029e-06,1.135178854405228,6.443432986838967e-06
FL-1999-000315-GHA,FL-1999-000315-GHA,0.30635405158145457,7.281758697336834e-06,0.8830969393406909,6.430498818635615e-06
FL-2011-000043-VCT,FL-2011-000043-VCT,0.3016663438448642,6.241207149893054e-06,1.0288152889065125,6.421049337042614e-06
FL-2014-000006-PHL,FL-2014-000006-PHL,0.3022779284437076,6.368899160443809e-06,1.0048551818492002,6.399821324046982e-06
FL-2006-000029-NAM,FL-2006-000029-NAM,0.29888216477584467,5.688529323646888e-06,1.1221814471307896,6.383562068455996e-06
FL-2005-000105-HTI,FL-2005-000105-HTI,0.30234915241122295,6.3839217440272635e-06,0.9972865856131765,6.366599518922665e-06
FL-2010-000026-DOM,FL-2010-000026-DOM,0.30078253627195956,6.06074721921318e-06,1.0490817664059833,6.358219398472314e-06
FL-2010-000121-DOM,FL-2010-000121-DOM,0.30067960261509896,6.040038070683891e-06,1.0483997898689967,6.332374644105732e-06
FL-2009-000176-MLI,FL-2009-000176-MLI,0.30272759693296514,6.464279626903586e-06,0.9776318968582874,6.319685953472135e-06
FL-2019-000171-LKA,FL-2019-000171-LKA,0.2993859204334879,5.785138013769161e-06,1.0913836782077029,6.313805204406591e-06
FL-2007-000177-SLE,FL-2007-000177-SLE,0.3000778325020733,5.920237669404862e-06,1.0656581908077745,6.30894976393002e-06
FL-2008-000217-KEN,FL-2008-000217-KEN,0.30227394877761077,6.3680607072158985e-06,0.9905535057194418,6.307904858166936e-06
FL-2023-000157-BGD,FL-2023-000157-BGD,0.29747943168734636,5.427120085446094e-06,1.1539726901695175,6.262748364875251e-06
FL-2011-000187-COD,FL-2011-000187-COD,0.29920620337806414,5.750504322082457e-06,1.0853096249747856,6.241077689215195e-06
FL-2021-000007-SYR,FL-2021-000007-SYR,0.3001952848447925,5.943450706810229e-06,1.0486817242043107,6.23278813494108e-06
FL-1998-000048-PAK,FL-1998-000048-PAK,0.29415086719518446,4.84954876558519e-06,1.274857049816715,6.182481432236228e-06
FL-2022-000379-MYS,FL-2022-000379-MYS,0.29791253360883796,5.506653501045759e-06,1.122068941813632,6.178844866852747e-06
IND-2018-000413,IND-2018-000413,0.3036469558053596,6.663299202675239e-06,0.9221733186742626,6.144716739050593e-06
Yemen: Floods - Feb 1993,Yemen: Floods - Feb 1993,0.30399601973407997,6.740296071946854e-06,0.9108992485616124,6.139730627019178e-06
FF-2008-000233-PHL,FF-2008-000233-PHL,0.3041438285190726,6.773140503259878e-06,0.9037156037455046,6.120992759156632e-06
FL-2013-000125-BFA,FL-2013-000125-BFA,0.2964065786335943,5.234538328838799e-06,1.1601880124394874,6.073048619773802e-06
FL-2016-000046-SOM,FL-2016-000046-SOM,0.29861412017708755,5.637718640721299e-06,1.0763349207071773,6.068073446130134e-06
FL-2013-000083-THA,FL-2013-000083-THA,0.2971516111488931,5.367609258750609e-06,1.1294300963517903,6.062339442289462e-06
FL-2024-000165-CAF,FL-2024-000165-CAF,0.299137805268834,5.737372266149454e-06,1.047691057383914,6.0109936161272644e-06
FL-2016-000081-GTM,FL-2016-000081-GTM,0.30215328897523946,6.342686697621918e-06,0.9441251390555963,5.988289960378374e-06
FL-2007-000132-BFA,FL-2007-000132-BFA,0.2981275097571403,5.546519250514514e-06,1.0755363901814037,5.965483292770045e-06
FL-2020-000185-PAK,FL-2020-000185-PAK,0.2966912432344839,5.285027898126589e-06,1.124816762154381,5.944687968266323e-06
FL-2015-000176-BDI,FL-2015-000176-BDI,0.3000475596405515,5.914267845077726e-06,1.0012036912755304,5.921386797683996e-06
FL-2013-000087-MMR,FL-2013-000087-MMR,0.3031812170953304,6.561798964114161e-06,0.8995776132921189,5.902847451040515e-06
FL-2001-000376-PAK,FL-2001-000376-PAK,0.302452283455085,6.405730702531202e-06,0.921151618596019,5.90064920492683e-06
LS-2010-000190-COL,LS-2010-000190-COL,0.30650759297733277,7.318336518384211e-06,0.8035449578867475,5.880612409466087e-06
LS-2011-000104-ECU,LS-2011-000104-ECU,0.2983352124957463,5.585282720833293e-06,1.046388478883193,5.844375490385331e-06
FL-1997-000097-AFG,FL-1997-000097-AFG,0.2899220932663031,4.195783942649475e-06,1.3915845675709566,5.838788183453034e-06
FL-2000-000012-MOZ,FL-2000-000012-MOZ,0.29602276496625995,5.167150461113733e-06,1.1277962370993517,5.827492846570248e-06
Paraguay: Floods - Jun 1995,Paraguay: Floods - Jun 1995,0.2986813246439822,5.650419440495306e-06,1.0277326980250474,5.80712081655342e-06
FL-2009-000237-THA,FL-2009-000237-THA,0.29852194050170067,5.620339630990964e-06,1.0324588619508415,5.802769459190144e-06
FL-2015-000106-BFA,FL-2015-000106-BFA,0.29268888099276774,4.613836948273491e-06,1.2559695979615333,5.794838936983125e-06
FL-2015-000146-DZA,FL-2015-000146-DZA,0.29773047121370344,5.473093250821809e-06,1.0586689531644526,5.794193902418956e-06
FL-2011-000118-GTM,FL-2011-000118-GTM,0.30065799245747227,6.0356984358368245e-06,0.9552182830389102,5.765409496820687e-06
FL-2013-000116-NGA,FL-2013-000116-NGA,0.29314260022702976,4.6858605290108765e-06,1.2298958129711375,5.763120244797196e-06
FL-2023-000158-GIN,FL-2023-000158-GIN,0.291801068008099,4.475780409254359e-06,1.2862993830803735,5.757193579227103e-06
FL-2006-000085-UKR,FL-2006-000085-UKR,0.2970164898549078,5.343251456856117e-06,1.0750292725240695,5.744151726577206e-06
FL-2019-000081-MMR,FL-2019-000081-MMR,0.29789978637436065,5.504297739500492e-06,1.0383332562250227,5.715295395087578e-06
FL-2003-000578-COL,FL-2003-000578-COL,0.3081741788959392,7.726138251479092e-06,0.7317903843038479,5.653913680234544e-06
FL-1997-000337-IND,FL-1997-000337-IND,0.29558111981651836,5.09057571546753e-06,1.1040807822685879,5.620406818130867e-06
FL-2015-000008-BOL,FL-2015-000008-BOL,0.2954560149216068,5.069070812353237e-06,1.106077830028409,5.6067868443880135e-06
FF-2008-000227-ETH,FF-2008-000227-ETH,0.30293013216774994,6.5076583320456225e-06,0.849511519256154,5.528330716456046e-06
FL-1998-000255-TUR,FL-1998-000255-TUR,0.2949718292420101,4.986610123750142e-06,1.1010714693094692,5.490614135831042e-06
1993-12-00T00:00:00+00:00,1993-12-00T00:00:00+00:00,0.30772347428021285,7.613884263497068e-06,0.7194550254691349,5.477847296713328e-06
FL-2005-000138-PNG,FL-2005-000138-PNG,0.2937086607500583,4.777135170331159e-06,1.1437040377671508,5.463628783267212e-06
FL-2005-000166-CRI,FL-2005-000166-CRI,0.3109508996790185,8.451196059348372e-06,0.6447646378504476,5.449032366608883e-06
Sri Lanka: Monsoon Floods - Jul 1984,Sri Lanka: Monsoon Floods - Jul 1984,0.29237996096227037,4.565370600644929e-06,1.189364350972239,5.429889041383796e-06
FL-2007-000131-SEN,FL-2007-000131-SEN,0.29553211780074984,5.082142752610095e-06,1.067501640440192,5.4251957253625096e-06
FL-2008-000099-NIC,FL-2008-000099-NIC,0.29305965627579855,4.672618874994064e-06,1.1525087365452498,5.385234075976895e-06
FL-2007-000127-MRT,FL-2007-000127-MRT,0.30217843376736736,6.347966973640735e-06,0.8469121364760579,5.376170271925531e-06
FL-2015-000042-RWA,FL-2015-000042-RWA,0.2904631328249351,4.2747445948949866e-06,1.249561737281718,5.341557282432613e-06
FL-2021-000135-GIN,FL-2021-000135-GIN,0.28699306558385035,3.790653021853108e-06,1.405762750329889,5.32875881754653e-06
FL-2011-000107-MMR,FL-2011-000107-MMR,0.29223552154766613,4.5428671617227325e-06,1.1654079728699487,5.294293609960747e-06
FL-2023-000231-BDI,FL-2023-000231-BDI,0.2970165702893912,5.343265926833679e-06,0.9891166714763052,5.2851134083624835e-06
FL-2003-000571-DOM,FL-2003-000571-DOM,0.2971693347730072,5.3708116316631114e-06,0.9832757048107912,5.280988592529541e-06
FL-2008-000231-PAN,FL-2008-000231-PAN,0.29741257504368984,5.414935300256476e-06,0.9748120178597551,5.278544006623034e-06
Tanzania: Floods - Apr 1989,Tanzania: Floods - Apr 1989,0.29981726722583985,5.869031134145688e-06,0.8981542921589569,5.2712955039475005e-06
FL-2007-000068-COL,FL-2007-000068-COL,0.3037379068782826,6.6832846401915686e-06,0.7818122360681077,5.225073708827809e-06
FL-2013-000038-KEN,FL-2013-000038-KEN,0.2907639824655823,4.319227560460522e-06,1.2057564114452748,5.2079363235164075e-06
FF-2023-000136-VNM,FF-2023-000136-VNM,0.2908362048777303,4.329968022101204e-06,1.2027362338812573,5.2078094317282784e-06
FL-2019-000101-NER,FL-2019-000101-NER,0.29092727939109964,4.3435463143091154e-06,1.1793461107574137,5.122544452675154e-06
FL-2003-000212-AZE,FL-2003-000212-AZE,0.29613985683022714,5.187625553858727e-06,0.9848576335172745,5.1090726265470464e-06
Belarus: Floods - Aug 1993,Belarus: Floods - Aug 1993,0.29260715771301743,4.600970573675513e-06,1.1082433568666819,5.098995073414974e-06
FL-2007-000125-PHL,FL-2007-000125-PHL,0.2990834087338187,5.726947709176065e-06,0.8878873967487101,5.084884692816325e-06
FL-2011-000067-PHL,FL-2011-000067-PHL,0.2932301491987913,4.699873983799498e-06,1.0816683359942454,5.083704871439048e-06
FL-2004-000120-CRI,FL-2004-000120-CRI,0.30495207831814486,6.955301733300059e-06,0.7305869676266675,5.081452802260195e-06
FL-2019-000062-SSD,FL-2019-000062-SSD,0.29357881912372863,4.75605855244135e-06,1.0669924753090707,5.0746786875842725e-06
FL-2010-000015-PSE,FL-2010-000015-PSE,0.29234043769951507,4.559202988467479e-06,1.1058643718376864,5.041860148922091e-06
FF-2016-000079-MKD,FF-2016-000079-MKD,0.2885916889095942,4.007173972367241e-06,1.242997967664418,4.980909103730234e-06
FL-2004-000028-DOM,FL-2004-000028-DOM,0.29762192967220547,5.453173074349123e-06,0.9133490270228894,4.980650321644191e-06
FL-1999-000265-TCD,FL-1999-000265-TCD,0.290717720487401,4.312360375348401e-06,1.1454311201477374,4.9395117752160365e-06
FL-2012-000066-COM,FL-2012-000066-COM,0.2909594946913514,4.348358458288975e-06,1.129673337592446,4.912224612623649e-06
FL-2005-000109-PRK,FL-2005-000109-PRK,0.30035481478289117,5.9751110627896146e-06,0.8195300266309831,4.896782928411054e-06
FF-2020-000055-SOM,FF-2020-000055-SOM,0.2937415150811474,4.782481577468653e-06,1.018212889069999,4.869584383918404e-06
FL-2001-000082-ZWE,FL-2001-000082-ZWE,0.2910578149917747,4.363074685847745e-06,1.103078973774151,4.812815946964907e-06
Lao PDR: Floods - Sep 1995,Lao PDR: Floods - Sep 1995,0.2886219337191913,4.011375527413508e-06,1.1807652832898365,4.7364929610083285e-06
FL-2007-000139-KEN,FL-2007-000139-KEN,0.292267806835643,4.5478884784538555e-06,1.0383627898563688,4.722358168442981e-06
FL-2006-000001-IDN,FL-2006-000001-IDN,0.2981899938672087,5.5581550894444395e-06,0.8487703672429272,4.717597336460902e-06
FL-2017-000053-THA,FL-2017-000053-THA,0.2909093576589522,4.340871340059055e-06,1.0792293459598103,4.6847957372276195e-06
FL-1997-000299-PRY,FL-1997-000299-PRY,0.29018378794640337,4.233810885295742e-06,1.0913298267640643,4.6204841000016115e-06
FL-2021-000095-MMR,FL-2021-000095-MMR,0.29092077608405986,4.342575467776771e-06,1.0619657406518828,4.611666372974255e-06
FL-2010-000153-PRK,FL-2010-000153-PRK,0.28599440999969045,3.66079530360558e-06,1.2596250358956325,4.611229415710742e-06
FL-2005-000103-SLV,FL-2005-000103-SLV,0.29417630330097994,4.853743947741877e-06,0.9499800804848453,4.610960066128659e-06
FL-2001-000375-IRN,FL-2001-000375-IRN,0.2941582318691343,4.850763086998038e-06,0.9437442735893395,4.577879885892946e-06
FF-2007-000091-AFG,FF-2007-000091-AFG,0.2924963694001671,4.583579811350529e-06,0.9987067503482862,4.577652098355897e-06
FL-2006-000018-IRQ,FL-2006-000018-IRQ,0.29182639538178684,4.4796667572598876e-06,1.0127814906988197,4.536923576251617e-06
FL-2012-000005-BOL,FL-2012-000005-BOL,0.29053245458193927,4.284957638373132e-06,1.0536838020167862,4.514990455881871e-06
FL-2019-000131-CIV,FL-2019-000131-CIV,0.28898056026865493,4.061498408177649e-06,1.1114192483318486,4.514027507917803e-06
FL-2014-000155-HTI,FL-2014-000155-HTI,0.29301441904531406,4.665411142202348e-06,0.9609684498537625,4.483312913252662e-06
FL-2007-000051-TUN,FL-2007-000051-TUN,0.28918208370869636,4.08991071462345e-06,1.093065903907382,4.470541952180368e-06
FL-2012-000140-MMR,FL-2012-000140-MMR,0.2914959792737297,4.429204039275927e-06,1.0027197916590813,4.441250551478319e-06
FF-2011-000049-IRQ,FF-2011-000049-IRQ,0.29094853519767827,4.346720851301775e-06,1.0077513232427067,4.3804136896660275e-06
FL-2002-000054-IDN,FL-2002-000054-IDN,0.29304772696766096,4.670717183656613e-06,0.9334375249456206,4.359822687633409e-06
FL-2009-000165-CHL,FL-2009-000165-CHL,0.2907231906961929,4.313171867303353e-06,1.0088424248679406,4.351310765482498e-06
FL-2019-000108-MRT,FL-2019-000108-MRT,0.2918414142919117,4.481972761691427e-06,0.962366664364851,4.313301176443098e-06
FL-2023-000110-CHL,FL-2023-000110-CHL,0.2912997037533662,4.399470698881124e-06,0.978626075734756,4.305436745356078e-06
FL-2003-000482-MEX,FL-2003-000482-MEX,0.29059987837712964,4.2949121201939105e-06,1.0003169105139786,4.296273223001414e-06
FL-2013-000020-BOL,FL-2013-000020-BOL,0.2832677075947032,3.326370951882427e-06,1.2902239259175985,4.291763388596004e-06
FL-2014-000054-TJK,FL-2014-000054-TJK,0.28829188893166596,3.965739994698902e-06,1.080513117206162,4.285034083701259e-06
Costa Rica: Floods - Feb 1988,name=Costa Rica: Floods - Feb 1988,0.30139419636812237,6.18513029808512e-06,0.684416433779701,4.233204821078196e-06
FL-2009-000251-SAU,FL-2009-000251-SAU,0.29023244206303045,4.240914928587416e-06,0.9956156226188847,4.222321157099283e-06
FF-2007-000083-IND,FF-2007-000083-IND,0.29362498346216126,4.763542597975146e-06,0.8813888050539815,4.198533118253053e-06
FL-2024-000120-NER,FL-2024-000120-NER,0.287869854537288,3.90806594530449e-06,1.0706246794411112,4.1840718499263425e-06
FL-2023-000094-ECU,FL-2023-000094-ECU,0.28192852722144,3.17241669120044e-06,1.3161601711441135,4.175408495230814e-06
India: Floods - Oct 1988,India: Floods - Oct 1988,0.2911671082211019,4.3794858961792015e-06,0.9494561647783664,4.158129882687251e-06
Ghana: Floods - Jul 1995,Ghana: Floods - Jul 1995,0.29419340732169624,4.856566753671015e-06,0.8551639114187951,4.153160621135785e-06
FL-2015-000064-IND,FL-2015-000064-IND,0.28864101951358956,4.014028931951093e-06,1.031238980251518,4.139423102485335e-06
FL-2015-000037-HTI,FL-2015-000037-HTI,0.28873746349944324,4.0274612414890305e-06,1.0256893838267023,4.1309242391688095e-06
FL-2023-000067-COD,FL-2023-000067-COD,0.2888774589567704,4.047031201110632e-06,1.0170068685630405,4.115858528818444e-06
LS-2022-000283-LKA,LS-2022-000283-LKA,0.28987524847479645,4.189009440854008e-06,0.9815867798894264,4.1118762879742925e-06
FL-2017-000174-ALB,FL-2017-000174-ALB,0.2864443605441673,3.7187994985110242e-06,1.1009974778760738,4.094388868587446e-06
FL-2010-000019-MEX,FL-2010-000019-MEX,0.28999812055732294,4.20679968746078e-06,0.971123387516118,4.08532156308866e-06
ST-2012-000061-VNM,ST-2012-000061-VNM,0.27885974515847817,2.84353292607893e-06,1.4292565034998714,4.06413792751433e-06
FL-2001-000180-IRN,FL-2001-000180-IRN,0.29044059731086824,4.271429201994901e-06,0.9510109146925885,4.062175792433804e-06
FL-2021-000038-KEN,FL-2021-000038-KEN,0.2789141990936548,2.849090475896594e-06,1.4217705075722322,4.050752812034713e-06
FL-2009-000120-BWA,FL-2009-000120-BWA,0.290195377151495,4.2355020659822445e-06,0.9522872605541437,4.033414659485647e-06
FL-2024-000103-NPL,FL-2024-000103-NPL,0.28769060898046717,3.883799982554409e-06,1.0276933790072569,3.991355527459666e-06
FL-2012-000003-BRA,FL-2012-000003-BRA,0.2896974701323649,4.163389342583072e-06,0.950877679977288,3.958873998917558e-06
FL-2017-000091-MMR,FL-2017-000091-MMR,0.28381922183019637,3.391704829189065e-06,1.1626994974476923,3.943533500389037e-06
FL-2001-000407-IDN,FL-2001-000407-IDN,0.29149253020949717,4.428679991023641e-06,0.8809214759172519,3.901319314057748e-06
FL-2024-000198-SEN,FL-2024-000198-SEN,0.2811882965309652,3.0900990997523576e-06,1.257934930722009,3.887143596971124e-06
FL-2017-000014-PER,FL-2017-000014-PER,0.28554903305801466,3.6041838699863474e-06,1.074057448678672,3.871100531966359e-06
Viet Nam: Floods - Oct 1992,name=Viet Nam: Floods - Oct 1992,0.28688619738228566,3.776561318003706e-06,1.0249575418914962,3.870815005303587e-06
FL-2013-000070-IND,FL-2013-000070-IND,0.2853340161736954,3.5771363359998765e-06,1.077139003407864,3.853073068012965e-06
FL-2012-000043-KGZ,FL-2012-000043-KGZ,0.2826971341196751,3.259973411303523e-06,1.178777939336242,3.842784740067307e-06
FL-2016-000084-PHL,FL-2016-000084-PHL,0.28689349683929843,3.7775223263679585e-06,1.015846385922298,3.837382402981682e-06
FL-2002-000321-HTI,FL-2002-000321-HTI,0.287288222488834,3.829818763570325e-06,0.9930427130308388,3.803173615392288e-06
FL-2010-000076-COL,FL-2010-000076-COL,0.28381726053713596,3.3914704574560065e-06,1.1209522992842493,3.8016766072399152e-06
FL-2024-000144-MLI,FL-2024-000144-MLI,0.28630244899943935,3.7004166759896024e-06,1.0257206390657925,3.7955937577057705e-06
FL-2011-000170-COL,FL-2011-000170-COL,0.29469664044333055,4.9402832406555604e-06,0.7680165233769249,3.794219158985572e-06
FL-2017-000130-GTM,FL-2017-000130-GTM,0.281702735790481,3.1471007546282984e-06,1.201624894182623,3.7816346112622823e-06
FL-2009-000266-ALB,FL-2009-000266-ALB,0.29250241385189046,4.584527098439018e-06,0.8243171924381797,3.7791045064420055e-06
FL-2017-000134-CAF,FL-2017-000134-CAF,0.2857377477180452,3.6280742919519524e-06,1.0409891559456468,3.776785994887163e-06
FL-2005-000117-GTM,FL-2005-000117-GTM,0.2902890585556569,4.249195071507706e-06,0.8832004049243507,3.7528908077581613e-06
FL-2010-000051-KAZ,FL-2010-000051-KAZ,0.2846452927640723,3.4917252375910756e-06,1.0701404681681588,3.736636480470289e-06
FL-2010-000249-IND,FL-2010-000249-IND,0.28169442618272056,3.146172552715554e-06,1.1839008478756656,3.7247563527230917e-06
FL-2022-000002-IRN,FL-2022-000002-IRN,0.28439285752284793,3.4608824583842653e-06,1.0761675131954946,3.724489268701305e-06
FL-2008-000191-SLV,FL-2008-000191-SLV,0.2837230895653763,3.380234297107159e-06,1.1001321274321947,3.718704348495768e-06
FL-2013-000023-ZMB,FL-2013-000023-ZMB,0.28362070225544667,3.3680558166384284e-06,1.0988875788119679,3.701114701649368e-06
FL-2017-000012-MOZ,FL-2017-000012-MOZ,0.2810683635339224,3.0769444151816665e-06,1.1982479826023038,3.6869424380708575e-06
FL-2013-000145-COL,FL-2013-000145-COL,0.28987397709644613,4.188825716619972e-06,0.8790758244423693,3.6822954202831006e-06
FL-2008-000089-IND,FL-2008-000089-IND,0.29963786995515884,5.83400787848782e-06,0.6302581635823931,3.6769310918209466e-06
FL-2011-000196-IDN,FL-2011-000196-IDN,0.2793538501375075,2.8943204498040625e-06,1.2683581214268749,3.6710348485208684e-06
FL-2008-000074-BFA,FL-2008-000074-BFA,0.2829342166288242,3.287416420044062e-06,1.114930663460651,3.6652413702711645e-06
FL-2003-000027-TUN,FL-2003-000027-TUN,0.28881389107929795,4.038134467324333e-06,0.9069463005317308,3.662371116189475e-06
FF-2018-000158-TUN,FF-2018-000158-TUN,0.28396307702126833,3.40893511777947e-06,1.0728594544762617,3.6573082708058534e-06
FL-2006-000120-BFA,FL-2006-000120-BFA,0.28241584988226376,3.227681459344581e-06,1.130238094179754,3.6480485412289465e-06
FL-2006-000191-LKA,FL-2006-000191-LKA,0.27894693242161916,2.852435930562866e-06,1.2757451495342207,3.638981302772708e-06
USA: Storms and Tornadoes - Apr 2011,USA: Storms and Tornadoes - Apr 2011,0.2760055240300716,2.565533808198876e-06,1.4111840373957132,3.6204403575292896e-06
FL-2016-000060-IND,FL-2016-000060-IND,0.2812397151351851,3.0957543632999193e-06,1.168540290886529,3.617513704203729e-06
FL-2011-000124-ETH,FL-2011-000124-ETH,0.2824874387399454,3.2358725641442017e-06,1.1140674979889862,3.604980451347336e-06
FL-2011-000108-SEN,FL-2011-000108-SEN,0.2831125079651452,3.3081909559948367e-06,1.0870343780154084,3.5961172982060463e-06
FF-2011-000088-NGA,FF-2011-000088-NGA,0.2764117251446536,2.6035421607575195e-06,1.376295308125757,3.5832428603581695e-06
FL-2002-000373-GHA,FL-2002-000373-GHA,0.29228758036366564,4.550966312604922e-06,0.7873144358723436,3.583041475082584e-06
FL-2011-000038-KAZ,FL-2011-000038-KAZ,0.2817778363410882,3.155500841447082e-06,1.1284426954486195,3.560801875012932e-06
FL-2018-000112-GEO,FL-2018-000112-GEO,0.2845300875139308,3.477618795798091e-06,1.0222629843578837,3.555040968651626e-06
FL-2022-000286-MRT,FL-2022-000286-MRT,0.2836597617630088,3.3726970913639485e-06,1.0505974879699613,3.5433470918705596e-06
Montenegro: Floods - Nov 1992,name=Montenegro: Floods - Nov 1992,0.2936291568288071,4.764219695718209e-06,0.7375578699637254,3.51388773081315e-06
FL-2020-000195-CMR,FL-2020-000195-CMR,0.2882381828480589,3.958358382032119e-06,0.8859055483526522,3.5067316530104814e-06
FF-2016-000034-YEM,FF-2016-000034-YEM,0.28402609040551485,3.4165073406009557e-06,1.0241076022751958,3.4988711407384505e-06
name,name,0.28081697007402295,3.049534081431505e-06,1.1460299969121097,3.494857533926321e-06
FL-2018-000015-BOL,FL-2018-000015-BOL,0.28511260317491904,3.5494752622567686e-06,0.980600451614799,3.4806170451645447e-06
FL-2011-000106-GHA,FL-2011-000106-GHA,0.2846091895362166,3.487299005091674e-06,0.9978910966803896,3.479944628643362e-06
India: Floods - Aug 1989,India: Floods - Aug 1989,0.2837560871655098,3.384167639765405e-06,1.0282737934207815,3.4798508965134257e-06
FL-2023-000249-AGO,FL-2023-000249-AGO,0.2828296069476758,3.2752820101170138e-06,1.0611307451784342,3.475502440064987e-06
FL-2022-000332-BEN,FL-2022-000332-BEN,0.28182417332842363,3.1606937498910094e-06,1.0977457972017661,3.4696382801847457e-06
Iran: Floods - Jul 1994,Iran: Floods - Jul 1994,0.2871825096232427,3.815749569280905e-06,0.9087721063099059,3.4676467732265243e-06
FL-2013-000030-COL,FL-2013-000030-COL,0.28063379220812334,3.029700156230076e-06,1.1435152484315854,3.4645083268246484e-06
FL-2022-000328-HND,FL-2022-000328-HND,0.28139367899190937,3.1127437913751636e-06,1.1114267603705184,3.4595867479115427e-06
FL-2021-000019-PER,FL-2021-000019-PER,0.2760550647317437,2.5701424497673453e-06,1.3456208053079868,3.458437153012177e-06
FL-2019-000104-THA,FL-2019-000104-THA,0.27575548136582273,2.542386298963514e-06,1.3579010130864204,3.4523089310195905e-06
FL-2024-000209-PAN,FL-2024-000209-PAN,0.28144860229510826,3.118824681679252e-06,1.105818542180244,3.448854162810314e-06
FL-2005-000038-MDG,FL-2005-000038-MDG,0.2820418431743329,3.1851907201207236e-06,1.0792517862358992,3.437622774192301e-06
FL-2005-000153-THA,FL-2005-000153-THA,0.27851033422599414,2.8081037185656965e-06,1.2142364677237614,3.4097019402331704e-06
FL-1999-000363-NIC,FL-1999-000363-NIC,0.28303480964476807,3.299123053248273e-06,1.029066129374002,3.3950157907347397e-06
FF-2020-000123-YEM,FF-2020-000123-YEM,0.2813999906812378,3.1134420535040453e-06,1.082595733416551,3.3705990833631448e-06
FL-2014-000030-PRY,FL-2014-000030-PRY,0.28772314458282117,3.888194498564683e-06,0.8630646431827305,3.3557631975287835e-06
FL-2008-000180-NIC,FL-2008-000180-NIC,0.2855604213636883,3.605621553538906e-06,0.9285577138121239,3.348027706625805e-06
FL-2008-000086-MEX,FL-2008-000086-MEX,0.28453751515695436,3.4785267330146034e-06,0.9563543144258493,3.32670404896417e-06
FL-2011-000204-PHL,FL-2011-000204-PHL,0.28586008972388344,3.6436382864166787e-06,0.9086693999686215,3.3108626154209397e-06
FL-2022-000321-CAF,FL-2022-000321-CAF,0.28069947390008476,3.036798572533107e-06,1.0900469195589455,3.3102529293107164e-06
FL-2016-000102-SEN,FL-2016-000102-SEN,0.2845742526212776,3.483020570165701e-06,0.9497600525846711,3.3080337998740675e-06
FF-2013-000029-SRB,FF-2013-000029-SRB,0.27886018416332126,2.8435776917215597e-06,1.161108725475724,3.3017028694260214e-06
FL-2018-000004-COD,FL-2018-000004-COD,0.28003449388684154,2.965618611082735e-06,1.1027004698435565,3.2701890358177275e-06
FL-2023-000014-ZMB,FL-2023-000014-ZMB,0.2773875488084229,2.6969297154278523e-06,1.206847055818516,3.2547816868135718e-06
FL-2009-000039-CRI,FL-2009-000039-CRI,0.29198444737222046,4.503987666102827e-06,0.7165421116254692,3.2272968330043883e-06
FF-2006-000046-KEN,FF-2006-000046-KEN,0.2794843494703016,2.907869641208418e-06,1.1036482173283537,3.20926514574291e-06
FF-2011-000071-GEO,FF-2011-000071-GEO,0.27508644868497767,2.481372512003812e-06,1.2913032050986575,3.2042042777942292e-06
FL-2001-000095-HUN,FL-2001-000095-HUN,0.2842148249773425,3.439277946434752e-06,0.929591846342594,3.197124736311646e-06
FL-2013-000159-VCT,FL-2013-000159-VCT,0.27523794197856594,2.495071632765408e-06,1.2772387598772803,3.1868021980382705e-06
FL-2012-000068-DOM,FL-2012-000068-DOM,0.2745294650541893,2.4315860215192076e-06,1.3071503900505754,3.178448616470359e-06
FL-2013-000045-AFG,FL-2013-000045-AFG,0.2765906106275756,2.6204406692079686e-06,1.2079080109237867,3.165251276486794e-06
FL-2014-000162-LKA,FL-2014-000162-LKA,0.27923667437638117,2.8822030306412127e-06,1.0916819458806812,3.1464490129135957e-06
FL-2010-000127-AFG,FL-2010-000127-AFG,0.2797217375929765,2.9326630919219042e-06,1.0727052233242367,3.1458830169548328e-06
FF-2006-000049-IDN,FF-2006-000049-IDN,0.28294585622909646,3.28876907713708e-06,0.9546072289122487,3.1394827352581213e-06
FL-2019-000160-COG,FL-2019-000160-COG,0.2753834156844001,2.50829044340815e-06,1.2190888537934883,3.057828921635602e-06
FL-2010-000037-HTI,FL-2010-000037-HTI,0.2791354820991772,2.8717752625541057e-06,1.0604316168394865,3.045321284869891e-06
FL-2002-000325-JAM,FL-2002-000325-JAM,0.2795902131687389,2.918902927382023e-06,1.041282547868147,3.0394026772041455e-06
FF-2009-000204-TUN,FF-2009-000204-TUN,0.2829853493873024,3.2933623760125725e-06,0.9155604613181987,3.0152723762700696e-06
FL-2008-000167-VCT,FL-2008-000167-VCT,0.2772740003853136,2.685910164211986e-06,1.1194341065259241,3.0066994448835427e-06
FL-2006-000044-COL,FL-2006-000044-COL,0.2870388646762021,3.7967065894724382e-06,0.7903426324249347,3.000699080468743e-06
FF-2012-000081-ETH,FF-2012-000081-ETH,0.27993878186966825,2.9554981017178686e-06,1.0102119573051023,2.985679522147922e-06
FL-2003-000350-MNG,FL-2003-000350-MNG,0.28111614103607724,3.0821787723871254e-06,0.9653767569926166,2.975463747758567e-06
FL-2018-000154-GHA,FL-2018-000154-GHA,0.2710632454050824,2.1414421061184554e-06,1.3214313032452296,2.82976863311232e-06
FL-2021-000153-UGA,FL-2021-000153-UGA,0.273144880137261,2.3116955902659105e-06,1.2225799823486727,2.8262327539428013e-06
FL-2012-000123-PRK,FL-2012-000123-PRK,0.2725746749140865,2.2638884718664705e-06,1.2400305385199288,2.8072908409176382e-06
1994-01-01T00:00:00+00:00,1994-01-01T00:00:00+00:00,0.27896545417715063,2.8543304812315562e-06,0.9792699859742091,2.7951601703213834e-06
FL-2016-000124-COD,FL-2016-000124-COD,0.27085093789593395,2.1247284734130696e-06,1.3125392635260602,2.7887895456864405e-06
FL-2010-000242-AGO,FL-2010-000242-AGO,0.270820567535663,2.1223472293469423e-06,1.3120034095843343,2.784526801225053e-06
FL-2010-000120-BRA,FL-2010-000120-BRA,0.2717155595618487,2.193537616184099e-06,1.2635202173548898,2.7715791255770597e-06
FL-2007-000040-HTI,FL-2007-000040-HTI,0.27751429039623154,2.7092776674389672e-06,1.019159487257912,2.7611860383864095e-06
FL-2004-000115-PAN,FL-2004-000115-PAN,0.28040418210133317,3.005002699517742e-06,0.9177618050112175,2.757876701572984e-06
FL-2001-000025-MWI,FL-2001-000025-MWI,0.2788371671940281,2.8412314895979457e-06,0.9654424418241856,2.743045467105209e-06
FL-2022-000362-LCA,FL-2022-000362-LCA,0.2729870082318852,2.2983691810615825e-06,1.1864300437913862,2.7268542481356656e-06
FF-2013-000090-PAK,FF-2013-000090-PAK,0.27058643836335083,2.1040703777587593e-06,1.2950234787084862,2.724820540052627e-06
FL-2011-000063-HTI,FL-2011-000063-HTI,0.2736860555561087,2.3579071776983507e-06,1.148278435508363,2.7075339650814018e-06
FL-2008-000154-MEX,FL-2008-000154-MEX,0.27729258521251643,2.687710990650308e-06,1.0007930921827906,2.6898425932265926e-06
FL-2019-000170-RWA,FL-2019-000170-RWA,0.2703547843056669,2.0861262806311046e-06,1.2803341263764025,2.6709386690226794e-06
FL-2013-000074-HTI,FL-2013-000074-HTI,0.2702531179757427,2.0782947098668957e-06,1.2836627123722097,2.667829424376554e-06
FL-2008-000076-COL,FL-2008-000076-COL,0.28704342217917955,3.7973094603757646e-06,0.7001873717288423,2.658828130701575e-06
FL-2024-000039-KAZ,FL-2024-000039-KAZ,0.2715683494936525,2.181682398947994e-06,1.2154593718752695,2.65174631825666e-06
FL-2024-000117-COL,FL-2024-000117-COL,0.27153328157579554,2.178866805115964e-06,1.2150525963145538,2.6474377685797488e-06
FL-2008-000088-USA,FL-2008-000088-USA,0.27164777240241034,2.188071353449762e-06,1.1865814777652384,2.5963249400322036e-06
FL-2023-000068-YEM,FL-2023-000068-YEM,0.27159165845338584,2.1835556803189324e-06,1.1881661189135326,2.5944268781161443e-06
FL-2009-000267-SRB,FL-2009-000267-SRB,0.28491316317279214,3.524724229138619e-06,0.7348109754309236,2.590006048938359e-06
FL-2016-000042-KEN,FL-2016-000042-KEN,0.27417986738019945,2.4007979980076026e-06,1.0774902859535458,2.586836521389912e-06
FL-2009-000102-HTI,FL-2009-000102-HTI,0.2789888210908832,2.856722248346633e-06,0.9021112794083416,2.5770813623702553e-06
FL-2007-000155-ROM,FL-2007-000155-ROM,0.278852939667473,2.84283904634169e-06,0.8986487971175168,2.554713889393668e-06
FF-2020-000158-SRB,FF-2020-000158-SRB,0.27208527372898583,2.223567756350212e-06,1.1226898183568608,2.496376880480992e-06
FL-2023-000241-TZA,FL-2023-000241-TZA,0.2748998409403729,2.464591155160122e-06,1.0126708213468447,2.4958195493801695e-06
FF-2011-000066-TJK,FF-2011-000066-TJK,0.27442308408994465,2.422179968716266e-06,1.0235216039879442,2.479153526727941e-06
FF-2009-000201-PHL,FF-2009-000201-PHL,0.2788202596715895,2.8395091553765747e-06,0.8698163539289835,2.4698515004776195e-06
FL-2014-000079-PHL,FL-2014-000079-PHL,0.27391327074363914,2.377555905660171e-06,1.0365063874391671,2.4643518827104813e-06
FL-2006-000158-PRK,FL-2006-000158-PRK,0.27489108434190357,2.4638062022914825e-06,0.9986709167128025,2.4605315986451232e-06
FL-2014-000005-IDN,FL-2014-000005-IDN,0.2676353145428044,1.8855331895893662e-06,1.2967973978194893,2.445154533761772e-06
Pakistan: Floods - Jul 1993,Pakistan: Floods - Jul 1993,0.27310673399454843,2.3084692119270905e-06,1.0550156272267153,2.4354710935548204e-06
FL-2002-000755-CRI,FL-2002-000755-CRI,0.2846353310037587,3.49050342738345e-06,0.6950172098350388,2.425959953019685e-06
Mongolia: Flash Floods - Aug 1994,Mongolia: Flash Floods - Aug 1994,0.275768941089545,2.5436275194192284e-06,0.944597599391765,2.4027044485902332e-06
FL-2015-000088-IRN,FL-2015-000088-IRN,0.2670782397152112,1.8466519621062203e-06,1.2747350017900236,2.3539918922210236e-06
1,1,0.265077799896268,1.7129061694495547e-06,1.3688588888282904,2.3447268357798406e-06
FF-2020-000006-IRN,FF-2020-000006-IRN,0.2676510078756271,1.8866391015297744e-06,1.2339055159670984,2.327934394016799e-06
FL-2020-000242-COL,FL-2020-000242-COL,0.27036495114028936,2.0869109122200207e-06,1.1047518015144244,2.3055185898751788e-06
FL-2005-000171-SLV,FL-2005-000171-SLV,0.2708915380158012,2.1279155564468117e-06,1.0823968914043698,2.303249183469029e-06
FF-2009-000159-PAK,FF-2009-000159-PAK,0.276579502333225,2.619388451055241e-06,0.8753042401744937,2.2927618178727516e-06
FL-1999-000253-PHL,FL-1999-000253-PHL,0.26522823981082,1.7226523105995992e-06,1.2987188406129038,2.2372410116010514e-06
FL-2007-000012-BOL,FL-2007-000012-BOL,0.27168559380834295,2.1911197054655148e-06,1.019120716977021,2.233015485216494e-06
FL-2005-000196-LKA,FL-2005-000196-LKA,0.265745048918434,1.756514824779692e-06,1.2685548662514894,2.2282354286171604e-06
FF-2012-000118-AFG,FF-2012-000118-AFG,0.2672835724027651,1.8608984438428664e-06,1.1956061386296777,2.2249016028249455e-06
FL-2023-000104-IND,FL-2023-000104-IND,0.27170254098089064,2.1924868632991365e-06,1.0105589096694154,2.215637134040092e-06
FL-1991-000009-VNM,FL-1991-000009-VNM,0.26771141167160484,1.8909012176318555e-06,1.1677435677731713,2.2080877341840567e-06
FL-2023-000144-SVN,FL-2023-000144-SVN,0.2629530748859513,1.5804564628607432e-06,1.3855662998699905,2.189827213351573e-06
FL-2023-000196-LKA,FL-2023-000196-LKA,0.26867082439437695,1.959769882503634e-06,1.1173802450335497,2.1898081515212817e-06
FF-2018-000030-KEN,FF-2018-000030-KEN,0.2689045403022584,1.976884749234021e-06,1.1016965741279998,2.177927155677011e-06
FL-2009-000100-DOM,FL-2009-000100-DOM,0.2730421166910383,2.30301316421581e-06,0.9379811605173907,2.1601829604579735e-06
1986-07-01T00:00:00+00:00,1986-07-01T00:00:00+00:00,0.2841882166790796,3.4360594377157837e-06,0.6247700658964721,2.146747081325885e-06
FL-2008-000213-PER,FL-2008-000213-PER,0.2754643275216372,2.5156699340193885e-06,0.8529320322371361,2.145695469261019e-06
FL-2021-000005-IDN,FL-2021-000005-IDN,0.2703608997763087,2.0865982139370266e-06,1.0205820190497432,2.1295446181254388e-06
FL-2011-000102-BRA,FL-2011-000102-BRA,0.26818470787748777,1.924598326255261e-06,1.1038786858666811,2.1245230712078713e-06
FL-2001-000453-IRN,FL-2001-000453-IRN,0.2744844109417221,2.4275983956658527e-06,0.8717258436729041,2.116200259560804e-06
FL-2016-000080-BFA,FL-2016-000080-BFA,0.2665387471642127,1.8096872239168244e-06,1.1662442397342112,2.110537300613592e-06
FL-2009-000206-HTI,FL-2009-000206-HTI,0.27359336785885685,2.3499339464544127e-06,0.8977256390746227,2.1095959538639377e-06
FL-2006-000121-MKD,FL-2006-000121-MKD,0.27231071588575473,2.242060456102746e-06,0.9374606289413403,2.1018434053025887e-06
FL-2019-000048-TZA,FL-2019-000048-TZA,0.2649242735282135,1.7030112657964136e-06,1.2213880740169378,2.080037649960229e-06
FL-2013-000104-MLI,FL-2013-000104-MLI,0.27027064584935223,2.079643028099986e-06,0.9989817011392044,2.0775253299736105e-06
FL-2020-000206-COD,FL-2020-000206-COD,0.267471157739678,1.873999951681817e-06,1.0973603002618633,2.056453149668276e-06
FF-2007-000185-TUN,FF-2007-000185-TUN,0.2716713461665544,2.189970917186097e-06,0.9208073231488003,2.016541258027853e-06
Chad: Floods - Sep 1988,Chad: Floods - Sep 1988,0.2672234380473259,1.8567159682402156e-06,1.0852717500654687,2.01504138822656e-06
subject,subject,0.262240460555852,1.5381439779639202e-06,1.3062248250149238,2.0091618484636805e-06
FL-2008-000239-NIC,FL-2008-000239-NIC,0.27060905444824795,2.1058296579522147e-06,0.9387623897424877,1.9768736820898267e-06
FL-2008-000079-LKA,FL-2008-000079-LKA,0.27000839894255924,2.0595518801609397e-06,0.9571957497487085,1.971394306077013e-06
FL-2012-000183-COL,FL-2012-000183-COL,0.2658954334693666,1.766480255398403e-06,1.1081396423212708,1.9575067983847734e-06
FL-1999-000423-TGO,FL-1999-000423-TGO,0.2677649044475897,1.8946829224728376e-06,1.0262432439346245,1.9444055485860597e-06
FF-2008-000092-KEN,FF-2008-000092-KEN,0.2681569931819717,1.9226103360047284e-06,1.0067078859630323,1.9355069868899954e-06
FL-2007-000035-AFG,FL-2007-000035-AFG,0.26902672698028723,1.985885842486209e-06,0.9702882879212498,1.926881774112993e-06
FL-2014-000159-MAR,FL-2014-000159-MAR,0.2619303796039176,1.5200529740686837e-06,1.2669680436793196,1.925858542844732e-06
FL-2009-000139-PAK,FL-2009-000139-PAK,0.26860164846001977,1.9547298136453584e-06,0.9836480205002447,1.922766111805069e-06
FL-2010-000042-SRB,FL-2010-000042-SRB,0.26618784339133067,1.7860029698879745e-06,1.0641610204580652,1.900594742977122e-06
El Salvador: Floods - Oct 2018,El Salvador: Floods - Oct 2018,0.2601694663166194,1.420899171103231e-06,1.3349509665500126,1.8968307218343697e-06
FL-2012-000172-MLI,FL-2012-000172-MLI,0.2699110667407819,2.0521396717109192e-06,0.9191592364455828,1.8862431337294975e-06
FL-2011-000156-HTI,FL-2011-000156-HTI,0.2686864815566628,1.9609122649418017e-06,0.9608791245942916,1.884199660543488e-06
FL-2009-000080-AFG,FL-2009-000080-AFG,0.26904357650292904,1.987129981355803e-06,0.9418755588090846,1.871629161615783e-06
FL-2010-000219-PHL,FL-2010-000219-PHL,0.2636824075783306,1.6248435622468514e-06,1.141795195185297,1.8552385723012168e-06
FL-2013-000076-PRY,FL-2013-000076-PRY,0.2604545100374937,1.4365436306055583e-06,1.291359570120468,1.8550943652780903e-06
FL-2009-000186-TCD,FL-2009-000186-TCD,0.2683762405828993,1.938387720721706e-06,0.9539321905487659,1.8490904445608862e-06
FL-2016-000071-LBR,FL-2016-000071-LBR,0.26645579708915357,1.8040631396266824e-06,1.0193781830294557,1.8390226053430628e-06
FL-2008-000198-BLZ,FL-2008-000198-BLZ,0.26300588802213165,1.5836336207124768e-06,1.1420312108925819,1.8085590214724735e-06
FL-2014-000004-COL,FL-2014-000004-COL,0.262635809395458,1.5614906998611302e-06,1.1530726697303297,1.8005122500479543e-06
FF-2014-000015-ZWE,FF-2014-000015-ZWE,0.2624607361975605,1.5511129610954237e-06,1.1599076147138132,1.7991477348558726e-06
FL-2025-000045-COD,FL-2025-000045-COD,0.262585144847981,1.5584810729946398e-06,1.1530761769304614,1.7970473974671427e-06
1995-09-00T00:00:00+00:00,1995-09-00T00:00:00+00:00,0.281038944382158,3.073725323958268e-06,0.5841419555859526,1.7954919216710483e-06
FL-2001-000029-BOL,FL-2001-000029-BOL,0.2663971212893428,1.800094375771879e-06,0.9901822298032961,1.7824214628581714e-06
Afghanistan: Flash Floods - Sep 1992,Afghanistan: Flash Floods - Sep 1992,0.26338695225075476,1.6067287668663516e-06,1.103779548130716,1.7734743522603641e-06
FF-2007-000082-PAK,FF-2007-000082-PAK,0.26555476622457763,1.7439780165731976e-06,1.0098825024924718,1.7612128836687982e-06
Sri Lanka: Floods and Landslides - Feb 1986,Sri Lanka: Floods and Landslides - Feb 1986,0.26214368307180547,1.5324770133236779e-06,1.1439959056746454,1.7531474287827964e-06
Philippines: Floods - Jun 1990,Philippines: Floods - Jun 1990,0.2694466257138468,2.0171002948436683e-06,0.8681427258296911,1.7511309482374558e-06
FF-2020-000191-AFG,FF-2020-000191-AFG,0.25999874539596113,1.4116028392404453e-06,1.231578444091277,1.7384996284265765e-06
FL-2022-000331-SLV,FL-2022-000331-SLV,0.26416701550871513,1.6549538849208854e-06,1.046746663649171,1.7323174575341708e-06
FL-2020-000029-TZA,FL-2020-000029-TZA,0.26404160027269763,1.6471136340347307e-06,1.0495762709803076,1.7287713858909956e-06
FL-2007-000220-SRB,FL-2007-000220-SRB,0.26942805670193914,2.0157106338767307e-06,0.8529797073218023,1.7193602665296182e-06
FL-1997-000166-ROM,FL-1997-000166-ROM,0.263623387379088,1.6212103257103361e-06,1.0562978713123758,1.7124810159974715e-06
FL-2018-000058-COL,FL-2018-000058-COL,0.2652869577104091,1.726469828486121e-06,0.991294406755453,1.711439884410338e-06
Belarus: Floods - Apr 1996,Belarus: Floods - Apr 1996,0.26503715791959165,1.7102817368805197e-06,0.9975700341709333,1.7061258107018232e-06
FL-2010-000136-YEM,FL-2010-000136-YEM,0.25686104400329723,1.250208461671498e-06,1.363769613347829,1.704996310377923e-06
India: Floods - Jun 1994,India: Floods - Jun 1994,0.2637564154776562,1.6294097846611193e-06,1.040373182144351,1.6951942426850302e-06
FF-2006-000039-YEM,FF-2006-000039-YEM,0.26579784703887466,1.7600077832059932e-06,0.9450246075942967,1.6632506646871519e-06
FL-2013-000017-PNG,FL-2013-000017-PNG,0.2619206626971991,1.5194891697663497e-06,1.0931237284308373,1.6609896665652696e-06
Djibouti: Floods - Nov 1994,Djibouti: Floods - Nov 1994,0.26539116880520225,1.7332638181793885e-06,0.949468318420347,1.645679082825614e-06
FL-2019-000030-IRQ,FL-2019-000030-IRQ,0.26063370320189194,1.4464577316715162e-06,1.1268493447600907,1.629939947157215e-06
FL-2001-000079-ROM,FL-2001-000079-ROM,0.26399531428870127,1.644228552160201e-06,0.9754964355574846,1.6039390918741196e-06
FL-2018-000124-MMR,FL-2018-000124-MMR,0.26041912962245295,1.4345934070421104e-06,1.1043679108475906,1.5843189238508225e-06
FL-2019-000119-CMR,FL-2019-000119-CMR,0.2566243752303861,1.2387368311871892e-06,1.2776900520050807,1.5827217262601686e-06
FL-2014-000014-SYC,FL-2014-000014-SYC,0.261087602373302,1.4718464352576643e-06,1.0720586098274476,1.577905643261816e-06
FL-2024-000019-IRN,FL-2024-000019-IRN,0.25892790697486123,1.3545299356498424e-06,1.1462709369280168,1.5526582984343912e-06
FL-2013-000108-SSD,FL-2013-000108-SSD,0.25865782112942226,1.340467067143817e-06,1.1472056468348109,1.5377913888234846e-06
FL-2017-000017-PAK,FL-2017-000017-PAK,0.25751759418630554,1.282534521706055e-06,1.1625966759620305,1.4910703717420123e-06
FL-2009-000247-MYS,FL-2009-000247-MYS,0.2617306345914878,1.508500927690697e-06,0.9816944353369297,1.4808869664145534e-06
FL-2004-000023-CRI,FL-2004-000023-CRI,0.2736564034364618,2.3553537824320992e-06,0.6208832606204117,1.4623997363510613e-06
FL-2008-000158-PAN,FL-2008-000158-PAN,0.2629003649054715,1.5772912317989407e-06,0.9235086414861772,1.4566420827066988e-06
FL-2008-000010-BRA,FL-2008-000010-BRA,0.2627237662001808,1.566728024576362e-06,0.9286542498207508,1.4549486383361085e-06
FL-2012-000198-PAN,FL-2012-000198-PAN,0.25712567479123205,1.2631485983860828e-06,1.1516842231061208,1.4547483121998612e-06
FL-2002-000782-MKD,FL-2002-000782-MKD,0.259851185145034,1.4036118277246424e-06,1.0286208969532604,1.443784457208327e-06
FL-2007-000111-GBR,FL-2007-000111-GBR,0.2609216546716582,1.462518067714547e-06,0.9829526883830424,1.4375860664687864e-06
Thailand: Floods and Mudslides - Nov 1988,Thailand: Floods and Mudslides - Nov 1988,0.2518279854391211,1.0257461898809934e-06,1.395522734002979,1.4314521272958627e-06
FL-2010-000031-PRT,FL-2010-000031-PRT,0.25405341846241575,1.1200835786098402e-06,1.2669155831916283,1.4190513402178518e-06
FL-2021-000213-STP,FL-2021-000213-STP,0.2550009438859564,1.1625667018795255e-06,1.21326547331372,1.4105020398146328e-06
Iran: Flash Floods - Jul 1996,Iran: Flash Floods - Jul 1996,0.25931507939646553,1.3749209233290214e-06,1.0233099144994446,1.4069702124953184e-06
FL-2000-000265-COL,FL-2000-000265-COL,0.2633694049249361,1.605658655306794e-06,0.8757434779822016,1.406145095250597e-06
FL-2020-000237-LKA,FL-2020-000237-LKA,0.2575656386326397,1.2849293258029776e-06,1.0827634742900054,1.3912745410235465e-06
FL-2019-000156-DJI,FL-2019-000156-DJI,0.25806758939445906,1.3101911180817384e-06,1.0579254007457344,1.386084463650125e-06
FL-2024-000168-DZA,FL-2024-000168-DZA,0.2582191493253323,1.317906076972053e-06,1.0502118589927467,1.3840805910746577e-06
FF-2020-000138-TJK,FF-2020-000138-TJK,0.2605750924896739,1.4432082602009587e-06,0.9245550834716685,1.3343255334770988e-06
FL-2013-000085-NIC,FL-2013-000085-NIC,0.2553280952817254,1.1775681606543286e-06,1.1269320283443198,1.3270392757998723e-06
FL-2005-000208-BIH,FL-2005-000208-BIH,0.26061685107818916,1.445522749238805e-06,0.9162380586784109,1.3244429575380422e-06
FL-2009-000101-PAN,FL-2009-000101-PAN,0.25948986074910996,1.3842162070914597e-06,0.9534059909197259,1.3197200245691776e-06
FL-2006-000156-TUR,FL-2006-000156-TUR,0.2553562430962365,1.178866976527748e-06,1.1004723456560104,1.2973105068758999e-06
FL-2004-000100-PAN,FL-2004-000100-PAN,0.256979003536567,1.2559617336054798e-06,1.0286129960378907,1.2918985617128757e-06
FL-2007-000210-PHL,FL-2007-000210-PHL,0.25963859988094984,1.392171007039572e-06,0.9253870742606627,1.2882970550748701e-06
FL-1999-000132-BLR,FL-1999-000132-BLR,0.2579256652914218,1.3030035361106873e-06,0.974119865323752,1.2692816291125154e-06
FL-2023-000042-SYR,FL-2023-000042-SYR,0.2586623640815358,1.3407025194875992e-06,0.9456166805369497,1.2677906660653888e-06
FL-1999-000071-MOZ,FL-1999-000071-MOZ,0.2567996220310851,1.2472221119457624e-06,1.007486678899522,1.256559663414284e-06
FL-2021-000129-VEN,FL-2021-000129-VEN,0.2514423679978226,1.0101470052793348e-06,1.2359545412754298,1.2484957785307694e-06
Chad: Floods in Am Timan - Jul 1985,Chad: Floods in Am Timan - Jul 1985,0.255674669978477,1.193650104482874e-06,1.0422436500602523,1.2440742417910321e-06
FL-2024-000169-AUT,FL-2024-000169-AUT,0.25778487393596233,1.2959084041132228e-06,0.9517727962928261,1.2334103655222159e-06
FF-2006-000163-AFG,FF-2006-000163-AFG,0.25581172807335606,1.2000642957351227e-06,1.0230726450626195,1.2277529532829417e-06
Hungary: Floods - Mar 1999,Hungary: Floods - Mar 1999,0.2585718215953552,1.3360168936702906e-06,0.9105346924279767,1.216489731356659e-06
FL-2021-000092-CRI,FL-2021-000092-CRI,0.2599844511505175,1.410826958336296e-06,0.847698183481849,1.1959554497889004e-06
FL-2023-000088-ITA,FL-2023-000088-ITA,0.25250129929548953,1.0535039592181068e-06,1.135182250938361,1.1959189957976857e-06
FF-2009-000107-THA,FF-2009-000107-THA,0.25511102688237647,1.1675952216393612e-06,1.0240911244438284,1.1957239034238945e-06
FL-2018-000144-PRK,FL-2018-000144-PRK,0.2537618364617659,1.1072943557180594e-06,1.0698843437963756,1.1846768951568466e-06
FF-2013-000113-ROM,FF-2013-000113-ROM,0.24785514125726726,8.749421097336083e-07,1.3494636441975612,1.1807025678630176e-06
FL-2006-000030-SRB,FL-2006-000030-SRB,0.26225290211805957,1.5388738805921452e-06,0.7659743515955046,1.1787379228738265e-06
FL-1998-000193-ROM,FL-1998-000193-ROM,0.256184150790951,1.2176502989767197e-06,0.963506236832878,1.173213657345488e-06
ST-2022-000138-MDG,ST-2022-000138-MDG,0.2513729153434088,1.0073602732087261e-06,1.1583807019765697,1.1669067004228333e-06
FL-2000-000187-ROM,FL-2000-000187-ROM,0.25357741510256726,1.099273363016619e-06,1.0573179499339493,1.1622814586017298e-06
FL-2020-000019-MDG,FL-2020-000019-MDG,0.2538367819557038,1.1105689655473997e-06,1.043786590716556,1.1591969943043325e-06
FL-2000-000191-HUN,FL-2000-000191-HUN,0.25431780934363163,1.1317949185434154e-06,1.016070329308817,1.1499832355944537e-06
FL-2015-000039-KAZ,FL-2015-000039-KAZ,0.2499280302834689,9.509324434453386e-07,1.2043264756829248,1.145233118227077e-06
Djibouti: Floods - Apr 2004,Djibouti: Floods - Apr 2004,0.25470219856784254,1.1490182791927894e-06,0.9882468827637481,1.13551373265084e-06
FF-2007-000100-MLI,FF-2007-000100-MLI,0.2535294864588321,1.0971973937679394e-06,1.032850525424288,1.1332409046473756e-06
FF-2008-000186-COD,FF-2008-000186-COD,0.25327148292979984,1.0860827904242467e-06,1.0305191131072475,1.1192290739490393e-06
FL-2008-000232-CRI,FL-2008-000232-CRI,0.2664539857082009,1.8039405021881808e-06,0.615992904616921,1.1112145496990046e-06
FL-2009-000192-MEX,FL-2009-000192-MEX,0.2546682434939277,1.147487408876996e-06,0.966761847016349,1.1093470468339292e-06
FL-2019-000094-GTM,FL-2019-000094-GTM,0.25000337441144466,9.538030478062356e-07,1.1627948729486577,1.1090772937918943e-06
FL-2005-000209-THA,FL-2005-000209-THA,0.24917390614491355,9.226258196634372e-07,1.1913966804489575,1.0992133388435176e-06
FL-2018-000034-BLR,FL-2018-000034-BLR,0.24799522398126503,8.79899701598103e-07,1.2389029264369613,1.0901103152808988e-06
FL-2005-000111-ROM,FL-2005-000111-ROM,0.25380326394214114,1.10910337988928e-06,0.9764074974737552,1.0829368555973755e-06
FF-2012-000107-SLB,FF-2012-000107-SLB,0.24721843162543938,8.527239657537641e-07,1.2688330044270801,1.0819643114143232e-06
FL-2003-000389-BFA,FL-2003-000389-BFA,0.251606613340419,1.0167648431475394e-06,1.0605355785233375,1.078315291149666e-06
FL-2024-000167-THA,FL-2024-000167-THA,0.24641133480388366,8.252904372473583e-07,1.2835865378512363,1.0593316950680697e-06
FL-2003-000229-LKA,FL-2003-000229-LKA,0.24804502648061336,8.816683173677245e-07,1.1976431040334385,1.0559239803402204e-06
FL-2019-000031-SYR,FL-2019-000031-SYR,0.24830884595208533,8.910907076197939e-07,1.178799139258512,1.0504169591434714e-06
FL-2002-000540-DZA,FL-2002-000540-DZA,0.2516502857315794,1.0185310626867304e-06,1.0289137907994723,1.0479806567560187e-06
FL-2006-000041-SRB,FL-2006-000041-SRB,0.25459453737566323,1.144170671211123e-06,0.9124205484011927,1.0439648312910135e-06
FF-2020-000140-IDN,FF-2020-000140-IDN,0.25083583395673925,9.860428566346947e-07,1.0585469561406466,1.043772664514884e-06
OT-2004-000112-COL,OT-2004-000112-COL,0.25692570096009015,1.253359048433793e-06,0.8326011254375424,1.0435481543033033e-06
FL-2011-000180-PAN,FL-2011-000180-PAN,0.2520452381152394,1.0346297626232282e-06,1.008200937283557,1.0431146964182028e-06
FL-2000-000083-ZWE,FL-2000-000083-ZWE,0.2525650702800911,1.05616768373399e-06,0.9759490430199813,1.0307658402088179e-06
FF-2012-000120-GEO,FF-2012-000120-GEO,0.24788112246086172,8.758596930798039e-07,1.170744043976996,1.0254075190327002e-06
FL-2022-000276-GMB,FL-2022-000276-GMB,0.2450469157645237,7.807147907248993e-07,1.2833775557524247,1.001951839860287e-06
FL-2019-000084-IND,FL-2019-000084-IND,0.24797307808166552,8.791142694631826e-07,1.1318124044523812,9.949924351095232e-07
FL-2013-000024-MKD,FL-2013-000024-MKD,0.25014694152960915,9.59294540101522e-07,1.012158913963861,9.709585198806179e-07
FF-2022-000278-MNG,FF-2022-000278-MNG,0.24746378812998604,8.612248794100773e-07,1.1090906111433032,9.551764278367401e-07
FL-2007-000153-GHA,FL-2007-000153-GHA,0.24730074656091527,8.555674909123554e-07,1.1152536052692246,9.541747287911488e-07
FF-2008-000194-VNM,FF-2008-000194-VNM,0.24615150067912916,8.166291499865879e-07,1.1575172522881112,9.45262329830851e-07
FL-1997-000142-CZE,FL-1997-000142-CZE,0.25281218489096613,1.0665470524521204e-06,0.8861912863935222,9.451647044117639e-07
FL-2007-000122-VNM,FL-2007-000122-VNM,0.24385486724958266,7.435570293362488e-07,1.2537362894429918,9.322244309492824e-07
FL-2009-000171-AFG,FL-2009-000171-AFG,0.2478301460929832,8.740601671645703e-07,1.0657008277559579,9.314866436557935e-07
FL-2023-000200-ZAF,FL-2023-000200-ZAF,0.24586447694483166,8.071566965583976e-07,1.1520700678179971,9.299010701437837e-07
FL-1999-000161-LKA,FL-1999-000161-LKA,0.24247787853079825,7.02621179440426e-07,1.3231195184395432,9.296517965866403e-07
FL-2010-000089-AZE,FL-2010-000089-AZE,0.24762391338293252,8.668138220997193e-07,1.0703967476559106,9.278346959987287e-07
FL-2010-000152-THA,FL-2010-000152-THA,0.24279269504278114,7.11797009185656e-07,1.2831284616978387,9.133270014375132e-07
FF-2021-000189-BIH,FF-2021-000189-BIH,0.24516487544472673,7.844811149752228e-07,1.1516117071745788,9.034176360628334e-07
FL-2011-000005-HND,FL-2011-000005-HND,0.24076712296214992,6.545937163272912e-07,1.359711468750731,8.900585834623805e-07
FL-2021-000209-MYS,FL-2021-000209-MYS,0.243630171084885,7.367339813528505e-07,1.2058191682024515,8.883679565813747e-07
Viet Nam: Floods - Oct 1996,Viet Nam: Floods - Oct 1996,0.24301496818474605,7.183403172706191e-07,1.2349455247629835,8.871111600701727e-07
FL-1999-000235-IRN,FL-1999-000235-IRN,0.24950896737330927,9.351076032359736e-07,0.9461301844417329,8.847335291225185e-07
FL-2004-000021-COL,FL-2004-000021-COL,0.2544663178373389,1.1384214118180981e-06,0.7729927578880663,8.799915067600978e-07
FF-2009-000229-SOM,FF-2009-000229-SOM,0.2440203446211388,7.486181655804562e-07,1.1613045952754697,8.693737157952762e-07
Indonesia: Floods and Landslides - Jan 1989,Indonesia: Floods and Landslides - Jan 1989,0.2392138908651897,6.135697642332042e-07,1.3981220969467434,8.578454453928464e-07
FF-2007-000008-LKA,FF-2007-000008-LKA,0.2457898845914249,8.047112198303942e-07,1.0463980201857406,8.420482272517767e-07
FL-1999-000233-SVK,FL-1999-000233-SVK,0.24073643896966196,6.537599632199656e-07,1.2632598706634384,8.258687265821879e-07
FF-2007-000081-NPL,FF-2007-000081-NPL,0.24388326375500596,7.444233433541712e-07,1.0925989789075539,8.133561848237148e-07
FL-2014-000163-COL,FL-2014-000163-COL,0.24570243335717395,8.018526634992685e-07,0.9955467519351162,7.982818146772184e-07
FL-2015-000151-BLZ,FL-2015-000151-BLZ,0.2402198393649837,6.398655405498878e-07,1.2418606118182705,7.94623811668712e-07
FL-2010-000092-LKA,FL-2010-000092-LKA,0.2406391332745748,6.511222659949521e-07,1.2070220613503797,7.859189396923573e-07
FL-1999-000240-SRB,FL-1999-000240-SRB,0.2468578147538709,8.403666361459235e-07,0.9277347612612893,7.796373405567911e-07
FL-2010-000239-MNE,FL-2010-000239-MNE,0.24556181034595786,7.972752171912737e-07,0.9720464771371192,7.749885661795092e-07
FL-2013-000013-BWA,FL-2013-000013-BWA,0.24355063047096093,7.343322158246302e-07,1.0534703310426612,7.735972025000641e-07
FF-2005-000072-TJK,FF-2005-000072-TJK,0.2367770207095149,5.538542806934444e-07,1.3809450525369613,7.648423287500296e-07
FL-2010-000096-IDN,FL-2010-000096-IDN,0.24219306635824947,6.944117447240586e-07,1.0988211437996545,7.630343076056038e-07
FF-2009-000069-IDN,FF-2009-000069-IDN,0.24726850356801047,8.544526589689626e-07,0.8612099711014543,7.35863149738221e-07
1993-08-01T00:00:00+00:00,1993-08-01T00:00:00+00:00,0.24402317058248013,7.487048663943659e-07,0.9751121616043547,7.300712206735097e-07
FL-2015-000079-CRI,FL-2015-000079-CRI,0.241288346225004,6.689034995011315e-07,1.090367135378019,7.29350392595381e-07
FL-2015-000009-ALB,FL-2015-000009-ALB,0.23952086873254824,6.214891937941758e-07,1.1668042059205903,7.251562052532412e-07
FL-2022-000312-BGR,FL-2022-000312-BGR,0.23599000889400257,5.357179106701345e-07,1.2948679116591442,6.93683932227837e-07
FL-2002-000500-IRN,FL-2002-000500-IRN,0.2438391441610902,7.430777433754073e-07,0.9286481080441721,6.900577405153049e-07
FL-2009-000122-IND,FL-2009-000122-IND,0.2486654125688113,9.039695981528325e-07,0.7572559930408027,6.845363957279185e-07
FL-2021-000001-MYS,FL-2021-000001-MYS,0.238953691140401,6.069283651474847e-07,1.117116405697843,6.780096337896261e-07
FL-2001-000096-UKR,FL-2001-000096-UKR,0.23973654555595622,6.271081304419036e-07,1.0716577207512192,6.720452697339287e-07
FL-2004-000052-JPN,FL-2004-000052-JPN,0.23997594009534337,6.333984799430298e-07,1.0587350877770016,6.70601195260303e-07
FF-2008-000202-MAR,FF-2008-000202-MAR,0.24269476297961615,7.089311338860974e-07,0.9260497109629775,6.565054716278764e-07
FL-2024-000024-DZA,FL-2024-000024-DZA,0.2366201909333564,5.50196729667244e-07,1.1597469097454667,6.380889569836482e-07
FL-2024-000064-RWA,FL-2024-000064-RWA,0.23239541085170123,4.5948937901106084e-07,1.3163910113884745,6.048676883586325e-07
FL-2006-000023-DZA,FL-2006-000023-DZA,0.2394722639179036,6.202291867688875e-07,0.9697453972774113,6.014643991262405e-07
FL-2012-000042-COL,FL-2012-000042-COL,0.2366642485466032,5.512220299689291e-07,1.0883756360583356,5.999366274768002e-07
FF-2015-000115-MKD,FF-2015-000115-MKD,0.23417144059761555,4.958373945375865e-07,1.2098817209656998,5.999046002222838e-07
FL-2010-000251-CRI,FL-2010-000251-CRI,0.23592344519088362,5.342087730357054e-07,1.1052106563104114,5.904132286535715e-07
FL-2017-000054-BFA,FL-2017-000054-BFA,0.2323560901180297,4.587125259195361e-07,1.26465349431215,5.80112398788894e-07
FL-2004-000036-MKD,FL-2004-000036-MKD,0.23763218268878322,5.74185962628231e-07,0.9980071080496405,5.730416720452999e-07
FL-2015-000056-COL,FL-2015-000056-COL,0.23463573524002374,5.057566043958087e-07,1.1169319001335634,5.648956851529095e-07
FL-2010-000225-PAN,FL-2010-000225-PAN,0.2343306092148802,4.992179770643317e-07,1.1284651586517427,5.633500936897031e-07
FL-2015-000131-SLE,FL-2015-000131-SLE,0.23294999020755686,4.705729568506587e-07,1.1427229576603417,5.377345210473571e-07
FL-2023-000131-GTM,FL-2023-000131-GTM,0.23450202207649545,5.028818012400369e-07,1.0605795468095311,5.333461528579191e-07
FL-2013-000101-LAO,FL-2013-000101-LAO,0.2331962226997027,4.7557072719929945e-07,1.1048841434150625,5.254505555548763e-07
FL-2008-000170-DOM,FL-2008-000170-DOM,0.238004753420952,5.832520965035986e-07,0.8986920832348044,5.241640416578863e-07
Sri Lanka: Floods - Jun 1989,Sri Lanka: Floods - Jun 1989,0.2366683711466055,5.513180582494602e-07,0.9466660273505467,5.219140760096338e-07
FL-2008-000032-KAZ,FL-2008-000032-KAZ,0.23510449494550142,5.15952028778109e-07,0.9978373267784768,5.1483619314188e-07
FL-2019-000145-TZA,FL-2019-000145-TZA,0.23203962815029255,4.525031515418862e-07,1.1357699773076055,5.139394941583481e-07
FL-2008-000103-SLV,FL-2008-000103-SLV,0.23389000225151999,4.899103117062549e-07,1.0346663695692608,5.068937236276557e-07
FL-2012-000110-IND,FL-2012-000110-IND,0.23692152389921572,5.572437086811368e-07,0.9076110411740193,5.057605426237585e-07
FL-2022-000365-PAN,FL-2022-000365-PAN,0.22977196753957901,4.101761753923964e-07,1.231111202769136,5.049724846345772e-07
FL-2007-000086-PAN,FL-2007-000086-PAN,0.2383531794476481,5.918470599411497e-07,0.8477798095902991,5.017559877834862e-07
FL-2002-000788-LKA,FL-2002-000788-LKA,0.23525996332206245,5.193740535956089e-07,0.9639019405394029,5.006256581266232e-07
FL-2007-000106-IDN,FL-2007-000106-IDN,0.23584258981405465,5.323807606593562e-07,0.9201287593720849,4.898588488190603e-07
FL-2024-000215-CRI,FL-2024-000215-CRI,0.23686616151879944,5.559429438647335e-07,0.8201727122971342,4.5596923215199185e-07
FF-2009-000196-IDN,FF-2009-000196-IDN,0.23437821410448595,5.002330793761394e-07,0.9083004588291629,4.5436193551887246e-07
FL-2005-000194-COL,FL-2005-000194-COL,0.2355528667864065,5.258767154076646e-07,0.863710436619626,4.542052074728488e-07
FL-2008-000243-PNG,FL-2008-000243-PNG,0.22805056484133718,3.8046220669063664e-07,1.173640633936972,4.4652590544945806e-07
FL-2002-000020-IRN,FL-2002-000020-IRN,0.23154596102920927,4.4296773877825626e-07,0.995515429386739,4.4098121867430863e-07
FL-2024-000098-SLV,FL-2024-000098-SLV,0.22515912111560632,3.3488480909155216e-07,1.2955779011577304,4.3386935809244037e-07
FL-2009-000031-DOM,FL-2009-000031-DOM,0.23105228664032051,4.3361341449486235e-07,0.9531752822708737,4.1330958875757777e-07
FF-2022-000309-SLE,FF-2022-000309-SLE,0.2242638018800871,3.21804270787641e-07,1.196452650536421,3.8502357273781327e-07
FL-2019-000058-TJK,FL-2019-000058-TJK,0.22949683561466974,4.052910534386413e-07,0.9455169340537894,3.832095542467347e-07
1988-08-01T00:00:00+00:00,1988-08-01T00:00:00+00:00,0.2322209373672289,4.560513416501143e-07,0.8249538870093336,3.762213269700834e-07
FL-2010-000118-GHA,FL-2010-000118-GHA,0.22441815123804149,3.240259579130051e-07,1.1468698410721812,3.716155988549494e-07
FF-2021-000098-MNG,FF-2021-000098-MNG,0.2245980055579211,3.2663216825526856e-07,1.1320748662636826,3.6977206819499984e-07
FL-2009-000172-BFA,FL-2009-000172-BFA,0.22381785398662804,3.1546216036866547e-07,1.1667415435722015,3.6806280792715813e-07
FL-2007-000194-GTM,FL-2007-000194-GTM,0.2260930291469762,3.4903720699020246e-07,1.041926920218741,3.636712621210528e-07
FL-2008-000250-THA,FL-2008-000250-THA,0.22650820117913473,3.5549975951200743e-07,0.9628755515870862,3.4230202702920065e-07
FL-2019-000015-PER,FL-2019-000015-PER,0.22067314780710948,2.7383874815693983e-07,1.2387880992853906,3.3922818234002626e-07
FL-2020-000213-LAO,FL-2020-000213-LAO,0.2204731419034084,2.7136692382095093e-07,1.1779112023169338,3.196461395069841e-07
FL-2016-000009-IDN,FL-2016-000009-IDN,0.22001222334225107,2.657468334636324e-07,1.1491797495702376,3.053908795288207e-07
FL-2019-000136-SLV,FL-2019-000136-SLV,0.21687432669190648,2.3018734208601312e-07,1.3263875340879325,3.053176210477223e-07
FF-2020-000156-UKR,FF-2020-000156-UKR,0.22084551660886853,2.7598524919018346e-07,1.0262202808011436,2.8322165992092366e-07
FL-2020-000200-BFA,FL-2020-000200-BFA,0.2177387791637831,2.3952885337247596e-07,1.179752844001357,2.8258484598656255e-07
FL-2017-000057-LKA,FL-2017-000057-LKA,0.22349275461323953,3.1090985163298223e-07,0.8831246219930485,2.7457214519729224e-07
FL-2021-000096-PAN,FL-2021-000096-PAN,0.21988334934083348,2.641942958919662e-07,1.037436087285692,2.7408469661335976e-07
FL-2011-000032-THA,FL-2011-000032-THA,0.2124957609169215,1.877166119832848e-07,1.4229083066092745,2.67103526479566e-07
FF-2009-000160-LKA,FF-2009-000160-LKA,0.2146583906703654,2.0772018015596195e-07,1.2785216004261617,2.655747371738111e-07
FL-2012-000071-NPL,FL-2012-000071-NPL,0.21482243997479394,2.0931311954842977e-07,1.255510001310555,2.627947149985654e-07
FL-2005-000001-CRI,FL-2005-000001-CRI,0.22779525237249068,3.7622416264331303e-07,0.6942423209153187,2.61190735857916e-07
FL-1999-000053-PHL,FL-1999-000053-PHL,0.21453829487503207,2.065609611712165e-07,1.2432398621173615,2.5680482088533285e-07
FL-2024-000123-BFA,FL-2024-000123-BFA,0.21430696539236574,2.0434445945244052e-07,1.1979418788258864,2.4479278568411675e-07
FL-2021-000078-GTM,FL-2021-000078-GTM,0.2161318764105855,2.2242737644234543e-07,1.0813671758288972,2.4052566389049007e-07
FL-2008-000197-COL,FL-2008-000197-COL,0.22045534831597915,2.711479929444374e-07,0.8805586057383387,2.387616986159027e-07
FL-2008-000117-ROM,FL-2008-000117-ROM,0.2168755901453605,2.302007525537878e-07,1.0292424136351432,2.3693237817908692e-07
FL-2008-000191-CRI,FL-2008-000191-CRI,0.22681122221970731,3.602843426141647e-07,0.6221635888955922,2.2415579962371787e-07
FL-2012-000205-LKA,FL-2012-000205-LKA,0.21444399806069525,2.0565484974310394e-07,1.0845827244475248,2.23049697230222e-07
FF-2008-000178-DZA,FF-2008-000178-DZA,0.2125154708628392,1.8789080035065985e-07,1.1191395672477698,2.1027602899427456e-07
FF-2008-000216-PSE,FF-2008-000216-PSE,0.21338220685369125,1.9569603387913358e-07,0.9874551540726246,1.932410572855214e-07
FL-1998-000224-SVK,FL-1998-000224-SVK,0.20841122592056854,1.546005669297991e-07,1.2251616258519693,1.8941068193734885e-07
FL-2023-000236-DOM,FL-2023-000236-DOM,0.20716483072646352,1.4559963780395128e-07,1.3006578060128464,1.8937530546235236e-07
FL-2005-000063-SRB,FL-2005-000063-SRB,0.21436847515274718,2.049317210566193e-07,0.8449809676901925,1.7316340396883878e-07
FL-1999-000391-MEX,FL-1999-000391-MEX,0.2120522523959127,1.838352959079931e-07,0.9381273009124613,1.7246090996260923e-07
FF-2024-000087-ARM,FF-2024-000087-ARM,0.2063911175502004,1.4025231109864664e-07,1.124649599359199,1.5773470548629468e-07
FL-2006-000125-THA,FL-2006-000125-THA,0.20652667166382474,1.4117619126342865e-07,1.0964339239819898,1.5479036535979297e-07
FL-2002-000367-SRB,FL-2002-000367-SRB,0.21130719626660838,1.7747732576932202e-07,0.8641325154688277,1.5336392795572485e-07
FL-2016-000117-ALB,FL-2016-000117-ALB,0.20530231873459898,1.3302661626024452e-07,1.116507802929084,1.4852525505181598e-07
FF-2019-000018-AFG,FF-2019-000018-AFG,0.20340162925992497,1.2121162492075668e-07,1.1776802420532055,1.4274853577633909e-07
FL-2011-000061-DOM,FL-2011-000061-DOM,0.2052745283934656,1.3284665706628117e-07,1.0300527521279053,1.3683906472211496e-07
1993-12-01T00:00:00+00:00,1993-12-01T00:00:00+00:00,0.20999068813499372,1.6672486225298741e-07,0.8154353086906252,1.3595333951766677e-07
FF-2010-000094-HUN,FF-2010-000094-HUN,0.2010795198941814,1.0806334240862798e-07,1.2165899177350536,1.3146877285108766e-07
FL-2005-000110-BIH,FL-2005-000110-BIH,0.20552026655570607,1.3444558503516718e-07,0.9602566282387353,1.291022641674538e-07
FL-2003-000481-HND,FL-2003-000481-HND,0.20339341906964767,1.2116270742856144e-07,0.9978785950240384,1.209056722581215e-07
FL-2024-000214-COL,FL-2024-000214-COL,0.19799350243359326,9.257833849675586e-08,1.3048261520736573,1.207986371860945e-07
FL-2005-000017-VEN,FL-2005-000017-VEN,0.2048482415540943,1.3011351295376455e-07,0.9176096119267544,1.193934101279306e-07
FL-2014-000070-LKA,FL-2014-000070-LKA,0.19617642169870603,8.4424420143083e-08,1.2712089853111195,1.0732108146556818e-07
FL-2009-000216-ITA,FL-2009-000216-ITA,0.19805573539851437,9.286974101241906e-08,1.1196820788761856,1.0398458468147833e-07
FL-2010-000119-PAN,FL-2010-000119-PAN,0.1987132305601143,9.599924977616565e-08,1.0125237531271618,9.720152068075509e-08
FF-2019-000029-IDN,FF-2019-000029-IDN,0.1948798728753443,7.900778319824177e-08,1.2237138559090974,9.668291902435044e-08
FL-2016-000054-HTI,FL-2016-000054-HTI,0.19485124948235916,7.889181551687276e-08,1.16982926460923,9.22899545297903e-08
FL-2024-000182-SLE,FL-2024-000182-SLE,0.1942436467411942,7.646597480982144e-08,1.178286929715142,9.00988586863399e-08
FL-2019-000034-BOL,FL-2019-000034-BOL,0.19291251983550645,7.138453559682108e-08,1.2187179470762803,8.699761467555144e-08
FL-2003-000585-MKD,FL-2003-000585-MKD,0.1955308328286623,8.16869161347359e-08,1.044377937487487,8.531201299250881e-08
FF-2013-000084-GEO,FF-2013-000084-GEO,0.18848883496838664,5.660519633840581e-08,1.2112001793088392,6.856022395488916e-08
Bhutan: Flash Flood - Oct 1994,Bhutan: Flash Flood - Oct 1994,0.18691232447198025,5.204504456789886e-08,1.27391472999028,6.630094889804696e-08
FL-2018-000134-IND,FL-2018-000134-IND,0.19227166506727394,6.904828131228156e-08,0.9601907828334073,6.629952328654096e-08
FL-2015-000171-PRY,FL-2015-000171-PRY,0.19041841231720408,6.267428634673083e-08,1.0574697968975482,6.627616485377623e-08
FL-2019-000135-GHA,FL-2019-000135-GHA,0.19097797894261123,6.4540589869746e-08,1.0216323108198488,6.593675197030474e-08
FL-2012-000132-NPL,FL-2012-000132-NPL,0.18524476665798487,4.7583838834481486e-08,1.2592133213281245,5.991820374030962e-08
FL-2012-000200-BFA,FL-2012-000200-BFA,0.18318443896058142,4.254865019562336e-08,1.0864384324897092,4.6226488823086e-08
FL-1997-000111-ARM,FL-1997-000111-ARM,0.18152851526283914,3.8855146909924e-08,1.0966184261872387,4.260927005363481e-08
El Salvador: Floods in South Eastern Region - Oct 1992,El Salvador: Floods in South Eastern Region - Oct 1992,0.18269416018158183,4.142348688768218e-08,0.9628448857586056,3.988439250009345e-08
FF-2010-000204-LCA,FF-2010-000204-LCA,0.17820377020441125,3.229749802718801e-08,1.228383169783597,3.967370300271668e-08
FL-2020-000154-CIV,FL-2020-000154-CIV,0.17715303870102506,3.044290284909066e-08,1.204144706950617,3.665766032994438e-08
FL-2022-000374-TTO,FL-2022-000374-TTO,0.16525400990523192,1.518868113672981e-08,1.3478906419910999,2.0472681168384854e-08
FL-2020-0020-000176-SDN,FL-2020-0020-000176-SDN,0.050180139835798,1.0123219931261122e-13,0.8819420188506686,8.92809302344576e-14
