match_id,era5_event_id,cnn_bayesian_score,kg_bayesian_score,kg_rank,attribution_weight
FL-2011-000108-SEN,FL_2011_000108_SEN,0.0041975444,4.0227435907876e-06,1096.0,0.004201356883560399
FL-2021-000061-MYS,FL_2021_000061_MYS,0.0029254688,1.132521248280847,1.0,0.0034130469333333332
FL-2003-000220-NAM,FL_2003_000220_NAM,0.0025585426,5.859166105850843e-05,503.0,0.002563579101181102
FL-2012-000200-BFA,FL_2012_000200_BFA,0.0012429759,5.518357127777639e-06,1053.0,0.0012441507354442342
FL-2022-000276-GMB,FL_2022_000276_GMB,0.0009968004,1.9651313135664176e-05,822.0,0.0009980057209189844
FL-1997-000299-PRY,FL_1997_000299_PRY,0.000963139,3.943378673492338e-05,612.0,0.0009647000032414911
FL-2016-000084-PHL,FL_2016_000084_PHL,0.0008811186,0.0003403834603712,98.0,0.0008896731495145631
FF-2016-000034-YEM,FF_2016_000034_YEM,0.0006786614,1.1916709816461287e-05,937.0,0.0006793818473460723
FF-2005-000067-IDN,FF_2005_000067_IDN,0.0006490342,3.409321669301662e-05,665.0,0.0006500029077611941
FL-2008-000095-SUR,FL_2008_000095_SUR,0.00064284675,1.719767077619879e-05,857.0,0.0006435925118909513
FL-2003-000196-ARG,FL_2003_000196_ARG,0.00063447095,1.5988992846368342e-05,875.0,0.0006351919397159092
FL-2021-000043-YEM,FL_2021_000043_YEM,0.0005179626,8.819302976723566e-05,378.0,0.0005193149827676239
FL-2020-000161-BGD,FL_2020_000161_BGD,0.00037837942,1.3510832567847537e-06,1165.0,0.0003787028212136752
FL-2013-000103-YEM,FL_2013_000103_YEM,0.00036816802,9.147382951010364e-05,369.0,0.00036915242647058826
FL-2002-000321-HTI,FL_2002_000321_HTI,0.00035782479,3.915750773146931e-05,616.0,0.00035840099739130435
FL-2019-000118-SEN,FL_2019_000118_SEN,0.00034640144,5.589915293659856e-06,1052.0,0.00034672916132450334
FL-2017-000053-THA,FL_2017_000053_THA,0.0003440626,2.4347510204649893e-05,755.0,0.0003445153139473684
FL-1999-000548-YEM,FL_1999_000548_YEM,0.00032196508,0.0002442202178302,144.0,0.0003241259194630873
FL-2011-000091-BEN,FL_2011_000091_BEN,0.00030210408,1.8305050539679685e-05,842.0,0.00030246075541912634
FL-1998-000213-KGZ,FL_1998_000213_KGZ,0.0002955329,6.792353893028158e-05,457.0,0.00029617258160173166
FL-2000-000375-CHL,FL_2000_000375_CHL,0.00026089704,9.70223152251025e-06,968.0,0.0002611651767317575
FL-2005-000070-YEM,FL_2005_000070_YEM,0.00025428503,0.0003709636627747,95.0,0.00025682788030000005
FL-2008-000102-CIV,FL_2008_000102_CIV,0.00024285306,0.0004849127510825,66.0,0.0002462735256338028
FL-2020-000198-SEN,FL_2020_000198_SEN,0.00023728702,2.6129468126617565e-05,740.0,0.0002376055260671141
FL-2012-000056-PRY,FL_2012_000056_PRY,0.00020890169,0.0001539395284551,241.0,0.00020975088386178864
FL-1998-000329-BEN,FL_1998_000329_BEN,0.00020553598,4.2286085664499685e-05,593.0,0.00020587968565217394
FL-2010-000259-AUS,FL_2010_000259_AUS,0.0001886549,0.0001641884518708,227.0,0.0001894680676724138
FL-2011-000106-GHA,FL_2011_000106_GHA,0.00016490326,0.0001481208992161,249.0,0.00016555248543307087
FL-2021-000110-YEM,FL_2021_000110_YEM,0.00016211106,1.8019215434861887e-05,850.0,0.00016230066357894737
FL-2012-000051-TJK,FL_2012_000051_TJK,0.00015650001,1.697056460216821e-05,859.0,0.00015668114427083333
FL-2020-000052-COD,FL_2020_000052_COD,0.0001396957,0.0047124457518837,10.0,0.00014900874666666668
FL-2010-000118-GHA,FL_2010_000118_GHA,0.00013090475,1.2394925215129617e-05,927.0,0.00013104520574034337
FL-2007-000131-SEN,FL_2007_000131_SEN,0.0001254022,5.622107030316599e-05,515.0,0.00012564335807692308
FL-2018-000154-GHA,FL_2018_000154_GHA,0.00011279512,0.0001044222383649,332.0,0.00011312982362017805
FL-2013-000041-GHA,FL_2013_000041_GHA,0.00010346718,0.0005493916432555,58.0,0.00010510951619047619
FL-1998-000040-URY,FL_1998_000040_URY,0.000103808365,0.000325674205787,106.0,0.00010474357549549548
FL-2016-000025-SRB,FL_2016_000025_SRB,9.158904e-05,0.0140107378244663,2.0,0.00010467318857142857
FL-2018-000028-BWA,FL_2018_000028_BWA,8.842472e-05,5.096549440877291e-06,1064.0,8.850743723105706e-05
FL-2013-000083-THA,FL_2013_000083_THA,7.4817784e-05,7.153216197656663e-05,440.0,7.498591385168539e-05
FL-2007-000125-PHL,FL_2007_000125_PHL,7.372202e-05,0.0001611808101923,231.0,7.403440144067796e-05
FF-2007-000080-BGD,FF_2007_000080_BGD,7.109546e-05,4.0696283350234746e-05,605.0,7.121200993442623e-05
FL-2008-000091-SOM,FL_2008_000091_SOM,6.808033e-05,3.388738641004335e-05,667.0,6.818164001488095e-05
FF-2019-000054-YEM,FF_2019_000054_YEM,6.795253e-05,8.592631830237781e-05,388.0,6.812543720101781e-05
FL-2008-000205-IDN,FL_2008_000205_IDN,6.7785724e-05,2.436344027824565e-05,754.0,6.787503325428195e-05
FL-2012-000172-MLI,FL_2012_000172_MLI,6.687698e-05,1.991157819097275e-05,816.0,6.695843795371499e-05
FL-2000-000741-LKA,FL_2000_000741_LKA,6.5292974e-05,1.1043506700994794e-05,953.0,6.53611295052192e-05
FL-2006-000062-THA,FL_2006_000062_THA,6.3506224e-05,6.701113847194342e-05,460.0,6.364279652473118e-05
FL-2009-000132-GHA,FL_2009_000132_GHA,5.8687107e-05,0.0001936273902462,193.0,5.898350653030303e-05
FL-2018-000425-LKA,FL_2018_000425_LKA,5.464756e-05,8.740380942396208e-06,991.0,5.470242702811245e-05
FL-1997-000207-SYC,FL_1997_000207_SYC,5.420961e-05,0.0002128161775753,174.0,5.4512456983240226e-05
ST-2012-000064-COD,ST_2012_000064_COD,5.425026e-05,3.552782481802603e-05,652.0,5.433283269406393e-05
FL-2005-000105-HTI,FL_2005_000105_HTI,5.264807e-05,5.195592424321947e-05,536.0,5.2745386210720886e-05
FL-2015-000027-CHL,FL_2015_000027_CHL,5.1784154e-05,3.3732141705431854e-07,1198.0,5.1827199847049035e-05
FL-2022-000287-TCD,FL_2022_000287_TCD,4.951199e-05,2.874248930022033e-05,711.0,4.958114082402235e-05
FL-2009-000120-BWA,FL_2009_000120_BWA,4.8220118e-05,6.978348685488935e-05,449.0,4.832632971365638e-05
FF-2008-000063-PHL,FF_2008_000063_PHL,4.801463e-05,2.425476457037862e-05,756.0,4.8077724126149804e-05
FL-2005-000100-KGZ,FL_2005_000100_KGZ,4.7305162e-05,1.23886200141078e-05,928.0,4.7355864210075026e-05
FL-2002-000522-KHM,FL_2002_000522_KHM,4.555536e-05,0.0002231665348755,164.0,4.5824918343195265e-05
FL-2010-000195-MLI,FL_2010_000195_MLI,4.5232835e-05,9.286087268836172e-06,975.0,4.5278990954081626e-05
FL-2020-000172-MMR,FL_2020_000172_MMR,4.1983232e-05,1.1848007151820753e-06,1173.0,4.201887141595925e-05
FL-2012-000063-RUS,FL_2012_000063_RUS,4.1406704e-05,1.9576120414953606e-06,1153.0,4.144246108462867e-05
ST-2015-000041-PRY,ST_2015_000041_PRY,3.978721e-05,0.0002211761107077,166.0,4.0019883742690055e-05
FL-2001-000314-GHA,FL_2001_000314_GHA,3.9381906e-05,0.000406134338588,88.0,3.980536735483871e-05
FL-2019-000032-BOL,FL_2019_000032_BOL,3.8167476e-05,0.0001374167168557,265.0,3.8308837022222224e-05
FL-2006-000125-THA,FL_2006_000125_THA,3.416489e-05,0.0001148824150446,307.0,3.42743928525641e-05
FL-2006-000120-BFA,FL_2006_000120_BFA,3.222379e-05,4.031963283479155e-06,1095.0,3.2253084354545455e-05
FF-2007-000049-TJK,FF_2007_000049_TJK,2.9962042e-05,0.0004305041160419,80.0,3.0314536611764706e-05
FL-2010-000152-THA,FL_2010_000152_THA,2.9988461e-05,4.297422069028729e-05,585.0,3.00392889e-05
FL-2001-000407-IDN,FL_2001_000407_IDN,2.9740497e-05,3.108611524317396e-05,685.0,2.9783599169565213e-05
FL-2020-000019-MDG,FL_2020_000019_MDG,2.713282e-05,0.0003575264786614,96.0,2.7401461782178218e-05
FL-1999-000259-KHM,FL_1999_000259_KHM,2.5905321e-05,9.530092220390768e-06,970.0,2.593189056e-05
FL-2013-000074-HTI,FL_2013_000074_HTI,2.5733985e-05,1.2856444913225136e-05,918.0,2.5761865807150593e-05
FL-2005-000153-THA,FL_2005_000153_THA,2.387491e-05,0.0001357731623869,268.0,2.3962363882783885e-05
FL-1993-000013-PHL,FL_1993_000013_PHL,2.3852304e-05,0.0001061102238973,326.0,2.392436534138973e-05
FL-2020-000164-IND,FL_2020_000164_IND,2.385711e-05,1.316523144664413e-06,1169.0,2.387743121805792e-05
FL-2010-000072-RUS,FL_2010_000072_RUS,2.3333272e-05,0.0003979125084784,90.0,2.3578885389473685e-05
FL-2011-000063-HTI,FL_2011_000063_HTI,2.3386128e-05,5.7403763196646704e-06,1047.0,2.3408358159695814e-05
FL-2019-000156-DJI,FL_2019_000156_DJI,2.3205588e-05,0.0002130313900195,173.0,2.333595647191011e-05
FL-2020-000202-GIN,FL_2020_000202_GIN,2.2817952e-05,1.9486475864016915e-05,824.0,2.2845476670687577e-05
FL-2007-000153-GHA,FL_2007_000153_GHA,2.2106602e-05,0.0001507870368172,245.0,2.2195028408000002e-05
FL-2013-000002-PSE,FL_2013_000002_PSE,2.186018e-05,1.082126271828584e-05,956.0,2.188292732570239e-05
FL-2017-000095-GHA,FL_2017_000095_GHA,2.0962547e-05,0.0011433581509739,25.0,2.1661298566666668e-05
FL-2007-000181-HTI,FL_2007_000181_HTI,2.1498612e-05,0.0001013726343751,341.0,2.1560746716763004e-05
FF-2009-000107-THA,FF_2009_000107_THA,2.1138565e-05,0.0001512662985679,243.0,2.122380114919355e-05
FL-2013-000013-BWA,FL_2013_000013_BWA,2.1083844e-05,1.5788446753198107e-05,879.0,2.1107694502262445e-05
FL-2022-000201-ZAF,FL_2022_000201_ZAF,1.985751e-05,0.0002270215314224,160.0,1.9977858545454546e-05
FL-2015-000171-PRY,FL_2015_000171_PRY,1.9264266e-05,0.0002270643757474,159.0,1.9381731036585368e-05
FL-2006-000047-COD,FL_2006_000047_COD,1.8197821e-05,7.584997086468803e-05,429.0,1.823975146313364e-05
FL-2010-000075-TJK,FL_2010_000075_TJK,1.74796e-05,9.178332992132994e-06,979.0,1.7497363821138213e-05
FL-2007-000151-TCD,FL_2007_000151_TCD,1.6845435e-05,3.936832159298191e-05,614.0,1.6872648949919223e-05
FL-1998-000203-BGD,FL_1998_000203_BGD,1.6563816e-05,2.1658823160623884e-05,793.0,1.6584572661654136e-05
FL-2011-000156-HTI,FL_2011_000156_HTI,1.6292863e-05,0.0001481356527616,248.0,1.635726166798419e-05
FL-2012-000089-CUB,FL_2012_000089_CUB,1.618973e-05,4.035405148340196e-06,1094.0,1.6204461328480438e-05
FL-2005-000110-BIH,FL_2005_000110_BIH,1.560573e-05,0.0007341425450868,39.0,1.5960405681818182e-05
FL-2018-000004-COD,FL_2018_000004_COD,1.5711597e-05,3.85521028608372e-05,626.0,1.5736496519809825e-05
FL-2021-000108-SSD,FL_2021_000108_SSD,1.5464191e-05,0.0005937794598649,55.0,1.5721927516666665e-05
FL-2021-000173-IDN,FL_2021_000173_IDN,1.4278664e-05,2.712622948523642e-05,722.0,1.4298304528198073e-05
FL-2016-000061-RUS,FL_2016_000061_RUS,1.4132816e-05,2.0441568767735552e-05,808.0,1.4150199537515375e-05
FL-2003-000481-HND,FL_2003_000481_HND,1.398483e-05,7.028056172252201e-05,446.0,1.4015838492239468e-05
FL-2009-000127-BEN,FL_2009_000127_BEN,1.3843321e-05,4.744087117608904e-06,1073.0,1.3856162670686457e-05
FL-2014-000005-IDN,FL_2014_000005_IDN,1.3799877e-05,3.091349491536821e-05,688.0,1.3819790242424242e-05
FL-2012-000140-MMR,FL_2012_000140_MMR,1.34986285e-05,5.573081734406451e-05,519.0,1.3524389241412214e-05
FL-2015-000064-IND,FL_2015_000064_IND,1.3209696e-05,0.0001166167549546,305.0,1.3252307922580645e-05
FL-1997-000177-MMR,FL_1997_000177_MMR,1.2868678e-05,2.5786572153119363e-06,1133.0,1.2879986152899825e-05
FL-2019-000081-MMR,FL_2019_000081_MMR,1.2732394e-05,5.423700493439451e-06,1058.0,1.274437179303857e-05
FL-2012-000110-IND,FL_2012_000110_IND,1.2332622e-05,5.0989902357858616e-05,540.0,1.2355250664220183e-05
FF-2012-000107-SLB,FF_2012_000107_SLB,1.2302558e-05,4.6053767239966e-06,1078.0,1.2313917702677747e-05
FL-2013-000095-PHL,FL_2013_000095_PHL,1.2128642e-05,2.4626464130787424e-05,751.0,1.2144685177248678e-05
FL-2010-000115-MMR,FL_2010_000115_MMR,1.1970977e-05,4.515351730584271e-05,568.0,1.1991868757417102e-05
FL-2018-000034-BLR,FL_2018_000034_BLR,1.1767242e-05,1.9765984481795227e-05,817.0,1.1781557379562043e-05
FL-2005-000129-SDN,FL_2005_000129_SDN,1.10034525e-05,5.0085539802637376e-05,545.0,1.1023458777272727e-05
FL-2013-000125-BFA,FL_2013_000125_BFA,1.0980521e-05,4.477707077797396e-05,571.0,1.099958440451389e-05
FL-2009-000102-HTI,FL_2009_000102_HTI,1.0423152e-05,0.0001083803845927,322.0,1.0455027082568807e-05
FL-2007-000129-PAK,FL_2007_000129_PAK,1.0283977e-05,6.570116734271785e-06,1028.0,1.0293932447241046e-05
FL-2015-000080-MMR,FL_2015_000080_MMR,1.0074809e-05,1.9604252714338372e-05,823.0,1.0086976643719806e-05
FL-2009-000247-MYS,FL_2009_000247_MYS,9.20826e-06,0.0030020509515821,14.0,9.692905263157894e-06
FL-2010-000092-LKA,FL_2010_000092_LKA,9.21128e-06,4.318536797162146e-06,1085.0,9.21973071559633e-06
FL-2021-000068-SUR,FL_2021_000068_SUR,9.185927e-06,1.831663067315113e-05,841.0,9.196785069739953e-06
FF-2008-000199-LKA,FF_2008_000199_LKA,8.699203e-06,2.849431129638707e-07,1204.0,8.706398370554176e-06
ST-1998-000296-PHL,ST_1998_000296_PHL,8.6871105e-06,6.260736140419976e-05,478.0,8.705096236024846e-06
FL-2009-000267-SRB,FL_2009_000267_SRB,8.592352e-06,7.854533215006455e-05,419.0,8.612616981132074e-06
FL-1997-000164-BGD,FL_1997_000164_BGD,8.431657e-06,9.238346563381603e-06,976.0,8.440251961264016e-06
FL-1998-000111-TJK,FL_1998_000111_TJK,8.1713115e-06,5.388355195859482e-05,530.0,8.186584979439254e-06
FL-2019-000135-GHA,FL_2019_000135_GHA,7.92585e-06,0.0006488435308582,46.0,8.081258823529411e-06
FL-2002-000510-MEX,FL_2002_000510_MEX,7.787864e-06,0.000195347802331,190.0,7.827801764102565e-06
FL-2021-000001-MYS,FL_2021_000001_MYS,7.422573e-06,0.0022882275987231,18.0,7.74529356521739e-06
FL-2006-000018-IRQ,FL_2006_000018_IRQ,7.4932495e-06,0.0008552461186737,33.0,7.690440276315791e-06
FL-2008-000191-HND,FL_2008_000191_HND,7.620327e-06,1.5566192645149507e-05,883.0,7.628908449324325e-06
FL-2006-000156-TUR,FL_2006_000156_TUR,7.5713824e-06,0.0001372488852405,266.0,7.599321080442804e-06
FF-2020-000140-IDN,FF_2020_000140_IDN,7.491993e-06,6.081671623539267e-05,487.0,7.5072206280487795e-06
FF-2011-000143-SSD,FF_2011_000143_SSD,7.4228433e-06,1.1723049236791311e-05,942.0,7.430681571700105e-06
FL-2008-000038-ARG,FL_2008_000038_ARG,7.3665074e-06,1.7434966692772193e-05,854.0,7.375083077997672e-06
FL-2002-000641-THA,FL_2002_000641_THA,7.3266924e-06,3.776397998785752e-05,631.0,7.338212356603773e-06
FL-2014-000045-SLB,FL_2014_000045_SLB,7.0684255e-06,9.875896824623545e-05,344.0,7.088678868194842e-06
FL-2015-000065-GHA,FL_2015_000065_GHA,7.0441706e-06,0.0001195831926822,297.0,7.0674956682119205e-06
FL-2016-000050-LKA,FL_2016_000050_LKA,6.6915e-06,1.5263340489875694e-06,1163.0,6.697229023972603e-06
FL-2011-000093-BGD,FL_2011_000093_BGD,6.641861e-06,2.227955141466781e-06,1147.0,6.647626504340278e-06
FL-2012-000106-BGD,FL_2012_000106_BGD,6.567129e-06,5.8187361723607085e-05,504.0,6.5800310216110024e-06
FL-1997-000295-COD,FL_1997_000295_COD,6.468804e-06,0.0001770975984706,212.0,6.498614156682028e-06
FL-2017-000091-MMR,FL_2017_000091_MMR,6.479381e-06,1.1584635849020988e-06,1175.0,6.484872000847458e-06
ST-2022-000138-MDG,ST_2022_000138_MDG,6.074482e-06,2.3617124361981307e-06,1139.0,6.079791861888111e-06
FL-2022-000265-YEM,FL_2022_000265_YEM,6.01853e-06,9.732851084102891e-06,966.0,6.024728280123583e-06
FL-2008-000243-PNG,FL_2008_000243_PNG,6.0053617e-06,2.192438726399372e-05,790.0,6.01291561408805e-06
FL-2011-000084-IND,FL_2011_000084_IND,5.9214276e-06,3.855950090610173e-05,624.0,5.930841634340222e-06
FL-1999-000213-IND,FL_1999_000213_IND,5.8858936e-06,0.000108295533248,323.0,5.903838397560975e-06
FL-2010-000161-MYS,FL_2010_000161_MYS,5.3796207e-06,0.0066707532284213,8.0,5.793437676923077e-06
FL-2009-000087-VUT,FL_2009_000087_VUT,5.6046442e-06,7.05410497368679e-05,445.0,5.617098964888888e-06
FL-2019-000084-IND,FL_2019_000084_IND,5.5987643e-06,1.296656912260946e-06,1170.0,5.603529205787234e-06
FL-2016-000122-SRB,FL_2016_000122_SRB,5.5196683e-06,0.0001193247977019,299.0,5.537825103618421e-06
FF-2012-000101-GAB,FF_2012_000101_GAB,5.5106098e-06,3.0730560334698175e-05,690.0,5.518538734964028e-06
FL-2020-000192-TCD,FL_2020_000192_TCD,5.2678447e-06,4.172309873645154e-05,598.0,5.276580760862355e-06
FL-2005-000169-FJI,FL_2005_000169_FJI,5.2378537e-06,2.423867682133773e-05,757.0,5.24472752375328e-06
FL-2008-000154-MEX,FL_2008_000154_MEX,5.0317617e-06,5.612412605857741e-05,516.0,5.04141959193858e-06
FL-2014-000162-LKA,FL_2014_000162_LKA,4.9143605e-06,1.926650328781758e-05,827.0,4.920267183293269e-06
FL-2018-000128-SDN,FL_2018_000128_SDN,4.633548e-06,0.0001214641479794,293.0,4.649096818791947e-06
FL-2013-000076-PRY,FL_2013_000076_PRY,4.5493425e-06,6.01860218849958e-05,494.0,4.558459418837675e-06
FL-2007-000044-ARG,FL_2007_000044_ARG,4.463815e-06,5.409066052451068e-05,527.0,4.472205629699248e-06
FL-2016-000058-MMR,FL_2016_000058_MMR,4.4043754e-06,0.0002487955819569,142.0,4.434337137414966e-06
FL-2014-000008-BOL,FL_2014_000008_BOL,4.21801e-06,0.0002970468812465,120.0,4.25175408e-06
FL-2012-000174-BEN,FL_2012_000174_BEN,4.177363e-06,9.893721377183092e-07,1181.0,4.180885228499157e-06
FL-2022-000290-SEN,FL_2022_000290_SEN,4.070905e-06,9.993354657963972e-05,342.0,4.082636714697406e-06
FL-1995-000012-PHL,FL_1995_000012_PHL,4.060568e-06,9.817753573344612e-05,345.0,4.072169622857143e-06
FL-2007-000228-LKA,FL_2007_000228_LKA,3.926938e-06,3.963441973662453e-05,610.0,3.933323265040651e-06
FL-2002-000782-MKD,FL_2002_000782_MKD,3.903524e-06,7.954822561521862e-05,414.0,3.912840286396181e-06
FL-2014-000107-MMR,FL_2014_000107_MMR,3.8948865e-06,0.0001588526054928,235.0,3.91111519375e-06
FL-2020-000193-SSD,FL_2020_000193_SSD,3.8898797e-06,7.122547514644993e-05,442.0,3.898581891722595e-06
FL-2022-000349-CMR,FL_2022_000349_CMR,3.880205e-06,9.37976766848016e-05,356.0,3.890953490304709e-06
FL-2001-000450-THA,FL_2001_000450_THA,3.8698154e-06,6.357112674314916e-05,476.0,3.877860754261954e-06
FL-1997-000199-BEN,FL_1997_000199_BEN,3.8656367e-06,3.5988557515649046e-05,645.0,3.871583833384614e-06
FL-2007-000093-SDN,FL_2007_000093_SDN,3.8051444e-06,1.8227591834800688e-06,1155.0,3.8084246968965514e-06
FL-2011-000107-MMR,FL_2011_000107_MMR,3.6619558e-06,1.0937472511406874e-05,955.0,3.6657703372916665e-06
FL-2011-000176-LKA,FL_2011_000176_LKA,3.563072e-06,3.285895835439516e-06,1111.0,3.5662647168458776e-06
FL-2007-000149-CMR,FL_2007_000149_CMR,3.549717e-06,7.110789154129315e-05,443.0,3.5576404754464283e-06
FL-2010-000208-RUS,FL_2010_000208_RUS,3.5355076e-06,2.2967418229578664e-05,770.0,3.5400695452903224e-06
FL-2017-000160-HND,FL_2017_000160_HND,3.5197972e-06,2.706957781158384e-05,725.0,3.5246188400000003e-06
FL-2001-000521-TCD,FL_2001_000521_TCD,3.3764748e-06,0.0011866464004602,23.0,3.497063185714286e-06
FL-1999-000391-MEX,FL_1999_000391_MEX,3.475215e-06,4.510371347758595e-06,1081.0,3.478415013812155e-06
FL-2022-000321-CAF,FL_2022_000321_CAF,3.349825e-06,6.877444755378151e-05,456.0,3.357091431670282e-06
FL-2002-000808-MWI,FL_2002_000808_MWI,3.29169e-06,0.0001087896972734,321.0,3.301787208588957e-06
FL-2009-000135-MEX,FL_2009_000135_MEX,3.2528817e-06,0.0001672656533726,224.0,3.2670864235807855e-06
FL-2016-000009-IDN,FL_2016_000009_IDN,3.1243405e-06,5.498474619165991e-05,522.0,3.130269039848197e-06
FL-2010-000194-VNM,FL_2010_000194_VNM,3.0597027e-06,8.917973350973949e-06,986.0,3.062790190110999e-06
FL-2016-000075-BGD,FL_2016_000075_BGD,2.9472849e-06,2.8961127136540573e-05,710.0,2.9514069767832168e-06
FL-1999-000071-MOZ,FL_1999_000071_MOZ,2.8028383e-06,0.0007086491535307,40.0,2.8651235955555554e-06
FL-2017-000002-MYS,FL_2017_000002_MYS,2.6232813e-06,0.0039808838275072,12.0,2.777591964705882e-06
FL-2009-000206-HTI,FL_2009_000206_HTI,2.7544586e-06,0.0001118016333113,311.0,2.7631752411392403e-06
FL-2009-000123-BGD,FL_2009_000123_BGD,2.7498356e-06,2.6344855718962568e-06,1129.0,2.7522604991181656e-06
FF-2007-000070-CHN,FF_2007_000070_CHN,2.6265702e-06,0.0003330458572682,103.0,2.6508902944444446e-06
FL-2001-000549-GIN,FL_2001_000549_GIN,2.5751237e-06,2.3870414149385705e-05,758.0,2.5784986982961995e-06
FL-2019-000033-PRY,FL_2019_000033_PRY,2.520651e-06,8.255780044920029e-05,400.0,2.5268748296296296e-06
FL-2012-000098-GTM,FL_2012_000098_GTM,2.447667e-06,4.504300178668628e-07,1195.0,2.4497067225e-06
FL-2008-000086-MEX,FL_2008_000086_MEX,2.4296041e-06,1.6485136352170808e-05,864.0,2.4323999620253164e-06
FF-2012-000102-PHL,FF_2012_000102_PHL,2.4116287e-06,3.855604139572082e-05,625.0,2.415456682063492e-06
FL-2007-000189-NIC,FL_2007_000189_NIC,2.3438618e-06,2.6563358538951054e-05,733.0,2.347037764498645e-06
SS-2007-000063-MDV,SS_2007_000063_MDV,2.3285018e-06,4.695269491353138e-06,1075.0,2.3306578201851854e-06
FL-2021-000145-BEN,FL_2021_000145_BEN,2.1352948e-06,2.6393886758755712e-05,736.0,2.1381764394062077e-06
FL-2003-000531-IDN,FL_2003_000531_IDN,2.1079338e-06,2.5168805044651957e-05,746.0,2.1107406359520643e-06
FF-2014-000059-SRB,FF_2014_000059_SRB,2.0987118e-06,8.992974541919615e-05,374.0,2.1042492981530343e-06
FL-1999-000031-LKA,FL_1999_000031_LKA,2.0970106e-06,5.408654202035206e-06,1059.0,2.09898147462406e-06
FL-2020-000237-LKA,FL_2020_000237_LKA,2.0170576e-06,0.0004290928671558,81.0,2.040511758139535e-06
FF-2010-000094-HUN,FF_2010_000094_HUN,2.0061175e-06,8.47133647275646e-06,995.0,2.0081236175e-06
FL-2002-000402-BGD,FL_2002_000402_BGD,1.96255e-06,4.601166009185896e-06,1079.0,1.9643604704797046e-06
FL-2009-000178-GIN,FL_2009_000178_GIN,1.9392369e-06,0.000117892971326,301.0,1.945574275490196e-06
FL-2003-000350-MNG,FL_2003_000350_MNG,1.9435533e-06,2.254072654814596e-06,1145.0,1.945243346347826e-06
FL-2009-000140-MNG,FL_2009_000140_MNG,1.8093663e-06,6.0549851400645554e-05,490.0,1.8130215854545455e-06
FL-2009-000198-BEN,FL_2009_000198_BEN,1.8055588e-06,5.5985604609788594e-06,1051.0,1.807268609469697e-06
FL-2009-000095-TJK,FL_2009_000095_TJK,1.7633337e-06,5.073954947133552e-06,1066.0,1.7649801366946777e-06
FL-2014-000098-SDN,FL_2014_000098_SDN,1.7625355e-06,1.1902109877903246e-05,938.0,1.7644045726405092e-06
FL-2001-000320-TLS,FL_2001_000320_TLS,1.7545832e-06,4.406796242032728e-05,576.0,1.7576031366609295e-06
FL-2020-000212-KHM,FL_2020_000212_KHM,1.7459577e-06,6.378822814179611e-05,473.0,1.7496103311715481e-06
FF-2009-000201-PHL,FF_2009_000201_PHL,1.6962949e-06,1.4638893909164692e-05,892.0,1.6981859756967671e-06
FL-2011-000020-BOL,FL_2011_000020_BOL,1.6773571e-06,3.017921931387969e-05,697.0,1.6797464975783475e-06
FL-2007-000132-BFA,FL_2007_000132_BFA,1.6383666e-06,6.954587807448968e-05,452.0,1.6419516472647702e-06
FL-2005-000104-IND,FL_2005_000104_IND,1.6129057e-06,2.1394538858383064e-05,794.0,1.6149243554443053e-06
FL-2000-000806-FJI,FL_2000_000806_FJI,1.6103867e-06,1.7576906954775586e-05,853.0,1.6122636075757575e-06
FL-2006-000130-KHM,FL_2006_000130_KHM,1.6030368e-06,8.839883370361085e-06,988.0,1.604651137160121e-06
FL-2015-000068-BGD,FL_2015_000068_BGD,1.5413158e-06,6.202401513069687e-05,483.0,1.5444742340163936e-06
FL-2011-000133-MEX,FL_2011_000133_MEX,1.511135e-06,3.871114212045815e-06,1099.0,1.5125037817028984e-06
FL-2008-000170-DOM,FL_2008_000170_DOM,1.4854589e-06,2.2349834721103556e-05,782.0,1.487346395425667e-06
FL-2021-000095-MMR,FL_2021_000095_MMR,1.4769646e-06,1.6547963964388776e-05,863.0,1.4786661721198156e-06
FL-2015-000055-TJK,FL_2015_000055_TJK,1.4478074e-06,8.807783035230836e-05,380.0,1.4515679387012986e-06
FL-2008-000175-UGA,FL_2008_000175_UGA,1.4337478e-06,1.6574692105790758e-07,1209.0,1.4349288113673809e-06
FL-2010-000014-SLB,FL_2010_000014_SLB,1.4251065e-06,5.708595199117053e-05,508.0,1.4278844853801171e-06
FL-2017-000054-BFA,FL_2017_000054_BFA,1.424622e-06,3.756168021975228e-05,634.0,1.4268514553990612e-06
FL-1999-000253-PHL,FL_1999_000253_PHL,1.3914782e-06,0.0001135965810585,308.0,1.395923817252396e-06
FL-2018-000419-PRY,FL_2018_000419_PRY,1.2113845e-06,4.784785289534651e-05,554.0,1.213551556350626e-06
FL-2000-000130-BOL,FL_2000_000130_BOL,1.2002641e-06,0.0002792814130781,128.0,1.2092886421052632e-06
FL-2007-000197-COD,FL_2007_000197_COD,1.2052485e-06,8.104316399951315e-05,404.0,1.2081953178484108e-06
FL-2019-000009-ARG,FL_2019_000009_ARG,1.2030273e-06,6.500516153078204e-05,468.0,1.2055706980972516e-06
FL-2008-000096-BGD,FL_2008_000096_BGD,1.1822374e-06,4.113406915376729e-06,1092.0,1.1833151004557885e-06
FL-2013-000101-LAO,FL_2013_000101_LAO,1.1567141e-06,1.1778591162384532e-05,941.0,1.1579368421775898e-06
FL-2019-000108-MRT,FL_2019_000108_MRT,1.1417137e-06,0.0001596628174409,234.0,1.1464907447698744e-06
FL-2007-000077-CHN,FL_2007_000077_CHN,1.1094271e-06,0.0005127779209451,62.0,1.1259857134328358e-06
FL-2011-000129-MLI,FL_2011_000129_MLI,1.0732113e-06,6.0422387525885634e-05,493.0,1.0753663427710844e-06
FL-2008-000089-IND,FL_2008_000089_IND,1.0727367e-06,1.968713696603704e-05,820.0,1.074036986909091e-06
FL-2001-000335-KOR,FL_2001_000335_KOR,1.064873e-06,3.726249997136672e-07,1196.0,1.0657596552872607e-06
FL-2009-000172-BFA,FL_2009_000172_BFA,1.0616333e-06,2.534591034144529e-05,743.0,1.0630525958556148e-06
FL-2018-000134-IND,FL_2018_000134_IND,1.0532449e-06,3.443427775943945e-05,661.0,1.0548263487987986e-06
FL-2010-000119-PAN,FL_2010_000119_PAN,1.0456414e-06,6.079819372124474e-07,1190.0,1.0465164137238494e-06
FL-2000-000302-CHN,FL_2000_000302_CHN,1.0159288e-06,0.0002064910642751,178.0,1.0214803234972678e-06
FL-2016-000060-IND,FL_2016_000060_IND,9.977953e-07,1.0503991085758512e-05,960.0,9.988292847668395e-07
FL-2015-000039-KAZ,FL_2015_000039_KAZ,9.363562e-07,7.90216240457534e-06,1005.0,9.372832853465347e-07
FL-1997-000337-IND,FL_1997_000337_IND,8.7430425e-07,6.235020603772557e-05,480.0,8.761069391752577e-07
FL-2007-000209-PNG,FL_2007_000209_PNG,8.62315e-07,9.297036586226784e-05,359.0,8.646839972527473e-07
FL-2005-000081-CHN,FL_2005_000081_CHN,8.2497485e-07,0.0006908127564294,42.0,8.425275063829787e-07
FL-2009-000122-IND,FL_2009_000122_IND,8.117283e-07,4.795447116268481e-05,552.0,8.13185621903052e-07
FL-2017-000057-LKA,FL_2017_000057_LKA,8.1097767e-07,5.241427038394391e-06,1062.0,8.117377240487349e-07
FL-2020-000190-NER,FL_2020_000190_NER,7.4520574e-07,2.452472173307878e-05,753.0,7.461888610290238e-07
FL-2010-000021-AFG,FL_2010_000021_AFG,7.395406e-07,6.221452748672563e-05,481.0,7.410622884773662e-07
FL-1998-000219-KOR,FL_1998_000219_KOR,7.3798327e-07,1.1363868214863977e-05,949.0,7.387568373689728e-07
FL-2005-000196-LKA,FL_2005_000196_LKA,7.204895e-07,4.7084873495049744e-06,1074.0,7.211572381835032e-07
FL-2000-000012-MOZ,FL_2000_000012_MOZ,7.1802435e-07,5.926431142471631e-05,499.0,7.194490014880952e-07
FL-1997-000022-BOL,FL_1997_000022_BOL,7.161354e-07,4.00343269967664e-05,608.0,7.173036469820554e-07
FL-2019-000047-GEO,FL_2019_000047_GEO,7.072786e-07,6.893384570225043e-05,453.0,7.088228764192139e-07
FL-2013-000055-UGA,FL_2013_000055_UGA,7.002311e-07,8.007091990403098e-06,1004.0,7.009250852329039e-07
FL-2000-000048-BWA,FL_2000_000048_BWA,6.998359e-07,1.0974234056576756e-05,954.0,7.005656558915537e-07
FL-2012-000153-IDN,FL_2012_000153_IDN,6.9193356e-07,9.603351222941472e-05,353.0,6.938663353072626e-07
FL-2006-000025-PNG,FL_2006_000025_PNG,6.882462e-07,7.281680815356526e-05,436.0,6.898068489795918e-07
FL-2008-000125-SDN,FL_2008_000125_SDN,6.884421e-07,1.3330810161779e-05,910.0,6.891944957377049e-07
FL-2022-000328-HND,FL_2022_000328_HND,6.8106783e-07,6.885708325712593e-05,454.0,6.825516379084967e-07
FL-2016-000102-SEN,FL_2016_000102_SEN,6.5674e-07,0.0005941194251035,54.0,6.67871186440678e-07
FL-2019-000079-BGD,FL_2019_000079_BGD,6.6083334e-07,8.383077687161823e-06,997.0,6.614928543113772e-07
FL-2021-000007-SYR,FL_2021_000007_SYR,6.579848e-07,6.789532062330141e-05,458.0,6.594059334773217e-07
FL-2012-000083-HND,FL_2012_000083_HND,6.5487734e-07,7.624617030995587e-06,1009.0,6.555231756410257e-07
FL-2011-000137-VNM,FL_2011_000137_VNM,6.4891026e-07,2.9539938536160497e-05,703.0,6.498267999152543e-07
FF-2009-000196-IDN,FF_2009_000196_IDN,6.44872e-07,2.2828806124014965e-05,772.0,6.457019510939511e-07
FL-2002-000373-GHA,FL_2002_000373_GHA,6.32691e-07,0.0005675764596413,57.0,6.428956935483871e-07
FL-2013-000087-MMR,FL_2013_000087_MMR,6.282443e-07,2.2562585737723923e-06,1143.0,6.287915511324041e-07
FL-2015-000018-PNG,FL_2015_000018_PNG,6.249862e-07,0.0001434355591069,254.0,6.27399274131274e-07
FL-2022-000305-GIN,FL_2022_000305_GIN,6.207708e-07,2.692497708125097e-05,726.0,6.216200076607388e-07
FL-1998-000392-IND,FL_1998_000392_IND,6.150863e-07,8.387632722805313e-06,996.0,6.157007718281719e-07
FL-2006-000155-LKA,FL_2006_000155_LKA,6.0752706e-07,8.91736381737999e-08,1215.0,6.08025033e-07
FL-1998-000080-ARG,FL_1998_000080_ARG,5.857876e-07,0.0001383744723767,262.0,5.879815610486891e-07
FL-2019-000181-IDN,FL_2019_000181_IDN,5.7250253e-07,3.410602488736334e-05,664.0,5.733582886397609e-07
FF-2017-000122-CMR,FF_2017_000122_CMR,5.452401e-07,0.00278532305164,15.0,5.72502105e-07
FL-2013-000020-BOL,FL_2013_000020_BOL,5.702574e-07,1.861589523454775e-05,837.0,5.70934665320665e-07
FL-2022-000332-BEN,FL_2022_000332_BEN,5.210787e-07,5.607944152474375e-07,1192.0,5.215140205513785e-07
FL-2000-000617-BGD,FL_2000_000617_BGD,5.137156e-07,3.267417304350702e-07,1200.0,5.1414192e-07
FL-2010-000150-MEX,FL_2010_000150_MEX,5.106393e-07,2.130204985148689e-05,798.0,5.112752144458281e-07
LS-2015-000135-LKA,LS_2015_000135_LKA,5.058815e-07,1.6103045854569434e-06,1161.0,5.063153606346484e-07
FL-2012-000175-GMB,FL_2012_000175_GMB,5.016965e-07,7.599704383559935e-06,1010.0,5.021907822660099e-07
FF-2013-000029-SRB,FF_2013_000029_SRB,4.968288e-07,0.000185743691077,202.0,4.992289391304348e-07
FL-2000-000258-IDN,FL_2000_000258_IDN,4.931544e-07,0.0001719791761577,218.0,4.953658547085202e-07
FL-2016-000044-CHN,FL_2016_000044_CHN,4.9212997e-07,0.0001225403727728,291.0,4.9379257125e-07
FL-2012-000128-SSD,FL_2012_000128_SSD,4.8781845e-07,1.3820166574390423e-05,903.0,4.883556949889868e-07
FL-2003-000331-CHN,FL_2003_000331_CHN,4.581505e-07,3.053898869777947e-05,692.0,4.5880781779053086e-07
FL-2019-000098-CAF,FL_2019_000098_CAF,4.5303221e-07,4.8162389575421765e-05,551.0,4.538470161330935e-07
FL-2006-000041-SRB,FL_2006_000041_SRB,4.4572053e-07,0.0001173003554157,303.0,4.471676745779221e-07
FL-1999-000651-CHN,FL_1999_000651_CHN,4.4282743e-07,1.682760003054002e-05,860.0,4.4333936922543357e-07
FL-2007-000220-SRB,FL_2007_000220_SRB,4.027732e-07,0.0004510145245392,73.0,4.0793695897435895e-07
FL-2016-000080-BFA,FL_2016_000080_BFA,4.068917e-07,1.1403128562999236e-05,948.0,4.0731865876180484e-07
FL-2021-000213-STP,FL_2021_000213_STP,4.0566624e-07,5.488178213552108e-07,1193.0,4.0600485956594327e-07
FL-2010-000136-YEM,FL_2010_000136_YEM,4.022002e-07,9.207091536384877e-06,978.0,4.026093558494405e-07
FL-2007-000141-NGA,FL_2007_000141_NGA,3.9938018e-07,2.2255612004365e-05,785.0,3.9988572453164554e-07
FL-2019-000162-MYS,FL_2019_000162_MYS,3.652812e-07,0.0070251657769371,6.0,3.984885818181818e-07
FL-2020-000195-CMR,FL_2020_000195_CMR,3.9438737e-07,4.345144030922714e-05,582.0,3.9505923945485514e-07
FL-2006-000189-MYS,FL_2006_000189_MYS,3.4104622e-07,0.0069697296970572,7.0,3.694667383333333e-07
FL-2014-000054-TJK,FL_2014_000054_TJK,3.574646e-07,6.670145887890361e-06,1025.0,3.5781165300970876e-07
FL-2009-000113-CHN,FL_2009_000113_CHN,3.550998e-07,7.959916311301692e-05,413.0,3.559493210526316e-07
FF-2015-000115-MKD,FF_2015_000115_MKD,3.4700534e-07,1.2032568515682655e-05,933.0,3.4737528172707896e-07
FL-2004-000028-DOM,FL_2004_000028_DOM,3.3844034e-07,0.0001291268032866,282.0,3.3961957463414637e-07
FL-2017-000174-ALB,FL_2017_000174_ALB,3.3547744e-07,9.614647009215411e-06,969.0,3.3582187268993847e-07
FL-2009-000251-SAU,FL_2009_000251_SAU,3.3165188e-07,4.345401748230271e-05,581.0,3.322178388395904e-07
FL-2013-000108-SSD,FL_2013_000108_SSD,3.298633e-07,0.0001295756095945,280.0,3.310207150877193e-07
FL-2006-000013-MWI,FL_2006_000013_MWI,3.2472173e-07,0.0001599682550646,232.0,3.260918638818565e-07
ST-2012-000077-CHN,ST_2012_000077_CHN,3.2035945e-07,6.64002262882406e-05,462.0,3.210454445396146e-07
FL-2012-000129-SDN,FL_2012_000129_SDN,3.1803546e-07,1.1127372776490446e-05,952.0,3.1836778545454543e-07
FL-2006-000010-BOL,FL_2006_000010_BOL,3.13411e-07,0.0001492270312168,246.0,3.1465964940239045e-07
FL-2021-000057-LKA,FL_2021_000057_LKA,3.075458e-07,2.7580629475955885e-06,1124.0,3.078182054915855e-07
FL-2010-000107-PHL,FL_2010_000107_PHL,3.0672172e-07,1.933833596517661e-05,826.0,3.070908195427196e-07
FL-2004-000043-IND,FL_2004_000043_IND,2.9267432e-07,0.0001075222259823,324.0,2.935639075987842e-07
FL-1999-000315-GHA,FL_1999_000315_GHA,2.8905708e-07,0.0004215011823501,83.0,2.923418195454546e-07
FL-2003-000229-LKA,FL_2003_000229_LKA,2.8657627e-07,9.258430944368188e-05,363.0,2.873550098641304e-07
FL-2007-000122-VNM,FL_2007_000122_VNM,2.8526344e-07,2.2438004338709897e-05,781.0,2.856263705852417e-07
FL-2005-000064-ETH,FL_2005_000064_ETH,2.797122e-07,0.0001338792250167,273.0,2.8071835899280574e-07
FL-2005-000038-MDG,FL_2005_000038_MDG,2.6743794e-07,1.1582823029743648e-05,945.0,2.6771945362105265e-07
FL-2010-000012-EGY,FL_2010_000012_EGY,2.6476474e-07,1.2275303489883285e-05,932.0,2.6504730642475984e-07
FL-2020-000132-UGA,FL_2020_000132_UGA,2.6473109e-07,8.011197193596879e-06,1003.0,2.649937200496032e-07
FL-2001-000485-KHM,FL_2001_000485_KHM,2.629276e-07,0.0001034469136656,334.0,2.63703197640118e-07
FL-2007-000040-HTI,FL_2007_000040_HTI,2.6080363e-07,5.6903462105873336e-05,510.0,2.61310044815534e-07
FL-2009-000133-ZAF,FL_2009_000133_ZAF,2.5915202e-07,0.0001713362956132,220.0,2.6030380675555557e-07
FL-1997-000025-MWI,FL_1997_000025_MWI,2.595113e-07,8.031972573563232e-05,412.0,2.601336292565947e-07
LS-2016-000051-IDN,LS_2016_000051_IDN,2.5857548e-07,8.331782215912176e-05,397.0,2.592187025870647e-07
FL-2011-000102-BRA,FL_2011_000102_BRA,2.488104e-07,1.905005548882884e-05,831.0,2.4910802009569376e-07
FF-2021-000032-TLS,FF_2021_000032_TLS,2.456207e-07,0.000195004412646,191.0,2.468738668367347e-07
FL-2016-000117-ALB,FL_2016_000117_ALB,2.4480275e-07,4.07501142194707e-05,603.0,2.4520538610197366e-07
FL-2011-000196-IDN,FL_2011_000196_IDN,2.4409772e-07,0.0001387509390954,260.0,2.4501884347169813e-07
FL-2004-000100-PAN,FL_2004_000100_PAN,2.4399137e-07,2.1900679475310107e-05,791.0,2.4429789182160805e-07
FF-2011-000066-TJK,FF_2011_000066_TJK,2.4368177e-07,2.0518095594009585e-05,807.0,2.4398187070197045e-07
FL-2009-000032-SLB,FL_2009_000032_SLB,2.435534e-07,3.700677498666749e-05,636.0,2.439333585023401e-07
FL-2011-000123-RUS,FL_2011_000123_RUS,2.3698416e-07,0.0001274292431943,283.0,2.3780702166666668e-07
FL-2013-000123-CMR,FL_2013_000123_CMR,2.3164027e-07,0.0001618631914223,230.0,2.326259732765957e-07
FL-2003-000020-MOZ,FL_2003_000020_MOZ,2.2182941e-07,0.0001345929773272,271.0,2.2263313974637683e-07
FF-2005-000072-TJK,FF_2005_000072_TJK,2.1942222e-07,2.9291730293653676e-05,705.0,2.197312653802817e-07
FF-2009-000160-LKA,FF_2009_000160_LKA,2.1859893e-07,2.653376119094028e-08,1217.0,2.1877781619476268e-07
FL-2018-000092-MNG,FL_2018_000092_MNG,2.1803083e-07,8.92107135836465e-05,376.0,2.1860308939632547e-07
FL-2003-000227-CHN,FL_2003_000227_CHN,2.1649619e-07,0.000332895976696,104.0,2.1848239357798165e-07
FL-2005-000138-PNG,FL_2005_000138_PNG,2.1751548e-07,3.2176426402916805e-05,678.0,2.1783395068814052e-07
FL-2007-000194-GTM,FL_2007_000194_GTM,2.1538791e-07,2.2718844778145405e-06,1141.0,2.1557585756544503e-07
FL-2007-000165-BEN,FL_2007_000165_BEN,2.1175107e-07,1.8382514206407564e-05,839.0,2.1200195989336494e-07
FL-2009-000266-ALB,FL_2009_000266_ALB,2.0470637e-07,0.000154836203756,239.0,2.0554533053278688e-07
FL-1997-000144-CHN,FL_1997_000144_CHN,2.0251706e-07,0.0004318354729244,78.0,2.0495702457831323e-07
FL-2019-000131-CIV,FL_2019_000131_CIV,2.026446e-07,0.0002961265778412,121.0,2.0425289047619048e-07
FL-1999-000324-HND,FL_1999_000324_HND,1.9525835e-07,0.0002523725884049,138.0,1.9662379300699304e-07
FF-2020-000158-SRB,FF_2020_000158_SRB,1.7293002e-07,0.0108570314915435,3.0,1.9454627249999998e-07
FL-2003-000316-IND,FL_2003_000316_IND,1.9247192e-07,0.0002506927982981,140.0,1.9379931255172414e-07
FL-2013-000017-PNG,FL_2013_000017_PNG,1.9322226e-07,7.047430633250853e-06,1017.0,1.9341132287671233e-07
FL-2014-000038-ZAF,FL_2014_000038_ZAF,1.9145133e-07,4.239515171341914e-05,592.0,1.9177201899497487e-07
FL-2022-000213-IND,FL_2022_000213_IND,1.8601166e-07,1.3311277596904726e-05,912.0,1.8621450804798256e-07
FL-2019-000058-TJK,FL_2019_000058_TJK,1.8571654e-07,4.366477280724261e-05,578.0,1.8603509324185247e-07
FL-2003-000482-MEX,FL_2003_000482_MEX,1.8302974e-07,0.0001349541692372,270.0,1.836953026909091e-07
FL-2017-000137-SSD,FL_2017_000137_SSD,1.7828343e-07,8.990019464394188e-05,375.0,1.7875259692105262e-07
FL-2014-000123-SSD,FL_2014_000123_SSD,1.762558e-07,4.822261305661867e-05,550.0,1.7657337801801803e-07
FL-2006-000031-PER,FL_2006_000031_PER,1.7420479e-07,0.0001054659999817,330.0,1.7472480429850744e-07
FL-2001-000082-ZWE,FL_2001_000082_ZWE,1.7369675e-07,5.090008895413999e-06,1065.0,1.7385908341121494e-07
FL-2013-000054-CHN,FL_2013_000054_CHN,1.6710699e-07,5.9159388187967245e-05,500.0,1.6743789493069307e-07
FL-2009-000248-URY,FL_2009_000248_URY,1.6480871e-07,0.0002569077239953,135.0,1.6598591507142857e-07
FL-2009-000166-SDN,FL_2009_000166_SDN,1.6269549e-07,1.1675043512229228e-05,943.0,1.6286710971518986e-07
FL-2017-000064-IND,FL_2017_000064_IND,1.6228854e-07,9.890035950036546e-06,965.0,1.6245584777319588e-07
FL-2009-000124-VNM,FL_2009_000124_VNM,1.6061009e-07,7.351750801124868e-05,435.0,1.6097511293181817e-07
FL-2002-000350-CHN,FL_2002_000350_CHN,1.5667646e-07,5.244491348479458e-05,535.0,1.5696660159259258e-07
FL-2021-000078-GTM,FL_2021_000078_GTM,1.5250582e-07,3.892295187764654e-05,619.0,1.5275022035256412e-07
FL-2010-000153-PRK,FL_2010_000153_PRK,1.5227923e-07,3.0116478929937864e-05,698.0,1.5249584341394024e-07
FL-2007-000107-TLS,FL_2007_000107_TLS,1.5039392e-07,0.0001102819955939,317.0,1.5086098186335403e-07
FL-2005-000208-BIH,FL_2005_000208_BIH,1.4819726e-07,0.0004662598931895,70.0,1.5017322346666668e-07
FL-2010-000245-MAR,FL_2010_000245_MAR,1.49729e-07,5.703514077685044e-06,1049.0,1.4987105787476282e-07
FF-2007-000083-IND,FF_2007_000083_IND,1.4959818e-07,3.504177306134064e-05,656.0,1.4982450099848714e-07
FL-2008-000126-TCD,FL_2008_000126_TCD,1.4494374e-07,1.341158109871356e-05,906.0,1.451028439956092e-07
FL-2002-000482-RUS,FL_2002_000482_RUS,1.4356786e-07,0.0003235371617719,108.0,1.4483837203539824e-07
FL-2006-000171-HTI,FL_2006_000171_HTI,1.4405877e-07,0.000185697057489,203.0,1.447513602403846e-07
FL-2008-000079-LKA,FL_2008_000079_LKA,1.4457154e-07,4.274025740663624e-06,1086.0,1.447040528689276e-07
FF-2007-000113-GMB,FF_2007_000113_GMB,1.4419965e-07,4.866800001695656e-06,1071.0,1.4433366454460968e-07
FL-2011-000038-KAZ,FL_2011_000038_KAZ,1.4247817e-07,5.0787257503327885e-05,542.0,1.4273864197440583e-07
FL-2022-000286-MRT,FL_2022_000286_MRT,1.4030057e-07,2.0953998524016083e-05,802.0,1.404744244857497e-07
FL-2010-000125-IND,FL_2010_000125_IND,1.3919899e-07,1.017049114968498e-05,962.0,1.3934293931747673e-07
FF-2013-000118-BEN,FF_2013_000118_BEN,1.3752027e-07,5.2442419964025626e-06,1061.0,1.3764927588180112e-07
FL-2017-000012-MOZ,FL_2017_000012_MOZ,1.3532525e-07,0.0003838956950322,94.0,1.3669217171717173e-07
FL-2004-000044-BGD,FL_2004_000044_BGD,1.3635828e-07,3.5346405607903463e-06,1107.0,1.36480904352518e-07
FL-1998-000359-UKR,FL_1998_000359_UKR,1.3475587e-07,2.0636222598857144e-06,1149.0,1.348726428509532e-07
FL-1997-000026-MOZ,FL_1997_000026_MOZ,1.331339e-07,6.065282711989784e-05,488.0,1.3340394847870183e-07
FL-2011-000124-ETH,FL_2011_000124_ETH,1.2795991e-07,2.4547195601669936e-05,752.0,1.2812894554821665e-07
FL-2019-000104-THA,FL_2019_000104_THA,1.2652534e-07,0.0002713971229735,130.0,1.2746256474074073e-07
FL-1998-000251-SDN,FL_1998_000251_SDN,1.2490861e-07,5.758581813575893e-06,1046.0,1.2502745739295911e-07
FL-2022-000382-ZAF,FL_2022_000382_ZAF,1.2109336e-07,0.0009090176909986,30.0,1.2455317028571427e-07
FL-2021-000153-UGA,FL_2021_000153_UGA,1.2360475e-07,6.365149161432455e-06,1035.0,1.2372360072115383e-07
FL-2003-000012-BOL,FL_2003_000012_BOL,1.2134686e-07,4.720955390987616e-05,556.0,1.2156316456327985e-07
FL-1999-000247-KOR,FL_1999_000247_KOR,1.20179e-07,0.0001025420309241,336.0,1.20531431085044e-07
FL-2016-000089-SEN,FL_2016_000089_SEN,1.2014802e-07,1.256794014417256e-05,921.0,1.2027776948164146e-07
FL-2007-000012-BOL,FL_2007_000012_BOL,1.1968253e-07,6.26409561488699e-05,477.0,1.1993083400414937e-07
FL-2010-000179-ETH,FL_2010_000179_ETH,1.1846984e-07,4.204807259803218e-05,597.0,1.1866663375415284e-07
FL-2015-000081-PHL,FL_2015_000081_PHL,1.18487165e-07,1.8943825663875017e-05,833.0,1.1862855779832935e-07
FL-2020-000210-VNM,FL_2020_000210_VNM,1.1766541e-07,2.5005079925219084e-05,747.0,1.1782187996010637e-07
FL-2002-000788-LKA,FL_2002_000788_LKA,1.15369495e-07,1.008492069275626e-06,1179.0,1.154669354518581e-07
FF-2012-000081-ETH,FF_2012_000081_ETH,1.12896224e-07,0.0001889507100208,199.0,1.134496368627451e-07
FL-2001-000417-SDN,FL_2001_000417_SDN,1.1028088e-07,3.780588512409111e-06,1101.0,1.1038059146473778e-07
FF-2008-000141-ETH,FF_2008_000141_ETH,1.0731221e-07,5.831224942468578e-06,1044.0,1.0741450953288846e-07
FL-2019-000171-LKA,FL_2019_000171_LKA,1.0416837e-07,3.471149114613556e-06,1109.0,1.0426187841113107e-07
FL-2000-000770-IDN,FL_2000_000770_IDN,9.9611086e-08,0.0006773031684706,44.0,1.0164396530612244e-07
FL-2017-000075-CHN,FL_2017_000075_CHN,1.0132388e-07,6.588333423638478e-05,465.0,1.0153946272340427e-07
FL-2018-000015-BOL,FL_2018_000015_BOL,9.975508e-08,3.961790960998529e-05,611.0,9.991702006493505e-08
FL-2021-000147-THA,FL_2021_000147_THA,9.802592e-08,4.403298539729232e-06,1083.0,9.811601735294117e-08
FL-1999-000244-VNM,FL_1999_000244_VNM,9.752908e-08,8.573905069817148e-05,390.0,9.777598906329114e-08
FL-2014-000079-PHL,FL_2014_000079_PHL,9.749044e-08,4.359102384151813e-05,579.0,9.765737568493151e-08
FL-2001-000025-MWI,FL_2001_000025_MWI,9.596138e-08,9.738710925490017e-05,348.0,9.62332252691218e-08
FL-2019-000034-BOL,FL_2019_000034_BOL,9.0807596e-08,0.0001386297151969,261.0,9.114897793984963e-08
FL-2012-000157-CMR,FL_2012_000157_CMR,8.8964626e-08,9.130296795408397e-05,371.0,8.920123404787234e-08
FL-2018-000414-IRQ,FL_2018_000414_IRQ,8.75333e-08,0.0003887875883946,93.0,8.84264969387755e-08
FL-2013-000104-MLI,FL_2013_000104_MLI,8.474072e-08,0.000137051925165,267.0,8.505226676470587e-08
FL-2009-000239-BRA,FL_2009_000239_BRA,8.127967e-08,0.0006187983807929,49.0,8.278484907407408e-08
FL-2013-000050-ETH,FL_2013_000050_ETH,8.170475e-08,3.5672458366617665e-05,650.0,8.182949007633588e-08
FL-2012-000191-HTI,FL_2012_000191_HTI,7.931807e-08,0.0001909170114588,197.0,7.971073371287128e-08
FL-2018-000065-TJK,FL_2018_000065_TJK,7.770915e-08,7.363455383500129e-05,434.0,7.788616400911163e-08
FL-2010-000008-BOL,FL_2010_000008_BOL,7.6746105e-08,4.321082170787054e-05,583.0,7.68766255867347e-08
FL-2009-000187-CIV,FL_2009_000187_CIV,7.608142e-08,4.24785937774493e-05,590.0,7.620928793277312e-08
LS-2022-000224-GTM,LS_2022_000224_GTM,7.545768e-08,0.0001173372662468,302.0,7.570347048859935e-08
FL-2017-000052-RUS,FL_2017_000052_RUS,7.505193e-08,0.0001404794580668,259.0,7.533621761363637e-08
FL-2012-000205-LKA,FL_2012_000205_LKA,7.269081e-08,1.2532643095649252e-07,1211.0,7.275058862664473e-08
FL-1997-000143-POL,FL_1997_000143_POL,7.181792e-08,6.537370817311783e-06,1029.0,7.188737640232108e-08
FL-2001-000019-MOZ,FL_2001_000019_MOZ,7.003529e-08,8.930310092883355e-06,985.0,7.010603271717171e-08
FL-2015-000105-GIN,FL_2015_000105_GIN,6.6242194e-08,1.91178850693588e-05,829.0,6.632162109112709e-08
FL-1998-000165-CHN,FL_1998_000165_CHN,6.567148e-08,0.0001928672277217,195.0,6.599983739999999e-08
FL-2011-000198-PER,FL_2011_000198_PER,6.139211e-08,1.1471764677088775e-05,947.0,6.14565975105042e-08
FL-2020-000154-CIV,FL_2020_000154_CIV,5.9501332e-08,0.0009476086246843,27.0,6.1360748625e-08
FL-2010-000176-MRT,FL_2010_000176_MRT,6.04761e-08,0.0002372960492084,151.0,6.08637673076923e-08
FL-2007-000161-UGA,FL_2007_000161_UGA,6.0482066e-08,0.0001382838397053,263.0,6.070774535074628e-08
FL-2010-000196-LKA,FL_2010_000196_LKA,5.8829094e-08,2.7069997569438e-05,724.0,5.890979234567901e-08
FL-2005-000166-CRI,FL_2005_000166_CRI,5.8114914e-08,1.642161778888567e-05,868.0,5.818148320274914e-08
FF-2013-000100-RUS,FF_2013_000100_RUS,5.727767e-08,6.174745691702847e-06,1038.0,5.7332586270373924e-08
FL-2010-000037-HTI,FL_2010_000037_HTI,5.658576e-08,1.896549275339962e-05,832.0,5.665336544802867e-08
FL-2016-000130-VCT,FL_2016_000130_VCT,5.605291e-08,8.605778561538276e-05,387.0,5.619590211734694e-08
FL-2018-000360-RUS,FL_2018_000360_RUS,5.5993794e-08,2.579469797701728e-05,741.0,5.6068852705093826e-08
FL-2003-000624-HTI,FL_2003_000624_HTI,5.496087e-08,0.000242959308171,145.0,5.53272758e-08
FL-2015-000110-ARG,FL_2015_000110_ARG,5.5208066e-08,2.120148468933321e-05,799.0,5.527673274875622e-08
FL-2003-000621-BOL,FL_2003_000621_BOL,5.488497e-08,0.0001808379895421,207.0,5.5143861367924536e-08
FL-2008-000069-CHL,FL_2008_000069_CHL,5.4924755e-08,1.6055152418601464e-05,874.0,5.498724050056883e-08
FL-2007-000145-ETH,FL_2007_000145_ETH,5.3483934e-08,5.739551810736281e-05,507.0,5.3588394808593755e-08
FL-2018-000140-MLI,FL_2018_000140_MLI,5.2364662e-08,2.9204905490106663e-05,706.0,5.243831131364276e-08
FF-2022-000278-MNG,FF_2022_000278_MNG,5.179271e-08,3.1840755660022898e-06,1114.0,5.183899481680071e-08
FL-2009-000136-BIH,FL_2009_000136_BIH,5.011529e-08,2.078375463020004e-05,803.0,5.017731387376237e-08
FF-2018-000042-ETH,FF_2018_000042_ETH,4.980415e-08,8.278132240680226e-05,398.0,4.9927733498759303e-08
FL-2001-000274-WSM,FL_2001_000274_WSM,4.9711314e-08,6.642832794014176e-06,1027.0,4.975948387790698e-08
FL-2011-000131-GIN,FL_2011_000131_GIN,4.92197e-08,5.069407642329227e-06,1067.0,4.926561389925373e-08
FL-2005-000139-SLE,FL_2005_000139_SLE,4.879465e-08,1.4129192799143932e-05,898.0,4.88486861572536e-08
FL-2006-000112-ETH,FL_2006_000112_ETH,4.823468e-08,0.0001247237095825,285.0,4.840100648275861e-08
FL-2006-000029-NAM,FL_2006_000029_NAM,4.7277958e-08,2.6838591798081988e-05,728.0,4.734245726057299e-08
FL-2014-000070-LKA,FL_2014_000070_LKA,4.4910156e-08,2.628335853566812e-06,1130.0,4.4949724419383264e-08
FL-1997-000530-PER,FL_1997_000530_PER,4.4696446e-08,3.0443828734478777e-05,694.0,4.476038941344778e-08
FF-2020-000221-SOM,FF_2020_000221_SOM,4.3887265e-08,8.420968366820844e-05,395.0,4.39969831625e-08
FL-2019-000094-GTM,FL_2019_000094_GTM,4.3792898e-08,0.0001774340216358,211.0,4.399564289814815e-08
FL-2009-000226-PRY,FL_2009_000226_PRY,4.275635e-08,8.100852713634318e-05,405.0,4.2860633780487803e-08
FF-2009-000069-IDN,FF_2009_000069_IDN,4.2668812e-08,7.895902317190014e-06,1006.0,4.271101656181998e-08
FL-2000-000438-KHM,FL_2000_000438_KHM,4.2427324e-08,1.8062379082082982e-05,849.0,4.247700470725994e-08
FL-2003-000027-TUN,FL_2003_000027_TUN,4.0939067e-08,0.0002231315253033,165.0,4.117988504117647e-08
FL-2006-000145-GIN,FL_2006_000145_GIN,4.052891e-08,4.560464719835338e-06,1080.0,4.056626383410138e-08
FL-2012-000068-DOM,FL_2012_000068_DOM,4.0469477e-08,2.517330303211984e-06,1136.0,4.0504945428571424e-08
FL-2018-000060-LKA,FL_2018_000060_LKA,4.006036e-08,2.304750912751918e-07,1205.0,4.009346773553719e-08
FL-1999-000265-TCD,FL_1999_000265_TCD,3.9196404e-08,0.0002204581720232,167.0,3.942429006976744e-08
FL-2018-000124-MMR,FL_2018_000124_MMR,3.9007613e-08,5.472544837152315e-06,1055.0,3.904441263490566e-08
FL-2002-000110-BOL,FL_2002_000110_BOL,3.894516e-08,6.756753305587315e-05,459.0,3.902909353448276e-08
FL-2016-000124-COD,FL_2016_000124_COD,3.8044572e-08,4.013211494130022e-06,1097.0,3.8079095205081665e-08
FL-2019-000031-SYR,FL_2019_000031_SYR,3.7200838e-08,4.394966473201092e-06,1084.0,3.723499854912764e-08
FL-2008-000032-KAZ,FL_2008_000032_KAZ,3.7046437e-08,9.879490228573737e-05,343.0,3.715289227873563e-08
FL-2019-000116-ETH,FL_2019_000116_ETH,3.5687403e-08,9.146916020742274e-06,981.0,3.572359712068966e-08
FF-2007-000100-MLI,FF_2007_000100_MLI,3.5216353e-08,2.712200480113696e-05,723.0,3.5264727111263734e-08
FL-2002-000225-ETH,FL_2002_000225_ETH,3.4578804e-08,5.095077002846249e-05,541.0,3.464213514285714e-08
FL-2007-000231-BOL,FL_2007_000231_BOL,3.4156628e-08,7.691696509550229e-05,424.0,3.423624717948718e-08
FL-2013-000028-NAM,FL_2013_000028_NAM,3.3805357e-08,0.0001743664347379,217.0,3.3957633382882885e-08
FL-2007-000217-SRB,FL_2007_000217_SRB,3.2537333e-08,0.0011612202506026,24.0,3.3659310000000003e-08
FL-2015-000123-NER,FL_2015_000123_NER,3.324026e-08,0.0001239327889428,287.0,3.3354096506849315e-08
FL-2003-000273-TJK,FL_2003_000273_TJK,3.2719118e-08,0.000225739098962,161.0,3.291622112048193e-08
FF-2016-000079-MKD,FF_2016_000079_MKD,3.216036e-08,4.463677082784659e-05,572.0,3.221609719237435e-08
FL-2005-000117-GTM,FL_2005_000117_GTM,3.2110783e-08,1.5635680323920946e-05,882.0,3.214698455918828e-08
FL-2015-000037-HTI,FL_2015_000037_HTI,3.1864037e-08,4.219297973440504e-05,594.0,3.191723238731219e-08
FF-2004-000060-VNM,FF_2004_000060_VNM,3.092754e-08,2.6579743696707333e-05,732.0,3.096950409769336e-08
FL-2012-000043-KGZ,FL_2012_000043_KGZ,3.0070073e-08,1.4297520004435198e-05,897.0,3.01034101097561e-08
FL-2006-000115-HTI,FL_2006_000115_HTI,2.979485e-08,0.0002952647652637,122.0,3.0029455118110234e-08
FF-2009-000246-LKA,FF_2009_000246_LKA,2.9983283e-08,3.79820398644224e-06,1100.0,3.001041719276018e-08
FL-2002-000607-ALB,FL_2002_000607_ALB,2.903074e-08,7.013131259017557e-05,448.0,2.9094825518763797e-08
FL-2005-000065-GEO,FL_2005_000065_GEO,2.8543537e-08,1.2350464576140428e-05,931.0,2.8574032231837605e-08
FL-2008-000158-PAN,FL_2008_000158_PAN,2.8395078e-08,1.5871847406517472e-05,878.0,2.842723550622876e-08
FL-1999-000363-NIC,FL_1999_000363_NIC,2.7451037e-08,0.0001583740278169,236.0,2.7564941717842324e-08
FL-2022-000292-LAO,FL_2022_000292_LAO,2.6850092e-08,2.326676651305605e-05,769.0,2.6884782041343667e-08
FL-2009-000129-CAF,FL_2009_000129_CAF,2.6678595e-08,9.549250837702085e-05,354.0,2.675290863509749e-08
FL-2019-000062-SSD,FL_2019_000062_SSD,2.5759512e-08,0.0006525871962757,45.0,2.6274702240000002e-08
FL-2021-000055-TJK,FL_2021_000055_TJK,2.6051863e-08,2.5189187678665847e-05,745.0,2.6086598817333337e-08
FL-2009-000186-TCD,FL_2009_000186_TCD,2.5697087e-08,9.226682734150551e-05,365.0,2.5766538586486486e-08
FL-2002-000470-VNM,FL_2002_000470_VNM,2.5287392e-08,9.287569841622222e-05,360.0,2.53566725260274e-08
FL-1999-000531-COD,FL_1999_000531_COD,2.4689605e-08,5.96358047822537e-05,498.0,2.4738689701789264e-08
FL-2015-000106-BFA,FL_2015_000106_BFA,2.431831e-08,2.22169523086034e-05,786.0,2.4349053754740832e-08
FL-2012-000005-BOL,FL_2012_000005_BOL,2.4168079e-08,8.265501963885365e-05,399.0,2.4227900977722774e-08
FL-2010-000149-GTM,FL_2010_000149_GTM,2.3717908e-08,1.7597320326067257e-06,1158.0,2.37383017300086e-08
FL-2009-000045-BOL,FL_2009_000045_BOL,2.3414845e-08,0.0002181220931985,169.0,2.3549413074712644e-08
FL-2010-000240-VEN,FL_2010_000240_VEN,2.3429758e-08,8.55432932828571e-05,391.0,2.348892405555556e-08
FL-2012-000039-CHL,FL_2012_000039_CHL,2.3347265e-08,2.4650649097427822e-06,1138.0,2.3367691303587053e-08
FL-2003-000293-TLS,FL_2003_000293_TLS,2.2655302e-08,2.618904080496296e-05,738.0,2.2685793658142663e-08
FL-2011-000120-SDN,FL_2011_000120_SDN,2.2364144e-08,3.083236513316789e-05,689.0,2.2396368991354466e-08
FL-2013-000098-NER,FL_2013_000098_NER,2.2097728e-08,0.0001479870988678,250.0,2.2184385756862745e-08
FL-2009-000190-TUR,FL_2009_000190_TUR,2.075834e-08,0.0001807890912028,208.0,2.0855796995305164e-08
FF-2006-000069-IDN,FF_2006_000069_IDN,1.9738383e-08,1.4021861383257608e-05,900.0,1.9760193367955802e-08
FL-2017-000043-HTI,FL_2017_000043_HTI,1.9415832e-08,0.0002377431009224,150.0,1.9541095432258062e-08
FL-2009-000265-MAR,FL_2009_000265_MAR,1.9056351e-08,2.950105650596171e-05,704.0,1.9083228787023978e-08
FL-2002-000376-RUS,FL_2002_000376_RUS,1.891175e-08,5.524268048372673e-05,520.0,1.8947772380952382e-08
FL-2014-000159-MAR,FL_2014_000159_MAR,1.8513582e-08,1.5209935356346562e-05,889.0,1.8534290704697986e-08
FF-2021-000189-BIH,FF_2021_000189_BIH,1.8383991e-08,9.39353580589208e-05,355.0,1.8435057641666667e-08
FL-2008-000094-ZAF,FL_2008_000094_ZAF,1.7939282e-08,0.0002355928591767,152.0,1.805354494267516e-08
FL-2008-000213-PER,FL_2008_000213_PER,1.7929118e-08,2.8152212391449183e-05,717.0,1.7953950573407203e-08
FL-2022-000275-UGA,FL_2022_000275_UGA,1.788526e-08,6.643695234803307e-06,1026.0,1.7902607487875852e-08
FL-2019-000015-PER,FL_2019_000015_PER,1.7849326e-08,4.408564378708383e-06,1082.0,1.786574672309108e-08
FL-2016-000019-HTI,FL_2016_000019_HTI,1.775621e-08,0.0001033972656669,335.0,1.7808434147058825e-08
FL-2020-000011-MOZ,FL_2020_000011_MOZ,1.7549011e-08,0.0002137454315467,172.0,1.764815795480226e-08
FL-2007-000106-IDN,FL_2007_000106_IDN,1.7533889e-08,0.0001250595709203,284.0,1.7594559896193775e-08
FL-2012-000123-PRK,FL_2012_000123_PRK,1.7524858e-08,3.881649128408811e-05,620.0,1.75528977728e-08
FL-2008-000054-THA,FL_2008_000054_THA,1.6615854e-08,0.0001296878707616,279.0,1.6674360528169015e-08
FL-2017-000130-GTM,FL_2017_000130_GTM,1.6512878e-08,1.1757032094709068e-06,1174.0,1.6526883833757425e-08
FL-2005-000090-TJK,FL_2005_000090_TJK,1.6288103e-08,1.5330506445318175e-05,885.0,1.630640423932584e-08
FL-2001-000029-BOL,FL_2001_000029_BOL,1.6232486e-08,9.231892863983356e-05,364.0,1.6276476476964768e-08
FF-2019-000018-AFG,FF_2019_000018_AFG,1.6176985e-08,4.584160710625468e-05,563.0,1.6205465607394364e-08
FL-2021-000019-PER,FL_2021_000019_PER,1.5521293e-08,3.127423626762237e-05,683.0,1.554385301889535e-08
FL-2009-000100-DOM,FL_2009_000100_DOM,1.5140962e-08,8.51368283414639e-05,393.0,1.517900461809045e-08
FL-2012-000037-PSE,FL_2012_000037_PSE,1.4899355e-08,1.3414340524253298e-05,905.0,1.491572791758242e-08
FL-1999-000235-IRN,FL_1999_000235_IRN,1.4833396e-08,0.0001632090252569,228.0,1.4897058643776825e-08
FL-2020-000200-BFA,FL_2020_000200_BFA,1.4561399e-08,5.6260891470066014e-05,514.0,1.4589455645472063e-08
FL-2017-000139-ETH,FL_2017_000139_ETH,1.3388062e-08,0.000270905217476,131.0,1.348650363235294e-08
FL-2007-000052-LKA,FL_2007_000052_LKA,1.3463418e-08,3.3366995600582274e-05,670.0,1.3483363804444444e-08
FL-1997-000270-ETH,FL_1997_000270_ETH,1.3301299e-08,7.425484599372357e-05,431.0,1.3331806566513761e-08
FL-2007-000154-MEX,FL_2007_000154_MEX,1.2454854e-08,5.472881719878833e-05,523.0,1.2478442738636364e-08
FL-2013-000008-MOZ,FL_2013_000008_MOZ,1.2081141e-08,6.470782984849401e-05,469.0,1.2106628639240506e-08
FL-2005-000160-MMR,FL_2005_000160_MMR,1.1896469e-08,2.8777045519428325e-06,1120.0,1.1907043639111112e-08
FL-2006-000057-SUR,FL_2006_000057_SUR,1.172892e-08,0.000151082604798,244.0,1.1776024096385542e-08
FL-2003-000037-MDG,FL_2003_000037_MDG,1.1717267e-08,1.7319673452839357e-05,856.0,1.1730875904761906e-08
FF-2019-000068-VNM,FF_2019_000068_VNM,1.1324067e-08,0.0002939926118526,124.0,1.1411850465116278e-08
FL-2015-000161-ETH,FL_2015_000161_ETH,1.13533e-08,0.0001102616225526,318.0,1.1388449535603717e-08
FL-2007-000025-FJI,FL_2007_000025_FJI,1.1287718e-08,2.947847812301511e-06,1118.0,1.1297769396260016e-08
FL-2002-000296-PRY,FL_2002_000296_PRY,1.0847682e-08,2.372412935461579e-05,762.0,1.0861825001303783e-08
FL-2021-000084-TCD,FL_2021_000084_TCD,1.0137053e-08,1.1508941511826068e-05,946.0,1.01477123617245e-08
FL-2008-000074-BFA,FL_2008_000074_BFA,1.0125323e-08,5.3989473747981045e-05,529.0,1.0144284279026216e-08
FF-2008-000072-CHN,FF_2008_000072_CHN,9.9946345e-09,0.0003339345315745,101.0,1.0088923504716983e-08
FL-2011-000148-KHM,FL_2011_000148_KHM,9.989558e-09,0.0001973925933893,185.0,1.0042134621052631e-08
FL-2022-000261-GEO,FL_2022_000261_GEO,9.724136e-09,5.299022420262976e-05,533.0,9.742210602230482e-09
FL-2014-000014-SYC,FL_2014_000014_SYC,9.6469055e-09,1.294573698829674e-05,915.0,9.657391266847826e-09
FF-2022-000209-AFG,FF_2022_000209_AFG,8.4234095e-09,0.0001674242290841,223.0,8.460354278508772e-09
FL-2010-000046-MOZ,FL_2010_000046_MOZ,8.26e-09,0.0001963072106108,187.0,8.303020833333332e-09
FL-2015-000006-MWI,FL_2015_000006_MWI,7.899516e-09,0.0001988175643244,183.0,7.941534702127659e-09
FL-2009-000234-PHL,FL_2009_000234_PHL,7.1236816e-09,5.993592526496588e-05,496.0,7.137900525349302e-09
FL-2019-000052-SRB,FL_2019_000052_SRB,6.8247465e-09,0.0022132329830337,19.0,7.1091109375000006e-09
FL-2012-000192-COD,FL_2012_000192_COD,6.8782815e-09,3.612759986891348e-05,641.0,6.888928994582043e-09
FL-2016-000045-ETH,FL_2016_000045_ETH,6.792875e-09,6.584856611309359e-05,466.0,6.807297239915074e-09
FL-2008-000167-VCT,FL_2008_000167_VCT,6.5929533e-09,2.8802062874867225e-06,1119.0,6.598818916814946e-09
FL-2010-000019-MEX,FL_2010_000019_MEX,6.5522543e-09,1.7614411481594797e-05,852.0,6.559899870945157e-09
FL-2002-000445-VEN,FL_2002_000445_VEN,6.5073187e-09,2.3274462028002586e-05,768.0,6.515736964812419e-09
FL-2003-000368-SDN,FL_2003_000368_SDN,6.412242e-09,6.875268910118123e-06,1020.0,6.418497845853659e-09
FL-2015-000164-COD,FL_2015_000164_COD,6.294127e-09,0.0005196014871277,61.0,6.38949256060606e-09
FL-2006-000068-CHN,FL_2006_000068_CHN,6.3001973e-09,7.395176039775053e-05,432.0,6.314614227459955e-09
FL-2009-000216-ITA,FL_2009_000216_ITA,6.1231757e-09,1.609228247163855e-05,873.0,6.130149704214123e-09
FF-2017-000101-VNM,FF_2017_000101_VNM,6.123228e-09,1.1849300287987026e-05,940.0,6.129707606349206e-09
FL-2014-000121-CMR,FL_2014_000121_CMR,5.9857883e-09,0.0002402137773801,147.0,6.02516848618421e-09
FF-2011-000071-GEO,FF_2011_000071_GEO,5.8567315e-09,3.279060049166515e-07,1199.0,5.861595894933555e-09
FL-2005-000109-PRK,FL_2005_000109_PRK,5.821261e-09,0.0001219933994802,292.0,5.840861205387206e-09
FL-2009-000144-NER,FL_2009_000144_NER,5.83016e-09,4.639777348348175e-06,1076.0,5.835553302497687e-09
FL-2007-000176-CRI,FL_2007_000176_CRI,5.3875366e-09,2.182953781995307e-05,792.0,5.394296369887077e-09
FF-2012-000196-COG,FF_2012_000196_COG,5.3472107e-09,9.190847396116167e-05,366.0,5.361623666846361e-09
FF-2022-000274-IRN,FF_2022_000274_IRN,5.2500697e-09,0.0005436474045453,59.0,5.3321020390625e-09
FL-2004-000031-CHN,FL_2004_000031_CHN,5.236432e-09,0.0003001210778284,118.0,5.279004617886179e-09
FL-2009-000171-AFG,FL_2009_000171_AFG,5.176525e-09,8.090486023048642e-06,1002.0,5.181665541211519e-09
FL-2005-000051-AGO,FL_2005_000051_AGO,5.051189e-09,1.279001581502557e-05,920.0,5.056649744864865e-09
FL-2007-000126-PRK,FL_2007_000126_PRK,4.9372324e-09,0.0001379800036619,264.0,4.955586423791822e-09
FL-2020-000176-SDN,FL_2020_000176_SDN,4.675818e-09,0.0001962476038321,188.0,4.70004503626943e-09
FL-2014-000155-HTI,FL_2014_000155_HTI,4.5508854e-09,8.187337687712918e-06,1001.0,4.555409142942346e-09
FL-2010-000120-BRA,FL_2010_000120_BRA,4.550189e-09,2.6420175122032103e-06,1127.0,4.554208601590106e-09
FL-2018-000165-CRI,FL_2018_000165_CRI,4.333293e-09,0.0001132163272344,309.0,4.3470932961783445e-09
FL-1997-000111-ARM,FL_1997_000111_ARM,4.229664e-09,3.482703376992505e-06,1108.0,4.233464237196765e-09
FL-2010-000031-PRT,FL_2010_000031_PRT,4.0577945e-09,3.253153633973666e-07,1201.0,4.061159172056384e-09
FL-2019-000119-CMR,FL_2019_000119_CMR,3.9491406e-09,0.0007798077510182,37.0,4.043167757142857e-09
FF-2012-000079-GEO,FF_2012_000079_GEO,3.8798853e-09,1.2851858697530114e-05,919.0,3.884084310064934e-09
FL-2011-000181-VEN,FL_2011_000181_VEN,3.7801993e-09,5.667670995299702e-05,511.0,3.787525267635658e-09
FL-2019-000163-UGA,FL_2019_000163_UGA,3.6916912e-09,0.0008409125212182,34.0,3.7863499487179485e-09
FL-2015-000008-BOL,FL_2015_000008_BOL,3.7135552e-09,4.249610324387843e-06,1088.0,3.7169527802378773e-09
FL-2009-000165-CHL,FL_2009_000165_CHL,3.6576318e-09,1.4485536054484263e-05,895.0,3.661695835333333e-09
FL-2019-000064-SDN,FL_2019_000064_SDN,3.595892e-09,2.054604204430629e-05,806.0,3.600325898890259e-09
FL-2017-000083-GIN,FL_2017_000083_GIN,3.5446144e-09,0.0001676952230379,222.0,3.5602294414096918e-09
FL-2019-000067-UGA,FL_2019_000067_UGA,3.5235375e-09,2.350487323851048e-05,764.0,3.528119473342003e-09
FL-2007-000222-MYS,FL_2007_000222_MYS,3.1642517e-09,0.004407007669379,11.0,3.3620174312499996e-09
FL-2007-000009-PER,FL_2007_000009_PER,3.3151886e-09,3.579631470969986e-05,648.0,3.320265458499234e-09
FL-2017-000079-TJK,FL_2017_000079_TJK,3.22102e-09,0.0006917440124571,41.0,3.291042173913044e-09
FL-2020-000128-KEN,FL_2020_000128_KEN,3.2244545e-09,6.061657045008982e-05,489.0,3.23098173582996e-09
FL-2000-000444-IND,FL_2000_000444_IND,3.1616632e-09,7.914064667270261e-05,415.0,3.1691909695238094e-09
FF-2008-000082-PHL,FF_2008_000082_PHL,3.0045508e-09,9.071012619350494e-06,982.0,3.0075949244174265e-09
ST-2011-000073-CAF,ST_2011_000073_CAF,2.9960525e-09,7.0064004520623136e-06,1018.0,2.9989811925708704e-09
FL-2006-000192-IDN,FL_2006_000192_IDN,2.8672755e-09,8.034627384182634e-05,411.0,2.8741679891826924e-09
FL-2010-000139-SDN,FL_2010_000139_SDN,2.8264924e-09,0.0002871521348036,125.0,2.8482346492307692e-09
FL-2009-000237-THA,FL_2009_000237_THA,2.792643e-09,2.667787710834929e-05,729.0,2.7964476907356953e-09
FF-2021-000090-SDN,FF_2021_000090_SDN,2.7453195e-09,2.6400091046907466e-06,1128.0,2.7477425533980586e-09
FL-2006-000124-UGA,FL_2006_000124_UGA,2.686836e-09,3.992512093714727e-06,1098.0,2.6892719347234816e-09
ST-2010-000085-CHN,ST_2010_000085_CHN,2.5648916e-09,8.47022793262936e-05,394.0,2.571319899749373e-09
FL-1999-000229-TJK,FL_1999_000229_TJK,2.494091e-09,0.0002315991596794,156.0,2.509582248447205e-09
FF-2022-000309-SLE,FF_2022_000309_SLE,2.4200737e-09,4.149709559854657e-05,600.0,2.4240738218181814e-09
FL-2008-000155-CHL,FL_2008_000155_CHL,2.2649544e-09,3.745890204048204e-06,1103.0,2.26699858267148e-09
FL-2020-000175-GEO,FL_2020_000175_GEO,2.2639202e-09,1.5952950893354517e-05,876.0,2.26648991645857e-09
FL-2018-000046-RUS,FL_2018_000046_RUS,2.2591649e-09,2.360601509107969e-05,763.0,2.2621065209635417e-09
FL-2001-000236-URY,FL_2001_000236_URY,2.183209e-09,0.0006896685103439,43.0,2.2286925208333333e-09
FL-2019-000101-NER,FL_2019_000101_NER,2.1767657e-09,9.22840749304466e-06,977.0,2.178982365682281e-09
FL-2019-000160-COG,FL_2019_000160_COG,2.1723785e-09,3.282702800236551e-05,673.0,2.175582598082596e-09
FL-2011-000021-MYS,FL_2011_000021_MYS,1.9129947e-09,0.0077456690473847,5.0,2.10429417e-09
FL-2008-000250-THA,FL_2008_000250_THA,2.0509585e-09,5.989168698966084e-05,497.0,2.055044074701195e-09
FL-2015-000053-CAF,FL_2015_000053_CAF,2.0222781e-09,9.728434504128978e-06,967.0,2.0243586330246915e-09
FL-2022-000217-BGD,FL_2022_000217_BGD,1.9257596e-09,1.778154626111722e-06,1157.0,1.9274168802065405e-09
FL-2022-000379-MYS,FL_2022_000379_MYS,1.8155587e-09,0.0026864109811205,16.0,1.9020138761904764e-09
FF-2018-000158-TUN,FF_2018_000158_TUN,1.88839e-09,3.556626580241424e-05,651.0,1.8912686432926826e-09
FL-2002-000374-IND,FL_2002_000374_IND,1.8447157e-09,5.406757355461802e-05,528.0,1.8481767050656662e-09
FL-2012-000151-TCD,FL_2012_000151_TCD,1.8269358e-09,0.0001418617623076,255.0,1.8339624761538461e-09
FL-2011-000118-GTM,FL_2011_000118_GTM,1.7178433e-09,8.956831497130522e-07,1184.0,1.7192880798990748e-09
FL-2001-000117-PER,FL_2001_000117_PER,1.6924793e-09,3.654800315318198e-05,638.0,1.6951114606531882e-09
FL-1999-000161-LKA,FL_1999_000161_LKA,1.6794e-09,5.347674459205884e-10,1219.0,1.6807720588235294e-09
FL-2011-000061-DOM,FL_2011_000061_DOM,1.6713481e-09,1.3309724701221163e-05,913.0,1.6731687406318085e-09
FL-2004-000052-JPN,FL_2004_000052_JPN,1.6133304e-09,0.0004593255998494,72.0,1.6342827428571427e-09
FL-2020-000126-ETH,FL_2020_000126_ETH,1.627594e-09,8.8438599263198e-05,377.0,1.631854717277487e-09
FL-2011-000135-THA,FL_2011_000135_THA,1.5988363e-09,0.000435093373298,77.0,1.6183343036585368e-09
FL-2000-000255-ARG,FL_2000_000255_ARG,1.5518014e-09,0.0002124384820323,175.0,1.5604225188888887e-09
FL-2006-000123-SDN,FL_2006_000123_SDN,1.5585563e-09,1.71801774981985e-05,858.0,1.5603622748551562e-09
FL-2021-000129-VEN,FL_2021_000129_VEN,1.5361155e-09,1.3437553227967225e-06,1167.0,1.5374261787542665e-09
FL-2015-000011-PER,FL_2015_000011_PER,1.5230682e-09,0.0001926892270668,196.0,1.5306456537313434e-09
FL-2008-000185-SOM,FL_2008_000185_SOM,1.4940089e-09,0.0002555738855411,137.0,1.5045300894366197e-09
FL-2013-000112-CAF,FL_2013_000112_CAF,1.4192748e-09,2.9140191592029102e-05,707.0,1.421268163483146e-09
FL-1990-000004-VNM,FL_1990_000004_VNM,1.3924734e-09,1.6399822525892855e-05,869.0,1.3940666189931352e-09
FL-2009-000261-PER,FL_2009_000261_PER,1.2621584e-09,3.4092701646572066e-05,666.0,1.2640394110283162e-09
FL-2014-000154-IDN,FL_2014_000154_IDN,1.2519027e-09,0.0001048790294595,331.0,1.2556286008928572e-09
FL-2008-000051-LKA,FL_2008_000051_LKA,1.2248984e-09,3.2868627407950223e-06,1110.0,1.225996963587444e-09
FL-2008-000031-PER,FL_2008_000031_PER,1.1999229e-09,0.000184733781334,204.0,1.2056641578947367e-09
FL-2000-000735-VEN,FL_2000_000735_VEN,1.1209428e-09,4.0107484550625136e-05,607.0,1.1227744058823529e-09
FL-2007-000035-AFG,FL_2007_000035_AFG,1.1195624e-09,2.3824238656448967e-05,760.0,1.121025880261438e-09
FL-2022-000356-ETH,FL_2022_000356_ETH,1.0924017e-09,0.0002198927741924,168.0,1.0987161606936416e-09
FL-1997-000522-MDA,FL_1997_000522_MDA,1.0732064e-09,3.0033403969528783e-05,699.0,1.0747308409090908e-09
FL-2010-000051-KAZ,FL_2010_000051_KAZ,1.0412503e-09,6.69048270988377e-06,1024.0,1.04226220505345e-09
FL-1999-000547-VEN,FL_1999_000547_VEN,1.0391091e-09,1.645234921289146e-05,865.0,1.0403034782758622e-09
FL-2010-000026-DOM,FL_2010_000026_DOM,9.930345e-10,4.056110717133555e-06,1093.0,9.939389030054644e-10
FL-1999-000160-PER,FL_1999_000160_PER,9.758391e-10,0.0004105214289408,86.0,9.865626065934066e-10
FL-2015-000092-BRA,FL_2015_000092_BRA,9.730358e-10,5.3751317843827607e-05,531.0,9.748511652985077e-10
FL-2023-000001-COG,FL_2023_000001_COG,9.350375e-10,3.8797442657678126e-05,621.0,9.365311701277954e-10
FF-2008-000216-PSE,FF_2008_000216_PSE,9.346688e-10,2.238431114945651e-06,1146.0,9.354808493483928e-10
FL-2019-000011-IDN,FL_2019_000011_IDN,9.274357e-10,5.896397169711379e-05,501.0,9.292685768774703e-10
FL-2013-000052-SOM,FL_2013_000052_SOM,9.0703917e-10,0.0001960276152043,189.0,9.117146296391752e-10
FL-2002-000077-PER,FL_2002_000077_PER,8.829738e-10,3.028458376672933e-05,696.0,8.842333917261055e-10
FL-2007-000057-URY,FL_2007_000057_URY,8.685551e-10,0.0003139138455738,115.0,8.757930591666667e-10
FL-2017-000014-PER,FL_2017_000014_PER,8.559436e-10,0.0001993563093242,182.0,8.605208385026738e-10
FL-2003-000204-KEN,FL_2003_000204_KEN,8.237864e-10,0.0002025561712073,180.0,8.282392994594594e-10
FL-2020-000054-BDI,FL_2020_000054_BDI,8.1101714e-10,0.0003979425766582,89.0,8.196449819148937e-10
FL-2022-000277-SDN,FL_2022_000277_SDN,7.922631e-10,0.0001417037848014,256.0,7.952985908045977e-10
FL-2016-000072-SDN,FL_2016_000072_SDN,7.7028645e-10,5.44108987270327e-06,1057.0,7.710117668079095e-10
FL-2001-000227-RUS,FL_2001_000227_RUS,7.5277734e-10,0.000208658701012,176.0,7.569363308287294e-10
FL-2014-000150-SOM,FL_2014_000150_SOM,6.99926e-10,6.052187027426371e-06,1040.0,7.00595785645933e-10
FL-2001-000096-UKR,FL_2001_000096_UKR,6.9660605e-10,1.4404446161588272e-05,896.0,6.973791976692564e-10
FL-2001-000095-HUN,FL_2001_000095_HUN,6.9660605e-10,5.792526738819282e-06,1045.0,6.972694843333334e-10
FL-2001-000079-ROM,FL_2001_000079_ROM,6.9660605e-10,2.048374791254288e-06,1151.0,6.972086503892734e-10
FL-2004-000020-KEN,FL_2004_000020_KEN,6.8806016e-10,0.0004318099596818,79.0,6.962513523809523e-10
FL-2004-000115-PAN,FL_2004_000115_PAN,6.7581896e-10,5.69519354651797e-05,509.0,6.771337828793774e-10
FL-2022-000376-COD,FL_2022_000376_COD,6.621646e-10,0.0001042271181491,333.0,6.641236668639053e-10
FL-2007-000139-KEN,FL_2007_000139_KEN,6.5649697e-10,0.0001320382492427,276.0,6.588332581494663e-10
FL-2022-000207-VEN,FL_2022_000207_VEN,6.5495104e-10,5.656629716379792e-06,1050.0,6.555718466729857e-10
FL-2018-000077-CIV,FL_2018_000077_CIV,6.508297e-10,2.991621882964724e-05,701.0,6.517515550991503e-10
FL-2016-000054-HTI,FL_2016_000054_HTI,6.434316e-10,0.0002757980049082,129.0,6.482333283582089e-10
FF-2006-000046-KEN,FF_2006_000046_KEN,6.431831e-10,1.9374570905939184e-06,1154.0,6.437380465918896e-10
FL-2001-000390-POL,FL_2001_000390_POL,6.271871e-10,6.310814826851349e-06,1036.0,6.277895852065321e-10
FL-2009-000117-GTM,FL_2009_000117_GTM,6.18506e-10,2.8242388986945253e-05,715.0,6.193650361111111e-10
FL-2001-000180-IRN,FL_2001_000180_IRN,5.995195e-10,4.637857684202417e-05,561.0,6.005787217314488e-10
FL-2006-000058-TJK,FL_2006_000058_TJK,5.5689736e-10,8.059251228255728e-05,409.0,5.58242522705314e-10
FL-2017-000088-SDN,FL_2017_000088_SDN,5.0997406e-10,2.0668595885903415e-05,805.0,5.106036576049384e-10
FL-2008-000035-PRY,FL_2008_000035_PRY,4.8868554e-10,4.455883195720407e-05,574.0,4.895295564766839e-10
FL-2015-000145-SOM,FL_2015_000145_SOM,4.8238086e-10,2.3727364317200023e-05,761.0,4.830106000261097e-10
FL-2012-000210-MWI,FL_2012_000210_MWI,4.760187e-10,0.0002387371771925,149.0,4.791097305194805e-10
FL-2009-000177-GMB,FL_2009_000177_GMB,4.739236e-10,3.2832681853932965e-06,1112.0,4.743478825425246e-10
FF-2009-000204-TUN,FF_2009_000204_TUN,4.5263504e-10,4.886471569539224e-05,548.0,4.534535482097649e-10
FL-2009-000218-KEN,FL_2009_000218_KEN,4.2872877e-10,0.0012449056121995,22.0,4.446076133333333e-10
FL-2007-000076-KEN,FL_2007_000076_KEN,4.20603e-10,0.0004500143971242,74.0,4.2592708860759494e-10
FL-2005-000137-CAF,FL_2005_000137_CAF,4.0778816e-10,4.6192036762549664e-05,562.0,4.0850736310405645e-10
FL-2011-000122-NER,FL_2011_000122_NER,3.955328e-10,1.809227265909906e-05,847.0,3.959970403755868e-10
FL-2008-000201-YEM,FL_2008_000201_YEM,3.9015302e-10,0.0004176000008742,85.0,3.944880535555555e-10
FL-1991-000009-VNM,FL_1991_000009_VNM,3.8084833e-10,1.055310768148218e-05,959.0,3.812434008817427e-10
FL-2008-000117-ROM,FL_2008_000117_ROM,3.7958095e-10,5.4576732268751785e-06,1056.0,3.7993870772855793e-10
FL-2007-000023-IDN,FL_2007_000023_IDN,3.7541004e-10,6.150240378147438e-05,484.0,3.761777496932516e-10
FL-2008-000217-KEN,FL_2008_000217_KEN,3.4389674e-10,0.0004407696334974,76.0,3.481423787654321e-10
FF-2011-000049-IRQ,FF_2011_000049_IRQ,3.424556e-10,5.581166533148108e-05,518.0,3.4311039082217973e-10
FL-2002-000265-KEN,FL_2002_000265_KEN,3.2791514e-10,0.0003914043004745,92.0,3.3129570845360823e-10
FF-2020-000123-YEM,FF_2020_000123_YEM,3.3020223e-10,7.815645255946657e-05,420.0,3.3097917642352947e-10
FF-2013-000091-SDN,FF_2013_000091_SDN,3.234433e-10,9.966104893493718e-07,1180.0,3.2371624793248945e-10
FL-2015-000009-ALB,FL_2015_000009_ALB,3.1847985e-10,1.5328175114460607e-06,1162.0,3.187527547557841e-10
FL-2003-000051-PER,FL_2003_000051_PER,3.162294e-10,0.0002151521618206,171.0,3.1802615795454545e-10
FL-2004-000116-CAF,FL_2004_000116_CAF,2.8702665e-10,0.0001017924335086,337.0,2.8786590921052635e-10
FL-2022-000365-PAN,FL_2022_000365_PAN,2.8672772e-10,2.6816042413313977e-06,1126.0,2.8698123699381076e-10
LS-2010-000040-UGA,LS_2010_000040_UGA,2.7415994e-10,0.0001987307769286,184.0,2.756105216931217e-10
FL-2010-000174-KEN,FL_2010_000174_KEN,2.6823432e-10,4.518263795116018e-05,567.0,2.6870326111888106e-10
FL-2008-000191-CRI,FL_2008_000191_CRI,2.5034758e-10,6.2277287133414805e-06,1037.0,2.505878367946257e-10
FL-2006-000151-PAN,FL_2006_000151_PAN,2.471731e-10,6.440538902989976e-06,1031.0,2.4741168407335907e-10
FL-2009-000075-BDI,FL_2009_000075_BDI,2.3499397e-10,0.0001973344300251,186.0,2.3622430492146596e-10
FL-2002-000263-CRI,FL_2002_000263_CRI,2.3187256e-10,6.245246305712923e-05,479.0,2.3235163553719006e-10
FL-2018-000058-COL,FL_2018_000058_COL,2.2899725e-10,0.0001203758508075,295.0,2.297605741666667e-10
FL-2013-000070-IND,FL_2013_000070_IND,2.1729746e-10,3.735158742903779e-05,635.0,2.1763698728124997e-10
FL-2011-000051-RWA,FL_2011_000051_RWA,2.110753e-10,2.04887835717599e-06,1150.0,2.1125804917748919e-10
FL-2007-000200-MEX,FL_2007_000200_MEX,2.0958073e-10,3.836923794775597e-05,627.0,2.0991234507911394e-10
FL-2005-000132-MKD,FL_2005_000132_MKD,2.0625655e-10,1.527326876877108e-05,887.0,2.064877793161435e-10
FF-2012-000120-GEO,FF_2012_000120_GEO,2.0497211e-10,1.580778598265703e-07,1210.0,2.051408113251029e-10
FL-2016-000042-KEN,FL_2016_000042_KEN,1.9918739e-10,8.229027458500736e-06,999.0,1.9938578381474103e-10
FL-2010-000091-VNM,FL_2010_000091_VNM,1.9168754e-10,1.8029598423128736e-06,1156.0,1.9185264554694227e-10
FL-1991-000010-PHL,FL_1991_000010_PHL,1.8479443e-10,8.072432999019998e-05,406.0,1.8524405148418494e-10
FL-2008-000197-COL,FL_2008_000197_COL,1.7047955e-10,3.58625320379147e-05,647.0,1.7074102170245401e-10
FL-2011-000059-CHN,FL_2011_000059_CHN,1.5448583e-10,0.0015363994096658,20.0,1.606652632e-10
FF-2007-000008-LKA,FF_2007_000008_LKA,1.5602038e-10,6.942011003358572e-06,1019.0,1.5617274365234377e-10
FL-2005-000017-VEN,FL_2005_000017_VEN,1.4737955e-10,4.259777360887251e-06,1087.0,1.4751451295787544e-10
FL-2003-000389-BFA,FL_2003_000389_BFA,1.4535576e-10,4.230102666861935e-06,1089.0,1.4548862632541136e-10
FL-2021-000208-IRQ,FL_2021_000208_IRQ,1.2983836e-10,0.0083250771557759,4.0,1.4426484444444446e-10
FL-2008-000180-NIC,FL_2008_000180_NIC,1.434907e-10,0.0001528112784381,242.0,1.4407163400809717e-10
FL-2010-000096-IDN,FL_2010_000096_IDN,1.3893778e-10,4.839842775952025e-05,549.0,1.391885702166065e-10
FL-2011-000115-KEN,FL_2011_000115_KEN,1.3163956e-10,7.240138519734279e-06,1015.0,1.3176861839215686e-10
FL-2002-000732-IDN,FL_2002_000732_IDN,1.2879386e-10,6.513926668871998e-05,467.0,1.2906672834745765e-10
FL-2021-000039-BDI,FL_2021_000039_BDI,1.2424405e-10,0.0002521037502378,139.0,1.2510685590277778e-10
LS-2022-000283-LKA,LS_2022_000283_LKA,1.11009854e-10,2.823955234188878e-06,1122.0,1.1110835431410826e-10
FL-2022-000158-HTI,FL_2022_000158_HTI,1.0151391e-10,4.399540564499156e-05,577.0,1.0168833252577319e-10
FL-2013-000019-PER,FL_2013_000019_PER,9.942217e-11,1.0405907507386675e-07,1213.0,9.950379739737274e-11
FL-2012-000054-HTI,FL_2012_000054_HTI,9.8516764e-11,0.0001313137252149,277.0,9.886611422695036e-11
FL-2022-000362-LCA,FL_2022_000362_LCA,9.698972e-11,2.946084101125861e-07,1203.0,9.707000950331126e-11
FL-2006-000009-GUY,FL_2006_000009_GUY,8.7502706e-11,0.0001880939908316,200.0,8.792954846829269e-11
FL-2006-000070-IND,FL_2006_000070_IND,8.5811885e-11,0.00017441523799,216.0,8.620017407239819e-11
FL-2009-000268-AGO,FL_2009_000268_AGO,8.390282e-11,4.166028796552043e-05,599.0,8.404173195364239e-11
FL-2006-000191-LKA,FL_2006_000191_LKA,8.376947e-11,3.1907679965358333e-07,1202.0,8.383887304059653e-11
FL-1998-000179-RUS,FL_1998_000179_RUS,8.363496e-11,7.720213656521467e-05,423.0,8.383036878504671e-11
FL-2016-000026-PNG,FL_2016_000026_PNG,8.365266e-11,2.999276760607433e-05,700.0,8.377131625531914e-11
FL-2010-000062-COD,FL_2010_000062_COD,7.7047424e-11,0.0002162206458575,170.0,7.748769499428571e-11
FL-2001-000332-IND,FL_2001_000332_IND,7.6268394e-11,0.0001096839477247,319.0,7.650379027777778e-11
FL-2013-000051-ECU,FL_2013_000051_ECU,7.4519425e-11,1.303641279486299e-05,914.0,7.460051251360175e-11
FL-2003-000647-TLS,FL_2003_000647_TLS,7.280158e-11,4.081191002511524e-05,602.0,7.292151670510708e-11
FL-2008-000011-TZA,FL_2008_000011_TZA,7.261017e-11,8.715323749622528e-05,384.0,7.279682853470436e-11
FL-2011-000067-PHL,FL_2011_000067_PHL,7.221525e-11,7.023128143353702e-05,447.0,7.237501825221239e-11
FL-2010-000114-BGD,FL_2010_000114_BGD,6.497035e-11,1.7434868881552783e-05,855.0,6.504589691860465e-11
FL-2007-000123-NGA,FL_2007_000123_NGA,5.7882386e-11,0.0001016088797781,338.0,5.805113931195336e-11
FL-2020-000206-COD,FL_2020_000206_COD,5.413953e-11,9.297966099215112e-05,358.0,5.42886747107438e-11
FL-2009-000164-SEN,FL_2009_000164_SEN,5.3167994e-11,3.618093595920731e-05,640.0,5.325042499844961e-11
FL-2006-000071-ROM,FL_2006_000071_ROM,4.8575678e-11,0.0001243149308645,286.0,4.874260472852234e-11
FL-2021-000209-MYS,FL_2021_000209_MYS,4.3035894e-11,0.0014016646404622,21.0,4.46911206923077e-11
FL-2011-000187-COD,FL_2011_000187_COD,4.450064e-11,1.9996937743032026e-05,814.0,4.455497533577534e-11
FL-2019-000089-SLE,FL_2019_000089_SLE,4.138486e-11,5.764462377946413e-05,506.0,4.146584798434442e-11
FL-2021-000049-RWA,FL_2021_000049_RWA,4.1398357e-11,9.308896718742954e-06,974.0,4.144064337078652e-11
FL-2000-000038-PHL,FL_2000_000038_PHL,3.9760396e-11,3.161228203283973e-05,680.0,3.9818440373722626e-11
FL-2012-000066-COM,FL_2012_000066_COM,3.9333082e-11,4.7034011706922856e-05,558.0,3.940294537833037e-11
FF-2006-000022-TLS,FF_2006_000022_TLS,3.7382094e-11,5.193661570489127e-05,537.0,3.745106465313653e-11
FL-1997-000301-UGA,FL_1997_000301_UGA,3.721492e-11,4.759931644017519e-07,1194.0,3.724595829858215e-11
FL-2011-000180-PAN,FL_2011_000180_PAN,3.5401557e-11,6.795907303341267e-07,1188.0,3.543123139815592e-11
FL-2013-000085-NIC,FL_2013_000085_NIC,3.4936512e-11,1.194056266360885e-05,935.0,3.497367850212766e-11
FL-2014-000030-PRY,FL_2014_000030_PRY,3.2929652e-11,9.021519085218067e-05,373.0,3.301676748148148e-11
FL-2021-000097-BGD,FL_2021_000097_BGD,2.5641583e-11,1.248382768894497e-06,1171.0,2.566338706717687e-11
FL-2015-000151-BLZ,FL_2015_000151_BLZ,2.4980544e-11,2.2413922007046266e-07,1206.0,2.5001172029727497e-11
FL-2002-000475-TJK,FL_2002_000475_TJK,2.4953296e-11,5.418681052005909e-05,526.0,2.500028902448211e-11
FL-2009-000011-PHL,FL_2009_000011_PHL,2.3188755e-11,0.0001331863523212,274.0,2.32718688172043e-11
FL-2008-000234-BRA,FL_2008_000234_BRA,2.2689442e-11,4.418335934276874e-05,575.0,2.2728561727586204e-11
FL-2021-000091-PHL,FL_2021_000091_PHL,2.2391982e-11,0.0003140121046382,114.0,2.2580149915966386e-11
FL-2006-000169-SOM,FL_2006_000169_SOM,2.0463603e-11,0.0001476011595094,251.0,2.0543538949218747e-11
FL-2000-000583-LAO,FL_2000_000583_LAO,2.0391437e-11,0.0001312441756023,278.0,2.046349154770318e-11
ST-2012-000061-VNM,ST_2012_000061_VNM,2.0117871e-11,5.812239716329201e-05,505.0,2.0157317805882353e-11
FL-2019-000103-LAO,FL_2019_000103_LAO,1.9680617e-11,4.216749900263123e-05,595.0,1.9713418028333335e-11
FL-2019-000022-IRN,FL_2019_000022_IRN,1.9278872e-11,4.773446306236432e-05,555.0,1.9313298557142855e-11
FL-2012-000003-BRA,FL_2012_000003_BRA,1.8711102e-11,3.415252615809443e-05,663.0,1.8739112631736525e-11
FL-2013-000159-VCT,FL_2013_000159_VCT,1.8665194e-11,3.050938273586843e-05,693.0,1.8691934965616048e-11
FL-2012-000042-COL,FL_2012_000042_COL,1.8450245e-11,4.549415702946195e-05,566.0,1.8482557162872156e-11
FL-2007-000130-CIV,FL_2007_000130_CIV,1.7841237e-11,0.0001751065678551,215.0,1.7922333531818182e-11
FL-2010-000127-AFG,FL_2010_000127_AFG,1.760404e-11,3.1409223019168295e-05,681.0,1.762970186588921e-11
FL-2010-000239-MNE,FL_2010_000239_MNE,1.7195391e-11,1.1336029512227915e-05,950.0,1.721339664502618e-11
FL-1998-000224-SVK,FL_1998_000224_SVK,1.6782875e-11,9.323951553415757e-08,1214.0,1.6796642739950782e-11
FL-1998-000193-ROM,FL_1998_000193_ROM,1.6625895e-11,8.789189435438447e-05,382.0,1.666885596899225e-11
FL-1999-000350-CRI,FL_1999_000350_CRI,1.5901874e-11,6.674062343968134e-05,461.0,1.5935998193133046e-11
FF-2008-000092-KEN,FF_2008_000092_KEN,1.5617299e-11,0.0001118209287759,310.0,1.5666877726984127e-11
FL-2012-000075-VEN,FL_2012_000075_VEN,1.5641105e-11,3.605716171248151e-05,644.0,1.566520531587057e-11
FL-2022-000348-CRI,FL_2022_000348_CRI,1.5321511e-11,0.0001817110112526,206.0,1.539412479620853e-11
FL-2014-000152-ETH,FL_2014_000152_ETH,1.4263887e-11,1.9264612917474418e-05,828.0,1.4281010513805521e-11
FL-2011-000183-TZA,FL_2011_000183_TZA,1.3901058e-11,2.1393590375013643e-05,795.0,1.3918434322499999e-11
FL-2021-000123-CAF,FL_2021_000123_CAF,1.3568056e-11,2.2986557131402186e-06,1140.0,1.3579905830567686e-11
FL-2017-000126-NGA,FL_2017_000126_NGA,1.34970386e-11,7.633797194777416e-05,426.0,1.3528354234802783e-11
FL-2006-000131-BGD,FL_2006_000131_BGD,1.2682143e-11,4.557665447537928e-05,564.0,1.2704431476274165e-11
FL-2015-000169-KEN,FL_2015_000169_KEN,1.2591757e-11,4.272468573944025e-05,587.0,1.2613026859797298e-11
FL-2009-000089-BRA,FL_2009_000089_BRA,1.16006805e-11,0.000410456667412,87.0,1.172677485326087e-11
FL-2008-000166-GTM,FL_2008_000166_GTM,1.1268326e-11,1.3845410207741502e-05,902.0,1.128074973318633e-11
FL-2019-000153-COD,FL_2019_000153_COD,1.1174822e-11,1.971313967768301e-05,818.0,1.1188400155528555e-11
FL-2002-000478-PRK,FL_2002_000478_PRK,1.0957875e-11,0.0001691163342122,221.0,1.100636117256637e-11
FL-2007-000210-PHL,FL_2007_000210_PHL,1.0064643e-11,9.749007987927332e-05,347.0,1.0093235735795455e-11
FL-2011-000042-COL,FL_2011_000042_COL,9.564744e-12,6.438819717320111e-05,470.0,9.584880303157897e-12
FL-2009-000241-COL,FL_2009_000241_COL,9.166047e-12,8.065545559911355e-05,407.0,9.188294686893204e-12
FL-2018-000043-TZA,FL_2018_000043_TZA,7.0908284e-12,0.0002987254570096,119.0,7.1480125e-12
FF-2014-000015-ZWE,FF_2014_000015_ZWE,7.0691404e-12,5.678878071881317e-07,1191.0,7.0750510525083614e-12
FL-1994-000007-VNM,FL_1994_000007_VNM,6.7933285e-12,1.0381320501188538e-06,1178.0,6.799070958579882e-12
FL-2002-000536-MMR,FL_2002_000536_MMR,6.7007207e-12,1.0094366931818024e-05,963.0,6.707642932128099e-12
FF-2008-000227-ETH,FF_2008_000227_ETH,6.205746e-12,6.880175204413898e-05,455.0,6.219236752173913e-12
FL-2021-000152-GEO,FL_2021_000152_GEO,5.691356e-12,1.4711715775780798e-05,891.0,5.6977079598214284e-12
FL-2021-000038-KEN,FL_2021_000038_KEN,5.5397874e-12,6.132254542706347e-05,485.0,5.551093088571429e-12
FL-2006-000001-IDN,FL_2006_000001_IDN,5.403278e-12,5.122170434220281e-05,539.0,5.41321049632353e-12
FL-2007-000088-ECU,FL_2007_000088_ECU,5.0948785e-12,3.1014588332228724e-05,687.0,5.1022410411849706e-12
FF-2006-000163-AFG,FF_2006_000163_AFG,4.931096e-12,0.0002827383262233,126.0,4.968737954198473e-12
FL-2014-000117-BGD,FL_2014_000117_BGD,4.9517725e-12,1.23574177318286e-05,930.0,4.9570685133689835e-12
FL-2012-000169-SEN,FL_2012_000169_SEN,4.6480797e-12,6.4583972470414594e-06,1030.0,4.65257059826087e-12
FL-2009-000170-MRT,FL_2009_000170_MRT,4.2326464e-12,0.0001937751510201,192.0,4.254131914720811e-12
FL-2009-000245-SRB,FL_2009_000245_SRB,4.085512e-12,0.0001581466378918,237.0,4.102394280991736e-12
FF-2013-000084-GEO,FF_2013_000084_GEO,3.825395e-12,9.335952110413449e-06,973.0,3.829306446830266e-12
FF-2008-000194-VNM,FF_2008_000194_VNM,3.6731117e-12,1.61047490010406e-05,872.0,3.677299968757127e-12
FL-2021-000190-EGY,FL_2021_000190_EGY,3.6338552e-12,0.0001718896501273,219.0,3.650077767857143e-12
FL-2019-000020-COL,FL_2019_000020_COL,3.5392856e-12,2.263613392969274e-06,1142.0,3.542371289276373e-12
FL-2007-000158-TGO,FL_2007_000158_TGO,3.416007e-12,1.2020145710752404e-05,934.0,3.4196449201277957e-12
FL-2005-000020-COL,FL_2005_000020_COL,3.1826811e-12,0.0001093226102654,320.0,3.192473964923077e-12
FL-2005-000209-THA,FL_2005_000209_THA,3.1589915e-12,2.554018899228384e-06,1134.0,3.1617649780509217e-12
FL-2012-000173-SOM,FL_2012_000173_SOM,2.8718026e-12,7.85639981143393e-05,418.0,2.8785917314420797e-12
FL-1997-000137-CHL,FL_1997_000137_CHL,2.7692445e-12,5.432277740637054e-05,524.0,2.7744793667296788e-12
FL-2013-000023-ZMB,FL_2013_000023_ZMB,2.6812313e-12,0.0006228220491623,48.0,2.7318205698113205e-12
FL-2001-000492-VNM,FL_2001_000492_VNM,2.550063e-12,2.3383558184614245e-05,766.0,2.553370474708171e-12
FL-2013-000030-COL,FL_2013_000030_COL,2.4160932e-12,6.370133185283683e-05,474.0,2.4211372359081417e-12
FL-1998-000112-TZA,FL_1998_000112_TZA,2.4022295e-12,0.0001755545730538,213.0,2.4132489013761472e-12
FF-2018-000118-LAO,FF_2018_000118_LAO,2.251585e-12,0.0006269780811874,47.0,2.2948847115384614e-12
FL-2009-000174-NER,FL_2009_000174_NER,2.1851913e-12,2.283973717273792e-05,771.0,2.188007268170103e-12
FL-2019-000138-KEN,FL_2019_000138_KEN,2.1594389e-12,0.0001236523967691,289.0,2.1667839302721088e-12
FL-2008-000231-PAN,FL_2008_000231_PAN,2.0688787e-12,8.341209254622656e-05,396.0,2.0740379985037405e-12
FL-2002-000734-MAR,FL_2002_000734_MAR,1.8877098e-12,1.565023077716122e-05,881.0,1.8898403979683977e-12
FL-2004-000094-CHN,FL_2004_000094_CHN,1.8760087e-12,0.0002388902228431,148.0,1.8882701947712416e-12
FL-2017-000017-PAK,FL_2017_000017_PAK,1.7931928e-12,1.2933709745354364e-05,916.0,1.7951398062975028e-12
FL-2002-000322-CHL,FL_2002_000322_CHL,1.7885103e-12,3.7720865238033305e-06,1102.0,1.7901259371273713e-12
FL-2002-000325-JAM,FL_2002_000325_JAM,1.7082963e-12,7.555174977398104e-06,1012.0,1.7099760407079646e-12
FL-2012-000138-NGA,FL_2012_000138_NGA,1.5895178e-12,2.5826064293050555e-06,1131.0,1.5909170234154929e-12
FL-2010-000121-DOM,FL_2010_000121_DOM,1.5220747e-12,5.039795789697271e-05,543.0,1.5248522085766425e-12
FL-2013-000038-KEN,FL_2013_000038_KEN,1.4829767e-12,9.167026997449944e-05,368.0,1.4869525088471848e-12
FF-2020-000191-AFG,FF_2020_000191_AFG,1.1629325e-12,1.4739791111087774e-05,890.0,1.1642318659217877e-12
FL-2000-000265-COL,FL_2000_000265_COL,1.1492152e-12,2.7809608843280372e-05,719.0,1.1508025138121548e-12
FL-2002-000614-LAO,FL_2002_000614_LAO,1.0572429e-12,2.2450127476624783e-05,780.0,1.058589706242038e-12
FL-2014-000004-COL,FL_2014_000004_COL,9.916152e-13,2.041376644710525e-06,1152.0,9.924722572169402e-13
FL-2001-000252-ECU,FL_2001_000252_ECU,8.9618807e-13,9.790879058231524e-05,346.0,8.987413123646724e-13
FL-2007-000068-COL,FL_2007_000068_COL,8.1809857e-13,0.0005258921157667,60.0,8.306847018461538e-13
FL-2008-000187-BDI,FL_2008_000187_BDI,7.716722e-13,0.0010754254909366,26.0,7.965648516129032e-13
FL-2021-000135-GIN,FL_2021_000135_GIN,7.5400173e-13,2.653361812975557e-05,734.0,7.550220300405955e-13
FL-2018-000105-BGD,FL_2018_000105_BGD,7.152979e-13,2.3463159609685984e-05,765.0,7.162268583116884e-13
FL-2000-000299-GTM,FL_2000_000299_GTM,6.9044586e-13,3.197484480007493e-05,679.0,6.914552837719299e-13
FL-2010-000003-KEN,FL_2010_000003_KEN,6.302423e-13,6.048750390096771e-05,492.0,6.315103931589536e-13
FL-2006-000085-UKR,FL_2006_000085_UKR,6.2098433e-13,1.5757302504794656e-05,880.0,6.216860072090395e-13
FL-2012-000067-RWA,FL_2012_000067_RWA,5.94848e-13,4.673724030611776e-05,560.0,5.959008283185841e-13
FL-2019-000014-MWI,FL_2019_000014_MWI,5.4921296e-13,1.9482729021934005e-05,825.0,5.498746623614458e-13
LS-2011-000104-ECU,LS_2011_000104_ECU,4.0365693e-13,3.219925994548156e-05,677.0,4.042488023313783e-13
FL-2013-000145-COL,FL_2013_000145_COL,3.3879846e-13,0.0002442328074527,143.0,3.4108763878378377e-13
FL-2013-000004-KEN,FL_2013_000004_KEN,3.3910334e-13,2.6618596325813207e-05,730.0,3.395647050884354e-13
FL-1997-000255-KEN,FL_1997_000255_KEN,3.073807e-13,0.0008597628516823,32.0,3.1568828648648647e-13
FL-2021-000066-GUY,FL_2021_000066_GUY,2.7347279e-13,0.0008178185566092,35.0,2.8030960975e-13
FL-2010-000076-COL,FL_2010_000076_COL,2.4119186e-13,2.0673597009542707e-05,804.0,2.414899957972806e-13
FL-2010-000162-HND,FL_2010_000162_HND,2.15524e-13,9.373224138533688e-06,972.0,2.157445977482088e-13
FL-2020-000242-COL,FL_2020_000242_COL,2.0746144e-13,6.21084164636038e-05,482.0,2.0788743885010267e-13
FL-2007-000127-MRT,FL_2007_000127_MRT,2.0195128e-13,0.0002561212314653,136.0,2.0338355858156027e-13
FL-2019-000048-TZA,FL_2019_000048_TZA,1.9131158e-13,2.1099319790175903e-05,800.0,1.9154923413664596e-13
FL-2000-000408-VNM,FL_2000_000408_VNM,1.8809113e-13,3.3363578503626634e-05,671.0,1.8836937131656807e-13
FF-2012-000062-KEN,FF_2012_000062_KEN,1.870769e-13,7.783683473542881e-05,421.0,1.8751604765258215e-13
FF-2020-000156-UKR,FF_2020_000156_UKR,1.7808563e-13,7.780596414092e-05,422.0,1.7850269236533958e-13
FL-2005-000194-COL,FL_2005_000194_COL,1.4671467e-13,3.426602637800323e-05,662.0,1.46934632023988e-13
FF-2013-000113-ROM,FF_2013_000113_ROM,1.4613897e-13,2.981291574779248e-06,1117.0,1.4626921863636364e-13
FL-2005-000175-SDN,FL_2005_000175_SDN,1.4256323e-13,7.133916380015606e-05,441.0,1.4288287849775784e-13
FF-2008-000202-MAR,FF_2008_000202_MAR,1.3048121e-13,2.6269541397683736e-05,737.0,1.3065706068733155e-13
FL-2021-000050-AFG,FL_2021_000050_AFG,1.1625404e-13,4.354785325870151e-05,580.0,1.1645276485470083e-13
FL-2015-000042-RWA,FL_2015_000042_RWA,1.1587366e-13,2.2605870733347784e-05,776.0,1.160220257618438e-13
FL-2019-000100-MLI,FL_2019_000100_MLI,1.04138784e-13,0.0002802411300834,127.0,1.0492771418181818e-13
FL-2004-000142-ALB,FL_2004_000142_ALB,1.00614314e-13,3.49730803664168e-05,657.0,1.0076629936858007e-13
FL-2008-000088-USA,FL_2008_000088_USA,9.886966e-14,9.17067460291738e-05,367.0,9.913543865591397e-14
FL-2015-000071-GEO,FL_2015_000071_GEO,8.135379e-14,2.850347602409296e-06,1121.0,8.142604025754884e-14
FL-2010-000219-PHL,FL_2010_000219_PHL,7.116641e-14,2.2259753252407363e-05,784.0,7.12566082382763e-14
LS-2010-000190-COL,LS_2010_000190_COL,6.840395e-14,0.0002317190600398,155.0,6.883147468750001e-14
FL-2006-000027-IDN,FL_2006_000027_IDN,5.76157e-14,0.0002000599902209,181.0,5.792546182795699e-14
FL-2004-000021-COL,FL_2004_000021_COL,5.583806e-14,0.0006181497228687,50.0,5.685329745454545e-14
FL-2000-000187-ROM,FL_2000_000187_ROM,5.6157055e-14,5.420268285278118e-05,525.0,5.626301170754717e-14
FL-2007-000155-ROM,FL_2007_000155_ROM,5.57115e-14,0.0001935074112768,194.0,5.5991457286432157e-14
FL-2020-000196-NGA,FL_2020_000196_NGA,5.039202e-14,0.0003218953076679,110.0,5.083021147826087e-14
FL-2006-000121-MKD,FL_2006_000121_MKD,5.017407e-14,0.0001845450793795,205.0,5.0412994142857144e-14
FL-2009-000044-BIH,FL_2009_000044_BIH,4.8620894e-14,0.0002240198548652,163.0,4.8910304083333334e-14
FL-2016-000091-NER,FL_2016_000091_NER,4.4368724e-14,0.0002943455146233,123.0,4.471535465625e-14
FL-2007-000147-NER,FL_2007_000147_NER,4.3684447e-14,0.0001015797993628,340.0,4.3811068585507245e-14
FL-1999-000574-VNM,FL_1999_000574_VNM,4.0442923e-14,4.0721865505644095e-05,604.0,4.05093317405583e-14
FL-2012-000183-COL,FL_2012_000183_COL,3.6656242e-14,0.0003003796494399,117.0,3.6956702999999995e-14
FL-2014-000168-MYS,FL_2014_000168_MYS,3.5203584e-14,0.0006073959996445,51.0,3.5832219428571427e-14
FL-2006-000044-COL,FL_2006_000044_COL,3.473009e-14,0.0002343676810661,154.0,3.494851823899371e-14
FF-2018-000030-KEN,FF_2018_000030_KEN,2.9691368e-14,0.0001071656334769,325.0,2.978134184242424e-14
FL-2008-000198-BLZ,FL_2008_000198_BLZ,2.9682447e-14,3.0502893631236713e-09,1218.0,2.9706717193785775e-14
FL-2014-000019-BDI,FL_2014_000019_BDI,2.8209909e-14,0.0004626113024407,71.0,2.858109201315789e-14
FL-2007-000144-LBR,FL_2007_000144_LBR,2.4566188e-14,3.9803182025398245e-05,609.0,2.4606198078175897e-14
FL-2003-000578-COL,FL_2003_000578_COL,2.217853e-14,0.0001329558190733,275.0,2.2257739035714284e-14
FF-2008-000186-COD,FF_2008_000186_COD,1.8276813e-14,1.814639175031815e-05,845.0,1.829831513294118e-14
FL-1999-000132-BLR,FL_1999_000132_BLR,1.7974873e-14,2.3840522442734764e-05,759.0,1.799840032068063e-14
FL-2006-000164-TZA,FL_2006_000164_TZA,1.4505268e-14,4.309586059377759e-05,584.0,1.4529894940577246e-14
FL-1998-000085-IRN,FL_1998_000085_IRN,1.2961675e-14,3.066616694714352e-05,691.0,1.2980298096264368e-14
FL-2010-000102-CRI,FL_2010_000102_CRI,1.0811018e-14,1.8284629132016116e-05,843.0,1.0823766841981131e-14
FL-2022-000249-CIV,FL_2022_000249_CIV,9.249292e-15,0.0002243469375244,162.0,9.304676982035928e-15
FL-2017-000149-TGO,FL_2017_000149_TGO,8.908092e-15,4.292194408659307e-05,586.0,8.923164913705584e-15
FL-2016-000046-SOM,FL_2016_000046_SOM,7.9922226e-15,1.9688031125124374e-05,819.0,8.001921899271844e-15
FF-2006-000039-YEM,FF_2006_000039_YEM,7.784142e-15,8.591449828679966e-05,389.0,7.803898705583757e-15
FL-2018-000112-GEO,FL_2018_000112_GEO,7.71602e-15,8.236495341189746e-06,998.0,7.72371294117647e-15
FL-2016-000081-GTM,FL_2016_000081_GTM,6.7215258e-15,3.108491062285064e-05,686.0,6.731253044283647e-15
FL-2017-000010-PHL,FL_2017_000010_PHL,5.7032795e-15,0.0001795722920472,209.0,5.729930338785047e-15
FL-2011-000045-GTM,FL_2011_000045_GTM,5.280322e-15,6.208503268690407e-07,1189.0,5.2847443802345054e-15
FL-2015-000153-IRQ,FL_2015_000153_IRQ,4.281767e-15,0.0003059647286394,116.0,4.3171535041322314e-15
FL-2011-000170-COL,FL_2011_000170_COL,4.2379786e-15,9.273028800943436e-05,362.0,4.249526225613078e-15
FL-2022-000316-NER,FL_2022_000316_NER,4.1015317e-15,1.854252644593546e-05,838.0,4.10639709940688e-15
FL-2009-000023-ECU,FL_2009_000023_ECU,3.56627e-15,0.0001541442476505,240.0,3.580826204081633e-15
FL-2016-000114-EGY,FL_2016_000114_EGY,3.558121e-15,1.8752496193274517e-05,836.0,3.562351821640904e-15
FL-2007-000221-KEN,FL_2007_000221_KEN,2.0211536e-15,0.0008678896304477,31.0,2.077296755555555e-15
FL-2014-000053-TZA,FL_2014_000053_TZA,1.8141188e-15,5.664104337421998e-05,512.0,1.817627733849129e-15
FL-1997-000166-ROM,FL_1997_000166_ROM,1.120065e-15,0.0001104035184029,315.0,1.123565203125e-15
FL-2004-000055-TJK,FL_2004_000055_TJK,1.0275549e-15,3.898889761622466e-05,618.0,1.029204265810594e-15
FL-2015-000113-PRK,FL_2015_000113_PRK,8.6471476e-16,0.0001015968732419,339.0,8.672284656976745e-16
FL-2022-000312-BGR,FL_2022_000312_BGR,7.161866e-16,4.805333603947488e-06,1072.0,7.16851582915506e-16
FL-2015-000131-SLE,FL_2015_000131_SLE,6.646357e-16,0.0006019925200363,53.0,6.760949362068964e-16
FL-2007-000138-UGA,FL_2007_000138_UGA,6.260194500000001e-16,1.64471201734139e-05,866.0,6.267381864523537e-16
FL-2014-000006-PHL,FL_2014_000006_PHL,6.0858936e-16,9.131233386712852e-05,370.0,6.1021226496e-16
FF-2020-000153-BIH,FF_2020_000153_BIH,5.4448284e-16,0.003277889504734,13.0,5.747318866666667e-16
FL-2008-000246-GUY,FL_2008_000246_GUY,4.719513e-16,3.4559159605786025e-05,659.0,4.726620700301205e-16
FL-2010-000225-PAN,FL_2010_000225_PAN,4.713901e-16,3.487708886616014e-07,1197.0,4.717822714642264e-16
FL-2018-000164-HND,FL_2018_000164_HND,4.2415286000000003e-16,0.0009117967740251,29.0,4.3662794411764703e-16
FF-2016-000093-LAO,FF_2016_000093_LAO,3.3123435e-16,2.84274236932665e-05,714.0,3.316950375521558e-16
FL-2009-000031-DOM,FL_2009_000031_DOM,2.906959e-16,2.3351049828361025e-05,767.0,2.9107244909326426e-16
FL-2011-000096-PRK,FL_2011_000096_PRK,2.4348124000000004e-16,3.5377196770712866e-05,653.0,2.438512722796353e-16
FF-2012-000118-AFG,FF_2012_000118_AFG,1.8267402e-16,1.2519136314433968e-05,924.0,1.8287065511302477e-16
FL-2006-000050-ARG,FL_2006_000050_ARG,1.2768993000000002e-16,0.0003240923793774,107.0,1.288300186607143e-16
FL-2009-000203-USA,FL_2009_000203_USA,1.2437647e-16,0.0001903409952411,198.0,1.2498916197044336e-16
FL-2022-000374-TTO,FL_2022_000374_TTO,8.856334e-17,7.455646632793642e-07,1187.0,8.863763810402684e-17
OT-2004-000112-COL,OT_2004_000112_COL,7.808719e-17,8.698654541583334e-05,385.0,7.828741356410257e-17
FL-2009-000192-MEX,FL_2009_000192_MEX,7.509792000000001e-17,3.4700772388454454e-05,658.0,7.52111898642534e-17
FL-2008-000239-NIC,FL_2008_000239_NIC,6.691477e-17,3.515844822016103e-05,655.0,6.701615601515152e-17
FL-2006-000034-ECU,FL_2006_000034_ECU,6.0387275e-17,3.118275482898519e-05,684.0,6.047491981132076e-17
FL-2006-000190-BDI,FL_2006_000190_BDI,4.779302000000001e-17,0.0003386668264465,99.0,4.8252568269230775e-17
FL-2007-000086-PAN,FL_2007_000086_PAN,4.4153118000000003e-17,6.632656544469735e-05,463.0,4.424746226923077e-17
FL-2011-000204-PHL,FL_2011_000204_PHL,4.031908e-17,5.1458713849718345e-05,538.0,4.039333244935544e-17
FL-1999-000423-TGO,FL_1999_000423_TGO,3.084099e-17,1.529891554043248e-05,886.0,3.087560390572391e-17
FF-2019-000029-IDN,FF_2019_000029_IDN,2.5856998e-17,9.29093511431942e-07,1183.0,2.587876314983165e-17
FL-1997-000097-AFG,FL_1997_000097_AFG,2.542062e-17,1.6791995619395353e-07,1208.0,2.5441576817807088e-17
FF-2006-000049-IDN,FF_2006_000049_IDN,2.1665786e-17,8.527049922600285e-05,392.0,2.172035976826197e-17
FL-2022-000271-NGA,FL_2022_000271_NGA,2.0029811e-17,0.0003331516152851,102.0,2.02170054953271e-17
FL-1998-000316-VNM,FL_1998_000316_VNM,1.3948417e-17,2.043837124712106e-05,809.0,1.396555264742015e-17
FL-2015-000176-BDI,FL_2015_000176_BDI,1.0009105000000001e-17,0.00012297407061,290.0,1.0043034169491526e-17
FL-2014-000089-IND,FL_2014_000089_IND,6.6181947e-18,0.0001597043143648,233.0,6.646002240756302e-18
FL-2005-000205-PHL,FL_2005_000205_PHL,6.270463e-18,1.7792433001794347e-05,851.0,6.27778830724299e-18
FL-2000-000002-AGO,FL_2000_000002_AGO,5.486316799999999e-18,0.0003345606449459,100.0,5.5385674361904754e-18
FL-1999-000437-KHM,FL_1999_000437_KHM,4.475613e-18,7.336757139931221e-06,1014.0,4.4800051619234544e-18
FL-2006-000133-NER,FL_2006_000133_NER,4.2424952e-18,6.422326366730049e-05,471.0,4.251408005042016e-18
FL-2015-000079-CRI,FL_2015_000079_CRI,3.2819606999999996e-18,4.5519180207685867e-05,565.0,3.2877185257894735e-18
FL-2022-000135-ZMB,FL_2022_000135_ZMB,3.2324040000000002e-18,5.2626939948369966e-05,534.0,3.238401038961039e-18
FL-2013-000131-KHM,FL_2013_000131_KHM,1.5271631999999999e-18,1.8318120562005484e-05,840.0,1.5289704937278105e-18
FL-2015-000085-VEN,FL_2015_000085_VEN,1.2236103999999998e-18,2.8972014337924165e-05,709.0,1.2253241400560222e-18
FL-1997-000526-ECU,FL_1997_000526_ECU,1.0657603e-18,1.3873743885957228e-05,901.0,1.0669366358719644e-18
FL-2008-000024-PHL,FL_2008_000024_PHL,1.0040953e-18,9.691649491071317e-05,351.0,1.0069157924157303e-18
FL-2009-000010-FJI,FL_2009_000010_FJI,9.767378999999999e-19,1.8879519983597613e-05,834.0,9.779020691299166e-19
FL-2005-000062-TZA,FL_2005_000062_TZA,9.231055e-19,0.0001055770243887,328.0,9.258775885885886e-19
FL-2019-000133-SOM,FL_2019_000133_SOM,6.3768067e-19,0.0004701709666848,69.0,6.462979763513514e-19
FL-2002-000125-ECU,FL_2002_000125_ECU,4.2910697e-19,8.626181546869442e-05,386.0,4.302044302813299e-19
FL-2021-000051-SOM,FL_2021_000051_SOM,4.1420407e-19,0.0001351418125674,269.0,4.1571576368613133e-19
FL-2007-000206-COG,FL_2007_000206_COG,3.5017689999999996e-19,6.401875064824847e-05,472.0,3.509110234800838e-19
FL-2015-000088-IRN,FL_2015_000088_IRN,2.4936326e-19,4.147709256240312e-06,1091.0,2.4959078122262775e-19
FL-2009-000242-IRQ,FL_2009_000242_IRQ,1.9116660999999999e-19,0.0004181151878447,84.0,1.9331454943820224e-19
FL-2002-000367-SRB,FL_2002_000367_SRB,9.2609836e-20,6.967230874622754e-05,451.0,9.281292774561403e-20
FL-2003-000585-MKD,FL_2003_000585_MKD,3.7014836e-20,4.063743763226836e-05,606.0,3.7075416746317514e-20
FL-1997-000049-TZA,FL_1997_000049_TZA,3.371231e-20,3.822078687818345e-05,629.0,3.376548399053628e-20
FL-2010-000242-AGO,FL_2010_000242_AGO,2.854663e-20,3.1975115031850227e-06,1113.0,2.8572163658318424e-20
FL-2012-000009-FJI,FL_2012_000009_FJI,2.5640382e-20,2.5521760959534106e-05,742.0,2.567470647389558e-20
FL-2005-000103-SLV,FL_2005_000103_SLV,2.3590464e-20,7.636578548491133e-05,425.0,2.3645325544186045e-20
FL-2015-000056-COL,FL_2015_000056_COL,1.8444296e-20,1.527054800867469e-05,888.0,1.8464950306830906e-20
FL-2016-000011-TZA,FL_2016_000011_TZA,1.5960014999999998e-20,3.878316396392871e-05,622.0,1.598546956937799e-20
FL-2008-000076-COL,FL_2008_000076_COL,8.593814500000001e-21,0.000116393666712,306.0,8.621447344051448e-21
FL-2017-000004-THA,FL_2017_000004_THA,6.589359e-21,0.0002301392113848,157.0,6.630034055555555e-21
FL-2007-000003-PHL,FL_2007_000003_PHL,6.4579097000000005e-21,7.616315160520496e-05,427.0,6.472858565046297e-21
FL-2020-000125-TZA,FL_2020_000125_TZA,1.999407e-21,2.8078362157783257e-06,1123.0,2.0011795239361705e-21
FF-2012-000115-RUS,FF_2012_000115_RUS,9.911272e-22,6.973290758839366e-05,450.0,9.933055015384616e-22
FF-2010-000204-LCA,FF_2010_000204_LCA,8.3990306e-22,2.163674865884502e-06,1148.0,8.406315101821336e-22
FF-2007-000185-TUN,FF_2007_000185_TUN,3.7942203e-22,8.655653516234552e-06,993.0,3.798022123947896e-22
FL-2007-000011-ZMB,FL_2007_000011_ZMB,3.5197686e-22,1.5119676201127906e-06,1164.0,3.5227795226689483e-22
FL-2008-000099-NIC,FL_2008_000099_NIC,2.624759e-22,5.1475890108979526e-06,1063.0,2.6272166395131087e-22
FL-2013-000142-VNM,FL_2013_000142_VNM,1.7260994e-22,0.0001572830495765,238.0,1.7332026897119344e-22
FL-2006-000092-KOR,FL_2006_000092_KOR,8.891299000000001e-23,1.334089049441927e-05,909.0,8.901026898249454e-23
FL-2014-000163-COL,FL_2014_000163_COL,5.0220770000000004e-23,0.00026179103645,133.0,5.058468862318841e-23
FL-2011-000032-THA,FL_2011_000032_THA,4.9269914e-23,1.4536180412085862e-05,894.0,4.9324719243604e-23
FL-2019-000167-BDI,FL_2019_000167_BDI,1.3033615999999999e-23,0.0001487091375907,247.0,1.3085336698412697e-23
FL-2009-000034-MAR,FL_2009_000034_MAR,7.3732525e-24,3.556612370271233e-06,1106.0,7.37988909090909e-24
FF-2014-000060-AFG,FF_2014_000060_AFG,6.069057e-24,1.8122276260936585e-05,846.0,6.076188676850764e-24
FL-2021-000092-CRI,FL_2021_000092_CRI,5.5617443e-24,1.068468933216455e-06,1177.0,5.566449667428089e-24
FL-2021-000096-PAN,FL_2021_000096_PAN,3.7426003000000004e-24,3.1368508270465126e-05,682.0,3.748048044250364e-24
FL-2010-000049-AGO,FL_2010_000049_AGO,1.2428433e-24,1.2554570982164977e-05,922.0,1.2441840155339805e-24
FL-2022-000333-THA,FL_2022_000333_THA,2.6575835999999996e-25,0.0001108904848344,314.0,2.6659145830720998e-25
FL-2005-000001-CRI,FL_2005_000001_CRI,1.2324725999999998e-25,7.979264220280761e-07,1186.0,1.2335074216624684e-25
FL-2002-000479-CZE,FL_2002_000479_CZE,3.8492785e-26,6.698047129661561e-06,1023.0,3.853022934338522e-26
FL-2015-000024-ARG,FL_2015_000024_ARG,2.667942e-26,6.391820228314787e-06,1032.0,2.6705147502410804e-26
FL-2008-000182-RWA,FL_2008_000182_RWA,1.5014374e-27,1.5935091649392888e-05,877.0,1.5031397099773243e-27
FL-2019-000170-RWA,FL_2019_000170_RWA,7.459697e-28,1.3312774845098476e-05,911.0,7.467840774017467e-28
FL-2022-000190-TUN,FL_2022_000190_TUN,4.0130966e-28,6.367179484452158e-05,475.0,4.021457217916667e-28
FL-2005-000002-GUY,FL_2005_000002_GUY,1.1728193400000001e-29,2.193564984031568e-05,789.0,1.174296442443325e-29
FL-2009-000179-LBR,FL_2009_000179_LBR,4.7285586e-33,7.574999839416518e-06,1011.0,4.7332126931102364e-33
FL-2005-000182-IND,FL_2005_000182_IND,2.9417323e-33,8.544207767855874e-06,994.0,2.9446769769769774e-33
FL-2004-000063-PRK,FL_2004_000063_PRK,3.8631114000000003e-38,2.532086098488075e-05,744.0,3.868269092122831e-38
FL-2016-000021-PAK,FL_2016_000021_PAK,0.0,2.1042682989884107e-05,801.0,0.0
FL-2007-000051-TUN,FL_2007_000051_TUN,0.0,1.1921195817282802e-05,936.0,0.0
FL-2007-000177-SLE,FL_2007_000177_SLE,0.0,0.0002417563848868,146.0,0.0
FL-1999-000240-SRB,FL_1999_000240_SRB,0.0,8.249646378024727e-05,401.0,0.0
FL-2021-000005-IDN,FL_2021_000005_IDN,0.0,2.4918050999303085e-06,1137.0,0.0
FL-2016-000068-NPL,FL_2016_000068_NPL,0.0,2.5814418683575968e-06,1132.0,0.0
FL-1991-000011-CHN,FL_1991_000011_CHN,0.0,8.798944573348634e-05,381.0,0.0
FL-1999-000428-VNM,FL_1999_000428_VNM,0.0,3.832510052029407e-05,628.0,0.0
FL-2010-000041-SOM,FL_2010_000041_SOM,0.0,0.0001340628942365,272.0,0.0
FL-2005-000150-NGA,FL_2005_000150_NGA,0.0,8.934565114709457e-06,984.0,0.0
FL-2012-000071-NPL,FL_2012_000071_NPL,0.0,3.861082652107126e-05,623.0,0.0
FL-2008-000168-NPL,FL_2008_000168_NPL,0.0,4.4597720551395216e-05,573.0,0.0
FL-2021-000127-NER,FL_2021_000127_NER,0.0,1.6126665939137755e-05,871.0,0.0
FL-2018-000194-TTO,FL_2018_000194_TTO,0.0,4.968267978141171e-06,1068.0,0.0
FL-2010-000042-SRB,FL_2010_000042_SRB,0.0,3.246454601671127e-05,675.0,0.0
FL-2009-000217-IND,FL_2009_000217_IND,0.0,6.62631969637459e-05,464.0,0.0
FL-2022-000164-ECU,FL_2022_000164_ECU,0.0,4.966894901278997e-05,547.0,0.0
FL-2006-000065-TZA,FL_2006_000065_TZA,0.0,4.788403455653517e-05,553.0,0.0
FL-2011-000161-SOM,FL_2011_000161_SOM,0.0,3.713843356920772e-06,1105.0,0.0
FL-2020-000029-TZA,FL_2020_000029_TZA,0.0,1.238791879208356e-05,929.0,0.0
FL-2006-000127-NPL,FL_2006_000127_NPL,0.0,8.978598793578059e-06,983.0,0.0
FL-2021-000023-DZA,FL_2021_000023_DZA,0.0,0.0001415200338126,257.0,0.0
FL-2006-000086-CHL,FL_2006_000086_CHL,0.0,3.033078513757427e-05,695.0,0.0
FL-2018-000144-PRK,FL_2018_000144_PRK,0.0,0.0002298194828944,158.0,0.0
FL-2014-000073-RUS,FL_2014_000073_RUS,0.0,2.805559410829024e-05,718.0,0.0
FL-2011-000007-ZAF,FL_2011_000007_ZAF,0.0,8.754407915046382e-06,990.0,0.0
FL-2019-000051-LBY,FL_2019_000051_LBY,0.0,3.625381789625142e-05,639.0,0.0
FL-2010-000262-ECU,FL_2010_000262_ECU,0.0,0.0004727619354792,68.0,0.0
FL-2008-000230-CUB,FL_2008_000230_CUB,0.0,3.71576291104825e-06,1104.0,0.0
FL-2011-000005-HND,FL_2011_000005_HND,0.0,7.660276198186997e-06,1008.0,0.0
FL-2004-000051-NPL,FL_2004_000051_NPL,0.0,2.8555770956956956e-05,713.0,0.0
FL-1999-000233-SVK,FL_1999_000233_SVK,0.0,5.389363864649855e-06,1060.0,0.0
FF-2008-000178-DZA,FF_2008_000178_DZA,0.0,2.255220771042598e-06,1144.0,0.0
FL-2022-000331-SLV,FL_2022_000331_SLV,0.0,9.707170433425506e-05,350.0,0.0
FL-2006-000023-DZA,FL_2006_000023_DZA,0.0,1.6969368153560804e-06,1160.0,0.0
FL-2004-000120-CRI,FL_2004_000120_CRI,0.0,1.340422684854142e-05,907.0,0.0
FL-1998-000053-ZMB,FL_1998_000053_ZMB,0.0,0.0005935842381064,56.0,0.0
FL-2009-000176-MLI,FL_2009_000176_MLI,0.0,7.375720983740847e-05,433.0,0.0
FL-2013-000157-BRA,FL_2013_000157_BRA,0.0,2.500271539879688e-05,748.0,0.0
FL-2013-000116-NGA,FL_2013_000116_NGA,0.0,2.6992247361602365e-06,1125.0,0.0
FL-2013-000141-SOM,FL_2013_000141_SOM,0.0,8.808498477582356e-05,379.0,0.0
FF-2012-000148-PAK,FF_2012_000148_PAK,0.0,1.3293498909171652e-06,1168.0,0.0
FF-2009-000229-SOM,FF_2009_000229_SOM,0.0,4.26607797172314e-05,588.0,0.0
FL-2005-000098-BGR,FL_2005_000098_BGR,0.0,2.132638471635932e-05,797.0,0.0
FF-2007-000081-NPL,FF_2007_000081_NPL,0.0,1.3483816789781135e-06,1166.0,0.0
FL-2006-000045-HUN,FL_2006_000045_HUN,0.0,1.748332078369274e-06,1159.0,0.0
FL-2010-000249-IND,FL_2010_000249_IND,0.0,8.744212151471323e-07,1185.0,0.0
FL-2010-000151-COD,FL_2010_000151_COD,0.0,0.0001185912680701,300.0,0.0
FL-2005-000063-SRB,FL_2005_000063_SRB,0.0,0.0004215461495481,82.0,0.0
FL-2001-000620-DZA,FL_2001_000620_DZA,0.0,1.1604404791093903e-05,944.0,0.0
FL-2003-000571-DOM,FL_2003_000571_DOM,0.0,1.4598431690487452e-05,893.0,0.0
FL-2009-000080-AFG,FL_2009_000080_AFG,0.0,4.7074188143104005e-05,557.0,0.0
FF-2020-000240-ZMB,FF_2020_000240_ZMB,0.0,8.061703786248423e-05,408.0,0.0
FL-2002-000054-IDN,FL_2002_000054_IDN,0.0,0.0001114358817178,312.0,0.0
FL-2017-000078-NER,FL_2017_000078_NER,0.0,7.547601044113658e-05,430.0,0.0
FL-2003-000505-VNM,FL_2003_000505_VNM,0.0,0.0005066660395915,64.0,0.0
FL-2015-000040-SOM,FL_2015_000040_SOM,0.0,7.858034801397924e-05,417.0,0.0
FL-2019-000136-SLV,FL_2019_000136_SLV,0.0,2.6514412094425736e-05,735.0,0.0
FL-2008-000104-NPL,FL_2008_000104_NPL,0.0,3.2685645755599285e-05,674.0,0.0
FL-2002-000500-IRN,FL_2002_000500_IRN,0.0,7.085000023943057e-05,444.0,0.0
FL-2010-000023-ECU,FL_2010_000023_ECU,0.0,0.0003204781059261,112.0,0.0
FL-2009-000007-ZWE,FL_2009_000007_ZWE,0.0,1.5529806354076606e-05,884.0,0.0
FL-2008-000191-SLV,FL_2008_000191_SLV,0.0,2.0228064937319465e-05,811.0,0.0
FL-2009-000240-PAN,FL_2009_000240_PAN,0.0,4.2410451011691314e-05,591.0,0.0
FL-2006-000158-PRK,FL_2006_000158_PRK,0.0,3.7884523597290015e-05,630.0,0.0
FL-2013-000011-ZWE,FL_2013_000011_ZWE,0.0,8.752074402915295e-05,383.0,0.0
FL-2019-000093-NGA,FL_2019_000093_NGA,0.0,1.2899688924898731e-05,917.0,0.0
FL-2010-000015-PSE,FL_2010_000015_PSE,0.0,7.408944798293509e-06,1013.0,0.0
SL-2002-000428-NPL,SL_2002_000428_NPL,0.0,1.997079089522945e-05,815.0,0.0
FL-2001-000571-PRK,FL_2001_000571_PRK,0.0,0.0001109573368695,313.0,0.0
FL-2016-000123-DOM,FL_2016_000123_DOM,0.0,4.150923495590427e-06,1090.0,0.0
FL-1997-000092-ECU,FL_1997_000092_ECU,0.0,2.733549399091253e-05,721.0,0.0
FL-2010-000067-BRA,FL_2010_000067_BRA,0.0,1.4106799434676305e-05,899.0,0.0
FL-2006-000106-MRT,FL_2006_000106_MRT,0.0,0.0008074862013749,36.0,0.0
FL-2016-000085-MLI,FL_2016_000085_MLI,0.0,3.675808431886333e-05,637.0,0.0
FL-2005-000108-PAK,FL_2005_000108_PAK,0.0,0.0001414296741175,258.0,0.0
FL-1997-000265-SOM,FL_1997_000265_SOM,0.0,5.861454912667952e-06,1043.0,0.0
FL-1999-000413-CAF,FL_1999_000413_CAF,0.0,0.0002045896736972,179.0,0.0
FL-2021-000134-NPL,FL_2021_000134_NPL,0.0,2.227295244170069e-07,1207.0,0.0
FL-2005-000171-SLV,FL_2005_000171_SLV,0.0,9.538850348284497e-07,1182.0,0.0
FF-2014-000009-TZA,FF_2014_000009_TZA,0.0,2.8661359699770267e-05,712.0,0.0
FL-2022-000002-IRN,FL_2022_000002_IRN,0.0,8.79063746554245e-06,989.0,0.0
FL-2007-000159-RWA,FL_2007_000159_RWA,0.0,3.4531252573536594e-05,660.0,0.0
FL-2019-000087-PAK,FL_2019_000087_PAK,0.0,1.2502208486543422e-05,925.0,0.0
FF-2020-000055-SOM,FF_2020_000055_SOM,0.0,1.0228805332513336e-05,961.0,0.0
FL-2017-000134-CAF,FL_2017_000134_CAF,0.0,3.938219551880668e-05,613.0,0.0
FL-2007-000022-ARG,FL_2007_000022_ARG,0.0,0.0001172369131182,304.0,0.0
FL-2020-000185-PAK,FL_2020_000185_PAK,0.0,8.043919205143188e-05,410.0,0.0
FL-2021-000126-MYS,FL_2021_000126_MYS,0.0,0.0025307208680941,17.0,0.0
FF-2018-000041-SOM,FF_2018_000041_SOM,0.0,1.966251971086915e-05,821.0,0.0
FL-1999-000053-PHL,FL_1999_000053_PHL,0.0,2.0096140930120024e-05,813.0,0.0
FL-2020-000038-EGY,FL_2020_000038_EGY,0.0,3.592595538594883e-05,646.0,0.0
FL-2013-000119-MRT,FL_2013_000119_MRT,0.0,0.0001448003790917,253.0,0.0
FF-2011-000088-NGA,FF_2011_000088_NGA,0.0,2.969241729393819e-05,702.0,0.0
FL-2004-000036-MKD,FL_2004_000036_MKD,0.0,4.883211989614282e-06,1070.0,0.0
FF-2021-000198-COG,FF_2021_000198_COG,0.0,7.198219437474377e-06,1016.0,0.0
FL-1998-000048-PAK,FL_1998_000048_PAK,0.0,1.2072164955655585e-06,1172.0,0.0
FL-2004-000023-CRI,FL_2004_000023_CRI,0.0,2.736474741692348e-05,720.0,0.0
FL-2007-000174-CAF,FL_2007_000174_CAF,0.0,0.0001867001800008,201.0,0.0
FL-2012-000030-KAZ,FL_2012_000030_KAZ,0.0,0.0006024360064514,52.0,0.0
FL-2015-000017-PAK,FL_2015_000017_PAK,0.0,1.819243580958473e-05,844.0,0.0
FL-2018-000014-ARG,FL_2018_000014_ARG,0.0,4.5069369848828224e-05,569.0,0.0
FF-2007-000082-PAK,FF_2007_000082_PAK,0.0,6.376618407595142e-06,1034.0,0.0
FL-2006-000056-AFG,FL_2006_000056_AFG,0.0,2.259663400796785e-05,777.0,0.0
FL-2009-000039-CRI,FL_2009_000039_CRI,0.0,1.6816372902447307e-05,861.0,0.0
FF-2020-000138-TJK,FF_2020_000138_TJK,0.0,1.343997233655535e-05,904.0,0.0
FL-2012-000164-CAF,FL_2012_000164_CAF,0.0,0.0001202291889098,296.0,0.0
FL-2013-000081-PRK,FL_2013_000081_PRK,0.0,8.135207519496212e-05,402.0,0.0
FL-2010-000251-CRI,FL_2010_000251_CRI,0.0,3.364524827564267e-05,668.0,0.0
FL-2009-000101-PAN,FL_2009_000101_PAN,0.0,2.9883913381462663e-06,1116.0,0.0
FL-2004-000068-ROM,FL_2004_000068_ROM,0.0,2.2492127317542188e-05,779.0,0.0
FL-1998-000247-IRN,FL_1998_000247_IRN,0.0,7.235980490089741e-05,437.0,0.0
FL-2011-000043-VCT,FL_2011_000043_VCT,0.0,7.913643557341377e-05,416.0,0.0
FL-2013-000068-CZE,FL_2013_000068_CZE,0.0,0.0053607515596002,9.0,0.0
FL-2003-000455-NGA,FL_2003_000455_NGA,0.0,7.610297906765481e-05,428.0,0.0
FL-2011-000109-PAK,FL_2011_000109_PAK,0.0,2.6179787036977363e-05,739.0,0.0
FL-2012-000198-PAN,FL_2012_000198_PAN,0.0,8.714669722561418e-06,992.0,0.0
FL-2014-000122-PAK,FL_2014_000122_PAK,0.0,9.284409168938556e-05,361.0,0.0
FL-2015-000155-NGA,FL_2015_000155_NGA,0.0,9.910069028332978e-06,964.0,0.0
FL-2016-000137-ARG,FL_2016_000137_ARG,0.0,0.0003144987670288,113.0,0.0
FL-2006-000030-SRB,FL_2006_000030_SRB,0.0,0.0004796602932879,67.0,0.0
FL-2001-000146-AGO,FL_2001_000146_AGO,0.0,3.293197152123456e-05,672.0,0.0
FL-2001-000453-IRN,FL_2001_000453_IRN,0.0,0.0002498372979416,141.0,0.0
FL-2019-000145-TZA,FL_2019_000145_TZA,0.0,4.487838194430957e-05,570.0,0.0
FL-1992-000008-PAK,FL_1992_000008_PAK,0.0,0.0002635385121789,132.0,0.0
FL-2016-000071-LBR,FL_2016_000071_LBR,0.0,9.050887859654074e-05,372.0,0.0
FL-2009-000219-NPL,FL_2009_000219_NPL,0.0,1.1875452127637532e-05,939.0,0.0
FL-2012-000141-NER,FL_2012_000141_NER,0.0,1.6430465913936565e-05,867.0,0.0
FL-2003-000028-BRA,FL_2003_000028_BRA,0.0,7.223050762559002e-05,438.0,0.0
FL-1999-000371-IND,FL_1999_000371_IND,0.0,5.8793241754791856e-05,502.0,0.0
FL-2011-000022-AFG,FL_2011_000022_AFG,0.0,1.242215130781751e-05,926.0,0.0
FL-2006-000178-JAM,FL_2006_000178_JAM,0.0,4.912348841353955e-06,1069.0,0.0
FL-2009-000139-PAK,FL_2009_000139_PAK,0.0,3.5217291317071735e-05,654.0,0.0
FL-2011-000164-CAF,FL_2011_000164_CAF,0.0,9.406633972038298e-06,971.0,0.0
FF-2013-000090-PAK,FF_2013_000090_PAK,0.0,5.7108651794766295e-06,1048.0,0.0
FL-2021-000161-IND,FL_2021_000161_IND,0.0,6.853490905220291e-06,1021.0,0.0
FL-2005-000157-MDA,FL_2005_000157_MDA,0.0,1.628769667126719e-05,870.0,0.0
FL-2016-000097-PRK,FL_2016_000097_PRK,0.0,2.0170776856768494e-05,812.0,0.0
FL-2005-000111-ROM,FL_2005_000111_ROM,0.0,4.998248337724246e-05,546.0,0.0
FL-2012-000126-PAN,FL_2012_000126_PAN,0.0,2.6876970264376708e-05,727.0,0.0
FL-1998-000272-PRK,FL_1998_000272_PRK,0.0,0.0003214169672856,111.0,0.0
FL-1998-000255-TUR,FL_1998_000255_TUR,0.0,0.0001778662162951,210.0,0.0
FL-2012-000013-ECU,FL_2012_000013_ECU,0.0,3.608983195042306e-05,643.0,0.0
FL-2005-000048-AFG,FL_2005_000048_AFG,0.0,5.927522812664775e-06,1041.0,0.0
FL-2013-000045-AFG,FL_2013_000045_AFG,0.0,9.73409532122438e-05,349.0,0.0
FL-2009-000145-NPL,FL_2009_000145_NPL,0.0,1.6749708262931887e-05,862.0,0.0
FL-2002-000020-IRN,FL_2002_000020_IRN,0.0,0.0001208338810126,294.0,0.0
FL-1997-000142-CZE,FL_1997_000142_CZE,0.0,0.0004482781595142,75.0,0.0
FL-2013-000024-MKD,FL_2013_000024_MKD,0.0,1.9051786674514668e-05,830.0,0.0
FL-2005-000168-NPL,FL_2005_000168_NPL,0.0,3.148054791341704e-06,1115.0,0.0
FL-2022-000378-BIH,FL_2022_000378_BIH,0.0,3.899518136752231e-05,617.0,0.0
FL-2022-000336-VNM,FL_2022_000336_VNM,0.0,3.346287898472916e-05,669.0,0.0
FL-2004-000022-AFG,FL_2004_000022_AFG,0.0,6.138112030407899e-06,1039.0,0.0
FF-2020-000168-MNG,FF_2020_000168_MNG,0.0,8.12071630765627e-08,1216.0,0.0
FL-2011-000082-NPL,FL_2011_000082_NPL,0.0,1.2527683354547098e-05,923.0,0.0
FF-2014-000048-KAZ,FF_2014_000048_KAZ,0.0,5.503822193739157e-05,521.0,0.0
FL-2009-000208-AZE,FL_2009_000208_AZE,0.0,0.0007759210518506,38.0,0.0
FF-2008-000233-PHL,FF_2008_000233_PHL,0.0,1.875683273686653e-05,835.0,0.0
FL-1997-000140-AZE,FL_1997_000140_AZE,0.0,0.0005009436253521,65.0,0.0
FL-2008-000018-ECU,FL_2008_000018_ECU,0.0,5.632447076169012e-05,513.0,0.0
FL-2008-000232-CRI,FL_2008_000232_CRI,0.0,0.0001103131781487,316.0,0.0
FL-2012-000132-NPL,FL_2012_000132_NPL,0.0,1.2485672248550442e-07,1212.0,0.0
FL-2007-000054-AFG,FL_2007_000054_AFG,0.0,0.0003268126721911,105.0,0.0
FF-2020-000204-TUN,FF_2020_000204_TUN,0.0,2.134395222500366e-05,796.0,0.0
FL-2020-000213-LAO,FL_2020_000213_LAO,0.0,5.9938755059404575e-05,495.0,0.0
FL-2018-000120-NGA,FL_2018_000120_NGA,0.0,0.000175352275819,214.0,0.0
FL-2007-000199-THA,FL_2007_000199_THA,0.0,3.22655436163211e-05,676.0,0.0
FL-2010-000036-CYP,FL_2010_000036_CYP,0.0,0.0001059986103983,327.0,0.0
FL-2009-000121-CZE,FL_2009_000121_CZE,0.0,0.0005089796465216,63.0,0.0
FL-2011-000037-BDI,FL_2011_000037_BDI,0.0,3.5789220387962294e-05,649.0,0.0
FL-2008-000103-SLV,FL_2008_000103_SLV,0.0,9.17638571404368e-06,980.0,0.0
FL-2020-000165-NPL,FL_2020_000165_NPL,0.0,0.0001627455534462,229.0,0.0
FL-2018-000054-BDI,FL_2018_000054_BDI,0.0,0.0009251013237,28.0,0.0
FL-2015-000146-DZA,FL_2015_000146_DZA,0.0,2.028040899179696e-05,810.0,0.0
FL-2001-000376-PAK,FL_2001_000376_PAK,0.0,4.624108309705708e-06,1077.0,0.0
FL-2010-000141-PAK,FL_2010_000141_PAK,0.0,4.2566682421285454e-05,589.0,0.0
FL-2002-000242-AFG,FL_2002_000242_AFG,0.0,5.874215368136743e-06,1042.0,0.0
FL-2018-000029-RWA,FL_2018_000029_RWA,0.0,8.88237748740834e-06,987.0,0.0
FL-2003-000080-ARG,FL_2003_000080_ARG,0.0,0.0003224684225539,109.0,0.0
FL-2015-000093-GUY,FL_2015_000093_GUY,0.0,1.0700989817026403e-05,957.0,0.0
FL-2021-000204-BRA,FL_2021_000204_BRA,0.0,9.612834827746246e-05,352.0,0.0
FL-2008-000207-SDN,FL_2008_000207_SDN,0.0,2.275240256646215e-05,773.0,0.0
FF-2020-000006-IRN,FF_2020_000006_IRN,0.0,2.815947159054062e-05,716.0,0.0
FL-2000-000484-BTN,FL_2000_000484_BTN,0.0,1.1192569208807229e-05,951.0,0.0
FL-2003-000212-AZE,FL_2003_000212_AZE,0.0,4.212570507910354e-05,596.0,0.0
FL-2006-000091-PRK,FL_2006_000091_PRK,0.0,0.0001669478695756,225.0,0.0
FL-2016-000066-PAK,FL_2016_000066_PAK,0.0,5.3700140732381136e-05,532.0,0.0
FL-2017-000110-MLI,FL_2017_000110_MLI,0.0,5.597466686916074e-05,517.0,0.0
FL-2019-000030-IRQ,FL_2019_000030_IRQ,0.0,0.0001650580873076,226.0,0.0
FF-2008-000123-PAK,FF_2008_000123_PAK,0.0,6.848186737258802e-06,1022.0,0.0
FL-2004-000059-AFG,FL_2004_000059_AFG,0.0,0.0001055743175233,329.0,0.0
FF-2009-000159-PAK,FF_2009_000159_PAK,0.0,2.265564933718368e-05,775.0,0.0
FF-2021-000098-MNG,FF_2021_000098_MNG,0.0,2.265687380245646e-05,774.0,0.0
FL-2009-000147-NIC,FL_2009_000147_NIC,0.0,7.16662531665542e-05,439.0,0.0
FL-2007-000227-ZWE,FL_2007_000227_ZWE,0.0,0.0002078445054549,177.0,0.0
FL-1999-000286-GMB,FL_1999_000286_GMB,0.0,5.514585492912081e-06,1054.0,0.0
FL-2022-000254-PAK,FL_2022_000254_PAK,0.0,2.2546623209783503e-05,778.0,0.0
FL-2005-000176-BGD,FL_2005_000176_BGD,0.0,6.380484034076332e-06,1033.0,0.0
FL-2001-000375-IRN,FL_2001_000375_IRN,0.0,2.2339395194861235e-05,783.0,0.0
FL-2000-000476-NPL,FL_2000_000476_NPL,0.0,0.0001469720825942,252.0,0.0
FL-2008-000010-BRA,FL_2008_000010_BRA,0.0,4.125197221394206e-05,601.0,0.0
FL-2020-000050-AFG,FL_2020_000050_AFG,0.0,2.2167403414681448e-05,788.0,0.0
FL-2011-000002-BRA,FL_2011_000002_BRA,0.0,0.0001193505113946,298.0,0.0
FF-2013-000088-AFG,FF_2013_000088_AFG,0.0,1.0844932508366958e-06,1176.0,0.0
FL-2006-000172-COG,FL_2006_000172_COG,0.0,2.903341966493993e-05,708.0,0.0
FL-2011-000190-AGO,FL_2011_000190_AGO,0.0,1.807135895514e-05,848.0,0.0
FL-2019-000083-NPL,FL_2019_000083_NPL,0.0,8.207499640831568e-06,1000.0,0.0
FL-2000-000191-HUN,FL_2000_000191_HUN,0.0,2.520898169416479e-06,1135.0,0.0
FL-2010-000160-NPL,FL_2010_000160_NPL,0.0,8.12370639881012e-05,403.0,0.0
FL-2005-000184-VNM,FL_2005_000184_VNM,0.0,1.3395472691839145e-05,908.0,0.0
FL-2001-000696-BRA,FL_2001_000696_BRA,0.0,3.766960556078354e-05,633.0,0.0
FL-2005-000094-AFG,FL_2005_000094_AFG,0.0,2.4899589023947608e-05,749.0,0.0
FL-2000-000083-ZWE,FL_2000_000083_ZWE,0.0,3.773122174443408e-05,632.0,0.0
FL-2013-000006-IDN,FL_2013_000006_IDN,0.0,6.050342344038165e-05,491.0,0.0
FL-2002-000026-SEN,FL_2002_000026_SEN,0.0,0.0002573740219628,134.0,0.0
FL-2002-000540-DZA,FL_2002_000540_DZA,0.0,4.6950843165803e-05,559.0,0.0
FL-2003-000341-NPL,FL_2003_000341_NPL,0.0,0.0003970412791596,91.0,0.0
FL-2010-000089-AZE,FL_2010_000089_AZE,0.0,6.125616856123185e-05,486.0,0.0
FL-2014-000115-NER,FL_2014_000115_NER,0.0,1.0650526573556084e-05,958.0,0.0
FF-2007-000091-AFG,FF_2007_000091_AFG,0.0,2.6596342952653307e-05,731.0,0.0
FL-2001-000524-MLI,FL_2001_000524_MLI,0.0,0.0001295000885783,281.0,0.0
FL-2017-000107-NPL,FL_2017_000107_NPL,0.0,3.609203677729344e-05,642.0,0.0
FL-2007-000111-GBR,FL_2007_000111_GBR,0.0,3.918666002889885e-05,615.0,0.0
FL-2020-000199-MRT,FL_2020_000199_MRT,0.0,0.0002350107737741,153.0,0.0
FL-2002-000755-CRI,FL_2002_000755_CRI,0.0,2.2184967571666583e-05,787.0,0.0
FL-2012-000050-AFG,FL_2012_000050_AFG,0.0,7.82508434959181e-06,1007.0,0.0
FL-2009-000183-NGA,FL_2009_000183_NGA,0.0,5.024632192433321e-05,544.0,0.0
FL-2019-000120-PHL,FL_2019_000120_PHL,0.0,9.316750926253192e-05,357.0,0.0
FL-1999-000349-SLV,FL_1999_000349_SLV,0.0,0.0001239143702537,288.0,0.0
FL-1998-000221-NPL,FL_1998_000221_NPL,0.0,0.0003531742196995,97.0,0.0
FL-2003-000359-PAK,FL_2003_000359_PAK,0.0,2.4664917881940173e-05,750.0,0.0
