match_id,era5_event_id,cnn_bayesian_score,kg_bayesian_score,kg_rank,attribution_weight
FL-2019-000031-SYR,FL_2019_000031_SYR,0.12675057,1.178799139258517,1.0,0.14787566500000002
FL-2000-000048-BWA,FL_2000_000048_BWA,0.0064529846,7.165720453817643e-08,1205.0,0.006458317645123967
FL-2009-000190-TUR,FL_2009_000190_TUR,0.001717917,1.870411183436703e-05,794.0,0.0017200670838548185
FL-2020-000198-SEN,FL_2020_000198_SEN,0.0015251272,0.0001224961037717,279.0,0.0015304973661971833
FL-2012-000056-PRY,FL_2012_000056_PRY,0.0010138098,4.8513345248804034e-05,532.0,0.0010156977139664802
FL-2007-000210-PHL,FL_2007_000210_PHL,0.0010004084,0.0002674327090372,124.0,0.001008163503875969
FL-2011-000123-RUS,FL_2011_000123_RUS,0.0004252266,0.000326085820447,90.0,0.00042970266947368424
FL-2019-000118-SEN,FL_2019_000118_SEN,0.00027623403,1.3710631872186375e-05,861.0,0.0002765530069399538
FL-2021-000213-STP,FL_2021_000213_STP,0.000274565,1.943322849349045e-05,779.0,0.00027491521045918364
FL-2010-000161-MYS,FL_2010_000161_MYS,0.00027227192,5.42453207882056e-05,500.0,0.0002728110723168317
FL-2008-000024-PHL,FL_2008_000024_PHL,0.00023354117,7.92257577290329e-05,391.0,0.00023413092042929296
FL-2016-000025-SRB,FL_2016_000025_SRB,0.00015557262,2.07172228396819e-05,764.0,0.00015577492509752928
FL-2018-000414-IRQ,FL_2018_000414_IRQ,0.00013051552,3.558492809631386e-05,614.0,0.0001307263689822294
FL-2021-000007-SYR,FL_2021_000007_SYR,0.00011685372,0.0010301570819582,11.0,0.0001241570775
FL-2003-000389-BFA,FL_2003_000389_BFA,0.000121265904,7.850190276907367e-05,394.0,0.00012156982857142856
FL-2007-000153-GHA,FL_2007_000153_GHA,0.00010326111,3.0887631312127064e-05,658.0,0.00010341685828054298
FL-2010-000176-MRT,FL_2010_000176_MRT,8.6651096e-05,4.139712583487484e-05,565.0,8.680311546666667e-05
FL-2005-000208-BIH,FL_2005_000208_BIH,6.884086e-05,3.279079029877619e-08,1214.0,6.889733322395407e-05
FL-2016-000009-IDN,FL_2016_000009_IDN,6.545489e-05,5.354574182439104e-05,509.0,6.558223414396887e-05
FL-2010-000219-PHL,FL_2010_000219_PHL,6.171083e-05,0.0001798951816729,195.0,6.201938414999998e-05
FL-2021-000208-IRQ,FL_2021_000208_IRQ,5.3597854e-05,0.0001721465335855,211.0,5.384599221296296e-05
FL-1998-000193-ROM,FL_1998_000193_ROM,5.368642e-05,8.249417307524355e-07,1150.0,5.373290174891775e-05
FL-2017-000002-MYS,FL_2017_000002_MYS,4.259661e-05,2.9501083147066574e-06,1054.0,4.2636833427762035e-05
FF-2008-000063-PHL,FF_2008_000063_PHL,4.012919e-05,0.0003320546489063,86.0,4.057017010989011e-05
FL-2021-000084-TCD,FL_2021_000084_TCD,3.9341947e-05,0.0002107105462545,163.0,3.957612525595238e-05
FF-2013-000029-SRB,FF_2013_000029_SRB,3.7220558e-05,2.1444842166046986e-05,754.0,3.726959694334651e-05
FL-2002-000325-JAM,FL_2002_000325_JAM,3.289487e-05,3.9033056864348164e-07,1175.0,3.2922747008474576e-05
FL-2010-000031-PRT,FL_2010_000031_PRT,3.2206008e-05,6.051763405751328e-05,470.0,3.2273810122105264e-05
FL-2015-000151-BLZ,FL_2015_000151_BLZ,3.089865e-05,4.64761294985473e-07,1166.0,3.09250365499573e-05
FL-2020-000192-TCD,FL_2020_000192_TCD,3.0164276e-05,1.8777656386796675e-05,793.0,3.020207584461153e-05
FL-1997-000299-PRY,FL_1997_000299_PRY,2.9868674e-05,6.881997090158514e-05,432.0,2.9937023368421054e-05
FL-2006-000027-IDN,FL_2006_000027_IDN,2.5537798e-05,0.0001055532421497,319.0,2.561661836419753e-05
FL-2018-000028-BWA,FL_2018_000028_BWA,2.5586889e-05,4.300111046628153e-06,1022.0,2.5611803205452774e-05
FF-2014-000059-SRB,FF_2014_000059_SRB,2.5026835e-05,0.0001768586974218,202.0,2.5147737584541063e-05
FL-2022-000290-SEN,FL_2022_000290_SEN,2.4672032e-05,1.601322291277299e-05,827.0,2.4701685884615386e-05
FL-2015-000171-PRY,FL_2015_000171_PRY,2.3870292e-05,0.0003557694713999,71.0,2.418437478947368e-05
FL-2001-000029-BOL,FL_2001_000029_BOL,2.1615315e-05,6.319272867049647e-05,456.0,2.166220288503254e-05
FL-2001-000320-TLS,FL_2001_000320_TLS,2.0342712e-05,0.000114301684517,302.0,2.0408974905537458e-05
FL-2008-000158-PAN,FL_2008_000158_PAN,2.015714e-05,2.192880932736213e-05,746.0,2.018398039946738e-05
FL-2019-000009-ARG,FL_2019_000009_ARG,1.8128885e-05,1.01882554889379e-05,916.0,1.814856891422367e-05
FL-2000-000012-MOZ,FL_2000_000012_MOZ,1.6296624e-05,1.9881531998206123e-06,1098.0,1.631139881776972e-05
FL-2007-000141-NGA,FL_2007_000141_NGA,1.5510477e-05,5.857750725832754e-05,479.0,1.5542523440082644e-05
FL-2006-000057-SUR,FL_2006_000057_SUR,1.5376945e-05,9.610682524131386e-06,923.0,1.5393514983836208e-05
FL-2018-000360-RUS,FL_2018_000360_RUS,1.5351861e-05,3.594504646821663e-05,609.0,1.5376864030944628e-05
FL-2019-000135-GHA,FL_2019_000135_GHA,1.4159251e-05,5.918774391975296e-05,477.0,1.4188627039419086e-05
FL-2012-000140-MMR,FL_2012_000140_MMR,1.3442897e-05,7.027326258380563e-06,959.0,1.3456841913900415e-05
FL-2012-000037-PSE,FL_2012_000037_PSE,1.3051824e-05,3.980508650361256e-08,1211.0,1.3062557407894736e-05
FL-1999-000531-COD,FL_1999_000531_COD,1.240212e-05,3.611211875471373e-05,606.0,1.2422418068739772e-05
FL-2016-000122-SRB,FL_2016_000122_SRB,1.19779215e-05,3.517123972189597e-05,617.0,1.1997178608520901e-05
FL-1999-000213-IND,FL_1999_000213_IND,1.1543283e-05,0.0002981330418712,113.0,1.164110743220339e-05
FL-2007-000131-SEN,FL_2007_000131_SEN,1.1377459e-05,1.2926547397603558e-05,874.0,1.1390402639362912e-05
FL-2007-000194-GTM,FL_2007_000194_GTM,1.1315538e-05,4.452345949215224e-05,546.0,1.1336074366606168e-05
FL-2022-000286-MRT,FL_2022_000286_MRT,1.1149514e-05,0.0001786534276324,199.0,1.1204168480392157e-05
FL-2011-000108-SEN,FL_2011_000108_SEN,1.06665675e-05,3.6822451254726526e-06,1033.0,1.0676843576589595e-05
FL-2009-000140-MNG,FL_2009_000140_MNG,9.351755e-06,7.007667750861739e-05,425.0,9.37350326744186e-06
FL-2022-000312-BGR,FL_2022_000312_BGR,8.588517e-06,7.712060338078288e-07,1153.0,8.59593368134715e-06
ST-2012-000077-CHN,ST_2012_000077_CHN,6.9788684e-06,0.0014529897417505,6.0,7.613310981818181e-06
FL-2010-000019-MEX,FL_2010_000019_MEX,7.478304e-06,8.095148094140114e-05,386.0,7.4974300971867e-06
FL-2000-000583-LAO,FL_2000_000583_LAO,7.362725e-06,1.4626274709167252e-06,1120.0,7.3692696444444444e-06
FL-2021-000078-GTM,FL_2021_000078_GTM,6.8905297e-06,7.929145347673938e-06,948.0,6.897760056453305e-06
FL-2019-000100-MLI,FL_2019_000100_MLI,6.835556e-06,2.009224499329207e-05,771.0,6.844364706185567e-06
FL-2019-000120-PHL,FL_2019_000120_PHL,6.604221e-06,3.730348245265194e-05,598.0,6.615173273631841e-06
FL-2012-000098-GTM,FL_2012_000098_GTM,5.8996893e-06,3.354605212227412e-06,1046.0,5.9053027056137025e-06
FL-2009-000164-SEN,FL_2009_000164_SEN,5.684016e-06,1.6719392079959852e-05,818.0,5.6909224592952616e-06
FL-2007-000127-MRT,FL_2007_000127_MRT,5.502658e-06,0.000122226579546,280.0,5.521965571929825e-06
FL-2013-000024-MKD,FL_2013_000024_MKD,5.4508478e-06,6.119832941674321e-06,983.0,5.456364852429149e-06
FL-2004-000028-DOM,FL_2004_000028_DOM,5.1988304e-06,6.877751063940834e-05,433.0,5.210699875799087e-06
FL-2014-000089-IND,FL_2014_000089_IND,5.0005165e-06,0.0007206845041032,22.0,5.185720814814815e-06
FL-2021-000147-THA,FL_2021_000147_THA,5.1769025e-06,2.0021944360510903e-06,1096.0,5.181604500454132e-06
FL-2000-000302-CHN,FL_2000_000302_CHN,5.141025e-06,2.6531007965245607e-05,699.0,5.148327592329545e-06
FL-2008-000054-THA,FL_2008_000054_THA,5.0666968e-06,1.830127163543399e-06,1102.0,5.071273761878953e-06
FL-2010-000119-PAN,FL_2010_000119_PAN,4.688598e-06,0.0003548773414155,73.0,4.748708230769231e-06
FF-2006-000049-IDN,FF_2006_000049_IDN,4.602566e-06,0.0001758833346469,203.0,4.624693721153846e-06
FL-2010-000072-RUS,FL_2010_000072_RUS,4.387948e-06,2.240434484591236e-05,738.0,4.393853717362045e-06
FL-2009-000117-GTM,FL_2009_000117_GTM,4.3323325e-06,6.618043140922153e-05,442.0,4.34202451901566e-06
FL-2009-000234-PHL,FL_2009_000234_PHL,3.8146795e-06,0.0017116930852862,3.0,4.291514437499999e-06
FL-2022-000287-TCD,FL_2022_000287_TCD,4.0493205e-06,6.574004371604658e-06,977.0,4.053444044297352e-06
FL-2003-000531-IDN,FL_2003_000531_IDN,4.021066e-06,0.0001218906672828,284.0,4.034979723183391e-06
FL-2003-000585-MKD,FL_2003_000585_MKD,3.889916e-06,3.431031479679956e-05,627.0,3.896070930379747e-06
FL-2016-000075-BGD,FL_2016_000075_BGD,3.838313e-06,3.057546595725433e-05,662.0,3.844067592203898e-06
LS-2022-000224-GTM,LS_2022_000224_GTM,3.5796766e-06,3.132594114586032e-05,650.0,3.585141755114504e-06
FL-2002-000734-MAR,FL_2002_000734_MAR,3.516625e-06,1.9196127159352564e-05,785.0,3.5210764240506327e-06
FL-2009-000113-CHN,FL_2009_000113_CHN,3.5005887e-06,2.056581931577049e-05,767.0,3.5051231413212437e-06
FL-2003-000293-TLS,FL_2003_000293_TLS,3.3808053e-06,1.793778692126449e-05,802.0,3.3849946498141267e-06
FL-2009-000129-CAF,FL_2009_000129_CAF,3.3149395e-06,4.451335042174701e-05,547.0,3.320944825181159e-06
FL-2009-000120-BWA,FL_2009_000120_BWA,3.3072224e-06,9.421164692196836e-06,928.0,3.3107671185423366e-06
FL-2004-000068-ROM,FL_2004_000068_ROM,3.232976e-06,1.749673269587638e-06,1106.0,3.2358859693969396e-06
FL-2010-000115-MMR,FL_2010_000115_MMR,3.2277326e-06,1.6073549461085182e-05,826.0,3.2316167547533097e-06
FL-1999-000315-GHA,FL_1999_000315_GHA,3.1868815e-06,2.1015931997186056e-05,761.0,3.191041919712794e-06
FL-2015-000110-ARG,FL_2015_000110_ARG,2.8802606e-06,2.5490940150206107e-06,1068.0,2.882944906244175e-06
FL-2008-000094-ZAF,FL_2008_000094_ZAF,2.830419e-06,4.839661207755538e-05,535.0,2.8356605166666663e-06
FL-2014-000107-MMR,FL_2014_000107_MMR,2.7689578e-06,3.561827861867671e-05,612.0,2.773445576012966e-06
ST-2011-000073-CAF,ST_2011_000073_CAF,2.6901512e-06,0.0004682935257124,46.0,2.742899262745098e-06
FL-2013-000054-CHN,FL_2013_000054_CHN,2.339437e-06,4.514494681467992e-05,544.0,2.343698269581056e-06
FL-2004-000100-PAN,FL_2004_000100_PAN,2.2818938e-06,0.0001381389496823,255.0,2.2906703146153847e-06
FF-2005-000067-IDN,FF_2005_000067_IDN,2.2217664e-06,4.004145483617977e-05,572.0,2.225616948353553e-06
FL-2010-000012-EGY,FL_2010_000012_EGY,2.213892e-06,1.5403373549967785e-05,835.0,2.2165275857142854e-06
FL-2012-000009-FJI,FL_2012_000009_FJI,2.1184624e-06,2.397266388317026e-06,1077.0,2.1204203134935305e-06
FL-2015-000105-GIN,FL_2015_000105_GIN,2.100364e-06,2.679139040165353e-06,1063.0,2.1023306329588014e-06
FL-2021-000108-SSD,FL_2021_000108_SSD,1.9985948e-06,0.000235829526517,142.0,2.0121906829931972e-06
FL-2019-000103-LAO,FL_2019_000103_LAO,1.894888e-06,1.562270621533055e-05,832.0,1.8971519044205496e-06
FF-2020-000156-UKR,FF_2020_000156_UKR,1.8772961e-06,2.997957641234335e-05,667.0,1.880089695386905e-06
FL-2011-000176-LKA,FL_2011_000176_LKA,1.8417227e-06,3.801471005788544e-08,1213.0,1.8432347876026272e-06
FL-2008-000167-VCT,FL_2008_000167_VCT,1.8131082e-06,1.7700151055444853e-08,1217.0,1.8145919219312602e-06
FF-2008-000216-PSE,FF_2008_000216_PSE,1.8085245e-06,3.0030358659732338e-05,666.0,1.8112197675111775e-06
FL-2010-000042-SRB,FL_2010_000042_SRB,1.8019759e-06,2.6039654250219836e-05,701.0,1.8045282737960342e-06
FL-2009-000127-BEN,FL_2009_000127_BEN,1.7877127e-06,6.326563443846068e-05,453.0,1.7916160028384279e-06
FL-2011-000021-MYS,FL_2011_000021_MYS,1.7691954e-06,1.7356141760890717e-05,811.0,1.771363531617647e-06
FL-2008-000154-MEX,FL_2008_000154_MEX,1.6449828e-06,6.14615606560936e-06,981.0,1.6466511395537526e-06
FL-2002-000350-CHN,FL_2002_000350_CHN,1.6368264e-06,0.000155176043079,232.0,1.643732840506329e-06
FL-2012-000175-GMB,FL_2012_000175_GMB,1.4908836e-06,1.4687984836206852e-05,850.0,1.492627323508772e-06
FL-2000-000741-LKA,FL_2000_000741_LKA,1.4665674e-06,4.759353410799332e-07,1165.0,1.4678208764102565e-06
FL-2007-000155-ROM,FL_2007_000155_ROM,1.2200128e-06,3.476907184160944e-06,1042.0,1.2211780462273162e-06
FL-2021-000068-SUR,FL_2021_000068_SUR,1.1241744e-06,8.32466648450124e-05,378.0,1.1271095812010444e-06
FL-1998-000165-CHN,FL_1998_000165_CHN,1.0995535e-06,2.113726194489335e-05,758.0,1.1009945923984271e-06
FL-2019-000033-PRY,FL_2019_000033_PRY,1.0638294e-06,0.0002046666060557,168.0,1.0699787028901736e-06
FL-2008-000038-ARG,FL_2008_000038_ARG,1.0334447e-06,4.074666394378631e-06,1024.0,1.034449019436346e-06
FL-2003-000331-CHN,FL_2003_000331_CHN,1.0209933e-06,3.97217496833626e-06,1026.0,1.0219835941804075e-06
FL-2009-000265-MAR,FL_2009_000265_MAR,9.65355e-07,2.5909580907982943e-06,1066.0,9.662563585434172e-07
FL-2003-000028-BRA,FL_2003_000028_BRA,9.4551143e-07,0.0002621370433176,129.0,9.525674854477611e-07
FL-2006-000189-MYS,FL_2006_000189_MYS,9.307837e-07,5.952009202020217e-05,474.0,9.327268810020877e-07
FL-2009-000123-BGD,FL_2009_000123_BGD,9.296915e-07,1.219163697934019e-06,1128.0,9.305120573698148e-07
FF-2008-000072-CHN,FF_2008_000072_CHN,9.113875e-07,1.894340433745204e-05,791.0,9.125324591708543e-07
FL-1999-000413-CAF,FL_1999_000413_CAF,8.5122593e-07,0.0006640297025293,25.0,8.796001276666668e-07
FL-2009-000240-PAN,FL_2009_000240_PAN,8.6934415e-07,8.54679012320129e-05,368.0,8.716748313672923e-07
FL-2022-000365-PAN,FL_2022_000365_PAN,8.574143e-07,2.455159166661428e-06,1071.0,8.582111534386617e-07
FL-2007-000077-CHN,FL_2007_000077_CHN,7.8771103e-07,0.0001545252098008,234.0,7.910068920502092e-07
FL-2000-000299-GTM,FL_2000_000299_GTM,7.4446723e-07,1.00329236529864e-05,918.0,7.452738033802816e-07
FL-2019-000162-MYS,FL_2019_000162_MYS,7.3506754e-07,2.176177250721693e-05,749.0,7.360424306366048e-07
FL-2013-000076-PRY,FL_2013_000076_PRY,7.1720063e-07,9.14442748138831e-06,937.0,7.179619894798303e-07
FL-2019-000081-MMR,FL_2019_000081_MMR,7.1591376e-07,2.9247083107605344e-06,1055.0,7.165891503396227e-07
FL-2009-000248-URY,FL_2009_000248_URY,6.793288e-07,2.1862913337944487e-06,1082.0,6.799537574977002e-07
FL-2007-000122-VNM,FL_2007_000122_VNM,6.7827926e-07,1.0238344151110924e-05,915.0,6.790165200652173e-07
FL-2019-000153-COD,FL_2019_000153_COD,5.7351645e-07,1.2538095025166347e-05,881.0,5.741637597629797e-07
FL-2007-000125-PHL,FL_2007_000125_PHL,5.59004e-07,0.0002831741504309,118.0,5.635487479674797e-07
FL-2000-000770-IDN,FL_2000_000770_IDN,5.4880104e-07,0.0003234295422693,92.0,5.544587826804124e-07
FL-1999-000253-PHL,FL_1999_000253_PHL,5.370619e-07,0.0004657121730423,47.0,5.473900134615384e-07
FL-2015-000106-BFA,FL_2015_000106_BFA,5.392954e-07,0.0001813010169613,192.0,5.420329401015228e-07
FL-2012-000075-VEN,FL_2012_000075_VEN,5.368806e-07,2.4478555966282078e-05,717.0,5.376242019390583e-07
FL-2008-000011-TZA,FL_2008_000011_TZA,5.225632e-07,7.281670922113834e-05,415.0,5.238073980952381e-07
FL-2022-000305-GIN,FL_2022_000305_GIN,5.1331443e-07,1.2882197154238752e-05,876.0,5.138970797502837e-07
FF-2012-000107-SLB,FF_2012_000107_SLB,4.852841e-07,2.391274440981188e-05,722.0,4.859516159559834e-07
FL-2011-000061-DOM,FL_2011_000061_DOM,4.816644e-07,0.0002183752555475,156.0,4.84656104347826e-07
FL-1995-000012-PHL,FL_1995_000012_PHL,4.7108963e-07,0.0003153033994374,97.0,4.757081557843137e-07
FL-2003-000196-ARG,FL_2003_000196_ARG,4.687013e-07,3.157432354821396e-05,648.0,4.694190661562021e-07
FL-2002-000321-HTI,FL_2002_000321_HTI,4.3581795e-07,4.7270323874424485e-05,539.0,4.3661908593750005e-07
FL-2016-000044-CHN,FL_2016_000044_CHN,4.3435463e-07,8.013114731527918e-05,389.0,4.3545705291878173e-07
FL-2019-000094-GTM,FL_2019_000094_GTM,4.2394115e-07,6.695079087879332e-05,439.0,4.2489597240990995e-07
FL-2010-000008-BOL,FL_2010_000008_BOL,4.1906338e-07,3.589612564481508e-05,610.0,4.1974478386991873e-07
FL-2013-000083-THA,FL_2013_000083_THA,4.1037677e-07,3.407377407371307e-05,630.0,4.110230326299213e-07
FL-2014-000005-IDN,FL_2014_000005_IDN,4.093539e-07,2.8314358266802195e-05,680.0,4.099514969343065e-07
FL-2020-000172-MMR,FL_2020_000172_MMR,3.8307925e-07,0.000279560133805,119.0,3.861685987903226e-07
FF-2022-000278-MNG,FF_2022_000278_MNG,3.8179246e-07,0.0001308634027024,270.0,3.831807962181818e-07
FL-2004-000043-IND,FL_2004_000043_IND,3.7479504e-07,7.362630728398663e-05,411.0,3.7569598961538465e-07
FL-2006-000068-CHN,FL_2006_000068_CHN,3.6892519e-07,2.748314821036472e-05,690.0,3.6945601761151076e-07
FL-2008-000243-PNG,FL_2008_000243_PNG,3.6650064e-07,9.160340002790728e-07,1142.0,3.6682016976460333e-07
FL-2000-000130-BOL,FL_2000_000130_BOL,3.632252e-07,3.742093540808524e-05,596.0,3.638295680532446e-07
FF-2021-000098-MNG,FF_2021_000098_MNG,3.5809362e-07,0.0002013505654162,173.0,3.601053819101123e-07
FL-2022-000207-VEN,FL_2022_000207_VEN,3.4641238e-07,5.818959785760389e-05,483.0,3.4712224143442624e-07
FL-2016-000080-BFA,FL_2016_000080_BFA,3.3909512e-07,1.1304214306627458e-05,893.0,3.394727314922049e-07
FF-2009-000107-THA,FF_2009_000107_THA,3.3038424e-07,6.96487225883299e-05,427.0,3.3114901833333333e-07
FL-2018-000077-CIV,FL_2018_000077_CIV,3.260532e-07,6.489614176714152e-05,450.0,3.267698004395604e-07
FL-2009-000218-KEN,FL_2009_000218_KEN,3.2144985e-07,2.9265179386828825e-05,671.0,3.219253675295858e-07
FL-2019-000181-IDN,FL_2019_000181_IDN,3.1046943e-07,0.0003162166775585,95.0,3.135741243e-07
FL-2002-000373-GHA,FL_2002_000373_GHA,3.0261046e-07,2.5935275182021752e-06,1065.0,3.028932735140187e-07
FL-2015-000009-ALB,FL_2015_000009_ALB,2.958318e-07,0.0001552879211664,231.0,2.970853245762712e-07
FL-2009-000011-PHL,FL_2009_000011_PHL,2.8546847e-07,0.000367302337809,67.0,2.8943330986111106e-07
FL-2013-000101-LAO,FL_2013_000101_LAO,2.8288818e-07,0.0001359201168677,259.0,2.8395972613636364e-07
FL-2016-000081-GTM,FL_2016_000081_GTM,2.7557326e-07,6.54363950597957e-05,448.0,2.761815894922737e-07
FL-1999-000235-IRN,FL_1999_000235_IRN,2.6658867e-07,0.0003552157715439,72.0,2.700508605194805e-07
FL-2014-000008-BOL,FL_2014_000008_BOL,2.6762018e-07,3.371161368426701e-05,634.0,2.680389909233177e-07
FF-2007-000070-CHN,FF_2007_000070_CHN,2.6408512e-07,1.801139447537996e-05,800.0,2.6441317604968944e-07
FL-2021-000129-VEN,FL_2021_000129_VEN,2.5992347e-07,1.647530151245291e-05,820.0,2.6023852875151517e-07
FF-2013-000118-BEN,FF_2013_000118_BEN,2.531488e-07,2.0592916603637523e-05,766.0,2.534771382619974e-07
FL-2004-000115-PAN,FL_2004_000115_PAN,2.4872108e-07,4.739322261845844e-05,538.0,2.491791298710866e-07
FL-2009-000247-MYS,FL_2009_000247_MYS,2.2866759e-07,1.5736736712022468e-05,829.0,2.289417717625899e-07
FL-2013-000112-CAF,FL_2013_000112_CAF,2.2043324e-07,5.458687208649154e-05,496.0,2.2087322650698603e-07
FL-2012-000123-PRK,FL_2012_000123_PRK,2.1958725e-07,0.0001999342021553,174.0,2.2081399441340784e-07
FL-2017-000091-MMR,FL_2017_000091_MMR,2.1911094e-07,3.736772118050866e-05,597.0,2.194749116611296e-07
FL-2006-000151-PAN,FL_2006_000151_PAN,2.1748835e-07,6.859835255697969e-06,962.0,2.1771326039296794e-07
FL-2010-000118-GHA,FL_2010_000118_GHA,2.1464525e-07,0.0001492861075201,239.0,2.15524943647541e-07
FL-2020-000202-GIN,FL_2020_000202_GIN,2.0850919e-07,0.0005209797614732,41.0,2.130419984782609e-07
FL-2007-000003-PHL,FL_2007_000003_PHL,2.025886e-07,0.0005551456482155,37.0,2.0741213809523808e-07
FL-2013-000108-SSD,FL_2013_000108_SSD,2.0209444e-07,0.0003026315096292,112.0,2.038217429059829e-07
FL-2007-000107-TLS,FL_2007_000107_TLS,1.9801078e-07,0.0005876410554115,31.0,2.0351107944444443e-07
FL-2000-000187-ROM,FL_2000_000187_ROM,2.0226e-07,1.126809519433007e-07,1202.0,2.0242757249378627e-07
FL-2018-000419-PRY,FL_2018_000419_PRY,1.9882326e-07,0.0004399627516314,56.0,2.0208265770491802e-07
FL-2005-000205-PHL,FL_2005_000205_PHL,1.9061143e-07,3.218306862961376e-05,642.0,1.9090603808346216e-07
FL-2006-000091-PRK,FL_2006_000091_PRK,1.8791643e-07,5.756089828337608e-05,485.0,1.8829993291836734e-07
FL-2008-000198-BLZ,FL_2008_000198_BLZ,1.8339168e-07,5.223653674001489e-07,1162.0,1.8354882796915168e-07
FL-2017-000075-CHN,FL_2017_000075_CHN,1.680083e-07,0.0012935615626107,8.0,1.809320153846154e-07
FL-2007-000174-CAF,FL_2007_000174_CAF,1.7639485e-07,0.0003474633996405,78.0,1.785200891566265e-07
FL-2011-000045-GTM,FL_2011_000045_GTM,1.7058824e-07,5.991517992257076e-06,988.0,1.70760030775428e-07
FL-1997-000177-MMR,FL_1997_000177_MMR,1.6872691e-07,9.597111921905195e-05,340.0,1.6921597350724637e-07
FL-2005-000081-CHN,FL_2005_000081_CHN,1.657459e-07,2.5313362086872472e-06,1070.0,1.659000822325581e-07
FL-2013-000013-BWA,FL_2013_000013_BWA,1.635523e-07,6.119442189209469e-05,464.0,1.6390102558635394e-07
FL-2017-000130-GTM,FL_2017_000130_GTM,1.6219762e-07,3.828120586520884e-05,580.0,1.624748808888889e-07
FL-1999-000031-LKA,FL_1999_000031_LKA,1.6008885e-07,3.0976972389332353e-05,657.0,1.6033067605740183e-07
FF-2008-000082-PHL,FF_2008_000082_PHL,1.5877912e-07,0.0001153221458636,297.0,1.5930487867549667e-07
FL-2012-000198-PAN,FL_2012_000198_PAN,1.4746186e-07,0.0012178694720242,9.0,1.5799485e-07
FL-2013-000011-ZWE,FL_2013_000011_ZWE,1.5638247e-07,9.47771058190159e-06,924.0,1.5655080419806242e-07
FL-2017-000054-BFA,FL_2017_000054_BFA,1.5379949e-07,9.368684970703108e-05,345.0,1.542389171142857e-07
FL-1999-000349-SLV,FL_1999_000349_SLV,1.5191553e-07,7.222623667702613e-06,957.0,1.5207344635135135e-07
FL-2005-000160-MMR,FL_2005_000160_MMR,1.48741e-07,5.32361751192851e-05,511.0,1.4902925775193797e-07
FL-2010-000026-DOM,FL_2010_000026_DOM,1.4647995e-07,2.7412759920185817e-05,693.0,1.4668980666189114e-07
FL-2011-000181-VEN,FL_2011_000181_VEN,1.4357194e-07,1.4777572254881491e-05,846.0,1.4374064968272622e-07
FF-2007-000080-BGD,FF_2007_000080_BGD,1.4139809e-07,5.489899254698841e-08,1209.0,1.4151456289126853e-07
FL-2009-000239-BRA,FL_2009_000239_BRA,1.369209e-07,0.0003255908203422,91.0,1.38347159375e-07
FL-2008-000170-DOM,FL_2008_000170_DOM,1.3569743e-07,5.786370307000996e-05,484.0,1.3597492985685073e-07
FL-2018-000046-RUS,FL_2018_000046_RUS,1.3346725e-07,0.0003834600057105,66.0,1.353470704225352e-07
FL-2012-000003-BRA,FL_2012_000003_BRA,1.3211853e-07,0.0004591514228951,49.0,1.3456516944444445e-07
FL-2003-000621-BOL,FL_2003_000621_BOL,1.3236262e-07,3.4580392712873327e-05,623.0,1.3257338850318472e-07
FL-2005-000196-LKA,FL_2005_000196_LKA,1.3224134e-07,2.031003560622188e-06,1092.0,1.3236188816773015e-07
FL-1997-000022-BOL,FL_1997_000022_BOL,1.2908107e-07,5.685434913735397e-05,488.0,1.2934289772819475e-07
FL-2006-000010-BOL,FL_2006_000010_BOL,1.2909892e-07,4.430359543113537e-05,551.0,1.293311123021583e-07
FL-2010-000194-VNM,FL_2010_000194_VNM,1.28803e-07,2.5872400995014363e-05,704.0,1.2898466854724964e-07
FL-2011-000106-GHA,FL_2011_000106_GHA,1.2659689e-07,6.484837287763633e-07,1158.0,1.267057437317283e-07
FL-2004-000142-ALB,FL_2004_000142_ALB,1.2504752e-07,2.189214641529835e-05,747.0,1.2521380659574467e-07
FL-2016-000054-HTI,FL_2016_000054_HTI,1.2350763e-07,5.92057254918153e-05,475.0,1.2376493756250003e-07
FL-2022-000292-LAO,FL_2022_000292_LAO,1.18567e-07,0.00020176646211,172.0,1.1923687005649718e-07
FL-2001-000696-BRA,FL_2001_000696_BRA,1.13857375e-07,0.0002460262281014,135.0,1.1467064196428571e-07
FL-2001-000314-GHA,FL_2001_000314_GHA,1.13362276e-07,1.9432772354798945e-05,780.0,1.1350668654267516e-07
FL-2016-000058-MMR,FL_2016_000058_MMR,1.1271555e-07,0.0001741335179675,205.0,1.1325229071428571e-07
FL-2014-000168-MYS,FL_2014_000168_MYS,1.1210813e-07,0.0002577769046319,130.0,1.1293856059259258e-07
FL-2013-000087-MMR,FL_2013_000087_MMR,1.11589905e-07,0.0001608616195356,224.0,1.1207719716157204e-07
FF-2014-000015-ZWE,FF_2014_000015_ZWE,1.07618256e-07,3.184733447250858e-06,1049.0,1.0772036060721063e-07
FL-2009-000089-BRA,FL_2009_000089_BRA,1.0699796e-07,0.0002198268059977,154.0,1.076709031446541e-07
FL-2016-000060-IND,FL_2016_000060_IND,1.0391512e-07,0.0001076327730539,315.0,1.0423985475e-07
FL-2020-000212-KHM,FL_2020_000212_KHM,1.0174041e-07,1.127473723336902e-06,1132.0,1.0182989145118733e-07
FL-2000-000258-IDN,FL_2000_000258_IDN,9.902307e-08,0.0005653461196787,35.0,1.0149864674999999e-07
FL-2007-000040-HTI,FL_2007_000040_HTI,9.637468e-08,0.0003602658297091,70.0,9.765967573333335e-08
FL-2022-000277-SDN,FL_2022_000277_SDN,9.5086136e-08,7.823118234550521e-05,396.0,9.532325853366582e-08
FL-2008-000191-CRI,FL_2008_000191_CRI,9.3965305e-08,1.0241295255623682e-05,914.0,9.406755233949946e-08
FL-2002-000510-MEX,FL_2002_000510_MEX,9.325218e-08,2.5733570183109172e-05,707.0,9.338315216292134e-08
FL-2010-000120-BRA,FL_2010_000120_BRA,9.034371e-08,1.878060397937968e-05,792.0,9.045706471769134e-08
FF-2008-000092-KEN,FF_2008_000092_KEN,8.925663e-08,0.0001602710252077,226.0,8.964302233766233e-08
FL-2010-000051-KAZ,FL_2010_000051_KAZ,8.9283596e-08,1.4675679170274822e-05,851.0,8.938789926635513e-08
FL-2008-000155-CHL,FL_2008_000155_CHL,8.785806e-08,6.665788745759536e-05,440.0,8.805549384269663e-08
FL-2009-000102-HTI,FL_2009_000102_HTI,8.724511e-08,0.000307515091056,105.0,8.803824736363636e-08
FL-2016-000123-DOM,FL_2016_000123_DOM,8.762809e-08,1.591055880630459e-05,828.0,8.773328578631454e-08
FL-2007-000151-TCD,FL_2007_000151_TCD,8.527597e-08,1.003106676067106e-06,1139.0,8.535051193181817e-08
FL-2018-000128-SDN,FL_2018_000128_SDN,8.434802e-08,4.442301972475726e-05,548.0,8.450054806509946e-08
FL-1997-000295-COD,FL_1997_000295_COD,8.396642e-08,2.0543033687238857e-05,769.0,8.407490374677002e-08
FL-2007-000228-LKA,FL_2007_000228_LKA,8.3775426e-08,1.3098985301235172e-05,871.0,8.387106004794522e-08
FL-1997-000301-UGA,FL_1997_000301_UGA,8.343295e-08,0.0001741225869597,206.0,8.382836682464454e-08
FL-2013-000159-VCT,FL_2013_000159_VCT,8.28006e-08,1.981493537305819e-07,1194.0,8.286965804837365e-08
FL-2020-000176-SDN,FL_2020_000176_SDN,8.162928e-08,0.0001258076636155,273.0,8.192291050359713e-08
FL-1999-000053-PHL,FL_1999_000053_PHL,7.632776e-08,9.964778732840156e-05,330.0,7.655560405970148e-08
FL-2008-000095-SUR,FL_2008_000095_SUR,7.4208195e-08,0.00012352706419,277.0,7.447134462765958e-08
FL-2018-000140-MLI,FL_2018_000140_MLI,7.3652785e-08,5.3927303016839946e-05,505.0,7.37972022254902e-08
FL-2009-000266-ALB,FL_2009_000266_ALB,7.241234e-08,2.5182475599001768e-05,710.0,7.251361600000001e-08
FF-2012-000079-GEO,FF_2012_000079_GEO,7.1819095e-08,1.283975711795737e-05,878.0,7.190043032842582e-08
FL-2018-000194-TTO,FL_2018_000194_TTO,6.829313e-08,8.04405989682408e-06,947.0,6.836486648109243e-08
FL-2018-000092-MNG,FL_2018_000092_MNG,6.741347e-08,0.0001221211207628,281.0,6.764918143356643e-08
FL-2006-000062-THA,FL_2006_000062_THA,6.440713e-08,1.801031772434258e-05,801.0,6.448703959057072e-08
FL-2011-000118-GTM,FL_2011_000118_GTM,6.14444e-08,2.430947010918822e-05,718.0,6.152938533886584e-08
FL-2015-000065-GHA,FL_2015_000065_GHA,5.850734e-08,5.357428952662436e-05,508.0,5.86213893957115e-08
FL-2012-000205-LKA,FL_2012_000205_LKA,5.5901435e-08,6.67996386690819e-08,1206.0,5.594759638315442e-08
FL-2006-000156-TUR,FL_2006_000156_TUR,5.4878477e-08,0.0001062432274794,318.0,5.504837940557276e-08
FL-2009-000245-SRB,FL_2009_000245_SRB,5.33599e-08,8.168667318819492e-05,381.0,5.3498138082901554e-08
FL-2021-000038-KEN,FL_2021_000038_KEN,5.340635e-08,2.2903577695052396e-05,733.0,5.3478716327913275e-08
FL-2002-000110-BOL,FL_2002_000110_BOL,5.3292858e-08,0.0001014408784416,325.0,5.34543515090909e-08
FL-2016-000050-LKA,FL_2016_000050_LKA,5.2499313e-08,1.3634228981103868e-06,1124.0,5.2545813720106294e-08
FL-2002-000788-LKA,FL_2002_000788_LKA,5.0526122e-08,5.339604460817164e-06,1007.0,5.057604899802372e-08
FL-2009-000100-DOM,FL_2009_000100_DOM,4.9164292e-08,6.702323783496594e-06,970.0,4.92147169148718e-08
FL-2011-000020-BOL,FL_2011_000020_BOL,4.8457515e-08,0.0002480096097819,134.0,4.880613021582733e-08
FL-1999-000259-KHM,FL_1999_000259_KHM,4.782796e-08,3.641751741861972e-05,602.0,4.7906754003294886e-08
FL-2010-000150-MEX,FL_2010_000150_MEX,4.7653657e-08,2.4302610055840234e-05,719.0,4.7719476968232044e-08
ST-2022-000138-MDG,ST_2022_000138_MDG,4.6206736e-08,0.0001829378715129,190.0,4.644369362051282e-08
FL-2009-000170-MRT,FL_2009_000170_MRT,4.6056876e-08,0.0002673322879142,125.0,4.641115966153846e-08
FL-2012-000005-BOL,FL_2012_000005_BOL,4.493554e-08,1.6677255224258235e-05,819.0,4.499007342233009e-08
FL-2006-000123-SDN,FL_2006_000123_SDN,4.4754255e-08,5.025402633899598e-06,1014.0,4.479817477919528e-08
FL-2021-000097-BGD,FL_2021_000097_BGD,4.46726e-08,9.151771136735202e-06,935.0,4.472012404255319e-08
FF-2022-000274-IRN,FF_2022_000274_IRN,4.3268617e-08,6.475557345703616e-05,451.0,4.336350431798246e-08
FL-2002-000522-KHM,FL_2002_000522_KHM,3.9879875e-08,1.5091820929844386e-06,1116.0,3.9915450267618195e-08
FL-2016-000114-EGY,FL_2016_000114_EGY,3.9703064e-08,7.783510546650549e-05,399.0,3.9801338910891094e-08
FL-2018-000124-MMR,FL_2018_000124_MMR,3.953914e-08,2.600776713844202e-05,702.0,3.9595065233380476e-08
FL-2003-000273-TJK,FL_2003_000273_TJK,3.791346e-08,3.349467703210305e-05,635.0,3.797269978124999e-08
FL-2011-000133-MEX,FL_2011_000133_MEX,3.7821636e-08,8.410203233156654e-05,373.0,3.7921693238095236e-08
ST-2015-000041-PRY,ST_2015_000041_PRY,3.6279474e-08,0.0005822808099336,33.0,3.723419700000001e-08
FL-2001-000417-SDN,FL_2001_000417_SDN,3.7078546e-08,1.0286491178018723e-05,911.0,3.711902476200873e-08
FL-2010-000174-KEN,FL_2010_000174_KEN,3.644532e-08,4.829028011849558e-06,1015.0,3.6481050705882355e-08
FL-2021-000161-IND,FL_2021_000161_IND,3.4769972e-08,9.973040321216222e-06,920.0,3.480756115891892e-08
FL-2009-000135-MEX,FL_2009_000135_MEX,3.3990478e-08,0.000190197345849,183.0,3.4171278414893617e-08
FL-2022-000382-ZAF,FL_2022_000382_ZAF,3.249338e-08,0.0003304618146617,87.0,3.284656891304348e-08
FL-2003-000368-SDN,FL_2003_000368_SDN,3.1576487e-08,1.113780836668104e-05,896.0,3.161153304550499e-08
FL-2016-000084-PHL,FL_2016_000084_PHL,3.1146254e-08,5.260242488528637e-05,514.0,3.120626605009634e-08
FL-2010-000152-THA,FL_2010_000152_THA,3.1045026e-08,2.375956863427036e-06,1078.0,3.107369176731302e-08
FL-2007-000044-ARG,FL_2007_000044_ARG,3.1002095e-08,7.085336803687212e-06,958.0,3.10342882450675e-08
FL-2003-000012-BOL,FL_2003_000012_BOL,3.0225312e-08,5.424122428772094e-05,501.0,3.028504581818182e-08
FL-1997-000025-MWI,FL_1997_000025_MWI,2.8441173e-08,7.353351070283105e-05,412.0,2.8509377251798558e-08
FL-2011-000063-HTI,FL_2011_000063_HTI,2.6757803e-08,0.0004204486093521,57.0,2.7189380467741935e-08
FL-2008-000069-CHL,FL_2008_000069_CHL,2.6837313e-08,1.5466331492691858e-06,1114.0,2.6861296300268094e-08
FL-2001-000549-GIN,FL_2001_000549_GIN,2.6494593e-08,1.0253639464060744e-05,913.0,2.65234542124183e-08
FL-2017-000010-PHL,FL_2017_000010_PHL,2.3642661e-08,0.0016581503313222,4.0,2.6269623333333334e-08
FL-2007-000076-KEN,FL_2007_000076_KEN,2.5856897e-08,0.0001305974247363,271.0,2.595058140942029e-08
FL-2015-000008-BOL,FL_2015_000008_BOL,2.578068e-08,5.518622467778773e-05,493.0,2.5832448433734943e-08
FL-2007-000138-UGA,FL_2007_000138_UGA,2.5493721e-08,0.0002248701116961,152.0,2.5656101388535033e-08
FL-2012-000200-BFA,FL_2012_000200_BFA,2.5496348e-08,0.0001108517649992,304.0,2.5578860453074435e-08
FL-2007-000165-BEN,FL_2007_000165_BEN,2.4876199e-08,0.0001215233361769,286.0,2.496168421993127e-08
FL-1998-000247-IRN,FL_1998_000247_IRN,2.449266e-08,0.000453560754348,51.0,2.4930028928571427e-08
FL-2006-000047-COD,FL_2006_000047_COD,2.4515971e-08,2.2658235581915302e-05,735.0,2.4549100690540542e-08
FL-2013-000020-BOL,FL_2013_000020_BOL,2.4041855e-08,0.0003404438454156,80.0,2.4324700352941177e-08
FL-2011-000084-IND,FL_2011_000084_IND,2.4026807e-08,6.660201520755048e-05,441.0,2.4080678764573988e-08
FL-2016-000137-ARG,FL_2016_000137_ARG,2.3717972e-08,1.4991459554619984e-06,1118.0,2.373909218878005e-08
FL-1999-000391-MEX,FL_1999_000391_MEX,2.3680684e-08,3.422030373964155e-05,629.0,2.371803523659306e-08
FL-2009-000206-HTI,FL_2009_000206_HTI,2.2707148e-08,0.0001320482313591,268.0,2.2790324366300366e-08
FL-2009-000226-PRY,FL_2009_000226_PRY,2.2261775e-08,0.0004412546893485,55.0,2.2632804583333332e-08
FL-2022-000332-BEN,FL_2022_000332_BEN,2.2026509e-08,0.0004463700592668,52.0,2.2412938982456142e-08
FL-2010-000014-SLB,FL_2010_000014_SLB,2.2279075e-08,2.8169401224620503e-06,1059.0,2.2300013980263162e-08
FL-2021-000145-BEN,FL_2021_000145_BEN,2.120096e-08,0.0005381473471505,39.0,2.16828e-08
FL-2010-000259-AUS,FL_2010_000259_AUS,2.0980286e-08,5.506055816273063e-06,1005.0,2.1001058560396038e-08
FL-2021-000190-EGY,FL_2021_000190_EGY,2.0917767e-08,1.7082586535987507e-05,814.0,2.094330761904762e-08
FL-1998-000040-URY,FL_1998_000040_URY,2.0808587e-08,3.48831829584163e-06,1041.0,2.0828480486615677e-08
FL-2009-000044-BIH,FL_2009_000044_BIH,2.0690889e-08,3.678115912476992e-06,1034.0,2.0710803233878733e-08
FL-2011-000093-BGD,FL_2011_000093_BGD,2.0678112e-08,2.872403282776751e-05,676.0,2.0708476334801762e-08
FL-2009-000122-IND,FL_2009_000122_IND,1.9616962e-08,0.000119725380025,291.0,1.9683235520270268e-08
FL-2005-000171-SLV,FL_2005_000171_SLV,1.944283e-08,2.297476438809237e-07,1186.0,1.945915479429051e-08
FL-2005-000109-PRK,FL_2005_000109_PRK,1.845962e-08,0.000136629552249,257.0,1.8530076564885494e-08
FL-2001-000025-MWI,FL_2001_000025_MWI,1.822173e-08,8.649315202800261e-05,364.0,1.827111138211382e-08
FL-2011-000115-KEN,FL_2011_000115_KEN,1.785167e-08,0.0001344607401333,263.0,1.7918280708955227e-08
FL-2017-000137-SSD,FL_2017_000137_SSD,1.7271459e-08,0.0003987813657294,62.0,1.7529241970149254e-08
FL-2005-000117-GTM,FL_2005_000117_GTM,1.7203305e-08,2.4954228987693037e-05,714.0,1.7227231710709318e-08
FL-1991-000011-CHN,FL_1991_000011_CHN,1.7159481e-08,5.002129900068541e-05,525.0,1.7191857379245284e-08
FF-2009-000204-TUN,FF_2009_000204_TUN,1.6825009e-08,0.0003638455689881,69.0,1.705237398648649e-08
FL-2010-000245-MAR,FL_2010_000245_MAR,1.6841069e-08,2.3164392615123685e-06,1080.0,1.6856590722580645e-08
FF-2008-000202-MAR,FF_2008_000202_MAR,1.6761042e-08,3.796828385874863e-06,1029.0,1.6777251905222436e-08
FL-2014-000159-MAR,FL_2014_000159_MAR,1.6284643e-08,7.682570933272615e-06,952.0,1.6301659345872517e-08
FL-2008-000231-PAN,FL_2008_000231_PAN,1.598774e-08,6.326079077450716e-05,454.0,1.602257167755991e-08
FF-2006-000069-IDN,FF_2006_000069_IDN,1.5361037e-08,0.0005390793568948,38.0,1.571827041860465e-08
FL-2011-000107-MMR,FL_2011_000107_MMR,1.4795035e-08,1.8367171492935648e-05,797.0,1.481348267456359e-08
FL-2003-000350-MNG,FL_2003_000350_MNG,1.4642156e-08,1.1520705954262844e-05,891.0,1.4658497691964286e-08
FF-2012-000196-COG,FF_2012_000196_COG,1.4620291e-08,1.8174518142556613e-05,799.0,1.4638475441542289e-08
FL-2008-000213-PER,FL_2008_000213_PER,1.4365072e-08,0.0002657882968132,126.0,1.4474729038167937e-08
FL-2015-000027-CHL,FL_2015_000027_CHL,1.38474725e-08,2.8890245104505347e-06,1057.0,1.3860511551318266e-08
FL-2007-000130-CIV,FL_2007_000130_CIV,1.3553064e-08,4.4335403888813936e-05,550.0,1.3577483935135135e-08
FL-2001-000019-MOZ,FL_2001_000019_MOZ,1.3385158e-08,1.927713351804244e-05,783.0,1.340214424111675e-08
FL-2022-000276-GMB,FL_2022_000276_GMB,1.3135152e-08,2.585943869327213e-05,705.0,1.3153652214084507e-08
FL-2006-000158-PRK,FL_2006_000158_PRK,1.3031501e-08,1.9317542673859488e-05,781.0,1.3048080517811705e-08
FL-2011-000131-GIN,FL_2011_000131_GIN,1.2825615e-08,2.8019415640851664e-06,1060.0,1.2837657830985915e-08
FL-2009-000186-TCD,FL_2009_000186_TCD,1.2788331e-08,2.1015162917574787e-05,762.0,1.2805004182529336e-08
FL-2006-000031-PER,FL_2006_000031_PER,1.2635818e-08,0.0001145907786928,301.0,1.2677111522875816e-08
FL-2011-000038-KAZ,FL_2011_000038_KAZ,1.23392025e-08,4.191448542786927e-05,562.0,1.2360964761904762e-08
FL-2010-000102-CRI,FL_2010_000102_CRI,1.22877974e-08,0.0001701368011011,216.0,1.234339829321267e-08
FL-2009-000268-AGO,FL_2009_000268_AGO,1.2252223e-08,0.0001189271898528,294.0,1.229320033444816e-08
FL-2017-000064-IND,FL_2017_000064_IND,1.1635806e-08,0.0001567989922139,229.0,1.1685531666666667e-08
FL-2005-000105-HTI,FL_2005_000105_HTI,1.1321808e-08,0.0003478467805746,77.0,1.1459878829268293e-08
FL-2004-000044-BGD,FL_2004_000044_BGD,1.0756787e-08,2.105042229532626e-06,1089.0,1.0766619529250457e-08
FL-2021-000096-PAN,FL_2021_000096_PAN,1.0735714e-08,3.4698853160187367e-05,622.0,1.0752836350877194e-08
FL-1997-000111-ARM,FL_1997_000111_ARM,1.0520015e-08,6.891862697775311e-07,1156.0,1.052907616709733e-08
FL-2015-000037-HTI,FL_2015_000037_HTI,1.0353451e-08,0.0001854938698036,189.0,1.0406819304123711e-08
FL-1999-000547-VEN,FL_1999_000547_VEN,1.0263011e-08,2.9422665408291026e-05,669.0,1.0278238019287834e-08
FL-2011-000148-KHM,FL_2011_000148_KHM,1.0067561e-08,2.11084211659883e-05,759.0,1.0080738435863875e-08
FL-2005-000104-IND,FL_2005_000104_IND,9.88106e-09,3.7833130620288425e-05,590.0,9.897666823529412e-09
FL-2009-000261-PER,FL_2009_000261_PER,9.687933e-09,0.0001035578628527,322.0,9.717559706422019e-09
FL-2008-000217-KEN,FL_2008_000217_KEN,9.697473e-09,1.6461182733814534e-05,821.0,9.709213282082323e-09
FL-1997-000530-PER,FL_1997_000530_PER,9.51961e-09,4.152109520552868e-05,564.0,9.53634042179262e-09
FL-2012-000089-CUB,FL_2012_000089_CUB,9.457758e-09,4.20561103950749e-05,561.0,9.474467819787986e-09
FL-2014-000162-LKA,FL_2014_000162_LKA,8.392667e-09,1.4300076423959734e-07,1200.0,8.399631868879668e-09
FL-2010-000067-BRA,FL_2010_000067_BRA,8.324684e-09,1.006329682683957e-05,917.0,8.33371294143167e-09
FL-2007-000009-PER,FL_2007_000009_PER,8.0836555e-09,2.3238645917646057e-05,728.0,8.094683679399728e-09
FL-2011-000204-PHL,FL_2011_000204_PHL,8.013217e-09,2.560288234191471e-05,709.0,8.024439992997199e-09
FL-2016-000117-ALB,FL_2016_000117_ALB,7.89479e-09,2.700214032897976e-05,695.0,7.906068271428571e-09
FL-2000-000255-ARG,FL_2000_000255_ARG,7.894251e-09,2.03119350774683e-07,1193.0,7.900840525041736e-09
FF-2018-000041-SOM,FF_2018_000041_SOM,7.7529725e-09,0.0001213293388358,287.0,7.77952377568493e-09
FL-2008-000096-BGD,FL_2008_000096_BGD,7.629667e-09,2.199993029048549e-07,1188.0,7.636062362112322e-09
FL-2009-000121-CZE,FL_2009_000121_CZE,7.613621e-09,8.737459929977772e-07,1146.0,7.620235788010426e-09
FL-2019-000032-BOL,FL_2019_000032_BOL,7.484462e-09,3.783961796883294e-05,589.0,7.497062104377105e-09
FL-2002-000077-PER,FL_2002_000077_PER,7.463725e-09,2.1548005201503536e-05,750.0,7.473610728476822e-09
FL-2005-000153-THA,FL_2005_000153_THA,7.3339526e-09,6.8523249739234754e-06,963.0,7.3415289973140495e-09
FL-2008-000191-SLV,FL_2008_000191_SLV,6.630732e-09,2.656896273570399e-07,1183.0,6.636313424242424e-09
FL-2013-000002-PSE,FL_2013_000002_PSE,6.456311e-09,3.999760553592492e-07,1173.0,6.461791739388794e-09
FL-2000-000002-AGO,FL_2000_000002_AGO,6.386728e-09,0.0002442956163269,137.0,6.431704957746478e-09
FL-2007-000051-TUN,FL_2007_000051_TUN,6.0971423e-09,0.0001255977736285,274.0,6.118995856630823e-09
FL-2017-000088-SDN,FL_2017_000088_SDN,6.095326e-09,2.0249203303320527e-05,770.0,6.103190936774193e-09
FL-2005-000100-KGZ,FL_2005_000100_KGZ,5.963569e-09,2.0543866282552527e-05,768.0,5.971283836998706e-09
FL-1997-000255-KEN,FL_1997_000255_KEN,5.961883e-09,1.304618230589145e-05,872.0,5.968681042189281e-09
FL-2002-000782-MKD,FL_2002_000782_MKD,5.9372933e-09,1.297861760541745e-05,873.0,5.9440555930523914e-09
FL-2019-000047-GEO,FL_2019_000047_GEO,5.856281e-09,0.0001420124618948,251.0,5.87915709765625e-09
FL-2006-000155-LKA,FL_2006_000155_LKA,5.492672e-09,6.053729787027652e-08,1208.0,5.49720017147568e-09
FL-2013-000095-PHL,FL_2013_000095_PHL,4.797542e-09,0.0022358497417544,2.0,5.482905142857142e-09
ST-2010-000085-CHN,ST_2010_000085_CHN,5.2148454e-09,2.326608051252828e-05,727.0,5.221969505737706e-09
FL-2015-000169-KEN,FL_2015_000169_KEN,5.0707425e-09,4.049360923436819e-05,570.0,5.079561182608696e-09
FL-2021-000019-PER,FL_2021_000019_PER,4.8871724e-09,3.553460549196406e-05,615.0,4.895054936129033e-09
FL-2017-000043-HTI,FL_2017_000043_HTI,4.7625472e-09,9.007999090367224e-06,941.0,4.767581605073995e-09
FL-2007-000231-BOL,FL_2007_000231_BOL,4.749923e-09,1.4166816902803087e-05,855.0,4.755446166279069e-09
FL-2022-000321-CAF,FL_2022_000321_CAF,4.6957593e-09,0.0001490222121411,241.0,4.7148477524390246e-09
FL-2008-000102-CIV,FL_2008_000102_CIV,4.663498e-09,0.0003191055983441,93.0,4.711084714285714e-09
FL-2011-000059-CHN,FL_2011_000059_CHN,4.66852e-09,7.208164875071891e-05,419.0,4.6795306603773585e-09
FL-2003-000647-TLS,FL_2003_000647_TLS,4.6028736e-09,0.0001323721717663,267.0,4.6197959294117645e-09
FL-1998-000251-SDN,FL_1998_000251_SDN,4.5041437e-09,1.3103898588741178e-05,869.0,4.509297182494279e-09
FL-2007-000011-ZMB,FL_2007_000011_ZMB,4.3018566e-09,0.0007828273775063,19.0,4.481100625e-09
FL-2010-000107-PHL,FL_2010_000107_PHL,4.4351705e-09,0.0001220878672783,282.0,4.450624055749129e-09
FL-2002-000296-PRY,FL_2002_000296_PRY,4.3521244e-09,0.0004915036896332,43.0,4.442793658333333e-09
FL-2010-000240-VEN,FL_2010_000240_VEN,4.2038906e-09,4.013773556380473e-06,1025.0,4.207972047184466e-09
FL-2016-000019-HTI,FL_2016_000019_HTI,4.1433417e-09,0.0002134683517442,160.0,4.168452861818182e-09
FL-2012-000128-SSD,FL_2012_000128_SSD,3.887583e-09,0.0010721518952296,10.0,4.1467552e-09
FL-2014-000014-SYC,FL_2014_000014_SYC,4.0686983e-09,6.236161351039591e-05,462.0,4.0774107160599565e-09
ST-2012-000064-COD,ST_2012_000064_COD,4.0620227e-09,1.5296201231920444e-05,838.0,4.066841232265718e-09
FF-2016-000034-YEM,FF_2016_000034_YEM,3.8397063e-09,0.0010212648625932,12.0,4.065571376470588e-09
FL-2013-000006-IDN,FL_2013_000006_IDN,3.9962864e-09,0.0003136829960436,98.0,4.035085297087379e-09
FL-2007-000220-SRB,FL_2007_000220_SRB,4.024845e-09,5.67636970462801e-06,1001.0,4.028845839960238e-09
FF-2006-000022-TLS,FF_2006_000022_TLS,3.992306e-09,0.000210765595551,162.0,4.016212023952096e-09
FL-2011-000137-VNM,FL_2011_000137_VNM,3.6755157e-09,0.001318494292727,7.0,3.9818086749999995e-09
FL-2016-000102-SEN,FL_2016_000102_SEN,3.97215e-09,2.140774761572304e-05,756.0,3.977369645203679e-09
FL-2006-000125-THA,FL_2006_000125_THA,3.9199035e-09,9.080816194907977e-06,940.0,3.924051546031746e-09
FL-2011-000032-THA,FL_2011_000032_THA,3.8314822e-09,9.081140926386209e-06,939.0,3.83554097351695e-09
FL-2013-000019-PER,FL_2013_000019_PER,3.7625587e-09,7.665244513163848e-06,953.0,3.766486214300627e-09
FL-1998-000080-ARG,FL_1998_000080_ARG,3.7090218e-09,2.4227716659921046e-06,1073.0,3.712462451020408e-09
FF-2021-000198-COG,FF_2021_000198_COG,3.6357808e-09,4.857382399358895e-05,531.0,3.6425639731343284e-09
FL-2010-000239-MNE,FL_2010_000239_MNE,3.6237775e-09,3.89219366589679e-05,578.0,3.629993241852487e-09
FL-2002-000376-RUS,FL_2002_000376_RUS,3.6017735e-09,2.788304134791569e-05,685.0,3.6069934615942027e-09
FL-2022-000217-BGD,FL_2022_000217_BGD,3.4799166e-09,1.1538876842329411e-06,1131.0,3.4829799068661966e-09
FL-2006-000130-KHM,FL_2006_000130_KHM,3.3841432e-09,6.470578076539106e-08,1207.0,3.386935397359736e-09
FL-2021-000005-IDN,FL_2021_000005_IDN,3.3293968e-09,0.0001589821385717,227.0,3.343747648275862e-09
FL-2006-000023-DZA,FL_2006_000023_DZA,3.3037624e-09,0.00026483947622,127.0,3.3287909030303033e-09
FL-2004-000063-PRK,FL_2004_000063_PRK,3.2995435e-09,5.404688973193352e-05,503.0,3.3060386643700784e-09
FL-2015-000071-GEO,FL_2015_000071_GEO,3.2915315e-09,0.000144995299316,247.0,3.304593132936508e-09
FL-2009-000267-SRB,FL_2009_000267_SRB,3.2929737e-09,1.2106875618903094e-05,886.0,3.2966695178451183e-09
FL-2020-000019-MDG,FL_2020_000019_MDG,3.2821226e-09,1.442910115854116e-05,853.0,3.2859479177156175e-09
FL-1997-000199-BEN,FL_1997_000199_BEN,3.2270733e-09,0.0001789618574156,198.0,3.242970212807882e-09
FF-2013-000091-SDN,FF_2013_000091_SDN,3.0316394e-09,5.182930647038316e-06,1011.0,3.034623297047244e-09
FL-2011-000198-PER,FL_2011_000198_PER,2.9859784e-09,2.3220170045991537e-05,729.0,2.9900464904632153e-09
FL-1998-000224-SVK,FL_1998_000224_SVK,2.9747786e-09,3.207836668800201e-05,643.0,2.979369307716049e-09
FF-2011-000143-SSD,FF_2011_000143_SSD,2.924392e-09,0.0004170064918982,59.0,2.970085625e-09
FL-2022-000362-LCA,FL_2022_000362_LCA,2.9413456e-09,9.307536146430123e-06,931.0,2.944488063247863e-09
FF-2020-000006-IRN,FF_2020_000006_IRN,2.9132163e-09,0.0001416912619788,253.0,2.9245078360465115e-09
FL-1999-000437-KHM,FL_1999_000437_KHM,2.8001517e-09,5.792106294142464e-06,994.0,2.802954654654655e-09
FL-2019-000108-MRT,FL_2019_000108_MRT,2.7747218e-09,0.0002280017383081,148.0,2.792857236601307e-09
FL-2010-000121-DOM,FL_2010_000121_DOM,2.7130143e-09,8.111715617495553e-05,385.0,2.719970746923077e-09
FL-2011-000190-AGO,FL_2011_000190_AGO,2.6965497e-09,0.0001077552885985,313.0,2.7050294160377362e-09
FL-1997-000144-CHN,FL_1997_000144_CHN,2.6805387e-09,6.090127961929453e-05,466.0,2.686229864968153e-09
FL-2011-000007-ZAF,FL_2011_000007_ZAF,2.5726958e-09,0.000743936001403,21.0,2.6716456384615388e-09
FL-2007-000158-TGO,FL_2007_000158_TGO,2.6606652e-09,0.0001423051314386,250.0,2.671099181176471e-09
FF-2009-000229-SOM,FF_2009_000229_SOM,2.6365266e-09,2.2705052864558234e-05,734.0,2.6400942949932344e-09
FL-1997-000164-BGD,FL_1997_000164_BGD,2.6309461e-09,3.18262912846656e-07,1179.0,2.6331681828547294e-09
FL-2007-000012-BOL,FL_2007_000012_BOL,2.6084008e-09,2.753896498055573e-05,688.0,2.612164726118326e-09
FL-2020-000038-EGY,FL_2020_000038_EGY,2.6063829e-09,6.32461498781444e-06,979.0,2.609031663109756e-09
FL-2015-000024-ARG,FL_2015_000024_ARG,2.6053473e-09,2.0817845010001503e-05,763.0,2.6087396792968746e-09
FL-2007-000106-IDN,FL_2007_000106_IDN,2.5063513e-09,0.0001797482679352,196.0,2.5188207094527367e-09
FL-2007-000189-NIC,FL_2007_000189_NIC,2.5056754e-09,0.0001200226329456,290.0,2.5141692149152542e-09
FL-2020-000125-TZA,FL_2020_000125_TZA,2.452318e-09,0.00023783139937,141.0,2.469114698630137e-09
FL-2020-000190-NER,FL_2020_000190_NER,2.440575e-09,1.7652505359341413e-05,804.0,2.443591779975278e-09
FL-2017-000174-ALB,FL_2017_000174_ALB,2.4108127e-09,1.315497495529142e-05,868.0,2.4135742265750285e-09
FF-2021-000189-BIH,FF_2021_000189_BIH,2.3776476e-09,4.459927641943886e-05,545.0,2.3819705956363633e-09
FL-2021-000209-MYS,FL_2021_000209_MYS,2.3709008e-09,1.9172286458180133e-05,787.0,2.3738943616161616e-09
FL-2022-000374-TTO,FL_2022_000374_TTO,2.3638687e-09,2.4197130956814656e-06,1074.0,2.366059495829472e-09
FL-2008-000035-PRY,FL_2008_000035_PRY,2.2929507e-09,0.0003957872738501,63.0,2.326670563235294e-09
FL-2018-000015-BOL,FL_2018_000015_BOL,2.3056375e-09,6.252222280980878e-05,459.0,2.310606546336207e-09
FL-2019-000048-TZA,FL_2019_000048_TZA,2.27033e-09,3.232212180725647e-05,641.0,2.2738444427244583e-09
FL-2006-000191-LKA,FL_2006_000191_LKA,2.1190505e-09,5.778995836884927e-06,995.0,2.1211695505e-09
FL-2003-000051-PER,FL_2003_000051_PER,2.0909892e-09,1.6914361583978163e-05,816.0,2.0935360808769795e-09
FL-2006-000092-KOR,FL_2006_000092_KOR,1.907395e-09,0.0002436675874193,138.0,1.9207334265734267e-09
FL-1998-000203-BGD,FL_1998_000203_BGD,1.7631642e-09,1.026298489798923e-06,1135.0,1.7647108352631577e-09
FL-2009-000032-SLB,FL_2009_000032_SLB,1.7387857e-09,3.497583328539699e-05,620.0,1.74156775712e-09
FL-2020-000175-GEO,FL_2020_000175_GEO,1.6655591e-09,0.0001697827709225,218.0,1.6730279748878924e-09
FL-2018-000134-IND,FL_2018_000134_IND,1.6617439e-09,3.745590971729699e-06,1032.0,1.6633463531340406e-09
FL-2017-000017-PAK,FL_2017_000017_PAK,1.6540195e-09,7.364644005019838e-05,410.0,1.6580050891566267e-09
FL-2005-000138-PNG,FL_2005_000138_PNG,1.609541e-09,1.529860837917972e-05,837.0,1.6114525688836103e-09
FL-2014-000155-HTI,FL_2014_000155_HTI,1.6036792e-09,0.0001033781296559,323.0,1.6085684658536583e-09
FL-2020-000052-COD,FL_2020_000052_COD,1.5973326e-09,1.9179487595806227e-05,786.0,1.5993519838179518e-09
FL-2022-000002-IRN,FL_2022_000002_IRN,1.5743634e-09,2.499068324083865e-05,712.0,1.5765591648535567e-09
FL-2005-000175-SDN,FL_2005_000175_SDN,1.5732563e-09,9.319121540230236e-07,1141.0,1.5746291239965099e-09
FL-2001-000146-AGO,FL_2001_000146_AGO,1.5245495e-09,3.814522543416385e-05,585.0,1.5271334822033898e-09
FL-2005-000169-FJI,FL_2005_000169_FJI,1.5080271e-09,2.528090699271647e-07,1185.0,1.5092943496638654e-09
FL-2022-000261-GEO,FL_2022_000261_GEO,1.4464934e-09,7.790455457384299e-05,397.0,1.4500916422885575e-09
FL-2007-000126-PRK,FL_2007_000126_PRK,1.4382088e-09,8.746811171702576e-05,362.0,1.4421276250681197e-09
FL-2012-000174-BEN,FL_2012_000174_BEN,1.4308191e-09,3.405199623473244e-05,631.0,1.4330688155660375e-09
FL-2001-000332-IND,FL_2001_000332_IND,1.4038312e-09,1.9211403835503533e-05,784.0,1.4056104537389101e-09
FL-2009-000217-IND,FL_2009_000217_IND,1.3503533e-09,0.0001064277420877,317.0,1.3545469437888198e-09
FL-2015-000064-IND,FL_2015_000064_IND,1.2937237e-09,0.0004723285839545,45.0,1.3195981740000002e-09
FL-2003-000571-DOM,FL_2003_000571_DOM,1.3095168e-09,4.562285602315822e-05,542.0,1.3119107978062158e-09
FL-2001-000227-RUS,FL_2001_000227_RUS,1.2733932e-09,8.517642452468243e-05,370.0,1.2767889152e-09
FL-2006-000001-IDN,FL_2006_000001_IDN,1.2550492e-09,0.0002899609171386,115.0,1.2655079433333334e-09
FL-2019-000163-UGA,FL_2019_000163_UGA,1.2258617e-09,0.0001084038594695,312.0,1.229728771608833e-09
FL-2009-000251-SAU,FL_2009_000251_SAU,1.201891e-09,0.0004423150122114,53.0,1.2226132586206896e-09
FL-2010-000036-CYP,FL_2010_000036_CYP,1.2214217e-09,2.175079427317959e-07,1190.0,1.222443810209205e-09
FL-2007-000093-SDN,FL_2007_000093_SDN,1.2015783e-09,3.088575321567178e-06,1052.0,1.2027150817407757e-09
FF-2020-000153-BIH,FF_2020_000153_BIH,1.1979326e-09,0.0001164391802299,295.0,1.2019257086666669e-09
FL-2001-000117-PER,FL_2001_000117_PER,1.1936819e-09,5.188294258132829e-05,516.0,1.195973036084453e-09
FL-2015-000085-VEN,FL_2015_000085_VEN,1.1826656e-09,1.3100234051298187e-05,870.0,1.1840172178285715e-09
FL-2011-000120-SDN,FL_2011_000120_SDN,1.1534881e-09,0.0001423914977634,249.0,1.1580293917322835e-09
FL-2008-000166-GTM,FL_2008_000166_GTM,1.1388608e-09,5.358187235143666e-05,507.0,1.1410851375e-09
FL-2002-000470-VNM,FL_2002_000470_VNM,1.0611316e-09,1.929726969649781e-05,782.0,1.0624799247776365e-09
FL-2009-000216-ITA,FL_2009_000216_ITA,1.0436854e-09,1.831847385377122e-05,798.0,1.0449851327521794e-09
FL-2021-000095-MMR,FL_2021_000095_MMR,1.0221014e-09,6.11740817053923e-05,465.0,1.0242760838297873e-09
FL-2010-000021-AFG,FL_2010_000021_AFG,1.0103587e-09,7.164789540912731e-05,422.0,1.0127248796252928e-09
FL-2000-000265-COL,FL_2000_000265_COL,9.842017e-10,1.7514045222734024e-05,807.0,9.854137710591134e-10
FL-2020-000029-TZA,FL_2020_000029_TZA,9.367243e-10,6.574941080463896e-05,445.0,9.388059095555554e-10
FF-2014-000009-TZA,FF_2014_000009_TZA,9.286735e-10,7.209152638062184e-05,418.0,9.308689456264775e-10
FL-2007-000086-PAN,FL_2007_000086_PAN,9.2315444e-10,4.2517422719145874e-05,557.0,9.247970635587189e-10
FF-2022-000309-SLE,FF_2022_000309_SLE,9.2224933e-10,8.062004804826194e-05,388.0,9.245960204071247e-10
FL-2019-000101-NER,FL_2019_000101_NER,9.116221e-10,0.0001702298786462,215.0,9.15765836818182e-10
FL-1999-000244-VNM,FL_1999_000244_VNM,9.0603564e-10,0.0001654161199071,221.0,9.100446472566371e-10
FF-2006-000046-KEN,FF_2006_000046_KEN,8.812312e-10,1.717452729207249e-05,813.0,8.823084997555012e-10
FL-2009-000101-PAN,FL_2009_000101_PAN,8.701539e-10,3.560329844144451e-05,613.0,8.715619160194175e-10
FL-2021-000043-YEM,FL_2021_000043_YEM,8.634823e-10,0.0001007086916669,329.0,8.660675763473054e-10
FL-2002-000265-KEN,FL_2002_000265_KEN,8.5791746e-10,0.0001297391325554,272.0,8.610146349458485e-10
FL-2002-000732-IDN,FL_2002_000732_IDN,8.5228646e-10,1.750971011403237e-05,808.0,8.533347828290283e-10
FL-2020-000164-IND,FL_2020_000164_IND,8.518421e-10,1.1267574468984214e-05,894.0,8.527896440489432e-10
FL-2010-000096-IDN,FL_2010_000096_IDN,8.435087e-10,3.113882134184383e-05,655.0,8.447867434848484e-10
FL-1998-000213-KGZ,FL_1998_000213_KGZ,8.066668e-10,3.282851096478576e-05,639.0,8.079193881987578e-10
FL-2011-000161-SOM,FL_2011_000161_SOM,7.926576e-10,0.0001813584899828,191.0,7.967017714285714e-10
FL-2004-000031-CHN,FL_2004_000031_CHN,7.9423645e-10,1.113374367642652e-05,897.0,7.951169782150778e-10
FL-2005-000110-BIH,FL_2005_000110_BIH,7.6487233e-10,2.583241423586964e-05,706.0,7.659480998030942e-10
FL-2007-000200-MEX,FL_2007_000200_MEX,7.38975e-10,0.0001727728502794,207.0,7.424607311320755e-10
FL-2014-000152-ETH,FL_2014_000152_ETH,7.3426437e-10,1.1482697164006508e-05,892.0,7.350829478929767e-10
ST-1998-000296-PHL,ST_1998_000296_PHL,7.133971e-10,0.0004182841853573,58.0,7.247208634920635e-10
FL-2022-000190-TUN,FL_2022_000190_TUN,7.2271955e-10,6.778096796913995e-05,436.0,7.243583698412698e-10
LS-2015-000135-LKA,LS_2015_000135_LKA,7.1669853e-10,2.63315277862902e-06,1064.0,7.173689682881198e-10
FL-2009-000132-GHA,FL_2009_000132_GHA,6.9901857e-10,1.5250190915309018e-05,840.0,6.998458109112425e-10
FL-1998-000329-BEN,FL_1998_000329_BEN,6.943839e-10,3.1996199482346464e-05,644.0,6.954538289676426e-10
FL-2014-000006-PHL,FL_2014_000006_PHL,6.831571e-10,0.0001725467851114,209.0,6.863494228971963e-10
FL-2013-000023-ZMB,FL_2013_000023_ZMB,6.7716166e-10,3.134752074631818e-05,649.0,6.78197075382263e-10
FL-2009-000031-DOM,FL_2009_000031_DOM,6.647047e-10,4.083281785699239e-05,569.0,6.658627221254357e-10
FL-2009-000007-ZWE,FL_2009_000007_ZWE,6.4492967e-10,5.6847744623083855e-05,489.0,6.462351956477733e-10
FL-1999-000160-PER,FL_1999_000160_PER,6.3564654e-10,0.0003070323073898,106.0,6.413730854054053e-10
FL-2013-000104-MLI,FL_2013_000104_MLI,6.368461e-10,0.0001563387929012,230.0,6.395560834042553e-10
FF-2008-000227-ETH,FF_2008_000227_ETH,6.216981e-10,0.0001682381934997,219.0,6.244735379464287e-10
FL-2021-000091-PHL,FL_2021_000091_PHL,6.22445e-10,4.753657075868496e-05,537.0,6.235934225092251e-10
FL-2004-000094-CHN,FL_2004_000094_CHN,6.100211e-10,0.0005185991445789,42.0,6.230002723404254e-10
FL-2011-000091-BEN,FL_2011_000091_BEN,5.831608e-10,6.0341945975342246e-05,472.0,5.843833593291405e-10
FL-2007-000139-KEN,FL_2007_000139_KEN,5.631215e-10,9.099182267874244e-05,350.0,5.647077577464788e-10
FL-2021-000123-CAF,FL_2021_000123_CAF,5.456901e-10,0.0001493420769872,238.0,5.47935738271605e-10
FL-1999-000548-YEM,FL_1999_000548_YEM,5.371929e-10,0.0001479395452858,243.0,5.393590004032258e-10
FL-2013-000038-KEN,FL_2013_000038_KEN,5.351388e-10,4.2241675624606335e-05,560.0,5.360859483185841e-10
FL-2012-000039-CHL,FL_2012_000039_CHL,5.3270294e-10,9.23759766200662e-06,934.0,5.332702487752929e-10
FL-2008-000086-MEX,FL_2008_000086_MEX,5.041802e-10,1.4706336720530549e-05,849.0,5.047705749414519e-10
FL-2002-000755-CRI,FL_2002_000755_CRI,5.0138416e-10,7.696552244895362e-06,951.0,5.0190862041841e-10
FL-2009-000176-MLI,FL_2009_000176_MLI,4.9612886e-10,7.2779519837608e-05,416.0,4.973073133491687e-10
FL-2008-000031-PER,FL_2008_000031_PER,4.9390597e-10,9.515901549892405e-05,342.0,4.953293301440923e-10
FL-2011-000135-THA,FL_2011_000135_THA,4.748484e-10,2.0627710030866975e-05,765.0,4.754650862337662e-10
FL-1991-000010-PHL,FL_1991_000010_PHL,4.7208565e-10,0.0002348608537257,144.0,4.752540100671142e-10
FL-2003-000227-CHN,FL_2003_000227_CHN,4.714916e-10,8.914509516417354e-05,358.0,4.727904749311294e-10
FL-2014-000154-IDN,FL_2014_000154_IDN,4.604051e-10,0.0002455117797465,136.0,4.636703843971631e-10
FL-2009-000165-CHL,FL_2009_000165_CHL,4.5710968e-10,1.5255244035315271e-05,839.0,4.5765127914691946e-10
FL-2009-000087-VUT,FL_2009_000087_VUT,4.5212697e-10,0.0002693504109659,123.0,4.55659211953125e-10
FL-2001-000521-TCD,FL_2001_000521_TCD,4.477728e-10,3.3894807052644468e-06,1045.0,4.481992502857143e-10
FL-2015-000011-PER,FL_2015_000011_PER,4.4143372e-10,0.0003324113183552,85.0,4.4633853911111114e-10
FL-2006-000171-HTI,FL_2006_000171_HTI,4.383948e-10,5.903533608230947e-05,478.0,4.39302449689441e-10
FL-2017-000014-PER,FL_2017_000014_PER,4.3141668e-10,5.849130081612438e-05,480.0,4.32306198927835e-10
FL-1999-000651-CHN,FL_1999_000651_CHN,4.2302845e-10,3.8292045331101935e-05,579.0,4.237528137842466e-10
FL-2006-000169-SOM,FL_2006_000169_SOM,4.0710427e-10,6.779792197085542e-05,435.0,4.0802950697727274e-10
FL-2013-000004-KEN,FL_2013_000004_KEN,3.895724e-10,9.661554723038105e-06,922.0,3.8999265070118667e-10
FF-2021-000090-SDN,FF_2021_000090_SDN,3.8236844e-10,2.142169088343732e-06,1087.0,3.827185942490843e-10
FL-2010-000136-YEM,FL_2010_000136_YEM,3.7021028e-10,0.0002484500699348,133.0,3.728929631884058e-10
FL-2000-000038-PHL,FL_2000_000038_PHL,3.600602e-10,0.000160575258648,225.0,3.6162567913043477e-10
FL-2019-000015-PER,FL_2019_000015_PER,3.501109e-10,1.2173381767272175e-05,884.0,3.505047255343082e-10
FL-2010-000003-KEN,FL_2010_000003_KEN,3.4342457e-10,0.0002040166000812,169.0,3.4539827442528735e-10
FL-2010-000195-MLI,FL_2010_000195_MLI,3.3187925e-10,2.056215920344808e-06,1090.0,3.3218233607305937e-10
FL-2001-000180-IRN,FL_2001_000180_IRN,3.2388936e-10,0.0001022913270505,324.0,3.248738261398177e-10
FL-2016-000130-VCT,FL_2016_000130_VCT,3.068193e-10,6.583802618055031e-05,444.0,3.075026391982183e-10
FL-2012-000210-MWI,FL_2012_000210_MWI,3.0074715e-10,8.658174332115921e-05,363.0,3.015643976902174e-10
FL-2009-000198-BEN,FL_2009_000198_BEN,2.9127445e-10,0.0006309807507954,29.0,2.9984134558823524e-10
FL-2004-000023-CRI,FL_2004_000023_CRI,2.9250044e-10,3.191511034136317e-06,1048.0,2.9277821819563156e-10
FL-2016-000124-COD,FL_2016_000124_COD,2.862032e-10,3.1218055030889545e-05,652.0,2.866388213089802e-10
FF-2019-000054-YEM,FF_2019_000054_YEM,2.7554073e-10,2.3471680840370043e-05,724.0,2.7591870082304524e-10
FL-2018-000165-CRI,FL_2018_000165_CRI,2.7269095e-10,6.0678175712209306e-05,467.0,2.732686850635594e-10
FL-2021-000153-UGA,FL_2021_000153_UGA,2.6276978e-10,5.911400089504991e-06,990.0,2.630338702311558e-10
FL-2007-000022-ARG,FL_2007_000022_ARG,2.558531e-10,6.014219212439872e-06,986.0,2.561112766902119e-10
FL-2020-000193-SSD,FL_2020_000193_SSD,2.5219513e-10,0.0001921142844714,181.0,2.535510177956989e-10
FL-1999-000371-IND,FL_1999_000371_IND,2.479291e-10,3.2864160842640275e-05,638.0,2.483146818040436e-10
FL-2007-000221-KEN,FL_2007_000221_KEN,2.4358945e-10,5.874470558697608e-06,991.0,2.4383401772088357e-10
FL-2019-000064-SDN,FL_2019_000064_SDN,2.3164633e-10,1.076193443826518e-06,1134.0,2.318497069359087e-10
FL-2015-000164-COD,FL_2015_000164_COD,2.2370074e-10,0.0006415888859994,27.0,2.30691388125e-10
FL-2008-000205-IDN,FL_2008_000205_IDN,2.2702332e-10,4.9504602867133045e-05,528.0,2.2744925493433397e-10
FF-2008-000233-PHL,FF_2008_000233_PHL,2.2254022e-10,0.0001418207427608,252.0,2.2340613525291828e-10
FF-2008-000199-LKA,FF_2008_000199_LKA,2.2150722e-10,3.7900583151574745e-06,1030.0,2.2172123663768116e-10
FF-2009-000196-IDN,FF_2009_000196_IDN,2.1914741e-10,5.706892840398688e-05,486.0,2.1959373873727088e-10
FL-2015-000161-ETH,FL_2015_000161_ETH,2.0774579e-10,0.0004139022348523,61.0,2.1089345348484848e-10
FL-2006-000041-SRB,FL_2006_000041_SRB,1.9991318e-10,6.972808585595117e-06,960.0,2.0012034391709845e-10
FL-2013-000157-BRA,FL_2013_000157_BRA,1.9076692e-10,0.0008528082782235,16.0,1.9985105904761907e-10
FF-2019-000029-IDN,FF_2019_000029_IDN,1.9582376e-10,0.0004535971347549,50.0,1.9938419199999998e-10
FL-2017-000095-GHA,FL_2017_000095_GHA,1.883983e-10,2.8030634351487525e-05,682.0,1.8867253333333333e-10
FL-2001-000450-THA,FL_2001_000450_THA,1.8671417e-10,2.883803421401744e-05,672.0,1.869899664106352e-10
FF-2006-000039-YEM,FF_2006_000039_YEM,1.795077e-10,5.448279187961666e-05,498.0,1.7986457415506956e-10
FL-2006-000086-CHL,FL_2006_000086_CHL,1.704654e-10,9.67388703397513e-08,1203.0,1.7060651374172183e-10
FL-2022-000378-BIH,FL_2022_000378_BIH,1.6983996e-10,1.2179267657497636e-05,883.0,1.7003122121621623e-10
FF-2009-000069-IDN,FF_2009_000069_IDN,1.6559008e-10,0.0001881271910635,185.0,1.664616067368421e-10
FL-2010-000242-AGO,FL_2010_000242_AGO,1.6442846e-10,0.000115781132261,296.0,1.6497473395348836e-10
FL-2012-000151-TCD,FL_2012_000151_TCD,1.599762e-10,2.741713931503261e-05,692.0,1.6020572109038738e-10
FL-2015-000113-PRK,FL_2015_000113_PRK,1.547574e-10,1.399254171338062e-06,1122.0,1.5489471801242236e-10
FF-2020-000140-IDN,FF_2020_000140_IDN,1.5244493e-10,6.457923810333881e-05,452.0,1.527785075273523e-10
FL-2008-000032-KAZ,FL_2008_000032_KAZ,1.5174748e-10,7.225104199805526e-05,417.0,1.5210707118483416e-10
FL-1997-000142-CZE,FL_1997_000142_CZE,1.4701959e-10,2.8170707138538084e-06,1058.0,1.4715789629350895e-10
FL-2012-000164-CAF,FL_2012_000164_CAF,1.4584577e-10,0.0001796176112976,197.0,1.4656777876237622e-10
FL-2018-000164-HND,FL_2018_000164_HND,1.4613784e-10,1.3697011089978771e-05,862.0,1.4630639575547864e-10
FL-2021-000126-MYS,FL_2021_000126_MYS,1.356124e-10,4.909026984586068e-05,530.0,1.3586588112149532e-10
FL-2002-000614-LAO,FL_2002_000614_LAO,1.2854068e-10,3.923132269108845e-05,577.0,1.2876154027491408e-10
FL-2019-000084-IND,FL_2019_000084_IND,1.2549978e-10,0.000305761746311,109.0,1.266006552631579e-10
FF-2013-000100-RUS,FF_2013_000100_RUS,1.2420824e-10,3.956396715641936e-05,576.0,1.2442202354561103e-10
FL-2010-000062-COD,FL_2010_000062_COD,1.2364709e-10,5.663388620027141e-06,1002.0,1.2376987757696127e-10
FL-2015-000088-IRN,FL_2015_000088_IRN,1.230718e-10,5.984462117819335e-06,989.0,1.2319561468812877e-10
FF-2020-000055-SOM,FF_2020_000055_SOM,1.2091028e-10,0.0003431530855391,79.0,1.2234968809523808e-10
FL-2012-000153-IDN,FL_2012_000153_IDN,1.2066982e-10,0.0001104841387937,305.0,1.2105907748387098e-10
FL-2022-000201-ZAF,FL_2022_000201_ZAF,1.1323572e-10,9.45426217684375e-06,926.0,1.1335734805585393e-10
FF-2007-000100-MLI,FF_2007_000100_MLI,1.1219915e-10,0.0001746606251627,204.0,1.127359880382775e-10
FL-2012-000042-COL,FL_2012_000042_COL,1.108607e-10,3.659764627409698e-06,1035.0,1.1096729682692307e-10
FL-2016-000097-PRK,FL_2016_000097_PRK,1.08354485e-10,0.0003521429432289,75.0,1.0970891606249999e-10
FL-2022-000158-HTI,FL_2022_000158_HTI,1.08598366e-10,5.279178738152879e-05,513.0,1.0880801535521238e-10
FL-2018-000014-ARG,FL_2018_000014_ARG,1.0685498e-10,6.00149389499571e-06,987.0,1.0696269671370967e-10
FL-2006-000115-HTI,FL_2006_000115_HTI,1.0558318e-10,0.0003375397262079,82.0,1.0679677977011495e-10
FF-2012-000062-KEN,FF_2012_000062_KEN,1.060362e-10,6.589618405925832e-05,443.0,1.0627288794642856e-10
FL-1991-000009-VNM,FL_1991_000009_VNM,1.0463578e-10,8.846590239642038e-05,360.0,1.0492245336986302e-10
FL-2016-000089-SEN,FL_2016_000089_SEN,1.0444423e-10,4.306665644540119e-07,1169.0,1.0453319442078365e-10
FL-2001-000236-URY,FL_2001_000236_URY,1.0423465e-10,1.6657675176301652e-06,1110.0,1.043281339910314e-10
FL-2005-000070-YEM,FL_2005_000070_YEM,1.03835274e-10,2.351489656341351e-05,723.0,1.0397790487087912e-10
FL-2011-000180-PAN,FL_2011_000180_PAN,1.03000726e-10,1.0035805301798491e-06,1138.0,1.0309084037095363e-10
FL-2017-000057-LKA,FL_2017_000057_LKA,9.952932e-11,6.113956728884189e-06,984.0,9.962995631951465e-11
FL-2022-000328-HND,FL_2022_000328_HND,9.8009635e-11,6.320580548538338e-05,455.0,9.822269942391305e-11
FL-2007-000222-MYS,FL_2007_000222_MYS,9.768619e-11,1.5496771942761956e-05,833.0,9.780276063245823e-11
FL-1999-000161-LKA,FL_1999_000161_LKA,9.767197e-11,1.2245525178587037e-06,1127.0,9.77582526590106e-11
FL-2003-000482-MEX,FL_2003_000482_MEX,9.6721305e-11,0.0001147355536454,300.0,9.703842403278688e-11
FL-2007-000025-FJI,FL_2007_000025_FJI,9.636299e-11,3.062064991616656e-05,661.0,9.650767917417416e-11
FL-2019-000131-CIV,FL_2019_000131_CIV,9.489517e-11,0.0002295035465497,147.0,9.551948032894736e-11
FL-2015-000053-CAF,FL_2015_000053_CAF,9.3700055e-11,0.0003079184357917,104.0,9.455968853211008e-11
FL-2003-000481-HND,FL_2003_000481_HND,9.375477e-11,6.872891016427127e-06,961.0,9.385182462732919e-11
FF-2009-000201-PHL,FF_2009_000201_PHL,9.209066e-11,0.0003157719990009,96.0,9.300244871287129e-11
FF-2019-000018-AFG,FF_2019_000018_AFG,9.164359e-11,2.8801050666109516e-05,673.0,9.177875753687315e-11
FL-1994-000007-VNM,FL_1994_000007_VNM,9.0686396e-11,9.412413546742396e-05,344.0,9.094624240687679e-11
FL-2003-000316-IND,FL_2003_000316_IND,8.629777e-11,2.17733777021229e-05,748.0,8.641237527224436e-11
FL-2011-000102-BRA,FL_2011_000102_BRA,8.526044e-11,5.0038697532800845e-05,524.0,8.542161285444234e-11
FL-2015-000080-MMR,FL_2015_000080_MMR,8.419699e-11,0.0001973667556311,176.0,8.46621667403315e-11
FL-2007-000154-MEX,FL_2007_000154_MEX,8.341872e-11,1.9660656982142183e-05,776.0,8.352553014084506e-11
FF-2011-000071-GEO,FF_2011_000071_GEO,8.3204645e-11,3.429504553046808e-05,628.0,8.333608993680884e-11
FL-1999-000265-TCD,FL_1999_000265_TCD,8.156089e-11,1.5009152308904448e-05,842.0,8.16571838488784e-11
FL-2020-000128-KEN,FL_2020_000128_KEN,8.0152995e-11,6.557497121001994e-05,446.0,8.0330717827051e-11
FL-2003-000624-HTI,FL_2003_000624_HTI,7.031696e-11,0.0005565933298602,36.0,7.203200780487805e-11
FL-2005-000129-SDN,FL_2005_000129_SDN,6.9633854e-11,5.701385717439507e-06,1000.0,6.970314141691542e-11
FL-2007-000088-ECU,FL_2007_000088_ECU,6.3210374e-11,6.637570181476894e-06,973.0,6.327500628425357e-11
FL-2021-000152-GEO,FL_2021_000152_GEO,6.2533784e-11,7.561683135375334e-05,408.0,6.268519752058112e-11
FL-2007-000197-COD,FL_2007_000197_COD,5.835427e-11,2.749414597853873e-05,689.0,5.843835396253601e-11
FL-2002-000479-CZE,FL_2002_000479_CZE,5.783873e-11,1.878365052872672e-06,1100.0,5.7891072742081446e-11
FF-2020-000138-TJK,FF_2020_000138_TJK,5.7018827e-11,7.568910785338264e-05,407.0,5.7157222211165056e-11
FL-2010-000015-PSE,FL_2010_000015_PSE,5.6671463e-11,7.594820398356052e-05,405.0,5.68096860804878e-11
FL-2010-000153-PRK,FL_2010_000153_PRK,5.6213763e-11,0.0001348079504001,262.0,5.642430143820225e-11
FL-2022-000348-CRI,FL_2022_000348_CRI,5.605934e-11,9.461433015529816e-06,925.0,5.611961886021505e-11
FL-1997-000270-ETH,FL_1997_000270_ETH,5.5857895e-11,1.2043121534564296e-05,887.0,5.592051595852018e-11
FF-2018-000030-KEN,FF_2018_000030_KEN,5.4291915e-11,0.0005855525336788,32.0,5.5759264054054054e-11
FL-2014-000073-RUS,FL_2014_000073_RUS,5.5386282e-11,4.0326821550678175e-05,571.0,5.548243873958334e-11
FF-2004-000060-VNM,FF_2004_000060_VNM,5.5110912e-11,2.0037732769927413e-05,772.0,5.518183981467181e-11
FL-2011-000164-CAF,FL_2011_000164_CAF,5.4360943e-11,9.717855352759894e-05,337.0,5.4519893125731e-11
FL-2014-000054-TJK,FL_2014_000054_TJK,5.440596e-11,5.420261064066692e-05,502.0,5.4513269585798816e-11
FL-2021-000135-GIN,FL_2021_000135_GIN,5.1440987e-11,1.3853836030962305e-05,858.0,5.150059416917729e-11
FL-2011-000196-IDN,FL_2011_000196_IDN,5.1189736e-11,5.469769637611813e-05,495.0,5.1292115472e-11
FL-1999-000229-TJK,FL_1999_000229_TJK,5.0128592e-11,3.515674259623662e-05,618.0,5.0209055229534514e-11
FL-2016-000072-SDN,FL_2016_000072_SDN,4.9862336e-11,1.1900043397990925e-05,888.0,4.991817288241881e-11
FL-2016-000042-KEN,FL_2016_000042_KEN,4.8609318e-11,0.0003362229893485,83.0,4.916169661363637e-11
FL-2006-000070-IND,FL_2006_000070_IND,4.806095e-11,6.261103892752055e-05,457.0,4.8164978030303034e-11
FL-2008-000089-IND,FL_2008_000089_IND,4.649593e-11,0.0001357154308236,260.0,4.667138633962264e-11
FL-2006-000172-COG,FL_2006_000172_COG,4.6572583e-11,2.6880812285566385e-05,696.0,4.663902035092724e-11
FL-1997-000140-AZE,FL_1997_000140_AZE,4.544368e-11,3.32274051564166e-05,636.0,4.551457497659906e-11
FL-2011-000156-HTI,FL_2011_000156_HTI,4.3708932e-11,4.430130194002433e-05,552.0,4.37874040502693e-11
FL-2002-000263-CRI,FL_2002_000263_CRI,4.3537358e-11,1.9913226019040726e-06,1097.0,4.357686558439201e-11
FF-2015-000115-MKD,FF_2015_000115_MKD,4.2847646e-11,7.91522124988549e-06,949.0,4.289255967505241e-11
FL-2015-000006-MWI,FL_2015_000006_MWI,4.283311e-11,1.7436535121749074e-05,810.0,4.2885665963190184e-11
FL-2003-000037-MDG,FL_2003_000037_MDG,4.2095636e-11,0.0002050532858503,166.0,4.234180930994152e-11
FL-2006-000050-ARG,FL_2006_000050_ARG,4.216158e-11,3.822683111746022e-05,581.0,4.2233528088737196e-11
FL-2006-000106-MRT,FL_2006_000106_MRT,4.204759e-11,0.0001096604993838,309.0,4.2181499522292995e-11
FL-2011-000005-HND,FL_2011_000005_HND,4.099113e-11,2.892087113833821e-08,1215.0,4.102472928688524e-11
FL-2005-000150-NGA,FL_2005_000150_NGA,4.0479082e-11,0.0001488420978202,242.0,4.064296492307692e-11
FL-2007-000176-CRI,FL_2007_000176_CRI,4.0241067e-11,5.757177032116749e-06,997.0,4.028122774550897e-11
FL-2020-000132-UGA,FL_2020_000132_UGA,3.956656e-11,1.046003419345979e-05,908.0,3.9609896867469876e-11
FL-2005-000051-AGO,FL_2005_000051_AGO,3.8596463e-11,0.0002049527923294,167.0,3.8820861040697675e-11
FL-2013-000070-IND,FL_2013_000070_IND,3.8357078e-11,2.796458682690593e-05,683.0,3.841282956686046e-11
FL-2008-000074-BFA,FL_2008_000074_BFA,3.7967785e-11,9.610613311900152e-05,339.0,3.807815646802326e-11
FL-2015-000153-IRQ,FL_2015_000153_IRQ,3.6952642e-11,0.0006366760308988,28.0,3.807241903030303e-11
FL-2021-000001-MYS,FL_2021_000001_MYS,3.67375e-11,7.611074732812863e-07,1154.0,3.676919758412425e-11
FL-2019-000171-LKA,FL_2019_000171_LKA,3.654163e-11,6.656028486125051e-06,972.0,3.657903187308086e-11
FL-2010-000139-SDN,FL_2010_000139_SDN,3.287787e-11,2.1521451914433358e-05,751.0,3.2921359246031745e-11
FL-2006-000009-GUY,FL_2006_000009_GUY,3.1972633e-11,1.5693044078347374e-05,830.0,3.2010923578443115e-11
FL-2015-000093-GUY,FL_2015_000093_GUY,3.194495e-11,1.972754273659355e-05,775.0,3.198590506410257e-11
FL-2007-000227-ZWE,FL_2007_000227_ZWE,2.9326097e-11,0.0002029160425747,171.0,2.949272255113636e-11
FL-2001-000571-PRK,FL_2001_000571_PRK,2.920429e-11,3.818743318292345e-05,583.0,2.925395715986395e-11
FL-2015-000123-NER,FL_2015_000123_NER,2.809437e-11,0.0006568222493809,26.0,2.9000639999999998e-11
FL-2015-000079-CRI,FL_2015_000079_CRI,2.7596453e-11,9.806174602123632e-05,332.0,2.7678341584569735e-11
FF-2020-000158-SRB,FF_2020_000158_SRB,2.6807338e-11,3.5036316805934084e-06,1040.0,2.6832990955023922e-11
FL-1993-000013-PHL,FL_1993_000013_PHL,2.2916079e-11,5.221271606626188e-05,515.0,2.2960148382692305e-11
FL-2011-000002-BRA,FL_2011_000002_BRA,2.0677193e-11,0.0003049469693672,110.0,2.085699467826087e-11
FL-2009-000178-GIN,FL_2009_000178_GIN,2.038217e-11,1.5036761833470705e-06,1117.0,2.0400335926916223e-11
FL-2021-000066-GUY,FL_2021_000066_GUY,2.0198855e-11,5.125282384238646e-05,521.0,2.0237255865019012e-11
FL-2009-000124-VNM,FL_2009_000124_VNM,2.0023955e-11,1.3850912739613133e-05,859.0,2.0047130873842594e-11
FL-2011-000096-PRK,FL_2011_000096_PRK,1.9999844e-11,1.4056205357311302e-05,856.0,2.002307262253194e-11
FL-2002-000482-RUS,FL_2002_000482_RUS,1.9159247e-11,0.0003401149981399,81.0,1.9382028941860464e-11
FL-2015-000055-TJK,FL_2015_000055_TJK,1.9265105e-11,2.2619425741996106e-05,736.0,1.9291103792172738e-11
FL-2004-000116-CAF,FL_2004_000116_CAF,1.8416565e-11,9.702244180096272e-05,338.0,1.847025760932945e-11
FL-2012-000129-SDN,FL_2012_000129_SDN,1.7049967e-11,1.368511575483367e-05,863.0,1.7069609819124422e-11
FL-2000-000191-HUN,FL_2000_000191_HUN,1.6688732e-11,1.6280877782047477e-05,824.0,1.670886316043426e-11
FL-2008-000051-LKA,FL_2008_000051_LKA,1.6437657e-11,4.248017806084308e-09,1219.0,1.6451086458333335e-11
FL-2015-000068-BGD,FL_2015_000068_BGD,1.6211628e-11,7.407413321266961e-06,954.0,1.622853272158499e-11
FL-2019-000138-KEN,FL_2019_000138_KEN,1.600182e-11,0.0002170979997376,158.0,1.6099990674846626e-11
FL-2012-000054-HTI,FL_2012_000054_HTI,1.4875374e-11,0.0003163463767471,94.0,1.5025630303030305e-11
FL-2006-000192-IDN,FL_2006_000192_IDN,1.4618647e-11,0.0001707806083089,214.0,1.4685398812785388e-11
FL-2006-000030-SRB,FL_2006_000030_SRB,1.42694875e-11,3.1304951022579e-05,651.0,1.4291239767530487e-11
FF-2009-000246-LKA,FF_2009_000246_LKA,1.3678859e-11,1.4982996263693131e-05,843.0,1.369498972995283e-11
FL-2020-000210-VNM,FL_2020_000210_VNM,1.3096322e-11,5.688604789250927e-05,487.0,1.3122940540650405e-11
FL-2011-000042-COL,FL_2011_000042_COL,1.2889307e-11,2.914284116219901e-07,1181.0,1.2900174881112985e-11
FL-2013-000116-NGA,FL_2013_000116_NGA,1.2336355e-11,2.426142151751072e-05,720.0,1.2353370662068966e-11
FL-2019-000098-CAF,FL_2019_000098_CAF,1.1817243e-11,8.538812441093132e-05,369.0,1.1848839906417113e-11
FL-2011-000122-NER,FL_2011_000122_NER,1.1194924e-11,0.000188199368565,184.0,1.1254156402116403e-11
FL-2013-000055-UGA,FL_2013_000055_UGA,1.0894467e-11,2.207580456668166e-05,744.0,1.0909012349799733e-11
FL-2011-000043-VCT,FL_2011_000043_VCT,1.0494982e-11,1.6762335101024335e-06,1108.0,1.050441145372866e-11
FL-2022-000135-ZMB,FL_2022_000135_ZMB,1.0342704e-11,5.573642260098229e-05,492.0,1.0363514269617706e-11
FL-2000-000375-CHL,FL_2000_000375_CHL,1.014957e-11,8.992237124618861e-05,354.0,1.0177841782729805e-11
FL-2016-000091-NER,FL_2016_000091_NER,9.619501e-12,0.000911647632018,14.0,1.0125790526315788e-11
FL-2006-000120-BFA,FL_2006_000120_BFA,1.0067743e-11,5.304227587049152e-05,512.0,1.0087216390715666e-11
FL-2005-000098-BGR,FL_2005_000098_BGR,9.890877e-12,5.038977443053093e-06,1013.0,9.9005929891945e-12
FL-2012-000068-DOM,FL_2012_000068_DOM,9.565381e-12,2.742982323962274e-05,691.0,9.579124363505747e-12
FL-2002-000475-TJK,FL_2002_000475_TJK,9.416357e-12,2.334093620425167e-05,726.0,9.429238473324214e-12
FF-2012-000101-GAB,FF_2012_000101_GAB,8.947403e-12,0.0002195916754243,155.0,9.003324268750001e-12
FL-2000-000806-FJI,FL_2000_000806_FJI,8.814112e-12,1.2184917888530907e-08,1218.0,8.821318959934587e-12
FL-2018-000425-LKA,FL_2018_000425_LKA,7.524874e-12,1.853850905221002e-07,1196.0,7.531139507077436e-12
FL-2000-000735-VEN,FL_2000_000735_VEN,7.463394e-12,1.3212652978357256e-05,867.0,7.471952938073394e-12
FL-2008-000234-BRA,FL_2008_000234_BRA,7.08734e-12,9.83631671710916e-05,331.0,7.108433273809524e-12
FL-2000-000438-KHM,FL_2000_000438_KHM,7.0473614e-12,2.3982677046042773e-06,1076.0,7.053880698242368e-12
FL-1997-000207-SYC,FL_1997_000207_SYC,6.7912013e-12,0.000165490382673,220.0,6.82138441688889e-12
FL-2001-000485-KHM,FL_2001_000485_KHM,6.0239283e-12,8.710230187508234e-07,1147.0,6.0291574044270834e-12
FL-2021-000110-YEM,FL_2021_000110_YEM,5.779419e-12,2.756164531784661e-05,687.0,5.787770761560693e-12
FL-2009-000187-CIV,FL_2009_000187_CIV,5.6784937e-12,2.818944518082151e-05,681.0,5.68677138760933e-12
FL-2002-000322-CHL,FL_2002_000322_CHL,5.38983e-12,4.601852206866425e-06,1019.0,5.395093505859375e-12
FL-2016-000061-RUS,FL_2016_000061_RUS,5.2946436e-12,0.0003263182527456,89.0,5.350969595744681e-12
FF-2016-000079-MKD,FF_2016_000079_MKD,5.10827e-12,9.14594706130026e-06,936.0,5.113698554729011e-12
FF-2020-000168-MNG,FF_2020_000168_MNG,5.028311e-12,5.629751801142079e-05,491.0,5.0384487237903225e-12
FL-2022-000265-YEM,FL_2022_000265_YEM,4.9442585e-12,5.151538120353248e-05,520.0,4.953676135238095e-12
FL-2004-000020-KEN,FL_2004_000020_KEN,4.4603795e-12,4.1073741556291136e-05,568.0,4.468163757417103e-12
FL-2014-000123-SSD,FL_2014_000123_SSD,4.0491456e-12,0.0005273388114923,40.0,4.1391266133333336e-12
FF-2013-000113-ROM,FF_2013_000113_ROM,3.67676e-12,3.611973205347324e-06,1036.0,3.680291950048031e-12
FL-2018-000004-COD,FL_2018_000004_COD,3.1938215e-12,9.114294221984496e-06,938.0,3.197208373276776e-12
FL-2017-000053-THA,FL_2017_000053_THA,3.0783035e-12,1.2917781448212912e-05,875.0,3.081801572159091e-12
FL-2018-000154-GHA,FL_2018_000154_GHA,2.9964273e-12,2.5411670678030986e-06,1069.0,2.999217269553073e-12
FL-2009-000177-GMB,FL_2009_000177_GMB,2.8873392e-12,4.3860242998122726e-07,1168.0,2.8898006997442454e-12
FL-2010-000089-AZE,FL_2010_000089_AZE,2.7912002e-12,2.4976761847779703e-05,713.0,2.79508766545961e-12
FL-2020-000154-CIV,FL_2020_000154_CIV,2.6887778e-12,1.0673422446332624e-05,904.0,2.6917357513751377e-12
FL-2023-000001-COG,FL_2023_000001_COG,2.4440792e-12,2.90071077230702e-06,1056.0,2.4463827619227143e-12
FL-1997-000143-POL,FL_1997_000143_POL,2.1982227e-12,8.435491410950898e-07,1149.0,2.200127572357019e-12
FL-2002-000607-ALB,FL_2002_000607_ALB,2.1855232e-12,8.383288943315472e-06,944.0,2.1878261749209693e-12
FL-2013-000074-HTI,FL_2013_000074_HTI,2.1272183e-12,5.165487615660103e-05,519.0,2.131277876908397e-12
FL-2008-000079-LKA,FL_2008_000079_LKA,2.077722e-12,3.767597125142259e-05,593.0,2.081196451505017e-12
FL-2000-000617-BGD,FL_2000_000617_BGD,1.967958e-12,2.684363755464575e-07,1182.0,1.9696159258635215e-12
FL-2015-000081-PHL,FL_2015_000081_PHL,1.912964e-12,0.0002029349117678,170.0,1.923895222857143e-12
FL-2007-000149-CMR,FL_2007_000149_CMR,1.8157385e-12,8.971191468051371e-05,355.0,1.8207822180555557e-12
FL-2010-000092-LKA,FL_2010_000092_LKA,1.8170589e-12,1.7073445175290343e-05,815.0,1.819274825487805e-12
FL-2005-000063-SRB,FL_2005_000063_SRB,1.803978e-12,9.18217082844105e-05,348.0,1.809088419263456e-12
FL-2019-000104-THA,FL_2019_000104_THA,1.7691586e-12,3.7753516829536256e-05,591.0,1.7721269869127516e-12
FL-2019-000034-BOL,FL_2019_000034_BOL,1.7507715e-12,1.5174310644433095e-05,841.0,1.7528409698581562e-12
SS-2007-000063-MDV,SS_2007_000063_MDV,1.7325861e-12,2.273456777058982e-07,1187.0,1.7340396118288588e-12
FL-2006-000013-MWI,FL_2006_000013_MWI,1.6947973e-12,4.998645968273902e-05,526.0,1.6979890086629003e-12
FL-2006-000065-TZA,FL_2006_000065_TZA,1.6534587e-12,2.4835200092350084e-05,715.0,1.6557551704166666e-12
FL-2008-000232-CRI,FL_2008_000232_CRI,1.5966235e-12,2.141553817924156e-05,755.0,1.5987243203947367e-12
FL-2008-000180-NIC,FL_2008_000180_NIC,1.4620759e-12,0.0006845268321058,23.0,1.5142928964285716e-12
FL-2000-000444-IND,FL_2000_000444_IND,1.4628257e-12,2.1513131746574596e-05,752.0,1.4647580985468957e-12
FL-2011-000124-ETH,FL_2011_000124_ETH,1.4605223e-12,5.182340766383612e-06,1012.0,1.4619584084562438e-12
FL-2006-000112-ETH,FL_2006_000112_ETH,1.4521748e-12,5.713942509284174e-06,998.0,1.453622631306082e-12
FL-2002-000445-VEN,FL_2002_000445_VEN,1.3742204e-12,2.8494411664328008e-05,679.0,1.376229494152047e-12
FL-2013-000081-PRK,FL_2013_000081_PRK,1.3598121e-12,8.153856846911095e-05,382.0,1.3633258263565894e-12
FL-2001-000375-IRN,FL_2001_000375_IRN,1.3030229e-12,2.563154704378848e-05,708.0,1.3048504215988782e-12
FL-2022-000213-IND,FL_2022_000213_IND,1.2788301e-12,3.7676476411972565e-05,592.0,1.2809721939698493e-12
FL-2019-000022-IRN,FL_2019_000022_IRN,1.152339e-12,0.0016197818257438,5.0,1.2675729e-12
FF-2022-000209-AFG,FF_2022_000209_AFG,1.2469908e-12,0.0003498185752007,76.0,1.2623857481481482e-12
FL-2016-000021-PAK,FL_2016_000021_PAK,1.2304222e-12,0.0001478794330502,244.0,1.2353636546184739e-12
FL-2012-000172-MLI,FL_2012_000172_MLI,1.1406758e-12,0.0004152964314425,60.0,1.1582246584615384e-12
LS-2022-000283-LKA,LS_2022_000283_LKA,1.1198206e-12,4.237720151232357e-05,559.0,1.1218060975177304e-12
FL-2011-000170-COL,FL_2011_000170_COL,1.06219e-12,8.282381370059518e-06,945.0,1.0633080947368422e-12
FL-1998-000359-UKR,FL_1998_000359_UKR,1.045386e-12,0.000208169811838,165.0,1.0515353294117647e-12
FL-2017-000078-NER,FL_2017_000078_NER,1.0182417e-12,3.243148571352832e-05,640.0,1.0198203693023256e-12
FL-2005-000137-CAF,FL_2005_000137_CAF,1.0050743e-12,0.0002932807245155,114.0,1.0135203025210083e-12
FL-2010-000225-PAN,FL_2010_000225_PAN,9.587588e-13,6.256648715449443e-05,458.0,9.60829553347732e-13
FL-2013-000017-PNG,FL_2013_000017_PNG,9.317782e-13,0.0001200674018565,289.0,9.349475136054422e-13
FL-2004-000021-COL,FL_2004_000021_COL,9.336276e-13,9.96435851655689e-06,921.0,9.34635837149028e-13
FL-2020-000200-BFA,FL_2020_000200_BFA,9.115558e-13,2.2252708308421027e-05,742.0,9.12776088888889e-13
FF-2020-000221-SOM,FF_2020_000221_SOM,8.748563e-13,0.0001008364757545,328.0,8.774834960960961e-13
FL-1998-000219-KOR,FL_1998_000219_KOR,8.697466e-13,4.953970021156075e-05,527.0,8.713814620300751e-13
FL-1999-000324-HND,FL_1999_000324_HND,8.674849e-13,1.278018757589556e-05,879.0,8.684662177601809e-13
FL-2002-000641-THA,FL_2002_000641_THA,7.8125164e-13,2.1453229942035355e-05,753.0,7.822823149868073e-13
FL-2020-000199-MRT,FL_2020_000199_MRT,7.695238e-13,0.0001151208624347,298.0,7.720634825082508e-13
FL-2006-000018-IRQ,FL_2006_000018_IRQ,7.304686e-13,0.0001361930278742,258.0,7.33246047148289e-13
FL-2017-000052-RUS,FL_2017_000052_RUS,6.857826e-13,3.616134007681857e-05,605.0,6.869068337704918e-13
FL-2014-000038-ZAF,FL_2014_000038_ZAF,6.6339973e-13,0.0003344799728885,84.0,6.708536595505618e-13
FL-1998-000316-VNM,FL_1998_000316_VNM,6.6556764e-13,1.0372615855063998e-05,910.0,6.662950363278688e-13
FL-2014-000117-BGD,FL_2014_000117_BGD,6.4827565e-13,6.791251786923901e-06,967.0,6.489426002572016e-13
FL-2009-000174-NER,FL_2009_000174_NER,6.254454e-13,0.000114758679506,299.0,6.275027861842106e-13
FL-2006-000071-ROM,FL_2006_000071_ROM,6.218859e-13,4.438659011416828e-06,1021.0,6.224920266081872e-13
FL-2013-000041-GHA,FL_2013_000041_GHA,6.2092215e-13,2.9539045107691265e-06,1053.0,6.215090329395084e-13
FL-2008-000175-UGA,FL_2008_000175_UGA,6.0300603e-13,3.74244914365322e-05,595.0,6.040110400500001e-13
FL-2016-000085-MLI,FL_2016_000085_MLI,6.010208e-13,0.0001508045820934,235.0,6.035250533333333e-13
FL-2003-000204-KEN,FL_2003_000204_KEN,5.351421e-13,1.6005536107266984e-06,1113.0,5.356207601967799e-13
FL-2012-000192-COD,FL_2012_000192_COD,5.234934e-13,2.654894320972855e-05,698.0,5.242380563300142e-13
FF-2009-000160-LKA,FF_2009_000160_LKA,5.084824e-13,3.857160381391128e-07,1177.0,5.089125881556684e-13
FL-2016-000026-PNG,FL_2016_000026_PNG,4.8924547e-13,2.75997331243474e-05,686.0,4.899534952821998e-13
FF-2019-000068-VNM,FF_2019_000068_VNM,4.6018164e-13,1.7613250310717848e-05,805.0,4.607497654814815e-13
FL-2006-000145-GIN,FL_2006_000145_GIN,4.5781494e-13,4.645093011396641e-06,1018.0,4.582624619354839e-13
FL-2022-000379-MYS,FL_2022_000379_MYS,4.5054642e-13,6.128770551582667e-06,982.0,4.51002900668693e-13
FL-2010-000049-AGO,FL_2010_000049_AGO,4.4013285e-13,5.846639880139608e-05,481.0,4.4103847314814813e-13
FL-2014-000079-PHL,FL_2014_000079_PHL,4.0960546e-13,0.000873084843896,15.0,4.30085733e-13
FL-2008-000010-BRA,FL_2008_000010_BRA,3.4263488e-13,8.578880561515563e-05,366.0,3.435584241509434e-13
FF-2007-000049-TJK,FF_2007_000049_TJK,3.3627322e-13,4.185773354230992e-05,563.0,3.368652503169014e-13
FF-2018-000042-ETH,FF_2018_000042_ETH,3.3602632e-13,5.106680708873736e-05,522.0,3.366639411005693e-13
FL-1999-000428-VNM,FL_1999_000428_VNM,3.248294e-13,7.585392401594264e-05,406.0,3.256197391727494e-13
FF-2007-000083-IND,FF_2007_000083_IND,3.071275e-13,0.0002155454683241,159.0,3.0900022865853657e-13
FL-2020-000237-LKA,FL_2020_000237_LKA,2.7377775e-13,8.15359161954676e-05,383.0,2.744833627577319e-13
FL-2015-000131-SLE,FL_2015_000131_SLE,2.6964027e-13,3.069202866255808e-05,660.0,2.700457440902256e-13
FL-2012-000106-BGD,FL_2012_000106_BGD,2.6499096e-13,3.973060375588661e-05,575.0,2.654478409655172e-13
FF-2007-000008-LKA,FF_2007_000008_LKA,2.6116834e-13,2.6063362276054978e-05,700.0,2.6153879154609926e-13
FL-2006-000178-JAM,FL_2006_000178_JAM,2.5121702e-13,6.891682336992615e-07,1157.0,2.514332136488813e-13
FL-1990-000004-VNM,FL_1990_000004_VNM,2.276544e-13,6.816193058897054e-06,965.0,2.27889095257732e-13
FL-2022-000249-CIV,FL_2022_000249_CIV,2.2658606e-13,0.000176987294674,201.0,2.276859923300971e-13
LS-2011-000104-ECU,LS_2011_000104_ECU,2.2669732e-13,1.6340353562712286e-05,822.0,2.2697144009673518e-13
FL-2001-000096-UKR,FL_2001_000096_UKR,2.1427502e-13,4.603228368842427e-05,540.0,2.1466818517431193e-13
FL-2001-000095-HUN,FL_2001_000095_HUN,2.1427502e-13,2.791469432680701e-05,684.0,2.1458601422351234e-13
FL-2001-000079-ROM,FL_2001_000079_ROM,2.1427502e-13,1.0583546651791664e-05,907.0,2.1450997067982458e-13
FL-2021-000204-BRA,FL_2021_000204_BRA,2.0573948e-13,1.6183046313475018e-05,825.0,2.0598735889156625e-13
FL-2012-000071-NPL,FL_2012_000071_NPL,2.0185906e-13,2.1446455138865877e-06,1086.0,2.0204408205316226e-13
FL-2021-000092-CRI,FL_2021_000092_CRI,2.017228e-13,1.071279027419814e-05,902.0,2.01945206615215e-13
OT-2004-000112-COL,OT_2004_000112_COL,1.948358e-13,5.42817131092976e-06,1006.0,1.950285159248269e-13
FL-2013-000131-KHM,FL_2013_000131_KHM,1.7265655e-13,3.9919148492264175e-05,573.0,1.7295526375432523e-13
FL-2017-000004-THA,FL_2017_000004_THA,1.6961234e-13,1.0027757894680224e-05,919.0,1.6979590313852812e-13
FL-2022-000376-COD,FL_2022_000376_COD,1.6672514e-13,0.000149345022295,237.0,1.6741408685950414e-13
FL-2001-000453-IRN,FL_2001_000453_IRN,1.6371099e-13,0.0001651974301523,222.0,1.6443218378854627e-13
FL-2008-000185-SOM,FL_2008_000185_SOM,1.6129726e-13,0.0001066111658477,316.0,1.6179974367601243e-13
FL-2003-000080-ARG,FL_2003_000080_ARG,1.5381686e-13,1.2083044037706542e-06,1129.0,1.5395250097001764e-13
FL-1999-000240-SRB,FL_1999_000240_SRB,1.4066989e-13,8.131366299390618e-05,384.0,1.410315092544987e-13
FL-1999-000423-TGO,FL_1999_000423_TGO,1.2280561e-13,8.96211495574127e-05,356.0,1.2314579174515235e-13
FF-2020-000123-YEM,FF_2020_000123_YEM,1.1829106e-13,8.423505569234727e-05,372.0,1.1860482938992042e-13
FL-2003-000027-TUN,FL_2003_000027_TUN,1.1427612e-13,6.053833668806028e-05,469.0,1.145172088607595e-13
FL-2005-000182-IND,FL_2005_000182_IND,1.0944631e-13,3.789119414503032e-05,588.0,1.0963087376053962e-13
FL-2005-000038-MDG,FL_2005_000038_MDG,1.0789647e-13,4.793763395515183e-05,536.0,1.0809590894639558e-13
FL-2002-000020-IRN,FL_2002_000020_IRN,1.0706194e-13,5.40143923092206e-05,504.0,1.0727227779960708e-13
FL-1998-000048-PAK,FL_1998_000048_PAK,9.295825e-14,3.704026584264574e-05,601.0,9.311164645214522e-14
FL-2008-000091-SOM,FL_2008_000091_SOM,8.098354e-14,3.015828744073728e-05,664.0,8.110459162929747e-14
FL-2008-000126-TCD,FL_2008_000126_TCD,7.67501e-14,3.185954004416393e-05,645.0,7.686817707692307e-14
FL-2007-000217-SRB,FL_2007_000217_SRB,7.6357953e-14,1.947352416847326e-05,778.0,7.645547273563217e-14
FL-1997-000166-ROM,FL_1997_000166_ROM,7.26854e-14,5.8239332812049694e-06,992.0,7.2758304112337e-14
FL-2012-000083-HND,FL_2012_000083_HND,6.445474e-14,1.018793290963562e-06,1136.0,6.451122969325153e-14
FF-2010-000094-HUN,FF_2010_000094_HUN,6.363948e-14,1.4768788982860542e-05,848.0,6.371408665885111e-14
FL-2014-000098-SDN,FL_2014_000098_SDN,6.261353e-14,2.1045317216617163e-05,760.0,6.2695377751634e-14
FL-2019-000062-SSD,FL_2019_000062_SSD,5.9233434e-14,0.0002752361523165,122.0,5.969983899212599e-14
FL-2007-000177-SLE,FL_2007_000177_SLE,5.3827443e-14,0.0001573209556063,228.0,5.405846206866953e-14
FL-2014-000115-NER,FL_2014_000115_NER,5.1397214e-14,4.244013279074619e-05,558.0,5.148850567673179e-14
FL-2019-000116-ETH,FL_2019_000116_ETH,4.988613e-14,6.182160234613755e-06,980.0,4.993677581725889e-14
FL-2001-000407-IDN,FL_2001_000407_IDN,4.971812e-14,0.0001330240795674,266.0,4.990158169741697e-14
FL-2008-000197-COL,FL_2008_000197_COL,4.6397266e-14,1.8868763013302847e-07,1195.0,4.643593038833333e-14
FL-2020-000161-BGD,FL_2020_000161_BGD,4.5975617e-14,3.474134638122751e-06,1043.0,4.601948686354961e-14
FL-2012-000110-IND,FL_2012_000110_IND,4.44982e-14,9.746799924148444e-05,336.0,4.4628693255131965e-14
FF-2008-000178-DZA,FF_2008_000178_DZA,3.867643e-14,4.133395180727684e-05,566.0,3.8744164553415064e-14
FL-2003-000229-LKA,FL_2003_000229_LKA,3.4737485e-14,5.708301509501106e-06,999.0,3.4772084088645414e-14
FL-2005-000209-THA,FL_2005_000209_THA,3.4697953e-14,3.617334777892876e-05,604.0,3.475492829228244e-14
FL-2020-000054-BDI,FL_2020_000054_BDI,3.004316e-14,6.710966255832037e-06,969.0,3.007400513347023e-14
FL-2017-000134-CAF,FL_2017_000134_CAF,2.7933095e-14,0.0002118669399436,161.0,2.8101366656626507e-14
FL-2002-000478-PRK,FL_2002_000478_PRK,2.7618602e-14,0.0001879611747463,186.0,2.7763202010471202e-14
FL-2004-000055-TJK,FL_2004_000055_TJK,2.6321881e-14,6.059216343995046e-05,468.0,2.6377529797040172e-14
FL-2010-000251-CRI,FL_2010_000251_CRI,2.5275826e-14,1.0633359193007458e-05,905.0,2.5303601632967035e-14
FF-2017-000101-VNM,FF_2017_000101_VNM,2.3475755e-14,4.124279059658398e-07,1170.0,2.3495734365957445e-14
FL-2006-000025-PNG,FL_2006_000025_PNG,2.207572e-14,5.960732027827507e-05,473.0,2.212190351464435e-14
FF-2008-000141-ETH,FF_2008_000141_ETH,1.9926459e-14,2.877291007742419e-05,674.0,1.9955805773195878e-14
FF-2014-000048-KAZ,FF_2014_000048_KAZ,1.8479249e-14,3.442719710387454e-05,624.0,1.850862777424483e-14
FL-2010-000208-RUS,FL_2010_000208_RUS,1.7916409e-14,7.00143239526678e-05,426.0,1.7957978394431555e-14
FL-2009-000136-BIH,FL_2009_000136_BIH,1.744209e-14,7.289108562569172e-07,1155.0,1.7457126284482758e-14
FL-2013-000050-ETH,FL_2013_000050_ETH,1.63724e-14,6.073518759514337e-06,985.0,1.6388937777777778e-14
FL-2006-000131-BGD,FL_2006_000131_BGD,1.4647726e-14,4.017573731221093e-08,1210.0,1.4659781741563786e-14
FL-2002-000540-DZA,FL_2002_000540_DZA,1.3647725e-14,6.543261653163716e-05,449.0,1.3677786068281938e-14
FL-2002-000125-ECU,FL_2002_000125_ECU,1.3316243e-14,1.7873965521029137e-06,1103.0,1.3328261269855595e-14
FL-2006-000124-UGA,FL_2006_000124_UGA,1.2990106e-14,0.0002332895680697,146.0,1.307613319205298e-14
FL-2020-000213-LAO,FL_2020_000213_LAO,1.21174424e-14,8.351530612808472e-05,377.0,1.2149163453403143e-14
FL-2011-000022-AFG,FL_2011_000022_AFG,1.1378322e-14,5.681109866089144e-05,490.0,1.1401308509090909e-14
FL-2009-000172-BFA,FL_2009_000172_BFA,9.3969115e-15,1.2156207543168114e-05,885.0,9.407469827528089e-15
FL-2013-000051-ECU,FL_2013_000051_ECU,8.0153085e-15,1.7446218252317964e-05,809.0,8.025155316339067e-15
FL-2013-000123-CMR,FL_2013_000123_CMR,7.939897e-15,0.0003079733291884,103.0,8.013414564814815e-15
FL-2001-000620-DZA,FL_2001_000620_DZA,7.792071e-15,3.804569289430656e-05,586.0,7.805255553299492e-15
FL-2009-000045-BOL,FL_2009_000045_BOL,7.54928e-15,8.632300041820767e-05,365.0,7.56968345945946e-15
FL-2004-000036-MKD,FL_2004_000036_MKD,7.4978975e-15,4.606524992912182e-07,1167.0,7.504295023464164e-15
FL-2010-000046-MOZ,FL_2010_000046_MOZ,7.0769264e-15,0.0003118976481052,101.0,7.143689856603774e-15
FL-2007-000145-ETH,FL_2007_000145_ETH,6.469069e-15,3.5992810592327088e-06,1037.0,6.475277319577735e-15
FL-2008-000207-SDN,FL_2008_000207_SDN,6.317958e-15,5.765424602495785e-06,996.0,6.324269646353647e-15
FL-2015-000092-BRA,FL_2015_000092_BRA,5.5293375e-15,5.9195877311379805e-05,476.0,5.540833004158004e-15
FL-2008-000201-YEM,FL_2008_000201_YEM,5.06501e-15,1.4927887804408433e-05,845.0,5.070968835294118e-15
FL-2017-000139-ETH,FL_2017_000139_ETH,4.6296365e-15,1.0268730129125937e-05,912.0,4.634685176663031e-15
FL-2018-000065-TJK,FL_2018_000065_TJK,4.0892853e-15,5.476491906082512e-05,494.0,4.0974802605210415e-15
FL-2014-000121-CMR,FL_2014_000121_CMR,3.3973443e-15,5.165753394005552e-05,518.0,3.4038401782026767e-15
FL-2001-000390-POL,FL_2001_000390_POL,3.2144636e-15,2.138772409155491e-07,1191.0,3.217151278595318e-15
FL-2009-000192-MEX,FL_2009_000192_MEX,2.865663e-15,0.0001336646409121,265.0,2.8762765666666668e-15
FL-2007-000068-COL,FL_2007_000068_COL,2.6983916e-15,1.7719398130609612e-06,1104.0,2.7008247754734e-15
FL-2012-000051-TJK,FL_2012_000051_TJK,2.4564989e-15,1.0795614795053766e-05,901.0,2.4592102674392935e-15
FL-2022-000356-ETH,FL_2022_000356_ETH,1.9274696e-15,9.034753101716566e-05,351.0,1.932883840449438e-15
FL-2015-000039-KAZ,FL_2015_000039_KAZ,1.8218622e-15,4.435322888086822e-05,549.0,1.825150759927798e-15
FL-2010-000023-ECU,FL_2010_000023_ECU,1.6761593e-15,6.119442677880771e-05,463.0,1.6797408369658118e-15
FF-2018-000118-LAO,FF_2018_000118_LAO,1.2987011e-15,2.312713778019293e-05,731.0,1.3004656395380435e-15
FL-1998-000085-IRN,FL_1998_000085_IRN,1.2171335e-15,7.198886758304764e-05,420.0,1.219997343529412e-15
FL-2009-000208-AZE,FL_2009_000208_AZE,1.1278832e-15,0.000105326937829,320.0,1.1313536098461537e-15
FL-2013-000125-BFA,FL_2013_000125_BFA,1.0532598e-15,9.264086720381574e-05,347.0,1.0562520153409092e-15
FF-2013-000088-AFG,FF_2013_000088_AFG,9.29404e-16,0.0002405139032608,140.0,9.358136827586206e-16
FL-2013-000119-MRT,FL_2013_000119_MRT,9.035492e-16,9.147533985708646e-05,349.0,9.061015988700565e-16
FL-2007-000035-AFG,FL_2007_000035_AFG,8.717363e-16,1.910337219800953e-05,788.0,8.728355891551072e-16
FL-2008-000125-SDN,FL_2008_000125_SDN,7.711926e-16,1.752060762753854e-05,806.0,7.721435156596795e-16
FL-2010-000127-AFG,FL_2010_000127_AFG,7.197281e-16,0.0008469278992541,17.0,7.524430136363636e-16
FL-2013-000030-COL,FL_2013_000030_COL,7.090903e-16,3.165713897501249e-05,646.0,7.101795324116743e-16
FL-2005-000001-CRI,FL_2005_000001_CRI,6.6398537e-16,3.150102377686218e-06,1051.0,6.646141440246212e-16
FL-2018-000060-LKA,FL_2018_000060_LKA,6.3216096e-16,2.934949728175257e-05,670.0,6.330974947555555e-16
FL-2007-000054-AFG,FL_2007_000054_AFG,5.848908600000001e-16,0.000172013533618,212.0,5.875862095852536e-16
FL-2007-000206-COG,FL_2007_000206_COG,2.9755712e-16,4.416377042559507e-05,553.0,2.9809037648745523e-16
FL-2007-000181-HTI,FL_2007_000181_HTI,2.9552437e-16,4.848212557280324e-05,533.0,2.9607367180297397e-16
FL-2002-000054-IDN,FL_2002_000054_IDN,2.7865203000000003e-16,0.0001812818362356,193.0,2.800593634848485e-16
FL-2006-000121-MKD,FL_2006_000121_MKD,2.3806533000000004e-16,2.8553645021057724e-05,677.0,2.38414399398827e-16
FL-2009-000039-CRI,FL_2009_000039_CRI,2.0584311000000001e-16,4.840639026746868e-05,534.0,2.062250081632653e-16
FL-2001-000252-ECU,FL_2001_000252_ECU,2.0483436000000002e-16,1.3947072513590902e-05,857.0,2.0507198686774947e-16
FF-2012-000081-ETH,FF_2012_000081_ETH,1.9501361000000003e-16,0.0002855140820365,116.0,1.9662529272727276e-16
FL-2008-000191-HND,FL_2008_000191_HND,1.9440617e-16,6.8082031951077775e-06,966.0,1.9460638232749743e-16
FL-2017-000160-HND,FL_2017_000160_HND,1.8046377000000001e-16,3.5641028196890104e-07,1178.0,1.8061631756551143e-16
FL-2018-000034-BLR,FL_2018_000034_BLR,1.5824479e-16,3.906152683309178e-07,1174.0,1.5837900949957593e-16
FF-2016-000093-LAO,FF_2016_000093_LAO,9.5814746e-17,3.496505813365757e-05,621.0,9.59678046996805e-17
FL-2017-000149-TGO,FL_2017_000149_TGO,6.52087e-17,8.409693543424607e-05,374.0,6.538075461741425e-17
FL-2002-000536-MMR,FL_2002_000536_MMR,6.327356e-17,8.665637902704496e-07,1148.0,6.332843732870773e-17
FL-2012-000169-SEN,FL_2012_000169_SEN,5.6645315e-17,0.0001500068377547,236.0,5.688035780082987e-17
FL-2016-000011-TZA,FL_2016_000011_TZA,4.7245466e-17,7.824558092558965e-05,395.0,4.7363579665e-17
FL-2020-000126-ETH,FL_2020_000126_ETH,4.5934640000000004e-17,3.1200159384683714e-05,654.0,4.60043435508346e-17
FL-2020-000195-CMR,FL_2020_000195_CMR,3.3696043e-17,7.615986100052812e-05,402.0,3.3778834260442264e-17
FL-2012-000183-COL,FL_2012_000183_COL,3.3552818e-17,2.2989960942970087e-05,732.0,3.3598344211668934e-17
FL-1998-000392-IND,FL_1998_000392_IND,3.0200483e-17,6.93117908767755e-05,428.0,3.0270230073903e-17
FL-2009-000095-TJK,FL_2009_000095_TJK,2.351702e-17,7.166866925130966e-05,421.0,2.357222427230047e-17
FL-1999-000247-KOR,FL_1999_000247_KOR,1.6078620000000003e-17,2.3184063429981408e-05,730.0,1.610049567346939e-17
FL-2015-000056-COL,FL_2015_000056_COL,1.463453e-17,2.704957347114112e-05,694.0,1.4655466380543633e-17
FL-2001-000082-ZWE,FL_2001_000082_ZWE,1.3044987e-17,2.1725839681510137e-06,1083.0,1.3056976877757353e-17
FL-2001-000492-VNM,FL_2001_000492_VNM,1.2263980000000001e-17,0.0001965993384833,177.0,1.2331364505494506e-17
FL-2010-000125-IND,FL_2010_000125_IND,1.1296957e-17,2.1211691108356365e-05,757.0,1.1311782402887138e-17
FL-2002-000402-BGD,FL_2002_000402_BGD,8.545148e-18,5.411986767408412e-07,1161.0,8.552476600343054e-18
FL-2014-000030-PRY,FL_2014_000030_PRY,4.8213984e-18,1.4771497614335608e-05,847.0,4.8270573183098585e-18
FL-2010-000249-IND,FL_2010_000249_IND,4.805091799999999e-18,6.791101861016203e-05,434.0,4.816037339407744e-18
FL-2005-000062-TZA,FL_2005_000062_TZA,2.1084083e-18,0.0005816138525357,34.0,2.162470051282051e-18
FL-2003-000455-NGA,FL_2003_000455_NGA,1.6821516999999998e-18,1.3603054951073577e-05,865.0,1.6840852077011493e-18
FL-2010-000076-COL,FL_2010_000076_COL,1.2763275e-18,2.095981925707383e-07,1192.0,1.2773937719298245e-18
FL-1999-000350-CRI,FL_1999_000350_CRI,1.1355258999999998e-18,1.5395222675693986e-05,836.0,1.1368761091557668e-18
FL-2018-000144-PRK,FL_2018_000144_PRK,6.827807299999999e-19,3.749984693144379e-05,594.0,6.839205976627713e-19
FL-2021-000051-SOM,FL_2021_000051_SOM,5.9329493e-19,7.783617876392076e-05,398.0,5.947671258560794e-19
FL-2014-000045-SLB,FL_2014_000045_SLB,5.160133999999999e-19,5.03826992889375e-05,523.0,5.169906981060605e-19
FL-2005-000064-ETH,FL_2005_000064_ETH,3.8731281999999997e-19,3.581958480890276e-05,611.0,3.8794157457792206e-19
FL-1998-000112-TZA,FL_1998_000112_TZA,3.0191984e-19,0.0003135835824836,99.0,3.048229153846154e-19
FL-2014-000053-TZA,FL_2014_000053_TZA,2.2147115e-19,0.000386254044803,64.0,2.246808768115942e-19
FL-2012-000063-RUS,FL_2012_000063_RUS,1.2682797e-19,1.5660949658306084e-05,831.0,1.2697967809808613e-19
FL-2002-000374-IND,FL_2002_000374_IND,1.2128303e-19,9.361437516714872e-05,346.0,1.216285656980057e-19
FL-2019-000052-SRB,FL_2019_000052_SRB,1.1285818e-19,3.794161029608078e-05,587.0,1.1304881881756757e-19
FL-1997-000337-IND,FL_1997_000337_IND,1.1132725e-19,8.94579915820594e-05,357.0,1.11634783839779e-19
FL-2008-000076-COL,FL_2008_000076_COL,9.1066886e-20,6.427726727473833e-07,1159.0,9.114512215635738e-20
FL-2006-000085-UKR,FL_2006_000085_UKR,7.251981e-20,5.585694924991514e-06,1003.0,7.259175425595238e-20
FL-2020-000050-AFG,FL_2020_000050_AFG,7.0588556e-20,6.899355730955217e-05,431.0,7.075045635779816e-20
FL-2013-000103-YEM,FL_2013_000103_YEM,5.728513e-20,0.0001212244010869,288.0,5.74806423890785e-20
FL-2002-000242-AFG,FL_2002_000242_AFG,4.4575167e-20,3.748880136582726e-06,1031.0,4.461819322297297e-20
FL-2015-000018-PNG,FL_2015_000018_PNG,4.3096236e-20,1.0454109357903907e-05,909.0,4.31433872428884e-20
FL-2002-000500-IRN,FL_2002_000500_IRN,2.9247048e-20,0.0001093326268423,310.0,2.933989577142857e-20
FL-2010-000075-TJK,FL_2010_000075_TJK,1.7755117e-20,0.0002275887477975,149.0,1.787040996753247e-20
FL-2019-000156-DJI,FL_2019_000156_DJI,1.6471887e-20,2.508045440367388e-05,711.0,1.6494892428770952e-20
FL-2001-000274-WSM,FL_2001_000274_WSM,1.6479601e-20,1.8301247326374819e-07,1198.0,1.6493299753948462e-20
FL-2005-000166-CRI,FL_2005_000166_CRI,1.2305481e-20,5.190407886770826e-06,1010.0,1.2317604626600986e-20
FL-2009-000237-THA,FL_2009_000237_THA,1.0811707e-20,2.244285802012661e-05,737.0,1.0826278033692723e-20
FL-2020-000196-NGA,FL_2020_000196_NGA,5.140398e-21,0.0007945781318543,18.0,5.363893565217391e-21
FL-2006-000058-TJK,FL_2006_000058_TJK,5.1889145e-21,3.436914023624026e-05,625.0,5.197150872222222e-21
FL-2005-000103-SLV,FL_2005_000103_SLV,2.948325e-21,1.86051888946601e-06,1101.0,2.950990754972875e-21
FL-2013-000145-COL,FL_2013_000145_COL,1.2412042e-21,1.3781237441378537e-06,1123.0,1.2423045583333335e-21
FL-2008-000103-SLV,FL_2008_000103_SLV,9.18044e-22,6.84716968955923e-06,964.0,9.189914138286892e-22
FL-2007-000132-BFA,FL_2007_000132_BFA,8.2866503000000005e-22,3.821238186017204e-05,582.0,8.300767251107325e-22
FL-2011-000129-MLI,FL_2011_000129_MLI,5.2630644e-22,2.340026725885747e-05,725.0,5.270274077260274e-22
FL-2000-000484-BTN,FL_2000_000484_BTN,1.7761052000000003e-22,2.432342289433361e-06,1072.0,1.777754322748375e-22
FL-2004-000120-CRI,FL_2004_000120_CRI,1.3127774e-22,5.795027631666887e-06,993.0,1.314092808216433e-22
FF-2005-000072-TJK,FF_2005_000072_TJK,6.418343299999999e-23,6.044891244257005e-05,471.0,6.431827214495797e-23
FL-2005-000132-MKD,FL_2005_000132_MKD,2.736519e-23,7.337791585965846e-05,413.0,2.743065696172249e-23
FL-2005-000194-COL,FL_2005_000194_COL,1.7736056e-23,2.1998479495575642e-07,1189.0,1.7750910318257955e-23
FF-2011-000049-IRQ,FF_2011_000049_IRQ,6.270669e-24,7.777883446777187e-05,400.0,6.286152133333333e-24
FF-2017-000122-CMR,FF_2017_000122_CMR,1.8061544e-24,9.020195764047324e-05,352.0,1.8112136560224092e-24
FL-2020-000011-MOZ,FL_2020_000011_MOZ,1.2380784e-24,5.3802059107738856e-05,506.0,1.2405012540117416e-24
FL-2005-000184-VNM,FL_2005_000184_VNM,6.2700084999999995e-25,8.363217553389291e-05,376.0,6.286465215223097e-25
FL-2003-000220-NAM,FL_2003_000220_NAM,1.7769484e-25,0.0002234886995948,153.0,1.7881949088607595e-25
FL-2013-000068-CZE,FL_2013_000068_CZE,8.339723500000001e-26,2.161136063981341e-06,1085.0,8.347374622477065e-26
FL-2008-000230-CUB,FL_2008_000230_CUB,3.0214183e-26,7.272056564146564e-06,956.0,3.024562335691987e-26
FL-2009-000080-AFG,FL_2009_000080_AFG,1.8350251e-26,0.0003111209575247,102.0,1.8521748672897197e-26
FL-2005-000139-SLE,FL_2005_000139_SLE,6.3789176000000004e-27,1.26498773315593e-06,1126.0,6.384557668611848e-27
FL-2007-000161-UGA,FL_2007_000161_UGA,1.1874511999999999e-29,0.0001109678148434,303.0,1.191306561038961e-29
FF-2012-000120-GEO,FF_2012_000120_GEO,1.3352764e-31,3.4335796554733614e-05,626.0,1.3373925274167987e-31
FL-2007-000147-NER,FL_2007_000147_NER,4.1919425000000005e-32,3.319028095606266e-05,637.0,4.198472005451714e-32
FL-2008-000168-NPL,FL_2008_000168_NPL,0.0,8.824528899738824e-07,1144.0,0.0
FL-2021-000127-NER,FL_2021_000127_NER,0.0,0.000171080730788,213.0,0.0
FL-2015-000176-BDI,FL_2015_000176_BDI,0.0,1.2903531459119774e-06,1125.0,0.0
FF-2006-000163-AFG,FF_2006_000163_AFG,0.0,0.0001096657878524,308.0,0.0
FL-2009-000139-PAK,FL_2009_000139_PAK,0.0,0.000208992756357,164.0,0.0
FL-1999-000363-NIC,FL_1999_000363_NIC,0.0,4.4081054995316745e-05,554.0,0.0
FL-2020-000242-COL,FL_2020_000242_COL,0.0,0.0001318372074233,269.0,0.0
FF-2010-000204-LCA,FF_2010_000204_LCA,0.0,1.3215726147376737e-07,1201.0,0.0
FL-2001-000376-PAK,FL_2001_000376_PAK,0.0,0.0002339638884886,145.0,0.0
FL-2018-000058-COL,FL_2018_000058_COL,0.0,0.0001862115529453,187.0,0.0
FL-2018-000105-BGD,FL_2018_000105_BGD,0.0,7.15584880209572e-05,423.0,0.0
FL-2008-000187-BDI,FL_2008_000187_BDI,0.0,1.6795580201504162e-05,817.0,0.0
FL-2021-000173-IDN,FL_2021_000173_IDN,0.0,0.000312167793809,100.0,0.0
FF-2008-000123-PAK,FF_2008_000123_PAK,0.0,0.0001725120852549,210.0,0.0
FL-2004-000059-AFG,FL_2004_000059_AFG,0.0,0.0001220294201538,283.0,0.0
FL-2008-000099-NIC,FL_2008_000099_NIC,0.0,6.698178386243637e-06,971.0,0.0
FL-2009-000242-IRQ,FL_2009_000242_IRQ,0.0,1.4943925086342167e-05,844.0,0.0
FL-2010-000141-PAK,FL_2010_000141_PAK,0.0,0.0004422770534534,54.0,0.0
FL-2018-000043-TZA,FL_2018_000043_TZA,0.0,0.0003298075258482,88.0,0.0
FF-2018-000158-TUN,FF_2018_000158_TUN,0.0,8.265966324797612e-05,379.0,0.0
FF-2020-000240-ZMB,FF_2020_000240_ZMB,0.0,0.0001491256582821,240.0,0.0
FL-2019-000030-IRQ,FL_2019_000030_IRQ,0.0,0.0001010816248389,327.0,0.0
FL-2019-000014-MWI,FL_2019_000014_MWI,0.0,2.69413859679292e-06,1062.0,0.0
FL-2007-000057-URY,FL_2007_000057_URY,0.0,5.503432411464969e-07,1160.0,0.0
FL-2013-000008-MOZ,FL_2013_000008_MOZ,0.0,0.0002772169974745,120.0,0.0
FL-2019-000067-UGA,FL_2019_000067_UGA,0.0,0.0001913883999731,182.0,0.0
FL-2022-000275-UGA,FL_2022_000275_UGA,0.0,4.450991955352633e-06,1020.0,0.0
FL-2017-000079-TJK,FL_2017_000079_TJK,0.0,6.549819933571222e-05,447.0,0.0
FF-2008-000194-VNM,FF_2008_000194_VNM,0.0,2.2120083017853004e-05,743.0,0.0
FL-2004-000022-AFG,FL_2004_000022_AFG,0.0,2.674107007578277e-05,697.0,0.0
FL-2007-000144-LBR,FL_2007_000144_LBR,0.0,0.0004632164758539,48.0,0.0
FL-2021-000023-DZA,FL_2021_000023_DZA,0.0,0.0003067668617479,107.0,0.0
FL-2021-000061-MYS,FL_2021_000061_MYS,0.0,4.222426663386462e-06,1023.0,0.0
FL-2014-000150-SOM,FL_2014_000150_SOM,0.0,0.000135665940392,261.0,0.0
FL-2009-000034-MAR,FL_2009_000034_MAR,0.0,6.762248994055344e-06,968.0,0.0
FL-2011-000037-BDI,FL_2011_000037_BDI,0.0,2.3994820727998056e-05,721.0,0.0
FF-2021-000032-TLS,FF_2021_000032_TLS,0.0,0.0003541919152188,74.0,0.0
LS-2010-000040-UGA,LS_2010_000040_UGA,0.0,3.165343583347972e-05,647.0,0.0
FL-1999-000286-GMB,FL_1999_000286_GMB,0.0,9.00552812302178e-05,353.0,0.0
FL-2019-000051-LBY,FL_2019_000051_LBY,0.0,0.0001725927728795,208.0,0.0
FL-2007-000159-RWA,FL_2007_000159_RWA,0.0,1.897040368460486e-05,790.0,0.0
FF-2007-000082-PAK,FF_2007_000082_PAK,0.0,8.375042762489821e-05,375.0,0.0
FL-2009-000144-NER,FL_2009_000144_NER,0.0,1.4503062993456408e-05,852.0,0.0
FL-2012-000132-NPL,FL_2012_000132_NPL,0.0,3.8685872061159524e-07,1176.0,0.0
FL-2005-000048-AFG,FL_2005_000048_AFG,0.0,9.36516909464059e-06,930.0,0.0
FL-2009-000171-AFG,FL_2009_000171_AFG,0.0,0.0001192222071424,292.0,0.0
FL-2008-000117-ROM,FL_2008_000117_ROM,0.0,1.0861133856938315e-05,900.0,0.0
FL-2019-000167-BDI,FL_2019_000167_BDI,0.0,7.851878344873496e-05,393.0,0.0
SL-2002-000428-NPL,SL_2002_000428_NPL,0.0,9.396833385321606e-06,929.0,0.0
FL-2019-000145-TZA,FL_2019_000145_TZA,0.0,0.0001861970506789,188.0,0.0
FL-2003-000212-AZE,FL_2003_000212_AZE,0.0,4.301189360094288e-05,556.0,0.0
FL-2010-000262-ECU,FL_2010_000262_ECU,0.0,3.550974039107479e-05,616.0,0.0
FL-2019-000079-BGD,FL_2019_000079_BGD,0.0,3.9815657217567766e-05,574.0,0.0
FL-2019-000087-PAK,FL_2019_000087_PAK,0.0,8.761615643152963e-05,361.0,0.0
FL-2019-000089-SLE,FL_2019_000089_SLE,0.0,8.890006131079226e-05,359.0,0.0
FL-1998-000111-TJK,FL_1998_000111_TJK,0.0,0.0001341912050376,264.0,0.0
FL-2005-000108-PAK,FL_2005_000108_PAK,0.0,5.456784348856461e-05,497.0,0.0
FL-2001-000335-KOR,FL_2001_000335_KOR,0.0,8.491845277258088e-05,371.0,0.0
FL-2006-000056-AFG,FL_2006_000056_AFG,0.0,4.57841412008339e-05,541.0,0.0
FL-2015-000017-PAK,FL_2015_000017_PAK,0.0,0.0001964913693322,178.0,0.0
FL-1997-000092-ECU,FL_1997_000092_ECU,0.0,5.246410898368709e-06,1009.0,0.0
FL-2021-000134-NPL,FL_2021_000134_NPL,0.0,1.4829187153992008e-07,1199.0,0.0
FL-2013-000098-NER,FL_2013_000098_NER,0.0,1.3345740430972094e-05,866.0,0.0
FL-2012-000043-KGZ,FL_2012_000043_KGZ,0.0,0.0001443275091542,248.0,0.0
FL-2012-000141-NER,FL_2012_000141_NER,0.0,1.3603470047598263e-05,864.0,0.0
FL-2009-000075-BDI,FL_2009_000075_BDI,0.0,1.83851586540918e-07,1197.0,0.0
FL-2012-000030-KAZ,FL_2012_000030_KAZ,0.0,1.846299005423355e-05,796.0,0.0
FL-1998-000255-TUR,FL_1998_000255_TUR,0.0,5.519542417539721e-06,1004.0,0.0
FL-1992-000008-PAK,FL_1992_000008_PAK,0.0,3.5992551139057715e-05,607.0,0.0
FL-2011-000051-RWA,FL_2011_000051_RWA,0.0,7.384003105406763e-06,955.0,0.0
FL-2019-000170-RWA,FL_2019_000170_RWA,0.0,2.235321408097149e-05,739.0,0.0
FL-1998-000221-NPL,FL_1998_000221_NPL,0.0,9.009168507004716e-07,1143.0,0.0
FL-2006-000044-COL,FL_2006_000044_COL,0.0,1.7533414700456158e-06,1105.0,0.0
FL-2017-000110-MLI,FL_2017_000110_MLI,0.0,0.0006773719506475,24.0,0.0
FL-2007-000123-NGA,FL_2007_000123_NGA,0.0,5.82599806703292e-05,482.0,0.0
FL-2012-000126-PAN,FL_2012_000126_PAN,0.0,8.16270444214259e-06,946.0,0.0
FL-2000-000408-VNM,FL_2000_000408_VNM,0.0,7.093908929315983e-05,424.0,0.0
FL-2022-000331-SLV,FL_2022_000331_SLV,0.0,1.775374197922417e-05,803.0,0.0
FL-1999-000233-SVK,FL_1999_000233_SVK,0.0,2.4711223052124986e-05,716.0,0.0
FL-2013-000028-NAM,FL_2013_000028_NAM,0.0,0.0003059010357784,108.0,0.0
FL-2011-000082-NPL,FL_2011_000082_NPL,0.0,2.7413264925065527e-06,1061.0,0.0
FL-2005-000176-BGD,FL_2005_000176_BGD,0.0,2.8201302734602336e-08,1216.0,0.0
FF-2012-000115-RUS,FF_2012_000115_RUS,0.0,5.3313514444438034e-05,510.0,0.0
FL-2011-000187-COD,FL_2011_000187_COD,0.0,2.854397999601884e-05,678.0,0.0
FL-2019-000083-NPL,FL_2019_000083_NPL,0.0,3.910801694844343e-06,1028.0,0.0
FL-2018-000054-BDI,FL_2018_000054_BDI,0.0,3.05763528965336e-07,1180.0,0.0
FL-2014-000004-COL,FL_2014_000004_COL,0.0,1.6715628119739864e-06,1109.0,0.0
FL-2008-000018-ECU,FL_2008_000018_ECU,0.0,9.434339013603224e-06,927.0,0.0
FL-2012-000138-NGA,FL_2012_000138_NGA,0.0,0.0001100442961105,306.0,0.0
FL-2002-000026-SEN,FL_2002_000026_SEN,0.0,1.3727810679622174e-05,860.0,0.0
FL-2010-000162-HND,FL_2010_000162_HND,0.0,0.0001466899330401,246.0,0.0
FL-1997-000526-ECU,FL_1997_000526_ECU,0.0,1.1170574140391642e-05,895.0,0.0
FL-2006-000190-BDI,FL_2006_000190_BDI,0.0,6.576000690067338e-06,976.0,0.0
FL-2015-000146-DZA,FL_2015_000146_DZA,0.0,0.0005923976064138,30.0,0.0
FL-2022-000164-ECU,FL_2022_000164_ECU,0.0,1.2270078826747216e-05,882.0,0.0
FL-2003-000020-MOZ,FL_2003_000020_MOZ,0.0,6.930076885030284e-05,429.0,0.0
FL-2006-000034-ECU,FL_2006_000034_ECU,0.0,1.1030734131162037e-06,1133.0,0.0
FF-2013-000090-PAK,FF_2013_000090_PAK,0.0,4.54691115194537e-05,543.0,0.0
FL-2010-000179-ETH,FL_2010_000179_ETH,0.0,9.256949220616518e-06,933.0,0.0
FL-2005-000157-MDA,FL_2005_000157_MDA,0.0,2.161261350502033e-06,1084.0,0.0
FL-2005-000017-VEN,FL_2005_000017_VEN,0.0,2.0472974320318284e-06,1091.0,0.0
FL-2019-000119-CMR,FL_2019_000119_CMR,0.0,1.1539927824334683e-05,890.0,0.0
FL-2019-000020-COL,FL_2019_000020_COL,0.0,1.700466792380557e-06,1107.0,0.0
FL-2022-000316-NER,FL_2022_000316_NER,0.0,1.4200701981177474e-05,854.0,0.0
FL-2008-000182-RWA,FL_2008_000182_RWA,0.0,8.43077457966908e-06,943.0,0.0
LS-2010-000190-COL,LS_2010_000190_COL,0.0,3.5804437110617054e-06,1038.0,0.0
FL-2005-000002-GUY,FL_2005_000002_GUY,0.0,0.0001098158440227,307.0,0.0
FF-2020-000204-TUN,FF_2020_000204_TUN,0.0,0.0003031899385362,111.0,0.0
FL-2011-000067-PHL,FL_2011_000067_PHL,0.0,0.0001478782230307,245.0,0.0
FL-2010-000037-HTI,FL_2010_000037_HTI,0.0,3.0815651941994146e-05,659.0,0.0
FL-2014-000122-PAK,FL_2014_000122_PAK,0.0,0.0002348744466506,143.0,0.0
FL-2006-000045-HUN,FL_2006_000045_HUN,0.0,1.6191555527800977e-06,1111.0,0.0
FL-1997-000097-AFG,FL_1997_000097_AFG,0.0,3.70673897899034e-05,600.0,0.0
FL-2013-000085-NIC,FL_2013_000085_NIC,0.0,7.614107637436584e-05,403.0,0.0
FL-2019-000136-SLV,FL_2019_000136_SLV,0.0,7.878055119085861e-07,1152.0,0.0
FF-2012-000118-AFG,FF_2012_000118_AFG,0.0,0.0004727231358775,44.0,0.0
FL-2009-000133-ZAF,FL_2009_000133_ZAF,0.0,3.120392786580825e-05,653.0,0.0
FL-2019-000011-IDN,FL_2019_000011_IDN,0.0,2.229152152156764e-05,741.0,0.0
FL-2016-000046-SOM,FL_2016_000046_SOM,0.0,2.5897149525802608e-05,703.0,0.0
FL-2009-000147-NIC,FL_2009_000147_NIC,0.0,4.1187668762544255e-05,567.0,0.0
FF-2011-000088-NGA,FF_2011_000088_NGA,0.0,3.041972096224284e-05,663.0,0.0
FL-2019-000093-NGA,FL_2019_000093_NGA,0.0,8.192939042162967e-05,380.0,0.0
ST-2012-000061-VNM,ST_2012_000061_VNM,0.0,0.0002262840500021,151.0,0.0
FF-2011-000066-TJK,FF_2011_000066_TJK,0.0,0.0007687048371991,20.0,0.0
FL-1998-000272-PRK,FL_1998_000272_PRK,0.0,3.720778691692425e-05,599.0,0.0
FL-2020-000206-COD,FL_2020_000206_COD,0.0,2.013238683473913e-06,1094.0,0.0
FL-2008-000239-NIC,FL_2008_000239_NIC,0.0,3.597651371722006e-05,608.0,0.0
FL-2016-000045-ETH,FL_2016_000045_ETH,0.0,3.9563961552251325e-06,1027.0,0.0
FL-2016-000071-LBR,FL_2016_000071_LBR,0.0,0.0001548864790858,233.0,0.0
FL-2009-000219-NPL,FL_2009_000219_NPL,0.0,8.91902854075901e-08,1204.0,0.0
FL-2005-000065-GEO,FL_2005_000065_GEO,0.0,9.461915272981508e-05,343.0,0.0
FL-2022-000271-NGA,FL_2022_000271_NGA,0.0,3.514104577083538e-05,619.0,0.0
FF-2008-000186-COD,FF_2008_000186_COD,0.0,1.546408541942843e-05,834.0,0.0
FL-2019-000058-TJK,FL_2019_000058_TJK,0.0,0.0001251684541441,275.0,0.0
FL-2007-000209-PNG,FL_2007_000209_PNG,0.0,2.1976146877058477e-05,745.0,0.0
FL-2017-000126-NGA,FL_2017_000126_NGA,0.0,0.0001701241019689,217.0,0.0
FL-2017-000083-GIN,FL_2017_000083_GIN,0.0,3.816764031994982e-05,584.0,0.0
FL-2012-000191-HTI,FL_2012_000191_HTI,0.0,9.782890524258253e-05,333.0,0.0
FL-2004-000052-JPN,FL_2004_000052_JPN,0.0,1.255780134018758e-05,880.0,0.0
FL-1999-000071-MOZ,FL_1999_000071_MOZ,0.0,0.000217465702044,157.0,0.0
FL-2008-000088-USA,FL_2008_000088_USA,0.0,1.613112742648523e-06,1112.0,0.0
FL-2013-000045-AFG,FL_2013_000045_AFG,0.0,6.250158893892668e-05,460.0,0.0
FF-2013-000084-GEO,FF_2013_000084_GEO,0.0,0.0002487551558453,132.0,0.0
FL-1998-000053-ZMB,FL_1998_000053_ZMB,0.0,1.1008028471033708e-05,898.0,0.0
FL-2006-000127-NPL,FL_2006_000127_NPL,0.0,4.073731980089394e-07,1171.0,0.0
FL-2006-000133-NER,FL_2006_000133_NER,0.0,8.093255339143472e-05,387.0,0.0
FL-2003-000359-PAK,FL_2003_000359_PAK,0.0,0.0002627426100653,128.0,0.0
FL-1997-000137-CHL,FL_1997_000137_CHL,0.0,6.623317238212732e-06,975.0,0.0
FL-2021-000057-LKA,FL_2021_000057_LKA,0.0,3.0055431896368583e-05,665.0,0.0
FL-2018-000120-NGA,FL_2018_000120_NGA,0.0,3.391788087143967e-05,633.0,0.0
FL-2001-000524-MLI,FL_2001_000524_MLI,0.0,0.0001929269169435,180.0,0.0
FL-2008-000104-NPL,FL_2008_000104_NPL,0.0,8.115650892899057e-07,1151.0,0.0
FL-2007-000023-IDN,FL_2007_000023_IDN,0.0,4.915648376263454e-05,529.0,0.0
FF-2007-000081-NPL,FF_2007_000081_NPL,0.0,1.5225662539007015e-06,1115.0,0.0
FL-2021-000039-BDI,FL_2021_000039_BDI,0.0,9.749376421676838e-05,335.0,0.0
FL-2010-000149-GTM,FL_2010_000149_GTM,0.0,4.779754966680695e-06,1016.0,0.0
FL-2021-000055-TJK,FL_2021_000055_TJK,0.0,0.0001962966429833,179.0,0.0
FL-2016-000068-NPL,FL_2016_000068_NPL,0.0,9.3882216868308e-07,1140.0,0.0
FL-2010-000151-COD,FL_2010_000151_COD,0.0,6.7409457234994e-05,437.0,0.0
FL-2018-000029-RWA,FL_2018_000029_RWA,0.0,2.2311133734599804e-05,740.0,0.0
FL-2013-000052-SOM,FL_2013_000052_SOM,0.0,0.0009712212883629,13.0,0.0
FL-2002-000367-SRB,FL_2002_000367_SRB,0.0,1.0587843936352583e-05,906.0,0.0
FF-2014-000060-AFG,FF_2014_000060_AFG,0.0,0.0001374052308737,256.0,0.0
FL-1999-000574-VNM,FL_1999_000574_VNM,0.0,9.751284530676348e-05,334.0,0.0
FF-2020-000191-AFG,FF_2020_000191_AFG,0.0,7.817057889086484e-06,950.0,0.0
FF-2007-000113-GMB,FF_2007_000113_GMB,0.0,2.404109880490038e-06,1075.0,0.0
FL-2005-000168-NPL,FL_2005_000168_NPL,0.0,8.787693098925152e-07,1145.0,0.0
LS-2016-000051-IDN,LS_2016_000051_IDN,0.0,0.0003640105306925,68.0,0.0
FL-1999-000132-BLR,FL_1999_000132_BLR,0.0,2.0247977518549125e-06,1093.0,0.0
FL-2017-000012-MOZ,FL_2017_000012_MOZ,0.0,4.677105636716321e-06,1017.0,0.0
FL-2007-000052-LKA,FL_2007_000052_LKA,0.0,1.0133378013483731e-06,1137.0,0.0
FL-2006-000029-NAM,FL_2006_000029_NAM,0.0,0.0002267353509452,150.0,0.0
FL-1997-000265-SOM,FL_1997_000265_SOM,0.0,6.627615142186428e-06,974.0,0.0
FL-2012-000013-ECU,FL_2012_000013_ECU,0.0,3.228229476765274e-06,1047.0,0.0
FL-2016-000066-PAK,FL_2016_000066_PAK,0.0,8.007862676362833e-05,390.0,0.0
FF-2009-000159-PAK,FF_2009_000159_PAK,0.0,0.0001076472166494,314.0,0.0
FL-2009-000179-LBR,FL_2009_000179_LBR,0.0,7.597901604530563e-05,404.0,0.0
FL-2009-000241-COL,FL_2009_000241_COL,0.0,1.629306914571494e-05,823.0,0.0
FL-2015-000040-SOM,FL_2015_000040_SOM,0.0,0.0001050800553313,321.0,0.0
FL-2022-000333-THA,FL_2022_000333_THA,0.0,7.663775201951073e-05,401.0,0.0
FL-2019-000133-SOM,FL_2019_000133_SOM,0.0,5.434539163775982e-05,499.0,0.0
FL-2022-000349-CMR,FL_2022_000349_CMR,0.0,8.551082187020403e-05,367.0,0.0
FL-2015-000145-SOM,FL_2015_000145_SOM,0.0,6.914253408385087e-05,430.0,0.0
FL-2000-000083-ZWE,FL_2000_000083_ZWE,0.0,6.245661673533949e-05,461.0,0.0
FL-2008-000246-GUY,FL_2008_000246_GUY,0.0,3.636520113269267e-05,603.0,0.0
FL-1997-000026-MOZ,FL_1997_000026_MOZ,0.0,0.0001806106248354,194.0,0.0
FL-2007-000111-GBR,FL_2007_000111_GBR,0.0,5.151874069152864e-07,1163.0,0.0
FL-2012-000067-RWA,FL_2012_000067_RWA,0.0,0.0001249396997568,276.0,0.0
FL-2015-000155-NGA,FL_2015_000155_NGA,0.0,2.876656474171409e-05,675.0,0.0
FL-2022-000336-VNM,FL_2022_000336_VNM,0.0,1.4627602351536442e-06,1119.0,0.0
FF-2012-000148-PAK,FF_2012_000148_PAK,0.0,6.698006049416689e-05,438.0,0.0
FL-2013-000141-SOM,FL_2013_000141_SOM,0.0,3.4253862220553668e-06,1044.0,0.0
FL-2005-000020-COL,FL_2005_000020_COL,0.0,8.447323589557155e-06,942.0,0.0
FL-2000-000476-NPL,FL_2000_000476_NPL,0.0,3.1841081731423443e-06,1050.0,0.0
FL-2002-000808-MWI,FL_2002_000808_MWI,0.0,0.0001629278836706,223.0,0.0
FL-1997-000522-MDA,FL_1997_000522_MDA,0.0,3.568390522532335e-06,1039.0,0.0
FL-2006-000164-TZA,FL_2006_000164_TZA,0.0,0.0001226992238634,278.0,0.0
FL-2007-000129-PAK,FL_2007_000129_PAK,0.0,2.578325257163578e-07,1184.0,0.0
FL-2013-000142-VNM,FL_2013_000142_VNM,0.0,1.963833328522455e-05,777.0,0.0
FL-2009-000023-ECU,FL_2009_000023_ECU,0.0,9.293317325073138e-06,932.0,0.0
FL-2014-000019-BDI,FL_2014_000019_BDI,0.0,2.2757422641374917e-06,1081.0,0.0
FL-2003-000505-VNM,FL_2003_000505_VNM,0.0,2.3355745452885752e-06,1079.0,0.0
FL-2009-000203-USA,FL_2009_000203_USA,0.0,1.0696930868918494e-05,903.0,0.0
FL-2009-000166-SDN,FL_2009_000166_SDN,0.0,1.1808467599156884e-05,889.0,0.0
FL-2021-000049-RWA,FL_2021_000049_RWA,0.0,1.7342588643987643e-05,812.0,0.0
FL-2012-000050-AFG,FL_2012_000050_AFG,0.0,1.865833119376416e-05,795.0,0.0
FL-2009-000183-NGA,FL_2009_000183_NGA,0.0,1.90769881633296e-05,789.0,0.0
FL-2010-000091-VNM,FL_2010_000091_VNM,0.0,7.389239550194844e-05,409.0,0.0
FL-1998-000179-RUS,FL_1998_000179_RUS,0.0,0.0001976056504164,175.0,0.0
FL-2019-000160-COG,FL_2019_000160_COG,0.0,4.378024426871319e-05,555.0,0.0
FL-2012-000066-COM,FL_2012_000066_COM,0.0,9.579925157344892e-05,341.0,0.0
FL-2003-000578-COL,FL_2003_000578_COL,0.0,5.336827506545908e-06,1008.0,0.0
FL-2009-000010-FJI,FL_2009_000010_FJI,0.0,2.571931576448111e-06,1067.0,0.0
FL-2005-000094-AFG,FL_2005_000094_AFG,0.0,7.29411274293367e-05,414.0,0.0
FL-2009-000145-NPL,FL_2009_000145_NPL,0.0,4.021975758004977e-07,1172.0,0.0
FF-2012-000102-PHL,FF_2012_000102_PHL,0.0,0.0001388054579988,254.0,0.0
FL-2014-000070-LKA,FL_2014_000070_LKA,0.0,0.0001011571035547,326.0,0.0
FL-2010-000196-LKA,FL_2010_000196_LKA,0.0,1.9863764446341375e-05,774.0,0.0
FL-2017-000107-NPL,FL_2017_000107_NPL,0.0,2.009649638921943e-06,1095.0,0.0
FL-2015-000042-RWA,FL_2015_000042_RWA,0.0,1.9913349690565588e-05,773.0,0.0
FL-2014-000163-COL,FL_2014_000163_COL,0.0,6.460956196938422e-06,978.0,0.0
FL-2002-000225-ETH,FL_2002_000225_ETH,0.0,2.9559135794621817e-05,668.0,0.0
FL-2012-000173-SOM,FL_2012_000173_SOM,0.0,7.916624062055468e-05,392.0,0.0
FF-2007-000091-AFG,FF_2007_000091_AFG,0.0,0.0001191931813403,293.0,0.0
FL-2012-000157-CMR,FL_2012_000157_CMR,0.0,0.0001216693066232,285.0,0.0
FL-2020-000165-NPL,FL_2020_000165_NPL,0.0,0.0001087645106167,311.0,0.0
FL-2005-000111-ROM,FL_2005_000111_ROM,0.0,3.8735705702942563e-08,1212.0,0.0
FL-2003-000341-NPL,FL_2003_000341_NPL,0.0,1.1570197015697185e-06,1130.0,0.0
FL-2004-000051-NPL,FL_2004_000051_NPL,0.0,1.4569115433335326e-06,1121.0,0.0
FL-2008-000250-THA,FL_2008_000250_THA,0.0,2.1113474161559088e-06,1088.0,0.0
FL-1997-000049-TZA,FL_1997_000049_TZA,0.0,0.0002843334652629,117.0,0.0
FL-2010-000160-NPL,FL_2010_000160_NPL,0.0,4.972270462730884e-07,1164.0,0.0
FL-2020-000185-PAK,FL_2020_000185_PAK,0.0,3.4042168890663475e-05,632.0,0.0
FF-2007-000185-TUN,FF_2007_000185_TUN,0.0,0.0002413966053585,139.0,0.0
FL-2018-000112-GEO,FL_2018_000112_GEO,0.0,5.169560966134424e-05,517.0,0.0
FL-2021-000050-AFG,FL_2021_000050_AFG,0.0,0.0001778103445801,200.0,0.0
FL-2010-000041-SOM,FL_2010_000041_SOM,0.0,0.0003847605505256,65.0,0.0
FL-2007-000199-THA,FL_2007_000199_THA,0.0,1.28664757731712e-05,877.0,0.0
FL-2022-000254-PAK,FL_2022_000254_PAK,0.0,0.0002756480045103,121.0,0.0
FL-2010-000114-BGD,FL_2010_000114_BGD,0.0,3.1072873425830295e-05,656.0,0.0
FL-2011-000109-PAK,FL_2011_000109_PAK,0.0,0.00024961243792,131.0,0.0
FL-2011-000183-TZA,FL_2011_000183_TZA,0.0,1.92107100770897e-06,1099.0,0.0
FL-2005-000090-TJK,FL_2005_000090_TJK,0.0,1.0943947281941458e-05,899.0,0.0
