kg_event_id,original_id,kg_similarity_score,kg_likelihood,kg_prior,kg_bayesian_score
FL-2019-000031-SYR,FL-2019-000031-SYR,1.0000000000000004,1.0000000000000044,1.178799139258512,1.1787991392585173
FL-2023-000042-SYR,FL-2023-000042-SYR,0.6315068377776487,0.0100874309132845,0.9456166805369497,0.0095388429353659
Afghanistan: Flash Floods - Sep 1992,Afghanistan: Flash Floods - Sep 1992,0.566789255536538,0.003421496409285848,1.103779548130716,0.0037765777605724003
FL-2013-000095-PHL,FL-2013-000095-PHL,0.5433049289156114,0.002240972102657634,0.9977142237080565,0.0022358497417544723
FL-2023-000041-PRY,FL-2023-000041-PRY,0.548552832722074,0.0024670878867017318,0.8705618226000267,0.0021477525271615078
FL-2009-000234-PHL,FL-2009-000234-PHL,0.5202734728876387,0.0014531713651575139,1.1779017439562212,0.0017116930852862783
FL-2017-000010-PHL,FL-2017-000010-PHL,0.5173316990950396,0.0013730643861723285,1.2076275140633692,0.001658150331322235
FL-2019-000022-IRN,FL-2019-000022-IRN,0.5297839145713894,0.001741757463030104,0.9299697920776908,0.0016197818257438722
ST-2012-000077-CHN,ST-2012-000077-CHN,0.5196951523551807,0.0014370989035199975,1.0110575814870275,0.0014529897417505878
FL-2011-000137-VNM,FL-2011-000137-VNM,0.5069500906651543,0.0011211198721364124,1.1760511302101604,0.0013184942927270983
FL-2017-000075-CHN,FL-2017-000075-CHN,0.5096172076222796,0.0011815193502829186,1.0948289270937435,0.0012935615626107446
FL-2023-002018-MOZ,FL-2023-002018-MOZ,0.5374476658263945,0.0020107672843393412,0.635353035811216,0.0012775470984148752
FL-2012-000198-PAN,FL-2012-000198-PAN,0.503995585737032,0.0010574682257430352,1.1516842231061208,0.0012178694720242755
FF-2023-000044-SOM,FF-2023-000044-SOM,0.5051640584380436,0.0010822421309167924,1.022945092337183,0.001107074276541868
FL-2012-000128-SSD,FL-2012-000128-SSD,0.49546596745655314,0.0008915347804041486,1.202591215503273,0.0010721518952296685
Haiti: Floods - Nov 1986,Haiti: Floods - Nov 1986,0.5224772057619603,0.0015159102212795254,0.6982374406228651,0.0010584652731202568
FL-2021-000007-SYR,FL-2021-000007-SYR,0.5002947843324748,0.0009823353055379226,1.0486817242043107,0.001030157081958277
FF-2016-000034-YEM,FF-2016-000034-YEM,0.501047938923703,0.0009972241787135861,1.0241076022751958,0.0010212648625932221
FL-2013-000052-SOM,FL-2013-000052-SOM,0.49443813859981584,0.0008732118642125157,1.11224014258995,0.0009712212883629646
FL-2016-000091-NER,FL-2016-000091-NER,0.49757505561927823,0.00093022070575002,0.9800336913410537,0.0009116476320180722
FL-2014-000079-PHL,FL-2014-000079-PHL,0.4926612978996003,0.0008423342629399231,1.0365063874391671,0.0008730848438960932
FL-2013-000157-BRA,FL-2013-000157-BRA,0.49371384219888376,0.0008605042835223541,0.991056400942879,0.000852808278223595
FL-2010-000127-AFG,FL-2010-000127-AFG,0.48948186310783703,0.000789525286946557,1.0727052233242367,0.0008469278992541385
FL-2020-000196-NGA,FL-2020-000196-NGA,0.48800648472070157,0.0007660479068866413,1.0372433952384017,0.0007945781318543707
FL-2007-000011-ZMB,FL-2007-000011-ZMB,0.4848793685757402,0.0007183515852774206,1.0897552028147803,0.0007828273775063144
FF-2011-000066-TJK,FF-2011-000066-TJK,0.48704182712001154,0.0007510391907743309,1.0235216039879442,0.0007687048371991508
Philippines: Floods - Feb 1989,Philippines: Floods - Feb 1989,0.48290717881902034,0.0006896625061460222,1.1089965925561163,0.0007648333693296502
FL-2011-000007-ZAF,FL-2011-000007-ZAF,0.48287125254929275,0.0006891495978879554,1.0794985641478076,0.0007439360014030869
FL-2014-000089-IND,FL-2014-000089-IND,0.49194089550706266,0.0008300978206664308,0.8681922613947346,0.0007206845041032294
FL-2008-000180-NIC,FL-2008-000180-NIC,0.4861364188521827,0.0007371936304266265,0.9285577138121239,0.0006845268321058082
FL-2017-000110-MLI,FL-2017-000110-MLI,0.48851461197174756,0.0007740617089008455,0.8750877906224794,0.0006773719506475018
FL-1999-000413-CAF,FL-1999-000413-CAF,0.48723451468321605,0.0007540158103829764,0.8806575318255779,0.000664029702529335
FL-2015-000123-NER,FL-2015-000123-NER,0.48640944131575364,0.0007413443140992233,0.8859881122566413,0.0006568222493809655
FL-2015-000164-COD,FL-2015-000164-COD,0.47577403853924105,0.0005943022889348677,1.0795665740230147,0.0006415888859994509
FL-2015-000153-IRQ,FL-2015-000153-IRQ,0.47772130199744145,0.0006190790004766999,1.028424531293494,0.0006366760308988949
FL-2009-000198-BEN,FL-2009-000198-BEN,0.4773777152843232,0.0006146408435089354,1.0265844801221053,0.0006309807507954327
FL-2023-000190-SOM,FL-2023-000190-SOM,0.47736619605759806,0.000614492545458047,1.0078577783264449,0.0006193210916635092
FL-2024-000120-NER,FL-2024-000120-NER,0.47342509115970743,0.0005656043158761635,1.0706246794411112,0.0006055499393754266
FL-2015-000146-DZA,FL-2015-000146-DZA,0.47291742019529204,0.0005595683189189066,1.0586689531644526,0.0005923976064138714
FL-2007-000107-TLS,FL-2007-000107-TLS,0.47543082583113505,0.0005900290159173895,0.9959528083511522,0.0005876410554115908
FF-2018-000030-KEN,FF-2018-000030-KEN,0.4704899884947586,0.0005315007302644409,1.1016965741279998,0.0005855525336788647
ST-2015-000041-PRY,ST-2015-000041-PRY,0.4784166964047688,0.0006281498756784579,0.9269775136144309,0.0005822808099336307
FL-2005-000062-TZA,FL-2005-000062-TZA,0.48239113538071,0.0006823279857894613,0.8523963030224688,0.0005816138525357044
FL-2000-000258-IDN,FL-2000-000258-IDN,0.482597291162696,0.0006852496125866114,0.8250221660756472,0.0005653461196787042
FL-2023-000104-IND,FL-2023-000104-IND,0.4725844452659952,0.0005556409316218088,1.0105589096694154,0.0005615078940274333
Pakistan: Floods - Feb 1991,Pakistan: Floods - Feb 1991,0.4891458353101723,0.0007841219333195969,0.7112268098685628,0.0005576885411828668
FL-2003-000624-HTI,FL-2003-000624-HTI,0.4839004456552165,0.0007039798374672511,0.7906381692162378,0.000556593329860252
FL-2007-000003-PHL,FL-2007-000003-PHL,0.47959127372257937,0.0006437433030860533,0.8623711432091048,0.000555145648215525
FF-2006-000069-IDN,FF-2006-000069-IDN,0.4742805215295127,0.0005759077031514698,0.9360516519312406,0.0005390793568948599
FL-2021-000145-BEN,FL-2021-000145-BEN,0.46870708590786936,0.0005116997352650706,1.0516858033389702,0.0005381473471505842
FL-2014-000123-SSD,FL-2014-000123-SSD,0.4605079252539005,0.00042891485441726087,1.229472017724319,0.0005273388114923223
FL-2020-000202-GIN,FL-2020-000202-GIN,0.4648523831855322,0.0004711406949817054,1.1057838285302726,0.0005209797614732836
FL-2004-000094-CHN,FL-2004-000094-CHN,0.4876045648149864,0.0007597621029182633,0.6825809586803848,0.0005185991445789734
Afghanistan: Floods - Jun 1988,Afghanistan: Floods - Jun 1988,0.4687101925739575,0.0005117336525596552,0.9634656880384131,0.0004930378156557984
FL-2002-000296-PRY,FL-2002-000296-PRY,0.47028871428004415,0.0005292313581474521,0.9287123335884037,0.0004915036896332805
FF-2012-000118-AFG,FF-2012-000118-AFG,0.4567745223880493,0.00039538366407126956,1.1956061386296777,0.0004727231358775042
FL-2015-000064-IND,FL-2015-000064-IND,0.46354136017436465,0.000458020490884974,1.031238980251518,0.0004723285839545203
ST-2011-000073-CAF,ST-2011-000073-CAF,0.4583114976475279,0.0004088909751801808,1.1452772355910454,0.0004682935257124843
FL-1999-000253-PHL,FL-1999-000253-PHL,0.45233505391116074,0.0003585935296222537,1.2987188406129038,0.0004657121730423023
FL-2007-000144-LBR,FL-2007-000144-LBR,0.46345559665792807,0.00045717377552349797,1.013217513020149,0.0004632164758539505
FL-2012-000003-BRA,FL-2012-000003-BRA,0.4659970078640486,0.0004828711752978541,0.950877679977288,0.00045915142289512987
Philippines: Floods - Jun 1990,Philippines: Floods - Jun 1990,0.47012007842478104,0.0005273367026435336,0.8681427258296911,0.00045780352246299854
Pakistan: Floods - Aug 1996,Pakistan: Floods - Aug 1996,0.46562304546705646,0.00047901010003017586,0.9536055804790171,0.0004567867044945879
FF-2019-000029-IDN,FF-2019-000029-IDN,0.453836104185269,0.00037067254944007124,1.2237138559090974,0.00045359713475496514
FL-1998-000247-IRN,FL-1998-000247-IRN,0.468004133711938,0.0005040770100450655,0.8997846466107959,0.00045356075434802587
FL-2022-000332-BEN,FL-2022-000332-BEN,0.4580567921363227,0.0004066242479858595,1.0977457972017661,0.000446370059266806
FL-2009-000251-SAU,FL-2009-000251-SAU,0.4621298246924125,0.000444262828106283,0.9956156226188847,0.0004423150122114635
FL-2010-000141-PAK,FL-2010-000141-PAK,0.4588419543322688,0.00041364826657805013,1.0692104601626595,0.0004422770534534034
FL-2009-000226-PRY,FL-2009-000226-PRY,0.46834278459921164,0.0005077364447956287,0.8690624710349184,0.0004412546893485735
FL-2018-000419-PRY,FL-2018-000419-PRY,0.456808216840726,0.00039567541982064706,1.1119284382912396,0.00043996275163140264
FL-2023-000167-LBR,FL-2023-000167-LBR,0.45549781526689337,0.00038447046487377,1.1239561416844555,0.0004321279402911515
FL-2011-000063-HTI,FL-2011-000063-HTI,0.45328001457998846,0.00036615562597938997,1.148278435508363,0.00042044860935219926
FL-2024-000159-NGA,FL-2024-000159-NGA,0.4538508895048035,0.0003707933268653879,1.132341007881133,0.0004198644894583517
ST-1998-000296-PHL,ST-1998-000296-PHL,0.454658226065871,0.0003774422663078418,1.108207062894622,0.00041828418535730307
FF-2011-000143-SSD,FF-2011-000143-SSD,0.4604311833030941,0.0004282006193734757,0.9738577503891034,0.0004170064918982737
FL-2012-000172-MLI,FL-2012-000172-MLI,0.4629101936131034,0.00045182207279827327,0.9191592364455828,0.0004152964314425214
FL-2015-000161-ETH,FL-2015-000161-ETH,0.4660105987140192,0.0004830120236499626,0.8569191129543197,0.0004139022348523968
FL-2024-000145-SSD,FL-2024-000145-SSD,0.4632228169981138,0.0004548827136614294,0.9086488837386558,0.00041332867000046843
FL-2017-000137-SSD,FL-2017-000137-SSD,0.4571599482471665,0.000398732603828912,1.0001222922331552,0.00039878136572946604
FL-2008-000035-PRY,FL-2008-000035-PRY,0.45826443133335015,0.0004084712584592678,0.9689476692755781,0.0003957872738501698
FL-2014-000053-TZA,FL-2014-000053-TZA,0.4515091228961632,0.00035209941058925143,1.0970028156440832,0.00038625404480303096
FL-2010-000041-SOM,FL-2010-000041-SOM,0.4503717543821611,0.00034332976310525045,1.120673451219893,0.0003847605505256693
FL-2018-000046-RUS,FL-2018-000046-RUS,0.4440009613288597,0.00029774131647333,1.2878965212237008,0.00038346000571056664
FL-2024-000021-BOL,FL-2024-000021-BOL,0.454416991078679,0.000375444387838656,0.9791674152328188,0.00036762291080364476
FL-2009-000011-PHL,FL-2009-000011-PHL,0.4570413353590522,0.0003976992752329214,0.9235680341481627,0.0003673023378090183
LS-2016-000051-IDN,LS-2016-000051-IDN,0.46067130358713343,0.0004304389840072775,0.8456727764380267,0.0003640105306925978
FF-2009-000204-TUN,FF-2009-000204-TUN,0.4570071619178791,0.00039740201151139187,0.9155604613181987,0.00036384556898815006
Haiti: Floods - Jun 1986,Haiti: Floods - Jun 1986,0.4623968263045004,0.00044683629906441005,0.806982556058804,0.00036058909875885377
FL-2007-000040-HTI,FL-2007-000040-HTI,0.45168752081124114,0.00035349308348047766,1.019159487257912,0.00036026582970918186
FL-2015-000171-PRY,FL-2015-000171-PRY,0.44945898908261617,0.00033643464091714074,1.0574697968975482,0.00035576947139994835
FL-1999-000235-IRN,FL-1999-000235-IRN,0.4544165438009412,0.00037544069239645305,0.9461301844417329,0.000355215771543988
FL-2010-000119-PAN,FL-2010-000119-PAN,0.4513020487512538,0.00035048791726562204,1.0125237531271618,0.0003548773414155098
FF-2021-000032-TLS,FF-2021-000032-TLS,0.45579941408609603,0.00038702375811494746,0.915168404503065,0.00035419191521883665
FL-2016-000097-PRK,FL-2016-000097-PRK,0.44997290292542097,0.0003403013063925772,1.034797506250793,0.00035214294322892596
FF-2022-000209-AFG,FF-2022-000209-AFG,0.4479641893947001,0.0003254115589633139,1.0750035318817837,0.00034981857520071974
FL-2005-000105-HTI,FL-2005-000105-HTI,0.4510833541396035,0.00034879320106447005,0.9972865856131765,0.0003478467805746755
FL-2007-000174-CAF,FL-2007-000174-CAF,0.457809118869233,0.00040443095522559204,0.8591414557936258,0.00034746339964052185
FL-2024-000165-CAF,FL-2024-000165-CAF,0.4482581414292953,0.0003275532110362727,1.047691057383914,0.0003431745700200889
FF-2020-000055-SOM,FF-2020-000055-SOM,0.4495364708877271,0.00033701506749983257,1.018212889069999,0.0003431530855391253
FL-2013-000020-BOL,FL-2013-000020-BOL,0.43867010601837886,0.0002638641545679679,1.2902239259175985,0.0003404438454156116
FL-2002-000482-RUS,FL-2002-000482-RUS,0.4508252669020415,0.0003468027118030441,0.9807160860179978,0.0003401149981399091
Namibia: Floods - Mar 2004,Namibia: Floods - Mar 2004,0.4470913964617261,0.0003191266892244507,1.0587882424363562,0.00033788758639848943
FL-2006-000115-HTI,FL-2006-000115-HTI,0.45429306197823355,0.0003744217274666991,0.9014960977071197,0.0003375397262079879
FL-2016-000042-KEN,FL-2016-000042-KEN,0.44608888696350735,0.0003120427104834704,1.0774902859535458,0.00033622298934855404
FL-2014-000038-ZAF,FL-2014-000038-ZAF,0.44660959469127054,0.00031570429447049306,1.0594723567177176,0.0003344799728885576
FL-2015-000011-PER,FL-2015-000011-PER,0.44908153426529784,0.00033361992256564243,0.9963773020475339,0.000332411318355262
FF-2008-000063-PHL,FF-2008-000063-PHL,0.4530706888737993,0.0003644682208402199,0.9110661229691897,0.00033205464890637755
FL-2022-000382-ZAF,FL-2022-000382-ZAF,0.4531775989784198,0.0003653291623703071,0.904559089993309,0.00033046181466170284
FL-2018-000043-TZA,FL-2018-000043-TZA,0.4529553539717789,0.00036354148276687297,0.9072074068086312,0.0003298075258482995
FL-2016-000061-RUS,FL-2016-000061-RUS,0.45670743131342706,0.0003948033079574572,0.8265337350740463,0.00032631825274566606
FL-2011-000123-RUS,FL-2011-000123-RUS,0.4492083358330754,0.0003345631214667305,0.9746615796072284,0.0003260858204470886
FL-2009-000239-BRA,FL-2009-000239-BRA,0.45492533716521466,0.00037966560618333346,0.8575725982011251,0.0003255908203422464
FL-2000-000770-IDN,FL-2000-000770-IDN,0.4523151481502537,0.00035843575578593426,0.9023361566151682,0.000323429542269333
FL-2025-000032-IRQ,FL-2025-000032-IRQ,0.4569014411251882,0.0003964836463301266,0.8107511442535587,0.00032144956993997344
Viet Nam: Floods - Oct 1992,name=Viet Nam: Floods - Oct 1992,0.4463011048653203,0.0003135303735094258,1.0249575418914962,0.0003213553209405438
FL-2008-000102-CIV,FL-2008-000102-CIV,0.44684005878091043,0.00031733721260665537,1.005572576008324,0.00031910559834417567
FL-2012-000054-HTI,FL-2012-000054-HTI,0.448506905608388,0.000329375538150428,0.9604428383587891,0.0003163463767471507
FL-2019-000181-IDN,FL-2019-000181-IDN,0.4446127839049496,0.00030186965448303533,1.0475272120348138,0.00031621667755852656
FF-2009-000201-PHL,FF-2009-000201-PHL,0.45289195359212736,0.00036303295238650376,0.8698163539289835,0.00031577199900090295
FL-1995-000012-PHL,FL-1995-000012-PHL,0.4346049971366208,0.0002404070259078194,1.3115398697141116,0.0003153033994374985
FL-2013-000006-IDN,FL-2013-000006-IDN,0.4504666912559497,0.0003440541777751359,0.9117255836627187,0.0003136829960436326
FL-1998-000112-TZA,FL-1998-000112-TZA,0.45412770748315423,0.0003730611298288841,0.840568897187044,0.00031358358248361775
FL-2021-000173-IDN,FL-2021-000173-IDN,0.44463000488100013,0.00030198659660548357,1.033714069822925,0.00031216779380902835
FL-2010-000046-MOZ,FL-2010-000046-MOZ,0.4358031879917942,0.000247117799901499,1.2621415706580152,0.00031189764810523105
FL-2009-000080-AFG,FL-2009-000080-AFG,0.448635436080969,0.0003303206613813094,0.9418755588090846,0.0003111209575247072
FL-2013-000123-CMR,FL-2013-000123-CMR,0.44940229672669374,0.0003360105210217094,0.9165585894511755,0.00030797332918841255
FL-2015-000053-CAF,FL-2015-000053-CAF,0.4374198705115949,0.00025643959177122996,1.200744524918978,0.00030791843579176223
FL-2009-000102-HTI,FL-2009-000102-HTI,0.4500498611312485,0.0003408837668649066,0.9021112794083416,0.0003075150910560357
FL-1999-000160-PER,FL-1999-000160-PER,0.4486423757533759,0.000330371760259476,0.9293539712618099,0.00030703230738989863
FL-2021-000023-DZA,FL-2021-000023-DZA,0.4436959890338845,0.0002957025213175008,1.0374171325327366,0.0003067668617479021
FL-2013-000028-NAM,FL-2013-000028-NAM,0.44328990542947877,0.00029300728402436053,1.0440048847146737,0.00030590103577841216
FL-2019-000084-IND,FL-2019-000084-IND,0.43970445929486845,0.0002701523195083065,1.1318124044523812,0.00030576174631108426
FL-2011-000002-BRA,FL-2011-000002-BRA,0.45173557717168933,0.00035386935525419144,0.861750148294607,0.00030494696936721644
FF-2020-000204-TUN,FF-2020-000204-TUN,0.44119215131151257,0.0002794330548111787,1.0850181584319483,0.0003031899385362388
Iran: Floods - Feb 1993,Iran: Floods - Feb 1993,0.4506882741285562,0.00034575031842477095,0.8761089187768762,0.00030291493764188676
FL-2013-000108-SSD,FL-2013-000108-SSD,0.43865924502166276,0.0002637988319393805,1.1472056468348109,0.00030263150962928456
FL-1999-000213-IND,FL-1999-000213-IND,0.4420627518177397,0.00028499630421896266,1.046094414060121,0.0002981330418712357
FL-2005-000137-CAF,FL-2005-000137-CAF,0.4517151068371752,0.00035370903254588847,0.8291581427948438,0.00029328072451550985
FL-2023-000135-CMR,FL-2023-000135-CMR,0.4427411433933042,0.0002894001974534014,1.007577538281096,0.0002915931385281613
FL-2006-000001-IDN,FL-2006-000001-IDN,0.45014758609369365,0.00034162469418024357,0.8487703672429272,0.000289960917138618
FF-2012-000081-ETH,FF-2012-000081-ETH,0.4416940030921366,0.0002826278980088321,1.0102119573051023,0.0002855140820365291
FL-2023-000146-MRT,FL-2023-000146-MRT,0.43970895353030204,0.000270179933146196,1.0535873745404762,0.00028465816641702206
FL-1997-000049-TZA,FL-1997-000049-TZA,0.447704153052227,0.0003235275214509655,0.8788540275887039,0.0002843334652629718
FL-2007-000125-PHL,FL-2007-000125-PHL,0.4470638681738961,0.00031893025114203234,0.8878873967487101,0.0002831741504309114
FL-2023-000198-TCD,FL-2023-000198-TCD,0.4402985679304765,0.00027382476851903887,1.0338289067088517,0.00028308796106784234
FL-2020-000172-MMR,FL-2020-000172-MMR,0.4522469277983347,0.000357895512464471,0.7811222104463353,0.00027956013380507156
FL-2013-000008-MOZ,FL-2013-000008-MOZ,0.4447321681819003,0.0003026811936140762,0.9158712312600213,0.0002772169974745769
FL-2022-000254-PAK,FL-2022-000254-PAK,0.4356948655777484,0.00024650425515345846,1.1182281796262044,0.00027564800451036525
FL-2019-000062-SSD,FL-2019-000062-SSD,0.43767769251602884,0.0002579551015454078,1.0669924753090707,0.00027523615231653736
China: Floods in Shanxi Province - Aug 1988,China: Floods in Shanxi Province - Aug 1988,0.43756177762027626,0.00025727274489242054,1.0515735249110678,0.0002705412072100686
FL-2009-000087-VUT,FL-2009-000087-VUT,0.43657234705773573,0.0002515140415157646,1.0709159987358805,0.0002693504109659528
FL-2007-000210-PHL,FL-2007-000210-PHL,0.44267919290302016,0.0002889955095287145,0.9253870742606627,0.00026743270903724657
FL-2009-000170-MRT,FL-2009-000170-MRT,0.4399852330142131,0.00027188234520410704,0.9832646092321282,0.0002673322879142309
FL-2008-000213-PER,FL-2008-000213-PER,0.44602802049258494,0.00031161720602295497,0.8529320322371361,0.0002657882968132173
FL-2006-000023-DZA,FL-2006-000023-DZA,0.4401822229804507,0.00027310207087714026,0.9697453972774113,0.0002648394762200361
FL-2003-000359-PAK,FL-2003-000359-PAK,0.4386112880577143,0.00026351057244987765,0.9970856486805502,0.00026274261006536937
FL-2003-000028-BRA,FL-2003-000028-BRA,0.4448826181642851,0.000303706704474275,0.8631256388343357,0.00026213704331762945
FL-2014-000168-MYS,FL-2014-000168-MYS,0.43527325432585096,0.0002441292542339817,1.0559033797109114,0.0002577769046319656
FL-2024-000022-PER,FL-2024-000022-PER,0.4349910690756754,0.00024255118695182897,1.0537115612771992,0.0002555789898926495
FL-2023-000168-LBY,FL-2023-000168-LBY,0.43042834669359226,0.00021827733817509352,1.1504384598927777,0.0002511146447596496
FL-2011-000109-PAK,FL-2011-000109-PAK,0.4271710184603281,0.00020231021045775523,1.2338103813705061,0.00024961243792003034
FF-2013-000084-GEO,FF-2013-000084-GEO,0.427814614602267,0.000205379061277331,1.2112001793088392,0.00024875515584538437
FL-2010-000136-YEM,FL-2010-000136-YEM,0.4227170949963618,0.00018217891607434978,1.363769613347829,0.0002484500699348426
FL-2011-000020-BOL,FL-2011-000020-BOL,0.43609117802829894,0.00024875568304277184,0.9970007790304958,0.0002480096097819066
Benin: Floods - Sep 1988,Benin: Floods - Sep 1988,0.43810800288091656,0.00026050248152171683,0.9477795775541555,0.00024689893188846197
FL-2001-000696-BRA,FL-2001-000696-BRA,0.4407141271289159,0.00027642016431423755,0.8900444318591507,0.00024602622810147867
FL-2014-000154-IDN,FL-2014-000154-IDN,0.4371731178299278,0.0002549966584704196,0.9628039097423366,0.0002455117797465513
India: Floods - Jun 1996,India: Floods - Jun 1996,0.4601657338976017,0.0004257383368902747,0.5746164560457379,0.00024463625434669606
FL-2024-000223-LBY,FL-2024-000223-LBY,0.43640193464395194,0.00025053399991794705,0.9752075934483906,0.0002443226591369804
FL-2000-000002-AGO,FL-2000-000002-AGO,0.441417725372836,0.0002808650401961944,0.8697971671955873,0.00024429561632692467
FL-2006-000092-KOR,FL-2006-000092-KOR,0.426076161250943,0.00019718431369199793,1.235735149804729,0.00024366758741932375
FF-2007-000185-TUN,FF-2007-000185-TUN,0.4383855589188738,0.0002621575646608276,0.9208073231488003,0.0002413966053585452
Brazil: Floods - Jul 1989,Brazil: Floods - Jul 1989,0.43663397228064343,0.0002518692966787039,0.9575164169657181,0.000241168986499468
FF-2013-000088-AFG,FF-2013-000088-AFG,0.42882190134655795,0.00021026625565032775,1.1438540269668271,0.00024051390326086376
FL-2020-000125-TZA,FL-2020-000125-TZA,0.4274431865132615,0.0002036029132250721,1.1681139311946813,0.00023783139937002856
FL-2021-000108-SSD,FL-2021-000108-SSD,0.43107936806675706,0.00022160133652728557,1.0642062462831952,0.00023582952651704167
FL-2014-000122-PAK,FL-2014-000122-PAK,0.4269840502734716,0.00020142646232949892,1.1660555615898873,0.00023487444665068816
FL-1991-000010-PHL,FL-1991-000010-PHL,0.4206776698625415,0.0001735779667838072,1.3530568313329396,0.00023486085372571242
FL-2001-000376-PAK,FL-2001-000376-PAK,0.4370003362298867,0.0002539906392882554,0.921151618596019,0.0002339638884886141
FL-2006-000124-UGA,FL-2006-000124-UGA,0.43806008447392414,0.0002602176950834874,0.8965169259333157,0.00023328956806970097
FL-2019-000131-CIV,FL-2019-000131-CIV,0.4280466955532078,0.00020649592572218666,1.1114192483318486,0.00022950354654974192
FL-2019-000108-MRT,FL-2019-000108-MRT,0.4339700505581605,0.0002369177432580888,0.962366664364851,0.00022800173830813506
FL-2010-000075-TJK,FL-2010-000075-TJK,0.4292856414444227,0.00021255123187445551,1.0707477241626986,0.0002275887477975513
FL-2006-000029-NAM,FL-2006-000029-NAM,0.42711577840112497,0.00020204874311991277,1.1221814471307896,0.00022673535094526088
ST-2012-000061-VNM,ST-2012-000061-VNM,0.4168255929112722,0.0001583229108616974,1.4292565034998714,0.00022628405000211144
FL-2023-000139-LAO,FL-2023-000139-LAO,0.4245459410210991,0.00019021594996807304,1.184828348999989,0.00022537324995413648
FL-2007-000138-UGA,FL-2007-000138-UGA,0.43015215585118477,0.00021688076604131545,1.0368375020093747,0.00022487011169615713
FL-2003-000220-NAM,FL-2003-000220-NAM,0.4375301958601418,0.0002570871142445785,0.8693111681287405,0.0002234886995948015
FL-2024-000144-MLI,FL-2024-000144-MLI,0.4299228468411752,0.00021572736999579282,1.0257206390657925,0.00022127601581606727
FL-2009-000089-BRA,FL-2009-000089-BRA,0.4369101253938447,0.0002534668082265058,0.8672804440779367,0.00021982680599770115
FF-2012-000101-GAB,FF-2012-000101-GAB,0.4203790598834177,0.00017234978507603893,1.2741047244558878,0.00021959167542433806
FL-2011-000061-DOM,FL-2011-000061-DOM,0.42917498035992874,0.00021200395328925629,1.0300527521279053,0.0002183752555475943
FL-1999-000071-MOZ,FL-1999-000071-MOZ,0.42994722067525976,0.00021584970461505364,1.007486678899522,0.00021746570204406323
FL-2019-000138-KEN,FL-2019-000138-KEN,0.42319784521673964,0.00018426144706298428,1.178206310642115,0.00021709799973765608
Ethiopia: Floods - Aug 1996,Ethiopia: Floods - Aug 1996,0.43594816342880544,0.0002479411002011504,0.8753110496380971,0.00021702558466549357
FF-2007-000083-IND,FF-2007-000083-IND,0.43534858443046065,0.00024455208313088183,0.8813888050539815,0.0002155454683241899
FL-2016-000019-HTI,FL-2016-000019-HTI,0.4306990813850966,0.00021965417116727597,0.9718383703338016,0.00021346835174422738
FL-2017-000134-CAF,FL-2017-000134-CAF,0.42742675035995303,0.00020352463686443384,1.0409891559456468,0.00021186693994365124
FF-2006-000022-TLS,FF-2006-000022-TLS,0.4218724262256204,0.00017857119553558394,1.1802888753635958,0.00021076559555102713
FL-2021-000084-TCD,FL-2021-000084-TCD,0.42428702802697416,0.00018905908005721953,1.1145222233746586,0.00021071054625453989
Iran: Floods - Jul 1994,Iran: Floods - Jul 1994,0.4329212719886414,0.00023125400241395144,0.9087721063099059,0.00021015718686632272
FL-2009-000139-PAK,FL-2009-000139-PAK,0.4292686288038935,0.00021246701259131486,0.9836480205002447,0.00020899275635704744
FL-1998-000359-UKR,FL-1998-000359-UKR,0.42969677220019176,0.00021459564966308268,0.970056066676692,0.00020816981183809937
FL-2003-000037-MDG,FL-2003-000037-MDG,0.41882095626450355,0.00016606726779378668,1.2347603990507627,0.00020505328585032593
FL-2005-000051-AGO,FL-2005-000051-AGO,0.42955844325240966,0.00021390581845290066,0.9581450089193589,0.00020495279232945728
FL-2023-000216-KEN,FL-2023-000216-KEN,0.42023323843972493,0.00017175286904145377,1.19256578459642,0.00020482659502510747
FL-2019-000033-PRY,FL-2019-000033-PRY,0.4312658003066167,0.00022256158032256187,0.9195954025807005,0.00020466660605572318
FL-2024-000031-MWI,FL-2024-000031-MWI,0.42392864938841046,0.00018746822819265565,1.0898465961995627,0.00020431161039132867
FL-2010-000003-KEN,FL-2010-000003-KEN,0.42950246052769536,0.00021362720653860234,0.9550122542299223,0.00020401660008127182
FL-2015-000081-PHL,FL-2015-000081-PHL,0.4192976696995856,0.00016796720193821367,1.208181772549164,0.00020293491176783435
FL-2007-000227-ZWE,FL-2007-000227-ZWE,0.4296144649511497,0.0002141849516583682,0.9473870176389487,0.00020291604257476387
FL-2023-000110-CHL,FL-2023-000110-CHL,0.4280389674304047,0.0002064586471672383,0.978626075734756,0.00020204581567878104
FL-2022-000292-LAO,FL-2022-000292-LAO,0.41997326279341174,0.0001706932797920823,1.1820410408414914,0.00020176646211008087
FF-2021-000098-MNG,FF-2021-000098-MNG,0.4217040485874949,0.00017785976123715127,1.1320748662636826,0.00020135056541623853
FL-2023-000036-PER,FL-2023-000036-PER,0.42379187021734444,0.00018686424562645837,1.0717795343349823,0.0002002772741613833
FL-2012-000123-PRK,FL-2012-000123-PRK,0.41758555889905447,0.00016123328897525786,1.2400305385199288,0.0001999342021553283
FL-1998-000179-RUS,FL-1998-000179-RUS,0.42368598436930294,0.00018639788350842783,1.0601281876011002,0.0001976056504164706
FL-2015-000080-MMR,FL-2015-000080-MMR,0.41658953238059127,0.00015742856348306716,1.2536908885177969,0.00019736675563116686
FL-2001-000492-VNM,FL-2001-000492-VNM,0.4247801908097709,0.00019126810569183915,1.0278730882613472,0.00019659933848336847
FL-2015-000017-PAK,FL-2015-000017-PAK,0.42478253168350033,0.0001912786463337265,1.0272519860341873,0.00019649136933225147
FL-2021-000055-TJK,FL-2021-000055-TJK,0.4204190355416978,0.00017251375007406902,1.1378608539843575,0.0001962966429833242
FL-2024-000209-PAN,FL-2024-000209-PAN,0.4213915183364342,0.0001765460071876555,1.105818542180244,0.00019522784829599608
FL-2001-000524-MLI,FL-2001-000524-MLI,0.42665571196762686,0.00019988290029334985,0.9651997077307357,0.00019292691694351306
Paraguay: Floods - Mar 1995,name=Paraguay: Floods - Mar 1995,0.42420734926438786,0.0001887043374248376,1.019170735987299,0.00019232193845726734
FL-2020-000193-SSD,FL-2020-000193-SSD,0.4296787927108442,0.0002145058748720254,0.8956131601804282,0.00019211428447140217
FL-2019-000067-UGA,FL-2019-000067-UGA,0.4226141969642747,0.0001817359405848119,1.0531125508651717,0.00019138839997315254
FL-2009-000135-MEX,FL-2009-000135-MEX,0.42987673885858074,0.00021549612025310267,0.8826021815410172,0.00019019734584901378
FL-2011-000122-NER,FL-2011-000122-NER,0.4224811963990792,0.0001811648102024514,1.0388296068906175,0.00018819936856502592
FF-2009-000069-IDN,FF-2009-000069-IDN,0.43046143800533654,0.00021844520776148616,0.8612099711014543,0.00018812719106352067
Nigeria: Floods - Sep 1994,Nigeria: Floods - Sep 1994,0.42571270489355095,0.00019550871161875448,0.9617582522941903,0.00018803211679474218
FL-2002-000478-PRK,FL-2002-000478-PRK,0.4297515028420414,0.00021486913767859288,0.874770461579816,0.00018796117474635971
FL-2018-000058-COL,FL-2018-000058-COL,0.42401419561522297,0.00018784687140005005,0.991294406755453,0.0001862115529453805
FL-2019-000145-TZA,FL-2019-000145-TZA,0.4182810998564043,0.00016393904963073774,1.1357699773076055,0.00018619705067893341
FL-2024-000216-DOM,FL-2024-000216-DOM,0.4199817317346529,0.00017072770394884005,1.0883570705604324,0.00018581270373326832
FL-2015-000037-HTI,FL-2015-000037-HTI,0.42240725632211784,0.00018084799621456818,1.0256893838267023,0.00018549386980361423
ST-2022-000138-MDG,ST-2022-000138-MDG,0.41672085050353247,0.0001579255172334969,1.1583807019765697,0.00018293787151295099
FL-2011-000161-SOM,FL-2011-000161-SOM,0.4232319408469156,0.00018440995416051865,0.9834528228611097,0.0001813584899828499
FL-2015-000106-BFA,FL-2015-000106-BFA,0.4129924490643535,0.00014435143753125775,1.2559695979615333,0.0001813010169613032
FL-2002-000054-IDN,FL-2002-000054-IDN,0.4254288164893315,0.00019420885853739905,0.9334375249456206,0.00018128183623566393
FL-1997-000026-MOZ,FL-1997-000026-MOZ,0.41900679466492374,0.00016680561124061838,1.0827610863454504,0.00018061062483540883
FL-2025-000038-BOL,FL-2025-000038-BOL,0.4200801470234362,0.00017112819625486836,1.0525186156126618,0.00018011561221446595
FL-2010-000219-PHL,FL-2010-000219-PHL,0.41662289464832414,0.00015755468444036117,1.141795195185297,0.00017989518167294005
FL-2007-000106-IDN,FL-2007-000106-IDN,0.42567839742246727,0.00019535121156082284,0.9201287593720849,0.0001797482679352936
FL-2012-000164-CAF,FL-2012-000164-CAF,0.41705390047035007,0.00015919223225104186,1.1283063800150515,0.00017961761129768836
FL-1997-000199-BEN,FL-1997-000199-BEN,0.42557399812725283,0.00019487263347529166,0.9183529478927861,0.00017896185741566453
FL-2022-000286-MRT,FL-2022-000286-MRT,0.41981456269837014,0.00017004935732113386,1.0505974879699613,0.00017865342763248958
FL-2021-000050-AFG,FL-2021-000050-AFG,0.4155268560733985,0.0001534585112944714,1.1586867556596938,0.00017781034458015755
FL-2022-000249-CIV,FL-2022-000249-CIV,0.4205198719163691,0.0001729279665352951,1.023474098609534,0.00017698729467409082
FF-2014-000059-SRB,FF-2014-000059-SRB,0.42400075773961177,0.00018778734738050904,0.9418030548326259,0.00017685869742187894
India: Floods - Jun 1994,India: Floods - Jun 1994,0.41965411098013505,0.00016940055103334588,1.040373182144351,0.00017623979033556857
FF-2006-000049-IDN,FF-2006-000049-IDN,0.42319448286471795,0.00018424680781787233,0.9546072289122487,0.00017588333464694673
FL-2023-000241-TZA,FL-2023-000241-TZA,0.42043312295553686,0.0001725715647510675,1.0126708213468447,0.00017475818821757372
FF-2007-000100-MLI,FF-2007-000100-MLI,0.4195809418967138,0.00016910542315985548,1.032850525424288,0.00017466062516275328
FL-2016-000058-MMR,FL-2016-000058-MMR,0.4269997842475547,0.00020150069845877838,0.8641831978719268,0.00017413351796753392
FL-1997-000301-UGA,FL-1997-000301-UGA,0.4226734816426653,0.0001819910423004498,0.9567646009320045,0.0001741225869597894
FL-2007-000200-MEX,FL-2007-000200-MEX,0.41724192355537193,0.00015991138659133186,1.0804286921791404,0.0001727728502794256
FL-2019-000051-LBY,FL-2019-000051-LBY,0.4143944767483342,0.00014932742729595962,1.1558008867153804,0.00017259277287959662
FL-2014-000006-PHL,FL-2014-000006-PHL,0.420223503788732,0.00017171308684891794,1.0048551818492002,0.00017254678511145695
FF-2008-000123-PAK,FF-2008-000123-PAK,0.42287330182471194,0.00018285324316986187,0.9434455865501481,0.0001725120852549872
FL-2021-000208-IRQ,FL-2021-000208-IRQ,0.41889794547687514,0.0001663727914143258,1.0347036442805968,0.0001721465335855385
FL-2007-000054-AFG,FL-2007-000054-AFG,0.42493893721428255,0.00019198410511336113,0.8959779952430994,0.00017201353361800977
FL-2021-000127-NER,FL-2021-000127-NER,0.4141908770431103,0.00014859537388270047,1.1513193602048528,0.0001710807307880316
FL-2006-000192-IDN,FL-2006-000192-IDN,0.42562598157636133,0.00019511079938134583,0.875300643790321,0.00017078060830893617
FL-2019-000101-NER,FL-2019-000101-NER,0.41298991927766526,0.000144342595522644,1.1793461107574137,0.00017022987864626066
FL-2010-000102-CRI,FL-2010-000102-CRI,0.42249546869744714,0.0001812260207687353,0.9388100029975206,0.00017013680110112512
FL-2017-000126-NGA,FL-2017-000126-NGA,0.4140781438949591,0.00014819142674638095,1.1480023217546238,0.0001701241019689756
FL-2020-000175-GEO,FL-2020-000175-GEO,0.41728476661963787,0.00016007566203821386,1.0606407542579777,0.00016978277092255626
FL-2023-000176-IDN,FL-2023-000176-IDN,0.42152499713385305,0.0001771060271697312,0.9542932210618613,0.00016901108113727233
FF-2008-000227-ETH,FF-2008-000227-ETH,0.42626093419859384,0.0001980410973674319,0.849511519256154,0.00016823819349976298
Tanzania: Floods - Apr 1989,Tanzania: Floods - Apr 1989,0.4236242108302435,0.00018612629309363142,0.8981542921589569,0.00016717012902568108
FL-1997-000207-SYC,FL-1997-000207-SYC,0.41339336396985066,0.0001457588751152219,1.1353708825085123,0.0001654903826730175
FL-2024-000027-ARG,FL-2024-000027-ARG,0.41913538050448396,0.00016731821591239952,0.9890539476346332,0.00016548674195934263
FL-1999-000244-VNM,FL-1999-000244-VNM,0.4134667873784329,0.00014601796662733175,1.132847715441496,0.00016541611990718538
FL-2001-000453-IRN,FL-2001-000453-IRN,0.4243872585748274,0.00018950617485002068,0.8717258436729041,0.00016519743015235914
FL-2002-000808-MWI,FL-2002-000808-MWI,0.4195922139086905,0.00016915085870329818,0.9632105028592333,0.00016292788367067496
FL-2013-000087-MMR,FL-2013-000087-MMR,0.42193094641765194,0.00017881905591993186,0.8995776132921189,0.00016086161953560225
Chad: Floods in Am Timan - Jul 1985,Chad: Floods in Am Timan - Jul 1985,0.4156954845137532,0.00015408241266703994,1.0422436500602523,0.00016059141618818577
FL-2000-000038-PHL,FL-2000-000038-PHL,0.4103232071842958,0.00013528847651252018,1.1869100960213697,0.00016057525864806015
FF-2008-000092-KEN,FF-2008-000092-KEN,0.4170567498636673,0.00015920310890819313,1.0067078859630323,0.0001602710252077095
FL-2021-000005-IDN,FL-2021-000005-IDN,0.41615013726067934,0.00015577595490046296,1.0205820190497432,0.00015898213857171623
India: Floods - Oct 1996,India: Floods - Oct 1996,0.43907565947325705,0.0002663137701947081,0.5918800598424082,0.00015762581023970117
FL-2007-000177-SLE,FL-2007-000177-SLE,0.41392043219502017,0.00014762797017225352,1.0656581908077745,0.00015732095560638777
FL-2017-000064-IND,FL-2017-000064-IND,0.41624641725622324,0.0001561367317280125,1.0042415418757316,0.0001567989922139767
FL-2013-000104-MLI,FL-2013-000104-MLI,0.4163426691609099,0.00015649815479394885,0.9989817011392044,0.00015633879290120556
FL-2015-000009-ALB,FL-2015-000009-ALB,0.4096509525200821,0.00013308824255044445,1.1668042059205903,0.00015528792116643826
FL-2002-000350-CHN,FL-2002-000350-CHN,0.4307134884087355,0.000219727657259216,0.706219895185805,0.000155176043079026
FL-2016-000071-LBR,FL-2016-000071-LBR,0.415114417501173,0.00015194211693398289,1.0193781830294557,0.00015488647908581257
FL-2007-000077-CHN,FL-2007-000077-CHN,0.43869993860081774,0.0002640436552558751,0.5852259909488726,0.00015452520980088202
FL-2023-000155-KGZ,FL-2023-000155-KGZ,0.4045769146892809,0.00011749272631922992,1.3078043445548737,0.00015365749793388563
FL-2016-000085-MLI,FL-2016-000085-MLI,0.4156618069201506,0.00015395762821088455,0.9795200396753964,0.00015080458209345556
FL-2012-000169-SEN,FL-2012-000169-SEN,0.41609583544184375,0.0001555728082069579,0.9642227294319949,0.00015000683775471323
FL-2022-000376-COD,FL-2022-000376-COD,0.40868038070682733,0.0001299684359895661,1.149086862190552,0.0001493450222950641
FL-2021-000123-CAF,FL-2021-000123-CAF,0.4099566205275948,0.00013408464414293734,1.1137895613764779,0.0001493420769872833
FL-2010-000118-GHA,FL-2010-000118-GHA,0.4087431864062512,0.0001301683087075914,1.1468698410721812,0.00014928610752010997
FF-2020-000240-ZMB,FF-2020-000240-ZMB,0.40604405789436926,0.00012182364608921905,1.2241109429031103,0.00014912565828216874
FL-2022-000321-CAF,FL-2022-000321-CAF,0.4107528461586082,0.00013671174099682434,1.0900469195589455,0.00014902221214112876
FL-2005-000150-NGA,FL-2005-000150-NGA,0.41348146823173737,0.00014606982111629405,1.0189791202777432,0.0001488420978202086
FL-1999-000548-YEM,FL-1999-000548-YEM,0.41992852791071583,0.00017051154715799465,0.8676218575905326,0.000147939545285855
FL-2016-000021-PAK,FL-2016-000021-PAK,0.4061103104196687,0.00012202256669426788,1.2119023313188628,0.00014787943305029466
FL-2011-000067-PHL,FL-2011-000067-PHL,0.41075325215100683,0.00013671309227594617,1.0816683359942454,0.0001478782230307504
FL-2010-000162-HND,FL-2010-000162-HND,0.40537426899447493,0.00011982895866803935,1.2241609596770127,0.00014668993304016415
Indonesia: Floods - Feb 1993,Indonesia: Floods - Feb 1993,0.4039652974908579,0.00011572857028064378,1.260456071218516,0.00014587077902367617
FL-2015-000071-GEO,FL-2015-000071-GEO,0.4111434923781282,0.0001380175157084816,1.0505572323321797,0.00014499529931606556
FL-2012-000043-KGZ,FL-2012-000043-KGZ,0.40624844505920926,0.00012243825095296581,1.178777939336242,0.00014432750915427072
1994-01-01T00:00:00+00:00,1994-01-01T00:00:00+00:00,0.41343479051797455,0.00014590500737738025,0.9792699859742091,0.00014288039452801403
FL-2011-000120-SDN,FL-2011-000120-SDN,0.41164187064848135,0.00013969968640921925,1.019268556883517,0.00014239149776340478
FL-2007-000158-TGO,FL-2007-000158-TGO,0.41052991685066376,0.00013597157017161853,1.0465800406584131,0.0001423051314386008
FL-2019-000047-GEO,FL-2019-000047-GEO,0.4056101729207082,0.00012052812153309233,1.178251681752609,0.00014201246189484887
FL-2024-000059-YEM,FL-2024-000059-YEM,0.40864351644642993,0.00012985124793382863,1.0930394963322032,0.0001419325426397001
FF-2025-000055-SOM,FF-2025-000055-SOM,0.40140380404464193,0.00010859625263045992,1.306794101216083,0.00014191294235165657
FF-2008-000233-PHL,FF-2008-000233-PHL,0.4164576052363371,0.00015693072264439875,0.9037156037455046,0.00014182074276080116
FF-2020-000006-IRN,FF-2020-000006-IRN,0.40365107763949903,0.00011483153300260075,1.2339055159670984,0.00014169126197886698
FF-2012-000102-PHL,FF-2012-000102-PHL,0.3991861076386871,0.00010274345996938093,1.350990691185349,0.0001388054579988082
1996-10-01T00:00:00+00:00,1996-10-01T00:00:00+00:00,0.4163960446578282,0.00015669890259187747,0.8851967262744405,0.00013870935558512736
FL-2004-000100-PAN,FL-2004-000100-PAN,0.41002129620960265,0.00013429632934299298,1.0286129960378907,0.0001381389496823873
FF-2014-000060-AFG,FF-2014-000060-AFG,0.4030328833338227,0.00011308495132917268,1.2150620330886253,0.0001374052308737528
FL-2005-000109-PRK,FL-2005-000109-PRK,0.4189845198767891,0.00016671695704761414,0.8195300266309831,0.00013662955224906767
FL-2006-000018-IRQ,FL-2006-000018-IRQ,0.410075583908746,0.00013447424654285147,1.0127814906988197,0.0001361930278742697
FL-2013-000101-LAO,FL-2013-000101-LAO,0.4064402406526546,0.0001230175287407734,1.1048841434150625,0.00013592011686778724
FL-2008-000089-IND,FL-2008-000089-IND,0.42984420389332395,0.0002153330788327489,0.6302581635823931,0.000135715430823671
FL-2014-000150-SOM,FL-2014-000150-SOM,0.4036339230977414,0.00011478274072249547,1.18193675754845,0.00013566594039207073
FL-2010-000153-PRK,FL-2010-000153-PRK,0.4008181896788118,0.00010702228564733863,1.2596250358956325,0.00013480795040016156
FL-2011-000115-KEN,FL-2011-000115-KEN,0.406118716120639,0.00012204782536709385,1.1017053333721223,0.0001344607401333967
FL-1998-000111-TJK,FL-1998-000111-TJK,0.408431053293556,0.00012917769883614164,1.0388109267052203,0.00013419120503762016
Bhutan: Flash Flood - Oct 1994,Bhutan: Flash Flood - Oct 1994,0.40005990248556966,0.00010501473663754574,1.27391472999028,0.00013377981986861944
FL-2009-000192-MEX,FL-2009-000192-MEX,0.4112157150399298,0.0001382601530301521,0.966761847016349,0.00013366464091219292
FL-2001-000407-IDN,FL-2001-000407-IDN,0.4148578444567855,0.0001510056040227115,0.8809214759172519,0.0001330240795674631
FL-2003-000647-TLS,FL-2003-000647-TLS,0.40512752108530814,0.0001191015645100622,1.1114226107007856,0.00013237217176632137
FL-2009-000206-HTI,FL-2009-000206-HTI,0.4137699015083296,0.00014709196842729999,0.8977256390746227,0.0001320482313591421
FL-2020-000242-COL,FL-2020-000242-COL,0.4052073624197583,0.00011933649462492915,1.1047518015144244,0.0001318372074233069
FF-2022-000278-MNG,FF-2022-000278-MNG,0.40474837888642506,0.00011799162429798413,1.1090906111433032,0.00013086340270244224
FL-2024-000074-ETH,FL-2024-000074-ETH,0.4054069256872138,0.00011992552711594127,1.0897711550904126,0.00013069138020996591
FL-2007-000076-KEN,FL-2007-000076-KEN,0.4113258846327692,0.00013863101535778783,0.9420505534012065,0.00013059742473637518
FL-2024-000212-HTI,FL-2024-000212-HTI,0.4135418250042505,0.00014628318246625408,0.8913366497024602,0.00013038756176728458
Viet Nam: Floods - Oct 1996,Viet Nam: Floods - Oct 1996,0.4001030245174686,0.00010512798582726887,1.2349455247629835,0.00012982733562473206
FL-2002-000265-KEN,FL-2002-000265-KEN,0.4117047171392738,0.00013991311633429612,0.9272835596446518,0.00012973913255544237
2012-000020-MDG,2012-000020-MDG,0.4058412219438851,0.0001212164523261068,1.0660663642203847,0.00012922478261498627
FL-2024-000162-CMR,FL-2024-000162-CMR,0.4011785420503369,0.00010798836291248181,1.17910520477484,0.00012732964076522162
FL-2024-000168-DZA,FL-2024-000168-DZA,0.40578150628969045,0.00012103821196057667,1.0502118589927467,0.00012711576559227533
FL-2020-000176-SDN,FL-2020-000176-SDN,0.4071185117635299,0.00012508594182431384,1.0057698073879717,0.00012580766361558316
FL-2007-000051-TUN,FL-2007-000051-TUN,0.40367658517212485,0.00011490411802217482,1.093065903907382,0.00012559777362858903
FL-2019-000058-TJK,FL-2019-000058-TJK,0.40943273053274165,0.00013238097556590974,0.9455169340537894,0.0001251684541441286
India: Floods - Aug 1989,India: Floods - Aug 1989,0.40595657902520943,0.00012156144131875296,1.0282737934207815,0.00012499844439853183
FL-2012-000067-RWA,FL-2012-000067-RWA,0.4052257724179196,0.00011939072448549526,1.0464774403141628,0.00012493969975683453
FL-2008-000095-SUR,FL-2008-000095-SUR,0.4054094244568801,0.00011993291906122231,1.0299679617320212,0.0001235270641900586
India: Floods - Nov 1992,India: Floods - Nov 1992,0.4331017559032387,0.000232219905891078,0.5284357881003552,0.0001227133089821421
FL-2006-000164-TZA,FL-2006-000164-TZA,0.4037441429475868,0.00011509656206244178,1.066054638511988,0.00012269922386344898
FL-2020-000198-SEN,FL-2020-000198-SEN,0.3994097796237741,0.00010332060593388811,1.1855921930050197,0.00012249610377176585
FL-2007-000127-MRT,FL-2007-000127-MRT,0.4129835281778029,0.00014432025977883993,0.8469121364760579,0.00012222657954607703
FL-2018-000092-MNG,FL-2018-000092-MNG,0.40488542162973357,0.00011839173844655557,1.031500359443832,0.0001221211207628022
FL-2010-000107-PHL,FL-2010-000107-PHL,0.40438339424063474,0.00011693193391386021,1.0440934584066572,0.00012208786727830099
FL-2004-000059-AFG,FL-2004-000059-AFG,0.4039990634275493,0.00011582533982391576,1.05356410211551,0.00012202942015380763
FL-2003-000531-IDN,FL-2003-000531-IDN,0.4105688047979566,0.0001361004258180565,0.8955935776847792,0.0001218906672828151
FL-2012-000157-CMR,FL-2012-000157-CMR,0.4021102443736554,0.00011052267192669213,1.1008538293751604,0.00012166930662327357
FL-2007-000165-BEN,FL-2007-000165-BEN,0.4067347915034867,0.00012391196073174157,0.9807232123464087,0.00012152333617697564
FF-2018-000041-SOM,FF-2018-000041-SOM,0.4054975424513166,0.00012019385505466896,1.009447103436575,0.00012132933883581112
FL-2013-000103-YEM,FL-2013-000103-YEM,0.3976613770580828,9.88858431604123e-05,1.2259024872779882,0.00012122440108693048
FL-2013-000017-PNG,FL-2013-000017-PNG,0.4018607395428521,0.00010983880299521177,1.0931237284308373,0.00012006740185650611
FL-2007-000189-NIC,FL-2007-000189-NIC,0.4043521662966866,0.0001168416662308386,1.0272245921975405,0.00012002263294565433
FL-2009-000122-IND,FL-2009-000122-IND,0.41676798526808856,0.00015810423572121845,0.7572559930408027,0.00011972538002502844
FL-2009-000171-AFG,FL-2009-000171-AFG,0.4025985305787343,0.00011187211648649569,1.0657008277559579,0.0001192222071424694
FF-2007-000091-AFG,FF-2007-000091-AFG,0.40521110847554576,0.00011934752748873831,0.9987067503482862,0.00011919318134038059
FL-2009-000268-AGO,FL-2009-000268-AGO,0.41188524473078414,0.00014052783058264605,0.8462892322451147,0.00011892718985285907
Mali: Floods - Sep 1989,Mali: Floods - Sep 1989,0.40582524959826793,0.00012116875465243645,0.9644742111394081,0.00011686413905815313
FF-2020-000153-BIH,FF-2020-000153-BIH,0.4039222770103088,0.00011560538362389677,1.0072124375171865,0.0001164391802299345
Russia: Floods - Sep 1994,Russia: Floods - Sep 1994,0.4104498082342152,0.0001357064753727479,0.8535275801300156,0.00011582921953287508
FL-2010-000242-AGO,FL-2010-000242-AGO,0.3931608658810865,8.824758488830703e-05,1.3120034095843343,0.0001157811322610418
FF-2008-000082-PHL,FF-2008-000082-PHL,0.4029380552527292,0.00011281915956751277,1.0221858264656736,0.00011532214586368074
FL-2020-000199-MRT,FL-2020-000199-MRT,0.40803074466175204,0.00012791718078937852,0.8999640370776387,0.00011512086243479927
FL-2009-000174-NER,FL-2009-000174-NER,0.4068523641607652,0.00012427061271312725,0.9234579036877298,0.00011475867950605424
FL-2003-000482-MEX,FL-2003-000482-MEX,0.4036045378460926,0.0001146992042616653,1.0003169105139786,0.0001147355536454408
FL-2006-000031-PER,FL-2006-000031-PER,0.4095927780420533,0.00013289936484445463,0.8622372185675087,0.0001145907786928711
FL-2001-000320-TLS,FL-2001-000320-TLS,0.40536028266964474,0.00011978762139823,0.9542028064575442,0.00011430168451706485
Benin: Floods - Sep 1994,Benin: Floods - Sep 1994,0.40980348834301467,0.00013358463525185276,0.8448106334634848,0.0001128537203281063
FL-2023-000111-MNG,FL-2023-000111-MNG,0.405341407822366,0.00011973185620701063,0.9369855719118949,0.00011218702176419861
FL-2007-000161-UGA,FL-2007-000161-UGA,0.4042534194213664,0.00011655664047098213,0.9520505600973528,0.00011096781484346432
Iran: Flash Floods - Jul 1996,Iran: Flash Floods - Jul 1996,0.40134337139865434,0.00010843286816802293,1.0233099144994446,0.00011096042905394909
FL-2012-000200-BFA,FL-2012-000200-BFA,0.3989089214141103,0.00010203225666936845,1.0864384324897092,0.00011085176499925632
FL-2012-000153-IDN,FL-2012-000153-IDN,0.3987046707151784,0.00010151102973747555,1.0883954096363029,0.00011048413879372263
FL-2012-000138-NGA,FL-2012-000138-NGA,0.39347966075924906,8.896575790281756e-05,1.2369286645182986,0.0001100442961105904
China: Floods - Aug 1985,China: Floods - Aug 1985,0.42977050536002526,0.00021496416625119838,0.5116338983381565,0.00010998295438211222
FL-2005-000002-GUY,FL-2005-000002-GUY,0.4001880264733165,0.00010535154405678213,1.0423752684972483,0.00010981584402278796
FF-2006-000163-AFG,FF-2006-000163-AFG,0.40088191932440276,0.0001071925716924374,1.0230726450626195,0.0001096657878524464
FL-2006-000106-MRT,FL-2006-000106-MRT,0.40606780237380025,0.00012189490437552578,0.8996315305030165,0.0001096604993838731
FL-2002-000500-IRN,FL-2002-000500-IRN,0.40465961168453385,0.00011773310675515199,0.9286481080441721,0.00010933262684233443
FL-2023-000169-BRA,FL-2023-000169-BRA,0.39708976938607615,9.747359423921504e-05,1.1172435166273167,0.00010890174120612476
FL-2020-000165-NPL,FL-2020-000165-NPL,0.39848399727743544,0.00010095058789988275,1.0774034394387852,0.00010876451061670109
FL-2023-000160-NER,FL-2023-000160-NER,0.398737135388074,0.00010159371575562601,1.068084370484078,0.00010851065993798615
FL-2019-000163-UGA,FL-2019-000163-UGA,0.4023484606645804,0.00011117917347424105,0.9750374650400142,0.00010840385946956798
Iran: Floods - Dec 1991,Iran: Floods - Dec 1991,0.4140163210931487,0.00014797032219231214,0.7306781420678033,0.00010811868010065289
Philippines: Floods and Landslides - Jun 2018,Philippines: Floods and Landslides - Jun 2018,0.39872868030365916,0.00010157217521159054,1.0625282512687408,0.00010792330570513344
FL-2011-000190-AGO,FL-2011-000190-AGO,0.40609422922031124,0.00012197425667730825,0.8834264830455577,0.00010775528859853056
FF-2009-000159-PAK,FF-2009-000159-PAK,0.4064287085872226,0.00012298262902047527,0.8753042401744937,0.00010764721664942875
FL-2016-000060-IND,FL-2016-000060-IND,0.39484812844682454,9.210873933347131e-05,1.168540290886529,0.00010763277305392604
FL-2025-000022-PER,FL-2025-000022-PER,0.3923025316193768,8.633981373909816e-05,1.244445279687572,0.00010744517365672488
FL-2008-000185-SOM,FL-2008-000185-SOM,0.39922203269831186,0.00010283596218888606,1.0367109285362797,0.00010661116584776182
FL-2009-000217-IND,FL-2009-000217-IND,0.4142347656871014,0.00014875290415257856,0.7154666505101737,0.00010642774208770628
FL-2006-000156-TUR,FL-2006-000156-TUR,0.39670914516224154,9.654329606629576e-05,1.1004723456560104,0.00010624322747943918
Paraguay: Floods - Feb 1990,name=Paraguay: Floods - Feb 1990,0.39285699443491184,8.7567892446705e-05,1.2090275213437827,0.00010587199195413869
FL-2006-000027-IDN,FL-2006-000027-IDN,0.401866159841625,0.0001098536189552628,0.9608535718134472,0.00010555324214979766
FL-2009-000208-AZE,FL-2009-000208-AZE,0.4028094205978108,0.00011245951066384026,0.9365765261408021,0.00010532693782903401
FL-2015-000040-SOM,FL-2015-000040-SOM,0.40155651301539186,0.00010901010125986,0.9639478737922579,0.00010508005533132077
Bolivia: Landslides/Floods - Mar 1994,Bolivia: Landslides/Floods - Mar 1994,0.4092396082137803,0.00013175788116719743,0.7919956578021904,0.00010435166976563736
FL-2009-000261-PER,FL-2009-000261-PER,0.40282756728462493,0.00011251018428719675,0.9204310126131963,0.00010355786285276183
FL-2014-000155-HTI,FL-2014-000155-HTI,0.4010254678194739,0.00010757702781154643,0.9609684498537625,0.00010337812965593688
FL-2001-000180-IRN,FL-2001-000180-IRN,0.4010193522467138,0.00010756062361660243,0.9510109146925885,0.00010229132705053031
FL-2002-000110-BOL,FL-2002-000110-BOL,0.40268014940251107,0.00011209912191076935,0.9049212581915606,0.00010144087844166253
FL-2014-000070-LKA,FL-2014-000070-LKA,0.38911497349582375,7.95755101824982e-05,1.2712089853111195,0.00010115710355470819
FL-2019-000030-IRQ,FL-2019-000030-IRQ,0.39380446488941057,8.9702874043463e-05,1.1268493447600907,0.00010108162483897324
FL-2024-000077-LKA,FL-2024-000077-LKA,0.3949820412184262,9.242160337874419e-05,1.0924845776964491,0.00010096917633725606
FF-2020-000221-SOM,FF-2020-000221-SOM,0.38645009156969057,7.429064781289505e-05,1.35732395292219,0.00010083647575454896
FL-2021-000043-YEM,FL-2021-000043-YEM,0.39862577519673487,0.0001013103388954093,0.9940613442321855,0.00010070869166698883
India-Manipur: Floods - Apr 2004,India-Manipur: Floods - Apr 2004,0.4267006467931702,0.00020009351416616124,0.5,0.00010004675708308062
Tanzania: Floods - May 1995,Tanzania: Floods - May 1995,0.3976994019539259,9.898043978160327e-05,1.0095645424628938,9.992714240089032e-05
FL-1999-000053-PHL,FL-1999-000053-PHL,0.38939580930819895,8.015169909263644e-05,1.2432398621173615,9.964778732840157e-05
Azerbaijan: Floods - Jun 1995,Azerbaijan: Floods - Jun 1995,0.40134529585675793,0.00010843806768119505,0.9175461452516915,9.949693099942254e-05
FL-2008-000234-BRA,FL-2008-000234-BRA,0.3980106048471796,9.975770250501476e-05,0.9860207753496221,9.836316717109159e-05
FL-2024-000230-GAB,FL-2024-000230-GAB,0.40559767326055496,0.00012049098361713899,0.815792210566319,9.829560587833594e-05
FL-2015-000079-CRI,FL-2015-000079-CRI,0.3939060823678493,8.993461270018866e-05,1.090367135378019,9.806174602123633e-05
FL-2012-000191-HTI,FL-2012-000191-HTI,0.41011642721614083,0.0001346082422140412,0.7267675710899211,9.782890524258251e-05
FL-1999-000574-VNM,FL-1999-000574-VNM,0.3928189473283606,8.748312233040529e-05,1.114647519535003,9.751284530676348e-05
FL-2021-000039-BDI,FL-2021-000039-BDI,0.3966587527914046,9.642073106783777e-05,1.0111286560166783,9.749376421676838e-05
FL-2012-000110-IND,FL-2012-000110-IND,0.400955548843866,0.00010738961385419789,0.9076110411740193,9.746799924148443e-05
FL-2011-000164-CAF,FL-2011-000164-CAF,0.400330426364801,0.00010572701988881846,0.9191458685754219,9.717855352759894e-05
FL-2004-000116-CAF,FL-2004-000116-CAF,0.4040976016782779,0.00011610815635777683,0.8356212418186781,9.702244180096272e-05
FL-2008-000074-BFA,FL-2008-000074-BFA,0.39223859479497597,8.619920168012615e-05,1.114930663460651,9.610613311900152e-05
FL-2023-000085-HTI,FL-2023-000085-HTI,0.3938862238768257,8.988928309849851e-05,1.0690779120906408,9.609864709426732e-05
FL-1997-000177-MMR,FL-1997-000177-MMR,0.39825582499930934,0.00010037403114497879,0.9561349496906492,9.597111921905195e-05
FL-2012-000066-COM,FL-2012-000066-COM,0.3915984135806533,8.480261362777296e-05,1.129673337592446,9.579925157344892e-05
FL-2024-000123-BFA,FL-2024-000123-BFA,0.3892967384521679,7.994800885969006e-05,1.1979418788258864,9.577306794176572e-05
FL-2008-000031-PER,FL-2008-000031-PER,0.39761513712492946,9.877091917743048e-05,0.9634315068788812,9.515901549892403e-05
Iran: Floods - Feb 1991,Iran: Floods - Feb 1991,0.39642370391765525,9.585088998005777e-05,0.9877471286935022,9.467644136051885e-05
FL-2005-000065-GEO,FL-2005-000065-GEO,0.3902144070826745,8.185269801943384e-05,1.1559686487957939,9.461915272981509e-05
FL-1994-000007-VNM,FL-1994-000007-VNM,0.3923089271317795,8.635389032071631e-05,1.0899814138986574,9.412413546742395e-05
FL-2017-000054-BFA,FL-2017-000054-BFA,0.3863409191700642,7.408104285355074e-05,1.26465349431215,9.368684970703107e-05
FL-2002-000374-IND,FL-2002-000374-IND,0.4166526184827317,0.00015766712744867196,0.5937469444772157,9.361437516714872e-05
Mongolia: Flash Floods - Aug 1994,Mongolia: Flash Floods - Aug 1994,0.39757074005548276,9.866068854898174e-05,0.944597599391765,9.319464955770675e-05
FL-2013-000125-BFA,FL-2013-000125-BFA,0.3892489267548118,7.984987451216891e-05,1.1601880124394874,9.264086720381574e-05
FL-2005-000063-SRB,FL-2005-000063-SRB,0.40143001728905026,0.00010866719109119203,0.8449809676901925,9.18217082844105e-05
FL-2013-000119-MRT,FL-2013-000119-MRT,0.3891513965043547,7.96500280203579e-05,1.148465884201649,9.147533985708646e-05
FL-2007-000139-KEN,FL-2007-000139-KEN,0.3928848884060719,8.763008802667982e-05,1.0383627898563688,9.099182267874243e-05
FL-2022-000356-ETH,FL-2022-000356-ETH,0.3946713990755285,9.169730084365191e-05,0.9852801574957187,9.034753101716566e-05
Russian Federation: Floods - Apr 2004,Russian Federation: Floods - Apr 2004,0.400919433395168,0.000107292923524436,0.8416206812536089,9.029994339032719e-05
FF-2017-000122-CMR,FF-2017-000122-CMR,0.3888982498166029,7.913341109936661e-05,1.1398719755326612,9.020195764047324e-05
FL-1999-000286-GMB,FL-1999-000286-GMB,0.38871294767850595,7.8757163864315e-05,1.1434551069584922,9.00552812302178e-05
FL-2000-000375-CHL,FL-2000-000375-CHL,0.3933767803898154,8.873341886757991e-05,1.0133991498781652,8.992237124618861e-05
FL-2007-000149-CMR,FL-2007-000149-CMR,0.39245152633806735,8.666828942823252e-05,1.035118095353682,8.971191468051371e-05
FL-1999-000423-TGO,FL-1999-000423-TGO,0.39274984283272546,8.732934427300543e-05,1.0262432439346245,8.96211495574127e-05
1993-12-00T00:00:00+00:00,1993-12-00T00:00:00+00:00,0.4069011239605982,0.00012441962694220642,0.7194550254691349,8.951432587056538e-05
FL-1997-000337-IND,FL-1997-000337-IND,0.38981794645019774,8.102486069746399e-05,1.1040807822685879,8.94579915820594e-05
FL-2003-000227-CHN,FL-2003-000227-CHN,0.4097778979780685,0.00013350124115648368,0.667747313747308,8.914509516417354e-05
FL-2023-000193-NGA,FL-2023-000193-NGA,0.3871751864608038,7.56963888669602e-05,1.175681161425123,8.899481837879553e-05
FL-2019-000089-SLE,FL-2019-000089-SLE,0.3904030770276947,8.224932069050963e-05,1.0808607361671503,8.890006131079226e-05
China: Floods and Landslides - Jul 1989,name=China: Floods and Landslides - Jul 1989,0.38733427337772636,7.60079944738518e-05,1.1642613331648382,8.849316897731235e-05
FL-1991-000009-VNM,FL-1991-000009-VNM,0.38720668157261146,7.575798731661647e-05,1.1677435677731713,8.846590239642038e-05
Ghana: Floods - Jul 1995,Ghana: Floods - Jul 1995,0.3994227879680863,0.00010335426126942146,0.8551639114187951,8.838483432895854e-05
FL-2019-000087-PAK,FL-2019-000087-PAK,0.3893365503708701,8.002980632859342e-05,1.0947940580011841,8.761615643152963e-05
FL-2007-000126-PRK,FL-2007-000126-PRK,0.3972053090535677,9.775758100854006e-05,0.8947450500988214,8.746811171702576e-05
FL-2024-000118-PAK,FL-2024-000118-PAK,0.39070791171703345,8.2893801437094e-05,1.0477381195692326,8.685099564164622e-05
FL-2012-000210-MWI,FL-2012-000210-MWI,0.3902833629746198,8.199745731445827e-05,1.055907660515866,8.658174332115921e-05
FL-2001-000025-MWI,FL-2001-000025-MWI,0.3937545032553715,8.958913372875488e-05,0.9654424418241856,8.649315202800261e-05
Zambia: Floods - Apr 2004,Zambia: Floods - Apr 2004,0.39969855327710413,0.00010407004999332493,0.8301170229297365,8.639032007660775e-05
FL-2009-000045-BOL,FL-2009-000045-BOL,0.3969785894311538,9.720102449011689e-05,0.8880873516614503,8.632300041820767e-05
FL-2008-000010-BRA,FL-2008-000010-BRA,0.3949641314479023,9.237970496739191e-05,0.9286542498207508,8.578880561515563e-05
FL-2022-000349-CMR,FL-2022-000349-CMR,0.38526884634457015,7.205081946654362e-05,1.1868126206379996,8.551082187020403e-05
FL-2009-000240-PAN,FL-2009-000240-PAN,0.3930566394267816,8.801392052746874e-05,0.9710725385234801,8.54679012320129e-05
FL-2019-000098-CAF,FL-2019-000098-CAF,0.38522175761488137,7.19628051835408e-05,1.186559142506317,8.538812441093132e-05
FL-2001-000227-RUS,FL-2001-000227-RUS,0.3973028996688191,9.799803039388697e-05,0.869164657517399,8.517642452468243e-05
FL-2001-000335-KOR,FL-2001-000335-KOR,0.3812824489609736,6.49334001425206e-05,1.3077777012476726,8.491845277258088e-05
Bolivia: Chapare River Floods - Jan 1987,Bolivia: Chapare River Floods - Jan 1987,0.4006404199049969,0.00010654856959344593,0.7937364930631707,8.457148796999896e-05
FF-2020-000123-YEM,FF-2020-000123-YEM,0.38824212521447277,7.780841277335433e-05,1.082595733416551,8.423505569234727e-05
FL-2011-000133-MEX,FL-2011-000133-MEX,0.39819807375994887,0.00010022857329696738,0.8391023593878815,8.410203233156654e-05
FL-2017-000149-TGO,FL-2017-000149-TGO,0.38454339190213366,7.07055536350477e-05,1.1893964633714496,8.409693543424607e-05
FL-2024-000019-IRN,FL-2024-000019-IRN,0.3859400726583341,7.331599665298695e-05,1.1462709369280168,8.40399961752307e-05
FL-2024-000036-BRA,FL-2024-000036-BRA,0.3931309696916424,8.818050384951314e-05,0.952179776292138,8.396369242875743e-05
FF-2007-000082-PAK,FF-2007-000082-PAK,0.39072537671048707,8.293086316298715e-05,1.0098825024924718,8.375042762489821e-05
FL-2005-000184-VNM,FL-2005-000184-VNM,0.3861823993427894,7.37776410028032e-05,1.1335707457861832,8.363217553389291e-05
FL-2020-000213-LAO,FL-2020-000213-LAO,0.3846496596786536,7.090119014388466e-05,1.1779112023169338,8.351530612808472e-05
FL-2021-000068-SUR,FL-2021-000068-SUR,0.3877737825336751,7.687487629826572e-05,1.0828851876395205,8.32466648450124e-05
FL-2024-000048-URY,FL-2024-000048-URY,0.3912373419500279,8.402393115904923e-05,0.9844872518135657,8.27204890733446e-05
FF-2018-000158-TUN,FF-2018-000158-TUN,0.3878600774926115,7.70461246373861e-05,1.0728594544762617,8.265966324797612e-05
Algeria: Floods - Nov 1994,Algeria: Floods - Nov 1994,0.38754384603875863,7.642024918499674e-05,1.0762250844313983,8.224538913139162e-05
FL-2019-000093-NGA,FL-2019-000093-NGA,0.3747441367233527,5.4619593757119535e-05,1.4999999960810835,8.192939042162967e-05
FL-2009-000245-SRB,FL-2009-000245-SRB,0.38700024553367446,7.535505750390931e-05,1.0840237655442986,8.168667318819492e-05
FL-2013-000081-PRK,FL-2013-000081-PRK,0.3852546249095845,7.202422775363023e-05,1.132099170129612,8.153856846911095e-05
FL-2020-000237-LKA,FL-2020-000237-LKA,0.3869737765573351,7.530353408802666e-05,1.0827634742900054,8.15359161954676e-05
FL-1999-000240-SRB,FL-1999-000240-SRB,0.3928927090148202,8.764753288252052e-05,0.9277347612612893,8.131366299390618e-05
FL-2010-000121-DOM,FL-2010-000121-DOM,0.38802399178280667,7.737235066127927e-05,1.0483997898689967,8.111715617495553e-05
FL-2023-000088-ITA,FL-2023-000088-ITA,0.38492422280609173,7.140891192935617e-05,1.135182250938361,8.106212938102571e-05
FL-2010-000019-MEX,FL-2010-000019-MEX,0.3909264345089342,8.335859478006606e-05,0.971123387516118,8.095148094140114e-05
FL-2006-000133-NER,FL-2006-000133-NER,0.39255160780034765,8.688956133687098e-05,0.9314416156120189,8.093255339143472e-05
FF-2022-000309-SLE,FF-2022-000309-SLE,0.38269673202150817,6.738256462728927e-05,1.196452650536421,8.062004804826194e-05
Iran: Floods - May 1992,Iran: Floods - May 1992,0.400135441903667,0.00010521319431432541,0.7638289675273252,8.036488558336302e-05
FL-2016-000044-CHN,FL-2016-000044-CHN,0.3914424132228667,8.446539194097188e-05,0.9486861479465856,8.013114731527918e-05
FL-2016-000066-PAK,FL-2016-000066-PAK,0.37742933942359014,5.86619600353089e-05,1.365086108875814,8.007862676362833e-05
FL-2008-000024-PHL,FL-2008-000024-PHL,0.39161822500525156,8.484552603655812e-05,0.9337647066375215,7.92257577290329e-05
FL-2012-000173-SOM,FL-2012-000173-SOM,0.3792129569671796,6.149384929124317e-05,1.2873846983559718,7.916624062055468e-05
FL-2019-000167-BDI,FL-2019-000167-BDI,0.3896731768347447,8.072445497280998e-05,0.9726765386670255,7.851878344873496e-05
FL-2003-000389-BFA,FL-2003-000389-BFA,0.38630959409002447,7.40209987847628e-05,1.0605355785233375,7.850190276907367e-05
FL-2016-000011-TZA,FL-2016-000011-TZA,0.38559832573504393,7.266937003010959e-05,1.076733992508393,7.824558092558965e-05
FL-2022-000277-SDN,FL-2022-000277-SDN,0.3859203768217116,7.327858959371399e-05,1.0675858088870211,7.823118234550521e-05
FL-2022-000261-GEO,FL-2022-000261-GEO,0.3864306586547919,7.425329869001885e-05,1.0491729788203328,7.790455457384299e-05
FL-2021-000051-SOM,FL-2021-000051-SOM,0.3814754338114191,6.526280798272761e-05,1.1926575207202363,7.783617876392076e-05
FL-2016-000114-EGY,FL-2016-000114-EGY,0.3838709423665855,6.947881272730206e-05,1.1202710928869943,7.783510546650549e-05
FF-2011-000049-IRQ,FF-2011-000049-IRQ,0.38792771236983287,7.718058282225608e-05,1.0077513232427067,7.777883446777187e-05
Peru: Floods - Mar 1986,Peru: Floods - Mar 1986,0.3847041393560039,7.100167474569872e-05,1.083828272153741,7.695362245965254e-05
FL-2022-000333-THA,FL-2022-000333-THA,0.38638562215219663,7.416680566661932e-05,1.0333160681612519,7.663775201951073e-05
FL-2020-000195-CMR,FL-2020-000195-CMR,0.39213343355286084,8.596837568310519e-05,0.8859055483526522,7.615986100052812e-05
FL-2013-000085-NIC,FL-2013-000085-NIC,0.38280017618343487,6.756492357949197e-05,1.1269320283443198,7.614107637436584e-05
FL-2009-000179-LBR,FL-2009-000179-LBR,0.38794428950282844,7.721357038163013e-05,0.9840111740692383,7.597901604530563e-05
FL-2010-000015-PSE,FL-2010-000015-PSE,0.38342600464226406,6.867768409732965e-05,1.1058643718376864,7.594820398356052e-05
FL-1999-000428-VNM,FL-1999-000428-VNM,0.38909780381626097,7.954040449798409e-05,0.9536527315229473,7.585392401594264e-05
Indonesia: Floods and Landslides - Feb 1990,Indonesia: Floods and Landslides - Feb 1990,0.3826539151181604,6.730721356251112e-05,1.126768567319263,7.583965259608232e-05
FF-2020-000138-TJK,FF-2020-000138-TJK,0.39022048066807535,8.186543907062083e-05,0.9245550834716685,7.568910785338264e-05
FL-2021-000152-GEO,FL-2021-000152-GEO,0.38491585025202857,7.139338117230009e-05,1.0591574472605578,7.561683135375334e-05
FL-2024-000139-TCD,FL-2024-000139-TCD,0.3884852995871421,7.829713952294924e-05,0.9523043457078162,7.456270622419576e-05
FL-2010-000091-VNM,FL-2010-000091-VNM,0.38320823225021194,6.828861460839873e-05,1.0820602515614735,7.389239550194844e-05
FL-2017-000017-PAK,FL-2017-000017-PAK,0.3803402329648081,6.334650835747238e-05,1.1625966759620305,7.364644005019838e-05
FL-2004-000043-IND,FL-2004-000043-IND,0.39878641337156107,0.00010171934033654446,0.7238181749939552,7.362630728398663e-05
FL-1997-000025-MWI,FL-1997-000025-MWI,0.38607975717716625,7.358178417387479e-05,0.9993439480764741,7.353351070283105e-05
FL-2005-000132-MKD,FL-2005-000132-MKD,0.3842696506049495,7.020383792362066e-05,1.0452123135987392,7.337791585965846e-05
FL-2005-000094-AFG,FL-2005-000094-AFG,0.3820037600351771,6.61723223391352e-05,1.1022905778568743,7.29411274293367e-05
FL-2008-000011-TZA,FL-2008-000011-TZA,0.3893400690121928,8.003703934167188e-05,0.9097876410731471,7.281670922113834e-05
FL-2009-000176-MLI,FL-2009-000176-MLI,0.3865301562802465,7.444470671578113e-05,0.9776318968582874,7.2779519837608e-05
FL-2008-000032-KAZ,FL-2008-000032-KAZ,0.3854592188017857,7.240763605358213e-05,0.9978373267784768,7.225104199805526e-05
FF-2023-000107-GEO,FF-2023-000107-GEO,0.3886604272112492,7.865081677660965e-05,0.9175232708403509,7.216395466314002e-05
FF-2014-000009-TZA,FF-2014-000009-TZA,0.3836364417253805,6.905554259664087e-05,1.0439643751945358,7.209152638062184e-05
FL-2011-000059-CHN,FL-2011-000059-CHN,0.38193108431634837,6.604653807985126e-05,1.0913766390536792,7.208164875071891e-05
FL-1998-000085-IRN,FL-1998-000085-IRN,0.3907892715657865,8.30665788558623e-05,0.8666405740383654,7.198886758304764e-05
FL-2009-000095-TJK,FL-2009-000095-TJK,0.37626333223097813,5.687468094546268e-05,1.2601155392859784,7.166866925130966e-05
FL-2010-000021-AFG,FL-2010-000021-AFG,0.38191405075891904,6.601708821858138e-05,1.0852931770014216,7.164789540912731e-05
FL-2024-000039-KAZ,FL-2024-000039-KAZ,0.37757308291196534,5.888575665020312e-05,1.2154593718752695,7.157324479045586e-05
FL-2018-000105-BGD,FL-2018-000105-BGD,0.38531869626515836,7.214410029330366e-05,0.991882742040366,7.15584880209572e-05
FL-2025-000060-HTI,FL-2025-000060-HTI,0.37862348092034404,6.054460345426358e-05,1.177091149533168,7.126651687800893e-05
FL-2000-000408-VNM,FL-2000-000408-VNM,0.38053155819226,6.36658870625333e-05,1.1142401773728954,7.093908929315983e-05
FL-2023-000229-ETH,FL-2023-000229-ETH,0.3879522124376511,7.722934105611921e-05,0.9110164433296456,7.035719960963789e-05
FL-2009-000140-MNG,FL-2009-000140-MNG,0.38200528426816127,6.617496272799894e-05,1.0589605890169638,7.007667750861739e-05
FL-2010-000208-RUS,FL-2010-000208-RUS,0.3735882139361092,5.2958010980635634e-05,1.3220723863339372,7.00143239526678e-05
FF-2009-000107-THA,FF-2009-000107-THA,0.3830517540080974,6.801027850539696e-05,1.0240911244438284,6.96487225883299e-05
FL-1998-000392-IND,FL-1998-000392-IND,0.37624118756648456,5.684121669026537e-05,1.2193931606788748,6.93117908767755e-05
FL-2003-000020-MOZ,FL-2003-000020-MOZ,0.3853693777818169,7.223904864102118e-05,0.9593256023439679,6.930076885030284e-05
FL-2024-000045-KEN,FL-2024-000045-KEN,0.3829928643999184,6.790579317317121e-05,1.0196971903586571,6.924334650775877e-05
FL-2015-000145-SOM,FL-2015-000145-SOM,0.3819690203999936,6.611216948041614e-05,1.0458367139854998,6.914253408385087e-05
FL-2020-000050-AFG,FL-2020-000050-AFG,0.3737398966136982,5.317342209435021e-05,1.297519598929159,6.899355730955217e-05
Gabon: Inondations - Nov 1988,Gabon: Inondations - Nov 1988,0.39003763129335756,8.148264214835561e-05,0.8449363174492606,6.884764359286749e-05
FL-1997-000299-PRY,FL-1997-000299-PRY,0.3801682520286045,6.306065243872731e-05,1.0913298267640643,6.881997090158514e-05
FL-2004-000028-DOM,FL-2004-000028-DOM,0.38697327076980925,7.530254985171699e-05,0.9133490270228894,6.877751063940834e-05
Brazil: Floods - Dec 1989,Brazil: Floods - Dec 1989,0.3826181657555442,6.724435836748541e-05,1.0188400740791148,6.851124706053137e-05
FL-2010-000249-IND,FL-2010-000249-IND,0.37658454384146567,5.736208292444276e-05,1.1839008478756656,6.791101861016203e-05
FL-2006-000169-SOM,FL-2006-000169-SOM,0.38513581088286375,7.180241024651553e-05,0.9442290549591343,6.779792197085542e-05
FL-2022-000190-TUN,FL-2022-000190-TUN,0.3798386112780252,6.251598734676571e-05,1.0842181471624253,6.778096796913995e-05
FL-2010-000151-COD,FL-2010-000151-COD,0.3801246113292246,6.298830053157742e-05,1.0701901252471506,6.7409457234994e-05
FF-2012-000148-PAK,FF-2012-000148-PAK,0.37348513058163346,5.281206644100781e-05,1.2682719122340163,6.698006049416689e-05
FL-2019-000094-GTM,FL-2019-000094-GTM,0.3767257102551961,5.7577473410264584e-05,1.1627948729486577,6.695079087879332e-05
FL-2008-000155-CHL,FL-2008-000155-CHL,0.37856746442733813,6.045508868621204e-05,1.1026017644863366,6.665788745759536e-05
FL-2011-000084-IND,FL-2011-000084-IND,0.38948637740391107,8.033831612948674e-05,0.8290193075518719,6.660201520755048e-05
FL-2009-000117-GTM,FL-2009-000117-GTM,0.38296458863853877,6.78556760456425e-05,0.9753116506378312,6.618043140922153e-05
FF-2012-000062-KEN,FF-2012-000062-KEN,0.37873114264745994,6.071698271607276e-05,1.0853007035511752,6.589618405925832e-05
FL-2016-000130-VCT,FL-2016-000130-VCT,0.38240479812796396,6.68703087475227e-05,0.9845629160937495,6.583802618055031e-05
FL-2023-000021-NAM,FL-2023-000021-NAM,0.37260369013585215,5.1578833600432835e-05,1.2755322671404512,6.579046655882017e-05
FL-2020-000029-TZA,FL-2020-000029-TZA,0.37991617681006595,6.264376646323072e-05,1.0495762709803076,6.574941080463896e-05
FL-2020-000128-KEN,FL-2020-000128-KEN,0.38063253828045907,6.383503648888547e-05,1.0272567357494566,6.557497121001994e-05
FL-2017-000079-TJK,FL-2017-000079-TJK,0.37685124372268414,5.776962243458982e-05,1.133782714433925,6.549819933571222e-05
India: Floods - Jul 1993,India: Floods - Jul 1993,0.3836429450018109,6.906724955387321e-05,0.9482412412603194,6.549241444740097e-05
FL-2016-000081-GTM,FL-2016-000081-GTM,0.38377703249266776,6.930902732369928e-05,0.9441251390555963,6.54363950597957e-05
FL-2002-000540-DZA,FL-2002-000540-DZA,0.38048849548843755,6.359387649065878e-05,1.0289137907994723,6.543261653163716e-05
China: Floods - May 1988,China: Floods - May 1988,0.38561049495340166,7.269230724153114e-05,0.8982643528768322,6.529690832343783e-05
FL-2018-000077-CIV,FL-2018-000077-CIV,0.3742725839682306,5.3936176397267615e-05,1.2032024904610985,6.489614176714152e-05
FF-2022-000274-IRN,FF-2022-000274-IRN,0.3789170862011705,6.101574102371313e-05,1.061292911805653,6.475557345703616e-05
China: Floods - Jun 1994,China: Floods - Jun 1994,0.38210106010432554,6.634106299246825e-05,0.9760523910513278,6.47523531586854e-05
FF-2020-000140-IDN,FF-2020-000140-IDN,0.37891192976047816,6.1007438289547464e-05,1.0585469561406466,6.457923810333881e-05
India: Floods - Aug 1988,India: Floods - Aug 1988,0.38695133472371745,7.525987458114091e-05,0.8427786995223563,6.342741922570958e-05
FL-2009-000127-BEN,FL-2009-000127-BEN,0.37946087260286093,6.189705850125977e-05,1.0221105165631266,6.326563443846068e-05
FL-2008-000231-PAN,FL-2008-000231-PAN,0.38126011468126053,6.489537430344689e-05,0.9748120178597551,6.326079077450716e-05
FL-2022-000328-HND,FL-2022-000328-HND,0.3762596196111244,5.6869069325190927e-05,1.1114267603705184,6.320580548538338e-05
FL-2001-000029-BOL,FL-2001-000029-BOL,0.3806231490765565,6.381929181161934e-05,0.9901822298032961,6.319272867049647e-05
name,name,0.3748637662239758,5.479420647438822e-05,1.1460299969121097,6.279580427664464e-05
FL-2006-000070-IND,FL-2006-000070-IND,0.3953051071011695,9.318033167697644e-05,0.6719340637740063,6.261103892752055e-05
FL-2010-000225-PAN,FL-2010-000225-PAN,0.3753058739964663,5.544388027827732e-05,1.1284651586517427,6.256648715449443e-05
FL-2018-000015-BOL,FL-2018-000015-BOL,0.38058724748573297,6.375912096190718e-05,0.980600451614799,6.252222280980878e-05
FL-2013-000045-AFG,FL-2013-000045-AFG,0.37272259374880035,5.174366621770028e-05,1.2079080109237867,6.250158893892668e-05
FL-2000-000083-ZWE,FL-2000-000083-ZWE,0.380728275083581,6.39957764004496e-05,0.9759490430199813,6.245661673533949e-05
FL-2014-000014-SYC,FL-2014-000014-SYC,0.3771115912023789,5.816996658460051e-05,1.0720586098274476,6.236161351039591e-05
FL-2010-000023-ECU,FL-2010-000023-ECU,0.3788376861663672,6.088800631813875e-05,1.0050325257665347,6.119442677880771e-05
FL-2013-000013-BWA,FL-2013-000013-BWA,0.37705868859864994,5.80884151066012e-05,1.0534703310426612,6.119442189209469e-05
FL-2021-000095-MMR,FL-2021-000095-MMR,0.3767434367720916,5.760457175185413e-05,1.0619657406518828,6.11740817053923e-05
FL-2024-000038-AFG,FL-2024-000038-AFG,0.3783694312837732,6.01395843371928e-05,1.0169769888963047,6.11605733927137e-05
FL-1997-000144-CHN,FL-1997-000144-CHN,0.37107639125220043,4.9503196619479856e-05,1.23024943393917,6.0901279619294534e-05
afg-1991-flood,afg-1991-flood,0.37016381152091726,4.829916067371219e-05,1.2564334123624294,6.068467925951346e-05
FL-2018-000165-CRI,FL-2018-000165-CRI,0.3911667325301687,8.387241021914595e-05,0.7234581139813008,6.0678175712209306e-05
FL-2004-000055-TJK,FL-2004-000055-TJK,0.37190888731110194,5.0625061743448594e-05,1.196880781045007,6.059216343995046e-05
FL-2003-000027-TUN,FL-2003-000027-TUN,0.38233573485583744,6.674963738488976e-05,0.9069463005317308,6.053833668806028e-05
FL-2024-000214-COL,FL-2024-000214-COL,0.3686674704345556,4.6381863235923276e-05,1.3048261520736573,6.05202681321364e-05
FL-2010-000031-PRT,FL-2010-000031-PRT,0.36975446434171455,4.7767692544326084e-05,1.2669155831916283,6.051763405751328e-05
FF-2005-000072-TJK,FF-2005-000072-TJK,0.36653985973868974,4.3773582686377104e-05,1.3809450525369613,6.044891244257005e-05
FL-2011-000091-BEN,FL-2011-000091-BEN,0.37647249715017095,5.71916395781061e-05,1.0550833377129152,6.0341945975342246e-05
Burkina Faso: Floods - Sep 1988,Burkina Faso: Floods - Sep 1988,0.3798960434063059,6.261057673373234e-05,0.9525620167546777,5.964045724365758e-05
FL-2006-000025-PNG,FL-2006-000025-PNG,0.37883599285695646,6.088528483175806e-05,0.9790102886598242,5.960732027827507e-05
FL-2006-000189-MYS,FL-2006-000189-MYS,0.3793157725626416,6.166078046236394e-05,0.9652828195473719,5.952009202020217e-05
FL-2016-000054-HTI,FL-2016-000054-HTI,0.3718982395661389,5.061056966427694e-05,1.16982926460923,5.92057254918153e-05
FL-2015-000092-BRA,FL-2015-000092-BRA,0.3779541473456154,5.948276564540107e-05,0.9951769503164747,5.9195877311379805e-05
FL-2019-000135-GHA,FL-2019-000135-GHA,0.376958652777566,5.793448708787943e-05,1.0216323108198488,5.9187743919752955e-05
FL-2006-000171-HTI,FL-2006-000171-HTI,0.3754746708498087,5.5693748910745806e-05,1.0599993219511736,5.903533608230947e-05
FL-2024-000015-ECU,FL-2024-000015-ECU,0.3743129967255125,5.3994443262521074e-05,1.0902025804351165,5.8864881373957966e-05
FL-2024-000117-COL,FL-2024-000117-COL,0.37010857835265604,4.8227140529107805e-05,1.2150525963145538,5.859851231271928e-05
FL-2007-000141-NGA,FL-2007-000141-NGA,0.3776184149902153,5.8956494118946466e-05,0.9935717537773818,5.857750725832754e-05
FL-2017-000014-PER,FL-2017-000014-PER,0.3746332991455123,5.445826095064245e-05,1.074057448678672,5.849130081612438e-05
FL-2010-000049-AGO,FL-2010-000049-AGO,0.38328535527983953,6.842617420912378e-05,0.8544449470857646,5.846639880139608e-05
FL-2007-000123-NGA,FL-2007-000123-NGA,0.37770360143959714,5.9089628406064885e-05,0.9859595032476032,5.8259980670329196e-05
FL-2022-000207-VEN,FL-2022-000207-VEN,0.37423019811833,5.387512554632136e-05,1.080082826119319,5.818959785760389e-05
Brazil: Floods - Apr 1989,Brazil: Floods - Apr 1989,0.37638601963055374,5.706040337948386e-05,1.0184196369495275,5.8111435293927544e-05
FL-2008-000170-DOM,FL-2008-000170-DOM,0.3809601339446818,6.438657260864254e-05,0.8986920832348044,5.786370307000996e-05
FL-2006-000091-PRK,FL-2006-000091-PRK,0.38456030275450614,7.073665357987838e-05,0.8137351057804316,5.756089828337608e-05
FF-2009-000196-IDN,FF-2009-000196-IDN,0.38002924461339027,6.283045202636043e-05,0.9083004588291629,5.7068928403986884e-05
FL-2020-000210-VNM,FL-2020-000210-VNM,0.3697959108012142,4.7821263247653136e-05,1.1895555246609049,5.688604789250927e-05
FL-1997-000022-BOL,FL-1997-000022-BOL,0.38082807244809663,6.416372159493261e-05,0.8860824734618276,5.685434913735397e-05
FL-2009-000007-ZWE,FL-2009-000007-ZWE,0.37202317049729233,5.078084183940112e-05,1.1194722766288485,5.6847744623083855e-05
FL-2011-000022-AFG,FL-2011-000022-AFG,0.3653978897694006,4.242876093280988e-05,1.338976142877644,5.681109866089144e-05
Yemen: Floods - Feb 1993,Yemen: Floods - Feb 1993,0.37966975447738455,6.223862857234666e-05,0.9108992485616124,5.669311999805587e-05
Haiti: Floods - Feb 1996,Haiti: Floods - Feb 1996,0.376266630244795,5.6879666307208236e-05,0.994604051610094,5.657274656337947e-05
FL-2023-000249-AGO,FL-2023-000249-AGO,0.37380853937383873,5.327116356201562e-05,1.0611307451784342,5.652766948708389e-05
FF-2020-000168-MNG,FF-2020-000168-MNG,0.36746356010545594,4.48892948266744e-05,1.2541412875563223,5.629751801142079e-05
FL-2022-000135-ZMB,FL-2022-000135-ZMB,0.3681431919117247,4.5726476176914945e-05,1.2189092023041321,5.5736422600982294e-05
FL-2015-000008-BOL,FL-2015-000008-BOL,0.37136801791389673,4.989361795306058e-05,1.106077830028409,5.5186224677787724e-05
FL-2018-000065-TJK,FL-2018-000065-TJK,0.3615372303998437,3.815313834618264e-05,1.4353974911294434,5.4764919060825124e-05
FL-2011-000196-IDN,FL-2011-000196-IDN,0.36599294528315385,4.312480477878316e-05,1.2683581214268749,5.469769637611813e-05
FL-2013-000112-CAF,FL-2013-000112-CAF,0.3717654376590786,5.0430133475748266e-05,1.0824256912336399,5.458687208649154e-05
FL-2005-000108-PAK,FL-2005-000108-PAK,0.3768116495087411,5.770895495150839e-05,0.9455697739530514,5.456784348856461e-05
FF-2006-000039-YEM,FF-2006-000039-YEM,0.3767746054161001,5.765224676880199e-05,0.9450246075942967,5.448279187961666e-05
FL-2019-000133-SOM,FL-2019-000133-SOM,0.37288321952999276,5.1967089847199246e-05,1.0457655373343704,5.434539163775982e-05
FL-2010-000161-MYS,FL-2010-000161-MYS,0.37131784261440637,4.9826247970001466e-05,1.0886896565212916,5.4245320788205596e-05
FL-2003-000012-BOL,FL-2003-000012-BOL,0.3744095078467353,5.4133821661033014e-05,1.0019840207728257,5.424122428772094e-05
FL-2014-000054-TJK,FL-2014-000054-TJK,0.3715686085474339,5.016376921070275e-05,1.080513117206162,5.420261064066692e-05
FL-2004-000063-PRK,FL-2004-000063-PRK,0.3756829416935948,5.600344703324617e-05,0.9650636272415313,5.404688973193352e-05
FL-2002-000020-IRN,FL-2002-000020-IRN,0.3744951088390136,5.425771486283717e-05,0.995515429386739,5.40143923092206e-05
FL-2018-000140-MLI,FL-2018-000140-MLI,0.37531776814371687,5.546145399021064e-05,0.9723384285301737,5.3927303016839946e-05
FL-2020-000011-MOZ,FL-2020-000011-MOZ,0.3733724035972403,5.2652882979296894e-05,1.0218255119837183,5.3802059107738856e-05
FL-2008-000166-GTM,FL-2008-000166-GTM,0.3747747664695287,5.46642535556328e-05,0.9801994697852303,5.358187235143666e-05
FL-2015-000065-GHA,FL-2015-000065-GHA,0.3716559618933838,5.0281825786845204e-05,1.0654801946479941,5.357428952662436e-05
FL-2016-000009-IDN,FL-2016-000009-IDN,0.3688363346518232,4.659474885840593e-05,1.1491797495702376,5.354574182439104e-05
FF-2012-000115-RUS,FF-2012-000115-RUS,0.36625411269864383,4.343352737112606e-05,1.2274737437024292,5.3313514444438034e-05
FL-2005-000160-MMR,FL-2005-000160-MMR,0.38516429138055036,7.185552525069374e-05,0.7408779621824715,5.32361751192851e-05
FL-2006-000120-BFA,FL-2006-000120-BFA,0.3691009992170614,4.693017882129146e-05,1.130238094179754,5.3042275870491515e-05
FL-2022-000158-HTI,FL-2022-000158-HTI,0.36646737297159515,4.3687093231479866e-05,1.2084069567596751,5.279178738152879e-05
FL-2016-000084-PHL,FL-2016-000084-PHL,0.3727501033189937,5.178186939901161e-05,1.015846385922298,5.2602424885286373e-05
FL-1993-000013-PHL,FL-1993-000013-PHL,0.3683981676315634,4.6044166321404045e-05,1.133970277619954,5.221271606626188e-05
FL-2001-000117-PER,FL-2001-000117-PER,0.37681001027298494,5.7706444500181725e-05,0.8990840283213932,5.188294258132829e-05
FL-2018-000112-GEO,FL-2018-000112-GEO,0.3718682522157125,5.056977553952608e-05,1.0222629843578837,5.169560966134424e-05
FL-2014-000121-CMR,FL-2014-000121-CMR,0.3728962039649736,5.198518851744288e-05,0.9936971551564651,5.165753394005552e-05
FL-2013-000074-HTI,FL-2013-000074-HTI,0.36346788165821875,4.024022483378268e-05,1.2836627123722097,5.165487615660103e-05
FL-2022-000265-YEM,FL-2022-000265-YEM,0.3678451962120781,4.535768582395648e-05,1.135758587937564,5.151538120353248e-05
FL-2021-000066-GUY,FL-2021-000066-GUY,0.3716157139149353,5.02274002933765e-05,1.0204156206178399,5.125282384238646e-05
FF-2018-000042-ETH,FF-2018-000042-ETH,0.3700477333554102,4.814791484963124e-05,1.0606234402511923,5.1066807088737356e-05
FL-2014-000045-SLB,FL-2014-000045-SLB,0.3653477076704368,4.237052718332217e-05,1.1890977676758543,5.03826992889375e-05
FL-2011-000102-BRA,FL-2011-000102-BRA,0.36782264655022423,4.532988830517575e-05,1.1038786858666811,5.0038697532800845e-05
FL-1991-000011-CHN,FL-1991-000011-CHN,0.37570202022523347,5.603189409917508e-05,0.8927290395029112,5.0021299000685404e-05
FL-2006-000013-MWI,FL-2006-000013-MWI,0.37349182439786266,5.282153248801598e-05,0.9463273276685,4.998645968273902e-05
FL-1998-000219-KOR,FL-1998-000219-KOR,0.3672825293905324,4.46686375916676e-05,1.1090488289439522,4.953970021156075e-05
FL-2008-000205-IDN,FL-2008-000205-IDN,0.37350950798864,5.28465470490508e-05,0.9367613520933382,4.9504602867133045e-05
FL-2007-000023-IDN,FL-2007-000023-IDN,0.37404684508784825,5.3611747096238605e-05,0.916897628320032,4.915648376263454e-05
FL-2021-000126-MYS,FL-2021-000126-MYS,0.36942174201677647,4.733959292089977e-05,1.0369812416402933,4.909026984586068e-05
FL-2024-000024-DZA,FL-2024-000024-DZA,0.36513444266690037,4.2123845699888547e-05,1.1597469097454667,4.8852999877040606e-05
1995-09-01T00:00:00+00:00,1995-09-01T00:00:00+00:00,0.3694690676190839,4.74002733430679e-05,1.02827893467495,4.874070257651129e-05
FF-2021-000198-COG,FF-2021-000198-COG,0.367593008210336,4.504767935724658e-05,1.0782758332205882,4.857382399358895e-05
FL-2012-000056-PRY,FL-2012-000056-PRY,0.36303481733958065,3.976333355322481e-05,1.2200522670934264,4.8513345248804034e-05
FL-2007-000181-HTI,FL-2007-000181-HTI,0.37070644023618465,4.9011874228957315e-05,0.9891914221912965,4.848212557280324e-05
FL-2009-000039-CRI,FL-2009-000039-CRI,0.38279486020803977,6.755554137308026e-05,0.7165421116254692,4.840639026746868e-05
FL-2008-000094-ZAF,FL-2008-000094-ZAF,0.368591674686644,4.6286593173042935e-05,1.045585962583682,4.839661207755538e-05
FL-2005-000038-MDG,FL-2005-000038-MDG,0.3670754855061204,4.441747010893877e-05,1.0792517862358992,4.793763395515183e-05
FL-2021-000091-PHL,FL-2021-000091-PHL,0.37030555975008694,4.848443351592614e-05,0.9804501633100483,4.7536570758684964e-05
FL-2004-000115-PAN,FL-2004-000115-PAN,0.3726478553316641,5.1640003277189304e-05,0.9177618050112175,4.739322261845844e-05
FL-2002-000321-HTI,FL-2002-000321-HTI,0.36962561905695823,4.760150117828468e-05,0.9930427130308388,4.7270323874424485e-05
Bangladesh: Floods - May 1984,Bangladesh: Floods - May 1984,0.36276231588658875,3.946586789658409e-05,1.1865219890231302,4.682712007517906e-05
FL-2001-000096-UKR,FL-2001-000096-UKR,0.3658479639362259,4.2954278028395285e-05,1.0716577207512192,4.603228368842427e-05
Montenegro: Floods - Nov 1992,name=Montenegro: Floods - Nov 1992,0.3795771184160171,6.208693844875867e-05,0.7375578699637254,4.5792710074835375e-05
FL-2006-000056-AFG,FL-2006-000056-AFG,0.3699030409978754,4.7959982608785916e-05,0.9546321476865294,4.57841412008339e-05
FL-2003-000571-DOM,FL-2003-000571-DOM,0.368680965406016,4.639884398642524e-05,0.9832757048107912,4.562285602315822e-05
FF-2013-000090-PAK,FF-2013-000090-PAK,0.35854517506186057,3.511064646086539e-05,1.2950234787084862,4.54691115194537e-05
FL-2024-000198-SEN,FL-2024-000198-SEN,0.3595151835858752,3.6072178289612555e-05,1.257934930722009,4.537645309773572e-05
FL-2013-000054-CHN,FL-2013-000054-CHN,0.36451451508240484,4.141410377448259e-05,1.0900862918708407,4.5144946814679915e-05
Paraguay: Floods - Jun 1995,Paraguay: Floods - Jun 1995,0.366458661163986,4.367670887348267e-05,1.0277326980250474,4.4887981851398876e-05
FF-2021-000189-BIH,FF-2021-000189-BIH,0.3620780303773399,3.872770321939583e-05,1.1516117071745788,4.459927641943886e-05
FL-2007-000194-GTM,FL-2007-000194-GTM,0.3656580713676057,4.273184484263544e-05,1.041926920218741,4.4523459492152234e-05
FL-2009-000129-CAF,FL-2009-000129-CAF,0.3703263432229951,4.851165237407707e-05,0.9175805861754851,4.4513350421747004e-05
FL-2018-000128-SDN,FL-2018-000128-SDN,0.3624267695091774,3.9102333891950844e-05,1.1360707994440626,4.442301972475726e-05
FL-2015-000039-KAZ,FL-2015-000039-KAZ,0.36026170559026494,3.682824365022557e-05,1.2043264756829248,4.435322888086822e-05
FL-2007-000130-CIV,FL-2007-000130-CIV,0.3602454307781674,3.681160988355652e-05,1.2043864430014575,4.4335403888813936e-05
FL-2006-000010-BOL,FL-2006-000010-BOL,0.3732234809831642,5.244324922012786e-05,0.8447911998200817,4.430359543113537e-05
FL-2011-000156-HTI,FL-2011-000156-HTI,0.3684467865513154,4.610496867514892e-05,0.9608791245942916,4.430130194002433e-05
FL-2023-000236-DOM,FL-2023-000236-DOM,0.3574459294187657,3.4048936930934715e-05,1.3006578060128464,4.4286015605659325e-05
FL-2007-000206-COG,FL-2007-000206-COG,0.369099356030523,4.692808959657002e-05,0.9410945726804741,4.416377042559507e-05
FL-2023-000068-YEM,FL-2023-000068-YEM,0.360565577264075,3.7140062329493116e-05,1.1881661189135326,4.412856371424053e-05
FL-1999-000363-NIC,FL-1999-000363-NIC,0.36574708171459447,4.283597889100867e-05,1.029066129374002,4.4081054995316745e-05
FL-2019-000160-COG,FL-2019-000160-COG,0.3593554882393351,3.5912266880695716e-05,1.2190888537934883,4.378024426871319e-05
Iran: Floods - Jul 1987,Iran: Floods - Jul 1987,0.3722061658159895,5.103118250404108e-05,0.8532734221804965,4.354355173314061e-05
FF-2023-000133-AFG,FF-2023-000133-AFG,0.3598207822283702,3.63799781192406e-05,1.1905710968816803,4.3312950453955816e-05
FL-2003-000212-AZE,FL-2003-000212-AZE,0.3664557248627093,4.3673209342280476e-05,0.9848576335172745,4.3011893600942874e-05
FL-2023-000119-PAK,FL-2023-000119-PAK,0.3634310824852932,4.019950232177833e-05,1.0619284545586885,4.268899537459447e-05
FL-2007-000086-PAN,FL-2007-000086-PAN,0.3715595140121519,5.0151492449074704e-05,0.8477798095902991,4.2517422719145874e-05
FL-2014-000115-NER,FL-2014-000115-NER,0.36513286592772776,4.212202672530759e-05,1.0075520123358044,4.244013279074619e-05
LS-2022-000283-LKA,LS-2022-000283-LKA,0.36603309773760007,4.317213962182464e-05,0.9815867798894264,4.237720151232357e-05
FL-2013-000038-KEN,FL-2013-000038-KEN,0.3584661535288855,3.5033341082527214e-05,1.2057564114452748,4.2241675624606335e-05
FL-2012-000089-CUB,FL-2012-000089-CUB,0.35719581582081317,3.381143703956893e-05,1.2438427371737373,4.20561103950749e-05
FL-2011-000038-KAZ,FL-2011-000038-KAZ,0.360569064336241,3.714365434498727e-05,1.1284426954486195,4.1914485427869266e-05
FF-2007-000049-TJK,FF-2007-000049-TJK,0.3663376382366186,4.3532680769936906e-05,0.9615243720808555,4.185773354230992e-05
FL-1997-000530-PER,FL-1997-000530-PER,0.36404460273686334,4.08833021524348e-05,1.015600331174714,4.152109520552868e-05
FL-2010-000176-MRT,FL-2010-000176-MRT,0.3587577458881939,3.531936333004331e-05,1.1720801829873777,4.139712583487484e-05
FF-2008-000178-DZA,FF-2008-000178-DZA,0.3603647210136276,3.693368818057863e-05,1.1191395672477698,4.133395180727684e-05
FL-2009-000147-NIC,FL-2009-000147-NIC,0.3668249144175694,4.411519963604806e-05,0.933638952160343,4.1187668762544255e-05
FL-2004-000020-KEN,FL-2004-000020-KEN,0.36327952843175904,4.003218098104096e-05,1.0260180821960077,4.1073741556291136e-05
FL-2009-000031-DOM,FL-2009-000031-DOM,0.3657494300006405,4.283872926258751e-05,0.9531752822708737,4.083281785699239e-05
FL-2015-000169-KEN,FL-2015-000169-KEN,0.36214216058521304,3.879635129779707e-05,1.0437478752458738,4.049360923436819e-05
FL-2014-000073-RUS,FL-2014-000073-RUS,0.35533087952415227,3.208702914315136e-05,1.256795117141143,4.0326821550678175e-05
2012-000025-VUT,2012-000025-VUT,0.35473807358204845,3.155571553876956e-05,1.277534232696297,4.031350683800459e-05
FF-2005-000067-IDN,FF-2005-000067-IDN,0.3668321546259343,4.412390764892737e-05,0.9074775324699321,4.004145483617977e-05
UGA-2011-000110,UGA-2011-000110,0.35979755752348086,3.635650340817804e-05,1.0988605320725724,3.9950726679408815e-05
FL-2013-000131-KHM,FL-2013-000131-KHM,0.3571488893185689,3.376704360808757e-05,1.1821925826726243,3.9919148492264175e-05
FL-2019-000079-BGD,FL-2019-000079-BGD,0.35602262040837906,3.2717184547871205e-05,1.2169646553574989,3.9815657217567766e-05
FL-2024-000058-TZA,FL-2024-000058-TZA,0.3584113953963082,3.49798620535483e-05,1.1379493905705245,3.980531270607631e-05
FL-2012-000106-BGD,FL-2012-000106-BGD,0.35370643401624124,3.0649937849508215e-05,1.2962702877560353,3.973060375588661e-05
FF-2013-000100-RUS,FF-2013-000100-RUS,0.3588340379785066,3.539454409326341e-05,1.1177984678138433,3.956396715641936e-05
FL-2023-000215-GHA,FL-2023-000215-GHA,0.3551749330028686,3.194648437030101e-05,1.232207094616741,3.9364684689147736e-05
FL-2002-000614-LAO,FL-2002-000614-LAO,0.3575244947072597,3.412384929517154e-05,1.1496745971340228,3.923132269108845e-05
FL-2010-000239-MNE,FL-2010-000239-MNE,0.36328773938917513,4.004123010002687e-05,0.9720464771371192,3.89219366589679e-05
FL-1999-000651-CHN,FL-1999-000651-CHN,0.36081182567531933,3.7394491492500095e-05,1.0240023009480381,3.8292045331101935e-05
FL-2017-000130-GTM,FL-2017-000130-GTM,0.3550762865140774,3.185786683559741e-05,1.201624894182623,3.828120586520884e-05
FL-2006-000050-ARG,FL-2006-000050-ARG,0.36296704967050203,3.9689169702625723e-05,0.9631552235503491,3.822683111746022e-05
FL-2007-000132-BFA,FL-2007-000132-BFA,0.3589697891877206,3.5528674072782424e-05,1.0755363901814037,3.8212381860172036e-05
FL-2001-000571-PRK,FL-2001-000571-PRK,0.36428148547135963,4.115010889200184e-05,0.9280032109549476,3.818743318292345e-05
FL-2017-000083-GIN,FL-2017-000083-GIN,0.36498119737516443,4.19473873254209e-05,0.9098931483825577,3.816764031994982e-05
FL-2001-000146-AGO,FL-2001-000146-AGO,0.36409086695989235,4.093528798687593e-05,0.931842117402311,3.814522543416385e-05
Bangladesh: Floods - Jul 1991,Bangladesh: Floods - Jul 1991,0.37077079019542736,4.90970191459114e-05,0.7760463103390562,3.810156055683055e-05
FL-2001-000620-DZA,FL-2001-000620-DZA,0.35113945588263884,2.849681469107699e-05,1.33508580894901,3.804569289430656e-05
FL-2019-000052-SRB,FL-2019-000052-SRB,0.3499668065164164,2.7559323041347034e-05,1.3767250465171905,3.794161029608078e-05
FL-2005-000182-IND,FL-2005-000182-IND,0.37545635698601887,5.566659011766196e-05,0.6806810703680618,3.7891194145030314e-05
FL-2019-000032-BOL,FL-2019-000032-BOL,0.3612752437312533,3.7877562806694623e-05,0.9989982238811052,3.783961796883294e-05
FL-2005-000104-IND,FL-2005-000104-IND,0.3794369426699873,6.185803544790258e-05,0.6116122238015762,3.7833130620288425e-05
FL-2019-000104-THA,FL-2019-000104-THA,0.3502748293074066,2.7802849004232625e-05,1.3579010130864204,3.7753516829536256e-05
FL-2022-000213-IND,FL-2022-000213-IND,0.35782678231501674,3.4413467277972755e-05,1.0948177964063617,3.7676476411972565e-05
FL-2008-000079-LKA,FL-2008-000079-LKA,0.36266560519894897,3.936077992543701e-05,0.9571957497487085,3.767597125142259e-05
FL-2018-000144-PRK,FL-2018-000144-PRK,0.3584835785622543,3.505037450906086e-05,1.0698843437963756,3.749984693144379e-05
Cuba: Floods - Jun 1993,Cuba: Floods - Jun 1993,0.3580096305111201,3.458972377481003e-05,1.0819582611621117,3.742463738947121e-05
FL-2008-000175-UGA,FL-2008-000175-UGA,0.36297364558234313,3.969638268995425e-05,0.9427683053348588,3.7424491436532195e-05
FL-2000-000130-BOL,FL-2000-000130-BOL,0.3630805274112361,3.981342833552968e-05,0.9399073873447525,3.7420935408085236e-05
FL-2017-000091-MMR,FL-2017-000091-MMR,0.3553881256414253,3.213876092880118e-05,1.1626994974476923,3.736772118050866e-05
FL-2019-000120-PHL,FL-2019-000120-PHL,0.3533716254214318,3.0361046819240775e-05,1.2286625910741495,3.730348245265194e-05
FL-1998-000272-PRK,FL-1998-000272-PRK,0.36537293319169606,4.239979110803621e-05,0.8775464676728586,3.720778691692425e-05
FL-1997-000097-AFG,FL-1997-000097-AFG,0.3487773231094763,2.663682154409444e-05,1.3915845675709566,3.70673897899034e-05
FL-1998-000048-PAK,FL-1998-000048-PAK,0.35182059642494645,2.9054446416538213e-05,1.274857049816715,3.704026584264574e-05
FL-1999-000259-KHM,FL-1999-000259-KHM,0.3510698074427092,2.844034174149801e-05,1.280488038773529,3.6417517418619717e-05
FL-2008-000246-GUY,FL-2008-000246-GUY,0.36006061713933335,3.662319380898693e-05,0.9929554839580661,3.636520113269267e-05
FL-2005-000209-THA,FL-2005-000209-THA,0.3533728928395691,3.0362135779409294e-05,1.1913966804489575,3.617334777892876e-05
FL-2017-000052-RUS,FL-2017-000052-RUS,0.3499590518470965,2.7553216972877794e-05,1.3124180785283346,3.616134007681857e-05
FL-1999-000531-COD,FL-1999-000531-COD,0.3596454548045972,3.6203100060024345e-05,0.9974869194859067,3.611211875471373e-05
FL-1992-000008-PAK,FL-1992-000008-PAK,0.35773245662158965,3.43228584573761e-05,1.0486466674608446,3.5992551139057715e-05
FL-2008-000239-NIC,FL-2008-000239-NIC,0.36169819327497993,3.832334370264747e-05,0.9387623897424877,3.597651371722006e-05
FL-2018-000360-RUS,FL-2018-000360-RUS,0.35484925066048173,3.165475267273636e-05,1.1355339540901048,3.594504646821663e-05
FL-2010-000008-BOL,FL-2010-000008-BOL,0.36268839260425173,3.938551851880981e-05,0.9114041656623548,3.589612564481508e-05
FL-2005-000064-ETH,FL-2005-000064-ETH,0.3624560248540143,3.9133909039829684e-05,0.9153081224890242,3.581958480890276e-05
FL-2014-000107-MMR,FL-2014-000107-MMR,0.36082450339889705,3.740763274670619e-05,0.9521660688837085,3.561827861867671e-05
FL-2009-000101-PAN,FL-2009-000101-PAN,0.36076237372875897,3.734327115681215e-05,0.9534059909197259,3.560329844144451e-05
FL-2018-000414-IRQ,FL-2018-000414-IRQ,0.35028874168406154,2.7813893841514496e-05,1.279393971195808,3.558492809631386e-05
FL-2021-000019-PER,FL-2021-000019-PER,0.34847600598284334,2.6407592207100924e-05,1.3456208053079868,3.553460549196406e-05
FL-2010-000262-ECU,FL-2010-000262-ECU,0.34784242817931255,2.5931374716428906e-05,1.369373617071581,3.550974039107479e-05
FL-2016-000122-SRB,FL-2016-000122-SRB,0.3519394652152794,2.9152761371330133e-05,1.2064462530292113,3.517123972189597e-05
FL-1999-000229-TJK,FL-1999-000229-TJK,0.36073259245780065,3.7312455386779444e-05,0.9422253837707331,3.515674259623662e-05
FL-2022-000271-NGA,FL-2022-000271-NGA,0.35256989057264065,2.9679201236360923e-05,1.1840293642331243,3.514104577083538e-05
Cameroon: Floods - Sep 1994,name=Cameroon: Floods - Sep 1994,0.3613337162094482,3.793891239521219e-05,0.9258215052048269,3.5124660979569416e-05
FL-2009-000032-SLB,FL-2009-000032-SLB,0.3542441338292124,3.1119074476186656e-05,1.1239355242445161,3.497583328539699e-05
FF-2016-000093-LAO,FF-2016-000093-LAO,0.3555563696058846,3.2291233276425256e-05,1.0828034294739801,3.496505813365757e-05
Indonesia: Floods and Landslides - Mar 1984,Indonesia: Floods and Landslides - Mar 1984,0.35058778821935455,2.8052259352020727e-05,1.2434734814113138,3.48822405979103e-05
FL-2021-000096-PAN,FL-2021-000096-PAN,0.3568086522357886,3.34467381513324e-05,1.037436087285692,3.4698853160187367e-05
FL-2003-000621-BOL,FL-2003-000621-BOL,0.3605277909379748,3.71011588689458e-05,0.9320569428848113,3.4580392712873327e-05
FF-2014-000048-KAZ,FF-2014-000048-KAZ,0.35280072014615504,2.9874086182620582e-05,1.1524100484085351,3.442719710387454e-05
FL-2006-000058-TJK,FL-2006-000058-TJK,0.3474897621399281,2.5669661268359698e-05,1.3389011984588786,3.436914023624026e-05
FF-2012-000120-GEO,FF-2012-000120-GEO,0.352150668364847,2.9328183842896647e-05,1.170744043976996,3.4335796554733614e-05
FL-2003-000585-MKD,FL-2003-000585-MKD,0.3561694793191772,3.285239333889188e-05,1.044377937487487,3.431031479679956e-05
FL-2023-000052-ETH,FL-2023-000052-ETH,0.35391558294804715,3.0831655946032256e-05,1.1124995665878057,3.430020387714523e-05
FF-2011-000071-GEO,FF-2011-000071-GEO,0.3486746033138519,2.655847627037206e-05,1.2913032050986575,3.429504553046808e-05
FL-1999-000391-MEX,FL-1999-000391-MEX,0.3599168742870321,3.6477249629509206e-05,0.9381273009124613,3.422030373964155e-05
1986-04-01T00:00:00+00:00,1986-04-01T00:00:00+00:00,0.3618796605596196,3.85160500870256e-05,0.8870822721015816,3.416690522357699e-05
FL-2013-000083-THA,FL-2013-000083-THA,0.35314746110637474,3.0168997783728185e-05,1.1294300963517903,3.407377407371307e-05
FL-2012-000174-BEN,FL-2012-000174-BEN,0.3490174768157874,2.682080107537838e-05,1.269611453402573,3.405199623473244e-05
FL-2020-000185-PAK,FL-2020-000185-PAK,0.3532592513685324,3.026463512640221e-05,1.124816762154381,3.4042168890663475e-05
FL-2018-000120-NGA,FL-2018-000120-NGA,0.35637451766698924,3.304200748501814e-05,1.0265078744630958,3.391788087143967e-05
FL-2014-000008-BOL,FL-2014-000008-BOL,0.3577888184199355,3.43769734839519e-05,0.9806451897228388,3.371161368426701e-05
FL-2024-000009-COD,FL-2024-000009-COD,0.35460686032702166,3.143918891350142e-05,1.0680154458218882,3.3577539363731785e-05
FL-2003-000273-TJK,FL-2003-000273-TJK,0.3568016729226713,3.344019641781364e-05,1.0016291954033019,3.349467703210305e-05
FL-1997-000140-AZE,FL-1997-000140-AZE,0.3567322395010556,3.337517892395555e-05,0.9955723453086005,3.32274051564166e-05
FL-2007-000147-NER,FL-2007-000147-NER,0.35645046304191996,3.3112489389026215e-05,1.0023493119506208,3.319028095606266e-05
FL-1999-000371-IND,FL-1999-000371-IND,0.36863334604428655,4.6338949395304746e-05,0.709212471829804,3.2864160842640275e-05
1,1,0.345170407863153,2.4006870911325414e-05,1.3688588888282904,3.2862018639921114e-05
FF-2024-000087-ARM,FF-2024-000087-ARM,0.3520151604126122,2.921552389926712e-05,1.124649599359199,3.285722724837987e-05
FL-1998-000213-KGZ,FL-1998-000213-KGZ,0.3520969708518314,2.9283493587188507e-05,1.1210585535855664,3.282851096478576e-05
FL-2024-000182-SLE,FL-2024-000182-SLE,0.35000937924043696,2.75928667349131e-05,1.178286929715142,3.2512314227119825e-05
FL-2017-000078-NER,FL-2017-000078-NER,0.34459304808937097,2.3608321799298094e-05,1.3737310931814115,3.243148571352832e-05
FL-2019-000048-TZA,FL-2019-000048-TZA,0.3485496241392174,2.646343328124574e-05,1.2213880740169378,3.232212180725647e-05
FL-2005-000205-PHL,FL-2005-000205-PHL,0.3513363262540408,2.8656989058565383e-05,1.1230443143849564,3.218306862961376e-05
FL-1998-000224-SVK,FL-1998-000224-SVK,0.34817844888848526,2.6182967219280092e-05,1.2251616258519693,3.207836668800201e-05
FL-1998-000329-BEN,FL-1998-000329-BEN,0.3553700555568946,3.2122423374927586e-05,0.9960705364253544,3.1996199482346464e-05
FL-2008-000126-TCD,FL-2008-000126-TCD,0.3522530641544796,2.9413573857061443e-05,1.083157735234383,3.185954004416393e-05
FL-2023-000189-MMR,FL-2023-000189-MMR,0.35744986542204,3.405268640343261e-05,0.9311581587735362,3.170843677271294e-05
FL-2013-000030-COL,FL-2013-000030-COL,0.35012487780545615,2.7684054951110243e-05,1.1435152484315854,3.165713897501249e-05
LS-2010-000040-UGA,LS-2010-000040-UGA,0.36071459147739793,3.7293840213453754e-05,0.848757747990263,3.165343583347972e-05
FL-2003-000196-ARG,FL-2003-000196-ARG,0.3549106780365165,3.170959240562135e-05,0.9957341344638851,3.157432354821396e-05
FL-2013-000023-ZMB,FL-2013-000023-ZMB,0.35117613392738345,2.8526594849865072e-05,1.0988875788119679,3.134752074631818e-05
LS-2022-000224-GTM,LS-2022-000224-GTM,0.349060090584953,2.685356629986034e-05,1.1665467743114344,3.132594114586032e-05
FL-2006-000030-SRB,FL-2006-000030-SRB,0.364032266882224,4.086945072948147e-05,0.7659743515955046,3.1304951022579e-05
FL-2016-000124-COD,FL-2016-000124-COD,0.34484930400059144,2.37844732713169e-05,1.3125392635260602,3.1218055030889545e-05
FL-2009-000133-ZAF,FL-2009-000133-ZAF,0.35184898780622276,2.9077901424404965e-05,1.0731148513908544,3.120392786580825e-05
FL-2020-000126-ETH,FL-2020-000126-ETH,0.34502270234381444,2.3904338167676658e-05,1.305209086561218,3.1200159384683714e-05
FL-2010-000096-IDN,FL-2010-000096-IDN,0.3509437530686148,2.8338389297977778e-05,1.0988211437996545,3.113882134184383e-05
FL-2024-000109-IND,FL-2024-000109-IND,0.3551669847172174,3.193933594312605e-05,0.9733927592934859,3.1089518343681074e-05
FL-2010-000114-BGD,FL-2010-000114-BGD,0.35238600761690925,2.9524772041827594e-05,1.0524339826166824,3.1072873425830295e-05
FL-1999-000031-LKA,FL-1999-000031-LKA,0.35385311105842526,3.0777276239014275e-05,1.0064884283055866,3.0976972389332353e-05
FL-2007-000153-GHA,FL-2007-000153-GHA,0.3501394916564939,2.7695612160492163e-05,1.1152536052692246,3.0887631312127064e-05
FL-2010-000037-HTI,FL-2010-000037-HTI,0.3518267602876638,2.9059537128699734e-05,1.0604316168394865,3.0815651941994146e-05
India: Floods - Oct 1988,India: Floods - Oct 1988,0.355659965915349,3.238544174457609e-05,0.9494561647783664,3.074855731345842e-05
FL-2015-000131-SLE,FL-2015-000131-SLE,0.34906673533120935,2.6858678612179284e-05,1.1427229576603417,3.0692028662558076e-05
FL-2007-000025-FJI,FL-2007-000025-FJI,0.3525540931071391,2.9665905670117086e-05,1.0321832158662596,3.062064991616656e-05
FL-2016-000075-BGD,FL-2016-000075-BGD,0.3525646378541811,2.9674779814082283e-05,1.0303519065285407,3.057546595725433e-05
Tunisia: Floods - Oct 1986,Tunisia: Floods - Oct 1986,0.3484183299481596,2.6363917713112637e-05,1.1587436410513112,3.05490220032693e-05
FF-2023-000051-KEN,FF-2023-000051-KEN,0.3559304433686729,3.263257582251013e-05,0.9345216780382686,3.0495849516363202e-05
FF-2011-000088-NGA,FF-2011-000088-NGA,0.34232952671923966,2.2102611832389737e-05,1.376295308125757,3.0419720962242836e-05
Pakistan: Floods - Jul 1993,Pakistan: Floods - Jul 1993,0.35154544329238147,2.8828014387108132e-05,1.0550156272267153,3.0414005680315658e-05
FL-2008-000091-SOM,FL-2008-000091-SOM,0.35365399711900314,3.060452968846606e-05,0.9854190784086135,3.015828744073728e-05
FL-2021-000057-LKA,FL-2021-000057-LKA,0.3486817121758,2.6563891573419794e-05,1.1314393379937777,3.0055431896368583e-05
FF-2008-000216-PSE,FF-2008-000216-PSE,0.3534307349491221,3.0411870894466654e-05,0.9874551540726246,3.0030358659732338e-05
Tanzania: Floods - Feb 1993,Tanzania: Floods - Feb 1993,0.3585668107031644,3.513183898314743e-05,0.8543614220163771,3.001528791169223e-05
FF-2020-000156-UKR,FF-2020-000156-UKR,0.3520128277157263,2.921358793351762e-05,1.0262202808011436,2.997957641234335e-05
Iran: Floods - Nov 1994,Iran: Floods - Nov 1994,0.36136985053941456,3.7976869391810195e-05,0.7892158406827257,2.9971946903555557e-05
FL-2002-000225-ETH,FL-2002-000225-ETH,0.35239231394186127,2.9530056241479657e-05,1.0009847442519026,2.9559135794621817e-05
China: Floods - Jul 2018,China: Floods - Jul 2018,0.3488877790537317,2.6721299278838145e-05,1.1041913871780773,2.9505428517900847e-05
FL-1999-000547-VEN,FL-1999-000547-VEN,0.34971796541348127,2.7363990494195766e-05,1.075232993321348,2.9422665408291026e-05
FL-2018-000060-LKA,FL-2018-000060-LKA,0.35074130450592556,2.8175337637718474e-05,1.0416733122822366,2.934949728175257e-05
FL-2009-000218-KEN,FL-2009-000218-KEN,0.3525987773270507,2.9703526965351106e-05,0.985242574761118,2.9265179386828822e-05
FL-2025-000047-TZA,FL-2025-000047-TZA,0.34923353193690365,2.6987295329008533e-05,1.084317683177047,2.9262801546365274e-05
FL-2001-000450-THA,FL-2001-000450-THA,0.344082579184912,2.3260917960046512e-05,1.2397633775051489,2.883803421401744e-05
FF-2019-000018-AFG,FF-2019-000018-AFG,0.34581043502869535,2.4455747526083e-05,1.1776802420532055,2.8801050666109513e-05
FF-2008-000141-ETH,FF-2008-000141-ETH,0.3517835879663417,2.9023898135819486e-05,0.9913523656532703,2.877291007742419e-05
FL-2015-000155-NGA,FL-2015-000155-NGA,0.34717111220082575,2.543523810449727e-05,1.1309728897968445,2.8766564741714092e-05
FL-2011-000093-BGD,FL-2011-000093-BGD,0.354094874431222,3.098820378752948e-05,0.9269344239735141,2.872403282776751e-05
FL-2006-000121-MKD,FL-2006-000121-MKD,0.353484888047768,3.0458500484764796e-05,0.9374606289413403,2.8553645021057724e-05
FL-2011-000187-COD,FL-2011-000187-COD,0.34833417683088574,2.6300310380719226e-05,1.0853096249747856,2.8543979996018842e-05
FL-2002-000445-VEN,FL-2002-000445-VEN,0.35070780318378625,2.8148437314287348e-05,1.0122910677483703,2.8494411664328008e-05
FL-2014-000005-IDN,FL-2014-000005-IDN,0.3419113039417776,2.183406468459268e-05,1.2967973978194893,2.8314358266802195e-05
FL-2009-000187-CIV,FL-2009-000187-CIV,0.34612312035476034,2.4677780836702484e-05,1.1423006536672147,2.818944518082151e-05
FL-2017-000095-GHA,FL-2017-000095-GHA,0.3515601851932686,2.884010556746485e-05,0.9719324461526762,2.8030634351487525e-05
FL-2013-000070-IND,FL-2013-000070-IND,0.3478833675968205,2.5961910893980508e-05,1.077139003407864,2.796458682690593e-05
FL-2001-000095-HUN,FL-2001-000095-HUN,0.35298321719591474,3.0028979316713228e-05,0.929591846342594,2.7914694326807015e-05
FL-2002-000376-RUS,FL-2002-000376-RUS,0.3519712213160705,2.9179077090817907e-05,0.9555833880945447,2.7883041347915686e-05
FL-2016-000026-PNG,FL-2016-000026-PNG,0.34331304038270016,2.274589340461715e-05,1.213394111780414,2.75997331243474e-05
FL-2021-000110-YEM,FL-2021-000110-YEM,0.3450398174387447,2.3916198730865585e-05,1.1524258360621629,2.756164531784661e-05
FL-2007-000012-BOL,FL-2007-000012-BOL,0.34927877754606107,2.702227961987027e-05,1.019120716977021,2.753896498055573e-05
FL-2007-000197-COD,FL-2007-000197-COD,0.35212316639506513,2.9305287409806805e-05,0.938197452018096,2.7494145978538734e-05
FL-2006-000068-CHN,FL-2006-000068-CHN,0.36428430388279065,4.11532927478906e-05,0.6678237967185123,2.748314821036472e-05
FL-2012-000068-DOM,FL-2012-000068-DOM,0.34055694806609615,2.0984443296200557e-05,1.3071503900505754,2.742982323962274e-05
FL-2012-000151-TCD,FL-2012-000151-TCD,0.34577414568627934,2.443009578375902e-05,1.1222690061354306,2.7417139315032606e-05
FL-2010-000026-DOM,FL-2010-000026-DOM,0.3481082711566991,2.6130241510247902e-05,1.0490817664059833,2.7412759920185817e-05
Lao PDR: Floods - Sep 1995,Lao PDR: Floods - Sep 1995,0.3437862541016492,2.306136870403447e-05,1.1807652832898365,2.7230063550870633e-05
FL-2015-000056-COL,FL-2015-000056-COL,0.3454724124189522,2.4217746371024517e-05,1.1169319001335634,2.704957347114112e-05
FL-2016-000117-ALB,FL-2016-000117-ALB,0.3454249017515251,2.4184461817590023e-05,1.116507802929084,2.700214032897976e-05
FL-2006-000172-COG,FL-2006-000172-COG,0.3475705125579115,2.572937539671768e-05,1.0447518399142948,2.6880812285566382e-05
1996-07-01-CO-Flood,1996-07-01-CO-Flood,0.3579737750156227,3.4555096972224294e-05,0.7739776904641869,2.6744874148328175e-05
FL-2004-000022-AFG,FL-2004-000022-AFG,0.3464305754456916,2.4897867545371698e-05,1.0740305380391386,2.6741070075782772e-05
Guyana: Floods - Jul 1996,Guyana: Floods - Jul 1996,0.34975113681641057,2.738995683221049e-05,0.975512874914735,2.6719255533180146e-05
FL-2012-000192-COD,FL-2012-000192-COD,0.33959504793693446,2.0399216453787388e-05,1.301468773071398,2.654894320972855e-05
FL-2000-000302-CHN,FL-2000-000302-CHN,0.36478705100212083,4.172478773428526e-05,0.6358572303399659,2.6531007965245607e-05
Chad: Floods - Sep 1988,Chad: Floods - Sep 1988,0.34544592114941486,2.4199182297920676e-05,1.0852717500654687,2.6262688922617684e-05
FF-2007-000008-LKA,FF-2007-000008-LKA,0.34644424639231747,2.4907694561031956e-05,1.0463980201857406,2.6063362276054978e-05
FL-2010-000042-SRB,FL-2010-000042-SRB,0.3458300971305464,2.4469656141897714e-05,1.0641610204580652,2.6039654250219833e-05
FL-2018-000124-MMR,FL-2018-000124-MMR,0.3445076966260922,2.3549912020244537e-05,1.1043679108475906,2.600776713844202e-05
FL-2016-000046-SOM,FL-2016-000046-SOM,0.345247429167194,2.4060493650793725e-05,1.0763349207071773,2.5897149525802608e-05
FL-2010-000194-VNM,FL-2010-000194-VNM,0.33905383267934164,2.0076434222971912e-05,1.288695029588998,2.5872400995014363e-05
FL-2022-000276-GMB,FL-2022-000276-GMB,0.33917705532495823,2.0149517635993825e-05,1.2833775557524247,2.585943869327213e-05
FL-2005-000110-BIH,FL-2005-000110-BIH,0.3491224432782317,2.69015734713026e-05,0.9602566282387353,2.583241423586964e-05
FL-2002-000510-MEX,FL-2002-000510-MEX,0.35253217569674283,2.9647468273520748e-05,0.867985419385465,2.5733570183109175e-05
FL-2001-000375-IRN,FL-2001-000375-IRN,0.3494556359051613,2.7159419941489127e-05,0.9437442735893395,2.5631547043788478e-05
FL-2011-000204-PHL,FL-2011-000204-PHL,0.35074242128711414,2.8176234770092224e-05,0.9086693999686215,2.560288234191471e-05
FL-2009-000266-ALB,FL-2009-000266-ALB,0.35359035197721944,3.0549497001896325e-05,0.8243171924381797,2.5182475599001768e-05
Niger: Floods - Aug 1994,name=Niger: Floods - Aug 1994,0.3379641722579043,1.944046414308237e-05,1.2931727617169873,2.5139878704969892e-05
FL-2019-000156-DJI,FL-2019-000156-DJI,0.3447371092674516,2.3707205050558955e-05,1.0579254007457344,2.5080454403673882e-05
FL-2022-000002-IRN,FL-2022-000002-IRN,0.3440248587555968,2.322192682311428e-05,1.0761675131954946,2.499068324083865e-05
FL-2010-000089-AZE,FL-2010-000089-AZE,0.34419070289240283,2.3334115973798463e-05,1.0703967476559106,2.4976761847779706e-05
FL-2005-000117-GTM,FL-2005-000117-GTM,0.3508395050475418,2.825432240356644e-05,0.8832004049243507,2.4954228987693033e-05
FL-2006-000065-TZA,FL-2006-000065-TZA,0.34942482884160003,2.7135486427695453e-05,0.9152295890668976,2.4835200092350084e-05
FL-1999-000233-SVK,FL-1999-000233-SVK,0.33817395295286734,1.9561472366843375e-05,1.2632598706634384,2.4711223052124986e-05
Iran: Floods - Dec 1990,Iran: Floods - Dec 1990,0.34994951534961716,2.7545709552689863e-05,0.8898231756341812,2.4510810749271294e-05
FL-2012-000075-VEN,FL-2012-000075-VEN,0.3435579314247186,2.2908665541934526e-05,1.068528235373372,2.4478555966282074e-05
Peru: Floods - Feb 1987,Peru: Floods - Feb 1987,0.34969875931749766,2.7348966228474668e-05,0.8908312469140471,2.4363313687122254e-05
FL-2011-000118-GTM,FL-2011-000118-GTM,0.34719006296022215,2.5449125650998442e-05,0.9552182830389102,2.430947010918822e-05
FL-2010-000150-MEX,FL-2010-000150-MEX,0.33681315538338347,1.878842865876114e-05,1.2934881621677183,2.4302610055840234e-05
FL-2013-000116-NGA,FL-2013-000116-NGA,0.33845800641140866,1.9726403864162172e-05,1.2298958129711375,2.4261421517510722e-05
FL-2011-000037-BDI,FL-2011-000037-BDI,0.3523305886933334,2.947837197010326e-05,0.813980526208619,2.3994820727998056e-05
Peru: Floods - Feb 1994,Peru: Floods - Feb 1994,0.3500560885509523,2.7629711977483632e-05,0.8669712406759366,2.395416567263777e-05
FF-2012-000107-SLB,FF-2012-000107-SLB,0.336916666840961,1.884625031535121e-05,1.2688330044270801,2.391274440981188e-05
FL-2023-000199-SDN,FL-2023-000199-SDN,0.34189624074803626,2.1824447408201267e-05,1.0919778288263946,2.3831812696143454e-05
FL-2023-000231-BDI,FL-2023-000231-BDI,0.34516442862566155,2.4002712629199535e-05,0.9891166714763052,2.374148322219612e-05
FL-2005-000070-YEM,FL-2005-000070-YEM,0.3439803907502756,2.3191928051121156e-05,1.0139259017870548,2.351489656341351e-05
FF-2019-000054-YEM,FF-2019-000054-YEM,0.33814786871930713,1.954638933217207e-05,1.2008192634195207,2.3471680840370043e-05
FL-2011-000129-MLI,FL-2011-000129-MLI,0.3476670032961776,2.5800893264960603e-05,0.9069557018258996,2.340026725885747e-05
Brazil: Floods - Jul 1988,Brazil: Floods - Jul 1988,0.34588319305733023,2.45072508187289e-05,0.9542800112349412,2.3386779586634135e-05
FL-2023-000196-LKA,FL-2023-000196-LKA,0.34043351458898585,2.0908509967247132e-05,1.1173802450335497,2.336275599048902e-05
FL-2002-000475-TJK,FL-2002-000475-TJK,0.33983521708016784,2.054394423208693e-05,1.1361467856691416,2.334093620425167e-05
FL-2024-000035-IRQ,FL-2024-000035-IRQ,0.34583200531783087,2.4471006338033705e-05,0.9517697258080438,2.329076299259724e-05
ST-2010-000085-CHN,ST-2010-000085-CHN,0.33713559743050947,1.8969073168740483e-05,1.2265270055929207,2.3266080512528282e-05
Togo: Floods - Sep 1995,Togo: Floods - Sep 1995,0.34627695155674965,2.478767855319528e-05,0.937832522926336,2.324669111503016e-05
FL-2007-000009-PER,FL-2007-000009-PER,0.34299584304149466,2.25366088040273e-05,1.031150965068591,2.3238645917646057e-05
FL-2023-000067-COD,FL-2023-000067-COD,0.34344913861365756,2.283622507748003e-05,1.0170068685630405,2.3224597755848742e-05
FL-2011-000198-PER,FL-2011-000198-PER,0.3378375985093768,1.936777864136905e-05,1.1989072405233858,2.3220170045991537e-05
FL-1999-000247-KOR,FL-1999-000247-KOR,0.33600485523581847,1.834237336731947e-05,1.2639620274706846,2.3184063429981408e-05
FF-2018-000118-LAO,FF-2018-000118-LAO,0.3387219793424989,1.9880796737964116e-05,1.1632902888660213,2.312713778019293e-05
FL-2012-000183-COL,FL-2012-000183-COL,0.34016871871407894,2.074644752786929e-05,1.1081396423212708,2.2989960942970087e-05
FL-2021-000038-KEN,FL-2021-000038-KEN,0.3316709102115334,1.6109194538126816e-05,1.4217705075722322,2.2903577695052393e-05
FF-2009-000229-SOM,FF-2009-000229-SOM,0.3381564201851514,1.9551333006800367e-05,1.1613045952754697,2.2705052864558234e-05
FL-2006-000047-COD,FL-2006-000047-COD,0.3429067369320147,2.2478129857969505e-05,1.0080124870300073,2.2658235581915306e-05
Togo: Floods - Oct 1995,Togo: Floods - Oct 1995,0.35024725198158757,2.7780967425072074e-05,0.8151788237675379,2.264645634869454e-05
FL-2015-000055-TJK,FL-2015-000055-TJK,0.33265623425317875,1.6594213330735e-05,1.363091174686871,2.2619425741996102e-05
FL-2009-000237-THA,FL-2009-000237-THA,0.3417594566677259,2.1737290314619033e-05,1.0324588619508415,2.2442858020126614e-05
FL-2010-000072-RUS,FL-2010-000072-RUS,0.3346658550529446,1.7624388138384964e-05,1.2712126327447877,2.240434484591236e-05
FL-2019-000170-RWA,FL-2019-000170-RWA,0.3343502602659455,1.745889109761956e-05,1.2803341263764025,2.235321408097149e-05
FL-2018-000029-RWA,FL-2018-000029-RWA,0.33708363313385964,1.8939855514596024e-05,1.1779991519684878,2.2311133734599804e-05
FL-2019-000011-IDN,FL-2019-000011-IDN,0.3429387775587288,2.249914187656594e-05,0.9907720767246441,2.229152152156764e-05
FL-2020-000200-BFA,FL-2020-000200-BFA,0.33694513038538715,1.886217814313269e-05,1.179752844001357,2.2252708308421027e-05
FL-2024-000055-SOM,FL-2024-000055-SOM,0.3394670074704902,2.0322433883700482e-05,1.0908371669471635,2.2168466203166876e-05
FF-2008-000194-VNM,FF-2008-000194-VNM,0.33738512263456727,1.910993808008247e-05,1.1575172522881112,2.2120083017853004e-05
FL-2013-000055-UGA,FL-2013-000055-UGA,0.3422559066603072,2.2055124787338874e-05,1.0009376405503114,2.207580456668166e-05
FL-2007-000209-PNG,FL-2007-000209-PNG,0.3363294557244694,1.8520343817086752e-05,1.1865949732954428,2.1976146877058473e-05
FL-2008-000158-PAN,FL-2008-000158-PAN,0.3447921811536996,2.3745104639273e-05,0.9235086414861772,2.192880932736213e-05
FL-2004-000142-ALB,FL-2004-000142-ALB,0.34740723179147304,2.5608759810634108e-05,0.8548694500312184,2.189214641529835e-05
FL-2003-000316-IND,FL-2003-000316-IND,0.3552223149171394,3.198912799354164e-05,0.6806493039297219,2.17733777021229e-05
FL-2019-000162-MYS,FL-2019-000162-MYS,0.33995379696439026,2.0615741595362554e-05,1.0555900890857195,2.176177250721693e-05
FL-2024-000218-MYS,FL-2024-000218-MYS,0.34223208360128254,2.2039777908466457e-05,0.9835826898124584,2.167794403807864e-05
FL-2002-000077-PER,FL-2002-000077-PER,0.3382306056765215,1.959426751538579e-05,1.099709656642364,2.1548005201503536e-05
FL-2010-000139-SDN,FL-2010-000139-SDN,0.3494153272136338,2.7128108596235477e-05,0.793326664779713,2.1521451914433354e-05
FL-2000-000444-IND,FL-2000-000444-IND,0.35229088622678784,2.944517102700465e-05,0.7306166341110584,2.1513131746574593e-05
FL-2002-000641-THA,FL-2002-000641-THA,0.33627146966435273,1.8488437930016482e-05,1.1603592484795837,2.1453229942035355e-05
FF-2013-000029-SRB,FF-2013-000029-SRB,0.3362366085804296,1.8469280004127695e-05,1.161108725475724,2.1444842166046982e-05
FL-2008-000232-CRI,FL-2008-000232-CRI,0.35819154340202075,3.476588450732178e-05,0.615992904616921,2.1415538179241556e-05
FL-2016-000102-SEN,FL-2016-000102-SEN,0.3430012539190669,2.254016428408852e-05,0.9497600525846711,2.140774761572304e-05
FL-2010-000125-IND,FL-2010-000125-IND,0.3462801607968182,2.4789975931885486e-05,0.8556559783131277,2.1211691108356365e-05
FL-1998-000165-CHN,FL-1998-000165-CHN,0.3531782000714542,3.0195268030512706e-05,0.7000190203158281,2.113726194489335e-05
FL-2011-000148-KHM,FL-2011-000148-KHM,0.3368127077444235,1.878817895407385e-05,1.1234947898668675,2.11084211659883e-05
FL-2014-000098-SDN,FL-2014-000098-SDN,0.33741450097005493,1.912658487847716e-05,1.100317560627309,2.1045317216617163e-05
FL-1999-000315-GHA,FL-1999-000315-GHA,0.34486889657430636,2.3797989847950655e-05,0.8830969393406909,2.1015931997186056e-05
FL-2009-000186-TCD,FL-2009-000186-TCD,0.34221695736417057,2.2030038535008925e-05,0.9539321905487659,2.1015162917574787e-05
FL-2015-000024-ARG,FL-2015-000024-ARG,0.33660143583377444,1.8670658783323577e-05,1.1150032385892976,2.0817845010001503e-05
FL-2016-000025-SRB,FL-2016-000025-SRB,0.33339951795920103,1.6968743141790503e-05,1.220904970189552,2.07172228396819e-05
FL-2011-000135-THA,FL-2011-000135-THA,0.3345211040096322,1.7548306613911834e-05,1.1754815142398911,2.0627710030866978e-05
FF-2023-000136-VNM,FF-2023-000136-VNM,0.3337385197290022,1.7142073517693882e-05,1.2027362338812573,2.0617392943586777e-05
FF-2013-000118-BEN,FF-2013-000118-BEN,0.33356673663941505,1.7054043314143314e-05,1.2075093409994648,2.0592916603637523e-05
FL-2009-000113-CHN,FL-2009-000113-CHN,0.3554628987131938,3.220644440585704e-05,0.6385622410411255,2.056581931577049e-05
FL-2005-000100-KGZ,FL-2005-000100-KGZ,0.33246905037167923,1.6501074663206915e-05,1.2450017166675804,2.0543866282552527e-05
FL-1997-000295-COD,FL-1997-000295-COD,0.33939534257154774,2.027957191658336e-05,1.0129914858035072,2.0543033687238857e-05
FL-2025-000026-ECU,FL-2025-000026-ECU,0.3360227062294764,1.8352120484838804e-05,1.1171472704368623,2.0502021306366096e-05
FL-2023-000053-ECU,FL-2023-000053-ECU,0.33435030930692433,1.7458916705545608e-05,1.1701678124219697,2.0429862368585684e-05
India: Floods - Aug 2003,India: Floods - Aug 2003,0.3630147079238773,3.974131312769804e-05,0.512689258225858,2.037494434836106e-05
FL-2017-000088-SDN,FL-2017-000088-SDN,0.33699577579338313,1.889054861116014e-05,1.0719224581628997,2.0249203303320527e-05
China: Floods - May 1987,China: Floods - May 1987,0.3357048008707916,1.817923152906781e-05,1.1104745493488628,2.0187573939750213e-05
Bolivia: Floods - Jan 1986,Bolivia: Floods - Jan 1986,0.3433791634326577,2.2789740619794735e-05,0.8841657020196967,2.0149907013947608e-05
Russia: Floods - Jun 1993,Russia: Floods - Jun 1993,0.34591576568512716,2.4530339651769415e-05,0.820510219523839,2.0127394372667653e-05
FL-2019-000100-MLI,FL-2019-000100-MLI,0.33949152829700413,2.0337118223434323e-05,0.9879592955377479,2.009224499329207e-05
FF-2004-000060-VNM,FF-2004-000060-VNM,0.32632388840726606,1.3692686755753192e-05,1.463389408328373,2.0037732769927413e-05
FL-2015-000042-RWA,FL-2015-000042-RWA,0.3313131397735369,1.5936267169867777e-05,1.249561737281718,1.9913349690565588e-05
FL-2010-000196-LKA,FL-2010-000196-LKA,0.3322205306493423,1.6378143647825698e-05,1.212821481693282,1.9863764446341378e-05
FL-2015-000093-GUY,FL-2015-000093-GUY,0.33732299036021024,1.9074774691047793e-05,1.034221533733351,1.972754273659355e-05
FL-2007-000154-MEX,FL-2007-000154-MEX,0.33697988265584733,1.888164148530641e-05,1.041257826944866,1.9660656982142186e-05
FL-2013-000142-VNM,FL-2013-000142-VNM,0.3353865088036073,1.8007602177924636e-05,1.0905579261018445,1.963833328522455e-05
FL-2007-000217-SRB,FL-2007-000217-SRB,0.3354201026114976,1.8025647527321558e-05,1.0803231417321983,1.947352416847326e-05
FL-2021-000213-STP,FL-2021-000213-STP,0.33148120722078356,1.6017292934590504e-05,1.21326547331372,1.943322849349045e-05
FL-2001-000314-GHA,FL-2001-000314-GHA,0.33760174430856527,1.923299056548409e-05,1.0103874531958326,1.9432772354798945e-05
FL-2006-000158-PRK,FL-2006-000158-PRK,0.33779479066837126,1.9343251466103143e-05,0.9986709167128025,1.9317542673859488e-05
FL-2002-000470-VNM,FL-2002-000470-VNM,0.33022667476509854,1.5421318757162067e-05,1.2513371910904603,1.929726969649781e-05
FL-2001-000019-MOZ,FL-2001-000019-MOZ,0.3355206929444225,1.807977829614803e-05,1.0662262115321133,1.927713351804244e-05
FL-2001-000332-IND,FL-2001-000332-IND,0.35177465131936636,2.9016525799781246e-05,0.6620849087194431,1.9211403835503533e-05
FL-2002-000734-MAR,FL-2002-000734-MAR,0.3350828483875049,1.784522324035243e-05,1.0757011498710427,1.9196127159352564e-05
FL-2020-000052-COD,FL-2020-000052-COD,0.33434221097015593,1.7454688422408248e-05,1.0988158099220888,1.9179487595806227e-05
FL-2021-000209-MYS,FL-2021-000209-MYS,0.3312372516885915,1.589980236154381e-05,1.2058191682024515,1.9172286458180133e-05
FL-2007-000035-AFG,FL-2007-000035-AFG,0.3383926526196174,1.9688346686052128e-05,0.9702882879212498,1.910337219800953e-05
FL-2009-000183-NGA,FL-2009-000183-NGA,0.3385065391437655,1.975470853608122e-05,0.9656932233895635,1.90769881633296e-05
China: Floods in Zhejiang Province - Aug 1988,name=China: Floods in Zhejiang Province - Aug 1988,0.33153863677548906,1.6045064749950366e-05,1.1830173894671492,1.898159061431766e-05
FL-2007-000159-RWA,FL-2007-000159-RWA,0.3379209844399622,1.9415635813474467e-05,0.9770683724629499,1.897040368460486e-05
FF-2008-000072-CHN,FF-2008-000072-CHN,0.3496902055391886,2.7342277292936273e-05,0.6928246734717287,1.8943404337452037e-05
FL-2010-000120-BRA,FL-2010-000120-BRA,0.32901275588825674,1.4863714661167704e-05,1.2635202173548898,1.878060397937968e-05
FL-2020-000192-TCD,FL-2020-000192-TCD,0.32875478346125175,1.4747581548499245e-05,1.2732702189198974,1.8777656386796675e-05
FL-2024-000116-LBR,FL-2024-000116-LBR,0.3387911840394349,1.9921452799234435e-05,0.9411318740645284,1.874871420703155e-05
1995-09-00T00:00:00+00:00,1995-09-00T00:00:00+00:00,0.35529622320382626,3.205574758305018e-05,0.5841419555859526,1.872510708093261e-05
FL-2009-000190-TUR,FL-2009-000190-TUR,0.33598594882377053,1.8332055044020015e-05,1.0202954218418836,1.870411183436703e-05
FL-2012-000050-AFG,FL-2012-000050-AFG,0.3341119209793243,1.73348350580383e-05,1.0763489315759105,1.865833119376416e-05
FL-2024-000064-RWA,FL-2024-000064-RWA,0.32744668331975,1.4171178177136213e-05,1.3163910113884745,1.865481157316662e-05
FL-2012-000030-KAZ,FL-2012-000030-KAZ,0.3254123385812103,1.3314968996121752e-05,1.386634100283017,1.846299005423355e-05
FL-2023-000063-CMR,FL-2023-000063-CMR,0.33430941099586514,1.7437572406688464e-05,1.0563752295074629,1.8420619553168527e-05
FL-2011-000107-MMR,FL-2011-000107-MMR,0.3309454614591004,1.5760293322607375e-05,1.1654079728699487,1.8367171492935648e-05
FL-2009-000216-ITA,FL-2009-000216-ITA,0.3321845704672942,1.6360424266285748e-05,1.1196820788761856,1.831847385377122e-05
FF-2012-000196-COG,FF-2012-000196-COG,0.3372567304903405,1.9037339487411216e-05,0.9546774198450808,1.8174518142556613e-05
FF-2007-000070-CHN,FF-2007-000070-CHN,0.3490081415552653,2.6813628109898846e-05,0.6717253779144738,1.801139447537996e-05
FL-2006-000062-THA,FL-2006-000062-THA,0.3413856630499863,2.1500709124327554e-05,0.8376615682858721,1.801031772434258e-05
FL-2003-000293-TLS,FL-2003-000293-TLS,0.33300199065466574,1.6767499299056473e-05,1.0697950005147083,1.793778692126449e-05
IND-2018-000413,IND-2018-000413,0.33780405512384365,1.9348557255760096e-05,0.9221733186742626,1.784272325610327e-05
Thailand: Floods - Oct 1995,Thailand: Floods - Oct 1995,0.32632000744378925,1.3691058374406794e-05,1.3030110983590828,1.7839601010134116e-05
FL-2022-000331-SLV,FL-2022-000331-SLV,0.33338406051218517,1.6960877541592564e-05,1.046746663649171,1.775374197922417e-05
FL-2020-000190-NER,FL-2020-000190-NER,0.3302411628016542,1.5428085889030055e-05,1.1441798734017292,1.7652505359341413e-05
FF-2019-000068-VNM,FF-2019-000068-VNM,0.3322671977960402,1.6401164637890002e-05,1.0739024148338638,1.7613250310717848e-05
FL-2008-000125-SDN,FL-2008-000125-SDN,0.3278105245488089,1.4329430399676253e-05,1.22270091265696,1.752060762753854e-05
FL-2000-000265-COL,FL-2000-000265-COL,0.3389229325527323,1.9999058700486234e-05,0.8757434779822016,1.7514045222734024e-05
FL-2002-000732-IDN,FL-2002-000732-IDN,0.33728257953497864,1.9051935691249628e-05,0.9190515020515428,1.750971011403237e-05
FL-2013-000051-ECU,FL-2013-000051-ECU,0.3243334214067657,1.2880034752442318e-05,1.3545163959289632,1.7446218252317964e-05
FL-2015-000006-MWI,FL-2015-000006-MWI,0.3270393758648963,1.399588782259577e-05,1.2458327290676428,1.7436535121749074e-05
FL-2011-000021-MYS,FL-2011-000021-MYS,0.3361887260817492,1.8442995276507325e-05,0.9410695768598368,1.7356141760890717e-05
FL-2021-000049-RWA,FL-2021-000049-RWA,0.3255481983623279,1.3370663601039906e-05,1.2970626710434043,1.7342588643987643e-05
FF-2006-000046-KEN,FF-2006-000046-KEN,0.3305258362044793,1.5561595644713287e-05,1.1036482173283537,1.717452729207249e-05
FL-2021-000190-EGY,FL-2021-000190-EGY,0.32930937959955475,1.4998264469779719e-05,1.1389708836250705,1.7082586535987507e-05
FL-2010-000092-LKA,FL-2010-000092-LKA,0.32738637080055155,1.4145097858600107e-05,1.2070220613503797,1.7073445175290343e-05
FL-2003-000051-PER,FL-2003-000051-PER,0.33452754769409154,1.755168713464037e-05,0.9636886445289713,1.6914361583978163e-05
FL-2024-000148-GIN,FL-2024-000148-GIN,0.3334491708569783,1.6994031485256443e-05,0.994415026402329,1.6899120268093297e-05
FL-2008-000187-BDI,FL-2008-000187-BDI,0.34588245183709687,2.4506725638686578e-05,0.6853457474951481,1.6795580201504162e-05
FL-2023-000259-COG,FL-2023-000259-COG,0.32747082504584635,1.4181629656617948e-05,1.1831497507677173,1.6778991593707594e-05
FL-2009-000164-SEN,FL-2009-000164-SEN,0.33114693868763395,1.5856504142444793e-05,1.0544185483611912,1.6719392079959852e-05
FL-2012-000005-BOL,FL-2012-000005-BOL,0.33108646516658413,1.5827571034438802e-05,1.0536838020167862,1.6677255224258235e-05
FL-2021-000129-VEN,FL-2021-000129-VEN,0.32544910936334415,1.3330022231603602e-05,1.2359545412754298,1.647530151245291e-05
FL-2008-000217-KEN,FL-2008-000217-KEN,0.33270422015043444,1.661816614525909e-05,0.9905535057194418,1.6461182733814534e-05
LS-2011-000104-ECU,LS-2011-000104-ECU,0.3306411098104433,1.5615953245349465e-05,1.046388478883193,1.6340353562712286e-05
FL-2009-000241-COL,FL-2009-000241-COL,0.34333435007561697,2.2760015892165614e-05,0.7158636981146965,1.629306914571494e-05
FL-2000-000191-HUN,FL-2000-000191-HUN,0.3314937958371139,1.60233768395959e-05,1.016070329308817,1.6280877782047477e-05
FL-2021-000204-BRA,FL-2021-000204-BRA,0.3241987383966617,1.2826648832483205e-05,1.2616737641161433,1.6183046313475018e-05
FL-2010-000115-MMR,FL-2010-000115-MMR,0.33227138153339864,1.6403229905055218e-05,0.9799014922135285,1.6073549461085182e-05
FL-2022-000290-SEN,FL-2022-000290-SEN,0.3328216556714634,1.6676917000205242e-05,0.9602028308095506,1.601322291277299e-05
Indonesia: Floods - Nov 1987,Indonesia: Floods - Nov 1987,0.32789864338446656,1.4367996007997586e-05,1.113651344896523,1.6000938077774388e-05
FL-2024-000020-PAK,FL-2024-000020-PAK,0.3268781171513905,1.3927028912386718e-05,1.1424260343540067,1.5910600410711554e-05
FL-2016-000123-DOM,FL-2016-000123-DOM,0.3301072078160653,1.536561939513691e-05,1.0354648515724754,1.591055880630459e-05
Algeria: Floods - Jan 1985,Algeria: Floods - Jan 1985,0.3231389690950317,1.2413474350884857e-05,1.2746999404289316,1.5823455015588996e-05
FL-2023-000217-PRY,FL-2023-000217-PRY,0.3244539699661024,1.2927987539496102e-05,1.2209609052027184,1.5784567368672626e-05
FL-2009-000247-MYS,FL-2009-000247-MYS,0.3315078638456005,1.6030178175168556e-05,0.9816944353369297,1.5736736712022468e-05
FL-2006-000009-GUY,FL-2006-000009-GUY,0.3318737852991866,1.6208002259025386e-05,0.9682281522146716,1.5693044078347374e-05
FL-2012-000063-RUS,FL-2012-000063-RUS,0.327276963841411,1.4097898369596391e-05,1.1108712268830492,1.5660949658306084e-05
FL-2019-000103-LAO,FL-2019-000103-LAO,0.32564133808222717,1.3408966513239635e-05,1.1650939839327012,1.562270621533055e-05
FL-2007-000222-MYS,FL-2007-000222-MYS,0.33361580672466196,1.7079147662400628e-05,0.9073504280824132,1.5496771942761956e-05
FF-2008-000186-COD,FF-2008-000186-COD,0.3293266063775525,1.500611218437349e-05,1.0305191131072475,1.546408541942843e-05
FL-2010-000012-EGY,FL-2010-000012-EGY,0.33280068185221756,1.666641048830713e-05,0.9242166188559036,1.5403373549967785e-05
FL-1999-000350-CRI,FL-1999-000350-CRI,0.3399947923501081,2.0640615830115905e-05,0.7458703171652188,1.5395222675693986e-05
FL-2005-000138-PNG,FL-2005-000138-PNG,0.3255620896031429,1.3376369999573613e-05,1.1437040377671508,1.529860837917972e-05
ST-2012-000064-COD,ST-2012-000064-COD,0.32524574541051754,1.324696051987483e-05,1.1546951626353135,1.5296201231920444e-05
FL-2009-000165-CHL,FL-2009-000165-CHL,0.32957903833879376,1.5121533015735546e-05,1.0088424248679406,1.5255244035315271e-05
FL-2009-000132-GHA,FL-2009-000132-GHA,0.32970801199715677,1.5180812192854205e-05,1.00457015880135,1.5250190915309018e-05
FL-2019-000034-BOL,FL-2019-000034-BOL,0.3232366345691444,1.2451043886599404e-05,1.2187179470762803,1.5174310644433095e-05
FL-1999-000265-TCD,FL-1999-000265-TCD,0.3248917763581619,1.3103496181392881e-05,1.1454311201477374,1.5009152308904448e-05
FF-2009-000246-LKA,FF-2009-000246-LKA,0.3259008652621349,1.3516216360699333e-05,1.1085200076597403,1.4982996263693131e-05
FL-2009-000242-IRQ,FL-2009-000242-IRQ,0.3298933912633004,1.5266383023436745e-05,0.9788779086310397,1.4943925086342169e-05
FL-2008-000201-YEM,FL-2008-000201-YEM,0.3271898348704899,1.406041131729996e-05,1.0616963805348374,1.4927887804408433e-05
FL-2011-000181-VEN,FL-2011-000181-VEN,0.3344688235212543,1.7520900597242975e-05,0.8434253806112476,1.4777572254881493e-05
FL-2014-000030-PRY,FL-2014-000030-PRY,0.3336861032489593,1.7115169449952945e-05,0.8630646431827305,1.4771497614335608e-05
FF-2010-000094-HUN,FF-2010-000094-HUN,0.3224185846842761,1.2139496446227214e-05,1.2165899177350536,1.4768788982860542e-05
1986-07-01T00:00:00+00:00,1986-07-01T00:00:00+00:00,0.3445554798171787,2.358259612473134e-05,0.6247700658964721,1.4733700134858287e-05
FL-2008-000086-MEX,FL-2008-000086-MEX,0.3301327187038588,1.5377498170601706e-05,0.9563543144258493,1.4706336720530547e-05
FL-2012-000175-GMB,FL-2012-000175-GMB,0.32145962958287766,1.1783231206567538e-05,1.2465158816556456,1.4687984836206852e-05
FL-2010-000051-KAZ,FL-2010-000051-KAZ,0.32637414126138764,1.3713787681907127e-05,1.0701404681681588,1.4675679170274822e-05
Iran: Floods - Dec 1986,Iran: Floods - Dec 1986,0.33498106466414235,1.7791091180170073e-05,0.8224805158651762,1.4632825851670668e-05
FL-2009-000144-NER,FL-2009-000144-NER,0.32512981656338524,1.3199819426725113e-05,1.0987319238695548,1.4503062993456407e-05
FL-2020-000019-MDG,FL-2020-000019-MDG,0.32663502822661217,1.3823803914395597e-05,1.043786590716556,1.442910115854116e-05
FL-2024-000177-NPL,FL-2024-000177-NPL,0.3222684800109798,1.208309825927415e-05,1.1822831865149188,1.4285643912947512e-05
FL-2024-000043-CUB,FL-2024-000043-CUB,0.31913850314871084,1.0959532715918454e-05,1.300069557704207,1.4248154850628891e-05
Hungary: Floods - Mar 1999,Hungary: Floods - Mar 1999,0.33063310920590255,1.5612175026019942e-05,0.9105346924279767,1.4215426985448807e-05
FL-2022-000316-NER,FL-2022-000316-NER,0.3292140867057449,1.4954920172772044e-05,0.94956722049458,1.4200701981177474e-05
FL-2007-000231-BOL,FL-2007-000231-BOL,0.3272512709548684,1.4086834719868526e-05,1.0056777966466628,1.4166816902803089e-05
FL-2011-000096-PRK,FL-2011-000096-PRK,0.33076651028456844,1.567528021313301e-05,0.8967115844943416,1.4056205357311302e-05
Iran: Floods - Apr 1989,Iran: Floods - Apr 1989,0.3337801349498203,1.7163460668259874e-05,0.814536614424038,1.3980267144524535e-05
FL-2001-000252-ECU,FL-2001-000252-ECU,0.326777296237052,1.388413254118265e-05,1.0045332304500523,1.3947072513590902e-05
FL-2021-000135-GIN,FL-2021-000135-GIN,0.31576631665457133,9.85503138969306e-06,1.405762750329889,1.3853836030962305e-05
FL-2009-000124-VNM,FL-2009-000124-VNM,0.3220083987895537,1.1985937075140685e-05,1.1555969844310696,1.3850912739613131e-05
FL-2002-000026-SEN,FL-2002-000026-SEN,0.3246747363470388,1.3016222545111229e-05,1.0546693276059735,1.3727810679622174e-05
FL-2019-000118-SEN,FL-2019-000118-SEN,0.3251455683704955,1.3206215836240101e-05,1.0381953499928476,1.3710631872186377e-05
FL-2018-000164-HND,FL-2018-000164-HND,0.320985712507726,1.1610662957013158e-05,1.1796924207248134,1.3697011089978773e-05
FL-2012-000129-SDN,FL-2012-000129-SDN,0.324646173728652,1.3004776312571602e-05,1.0523145824203366,1.368511575483367e-05
FL-2012-000141-NER,FL-2012-000141-NER,0.3320749466910632,1.6306513561635736e-05,0.8342353499526158,1.3603470047598263e-05
FL-2003-000455-NGA,FL-2003-000455-NGA,0.3260460100357143,1.3576533616261819e-05,1.0019534687985443,1.3603054951073575e-05
FL-2013-000098-NER,FL-2013-000098-NER,0.3240218985268512,1.2756855121215824e-05,1.0461622636739756,1.3345740430972094e-05
1993-08-00:00:00+00:00,1993-08-00:00:00+00:00,0.33049088102415136,1.5545146111156734e-05,0.8503605405079919,1.3218978849358949e-05
FL-2000-000735-VEN,FL-2000-000735-VEN,0.3232947376794584,1.2473443261207572e-05,1.0592626832599326,1.3212652978357257e-05
Djibouti: Floods - Nov 1994,Djibouti: Floods - Nov 1994,0.326721353855767,1.3860382012605818e-05,0.949468318420347,1.315999360217247e-05
FL-2017-000174-ALB,FL-2017-000174-ALB,0.3219069625309598,1.1948233506100838e-05,1.1009974778760738,1.3154974955291421e-05
FL-1998-000251-SDN,FL-1998-000251-SDN,0.3209059024288642,1.158182641485562e-05,1.131419011075252,1.3103898588741178e-05
FL-2015-000085-VEN,FL-2015-000085-VEN,0.3210254030291718,1.1625027763824563e-05,1.1268991625176379,1.3100234051298189e-05
FL-2007-000228-LKA,FL-2007-000228-LKA,0.32438142973267153,1.2899112679911606e-05,1.0154950674735044,1.3098985301235172e-05
FL-1997-000255-KEN,FL-1997-000255-KEN,0.3271672725135828,1.4050718546899555e-05,0.9285064149811921,1.304618230589145e-05
FL-2002-000782-MKD,FL-2002-000782-MKD,0.32366617046225626,1.2617493620691227e-05,1.0286208969532604,1.297861760541745e-05
FL-2007-000131-SEN,FL-2007-000131-SEN,0.32233792003026934,1.2109159281734876e-05,1.067501640440192,1.2926547397603558e-05
FL-2017-000053-THA,FL-2017-000053-THA,0.32196407735326615,1.1969449771331515e-05,1.0792293459598103,1.2917781448212913e-05
Bangladesh: Floods - Jul 1999,Bangladesh: Floods - Jul 1999,0.3228636894001797,1.2308129354924822e-05,1.0482356036464253,1.2901819404117909e-05
FL-2022-000305-GIN,FL-2022-000305-GIN,0.3140332924811164,9.327321053692923e-06,1.381125092626501,1.2882197154238752e-05
FL-2007-000199-THA,FL-2007-000199-THA,0.31752819411522537,1.0418925538218209e-05,1.2349138810883142,1.2866475773171201e-05
FF-2012-000079-GEO,FF-2012-000079-GEO,0.3214395379950955,1.1775868625762255e-05,1.0903447996921118,1.283975711795737e-05
2011-06-30T00:00:00+00:00,2011-06-30T00:00:00+00:00,0.3175528775409879,1.0427027645731387e-05,1.2293298445416447,1.2818256274758398e-05
FL-1999-000324-HND,FL-1999-000324-HND,0.3227862026400497,1.22786219265665e-05,1.0408486923311688,1.2780187575895559e-05
FL-2023-000131-GTM,FL-2023-000131-GTM,0.3217798066425631,1.1901120809744653e-05,1.0605795468095311,1.2622085314924464e-05
FL-2004-000052-JPN,FL-2004-000052-JPN,0.32167153404098237,1.1861136449680597e-05,1.0587350877770016,1.2557801340187581e-05
FL-2019-000153-COD,FL-2019-000153-COD,0.31889549679299056,1.0876367287690334e-05,1.1527833414890951,1.2538095025166349e-05
Brazil: Floods - Apr 1985,Brazil: Floods - Apr 1985,0.3252448610008484,1.324660031234626e-05,0.9399629984750824,1.2451314149193953e-05
FL-2023-000108-SRB,FL-2023-000108-SRB,0.3136773645540059,9.222141990591825e-06,1.3327736774425698,1.2291028094698607e-05
Papua New Guinea: Floods - Jun 1993,Papua New Guinea: Floods - Jun 1993,0.3260091913240589,1.3561210118276883e-05,0.9057511495213365,1.2283081653529667e-05
FL-2022-000164-ECU,FL-2022-000164-ECU,0.3169584260610453,1.0233472244202861e-05,1.1990142284011243,1.2270078826747216e-05
FL-2023-000079-BIH,FL-2023-000079-BIH,0.3172753829860224,1.033626821403768e-05,1.1840473487984016,1.2238630975300506e-05
FL-2023-000040-TUR,FL-2023-000040-TUR,0.3199802352201157,1.1252046887252673e-05,1.085836144445525,1.2217879209174711e-05
FL-2022-000378-BIH,FL-2022-000378-BIH,0.3232104373192789,1.2440956410849853e-05,0.9789655437483893,1.2179267657497636e-05
FL-2019-000015-PER,FL-2019-000015-PER,0.3156758959477981,9.826847524846689e-06,1.2387880992853906,1.2173381767272175e-05
FL-2009-000172-BFA,FL-2009-000172-BFA,0.31752823141122877,1.0418937776012988e-05,1.1667415435722015,1.2156207543168114e-05
FL-2009-000267-SRB,FL-2009-000267-SRB,0.3324188514491116,1.6476176899512314e-05,0.7348109754309236,1.2106875618903094e-05
FL-1997-000270-ETH,FL-1997-000270-ETH,0.31921177585248317,1.098472130246695e-05,1.0963520332427232,1.2043121534564296e-05
FL-2016-000072-SDN,FL-2016-000072-SDN,0.31759371347531146,1.044044411686116e-05,1.1398024130767133,1.1900043397990925e-05
FL-2009-000166-SDN,FL-2009-000166-SDN,0.32074777351696204,1.1524882434915632e-05,1.0246063390097677,1.1808467599156884e-05
FL-2024-000075-UGA,FL-2024-000075-UGA,0.31762573039607017,1.0450974002695871e-05,1.1215173808366035,1.1720948990694908e-05
FL-2019-000119-CMR,FL-2019-000119-CMR,0.3130240872909673,9.031867944987956e-06,1.2776900520050807,1.1539927824334683e-05
Indonesia: Floods and Landslides - Jan 1989,Indonesia: Floods and Landslides - Jan 1989,0.31016739948203415,8.240650366334359e-06,1.3981220969467434,1.1521435370384343e-05
FL-2003-000350-MNG,FL-2003-000350-MNG,0.3218683142075691,1.1933896140355236e-05,0.9653767569926166,1.1520705954262843e-05
FL-2014-000152-ETH,FL-2014-000152-ETH,0.31977503994723977,1.1180098211141908e-05,1.0270658582017673,1.1482697164006507e-05
Venezuela: Floods - Jul 1996,Venezuela: Floods - Jul 1996,0.32465056234728273,1.3006534425871757e-05,0.8773624081052269,1.141144436498638e-05
Afghanistan: Floods - May 1996,Afghanistan: Floods - May 1996,0.31026167798598614,8.265732942162572e-06,1.3761994142384775,1.137529683325582e-05
FL-2016-000080-BFA,FL-2016-000080-BFA,0.3152427352437367,9.692836132853016e-06,1.1662442397342112,1.1304214306627458e-05
FL-2020-000164-IND,FL-2020-000164-IND,0.31513950830459375,9.661143452334615e-06,1.1662775244540442,1.1267574468984214e-05
FL-1997-000526-ECU,FL-1997-000526-ECU,0.3210229235143113,1.1624129908795078e-05,0.9609815296317132,1.1170574140391642e-05
FL-2003-000368-SDN,FL-2003-000368-SDN,0.3174284610997397,1.0386246758265924e-05,1.072361231723768,1.113780836668104e-05
FL-2004-000031-CHN,FL-2004-000031-CHN,0.3340489261957493,1.7302178990672627e-05,0.6434879492593721,1.1133743676426521e-05
FL-1998-000053-ZMB,FL-1998-000053-ZMB,0.32138042285239043,1.175422983380147e-05,0.9365163542555616,1.1008028471033708e-05
FL-2005-000090-TJK,FL-2005-000090-TJK,0.31135604756560636,8.561957263821608e-06,1.278206249426741,1.0943947281941458e-05
FL-2008-000117-ROM,FL-2008-000117-ROM,0.3179331033022309,1.0552551773083544e-05,1.0292424136351432,1.0861133856938317e-05
FL-2012-000051-TJK,FL-2012-000051-TJK,0.31146655058056383,8.592392984338795e-06,1.2564153914667016,1.0795614795053766e-05
FL-2021-000092-CRI,FL-2021-000092-CRI,0.3237174681362853,1.2637505285426299e-05,0.847698183481849,1.0712790274198139e-05
FL-2009-000203-USA,FL-2009-000203-USA,0.3163005006841409,1.0023024542454071e-05,1.0672358252351861,1.0696930868918494e-05
FL-2020-000154-CIV,FL-2020-000154-CIV,0.3124370307176193,8.863903470009065e-06,1.204144706950617,1.0673422446332623e-05
FL-2010-000251-CRI,FL-2010-000251-CRI,0.31500869540110155,9.621115334252582e-06,1.1052106563104114,1.0633359193007458e-05
Nepal: Floods - Aug 1987,Nepal: Floods - Aug 1987,0.3143258835043332,9.414590821456005e-06,1.1288267712275268,1.0627442159412493e-05
FL-2002-000367-SRB,FL-2002-000367-SRB,0.3227176500239879,1.225256977005227e-05,0.8641325154688277,1.0587843936352583e-05
FL-2001-000079-ROM,FL-2001-000079-ROM,0.31881632706282814,1.0849395513929576e-05,0.9754964355574846,1.0583546651791665e-05
FL-2023-000158-GIN,FL-2023-000158-GIN,0.310118970947825,8.227792718046829e-06,1.2862993830803735,1.0583404697336825e-05
FL-2020-000132-UGA,FL-2020-000132-UGA,0.31306639926543217,9.044083896418147e-06,1.1565609422975855,1.046003419345979e-05
FL-2015-000018-PNG,FL-2015-000018-PNG,0.3193472083986089,1.1031415454523197e-05,0.9476670877822322,1.0454109357903907e-05
FL-1998-000316-VNM,FL-1998-000316-VNM,0.30851314811908054,7.811542031869917e-06,1.327857651248023,1.0372615855063998e-05
FL-2023-000094-ECU,FL-2023-000094-ECU,0.30872821105941306,7.866167028239896e-06,1.3161601711441135,1.0353135742136406e-05
FL-2001-000417-SDN,FL-2001-000417-SDN,0.312343730458568,8.837469533913852e-06,1.163963410402066,1.0286491178018723e-05
FL-2017-000139-ETH,FL-2017-000139-ETH,0.31015235013034814,8.236652867841903e-06,1.2467115336640937,1.0268730129125935e-05
FL-2001-000549-GIN,FL-2001-000549-GIN,0.31639571014237283,1.0053235699085393e-05,1.0199342550969517,1.0253639464060744e-05
FL-2008-000191-CRI,FL-2008-000191-CRI,0.33238776523369445,1.6460775651952073e-05,0.6221635888955922,1.0241295255623682e-05
FL-2007-000122-VNM,FL-2007-000122-VNM,0.3098862829478555,8.16626609385264e-06,1.2537362894429918,1.0238344151110924e-05
FL-2019-000009-ARG,FL-2019-000009-ARG,0.31176936186258397,8.676295610803417e-06,1.1742632969134712,1.0188255488937899e-05
Djibouti: Floods - Apr 2004,Djibouti: Floods - Apr 2004,0.3168720353902972,1.0205613922643411e-05,0.9882468827637481,1.0085666145742658e-05
FL-2010-000067-BRA,FL-2010-000067-BRA,0.3149907123075153,9.615624280209567e-06,1.0465567844150672,1.006329682683957e-05
FL-2000-000299-GTM,FL-2000-000299-GTM,0.32069767712421965,1.1506894798952706e-05,0.8719053948333257,1.0032923652986401e-05
FL-2017-000004-THA,FL-2017-000004-THA,0.31336362241803994,9.130315590220202e-06,1.0982925831634236,1.0027757894680224e-05
FL-2023-000014-ZMB,FL-2023-000014-ZMB,0.3103053760483999,8.277381996783386e-06,1.206847055818516,9.989534092703219e-06
FL-2021-000161-IND,FL-2021-000161-IND,0.315817418171124,9.870991735469856e-06,1.010338230289432,9.973040321216222e-06
FL-2004-000021-COL,FL-2004-000021-COL,0.32436007487238205,1.2890623378905945e-05,0.7729927578880663,9.96435851655689e-06
FL-2013-000004-KEN,FL-2013-000004-KEN,0.31726351647704343,1.0332402966855373e-05,0.935073356510655,9.661554723038105e-06
FL-2006-000057-SUR,FL-2006-000057-SUR,0.3123843621030581,8.848972604409646e-06,1.0860789103745403,9.610682524131386e-06
Guinea: Floods - Aug 1993,Guinea: Floods - Aug 1993,0.3183816953768326,1.0702393385851318e-05,0.8923188026319167,9.549946851358593e-06
Viet Nam: Floods - Oct 1995,Viet Nam: Floods - Oct 1995,0.3101630866886298,8.239504597988228e-06,1.1585193691423241,9.5456256689066e-06
FL-2013-000011-ZWE,FL-2013-000011-ZWE,0.3105731557697844,8.34909014127769e-06,1.135178854405228,9.47771058190159e-06
FL-2022-000348-CRI,FL-2022-000348-CRI,0.3189049852827297,1.087960390029374e-05,0.869648665727101,9.461433015529815e-06
FL-2022-000201-ZAF,FL-2022-000201-ZAF,0.31414898211791753,9.361739857540405e-06,1.0098830260946445,9.45426217684375e-06
FL-2008-000018-ECU,FL-2008-000018-ECU,0.3151138872399619,9.65329174746333e-06,0.9773183345548795,9.434339013603224e-06
FL-2009-000120-BWA,FL-2009-000120-BWA,0.315888388377309,9.893196184011307e-06,0.9522872605541437,9.421164692196836e-06
SL-2002-000428-NPL,SL-2002-000428-NPL,0.31908670421282387,1.0941757434330599e-05,0.8588047616407877,9.396833385321606e-06
FL-2005-000048-AFG,FL-2005-000048-AFG,0.31341183547611706,9.144372912263888e-06,1.0241455794175436,9.36516909464059e-06
FL-2022-000362-LCA,FL-2022-000362-LCA,0.3086450097495753,7.84499363880463e-06,1.1864300437913862,9.307536146430123e-06
FL-2009-000023-ECU,FL-2009-000023-ECU,0.31589623190737065,9.895652945813712e-06,0.9391312908770322,9.293317325073138e-06
FL-2024-000008-ZAF,FL-2024-000008-ZAF,0.3099654800709279,8.187160503103607e-06,1.1347418062917907,9.290313297692593e-06
FL-2010-000179-ETH,FL-2010-000179-ETH,0.3128527114999323,8.98254152737827e-06,1.030549003575644,9.256949220616518e-06
FL-2012-000039-CHL,FL-2012-000039-CHL,0.3085563199242772,7.822480003681685e-06,1.1809039662177345,9.237597662006621e-06
FL-2021-000097-BGD,FL-2021-000097-BGD,0.308626637056174,7.840325004769572e-06,1.167269358243163,9.151771136735202e-06
FF-2016-000079-MKD,FF-2016-000079-MKD,0.30667320111734225,7.3579742680395615e-06,1.242997967664418,9.145947061300259e-06
FL-2013-000076-PRY,FL-2013-000076-PRY,0.30549980226117446,7.081240340004795e-06,1.291359570120468,9.14442748138831e-06
FL-2018-000004-COD,FL-2018-000004-COD,0.31026054315310325,8.26543061442385e-06,1.1027004698435565,9.114294221984496e-06
FL-2011-000032-THA,FL-2011-000032-THA,0.30234051608580204,6.382098469876918e-06,1.4229083066092745,9.081140926386207e-06
FL-2006-000125-THA,FL-2006-000125-THA,0.31032319793255647,8.28213720524862e-06,1.0964339239819898,9.080816194907975e-06
FL-2017-000043-HTI,FL-2017-000043-HTI,0.31198348541025844,8.736069009887532e-06,1.0311272816379908,9.007999090367224e-06
FL-2023-000232-COL,FL-2023-000232-COL,0.3095875661552715,8.087887460661691e-06,1.105133853767506,8.938198238238943e-06
FL-2005-000020-COL,FL-2005-000020-COL,0.3176330873730634,1.0453394952338403e-05,0.8080937942240005,8.447323589557155e-06
FL-2008-000182-RWA,FL-2008-000182-RWA,0.3111574406225732,8.50749898777659e-06,0.99098155542331,8.43077457966908e-06
FL-2002-000607-ALB,FL-2002-000607-ALB,0.31857056522712257,1.0766051692664177e-05,0.7786781247788098,8.383288943315472e-06
Costa Rica: Floods - Feb 1988,name=Costa Rica: Floods - Feb 1988,0.32262474261275387,1.2217341423470588e-05,0.684416433779701,8.361749247320755e-06
FL-2011-000170-COL,FL-2011-000170-COL,0.3186239857632098,1.0784118723959685e-05,0.7680165233769249,8.282381370059518e-06
Egypt: Floods - Nov 1994,Egypt: Floods - Nov 1994,0.3076264227472432,7.589905225347666e-06,1.0804014986266677,8.200144979899994e-06
FL-2012-000126-PAN,FL-2012-000126-PAN,0.31485267970716846,9.573570488932917e-06,0.8526290636893213,8.16270444214259e-06
FL-2018-000194-TTO,FL-2018-000194-TTO,0.3005728858065141,6.01863505284243e-06,1.3365256119034994,8.04405989682408e-06
FL-2025-000045-COD,FL-2025-000045-COD,0.30495154655024626,6.9551804494188515e-06,1.1530761769304614,8.019852882477378e-06
FL-2021-000078-GTM,FL-2021-000078-GTM,0.3065669404498609,7.332518986065981e-06,1.0813671758288972,7.929145347673938e-06
FF-2015-000115-MKD,FF-2015-000115-MKD,0.3030902837953648,6.542144668131478e-06,1.2098817209656998,7.91522124988549e-06
Sri Lanka: Monsoon Floods - Jul 1984,Sri Lanka: Monsoon Floods - Jul 1984,0.30328594454147184,6.584500556339607e-06,1.189364350972239,7.831370230667203e-06
FF-2020-000191-AFG,FF-2020-000191-AFG,0.30217471760541215,6.3471863498344345e-06,1.231578444091277,7.817057889086484e-06
FL-2002-000755-CRI,FL-2002-000755-CRI,0.3194699886414438,1.1073901676078102e-05,0.6950172098350388,7.696552244895362e-06
FL-2014-000159-MAR,FL-2014-000159-MAR,0.3007974095273807,6.0637448368170044e-06,1.2669680436793196,7.682570933272615e-06
FL-2013-000019-PER,FL-2013-000019-PER,0.29977711360575676,5.861175653637481e-06,1.3077998282489198,7.665244513163848e-06
FL-2015-000068-BGD,FL-2015-000068-BGD,0.3063347380515733,7.277169348104691e-06,1.0178976147086904,7.407413321266961e-06
FL-2011-000051-RWA,FL-2011-000051-RWA,0.30298105470171605,6.518605979929338e-06,1.132758005030825,7.384003105406763e-06
FL-2024-000189-LKA,FL-2024-000189-LKA,0.30170206884963136,6.248602274334664e-06,1.1695806147019812,7.3082440890445335e-06
FL-2008-000230-CUB,FL-2008-000230-CUB,0.30635939163870474,7.283028080208947e-06,0.998493550218185,7.272056564146564e-06
FL-1999-000349-SLV,FL-1999-000349-SLV,0.3081054964780797,7.708936356758522e-06,0.9369157213719175,7.222623667702613e-06
FL-2023-000200-ZAF,FL-2023-000200-ZAF,0.3015603371274506,6.219309955833439e-06,1.1520700678179971,7.165080842598175e-06
Sri Lanka: Floods - Jun 1989,Sri Lanka: Floods - Jun 1989,0.3074633187082525,7.549759299693514e-06,0.9466660273505467,7.147100643693704e-06
FL-2007-000044-ARG,FL-2007-000044-ARG,0.3058010891389974,7.151386965517515e-06,0.9907640067376045,7.085336803687212e-06
FL-2023-000018-MOZ,FL-2023-000018-MOZ,0.3022717476598049,6.367597008886374e-06,1.105614086557909,7.040104950548782e-06
FL-2012-000140-MMR,FL-2012-000140-MMR,0.305183502506591,7.0082652370442205e-06,1.0027197916590813,7.027326258380563e-06
FL-2006-000041-SRB,FL-2006-000041-SRB,0.30783731939361453,7.642099465880467e-06,0.9124205484011927,6.972808585595117e-06
FL-2003-000481-HND,FL-2003-000481-HND,0.3046535022308272,6.887502197861617e-06,0.9978785950240384,6.872891016427127e-06
FL-2006-000151-PAN,FL-2006-000151-PAN,0.3082327612699916,7.740837824907767e-06,0.8861876983942245,6.859835255697969e-06
FL-2005-000153-THA,FL-2005-000153-THA,0.29864377588187263,5.643320025438717e-06,1.2142364677237614,6.8523249739234754e-06
FL-2008-000103-SLV,FL-2008-000103-SLV,0.30343877454258983,6.617756110512954e-06,1.0346663695692608,6.84716968955923e-06
FL-1990-000004-VNM,FL-1990-000004-VNM,0.29558350520708043,5.090986548617736e-06,1.3388746942864604,6.816193058897054e-06
FL-2008-000191-HND,FL-2008-000191-HND,0.3031969318003026,6.565200915950468e-06,1.037013685075033,6.8082031951077775e-06
FL-2014-000117-BGD,FL-2014-000117-BGD,0.3022286923355879,6.358532870632522e-06,1.0680532640304388,6.791251786923901e-06
Cuba: Floods - May 1994,Cuba: Floods - May 1994,0.30791706486711024,7.66191947191342e-06,0.8829805422163315,6.765325809727979e-06
FL-2009-000034-MAR,FL-2009-000034-MAR,0.30193775339267526,6.29758724783031e-06,1.0737840903093678,6.762248994055344e-06
FL-2020-000054-BDI,FL-2020-000054-BDI,0.30223808903247407,6.360510100717195e-06,1.0550987498746878,6.710966255832037e-06
FL-2009-000100-DOM,FL-2009-000100-DOM,0.3057758125265459,7.145478039025422e-06,0.9379811605173907,6.702323783496594e-06
FL-2008-000099-NIC,FL-2008-000099-NIC,0.29952373891257655,5.811824391303131e-06,1.1525087365452498,6.698178386243637e-06
FL-2019-000171-LKA,FL-2019-000171-LKA,0.30097039048812224,6.098706274456793e-06,1.0913836782077029,6.656028486125051e-06
FL-2007-000088-ECU,FL-2007-000088-ECU,0.30124932949773126,6.155465330625961e-06,1.0783214306239797,6.637570181476894e-06
FL-1997-000265-SOM,FL-1997-000265-SOM,0.3031633799918979,6.557939473554482e-06,1.0106246281950175,6.627615142186428e-06
FL-1997-000137-CHL,FL-1997-000137-CHL,0.3057200703766414,7.132462695557669e-06,0.9286157560049981,6.623317238212732e-06
FL-2006-000190-BDI,FL-2006-000190-BDI,0.3128208707573924,8.973403686242598e-06,0.7328323699678426,6.576000690067338e-06
FL-2022-000287-TCD,FL-2022-000287-TCD,0.301426512631228,6.1917653551171035e-06,1.0617334466933017,6.574004371604658e-06
FL-2014-000163-COL,FL-2014-000163-COL,0.30284716581701143,6.489857140691579e-06,0.9955467519351162,6.460956196938422e-06
FL-2020-000038-EGY,FL-2020-000038-EGY,0.29357958339151924,4.7561823674003116e-06,1.329767132388454,6.32461498781444e-06
Brazil: Floods - Feb 1988,Brazil: Floods - Feb 1988,0.3056198602949357,7.109118094011089e-06,0.8724712930664509,6.202501456043958e-06
FL-2019-000116-ETH,FL-2019-000116-ETH,0.2928838893944832,4.644669665582603e-06,1.3310225871226296,6.182160234613755e-06
FL-2008-000154-MEX,FL-2008-000154-MEX,0.30117986097060145,6.141285460118654e-06,1.0007930921827906,6.14615606560936e-06
FL-2022-000379-MYS,FL-2022-000379-MYS,0.2976702156596981,5.462026728657653e-06,1.122068941813632,6.128770551582667e-06
FL-2013-000024-MKD,FL-2013-000024-MKD,0.30071084171761775,6.046316301960493e-06,1.012158913963861,6.119832941674321e-06
FL-2017-000057-LKA,FL-2017-000057-LKA,0.30481057958952784,6.923096216121935e-06,0.8831246219930485,6.113956728884189e-06
FL-2013-000050-ETH,FL-2013-000050-ETH,0.29293455310172056,4.652710375639693e-06,1.3053721958094802,6.073518759514337e-06
FL-2007-000022-ARG,FL-2007-000022-ARG,0.30488223290006733,6.939387902793345e-06,0.8666786317016433,6.0142192124398724e-06
FL-2018-000014-ARG,FL-2018-000014-ARG,0.29726651255874237,5.388400670250417e-06,1.1137801849313482,6.00149389499571e-06
FL-2011-000045-GTM,FL-2011-000045-GTM,0.29262103220177904,4.603152671263334e-06,1.3016118343545413,5.9915179922570755e-06
FL-2015-000088-IRN,FL-2015-000088-IRN,0.29319767433858446,4.694671527349419e-06,1.2747350017900236,5.984462117819335e-06
FL-2021-000153-UGA,FL-2021-000153-UGA,0.2940636254892611,4.835184752615305e-06,1.2225799823486727,5.9114000895049905e-06
FL-2007-000221-KEN,FL-2007-000221-KEN,0.3006100096502284,6.026072819281578e-06,0.974842278689549,5.874470558697608e-06
FL-1997-000166-ROM,FL-1997-000166-ROM,0.2979497316754127,5.51353310403735e-06,1.0562978713123758,5.8239332812049694e-06
FL-2004-000120-CRI,FL-2004-000120-CRI,0.3089856846871706,7.932016157490735e-06,0.7305869676266675,5.795027631666887e-06
FL-1999-000437-KHM,FL-1999-000437-KHM,0.29742068590402804,5.41641221071466e-06,1.069362166100396,5.7921062941424635e-06
FL-2006-000191-LKA,FL-2006-000191-LKA,0.29215198779235124,4.5298983413692465e-06,1.2757451495342207,5.778995836884927e-06
FL-2008-000207-SDN,FL-2008-000207-SDN,0.2923804361506631,4.56544479953931e-06,1.2628396258514751,5.765424602495785e-06
FL-2007-000176-CRI,FL-2007-000176-CRI,0.31309287158192045,9.051734317340055e-06,0.6360302711368748,5.757177032116749e-06
FL-2023-000089-ARG,FL-2023-000089-ARG,0.29325951879560064,4.704583446133508e-06,1.2153291011417195,5.717617170835649e-06
FL-2006-000112-ETH,FL-2006-000112-ETH,0.29712465116445064,5.362741319656385e-06,1.0654891162362259,5.713942509284174e-06
FL-2003-000229-LKA,FL-2003-000229-LKA,0.29364184801243376,4.766279278256278e-06,1.1976431040334385,5.708301509501106e-06
FL-2005-000129-SDN,FL-2005-000129-SDN,0.29544075821462173,5.0664538624267685e-06,1.1253207612767273,5.701385717439507e-06
FL-2007-000220-SRB,FL-2007-000220-SRB,0.303607990555981,6.654753513950239e-06,0.8529797073218023,5.67636970462801e-06
FL-2010-000062-COD,FL-2010-000062-COD,0.3012798824998643,6.1617111138802246e-06,0.9191259563061089,5.663388620027141e-06
FL-2025-000036-ARG,FL-2025-000036-ARG,0.2904996954672845,4.280128566323497e-06,1.314214219679874,5.6250058239203724e-06
FL-2006-000085-UKR,FL-2006-000085-UKR,0.2961867949244558,5.195853794638371e-06,1.0750292725240695,5.585694924991514e-06
FL-1998-000255-TUR,FL-1998-000255-TUR,0.29512687318080766,5.012882970259207e-06,1.1010714693094692,5.519542417539721e-06
FL-2010-000259-AUS,FL-2010-000259-AUS,0.2917672224001898,4.470591721405658e-06,1.2316167879767448,5.506055816273063e-06
Burundi: Floods - Feb 1989,Burundi: Floods - Feb 1989,0.3101154648876857,8.226862569580131e-06,0.6606774662799159,5.435302717903279e-06
OT-2004-000112-COL,OT-2004-000112-COL,0.3029853676150557,6.519533958205001e-06,0.8326011254375424,5.4281713109297596e-06
Bangladesh: Floods - Jul 1988,Bangladesh: Floods - Jul 1988,0.29693606184676424,5.328800279869722e-06,1.0126036486064969,5.395962606091402e-06
FL-2002-000788-LKA,FL-2002-000788-LKA,0.2980901484113575,5.53957227000612e-06,0.9639019405394029,5.339604460817164e-06
FL-2003-000578-COL,FL-2003-000578-COL,0.3064006249337767,7.29283633813094e-06,0.7317903843038479,5.3368275065459076e-06
1985-11-01T00:00:00+00:00,1985-11-01T00:00:00+00:00,0.30380841650005036,6.6988154130315385e-06,0.7962481269445691,5.333919225373773e-06
Turkey: Floods - Nov 1995,Turkey: Floods - Nov 1995,0.29842378068639464,5.60188618386376e-06,0.9375125837102277,5.251838789884741e-06
FL-1997-000092-ECU,FL-1997-000092-ECU,0.2944679220551799,4.902074611498089e-06,1.0702429714274362,5.246410898368709e-06
FL-2005-000166-CRI,FL-2005-000166-CRI,0.309442547491823,8.050081505826527e-06,0.6447646378504476,5.190407886770826e-06
FF-2013-000091-SDN,FF-2013-000091-SDN,0.28916037781169046,4.086841879923967e-06,1.2681994555499518,5.182930647038316e-06
FL-2011-000124-ETH,FL-2011-000124-ETH,0.2929283776086184,4.651729608608369e-06,1.1140674979889862,5.182340766383612e-06
USA: Storms and Tornadoes - Apr 2011,USA: Storms and Tornadoes - Apr 2011,0.2853053965188651,3.573550005414369e-06,1.4111840373957132,5.0429367244761226e-06
FL-2005-000098-BGR,FL-2005-000098-BGR,0.29331585914037206,4.7136296016432175e-06,1.0690227847551823,5.038977443053093e-06
FL-2006-000123-SDN,FL-2006-000123-SDN,0.2941678948514098,4.85235677917302e-06,1.0356622281917345,5.025402633899598e-06
FL-2024-000167-THA,FL-2024-000167-THA,0.2869471921178795,3.7845983331058045e-06,1.2835865378512363,4.85785947154884e-06
FL-2010-000174-KEN,FL-2010-000174-KEN,0.2950194142226854,4.994660386659239e-06,0.9668381107047667,4.829028011849558e-06
FL-2010-000149-GTM,FL-2010-000149-GTM,0.2868721194891921,3.7747085175435223e-06,1.266258028789791,4.779754966680695e-06
FL-2017-000012-MOZ,FL-2017-000012-MOZ,0.28783463238997625,3.90328688604072e-06,1.1982479826023038,4.677105636716321e-06
FL-2006-000145-GIN,FL-2006-000145-GIN,0.2891373725130819,4.08359159489471e-06,1.1375018543000035,4.645093011396641e-06
Cambodia: Floods - Aug 1994,Cambodia: Floods - Aug 1994,0.2963639778555443,5.227019897984927e-06,0.8858442088700285,4.630325306278355e-06
FL-2002-000322-CHL,FL-2002-000322-CHL,0.29057966283061026,4.291925304723321e-06,1.0722116253519196,4.601852206866425e-06
FL-2022-000275-UGA,FL-2022-000275-UGA,0.28760368956158605,3.872081871709828e-06,1.149508740471743,4.450991955352633e-06
FL-2006-000071-ROM,FL-2006-000071-ROM,0.29094658338572865,4.346429262771053e-06,1.0212196594192295,4.438659011416828e-06
China: Floods - Jun 1990,China: Floods - Jun 1990,0.29152359466125743,4.433401913424769e-06,0.9825698640424038,4.356127115319108e-06
1993-08-01T00:00:00+00:00,1993-08-01T00:00:00+00:00,0.2914724024497969,4.425622907071394e-06,0.9751121616043547,4.315478719360135e-06
FL-2018-000028-BWA,FL-2018-000028-BWA,0.2815882665829935,3.134335947481297e-06,1.3719368691424587,4.300111046628153e-06
FL-2021-000061-MYS,FL-2021-000061-MYS,0.28651777877406714,3.7283421126058956e-06,1.1325212482808422,4.222426663386462e-06
Venezuela: Floods - Aug 1988,Venezuela: Floods - Aug 1988,0.29379380158665314,4.791001300797618e-06,0.8558233169940771,4.100250624971556e-06
FL-2008-000038-ARG,FL-2008-000038-ARG,0.2891826883111597,4.089996224532148e-06,0.9962518718082016,4.0746663943786305e-06
FL-2010-000240-VEN,FL-2010-000240-VEN,0.2806823598534061,3.0349475660095396e-06,1.3225182541317935,4.013773556380473e-06
FL-2024-000128-SDN,FL-2024-000128-SDN,0.2855805852324119,3.608168348549641e-06,1.106871100441691,3.99377727053802e-06
FL-2003-000331-CHN,FL-2003-000331-CHN,0.3012337753388925,6.1522878681800445e-06,0.6456419227196044,3.97217496833626e-06
FL-2016-000045-ETH,FL-2016-000045-ETH,0.28795143531264367,3.919155329611293e-06,1.0095022581351816,3.9563961552251325e-06
FL-2019-000083-NPL,FL-2019-000083-NPL,0.2853078229878757,3.5738539407873773e-06,1.0942813443525146,3.910801694844343e-06
FL-2024-000103-NPL,FL-2024-000103-NPL,0.286877916902597,3.7754714197039363e-06,1.0276933790072569,3.880026980660864e-06
Thailand: Floods and Mudslides - Nov 1988,Thailand: Floods and Mudslides - Nov 1988,0.27779961391704455,2.737262062238004e-06,1.395522734002979,3.819911436777011e-06
FF-2008-000202-MAR,FF-2008-000202-MAR,0.2892535293425771,4.100026533053641e-06,0.9260497109629775,3.796828385874863e-06
Indonesia: Floods - May 1995,Indonesia: Floods - May 1995,0.29014528802650263,4.2281970604112e-06,0.8969278164319343,3.792387556838541e-06
FF-2008-000199-LKA,FF-2008-000199-LKA,0.28236418479059877,3.221781604747705e-06,1.1763858573071313,3.7900583151574745e-06
Djibouti: Floods - Apr 1989,Djibouti: Floods - Apr 1989,0.2865236527672278,3.7291065425377162e-06,1.0077916813703185,3.75816255251314e-06
Cambodia: Floods - Sep 1996,Cambodia: Floods - Sep 1996,0.28060625998713606,3.0267291113964826e-06,1.2387081711791748,3.7492340822327056e-06
FL-2002-000242-AFG,FL-2002-000242-AFG,0.28789785273823204,3.911868591383388e-06,0.9583348849806268,3.748880136582726e-06
FL-2018-000134-IND,FL-2018-000134-IND,0.28781689368971675,3.900882031669697e-06,0.9601907828334073,3.745590971729699e-06
FL-2011-000108-SEN,FL-2011-000108-SEN,0.2837833699504606,3.38742288187362e-06,1.0870343780154084,3.6822451254726526e-06
FL-2009-000044-BIH,FL-2009-000044-BIH,0.28956624479439363,4.14456867895766e-06,0.8874544487949036,3.678115912476992e-06
FL-2012-000042-COL,FL-2012-000042-COL,0.2835746693722447,3.362593305252507e-06,1.0883756360583356,3.659764627409698e-06
Peru: Floods-Drought-Frost - Feb 2004,Peru: Floods-Drought-Frost - Feb 2004,0.2836158153113183,3.3674755266844203e-06,1.08397834468022,3.65027054716653e-06
Iran: Floods - Oct 1994,Iran: Floods - Oct 1994,0.2921341274086799,4.527129800609136e-06,0.7986196192783261,3.6154546777860328e-06
FF-2013-000113-ROM,FF-2013-000113-ROM,0.2771777296233441,2.676599122086858e-06,1.3494636441975612,3.611973205347324e-06
FL-2007-000145-ETH,FL-2007-000145-ETH,0.28346379417648626,3.3494689701745567e-06,1.074582595415157,3.5992810592327088e-06
LS-2010-000190-COL,LS-2010-000190-COL,0.29167060804725703,4.4558100650372535e-06,0.8035449578867475,3.5804437110617054e-06
FL-1997-000522-MDA,FL-1997-000522-MDA,0.2880361855092983,3.930705521864054e-06,0.9078244357618784,3.568390522532335e-06
Brazil: Floods - Jan 1985,Brazil: Floods - Jan 1985,0.2815371330845198,3.1286489682989613e-06,1.1328349068786117,3.544242762658818e-06
FF-2020-000158-SRB,FF-2020-000158-SRB,0.28146595125836604,3.120747710815826e-06,1.1226898183568608,3.5036316805934084e-06
FL-1998-000040-URY,FL-1998-000040-URY,0.2837625542744998,3.3849390073834507e-06,1.0305409604819116,3.48831829584163e-06
FF-2024-000156-LAO,FF-2024-000156-LAO,0.27643973364703267,2.6061815052507686e-06,1.3358685400072998,3.4815158824133714e-06
FL-2007-000155-ROM,FL-2007-000155-ROM,0.2875810797679863,3.869038934134652e-06,0.8986487971175168,3.476907184160944e-06
FL-2020-000161-BGD,FL-2020-000161-BGD,0.28153409566972964,3.128311444676534e-06,1.110546280177668,3.474134638122751e-06
Malaysia: Floods - Dec 1993,Malaysia: Floods - Dec 1993,0.279724349013301,2.932936890369418e-06,1.1835292726936872,3.4712166647154017e-06
FL-2013-000141-SOM,FL-2013-000141-SOM,0.27823756924379883,2.780722850218475e-06,1.2318330184492288,3.4253862220553668e-06
FL-2001-000521-TCD,FL-2001-000521-TCD,0.2829683413370199,3.2913835270729007e-06,1.0298042380611858,3.3894807052644468e-06
FL-2012-000098-GTM,FL-2012-000098-GTM,0.2768687357075334,2.6469100048313598e-06,1.2673665542478996,3.3546052122274117e-06
FL-2012-000013-ECU,FL-2012-000013-ECU,0.2808361662950032,3.0516193379212054e-06,1.057874236360154,3.228229476765274e-06
FL-2024-000053-KGZ,FL-2024-000053-KGZ,0.28234614033289396,3.2197233201000856e-06,0.9957892817856833,3.2061659724710796e-06
FL-2004-000023-CRI,FL-2004-000023-CRI,0.295868438672227,5.1402755341595625e-06,0.6208832606204117,3.1915110341363175e-06
FF-2014-000015-ZWE,FF-2014-000015-ZWE,0.27788491322978204,2.745678540990211e-06,1.1599076147138132,3.1847334472508586e-06
FL-2000-000476-NPL,FL-2000-000476-NPL,0.28833422821009885,3.9715680317016855e-06,0.8017257032301318,3.1841081731423443e-06
FL-2005-000001-CRI,FL-2005-000001-CRI,0.2922007715752422,4.537468089719723e-06,0.6942423209153187,3.150102377686218e-06
FL-2007-000093-SDN,FL-2007-000093-SDN,0.27916966383808306,2.875293854370041e-06,1.0741772764800994,3.088575321567178e-06
FL-2023-000103-DOM,FL-2023-000103-DOM,0.2771493223013073,2.6738572006507e-06,1.142430234483892,3.054695308715822e-06
FL-2024-000104-MMR,FL-2024-000104-MMR,0.2857125236886999,3.6248728140975524e-06,0.8391419529408852,3.0417828523841425e-06
Bangladesh: Floods - Aug 1988,Bangladesh: Floods - Aug 1988,0.28811976612229245,3.942126312570029e-06,0.7553870279750035,2.977831079154334e-06
FL-2013-000041-GHA,FL-2013-000041-GHA,0.28107950942732485,3.0781648092044006e-06,0.9596316941627985,2.9539045107691265e-06
FL-2017-000002-MYS,FL-2017-000002-MYS,0.27448048187604823,2.4272509231402386e-06,1.2154113472907762,2.9501083147066574e-06
FL-2019-000081-MMR,FL-2019-000081-MMR,0.2785958093856086,2.8167337347872687e-06,1.0383332562250227,2.9247083107605344e-06
FL-2023-000001-COG,FL-2023-000001-COG,0.2761770679337231,2.5815238732196376e-06,1.1236428229072688,2.90071077230702e-06
FL-2015-000027-CHL,FL-2015-000027-CHL,0.2752842330030274,2.4992711582499685e-06,1.155946805097162,2.8890245104505347e-06
FL-1997-000142-CZE,FL-1997-000142-CZE,0.2819856625372612,3.1788517412739033e-06,0.8861912863935222,2.8170707138538084e-06
FL-2010-000014-SLB,FL-2010-000014-SLB,0.2724230275278755,2.251324776007058e-06,1.2512366729504776,2.8169401224620503e-06
FL-2011-000131-GIN,FL-2011-000131-GIN,0.2733214489415734,2.3266826082630957e-06,1.2042646272999216,2.8019415640851664e-06
FL-2011-000082-NPL,FL-2011-000082-NPL,0.2771322921381181,2.6722146335773906e-06,1.025863139158339,2.7413264925065527e-06
FL-2019-000014-MWI,FL-2019-000014-MWI,0.27253468315393947,2.260569119740472e-06,1.1917966025751183,2.6941385967929202e-06
FL-2015-000105-GIN,FL-2015-000105-GIN,0.2753051553847684,2.5011713249391262e-06,1.071153748426473,2.679139040165353e-06
Ethiopia: Floods - May 1995,Ethiopia: Floods - May 1995,0.274782579015691,2.4540982941078005e-06,1.0908091701249307,2.676952923600738e-06
LS-2015-000135-LKA,LS-2015-000135-LKA,0.2697544011439882,2.040259416246333e-06,1.290597047444825,2.63315277862902e-06
FL-2002-000373-GHA,FL-2002-000373-GHA,0.28299206913983255,3.294144499368349e-06,0.7873144358723436,2.5935275182021752e-06
El Salvador: Floods in South Eastern Region - Oct 1992,El Salvador: Floods in South Eastern Region - Oct 1992,0.2773321546722285,2.6915487993970607e-06,0.9628448857586056,2.5915439962691752e-06
FL-2009-000265-MAR,FL-2009-000265-MAR,0.2747948922000995,2.4551982131433256e-06,1.0552948747389153,2.5909580907982943e-06
FL-2009-000010-FJI,FL-2009-000010-FJI,0.274815890394502,2.4570749751295072e-06,1.0467452570561262,2.571931576448111e-06
FL-2015-000110-ARG,FL-2015-000110-ARG,0.26894247302826435,1.979675191047134e-06,1.2876324492768365,2.5490940150206107e-06
FL-2018-000154-GHA,FL-2018-000154-GHA,0.2681630044854732,1.923041373064485e-06,1.3214313032452296,2.5411670678030986e-06
FL-2005-000081-CHN,FL-2005-000081-CHN,0.28808833672656253,3.93782817475531e-06,0.642825460215653,2.5313362086872472e-06
FL-2023-000157-BGD,FL-2023-000157-BGD,0.27159506456129057,2.183829541675958e-06,1.1539726901695175,2.52007965107947e-06
FL-2022-000365-PAN,FL-2022-000365-PAN,0.26913999308590864,1.994262712530796e-06,1.231111202769136,2.4551591666614282e-06
El Salvador: Floods - Oct 2018,El Salvador: Floods - Oct 2018,0.26687373404792025,1.8325605045360875e-06,1.3349509665500126,2.4463784167918285e-06
FL-2000-000484-BTN,FL-2000-000484-BTN,0.2729390223098118,2.2943322796156097e-06,1.0601525816656658,2.432342289433361e-06
FL-1998-000080-ARG,FL-1998-000080-ARG,0.27664992501752583,2.6260655860354204e-06,0.9225861223252123,2.4227716659921046e-06
FL-2022-000374-TTO,FL-2022-000374-TTO,0.26632437817024013,1.79518502488234e-06,1.3478906419910999,2.4197130956814656e-06
FF-2007-000113-GMB,FF-2007-000113-GMB,0.26905100976573837,1.987679063260982e-06,1.2095060640956095,2.404109880490038e-06
FL-2000-000438-KHM,FL-2000-000438-KHM,0.2741219895154944,2.3957348567096535e-06,1.0010572321421671,2.3982677046042773e-06
FL-2012-000009-FJI,FL-2012-000009-FJI,0.2715665395915999,2.181537002290439e-06,1.0988887127745661,2.397266388317026e-06
Bangladesh: Floods - Jul 1993,Bangladesh: Floods - Jul 1993,0.2781025811175938,2.7672614713780167e-06,0.8603121344647399,2.380708623063258e-06
FL-2010-000152-THA,FL-2010-000152-THA,0.26715102284929637,1.8516905628320054e-06,1.2831284616978387,2.375956863427036e-06
Lao PDR: Floods - Aug 1996,name=Lao PDR: Floods - Aug 1996,0.2730525214329541,2.303890917705458e-06,1.016133336585506,2.3410603653370903e-06
FL-2003-000505-VNM,FL-2003-000505-VNM,0.2656352913757378,1.7492735674687297e-06,1.3351682599699068,2.3355745452885752e-06
FL-2010-000245-MAR,FL-2010-000245-MAR,0.2693946865831147,2.013215458476377e-06,1.150616667361314,2.3164392615123685e-06
FL-2014-000019-BDI,FL-2014-000019-BDI,0.2803169384529478,2.9956661540210752e-06,0.7596781974796384,2.2757422641374913e-06
FL-2009-000248-URY,FL-2009-000248-URY,0.27293461019345266,2.293961422984023e-06,0.9530636879457565,2.1862913337944487e-06
FL-2001-000082-ZWE,FL-2001-000082-ZWE,0.2688047856629604,1.969563394647605e-06,1.103078973774151,2.1725839681510137e-06
FL-2005-000157-MDA,FL-2005-000157-MDA,0.27114821440068476,2.1481642666899344e-06,1.0060968725786879,2.161261350502033e-06
FL-2013-000068-CZE,FL-2013-000068-CZE,0.2738860539241398,2.375194552971406e-06,0.9098774924680277,2.161136063981341e-06
FL-2012-000071-NPL,FL-2012-000071-NPL,0.26500467420515156,1.7081867222466686e-06,1.255510001310555,2.1446455138865873e-06
FF-2021-000090-SDN,FF-2021-000090-SDN,0.26677041506814597,1.825478175282003e-06,1.1734838122689721,2.1421690883437316e-06
FL-2008-000250-THA,FL-2008-000250-THA,0.27170582809607347,2.1927521294686755e-06,0.9628755515870862,2.1113474161559088e-06
FL-2004-000044-BGD,FL-2004-000044-BGD,0.2757014443087893,2.5374086285697114e-06,0.8296031651469546,2.105042229532626e-06
FL-2010-000195-MLI,FL-2010-000195-MLI,0.2709460182831557,2.1321989823353382e-06,0.9643639910627344,2.0562159203448077e-06
FL-2005-000017-VEN,FL-2005-000017-VEN,0.27217754892781443,2.231120299331878e-06,0.9176096119267544,2.0472974320318284e-06
FL-2005-000196-LKA,FL-2005-000196-LKA,0.26329350316813505,1.6010372232646847e-06,1.2685548662514894,2.031003560622188e-06
FL-1999-000132-BLR,FL-1999-000132-BLR,0.2702569834719665,2.0785919925593184e-06,0.974119865323752,2.0247977518549125e-06
FL-2020-000206-COD,FL-2020-000206-COD,0.26690370485383785,1.8346195711595307e-06,1.0973603002618633,2.0132386834739135e-06
FL-2017-000107-NPL,FL-2017-000107-NPL,0.2649419522024473,1.7041480443712576e-06,1.179269398312985,2.009649638921943e-06
FL-2021-000147-THA,FL-2021-000147-THA,0.26178448143001365,1.511607298801108e-06,1.3245466846045788,2.0021944360510903e-06
FL-2002-000263-CRI,FL-2002-000263-CRI,0.2825569443038243,3.243843195944259e-06,0.61387757718801,1.9913226019040726e-06
FL-2000-000012-MOZ,FL-2000-000012-MOZ,0.2658409746524138,1.7628656085376426e-06,1.1277962370993517,1.9881531998206123e-06
1985-06-01-ARG-Flood,1985-06-01-ARG-Flood,0.2717678337556551,2.1977613246660536e-06,0.8967196146811239,1.97077568821562e-06
FL-2011-000183-TZA,FL-2011-000183-TZA,0.26454979296423997,1.6790911009588172e-06,1.1441136258848459,1.92107100770897e-06
Colombia: Floods and Landslides - Mar-Jul 2014,name=Colombia: Floods and Landslides - Mar-Jul 2014,0.27727183890085405,2.6857007919153076e-06,0.7070564559739085,1.898942083737957e-06
FL-2002-000479-CZE,FL-2002-000479-CZE,0.2627633384981908,1.5690894808423123e-06,1.1971051210312973,1.8783650528726717e-06
FL-2005-000103-SLV,FL-2005-000103-SLV,0.26865316321863686,1.9584820015557055e-06,0.9499800804848453,1.86051888946601e-06
FL-2008-000054-THA,FL-2008-000054-THA,0.26166653343923235,1.5048104866651198e-06,1.2161844828708155,1.830127163543399e-06
FL-2002-000125-ECU,FL-2002-000125-ECU,0.26972308755397106,2.037892282143645e-06,0.8770809761459832,1.7873965521029137e-06
Nepal: Floods - Jul 1996,Nepal: Floods - Jul 1996,0.2747244170730445,2.448908764003305e-06,0.7248329870558342,1.7750498544397265e-06
FL-2007-000068-COL,FL-2007-000068-COL,0.2726055229290737,2.266451881045513e-06,0.7818122360681077,1.7719398130609612e-06
FL-2006-000044-COL,FL-2006-000044-COL,0.27202267658684,2.2184574108902633e-06,0.7903426324249347,1.7533414700456158e-06
FL-2004-000068-ROM,FL-2004-000068-ROM,0.26745815474902457,1.8730891142680773e-06,0.9341110661845553,1.749673269587638e-06
FL-2019-000020-COL,FL-2019-000020-COL,0.2641449782397926,1.6535738119475312e-06,1.0283585650027902,1.700466792380557e-06
FL-2011-000043-VCT,FL-2011-000043-VCT,0.26375439851216087,1.6292851867355476e-06,1.0288152889065125,1.6762335101024335e-06
FL-2014-000004-COL,FL-2014-000004-COL,0.2606913386702528,1.4496595538639524e-06,1.1530726697303297,1.6715628119739864e-06
FL-2001-000236-URY,FL-2001-000236-URY,0.2633172519418755,1.6024819268835487e-06,1.0394922336938253,1.6657675176301652e-06
FL-2006-000045-HUN,FL-2006-000045-HUN,0.26062201528583895,1.4458092098144872e-06,1.11989572468407,1.6191555527800977e-06
Venezuela: Floods - Sep 1987,Venezuela: Floods - Sep 1987,0.2666790029404422,1.8192325888830087e-06,0.8875286831351606,1.6146211039279057e-06
FL-2008-000088-USA,FL-2008-000088-USA,0.25902203776064325,1.3594622643921572e-06,1.1865814777652384,1.613112742648523e-06
FL-2003-000204-KEN,FL-2003-000204-KEN,0.260115845458237,1.4179734161728565e-06,1.1287613663778198,1.6005536107266984e-06
FL-2024-000215-CRI,FL-2024-000215-CRI,0.268495228128629,1.9469989414829926e-06,0.8201727122971342,1.5968754026757553e-06
FL-2008-000069-CHL,FL-2008-000069-CHL,0.2615287314666279,1.496904427166283e-06,1.033221040168237,1.5466331492691858e-06
FF-2007-000081-NPL,FF-2007-000081-NPL,0.2596638792528947,1.3935270701269141e-06,1.0925989789075539,1.5225662539007015e-06
FL-2002-000522-KHM,FL-2002-000522-KHM,0.26264165605152334,1.5618383452834531e-06,0.9662857219135197,1.5091820929844386e-06
FL-2009-000178-GIN,FL-2009-000178-GIN,0.25991859862040745,1.4072574872083063e-06,1.068515319346453,1.5036761833470703e-06
FL-2016-000137-ARG,FL-2016-000137-ARG,0.26180066615884995,1.5125421044718666e-06,0.9911432885271344,1.4991459554619984e-06
FL-2023-000064-RWA,FL-2023-000064-RWA,0.2595725201099365,1.3886318933035096e-06,1.0562755799966463,1.4667779585010058e-06
FL-2022-000336-VNM,FL-2022-000336-VNM,0.2568128840279428,1.2478663691333766e-06,1.1722090372300906,1.4627602351536442e-06
FL-2000-000583-LAO,FL-2000-000583-LAO,0.2561620811702383,1.2166017304040106e-06,1.2022237305473946,1.4626274709167252e-06
FL-2004-000051-NPL,FL-2004-000051-NPL,0.266299795769679,1.7935287126698868e-06,0.8123157064849782,1.4569115433335326e-06
FL-2024-000088-BGD,FL-2024-000088-BGD,0.2590490877905725,1.3608826370157544e-06,1.0651890538676798,1.4495972885477645e-06
Moldova: Floods - Aug 1994,Moldova: Floods - Aug 1994,0.26248480650835637,1.5525360761743719e-06,0.9253720476383611,1.436673487841905e-06
FL-2015-000113-PRK,FL-2015-000113-PRK,0.2549686560989258,1.1610955180880423e-06,1.2051154702949778,1.399254171338062e-06
FL-2013-000145-COL,FL-2013-000145-COL,0.2627399953407273,1.5676961029067647e-06,0.8790758244423693,1.3781237441378537e-06
FL-2016-000050-LKA,FL-2016-000050-LKA,0.25420731558249027,1.1268871985257128e-06,1.2099018427879291,1.3634228981103868e-06
Sri Lanka: Floods and Landslides - Feb 1986,Sri Lanka: Floods and Landslides - Feb 1986,0.25465893862392797,1.1470682177886794e-06,1.1439959056746454,1.3122413446797617e-06
1987-07-01-CO-Flood,1987-07-01-CO-Flood,0.27004163075077803,2.0620881180152182e-06,0.6275028689316593,1.2939662100444354e-06
FL-2015-000176-BDI,FL-2015-000176-BDI,0.2576431583013647,1.288801826397655e-06,1.0012036912755304,1.2903531459119774e-06
Bangladesh: Floods - Jul 1996,Bangladesh: Floods - Jul 1996,0.2634577128210316,1.6110505675845237e-06,0.7856917613361736,1.2657891580471267e-06
FL-2005-000139-SLE,FL-2005-000139-SLE,0.25609125459134413,1.213242115029463e-06,1.0426506939426599,1.2649877331559301e-06
1993-05-01T00:00:00+00:00,1993-05-01T00:00:00+00:00,0.2555479107681843,1.1877453731765473e-06,1.051770447137431,1.249235482231312e-06
FL-1999-000161-LKA,FL-1999-000161-LKA,0.2492515306276666,9.255040839416476e-07,1.3231195184395432,1.2245525178587035e-06
FL-2009-000123-BGD,FL-2009-000123-BGD,0.2629122340188323,1.5780034731942068e-06,0.7725988685349205,1.219163697934019e-06
FL-2003-000080-ARG,FL-2003-000080-ARG,0.2589397016497818,1.3551470771436586e-06,0.8916407850854717,1.2083044037706542e-06
FL-2003-000341-NPL,FL-2003-000341-NPL,0.261222238820244,1.4794540218813343e-06,0.7820585732690798,1.1570197015697183e-06
FL-2022-000217-BGD,FL-2022-000217-BGD,0.2545305498056758,1.1412982626260836e-06,1.0110307901265791,1.1538876842329413e-06
FL-2020-000212-KHM,FL-2020-000212-KHM,0.24853651540164234,8.992947339682446e-07,1.253731041392615,1.127473723336902e-06
1992-01-01T00:00:00+00:00,1992-01-01T00:00:00+00:00,0.25286314147308064,1.0686987253671163e-06,1.040933530085597,1.1124443367943704e-06
FL-2006-000034-ECU,FL-2006-000034-ECU,0.25526755147032615,1.174778869563247e-06,0.9389625926165136,1.1030734131162035e-06
FL-2019-000064-SDN,FL-2019-000064-SDN,0.24830884595208533,8.910907076197939e-07,1.207726031282668,1.076193443826518e-06
FL-1998-000203-BGD,FL-1998-000203-BGD,0.24651259302355438,8.286880951593767e-07,1.2384617273903773,1.026298489798923e-06
FL-2012-000083-HND,FL-2012-000083-HND,0.2446793977990556,7.690844481853751e-07,1.3246832560031157,1.0187932909635621e-06
FL-2007-000052-LKA,FL-2007-000052-LKA,0.2535632111916005,1.0986577701080821e-06,0.9223416325983702,1.0133378013483733e-06
FL-2011-000180-PAN,FL-2011-000180-PAN,0.2510732897351107,9.95417176345663e-07,1.008200937283557,1.0035805301798491e-06
FL-2007-000151-TCD,FL-2007-000151-TCD,0.25497891560537367,1.1615628078463427e-06,0.8635836730404353,1.003106676067106e-06
FL-2016-000068-NPL,FL-2016-000068-NPL,0.24688787230500953,8.41390432286934e-07,1.1157984838635762,9.388221686830799e-07
FL-2005-000175-SDN,FL-2005-000175-SDN,0.24767260423941875,8.685197668981276e-07,1.0729889975346198,9.319121540230237e-07
FL-2008-000243-PNG,FL-2008-000243-PNG,0.24504037342284243,7.805063780096307e-07,1.173640633936972,9.160340002790729e-07
FL-1998-000221-NPL,FL-1998-000221-NPL,0.24637253210943735,8.239917628290603e-07,1.0933566224100346,9.009168507004717e-07
FL-2008-000168-NPL,FL-2008-000168-NPL,0.252780969851464,1.0652309047916817e-06,0.8284146526395197,8.824528899738824e-07
FL-2005-000168-NPL,FL-2005-000168-NPL,0.25058451632180145,9.76207912083611e-07,0.9001866293184169,8.787693098925152e-07
FL-2009-000121-CZE,FL-2009-000121-CZE,0.2523641381700901,1.0477951934128267e-06,0.8338900564640452,8.737459929977772e-07
FL-2001-000485-KHM,FL-2001-000485-KHM,0.24963282259444558,9.397598213495064e-07,0.9268570532202833,8.710230187508234e-07
FL-2002-000536-MMR,FL-2002-000536-MMR,0.2499955394342183,9.535041729866371e-07,0.9088201340075248,8.665637902704496e-07
Nepal: Floods and Landslides - Jul 1993,name=Nepal: Floods and Landslides - Jul 1993,0.24309683373356317,7.207638944264479e-07,1.1890383157151128,8.570158870570889e-07
FL-1997-000143-POL,FL-1997-000143-POL,0.2418304814183206,6.840855302599882e-07,1.233104785558755,8.435491410950898e-07
FL-1998-000193-ROM,FL-1998-000193-ROM,0.24731865405033795,8.561872245519498e-07,0.963506236832878,8.249417307524355e-07
FL-2008-000104-NPL,FL-2008-000104-NPL,0.2517949565905383,1.0244016519860853e-06,0.7922332882970882,8.115650892899057e-07
FL-2019-000136-SLV,FL-2019-000136-SLV,0.23843766400055608,5.939482177433965e-07,1.3263875340879325,7.878055119085861e-07
FL-2022-000312-BGR,FL-2022-000312-BGR,0.2385033563279167,5.955866439069176e-07,1.2948679116591442,7.712060338078288e-07
FL-2021-000001-MYS,FL-2021-000001-MYS,0.2417323397526291,6.813143817414765e-07,1.117116405697843,7.611074732812863e-07
FL-2009-000136-BIH,FL-2009-000136-BIH,0.24686964214531476,8.407693573803095e-07,0.8669569720381771,7.289108562569172e-07
FL-2023-000144-SVN,FL-2023-000144-SVN,0.23455181441271178,5.039506021963993e-07,1.3855662998699905,6.982569712025185e-07
FL-1997-000111-ARM,FL-1997-000111-ARM,0.23978836572728596,6.284649731572704e-07,1.0966184261872387,6.891862697775311e-07
FL-2006-000178-JAM,FL-2006-000178-JAM,0.2392812809724776,6.153004743403854e-07,1.1200515235065662,6.891682336992615e-07
FL-2023-000056-TZA,FL-2023-000056-TZA,0.23630903001046466,5.430041830746575e-07,1.243845119381568,6.754131029211883e-07
Bangladesh: Floods - Aug 1989,Bangladesh: Floods - Aug 1989,0.23901187310144903,6.084077730916719e-07,1.074589594581484,6.537886622268033e-07
FL-2011-000106-GHA,FL-2011-000106-GHA,0.24059222779626122,6.498542084738766e-07,0.9978910966803896,6.484837287763633e-07
FL-2008-000076-COL,FL-2008-000076-COL,0.24904871947938922,9.180009504603097e-07,0.7001873717288423,6.427726727473833e-07
FL-2007-000057-URY,FL-2007-000057-URY,0.23501654236332076,5.140250985598339e-07,1.0706544149077877,5.503432411464969e-07
FL-2002-000402-BGD,FL-2002-000402-BGD,0.24113163621742098,6.645718339493643e-07,0.8143569274139246,5.411986767408412e-07
FL-2024-000169-AUT,FL-2024-000169-AUT,0.23669826038313388,5.520147226935456e-07,0.9517727962928261,5.253925962128449e-07
FL-2008-000198-BLZ,FL-2008-000198-BLZ,0.23228953267729763,4.574002552801352e-07,1.1420312108925819,5.223653674001489e-07
FL-2007-000111-GBR,FL-2007-000111-GBR,0.23547416328806448,5.241222827954924e-07,0.9829526883830424,5.151874069152864e-07
Belarus: Floods - Apr 1996,Belarus: Floods - Apr 1996,0.23448474476939596,5.025114179402609e-07,0.9975700341709333,5.012903323659502e-07
FL-2010-000160-NPL,FL-2010-000160-NPL,0.23197310374029562,4.512075237590161e-07,1.1019919218781706,4.972270462730884e-07
FL-2000-000741-LKA,FL-2000-000741-LKA,0.23290632883951107,4.6969171453839795e-07,1.013293031042013,4.759353410799332e-07
FL-2015-000151-BLZ,FL-2015-000151-BLZ,0.22767519123789665,3.7424594238881015e-07,1.2418606118182705,4.64761294985473e-07
FL-2004-000036-MKD,FL-2004-000036-MKD,0.23250054740138987,4.6157236313822473e-07,0.9980071080496405,4.606524992912182e-07
FL-2009-000177-GMB,FL-2009-000177-GMB,0.22774299063742284,3.7536190408561356e-07,1.1684788072717938,4.3860242998122715e-07
FL-2016-000089-SEN,FL-2016-000089-SEN,0.2273598483620419,3.6909461526363015e-07,1.1668188769061376,4.306665644540119e-07
FF-2017-000101-VNM,FF-2017-000101-VNM,0.22330512570817357,3.0830950862455837e-07,1.3377073830962212,4.124279059658398e-07
FL-2006-000127-NPL,FL-2006-000127-NPL,0.23303265211913782,4.7224544598311176e-07,0.862630230686243,4.073731980089394e-07
FL-2009-000145-NPL,FL-2009-000145-NPL,0.23273512703153545,4.66250562699209e-07,0.8626211054247378,4.021975758004977e-07
FL-2013-000002-PSE,FL-2013-000002-PSE,0.22561776352806606,3.4176918200580897e-07,1.1703104797566297,3.999760553592492e-07
FL-2018-000034-BLR,FL-2018-000034-BLR,0.22380572599495552,3.15291262935598e-07,1.2389029264369613,3.906152683309178e-07
FL-2002-000325-JAM,FL-2002-000325-JAM,0.22771225153957114,3.748555754080568e-07,1.041282547868147,3.9033056864348164e-07
FL-2012-000132-NPL,FL-2012-000132-NPL,0.22322627293027264,3.072225444721037e-07,1.2592133213281245,3.8685872061159514e-07
FF-2009-000160-LKA,FF-2009-000160-LKA,0.22282091984910188,3.0168910561272053e-07,1.2785216004261617,3.857160381391128e-07
1988-08-01T00:00:00+00:00,1988-08-01T00:00:00+00:00,0.2315895670080415,4.438026667394892e-07,0.8249538870093336,3.6611673499184954e-07
FL-2017-000160-HND,FL-2017-000160-HND,0.22236050347988648,2.9551292949010736e-07,1.2060733944327546,3.5641028196890104e-07
FL-1997-000164-BGD,FL-1997-000164-BGD,0.22698840591640973,3.6310877909938803e-07,0.876494679186875,3.18262912846656e-07
FL-2018-000054-BDI,FL-2018-000054-BDI,0.22774463708977363,3.753890415001873e-07,0.814524387135535,3.0576352896533597e-07
FL-2011-000042-COL,FL-2011-000042-COL,0.2269191517477215,3.6200245389674737e-07,0.8050454036566094,2.914284116219901e-07
FL-2000-000617-BGD,FL-2000-000617-BGD,0.22493261269372733,3.3153110264485495e-07,0.8096868541290794,2.684363755464575e-07
FL-2008-000191-SLV,FL-2008-000191-SLV,0.2179179351720531,2.415070160501384e-07,1.1001321274321947,2.656896273570399e-07
FL-2007-000129-PAK,FL-2007-000129-PAK,0.22819547643820146,3.8288672623872993e-07,0.6733911312339389,2.578325257163578e-07
FL-2005-000169-FJI,FL-2005-000169-FJI,0.21603149742287353,2.213965044326632e-07,1.141883746425886,2.528090699271647e-07
Bangladesh: Floods - Sep 1986,Bangladesh: Floods - Sep 1986,0.21897209623242872,2.534473526156922e-07,0.9657008832892354,2.447543322882923e-07
1992-00001-AR,1992-00001-AR,0.21589614745870755,2.200132957461133e-07,1.0623696179080282,2.337354409364844e-07
FL-2005-000171-SLV,FL-2005-000171-SLV,0.21512280547105456,2.1225822589238464e-07,1.0823968914043698,2.2974764388092366e-07
SS-2007-000063-MDV,SS-2007-000063-MDV,0.21251191111927556,1.8785933004634948e-07,1.2101910384211765,2.273456777058982e-07
FL-2008-000096-BGD,FL-2008-000096-BGD,0.22201933139705493,2.9100999439681417e-07,0.7559853858657142,2.1999930290485488e-07
FL-2005-000194-COL,FL-2005-000194-COL,0.2190798574446578,2.5469739119597636e-07,0.863710436619626,2.1998479495575642e-07
FL-2024-000098-SLV,FL-2024-000098-SLV,0.2101731829645969,1.6817948353840148e-07,1.2955779011577304,2.1788962230047324e-07
FL-2010-000036-CYP,FL-2010-000036-CYP,0.21390660277783258,2.005588838185227e-07,1.084509140610344,2.1750794273179588e-07
FL-2001-000390-POL,FL-2001-000390-POL,0.21123800013931118,1.7689700182785742e-07,1.209049552596024,2.1387724091554907e-07
FL-2010-000076-COL,FL-2010-000076-COL,0.21241248517782513,1.8698225848198084e-07,1.1209522992842493,2.0959819257073827e-07
FL-2000-000255-ARG,FL-2000-000255-ARG,0.21506135383277203,2.1165267124771324e-07,0.9596824343263637,2.03119350774683e-07
FL-2013-000159-VCT,FL-2013-000159-VCT,0.20848367654150987,1.5513885105524083e-07,1.2772387598772803,1.981493537305819e-07
FL-2008-000197-COL,FL-2008-000197-COL,0.21532701323169465,2.1428173991305887e-07,0.8805586057383387,1.8868763013302844e-07
Belarus: Floods - Aug 1993,Belarus: Floods - Aug 1993,0.2102909889530712,1.6912454221129576e-07,1.1082433568666819,1.8743115038878724e-07
FL-2018-000425-LKA,FL-2018-000425-LKA,0.21134027256419521,1.7775533000516182e-07,1.0429228227177032,1.853850905221002e-07
FL-2009-000075-BDI,FL-2009-000075-BDI,0.2190373284154997,2.5420338981637633e-07,0.7232460065686893,1.83851586540918e-07
FL-2001-000274-WSM,FL-2001-000274-WSM,0.20592770835169455,1.37134859258668e-07,1.3345437786795291,1.8301247326374819e-07
Bangladesh: Floods - Aug 1986,Bangladesh: Floods - Aug 1986,0.21058708900317752,1.7152104450333574e-07,1.0124849879606508,1.7366248267895814e-07
FL-2021-000134-NPL,FL-2021-000134-NPL,0.203018057500313,1.1894513424375677e-07,1.2467249920120518,1.4829187153992008e-07
FL-2014-000162-LKA,FL-2014-000162-LKA,0.20498601044755038,1.309912330960423e-07,1.0916819458806812,1.4300076423959734e-07
FF-2010-000204-LCA,FF-2010-000204-LCA,0.2009905864252911,1.075863498659375e-07,1.228383169783597,1.3215726147376737e-07
FL-2025-000029-BWA,FL-2025-000029-BWA,0.19919432148219093,9.834890670584175e-08,1.2304510947433291,1.2101351992301252e-07
FL-2000-000187-ROM,FL-2000-000187-ROM,0.2008003614426738,1.0657243826262467e-07,1.0573179499339493,1.126809519433007e-07
FL-2006-000086-CHL,FL-2006-000086-CHL,0.19923380387190404,9.854401845094591e-08,0.9816818094129864,9.67388703397513e-08
FL-2009-000219-NPL,FL-2009-000219-NPL,0.20303805799900365,1.1906236602859512e-07,0.7491056022368088,8.91902854075901e-08
FL-2000-000048-BWA,FL-2000-000048-BWA,0.19182263467813487,6.745257246475574e-08,1.0623346437323442,7.165720453817642e-08
Bangladesh: Floods - Jun 1993,Bangladesh: Floods - Jun 1993,0.19274131880611825,7.075355447729527e-08,0.9963714048033698,7.049681846937444e-08
FL-2012-000205-LKA,FL-2012-000205-LKA,0.19008644259054447,6.15901739566329e-08,1.0845827244475248,6.67996386690819e-08
FL-2006-000130-KHM,FL-2006-000130-KHM,0.19603479453578654,8.381690465138313e-08,0.7719896247006457,6.470578076539106e-08
FL-2006-000155-LKA,FL-2006-000155-LKA,0.1851495792301311,4.7339895412741436e-08,1.2787797130194554,6.053729787027652e-08
FF-2007-000080-BGD,FF-2007-000080-BGD,0.19415226634952193,7.610700724809328e-08,0.7213395261756768,5.4898992546988405e-08
FL-2006-000131-BGD,FL-2006-000131-BGD,0.1865243022576984,5.097464861671618e-08,0.7881513340934744,4.017573731221093e-08
FL-2012-000037-PSE,FL-2012-000037-PSE,0.17755520893216323,3.114111634640575e-08,1.2782164281084545,3.980508650361256e-08
FL-2005-000111-ROM,FL-2005-000111-ROM,0.18190642413195102,3.967165942822324e-08,0.9764074974737552,3.873570570294256e-08
FL-2011-000176-LKA,FL-2011-000176-LKA,0.1776799205295037,3.13605386072365e-08,1.212182945388364,3.8014710057885444e-08
FL-2005-000208-BIH,FL-2005-000208-BIH,0.1800422184612051,3.5788504950420734e-08,0.9162380586784109,3.279079029877619e-08
FL-2011-000005-HND,FL-2011-000005-HND,0.17091353665239525,2.126985893919832e-08,1.359711468750731,2.8920871138338212e-08
FL-2005-000176-BGD,FL-2005-000176-BGD,0.17862910823196992,3.307670965694294e-08,0.852603025726979,2.8201302734602336e-08
FL-2008-000167-VCT,FL-2008-000167-VCT,0.1659196579765707,1.5811695348800725e-08,1.1194341065259241,1.770015105544485e-08
FL-2000-000806-FJI,FL-2000-000806-FJI,0.16039873664876106,1.127221940030437e-08,1.0809688363767913,1.2184917888530907e-08
1993-12-01T00:00:00+00:00,1993-12-01T00:00:00+00:00,0.15887971393099112,1.024907076833404e-08,0.8154353086906252,8.35745418576853e-09
FL-2008-000051-LKA,FL-2008-000051-LKA,0.14611733143088526,4.436263358229059e-09,0.9575666418010185,4.248017806084308e-09
subject,subject,0.07975744250308955,1.0416269183904837e-11,1.3062248250149238,1.360598939205444e-11
FL-2020-0020-000176-SDN,FL-2020-0020-000176-SDN,0.02032061101497321,1.2005150943719228e-17,0.8819420188506686,1.0587847059910746e-17
