match_id,era5_event_id,cnn_bayesian_score,kg_bayesian_score,kg_rank,attribution_weight
FL-2014-000163-COL,FL_2014_000163_COL,0.1796135,0.000431250720117,68.0,0.1820739589041096
FL-2005-000194-COL,FL_2005_000194_COL,0.09621913,0.0001240735385975,298.0,0.09653668488448844
FL-2006-000044-COL,FL_2006_000044_COL,0.09240848,0.0002741177808443,132.0,0.09308299445255476
FL-2018-000058-COL,FL_2018_000058_COL,0.07671143,0.9912944067554574,1.0,0.08949666833333333
FL-2008-000076-COL,FL_2008_000076_COL,0.08170989,0.0002522985303665,150.0,0.08223705058064515
FL-2013-000030-COL,FL_2013_000030_COL,0.067013636,0.0034418638161995,3.0,0.0753903405
FL-2009-000241-COL,FL_2009_000241_COL,0.05579762,0.0009852393089604,14.0,0.05873433684210526
FL-2005-000017-VEN,FL_2005_000017_VEN,0.05597828,0.0003602499266694,91.0,0.05656138708333334
FL-2013-000145-COL,FL_2013_000145_COL,0.055556957,0.0001791507344209,216.0,0.05580834594570135
FL-2010-000076-COL,FL_2010_000076_COL,0.053474106,0.0001174817297794,306.0,0.053646048463022504
FL-2012-000183-COL,FL_2012_000183_COL,0.05188765,0.0002699382789327,134.0,0.052260942446043165
LS-2010-000190-COL,LS_2010_000190_COL,0.04609379,0.0014412995060597,7.0,0.049934939166666664
FL-2007-000068-COL,FL_2007_000068_COL,0.041233398,0.0012471410793801,11.0,0.043810485375
FL-2008-000197-COL,FL_2008_000197_COL,0.039554734,0.0005142466427472,56.0,0.040203172262295084
FL-2005-000020-COL,FL_2005_000020_COL,0.032400694,0.0005332164024603,54.0,0.03294985830508475
FL-2014-000004-COL,FL_2014_000004_COL,0.027659152,0.0001033186147463,336.0,0.027740263882697947
OT-2004-000112-COL,OT_2004_000112_COL,0.027262814,0.000187966125199,206.0,0.027392021649289097
FL-2012-000042-COL,FL_2012_000042_COL,0.025422977,0.0002036322173064,194.0,0.025550730653266327
FL-2003-000578-COL,FL_2003_000578_COL,0.022469642,0.0014248892438191,8.0,0.024198076
FL-2019-000020-COL,FL_2019_000020_COL,0.02202636,0.0001444370010022,265.0,0.02210793911111111
FL-2011-000170-COL,FL_2011_000170_COL,0.018244898,0.0008895518744319,16.0,0.019113702666666666
FL-2020-000242-COL,FL_2020_000242_COL,0.013044417,0.0013745257193103,9.0,0.013976161071428572
FL-2011-000042-COL,FL_2011_000042_COL,0.0118877385,0.000595995414161,38.0,0.01216419753488372
FL-2015-000056-COL,FL_2015_000056_COL,0.01042154,0.0135699889910136,2.0,0.011910331428571428
FL-2004-000021-COL,FL_2004_000021_COL,0.008618985,0.001578785871748,5.0,0.0094808835
FL-2000-000265-COL,FL_2000_000265_COL,0.0046262,0.0001726908007583,225.0,0.004646313913043478
FL-2008-000239-NIC,FL_2008_000239_NIC,0.00076516956,4.579119807689685e-05,485.0,0.0007667311305306123
FL-2009-000203-USA,FL_2009_000203_USA,0.00071634114,3.43089159165786e-05,552.0,0.0007176272102692998
FL-2013-000119-MRT,FL_2013_000119_MRT,0.00050319545,1.9733900583125862e-06,1047.0,0.0005036737726711026
FL-2007-000111-GBR,FL_2007_000111_GBR,0.00041981213,6.934872574538944e-06,855.0,0.00042030028363953484
FL-2019-000011-IDN,FL_2019_000011_IDN,0.00036316077,1.6408779289041134e-05,691.0,0.0003636825527155172
FL-2008-000180-NIC,FL_2008_000180_NIC,0.00031998288,1.644015310895455e-05,690.0,0.0003204432870215827
FL-2006-000133-NER,FL_2006_000133_NER,0.0002749197,0.0002170740626172,176.0,0.00027643859337016577
FL-2017-000078-NER,FL_2017_000078_NER,0.00021583981,0.0005065090549442,58.0,0.0002192658387301587
FL-2008-000099-NIC,FL_2008_000099_NIC,0.0001820659,2.4731683207799345e-06,1013.0,0.0001822447466601179
FL-2014-000154-IDN,FL_2014_000154_IDN,0.00017403589,4.135630721798955e-05,514.0,0.00017437121926782274
FL-2002-000026-SEN,FL_2002_000026_SEN,0.00015481807,2.0156580375014816e-05,651.0,0.0001550540731554878
FL-2011-000122-NER,FL_2011_000122_NER,0.00014239982,3.7321360782786496e-05,540.0,0.0001426611040733945
FL-1999-000371-IND,FL_1999_000371_IND,0.00013668093,0.0001165039416483,313.0,0.00013711074424528302
FL-2004-000022-AFG,FL_2004_000022_AFG,0.00013291757,8.986860229853311e-06,811.0,0.00013308045917892158
FL-2007-000011-ZMB,FL_2007_000011_ZMB,0.00012607302,0.0003694449634445,89.0,0.00012741422234042554
FL-2016-000091-NER,FL_2016_000091_NER,0.000121696496,0.0004232015570385,70.0,0.00012331911594666667
FL-2007-000147-NER,FL_2007_000147_NER,0.00011206026,3.2722710415043256e-05,557.0,0.00011225965548042705
FL-2010-000242-AGO,FL_2010_000242_AGO,0.00011019249,0.0001097849901869,318.0,0.00011053364321981424
FL-2013-000052-SOM,FL_2013_000052_SOM,0.000107815555,9.985050989391047e-05,343.0,0.00010812536981321838
FL-2009-000144-NER,FL_2009_000144_NER,0.00010290626,6.453440977894998e-06,866.0,0.00010302440725602756
FL-2015-000123-NER,FL_2015_000123_NER,9.4234965e-05,0.000675427716821,30.0,9.692739257142856e-05
FL-2001-000407-IDN,FL_2001_000407_IDN,8.54222e-05,0.0002564871474178,146.0,8.598790993377483e-05
FL-2007-000222-MYS,FL_2007_000222_MYS,8.5657564e-05,0.0001208854586086,301.0,8.593749067973857e-05
FL-2019-000160-COG,FL_2019_000160_COG,6.9707814e-05,1.835925419195376e-06,1054.0,6.977363818696884e-05
FF-2006-000069-IDN,FF_2006_000069_IDN,6.926668e-05,0.0001769064728902,218.0,6.957729291479821e-05
FL-1999-000574-VNM,FL_1999_000574_VNM,5.6451772e-05,4.1632487170956656e-05,509.0,5.656160035019455e-05
FL-2010-000096-IDN,FL_2010_000096_IDN,5.3327236e-05,2.9416597097890843e-05,578.0,5.341870638765008e-05
FL-2009-000174-NER,FL_2009_000174_NER,4.9008206e-05,0.000123269103719,299.0,4.916941720394737e-05
FL-2010-000141-PAK,FL_2010_000141_PAK,4.7380556e-05,9.463585070476654e-05,357.0,4.751144151381215e-05
FF-2013-000090-PAK,FF_2013_000090_PAK,4.612139e-05,3.3486815455849297e-06,976.0,4.616840466870541e-05
FL-2010-000149-GTM,FL_2010_000149_GTM,4.4861576e-05,5.2508567747918513e-08,1206.0,4.4898621066886866e-05
FL-2007-000227-ZWE,FL_2007_000227_ZWE,4.09416e-05,0.0007877435160759,22.0,4.245795555555556e-05
FL-2009-000139-PAK,FL_2009_000139_PAK,4.1181676e-05,9.809455560759716e-05,347.0,4.1298669397727275e-05
FF-2018-000041-SOM,FF_2018_000041_SOM,3.765866e-05,8.241063515572065e-05,379.0,3.775672942708334e-05
FL-2020-000185-PAK,FL_2020_000185_PAK,3.7416758e-05,4.46419206644147e-05,497.0,3.7491293374501996e-05
FF-2013-000084-GEO,FF_2013_000084_GEO,3.641992e-05,3.6678214799799885e-05,543.0,3.64863797080292e-05
FL-2013-000098-NER,FL_2013_000098_NER,3.5930716e-05,4.603002679709794e-05,483.0,3.6004344516393444e-05
FL-2015-000093-GUY,FL_2015_000093_GUY,3.409684e-05,1.2204898394671748e-06,1090.0,3.412797866666667e-05
FL-2016-000068-NPL,FL_2016_000068_NPL,3.3911063e-05,5.066853878361303e-06,905.0,3.3948327904395606e-05
FL-2010-000049-AGO,FL_2010_000049_AGO,3.163292e-05,0.000209473127522,186.0,3.179853738219895e-05
FL-2012-000153-IDN,FL_2012_000153_IDN,3.15028e-05,0.0002545105429725,149.0,3.1707363636363635e-05
FL-1998-000179-RUS,FL_1998_000179_RUS,2.8940878e-05,0.0002836805398216,130.0,2.915525487407407e-05
FF-2012-000115-RUS,FF_2012_000115_RUS,2.785161e-05,0.0001024909991535,338.0,2.793281002915452e-05
FL-1998-000221-NPL,FL_1998_000221_NPL,2.7633298e-05,1.3140118477998292e-06,1084.0,2.765867292929293e-05
FL-2016-000102-SEN,FL_2016_000102_SEN,2.7036358e-05,0.0005724252486,41.0,2.762410491304348e-05
FL-2009-000147-NIC,FL_2009_000147_NIC,2.7470258e-05,1.9592277873989692e-05,654.0,2.751194276176024e-05
FL-2012-000141-NER,FL_2012_000141_NER,2.6227985e-05,0.0002116832421552,183.0,2.6367495558510636e-05
FL-2001-000492-VNM,FL_2001_000492_VNM,2.6063775e-05,2.276806483546904e-05,629.0,2.6104885055205047e-05
FL-2008-000185-SOM,FL_2008_000185_SOM,2.5087907e-05,6.378577139559355e-05,431.0,2.5145448071100914e-05
FL-2010-000046-MOZ,FL_2010_000046_MOZ,2.4694906e-05,0.0003180368690118,109.0,2.4911527982456142e-05
FL-2006-000070-IND,FL_2006_000070_IND,2.3921304e-05,0.0005457498949041,49.0,2.436429111111111e-05
FL-1997-000265-SOM,FL_1997_000265_SOM,2.418252e-05,9.451744820026698e-06,804.0,2.4212411866501853e-05
FL-2020-000165-NPL,FL_2020_000165_NPL,2.2938519e-05,0.000231185342802,167.0,2.307188248255814e-05
FL-2017-000083-GIN,FL_2017_000083_GIN,2.1503984e-05,3.904503671713587e-05,529.0,2.1544253632958798e-05
FF-2014-000048-KAZ,FF_2014_000048_KAZ,2.0899246e-05,5.036524387098482e-06,907.0,2.092216183991228e-05
FL-1997-000522-MDA,FL_1997_000522_MDA,2.0762978e-05,3.288172267044784e-07,1164.0,2.078073931565441e-05
FL-2009-000219-NPL,FL_2009_000219_NPL,2.0401063e-05,3.05688111002591e-07,1169.0,2.0418440396081768e-05
FL-2006-000127-NPL,FL_2006_000127_NPL,2.0163483e-05,3.91588091755101e-06,946.0,2.0184685400630916e-05
FL-2008-000074-BFA,FL_2008_000074_BFA,1.9632873e-05,4.7208234617341184e-06,917.0,1.965416678850325e-05
FF-2008-000194-VNM,FF_2008_000194_VNM,1.8053517e-05,1.0842883136172684e-05,775.0,1.8076662534615384e-05
FL-2021-000135-GIN,FL_2021_000135_GIN,1.7855524e-05,1.6072291142077204e-05,698.0,1.788092303840683e-05
FL-2019-000083-NPL,FL_2019_000083_NPL,1.7756154e-05,5.151866307035468e-06,902.0,1.777573079603087e-05
FF-2018-000158-TUN,FF_2018_000158_TUN,1.7453749e-05,0.0001307301711499,290.0,1.7512914250847457e-05
FL-2006-000009-GUY,FL_2006_000009_GUY,1.5463049e-05,1.340615926234057e-06,1081.0,1.5477287534990793e-05
FL-2010-000162-HND,FL_2010_000162_HND,1.5356034e-05,1.7591305084767912e-05,676.0,1.5378583242290748e-05
FL-2004-000051-NPL,FL_2004_000051_NPL,1.5095057e-05,1.1515512164215083e-05,764.0,1.5114686462938882e-05
FL-2016-000046-SOM,FL_2016_000046_SOM,1.4872694e-05,7.744827049662703e-05,388.0,1.4910538005089057e-05
FL-2011-000007-ZAF,FL_2011_000007_ZAF,1.4565642e-05,0.0005671603029282,43.0,1.4869092875e-05
FL-2012-000173-SOM,FL_2012_000173_SOM,1.4574498e-05,2.9744170166281485e-05,576.0,1.4599583194492256e-05
FL-2005-000051-AGO,FL_2005_000051_AGO,1.4475224e-05,0.0001553270162125,251.0,1.453176784375e-05
ST-2012-000061-VNM,ST_2012_000061_VNM,1.4404974e-05,1.7394184121319163e-05,679.0,1.4426033903508773e-05
FL-1998-000048-PAK,FL_1998_000048_PAK,1.4222768e-05,2.21791878094902e-05,633.0,1.4245060739811911e-05
FL-2021-000051-SOM,FL_2021_000051_SOM,1.4111157e-05,2.2583138855034303e-05,630.0,1.413337929448819e-05
FL-2016-000123-DOM,FL_2016_000123_DOM,1.3387799e-05,6.686796224332523e-05,422.0,1.3419152159250585e-05
FL-2014-000150-SOM,FL_2014_000150_SOM,1.3064011e-05,8.488694449731662e-07,1109.0,1.3075738119389588e-05
FL-2003-000359-PAK,FL_2003_000359_PAK,1.2858527e-05,0.0004264092103295,69.0,1.3032290878378379e-05
FL-2005-000064-ETH,FL_2005_000064_ETH,1.2839082e-05,0.0002607728634071,142.0,1.2926422693877551e-05
FL-2006-000018-IRQ,FL_2006_000018_IRQ,1.2307451e-05,0.0006695116032737,31.0,1.2649324638888887e-05
FL-2001-000620-DZA,FL_2001_000620_DZA,1.24625e-05,3.662684404111805e-06,964.0,1.2475361197110422e-05
SL-2002-000428-NPL,SL_2002_000428_NPL,1.2164812e-05,7.745710075177064e-06,837.0,1.2179259520190023e-05
FL-2006-000112-ETH,FL_2006_000112_ETH,1.1607464e-05,1.0615666618085436e-05,778.0,1.1622288347381863e-05
FL-2006-000172-COG,FL_2006_000172_COG,1.1418679e-05,1.301340078025909e-05,741.0,1.1433985540214476e-05
FL-2019-000030-IRQ,FL_2019_000030_IRQ,1.1075124e-05,0.0004054026649723,77.0,1.1210186487804878e-05
FF-2019-000029-IDN,FF_2019_000029_IDN,1.1168771e-05,1.1285302934843691e-05,768.0,1.1183219604139716e-05
FL-2013-000141-SOM,FL_2013_000141_SOM,1.10119245e-05,1.3825366832132453e-06,1076.0,1.1022111294172063e-05
FL-2019-000101-NER,FL_2019_000101_NER,1.0615933e-05,2.5421637801601483e-05,606.0,1.0633307685761048e-05
FL-2012-000132-NPL,FL_2012_000132_NPL,1.0273114e-05,1.3496444234142678e-06,1078.0,1.0282599793167128e-05
FL-2002-000373-GHA,FL_2002_000373_GHA,1.0162306e-05,9.962840752895872e-06,794.0,1.0175024780976221e-05
FL-2006-000085-UKR,FL_2006_000085_UKR,9.301191e-06,3.900608690654704e-06,949.0,9.310940676100628e-06
FL-2001-000146-AGO,FL_2001_000146_AGO,8.615443e-06,0.0005363373023385,52.0,8.766591122807018e-06
FL-2019-000051-LBY,FL_2019_000051_LBY,8.554132e-06,0.0003953928309353,81.0,8.65359865116279e-06
FL-2000-000258-IDN,FL_2000_000258_IDN,8.314369e-06,0.000156803547494,250.0,8.34697436862745e-06
FL-2019-000181-IDN,FL_2019_000181_IDN,7.981955e-06,0.0007109648939453,27.0,8.231391093749999e-06
FL-2007-000154-MEX,FL_2007_000154_MEX,7.809153e-06,4.417931226847404e-06,927.0,7.817531919527898e-06
FL-2015-000145-SOM,FL_2015_000145_SOM,7.5768226e-06,1.5114243470010674e-06,1069.0,7.583877369646183e-06
FF-2009-000229-SOM,FF_2009_000229_SOM,7.5177927e-06,2.544186433791642e-06,1009.0,7.525206696745561e-06
FL-1998-000316-VNM,FL_1998_000316_VNM,7.4803224e-06,1.4945317628996983e-06,1070.0,7.487280839441861e-06
FL-2022-000336-VNM,FL_2022_000336_VNM,7.400284e-06,3.9110670222406325e-06,947.0,7.408057407563025e-06
FL-2009-000007-ZWE,FL_2009_000007_ZWE,7.364658e-06,6.425359816552682e-05,429.0,7.381627258064516e-06
FL-2003-000341-NPL,FL_2003_000341_NPL,7.2443027e-06,4.083841720733569e-05,518.0,7.258154139196941e-06
FL-2021-000134-NPL,FL_2021_000134_NPL,7.205497e-06,8.54328399733984e-07,1108.0,7.21197094159928e-06
FF-2012-000120-GEO,FF_2012_000120_GEO,7.2049675e-06,1.6401634998079289e-06,1063.0,7.211713724250936e-06
FL-2017-000139-ETH,FL_2017_000139_ETH,7.067507e-06,6.459224614859526e-05,428.0,7.083829187066975e-06
FL-2005-000184-VNM,FL_2005_000184_VNM,7.0293813e-06,6.877163281718885e-05,417.0,7.0460386016587686e-06
FL-2002-000732-IDN,FL_2002_000732_IDN,6.997718e-06,1.2515289702314988e-05,749.0,7.006998793103449e-06
FL-2020-000200-BFA,FL_2020_000200_BFA,6.697577e-06,3.723526693663641e-06,959.0,6.704524693983402e-06
FL-2014-000115-NER,FL_2014_000115_NER,6.24445e-06,5.872178541480627e-05,439.0,6.258514076576577e-06
FL-2015-000040-SOM,FL_2015_000040_SOM,5.9553354e-06,8.513421977169732e-06,817.0,5.962580333576643e-06
FL-2000-000484-BTN,FL_2000_000484_BTN,5.924638e-06,1.6543038807844915e-07,1185.0,5.929616687394958e-06
FL-2012-000039-CHL,FL_2012_000039_CHL,5.8636033e-06,2.106229003793548e-05,639.0,5.872708274068322e-06
FF-2007-000113-GMB,FF_2007_000113_GMB,5.714718e-06,3.3922502232175893e-06,975.0,5.720549344897958e-06
FL-2009-000268-AGO,FL_2009_000268_AGO,5.5263736e-06,0.0002353910793452,163.0,5.559268680952381e-06
FL-2016-000066-PAK,FL_2016_000066_PAK,5.457985e-06,1.4503570223918209e-05,718.0,5.4655340802213e-06
FF-2007-000185-TUN,FF_2007_000185_TUN,5.2994533e-06,0.0001914769177513,204.0,5.324809535885167e-06
FL-1999-000428-VNM,FL_1999_000428_VNM,5.195216e-06,0.0001119672828625,315.0,5.21145105e-06
FL-1992-000008-PAK,FL_1992_000008_PAK,5.050729e-06,4.822761736524194e-06,913.0,5.056230883442266e-06
FL-2017-000107-NPL,FL_2017_000107_NPL,4.971167e-06,1.2114374499000598e-05,758.0,4.97768229095675e-06
FL-2009-000187-CIV,FL_2009_000187_CIV,4.9193113e-06,1.019162606129594e-05,786.0,4.925530404045512e-06
FL-2003-000505-VNM,FL_2003_000505_VNM,4.7882404e-06,3.342931866742798e-06,977.0,4.7931164085539715e-06
FL-2011-000082-NPL,FL_2011_000082_NPL,4.7712347e-06,3.817965461459274e-06,954.0,4.776209918665277e-06
FL-2018-000112-GEO,FL_2018_000112_GEO,4.756019e-06,8.283822600885676e-06,823.0,4.761762984299517e-06
FL-2012-000068-DOM,FL_2012_000068_DOM,4.7432563e-06,3.244729542443855e-07,1166.0,4.747306903159693e-06
FF-2021-000198-COG,FF_2021_000198_COG,4.723104e-06,1.3061568912526584e-06,1085.0,4.72743712293578e-06
FL-1998-000392-IND,FL_1998_000392_IND,4.5156826e-06,0.0006286139584469,33.0,4.634516352631579e-06
FL-2000-000476-NPL,FL_2000_000476_NPL,4.619969e-06,5.708146957695731e-07,1136.0,4.624018052585451e-06
FL-2007-000161-UGA,FL_2007_000161_UGA,4.4492617e-06,0.0004140375769213,74.0,4.5055814683544306e-06
FL-2009-000242-IRQ,FL_2009_000242_IRQ,4.484302e-06,6.725584222522512e-06,860.0,4.48948616416185e-06
FL-2014-000122-PAK,FL_2014_000122_PAK,4.3622567e-06,0.0002637166273885,137.0,4.392976817605634e-06
FL-2013-000085-NIC,FL_2013_000085_NIC,4.23593e-06,9.920027867293927e-07,1102.0,4.239756495031617e-06
FL-2001-000390-POL,FL_2001_000390_POL,4.205089e-06,4.295989990234319e-09,1217.0,4.208530153027823e-06
FF-2017-000101-VNM,FF_2017_000101_VNM,4.140853e-06,6.99859961343584e-06,854.0,4.14567355064028e-06
FL-2016-000011-TZA,FL_2016_000011_TZA,4.0958407e-06,0.0003122998389732,114.0,4.130259529411764e-06
FF-2020-000204-TUN,FF_2020_000204_TUN,4.0904015e-06,0.000181863045044,211.0,4.109338543981481e-06
FL-2005-000117-GTM,FL_2005_000117_GTM,4.0588543e-06,0.000170461831501,226.0,4.0764250978354976e-06
FL-2006-000106-MRT,FL_2006_000106_MRT,3.9506294e-06,0.0001594026770324,243.0,3.966559357258065e-06
FL-2022-000249-CIV,FL_2022_000249_CIV,3.861795e-06,0.0001305949332297,291.0,3.874841604729729e-06
FF-2011-000071-GEO,FF_2011_000071_GEO,3.771915e-06,1.4104415832186963e-06,1073.0,3.7754139935064937e-06
FL-2008-000031-PER,FL_2008_000031_PER,3.723948e-06,9.567583263258528e-06,800.0,3.728574022360249e-06
FL-2007-000206-COG,FL_2007_000206_COG,3.69228e-06,1.3848125762290385e-06,1075.0,3.695698777777778e-06
FL-2017-000110-MLI,FL_2017_000110_MLI,3.5220191e-06,0.0001573587803126,248.0,3.535940124110672e-06
FL-2011-000190-AGO,FL_2011_000190_AGO,3.457401e-06,0.0001453195031197,263.0,3.4703017500000003e-06
FL-2011-000196-IDN,FL_2011_000196_IDN,3.4580562e-06,3.16555414718202e-05,562.0,3.4641550645502642e-06
FL-2010-000026-DOM,FL_2010_000026_DOM,3.4106486e-06,1.5618084954502758e-07,1186.0,3.4135122848026866e-06
FL-2019-000084-IND,FL_2019_000084_IND,3.3891524e-06,0.0002596300244202,143.0,3.4120520783783784e-06
FL-2014-000073-RUS,FL_2014_000073_RUS,3.3993979e-06,7.144101939774893e-05,408.0,3.407628887651332e-06
FL-2018-000144-PRK,FL_2018_000144_PRK,3.2009684e-06,9.919720412266352e-05,344.0,3.210140229226361e-06
FL-2022-000305-GIN,FL_2022_000305_GIN,3.1562329e-06,8.442815624134929e-06,819.0,3.1600632797330095e-06
FL-2007-000221-KEN,FL_2007_000221_KEN,3.0059475e-06,1.0710215725266485e-05,776.0,3.009796344430217e-06
FL-2018-000077-CIV,FL_2018_000077_CIV,2.9530033e-06,9.449689251322058e-06,805.0,2.95664898308642e-06
FL-2010-000125-IND,FL_2010_000125_IND,2.8759177e-06,4.572201052061285e-05,486.0,2.881774966191446e-06
FL-2022-000254-PAK,FL_2022_000254_PAK,2.8617328e-06,0.0002595411124565,144.0,2.880939060402685e-06
FL-2021-000173-IDN,FL_2021_000173_IDN,2.8363074e-06,0.0001816838724699,212.0,2.849377941013825e-06
FL-2021-000066-GUY,FL_2021_000066_GUY,2.8151803e-06,5.481623047268871e-05,451.0,2.8213539410087718e-06
FL-2008-000168-NPL,FL_2008_000168_NPL,2.7022895e-06,8.384731617401473e-07,1110.0,2.704713078026906e-06
FF-2020-000191-AFG,FF_2020_000191_AFG,2.6799603e-06,2.8326607872145096e-05,588.0,2.684479625969646e-06
FL-2009-000124-VNM,FL_2009_000124_VNM,2.6587566e-06,3.306861613823216e-06,978.0,2.661461337131231e-06
FL-2020-000190-NER,FL_2020_000190_NER,2.6517298e-06,3.0137206400526237e-05,573.0,2.656317567820069e-06
FF-2007-000081-NPL,FF_2007_000081_NPL,2.6332648e-06,0.000157008247338,249.0,2.6436319842519685e-06
FL-2015-000153-IRQ,FL_2015_000153_IRQ,2.6044677e-06,0.0001250126647269,296.0,2.6131204166112956e-06
FL-2010-000160-NPL,FL_2010_000160_NPL,2.5334798e-06,2.3020774309853217e-06,1023.0,2.5359442745136188e-06
FL-2005-000176-BGD,FL_2005_000176_BGD,2.5238428e-06,3.260190792990151e-07,1165.0,2.5259999305982907e-06
FL-1997-000207-SYC,FL_1997_000207_SYC,2.4877465e-06,5.397890687714046e-05,453.0,2.4931782609170305e-06
FL-2019-000052-SRB,FL_2019_000052_SRB,2.4776105e-06,1.8263533573168603e-06,1055.0,2.479947868396227e-06
FL-2011-000148-KHM,FL_2011_000148_KHM,2.4496678e-06,2.4547023770471205e-05,612.0,2.4536380881685576e-06
FL-2006-000192-IDN,FL_2006_000192_IDN,2.3083667e-06,0.0011163948204569,12.0,2.4441529764705886e-06
FF-2020-000055-SOM,FF_2020_000055_SOM,2.4137732e-06,0.0002991914906374,120.0,2.4330833856e-06
FL-2013-000050-ETH,FL_2013_000050_ETH,2.3735513e-06,3.633350571156712e-06,966.0,2.375995740061792e-06
FL-2007-000189-NIC,FL_2007_000189_NIC,2.351055e-06,0.0001035170478971,334.0,2.3579902654867257e-06
FF-2009-000069-IDN,FF_2009_000069_IDN,2.343939e-06,0.000108514641553,320.0,2.3511511199999998e-06
FL-2021-000127-NER,FL_2021_000127_NER,2.2469917e-06,3.148905229105736e-05,564.0,2.250940718804921e-06
FL-2011-000061-DOM,FL_2011_000061_DOM,2.239287e-06,0.0001597052650193,241.0,2.2483897926829273e-06
FL-2010-000151-COD,FL_2010_000151_COD,2.1831256e-06,4.515122197537426e-06,923.0,2.1854781060344828e-06
FL-2016-000114-EGY,FL_2016_000114_EGY,2.1370063e-06,0.0002213404603219,174.0,2.1489448826815645e-06
FL-2013-000068-CZE,FL_2013_000068_CZE,2.1445285e-06,9.167962056227918e-07,1104.0,2.146462249774572e-06
FL-1998-000247-IRN,FL_1998_000247_IRN,2.130335e-06,0.0001275113287834,295.0,2.137436116666667e-06
FL-2010-000179-ETH,FL_2010_000179_ETH,2.1121032e-06,1.3497100066622697e-06,1077.0,2.1140552362292046e-06
FL-2008-000104-NPL,FL_2008_000104_NPL,1.9704735e-06,3.577104183672437e-06,968.0,1.9724986526207607e-06
FL-1999-000160-PER,FL_1999_000160_PER,1.965723e-06,3.064339777349574e-05,569.0,1.969147604529617e-06
FL-2014-000168-MYS,FL_2014_000168_MYS,1.9429174e-06,3.321517625159571e-05,553.0,1.946399330824373e-06
FL-1999-000363-NIC,FL_1999_000363_NIC,1.9236427e-06,4.075415695720916e-05,519.0,1.927313773854962e-06
FF-2009-000196-IDN,FF_2009_000196_IDN,1.9156255e-06,0.0001036324154787,333.0,1.9212930310650885e-06
FL-2012-000174-BEN,FL_2012_000174_BEN,1.9040796e-06,1.3924230220283071e-05,726.0,1.9066843600547197e-06
FF-2009-000204-TUN,FF_2009_000204_TUN,1.8971234e-06,0.0001755967661217,219.0,1.9055927008928572e-06
FL-2013-000076-PRY,FL_2013_000076_PRY,1.8949697e-06,7.849592018260621e-06,835.0,1.8972256163095238e-06
FL-2021-000152-GEO,FL_2021_000152_GEO,1.8875998e-06,8.391725517289944e-05,376.0,1.8925541301837273e-06
FL-2010-000136-YEM,FL_2010_000136_YEM,1.78013e-06,4.881941939756716e-05,470.0,1.7838776421052635e-06
FL-2008-000035-PRY,FL_2008_000035_PRY,1.7474097e-06,0.0003408528956689,100.0,1.7640516971428572e-06
FF-2005-000067-IDN,FF_2005_000067_IDN,1.7497482e-06,4.799363465295316e-05,472.0,1.7534164352201257e-06
FL-2018-000154-GHA,FL_2018_000154_GHA,1.7252445e-06,1.0039476619864932e-05,792.0,1.72740917314931e-06
FL-2003-000647-TLS,FL_2003_000647_TLS,1.7086555e-06,0.0001591803008876,244.0,1.7155175702811246e-06
FF-2008-000141-ETH,FF_2008_000141_ETH,1.6616649e-06,4.540259744877912e-05,490.0,1.665021798787879e-06
FL-2007-000076-KEN,FL_2007_000076_KEN,1.6339554e-06,0.0002106417438763,184.0,1.6426006666666666e-06
FL-2008-000205-IDN,FL_2008_000205_IDN,1.607251e-06,3.619021099895356e-05,546.0,1.6101679709618874e-06
FL-2011-000124-ETH,FL_2011_000124_ETH,1.5902302e-06,1.8616129834480467e-05,666.0,1.592600140685544e-06
FL-2010-000091-VNM,FL_2010_000091_VNM,1.567954e-06,7.339001680459539e-07,1117.0,1.5693514634581107e-06
FL-2000-000770-IDN,FL_2000_000770_IDN,1.5465021e-06,0.0002316760215155,166.0,1.5555459719298245e-06
FL-2009-000165-CHL,FL_2009_000165_CHL,1.5437956e-06,5.394538896911664e-07,1139.0,1.5451450716783217e-06
FL-2011-000198-PER,FL_2011_000198_PER,1.5094361e-06,2.732465380458276e-05,593.0,1.5119602406354516e-06
FF-2012-000079-GEO,FF_2012_000079_GEO,1.4409429e-06,3.507886749093395e-06,969.0,1.4424223074948668e-06
FL-2019-000015-PER,FL_2019_000015_PER,1.4319493e-06,6.443400950373856e-07,1128.0,1.4332131563989408e-06
FF-2008-000123-PAK,FF_2008_000123_PAK,1.3967228e-06,2.287947032200393e-05,627.0,1.3989328044303798e-06
FF-2011-000049-IRQ,FF_2011_000049_IRQ,1.383521e-06,7.664888987664283e-05,393.0,1.3869971834170852e-06
FL-2009-000011-PHL,FL_2009_000011_PHL,1.3493099e-06,0.0003905081082238,82.0,1.3648192091954024e-06
FL-2009-000198-BEN,FL_2009_000198_BEN,1.35097e-06,1.5521177342629703e-05,708.0,1.3528647685834504e-06
FL-2014-000006-PHL,FL_2014_000006_PHL,1.329046e-06,0.0004541351188909,64.0,1.348307536231884e-06
FL-2002-000077-PER,FL_2002_000077_PER,1.3420101e-06,4.49201067614327e-06,924.0,1.3434546749192682e-06
FL-1999-000132-BLR,FL_1999_000132_BLR,1.2721313e-06,4.847872497871493e-08,1207.0,1.273180913283828e-06
FL-2006-000001-IDN,FL_2006_000001_IDN,1.2326883e-06,0.0007020269193694,28.0,1.270042490909091e-06
LS-2022-000224-GTM,LS_2022_000224_GTM,1.2610788e-06,0.0001627351702211,237.0,1.2662898694214879e-06
FL-2015-000161-ETH,FL_2015_000161_ETH,1.2543302e-06,0.0002865845960371,129.0,1.2636908731343283e-06
FL-2003-000051-PER,FL_2003_000051_PER,1.2321062e-06,1.7768425260930393e-05,675.0,1.233918120882353e-06
FL-2016-000045-ETH,FL_2016_000045_ETH,1.2253572e-06,4.022436149687566e-06,943.0,1.2266497708860758e-06
FL-2003-000212-AZE,FL_2003_000212_AZE,1.2129449e-06,5.728578892507948e-06,884.0,1.2143092924634422e-06
FL-1997-000270-ETH,FL_1997_000270_ETH,1.1506272e-06,0.0003581548084992,93.0,1.1623682938775509e-06
FL-2010-000102-CRI,FL_2010_000102_CRI,1.1325598e-06,0.0001610246496342,240.0,1.1371824930612246e-06
FL-2020-000199-MRT,FL_2020_000199_MRT,1.1335079e-06,3.771284658032025e-05,536.0,1.1356031086876157e-06
FL-2006-000031-PER,FL_2006_000031_PER,1.1208531e-06,6.964826695733687e-05,415.0,1.1235217978571428e-06
FL-1999-000233-SVK,FL_1999_000233_SVK,1.1199702e-06,3.4793767806599154e-05,548.0,1.121995462567812e-06
FL-2009-000101-PAN,FL_2009_000101_PAN,1.1120812e-06,4.169533300806387e-06,938.0,1.113260501378579e-06
FL-2006-000121-MKD,FL_2006_000121_MKD,1.0831884e-06,6.632415244062908e-06,862.0,1.0844377522491347e-06
FF-2007-000082-PAK,FF_2007_000082_PAK,1.0681317e-06,1.7308568513262045e-05,681.0,1.0696887432944607e-06
FL-2009-000145-NPL,FL_2009_000145_NPL,1.0602209e-06,5.061429159685498e-07,1141.0,1.0611460491273999e-06
FL-2001-000314-GHA,FL_2001_000314_GHA,1.0464372e-06,2.5632275388572587e-05,603.0,1.0481583138157896e-06
FF-2021-000189-BIH,FF_2021_000189_BIH,1.0356405e-06,3.217514708802863e-05,560.0,1.0374734920353981e-06
FL-2009-000133-ZAF,FL_2009_000133_ZAF,1.0290076e-06,1.845597143898013e-05,669.0,1.0305343175074185e-06
FL-2011-000038-KAZ,FL_2011_000038_KAZ,1.0072432e-06,1.7227058453661294e-05,683.0,1.0087072162790697e-06
FL-2001-000453-IRN,FL_2001_000453_IRN,9.860494e-07,0.00035955356765,92.0,9.962148577319587e-07
FL-2013-000004-KEN,FL_2013_000004_KEN,9.817944e-07,2.303499480605682e-05,624.0,9.833552813990462e-07
FL-2009-000170-MRT,FL_2009_000170_MRT,9.622191e-07,4.955336643695661e-05,466.0,9.642620280254776e-07
FL-1998-000085-IRN,FL_1998_000085_IRN,9.3549744e-07,9.381791017771868e-05,360.0,9.380604466849316e-07
FL-2008-000011-TZA,FL_2008_000011_TZA,8.943536e-07,9.714185881326827e-05,349.0,8.9688002259887e-07
FL-2004-000036-MKD,FL_2004_000036_MKD,8.8326914e-07,7.158581661840934e-09,1215.0,8.839931310983607e-07
FL-2022-000316-NER,FL_2022_000316_NER,8.6093905e-07,0.0001652069202018,234.0,8.645413054393304e-07
FL-2005-000002-GUY,FL_2005_000002_GUY,8.5186673e-07,8.150649815569773e-06,830.0,8.528869296766467e-07
FL-2020-000175-GEO,FL_2020_000175_GEO,8.3999396e-07,0.0004037539286339,78.0,8.501143691566265e-07
FL-1997-000530-PER,FL_1997_000530_PER,8.333986e-07,3.8083028714968606e-06,955.0,8.342667235416667e-07
FL-2007-000145-ETH,FL_2007_000145_ETH,8.3075105e-07,1.1679342378039597e-05,761.0,8.318355813968669e-07
FL-1998-000053-ZMB,FL_1998_000053_ZMB,8.1412065e-07,7.072433257476976e-05,410.0,8.160823865060242e-07
FL-2018-000043-TZA,FL_2018_000043_TZA,7.8713794e-07,0.0007739960961654,24.0,8.142806275862069e-07
FL-2020-000029-TZA,FL_2020_000029_TZA,7.4881336e-07,0.0002481593882369,155.0,7.534934435000001e-07
FL-2008-000198-BLZ,FL_2008_000198_BLZ,7.490265e-07,2.694873050363307e-06,1004.0,7.497688453914767e-07
FF-2008-000227-ETH,FF_2008_000227_ETH,7.19885e-07,0.000272016118808,133.0,7.251015579710145e-07
FL-2014-000079-PHL,FL_2014_000079_PHL,7.0489284e-07,0.0005366431006588,51.0,7.174802121428571e-07
FL-2009-000192-MEX,FL_2009_000192_MEX,7.040022e-07,0.0004122517135377,75.0,7.128022275e-07
FL-2001-000524-MLI,FL_2001_000524_MLI,6.752377e-07,6.713848994269016e-05,420.0,6.768264945882354e-07
FF-2016-000079-MKD,FF_2016_000079_MKD,6.6370006e-07,4.303751771191623e-06,932.0,6.644083845037353e-07
FL-2008-000213-PER,FL_2008_000213_PER,6.5216216e-07,3.2367071697451385e-05,558.0,6.533205297335702e-07
FL-2013-000041-GHA,FL_2013_000041_GHA,6.1850295e-07,0.0001584664243696,246.0,6.209671051792828e-07
FL-2016-000081-GTM,FL_2016_000081_GTM,5.8852686e-07,0.0001409422901143,268.0,5.906826360439561e-07
FL-2009-000172-BFA,FL_2009_000172_BFA,5.8913247e-07,1.418677050139421e-06,1072.0,5.896794825069638e-07
FL-2019-000047-GEO,FL_2019_000047_GEO,5.7338457e-07,3.758802459173749e-05,538.0,5.744405268508288e-07
FL-2000-000299-GTM,FL_2000_000299_GTM,5.703978e-07,4.095257417495605e-05,515.0,5.714947188461539e-07
FL-2008-000230-CUB,FL_2008_000230_CUB,5.6961284e-07,1.6977070531422225e-06,1059.0,5.701481904135339e-07
FF-2018-000030-KEN,FF_2018_000030_KEN,5.4909674e-07,5.020557328980315e-05,463.0,5.502700236324786e-07
FL-2009-000218-KEN,FL_2009_000218_KEN,5.327451e-07,7.21654529734382e-05,403.0,5.340508477941176e-07
FF-2018-000042-ETH,FF_2018_000042_ETH,5.241571e-07,8.987686318122717e-05,369.0,5.255585895721926e-07
FL-2022-000356-ETH,FL_2022_000356_ETH,5.1619594e-07,0.0002150962074681,178.0,5.190166828415301e-07
FL-2017-000014-PER,FL_2017_000014_PER,4.936659e-07,0.0005532358458168,47.0,5.03159475e-07
FL-2019-000167-BDI,FL_2019_000167_BDI,4.7678418e-07,8.283756547914449e-05,378.0,4.780290473107049e-07
FL-2005-000103-SLV,FL_2005_000103_SLV,4.7603015e-07,6.105337889281812e-07,1131.0,4.7644919062499997e-07
FL-2008-000126-TCD,FL_2008_000126_TCD,4.7409367e-07,1.3409867161461949e-05,735.0,4.747343371216217e-07
FL-2003-000571-DOM,FL_2003_000571_DOM,4.7003115e-07,0.0002673266414123,136.0,4.7336470425531915e-07
FL-2009-000217-IND,FL_2009_000217_IND,4.6488444e-07,0.0003269601108766,102.0,4.692291543925233e-07
FL-2015-000088-IRN,FL_2015_000088_IRN,4.6867194e-07,1.634376377739578e-06,1064.0,4.691103608980356e-07
FL-1990-000004-VNM,FL_1990_000004_VNM,4.6514504e-07,3.409589586191394e-07,1162.0,4.6554362186803775e-07
FL-2019-000116-ETH,FL_2019_000116_ETH,4.643317e-07,2.676669180357928e-05,598.0,4.6510173598673303e-07
FL-1997-000049-TZA,FL_1997_000049_TZA,4.385148e-07,0.0002000476147003,196.0,4.4069646567164187e-07
FL-2021-000019-PER,FL_2021_000019_PER,4.393194e-07,3.417871149515918e-06,973.0,4.3976860184049076e-07
FL-2008-000089-IND,FL_2008_000089_IND,4.3692052e-07,7.986572329013534e-05,383.0,4.3804660381443297e-07
FL-2015-000064-IND,FL_2015_000064_IND,3.9338275e-07,0.0031247546793756,4.0,4.370919444444445e-07
FF-2013-000113-ROM,FF_2013_000113_ROM,4.2995237e-07,4.895178461693581e-07,1145.0,4.3032624162608693e-07
FL-2015-000176-BDI,FL_2015_000176_BDI,4.2853947e-07,8.631622401906119e-07,1107.0,4.2892484722122305e-07
FL-2011-000183-TZA,FL_2011_000183_TZA,4.2483157e-07,6.960113921355793e-05,416.0,4.2584067111638953e-07
FL-2005-000168-NPL,FL_2005_000168_NPL,4.1597974e-07,4.185996114547077e-06,935.0,4.164222716382979e-07
FF-2019-000068-VNM,FF_2019_000068_VNM,4.0092527e-07,0.0001378435436921,276.0,4.023520503202848e-07
FF-2012-000062-KEN,FF_2012_000062_KEN,3.9982498e-07,0.0001703262874765,227.0,4.015483635344828e-07
FL-1997-000137-CHL,FL_1997_000137_CHL,3.9869224e-07,2.2764276276063382e-06,1024.0,3.990796960155491e-07
FL-2011-000045-GTM,FL_2011_000045_GTM,3.8673298e-07,7.505015418404809e-06,842.0,3.8718957147579693e-07
FL-2020-000126-ETH,FL_2020_000126_ETH,3.8330538e-07,0.0002996226654895,119.0,3.863965524193548e-07
FL-2000-000806-FJI,FL_2000_000806_FJI,3.746297e-07,2.6088156555994813e-07,1173.0,3.7494772181663833e-07
FF-2007-000091-AFG,FF_2007_000091_AFG,3.7117852e-07,0.0003434028702331,98.0,3.747821949514563e-07
FL-2007-000057-URY,FL_2007_000057_URY,3.682508e-07,9.539303346801118e-07,1103.0,3.6858315631768955e-07
FL-2000-000038-PHL,FL_2000_000038_PHL,3.5169606e-07,4.174328346956992e-05,507.0,3.523829663671875e-07
ST-1998-000296-PHL,ST_1998_000296_PHL,3.4131807e-07,6.750194588202549e-05,419.0,3.4212306544811314e-07
FL-2008-000246-GUY,FL_2008_000246_GUY,3.3681712e-07,3.221560090231062e-06,982.0,3.37158373414387e-07
FL-2001-000549-GIN,FL_2001_000549_GIN,3.2528106e-07,1.6384339069809493e-05,692.0,3.2574774731707317e-07
FL-2013-000142-VNM,FL_2013_000142_VNM,3.2166267e-07,1.3399808907508236e-06,1082.0,3.2195858781968724e-07
FL-2003-000531-IDN,FL_2003_000531_IDN,3.1954193e-07,4.613661043384265e-05,481.0,3.201994236831275e-07
FL-2007-000106-IDN,FL_2007_000106_IDN,3.142675e-07,0.0005384026923561,50.0,3.199814545454545e-07
FL-2007-000144-LBR,FL_2007_000144_LBR,3.0950096e-07,0.0004198249430565,71.0,3.135733410526316e-07
FL-2011-000037-BDI,FL_2011_000037_BDI,3.118214e-07,2.1200574001573333e-06,1039.0,3.1212007950191566e-07
FL-2017-000052-RUS,FL_2017_000052_RUS,3.1130304e-07,2.449803337231044e-05,613.0,3.1180676660194175e-07
FL-1997-000199-BEN,FL_1997_000199_BEN,3.106275e-07,0.0001171357780589,309.0,3.1161675955414015e-07
FL-2018-000004-COD,FL_2018_000004_COD,3.0635857e-07,7.687870099721082e-05,392.0,3.0713025405541564e-07
FL-2007-000009-PER,FL_2007_000009_PER,3.0565315e-07,1.5900584699892104e-05,701.0,3.060860864730878e-07
FF-2009-000159-PAK,FF_2009_000159_PAK,2.9506137e-07,2.9664231386045272e-05,577.0,2.9556834829896905e-07
FF-2004-000060-VNM,FF_2004_000060_VNM,2.8937706e-07,7.425596390999588e-06,843.0,2.8971830653301885e-07
FL-2017-000130-GTM,FL_2017_000130_GTM,2.8908977e-07,2.8327754197161563e-05,587.0,2.895780973141892e-07
FL-2018-000054-BDI,FL_2018_000054_BDI,2.813928e-07,1.01812155201943e-05,787.0,2.8174809393939396e-07
FL-2009-000171-AFG,FL_2009_000171_AFG,2.811781e-07,1.927273367302981e-05,658.0,2.816021996983409e-07
FL-2009-000132-GHA,FL_2009_000132_GHA,2.780068e-07,2.073679929556755e-05,643.0,2.784358228395062e-07
FL-2022-000190-TUN,FL_2022_000190_TUN,2.7111375e-07,0.0004656015753916,62.0,2.75160223880597e-07
FL-2000-000002-AGO,FL_2000_000002_AGO,2.6887e-07,0.0003268202272913,103.0,2.71359537037037e-07
FL-2011-000109-PAK,FL_2011_000109_PAK,2.6438724e-07,0.0004151230937953,73.0,2.6777682e-07
FL-2019-000136-SLV,FL_2019_000136_SLV,2.6259397e-07,5.5842607413706684e-08,1205.0,2.628109898099174e-07
FL-2013-000125-BFA,FL_2013_000125_BFA,2.5798298e-07,2.631025009674537e-06,1006.0,2.5823815604352124e-07
FL-2008-000170-DOM,FL_2008_000170_DOM,2.5459377e-07,7.071678644145247e-05,411.0,2.552057742548077e-07
FL-2006-000169-SOM,FL_2006_000169_SOM,2.5336738e-07,0.0001531204322279,254.0,2.5434563243243243e-07
LS-2016-000051-IDN,LS_2016_000051_IDN,2.4827318e-07,0.0001939778965829,202.0,2.4947256734299516e-07
FL-2008-000166-GTM,FL_2008_000166_GTM,2.4518866e-07,7.184453802641176e-05,404.0,2.4578814327628364e-07
FL-2002-000470-VNM,FL_2002_000470_VNM,2.434564e-07,2.164911577347128e-05,638.0,2.4383502581648523e-07
FL-2019-000094-GTM,FL_2019_000094_GTM,2.3332493e-07,0.0003571155561425,94.0,2.3568174747474748e-07
FL-2001-000180-IRN,FL_2001_000180_IRN,2.3521308e-07,2.5550350299662617e-05,604.0,2.3559930837438427e-07
FL-2019-000062-SSD,FL_2019_000062_SSD,2.2750847e-07,0.000623759988444,34.0,2.333420205128205e-07
FF-2022-000278-MNG,FF_2022_000278_MNG,2.3171155e-07,4.1670388538553774e-05,508.0,2.321632294346979e-07
FL-2010-000225-PAN,FL_2010_000225_PAN,2.2939653e-07,2.8011457423685254e-05,589.0,2.2978271944444443e-07
FL-2008-000187-BDI,FL_2008_000187_BDI,2.2472086e-07,4.348232777638477e-05,502.0,2.2516409641025643e-07
FL-2014-000152-ETH,FL_2014_000152_ETH,2.2391838e-07,0.0001051725157678,332.0,2.24582826231454e-07
FF-2012-000118-AFG,FF_2012_000118_AFG,2.2379012e-07,2.8549278632156692e-05,585.0,2.2416942528813563e-07
FL-2001-000696-BRA,FL_2001_000696_BRA,2.2084774e-07,0.0001021017698172,340.0,2.2148787837681162e-07
FL-2015-000011-PER,FL_2015_000011_PER,2.2001211e-07,3.151913825093014e-05,563.0,2.2039945526408451e-07
FL-2009-000117-GTM,FL_2009_000117_GTM,2.1316384e-07,0.0002624868893153,140.0,2.1463393544827585e-07
FL-2017-000002-MYS,FL_2017_000002_MYS,2.11639e-07,1.1679717701553416e-05,760.0,2.119156522875817e-07
FL-2012-000071-NPL,FL_2012_000071_NPL,2.077176e-07,0.0001513951867699,258.0,2.0850740076045628e-07
FL-2015-000017-PAK,FL_2015_000017_PAK,2.0525056e-07,0.0002009325756699,195.0,2.0627681279999998e-07
FL-2018-000034-BLR,FL_2018_000034_BLR,2.0401622e-07,2.982485385798987e-06,992.0,2.0422085011033096e-07
FL-2011-000161-SOM,FL_2011_000161_SOM,2.0157717e-07,7.4073380195638e-05,398.0,2.0207736148883373e-07
FL-2012-000198-PAN,FL_2012_000198_PAN,2.0008844e-07,7.868321995408834e-05,386.0,2.0060017514066494e-07
FL-2007-000209-PNG,FL_2007_000209_PNG,1.9895845e-07,0.0001521230805974,255.0,1.997236748076923e-07
FL-2000-000444-IND,FL_2000_000444_IND,1.9653872e-07,0.0001455352781173,261.0,1.9727758736842104e-07
FL-2021-000190-EGY,FL_2021_000190_EGY,1.9445808e-07,9.619863522177658e-05,352.0,1.950027805042017e-07
FL-2001-000375-IRN,FL_2001_000375_IRN,1.8426408e-07,1.1029016252398337e-05,771.0,1.845015337113402e-07
FL-1997-000140-AZE,FL_1997_000140_AZE,1.8169024e-07,3.442779681410972e-06,972.0,1.818762074923234e-07
FL-2009-000261-PER,FL_2009_000261_PER,1.7779291e-07,4.560035891605781e-05,489.0,1.7815281467611338e-07
FL-2004-000020-KEN,FL_2004_000020_KEN,1.7709591e-07,1.4452115070881304e-05,721.0,1.7733984376033059e-07
FL-1993-000013-PHL,FL_1993_000013_PHL,1.694494e-07,9.448711418751318e-05,359.0,1.6991492032967033e-07
FL-2003-000204-KEN,FL_2003_000204_KEN,1.6642068e-07,5.063354832937251e-06,906.0,1.6660335912184416e-07
FF-2008-000178-DZA,FF_2008_000178_DZA,1.5463318e-07,2.316269899431587e-07,1179.0,1.5476378234797297e-07
FL-2007-000200-MEX,FL_2007_000200_MEX,1.5059204e-07,7.516016797020458e-05,396.0,1.5096758124688278e-07
FL-2009-000178-GIN,FL_2009_000178_GIN,1.5045168e-07,2.437757297403055e-07,1176.0,1.505790734631668e-07
FF-2020-000140-IDN,FF_2020_000140_IDN,1.4861472e-07,0.0002162422272528,177.0,1.494312843956044e-07
FL-2013-000159-VCT,FL_2013_000159_VCT,1.4701556e-07,5.326635471535683e-06,896.0,1.4717872932297448e-07
FL-2012-000192-COD,FL_2012_000192_COD,1.410065e-07,8.434138927705505e-06,820.0,1.4117741696969697e-07
FL-2002-000225-ETH,FL_2002_000225_ETH,1.3861329e-07,0.0002484244680298,154.0,1.394850716981132e-07
FL-2021-000096-PAN,FL_2021_000096_PAN,1.3819103e-07,2.0737367738605546e-06,1044.0,1.3832276596758816e-07
FF-2012-000148-PAK,FF_2012_000148_PAK,1.3369916e-07,1.2409812626217023e-05,752.0,1.3387577712021135e-07
FL-2019-000138-KEN,FL_2019_000138_KEN,1.3130514e-07,1.983353575100927e-05,653.0,1.315046918844985e-07
FL-2001-000485-KHM,FL_2001_000485_KHM,1.3044233e-07,3.998129192912591e-06,945.0,1.3057963771578948e-07
FL-2013-000019-PER,FL_2013_000019_PER,1.2829263e-07,1.9331813842364527e-09,1218.0,1.283975299427637e-07
LS-2010-000040-UGA,LS_2010_000040_UGA,1.2113954e-07,0.000498440998672,59.0,1.2303234531250001e-07
FL-2021-000078-GTM,FL_2021_000078_GTM,1.2201207e-07,3.816768570153152e-05,533.0,1.2223885823420075e-07
FL-2006-000190-BDI,FL_2006_000190_BDI,1.2031805e-07,7.89132954767317e-06,834.0,1.2046145649582839e-07
FL-2022-000261-GEO,FL_2022_000261_GEO,1.1815575e-07,0.0001066888126124,326.0,1.1851271601208459e-07
FF-2006-000046-KEN,FF_2006_000046_KEN,1.1412315e-07,3.144194115786071e-06,985.0,1.142384259090909e-07
FL-2020-000210-VNM,FL_2020_000210_VNM,1.1254178e-07,1.966172328118953e-06,1048.0,1.1264865728395062e-07
FL-2013-000006-IDN,FL_2013_000006_IDN,1.07407715e-07,0.0005575539733307,46.0,1.0951374862745098e-07
FL-2015-000151-BLZ,FL_2015_000151_BLZ,1.0929885e-07,3.668588545325416e-06,963.0,1.0941176203512397e-07
FL-2013-000070-IND,FL_2013_000070_IND,1.0704868e-07,0.0002546431171494,148.0,1.077483445751634e-07
FL-2013-000131-KHM,FL_2013_000131_KHM,1.07500554e-07,1.540968107259014e-05,709.0,1.07651115e-07
FL-2019-000014-MWI,FL_2019_000014_MWI,1.0411771e-07,1.6131513752249474e-05,696.0,1.0426623740370898e-07
FL-1994-000007-VNM,FL_1994_000007_VNM,1.0336899e-07,4.202163748539704e-05,506.0,1.0357127765166339e-07
FL-2020-000154-CIV,FL_2020_000154_CIV,1.0261913e-07,0.0002038175581539,193.0,1.0313740843434342e-07
FL-2017-000134-CAF,FL_2017_000134_CAF,9.962729e-08,0.0001230092730639,300.0,9.995393685245902e-08
FL-2010-000003-KEN,FL_2010_000003_KEN,9.86334e-08,0.00040131077259,80.0,9.979379294117646e-08
FF-2012-000081-ETH,FF_2012_000081_ETH,9.611638e-08,0.0007586800066651,25.0,9.932025933333334e-08
FL-2013-000095-PHL,FL_2013_000095_PHL,9.471217e-08,0.0008499374275985,19.0,9.865851041666667e-08
FL-2009-000075-BDI,FL_2009_000075_BDI,9.646722e-08,8.720708597351593e-06,816.0,9.65847196589525e-08
FL-2021-000161-IND,FL_2021_000161_IND,9.5467065e-08,5.503207426207922e-05,448.0,9.567780907284768e-08
FL-1997-000255-KEN,FL_1997_000255_KEN,9.355195e-08,4.779224201694825e-05,474.0,9.374725678496867e-08
FL-2012-000110-IND,FL_2012_000110_IND,9.066222e-08,0.0005643776000096,44.0,9.251246938775511e-08
FL-2001-000376-PAK,FL_2001_000376_PAK,9.164274e-08,0.0003201278770252,108.0,9.245373769911506e-08
FL-2002-000265-KEN,FL_2002_000265_KEN,8.913836e-08,0.0001034956153679,335.0,8.940053164705882e-08
FL-2001-000117-PER,FL_2001_000117_PER,8.867652e-08,4.699515266574201e-05,479.0,8.885973595041322e-08
FL-2019-000131-CIV,FL_2019_000131_CIV,8.441595e-08,0.000256006867008,147.0,8.497131809210525e-08
FL-2001-000320-TLS,FL_2001_000320_TLS,8.343858e-08,5.393914428245386e-05,454.0,8.36203633986928e-08
FL-2008-000207-SDN,FL_2008_000207_SDN,8.322816e-08,4.829606227941476e-07,1146.0,8.330046943527368e-08
FL-2016-000085-MLI,FL_2016_000085_MLI,8.176914e-08,0.000167869024017,230.0,8.211709378723404e-08
FL-2010-000014-SLB,FL_2010_000014_SLB,8.023248e-08,1.7375074806897458e-05,680.0,8.034960770802918e-08
FL-2012-000043-KGZ,FL_2012_000043_KGZ,7.7084536e-08,1.0524766779804162e-05,780.0,7.71827328611465e-08
FL-2007-000165-BEN,FL_2007_000165_BEN,7.680448e-08,1.1426552831715488e-05,766.0,7.690409670557718e-08
FL-2009-000100-DOM,FL_2009_000100_DOM,7.624428e-08,0.0001504390250413,259.0,7.65330840909091e-08
FL-2012-000098-GTM,FL_2012_000098_GTM,7.424456e-08,1.2810337164030946e-07,1189.0,7.430674137353434e-08
FL-2003-000482-MEX,FL_2003_000482_MEX,7.38851e-08,6.827970800190644e-05,418.0,7.405976926713947e-08
FL-2008-000231-PAN,FL_2008_000231_PAN,6.791696e-08,2.8596229932844447e-05,584.0,6.803226893039048e-08
FL-2003-000027-TUN,FL_2003_000027_TUN,6.7341205e-08,0.0003065226113401,116.0,6.789774388429751e-08
FF-2007-000100-MLI,FF_2007_000100_MLI,6.6868076e-08,0.0004466294802898,65.0,6.782333422857142e-08
FL-2004-000028-DOM,FL_2004_000028_DOM,6.5230786e-08,0.0001395615636119,274.0,6.546458810035842e-08
FL-2011-000187-COD,FL_2011_000187_COD,6.458189e-08,0.0001416076207159,267.0,6.481932341911765e-08
FL-1998-000329-BEN,FL_1998_000329_BEN,6.4548956e-08,2.869956317164256e-05,582.0,6.465892014991482e-08
FL-1999-000253-PHL,FL_1999_000253_PHL,6.161465e-08,0.0006073722647267,36.0,6.311744634146341e-08
FL-2007-000086-PAN,FL_2007_000086_PAN,6.1859765e-08,7.842410902830859e-05,387.0,6.201757052295918e-08
FL-2016-000089-SEN,FL_2016_000089_SEN,6.1563256e-08,4.622124567247398e-06,922.0,6.16296672793959e-08
FL-2005-000108-PAK,FL_2005_000108_PAK,6.066794e-08,0.0002234089690921,172.0,6.101069672316385e-08
FL-2006-000158-PRK,FL_2006_000158_PRK,5.964016e-08,2.304670415407941e-05,623.0,5.973512840764331e-08
FL-2020-000038-EGY,FL_2020_000038_EGY,5.822506e-08,5.032101411901016e-05,462.0,5.8349738929336186e-08
FL-2011-000118-GTM,FL_2011_000118_GTM,5.7120577e-08,0.0001741875570695,221.0,5.7373322915929195e-08
FL-1999-000315-GHA,FL_1999_000315_GHA,5.6573985e-08,2.700398073752012e-05,596.0,5.666811808652246e-08
FL-1999-000235-IRN,FL_1999_000235_IRN,5.545479e-08,0.0002512556959381,151.0,5.581026942307692e-08
FL-2000-000408-VNM,FL_2000_000408_VNM,5.56551e-08,1.0235833375797858e-06,1100.0,5.570546660633484e-08
FL-2009-000127-BEN,FL_2009_000127_BEN,5.372439e-08,6.767141202053872e-06,858.0,5.378664305909617e-08
FL-2007-000023-IDN,FL_2007_000023_IDN,5.3558132e-08,3.787166970444295e-05,535.0,5.365731372592592e-08
FL-2003-000020-MOZ,FL_2003_000020_MOZ,5.185782e-08,3.635979225956436e-05,545.0,5.1952106945454544e-08
FL-2021-000039-BDI,FL_2021_000039_BDI,4.8976794e-08,0.0004398552243045,67.0,4.965702725e-08
FL-2009-000216-ITA,FL_2009_000216_ITA,4.894283e-08,3.1947718676737226e-07,1167.0,4.8984590093856664e-08
FF-2020-000221-SOM,FF_2020_000221_SOM,4.8802235e-08,7.155856350988161e-05,407.0,4.8920687026699036e-08
FL-2005-000132-MKD,FL_2005_000132_MKD,4.865311e-08,2.3364052119320587e-06,1020.0,4.8700576448780486e-08
FL-2010-000037-HTI,FL_2010_000037_HTI,4.786537e-08,6.694739639644955e-05,421.0,4.797773002347417e-08
FL-2000-000438-KHM,FL_2000_000438_KHM,4.6934996e-08,1.343702858248583e-07,1188.0,4.697433799161778e-08
FL-1991-000009-VNM,FL_1991_000009_VNM,4.5725635e-08,4.0915812963976727e-05,516.0,4.581340013435701e-08
FL-2006-000145-GIN,FL_2006_000145_GIN,4.3549804e-08,1.438934312811007e-05,723.0,4.3609625159340656e-08
FL-2011-000067-PHL,FL_2011_000067_PHL,4.3309804e-08,0.0001376753936842,277.0,4.3463384865248225e-08
FL-2006-000041-SRB,FL_2006_000041_SRB,4.3117527e-08,6.242700716670128e-06,870.0,4.3166804173714284e-08
FL-2005-000205-PHL,FL_2005_000205_PHL,4.2835094e-08,1.564054521166306e-05,705.0,4.2895425118309864e-08
FL-1999-000548-YEM,FL_1999_000548_YEM,4.1948883e-08,0.0001345075926555,284.0,4.209403484429066e-08
FL-2008-000091-SOM,FL_2008_000091_SOM,4.1082775e-08,2.3673226253591182e-06,1018.0,4.1122934115347024e-08
FL-2012-000157-CMR,FL_2012_000157_CMR,3.9661455e-08,7.94905361021386e-06,832.0,3.970884025089606e-08
FL-2020-000128-KEN,FL_2020_000128_KEN,3.9283844e-08,0.0002148178910149,179.0,3.949734315217391e-08
FL-2015-000146-DZA,FL_2015_000146_DZA,3.7762007e-08,4.34366207101596e-05,503.0,3.783634165944882e-08
FL-2019-000087-PAK,FL_2019_000087_PAK,3.597349e-08,0.0001545247725521,253.0,3.611292213178294e-08
FL-1999-000071-MOZ,FL_1999_000071_MOZ,3.5115136e-08,0.0001617077799384,239.0,3.525905049180327e-08
FL-2021-000001-MYS,FL_2021_000001_MYS,3.4648128e-08,1.0246470478318918e-05,784.0,3.4692041977186316e-08
FL-2016-000009-IDN,FL_2016_000009_IDN,3.3986495e-08,4.56185931906882e-05,488.0,3.4055433123732255e-08
FF-2020-000006-IRN,FF_2020_000006_IRN,3.37696e-08,1.033072198680686e-05,783.0,3.3812454822335026e-08
FL-2002-000510-MEX,FL_2002_000510_MEX,3.3530185e-08,0.0001666408082736,233.0,3.36710681302521e-08
FL-2020-000054-BDI,FL_2020_000054_BDI,3.3136132e-08,4.089638945698116e-05,517.0,3.319961118007663e-08
FL-1997-000337-IND,FL_1997_000337_IND,3.2251563e-08,0.0003705435952387,88.0,3.2598354e-08
FL-2010-000259-AUS,FL_2010_000259_AUS,3.2074833e-08,2.831874083558545e-06,999.0,3.2106780044820716e-08
FL-2013-000017-PNG,FL_2013_000017_PNG,3.1866705e-08,0.0001170724663239,310.0,3.196786914285714e-08
FL-2001-000332-IND,FL_2001_000332_IND,2.9312488e-08,0.000155099623821,252.0,2.9426544373540858e-08
FL-2019-000064-SDN,FL_2019_000064_SDN,2.8585394e-08,2.0851025540868115e-06,1042.0,2.8612696191021966e-08
FL-2019-000022-IRN,FL_2019_000022_IRN,2.715159e-08,0.0005831659465899,39.0,2.776867159090909e-08
FL-2015-000169-KEN,FL_2015_000169_KEN,2.6651637e-08,7.656860683464727e-06,841.0,2.6683140117021277e-08
FL-2011-000131-GIN,FL_2011_000131_GIN,2.5789937e-08,1.0381338439986397e-06,1098.0,2.581331862919311e-08
FL-2016-000021-PAK,FL_2016_000021_PAK,2.4264626e-08,0.0002413517272608,159.0,2.4412581036585365e-08
FL-2016-000061-RUS,FL_2016_000061_RUS,2.4058965e-08,1.8226336386449736e-05,672.0,2.409450261447563e-08
FL-2011-000108-SEN,FL_2011_000108_SEN,2.368844e-08,4.546046434227636e-07,1150.0,2.3708949471861476e-08
FL-2014-000019-BDI,FL_2014_000019_BDI,2.3632685e-08,5.9261611108008585e-06,876.0,2.365950984108967e-08
FL-2013-000045-AFG,FL_2013_000045_AFG,2.322392e-08,0.0001578977434005,247.0,2.3316078412698414e-08
FL-2018-000092-MNG,FL_2018_000092_MNG,2.1137403e-08,0.0015430920890013,6.0,2.3058985090909088e-08
FL-2010-000121-DOM,FL_2010_000121_DOM,2.2885853e-08,1.0593875346507928e-05,779.0,2.291504413903061e-08
FL-2003-000080-ARG,FL_2003_000080_ARG,2.2851253e-08,1.2555846625641606e-05,747.0,2.2881640304521275e-08
FL-2017-000010-PHL,FL_2017_000010_PHL,2.1894458e-08,0.0001634551798854,235.0,2.1985684908333335e-08
FL-2019-000133-SOM,FL_2019_000133_SOM,2.1727805e-08,2.3897090113236573e-05,617.0,2.1762737162379422e-08
FF-2018-000118-LAO,FF_2018_000118_LAO,2.1459956e-08,9.080072069808134e-05,366.0,2.151779954716981e-08
FL-2008-000103-SLV,FL_2008_000103_SLV,2.1132964e-08,0.0001171849648268,308.0,2.1200481456869007e-08
FL-2004-000116-CAF,FL_2004_000116_CAF,2.0728619e-08,0.0005348347149246,53.0,2.108600898275862e-08
FL-2007-000194-GTM,FL_2007_000194_GTM,2.0360629e-08,3.650707204400658e-05,544.0,2.0397715755919853e-08
FL-2013-000108-SSD,FL_2013_000108_SSD,1.9712127e-08,0.0006012625925364,37.0,2.0181463357142855e-08
FL-1998-000359-UKR,FL_1998_000359_UKR,1.968184e-08,4.386613656184855e-06,929.0,1.9702912633832977e-08
FL-2016-000084-PHL,FL_2016_000084_PHL,1.8892198e-08,0.0006310676910591,32.0,1.9402797945945948e-08
FL-1999-000244-VNM,FL_1999_000244_VNM,1.9178891e-08,1.014153695310141e-05,790.0,1.920301539119497e-08
FL-1998-000224-SVK,FL_1998_000224_SVK,1.8045938e-08,1.9975670702665025e-05,652.0,1.8073405181126332e-08
FL-2010-000249-IND,FL_2010_000249_IND,1.7789121e-08,1.1287953388070922e-05,767.0,1.7812163902849742e-08
FL-2007-000130-CIV,FL_2007_000130_CIV,1.7077957e-08,0.0002345690387356,164.0,1.7179009999999998e-08
FL-2017-000095-GHA,FL_2017_000095_GHA,1.6858289e-08,4.228614745472563e-05,504.0,1.689140941060904e-08
FL-2012-000128-SSD,FL_2012_000128_SSD,1.6772784e-08,2.20330669425335e-06,1032.0,1.6788958333654777e-08
FL-2006-000025-PNG,FL_2006_000025_PNG,1.6398483e-08,0.0003128779470771,113.0,1.6537453194915255e-08
FL-2007-000151-TCD,FL_2007_000151_TCD,1.581126e-08,8.342757774486386e-06,822.0,1.583037881499395e-08
FL-2001-000019-MOZ,FL_2001_000019_MOZ,1.4592789e-08,7.1287421224366295e-06,849.0,1.460987657494145e-08
FL-1999-000437-KHM,FL_1999_000437_KHM,1.3691873e-08,2.8877501998117904e-07,1172.0,1.3703505857264233e-08
FL-2002-000374-IND,FL_2002_000374_IND,1.3213255e-08,0.000444756970707,66.0,1.3399357183098592e-08
FL-2020-000212-KHM,FL_2020_000212_KHM,1.3235814e-08,4.262718013554682e-06,934.0,1.3249909648562302e-08
FL-2019-000100-MLI,FL_2019_000100_MLI,1.2905728e-08,0.0003174258146907,110.0,1.301795172173913e-08
FL-2017-000054-BFA,FL_2017_000054_BFA,1.2970796e-08,7.052266772680235e-06,853.0,1.2985913477855479e-08
FL-2021-000061-MYS,FL_2021_000061_MYS,1.2354379e-08,0.000137525449443,278.0,1.2398034049469964e-08
FL-2005-000175-SDN,FL_2005_000175_SDN,1.1908786e-08,1.7979839719635948e-06,1056.0,1.1920010114985863e-08
FF-2015-000115-MKD,FF_2015_000115_MKD,1.1562506e-08,2.2086086787755457e-06,1030.0,1.1573677503381645e-08
FL-2020-000206-COD,FL_2020_000206_COD,1.1135399e-08,5.2649792746380574e-05,459.0,1.115939770474138e-08
FF-2012-000102-PHL,FF_2012_000102_PHL,1.1076603e-08,5.303598090541752e-05,458.0,1.110052654859611e-08
FL-2022-000379-MYS,FL_2022_000379_MYS,1.1011329e-08,0.0002680579710261,135.0,1.108998135e-08
FL-2006-000050-ARG,FL_2006_000050_ARG,1.093898e-08,5.501530345467563e-05,449.0,1.0963074669603522e-08
FL-2005-000129-SDN,FL_2005_000129_SDN,1.0694223e-08,2.3379276192498e-06,1019.0,1.0704666577148438e-08
FL-2008-000086-MEX,FL_2008_000086_MEX,1.051911e-08,7.165428371044518e-05,406.0,1.0544703941605841e-08
FL-1999-000053-PHL,FL_1999_000053_PHL,9.947047e-09,3.91015419830624e-05,528.0,9.965709377110695e-09
FL-2001-000227-RUS,FL_2001_000227_RUS,9.729623e-09,0.0001166926159761,312.0,9.7603158170347e-09
FL-2003-000585-MKD,FL_2003_000585_MKD,9.35021e-09,1.1140174603503911e-06,1094.0,9.358717925386716e-09
FL-2021-000023-DZA,FL_2021_000023_DZA,9.260655e-09,2.2882182143245963e-05,626.0,9.275331156893818e-09
FL-2021-000038-KEN,FL_2021_000038_KEN,9.091993e-09,6.879818418270828e-06,857.0,9.102540555684457e-09
FL-1991-000010-PHL,FL_1991_000010_PHL,8.841724e-09,0.0001003702798786,341.0,8.867278115606936e-09
FL-2007-000122-VNM,FL_2007_000122_VNM,8.7523855e-09,1.6581970821966864e-06,1061.0,8.760595992964353e-09
FL-1997-000111-ARM,FL_1997_000111_ARM,8.599279e-09,1.1821346602517075e-06,1092.0,8.607117905195988e-09
FL-2009-000140-MNG,FL_2009_000140_MNG,8.548121e-09,0.000244653464347,157.0,8.600887179012346e-09
FL-2009-000135-MEX,FL_2009_000135_MEX,8.344901e-09,0.0002130272191712,182.0,8.389526139037433e-09
FL-2012-000066-COM,FL_2012_000066_COM,8.0625355e-09,1.6245045315305617e-05,693.0,8.074086410458454e-09
FL-2018-000164-HND,FL_2018_000164_HND,7.987986e-09,5.530254818509775e-05,447.0,8.005658535398231e-09
FL-1998-000112-TZA,FL_1998_000112_TZA,7.939457e-09,0.0002201648942221,175.0,7.983565094444444e-09
FF-2021-000032-TLS,FF_2021_000032_TLS,7.630419e-09,0.0008288472780529,20.0,7.935635760000001e-09
FL-2011-000133-MEX,FL_2011_000133_MEX,7.881581e-09,4.367221018511158e-05,501.0,7.897157247035572e-09
FL-2019-000135-GHA,FL_2019_000135_GHA,7.78236e-09,5.97859528274783e-05,437.0,7.799967149321268e-09
FL-2016-000042-KEN,FL_2016_000042_KEN,7.626249e-09,1.379239459361207e-05,730.0,7.636624848979593e-09
FL-2012-000063-RUS,FL_2012_000063_RUS,7.424838e-09,7.284651126541718e-07,1118.0,7.431449609973285e-09
FL-2015-000027-CHL,FL_2015_000027_CHL,7.284944e-09,7.899464577970621e-08,1201.0,7.2909845837479265e-09
FL-2009-000208-AZE,FL_2009_000208_AZE,7.1590214e-09,9.177929795764548e-06,809.0,7.167816266584766e-09
FL-2001-000082-ZWE,FL_2001_000082_ZWE,6.8945885e-09,3.641382091619113e-06,965.0,6.901696323195877e-09
FL-2005-000182-IND,FL_2005_000182_IND,6.8610952e-09,0.00011694722987,311.0,6.882807526582279e-09
FL-2011-000106-GHA,FL_2011_000106_GHA,6.7173627e-09,4.429070312867512e-05,499.0,6.730690800595237e-09
FL-2011-000120-SDN,FL_2011_000120_SDN,6.6056693e-09,3.7597142022426025e-05,537.0,6.6178568817343185e-09
FL-2010-000089-AZE,FL_2010_000089_AZE,6.5769448e-09,4.2729828149509857e-07,1154.0,6.582619471958585e-09
FL-2011-000005-HND,FL_2011_000005_HND,6.562865e-09,3.6047094196036e-07,1160.0,6.568498360515021e-09
FL-2017-000004-THA,FL_2017_000004_THA,6.315335e-09,4.216464469146227e-05,505.0,6.3277180098039216e-09
FL-2008-000094-ZAF,FL_2008_000094_ZAF,6.0277454e-09,3.091824465174187e-05,566.0,6.0383018718038534e-09
FL-2015-000006-MWI,FL_2015_000006_MWI,5.8701786e-09,8.039487654867295e-05,382.0,5.885347020155039e-09
FL-2016-000026-PNG,FL_2016_000026_PNG,5.8291265e-09,4.82790211290708e-06,911.0,5.835490175218341e-09
FL-2022-000378-BIH,FL_2022_000378_BIH,5.743578e-09,1.2533135079508428e-07,1190.0,5.748384341422594e-09
FL-2013-000038-KEN,FL_2013_000038_KEN,5.477858e-09,1.3368349505177009e-05,736.0,5.4852505209176776e-09
FL-2021-000209-MYS,FL_2021_000209_MYS,5.471887e-09,4.4346453786084e-05,498.0,5.482765502982107e-09
FL-2020-000202-GIN,FL_2020_000202_GIN,5.1463296e-09,0.000572335802028,42.0,5.255825974468085e-09
FL-2017-000064-IND,FL_2017_000064_IND,5.15001e-09,0.0002880126541084,128.0,5.188731879699248e-09
FL-2015-000071-GEO,FL_2015_000071_GEO,5.140716e-09,1.940020720728368e-05,656.0,5.148493180030257e-09
FL-2014-000014-SYC,FL_2014_000014_SYC,4.977295e-09,0.0001943297189666,201.0,5.001456626213592e-09
FL-2006-000029-NAM,FL_2006_000029_NAM,4.985677e-09,9.300019971423312e-05,363.0,4.999225035326088e-09
FL-2005-000138-PNG,FL_2005_000138_PNG,4.94062e-09,1.5844901567536484e-05,703.0,4.947598276836159e-09
FF-2013-000088-AFG,FF_2013_000088_AFG,4.780615e-09,6.11137590239932e-07,1130.0,4.784826995594714e-09
FL-2022-000374-TTO,FL_2022_000374_TTO,4.314502e-09,3.0090570534571896e-05,574.0,4.321953644214163e-09
FL-2007-000125-PHL,FL_2007_000125_PHL,4.2845127e-09,7.892292634114592e-05,384.0,4.295526871465295e-09
FL-2020-000195-CMR,FL_2020_000195_CMR,4.128918e-09,1.5877037393023408e-05,702.0,4.134758053748232e-09
FF-2020-000138-TJK,FF_2020_000138_TJK,4.0902437e-09,0.0001338618048097,286.0,4.104299520274913e-09
FF-2013-000100-RUS,FF_2013_000100_RUS,3.9287813e-09,1.0448216797551575e-06,1097.0,3.932346437295826e-09
FL-2002-000782-MKD,FL_2002_000782_MKD,3.8263814e-09,2.420271947212126e-07,1177.0,3.829618609306261e-09
FL-2010-000194-VNM,FL_2010_000194_VNM,3.800998e-09,2.994110842072273e-06,991.0,3.804814263052209e-09
FL-2015-000105-GIN,FL_2015_000105_GIN,3.792073e-09,2.617532027097413e-06,1008.0,3.795816408687068e-09
FL-1997-000142-CZE,FL_1997_000142_CZE,3.785328e-09,5.975944583159356e-07,1133.0,3.788654298769771e-09
FL-2007-000025-FJI,FL_2007_000025_FJI,3.5885899e-09,9.52032918357347e-06,801.0,3.593042244789082e-09
FL-2020-000125-TZA,FL_2020_000125_TZA,3.575502e-09,9.4667587523884e-06,803.0,3.5799271262376235e-09
FF-2008-000233-PHL,FF_2008_000233_PHL,3.5147745e-09,0.0001063107690759,327.0,3.525361170180723e-09
FL-2013-000008-MOZ,FL_2013_000008_MOZ,3.4587484e-09,5.552814118620518e-05,445.0,3.4664345075555556e-09
FL-2015-000065-GHA,FL_2015_000065_GHA,3.3711456e-09,9.736715404183093e-06,797.0,3.3753490234413965e-09
FF-2007-000083-IND,FF_2007_000083_IND,3.159629e-09,0.0012561577646887,10.0,3.370270933333333e-09
FL-2011-000180-PAN,FL_2011_000180_PAN,3.300953e-09,2.0570927522712364e-05,646.0,3.306023588325653e-09
FL-2021-000110-YEM,FL_2021_000110_YEM,3.2891256e-09,2.421442583431761e-06,1016.0,3.292347074632713e-09
FL-2006-000130-KHM,FL_2006_000130_KHM,3.078491e-09,5.505095082198993e-07,1138.0,3.0811843429571304e-09
FL-2010-000150-MEX,FL_2010_000150_MEX,3.0625018e-09,5.243014448071851e-06,900.0,3.0658857798895026e-09
FL-2008-000154-MEX,FL_2008_000154_MEX,3.0352327e-09,0.0001296833220707,293.0,3.0454180446308726e-09
FL-2009-000166-SDN,FL_2009_000166_SDN,2.849887e-09,2.1857943371349013e-05,636.0,2.854333001560062e-09
FL-2009-000080-AFG,FL_2009_000080_AFG,2.7910574e-09,0.0002338494335214,165.0,2.8074753847058822e-09
FL-2011-000043-VCT,FL_2011_000043_VCT,2.6849525e-09,2.1676155063336453e-05,637.0,2.689134669003115e-09
FL-2008-000217-KEN,FL_2008_000217_KEN,2.6820577e-09,8.759260326279244e-06,815.0,2.6853285020731704e-09
FL-2004-000052-JPN,FL_2004_000052_JPN,2.6735867e-09,1.6793801855352672e-05,688.0,2.677444689466089e-09
FL-2003-000350-MNG,FL_2003_000350_MNG,2.6652676e-09,1.3312414213906654e-05,738.0,2.668854770390309e-09
FL-2002-000540-DZA,FL_2002_000540_DZA,2.6400515e-09,6.556761764635636e-07,1127.0,2.6423837009717313e-09
FL-2002-000367-SRB,FL_2002_000367_SRB,2.5887277e-09,7.061905673492724e-06,852.0,2.591748385764294e-09
FF-2020-000156-UKR,FF_2020_000156_UKR,2.5704219e-09,2.0748211866556544e-05,642.0,2.57439473137558e-09
FL-2022-000328-HND,FL_2022_000328_HND,2.2803426e-09,0.0001321021567095,288.0,2.288125339249147e-09
FF-2020-000123-YEM,FF_2020_000123_YEM,2.2466444e-09,0.000205843874508,189.0,2.2582250412371133e-09
FL-2019-000119-CMR,FL_2019_000119_CMR,2.2470503e-09,1.6595487666483675e-05,689.0,2.2502881246397694e-09
FL-2007-000199-THA,FL_2007_000199_THA,2.2234037e-09,8.227730690800376e-06,828.0,2.2260728521008403e-09
FL-2022-000331-SLV,FL_2022_000331_SLV,2.1750497e-09,0.0001514976423506,257.0,2.1833514164122137e-09
FL-2008-000125-SDN,FL_2008_000125_SDN,2.1600486e-09,2.7298881163926827e-05,594.0,2.1636546911519202e-09
FF-2021-000098-MNG,FF_2021_000098_MNG,2.1432565e-09,0.0002135454472537,181.0,2.154779384408602e-09
FL-2018-000419-PRY,FL_2018_000419_PRY,2.1394355e-09,0.0001134408604652,314.0,2.1461421943573664e-09
FF-2012-000196-COG,FF_2012_000196_COG,2.143602e-09,5.8003515016326935e-06,881.0,2.1460214153498877e-09
FL-2010-000174-KEN,FL_2010_000174_KEN,2.130079e-09,3.1511260057933854e-07,1168.0,2.131894924126172e-09
FL-2013-000055-UGA,FL_2013_000055_UGA,2.1099829e-09,0.0001811271649515,213.0,2.119661720642202e-09
FL-2012-000083-HND,FL_2012_000083_HND,1.9653967e-09,1.3324972087429106e-05,737.0,1.9680454826145555e-09
FL-2011-000137-VNM,FL_2011_000137_VNM,1.8784747e-09,1.7887168846204206e-05,673.0,1.881245311651917e-09
FL-2002-000020-IRN,FL_2002_000020_IRN,1.743725e-09,9.833535304474073e-05,346.0,1.7486928774928777e-09
FL-2018-000065-TJK,FL_2018_000065_TJK,1.7085717e-09,5.420494390895121e-06,894.0,1.7104722246941043e-09
FL-2006-000189-MYS,FL_2006_000189_MYS,1.6349624e-09,0.0002146604995906,180.0,1.6438000345945945e-09
FL-2021-000108-SSD,FL_2021_000108_SSD,1.6244052e-09,2.7593275733027717e-05,592.0,1.6271261467336684e-09
FL-2014-000123-SSD,FL_2014_000123_SSD,1.5663554e-09,3.8713920415529214e-05,531.0,1.5692777048507462e-09
FL-2010-000139-SDN,FL_2010_000139_SDN,1.5426146e-09,4.5843531709635584e-05,484.0,1.5457692310838446e-09
FL-2021-000084-TCD,FL_2021_000084_TCD,1.5235889e-09,1.245115122873906e-06,1088.0,1.5249828514181153e-09
FL-2023-000001-COG,FL_2023_000001_COG,1.5171928e-09,5.05892529817591e-07,1142.0,1.5185155487358328e-09
FL-2021-000005-IDN,FL_2021_000005_IDN,1.5009699e-09,0.0001332954394806,287.0,1.5061102078767121e-09
FL-2005-000062-TZA,FL_2005_000062_TZA,1.4884642e-09,9.37850534161937e-05,361.0,1.4925310420765026e-09
FL-2009-000176-MLI,FL_2009_000176_MLI,1.4508142e-09,0.0005601536522676,45.0,1.479830484e-09
FL-2012-000089-CUB,FL_2012_000089_CUB,1.4560763e-09,2.677744012544683e-06,1005.0,1.4575179597029704e-09
FL-2017-000017-PAK,FL_2017_000017_PAK,1.3435972e-09,0.0003705504123272,87.0,1.3582015173913042e-09
FL-2002-000479-CZE,FL_2002_000479_CZE,1.3542703e-09,1.0735518388357117e-07,1194.0,1.3553997998331943e-09
FL-2012-000210-MWI,FL_2012_000210_MWI,1.3298748e-09,3.4339540236868666e-05,551.0,1.3322666611510791e-09
FL-2002-000500-IRN,FL_2002_000500_IRN,1.280158e-09,0.0002043389640522,191.0,1.2866894183673468e-09
FL-2018-000120-NGA,FL_2018_000120_NGA,1.2830739e-09,2.841343533153715e-05,586.0,1.2852449218274111e-09
FL-2004-000115-PAN,FL_2004_000115_PAN,1.2731928e-09,2.5812910526361885e-05,602.0,1.2752903169686987e-09
FL-2005-000100-KGZ,FL_2005_000100_KGZ,1.2425486e-09,3.2226870568189527e-06,981.0,1.2438087912778905e-09
FF-2006-000022-TLS,FF_2006_000022_TLS,1.1931253e-09,0.0001899108796885,205.0,1.198806849047619e-09
FL-2014-000121-CMR,FL_2014_000121_CMR,1.1701877e-09,1.8314521304118743e-05,670.0,1.1719213114074073e-09
FL-2012-000172-MLI,FL_2012_000172_MLI,1.1661458e-09,3.2792197240576066e-05,556.0,1.1682244912655972e-09
FL-2005-000063-SRB,FL_2005_000063_SRB,1.0865482e-09,2.7634476849074407e-05,591.0,1.0883712674496644e-09
FL-1999-000240-SRB,FL_1999_000240_SRB,1.0583786e-09,2.761392743449239e-06,1001.0,1.0594306662027832e-09
FL-2022-000207-VEN,FL_2022_000207_VEN,1.0494944e-09,0.0003117633000618,115.0,1.0582401866666667e-09
FL-2005-000209-THA,FL_2005_000209_THA,1.0505413e-09,0.0001358918193058,280.0,1.0542274098245614e-09
FL-1998-000251-SDN,FL_1998_000251_SDN,1.0444265e-09,7.521742995844422e-07,1116.0,1.0453581917930418e-09
FL-2005-000098-BGR,FL_2005_000098_BGR,1.0093875e-09,6.614304665917201e-07,1126.0,1.010279973474801e-09
FL-2022-000286-MRT,FL_2022_000286_MRT,9.924801e-10,2.551367896663773e-05,605.0,9.941071165573768e-10
FL-2019-000162-MYS,FL_2019_000162_MYS,9.663531e-10,9.14866080324874e-05,364.0,9.689719430894308e-10
FL-2007-000217-SRB,FL_2007_000217_SRB,9.2089864e-10,1.091078767522248e-08,1213.0,9.216547144170772e-10
FL-2022-000290-SEN,FL_2022_000290_SEN,9.082022e-10,0.0002094698856647,187.0,9.129324197916666e-10
FL-2021-000091-PHL,FL_2021_000091_PHL,8.99825e-10,7.22055596978763e-05,402.0,9.020358722358723e-10
FL-2020-000011-MOZ,FL_2020_000011_MOZ,8.888782e-10,4.848224141679731e-06,910.0,8.898496515846994e-10
FL-1999-000391-MEX,FL_1999_000391_MEX,8.3390467e-10,4.154452547796796e-05,511.0,8.355207643217054e-10
FL-2000-000083-ZWE,FL_2000_000083_ZWE,8.1305845e-10,1.6226226819727612e-05,694.0,8.142216237482117e-10
FL-2022-000349-CMR,FL_2022_000349_CMR,7.888454e-10,7.532205851336891e-05,394.0,7.908224561403508e-10
FF-2016-000093-LAO,FF_2016_000093_LAO,7.760795e-10,1.7235654329267384e-05,682.0,7.772091644832606e-10
FL-2003-000316-IND,FL_2003_000316_IND,7.352626e-10,0.0001591185787286,245.0,7.382036504e-10
FL-2012-000129-SDN,FL_2012_000129_SDN,7.2918166e-10,3.940241597299826e-05,527.0,7.305523022180451e-10
FL-2010-000041-SOM,FL_2010_000041_SOM,7.0515765e-10,5.769169861327533e-05,441.0,7.067387209641255e-10
FL-2011-000084-IND,FL_2011_000084_IND,6.8615674e-10,7.180778011045598e-05,405.0,6.878302930243902e-10
FL-2021-000043-YEM,FL_2021_000043_YEM,6.5054e-10,7.690391230942395e-05,391.0,6.521827777777778e-10
FL-2016-000025-SRB,FL_2016_000025_SRB,6.291798e-10,7.743527930464461e-06,838.0,6.299261580071176e-10
FL-2009-000031-DOM,FL_2009_000031_DOM,6.1374567e-10,0.0003216728762661,106.0,6.192749102702702e-10
FL-2013-000024-MKD,FL_2013_000024_MKD,5.988955e-10,1.9155729180979405e-06,1050.0,5.994631734597156e-10
FL-2007-000022-ARG,FL_2007_000022_ARG,5.9698857e-10,1.90280376359993e-05,659.0,5.978876491716867e-10
FL-2008-000201-YEM,FL_2008_000201_YEM,5.70224e-10,4.895905293419486e-05,469.0,5.714270042194093e-10
FF-2021-000090-SDN,FF_2021_000090_SDN,5.658461e-10,3.777528684909721e-06,956.0,5.664349096774192e-10
FF-2013-000091-SDN,FF_2013_000091_SDN,5.378344e-10,1.2494575361885796e-05,751.0,5.385458211640212e-10
FL-2014-000053-TZA,FL_2014_000053_TZA,5.249673e-10,0.0002636505962684,138.0,5.286384000000001e-10
FL-2009-000034-MAR,FL_2009_000034_MAR,5.25938e-10,2.480615946986508e-06,1012.0,5.264551465093412e-10
FL-2001-000571-PRK,FL_2001_000571_PRK,5.0279253e-10,0.0001397619342302,273.0,5.046011362230216e-10
FL-2014-000030-PRY,FL_2014_000030_PRY,4.975551e-10,1.0172594031739615e-05,788.0,4.981825339218159e-10
FL-2021-000208-IRQ,FL_2021_000208_IRQ,4.779816e-10,0.0001740180953043,222.0,4.80087245814978e-10
FL-2003-000621-BOL,FL_2003_000621_BOL,4.752713e-10,4.909865809814391e-06,909.0,4.757912904814004e-10
FF-2006-000163-AFG,FF_2006_000163_AFG,4.559208e-10,4.742428007607115e-05,475.0,4.5687063500000003e-10
FL-2010-000118-GHA,FL_2010_000118_GHA,4.331861e-10,3.065115236537737e-05,568.0,4.3394209668411866e-10
FL-2008-000191-SLV,FL_2008_000191_SLV,4.2412868e-10,2.367837874379494e-07,1178.0,4.244871995942519e-10
FL-2005-000001-CRI,FL_2005_000001_CRI,4.197583e-10,2.165505309138771e-06,1036.0,4.2016152603266085e-10
FF-2022-000209-AFG,FF_2022_000209_AFG,4.1847825e-10,6.399585888760896e-05,430.0,4.194402689655172e-10
FL-2007-000139-KEN,FL_2007_000139_KEN,4.1621856e-10,3.609354756436288e-06,967.0,4.166467683950617e-10
FL-2022-000332-BEN,FL_2022_000332_BEN,4.0086862e-10,0.0001206140913019,302.0,4.021743809771987e-10
FL-2008-000191-HND,FL_2008_000191_HND,3.9201126e-10,0.0002405276605289,160.0,3.9438708581818183e-10
FL-2017-000088-SDN,FL_2017_000088_SDN,3.7596223e-10,2.522231846386574e-05,609.0,3.765745463355049e-10
FL-2013-000104-MLI,FL_2013_000104_MLI,3.6690362e-10,0.0002285457724113,168.0,3.690244501734104e-10
FL-2015-000018-PNG,FL_2015_000018_PNG,3.5949863e-10,3.686761768049017e-05,542.0,3.601558487020109e-10
FF-2006-000039-YEM,FF_2006_000039_YEM,3.5434514e-10,6.719247394465902e-06,861.0,3.5475431452655887e-10
FL-2013-000103-YEM,FL_2013_000103_YEM,3.3381764e-10,7.391529437190413e-05,399.0,3.3464392128712874e-10
FL-2001-000521-TCD,FL_2001_000521_TCD,3.3139408e-10,0.0002041627685988,192.0,3.3307628345177664e-10
FL-2022-000213-IND,FL_2022_000213_IND,3.3075154e-10,1.5530683795358246e-05,707.0,3.3121607867977526e-10
FF-2014-000009-TZA,FF_2014_000009_TZA,3.2835204e-10,3.05884325912189e-05,570.0,3.2892308702608697e-10
FL-1998-000213-KGZ,FL_1998_000213_KGZ,3.0998057e-10,1.471595348478636e-05,716.0,3.1041050144244104e-10
FL-2020-000193-SSD,FL_2020_000193_SSD,3.0566819e-10,5.546023117874284e-05,446.0,3.06345946518847e-10
FL-2006-000124-UGA,FL_2006_000124_UGA,2.9632116e-10,4.322504882802718e-06,931.0,2.9663774243589743e-10
FL-1997-000143-POL,FL_1997_000143_POL,2.9363573e-10,3.4474670355906605e-08,1210.0,2.938774054979424e-10
FL-2002-000478-PRK,FL_2002_000478_PRK,2.9038727e-10,0.0002922667186571,125.0,2.9262101823076925e-10
FL-2021-000050-AFG,FL_2021_000050_AFG,2.9041683e-10,1.1531185217646005e-05,763.0,2.907949769140625e-10
FL-2013-000020-BOL,FL_2013_000020_BOL,2.803584e-10,9.392533635995075e-06,808.0,2.8070324428044283e-10
FL-2018-000014-ARG,FL_2018_000014_ARG,2.7697897e-10,2.6932295755417107e-05,597.0,2.7743906795681066e-10
FL-2022-000365-PAN,FL_2022_000365_PAN,2.7173142e-10,3.055288468927286e-05,571.0,2.722031759375e-10
FL-2004-000059-AFG,FL_2004_000059_AFG,2.6138994e-10,1.1457479790115233e-05,765.0,2.617294074545455e-10
FL-2009-000045-BOL,FL_2009_000045_BOL,2.583546e-10,4.946445775050313e-05,467.0,2.58901961440678e-10
FL-2001-000417-SDN,FL_2001_000417_SDN,2.4688046e-10,6.58333087972352e-06,863.0,2.4716488449308754e-10
FL-2016-000072-SDN,FL_2016_000072_SDN,2.420496e-10,1.3575914979273969e-05,733.0,2.4237758048780487e-10
FL-2005-000048-AFG,FL_2005_000048_AFG,2.412875e-10,2.593843845448779e-07,1174.0,2.4149215436810856e-10
FF-2008-000092-KEN,FF_2008_000092_KEN,2.2955621e-10,1.894028168418886e-05,661.0,2.29900888993994e-10
FF-2011-000143-SSD,FF_2011_000143_SSD,2.2656607e-10,5.2350239007351405e-06,901.0,2.2681614292494479e-10
FL-2022-000333-THA,FL_2022_000333_THA,2.2610973e-10,9.458100423854392e-05,358.0,2.267326218181818e-10
FF-2014-000060-AFG,FF_2014_000060_AFG,2.2303022e-10,1.849332963908979e-05,667.0,2.2336211020833335e-10
FF-2009-000201-PHL,FF_2009_000201_PHL,2.1447098e-10,0.0008232538013958,21.0,2.2271986384615387e-10
FL-1999-000213-IND,FL_1999_000213_IND,2.2001771e-10,0.0001982278526617,199.0,2.210962281862745e-10
FL-2016-000071-LBR,FL_2016_000071_LBR,2.1721189e-10,0.0002237799807205,171.0,2.184460484659091e-10
FL-2012-000169-SEN,FL_2012_000169_SEN,2.1110393e-10,5.399600154420183e-05,452.0,2.115658642013129e-10
FL-2020-000164-IND,FL_2020_000164_IND,2.1014249e-10,6.614086124676458e-05,424.0,2.1063233263403262e-10
FL-1999-000413-CAF,FL_1999_000413_CAF,2.0668466e-10,0.0004630922995026,63.0,2.0972414029411765e-10
FL-2010-000195-MLI,FL_2010_000195_MLI,2.0335819e-10,4.938139121605449e-07,1144.0,2.035351771105309e-10
FL-2016-000097-PRK,FL_2016_000097_PRK,1.9741364e-10,0.0001502163570435,260.0,1.9815859713207546e-10
FL-2008-000250-THA,FL_2008_000250_THA,1.9736114e-10,2.0441566558301192e-05,647.0,1.9766384113496933e-10
FL-2009-000164-SEN,FL_2009_000164_SEN,1.9072094e-10,5.952102819005128e-06,875.0,1.9093766834090909e-10
FL-2006-000120-BFA,FL_2006_000120_BFA,1.6327187e-10,2.2639954976405677e-07,1181.0,1.63409535994941e-10
FL-2014-000098-SDN,FL_2014_000098_SDN,1.5950576e-10,1.0699165077364334e-05,777.0,1.597097315601023e-10
FL-2011-000091-BEN,FL_2011_000091_BEN,1.553192e-10,5.931803223910468e-05,438.0,1.5566980767494354e-10
FL-2007-000003-PHL,FL_2007_000003_PHL,1.4869943e-10,0.0003024987680024,118.0,1.4990836845528454e-10
FL-2019-000156-DJI,FL_2019_000156_DJI,1.400525e-10,0.0007776733865176,23.0,1.45054375e-10
FL-2009-000226-PRY,FL_2009_000226_PRY,1.3720224e-10,0.0001205767363572,303.0,1.3764770181818181e-10
FL-2006-000027-IDN,FL_2006_000027_IDN,1.3609112e-10,0.0003409496012283,99.0,1.3739968846153844e-10
FL-2019-000145-TZA,FL_2019_000145_TZA,1.2269319e-10,0.0001451030029572,264.0,1.2314929851301114e-10
FL-2002-000242-AFG,FL_2002_000242_AFG,1.1649252e-10,6.886610713587847e-07,1122.0,1.165958851464064e-10
FL-2010-000251-CRI,FL_2010_000251_CRI,1.0635435e-10,1.7180986807549013e-05,684.0,1.0650871044992743e-10
FL-2014-000005-IDN,FL_2014_000005_IDN,1.0604031e-10,2.2083938698067235e-06,1031.0,1.0614266551158301e-10
FL-2019-000118-SEN,FL_2019_000118_SEN,9.832568e-11,2.8658011856452563e-05,583.0,9.84929005442177e-11
FL-2011-000164-CAF,FL_2011_000164_CAF,9.8365836e-11,1.0165641464377636e-05,789.0,9.848972244332494e-11
SS-2007-000063-MDV,SS_2007_000063_MDV,9.188513e-11,6.4130105613380914e-06,867.0,9.199050285550458e-11
FL-1999-000259-KHM,FL_1999_000259_KHM,9.179158e-11,1.2200215088752886e-05,756.0,9.191219968462549e-11
FL-2008-000117-ROM,FL_2008_000117_ROM,8.827558e-11,8.049107438631916e-08,1200.0,8.834883774273858e-11
FL-2005-000157-MDA,FL_2005_000157_MDA,8.81561e-11,9.633993034819004e-08,1197.0,8.82294411813644e-11
FL-2006-000045-HUN,FL_2006_000045_HUN,8.807943e-11,6.857311658927432e-08,1202.0,8.815240384424193e-11
FL-2003-000227-CHN,FL_2003_000227_CHN,8.758164e-11,5.426757662139233e-06,893.0,8.767916966592428e-11
FL-2003-000012-BOL,FL_2003_000012_BOL,8.7161896e-11,5.2659414856351225e-06,898.0,8.725842080177187e-11
FL-2018-000134-IND,FL_2018_000134_IND,8.691653e-11,3.461381633207384e-05,550.0,8.707313636036036e-11
FL-2017-000012-MOZ,FL_2017_000012_MOZ,8.116704e-11,1.4236128279031424e-05,724.0,8.127838024691358e-11
FL-2007-000127-MRT,FL_2007_000127_MRT,7.822128e-11,0.0001848312149273,208.0,7.858851605633804e-11
FL-2018-000015-BOL,FL_2018_000015_BOL,7.8474116e-11,1.2183398259198484e-05,757.0,7.857710040419947e-11
FL-2021-000129-VEN,FL_2021_000129_VEN,7.7453106e-11,0.0003134917069894,112.0,7.811509835897436e-11
FL-2013-000112-CAF,FL_2013_000112_CAF,7.738317e-11,0.0001058598715365,328.0,7.761555189189189e-11
FL-1997-000022-BOL,FL_1997_000022_BOL,6.337912e-11,2.6226220478370385e-06,1007.0,6.344174758893282e-11
FL-2011-000204-PHL,FL_2011_000204_PHL,5.9376205e-11,0.000105684528791,330.0,5.955344740298507e-11
FL-2017-000137-SSD,FL_2017_000137_SSD,5.4379178e-11,0.0001051848653607,331.0,5.454102079166667e-11
FL-2007-000141-NGA,FL_2007_000141_NGA,5.2192223e-11,9.81726058789269e-06,795.0,5.2257463278749997e-11
FL-2006-000056-AFG,FL_2006_000056_AFG,4.8642316e-11,5.46304586277697e-06,892.0,4.8696543777034564e-11
FL-2018-000194-TTO,FL_2018_000194_TTO,4.8292845e-11,1.0239038934707426e-05,785.0,4.835397518354431e-11
FL-2013-000028-NAM,FL_2013_000028_NAM,4.715648e-11,0.0002934734200671,123.0,4.752489e-11
FL-2010-000012-EGY,FL_2010_000012_EGY,4.558255e-11,5.754955299737983e-06,882.0,4.563393957158963e-11
FL-2019-000058-TJK,FL_2019_000058_TJK,4.4027563e-11,1.2289471101820774e-05,754.0,4.408557032938076e-11
FL-1997-000301-UGA,FL_1997_000301_UGA,4.3959215e-11,1.951313546758596e-06,1049.0,4.400092203510437e-11
FF-2020-000153-BIH,FF_2020_000153_BIH,4.270433e-11,4.5207367708102224e-05,492.0,4.279025420523138e-11
FL-2006-000030-SRB,FL_2006_000030_SRB,4.168574e-11,2.0250934625175133e-05,650.0,4.1749382351145036e-11
FL-2014-000089-IND,FL_2014_000089_IND,4.08728e-11,0.0002490880562464,152.0,4.113313630573248e-11
FL-2007-000159-RWA,FL_2007_000159_RWA,3.843355e-11,5.628397217944038e-06,887.0,3.8476636939461885e-11
FL-2015-000106-BFA,FL_2015_000106_BFA,3.466457e-11,8.354536690409382e-06,821.0,3.470653679176755e-11
FL-2001-000029-BOL,FL_2001_000029_BOL,3.442239e-11,7.811220187596258e-07,1113.0,3.445317925760286e-11
FL-1997-000026-MOZ,FL_1997_000026_MOZ,3.4164102e-11,8.244526388465373e-06,826.0,3.4205214036101083e-11
FL-2021-000153-UGA,FL_2021_000153_UGA,3.347924e-11,6.401874798929539e-06,868.0,3.351758964490263e-11
FF-2008-000186-COD,FF_2008_000186_COD,3.1564317e-11,1.90710676553808e-06,1052.0,3.1594179173131506e-11
FL-2003-000293-TLS,FL_2003_000293_TLS,2.7853643e-11,5.9698151360272345e-06,874.0,2.7885330875995448e-11
FL-2022-000002-IRN,FL_2022_000002_IRN,2.7768763e-11,3.819285933821545e-06,953.0,2.7797749182672237e-11
FL-2007-000126-PRK,FL_2007_000126_PRK,2.7506268e-11,0.0003056684085609,117.0,2.7731729213114752e-11
FF-2008-000063-PHL,FF_2008_000063_PHL,2.7453827e-11,0.0003245637253776,104.0,2.7705696972477062e-11
FL-2015-000055-TJK,FL_2015_000055_TJK,2.7566763e-11,3.483872353440239e-05,547.0,2.7616702788043476e-11
FL-2012-000191-HTI,FL_2012_000191_HTI,2.6732075e-11,0.0001701331458689,228.0,2.684680493562232e-11
FL-1995-000012-PHL,FL_1995_000012_PHL,2.6730469e-11,8.422872501176889e-05,375.0,2.6800812339473683e-11
FL-2019-000067-UGA,FL_2019_000067_UGA,2.5030878e-11,0.001073458231334,13.0,2.6421482333333334e-11
FL-2014-000070-LKA,FL_2014_000070_LKA,2.5482028e-11,1.615275390522149e-05,695.0,2.5518430897142855e-11
FL-2019-000034-BOL,FL_2019_000034_BOL,2.3498026e-11,7.94045124232435e-06,833.0,2.3526066603818617e-11
FL-2011-000115-KEN,FL_2011_000115_KEN,2.3068412e-11,2.464183253777649e-05,611.0,2.310586072077922e-11
FL-2015-000085-VEN,FL_2015_000085_VEN,2.285681e-11,4.93860171865569e-05,468.0,2.2905133065539113e-11
FL-2021-000145-BEN,FL_2021_000145_BEN,2.0250173e-11,9.63688324464399e-05,351.0,2.030705550842697e-11
FL-2008-000069-CHL,FL_2008_000069_CHL,2.0172104e-11,1.0254555269065078e-06,1099.0,2.019037583333333e-11
FL-2016-000060-IND,FL_2016_000060_IND,1.832804e-11,0.0002395193889215,161.0,1.8438449879518074e-11
FL-2010-000072-RUS,FL_2010_000072_RUS,1.8272496e-11,2.913254839432958e-05,579.0,1.8303784520547943e-11
FF-2020-000158-SRB,FF_2020_000158_SRB,1.7293741e-11,2.2172252577098366e-06,1029.0,1.7310466088007736e-11
FL-2011-000129-MLI,FL_2011_000129_MLI,1.717832e-11,3.975336515128866e-05,524.0,1.7210793194706994e-11
FL-2019-000153-COD,FL_2019_000153_COD,1.6421803e-11,1.255351352741985e-05,748.0,1.6443611503320052e-11
FL-2009-000248-URY,FL_2009_000248_URY,1.5422746e-11,2.490963060053845e-05,610.0,1.544782363577236e-11
FL-2022-000292-LAO,FL_2022_000292_LAO,1.5197154e-11,0.0002263817393632,170.0,1.528399488e-11
FL-2015-000024-ARG,FL_2015_000024_ARG,1.5149331e-11,4.983004338243214e-05,464.0,1.5181632345415778e-11
FF-2005-000072-TJK,FF_2005_000072_TJK,1.4812969e-11,1.4075655210113448e-05,725.0,1.4833260738356165e-11
FL-2012-000005-BOL,FL_2012_000005_BOL,1.4549616e-11,4.818856540692982e-07,1147.0,1.4562245875e-11
FL-2022-000287-TCD,FL_2022_000287_TCD,1.3775198e-11,0.0002958621937589,122.0,1.3883664125984252e-11
FL-2010-000036-CYP,FL_2010_000036_CYP,1.3662439e-11,3.259538202237611e-06,979.0,1.3676323592479675e-11
FL-1991-000011-CHN,FL_1991_000011_CHN,1.32270705e-11,8.205968670879681e-06,829.0,1.3242930296762589e-11
FL-2003-000455-NGA,FL_2003_000455_NGA,1.3025763e-11,6.882510189179526e-07,1123.0,1.3037310662234041e-11
FL-2019-000103-LAO,FL_2019_000103_LAO,1.2574328e-11,2.0687580526643504e-05,645.0,1.259367312e-11
FL-2005-000171-SLV,FL_2005_000171_SLV,1.0878846e-11,2.148120244667007e-06,1037.0,1.0889286351247599e-11
FL-2003-000273-TJK,FL_2003_000273_TJK,9.7900065e-12,0.0005746938649057,40.0,1.00075622e-11
FL-2005-000065-GEO,FL_2005_000065_GEO,8.563292e-12,5.529534769127356e-06,891.0,8.572849245535714e-12
FL-2009-000247-MYS,FL_2009_000247_MYS,7.700123e-12,0.0001995628542526,197.0,7.738242420792079e-12
FL-2008-000010-BRA,FL_2008_000010_BRA,7.723113e-12,1.375968829490812e-05,731.0,7.733606360054348e-12
FL-2006-000068-CHN,FL_2006_000068_CHN,6.873775e-12,4.666673396845348e-06,919.0,6.8812141504329e-12
FL-2020-000132-UGA,FL_2020_000132_UGA,6.6564835e-12,9.81684497380704e-06,796.0,6.664793716604245e-12
FF-2010-000094-HUN,FF_2010_000094_HUN,6.4450455e-12,1.8818329314859852e-10,1219.0,6.4503110600490194e-12
FL-2018-000140-MLI,FL_2018_000140_MLI,5.933809e-12,9.519466248789204e-05,355.0,5.9502918027777774e-12
FL-2015-000155-NGA,FL_2015_000155_NGA,5.901854e-12,2.256864848791249e-05,631.0,5.911133644654088e-12
FL-2005-000094-AFG,FL_2005_000094_AFG,5.5845038e-12,1.600528323003326e-05,700.0,5.592425081985814e-12
FL-2013-000101-LAO,FL_2013_000101_LAO,5.574397e-12,2.2783431105025784e-05,628.0,5.583203314375988e-12
FL-2002-000475-TJK,FL_2002_000475_TJK,5.4367648e-12,1.1992034387987155e-06,1091.0,5.441725351824818e-12
FL-2022-000217-BGD,FL_2022_000217_BGD,5.2712053e-12,2.2617150644792465e-06,1025.0,5.276322975048544e-12
FL-2015-000081-PHL,FL_2015_000081_PHL,5.0581054e-12,2.38758597640763e-05,618.0,5.066224349277689e-12
FL-2000-000048-BWA,FL_2000_000048_BWA,4.9713077e-12,1.1297735029784601e-07,1192.0,4.9754608392648286e-12
FL-2020-000019-MDG,FL_2020_000019_MDG,4.9280124e-12,0.0002760429618272,131.0,4.964247785294118e-12
FL-1999-000350-CRI,FL_1999_000350_CRI,4.8506615e-12,4.737098475339779e-05,477.0,4.860725113070539e-12
FL-2007-000093-SDN,FL_2007_000093_SDN,4.703465e-12,1.8839459101604136e-05,665.0,4.710485097014925e-12
FL-2005-000196-LKA,FL_2005_000196_LKA,4.4464562e-12,3.840232508263187e-05,532.0,4.454736379143389e-12
FL-2022-000312-BGR,FL_2022_000312_BGR,4.3463657e-12,8.134663510704909e-07,1111.0,4.3502602929211465e-12
FL-2007-000177-SLE,FL_2007_000177_SLE,4.22829e-12,8.078227440566838e-05,381.0,4.239244119170985e-12
FL-2005-000111-ROM,FL_2005_000111_ROM,4.155101e-12,6.117284059891709e-07,1129.0,4.158765110229277e-12
FL-2002-000536-MMR,FL_2002_000536_MMR,4.147676e-12,1.3458363250152172e-06,1079.0,4.151502269372694e-12
FF-2013-000118-BEN,FF_2013_000118_BEN,4.0650027e-12,2.5949978848680108e-05,600.0,4.071721712727273e-12
FL-2007-000077-CHN,FL_2007_000077_CHN,3.6030783e-12,3.868635448642931e-06,951.0,3.6068472103556483e-12
FL-2008-000102-CIV,FL_2008_000102_CIV,3.3852417e-12,0.0001987473019397,198.0,3.401917767487685e-12
FL-2006-000057-SUR,FL_2006_000057_SUR,3.0272022e-12,4.63108596119879e-06,921.0,3.0304713168466524e-12
FF-2017-000122-CMR,FF_2017_000122_CMR,2.9939798e-12,5.342991478374784e-05,456.0,3.0004743331887202e-12
FL-1997-000025-MWI,FL_1997_000025_MWI,2.7988855e-12,2.5335442632964075e-05,608.0,2.8034513817292e-12
FL-2007-000149-CMR,FL_2007_000149_CMR,2.7506161e-12,3.320127640127106e-05,554.0,2.755536701252236e-12
FL-2008-000191-CRI,FL_2008_000191_CRI,2.5820813e-12,4.144747299994015e-05,512.0,2.5870756545454546e-12
FL-2021-000068-SUR,FL_2021_000068_SUR,2.5148661e-12,0.0001177193289095,305.0,2.5229785712903226e-12
FL-1999-000265-TCD,FL_1999_000265_TCD,2.3899522e-12,6.197551687663051e-05,433.0,2.3954087118721463e-12
FL-2006-000065-TZA,FL_2006_000065_TZA,2.1587803e-12,4.717359641214896e-05,478.0,2.163249824430642e-12
FL-2006-000164-TZA,FL_2006_000164_TZA,2.1143714e-12,0.0001171949365126,307.0,2.1211482314102562e-12
FL-2011-000022-AFG,FL_2011_000022_AFG,2.0936564e-12,0.0001284653353113,294.0,2.100658595317726e-12
FL-2005-000081-CHN,FL_2005_000081_CHN,2.0865232e-12,1.670448602628857e-06,1060.0,2.088482376713615e-12
FL-2002-000445-VEN,FL_2002_000445_VEN,2.060562e-12,7.114207098132502e-05,409.0,2.0655392028985508e-12
FL-2006-000091-PRK,FL_2006_000091_PRK,1.9642736e-12,2.0254034968997197e-05,649.0,1.9672770764525994e-12
FL-2011-000020-BOL,FL_2011_000020_BOL,1.9053951e-12,7.228664974232351e-06,847.0,1.907631479225352e-12
FL-2018-000046-RUS,FL_2018_000046_RUS,1.8979401e-12,0.0001748742172697,220.0,1.9063753893333335e-12
FL-2007-000054-AFG,FL_2007_000054_AFG,1.8419704e-12,0.0003209059756744,107.0,1.8584165642857142e-12
FL-2010-000208-RUS,FL_2010_000208_RUS,1.8511596e-12,5.717527515043744e-06,885.0,1.8532395546067417e-12
FL-2012-000123-PRK,FL_2012_000123_PRK,1.7605174e-12,9.393835639624737e-06,807.0,1.7626855248768473e-12
FL-2008-000079-LKA,FL_2008_000079_LKA,1.7512554e-12,5.719874523490077e-05,443.0,1.7551644522321428e-12
FL-2002-000614-LAO,FL_2002_000614_LAO,1.7100529e-12,1.123289595570111e-05,770.0,1.7122594198709677e-12
FL-2009-000010-FJI,FL_2009_000010_FJI,1.7037535e-12,1.2968978860557626e-05,742.0,1.706034294511379e-12
FL-2006-000123-SDN,FL_2006_000123_SDN,1.6341072e-12,5.3632339929276944e-06,895.0,1.6359228746666666e-12
FL-2011-000021-MYS,FL_2011_000021_MYS,1.5686293e-12,2.353197739818212e-05,619.0,1.5711431290064102e-12
FF-2014-000059-SRB,FF_2014_000059_SRB,1.5359337e-12,0.0003526159327058,97.0,1.5509918735294117e-12
FF-2022-000274-IRN,FF_2022_000274_IRN,1.475665e-12,2.7160142038028224e-05,595.0,1.4781244416666668e-12
FL-1997-000144-CHN,FL_1997_000144_CHN,1.4573386e-12,9.989759488178588e-06,793.0,1.4591648388471177e-12
FL-2008-000095-SUR,FL_2008_000095_SUR,1.3470628e-12,0.0002432333380543,158.0,1.3553269889570551e-12
FL-2012-000200-BFA,FL_2012_000200_BFA,1.1536873e-12,5.712014729591115e-07,1135.0,1.1546993064035086e-12
FL-2019-000171-LKA,FL_2019_000171_LKA,1.126027e-12,3.1950661503598814e-06,983.0,1.1271667034412956e-12
FL-2010-000219-PHL,FL_2010_000219_PHL,1.0738364e-12,1.6548769870571083e-06,1062.0,1.0748428071227742e-12
FL-2020-000192-TCD,FL_2020_000192_TCD,9.956083e-13,2.5385897823849312e-05,607.0,9.972351109477125e-13
FL-1998-000203-BGD,FL_1998_000203_BGD,8.854503e-13,4.479225348451926e-06,925.0,8.864023970967741e-13
FL-2009-000240-PAN,FL_2009_000240_PAN,8.8241166e-13,1.453266306287211e-05,717.0,8.836338368144045e-13
FF-2012-000101-GAB,FF_2012_000101_GAB,8.6278597e-13,1.5779954851043196e-05,704.0,8.64002875458392e-13
FL-1997-000097-AFG,FL_1997_000097_AFG,8.5789053e-13,2.5082117433538064e-06,1011.0,8.587349104429134e-13
FL-2005-000139-SLE,FL_2005_000139_SLE,8.3367503e-13,1.7666124656166505e-07,1184.0,8.343761864592094e-13
FL-2019-000048-TZA,FL_2019_000048_TZA,7.321293e-13,4.0129932199737775e-06,944.0,7.329007744994731e-13
FL-2014-000008-BOL,FL_2014_000008_BOL,7.3047227e-13,2.1399944804885954e-06,1038.0,7.311726269223394e-13
FL-1999-000324-HND,FL_1999_000324_HND,7.2624757e-13,7.36244197701859e-05,400.0,7.280407738765433e-13
FL-2004-000043-IND,FL_2004_000043_IND,6.477934e-13,1.872806594654319e-06,1053.0,6.484056810964082e-13
FL-2008-000024-PHL,FL_2008_000024_PHL,6.456724e-13,0.0001082544957561,322.0,6.476469333333333e-13
FL-2010-000240-VEN,FL_2010_000240_VEN,6.229144e-13,3.2350750911538272e-06,980.0,6.235468004060914e-13
FL-2000-000130-BOL,FL_2000_000130_BOL,5.1865977e-13,2.461676558900217e-06,1015.0,5.191682599705882e-13
FL-2005-000150-NGA,FL_2005_000150_NGA,4.7015224e-13,3.841841650532409e-06,952.0,4.706435171577847e-13
FL-2014-000054-TJK,FL_2014_000054_TJK,4.4190622e-13,1.5340925996345553e-05,712.0,4.425225466666667e-13
FL-2007-000210-PHL,FL_2007_000210_PHL,4.3100335e-13,8.521069808710813e-05,374.0,4.32140562005277e-13
FL-2022-000275-UGA,FL_2022_000275_UGA,4.3141497e-13,2.462667577284605e-06,1014.0,4.3183834092247297e-13
FL-2004-000055-TJK,FL_2004_000055_TJK,4.2992915e-13,3.693895182733435e-05,541.0,4.30716566025641e-13
FL-2006-000013-MWI,FL_2006_000013_MWI,4.169651e-13,0.0001407230918421,269.0,4.184868704379562e-13
FL-2020-000176-SDN,FL_2020_000176_SDN,3.7110522e-13,0.0001804406565057,215.0,3.7279206190909093e-13
FL-2012-000054-HTI,FL_2012_000054_HTI,3.630056e-13,3.0756554715341324e-05,567.0,3.6364022517482514e-13
FL-2010-000153-PRK,FL_2010_000153_PRK,3.323307e-13,0.0003789856074398,85.0,3.360232633333333e-13
ST-2010-000085-CHN,ST_2010_000085_CHN,3.2951699e-13,4.026112502216345e-05,522.0,3.3014225943074006e-13
FL-2021-000126-MYS,FL_2021_000126_MYS,2.9353153e-13,0.0004732771154132,60.0,2.9804739969230763e-13
FL-2009-000122-IND,FL_2009_000122_IND,2.867818e-13,0.0001806578313979,214.0,2.8809130593607303e-13
FL-2005-000169-FJI,FL_2005_000169_FJI,2.6601022e-13,4.121440003715725e-06,939.0,2.6629201048728814e-13
FL-2012-000050-AFG,FL_2012_000050_AFG,2.5858634e-13,1.3501128807486516e-05,734.0,2.5893625385656296e-13
FL-2009-000095-TJK,FL_2009_000095_TJK,2.3790299e-13,1.2220181416980688e-05,755.0,2.3821602025e-13
FL-2010-000119-PAN,FL_2010_000119_PAN,2.288009e-13,4.475582989505063e-05,494.0,2.2925941883767533e-13
FL-2017-000126-NGA,FL_2017_000126_NGA,2.2795814e-13,0.0001107421952851,316.0,2.286682899688473e-13
FL-2008-000232-CRI,FL_2008_000232_CRI,2.210937e-13,0.0001631512757227,236.0,2.2201110124481328e-13
FL-2001-000095-HUN,FL_2001_000095_HUN,2.1765802e-13,3.1910098232730184e-06,984.0,2.178780988877654e-13
FL-2001-000096-UKR,FL_2001_000096_UKR,2.1765802e-13,1.9125432862343342e-06,1051.0,2.1786413554924244e-13
FL-2001-000079-ROM,FL_2001_000079_ROM,2.1765802e-13,8.816128585231211e-07,1106.0,2.178539318091809e-13
FL-2017-000079-TJK,FL_2017_000079_TJK,2.1040938e-13,0.0003765947683449,86.0,2.1272157098901098e-13
FL-2009-000123-BGD,FL_2009_000123_BGD,2.0463893e-13,6.341326519078654e-06,869.0,2.0487307065217393e-13
FL-2008-000054-THA,FL_2008_000054_THA,1.9394573e-13,3.3963732390301194e-06,974.0,1.9414383595505617e-13
FL-2006-000086-CHL,FL_2006_000086_CHL,1.79054e-13,4.965225177699191e-07,1143.0,1.7920997038327525e-13
FL-2017-000160-HND,FL_2017_000160_HND,1.2763934e-13,6.045325883213322e-06,873.0,1.2778471510250567e-13
FL-2002-000054-IDN,FL_2002_000054_IDN,1.170887e-13,0.0001242633009821,297.0,1.174764109271523e-13
FL-2022-000348-CRI,FL_2022_000348_CRI,1.0992664e-13,0.000107836818993,323.0,1.1026178219512194e-13
FL-2010-000127-AFG,FL_2010_000127_AFG,1.09140195e-13,9.595215014558353e-05,354.0,1.0944420668523677e-13
FL-2013-000081-PRK,FL_2013_000081_PRK,1.01857663e-13,0.0002103173068229,185.0,1.023937559631579e-13
FL-2002-000808-MWI,FL_2002_000808_MWI,9.879859e-14,0.0001339971745785,285.0,9.913927479310344e-14
FL-2009-000251-SAU,FL_2009_000251_SAU,8.982473e-14,8.851021268371074e-05,370.0,9.006426261333332e-14
FL-2015-000131-SLE,FL_2015_000131_SLE,8.642214e-14,0.0001348772696213,281.0,8.672431531468532e-14
FL-2005-000104-IND,FL_2005_000104_IND,8.568564e-14,0.0002390977005559,162.0,8.619872766467066e-14
FL-2014-000045-SLB,FL_2014_000045_SLB,6.367514e-14,9.77508019030167e-05,348.0,6.385552283286118e-14
FL-1999-000229-TJK,FL_1999_000229_TJK,6.334091e-14,4.370554019959305e-05,500.0,6.346633754455446e-14
FL-2012-000205-LKA,FL_2012_000205_LKA,6.191328e-14,3.672051580507413e-06,962.0,6.197730614270942e-14
FL-2016-000054-HTI,FL_2016_000054_HTI,5.882685e-14,1.0929023778165758e-05,773.0,5.890246291773779e-14
FL-2011-000096-PRK,FL_2011_000096_PRK,4.85623e-14,2.323558980341785e-06,1022.0,4.860958558909445e-14
FF-2011-000066-TJK,FF_2011_000066_TJK,4.475639e-14,0.0001453705970568,262.0,4.4924016928838955e-14
FL-2006-000171-HTI,FL_2006_000171_HTI,3.7665183e-14,5.801431366800776e-05,440.0,3.774982386067416e-14
FL-2022-000271-NGA,FL_2022_000271_NGA,3.7295945e-14,1.3200192903304931e-05,740.0,3.734600667114094e-14
FL-2009-000190-TUR,FL_2009_000190_TUR,3.629034e-14,2.397748357938512e-05,616.0,3.6348778550724633e-14
FL-2009-000121-CZE,FL_2009_000121_CZE,3.270195e-14,1.5897307189691436e-06,1066.0,3.273248403361344e-14
FL-2000-000191-HUN,FL_2000_000191_HUN,3.182858e-14,2.979704545384332e-07,1171.0,3.1855645119047615e-14
FL-2000-000255-ARG,FL_2000_000255_ARG,3.1407518e-14,6.203985834802623e-06,871.0,3.144337133105023e-14
FL-2007-000138-UGA,FL_2007_000138_UGA,2.8418414e-14,0.0004185012664303,72.0,2.878748431168831e-14
FL-2022-000277-SDN,FL_2022_000277_SDN,2.7026014e-14,0.0001083294420123,321.0,2.7108915883435584e-14
FL-2020-000161-BGD,FL_2020_000161_BGD,2.6830253e-14,7.239448478547306e-06,845.0,2.6861818003529414e-14
FF-2007-000049-TJK,FF_2007_000049_TJK,2.51857e-14,0.000107676786396,324.0,2.526225227963526e-14
FF-2019-000054-YEM,FF_2019_000054_YEM,2.1516438e-14,2.305811640376255e-05,622.0,2.1550754488038278e-14
FL-2019-000009-ARG,FL_2019_000009_ARG,2.0497613e-14,0.0003845173687267,83.0,2.0730540420454546e-14
FL-2005-000137-CAF,FL_2005_000137_CAF,1.8314438e-14,0.0005213272628834,55.0,1.8619678633333332e-14
FL-1999-000031-LKA,FL_1999_000031_LKA,1.8314052e-14,5.658700704974584e-06,886.0,1.8334606491582494e-14
FL-2011-000051-RWA,FL_2011_000051_RWA,1.8292358e-14,2.9623514408713625e-06,994.0,1.831066866866867e-14
FL-2009-000136-BIH,FL_2009_000136_BIH,1.8120764e-14,9.603112315592705e-09,1214.0,1.8135629269893357e-14
FL-2002-000482-RUS,FL_2002_000482_RUS,1.7890691e-14,9.007725590480406e-05,368.0,1.793865531903485e-14
FL-2010-000051-KAZ,FL_2010_000051_KAZ,1.4995878e-14,4.726837018638765e-06,916.0,1.5012160169381108e-14
FL-2007-000132-BFA,FL_2007_000132_BFA,1.378939e-14,4.743513165503338e-06,915.0,1.3804378467391304e-14
FL-1998-000040-URY,FL_1998_000040_URY,1.2982388e-14,3.8253740118841706e-07,1159.0,1.2993541254295532e-14
FL-2009-000089-BRA,FL_2009_000089_BRA,1.1986903e-14,0.0001666642382975,232.0,1.203748064978903e-14
FL-2006-000156-TUR,FL_2006_000156_TUR,1.09809826e-14,2.384656702992405e-06,1017.0,1.0991727201369864e-14
FL-2009-000237-THA,FL_2009_000237_THA,1.0558248e-14,1.1256387530737262e-05,769.0,1.057188914728682e-14
FL-1999-000349-SLV,FL_1999_000349_SLV,9.579775e-15,3.469896848078675e-05,549.0,9.597067012635379e-15
FL-2019-000098-CAF,FL_2019_000098_CAF,9.396747e-15,2.1988941779915525e-05,635.0,9.411429417187499e-15
FL-2019-000079-BGD,FL_2019_000079_BGD,9.177385e-15,7.083412336160568e-06,851.0,9.18810624415888e-15
FF-2016-000034-YEM,FF_2016_000034_YEM,9.143017e-15,5.327663207505736e-05,457.0,9.162807080086582e-15
FL-2004-000100-PAN,FL_2004_000100_PAN,8.488464e-15,0.0003560580909294,95.0,8.573348640000001e-15
FL-2006-000151-PAN,FL_2006_000151_PAN,8.225425e-15,2.3980680095050277e-05,615.0,8.23869181451613e-15
FL-2013-000123-CMR,FL_2013_000123_CMR,6.938792e-15,1.8908562244761087e-05,663.0,6.949179413173652e-15
FL-2009-000129-CAF,FL_2009_000129_CAF,6.6579534e-15,0.0002620083222062,141.0,6.7035558205479455e-15
FL-2009-000265-MAR,FL_2009_000265_MAR,6.133297e-15,7.237596964445286e-06,846.0,6.140504164512339e-15
FL-2021-000123-CAF,FL_2021_000123_CAF,5.206408e-15,1.560077231698965e-05,706.0,5.213730655414909e-15
FL-2003-000229-LKA,FL_2003_000229_LKA,5.0492214e-15,1.3671108468782708e-05,732.0,5.056072446675713e-15
FL-2007-000181-HTI,FL_2007_000181_HTI,4.518991e-15,1.708722590765337e-05,685.0,4.5255402623188406e-15
LS-2015-000135-LKA,LS_2015_000135_LKA,4.4422656e-15,1.7019685546361584e-06,1058.0,4.446444589275635e-15
FL-2001-000450-THA,FL_2001_000450_THA,4.3127957e-15,2.103064243367269e-06,1041.0,4.3169188316443594e-15
FF-2008-000199-LKA,FF_2008_000199_LKA,4.1828884e-15,5.6282004046187855e-06,888.0,4.187572485554311e-15
FL-2008-000088-USA,FL_2008_000088_USA,4.0073353e-15,1.4420604964264445e-05,722.0,4.0128474530949106e-15
LS-2022-000283-LKA,LS_2022_000283_LKA,2.9129846e-15,8.380012811465172e-05,377.0,2.920610214136126e-15
FL-2016-000137-ARG,FL_2016_000137_ARG,2.211038e-15,1.4461416952900049e-05,720.0,2.214087707586207e-15
FL-2018-000060-LKA,FL_2018_000060_LKA,2.1500076e-15,3.10820491608309e-05,565.0,2.1537795431578948e-15
FL-2001-000025-MWI,FL_2001_000025_MWI,1.9073545e-15,0.0001439708050392,266.0,1.914392708487085e-15
FL-2008-000051-LKA,FL_2008_000051_LKA,1.8090707e-15,3.744065193659592e-05,539.0,1.812396197610294e-15
FL-2009-000044-BIH,FL_2009_000044_BIH,1.6638848e-15,2.3001754107026246e-07,1180.0,1.665288922194093e-15
FL-2007-000131-SEN,FL_2007_000131_SEN,1.6073403e-15,8.572530846655191e-05,373.0,1.6115925230158728e-15
FL-2022-000135-ZMB,FL_2022_000135_ZMB,1.5548177e-15,1.5340031774222263e-05,713.0,1.5569831842618383e-15
FL-2018-000128-SDN,FL_2018_000128_SDN,1.4930176e-15,0.000184718754201,209.0,1.4999943177570095e-15
FL-2019-000120-PHL,FL_2019_000120_PHL,1.4074941e-15,6.02911013125872e-05,436.0,1.4106856965986393e-15
FL-2010-000176-MRT,FL_2010_000176_MRT,1.2219718e-15,9.90691488738527e-05,345.0,1.2254631480000002e-15
FL-2017-000053-THA,FL_2017_000053_THA,1.0470778e-15,0.0002591098756516,145.0,1.0540583186666666e-15
FL-2007-000176-CRI,FL_2007_000176_CRI,8.843123e-16,5.923105902764389e-06,877.0,8.853149216553288e-16
FL-2003-000368-SDN,FL_2003_000368_SDN,8.614074700000001e-16,2.711863061291609e-06,1003.0,8.622620409027779e-16
FL-2001-000236-URY,FL_2001_000236_URY,8.121218e-16,4.0286251383315424e-06,942.0,8.129793731784582e-16
FL-2013-000157-BRA,FL_2013_000157_BRA,7.839659e-16,6.342340027022227e-05,432.0,7.85759872311213e-16
FL-2013-000011-ZWE,FL_2013_000011_ZWE,7.5568907e-16,3.0156039673791824e-06,990.0,7.564485565025127e-16
FL-2006-000155-LKA,FL_2006_000155_LKA,5.67079e-16,7.872875735460279e-07,1112.0,5.675866803939123e-16
FL-2013-000074-HTI,FL_2013_000074_HTI,5.531677300000001e-16,1.937501756919136e-05,657.0,5.540033308006043e-16
FL-2022-000158-HTI,FL_2022_000158_HTI,4.91545e-16,0.0001868214866286,207.0,4.938636084905661e-16
FL-2022-000265-YEM,FL_2022_000265_YEM,4.5324135e-16,1.256556446133571e-06,1087.0,4.536564061813186e-16
FL-2020-000050-AFG,FL_2020_000050_AFG,4.125471e-16,9.02663551861278e-05,367.0,4.1365609758064516e-16
FL-2005-000166-CRI,FL_2005_000166_CRI,3.9231414000000005e-16,1.9444278030646583e-05,655.0,3.929085553636364e-16
FL-2002-000322-CHL,FL_2002_000322_CHL,3.423059e-16,1.101610839155588e-05,772.0,3.427464481338481e-16
FL-2008-000158-PAN,FL_2008_000158_PAN,3.214482e-16,3.0370006010387187e-05,572.0,3.220053025996534e-16
FL-2010-000245-MAR,FL_2010_000245_MAR,2.9309497000000004e-16,1.3264659171054358e-05,739.0,2.934889148521506e-16
FL-2011-000032-THA,FL_2011_000032_THA,2.8795721e-16,4.827734058347734e-06,912.0,2.8827123094874593e-16
FL-2007-000035-AFG,FL_2007_000035_AFG,2.2761806000000004e-16,1.2304310188340131e-05,753.0,2.279183476781003e-16
FL-1997-000299-PRY,FL_1997_000299_PRY,1.9038385000000002e-16,2.517567913373735e-07,1175.0,1.9054519224576274e-16
FL-2019-000108-MRT,FL_2019_000108_MRT,1.8575209e-16,3.166662558122973e-05,561.0,1.8608027390459365e-16
FL-2007-000107-TLS,FL_2007_000107_TLS,1.659371e-16,0.0003526224498723,96.0,1.6758004158415842e-16
FL-1997-000166-ROM,FL_1997_000166_ROM,1.5630128e-16,4.408779473914309e-07,1152.0,1.564363718582541e-16
FF-2007-000008-LKA,FF_2007_000008_LKA,1.3689132e-16,1.0451815845745969e-05,782.0,1.3706526068614995e-16
FL-2003-000389-BFA,FL_2003_000389_BFA,1.3552728e-16,5.85244118712924e-07,1134.0,1.3564626795434592e-16
FF-2012-000107-SLB,FF_2012_000107_SLB,1.1550844e-16,1.0863597327322954e-05,774.0,1.1565671784338897e-16
FL-2008-000167-VCT,FL_2008_000167_VCT,9.908871000000001e-17,7.737216331909779e-06,839.0,9.920611368483413e-17
ST-2012-000077-CHN,ST_2012_000077_CHN,8.414792e-17,0.0001788112235601,217.0,8.452696468468469e-17
FL-2010-000008-BOL,FL_2010_000008_BOL,7.874826e-17,5.82417280518223e-06,880.0,7.883724108474578e-17
FL-2011-000123-RUS,FL_2011_000123_RUS,7.7526835e-17,0.0001105708316907,317.0,7.776760156832298e-17
FL-1998-000255-TUR,FL_1998_000255_TUR,5.4251977e-17,2.1110929273561937e-06,1040.0,5.4303892767464114e-17
FL-2020-000213-LAO,FL_2020_000213_LAO,5.0344105e-17,4.61127520379064e-05,482.0,5.0447480985626286e-17
FL-2017-000075-CHN,FL_2017_000075_CHN,4.279742e-17,0.00017293931304,224.0,4.298430829694323e-17
FL-2010-000042-SRB,FL_2010_000042_SRB,3.8819570000000005e-17,2.567898335361636e-08,1212.0,3.885146775677897e-17
FL-2022-000362-LCA,FL_2022_000362_LCA,3.8113528e-17,2.177136970656632e-06,1034.0,3.815021089509144e-17
FF-2008-000202-MAR,FF_2008_000202_MAR,3.3681435e-17,0.00017354519197,223.0,3.382916059210526e-17
FL-2010-000019-MEX,FL_2010_000019_MEX,3.348073e-17,7.175407770771221e-06,848.0,3.351998056271982e-17
ST-2011-000073-CAF,ST_2011_000073_CAF,3.2088493e-17,0.0002884253184712,127.0,3.233158764393939e-17
FL-2010-000107-PHL,FL_2010_000107_PHL,2.8633016e-17,1.891337551142836e-05,662.0,2.867594405997002e-17
FL-2000-000302-CHN,FL_2000_000302_CHN,2.7903138e-17,3.475783740462322e-06,970.0,2.7931756603076925e-17
FL-2009-000186-TCD,FL_2009_000186_TCD,2.5713245e-17,0.0003312341595248,101.0,2.5955822783018873e-17
FL-2000-000187-ROM,FL_2000_000187_ROM,1.9725741e-17,1.2385802078753528e-07,1191.0,1.9742234094481607e-17
FL-2011-000181-VEN,FL_2011_000181_VEN,1.87934e-17,0.0001401277601864,271.0,1.886149202898551e-17
FF-2014-000015-ZWE,FF_2014_000015_ZWE,1.8708112e-17,6.53935375446544e-05,426.0,1.8751518292343388e-17
FL-2017-000057-LKA,FL_2017_000057_LKA,1.7701844e-17,0.0001596933919287,242.0,1.777351138461538e-17
FL-2007-000044-ARG,FL_2007_000044_ARG,1.6386054e-17,5.563885731469916e-05,444.0,1.642254855233853e-17
FL-2011-000135-THA,FL_2011_000135_THA,1.1541875e-17,4.6474300190512994e-05,480.0,1.156567268041237e-17
FL-2007-000012-BOL,FL_2007_000012_BOL,1.1230761000000001e-17,5.547988460925259e-06,890.0,1.124330933631285e-17
FL-2008-000038-ARG,FL_2008_000038_ARG,7.561872e-18,3.788634509490273e-05,534.0,7.575901447124304e-18
FL-2014-000162-LKA,FL_2014_000162_LKA,7.534421e-18,1.7504651505685982e-05,677.0,7.545468538123167e-18
FL-2017-000043-HTI,FL_2017_000043_HTI,5.208982e-18,4.491049273707326e-05,493.0,5.219441803212851e-18
FL-2007-000129-PAK,FL_2007_000129_PAK,4.9557913e-18,4.088528432478406e-07,1156.0,4.9600598540913e-18
FL-2019-000093-NGA,FL_2019_000093_NGA,4.8519664e-18,4.741351538116959e-05,476.0,4.8620536482328475e-18
FL-2019-000089-SLE,FL_2019_000089_SLE,4.7219770000000004e-18,7.060357857119635e-05,412.0,4.73330068585132e-18
FL-2018-000360-RUS,FL_2018_000360_RUS,4.3231874999999994e-18,2.338558339300792e-05,620.0,4.3301045999999995e-18
FL-2009-000113-CHN,FL_2009_000113_CHN,3.3731854999999997e-18,1.2678132631243371e-05,746.0,3.3776770918774966e-18
FL-2022-000276-GMB,FL_2022_000276_GMB,2.8583531999999996e-18,2.7729192907585608e-05,590.0,2.8631571549579827e-18
FL-2012-000067-RWA,FL_2012_000067_RWA,2.2440126e-18,2.3094866361550787e-05,621.0,2.2475972846645366e-18
FL-2003-000624-HTI,FL_2003_000624_HTI,7.336757999999999e-19,0.0004695146453917,61.0,7.447920999999999e-19
ST-2012-000064-COD,ST_2012_000064_COD,7.267215999999999e-19,1.3276734623977115e-06,1083.0,7.273895426470587e-19
FL-2003-000481-HND,FL_2003_000481_HND,4.4914527e-19,6.974931373560026e-05,414.0,4.502172157517899e-19
FL-1998-000111-TJK,FL_1998_000111_TJK,4.2130735999999996e-19,0.000168771795199,229.0,4.2310781880341875e-19
FL-2015-000039-KAZ,FL_2015_000039_KAZ,3.67094e-19,4.030390116948818e-06,941.0,3.6748204862579276e-19
FL-2002-000522-KHM,FL_2002_000522_KHM,2.8648884e-19,2.2303284778841617e-06,1028.0,2.8676617672797673e-19
FL-2010-000067-BRA,FL_2010_000067_BRA,2.3914505e-19,3.3676843112036834e-08,1211.0,2.3934171533717106e-19
FL-2002-000350-CHN,FL_2002_000350_CHN,1.0144078999999999e-19,3.510938389610824e-07,1161.0,1.0152778896226416e-19
FL-2005-000090-TJK,FL_2005_000090_TJK,1.00861e-19,2.0952398465510772e-05,641.0,1.0101713157894737e-19
FF-2007-000070-CHN,FF_2007_000070_CHN,7.648504e-20,1.5608125030575412e-06,1067.0,7.655638798507463e-20
FL-2015-000008-BOL,FL_2015_000008_BOL,3.0329398e-20,8.278959802599187e-06,824.0,3.0365983522316044e-20
FL-2019-000033-PRY,FL_2019_000033_PRY,2.9256315e-20,0.0001382480097701,275.0,2.936080183928571e-20
FL-2021-000007-SYR,FL_2021_000007_SYR,1.8828057e-20,7.450846617259933e-05,397.0,1.8874892962686568e-20
FL-2020-000196-NGA,FL_2020_000196_NGA,1.7823348e-20,8.648705241234775e-05,371.0,1.7870750521276594e-20
FL-2021-000057-LKA,FL_2021_000057_LKA,1.7571079e-20,9.321126879089752e-05,362.0,1.761895659945504e-20
FL-2009-000120-BWA,FL_2009_000120_BWA,6.1656399999999995e-21,1.5492416278280355e-06,1068.0,6.171386169617893e-21
FL-2018-000105-BGD,FL_2018_000105_BGD,5.027331e-21,1.8471398193118266e-05,668.0,5.034801031203566e-21
FL-2004-000031-CHN,FL_2004_000031_CHN,4.8411864e-21,2.076977936004787e-06,1043.0,4.8458058526717556e-21
FL-2013-000013-BWA,FL_2013_000013_BWA,4.153167e-21,8.273721533064311e-06,825.0,4.158170815662651e-21
FL-2010-000062-COD,FL_2010_000062_COD,2.6657751000000002e-21,2.0704626671661643e-05,644.0,2.669882611710324e-21
FL-2006-000131-BGD,FL_2006_000131_BGD,2.5184687e-21,7.524889031652677e-07,1115.0,2.5207173327678574e-21
FL-2005-000070-YEM,FL_2005_000070_YEM,1.7617602e-21,1.698338418328556e-05,686.0,1.764309780607815e-21
FL-2007-000174-CAF,FL_2007_000174_CAF,6.740373400000001e-22,0.0004107273641851,76.0,6.823587886419754e-22
FL-2002-000296-PRY,FL_2002_000296_PRY,2.292451e-22,0.0003837952501172,84.0,2.3182088764044946e-22
FL-2009-000087-VUT,FL_2009_000087_VUT,1.0336609000000001e-22,0.0008661697612762,18.0,1.0786026782608696e-22
FL-2009-000102-HTI,FL_2009_000102_HTI,6.698932000000001e-23,0.000403600607708,79.0,6.778681190476191e-23
FL-2016-000122-SRB,FL_2016_000122_SRB,4.9050207e-23,2.249764698908841e-06,1027.0,4.909773627034884e-23
FL-2010-000161-MYS,FL_2010_000161_MYS,4.782372e-23,2.2912625212599588e-05,625.0,4.789963066666667e-23
FL-2007-000197-COD,FL_2007_000197_COD,2.4905079e-23,5.12836186408022e-06,904.0,2.4932477326732672e-23
FL-2019-000163-UGA,FL_2019_000163_UGA,1.13438774e-23,0.000323685992219,105.0,1.1447003558181818e-23
FL-2020-000237-LKA,FL_2020_000237_LKA,9.027251e-24,0.0008664293517484,17.0,9.43758059090909e-24
FL-2007-000052-LKA,FL_2007_000052_LKA,7.1880895e-24,4.053164768890098e-05,520.0,7.201781099047618e-24
FL-2007-000123-NGA,FL_2007_000123_NGA,2.8988274000000002e-24,5.245257498561352e-05,460.0,2.905061437419355e-24
FL-1999-000651-CHN,FL_1999_000651_CHN,2.4993289e-24,2.0099010300672342e-06,1046.0,2.5017069484300667e-24
FL-1997-000164-BGD,FL_1997_000164_BGD,5.4515224e-25,3.8303646260037573e-07,1158.0,5.456209865520207e-25
FF-2009-000160-LKA,FF_2009_000160_LKA,4.4042354000000004e-26,1.8277514549615648e-05,671.0,4.410750541124261e-26
FF-2020-000168-MNG,FF_2020_000168_MNG,3.2468646000000005e-26,9.506100687083391e-06,802.0,3.250887976208179e-26
FL-2016-000130-VCT,FL_2016_000130_VCT,3.9970053000000005e-27,0.0006921094785195,29.0,4.1145642794117645e-27
FL-2015-000113-PRK,FL_2015_000113_PRK,7.6430175e-29,3.301864924070776e-05,555.0,7.656665745535714e-29
FL-2010-000031-PRT,FL_2010_000031_PRT,1.4060987e-30,4.102312283396777e-08,1208.0,1.4072578910140148e-30
FL-2006-000191-LKA,FL_2006_000191_LKA,1.2454967e-31,7.101632918667678e-07,1120.0,1.246603808177778e-31
FL-2006-000023-DZA,FL_2006_000023_DZA,1.10078395e-35,5.903406838884214e-06,878.0,1.1020305909399772e-35
FL-2015-000053-CAF,FL_2015_000053_CAF,7.7866844e-36,3.957144425914179e-05,526.0,7.801348589077213e-36
FL-2009-000266-ALB,FL_2009_000266_ALB,0.0,3.681662358115216e-06,961.0,0.0
FL-2012-000009-FJI,FL_2012_000009_FJI,0.0,3.761929045285055e-06,958.0,0.0
FL-2008-000018-ECU,FL_2008_000018_ECU,0.0,1.613002545669971e-05,697.0,0.0
FL-1997-000526-ECU,FL_1997_000526_ECU,0.0,1.28102090282321e-05,743.0,0.0
FL-2019-000104-THA,FL_2019_000104_THA,0.0,0.0001022211305433,339.0,0.0
FL-2020-000198-SEN,FL_2020_000198_SEN,0.0,0.0002484464521861,153.0,0.0
FL-2006-000125-THA,FL_2006_000125_THA,0.0,1.889826322358226e-05,664.0,0.0
FL-2004-000044-BGD,FL_2004_000044_BGD,0.0,4.66963828626184e-07,1149.0,0.0
FL-2007-000158-TGO,FL_2007_000158_TGO,0.0,4.52949891950982e-07,1151.0,0.0
FL-2006-000062-THA,FL_2006_000062_THA,0.0,0.0001194823804024,304.0,0.0
FL-2002-000325-JAM,FL_2002_000325_JAM,0.0,2.251010152380725e-06,1026.0,0.0
FL-2003-000331-CHN,FL_2003_000331_CHN,0.0,9.803340823088519e-08,1196.0,0.0
FL-2006-000034-ECU,FL_2006_000034_ECU,0.0,1.5953422974820966e-06,1065.0,0.0
FL-2005-000160-MMR,FL_2005_000160_MMR,0.0,2.9851126125614804e-05,575.0,0.0
FL-2011-000059-CHN,FL_2011_000059_CHN,0.0,8.092002210228091e-05,380.0,0.0
FL-2016-000058-MMR,FL_2016_000058_MMR,0.0,0.0001945985713395,200.0,0.0
FL-2014-000117-BGD,FL_2014_000117_BGD,0.0,2.980988450978219e-06,993.0,0.0
FL-2012-000037-PSE,FL_2012_000037_PSE,0.0,1.809592394979501e-07,1183.0,0.0
FL-2006-000178-JAM,FL_2006_000178_JAM,0.0,7.534105818900414e-07,1114.0,0.0
FL-2014-000159-MAR,FL_2014_000159_MAR,0.0,1.7770468283398472e-05,674.0,0.0
FL-2021-000147-THA,FL_2021_000147_THA,0.0,2.8995193347736307e-06,996.0,0.0
FL-2021-000097-BGD,FL_2021_000097_BGD,0.0,1.166191088025524e-06,1093.0,0.0
FL-2022-000164-ECU,FL_2022_000164_ECU,0.0,2.2121982130524223e-05,634.0,0.0
FL-2018-000028-BWA,FL_2018_000028_BWA,0.0,5.311557040625313e-09,1216.0,0.0
FL-2015-000164-COD,FL_2015_000164_COD,0.0,0.0009796532752149,15.0,0.0
FL-2007-000153-GHA,FL_2007_000153_GHA,0.0,4.436556573813745e-06,926.0,0.0
FL-2009-000206-HTI,FL_2009_000206_HTI,0.0,0.000228223038802,169.0,0.0
FL-2002-000734-MAR,FL_2002_000734_MAR,0.0,2.999815090838558e-07,1170.0,0.0
FL-1999-000286-GMB,FL_1999_000286_GMB,0.0,8.927282806296742e-06,813.0,0.0
FL-2004-000142-ALB,FL_2004_000142_ALB,0.0,7.098950789942998e-07,1121.0,0.0
FL-2002-000263-CRI,FL_2002_000263_CRI,0.0,0.0001033105405801,337.0,0.0
FL-2013-000002-PSE,FL_2013_000002_PSE,0.0,4.1195249536423373e-07,1155.0,0.0
FL-2009-000267-SRB,FL_2009_000267_SRB,0.0,2.100324737566224e-05,640.0,0.0
FL-2008-000032-KAZ,FL_2008_000032_KAZ,0.0,1.3852725603894046e-05,728.0,0.0
FL-2008-000243-PNG,FL_2008_000243_PNG,0.0,1.743070856412393e-05,678.0,0.0
FL-2007-000228-LKA,FL_2007_000228_LKA,0.0,0.0001057657172971,329.0,0.0
FL-2015-000092-BRA,FL_2015_000092_BRA,0.0,0.0002929428252826,124.0,0.0
FL-2001-000335-KOR,FL_2001_000335_KOR,0.0,9.56541298816539e-08,1198.0,0.0
FL-2019-000081-MMR,FL_2019_000081_MMR,0.0,2.3279164197404463e-06,1021.0,0.0
FL-2016-000075-BGD,FL_2016_000075_BGD,0.0,0.0001000150226701,342.0,0.0
FL-1997-000092-ECU,FL_1997_000092_ECU,0.0,7.848983471198165e-06,836.0,0.0
FL-2008-000155-CHL,FL_2008_000155_CHL,0.0,2.641911836732625e-05,599.0,0.0
FL-2015-000110-ARG,FL_2015_000110_ARG,0.0,1.2498174351122294e-05,750.0,0.0
FL-2015-000042-RWA,FL_2015_000042_RWA,0.0,8.46105376088165e-06,818.0,0.0
FL-2000-000617-BGD,FL_2000_000617_BGD,0.0,7.174885915664699e-07,1119.0,0.0
FL-2009-000183-NGA,FL_2009_000183_NGA,0.0,1.0516532594802174e-05,781.0,0.0
FL-2002-000755-CRI,FL_2002_000755_CRI,0.0,4.467859272937484e-05,496.0,0.0
FL-1999-000423-TGO,FL_1999_000423_TGO,0.0,1.0740270654614297e-07,1193.0,0.0
FL-2009-000039-CRI,FL_2009_000039_CRI,0.0,2.2193089821210507e-05,632.0,0.0
FF-2010-000204-LCA,FF_2010_000204_LCA,0.0,4.659422474388333e-06,920.0,0.0
FL-2013-000023-ZMB,FL_2013_000023_ZMB,0.0,2.411525707101193e-05,614.0,0.0
FL-2022-000382-ZAF,FL_2022_000382_ZAF,0.0,4.982382962511987e-05,465.0,0.0
FL-2002-000376-RUS,FL_2002_000376_RUS,0.0,0.0001317323292853,289.0,0.0
FL-2004-000063-PRK,FL_2004_000063_PRK,0.0,5.2645698671325645e-06,899.0,0.0
FL-2012-000175-GMB,FL_2012_000175_GMB,0.0,1.4906398943476262e-05,715.0,0.0
FF-2006-000049-IDN,FF_2006_000049_IDN,0.0,0.0007442578127011,26.0,0.0
FL-2012-000075-VEN,FL_2012_000075_VEN,0.0,5.485251689928105e-05,450.0,0.0
FL-2011-000156-HTI,FL_2011_000156_HTI,0.0,0.0001670102297231,231.0,0.0
FL-2010-000114-BGD,FL_2010_000114_BGD,0.0,6.088494011666911e-06,872.0,0.0
FF-2007-000080-BGD,FF_2007_000080_BGD,0.0,4.703762013071549e-07,1148.0,0.0
FL-2018-000165-CRI,FL_2018_000165_CRI,0.0,9.653977143636984e-05,350.0,0.0
FL-2010-000092-LKA,FL_2010_000092_LKA,0.0,4.045722962139991e-05,521.0,0.0
FL-2006-000092-KOR,FL_2006_000092_KOR,0.0,1.5078773391293658e-05,714.0,0.0
FL-2012-000126-PAN,FL_2012_000126_PAN,0.0,7.740916598963273e-05,389.0,0.0
FL-2002-000125-ECU,FL_2002_000125_ECU,0.0,5.295895531029435e-06,897.0,0.0
FL-2002-000788-LKA,FL_2002_000788_LKA,0.0,2.032256949885498e-05,648.0,0.0
FL-2009-000032-SLB,FL_2009_000032_SLB,0.0,0.0001402669476283,270.0,0.0
FL-2012-000003-BRA,FL_2012_000003_BRA,0.0,0.0001623489338801,238.0,0.0
FL-2016-000044-CHN,FL_2016_000044_CHN,0.0,7.709138205867705e-05,390.0,0.0
FL-2022-000201-ZAF,FL_2022_000201_ZAF,0.0,6.747467580195507e-06,859.0,0.0
FL-2006-000115-HTI,FL_2006_000115_HTI,0.0,0.0006169514540627,35.0,0.0
FL-2009-000239-BRA,FL_2009_000239_BRA,0.0,0.0002086003837515,188.0,0.0
FL-2003-000037-MDG,FL_2003_000037_MDG,0.0,0.0001068967997106,325.0,0.0
FF-2022-000309-SLE,FF_2022_000309_SLE,0.0,9.47846307098937e-05,356.0,0.0
FL-2018-000425-LKA,FL_2018_000425_LKA,0.0,8.121013188467915e-06,831.0,0.0
FL-2012-000138-NGA,FL_2012_000138_NGA,0.0,2.8542250566343624e-06,998.0,0.0
FL-2008-000096-BGD,FL_2008_000096_BGD,0.0,5.984938860690449e-07,1132.0,0.0
FL-2020-000052-COD,FL_2020_000052_COD,0.0,4.53370205373855e-05,491.0,0.0
FL-2010-000196-LKA,FL_2010_000196_LKA,0.0,0.0003664845093699,90.0,0.0
FL-2011-000107-MMR,FL_2011_000107_MMR,0.0,7.121457581529331e-06,850.0,0.0
FL-2020-000172-MMR,FL_2020_000172_MMR,0.0,7.681882370601157e-06,840.0,0.0
FF-2008-000216-PSE,FF_2008_000216_PSE,0.0,1.1621963742819032e-05,762.0,0.0
FL-2012-000056-PRY,FL_2012_000056_PRY,0.0,0.0001832834155737,210.0,0.0
FL-2006-000010-BOL,FL_2006_000010_BOL,0.0,1.4893212396828093e-06,1071.0,0.0
FL-2011-000002-BRA,FL_2011_000002_BRA,0.0,8.589659766538576e-05,372.0,0.0
FL-2000-000583-LAO,FL_2000_000583_LAO,0.0,2.5872164415794417e-05,601.0,0.0
FL-2022-000321-CAF,FL_2022_000321_CAF,0.0,0.000317184231141,111.0,0.0
FL-2009-000245-SRB,FL_2009_000245_SRB,0.0,1.2436260999507563e-06,1089.0,0.0
FL-2014-000038-ZAF,FL_2014_000038_ZAF,0.0,0.0005088731411479,57.0,0.0
FL-2010-000075-TJK,FL_2010_000075_TJK,0.0,6.655690601168396e-05,423.0,0.0
FL-2012-000140-MMR,FL_2012_000140_MMR,0.0,3.915998802153706e-07,1157.0,0.0
FF-2011-000088-NGA,FF_2011_000088_NGA,0.0,8.78762647559109e-06,814.0,0.0
FL-2021-000049-RWA,FL_2021_000049_RWA,0.0,4.570146021948127e-05,487.0,0.0
FL-2005-000208-BIH,FL_2005_000208_BIH,0.0,8.569449784324033e-08,1199.0,0.0
FL-1999-000531-COD,FL_1999_000531_COD,0.0,1.3411324021406517e-06,1080.0,0.0
FL-1998-000193-ROM,FL_1998_000193_ROM,0.0,5.608397845840252e-07,1137.0,0.0
FL-1998-000080-ARG,FL_1998_000080_ARG,0.0,7.51950630006953e-05,395.0,0.0
FF-2013-000029-SRB,FF_2013_000029_SRB,0.0,4.7997269432278535e-06,914.0,0.0
FL-1997-000295-COD,FL_1997_000295_COD,0.0,2.7870517994413598e-06,1000.0,0.0
FL-2021-000095-MMR,FL_2021_000095_MMR,0.0,3.1136593640641195e-06,986.0,0.0
FL-2009-000177-GMB,FL_2009_000177_GMB,0.0,1.2794458350564314e-06,1086.0,0.0
FL-2013-000054-CHN,FL_2013_000054_CHN,0.0,1.2711568561950517e-05,745.0,0.0
FL-2004-000120-CRI,FL_2004_000120_CRI,0.0,9.584872382840012e-06,799.0,0.0
FL-2016-000019-HTI,FL_2016_000019_HTI,0.0,0.0005501335623462,48.0,0.0
FL-2007-000051-TUN,FL_2007_000051_TUN,0.0,1.0096214098824764e-05,791.0,0.0
FL-2001-000274-WSM,FL_2001_000274_WSM,0.0,1.095870661279173e-06,1095.0,0.0
FL-1998-000272-PRK,FL_1998_000272_PRK,0.0,6.152151389158659e-05,435.0,0.0
FL-2012-000106-BGD,FL_2012_000106_BGD,0.0,3.905244979456828e-06,948.0,0.0
FL-2019-000170-RWA,FL_2019_000170_RWA,0.0,5.311103942389739e-07,1140.0,0.0
FL-2004-000023-CRI,FL_2004_000023_CRI,0.0,4.142417516145063e-05,513.0,0.0
FL-2002-000641-THA,FL_2002_000641_THA,0.0,9.42159248366508e-06,806.0,0.0
FL-2013-000116-NGA,FL_2013_000116_NGA,0.0,6.498539041734894e-06,864.0,0.0
FL-2021-000055-TJK,FL_2021_000055_TJK,0.0,3.764541650166143e-06,957.0,0.0
FL-2011-000102-BRA,FL_2011_000102_BRA,0.0,1.472832007900683e-07,1187.0,0.0
FF-2009-000107-THA,FF_2009_000107_THA,0.0,4.804623042307933e-05,471.0,0.0
FL-2012-000151-TCD,FL_2012_000151_TCD,0.0,0.0001372876499929,279.0,0.0
FF-2019-000018-AFG,FF_2019_000018_AFG,0.0,2.884421893529155e-05,581.0,0.0
FL-2007-000155-ROM,FL_2007_000155_ROM,0.0,5.5944765432766415e-06,889.0,0.0
FL-2003-000220-NAM,FL_2003_000220_NAM,0.0,0.0002050393978649,190.0,0.0
FL-2015-000079-CRI,FL_2015_000079_CRI,0.0,6.501946236258798e-05,427.0,0.0
ST-2015-000041-PRY,ST_2015_000041_PRY,0.0,0.0001399806451153,272.0,0.0
FL-2017-000091-MMR,FL_2017_000091_MMR,0.0,3.965426475559752e-05,525.0,0.0
FL-2002-000607-ALB,FL_2002_000607_ALB,0.0,3.868991749203201e-06,950.0,0.0
LS-2011-000104-ECU,LS_2011_000104_ECU,0.0,9.100817736232258e-05,365.0,0.0
FL-2007-000220-SRB,FL_2007_000220_SRB,0.0,1.3853275150271177e-05,727.0,0.0
FL-2005-000109-PRK,FL_2005_000109_PRK,0.0,7.352702664339854e-05,401.0,0.0
FL-2009-000234-PHL,FL_2009_000234_PHL,0.0,0.000244945781771,156.0,0.0
FL-2009-000023-ECU,FL_2009_000023_ECU,0.0,6.9157316740244674e-06,856.0,0.0
FL-1999-000161-LKA,FL_1999_000161_LKA,0.0,5.6278409807503856e-08,1204.0,0.0
FL-2021-000204-BRA,FL_2021_000204_BRA,0.0,7.406236659042663e-06,844.0,0.0
FL-2005-000105-HTI,FL_2005_000105_HTI,0.0,9.602841303267826e-05,353.0,0.0
FL-2015-000080-MMR,FL_2015_000080_MMR,0.0,1.4483290419820762e-05,719.0,0.0
FL-2015-000037-HTI,FL_2015_000037_HTI,0.0,0.0002972281495734,121.0,0.0
FL-2010-000115-MMR,FL_2010_000115_MMR,0.0,2.040108486842309e-06,1045.0,0.0
FL-2018-000414-IRQ,FL_2018_000414_IRQ,0.0,0.0002628669228792,139.0,0.0
FL-2010-000262-ECU,FL_2010_000262_ECU,0.0,4.1767607471990455e-06,937.0,0.0
FL-2006-000047-COD,FL_2006_000047_COD,0.0,4.094233528730976e-06,940.0,0.0
FL-2000-000375-CHL,FL_2000_000375_CHL,0.0,5.133213096647116e-06,903.0,0.0
FL-2013-000083-THA,FL_2013_000083_THA,0.0,8.243442343672295e-06,827.0,0.0
FL-2011-000063-HTI,FL_2011_000063_HTI,0.0,1.1730377455816604e-05,759.0,0.0
FL-2010-000120-BRA,FL_2010_000120_BRA,0.0,4.340608398255916e-06,930.0,0.0
FL-2005-000038-MDG,FL_2005_000038_MDG,0.0,7.870728181967147e-05,385.0,0.0
FL-2005-000153-THA,FL_2005_000153_THA,0.0,1.539470627808182e-05,711.0,0.0
FL-2012-000030-KAZ,FL_2012_000030_KAZ,0.0,8.997434801426323e-06,810.0,0.0
FL-2010-000152-THA,FL_2010_000152_THA,0.0,1.393680542142957e-06,1074.0,0.0
FF-2020-000240-ZMB,FF_2020_000240_ZMB,0.0,6.600956433824222e-05,425.0,0.0
FL-2016-000124-COD,FL_2016_000124_COD,0.0,1.5408566489065006e-05,710.0,0.0
FL-1999-000547-VEN,FL_1999_000547_VEN,0.0,4.7843331190898304e-05,473.0,0.0
FL-2018-000029-RWA,FL_2018_000029_RWA,0.0,1.6067745073827004e-05,699.0,0.0
FL-2003-000196-ARG,FL_2003_000196_ARG,0.0,0.0001086133475453,319.0,0.0
FL-2000-000735-VEN,FL_2000_000735_VEN,0.0,2.904221910758276e-05,580.0,0.0
FL-1997-000177-MMR,FL_1997_000177_MMR,0.0,6.720523878388191e-07,1125.0,0.0
FL-2004-000094-CHN,FL_2004_000094_CHN,0.0,1.2713812279640616e-05,744.0,0.0
FL-2008-000234-BRA,FL_2008_000234_BRA,0.0,9.66222038989884e-06,798.0,0.0
FL-2002-000321-HTI,FL_2002_000321_HTI,0.0,4.471961593128534e-05,495.0,0.0
FL-2007-000088-ECU,FL_2007_000088_ECU,0.0,8.872367710326758e-07,1105.0,0.0
FL-2019-000032-BOL,FL_2019_000032_BOL,0.0,1.6967685448631355e-05,687.0,0.0
FL-2006-000071-ROM,FL_2006_000071_ROM,0.0,3.082820672081186e-06,988.0,0.0
FL-1998-000165-CHN,FL_1998_000165_CHN,0.0,6.20404526369239e-08,1203.0,0.0
FL-2016-000080-BFA,FL_2016_000080_BFA,0.0,2.174392414402414e-06,1035.0,0.0
FL-2010-000239-MNE,FL_2010_000239_MNE,0.0,1.0680894175478105e-07,1195.0,0.0
FL-2011-000176-LKA,FL_2011_000176_LKA,0.0,2.8911025724257185e-06,997.0,0.0
FL-2014-000107-MMR,FL_2014_000107_MMR,0.0,3.218595036483641e-05,559.0,0.0
FL-2007-000231-BOL,FL_2007_000231_BOL,0.0,4.301169113634233e-07,1153.0,0.0
FL-2021-000213-STP,FL_2021_000213_STP,0.0,3.449388698554932e-06,971.0,0.0
FL-2001-000252-ECU,FL_2001_000252_ECU,0.0,3.7218915309522254e-06,960.0,0.0
FF-2008-000072-CHN,FF_2008_000072_CHN,0.0,4.396682961327657e-06,928.0,0.0
FL-2011-000093-BGD,FL_2011_000093_BGD,0.0,2.1865033494145624e-06,1033.0,0.0
FL-2010-000015-PSE,FL_2010_000015_PSE,0.0,6.999725839164205e-05,413.0,0.0
FL-2006-000058-TJK,FL_2006_000058_TJK,0.0,4.162432954830208e-05,510.0,0.0
FL-2000-000741-LKA,FL_2000_000741_LKA,0.0,4.283848100604901e-06,933.0,0.0
FL-2005-000110-BIH,FL_2005_000110_BIH,0.0,1.89817642019404e-05,660.0,0.0
FL-2015-000171-PRY,FL_2015_000171_PRY,0.0,0.0001346764478985,283.0,0.0
FL-2000-000012-MOZ,FL_2000_000012_MOZ,0.0,1.918396980460033e-07,1182.0,0.0
FL-2016-000050-LKA,FL_2016_000050_LKA,0.0,3.0520510961858856e-06,989.0,0.0
FL-2010-000023-ECU,FL_2010_000023_ECU,0.0,6.19032265192654e-05,434.0,0.0
FL-2008-000175-UGA,FL_2008_000175_UGA,0.0,2.9036652367395605e-06,995.0,0.0
FF-2008-000082-PHL,FF_2008_000082_PHL,0.0,5.367951998026384e-05,455.0,0.0
FL-2018-000124-MMR,FL_2018_000124_MMR,0.0,4.968157012036698e-06,908.0,0.0
FL-2022-000376-COD,FL_2022_000376_COD,0.0,8.960885833579789e-06,812.0,0.0
FL-2017-000174-ALB,FL_2017_000174_ALB,0.0,1.7530284726695865e-06,1057.0,0.0
FL-2002-000110-BOL,FL_2002_000110_BOL,0.0,4.715534515870562e-06,918.0,0.0
FF-2009-000246-LKA,FF_2009_000246_LKA,0.0,1.0929029175164862e-06,1096.0,0.0
FL-1998-000219-KOR,FL_1998_000219_KOR,0.0,2.7605887700848685e-06,1002.0,0.0
FL-2021-000092-CRI,FL_2021_000092_CRI,0.0,3.892477142866708e-05,530.0,0.0
FL-1999-000247-KOR,FL_1999_000247_KOR,0.0,5.753969068337996e-06,883.0,0.0
FL-2012-000164-CAF,FL_2012_000164_CAF,0.0,0.0001916872860714,203.0,0.0
FL-2017-000149-TGO,FL_2017_000149_TGO,0.0,3.104319741973166e-06,987.0,0.0
FL-2007-000040-HTI,FL_2007_000040_HTI,0.0,0.0001519514396052,256.0,0.0
FL-2009-000179-LBR,FL_2009_000179_LBR,0.0,0.0002884996801553,126.0,0.0
FL-2015-000068-BGD,FL_2015_000068_BGD,0.0,2.5292429760148628e-06,1010.0,0.0
ST-2022-000138-MDG,ST_2022_000138_MDG,0.0,0.0001346935903736,282.0,0.0
FL-2008-000182-RWA,FL_2008_000182_RWA,0.0,5.852077951694363e-06,879.0,0.0
FL-2012-000013-ECU,FL_2012_000013_ECU,0.0,5.746575949898896e-05,442.0,0.0
FL-2003-000028-BRA,FL_2003_000028_BRA,0.0,5.095007852411412e-05,461.0,0.0
FL-2014-000155-HTI,FL_2014_000155_HTI,0.0,0.0001299497628466,292.0,0.0
FL-2013-000087-MMR,FL_2013_000087_MMR,0.0,1.013857530738033e-06,1101.0,0.0
FL-2010-000021-AFG,FL_2010_000021_AFG,0.0,6.837289023166511e-07,1124.0,0.0
FL-2016-000117-ALB,FL_2016_000117_ALB,0.0,1.3827980169002328e-05,729.0,0.0
FL-2002-000402-BGD,FL_2002_000402_BGD,0.0,3.861094748731569e-08,1209.0,0.0
FL-2019-000031-SYR,FL_2019_000031_SYR,0.0,0.0002214337303187,173.0,0.0
FL-2015-000009-ALB,FL_2015_000009_ALB,0.0,4.183386972331761e-06,936.0,0.0
FL-2013-000051-ECU,FL_2013_000051_ECU,0.0,3.997726545586914e-05,523.0,0.0
FL-2004-000068-ROM,FL_2004_000068_ROM,0.0,3.352897027586896e-07,1163.0,0.0
FL-2012-000051-TJK,FL_2012_000051_TJK,0.0,6.496464764018388e-06,865.0,0.0
