match_id,era5_event_id,cnn_bayesian_score,kg_bayesian_score,kg_rank,attribution_weight
LS-2015-000135-LKA,LS_2015_000135_LKA,0.118116,0.0028887462425886,10.0,0.1259904
FL-1999-000161-LKA,FL_1999_000161_LKA,0.09128977,0.0008333017491676,27.0,0.0941425753125
FL-2014-000070-LKA,FL_2014_000070_LKA,0.057205603,0.0033481786956853,6.0,0.06240611236363636
FL-2017-000057-LKA,FL_2017_000057_LKA,0.051984433,0.0050124903481182,3.0,0.058482487124999996
FF-2009-000160-LKA,FF_2009_000160_LKA,0.05689946,2.355601037706977e-05,565.0,0.056999283614035084
FL-2008-000079-LKA,FL_2008_000079_LKA,0.051675577,0.0028219867106773,11.0,0.0549053005625
LS-2022-000283-LKA,LS_2022_000283_LKA,0.039119646,0.9815867798894308,1.0,0.045639587
FL-2007-000052-LKA,FL_2007_000052_LKA,0.029766083,0.0015349071571443,15.0,0.03125438715
FL-2003-000229-LKA,FL_2003_000229_LKA,0.029458703,0.0001356173138966,204.0,0.02959965373205741
FL-2019-000171-LKA,FL_2019_000171_LKA,0.028117865,0.0011574931011023,21.0,0.02919932134615385
FL-2016-000050-LKA,FL_2016_000050_LKA,0.020924397,0.0002275244592289,115.0,0.021098766975
FL-2010-000196-LKA,FL_2010_000196_LKA,0.02042552,0.0006727579613802,36.0,0.020923703414634145
FL-2000-000741-LKA,FL_2000_000741_LKA,0.015819136,0.0029505014592154,9.0,0.016949074285714287
FL-2008-000051-LKA,FL_2008_000051_LKA,0.01620026,4.6318159231528366e-05,425.0,0.016237935023255816
FF-2008-000199-LKA,FF_2008_000199_LKA,0.013153283,0.0005663200200165,40.0,0.013445578177777777
FL-2010-000092-LKA,FL_2010_000092_LKA,0.00851187,0.0008231159712093,29.0,0.008762219117647057
FL-2011-000176-LKA,FL_2011_000176_LKA,0.008244137,0.0012330077274641,18.0,0.008602577739130434
FL-2018-000060-LKA,FL_2018_000060_LKA,0.0058098873,0.002028488196566,13.0,0.006132658816666667
FL-2020-000237-LKA,FL_2020_000237_LKA,0.0037844041,0.0023086401866906,12.0,0.004007016105882353
FL-2021-000057-LKA,FL_2021_000057_LKA,0.002271505,0.0010854768719391,24.0,0.0023498327586206898
FF-2009-000246-LKA,FF_2009_000246_LKA,0.002123837,0.0001647777394676,171.0,0.002135904255681818
FL-2014-000162-LKA,FL_2014_000162_LKA,0.0014810497,0.0034589388451082,4.0,0.0016456107777777778
FL-2018-000425-LKA,FL_2018_000425_LKA,0.0012131367,0.0015944542876739,14.0,0.0012769860000000001
FL-2006-000155-LKA,FL_2006_000155_LKA,0.00085426925,5.361592967987492e-05,395.0,0.000856404923125
FL-2020-000154-CIV,FL_2020_000154_CIV,0.0007753751,4.7995845805977527e-05,421.0,0.0007771952293427229
FL-2005-000196-LKA,FL_2005_000196_LKA,0.0007078788,0.0009354831984702,26.0,0.0007307135999999999
FL-2007-000228-LKA,FL_2007_000228_LKA,0.0006092724,0.0033406052462492,7.0,0.0006600451
FL-2016-000114-EGY,FL_2016_000114_EGY,0.00062490697,3.754343508147327e-05,475.0,0.0006262088595208334
FL-2022-000276-GMB,FL_2022_000276_GMB,0.00055005425,2.2920561933938835e-05,572.0,0.0005510075502599654
FL-2009-000226-PRY,FL_2009_000226_PRY,0.0005072196,0.001465348790065,16.0,0.0005313729142857143
FL-2001-000314-GHA,FL_2001_000314_GHA,0.00035732932,1.4222037779036408e-05,675.0,0.00035785480429411764
FL-2010-000115-MMR,FL_2010_000115_MMR,0.0003285379,5.523700067555482e-06,863.0,0.0003289163998847926
FL-2011-000107-MMR,FL_2011_000107_MMR,0.0003198303,5.5153546879973705e-06,864.0,0.00032019834407364783
FL-2020-000195-CMR,FL_2020_000195_CMR,0.00029716518,5.245973520032888e-06,872.0,0.00029750402285062713
FL-2010-000152-THA,FL_2010_000152_THA,0.0002911432,2.7023023136166935e-07,1177.0,0.00029138951404399327
FF-2009-000107-THA,FF_2009_000107_THA,0.00024362342,6.133603568798466e-05,362.0,0.0002442872440326975
FL-2008-000091-SOM,FL_2008_000091_SOM,0.00024079597,1.914481295013272e-06,1040.0,0.00024102639676555024
FL-2010-000012-EGY,FL_2010_000012_EGY,0.00022387881,7.17227438697776e-05,336.0,0.00022453534609970675
FL-2005-000081-CHN,FL_2005_000081_CHN,0.00019280266,1.8949635579995725e-06,1042.0,0.00019298680771728748
FL-2007-000125-PHL,FL_2007_000125_PHL,0.00019201735,0.0001048753853682,260.0,0.0001927419437735849
FL-1999-000031-LKA,FL_1999_000031_LKA,0.00014398723,0.0034236998644145,5.0,0.000158385953
FL-2021-000095-MMR,FL_2021_000095_MMR,0.00015818687,6.5183030151893935e-06,839.0,0.00015837429520142182
FL-2007-000122-VNM,FL_2007_000122_VNM,0.00015723662,2.600990229237132e-06,990.0,0.00015739464675376886
FL-1991-000009-VNM,FL_1991_000009_VNM,0.00012466025,8.036758038708397e-05,311.0,0.00012505474446202532
FL-2013-000083-THA,FL_2013_000083_THA,0.00012262647,8.13618277864206e-06,795.0,0.0001227797530875
FL-2019-000135-GHA,FL_2019_000135_GHA,0.00011820647,1.6105827822137444e-05,651.0,0.00011838666278963414
FL-1997-000142-CZE,FL_1997_000142_CZE,0.000118140226,1.629620500670496e-07,1190.0,0.00011823908811380751
FL-2010-000259-AUS,FL_2010_000259_AUS,0.00011319311,1.7611967844553217e-06,1051.0,0.00011330030044507576
FL-2022-000305-GIN,FL_2022_000305_GIN,0.00011108968,7.061335256787588e-06,829.0,0.00011122288105515588
FL-2007-000149-CMR,FL_2007_000149_CMR,0.00010732336,1.4624128519353989e-05,668.0,0.00010748283007429421
FL-2009-000248-URY,FL_2009_000248_URY,0.000101096135,2.1871472028736133e-07,1183.0,0.000101181232756734
FL-2001-000332-IND,FL_2001_000332_IND,9.658066e-05,2.2120530369275707e-05,579.0,9.674603784246576e-05
FL-2014-000107-MMR,FL_2014_000107_MMR,9.03773e-05,2.7682533131136067e-05,527.0,9.054718214285714e-05
FL-2012-000205-LKA,FL_2012_000205_LKA,8.936015e-05,5.8156995532024896e-05,375.0,8.959530828947367e-05
FL-2013-000103-YEM,FL_2013_000103_YEM,8.920541e-05,6.226159121406396e-06,843.0,8.931060505896225e-05
FL-2016-000089-SEN,FL_2016_000089_SEN,7.943229e-05,8.708059384468107e-06,778.0,7.953373609195402e-05
FL-2005-000153-THA,FL_2005_000153_THA,7.5839074e-05,1.4480571143651312e-05,674.0,7.595076630338734e-05
FL-2000-000130-BOL,FL_2000_000130_BOL,7.5332e-05,3.183759150124615e-06,964.0,7.540974200206398e-05
FL-2011-000135-THA,FL_2011_000135_THA,7.3468575e-05,4.8960916043575e-06,886.0,7.355103131313133e-05
FL-2019-000081-MMR,FL_2019_000081_MMR,7.0633636e-05,2.2130039188604697e-06,1013.0,7.070302071119844e-05
FL-2020-000200-BFA,FL_2020_000200_BFA,6.885632e-05,7.481327115621447e-07,1119.0,6.891758007117437e-05
FL-2021-000110-YEM,FL_2021_000110_YEM,6.419402e-05,3.665492230421005e-05,484.0,6.432529611451944e-05
FL-2007-000023-IDN,FL_2007_000023_IDN,5.9073634e-05,1.7544613289589137e-05,629.0,5.9166810078864356e-05
FL-1998-000359-UKR,FL_1998_000359_UKR,5.7589736e-05,5.7448004239463465e-05,378.0,5.7740100845953e-05
FL-2001-000450-THA,FL_2001_000450_THA,5.7000147e-05,9.828179374164491e-06,758.0,5.707485230406291e-05
FL-2009-000127-BEN,FL_2009_000127_BEN,5.67899e-05,1.844421795177885e-07,1188.0,5.6837502598491205e-05
FL-2008-000089-IND,FL_2008_000089_IND,5.5577988e-05,4.20450436876841e-05,447.0,5.570094815044248e-05
FL-2014-000121-CMR,FL_2014_000121_CMR,5.3383144e-05,1.0565468138463668e-05,740.0,5.3454799226845634e-05
FL-2007-000151-TCD,FL_2007_000151_TCD,5.1095438e-05,4.479107126580519e-05,430.0,5.121289877701149e-05
FL-2017-000091-MMR,FL_2017_000091_MMR,5.089265e-05,2.00556675239966e-05,600.0,5.0976770082644626e-05
FL-2007-000130-CIV,FL_2007_000130_CIV,4.5303168e-05,6.462808145215026e-05,350.0,4.543078255774648e-05
FL-1997-000207-SYC,FL_1997_000207_SYC,4.3966396e-05,0.0001757873451366,161.0,4.423125380722892e-05
FL-2013-000076-PRY,FL_2013_000076_PRY,4.392906e-05,3.286299060410912e-05,495.0,4.401691812e-05
FL-2012-000200-BFA,FL_2012_000200_BFA,4.372514e-05,9.9831334827055e-06,754.0,4.3782748880105404e-05
FL-1998-000165-CHN,FL_1998_000165_CHN,4.194403e-05,1.3356369199144288e-06,1071.0,4.198301144052044e-05
FL-1999-000244-VNM,FL_1999_000244_VNM,4.091793e-05,1.6684955630629806e-05,643.0,4.09810749537037e-05
FL-2017-000088-SDN,FL_2017_000088_SDN,3.942478e-05,0.0001572180501301,179.0,3.963904510869565e-05
FL-2013-000087-MMR,FL_2013_000087_MMR,3.7981023e-05,2.952468383664128e-05,515.0,3.805406342884615e-05
FF-2014-000059-SRB,FF_2014_000059_SRB,3.5165383e-05,0.0029758615410383,8.0,3.787041246153846e-05
FL-2020-000176-SDN,FL_2020_000176_SDN,3.4920624e-05,0.0001609588404443,175.0,3.511462746666666e-05
FL-2018-000124-MMR,FL_2018_000124_MMR,3.4602577e-05,2.332395032636002e-06,1002.0,3.4636939042701086e-05
FL-2019-000104-THA,FL_2019_000104_THA,3.2542943e-05,7.1951718625271695e-06,821.0,3.258234123607748e-05
FL-1999-000315-GHA,FL_1999_000315_GHA,3.2059146e-05,1.090621785529757e-05,735.0,3.210246917027027e-05
FF-2020-000158-SRB,FF_2020_000158_SRB,3.1339034e-05,1.1363341961592648e-06,1089.0,3.136768028336381e-05
FL-2021-000147-THA,FL_2021_000147_THA,2.8245498e-05,8.418980406000212e-06,790.0,2.8281026928301886e-05
FL-2010-000120-BRA,FL_2010_000120_BRA,2.7997625e-05,4.219864485539155e-05,446.0,2.805970399113082e-05
FL-2018-000015-BOL,FL_2018_000015_BOL,2.742155e-05,1.450255090551447e-05,672.0,2.7462054505169867e-05
FL-2021-000173-IDN,FL_2021_000173_IDN,2.728838e-05,0.0001505450132994,188.0,2.7429770569948186e-05
FL-2007-000220-SRB,FL_2007_000220_SRB,2.6249536e-05,1.8597269952741549e-06,1045.0,2.627453555809524e-05
FF-2009-000229-SOM,FF_2009_000229_SOM,2.5771642e-05,2.0261088544518075e-06,1026.0,2.5796638742967994e-05
FL-2015-000080-MMR,FL_2015_000080_MMR,2.550359e-05,9.446716670312872e-07,1102.0,2.55266284733514e-05
FL-2008-000126-TCD,FL_2008_000126_TCD,2.4494757e-05,6.798021687029248e-06,832.0,2.452402194265233e-05
FL-2002-000470-VNM,FL_2002_000470_VNM,2.3401117e-05,5.693432910724541e-06,857.0,2.34282644675174e-05
FL-2013-000125-BFA,FL_2013_000125_BFA,2.3347222e-05,1.453730907441934e-06,1061.0,2.3369123709193242e-05
FL-2022-000379-MYS,FL_2022_000379_MYS,2.1362752e-05,5.028319744125802e-05,408.0,2.1414477791767554e-05
FL-2007-000153-GHA,FL_2007_000153_GHA,2.0871154e-05,4.608015713259801e-06,903.0,2.0894139852422906e-05
FL-2011-000124-ETH,FL_2011_000124_ETH,2.0642765e-05,3.9771788306892856e-05,461.0,2.0687062778969953e-05
FL-2012-000140-MMR,FL_2012_000140_MMR,2.043463e-05,4.254726668402648e-05,444.0,2.0480141425389754e-05
FL-2009-000124-VNM,FL_2009_000124_VNM,1.9931733e-05,7.328604428933847e-08,1204.0,1.9948219131513647e-05
FL-2018-000154-GHA,FL_2018_000154_GHA,1.9767456e-05,1.1650471291913564e-06,1084.0,1.97856079338843e-05
FL-2021-000190-EGY,FL_2021_000190_EGY,1.9426523e-05,6.886738632993499e-05,340.0,1.948283176231884e-05
ST-1998-000296-PHL,ST_1998_000296_PHL,1.9241897e-05,0.0002666874984633,97.0,1.943054304901961e-05
FL-2011-000190-AGO,FL_2011_000190_AGO,1.8921859e-05,9.2567616192305e-06,766.0,1.8946400970168612e-05
FL-2019-000033-PRY,FL_2019_000033_PRY,1.8673218e-05,8.288265027098822e-05,304.0,1.873364912621359e-05
FL-2011-000106-GHA,FL_2011_000106_GHA,1.7805058e-05,2.221926220431329e-05,576.0,1.7835703538726335e-05
FL-2003-000196-ARG,FL_2003_000196_ARG,1.7770257e-05,2.118804493102645e-05,587.0,1.7800274326013517e-05
FL-1999-000213-IND,FL_1999_000213_IND,1.7728724e-05,8.696276606072222e-06,779.0,1.7751337168367346e-05
FL-2009-000268-AGO,FL_2009_000268_AGO,1.6317392e-05,0.0008236858041759,28.0,1.6811858424242424e-05
FL-2008-000095-SUR,FL_2008_000095_SUR,1.6155629e-05,2.738877919422597e-06,986.0,1.6171931350151364e-05
FL-2022-000321-CAF,FL_2022_000321_CAF,1.5425878e-05,3.9544812061036185e-05,464.0,1.5458768997867805e-05
FL-2019-000116-ETH,FL_2019_000116_ETH,1.5210229e-05,1.0558831895586278e-05,741.0,1.5230618046916888e-05
FL-2018-000128-SDN,FL_2018_000128_SDN,1.4654687e-05,0.0002018430747667,131.0,1.4762442051470588e-05
FL-2001-000029-BOL,FL_2001_000029_BOL,1.453861e-05,1.780652220229272e-06,1047.0,1.455242997148289e-05
FL-2007-000141-NGA,FL_2007_000141_NGA,1.4336857e-05,9.637699526247231e-06,759.0,1.4355622519633509e-05
FF-2007-000008-LKA,FF_2007_000008_LKA,1.2161147e-05,0.0099704933167971,2.0,1.3898453714285714e-05
FL-2006-000192-IDN,FL_2006_000192_IDN,1.3613132e-05,1.3543830163660592e-05,682.0,1.3632947330422125e-05
FL-2002-000788-LKA,FL_2002_000788_LKA,1.2582076e-05,0.0002743963489083,91.0,1.2713139291666668e-05
FL-2011-000084-IND,FL_2011_000084_IND,1.2464046e-05,2.746169315933888e-05,530.0,1.2487343282242992e-05
FF-2017-000101-VNM,FF_2017_000101_VNM,1.2422723e-05,3.435879082710667e-08,1211.0,1.2432939055098684e-05
FL-1995-000012-PHL,FL_1995_000012_PHL,1.2356736e-05,0.0001448126001409,195.0,1.2418519679999998e-05
FL-2016-000058-MMR,FL_2016_000058_MMR,1.198603e-05,0.0002694726247135,96.0,1.2104703564356436e-05
FL-1997-000177-MMR,FL_1997_000177_MMR,1.2082396e-05,1.441711709160593e-07,1192.0,1.209248989807853e-05
FL-2021-000108-SSD,FL_2021_000108_SSD,1.1724612e-05,8.860564631152815e-06,773.0,1.1739682195372752e-05
FL-2010-000136-YEM,FL_2010_000136_YEM,1.1360731e-05,9.974012836569764e-06,755.0,1.1375679330263157e-05
FL-2011-000118-GTM,FL_2011_000118_GTM,1.0847818e-05,8.16697215689389e-05,309.0,1.0882365191082805e-05
FL-2009-000187-CIV,FL_2009_000187_CIV,1.0078349e-05,3.13158847795829e-05,505.0,1.0098110468627451e-05
FL-2020-000172-MMR,FL_2020_000172_MMR,9.954317e-06,1.8889893782222432e-05,616.0,9.970346495974236e-06
FL-2016-000084-PHL,FL_2016_000084_PHL,9.886369e-06,0.0001185838474938,230.0,9.928438655319147e-06
FL-2010-000046-MOZ,FL_2010_000046_MOZ,9.8721985e-06,4.896828177273791e-05,418.0,9.895537030732859e-06
FF-2008-000202-MAR,FF_2008_000202_MAR,9.4401275e-06,0.0002432416988831,104.0,9.526734174311926e-06
FL-2017-000054-BFA,FL_2017_000054_BFA,9.509857e-06,2.9934520893163354e-06,972.0,9.51959073285568e-06
FL-2010-000194-VNM,FL_2010_000194_VNM,9.484876e-06,9.234700670676153e-08,1199.0,9.492753803986712e-06
FL-2010-000139-SDN,FL_2010_000139_SDN,9.214636e-06,1.8479813266438257e-05,619.0,9.229403044871794e-06
FL-2019-000052-SRB,FL_2019_000052_SRB,9.036883e-06,7.825685892071884e-08,1201.0,9.044376269485903e-06
FL-1994-000007-VNM,FL_1994_000007_VNM,9.007073e-06,9.54770785825404e-07,1101.0,9.015216827305604e-06
FL-2006-000125-THA,FL_2006_000125_THA,8.950477e-06,2.869099163317017e-06,980.0,8.959563778680204e-06
FL-2020-000190-NER,FL_2020_000190_NER,8.903771e-06,0.0001125310234121,240.0,8.94011292244898e-06
FL-2007-000093-SDN,FL_2007_000093_SDN,8.84851e-06,1.526549378896661e-05,659.0,8.86183606927711e-06
FL-2005-000129-SDN,FL_2005_000129_SDN,8.782519e-06,8.870799033764579e-07,1107.0,8.790416948741008e-06
FL-2017-000095-GHA,FL_2017_000095_GHA,8.596675e-06,8.384257517165344e-05,301.0,8.624768709150327e-06
FL-2010-000245-MAR,FL_2010_000245_MAR,8.236968e-06,4.832291574077021e-05,420.0,8.256349101176471e-06
FL-2011-000120-SDN,FL_2011_000120_SDN,8.1876515e-06,8.301585160616599e-05,303.0,8.21423478409091e-06
FL-2013-000028-NAM,FL_2013_000028_NAM,7.855595e-06,6.223961877294903e-05,358.0,7.877235757575757e-06
FL-2001-000696-BRA,FL_2001_000696_BRA,7.817258e-06,0.0001911024563385,143.0,7.870077310810812e-06
FL-1998-000040-URY,FL_1998_000040_URY,7.814679e-06,1.1157700839165595e-06,1091.0,7.821809181569344e-06
FL-2008-000175-UGA,FL_2008_000175_UGA,7.1854615e-06,1.3792106819432024e-05,680.0,7.1959512248175176e-06
FL-2006-000029-NAM,FL_2006_000029_NAM,7.168874e-06,1.2737134334356829e-05,700.0,7.179042615602836e-06
FL-2003-000368-SDN,FL_2003_000368_SDN,7.1635823e-06,1.1032855738957036e-05,732.0,7.173302221709635e-06
FL-1991-000010-PHL,FL_1991_000010_PHL,6.868147e-06,0.0003208572541452,78.0,6.950895759036144e-06
FL-2006-000010-BOL,FL_2006_000010_BOL,6.799938e-06,1.929634557079632e-06,1037.0,6.806463852207292e-06
FL-1990-000004-VNM,FL_1990_000004_VNM,6.7523374e-06,1.556023895980101e-07,1191.0,6.757983167056856e-06
FL-2015-000153-IRQ,FL_2015_000153_IRQ,6.672371e-06,3.2328687761798175e-05,499.0,6.685609831349206e-06
FL-1999-000235-IRN,FL_1999_000235_IRN,6.664437e-06,6.350218737451608e-05,355.0,6.682949324999999e-06
FL-2022-000349-CMR,FL_2022_000349_CMR,6.6348043e-06,1.929715650187605e-05,610.0,6.645592599674798e-06
FL-2022-000328-HND,FL_2022_000328_HND,6.3792204e-06,6.0474601092166734e-05,365.0,6.396461536216216e-06
FL-2008-000038-ARG,FL_2008_000038_ARG,6.3738116e-06,7.597410173023557e-08,1202.0,6.379092305550953e-06
FL-2006-000191-LKA,FL_2006_000191_LKA,6.1232363e-06,0.0002218465023915,118.0,6.173018708943089e-06
FL-2020-000202-GIN,FL_2020_000202_GIN,6.0834277e-06,0.000197907715293,135.0,6.126880755e-06
FL-2021-000152-GEO,FL_2021_000152_GEO,6.111133e-06,5.4089645532221824e-05,391.0,6.126565154040405e-06
FL-1999-000253-PHL,FL_1999_000253_PHL,6.075716e-06,4.633154239199262e-05,424.0,6.089878508158508e-06
FL-2011-000131-GIN,FL_2011_000131_GIN,6.062106e-06,6.011793989705626e-06,851.0,6.06918789953271e-06
FL-2021-000078-GTM,FL_2021_000078_GTM,6.0450598e-06,0.0001083469473277,253.0,6.068490264341085e-06
FF-2004-000060-VNM,FF_2004_000060_VNM,5.9307195e-06,1.0175537037528964e-05,750.0,5.938574757615894e-06
FL-2009-000132-GHA,FL_2009_000132_GHA,5.8960663e-06,1.4925972735231158e-05,663.0,5.904892746556887e-06
FL-2020-000132-UGA,FL_2020_000132_UGA,5.8354995e-06,4.935850281891377e-07,1143.0,5.84058268771777e-06
FL-2012-000066-COM,FL_2012_000066_COM,5.7448005e-06,3.071443970941027e-05,508.0,5.755998941520469e-06
FF-2019-000068-VNM,FF_2019_000068_VNM,5.731394e-06,7.794934807312203e-06,805.0,5.738469795061729e-06
FL-2006-000112-ETH,FL_2006_000112_ETH,5.6680715e-06,1.0720167370030894e-05,738.0,5.675700129205922e-06
FL-2019-000032-BOL,FL_2019_000032_BOL,5.585822e-06,3.636084511848491e-05,486.0,5.597198419551934e-06
FL-2001-000019-MOZ,FL_2001_000019_MOZ,5.571926e-06,0.0001231741200448,221.0,5.596580539823008e-06
FL-2010-000072-RUS,FL_2010_000072_RUS,5.563088e-06,2.550435497773766e-05,544.0,5.573221129326047e-06
FL-2014-000008-BOL,FL_2014_000008_BOL,5.4140082e-06,0.0001069278725414,256.0,5.4347515264367825e-06
FL-2017-000137-SSD,FL_2017_000137_SSD,5.4003085e-06,9.790496816285474e-05,273.0,5.419734070143885e-06
FL-2001-000407-IDN,FL_2001_000407_IDN,5.34182e-06,1.4181359823069164e-05,676.0,5.349664082232011e-06
FL-2001-000417-SDN,FL_2001_000417_SDN,5.203912e-06,1.9438608009162743e-06,1034.0,5.208920577478345e-06
FL-2018-000028-BWA,FL_2018_000028_BWA,4.954674e-06,1.1303139053446295e-05,727.0,4.961442680327869e-06
FL-1998-000329-BEN,FL_1998_000329_BEN,4.819371e-06,1.1710598288611038e-05,715.0,4.826064570833333e-06
FL-2001-000549-GIN,FL_2001_000549_GIN,4.714298e-06,0.0001907241570402,144.0,4.745937583892618e-06
FL-2013-000095-PHL,FL_2013_000095_PHL,4.549125e-06,0.0002471382313723,103.0,4.591246527777778e-06
FF-2016-000034-YEM,FF_2016_000034_YEM,4.472714e-06,0.0002896521715813,86.0,4.521864703296703e-06
FL-2009-000087-VUT,FL_2009_000087_VUT,4.3474915e-06,2.3040803975266667e-05,570.0,4.355052354782609e-06
FL-2020-000198-SEN,FL_2020_000198_SEN,4.299021e-06,3.0961255862592944e-05,506.0,4.307433956947162e-06
FL-2006-000062-THA,FL_2006_000062_THA,4.2738147e-06,2.376792084865929e-05,560.0,4.28137897380531e-06
FL-2007-000132-BFA,FL_2007_000132_BFA,4.0806513e-06,2.0668619009705074e-06,1021.0,4.084628542982456e-06
FL-2009-000267-SRB,FL_2009_000267_SRB,4.0440164e-06,2.361757291851834e-05,562.0,4.0511487040564375e-06
FL-2009-000034-MAR,FL_2009_000034_MAR,3.9627357e-06,7.594539271633208e-06,811.0,3.967591993749999e-06
FL-2007-000231-BOL,FL_2007_000231_BOL,3.909226e-06,7.146069474239696e-07,1123.0,3.912691625886524e-06
FL-2012-000098-GTM,FL_2012_000098_GTM,3.7570726e-06,3.39558292299975e-06,950.0,3.7610067074345554e-06
FL-2006-000120-BFA,FL_2006_000120_BFA,3.738554e-06,1.9254373153501077e-06,1038.0,3.7421384237775647e-06
FL-2009-000172-BFA,FL_2009_000172_BFA,3.605925e-06,3.30839890787222e-06,956.0,3.6096772632674296e-06
FL-2010-000014-SLB,FL_2010_000014_SLB,3.5105338e-06,7.389065571590457e-06,816.0,3.514809724238733e-06
FL-2021-000043-YEM,FL_2021_000043_YEM,3.5032338e-06,7.364575091140705e-05,328.0,3.513754021621622e-06
FL-2002-000808-MWI,FL_2002_000808_MWI,3.4426525e-06,0.0001739162516118,162.0,3.4632671856287426e-06
FL-2007-000012-BOL,FL_2007_000012_BOL,3.3346098e-06,4.821820194368034e-06,890.0,3.338335621005587e-06
FL-2011-000196-IDN,FL_2011_000196_IDN,3.2054343e-06,6.526150085961145e-07,1128.0,3.2082634564872026e-06
FF-2013-000091-SDN,FF_2013_000091_SDN,3.0843132e-06,3.399672182106722e-07,1166.0,3.0869471139197267e-06
FL-2006-000123-SDN,FL_2006_000123_SDN,2.9940672e-06,4.611133219987755e-06,902.0,2.997368266372657e-06
FL-2007-000194-GTM,FL_2007_000194_GTM,2.9671062e-06,6.766220643342995e-05,342.0,2.9756569383285302e-06
FL-2005-000051-AGO,FL_2005_000051_AGO,2.8221316e-06,0.0005101120512989,46.0,2.87746751372549e-06
FL-2021-000153-UGA,FL_2021_000153_UGA,2.8481193e-06,8.434690975917115e-07,1112.0,2.8506690934646375e-06
FL-2013-000070-IND,FL_2013_000070_IND,2.8165357e-06,1.9257763177084817e-05,611.0,2.8211079982142858e-06
FF-2021-000090-SDN,FF_2021_000090_SDN,2.8025715e-06,8.344460665515572e-06,792.0,2.8060879008782934e-06
FL-2000-000444-IND,FL_2000_000444_IND,2.7208168e-06,1.5940052864160562e-05,652.0,2.7249580736681887e-06
FL-2000-000299-GTM,FL_2000_000299_GTM,2.6271898e-06,0.0001407487912734,198.0,2.640131621674877e-06
ST-2012-000077-CHN,ST_2012_000077_CHN,2.5813888e-06,0.0003867621457593,63.0,2.6193504e-06
FF-2011-000071-GEO,FF_2011_000071_GEO,2.5906054e-06,1.1389588925213264e-05,724.0,2.5941590425240054e-06
FL-2007-000145-ETH,FL_2007_000145_ETH,2.5671789e-06,2.056539126854073e-05,597.0,2.5714433167774086e-06
FL-2011-000020-BOL,FL_2011_000020_BOL,2.563046e-06,1.47304351764009e-05,665.0,2.566871441791045e-06
FL-2010-000242-AGO,FL_2010_000242_AGO,2.4966519e-06,1.1813047328856195e-05,713.0,2.500129131058496e-06
FF-2012-000102-PHL,FF_2012_000102_PHL,2.4397843e-06,0.0002511882583324,102.0,2.4625860224299063e-06
FL-1997-000025-MWI,FL_1997_000025_MWI,2.442191e-06,0.0001229785732288,222.0,2.452949550660793e-06
FL-2011-000038-KAZ,FL_2011_000038_KAZ,2.2549318e-06,2.8426222845216563e-06,981.0,2.257218749087221e-06
FL-2006-000068-CHN,FL_2006_000068_CHN,2.2132842e-06,2.59597825662316e-06,991.0,2.215506372891566e-06
FL-1998-000392-IND,FL_1998_000392_IND,2.1649355e-06,4.60302810204668e-05,426.0,2.169958552204176e-06
FL-2015-000006-MWI,FL_2015_000006_MWI,2.1481937e-06,0.0001201949455332,227.0,2.1574531556034484e-06
FL-2019-000009-ARG,FL_2019_000009_ARG,2.1368232e-06,9.516462174833173e-06,761.0,2.1396127864229767e-06
FL-2011-000108-SEN,FL_2011_000108_SEN,2.1212716e-06,1.8664028810081129e-06,1044.0,2.1232937845567204e-06
FL-2002-000321-HTI,FL_2002_000321_HTI,2.0472921e-06,1.6577696211959002e-05,644.0,2.050446633281972e-06
FL-2017-000139-ETH,FL_2017_000139_ETH,2.0225011e-06,7.607827448296213e-05,323.0,2.0286672618902434e-06
FF-2022-000274-IRN,FF_2022_000274_IRN,2.0147934e-06,6.563040535300358e-07,1126.0,2.016574826525199e-06
FL-2022-000290-SEN,FL_2022_000290_SEN,1.96781e-06,2.427546665640942e-05,553.0,1.9713365412186382e-06
FL-2003-000012-BOL,FL_2003_000012_BOL,1.935535e-06,1.1281329466447887e-06,1090.0,1.937302611872146e-06
FL-2022-000292-LAO,FL_2022_000292_LAO,1.9026552e-06,3.372338559509145e-05,492.0,1.9064834800804826e-06
FL-2006-000018-IRQ,FL_2006_000018_IRQ,1.8577346e-06,0.0002293496631977,113.0,1.873478113559322e-06
FL-2002-000373-GHA,FL_2002_000373_GHA,1.8437702e-06,1.9136983909779257e-05,612.0,1.8467584823338735e-06
FL-2006-000158-PRK,FL_2006_000158_PRK,1.8436403e-06,4.59261266271387e-06,905.0,1.8456662783516485e-06
FL-2014-000030-PRY,FL_2014_000030_PRY,1.8164817e-06,0.0001120008508948,246.0,1.823718678884462e-06
FL-2019-000098-CAF,FL_2019_000098_CAF,1.8009604e-06,5.964125811424758e-06,854.0,1.8030569778812571e-06
FL-2013-000055-UGA,FL_2013_000055_UGA,1.7842785e-06,1.260523877222536e-05,702.0,1.7868022319660535e-06
FL-1998-000224-SVK,FL_1998_000224_SVK,1.6997814e-06,5.174813002649065e-06,875.0,1.7017129697727275e-06
FL-2020-000210-VNM,FL_2020_000210_VNM,1.686216e-06,9.344242508071644e-06,763.0,1.6884115937499998e-06
FL-2015-000110-ARG,FL_2015_000110_ARG,1.6778762e-06,2.0073266771136544e-06,1028.0,1.6795004751210066e-06
FL-2010-000036-CYP,FL_2010_000036_CYP,1.6650832e-06,1.3806802954269575e-06,1067.0,1.6666364492537313e-06
FL-2012-000175-GMB,FL_2012_000175_GMB,1.6386879e-06,5.747460493597434e-05,377.0,1.6429776589005238e-06
FL-2018-000077-CIV,FL_2018_000077_CIV,1.6374975e-06,1.4569199956281508e-05,669.0,1.6399270215133533e-06
FL-2003-000621-BOL,FL_2003_000621_BOL,1.6126155e-06,2.1427417438679767e-05,586.0,1.615344121827411e-06
FL-2014-000154-IDN,FL_2014_000154_IDN,1.6077917e-06,0.0001314414719356,210.0,1.6152698009302327e-06
FL-2003-000316-IND,FL_2003_000316_IND,1.5583468e-06,2.0041043663154015e-05,601.0,1.5609183293729372e-06
FL-2017-000130-GTM,FL_2017_000130_GTM,1.5407891e-06,0.000214556629093,122.0,1.5529212976377953e-06
FL-2015-000064-IND,FL_2015_000064_IND,1.5101838e-06,8.18915406753171e-05,308.0,1.515008668370607e-06
FL-2010-000118-GHA,FL_2010_000118_GHA,1.5110215e-06,1.7670094134603326e-05,628.0,1.5134085797788312e-06
FL-2013-000081-PRK,FL_2013_000081_PRK,1.4865593e-06,0.0003938652903727,62.0,1.5087467522388061e-06
FL-2013-000006-IDN,FL_2013_000006_IDN,1.4911452e-06,2.101133279725484e-06,1019.0,1.492601396484375e-06
FL-2010-000161-MYS,FL_2010_000161_MYS,1.4312093e-06,1.547204315259841e-05,658.0,1.4333679867269985e-06
FL-2014-000159-MAR,FL_2014_000159_MAR,1.4212859e-06,0.0001558146935994,182.0,1.4288863593582887e-06
FL-2010-000008-BOL,FL_2010_000008_BOL,1.4095282e-06,8.068427009073821e-06,799.0,1.4112813445273632e-06
FL-2007-000197-COD,FL_2007_000197_COD,1.3878192e-06,5.758853840956614e-06,856.0,1.3894310689895471e-06
FL-2012-000172-MLI,FL_2012_000172_MLI,1.3764109e-06,2.9163694309130007e-05,518.0,1.3790426608030592e-06
FL-2009-000045-BOL,FL_2009_000045_BOL,1.365297e-06,3.2894458218043994e-05,494.0,1.3680330661322644e-06
FL-2012-000110-IND,FL_2012_000110_IND,1.3489172e-06,0.0001834257104839,150.0,1.357619891612903e-06
FL-2016-000025-SRB,FL_2016_000025_SRB,1.3232462e-06,5.65030729062893e-06,859.0,1.3247777349537037e-06
FL-2008-000158-PAN,FL_2008_000158_PAN,1.3125701e-06,1.2515835271124429e-05,704.0,1.3144213977433005e-06
FL-2013-000004-KEN,FL_2013_000004_KEN,1.311663e-06,3.249942614403875e-06,961.0,1.3130208291925463e-06
FL-2002-000110-BOL,FL_2002_000110_BOL,1.2462096e-06,7.83156387552393e-06,804.0,1.2477500321384424e-06
FL-2003-000028-BRA,FL_2003_000028_BRA,1.2196331e-06,0.00015624290306,181.0,1.226190267204301e-06
FL-2009-000239-BRA,FL_2009_000239_BRA,1.2162509e-06,9.920983320225256e-05,270.0,1.2206736305454546e-06
FF-2012-000107-SLB,FF_2012_000107_SLB,1.1910153e-06,1.0072529608302642e-05,752.0,1.1925886359313076e-06
FL-1999-000423-TGO,FL_1999_000423_TGO,1.1782032e-06,3.5858938460873072e-06,938.0,1.1794526201484624e-06
FL-2008-000180-NIC,FL_2008_000180_NIC,1.1550171e-06,0.0001091015529728,250.0,1.1595465788235293e-06
FL-2010-000179-ETH,FL_2010_000179_ETH,1.1298175e-06,1.2344631281822987e-06,1077.0,1.1308616936229204e-06
FL-2009-000089-BRA,FL_2009_000089_BRA,1.1107078e-06,0.0004571325989217,51.0,1.1305418678571427e-06
FL-2001-000492-VNM,FL_2001_000492_VNM,1.1254184e-06,6.154171270498128e-05,359.0,1.1285102087912089e-06
FL-2001-000180-IRN,FL_2001_000180_IRN,1.1105576e-06,5.099618835686586e-05,405.0,1.1132662770731707e-06
FL-2012-000013-ECU,FL_2012_000013_ECU,1.074309e-06,3.0975035082656204e-07,1172.0,1.0752217519116399e-06
FL-2009-000121-CZE,FL_2009_000121_CZE,1.0732349e-06,1.233725886528988e-06,1078.0,1.0742258832871651e-06
FL-2009-000170-MRT,FL_2009_000170_MRT,1.0566678e-06,3.876981053418548e-05,470.0,1.0588923637894737e-06
FL-2019-000022-IRN,FL_2019_000022_IRN,1.050585e-06,0.0001086712711509,251.0,1.05468884765625e-06
FL-2007-000189-NIC,FL_2007_000189_NIC,1.0389479e-06,0.0001992934849023,134.0,1.046422345323741e-06
FL-2013-000101-LAO,FL_2013_000101_LAO,1.040844e-06,4.882546976562718e-06,887.0,1.0420108654708521e-06
FF-2008-000141-ETH,FF_2008_000141_ETH,1.0284364e-06,5.146842751782556e-05,403.0,1.0309570774509805e-06
FL-2000-000806-FJI,FL_2000_000806_FJI,9.926961e-07,2.659777296247636e-07,1178.0,9.935352344885885e-07
FL-2019-000064-SDN,FL_2019_000064_SDN,9.79739e-07,5.059175747008239e-06,879.0,9.80847302036199e-07
FL-2011-000137-VNM,FL_2011_000137_VNM,9.798e-07,3.2946534532826778e-06,958.0,9.80817445482866e-07
FL-2005-000104-IND,FL_2005_000104_IND,9.777452e-07,2.023017827779651e-05,599.0,9.793639834437087e-07
FL-1999-000350-CRI,FL_1999_000350_CRI,9.749474e-07,8.494808346906559e-06,785.0,9.761815106329114e-07
FL-2013-000020-BOL,FL_2013_000020_BOL,9.659522e-07,1.89147952186498e-06,1043.0,9.668739101145036e-07
FL-2017-000053-THA,FL_2017_000053_THA,9.603548e-07,0.0001520847259487,185.0,9.654092989473686e-07
FF-2013-000100-RUS,FF_2013_000100_RUS,9.126436e-07,1.3831509333465153e-05,679.0,9.13977874269006e-07
FL-2019-000156-DJI,FL_2019_000156_DJI,9.016198e-07,0.000166849061536,168.0,9.068314751445088e-07
FL-2011-000091-BEN,FL_2011_000091_BEN,8.964849e-07,7.1170116322631685e-06,826.0,8.975637025270759e-07
FL-2007-000040-HTI,FL_2007_000040_HTI,8.747019e-07,0.0005422259591546,42.0,8.933125787234041e-07
FL-1998-000193-ROM,FL_1998_000193_ROM,8.7611505e-07,3.790283210310902e-07,1162.0,8.768657912596402e-07
FL-2002-000374-IND,FL_2002_000374_IND,8.671765e-07,1.6878806861301737e-05,638.0,8.685251415241058e-07
FL-1999-000160-PER,FL_1999_000160_PER,8.1750534e-07,4.436347439152824e-05,433.0,8.193717905479453e-07
FL-2002-000641-THA,FL_2002_000641_THA,7.608554e-07,1.1989306082161847e-05,709.0,7.619210238095238e-07
FL-2019-000103-LAO,FL_2019_000103_LAO,7.492608e-07,6.214330652511947e-06,844.0,7.501433215547703e-07
FL-2020-000164-IND,FL_2020_000164_IND,7.40035e-07,0.0002154000728206,121.0,7.459082936507937e-07
FL-2009-000265-MAR,FL_2009_000265_MAR,7.3397183e-07,1.067373844764113e-06,1093.0,7.346402925045537e-07
FL-2008-000074-BFA,FL_2008_000074_BFA,7.323465e-07,3.907583211949961e-06,922.0,7.331365177993528e-07
FL-1997-000022-BOL,FL_1997_000022_BOL,7.1241686e-07,4.768547608589311e-07,1148.0,7.130347410581093e-07
FL-2016-000080-BFA,FL_2016_000080_BFA,7.1094695e-07,4.061119559595087e-07,1155.0,7.115598353017241e-07
FL-2006-000001-IDN,FL_2006_000001_IDN,7.0204294e-07,0.000144194442839,196.0,7.055356909452738e-07
FL-2012-000005-BOL,FL_2012_000005_BOL,6.910576e-07,8.10091029580204e-06,797.0,6.919192678304239e-07
FL-2008-000035-PRY,FL_2008_000035_PRY,6.8781264e-07,0.0001287170466385,216.0,6.909249143891403e-07
FL-1997-000199-BEN,FL_1997_000199_BEN,6.825172e-07,2.3317544339808248e-05,568.0,6.837083294938917e-07
FL-2008-000166-GTM,FL_2008_000166_GTM,6.749964e-07,0.0002736283086538,93.0,6.818841183673468e-07
FL-1999-000071-MOZ,FL_1999_000071_MOZ,6.7755235e-07,5.699774392240293e-05,382.0,6.7930313126615e-07
FL-2016-000124-COD,FL_2016_000124_COD,6.312046e-07,1.1939507512110144e-06,1081.0,6.317858197053408e-07
FL-2022-000213-IND,FL_2022_000213_IND,6.159486e-07,3.2807314297589705e-06,959.0,6.165875508298756e-07
FL-2007-000161-UGA,FL_2007_000161_UGA,5.726999e-07,0.0005773634285488,39.0,5.857158068181819e-07
FF-2007-000113-GMB,FF_2007_000113_GMB,5.8212015e-07,3.7454766042372e-05,476.0,5.83330379002079e-07
FF-2018-000118-LAO,FF_2018_000118_LAO,5.735168e-07,3.708087712438934e-05,479.0,5.747017520661157e-07
FL-1993-000013-PHL,FL_1993_000013_PHL,5.6202254e-07,1.9505406200882724e-05,605.0,5.629438884262295e-07
FL-2002-000350-CHN,FL_2002_000350_CHN,5.5526743e-07,1.132371825285009e-05,725.0,5.560280703150685e-07
FF-2022-000309-SLE,FF_2022_000309_SLE,5.407539e-07,7.216919497401807e-05,333.0,5.423537636094674e-07
FL-1997-000144-CHN,FL_1997_000144_CHN,5.1546243e-07,9.516888203984674e-06,760.0,5.161362370980392e-07
FL-1997-000143-POL,FL_1997_000143_POL,5.0078444e-07,4.1461882438208776e-05,453.0,5.018778558078603e-07
FL-1999-000265-TCD,FL_1999_000265_TCD,4.955736e-07,0.0001136643111839,238.0,4.976129975308643e-07
FL-2015-000105-GIN,FL_2015_000105_GIN,4.9242584e-07,1.701478281782538e-05,635.0,4.93195255375e-07
FL-2021-000066-GUY,FL_2021_000066_GUY,4.7972065e-07,7.709788835796694e-05,322.0,4.811876856269113e-07
FL-2004-000031-CHN,FL_2004_000031_CHN,4.585826e-07,8.464956715450264e-06,786.0,4.5916235044247783e-07
FL-2006-000124-UGA,FL_2006_000124_UGA,4.5765336e-07,1.1496462354195907e-05,719.0,4.582854779005525e-07
FL-2006-000070-IND,FL_2006_000070_IND,4.5528765e-07,0.000115862581266,233.0,4.5720062331932774e-07
FL-2018-000092-MNG,FL_2018_000092_MNG,4.4918878e-07,7.293320040227618e-05,330.0,4.505296420298507e-07
FL-2007-000076-KEN,FL_2007_000076_KEN,4.3458886e-07,0.0003076099903703,80.0,4.397016701176471e-07
FL-2010-000003-KEN,FL_2010_000003_KEN,4.3282566e-07,0.0003067149051106,81.0,4.3785851651162796e-07
FL-2003-000204-KEN,FL_2003_000204_KEN,4.3579777e-07,1.633654289493039e-05,647.0,4.3646617148773006e-07
FL-2008-000154-MEX,FL_2008_000154_MEX,4.3116611e-07,9.33576704299373e-05,285.0,4.326528896896551e-07
FL-2018-000134-IND,FL_2018_000134_IND,4.2229294e-07,2.687858813038169e-06,988.0,4.227182098288016e-07
FL-2002-000510-MEX,FL_2002_000510_MEX,4.1570806e-07,0.0004252260484107,56.0,4.2252294622950823e-07
FL-1997-000301-UGA,FL_1997_000301_UGA,4.082255e-07,4.622033673650426e-06,900.0,4.0867657790055246e-07
FL-2018-000034-BLR,FL_2018_000034_BLR,3.9167392e-07,1.8991976813671932e-07,1186.0,3.920027813937867e-07
FL-2016-000009-IDN,FL_2016_000009_IDN,3.9049718e-07,5.131842387063777e-05,404.0,3.9145194083129584e-07
FL-2010-000162-HND,FL_2010_000162_HND,3.821679e-07,0.0006614171612288,37.0,3.912671357142857e-07
FL-2005-000070-YEM,FL_2005_000070_YEM,3.8654863e-07,5.591328253506702e-05,385.0,3.8753978033333334e-07
FL-2017-000052-RUS,FL_2017_000052_RUS,3.811774e-07,3.220296070792942e-05,500.0,3.8193220673267327e-07
FL-2019-000014-MWI,FL_2019_000014_MWI,3.7984995e-07,7.361649883930832e-06,819.0,3.803109329490291e-07
FL-2008-000102-CIV,FL_2008_000102_CIV,3.760891e-07,0.0001362521998828,203.0,3.7789722067307693e-07
FL-2006-000169-SOM,FL_2006_000169_SOM,3.673517e-07,0.0006760621188118,35.0,3.7653549249999996e-07
FL-2011-000063-HTI,FL_2011_000063_HTI,3.6839094e-07,1.2778436790838325e-05,699.0,3.689142225852273e-07
FF-2007-000070-CHN,FF_2007_000070_CHN,3.6605854e-07,3.8540681617079375e-06,925.0,3.6645215133333327e-07
FL-1998-000213-KGZ,FL_1998_000213_KGZ,3.6208766e-07,4.260307035785115e-06,912.0,3.6248252113413305e-07
FL-2010-000125-IND,FL_2010_000125_IND,3.6019748e-07,4.109984112781535e-05,454.0,3.6098222396514154e-07
FL-2021-000061-MYS,FL_2021_000061_MYS,3.5756324e-07,3.258182946670365e-06,960.0,3.5793377185492226e-07
FL-2000-000302-CHN,FL_2000_000302_CHN,3.5648344e-07,1.0461578035285746e-05,743.0,3.569600221390374e-07
FL-2000-000408-VNM,FL_2000_000408_VNM,3.5388783e-07,4.771861318717153e-06,897.0,3.542801668403548e-07
FL-2013-000050-ETH,FL_2013_000050_ETH,3.4127922e-07,1.8901566921363205e-05,615.0,3.418296703548388e-07
FL-2022-000164-ECU,FL_2022_000164_ECU,3.3965617e-07,4.667951164275407e-06,899.0,3.400318958517699e-07
FL-2020-000029-TZA,FL_2020_000029_TZA,3.3443519e-07,0.0001280241659075,217.0,3.359416548198198e-07
FL-2012-000043-KGZ,FL_2012_000043_KGZ,3.3157247e-07,9.272207451735546e-06,765.0,3.320030835974026e-07
FL-2002-000607-ALB,FL_2002_000607_ALB,3.238533e-07,7.503080999612085e-06,813.0,3.2424920867970656e-07
FL-2013-000157-BRA,FL_2013_000157_BRA,3.215796e-07,3.249456513880764e-05,497.0,3.22220196812749e-07
FF-2012-000101-GAB,FF_2012_000101_GAB,3.2077273e-07,5.568023078155296e-06,860.0,3.211435655260116e-07
FL-2016-000102-SEN,FL_2016_000102_SEN,3.193074e-07,2.371308783452161e-05,561.0,3.1987154734982335e-07
FL-2010-000262-ECU,FL_2010_000262_ECU,3.047161e-07,6.216924151059063e-07,1132.0,3.049841000879507e-07
FL-2002-000225-ETH,FL_2002_000225_ETH,3.018331e-07,5.368383351080376e-05,394.0,3.0258957393483707e-07
FL-2021-000019-PER,FL_2021_000019_PER,3.016725e-07,3.835770782251557e-05,473.0,3.023036140167364e-07
FL-2012-000210-MWI,FL_2012_000210_MWI,3.0173896e-07,1.6724049416630555e-05,642.0,3.0220532624420404e-07
FL-2012-000153-IDN,FL_2012_000153_IDN,2.996001e-07,1.159738500672477e-05,717.0,3.0001505858725766e-07
FL-2010-000195-MLI,FL_2010_000195_MLI,2.9053777e-07,2.2786349749421693e-06,1007.0,2.908248626581028e-07
FF-2007-000083-IND,FF_2007_000083_IND,2.88001e-07,0.0001242862921676,220.0,2.892810044444445e-07
FF-2013-000113-ROM,FF_2013_000113_ROM,2.882387e-07,8.978397442654624e-06,771.0,2.886101416237113e-07
FL-2012-000157-CMR,FL_2012_000157_CMR,2.8174267e-07,4.43974388384896e-05,432.0,2.823873900686499e-07
FL-2022-000356-ETH,FL_2022_000356_ETH,2.7886983e-07,6.03689594110985e-05,366.0,2.796215007008086e-07
FL-2009-000186-TCD,FL_2009_000186_TCD,2.6301657e-07,0.0001665554615392,169.0,2.6452815948275864e-07
FL-1997-000137-CHL,FL_1997_000137_CHL,2.6151045e-07,5.683422035926932e-06,858.0,2.618134748551564e-07
FL-2018-000112-GEO,FL_2018_000112_GEO,2.608165e-07,4.338783275252776e-06,911.0,2.6110123417030567e-07
FL-2002-000522-KHM,FL_2002_000522_KHM,2.6073022e-07,8.681169883997224e-06,781.0,2.610619378371501e-07
FL-2015-000065-GHA,FL_2015_000065_GHA,2.5927787e-07,6.557208464143672e-06,837.0,2.595858009619952e-07
FL-2005-000166-CRI,FL_2005_000166_CRI,2.5355786e-07,1.411460505901076e-05,677.0,2.539296457184751e-07
FL-2012-000128-SSD,FL_2012_000128_SSD,2.52674e-07,2.465947145023984e-05,552.0,2.5312763375224417e-07
FL-2003-000331-CHN,FL_2003_000331_CHN,2.3902578e-07,5.823448284461281e-07,1137.0,2.3923508453590194e-07
FF-2016-000093-LAO,FF_2016_000093_LAO,2.253698e-07,2.956593164519899e-07,1176.0,2.2556062963590175e-07
FL-2007-000176-CRI,FL_2007_000176_CRI,2.23231e-07,2.5098103633757253e-06,997.0,2.234537854291417e-07
FL-2016-000117-ALB,FL_2016_000117_ALB,2.218718e-07,1.9301679586442268e-06,1036.0,2.2208493333333331e-07
FL-2019-000094-GTM,FL_2019_000094_GTM,2.1980156e-07,0.000168103424153,166.0,2.2108694923976607e-07
FL-2014-000005-IDN,FL_2014_000005_IDN,2.1902258e-07,4.952555945104709e-08,1209.0,2.1920299398682044e-07
FL-2007-000165-BEN,FL_2007_000165_BEN,2.1355964e-07,2.395969133870683e-05,556.0,2.139403167201426e-07
FL-2003-000227-CHN,FL_2003_000227_CHN,2.0485085e-07,5.023914061013584e-06,880.0,2.0508231988700565e-07
FL-2007-000131-SEN,FL_2007_000131_SEN,2.0399877e-07,3.6508398267476494e-06,934.0,2.04216021086262e-07
FF-2020-000221-SOM,FF_2020_000221_SOM,1.9866947e-07,1.833702036593761e-05,621.0,1.9898683337060702e-07
FL-1998-000080-ARG,FL_1998_000080_ARG,1.9464962e-07,3.025085648382665e-07,1174.0,1.9481471721798136e-07
FL-2009-000140-MNG,FL_2009_000140_MNG,1.9071494e-07,0.0001344763433958,206.0,1.916188022748815e-07
FF-2019-000054-YEM,FF_2019_000054_YEM,1.8939664e-07,6.160293237589884e-06,847.0,1.896189365258216e-07
FL-2002-000367-SRB,FL_2002_000367_SRB,1.8882119e-07,6.557658568970618e-07,1127.0,1.8898799317137808e-07
FL-2005-000175-SDN,FL_2005_000175_SDN,1.868676e-07,2.799900854254796e-06,983.0,1.8705673724696355e-07
FF-2018-000030-KEN,FF_2018_000030_KEN,1.8154665e-07,0.000145188328338,194.0,1.824589447236181e-07
FL-2018-000046-RUS,FL_2018_000046_RUS,1.8043883e-07,0.0002091836604316,127.0,1.8180579083333334e-07
FL-2009-000120-BWA,FL_2009_000120_BWA,1.795098e-07,0.0001076976992966,254.0,1.8020288803088804e-07
FF-2008-000227-ETH,FF_2008_000227_ETH,1.7474447e-07,0.0003571559859717,67.0,1.7717147652777778e-07
FF-2012-000196-COG,FF_2012_000196_COG,1.7285224e-07,2.0934595427559424e-05,591.0,1.7314226053691274e-07
FL-2015-000161-ETH,FL_2015_000161_ETH,1.6462019e-07,0.0013137443349996,17.0,1.721029259090909e-07
FL-2019-000034-BOL,FL_2019_000034_BOL,1.6215752e-07,5.546496864020752e-06,861.0,1.6234476886836025e-07
FL-2006-000145-GIN,FL_2006_000145_GIN,1.5510135e-07,3.1960434597329335e-05,502.0,1.5540726982248522e-07
FL-2012-000173-SOM,FL_2012_000173_SOM,1.5483606e-07,4.307913185999292e-07,1152.0,1.5496988546240275e-07
FL-2010-000150-MEX,FL_2010_000150_MEX,1.5359642e-07,1.3363224063345273e-05,687.0,1.5381838014450867e-07
FL-2008-000198-BLZ,FL_2008_000198_BLZ,1.4939046e-07,4.04719248454714e-07,1156.0,1.4951913395348835e-07
FL-2006-000172-COG,FL_2006_000172_COG,1.4744317e-07,0.0001363552646905,201.0,1.481589135436893e-07
FL-2010-000051-KAZ,FL_2010_000051_KAZ,1.4762068e-07,5.51087889351627e-05,387.0,1.4799726336734694e-07
FL-2008-000086-MEX,FL_2008_000086_MEX,1.4379104e-07,0.0002857859050553,88.0,1.4533718021505377e-07
FL-2015-000008-BOL,FL_2015_000008_BOL,1.442858e-07,2.6331165411030084e-05,539.0,1.4455103125000002e-07
FF-2012-000120-GEO,FF_2012_000120_GEO,1.3568828e-07,3.676372045094975e-05,482.0,1.3596690069815195e-07
FL-1997-000337-IND,FL_1997_000337_IND,1.3232548e-07,1.3655129310072474e-05,681.0,1.325183742857143e-07
FL-2006-000151-PAN,FL_2006_000151_PAN,1.2889903e-07,2.7124747462229545e-05,534.0,1.2913817476808905e-07
FL-2008-000191-CRI,FL_2008_000191_CRI,1.2738062e-07,3.2064666405728893e-06,963.0,1.2751221154958677e-07
FL-2006-000156-TUR,FL_2006_000156_TUR,1.2087749e-07,8.009005038337233e-05,312.0,1.212588070031546e-07
FL-2016-000045-ETH,FL_2016_000045_ETH,1.1991898e-07,2.2937572118019237e-05,571.0,1.2012717267361112e-07
FL-2003-000293-TLS,FL_2003_000293_TLS,1.1951424e-07,6.352690275126517e-07,1131.0,1.1961944619718309e-07
FL-2000-000012-MOZ,FL_2000_000012_MOZ,1.1814937e-07,1.251314681091782e-05,705.0,1.1831577756338028e-07
ST-2012-000064-COD,ST_2012_000064_COD,1.1736089e-07,6.362501535559024e-07,1130.0,1.1746429166519825e-07
FL-2019-000108-MRT,FL_2019_000108_MRT,1.1438111e-07,0.000182262045286,152.0,1.1510965210191083e-07
FL-2009-000206-HTI,FL_2009_000206_HTI,1.1375885e-07,0.0001661395274846,170.0,1.1440890057142858e-07
FL-2007-000181-HTI,FL_2007_000181_HTI,1.11732355e-07,3.1011830605167287e-06,968.0,1.1184718784172663e-07
FL-1998-000251-SDN,FL_1998_000251_SDN,1.1119352e-07,1.1732937918338195e-05,714.0,1.113481702364395e-07
FL-2017-000160-HND,FL_2017_000160_HND,1.0648482e-07,1.270826458458261e-07,1195.0,1.0657355734999999e-07
FL-2008-000201-YEM,FL_2008_000201_YEM,1.0489683e-07,1.20586000582913e-05,708.0,1.0504395037868162e-07
FL-2005-000105-HTI,FL_2005_000105_HTI,1.036777e-07,9.72131225993638e-05,277.0,1.0404535141843971e-07
FL-2005-000117-GTM,FL_2005_000117_GTM,1.0340242e-07,4.945187585580904e-05,412.0,1.0365038743405276e-07
FL-2010-000208-RUS,FL_2010_000208_RUS,1.01663815e-07,0.0001508975979788,186.0,1.021960862827225e-07
FL-2006-000121-MKD,FL_2006_000121_MKD,1.01416354e-07,1.0358657846863968e-05,747.0,1.0155121617287234e-07
FL-2019-000131-CIV,FL_2019_000131_CIV,1.01076694e-07,6.374950731329402e-05,354.0,1.0135824467966573e-07
FL-2005-000209-THA,FL_2005_000209_THA,1.0114526e-07,3.5647010957369887e-06,939.0,1.0125240540254238e-07
FL-2015-000145-SOM,FL_2015_000145_SOM,9.9976816e-08,6.1738159079265374e-06,846.0,1.0009429756991776e-07
FL-2007-000022-ARG,FL_2007_000022_ARG,9.864326e-08,7.570227488426424e-06,812.0,9.876399838433293e-08
FL-2016-000011-TZA,FL_2016_000011_TZA,9.3365806e-08,0.000222307362828,117.0,9.413109949180328e-08
FL-2012-000083-HND,FL_2012_000083_HND,9.290176e-08,3.006755005612953e-07,1175.0,9.298049030508474e-08
FL-2002-000479-CZE,FL_2002_000479_CZE,9.216311e-08,3.443276482641829e-07,1164.0,9.224194927288282e-08
FL-2021-000123-CAF,FL_2021_000123_CAF,8.907468e-08,5.708810944118268e-05,379.0,8.930664531250001e-08
FL-1999-000240-SRB,FL_1999_000240_SRB,8.8598725e-08,1.9934969792492096e-06,1029.0,8.868441042069632e-08
FL-2019-000084-IND,FL_2019_000084_IND,8.7101746e-08,5.202712262287092e-05,401.0,8.731628232019705e-08
FL-2013-000108-SSD,FL_2013_000108_SSD,8.595629e-08,2.784772424748436e-05,525.0,8.61184716792453e-08
FL-2013-000051-ECU,FL_2013_000051_ECU,8.426896e-08,1.1519361262948053e-06,1087.0,8.434612937728937e-08
FL-2005-000169-FJI,FL_2005_000169_FJI,8.3058715e-08,8.443396956730877e-06,788.0,8.316345486759142e-08
FL-2017-000075-CHN,FL_2017_000075_CHN,8.093753e-08,0.0001198363238272,228.0,8.128490137339056e-08
FL-2011-000059-CHN,FL_2011_000059_CHN,7.759232e-08,4.105510747605016e-05,455.0,7.776099895652175e-08
FL-2007-000077-CHN,FL_2007_000077_CHN,7.5263635e-08,1.096438023008346e-05,733.0,7.536561824525746e-08
FL-2009-000117-GTM,FL_2009_000117_GTM,7.369359e-08,4.001323527167012e-05,460.0,7.385207083870969e-08
FL-2020-000126-ETH,FL_2020_000126_ETH,7.3113455e-08,2.4098761656427028e-05,555.0,7.324401474107143e-08
FL-2006-000013-MWI,FL_2006_000013_MWI,7.143428e-08,5.983823452277787e-05,368.0,7.16257928150134e-08
FL-2000-000002-AGO,FL_2000_000002_AGO,7.0038986e-08,0.000382091608318,64.0,7.105404376811594e-08
FL-2010-000149-GTM,FL_2010_000149_GTM,7.000089e-08,3.517139337837032e-06,944.0,7.007465279241307e-08
FL-2021-000129-VEN,FL_2021_000129_VEN,6.950089e-08,2.0976584655391e-05,590.0,6.96176982184874e-08
FL-2008-000185-SOM,FL_2008_000185_SOM,6.931122e-08,6.92121172294813e-06,831.0,6.939412815789473e-08
FL-2020-000199-MRT,FL_2020_000199_MRT,6.927468e-08,1.9360715771029044e-05,607.0,6.938787392156862e-08
FL-1997-000530-PER,FL_1997_000530_PER,6.742591e-08,5.377995522279275e-05,393.0,6.759532183417085e-08
ST-2022-000138-MDG,ST_2022_000138_MDG,6.646952e-08,4.077401335714081e-05,457.0,6.661339341991343e-08
FL-2004-000068-ROM,FL_2004_000068_ROM,6.326529e-08,1.1032968572456813e-06,1092.0,6.332296118505013e-08
FL-2001-000390-POL,FL_2001_000390_POL,6.3052205e-08,1.7330244609181775e-06,1052.0,6.311185703878903e-08
FL-1999-000363-NIC,FL_1999_000363_NIC,6.072831e-08,0.0001834030116315,151.0,6.111759403846153e-08
FL-2006-000133-NER,FL_2006_000133_NER,6.03335e-08,0.000200852104454,132.0,6.077389051094892e-08
FL-2021-000145-BEN,FL_2021_000145_BEN,5.80045e-08,2.559136335920201e-05,542.0,5.811054113345521e-08
FL-2012-000192-COD,FL_2012_000192_COD,5.7297836e-08,1.7645930331590095e-06,1049.0,5.735219827324478e-08
FL-2019-000120-PHL,FL_2019_000120_PHL,5.6295608e-08,0.0002369589199221,109.0,5.678942912280701e-08
FL-2015-000151-BLZ,FL_2015_000151_BLZ,5.5772013e-08,1.265572886637578e-08,1217.0,5.581765294517185e-08
FL-2005-000205-PHL,FL_2005_000205_PHL,5.506633e-08,1.7757577112594045e-05,625.0,5.515373687301587e-08
FF-2010-000094-HUN,FF_2010_000094_HUN,5.5048492e-08,7.495047758280867e-07,1118.0,5.5097511138023146e-08
FL-2010-000067-BRA,FL_2010_000067_BRA,5.4578493e-08,1.351749545742126e-05,684.0,5.465770706821481e-08
FL-2010-000049-AGO,FL_2010_000049_AGO,5.3804e-08,9.323529701680714e-05,286.0,5.398889347079038e-08
FF-2009-000196-IDN,FF_2009_000196_IDN,5.3327316e-08,2.114080826318841e-05,588.0,5.3417244020236086e-08
FL-2019-000118-SEN,FL_2019_000118_SEN,5.2464184e-08,3.061898955666263e-05,510.0,5.256605620194175e-08
FF-2016-000079-MKD,FF_2016_000079_MKD,5.158591e-08,8.755847570132746e-06,777.0,5.1651876636828644e-08
FL-2009-000261-PER,FL_2009_000261_PER,5.0931174e-08,5.0554313014680863e-05,407.0,5.105479335436893e-08
FL-2009-000198-BEN,FL_2009_000198_BEN,4.9764495e-08,1.4708306586655516e-05,666.0,4.9838659672131146e-08
FL-2012-000063-RUS,FL_2012_000063_RUS,4.9641336e-08,4.691814021515607e-06,898.0,4.9696309794019934e-08
LS-2022-000224-GTM,LS_2022_000224_GTM,4.700433e-08,0.0001160318617427,232.0,4.720266050632911e-08
FL-2004-000043-IND,FL_2004_000043_IND,4.6869943e-08,5.680380938881385e-07,1139.0,4.69109132298951e-08
FL-2022-000287-TCD,FL_2022_000287_TCD,4.4287656e-08,0.000257943135713,100.0,4.47094432e-08
FL-2019-000067-UGA,FL_2019_000067_UGA,4.3820357e-08,0.0001602244101108,176.0,4.4062458419889507e-08
FL-1997-000295-COD,FL_1997_000295_COD,4.345079e-08,4.994643129042474e-06,882.0,4.349977623449831e-08
FL-2016-000060-IND,FL_2016_000060_IND,4.3103068e-08,1.739106246135281e-05,633.0,4.31706276677116e-08
FL-2014-000098-SDN,FL_2014_000098_SDN,4.182361e-08,8.394438358174317e-06,791.0,4.187615222361809e-08
FL-2014-000152-ETH,FL_2014_000152_ETH,4.159621e-08,1.249107207916226e-05,706.0,4.165471381153305e-08
FL-2008-000018-ECU,FL_2008_000018_ECU,3.9650256e-08,3.761037944010852e-06,930.0,3.9692662690909093e-08
FL-2001-000025-MWI,FL_2001_000025_MWI,3.7881403e-08,0.0002523695638265,101.0,3.8238774726415095e-08
FL-2009-000011-PHL,FL_2009_000011_PHL,3.683413e-08,0.0001130995924288,239.0,3.6985089549180325e-08
FL-2006-000041-SRB,FL_2006_000041_SRB,3.6937777e-08,1.0281670884072628e-06,1098.0,3.697126546509519e-08
FL-2003-000624-HTI,FL_2003_000624_HTI,3.5514205e-08,0.000441782613666,54.0,3.61161406779661e-08
FL-2023-000001-COG,FL_2023_000001_COG,3.6059717e-08,1.672477043291236e-05,641.0,3.6115536995356035e-08
FF-2013-000084-GEO,FF_2013_000084_GEO,3.5797264e-08,2.214868047355524e-06,1011.0,3.5832497527559055e-08
FL-2008-000213-PER,FL_2008_000213_PER,3.4358653e-08,4.555195705394846e-05,427.0,3.443818691898149e-08
FL-2018-000360-RUS,FL_2018_000360_RUS,3.3719214e-08,2.1446302018142223e-05,585.0,3.377636521016949e-08
FL-2013-000002-PSE,FL_2013_000002_PSE,3.36457e-08,5.991485562632019e-06,853.0,3.36849141025641e-08
FL-2007-000147-NER,FL_2007_000147_NER,3.3062207e-08,7.406251988440377e-05,327.0,3.316179196084337e-08
FL-2000-000258-IDN,FL_2000_000258_IDN,3.267129e-08,6.387666393372695e-05,352.0,3.2762806218487395e-08
FL-2011-000045-GTM,FL_2011_000045_GTM,3.2694906e-08,3.0349599753602075e-06,970.0,3.2728439236923074e-08
FF-2008-000063-PHL,FF_2008_000063_PHL,3.1914833e-08,0.0002711004186547,95.0,3.223398133e-08
FL-2009-000007-ZWE,FL_2009_000007_ZWE,3.097068e-08,1.547255149946611e-05,657.0,3.101746350453172e-08
FL-1997-000166-ROM,FL_1997_000166_ROM,2.9872453e-08,1.3352957524201755e-05,688.0,2.991555899278499e-08
FL-2017-000083-GIN,FL_2017_000083_GIN,2.9651066e-08,0.0002289797961503,114.0,2.990023462184874e-08
FL-2009-000251-SAU,FL_2009_000251_SAU,2.9732222e-08,6.268942786077694e-05,357.0,2.981435520994475e-08
FL-1999-000324-HND,FL_1999_000324_HND,2.777625e-08,7.596244099230278e-06,810.0,2.781033128834356e-08
FL-2014-000155-HTI,FL_2014_000155_HTI,2.7432504e-08,0.0001120442164772,244.0,2.754267469879518e-08
FL-1997-000522-MDA,FL_1997_000522_MDA,2.7418114e-08,2.053644566682809e-06,1023.0,2.7444785317120625e-08
FL-2020-000175-GEO,FL_2020_000175_GEO,2.7036588e-08,7.482782172884345e-05,326.0,2.7118269534743204e-08
FL-2004-000036-MKD,FL_2004_000036_MKD,2.6550024e-08,1.3792132001823557e-06,1068.0,2.6574767731593662e-08
FL-2005-000063-SRB,FL_2005_000063_SRB,2.5848705e-08,3.540068098974801e-06,943.0,2.5875971566455696e-08
FL-2020-000193-SSD,FL_2020_000193_SSD,2.5383088e-08,0.0001798125271726,155.0,2.5541732300000004e-08
FL-2017-000149-TGO,FL_2017_000149_TGO,2.496887e-08,2.498523228805836e-06,998.0,2.4993764187437687e-08
FL-2011-000129-MLI,FL_2011_000129_MLI,2.4462803e-08,1.3279346442303748e-05,689.0,2.449805199567723e-08
FL-2009-000113-CHN,FL_2009_000113_CHN,2.4407104e-08,1.932015076061532e-05,608.0,2.4446919830342578e-08
FF-2011-000143-SSD,FF_2011_000143_SSD,2.3883489e-08,3.945855804820128e-05,466.0,2.3934197044585986e-08
FL-2006-000034-ECU,FL_2006_000034_ECU,2.3835044e-08,6.7203776779794685e-06,833.0,2.3863486773269688e-08
FL-2005-000109-PRK,FL_2005_000109_PRK,2.2332934e-08,0.0001018338059992,263.0,2.2416265843283584e-08
FL-2011-000148-KHM,FL_2011_000148_KHM,2.2064313e-08,2.7680439973920795e-06,985.0,2.2086600184848483e-08
FL-2011-000198-PER,FL_2011_000198_PER,2.2018803e-08,6.431547328400638e-05,351.0,2.208065357022472e-08
FL-2011-000102-BRA,FL_2011_000102_BRA,2.182874e-08,2.275102587841698e-06,1008.0,2.185028860809477e-08
FL-2022-000265-YEM,FL_2022_000265_YEM,2.1635186e-08,2.5212532792854264e-05,550.0,2.1674168317117118e-08
FL-2016-000019-HTI,FL_2016_000019_HTI,2.1532282e-08,0.0001122056891343,243.0,2.1619105717741938e-08
FL-2016-000044-CHN,FL_2016_000044_CHN,2.1303704e-08,2.877467658375336e-06,977.0,2.132539819959267e-08
FL-2011-000181-VEN,FL_2011_000181_VEN,2.1257643e-08,4.869369503063536e-06,889.0,2.1281421124161073e-08
FL-2020-000038-EGY,FL_2020_000038_EGY,2.0606407e-08,6.011359143592976e-06,852.0,2.063045181563594e-08
FL-2007-000138-UGA,FL_2007_000138_UGA,2.0003567e-08,0.0004969400697397,48.0,2.038099279245283e-08
FL-2016-000072-SDN,FL_2016_000072_SDN,1.9011438e-08,2.9331208141639023e-05,517.0,1.9047858379310348e-08
FL-2000-000255-ARG,FL_2000_000255_ARG,1.8879463e-08,3.826229880260199e-07,1161.0,1.889565464922813e-08
FL-2015-000055-TJK,FL_2015_000055_TJK,1.8865924e-08,2.1481824713915538e-06,1018.0,1.888436576344086e-08
FL-2008-000054-THA,FL_2008_000054_THA,1.8649436e-08,3.5523898488803883e-06,940.0,1.8669170852910053e-08
FL-2018-000165-CRI,FL_2018_000165_CRI,1.863316e-08,3.841642360423146e-06,926.0,1.8653174135338346e-08
FL-2010-000031-PRT,FL_2010_000031_PRT,1.837594e-08,3.0497229507877504e-07,1173.0,1.8391539269949065e-08
FL-2009-000100-DOM,FL_2009_000100_DOM,1.8237339e-08,1.1423187064983784e-05,722.0,1.8262424748280603e-08
FL-2007-000111-GBR,FL_2007_000111_GBR,1.8220161e-08,2.099148507255544e-06,1020.0,1.8237936766829267e-08
FL-2010-000102-CRI,FL_2010_000102_CRI,1.7658598e-08,0.0002177915808461,119.0,1.7801006048387098e-08
FL-2014-000079-PHL,FL_2014_000079_PHL,1.7497152e-08,6.751816740318185e-05,343.0,1.754743117241379e-08
FL-2015-000037-HTI,FL_2015_000037_HTI,1.7479026e-08,7.975586370393157e-05,313.0,1.7533991490566037e-08
FL-2019-000153-COD,FL_2019_000153_COD,1.6633901e-08,2.35745009226038e-05,564.0,1.6663134569420038e-08
FL-2015-000171-PRY,FL_2015_000171_PRY,1.6327116e-08,0.0001142012419812,237.0,1.6394583421487603e-08
FL-2012-000056-PRY,FL_2012_000056_PRY,1.62298e-08,1.9311029195451383e-05,609.0,1.6256232899022802e-08
FL-1998-000316-VNM,FL_1998_000316_VNM,1.5243552e-08,2.5613918491155603e-05,541.0,1.5271470593406592e-08
FL-1999-000548-YEM,FL_1999_000548_YEM,1.5216797e-08,6.378337060778912e-05,353.0,1.5259302019553075e-08
FL-2009-000122-IND,FL_2009_000122_IND,1.4900814e-08,9.317445375746658e-05,287.0,1.4951844184931506e-08
FL-2011-000123-RUS,FL_2011_000123_RUS,1.46803485e-08,2.594407565473606e-06,992.0,1.4695073022066198e-08
FL-2013-000019-PER,FL_2013_000019_PER,1.4279176e-08,3.197287371352344e-07,1170.0,1.4291328490212765e-08
FL-2009-000178-GIN,FL_2009_000178_GIN,1.384984e-08,7.096477744189197e-06,828.0,1.3866466458583434e-08
FL-2001-000227-RUS,FL_2001_000227_RUS,1.3442308e-08,2.858043992923603e-05,522.0,1.3467815225806451e-08
FL-2006-000106-MRT,FL_2006_000106_MRT,1.3224029e-08,0.0001123305552094,241.0,1.3277785215447157e-08
FL-2014-000089-IND,FL_2014_000089_IND,1.2395782e-08,0.0004795054783055,49.0,1.262533351851852e-08
FL-2014-000014-SYC,FL_2014_000014_SYC,1.2360713e-08,4.198813228086465e-05,448.0,1.2387999342163356e-08
ST-2015-000041-PRY,ST_2015_000041_PRY,1.2205499e-08,7.801292534826181e-05,319.0,1.2243170293209877e-08
FL-2006-000031-PER,FL_2006_000031_PER,1.2020695e-08,7.95039368219915e-05,314.0,1.2058377429467082e-08
FL-2008-000125-SDN,FL_2008_000125_SDN,1.2037883e-08,6.632296956803984e-06,835.0,1.2052213813095238e-08
FL-2009-000032-SLB,FL_2009_000032_SLB,1.1907883e-08,1.959707611514238e-05,603.0,1.192746833388158e-08
FF-2018-000041-SOM,FF_2018_000041_SOM,1.181075e-08,4.9962365377739193e-05,410.0,1.1839209638554218e-08
FL-1997-000526-ECU,FL_1997_000526_ECU,1.1451207e-08,1.4161159277452636e-06,1063.0,1.1461929103932583e-08
FL-2001-000146-AGO,FL_2001_000146_AGO,1.13787e-08,0.0001155610713767,235.0,1.1426111249999999e-08
FL-1997-000270-ETH,FL_1997_000270_ETH,1.1290433e-08,9.634662522425326e-05,280.0,1.1330048554385964e-08
FL-2004-000020-KEN,FL_2004_000020_KEN,1.104555e-08,0.0003367513828424,74.0,1.1185367088607596e-08
FL-2014-000115-NER,FL_2014_000115_NER,1.1129311e-08,0.0001313202029465,212.0,1.1180598147465439e-08
FL-2019-000101-NER,FL_2019_000101_NER,1.1060526e-08,4.256479026427649e-05,443.0,1.1085214674107143e-08
FL-2021-000038-KEN,FL_2021_000038_KEN,1.08592575e-08,0.0002101066934641,126.0,1.0942152595419845e-08
FL-2009-000166-SDN,FL_2009_000166_SDN,1.0788604e-08,1.0431460959021562e-05,745.0,1.0802988805333334e-08
FL-2007-000217-SRB,FL_2007_000217_SRB,1.07751e-08,2.997823193552853e-05,513.0,1.0795901351351352e-08
FL-2017-000002-MYS,FL_2017_000002_MYS,1.0524207e-08,5.399107396905989e-06,869.0,1.0536248426773456e-08
FF-2013-000118-BEN,FF_2013_000118_BEN,1.0510368e-08,6.469089336922574e-06,840.0,1.0522806305325442e-08
FL-2016-000061-RUS,FL_2016_000061_RUS,1.0487711e-08,6.831101409899465e-05,341.0,1.0518022303468207e-08
FL-2003-000220-NAM,FL_2003_000220_NAM,1.0337117e-08,4.1881517822464366e-05,449.0,1.035988598017621e-08
FL-2002-000614-LAO,FL_2002_000614_LAO,1.0329976e-08,2.0607101087869047e-05,595.0,1.0347192626666667e-08
FL-2016-000081-GTM,FL_2016_000081_GTM,9.902211e-09,0.0001157721365148,234.0,9.943642845188283e-09
FL-2017-000014-PER,FL_2017_000014_PER,9.735289e-09,6.14852236115152e-05,360.0,9.761961024657535e-09
FL-1997-000299-PRY,FL_1997_000299_PRY,9.451886e-09,1.192507927353982e-05,711.0,9.465086958100558e-09
FF-2020-000140-IDN,FF_2020_000140_IDN,9.391873e-09,3.38982684795655e-06,951.0,9.401697134937239e-09
FL-2016-000137-ARG,FL_2016_000137_ARG,9.24549e-09,5.864423159007862e-07,1136.0,9.253592971078001e-09
FL-2021-000051-SOM,FL_2021_000051_SOM,9.182158e-09,1.6515995169187215e-06,1054.0,9.190828593012275e-09
FL-2009-000095-TJK,FL_2009_000095_TJK,8.90127e-09,9.103228933200668e-07,1104.0,8.90929639314698e-09
FL-2022-000277-SDN,FL_2022_000277_SDN,8.458303e-09,3.7331839742805e-05,477.0,8.475851346473028e-09
FL-2015-000106-BFA,FL_2015_000106_BFA,8.295513e-09,6.086297884329686e-07,1134.0,8.30279615452151e-09
FL-2006-000130-KHM,FL_2006_000130_KHM,8.2877865e-09,3.918879871501433e-06,921.0,8.296736593412527e-09
FL-2013-000068-CZE,FL_2013_000068_CZE,8.172283e-09,1.0652865963085526e-06,1095.0,8.179712348181819e-09
FL-2011-000156-HTI,FL_2011_000156_HTI,8.037013e-09,1.1929406805291426e-05,710.0,8.048253577622377e-09
FL-2009-000177-GMB,FL_2009_000177_GMB,7.94161e-09,3.460041533078903e-05,490.0,7.957653656565657e-09
FL-2003-000027-TUN,FL_2003_000027_TUN,7.686978e-09,2.8675681870655035e-05,520.0,7.701619862857142e-09
FL-2009-000135-MEX,FL_2009_000135_MEX,7.322703e-09,0.0005217491187737,44.0,7.472145918367348e-09
FL-2003-000350-MNG,FL_2003_000350_MNG,7.2486888e-09,0.00012198771117,223.0,7.280481294736842e-09
FL-2007-000210-PHL,FL_2007_000210_PHL,7.015154e-09,7.195279306036818e-05,334.0,7.035847669616518e-09
FF-2015-000115-MKD,FF_2015_000115_MKD,7.0115562e-09,4.818619829152212e-06,891.0,7.0193815975446425e-09
FF-2012-000081-ETH,FF_2012_000081_ETH,6.958145e-09,0.0001583702939185,178.0,6.996167650273224e-09
FL-2005-000065-GEO,FL_2005_000065_GEO,6.857394e-09,4.803304162900895e-06,893.0,6.865030296213808e-09
FL-2012-000169-SEN,FL_2012_000169_SEN,6.530756e-09,8.785694210865757e-06,776.0,6.53911804353393e-09
FL-2002-000734-MAR,FL_2002_000734_MAR,6.4858274e-09,4.305657103788715e-05,439.0,6.50043511936937e-09
FF-2009-000201-PHL,FF_2009_000201_PHL,6.317383e-09,0.0005487956365683,41.0,6.454717413043479e-09
FL-2007-000009-PER,FL_2007_000009_PER,6.3671095e-09,4.044692133054337e-05,458.0,6.38086135637149e-09
FL-2001-000274-WSM,FL_2001_000274_WSM,6.37301e-09,6.019580833775974e-06,850.0,6.380463812865498e-09
FL-2005-000137-CAF,FL_2005_000137_CAF,6.1836554e-09,0.0001883231739765,147.0,6.224337343421053e-09
FL-2011-000122-NER,FL_2011_000122_NER,5.9995764e-09,0.000118034303486,231.0,6.0249983338983045e-09
FL-2002-000077-PER,FL_2002_000077_PER,5.975831e-09,1.1217328528809649e-05,728.0,5.983983566166439e-09
FL-2001-000117-PER,FL_2001_000117_PER,5.950925e-09,9.541211522638044e-05,282.0,5.971659930313588e-09
FL-2008-000191-HND,FL_2008_000191_HND,5.7666956e-09,3.950474641448784e-05,465.0,5.778965165106384e-09
FF-2007-000185-TUN,FF_2007_000185_TUN,5.6108065e-09,0.0001120381757976,245.0,5.633249726e-09
FL-2013-000159-VCT,FL_2013_000159_VCT,5.252991e-09,2.280332355857922e-06,1006.0,5.2581868367952525e-09
FL-2001-000521-TCD,FL_2001_000521_TCD,5.1151026e-09,9.653545488042934e-05,278.0,5.1331771674911664e-09
FL-2013-000131-KHM,FL_2013_000131_KHM,4.820111e-09,1.1474865531629282e-05,720.0,4.826759428965518e-09
FL-2009-000133-ZAF,FL_2009_000133_ZAF,4.681211e-09,1.0363363816070409e-05,746.0,4.687444303595207e-09
FL-2018-000014-ARG,FL_2018_000014_ARG,4.67581e-09,2.0781558040378623e-05,593.0,4.6836290802675585e-09
FL-2015-000088-IRN,FL_2015_000088_IRN,4.597499e-09,7.189244905297325e-06,822.0,4.603058249093108e-09
FL-2003-000481-HND,FL_2003_000481_HND,4.423064e-09,5.3499996184560485e-05,396.0,4.43409408478803e-09
FL-2020-000192-TCD,FL_2020_000192_TCD,4.3839874e-09,5.386357956289498e-05,392.0,4.395030189420655e-09
FF-2011-000049-IRQ,FF_2011_000049_IRQ,4.2544452e-09,0.0001460141204817,192.0,4.276041368527918e-09
FL-2006-000030-SRB,FL_2006_000030_SRB,4.0613264e-09,1.301172802069427e-06,1074.0,4.065090372567191e-09
FL-2018-000419-PRY,FL_2018_000419_PRY,3.9139767e-09,0.000141345333546,197.0,3.933352822277228e-09
FL-2011-000051-RWA,FL_2011_000051_RWA,3.8929135e-09,5.457050542212986e-06,866.0,3.897382975889783e-09
FL-2021-000007-SYR,FL_2021_000007_SYR,3.8527435e-09,0.0001506709982077,187.0,3.872809872395833e-09
FL-2015-000092-BRA,FL_2015_000092_BRA,3.7944314e-09,0.0001060041127887,258.0,3.80885889581749e-09
FL-2000-000048-BWA,FL_2000_000048_BWA,3.8002033e-09,1.9353962711637063e-06,1035.0,3.8038573416346155e-09
FL-2005-000208-BIH,FL_2005_000208_BIH,3.7149726e-09,1.3033958914140726e-06,1073.0,3.718418771243043e-09
FL-2004-000116-CAF,FL_2004_000116_CAF,3.6510013e-09,0.0003670072497708,65.0,3.703158461428571e-09
FL-2013-000104-MLI,FL_2013_000104_MLI,3.681004e-09,1.634252161726168e-05,646.0,3.6866583840245778e-09
FL-2022-000275-UGA,FL_2022_000275_UGA,3.6213705e-09,8.868186217660123e-06,772.0,3.6260312084942082e-09
FL-2013-000052-SOM,FL_2013_000052_SOM,3.617571e-09,1.288603182596486e-05,697.0,3.6227242350427347e-09
FL-2009-000266-ALB,FL_2009_000266_ALB,3.5963184e-09,6.480975186545058e-07,1129.0,3.5994897566137568e-09
FL-2005-000038-MDG,FL_2005_000038_MDG,3.5424348e-09,1.4480945136154853e-05,673.0,3.5476596300884954e-09
FL-2008-000099-NIC,FL_2008_000099_NIC,3.3844103e-09,5.470555563789046e-07,1141.0,3.387363537609075e-09
FL-2020-000125-TZA,FL_2020_000125_TZA,3.2511769e-09,2.3779842456459103e-05,559.0,3.2569413980496456e-09
FL-2003-000020-MOZ,FL_2003_000020_MOZ,3.2215166e-09,0.0001496257923518,189.0,3.238122355670103e-09
FL-1998-000085-IRN,FL_1998_000085_IRN,3.1927136e-09,0.0001466157056199,191.0,3.2090029551020406e-09
FF-2021-000032-TLS,FF_2021_000032_TLS,3.1654435e-09,9.19940000328684e-05,292.0,3.1761015589225594e-09
FL-2019-000138-KEN,FL_2019_000138_KEN,3.1639227e-09,0.0001002020687819,269.0,3.1754698631386857e-09
FL-1998-000179-RUS,FL_1998_000179_RUS,3.1383935e-09,6.489400482495113e-05,349.0,3.1472590183615814e-09
FL-2015-000176-BDI,FL_2015_000176_BDI,3.092163e-09,1.4203452429073368e-06,1062.0,3.095060997188379e-09
FL-2000-000583-LAO,FL_2000_000583_LAO,3.0573086e-09,2.19143907703439e-06,1017.0,3.0603000956947163e-09
FL-2015-000024-ARG,FL_2015_000024_ARG,3.037216e-09,5.239281266172741e-06,873.0,3.040675243735763e-09
FL-2012-000051-TJK,FL_2012_000051_TJK,2.8049245e-09,1.4568836316796255e-05,670.0,2.8090799437037034e-09
FL-2008-000243-PNG,FL_2008_000243_PNG,2.7350124e-09,3.196056909778237e-07,1171.0,2.7373380908163267e-09
FL-2007-000011-ZMB,FL_2007_000011_ZMB,2.6749767e-09,0.000211393316385,123.0,2.69587495546875e-09
FL-2019-000181-IDN,FL_2019_000181_IDN,2.6634652e-09,0.0002740538654042,92.0,2.690923604123711e-09
FL-2018-000043-TZA,FL_2018_000043_TZA,2.6295957e-09,0.0001764477951447,160.0,2.6455326436363636e-09
FF-2008-000194-VNM,FF_2008_000194_VNM,2.572279e-09,5.9264443145295904e-05,371.0,2.5791201675531913e-09
FL-2007-000035-AFG,FL_2007_000035_AFG,2.5420708e-09,0.0001086556673084,252.0,2.551962126070039e-09
FL-2006-000047-COD,FL_2006_000047_COD,2.2746895e-09,4.692418154234053e-05,422.0,2.2800166416861825e-09
FL-2004-000052-JPN,FL_2004_000052_JPN,2.1710165e-09,8.788889694942865e-06,775.0,2.1737998544871794e-09
FF-2012-000062-KEN,FF_2012_000062_KEN,2.1532984e-09,8.762094296212771e-05,295.0,2.1604760613333335e-09
FL-2011-000096-PRK,FL_2011_000096_PRK,2.1331517e-09,8.802429886684975e-06,774.0,2.1358900205391524e-09
FL-2016-000122-SRB,FL_2016_000122_SRB,1.9934505e-09,0.0001145039231821,236.0,2.0017220788381745e-09
FL-2015-000071-GEO,FL_2015_000071_GEO,1.9122561e-09,7.282120494489595e-05,331.0,1.9179473383928573e-09
FL-2007-000107-TLS,FL_2007_000107_TLS,1.8620773e-09,0.0004056239035216,59.0,1.8911722578125e-09
FL-2005-000100-KGZ,FL_2005_000100_KGZ,1.8235886e-09,3.381602907835888e-06,952.0,1.8254941262277953e-09
FL-2008-000010-BRA,FL_2008_000010_BRA,1.7926001e-09,2.8562463428157782e-05,523.0,1.7959951759469697e-09
FL-2022-000316-NER,FL_2022_000316_NER,1.780988e-09,9.788724069397188e-05,274.0,1.7873714695340501e-09
FL-2009-000129-CAF,FL_2009_000129_CAF,1.7387451e-09,0.0001643497341753,172.0,1.7485685186440679e-09
FF-2020-000156-UKR,FF_2020_000156_UKR,1.7126022e-09,4.813541550698794e-06,892.0,1.7145114555183948e-09
FL-1999-000428-VNM,FL_1999_000428_VNM,1.6870866e-09,0.0001774500302316,158.0,1.6974368245398772e-09
FL-2018-000140-MLI,FL_2018_000140_MLI,1.6727684e-09,8.267697694312651e-05,305.0,1.6781644270967741e-09
ST-2011-000073-CAF,ST_2011_000073_CAF,1.6145707e-09,0.0003428828978165,70.0,1.6360983093333335e-09
FF-2006-000046-KEN,FF_2006_000046_KEN,1.5890271e-09,3.672814855331603e-05,483.0,1.5922833030737703e-09
FL-2001-000571-PRK,FL_2001_000571_PRK,1.486734e-09,0.0011727696572915,20.0,1.54620336e-09
FL-2019-000047-GEO,FL_2019_000047_GEO,1.5204054e-09,0.0002052979025244,128.0,1.5318370195488722e-09
FL-2022-000365-PAN,FL_2022_000365_PAN,1.5108779e-09,9.971929509950615e-06,756.0,1.5128632848883047e-09
FL-2021-000091-PHL,FL_2021_000091_PHL,1.4406207e-09,3.062745375180882e-05,509.0,1.443423464007782e-09
FL-2005-000064-ETH,FL_2005_000064_ETH,1.3984769e-09,0.0003475919978364,69.0,1.4173752364864865e-09
FL-2020-000054-BDI,FL_2020_000054_BDI,1.3869035e-09,2.523889291296343e-05,549.0,1.3894069359205775e-09
FL-2004-000100-PAN,FL_2004_000100_PAN,1.3756509e-09,4.3466031209252224e-05,436.0,1.3787702897959182e-09
FL-2005-000110-BIH,FL_2005_000110_BIH,1.3723386e-09,0.0001272535664279,218.0,1.3784925847533632e-09
FL-2019-000031-SYR,FL_2019_000031_SYR,1.3598629e-09,5.089128102615519e-05,406.0,1.3631715688564477e-09
FL-1999-000651-CHN,FL_1999_000651_CHN,1.2705369e-09,1.1899585346431976e-06,1083.0,1.2717046728860296e-09
FL-2021-000039-BDI,FL_2021_000039_BDI,1.2054326e-09,0.0001049123412391,259.0,1.2099986325757578e-09
FL-2013-000074-HTI,FL_2013_000074_HTI,1.1865686e-09,4.903362479604595e-05,416.0,1.1893870527315914e-09
FF-2022-000278-MNG,FF_2022_000278_MNG,1.1838995e-09,7.106825480101736e-06,827.0,1.1853224561298078e-09
FL-2005-000194-COL,FL_2005_000194_COL,1.1809483e-09,3.4477726082496867e-06,947.0,1.1821887919117648e-09
FL-2008-000187-BDI,FL_2008_000187_BDI,1.1275558e-09,3.882483640225158e-07,1159.0,1.1285244905498283e-09
FL-2009-000240-PAN,FL_2009_000240_PAN,1.1175372e-09,5.70743345284188e-05,380.0,1.120439894025974e-09
FL-2009-000102-HTI,FL_2009_000102_HTI,1.1026913e-09,8.212944013735568e-05,307.0,1.1062255669871794e-09
FL-2011-000067-PHL,FL_2011_000067_PHL,1.0544652e-09,0.0011879162613537,19.0,1.0984012500000002e-09
FL-1999-000371-IND,FL_1999_000371_IND,1.0478945e-09,5.5118873873608045e-06,865.0,1.0490989764367816e-09
FL-1999-000413-CAF,FL_1999_000413_CAF,9.732071e-10,0.0007375793547516,31.0,1.0002406305555556e-09
FL-2006-000115-HTI,FL_2006_000115_HTI,9.576652e-10,3.924308098645472e-05,467.0,9.596941516949153e-10
FL-2007-000126-PRK,FL_2007_000126_PRK,9.416868e-10,0.0001104424732266,248.0,9.454088822134389e-10
FL-2014-000073-RUS,FL_2014_000073_RUS,9.385965e-10,1.574184933904487e-05,654.0,9.400207738998482e-10
FL-1997-000092-ECU,FL_1997_000092_ECU,9.1751584e-10,7.78909558318128e-06,806.0,9.18647178890259e-10
FL-2008-000170-DOM,FL_2008_000170_DOM,8.9925867e-10,0.0001676282269114,167.0,9.044869180813954e-10
FL-2009-000218-KEN,FL_2009_000218_KEN,8.999205e-10,2.5513287710211352e-05,543.0,9.015626906934307e-10
FL-2013-000123-CMR,FL_2013_000123_CMR,8.742239e-10,3.1566298655840087e-06,965.0,8.751251617525773e-10
FL-2005-000098-BGR,FL_2005_000098_BGR,8.118116e-10,9.393978332385215e-06,762.0,8.128700245110822e-10
FL-2015-000053-CAF,FL_2015_000053_CAF,8.010512e-10,1.158132444337334e-06,1086.0,8.017854357470211e-10
FL-2012-000067-RWA,FL_2012_000067_RWA,7.983232e-10,2.577067312789393e-06,993.0,7.991231230460922e-10
FL-2003-000482-MEX,FL_2003_000482_MEX,7.8341283e-10,0.0003961058537784,60.0,7.95465335076923e-10
FL-2001-000252-ECU,FL_2001_000252_ECU,7.9249757e-10,9.189484745327105e-06,768.0,7.935227932470893e-10
FL-2015-000169-KEN,FL_2015_000169_KEN,7.076616e-10,9.335877093979384e-05,284.0,7.101102560553634e-10
FL-2021-000161-IND,FL_2021_000161_IND,6.7582856e-10,8.431916717941945e-06,789.0,6.766797294710327e-10
FL-2007-000154-MEX,FL_2007_000154_MEX,6.513893e-10,1.3921320318273206e-05,678.0,6.523430178623719e-10
FL-2002-000478-PRK,FL_2002_000478_PRK,6.1334515e-10,0.0002988493877559,83.0,6.2031498125e-10
FL-2002-000732-IDN,FL_2002_000732_IDN,5.9753924e-10,3.500950755474505e-07,1163.0,5.980508318150685e-10
FF-2018-000042-ETH,FF_2018_000042_ETH,5.900836e-10,4.90940531426758e-05,415.0,5.914885609523809e-10
FL-2001-000320-TLS,FL_2001_000320_TLS,5.8731936e-10,7.3176894479452e-05,329.0,5.890778011976048e-10
FL-2016-000091-NER,FL_2016_000091_NER,5.7890764e-10,0.000239532280762,107.0,5.840764582142857e-10
FL-2015-000123-NER,FL_2015_000123_NER,5.49498e-10,0.0007031770163514,33.0,5.639584736842105e-10
FL-2013-000098-NER,FL_2013_000098_NER,5.3891175e-10,4.981729815970859e-06,883.0,5.395186326013514e-10
FL-2001-000095-HUN,FL_2001_000095_HUN,5.2326016e-10,5.818278621049115e-05,374.0,5.246407936675461e-10
FL-2001-000096-UKR,FL_2001_000096_UKR,5.2326016e-10,1.112864601045412e-05,729.0,5.239730485013624e-10
FL-2001-000079-ROM,FL_2001_000079_ROM,5.2326016e-10,6.531455867101684e-06,838.0,5.238808719335707e-10
FL-2015-000113-PRK,FL_2015_000113_PRK,5.103205e-10,8.037746410921719e-06,800.0,5.109544385093168e-10
FL-2010-000021-AFG,FL_2010_000021_AFG,5.0890187e-10,2.074050074463232e-05,594.0,5.097514557595993e-10
FL-2017-000174-ALB,FL_2017_000174_ALB,4.8376847e-10,7.127436559697118e-07,1124.0,4.841969628875111e-10
FL-2019-000015-PER,FL_2019_000015_PER,4.187827e-10,2.174051360914358e-05,581.0,4.1949734624573375e-10
FL-1999-000391-MEX,FL_1999_000391_MEX,4.1003687e-10,0.0001362756647819,202.0,4.1201772444444445e-10
FL-2007-000221-KEN,FL_2007_000221_KEN,3.9909506e-10,7.194248735035348e-05,335.0,4.00268869e-10
FL-2002-000265-KEN,FL_2002_000265_KEN,3.6666462e-10,0.0004502980467967,52.0,3.73097332631579e-10
FL-2005-000160-MMR,FL_2005_000160_MMR,3.7114126e-10,7.744787993204983e-06,807.0,3.715983305172414e-10
FL-2009-000190-TUR,FL_2009_000190_TUR,3.6117132e-10,2.731866036621964e-05,532.0,3.6184389229050274e-10
FL-2002-000125-ECU,FL_2002_000125_ECU,3.5695613e-10,2.1986238370344937e-06,1016.0,3.5730574423114596e-10
FL-2007-000177-SLE,FL_2007_000177_SLE,3.4191946e-10,0.0001210651381346,225.0,3.434060663478261e-10
FL-2012-000174-BEN,FL_2012_000174_BEN,3.4181505e-10,2.3173600928218385e-06,1005.0,3.4215348074257425e-10
FL-2020-000052-COD,FL_2020_000052_COD,3.3136968e-10,3.7442256734616215e-06,931.0,3.317237074358974e-10
FL-2012-000123-PRK,FL_2012_000123_PRK,3.1700834e-10,1.9562392345412852e-05,604.0,3.175288791461413e-10
FL-2012-000129-SDN,FL_2012_000129_SDN,3.113506e-10,2.335590222542273e-05,567.0,3.118949192307692e-10
FL-2012-000009-FJI,FL_2012_000009_FJI,2.9954836e-10,8.247999981790374e-07,1115.0,2.998158138928572e-10
FL-2004-000094-CHN,FL_2004_000094_CHN,2.706234e-10,6.021106975602347e-06,849.0,2.7094028922716624e-10
FF-2012-000079-GEO,FF_2012_000079_GEO,2.6623523e-10,2.960677707021436e-06,975.0,2.665068986020408e-10
FF-2014-000009-TZA,FF_2014_000009_TZA,2.5525093e-10,2.016907228097049e-06,1027.0,2.554982661724806e-10
ST-2012-000061-VNM,ST_2012_000061_VNM,2.5413927e-10,4.414572504916484e-07,1150.0,2.5435930400000005e-10
FL-2013-000041-GHA,FL_2013_000041_GHA,2.4448918e-10,2.1774232201599764e-05,580.0,2.4490711022222226e-10
FF-2017-000122-CMR,FF_2017_000122_CMR,2.3226371e-10,3.6608833333508406e-05,485.0,2.3273771757142858e-10
FL-1998-000112-TZA,FL_1998_000112_TZA,2.2654296e-10,0.0006105297244599,38.0,2.3181140093023256e-10
FL-2010-000107-PHL,FL_2010_000107_PHL,2.2616946e-10,0.0001309964772093,213.0,2.27206934587156e-10
FL-2008-000205-IDN,FL_2008_000205_IDN,2.0894061e-10,1.3055325996114388e-05,692.0,2.0924038131994263e-10
FL-2020-000128-KEN,FL_2020_000128_KEN,2.0436558e-10,0.0003133005446656,79.0,2.0679850357142856e-10
FL-2014-000006-PHL,FL_2014_000006_PHL,1.7726329e-10,0.0001010901807342,265.0,1.779198207037037e-10
FL-2005-000176-BGD,FL_2005_000176_BGD,1.7652042e-10,9.25752667546284e-07,1103.0,1.7667973445848377e-10
FL-2007-000155-ROM,FL_2007_000155_ROM,1.7596967e-10,3.135101232912404e-06,966.0,1.7615089520082385e-10
FL-2010-000023-ECU,FL_2010_000023_ECU,1.71047e-10,7.844084300570096e-05,318.0,1.7157655727554178e-10
LS-2010-000040-UGA,LS_2010_000040_UGA,1.6646025e-10,0.0004130656230032,58.0,1.6910247619047617e-10
FL-2019-000163-UGA,FL_2019_000163_UGA,1.6149793e-10,0.0001821120575113,153.0,1.6252006879746835e-10
FL-2011-000043-VCT,FL_2011_000043_VCT,1.583758e-10,3.891960996882034e-06,923.0,1.5854646357758622e-10
FL-2005-000182-IND,FL_2005_000182_IND,1.5606103e-10,7.365660261142396e-06,818.0,1.5625065458080195e-10
FL-1998-000219-KOR,FL_1998_000219_KOR,1.5541406e-10,8.98138472266114e-06,770.0,1.5561459427096774e-10
FL-2009-000237-THA,FL_2009_000237_THA,1.5098141e-10,8.560015600410198e-06,783.0,1.5117301077411168e-10
FL-2012-000106-BGD,FL_2012_000106_BGD,1.5053858e-10,6.088486287183656e-05,364.0,1.5094654363143632e-10
FL-2020-000019-MDG,FL_2020_000019_MDG,1.458535e-10,6.634110667480576e-05,345.0,1.4627022428571429e-10
FL-2009-000164-SEN,FL_2009_000164_SEN,1.431909e-10,3.3045981559373613e-07,1168.0,1.433129723785166e-10
FL-2007-000057-URY,FL_2007_000057_URY,1.4110046e-10,2.9196696558667298e-06,976.0,1.4124429329255862e-10
FL-2010-000153-PRK,FL_2010_000153_PRK,1.3418225e-10,0.0005035000955353,47.0,1.3676267788461537e-10
FL-2009-000023-ECU,FL_2009_000023_ECU,1.3385981e-10,1.6297430403284925e-05,648.0,1.3406480205206737e-10
FL-2013-000112-CAF,FL_2013_000112_CAF,1.2932505e-10,7.096015897468377e-05,338.0,1.2970209096209915e-10
FL-2008-000031-PER,FL_2008_000031_PER,1.2606025e-10,5.163941754891693e-05,402.0,1.2636998034398036e-10
FF-2007-000049-TJK,FF_2007_000049_TJK,1.2614523e-10,1.7100548580139806e-05,634.0,1.2634264037558686e-10
FL-2003-000051-PER,FL_2003_000051_PER,1.2537242e-10,1.644230027727889e-05,645.0,1.2556530064615385e-10
FL-2011-000164-CAF,FL_2011_000164_CAF,1.2517412e-10,3.864133027566486e-05,471.0,1.2543709084033611e-10
FL-2020-000212-KHM,FL_2020_000212_KHM,1.2247793e-10,5.703583667253362e-07,1138.0,1.225850847944007e-10
FL-2007-000139-KEN,FL_2007_000139_KEN,1.1788996e-10,0.0003045457196571,82.0,1.1924501701149426e-10
FL-2017-000012-MOZ,FL_2017_000012_MOZ,1.12678596e-10,2.688421959044496e-05,536.0,1.1288687436598891e-10
FL-2001-000485-KHM,FL_2001_000485_KHM,1.0471404e-10,1.3297198446202805e-06,1072.0,1.0481126752089136e-10
FL-2022-000249-CIV,FL_2022_000249_CIV,1.0191975e-10,7.722619422719731e-05,320.0,1.0223334923076923e-10
FL-2011-000037-BDI,FL_2011_000037_BDI,9.8926166e-11,1.3368303454073951e-05,686.0,9.906932977134588e-11
FL-2009-000165-CHL,FL_2009_000165_CHL,9.850343e-11,1.2999854772900603e-05,694.0,9.86443505007153e-11
FL-2019-000048-TZA,FL_2019_000048_TZA,9.8039174e-11,1.5149252034311812e-05,660.0,9.818660132932332e-11
FL-2011-000180-PAN,FL_2011_000180_PAN,9.397208e-11,8.738872057035531e-09,1218.0,9.404891735077677e-11
FL-2010-000037-HTI,FL_2010_000037_HTI,8.849205e-11,3.239707962176433e-05,498.0,8.866797852882703e-11
FL-2019-000020-COL,FL_2019_000020_COL,8.775764e-11,7.049719473656059e-07,1125.0,8.783530162831859e-11
FL-2008-000231-PAN,FL_2008_000231_PAN,8.324413e-11,1.322187477323199e-05,690.0,8.33639057266187e-11
FF-2013-000090-PAK,FF_2013_000090_PAK,8.1836656e-11,1.2297844043011897e-06,1079.0,8.191215107011069e-11
FL-2009-000242-IRQ,FL_2009_000242_IRQ,8.171395e-11,1.2533802389380816e-05,703.0,8.182936518361583e-11
FF-2005-000072-TJK,FF_2005_000072_TJK,7.9420366e-11,3.7853513567155895e-06,929.0,7.95053985117773e-11
FL-2014-000150-SOM,FL_2014_000150_SOM,7.454821e-11,1.1390868709031858e-05,723.0,7.465061138736264e-11
FL-2010-000174-KEN,FL_2010_000174_KEN,7.228973e-11,2.8620924161097164e-05,521.0,7.242716294676807e-11
FL-2010-000239-MNE,FL_2010_000239_MNE,6.947677e-11,4.857561884499403e-07,1145.0,6.953718458260869e-11
FL-1999-000259-KHM,FL_1999_000259_KHM,6.856387e-11,1.0730349228217468e-05,737.0,6.865627413746632e-11
FL-2009-000075-BDI,FL_2009_000075_BDI,5.6926276e-11,1.382033513406948e-06,1066.0,5.69794284519141e-11
FL-2010-000089-AZE,FL_2010_000089_AZE,5.6386482e-11,3.351248517148781e-06,953.0,5.644534054070981e-11
FF-2007-000080-BGD,FF_2007_000080_BGD,5.5204372e-11,7.238868784770018e-07,1121.0,5.525339897335701e-11
FL-2000-000038-PHL,FL_2000_000038_PHL,5.4506878e-11,9.267679918596124e-05,291.0,5.4691022858108103e-11
FL-2008-000234-BRA,FL_2008_000234_BRA,5.356355e-11,3.8469747811930944e-05,472.0,5.367584255765199e-11
FL-2005-000150-NGA,FL_2005_000150_NGA,4.6525322e-11,2.748854659564801e-05,528.0,4.6612611534709196e-11
FL-2010-000041-SOM,FL_2010_000041_SOM,4.6533163e-11,1.0068141039225406e-05,753.0,4.659455239709762e-11
FL-2010-000119-PAN,FL_2010_000119_PAN,4.5821246e-11,2.080612687377592e-05,592.0,4.5897998505862645e-11
FL-2000-000375-CHL,FL_2000_000375_CHL,4.520555e-11,3.715034852642562e-05,478.0,4.5299143271221535e-11
FL-2018-000164-HND,FL_2018_000164_HND,4.2674985e-11,3.680283799063106e-06,932.0,4.2720529274279614e-11
FL-2012-000068-DOM,FL_2012_000068_DOM,3.973535e-11,2.510992530204732e-06,996.0,3.9775045654345657e-11
FL-2007-000174-CAF,FL_2007_000174_CAF,3.8165627e-11,0.0003386316700005,73.0,3.865492991025641e-11
FL-2009-000217-IND,FL_2009_000217_IND,3.5285753e-11,8.496885467391998e-06,784.0,3.533047512040558e-11
FL-2012-000191-HTI,FL_2012_000191_HTI,3.0545618e-11,6.322481399637733e-06,842.0,3.0581681303423847e-11
FL-2015-000011-PER,FL_2015_000011_PER,2.7476249e-11,0.000216093783577,120.0,2.7696058992000002e-11
FF-2005-000067-IDN,FF_2005_000067_IDN,2.6576052e-11,5.680243755929084e-05,384.0,2.664437089974293e-11
FF-2008-000186-COD,FF_2008_000186_COD,2.4992316e-11,4.002480113532974e-06,918.0,2.5019393265438785e-11
FL-2019-000011-IDN,FL_2019_000011_IDN,2.4838645e-11,1.2709162307034474e-05,701.0,2.4873827216713885e-11
FL-2012-000037-PSE,FL_2012_000037_PSE,2.4318067e-11,4.170916399973186e-06,913.0,2.434455726906318e-11
FL-2018-000120-NGA,FL_2018_000120_NGA,2.4059948e-11,0.000103576212809,262.0,2.415006016479401e-11
FL-2007-000206-COG,FL_2007_000206_COG,2.3440009e-11,1.775434427253479e-05,626.0,2.3477156399366085e-11
FL-2015-000081-PHL,FL_2015_000081_PHL,2.3295343e-11,8.091872595643169e-05,310.0,2.336929646984127e-11
FL-2016-000097-PRK,FL_2016_000097_PRK,2.300382e-11,0.0003233953081905,77.0,2.32843543902439e-11
FL-2009-000174-NER,FL_2009_000174_NER,2.2316295e-11,0.0001690712039005,164.0,2.2448344082840236e-11
FL-2015-000027-CHL,FL_2015_000027_CHL,2.235492e-11,5.866118971375022e-07,1135.0,2.2374529578947365e-11
FL-2017-000043-HTI,FL_2017_000043_HTI,2.0658985e-11,3.8084689152178334e-05,474.0,2.0702114405010436e-11
FL-2015-000085-VEN,FL_2015_000085_VEN,1.9707468e-11,1.3432295868736214e-06,1070.0,1.9725800528372093e-11
FL-2006-000091-PRK,FL_2006_000091_PRK,1.9680188e-11,4.270972524528643e-05,442.0,1.9724215266219237e-11
FL-2020-000011-MOZ,FL_2020_000011_MOZ,1.9538328e-11,2.94269291150464e-05,516.0,1.957582958925144e-11
FL-2003-000037-MDG,FL_2003_000037_MDG,1.886519e-11,0.0002734153089804,94.0,1.9055747474747476e-11
FL-2006-000009-GUY,FL_2006_000009_GUY,1.6867625e-11,5.42412564692025e-06,868.0,1.6886946449026346e-11
FL-2009-000147-NIC,FL_2009_000147_NIC,1.5943552e-11,6.097427378411887e-06,848.0,1.596224315123095e-11
FL-2005-000020-COL,FL_2005_000020_COL,1.5557092e-11,4.9877438008791234e-08,1208.0,1.5569917302555647e-11
FL-2003-000647-TLS,FL_2003_000647_TLS,1.5132355e-11,4.680652576424533e-05,423.0,1.5167710969626165e-11
FL-2004-000028-DOM,FL_2004_000028_DOM,1.38719e-11,6.017360128634596e-05,367.0,1.390919005376344e-11
FL-1999-000233-SVK,FL_1999_000233_SVK,1.38255535e-11,5.246294411210567e-05,398.0,1.3859860084367244e-11
FL-2002-000296-PRY,FL_2002_000296_PRY,1.31879264e-11,0.0003418908715153,71.0,1.3361451747368421e-11
FF-2006-000022-TLS,FF_2006_000022_TLS,1.3252837e-11,5.315973454864167e-06,871.0,1.3267965809360731e-11
FL-2012-000054-HTI,FL_2012_000054_HTI,1.2833824e-11,5.152569478974317e-06,876.0,1.2848391337116912e-11
FL-2004-000063-PRK,FL_2004_000063_PRK,1.2135289e-11,0.000132617762731,208.0,1.2192262187793429e-11
FL-2008-000024-PHL,FL_2008_000024_PHL,1.2005652e-11,0.0002230587732595,116.0,1.2104872264462809e-11
FL-2010-000091-VNM,FL_2010_000091_VNM,1.1420088e-11,2.4349548118582325e-06,1000.0,1.143145127164179e-11
FL-2011-000133-MEX,FL_2011_000133_MEX,1.1268099e-11,3.0815797907336485e-05,507.0,1.1290107005859375e-11
FL-2014-000053-TZA,FL_2014_000053_TZA,1.1174819e-11,0.0001467033548447,190.0,1.1232125764102564e-11
FL-2019-000089-SLE,FL_2019_000089_SLE,1.0331483e-11,0.0004313685204307,55.0,1.0503674383333332e-11
FL-2008-000094-ZAF,FL_2008_000094_ZAF,1.0133732e-11,5.23427571184949e-05,399.0,1.0158815495049505e-11
FL-2012-000198-PAN,FL_2012_000198_PAN,9.772857e-12,9.180079851252763e-06,769.0,9.785483430232558e-12
FL-2011-000093-BGD,FL_2011_000093_BGD,9.446754e-12,2.3215320206618637e-06,1003.0,9.456125779761905e-12
FL-2010-000075-TJK,FL_2010_000075_TJK,9.374551e-12,1.742614199605735e-05,632.0,9.389267720565148e-12
FL-2013-000013-BWA,FL_2013_000013_BWA,9.241911e-12,0.000279180674463,89.0,9.34022920212766e-12
FL-2005-000139-SLE,FL_2005_000139_SLE,9.32739e-12,4.48192943081927e-06,908.0,9.337606199342827e-12
FL-2022-000348-CRI,FL_2022_000348_CRI,8.511564e-12,3.0452252027191825e-06,969.0,8.520302772073922e-12
FL-2006-000085-UKR,FL_2006_000085_UKR,8.378626e-12,7.611419764197259e-06,809.0,8.388919152334151e-12
FL-2007-000044-ARG,FL_2007_000044_ARG,7.498023e-12,3.4152335385580176e-05,491.0,7.513139981854837e-12
FL-2011-000002-BRA,FL_2011_000002_BRA,7.16016e-12,4.2863193805688125e-05,440.0,7.176250247191012e-12
FL-1999-000531-COD,FL_1999_000531_COD,6.0457095e-12,1.2027218707809562e-06,1080.0,6.05128158248848e-12
FL-2001-000236-URY,FL_2001_000236_URY,5.7470387e-12,3.8789105399581097e-07,1160.0,5.751971780429185e-12
FF-2020-000055-SOM,FF_2020_000055_SOM,5.6349114e-12,0.0001004241951066,266.0,5.65570443099631e-12
FL-2013-000038-KEN,FL_2013_000038_KEN,5.6276203e-12,2.8698637385760106e-06,979.0,5.633339426321139e-12
FL-2013-000011-ZWE,FL_2013_000011_ZWE,5.0567393e-12,2.982617256610002e-06,973.0,5.061909790081799e-12
FL-2010-000026-DOM,FL_2010_000026_DOM,4.1397515e-12,4.5062117580135963e-07,1149.0,4.143338806325823e-12
FL-2011-000032-THA,FL_2011_000032_THA,4.029949e-12,1.1938977886772445e-06,1082.0,4.033656404783809e-12
FL-2004-000115-PAN,FL_2004_000115_PAN,3.9497095e-12,3.212834383382419e-06,962.0,3.953793997931748e-12
FL-2015-000131-SLE,FL_2015_000131_SLE,3.6074052e-12,0.0001305590110025,215.0,3.6238024963636367e-12
FL-2012-000039-CHL,FL_2012_000039_CHL,3.5688607e-12,6.124386505719348e-07,1133.0,3.5719967814586996e-12
FL-2019-000119-CMR,FL_2019_000119_CMR,3.5591534e-12,1.598427929948493e-06,1056.0,3.562507927238454e-12
FL-2008-000217-KEN,FL_2008_000217_KEN,3.3968926e-12,2.283821642273957e-05,574.0,3.4027594265975822e-12
FL-2005-000017-VEN,FL_2005_000017_VEN,3.1004925e-12,2.0826317681831453e-07,1185.0,3.103097955882353e-12
SS-2007-000063-MDV,SS_2007_000063_MDV,2.6632613e-12,9.954983327663333e-08,1198.0,2.665475149792186e-12
FL-2006-000027-IDN,FL_2006_000027_IDN,2.566138e-12,2.390389451814712e-05,558.0,2.5706959715808167e-12
FL-2011-000115-KEN,FL_2011_000115_KEN,2.4031966e-12,1.8475970115165776e-06,1046.0,2.4054831809705046e-12
FL-2006-000050-ARG,FL_2006_000050_ARG,2.298992e-12,4.307315497225669e-05,438.0,2.3041815981941307e-12
FF-2014-000015-ZWE,FF_2014_000015_ZWE,1.8985336e-12,6.514940765874725e-05,347.0,1.9039271613636367e-12
FF-2018-000158-TUN,FF_2018_000158_TUN,1.8436901e-12,0.0001775774912907,157.0,1.8550709030864195e-12
FL-2009-000139-PAK,FL_2009_000139_PAK,1.5826411e-12,0.0010236182780357,25.0,1.6353958033333336e-12
FL-2006-000189-MYS,FL_2006_000189_MYS,1.4082596e-12,9.768393878336508e-05,275.0,1.4132890985714286e-12
FL-2014-000163-COL,FL_2014_000163_COL,1.3861445e-12,2.5748477570755146e-07,1180.0,1.387314242194093e-12
FL-2011-000187-COD,FL_2011_000187_COD,1.355224e-12,3.671319576469157e-06,933.0,1.3566688017057571e-12
FL-2021-000049-RWA,FL_2021_000049_RWA,1.3408399e-12,2.1641793123788737e-05,583.0,1.3431202399659863e-12
FL-2022-000336-VNM,FL_2022_000336_VNM,1.3230458e-12,7.217105241436606e-06,820.0,1.3246494918787877e-12
FL-2010-000240-VEN,FL_2010_000240_VEN,1.2394437e-12,1.3543892633640633e-06,1069.0,1.2405977444134078e-12
FL-2007-000068-COL,FL_2007_000068_COL,1.2161009e-12,2.02308467457818e-05,598.0,1.2181176510779437e-12
FL-2006-000190-BDI,FL_2006_000190_BDI,1.1337465e-12,1.496309288328874e-05,662.0,1.1354462698650676e-12
FL-2012-000003-BRA,FL_2012_000003_BRA,1.1057525e-12,0.0001892920338065,146.0,1.1130753642384106e-12
FL-2008-000088-USA,FL_2008_000088_USA,1.0514453e-12,5.066820410094023e-06,878.0,1.0526360647791619e-12
FL-2003-000585-MKD,FL_2003_000585_MKD,1.038708e-12,1.0322338935095144e-05,748.0,1.0400874262948208e-12
FF-2008-000072-CHN,FF_2008_000072_CHN,7.4771493e-13,1.6426303607940864e-07,1189.0,7.483411569095477e-13
FL-2022-000261-GEO,FL_2022_000261_GEO,7.1422485e-13,0.0001810041104676,154.0,7.187168301886793e-13
FL-2009-000044-BIH,FL_2009_000044_BIH,6.7401813e-13,1.137195176341266e-06,1088.0,6.746347980054894e-13
FL-2021-000204-BRA,FL_2021_000204_BRA,6.3519643e-13,3.7950174544636143e-06,928.0,6.358772407502679e-13
FL-2010-000176-MRT,FL_2010_000176_MRT,5.6549324e-13,1.59305997288881e-05,653.0,5.663526522188451e-13
FL-1998-000272-PRK,FL_1998_000272_PRK,5.15608e-13,0.0004435842036943,53.0,5.244977931034483e-13
FF-2007-000100-MLI,FF_2007_000100_MLI,5.136681e-13,5.814066525714716e-05,376.0,5.150163102362205e-13
FL-2009-000208-AZE,FL_2009_000208_AZE,5.0144264e-13,7.164049875583178e-06,824.0,5.020475165259348e-13
FL-2010-000076-COL,FL_2010_000076_COL,3.9389954e-13,4.770123685141124e-07,1147.0,3.942414666840278e-13
FL-2008-000117-ROM,FL_2008_000117_ROM,3.927619e-13,1.024369533950703e-06,1099.0,3.931176625905797e-13
FL-2017-000134-CAF,FL_2017_000134_CAF,3.457533e-13,0.0002397078081971,106.0,3.4886819459459455e-13
FL-2019-000167-BDI,FL_2019_000167_BDI,3.287995e-13,2.163407800199404e-05,584.0,3.293577334465195e-13
FL-2013-000119-MRT,FL_2013_000119_MRT,3.1688416e-13,2.0326265580225576e-06,1025.0,3.171918145242719e-13
FL-2014-000038-ZAF,FL_2014_000038_ZAF,2.7356527e-13,8.439648336755629e-05,299.0,2.74465155756579e-13
FL-2001-000082-ZWE,FL_2001_000082_ZWE,2.7109993e-13,7.129723853239546e-05,337.0,2.7189261985380115e-13
FL-2014-000019-BDI,FL_2014_000019_BDI,2.6907632e-13,1.3037232002065212e-05,693.0,2.6946181616045847e-13
FL-2015-000040-SOM,FL_2015_000040_SOM,2.611013e-13,1.753446763134759e-05,630.0,2.615124831496063e-13
FL-2022-000002-IRN,FL_2022_000002_IRN,2.4353092e-13,2.288943284470649e-05,573.0,2.439522537716263e-13
LS-2010-000190-COL,LS_2010_000190_COL,2.0686793e-13,1.479966741171746e-05,664.0,2.0717714962630793e-13
FL-2007-000086-PAN,FL_2007_000086_PAN,1.7774795e-13,8.562410025428451e-05,296.0,1.7833847475083055e-13
FL-1997-000026-MOZ,FL_1997_000026_MOZ,1.6615603e-13,0.0001615364788691,174.0,1.6708427597765362e-13
FL-2007-000088-ECU,FL_2007_000088_ECU,1.5235136e-13,7.980482188149024e-07,1117.0,1.5248714552584672e-13
FL-2007-000158-TGO,FL_2007_000158_TGO,1.331905e-13,3.115647289711356e-06,967.0,1.333275272633745e-13
FF-2013-000029-SRB,FF_2013_000029_SRB,1.3050807e-13,2.49014309879163e-05,551.0,1.307427967446043e-13
FF-2008-000233-PHL,FF_2008_000233_PHL,1.2706348e-13,9.63817345358784e-05,279.0,1.275108866197183e-13
FL-2010-000121-DOM,FL_2010_000121_DOM,1.007704e-13,1.8231202887762352e-05,622.0,1.0093111834130782e-13
FL-2005-000157-MDA,FL_2005_000157_MDA,9.4588115e-14,7.1393285020064745e-06,825.0,9.470207658433734e-14
LS-2011-000104-ECU,LS_2011_000104_ECU,9.3873904e-14,7.445384883164183e-06,815.0,9.398838437073171e-14
FL-2018-000029-RWA,FL_2018_000029_RWA,9.339494e-14,1.0891701358274573e-05,736.0,9.352097905533062e-14
FL-2011-000007-ZAF,FL_2011_000007_ZAF,9.0389644e-14,0.0002752399672039,90.0,9.13411139368421e-14
FL-2016-000042-KEN,FL_2016_000042_KEN,6.8546595e-14,1.6249581641553606e-05,649.0,6.865140630733944e-14
FL-2008-000246-GUY,FL_2008_000246_GUY,6.318123e-14,5.439734849487692e-05,390.0,6.334118248101266e-14
FL-1999-000286-GMB,FL_1999_000286_GMB,6.0527416e-14,0.0001618963017712,173.0,6.086745766292134e-14
FL-2006-000071-ROM,FL_2006_000071_ROM,4.768615e-14,4.796308251071424e-06,894.0,4.77391935483871e-14
FF-2008-000178-DZA,FF_2008_000178_DZA,4.4387545e-14,3.283752238143722e-05,496.0,4.447614289421158e-14
FL-2018-000004-COD,FL_2018_000004_COD,3.8212072e-14,9.228047120593962e-06,767.0,3.8261569502590674e-14
FL-2000-000770-IDN,FL_2000_000770_IDN,3.7298723e-14,3.69944936057635e-05,480.0,3.737562758350515e-14
FL-2006-000171-HTI,FL_2006_000171_HTI,3.710654e-14,4.946328616910835e-05,411.0,3.719573841346154e-14
FL-2020-000161-BGD,FL_2020_000161_BGD,3.3517643e-14,1.146113790848834e-05,721.0,3.35638105523416e-14
FL-1991-000011-CHN,FL_1991_000011_CHN,3.2559638e-14,8.604737626588054e-06,782.0,3.2601009839898347e-14
FL-2003-000273-TJK,FL_2003_000273_TJK,3.0292985e-14,2.742635380391399e-05,531.0,3.034950176305971e-14
FL-2016-000046-SOM,FL_2016_000046_SOM,2.5342563e-14,1.8959137747152432e-06,1041.0,2.536679107170172e-14
FL-2009-000234-PHL,FL_2009_000234_PHL,2.3788727e-14,0.0001252996798713,219.0,2.3894926674107145e-14
FL-2022-000332-BEN,FL_2022_000332_BEN,2.3819468e-14,4.5328315564909934e-05,428.0,2.38744783187067e-14
FL-2005-000138-PNG,FL_2005_000138_PNG,2.2404762e-14,7.221458610784059e-05,332.0,2.2471244973293768e-14
FL-2009-000245-SRB,FL_2009_000245_SRB,2.0492834e-14,9.321371706936777e-06,764.0,2.0519482678803644e-14
FL-2018-000054-BDI,FL_2018_000054_BDI,1.8545815e-14,2.2145930673417883e-06,1012.0,1.856405080629302e-14
FL-2008-000069-CHL,FL_2008_000069_CHL,1.7846024e-14,3.4541995185941607e-08,1210.0,1.786071208559671e-14
FL-2014-000168-MYS,FL_2014_000168_MYS,1.673239e-14,0.0004152307657135,57.0,1.7002267258064516e-14
FL-2010-000219-PHL,FL_2010_000219_PHL,1.6213615e-14,3.6855568225254446e-05,481.0,1.6246976347736626e-14
FL-2001-000375-IRN,FL_2001_000375_IRN,1.5698572e-14,1.2949984366177802e-05,695.0,1.572099853142857e-14
FL-2012-000042-COL,FL_2012_000042_COL,1.4665774e-14,1.920912345066056e-06,1039.0,1.467982167624521e-14
FL-1997-000255-KEN,FL_1997_000255_KEN,1.1109116e-14,1.4541507600178644e-05,671.0,1.1125549603550296e-14
FL-2022-000378-BIH,FL_2022_000378_BIH,1.01872085e-14,8.529597475892839e-07,1111.0,1.0196336823028672e-14
FL-2021-000097-BGD,FL_2021_000097_BGD,9.886678e-15,2.716522860609089e-05,533.0,9.905054724907063e-15
FL-2017-000064-IND,FL_2017_000064_IND,9.125181e-15,0.0003329516280195,75.0,9.239245762499998e-15
FL-1999-000547-VEN,FL_1999_000547_VEN,8.763518e-15,2.434237607443622e-06,1001.0,8.772229250497017e-15
FL-2007-000227-ZWE,FL_2007_000227_ZWE,8.416414e-15,0.0005316390739062,43.0,8.591755958333333e-15
FL-2014-000054-TJK,FL_2014_000054_TJK,7.846317e-15,2.2028596916161543e-06,1015.0,7.854009467647058e-15
FL-2003-000080-ARG,FL_2003_000080_ARG,6.8124103e-15,1.3864600383558996e-06,1065.0,6.818777038598131e-15
FL-2013-000116-NGA,FL_2013_000116_NGA,6.3780065e-15,1.4630091850756803e-05,667.0,6.387497581101192e-15
FL-2015-000093-GUY,FL_2015_000093_GUY,5.6563645e-15,0.0001459581201231,193.0,5.684931997474748e-15
FL-2022-000158-HTI,FL_2022_000158_HTI,5.5908245e-15,3.203446899003349e-05,501.0,5.60187356027668e-15
FL-2010-000225-PAN,FL_2010_000225_PAN,5.5126175e-15,3.0151729601778906e-06,971.0,5.518265673668033e-15
FF-2008-000123-PAK,FF_2008_000123_PAK,4.7444594e-15,0.0003543085185294,68.0,4.809451994520548e-15
FF-2008-000216-PSE,FF_2008_000216_PSE,3.1247418e-15,9.851486096068774e-05,272.0,3.1360224563176896e-15
FL-2001-000335-KOR,FL_2001_000335_KOR,2.9809518e-15,2.3496031281549653e-08,1214.0,2.98339720754717e-15
FL-2014-000123-SSD,FL_2014_000123_SSD,2.4817964e-15,0.000293682193994,85.0,2.5093719155555557e-15
FL-2016-000054-HTI,FL_2016_000054_HTI,2.235042e-15,8.694846623892674e-06,780.0,2.2378891872611466e-15
FL-2005-000132-MKD,FL_2005_000132_MKD,1.9470683e-15,3.91313568340262e-05,468.0,1.9511847234672305e-15
FL-2013-000054-CHN,FL_2013_000054_CHN,1.8845865e-15,4.388826717552304e-05,434.0,1.8888794077448748e-15
FL-2018-000144-PRK,FL_2018_000144_PRK,1.6850648e-15,2.6637753687791023e-05,537.0,1.6881737756457565e-15
FL-2021-000096-PAN,FL_2021_000096_PAN,1.6434951e-15,3.944499046289342e-07,1158.0,1.6449082514187447e-15
FL-2020-000242-COL,FL_2020_000242_COL,1.6280183e-15,1.1591536315259828e-05,718.0,1.630270054218534e-15
FL-1999-000229-TJK,FL_1999_000229_TJK,1.469809e-15,8.448537046596609e-06,787.0,1.4716648194444446e-15
FL-2001-000376-PAK,FL_2001_000376_PAK,1.2753411e-15,0.0007794542348393,30.0,1.311779417142857e-15
FL-2013-000024-MKD,FL_2013_000024_MKD,1.1237975e-15,8.128438061407199e-06,796.0,1.125200493133583e-15
FL-2008-000197-COL,FL_2008_000197_COL,1.0581885e-15,5.80391176300385e-09,1219.0,1.0590530330882354e-15
FF-2020-000123-YEM,FF_2020_000123_YEM,9.568782e-16,4.4861306407051285e-05,429.0,9.590829884792626e-16
FL-1997-000265-SOM,FL_1997_000265_SOM,9.109865e-16,1.08927815676596e-07,1197.0,9.117443922628953e-16
FL-2008-000155-CHL,FL_2008_000155_CHL,5.413864600000001e-16,9.753854790234456e-05,276.0,5.433131022064058e-16
FL-2009-000192-MEX,FL_2009_000192_MEX,4.6696535e-16,0.0001772644017943,159.0,4.69812699695122e-16
FF-2020-000153-BIH,FF_2020_000153_BIH,4.1508574000000003e-16,7.906122338459112e-05,316.0,4.1637884199376945e-16
FF-2009-000204-TUN,FF_2009_000204_TUN,3.3127567e-16,8.438266472184208e-05,300.0,3.3236181973770494e-16
FL-1999-000053-PHL,FL_1999_000053_PHL,3.2082286000000003e-16,4.223636695876419e-05,445.0,3.215357996888889e-16
FF-2021-000198-COG,FF_2021_000198_COG,2.8776142e-16,4.028517424379599e-05,459.0,2.8838159547413797e-16
FL-2007-000025-FJI,FL_2007_000025_FJI,2.1550806000000003e-16,9.925710495010243e-06,757.0,2.1579087897637798e-16
FL-2012-000141-NER,FL_2012_000141_NER,1.8920755000000002e-16,4.362811958201078e-05,435.0,1.896375671590909e-16
FF-2006-000069-IDN,FF_2006_000069_IDN,1.1546556000000002e-16,0.0001070537192436,255.0,1.1590965830769233e-16
FL-2007-000051-TUN,FL_2007_000051_TUN,9.599801000000001e-17,6.493501492645878e-05,348.0,9.626995903682719e-17
FL-2011-000061-DOM,FL_2011_000061_DOM,9.271059000000001e-17,1.6835364932834715e-05,640.0,9.285432734883722e-17
FL-2013-000141-SOM,FL_2013_000141_SOM,7.88542e-17,2.670293039734014e-06,989.0,7.893353018108652e-17
FL-2012-000089-CUB,FL_2012_000089_CUB,5.1335954e-17,4.116485959014239e-06,914.0,5.1391814668117516e-17
FL-2009-000144-NER,FL_2009_000144_NER,4.0917286e-17,4.9741634306961885e-06,884.0,4.096331219347581e-17
FL-2010-000015-PSE,FL_2010_000015_PSE,3.5259695e-17,7.945256725064385e-05,315.0,3.5369881546875e-17
FL-2006-000025-PNG,FL_2006_000025_PNG,3.4765190000000005e-17,4.089031064545056e-05,456.0,3.4840602559652933e-17
FF-2021-000189-BIH,FF_2021_000189_BIH,3.214553e-17,2.840120954996839e-05,524.0,3.22062965973535e-17
FL-2018-000065-TJK,FL_2018_000065_TJK,2.85486e-17,1.5888828099894469e-06,1058.0,2.8575456632173094e-17
FL-2008-000032-KAZ,FL_2008_000032_KAZ,2.4012319e-17,2.529571859621412e-05,547.0,2.405581957789855e-17
FL-2021-000005-IDN,FL_2021_000005_IDN,2.2517555e-17,9.629484503737652e-05,281.0,2.259628770979021e-17
FL-2011-000170-COL,FL_2011_000170_COL,2.105536e-17,3.4399683853917744e-06,948.0,2.1077453767051418e-17
FL-2011-000161-SOM,FL_2011_000161_SOM,1.9637150000000002e-17,1.5475594658970327e-05,656.0,1.966685824508321e-17
FL-2010-000249-IND,FL_2010_000249_IND,1.32067615e-17,1.6877376136729864e-05,639.0,1.322726889363354e-17
FL-2022-000382-ZAF,FL_2022_000382_ZAF,1.1327091e-17,0.0001017967677148,264.0,1.1369199144981412e-17
FL-2013-000030-COL,FL_2013_000030_COL,1.1212467e-17,1.6955712621738782e-05,636.0,1.1229959148205928e-17
FL-2003-000455-NGA,FL_2003_000455_NGA,9.676140000000001e-18,3.326622486246059e-06,954.0,9.686229822732015e-18
FL-2015-000079-CRI,FL_2015_000079_CRI,9.6392804e-18,1.512985523500456e-06,1060.0,9.648331367511736e-18
FL-2009-000216-ITA,FL_2009_000216_ITA,8.729736e-18,2.204561680858258e-06,1014.0,8.738302963689892e-18
FL-2002-000026-SEN,FL_2002_000026_SEN,6.310162599999999e-18,4.318512114850646e-05,437.0,6.32443898597285e-18
OT-2004-000112-COL,OT_2004_000112_COL,3.209732e-18,3.5427989961885923e-06,942.0,3.213121368532207e-18
FL-2009-000241-COL,FL_2009_000241_COL,2.4013803999999997e-18,1.9821146697866866e-05,602.0,2.4053365456342665e-18
FL-2002-000482-RUS,FL_2002_000482_RUS,2.090276e-18,0.0001099244327544,249.0,2.098505433070866e-18
FL-2008-000230-CUB,FL_2008_000230_CUB,9.180927e-19,7.458769406580518e-06,814.0,9.192136923076922e-19
FL-2005-000111-ROM,FL_2005_000111_ROM,8.393584999999999e-19,2.9547174092773476e-08,1213.0,8.400476284893266e-19
LS-2016-000051-IDN,LS_2016_000051_IDN,6.332214999999999e-19,8.533386217390926e-05,297.0,6.353182599337747e-19
FL-2011-000005-HND,FL_2011_000005_HND,5.9904017e-19,8.113631457989774e-08,1200.0,5.995372987717842e-19
FL-2012-000183-COL,FL_2012_000183_COL,5.2332977e-19,1.7627989851395388e-06,1050.0,5.238258171753554e-19
FL-2004-000023-CRI,FL_2004_000023_CRI,4.9842197e-19,8.702407764710758e-07,1109.0,4.988693864901257e-19
FL-2015-000009-ALB,FL_2015_000009_ALB,4.822931999999999e-19,6.922997019360385e-06,830.0,4.8287079664670655e-19
FL-2008-000239-NIC,FL_2008_000239_NIC,2.1639598e-19,3.957842489210518e-05,463.0,2.1685836457264958e-19
FF-2008-000092-KEN,FF_2008_000092_KEN,2.1121076e-19,0.0001682185447695,165.0,2.124531762352941e-19
FL-1997-000140-AZE,FL_1997_000140_AZE,2.0523955e-19,3.437673001582274e-06,949.0,2.054546857966457e-19
FL-2013-000145-COL,FL_2013_000145_COL,1.9530193e-19,1.8849726648441365e-07,1187.0,1.9546577390100668e-19
FL-2017-000126-NGA,FL_2017_000126_NGA,1.4904642e-19,0.0001786783679678,156.0,1.4997217416149066e-19
FL-2021-000126-MYS,FL_2021_000126_MYS,5.3663809999999995e-20,7.715967795769778e-05,321.0,5.3828422914110424e-20
FL-2021-000001-MYS,FL_2021_000001_MYS,4.9173028e-20,6.098957836863863e-05,363.0,4.930665035869566e-20
FL-2002-000755-CRI,FL_2002_000755_CRI,4.6238543e-20,4.441771548069167e-05,431.0,4.6344594704128434e-20
FL-2021-000084-TCD,FL_2021_000084_TCD,2.6163184999999998e-20,9.06346262402954e-05,294.0,2.6250687290969898e-20
FL-2010-000042-SRB,FL_2010_000042_SRB,1.5010079999999998e-20,2.057055168210604e-05,596.0,1.5035055174708816e-20
FL-2019-000062-SSD,FL_2019_000062_SSD,2.8383198e-21,0.0001306544611277,214.0,2.8512801643835616e-21
FL-2005-000062-TZA,FL_2005_000062_TZA,1.7206722e-21,0.000463317618252,50.0,1.751957149090909e-21
FL-2016-000085-MLI,FL_2016_000085_MLI,1.5796697000000001e-21,0.000192930950763,140.0,1.5905639737931036e-21
FL-2003-000578-COL,FL_2003_000578_COL,5.349234e-22,1.3521061025622076e-05,683.0,5.357009049418604e-22
FL-1999-000349-SLV,FL_1999_000349_SLV,1.2631690000000001e-22,1.806864379879498e-05,623.0,1.2651804156050958e-22
FL-2006-000057-SUR,FL_2006_000057_SUR,1.0903445e-22,2.5264738468059625e-06,994.0,1.091435935935936e-22
FL-2007-000127-MRT,FL_2007_000127_MRT,7.209426000000001e-23,5.859218153494767e-05,372.0,7.228549145888595e-23
FL-2008-000182-RWA,FL_2008_000182_RWA,5.8271975e-23,2.414580964193321e-05,554.0,5.83762182468694e-23
FL-2019-000170-RWA,FL_2019_000170_RWA,4.7711873e-24,7.180044972190815e-06,823.0,4.7769496035024156e-24
FF-2020-000138-TJK,FF_2020_000138_TJK,4.3877232e-24,3.634385998623647e-06,936.0,4.392386030180659e-24
FL-2004-000022-AFG,FL_2004_000022_AFG,1.4353084e-24,4.276954562628214e-05,441.0,1.4385265802690582e-24
FL-2007-000003-PHL,FL_2007_000003_PHL,4.880919599999999e-25,2.6484558102674168e-05,538.0,4.889908402209945e-25
FL-2007-000123-NGA,FL_2007_000123_NGA,2.0080418999999998e-25,3.993654557815924e-06,919.0,2.0102151055194803e-25
FL-2003-000389-BFA,FL_2003_000389_BFA,9.1781064e-26,3.5019849679261423e-06,945.0,9.18776756463158e-26
FL-2002-000376-RUS,FL_2002_000376_RUS,4.8886527e-26,0.0001122909015769,242.0,4.908444816194332e-26
FL-2019-000100-MLI,FL_2019_000100_MLI,1.0005422e-27,2.322349581511388e-05,569.0,1.002285304878049e-27
FF-2020-000240-ZMB,FF_2020_000240_ZMB,4.2120274e-29,5.7046687329314994e-05,381.0,4.2229393880829015e-29
FL-2015-000042-RWA,FL_2015_000042_RWA,8.354214e-32,5.760753402948894e-06,855.0,8.363928202325581e-32
FL-2020-000213-LAO,FL_2020_000213_LAO,3.1069127000000003e-32,0.0001927353877261,141.0,3.128192923972603e-32
FL-1998-000111-TJK,FL_1998_000111_TJK,1.0515642599999999e-32,2.699084823824378e-05,535.0,1.053511601222222e-32
FL-2002-000500-IRN,FL_2002_000500_IRN,7.129536e-33,0.0001195821434949,229.0,7.160004102564103e-33
FL-2015-000039-KAZ,FL_2015_000039_KAZ,4.0050893e-34,2.2423117579891667e-06,1009.0,4.009039092209073e-34
FF-2006-000039-YEM,FF_2006_000039_YEM,1.16e-43,3.883441580073205e-05,469.0,1.1624472573839663e-43
FL-2008-000167-VCT,FL_2008_000167_VCT,0.0,1.951389528875311e-06,1033.0,0.0
FL-2019-000030-IRQ,FL_2019_000030_IRQ,0.0,5.28714344796835e-05,397.0,0.0
FL-2008-000250-THA,FL_2008_000250_THA,0.0,5.524393599957457e-06,862.0,0.0
FL-2003-000571-DOM,FL_2003_000571_DOM,0.0,0.0001207173951467,226.0,0.0
FL-2009-000080-AFG,FL_2009_000080_AFG,0.0,0.0010868532817224,23.0,0.0
FL-2021-000209-MYS,FL_2021_000209_MYS,0.0,2.527168984435808e-05,548.0,0.0
FL-2010-000062-COD,FL_2010_000062_COD,0.0,4.008653123254359e-06,917.0,0.0
FL-2016-000066-PAK,FL_2016_000066_PAK,0.0,2.167670942141156e-05,582.0,0.0
FL-2002-000020-IRN,FL_2002_000020_IRN,0.0,5.494519135522668e-05,388.0,0.0
FF-2011-000088-NGA,FF_2011_000088_NGA,0.0,3.879983014206206e-06,924.0,0.0
FL-2011-000082-NPL,FL_2011_000082_NPL,0.0,4.794047165855119e-06,895.0,0.0
FL-2016-000021-PAK,FL_2016_000021_PAK,0.0,3.178129665848552e-05,503.0,0.0
FL-2016-000130-VCT,FL_2016_000130_VCT,0.0,0.000132356147443,209.0,0.0
FL-2012-000164-CAF,FL_2012_000164_CAF,0.0,0.0002636185356037,98.0,0.0
FL-2010-000019-MEX,FL_2010_000019_MEX,0.0,1.29029310175119e-05,696.0,0.0
FF-2019-000018-AFG,FF_2019_000018_AFG,0.0,1.91288120465306e-05,613.0,0.0
FL-1999-000132-BLR,FL_1999_000132_BLR,0.0,4.278848147229682e-07,1153.0,0.0
FL-2018-000414-IRQ,FL_2018_000414_IRQ,0.0,5.971687667212389e-05,369.0,0.0
FL-2020-000050-AFG,FL_2020_000050_AFG,0.0,9.272951781462916e-05,290.0,0.0
FL-2019-000145-TZA,FL_2019_000145_TZA,0.0,5.9335210990171176e-05,370.0,0.0
FL-2020-000196-NGA,FL_2020_000196_NGA,0.0,3.478373540922657e-05,489.0,0.0
FL-1998-000221-NPL,FL_1998_000221_NPL,0.0,1.3269220646494873e-07,1194.0,0.0
FL-2005-000168-NPL,FL_2005_000168_NPL,0.0,3.300738039530352e-06,957.0,0.0
FL-2012-000030-KAZ,FL_2012_000030_KAZ,0.0,8.564431025767031e-07,1110.0,0.0
FL-2007-000209-PNG,FL_2007_000209_PNG,0.0,2.3195997658035163e-06,1004.0,0.0
FL-2003-000359-PAK,FL_2003_000359_PAK,0.0,0.0001856586443076,148.0,0.0
FL-2005-000094-AFG,FL_2005_000094_AFG,0.0,7.00270005120014e-05,339.0,0.0
FL-2009-000010-FJI,FL_2009_000010_FJI,0.0,3.3042224989601216e-05,493.0,0.0
FF-2007-000081-NPL,FF_2007_000081_NPL,0.0,6.212414347433653e-06,845.0,0.0
FF-2013-000088-AFG,FF_2013_000088_AFG,0.0,2.746239036340273e-05,529.0,0.0
FL-2014-000045-SLB,FL_2014_000045_SLB,0.0,4.182794823634489e-05,450.0,0.0
FL-2012-000151-TCD,FL_2012_000151_TCD,0.0,3.172393305127803e-05,504.0,0.0
FL-2000-000265-COL,FL_2000_000265_COL,0.0,1.401953303034956e-06,1064.0,0.0
FF-2006-000163-AFG,FF_2006_000163_AFG,0.0,0.0001691806056074,163.0,0.0
FL-2015-000017-PAK,FL_2015_000017_PAK,0.0,0.0002422362456108,105.0,0.0
FL-2015-000068-BGD,FL_2015_000068_BGD,0.0,1.892329745099903e-05,614.0,0.0
FL-2002-000445-VEN,FL_2002_000445_VEN,0.0,2.6235358819340765e-05,540.0,0.0
FL-2018-000194-TTO,FL_2018_000194_TTO,0.0,1.2812842337480758e-08,1216.0,0.0
FL-2010-000114-BGD,FL_2010_000114_BGD,0.0,2.898871622657964e-05,519.0,0.0
FF-2014-000060-AFG,FF_2014_000060_AFG,0.0,0.000394836204018,61.0,0.0
FL-2022-000333-THA,FL_2022_000333_THA,0.0,0.0001064707886146,257.0,0.0
FL-2009-000179-LBR,FL_2009_000179_LBR,0.0,1.8525326666930945e-05,618.0,0.0
FL-2002-000054-IDN,FL_2002_000054_IDN,0.0,3.569865644153646e-05,487.0,0.0
FL-2006-000092-KOR,FL_2006_000092_KOR,0.0,4.0452299978101244e-06,916.0,0.0
FL-2001-000620-DZA,FL_2001_000620_DZA,0.0,1.0694939531120024e-05,739.0,0.0
FL-2011-000042-COL,FL_2011_000042_COL,0.0,4.874803809862143e-06,888.0,0.0
FL-2021-000208-IRQ,FL_2021_000208_IRQ,0.0,2.3592210296944667e-05,563.0,0.0
FL-2018-000058-COL,FL_2018_000058_COL,0.0,8.462888863968029e-05,298.0,0.0
FL-2019-000160-COG,FL_2019_000160_COG,0.0,4.424557969466501e-06,909.0,0.0
FL-2019-000136-SLV,FL_2019_000136_SLV,0.0,7.38449077868542e-08,1203.0,0.0
FL-2013-000085-NIC,FL_2013_000085_NIC,0.0,3.6137735958497448e-06,937.0,0.0
FL-1997-000097-AFG,FL_1997_000097_AFG,0.0,1.3067963751748002e-05,691.0,0.0
FL-2010-000251-CRI,FL_2010_000251_CRI,0.0,3.1805398643964164e-08,1212.0,0.0
FL-2003-000212-AZE,FL_2003_000212_AZE,0.0,8.763010413941293e-07,1108.0,0.0
FL-2012-000132-NPL,FL_2012_000132_NPL,0.0,4.6037578836497154e-06,904.0,0.0
FL-2005-000048-AFG,FL_2005_000048_AFG,0.0,2.966783864780593e-06,974.0,0.0
FL-2008-000096-BGD,FL_2008_000096_BGD,0.0,1.5935850287161754e-06,1057.0,0.0
FL-2018-000105-BGD,FL_2018_000105_BGD,0.0,5.354694098566536e-06,870.0,0.0
FF-2020-000168-MNG,FF_2020_000168_MNG,0.0,4.050615032341776e-06,915.0,0.0
FL-2009-000136-BIH,FL_2009_000136_BIH,0.0,4.549690746905075e-06,907.0,0.0
FL-2017-000004-THA,FL_2017_000004_THA,0.0,1.1640667030324528e-05,716.0,0.0
FF-2008-000082-PHL,FF_2008_000082_PHL,0.0,3.4852042024709075e-05,488.0,0.0
FL-2015-000164-COD,FL_2015_000164_COD,0.0,5.518170611908964e-05,386.0,0.0
FL-2005-000001-CRI,FL_2005_000001_CRI,0.0,5.477649751312979e-07,1140.0,0.0
FL-2010-000096-IDN,FL_2010_000096_IDN,0.0,2.9533909552917622e-05,514.0,0.0
FL-2016-000026-PNG,FL_2016_000026_PNG,0.0,7.84299684918239e-06,803.0,0.0
FL-2006-000065-TZA,FL_2006_000065_TZA,0.0,0.0001212973107531,224.0,0.0
FL-2011-000021-MYS,FL_2011_000021_MYS,0.0,7.9568823730971e-06,801.0,0.0
FL-2009-000039-CRI,FL_2009_000039_CRI,0.0,5.00367378491822e-06,881.0,0.0
FL-2000-000191-HUN,FL_2000_000191_HUN,0.0,1.566836428483597e-05,655.0,0.0
FF-2012-000115-RUS,FF_2012_000115_RUS,0.0,7.550238113198381e-05,325.0,0.0
FL-2019-000083-NPL,FL_2019_000083_NPL,0.0,4.929524170279381e-05,414.0,0.0
FL-2009-000183-NGA,FL_2009_000183_NGA,0.0,1.6192269971284196e-05,650.0,0.0
FL-2005-000184-VNM,FL_2005_000184_VNM,0.0,4.816539671131466e-07,1146.0,0.0
FL-2005-000002-GUY,FL_2005_000002_GUY,0.0,8.22840270598688e-05,306.0,0.0
FL-2004-000044-BGD,FL_2004_000044_BGD,0.0,1.0631805673598608e-06,1096.0,0.0
FF-2020-000204-TUN,FF_2020_000204_TUN,0.0,4.172715177873015e-05,452.0,0.0
FL-2000-000187-ROM,FL_2000_000187_ROM,0.0,3.3971330192275364e-07,1167.0,0.0
FL-1998-000048-PAK,FL_1998_000048_PAK,0.0,8.326637492354688e-05,302.0,0.0
FL-2019-000162-MYS,FL_2019_000162_MYS,0.0,3.9317172000946616e-06,920.0,0.0
FL-2013-000017-PNG,FL_2013_000017_PNG,0.0,0.0007299764326513,32.0,0.0
FL-2000-000476-NPL,FL_2000_000476_NPL,0.0,3.647049754164993e-06,935.0,0.0
FL-2012-000075-VEN,FL_2012_000075_VEN,0.0,1.959858507317302e-06,1031.0,0.0
FF-2009-000069-IDN,FF_2009_000069_IDN,0.0,1.939524338517326e-05,606.0,0.0
FF-2012-000118-AFG,FF_2012_000118_AFG,0.0,1.3414772130308488e-05,685.0,0.0
FL-2008-000076-COL,FL_2008_000076_COL,0.0,3.984516118715386e-07,1157.0,0.0
ST-2010-000085-CHN,ST_2010_000085_CHN,0.0,4.879313587302511e-07,1144.0,0.0
FL-2022-000376-COD,FL_2022_000376_COD,0.0,2.219640021090596e-06,1010.0,0.0
FL-2017-000079-TJK,FL_2017_000079_TJK,0.0,0.0002303681077214,112.0,0.0
FL-2003-000341-NPL,FL_2003_000341_NPL,0.0,1.768790308062823e-05,627.0,0.0
FL-2009-000031-DOM,FL_2009_000031_DOM,0.0,9.283969442178068e-05,289.0,0.0
FL-2022-000362-LCA,FL_2022_000362_LCA,0.0,7.37958026101494e-06,817.0,0.0
FL-2013-000045-AFG,FL_2013_000045_AFG,0.0,0.0001568137105176,180.0,0.0
FL-2000-000438-KHM,FL_2000_000438_KHM,0.0,2.053284065585165e-06,1024.0,0.0
FL-2009-000203-USA,FL_2009_000203_USA,0.0,2.802358555168486e-06,982.0,0.0
FL-1998-000203-BGD,FL_1998_000203_BGD,0.0,6.341121821524316e-06,841.0,0.0
FL-2009-000123-BGD,FL_2009_000123_BGD,0.0,1.7730830325436413e-06,1048.0,0.0
FL-2021-000068-SUR,FL_2021_000068_SUR,0.0,4.957830684611808e-06,885.0,0.0
FL-2006-000164-TZA,FL_2006_000164_TZA,0.0,0.0011481286636816,22.0,0.0
FL-2007-000199-THA,FL_2007_000199_THA,0.0,1.959663028491811e-06,1032.0,0.0
FL-2004-000059-AFG,FL_2004_000059_AFG,0.0,5.22287573713214e-05,400.0,0.0
FL-2011-000022-AFG,FL_2011_000022_AFG,0.0,0.0003308640296333,76.0,0.0
FL-2016-000068-NPL,FL_2016_000068_NPL,0.0,2.651822952804417e-07,1179.0,0.0
FL-2002-000325-JAM,FL_2002_000325_JAM,0.0,4.571221453686657e-06,906.0,0.0
FL-2022-000190-TUN,FL_2022_000190_TUN,0.0,7.580987410043772e-05,324.0,0.0
FL-2007-000106-IDN,FL_2007_000106_IDN,0.0,1.8050285218419187e-05,624.0,0.0
FL-2007-000159-RWA,FL_2007_000159_RWA,0.0,1.8705684576862704e-05,617.0,0.0
FL-2019-000087-PAK,FL_2019_000087_PAK,0.0,0.0001111961899759,247.0,0.0
FL-2022-000207-VEN,FL_2022_000207_VEN,0.0,5.6942560272743874e-05,383.0,0.0
FL-2013-000008-MOZ,FL_2013_000008_MOZ,0.0,0.0001396961868434,199.0,0.0
FL-2022-000135-ZMB,FL_2022_000135_ZMB,0.0,2.772278827116775e-05,526.0,0.0
FL-2007-000144-LBR,FL_2007_000144_LBR,0.0,0.0001372719748711,200.0,0.0
FL-2005-000108-PAK,FL_2005_000108_PAK,0.0,0.0001966335997069,137.0,0.0
FL-2006-000178-JAM,FL_2006_000178_JAM,0.0,1.6539910394088424e-06,1053.0,0.0
FL-2022-000312-BGR,FL_2022_000312_BGR,0.0,2.1977777497182565e-07,1182.0,0.0
FL-2019-000093-NGA,FL_2019_000093_NGA,0.0,1.744613550322871e-05,631.0,0.0
FL-2017-000010-PHL,FL_2017_000010_PHL,0.0,5.011395705679683e-05,409.0,0.0
FL-2020-000206-COD,FL_2020_000206_COD,0.0,1.2429281894837895e-06,1076.0,0.0
FL-2008-000011-TZA,FL_2008_000011_TZA,0.0,9.28883629221747e-05,288.0,0.0
FL-2021-000135-GIN,FL_2021_000135_GIN,0.0,3.048483585293844e-05,512.0,0.0
FL-2022-000254-PAK,FL_2022_000254_PAK,0.0,0.0001313948084009,211.0,0.0
FL-2004-000051-NPL,FL_2004_000051_NPL,0.0,5.0668282750877845e-06,877.0,0.0
FF-2022-000209-AFG,FF_2022_000209_AFG,0.0,0.0001900420020011,145.0,0.0
FF-2007-000082-PAK,FF_2007_000082_PAK,0.0,0.0001355286525467,205.0,0.0
FF-2020-000006-IRN,FF_2020_000006_IRN,0.0,1.992837307500172e-06,1030.0,0.0
FL-2001-000453-IRN,FL_2001_000453_IRN,0.0,0.0003399256582769,72.0,0.0
FL-2008-000191-SLV,FL_2008_000191_SLV,0.0,2.1391488203998087e-07,1184.0,0.0
FL-2008-000232-CRI,FL_2008_000232_CRI,0.0,1.0081010562733528e-05,751.0,0.0
FL-2019-000058-TJK,FL_2019_000058_TJK,0.0,1.0448483364858316e-05,744.0,0.0
FL-1998-000255-TUR,FL_1998_000255_TUR,0.0,9.412819528679176e-05,283.0,0.0
FL-1992-000008-PAK,FL_1992_000008_PAK,0.0,7.628756290481404e-06,808.0,0.0
FL-2015-000018-PNG,FL_2015_000018_PNG,0.0,0.0002380386422217,108.0,0.0
FF-2010-000204-LCA,FF_2010_000204_LCA,0.0,1.1590473667484107e-06,1085.0,0.0
FL-2022-000217-BGD,FL_2022_000217_BGD,0.0,7.230003844724811e-07,1122.0,0.0
FL-2022-000331-SLV,FL_2022_000331_SLV,0.0,0.0001840280946184,149.0,0.0
FL-2006-000058-TJK,FL_2006_000058_TJK,0.0,8.338822192971297e-07,1114.0,0.0
FL-2022-000374-TTO,FL_2022_000374_TTO,0.0,5.775860844099805e-08,1207.0,0.0
FF-2020-000191-AFG,FF_2020_000191_AFG,0.0,0.0001934666835746,139.0,0.0
FL-2006-000131-BGD,FL_2006_000131_BGD,0.0,2.467623532937901e-07,1181.0,0.0
FF-2014-000048-KAZ,FF_2014_000048_KAZ,0.0,6.609489375748509e-05,346.0,0.0
FL-2022-000286-MRT,FL_2022_000286_MRT,0.0,4.177551058190477e-05,451.0,0.0
FL-2021-000213-STP,FL_2021_000213_STP,0.0,2.536307475682133e-05,546.0,0.0
FL-1999-000247-KOR,FL_1999_000247_KOR,0.0,3.830646797015269e-06,927.0,0.0
FL-2003-000505-VNM,FL_2003_000505_VNM,0.0,3.431339378001753e-07,1165.0,0.0
FL-2005-000090-TJK,FL_2005_000090_TJK,0.0,3.5492417342910886e-06,941.0,0.0
FF-2019-000029-IDN,FF_2019_000029_IDN,0.0,3.325201625424412e-06,955.0,0.0
FL-2000-000083-ZWE,FL_2000_000083_ZWE,0.0,9.859408170240143e-05,271.0,0.0
FF-2012-000148-PAK,FF_2012_000148_PAK,0.0,8.215248270043377e-06,794.0,0.0
FL-2013-000023-ZMB,FL_2013_000023_ZMB,0.0,6.145446865909464e-05,361.0,0.0
FL-2019-000051-LBY,FL_2019_000051_LBY,0.0,4.9399959145724425e-05,413.0,0.0
FL-2010-000141-PAK,FL_2010_000141_PAK,0.0,0.0001938286196733,138.0,0.0
FL-2004-000055-TJK,FL_2004_000055_TJK,0.0,8.085619849624487e-06,798.0,0.0
FL-2002-000263-CRI,FL_2002_000263_CRI,0.0,1.0529734589087706e-05,742.0,0.0
FL-2010-000151-COD,FL_2010_000151_COD,0.0,7.894863523367508e-06,802.0,0.0
FF-2006-000049-IDN,FF_2006_000049_IDN,0.0,1.6895236626769997e-05,637.0,0.0
FL-2006-000127-NPL,FL_2006_000127_NPL,0.0,2.438468515821539e-06,999.0,0.0
FL-2021-000023-DZA,FL_2021_000023_DZA,0.0,0.0002050088614767,129.0,0.0
FL-2016-000123-DOM,FL_2016_000123_DOM,0.0,5.821345580108121e-05,373.0,0.0
FL-2009-000145-NPL,FL_2009_000145_NPL,0.0,1.3415992896428005e-07,1193.0,0.0
FL-2002-000782-MKD,FL_2002_000782_MKD,0.0,6.58148385052145e-06,836.0,0.0
FL-2012-000071-NPL,FL_2012_000071_NPL,0.0,1.283053027898384e-05,698.0,0.0
FL-2019-000133-SOM,FL_2019_000133_SOM,0.0,1.11123577734563e-05,731.0,0.0
FL-2017-000078-NER,FL_2017_000078_NER,0.0,6.729795206211558e-05,344.0,0.0
FL-2005-000171-SLV,FL_2005_000171_SLV,0.0,4.248204803731238e-07,1154.0,0.0
FL-2008-000103-SLV,FL_2008_000103_SLV,0.0,1.186293208053633e-05,712.0,0.0
FL-2014-000122-PAK,FL_2014_000122_PAK,0.0,0.000519452232335,45.0,0.0
FL-2012-000138-NGA,FL_2012_000138_NGA,0.0,1.1118499893491355e-05,730.0,0.0
FL-2012-000050-AFG,FL_2012_000050_AFG,0.0,0.0001600366010072,177.0,0.0
FL-2004-000142-ALB,FL_2004_000142_ALB,0.0,4.396484549048125e-06,910.0,0.0
FL-2006-000056-AFG,FL_2006_000056_AFG,0.0,2.1007211875980957e-05,589.0,0.0
FL-2017-000017-PAK,FL_2017_000017_PAK,0.0,3.974851994087592e-05,462.0,0.0
FL-2009-000101-PAN,FL_2009_000101_PAN,0.0,2.0581394344397024e-06,1022.0,0.0
FL-2006-000023-DZA,FL_2006_000023_DZA,0.0,9.113418881077806e-05,293.0,0.0
FL-2015-000155-NGA,FL_2015_000155_NGA,0.0,1.0273337067822468e-05,749.0,0.0
FL-2012-000126-PAN,FL_2012_000126_PAN,0.0,3.4724361443839573e-06,946.0,0.0
FL-1998-000053-ZMB,FL_1998_000053_ZMB,0.0,1.131285073821132e-05,726.0,0.0
FL-2004-000120-CRI,FL_2004_000120_CRI,0.0,5.428602023255517e-06,867.0,0.0
FL-2015-000146-DZA,FL_2015_000146_DZA,0.0,2.264733225124573e-05,575.0,0.0
FL-2014-000117-BGD,FL_2014_000117_BGD,0.0,8.893271809922792e-07,1106.0,0.0
FL-2002-000322-CHL,FL_2002_000322_CHL,0.0,1.8398877951428164e-05,620.0,0.0
FL-2015-000056-COL,FL_2015_000056_COL,0.0,0.0002113895200631,124.0,0.0
FL-2007-000129-PAK,FL_2007_000129_PAK,0.0,8.335234406921639e-06,793.0,0.0
FL-2013-000142-VNM,FL_2013_000142_VNM,0.0,2.340505428100396e-05,566.0,0.0
FL-2019-000079-BGD,FL_2019_000079_BGD,0.0,4.780951677533652e-06,896.0,0.0
FL-1997-000049-TZA,FL_1997_000049_TZA,0.0,0.0002104476698272,125.0,0.0
FL-2010-000160-NPL,FL_2010_000160_NPL,0.0,4.983454266604153e-07,1142.0,0.0
FL-2020-000185-PAK,FL_2020_000185_PAK,0.0,4.8996578926533485e-05,417.0,0.0
FL-2011-000204-PHL,FL_2011_000204_PHL,0.0,0.0002863688002175,87.0,0.0
FL-2002-000402-BGD,FL_2002_000402_BGD,0.0,8.933183676669869e-07,1105.0,0.0
FL-2002-000242-AFG,FL_2002_000242_AFG,0.0,0.0001971764579519,136.0,0.0
FL-2007-000222-MYS,FL_2007_000222_MYS,0.0,0.0003598331333574,66.0,0.0
FL-2017-000110-MLI,FL_2017_000110_MLI,0.0,0.0001037134891915,261.0,0.0
FL-2000-000735-VEN,FL_2000_000735_VEN,0.0,1.0961614502616668e-05,734.0,0.0
FL-2002-000536-MMR,FL_2002_000536_MMR,0.0,8.0037292505157e-07,1116.0,0.0
FL-2004-000021-COL,FL_2004_000021_COL,0.0,2.782359825325242e-06,984.0,0.0
FL-2002-000540-DZA,FL_2002_000540_DZA,0.0,2.3942906987958905e-05,557.0,0.0
FL-1999-000437-KHM,FL_1999_000437_KHM,0.0,1.6453243431159584e-06,1055.0,0.0
FL-2017-000107-NPL,FL_2017_000107_NPL,0.0,3.0532039344860606e-05,511.0,0.0
FL-2021-000092-CRI,FL_2021_000092_CRI,0.0,1.2235241319305127e-05,707.0,0.0
FL-2009-000247-MYS,FL_2009_000247_MYS,0.0,1.5017966641223844e-05,661.0,0.0
FF-2011-000066-TJK,FF_2011_000066_TJK,0.0,0.0001925948760363,142.0,0.0
FL-2021-000134-NPL,FL_2021_000134_NPL,0.0,2.0617480415950682e-08,1215.0,0.0
FL-2007-000200-MEX,FL_2007_000200_MEX,0.0,0.0002317754881343,111.0,0.0
FL-2022-000201-ZAF,FL_2022_000201_ZAF,0.0,4.405462938993401e-07,1151.0,0.0
FL-2006-000086-CHL,FL_2006_000086_CHL,0.0,2.513078464045137e-06,995.0,0.0
FL-1997-000164-BGD,FL_1997_000164_BGD,0.0,9.99711412784158e-07,1100.0,0.0
FL-2021-000050-AFG,FL_2021_000050_AFG,0.0,0.0001547680296788,183.0,0.0
FL-2009-000171-AFG,FL_2009_000171_AFG,0.0,0.000200582970578,133.0,0.0
FF-2007-000091-AFG,FF_2007_000091_AFG,0.0,0.000294446320245,84.0,0.0
FL-2001-000524-MLI,FL_2001_000524_MLI,0.0,4.888740418316838e-05,419.0,0.0
FL-2014-000004-COL,FL_2014_000004_COL,0.0,2.872079981140363e-06,978.0,0.0
FL-2009-000176-MLI,FL_2009_000176_MLI,0.0,0.0002597262647544,99.0,0.0
SL-2002-000428-NPL,SL_2002_000428_NPL,0.0,8.426301332411175e-07,1113.0,0.0
FL-2000-000484-BTN,FL_2000_000484_BTN,0.0,1.2677776869057396e-06,1075.0,0.0
FL-2007-000054-AFG,FL_2007_000054_AFG,0.0,0.0001002416664384,268.0,0.0
FL-2003-000531-IDN,FL_2003_000531_IDN,0.0,1.0668286714371273e-06,1094.0,0.0
FL-2016-000071-LBR,FL_2016_000071_LBR,0.0,0.0001524425895056,184.0,0.0
FL-2009-000219-NPL,FL_2009_000219_NPL,0.0,7.12239322537404e-08,1205.0,0.0
FL-2006-000045-HUN,FL_2006_000045_HUN,0.0,5.235561760303221e-06,874.0,0.0
FL-2006-000044-COL,FL_2006_000044_COL,0.0,1.1356706912890184e-07,1196.0,0.0
FL-2008-000207-SDN,FL_2008_000207_SDN,0.0,1.5642118223577436e-06,1059.0,0.0
FL-2021-000127-NER,FL_2021_000127_NER,0.0,0.0001342414825274,207.0,0.0
FL-2008-000168-NPL,FL_2008_000168_NPL,0.0,4.613756769276543e-06,901.0,0.0
FL-2022-000271-NGA,FL_2022_000271_NGA,0.0,2.545211317874552e-05,545.0,0.0
FL-2020-000165-NPL,FL_2020_000165_NPL,0.0,5.441907632371285e-05,389.0,0.0
FL-2011-000109-PAK,FL_2011_000109_PAK,0.0,0.0006853438102759,34.0,0.0
FL-2011-000183-TZA,FL_2011_000183_TZA,0.0,6.648675402004041e-06,834.0,0.0
FL-2005-000103-SLV,FL_2005_000103_SLV,0.0,3.293040301629768e-07,1169.0,0.0
FL-1999-000574-VNM,FL_1999_000574_VNM,0.0,2.219033238226942e-05,578.0,0.0
FL-1998-000247-IRN,FL_1998_000247_IRN,0.0,0.0002324108764402,110.0,0.0
FL-2002-000475-TJK,FL_2002_000475_TJK,0.0,7.348892973013414e-07,1120.0,0.0
FL-1997-000111-ARM,FL_1997_000111_ARM,0.0,6.842815234876508e-08,1206.0,0.0
FL-2008-000104-NPL,FL_2008_000104_NPL,0.0,1.0591455715550528e-06,1097.0,0.0
FF-2009-000159-PAK,FF_2009_000159_PAK,0.0,0.0001002841566247,267.0,0.0
FF-2021-000098-MNG,FF_2021_000098_MNG,0.0,7.872681645930921e-05,317.0,0.0
FL-2010-000127-AFG,FL_2010_000127_AFG,0.0,6.318071990954502e-05,356.0,0.0
FL-2000-000617-BGD,FL_2000_000617_BGD,0.0,2.70483604956512e-06,987.0,0.0
FL-2021-000055-TJK,FL_2021_000055_TJK,0.0,2.2202493595872558e-05,577.0,0.0
FL-2016-000075-BGD,FL_2016_000075_BGD,0.0,0.0002042253842848,130.0,0.0
