kg_event_id,original_id,kg_similarity_score,kg_likelihood,kg_prior,kg_bayesian_score
FL-2020-000237-LKA,FL-2020-000237-LKA,1.0000000000000004,1.0000000000000044,1.0827634742900054,1.0827634742900103
Pakistan: Floods - Feb 1991,Pakistan: Floods - Feb 1991,0.5977689102372337,0.005825500418401558,0.7112268098685628,0.004143252078467718
FL-1999-000031-LKA,FL-1999-000031-LKA,0.571595972974256,0.0037229877244112086,1.0064884283055866,0.00374714406334363
FL-2008-000079-LKA,FL-2008-000079-LKA,0.5719936113336714,0.0037489684133476583,0.9571957497487085,0.003588496631198538
1995-09-00T00:00:00+00:00,1995-09-00T00:00:00+00:00,0.5983900106767861,0.005886312970952035,0.5841419555859526,0.0034384423700428803
FL-2018-000092-MNG,FL-2018-000092-MNG,0.5546921761992757,0.002757530997256908,1.031500359443832,0.002844394214848009
Zambia: Floods - Apr 2004,Zambia: Floods - Apr 2004,0.5626956908474143,0.0031822617093102863,0.8301170229297365,0.0026416496163159495
FL-2019-000167-BDI,FL-2019-000167-BDI,0.5494711683399794,0.002508702092648277,0.9726765386670255,0.0024401556680238496
FL-2021-000039-BDI,FL-2021-000039-BDI,0.5447076129073467,0.0022995054898093926,1.0111286560166783,0.002325095895413945
FL-2009-000080-AFG,FL-2009-000080-AFG,0.5440939456830094,0.0022737302195364947,0.9418755588090846,0.0021415709211070385
FL-1998-000053-ZMB,FL-1998-000053-ZMB,0.544276991955718,0.0022813911850006526,0.9365163542555616,0.0021365601552075864
FL-2020-000165-NPL,FL-2020-000165-NPL,0.5360944143315898,0.001960707556200816,1.0774034394387852,0.0021124730647843746
LS-2022-000283-LKA,LS-2022-000283-LKA,0.5406077476269222,0.0021321740541760236,0.9815867798894264,0.0020929138640024265
FL-2009-000139-PAK,FL-2009-000139-PAK,0.5397989483650976,0.0021004886603082466,0.9836480205002447,0.0020661415127954177
FF-2023-000107-GEO,FF-2023-000107-GEO,0.5430112277604231,0.0022288872259525945,0.9175232708403509,0.002045055897890301
Pakistan: Floods - Aug 1996,Pakistan: Floods - Aug 1996,0.5383962538404661,0.0020465402668950897,0.9536055804790171,0.0019515922191861747
FL-2007-000174-CAF,FL-2007-000174-CAF,0.5438970201900593,0.0022655142323366423,0.8591414557936258,0.0019463971956908814
FL-2018-000060-LKA,FL-2018-000060-LKA,0.532065133126014,0.0018182265710258603,1.0416733122822366,0.0018939980947200812
FL-1999-000413-CAF,FL-1999-000413-CAF,0.5402165495439402,0.002116795222904443,0.8806575318255779,0.0018641716563832008
FL-2014-000122-PAK,FL-2014-000122-PAK,0.5252097970482467,0.0015970855725144218,1.1660555615898873,0.0018622905141654107
Sri Lanka: Floods - Jun 1989,Sri Lanka: Floods - Jun 1989,0.5359307124601038,0.0019547285571065894,0.9466660273505467,0.0018504751177047612
FL-2019-000087-PAK,FL-2019-000087-PAK,0.5264049794019696,0.0016338037453295005,1.0947940580011841,0.001788678632326817
FF-2020-000123-YEM,FF-2020-000123-YEM,0.5258739067327209,0.0016173954665585665,1.082595733416551,0.0017509854313435761
FL-2019-000062-SSD,FL-2019-000062-SSD,0.5264047790680975,0.0016337975275754343,1.0669924753090707,0.0017432496681015523
FL-2024-000189-LKA,FL-2024-000189-LKA,0.5191869906374067,0.0014231085153970334,1.1695806147019812,0.0016644401322256862
Afghanistan: Flash Floods - Sep 1992,Afghanistan: Flash Floods - Sep 1992,0.520380617910357,0.0014561667984849622,1.103779548130716,0.001607287130834683
FL-2007-000228-LKA,FL-2007-000228-LKA,0.5238954151750737,0.0015575642760496417,1.0154950674735044,0.001581698839601351
FL-2021-000078-GTM,FL-2021-000078-GTM,0.5198090701564989,0.0014402521506998833,1.0813671758288972,0.001557441400683828
FL-2016-000091-NER,FL-2016-000091-NER,0.5245093237793899,0.0015759125968437156,0.9800336913410537,0.0015444474395156123
FL-2021-000049-RWA,FL-2021-000049-RWA,0.5098676338153749,0.001187338198908229,1.2970626710434043,0.0015400520557077725
FL-2013-000041-GHA,FL-2013-000041-GHA,0.5243147061646001,0.0015700749740962267,0.9596316941627985,0.001506693707354574
FL-2009-000132-GHA,FL-2009-000132-GHA,0.5215939031620855,0.001490476261347474,1.00457015880135,0.0014972879745514744
FL-2016-000058-MMR,FL-2016-000058-MMR,0.5294966349955706,0.0017323356571080266,0.8641831978719268,0.00149705536794718
Sri Lanka: Monsoon Floods - Jul 1984,Sri Lanka: Monsoon Floods - Jul 1984,0.5111058121614228,0.0012164890292740995,1.189364350972239,0.0014468486847674382
FL-2023-002018-MOZ,FL-2023-002018-MOZ,0.5431618135214045,0.0022350760084829157,0.635353035811216,0.0014200623272584358
FL-2017-000057-LKA,FL-2017-000057-LKA,0.5248898990036136,0.0015873845636121746,0.8831246219930485,0.001401858392697602
FL-2019-000163-UGA,FL-2019-000163-UGA,0.5185827409031747,0.0014066323072496464,0.9750374650400142,0.0013715191991040816
FF-2020-000240-ZMB,FF-2020-000240-ZMB,0.5065388279107046,0.0011120579293134938,1.2241109429031103,0.0013612822804148213
LS-2010-000040-UGA,LS-2010-000040-UGA,0.5246092664042288,0.0015789179954596667,0.848757747990263,0.001340118882087647
FL-2011-000204-PHL,FL-2011-000204-PHL,0.5205424745757175,0.0014607023337012129,0.9086693999686215,0.0013272955130970462
FL-2003-000578-COL,FL-2003-000578-COL,0.531872881722628,0.0018116674345439075,0.7317903843038479,0.0013257608081556523
FF-2023-000044-SOM,FF-2023-000044-SOM,0.5142305100104188,0.0012929400956382079,1.022945092337183,0.0013226067255190728
FL-2006-000172-COG,FL-2006-000172-COG,0.5131359627494841,0.0012656817827735325,1.0447518399142948,0.0013223233712986529
FL-2014-000053-TZA,FL-2014-000053-TZA,0.5102671902348945,0.0011966756235544393,1.0970028156440832,0.0013127565284518589
FL-2004-000116-CAF,FL-2004-000116-CAF,0.5243307123146428,0.0015705543485625114,0.8356212418186781,0.0013123885750895307
FF-2014-000060-AFG,FF-2014-000060-AFG,0.5047211119817276,0.0010727899891410178,1.2150620330886253,0.0013035063852828092
FL-2015-000131-SLE,FL-2015-000131-SLE,0.5074069514582944,0.001131264418308858,1.1427229576603417,0.0012927218219858042
Ghana: Floods - Jul 1995,Ghana: Floods - Jul 1995,0.5217153063687733,0.0014939490442675788,0.8551639114187951,0.0012775713081562333
FL-2024-000145-SSD,FL-2024-000145-SSD,0.5182739358237467,0.001398278518395904,0.9086488837386558,0.0012705442148961798
FL-2009-000089-BRA,FL-2009-000089-BRA,0.5201499533050198,0.0014497250338294566,0.8672804440779367,0.0012573181711305129
FL-2016-000102-SEN,FL-2016-000102-SEN,0.5151192879550941,0.0013154614262359734,0.9497600525846711,0.0012493727133549846
FL-2017-000012-MOZ,FL-2017-000012-MOZ,0.5023221079594831,0.001022875850766761,1.1982479826023038,0.0012256589246338865
FF-2008-000227-ETH,FF-2008-000227-ETH,0.5193146027217833,0.0014266102757789806,0.849511519256154,0.0012119218627634426
LS-2022-000224-GTM,LS-2022-000224-GTM,0.502491172093866,0.0010263237135063827,1.1665467743114344,0.0011972546173902034
FF-2017-000122-CMR,FF-2017-000122-CMR,0.5028772668415005,0.0010342369096146423,1.1398719755326612,0.0011788976693312366
FL-2006-000133-NER,FL-2006-000133-NER,0.5127151717711511,0.001255340928362212,0.9314416156120189,0.0011692767824575904
FL-2007-000144-LBR,FL-2007-000144-LBR,0.5082820789297581,0.001150927522627448,1.013217513020149,0.0011661399221430241
FL-2014-000070-LKA,FL-2014-000070-LKA,0.49625405487351615,0.0009058174522153844,1.2712089853111195,0.0011514832843078223
FL-1999-000363-NIC,FL-1999-000363-NIC,0.5065723226278641,0.0011127934928928814,1.029066129374002,0.0011451380925238534
1986-07-01T00:00:00+00:00,1986-07-01T00:00:00+00:00,0.5316882446567912,0.001805388135248282,0.6247700658964721,0.001127952464227778
FL-2014-000154-IDN,FL-2014-000154-IDN,0.5090051533987383,0.0011674056571415216,0.9628039097423366,0.0011239827309511789
FL-2006-000169-SOM,FL-2006-000169-SOM,0.5091128849473057,0.0011698788397762879,0.9442290549591343,0.0011046335912986529
FL-2014-000168-MYS,FL-2014-000168-MYS,0.5034066001339812,0.0010451750950339483,1.0559033797109114,0.001103603915236019
FL-2011-000170-COL,FL-2011-000170-COL,0.5196418916899528,0.0014356267798375935,0.7680165233769249,0.0011025850883176786
FF-2007-000091-AFG,FF-2007-000091-AFG,0.5059070171281377,0.0010982647200948195,0.9987067503482862,0.0010968443896280673
FL-2015-000017-PAK,FL-2015-000017-PAK,0.5042021982415101,0.0010618113125182686,1.0272519860341873,0.0010907477795779586
FL-2013-000045-AFG,FL-2013-000045-AFG,0.496032526548292,0.0009017819868035934,1.2079080109237867,0.001089269685966829
1988-08-01T00:00:00+00:00,1988-08-01T00:00:00+00:00,0.5144583816036273,0.001298680955352082,0.8249538870093336,0.0010713519021026947
FL-2007-000177-SLE,FL-2007-000177-SLE,0.49984366172274647,0.0009735133108270158,1.0656581908077745,0.0010374324335432042
FL-2002-000054-IDN,FL-2002-000054-IDN,0.5058986568410092,0.0010980832415755284,0.9334375249456206,0.0010249921032005251
FL-2019-000171-LKA,FL-2019-000171-LKA,0.49762795383653996,0.000931210115567794,1.0913836782077029,0.001016307521112599
FL-2001-000376-PAK,FL-2001-000376-PAK,0.5059664756385251,0.0010995561774035424,0.921151618596019,0.0010128579525525245
FF-2007-000008-LKA,FF-2007-000008-LKA,0.499510807812498,0.0009670499215587171,1.0463980201857406,0.0010119191233398173
FL-2023-000231-BDI,FL-2023-000231-BDI,0.5021973645657141,0.0010203385443718982,0.9891166714763052,0.0010092338647881103
FL-2020-000019-MDG,FL-2020-000019-MDG,0.499414847111924,0.0009651937333886765,1.043786590716556,0.0010074562763547513
FL-2022-000254-PAK,FL-2022-000254-PAK,0.49568172857898046,0.0008954247737698977,1.1182281796262044,0.0010012892147649186
FL-2013-000095-PHL,FL-2013-000095-PHL,0.5012194653588553,0.001000643293739979,0.9977142237080565,0.000998356047022456
Iran: Floods - Feb 1991,Iran: Floods - Feb 1991,0.5016832691727955,0.0010099414064952419,0.9877471286935022,0.0009975667244143524
FL-2009-000032-SLB,FL-2009-000032-SLB,0.49480018532303616,0.0008796269690004001,1.1239355242445161,0.0009886439985430794
FF-2008-000123-PAK,FF-2008-000123-PAK,0.5030121922393878,0.0010370151905209773,0.9434455865501481,0.000978367404682477
FL-2000-000770-IDN,FL-2000-000770-IDN,0.5052056620094028,0.0010831337586395646,0.9023361566151682,0.000977350752870966
FL-2007-000052-LKA,FL-2007-000052-LKA,0.5032993424369985,0.0010429503397030005,0.9223416325983702,0.0009619565190406902
FL-2021-000057-LKA,FL-2021-000057-LKA,0.4929206842370716,0.0008467796777826338,1.1314393379937777,0.0009580798380569676
FL-2024-000118-PAK,FL-2024-000118-PAK,0.495898067240899,0.0008993405101706335,1.0477381195692326,0.0009422733349786138
FL-2006-000018-IRQ,FL-2006-000018-IRQ,0.4975754114708686,0.0009302273584465148,1.0127814906988197,0.0009421170507762866
FL-2007-000227-ZWE,FL-2007-000227-ZWE,0.5007847577743494,0.0009919985085729698,0.9473870176389487,0.000939806508539231
FL-1999-000350-CRI,FL-1999-000350-CRI,0.5127797607360581,0.0012569232328218311,0.7458703171652188,0.0009375017303171514
FL-2021-000190-EGY,FL-2021-000190-EGY,0.49132479780680494,0.0008197602223577699,1.1389708836250705,0.0009336830248195135
FL-1999-000071-MOZ,FL-1999-000071-MOZ,0.4970472553979751,0.0009204004036738275,1.007486678899522,0.0009272911459551239
FL-2024-000088-BGD,FL-2024-000088-BGD,0.49395305376742205,0.0008646826545530825,1.0651890538676798,0.0009210504986991917
FL-2017-000053-THA,FL-2017-000053-THA,0.4930711662636137,0.0008493683360368766,1.0792293459598103,0.0009166632337800507
FL-2004-000021-COL,FL-2004-000021-COL,0.5097503275697854,0.0011846092931412783,0.7729927578880663,0.0009156944045251095
FL-2006-000190-BDI,FL-2006-000190-BDI,0.5121695746328405,0.0012420462184677212,0.7328323699678426,0.000910211673889297
FL-2012-000110-IND,FL-2012-000110-IND,0.5011116887247018,0.0009984937030219996,0.9076110411740193,0.000906243909405499
FL-2019-000047-GEO,FL-2019-000047-GEO,0.48813778398930086,0.0007681114736233065,1.178251681752609,0.0009050286355701357
FL-2020-000052-COD,FL-2020-000052-COD,0.49146599073798164,0.0008221190314684359,1.0988158099220888,0.0009033573894153526
FL-2020-000202-GIN,FL-2020-000202-GIN,0.4907770375090441,0.0008106667256294298,1.1057838285302726,0.000896422155528611
FL-2024-000182-SLE,FL-2024-000182-SLE,0.4876067432736654,0.0007597960473015225,1.178286929715142,0.0008952577517846117
FL-2020-000050-AFG,FL-2020-000050-AFG,0.4822434069144774,0.0006802412876226299,1.297519598929159,0.0008826264026911694
FL-2013-000023-ZMB,FL-2013-000023-ZMB,0.4897368500361587,0.0007936478342636457,1.0988875788119679,0.0008721297470233395
FL-2006-000001-IDN,FL-2006-000001-IDN,0.5021731771792659,0.0010198472241010155,0.8487703672429272,0.0008656161029318987
FL-2011-000042-COL,FL-2011-000042-COL,0.5047267420434285,0.00107290966269692,0.8050454036566094,0.0008637409924929186
FL-2023-000018-MOZ,FL-2023-000018-MOZ,0.4888287437805246,0.0007790536215369647,1.105614086557909,0.0008613326581552222
FL-1998-000272-PRK,FL-1998-000272-PRK,0.5001730152676958,0.0009799469711911774,0.8775464676728586,0.0008599490030755342
FL-2002-000755-CRI,FL-2002-000755-CRI,0.5119108741891691,0.0012357867966501168,0.6950172098350388,0.0008588930913587446
FL-2007-000200-MEX,FL-2007-000200-MEX,0.48902807107113777,0.0007822361655625778,1.0804286921791404,0.0008451503973340014
Mali: Floods - Sep 1989,Mali: Floods - Sep 1989,0.4941736421693329,0.0008685519034468333,0.9644742111394081,0.0008376959119105159
FL-2002-000478-PRK,FL-2002-000478-PRK,0.49862582985248405,0.0009500527536418781,0.874770461579816,0.0008310780858284809
FL-2011-000109-PAK,FL-2011-000109-PAK,0.4815200062957907,0.0006701057738123305,1.2338103813705061,0.0008267834603459696
FL-2010-000141-PAK,FL-2010-000141-PAK,0.4883838741966262,0.00077199263428929,1.0692104601626595,0.0008254225997506355
Viet Nam: Floods - Oct 1992,name=Viet Nam: Floods - Oct 1992,0.4903918164556151,0.0008043260631002429,1.0249575418914962,0.0008244000645144894
1996-10-01T00:00:00+00:00,1996-10-01T00:00:00+00:00,0.49755234239941437,0.0009297961674291093,0.8851967262744405,0.000823052523510769
FL-2024-000077-LKA,FL-2024-000077-LKA,0.4871754733590521,0.0007531026192409705,1.0924845776964491,0.0008227529969435614
FL-2024-000038-AFG,FL-2024-000038-AFG,0.49039477806021714,0.0008043746397776789,1.0169769888963047,0.0008180304991056537
FL-2013-000112-CAF,FL-2013-000112-CAF,0.48726322274624567,0.0007544601974903975,1.0824256912336399,0.0008166471007768119
FL-2005-000108-PAK,FL-2005-000108-PAK,0.4933881028762221,0.0008548437304755708,0.9455697739530514,0.0008083143929909686
FL-2023-000052-ETH,FL-2023-000052-ETH,0.4854182329521099,0.0007263749353374963,1.1124995665878057,0.00080809180074321
FL-2016-000130-VCT,FL-2016-000130-VCT,0.4909011224302855,0.0008127186969813676,0.9845629160937495,0.0008001726902638876
FL-2022-000261-GEO,FL-2022-000261-GEO,0.48768395215217264,0.0007609999850850537,1.0491729788203328,0.0007984206212339147
FL-2021-000108-SSD,FL-2021-000108-SSD,0.4869094093824603,0.0007489997494338325,1.0642062462831952,0.0007970902118120326
FL-2018-000058-COL,FL-2018-000058-COL,0.49013978499697736,0.0008002018652472897,0.991294406755453,0.000793235633294919
FF-2007-000081-NPL,FF-2007-000081-NPL,0.48537728478650827,0.0007257624236759204,1.0925989789075539,0.0007929672830377821
FL-2022-000207-VEN,FL-2022-000207-VEN,0.48592339906285403,0.0007339696888756744,1.080082826119319,0.0007927480558467556
FF-2012-000081-ETH,FF-2012-000081-ETH,0.48871055931622204,0.0007771721460875122,1.0102119573051023,0.0007851085948620727
FL-2007-000127-MRT,FL-2007-000127-MRT,0.4973973561966011,0.0009269039340983339,0.8469121364760579,0.0007850061911352832
FL-2021-000126-MYS,FL-2021-000126-MYS,0.487005219646897,0.0007504748788804002,1.0369812416402933,0.0007782283717212461
FL-2001-000521-TCD,FL-2001-000521-TCD,0.48661612870263105,0.0007445004996512217,1.0298042380611858,0.0007666897697794985
FL-2021-000173-IDN,FL-2021-000173-IDN,0.48618855302298114,0.0007379845921764904,1.033714069822925,0.0007628650562453714
FL-2024-000116-LBR,FL-2024-000116-LBR,0.49055713932640016,0.0008070417569458096,0.9411318740645284,0.0007595327211627394
FL-2014-000045-SLB,FL-2014-000045-SLB,0.47869100361798667,0.0006317607717332759,1.1890977676758543,0.0007512253233732133
FL-2009-000135-MEX,FL-2009-000135-MEX,0.49300332825769444,0.0008482004763488254,0.8826021815410172,0.0007486235908096033
FL-2003-000220-NAM,FL-2003-000220-NAM,0.49340713175712947,0.0008551734819006135,0.8693111681287405,0.0007434118585037447
FL-2009-000117-GTM,FL-2009-000117-GTM,0.4877286874795809,0.0007616983398183495,0.9753116506378312,0.0007428932650963301
FL-2013-000028-NAM,FL-2013-000028-NAM,0.48432360843122724,0.0007101603046189374,1.0440048847146737,0.0007414108269526313
FL-2024-000144-MLI,FL-2024-000144-MLI,0.48481418588259373,0.00071738648388414,1.0257206390657925,0.0007358381227068019
FL-2024-000039-KAZ,FL-2024-000039-KAZ,0.47640072436294095,0.0006021769553470108,1.2154593718752695,0.0007319216239038399
FL-2004-000100-PAN,FL-2004-000100-PAN,0.4842063864765943,0.0007084433581671969,1.0286129960378907,0.0007287140451675048
FL-2024-000165-CAF,FL-2024-000165-CAF,0.48312100679013625,0.0006927223762532017,1.047691057383914,0.0007257590388502144
LS-2015-000135-LKA,LS-2015-000135-LKA,0.47302149005455696,0.0005608009209535942,1.290597047444825,0.0007237680127870473
FF-2009-000069-IDN,FF-2009-000069-IDN,0.4923289149670746,0.0008366685236710538,0.8612099711014543,0.0007205472750922446
FL-2009-000240-PAN,FL-2009-000240-PAN,0.48608718291504166,0.000736447340294087,0.9710725385234801,0.0007151437882282442
FL-2024-000218-MYS,FL-2024-000218-MYS,0.4848022751459703,0.0007172102584944009,0.9835826898124584,0.0007054355952110115
FL-2006-000164-TZA,FL-2006-000164-TZA,0.4807047637716949,0.000658846525485617,1.066054638511988,0.0007023663945614487
FL-2008-000201-YEM,FL-2008-000201-YEM,0.4806522557863436,0.0006581272127896781,1.0616963805348374,0.000698731279750282
FL-2008-000187-BDI,FL-2008-000187-BDI,0.501852358731985,0.0010133505253229994,0.6853457474951481,0.000694495473252092
FL-1997-000049-TZA,FL-1997-000049-TZA,0.489454595646501,0.0007890855780232845,0.8788540275887039,0.0006934910383579241
FL-1997-000255-KEN,FL-1997-000255-KEN,0.4865536978300245,0.0007435458870106669,0.9285064149811921,0.0006903871259222848
FL-2002-000373-GHA,FL-2002-000373-GHA,0.49447196332967974,0.0008738094162092045,0.7873144358723436,0.0006879627675826917
FL-2017-000137-SSD,FL-2017-000137-SSD,0.48256882039591276,0.0006848454577408193,1.0001222922331552,0.0006849292090212126
FL-2016-000009-IDN,FL-2016-000009-IDN,0.4757503512772605,0.0005940064711855766,1.1491797495702376,0.0006826202078001415
OT-2004-000112-COL,OT-2004-000112-COL,0.4910906911000672,0.0008158625888556515,0.8326011254375424,0.0006792881096836024
FF-2011-000049-IRQ,FF-2011-000049-IRQ,0.48155788666106447,0.0006706331213598591,1.0077513232427067,0.0006758314154607847
FF-2007-000100-MLI,FF-2007-000100-MLI,0.4800586467838855,0.0006500443169737979,1.032850525424288,0.0006713986143354595
FF-2009-000159-PAK,FF-2009-000159-PAK,0.4879576075513277,0.000765281003504457,0.8753042401744937,0.0006698537072924428
FL-2005-000064-ETH,FL-2005-000064-ETH,0.48571635773459265,0.0007308483939206075,0.9153081224890242,0.00066895147126359
FF-2006-000069-IDN,FF-2006-000069-IDN,0.48429550912297625,0.0007097483939888527,0.9360516519312406,0.0006643611566488106
India: Floods - Oct 1996,India: Floods - Oct 1996,0.5069314145704438,0.0011207069188594449,0.5918800598424082,0.0006633240782003292
FL-2020-000206-COD,FL-2020-000206-COD,0.4764626892029725,0.00060296065790014,1.0973603002618633,0.0006616650885993882
FL-2010-000092-LKA,FL-2010-000092-LKA,0.47183413041618283,0.0005468818705261285,1.2070220613503797,0.0006600984826775991
FF-2006-000163-AFG,FF-2006-000163-AFG,0.4795150350988593,0.0006427207029432688,1.0230726450626195,0.0006575499695966761
FL-2017-000079-TJK,FL-2017-000079-TJK,0.474606154386072,0.0005798740255032578,1.133782714433925,0.0006574511466648107
FL-2020-000154-CIV,FL-2020-000154-CIV,0.471571179644775,0.0005438417574271011,1.204144706950617,0.0006548641736245651
FF-2020-000153-BIH,FF-2020-000153-BIH,0.4797665339267584,0.0006460996490539823,1.0072124375171865,0.0006507596024026603
FL-2020-000175-GEO,FL-2020-000175-GEO,0.4772142613286079,0.0006125395551953681,1.0606407542579777,0.0006496844158352614
FL-2009-000140-MNG,FL-2009-000140-MNG,0.4768637293020571,0.0006080550622800129,1.0589605890169638,0.0006439063469067891
FL-2014-000089-IND,FL-2014-000089-IND,0.48606620818817714,0.0007361296239807887,0.8681922613947346,0.0006391020429235366
FL-2007-000189-NIC,FL-2007-000189-NIC,0.47793481078599087,0.000621851432038183,1.0272245921975405,0.000638781083682879
Tanzania: Floods - Apr 1989,Tanzania: Floods - Apr 1989,0.48349346878674865,0.0006980814832950076,0.8981542921589569,0.0006269848804981022
FF-2006-000022-TLS,FF-2006-000022-TLS,0.470120045585905,0.0005273363342878736,1.1802888753635958,0.0006224092089349956
FL-2009-000129-CAF,FL-2009-000129-CAF,0.48179535356261854,0.0006739475105473783,0.9175805861754851,0.0006184011517795723
FL-2015-000164-COD,FL-2015-000164-COD,0.47361868876029767,0.0005679215009987759,1.0795665740230147,0.0006131090691472566
FL-2019-000030-IRQ,FL-2019-000030-IRQ,0.47099714373249885,0.0005372578062876502,1.1268493447600907,0.0006054086069824824
FL-2001-000696-BRA,FL-2001-000696-BRA,0.48222230188185283,0.0006799436435837268,0.8900444318591507,0.000605180053949719
FL-2021-000023-DZA,FL-2021-000023-DZA,0.4745717254283526,0.0005794535096251937,1.0374171325327366,0.0006011349983913989
FL-2021-000208-IRQ,FL-2021-000208-IRQ,0.47418110030840555,0.0005747015927817406,1.0347036442805968,0.0005946458324251305
FL-2007-000076-KEN,FL-2007-000076-KEN,0.4785706317199072,0.0006301739391315117,0.9420505534012065,0.0005936557080978589
FL-2001-000571-PRK,FL-2001-000571-PRK,0.4791800405894696,0.0006382446745372505,0.9280032109549476,0.000592293107345464
FL-2010-000196-LKA,FL-2010-000196-LKA,0.4663478859161879,0.00048651935607237263,1.212821481693282,0.0005900611263041565
FL-2017-000043-HTI,FL-2017-000043-HTI,0.4736664039235545,0.0005684939183538127,1.0311272816379908,0.0005861895886598967
FL-2011-000084-IND,FL-2011-000084-IND,0.4840392340389386,0.0007060015430364798,0.8290193075518719,0.0005852889103386556
FL-2018-000144-PRK,FL-2018-000144-PRK,0.47170140800197596,0.0005453454900549988,1.0698843437963756,0.0005834566017698053
FL-2008-000031-PER,FL-2008-000031-PER,0.47618691562851134,0.0005994798356303406,0.9634315068788812,0.0005775577613848431
FL-2005-000062-TZA,FL-2005-000062-TZA,0.48157675728946525,0.0006708959661940511,0.8523963030224688,0.0005718692412964964
FF-2019-000018-AFG,FF-2019-000018-AFG,0.4659402873161813,0.0004822837526259672,1.1776802420532055,0.0005679760465308773
FL-2012-000106-BGD,FL-2012-000106-BGD,0.46139378275109405,0.0004372374787599093,1.2962702877560353,0.000566777952409831
FL-2024-000223-LBY,FL-2024-000223-LBY,0.4744339424174122,0.0005777733711553755,0.9752075934483906,0.0005634489788429975
FL-2005-000105-HTI,FL-2005-000105-HTI,0.47329760282083666,0.0005640830480308131,0.9972865856131765,0.0005625524569729231
FL-2023-000259-COG,FL-2023-000259-COG,0.4651965333873449,0.0004746403956606611,1.1831497507677173,0.0005615706658302019
FL-2016-000081-GTM,FL-2016-000081-GTM,0.4752810870561519,0.0005881733283122163,0.9441251390555963,0.000555309225381564
FL-2015-000065-GHA,FL-2015-000065-GHA,0.4693401807331564,0.0005186535589898694,1.0654801946479941,0.0005526150949874009
1993-12-00T00:00:00+00:00,1993-12-00T00:00:00+00:00,0.48805783274398945,0.0007668543239520968,0.7194550254691349,0.000551717197170072
FL-2019-000156-DJI,FL-2019-000156-DJI,0.46946575482928066,0.0005200429120877938,1.0579254007457344,0.000550166606175458
FL-2009-000010-FJI,FL-2009-000010-FJI,0.4699601601378336,0.0005255456323532168,1.0467452570561262,0.0005501123980322923
FL-2020-000242-COL,FL-2020-000242-COL,0.4670994519692382,0.0004944172076202292,1.1047518015144244,0.0005462083008181795
FF-2009-000107-THA,FF-2009-000107-THA,0.4705476716270861,0.0005321527217608095,1.0240911244438284,0.0005449728792038712
FL-2021-000066-GUY,FL-2021-000066-GUY,0.47048803641579273,0.000531478678530077,1.0204156206178399,0.0005423291455974179
FF-2007-000083-IND,FF-2007-000083-IND,0.47733739652507584,0.0006141219223501498,0.8813888050539815,0.0005412801872976526
FL-2010-000118-GHA,FL-2010-000118-GHA,0.4648973739540129,0.00047159688746475524,1.1468698410721812,0.0005408602473768392
FL-2024-000209-PAN,FL-2024-000209-PAN,0.4660357563566076,0.0004832728416721958,1.105818542180244,0.0005344120692532514
1996-07-01-CO-Flood,1996-07-01-CO-Flood,0.48253021191810197,0.0006842977364182412,0.7739776904641869,0.0005296311816228612
FL-2024-000177-NPL,FL-2024-000177-NPL,0.4624703107584064,0.00044754692274549514,1.1822831865149188,0.0005291272019384902
FL-2009-000206-HTI,FL-2009-000206-HTI,0.4749849231585751,0.0005845184794652589,0.8977256390746227,0.0005247372255288762
FL-2023-000229-ETH,FL-2023-000229-ETH,0.4739738978052591,0.0005721952565393274,0.9110164433296456,0.0005212792875025522
FL-2005-000166-CRI,FL-2005-000166-CRI,0.4905738406900982,0.0008073165621014583,0.6447646378504476,0.0005205291707940152
FL-2023-000215-GHA,FL-2023-000215-GHA,0.45979391895695887,0.00042231084249304745,1.232207094616741,0.0005203744162535062
FL-2007-000054-AFG,FL-2007-000054-AFG,0.4745566635854963,0.0005792696303323084,0.8959779952430994,0.000519012842090353
FL-2006-000029-NAM,FL-2006-000029-NAM,0.4638431305535664,0.0004610110036259702,1.1221814471307896,0.0005173379951922089
FL-2003-000359-PAK,FL-2003-000359-PAK,0.46927766019102884,0.0005179630774991393,0.9970856486805502,0.0005164535511208034
Iran: Floods - Feb 1993,Iran: Floods - Feb 1993,0.47534936678200557,0.0005890188550418509,0.8761089187768762,0.0005160446722299095
Haiti: Floods - Jun 1986,Haiti: Floods - Jun 1986,0.47907721754624316,0.0006368764429600426,0.806982556058804,0.0005139481798335343
FL-1997-000026-MOZ,FL-1997-000026-MOZ,0.4650719019125238,0.00047337031169202324,1.0827610863454504,0.0005125469529313395
FL-2011-000059-CHN,FL-2011-000059-CHN,0.4641858816355891,0.00046442893678254815,1.0913766390536792,0.0005068668921050111
FL-1999-000428-VNM,FL-1999-000428-VNM,0.47025942735492476,0.0005289018750895968,0.9536527315229473,0.0005043887178868027
FL-2023-000104-IND,FL-2023-000104-IND,0.46739211332532404,0.0004975237294013365,1.0105589096694154,0.0005027770375184759
FL-2022-000249-CIV,FL-2022-000249-CIV,0.4666717713216655,0.0004899088837883998,1.023474098609534,0.0005014090532361355
FL-2024-000021-BOL,FL-2024-000021-BOL,0.46869169692950197,0.0005115317545997378,0.9791674152328188,0.0005008752259609338
FL-2018-000414-IRQ,FL-2018-000414-IRQ,0.45618681105239,0.00039032579334887104,1.279393971195808,0.0004993804668127664
FL-2006-000031-PER,FL-2006-000031-PER,0.47443536753448273,0.0005777907266974352,0.8622372185675087,0.0004981926691016961
1987-07-01-CO-Flood,1987-07-01-CO-Flood,0.4895107862490611,0.0007899919359905408,0.6275028689316593,0.0004957222062669401
FL-2018-000054-BDI,FL-2018-000054-BDI,0.47690005495405124,0.0006085184141428518,0.814524387135535,0.000495653088340394
FL-2011-000122-NER,FL-2011-000122-NER,0.4652271971202473,0.0004749533507907652,1.0388296068906175,0.0004933956026933522
FL-2015-000161-ETH,FL-2015-000161-ETH,0.47407209328883426,0.0005733818071389016,0.8569191129543197,0.0004913418295576123
FL-2022-000328-HND,FL-2022-000328-HND,0.46189578731225733,0.0004420180589668904,1.1114267603705184,0.0004912706993028357
FL-2013-000145-COL,FL-2013-000145-COL,0.47264576663613417,0.0005563623384684338,0.8790758244423693,0.000489084681377823
FL-1999-000315-GHA,FL-1999-000315-GHA,0.472247299424403,0.0005516896426035371,0.8830969393406909,0.0004871954348491432
FL-2001-000314-GHA,FL-2001-000314-GHA,0.46574046348921727,0.00048021941059235394,1.0103874531958326,0.00048520766724361234
FL-2007-000051-TUN,FL-2007-000051-TUN,0.46206827217958546,0.00044367145512528547,1.093065903907382,0.0004849621401344236
FF-2014-000059-SRB,FF-2014-000059-SRB,0.4688147963035209,0.0005128768544756286,0.9418030548326259,0.00048302898829809515
FL-2001-000019-MOZ,FL-2001-000019-MOZ,0.46302317979852164,0.00045292608303916347,1.0662262115321133,0.0004829216616229266
FL-2022-000382-ZAF,FL-2022-000382-ZAF,0.4704778112388661,0.0005313631828820395,0.904559089993309,0.00048064939716372583
FL-2017-000078-NER,FL-2017-000078-NER,0.451051956543686,0.00034855050005710536,1.3737310931814115,0.00047881465947237497
FF-2022-000309-SLE,FF-2022-000309-SLE,0.4572770910082957,0.00039975549601365686,1.196452650536421,0.0004782885227720414
FL-2011-000007-ZAF,FL-2011-000007-ZAF,0.4618393119777826,0.00044147790709787166,1.0794985641478076,0.0004765747668151317
FL-2003-000624-HTI,FL-2003-000624-HTI,0.47583530952341646,0.0005950680851468092,0.7906381692162378,0.0004704835413994855
FL-2010-000127-AFG,FL-2010-000127-AFG,0.46133247573021824,0.000436656853143676,1.0727052233242367,0.0004684040871675454
FF-2022-000209-AFG,FF-2022-000209-AFG,0.46116351324104626,0.0004350602356203651,1.0750035318817837,0.00046769128987321344
FL-2019-000131-CIV,FL-2019-000131-CIV,0.458989434813496,0.00041497973501282084,1.1114192483318486,0.000461216465160899
FL-2019-000067-UGA,FL-2019-000067-UGA,0.46139190690191095,0.0004372197026954595,1.0531125508651717,0.0004604415563941274
FL-2017-000110-MLI,FL-2017-000110-MLI,0.46996048363115805,0.0005255492499158273,0.8750877906224794,0.00045990173197214265
ST-2011-000073-CAF,ST-2011-000073-CAF,0.4571825588580164,0.000398929856335191,1.1452772355910454,0.0004568852830583004
FF-2020-000158-SRB,FF-2020-000158-SRB,0.45803958879122947,0.00040647155698243255,1.1226898183568608,0.0004563414784758376
FL-2007-000138-UGA,FL-2007-000138-UGA,0.4614700604732099,0.0004379608587148421,1.0368375020093747,0.0004540942427277776
FL-2009-000241-COL,FL-2009-000241-COL,0.4788210380020598,0.0006334790224712391,0.7158636981146965,0.0004534846357043442
Tanzania: Floods - Feb 1993,Tanzania: Floods - Feb 1993,0.47038928870778096,0.0005303642450746177,0.8543614220163771,0.00045312275060859267
LS-2016-000051-IDN,LS-2016-000051-IDN,0.4707473858009959,0.0005344156520032896,0.8456727764380267,0.0004519407682015602
FL-2010-000102-CRI,FL-2010-000102-CRI,0.4658426116923907,0.000481273688585301,0.9388100029975206,0.00045182455302339425
FF-2008-000199-LKA,FF-2008-000199-LKA,0.4554163743302305,0.00038378360199457426,1.1763858573071313,0.0004514776016528061
FF-2005-000067-IDN,FF-2005-000067-IDN,0.46728216170114456,0.0004963545682712817,0.9074775324699321,0.00045043061884500116
FL-2012-000042-COL,FL-2012-000042-COL,0.45885550481042064,0.0004137704410368282,1.0883756360583356,0.00045033766694559595
FL-2021-000061-MYS,FL-2021-000061-MYS,0.45687960305398667,0.0003962941836740274,1.1325212482808422,0.00044881158358094683
FL-2006-000044-COL,FL-2006-000044-COL,0.47352943566755945,0.0005668521642510199,0.7903426324249347,0.0004480074316899225
FL-2023-000036-PER,FL-2023-000036-PER,0.45858593152550364,0.0004113459951201912,1.0717795343349823,0.0004408722191004784
FL-2002-000510-MEX,FL-2002-000510-MEX,0.46832014048320747,0.0005074910104220928,0.867985419385465,0.0004404947975155736
FL-2005-000194-COL,FL-2005-000194-COL,0.46845632135911347,0.0005089686550542122,0.863710436619626,0.00043960153928257744
FF-2007-000082-PAK,FF-2007-000082-PAK,0.46098928890969393,0.0004334194001184661,1.0098825024924718,0.00043770266842042246
FL-2017-000095-GHA,FL-2017-000095-GHA,0.46264771128935395,0.000449266649385862,0.9719324461526762,0.00043665683351241756
FL-2019-000094-GTM,FL-2019-000094-GTM,0.4543055184864518,0.000374524404862362,1.1627948729486577,0.00043549505776810187
LS-2010-000190-COL,LS-2010-000190-COL,0.47106712134336043,0.0005380565619511719,0.8035449578867475,0.00043235263741374255
FL-2023-000041-PRY,FL-2023-000041-PRY,0.46708116354238505,0.0004942236616860337,0.8705618226000267,0.00043025225168945243
FL-1997-000270-ETH,FL-1997-000270-ETH,0.4563858235045032,0.0003920319445262299,1.0963520332427232,0.00042980501947743064
FL-2020-000196-NGA,FL-2020-000196-NGA,0.45875997221051107,0.0004129097876882976,1.0372433952384017,0.0004282879501089774
FL-2005-000117-GTM,FL-2005-000117-GTM,0.46604990057637063,0.0004834195353716273,0.8832004049243507,0.00042695632938856274
Pakistan: Floods - Jul 1993,Pakistan: Floods - Jul 1993,0.4578165749703456,0.0004044968276379679,1.0550156272267153,0.0004267504743216872
FL-2008-000155-CHL,FL-2008-000155-CHL,0.45557119574277344,0.0003850902941286636,1.1026017644863366,0.0004246012377928268
FL-2018-000165-CRI,FL-2018-000165-CRI,0.47508846872012644,0.0005857939663163233,0.7234581139813008,0.0004237973980528329
FL-2006-000192-IDN,FL-2006-000192-IDN,0.4656303863135032,0.0004790856244077503,0.875300643790321,0.00041934395547479176
FL-2007-000068-COL,FL-2007-000068-COL,0.4705815530917017,0.0005325360188830581,0.7818122360681077,0.00041634317570977166
FL-2004-000052-JPN,FL-2004-000052-JPN,0.45648436295642425,0.0003928792137957768,1.0587350877770016,0.00041595500890383115
FF-2020-000191-AFG,FF-2020-000191-AFG,0.4495114410542149,0.0003368274671973187,1.231578444091277,0.00041482944797807935
FL-2013-000008-MOZ,FL-2013-000008-MOZ,0.46299422495277165,0.0004526429284239006,0.9158712312600213,0.00041456263617673954
FL-2007-000222-MYS,FL-2007-000222-MYS,0.46338947828356586,0.00045652197222874027,0.9073504280824132,0.00041422540693077505
FL-2005-000137-CAF,FL-2005-000137-CAF,0.46739976911467024,0.0004976052288003208,0.8291581427948438,0.00041259342735707735
FL-2016-000021-PAK,FL-2016-000021-PAK,0.4495532187432974,0.00033714064632170003,1.2119023313188628,0.00040858153525961645
ST-2012-000064-COD,ST-2012-000064-COD,0.4514937047334781,0.0003519791939295582,1.1546951626353135,0.0004064286725787378
FL-2007-000155-ROM,FL-2007-000155-ROM,0.4629404480405151,0.00045211745707190147,0.8986487971175168,0.00040629480895349476
FL-2022-000316-NER,FL-2022-000316-NER,0.46034473977638174,0.00042739737414689585,0.94956722049458,0.00040584253661534993
FL-2002-000026-SEN,FL-2002-000026-SEN,0.4553859815301847,0.0003835275559535267,1.0546693276059735,0.0004044947495558684
FL-2008-000191-CRI,FL-2008-000191-CRI,0.47999101437728064,0.0006491290912999262,0.6221635888955922,0.0004038644850996966
FL-2003-000229-LKA,FL-2003-000229-LKA,0.44952745656620147,0.0003369474937153958,1.1976431040334385,0.00040354284226959414
FL-2000-000741-LKA,FL-2000-000741-LKA,0.4568020846913906,0.0003956223079432959,1.013293031042013,0.00040088132756369894
FL-2003-000020-MOZ,FL-2003-000020-MOZ,0.4592275685297208,0.00041713777384442586,0.9593256023439679,0.0004001709461537257
FL-2008-000232-CRI,FL-2008-000232-CRI,0.47992969903427074,0.0006483003528470889,0.615992904616921,0.00039934841741445304
FL-2003-000341-NPL,FL-2003-000341-NPL,0.4685482979901575,0.0005099688465891385,0.7820585732690798,0.00039882550857517986
FL-2007-000194-GTM,FL-2007-000194-GTM,0.45516270894402916,0.00038165129032724396,1.041926920218741,0.00039765275352817385
FF-2020-000204-TUN,FF-2020-000204-TUN,0.4528709708465692,0.0003628647921870196,1.0850181584319483,0.00039371488857855165
FL-2018-000120-NGA,FL-2018-000120-NGA,0.45449014148281897,0.00037604920263361073,1.0265078744630958,0.00038601746768896975
FL-2004-000063-PRK,FL-2004-000063-PRK,0.4571646907416619,0.00039877396955799433,0.9650636272415313,0.00038484225351114197
FL-2024-000031-MWI,FL-2024-000031-MWI,0.45158644115345914,0.00035270282477446686,1.0898465961995627,0.0003843919730504235
FF-2020-000055-SOM,FF-2020-000055-SOM,0.4546491338375683,0.00037736679241895816,1.018212889069999,0.00038423973194798603
FL-2019-000100-MLI,FL-2019-000100-MLI,0.4559420945110731,0.0003882369796376377,0.9879592955377479,0.0003835623329045035
FF-2009-000196-IDN,FF-2009-000196-IDN,0.45964214230595746,0.0004209188754719423,0.9083004588291629,0.00038232080772102045
India: Floods - Aug 1988,India: Floods - Aug 1988,0.46303811744284373,0.0004530722232609829,0.8427786995223563,0.0003818396191095938
FL-2007-000161-UGA,FL-2007-000161-UGA,0.4570274883774602,0.00039757880070727614,0.9520505600973528,0.00037851511989619606
FL-2009-000039-CRI,FL-2009-000039-CRI,0.47013915628476716,0.0005275507393038744,0.7165421116254692,0.0003780123207303756
FL-2014-000107-MMR,FL-2014-000107-MMR,0.4569512674677598,0.00039691623475516825,0.9521660688837085,0.00037793017092295174
FL-2008-000086-MEX,FL-2008-000086-MEX,0.45659913574016237,0.0003938681390894354,0.9563543144258493,0.00037667749413306206
FF-2012-000118-AFG,FF-2012-000118-AFG,0.44648151630202126,0.00031480008738745595,1.1956061386296777,0.0003763769169216013
FL-1998-000112-TZA,FL-1998-000112-TZA,0.462317049045073,0.00044606597128553837,0.840568897187044,0.0003749491815561526
FL-2023-000146-MRT,FL-2023-000146-MRT,0.4518153632874009,0.0003544948608260038,1.0535873745404762,0.00037349130970576087
FL-2022-000348-CRI,FL-2022-000348-CRI,0.46053983333529275,0.00042921213742523547,0.869648665727101,0.0003732637626257331
FL-2011-000082-NPL,FL-2011-000082-NPL,0.4529417707881546,0.0003634324789907326,1.025863139158339,0.00037283198376953004
FL-2022-000135-ZMB,FL-2022-000135-ZMB,0.4444487282166639,0.0003007576467732192,1.2189092023041321,0.0003665962633152126
FL-2021-000005-IDN,FL-2021-000005-IDN,0.4520570888568692,0.0003563960150854211,1.0205820190497432,0.00036373136465716184
FL-2000-000299-GTM,FL-2000-000299-GTM,0.4589127708158234,0.00041428712421462226,0.8719053948333257,0.0003612191786127133
FL-2001-000453-IRN,FL-2001-000453-IRN,0.45884818686794226,0.0004137044566265484,0.8717258436729041,0.0003606368664840183
Djibouti: Floods - Nov 1994,Djibouti: Floods - Nov 1994,0.45490721469139955,0.00037951438913380185,0.949468318420347,0.00036033688886719605
FL-2018-000140-MLI,FL-2018-000140-MLI,0.45319023859284596,0.00036543106942311373,0.9723384285301737,0.00035532267177897125
FL-2024-000139-TCD,FL-2024-000139-TCD,0.45409167149962826,0.0003727652037047107,0.9523043457078162,0.00035498592341665536
FL-2014-000162-LKA,FL-2014-000162-LKA,0.4473368377187361,0.00032088294391887176,1.0916819458806812,0.00035030211661727544
Indonesia: Floods - Nov 1987,Indonesia: Floods - Nov 1987,0.44614097271833836,0.00031240724595966903,1.113651344896523,0.00034791274961840427
FL-2008-000158-PAN,FL-2008-000158-PAN,0.45446142063154327,0.0003758116313109977,0.9235086414861772,0.0003470652890867236
FL-2002-000482-RUS,FL-2002-000482-RUS,0.4515574895150741,0.0003524767688468851,0.9807160860179978,0.00034567963715578765
FL-2024-000045-KEN,FL-2024-000045-KEN,0.4497958900525814,0.00033896497728597245,1.0196971903586571,0.0003456416349684921
FL-2006-000155-LKA,FL-2006-000155-LKA,0.43962647691568346,0.00026967358169229216,1.2787797130194554,0.000344853105405398
FL-2009-000186-TCD,FL-2009-000186-TCD,0.45254589358314895,0.0003602684942925497,0.9539321905487659,0.0003436717139461975
FL-2023-000042-SYR,FL-2023-000042-SYR,0.45290695062378605,0.00036315318477296257,0.9456166805369497,0.00034340370911143043
FL-2009-000251-SAU,FL-2009-000251-SAU,0.45055481463343217,0.0003447278329273759,0.9956156226188847,0.0003432164160140482
FL-2005-000070-YEM,FL-2005-000070-YEM,0.44971265389723136,0.0003383382339408679,1.0139259017870548,0.000343049898957534
FL-2020-000128-KEN,FL-2020-000128-KEN,0.4490319763833882,0.0003332519428677152,1.0272567357494566,0.0003423353030124535
FL-2013-000108-SSD,FL-2013-000108-SSD,0.4440564292246354,0.00029811348620232343,1.1472056468348109,0.0003419974747689169
FL-2016-000066-PAK,FL-2016-000066-PAK,0.4363883284736332,0.00025045589920888917,1.365086108875814,0.00034189386889605554
FL-2019-000011-IDN,FL-2019-000011-IDN,0.45025225070140074,0.000342419843383162,0.9907720767246441,0.00033926001934046274
FL-2017-000134-CAF,FL-2017-000134-CAF,0.44773635497703035,0.0003237602997613985,1.0409891559456468,0.0003370309611773278
FL-2010-000051-KAZ,FL-2010-000051-KAZ,0.44642575828055325,0.00031440717595553676,1.0701404681681588,0.0003364598424724868
FL-2001-000146-AGO,FL-2001-000146-AGO,0.4525896160042275,0.00036061671667452855,0.931842117402311,0.00033603784483666197
FF-2019-000068-VNM,FF-2019-000068-VNM,0.446029082561906,0.0003116246262433349,1.0739024148338638,0.0003346544386444176
FL-2012-000164-CAF,FL-2012-000164-CAF,0.4437608333541565,0.0002961349625543428,1.1283063800150515,0.00033413096759558333
FL-2024-000027-ARG,FL-2024-000027-ARG,0.44961337165182597,0.00033759203238900966,0.9890539476346332,0.0003338967323243489
FL-2007-000106-IDN,FL-2007-000106-IDN,0.452832123542635,0.00036255364663572234,0.9201287593720849,0.00033359603708475245
FL-2025-000038-BOL,FL-2025-000038-BOL,0.446727183736902,0.00031653650637162553,1.0525186156126618,0.0003331605654771318
FL-2016-000097-PRK,FL-2016-000097-PRK,0.44711964972186713,0.0003193284138351884,1.034797506250793,0.0003304402463116742
FL-2021-000043-YEM,FL-2021-000043-YEM,0.44891216237944664,0.00033236380253420344,0.9940613442321855,0.00033039000832127093
FL-2012-000071-NPL,FL-2012-000071-NPL,0.43835143311855446,0.00026195356151159204,1.255510001310555,0.00032888531635672343
FL-2010-000096-IDN,FL-2010-000096-IDN,0.4442273822602281,0.0002992631550815492,1.0988211437996545,0.00032883668236380125
FL-2000-000258-IDN,FL-2000-000258-IDN,0.45714142962277793,0.0003985711147592723,0.8250221660756472,0.0003288300044338802
FL-2015-000123-NER,FL-2015-000123-NER,0.4538745205508607,0.0003709864362700682,0.8859881122566413,0.0003286895723437365
FF-2018-000158-TUN,FF-2018-000158-TUN,0.4450175509150783,0.0003046291041392882,1.0728594544762617,0.00032682421448446906
FL-1995-000012-PHL,FL-1995-000012-PHL,0.43612816260363946,0.0002489667314590136,1.3115398697141116,0.00032652979454090295
FL-2021-000096-PAN,FL-2021-000096-PAN,0.44612673272694137,0.0003123075456888917,1.037436087285692,0.0003239991182292813
FL-2008-000104-NPL,FL-2008-000104-NPL,0.4579963475280165,0.0004060879901672264,0.7922332882970882,0.0003217164237881374
FL-2001-000524-MLI,FL-2001-000524-MLI,0.4490306456828036,0.0003332420671202241,0.9651997077307357,0.0003216451457880265
FL-2001-000227-RUS,FL-2001-000227-RUS,0.4536332085109054,0.0003690187203867772,0.869164657517399,0.000320738029722482
FL-2012-000183-COL,FL-2012-000183-COL,0.4425980178476909,0.0002884660091964152,1.1081396423212708,0.00031966062025275995
FL-2016-000071-LBR,FL-2016-000071-LBR,0.44567020406700275,0.00030912632910305336,1.0193781830294557,0.0003151166356876361
FL-2023-000198-TCD,FL-2023-000198-TCD,0.4450384772813142,0.0003047723822931703,1.0338289067088517,0.00031508249878120043
FL-2015-000146-DZA,FL-2015-000146-DZA,0.4438998635912177,0.0002970640623170258,1.0586689531644526,0.00031449249987594547
FL-2008-000011-TZA,FL-2008-000011-TZA,0.4505891098997997,0.0003449903222598359,0.9097876410731471,0.00031386793148184094
FL-1999-000161-LKA,FL-1999-000161-LKA,0.4339879061256492,0.0002370152404028701,1.3231195184395432,0.00031359949074467804
FL-2007-000221-KEN,FL-2007-000221-KEN,0.4472965551903232,0.0003205941069940977,0.974842278689549,0.0003125286897965673
FL-2008-000103-SLV,FL-2008-000103-SLV,0.44455800588666466,0.00030149794549681763,1.0346663695692608,0.0003119497846997832
Brazil: Floods - Jul 1989,Brazil: Floods - Jul 1989,0.44797325955476963,0.0003254774527096945,0.9575164169657181,0.00031165000432171563
FL-2018-000124-MMR,FL-2018-000124-MMR,0.4415446080137519,0.00028167341347873137,1.1043679108475906,0.0003110710791848161
FL-2023-000190-SOM,FL-2023-000190-SOM,0.44552277036759264,0.00030810521862645725,1.0078577783264449,0.00031052624113564475
ST-2012-000077-CHN,ST-2012-000077-CHN,0.44492805221684184,0.00030401701036004687,1.0110575814870275,0.0003073787032255456
FL-2005-000094-AFG,FL-2005-000094-AFG,0.4409899410173112,0.00027815497577058523,1.1022905778568743,0.00030660760897592326
FF-2016-000034-YEM,FF-2016-000034-YEM,0.4442454051013668,0.0002993845919251902,1.0241076022751958,0.00030660203659464447
FL-1999-000349-SLV,FL-1999-000349-SLV,0.4481422987180692,0.000326707703682131,0.9369157213719175,0.0003060975838731064
FL-2023-000001-COG,FL-2023-000001-COG,0.4399587471476752,0.00027171872405021226,1.1236428229072688,0.0003053147941285417
FL-2024-000120-NER,FL-2024-000120-NER,0.4420363638993816,0.0002848262279260733,1.0706246794411112,0.00030494198896977313
FF-2008-000202-MAR,FF-2008-000202-MAR,0.44831322210996893,0.0003279559216981354,0.9260497109629775,0.00030370348649715517
FL-2010-000151-COD,FL-2010-000151-COD,0.4418443393598661,0.0002835913333295013,1.0701901252471506,0.0003034966445349054
FL-2022-000331-SLV,FL-2022-000331-SLV,0.4425254206437984,0.00028799320149814164,1.046746663649171,0.00030145592282182314
FL-2010-000003-KEN,FL-2010-000003-KEN,0.4464955480527119,0.00031489903484505587,0.9550122542299223,0.0003007324371222037
FL-1999-000253-PHL,FL-1999-000253-PHL,0.4326201110601997,0.0002296503145926849,1.2987188406129038,0.00029825119031420035
FL-2011-000002-BRA,FL-2011-000002-BRA,0.4506925718365364,0.00034578329016495446,0.861750148294607,0.00029797880157744663
FF-2009-000204-TUN,FF-2009-000204-TUN,0.447947899122985,0.00032529324202089767,0.9155604613181987,0.0002978256307283455
SL-2002-000428-NPL,SL-2002-000428-NPL,0.450788677427195,0.00034652134568240357,0.8588047616407877,0.0002975941816822216
FL-1999-000229-TJK,FL-1999-000229-TJK,0.4465061939395324,0.0003149741249375331,0.9422253837707331,0.00029677661574711796
FL-2007-000107-TLS,FL-2007-000107-TLS,0.4434065521833361,0.00029377921336331604,0.9959528083511522,0.00029259023258438693
FL-2009-000239-BRA,FL-2009-000239-BRA,0.4499513936236482,0.00034013867283960215,0.8575725982011251,0.0002916936054157401
FL-2006-000115-HTI,FL-2006-000115-HTI,0.44770344334124856,0.0003235223928544513,0.9014960977071197,0.0002916541746791576
FL-2019-000145-TZA,FL-2019-000145-TZA,0.437406810973881,0.00025636303986214794,1.1357699773076055,0.0002911694439667405
FL-2008-000217-KEN,FL-2008-000217-KEN,0.4433528810531478,0.0002934238086746077,0.9905535057194418,0.00029065198234418343
FL-2009-000170-MRT,FL-2009-000170-MRT,0.4435180677414642,0.0002945188969442857,0.9832646092321282,0.0002895900081154005
FL-2016-000075-BGD,FL-2016-000075-BGD,0.4413044006326885,0.00028014481058929276,1.0303519065285407,0.0002886477396947547
FL-2017-000014-PER,FL-2017-000014-PER,0.4392534532687689,0.0002673941149186255,1.074057448678672,0.00028719664086119054
FL-2020-000172-MMR,FL-2020-000172-MMR,0.4531153661141172,0.0003648277819920213,0.7811222104463353,0.00028497508350184143
FL-2013-000081-PRK,FL-2013-000081-PRK,0.4365949478615122,0.0002516442775226769,1.132099170129612,0.00028488627775128826
FL-2012-000003-BRA,FL-2012-000003-BRA,0.44419041571618345,0.00029901421538726185,0.950877679977288,0.00028432594340766865
FL-2006-000027-IDN,FL-2006-000027-IDN,0.44337813503606605,0.00029359098971401526,0.9608535718134472,0.00028209795111895663
FL-2022-000321-CAF,FL-2022-000321-CAF,0.43759371230188404,0.0002574605725878832,1.0900469195589455,0.00028064410405730436
FL-2000-000002-AGO,FL-2000-000002-AGO,0.44756946599161795,0.0003225555396839468,0.8697971671955873,0.0002805578946803408
FL-2008-000166-GTM,FL-2008-000166-GTM,0.44219234900842463,0.00028583291585710855,0.9801994697852303,0.00028017327257030415
FL-2003-000482-MEX,FL-2003-000482-MEX,0.4409894052413143,0.0002781515963750298,1.0003169105139786,0.00027823974554040096
FL-2009-000176-MLI,FL-2009-000176-MLI,0.4419809701586538,0.00028446949944781246,0.9776318968582874,0.0002781064563434924
FL-2006-000047-COD,FL-2006-000047-COD,0.4403785806582258,0.00027432278040366424,1.0080124870300073,0.00027652078812368414
FL-2023-000040-TUR,FL-2023-000040-TUR,0.43707981349282754,0.0002544529503686919,1.085836144445525,0.0002762942105711289
FL-2007-000025-FJI,FL-2007-000025-FJI,0.43906058638810386,0.0002662223611176519,1.0321832158662596,0.0002747902528339266
FL-2016-000114-EGY,FL-2016-000114-EGY,0.43511998017174425,0.00024327095507237985,1.1202710928869943,0.00027252941870659786
FL-2024-000053-KGZ,FL-2024-000053-KGZ,0.439936555675432,0.00027158170052025575,0.9957892817856833,0.0002704381465072
FL-2010-000014-SLB,FL-2010-000014-SLB,0.42990953294429035,0.00021566057262138635,1.2512366729504776,0.0002698424173733783
Haiti: Floods - Nov 1986,Haiti: Floods - Nov 1986,0.45549605764676104,0.0003844556296479357,0.6982374406228651,0.00026844131487842673
FL-2024-000168-DZA,FL-2024-000168-DZA,0.4368572808681536,0.00025316040549978294,1.0502118589927467,0.00026587206008328465
FL-2011-000022-AFG,FL-2011-000022-AFG,0.42629997891203475,0.00019822257414161095,1.338976142877644,0.0002654152977554121
FL-1997-000207-SYC,FL-1997-000207-SYC,0.43317121329412434,0.00023259259045525196,1.1353708825085123,0.0002640788546901204
Afghanistan: Floods - Jun 1988,Afghanistan: Floods - Jun 1988,0.440075925999283,0.00027244328916606504,0.9634656880384131,0.00026248976104783123
FL-2007-000086-PAN,FL-2007-000086-PAN,0.4455464115220082,0.00030826875016959343,0.8477798095902991,0.0002613440223214174
FL-2023-000111-MNG,FL-2023-000111-MNG,0.4410471552424789,0.00027851606600183543,0.9369855719118949,0.0002609655353893808
FL-2002-000125-ECU,FL-2002-000125-ECU,0.4437952634544527,0.0002963648052143173,0.8770809761459832,0.0002599359326526876
Yemen: Floods - Feb 1993,Yemen: Floods - Feb 1993,0.4420844715076939,0.0002851363612609768,0.9108992485616124,0.00025973049721021626
FL-2019-000101-NER,FL-2019-000101-NER,0.43060740486044374,0.0002191870734989467,1.1793461107574137,0.0002584974226592822
FF-2009-000201-PHL,FF-2009-000201-PHL,0.4436772052376975,0.0002955773599909309,0.8698163539289835,0.0002570980215712661
Guinea: Floods - Aug 1993,Guinea: Floods - Aug 1993,0.44239695082878583,0.00028715821814280686,0.8923188026319167,0.00025623667737910416
FF-2012-000107-SLB,FF-2012-000107-SLB,0.4270406652815043,0.00020169369871540462,1.2688330044270801,0.00025591562171507716
FL-2023-000241-TZA,FL-2023-000241-TZA,0.4366795604653645,0.0002521323925678824,1.0126708213468447,0.00025532711706986256
FL-2014-000019-BDI,FL-2014-000019-BDI,0.4493221554440468,0.00033541179878090354,0.7596781974796384,0.00025480503071127997
FL-2009-000102-HTI,FL-2009-000102-HTI,0.4416459103199313,0.0002823203162647422,0.9021112794083416,0.0002546843417085542
FF-2013-000090-PAK,FF-2013-000090-PAK,0.42589843691565443,0.00019636336317319417,1.2950234787084862,0.0002542951656674478
FL-2023-000110-CHL,FL-2023-000110-CHL,0.43782996477068853,0.00025885395835799964,0.978626075734756,0.00025332123345629714
FL-2021-000001-MYS,FL-2021-000001-MYS,0.4316936657910281,0.00022477953234325635,1.117116405697843,0.0002511049032457406
FL-1999-000324-HND,FL-1999-000324-HND,0.4347527510409216,0.00024122559608393858,1.0408486923311688,0.0002510793462407742
Djibouti: Floods - Apr 1989,Djibouti: Floods - Apr 1989,0.4360347434082221,0.00024843395536809773,1.0077916813703185,0.0002503696735898939
FL-2016-000084-PHL,FL-2016-000084-PHL,0.4355588625503001,0.0002457358671297643,1.015846385922298,0.0002496298925152531
FL-2024-000214-COL,FL-2024-000214-COL,0.42476539559572574,0.00019120149691097797,1.3048261520736573,0.00024948471348507464
FL-2008-000205-IDN,FL-2008-000205-IDN,0.4388638459838667,0.00026503183732441097,0.9367613520933382,0.00024827158227979686
FL-2016-000050-LKA,FL-2016-000050-LKA,0.42773416164527767,0.00020499316102205164,1.2099018427879291,0.000248021603279503
FL-1997-000144-CHN,FL-1997-000144-CHN,0.42695799409175117,0.00020130357803234113,1.23024943393917,0.0002476536129242172
FF-2011-000066-TJK,FF-2011-000066-TJK,0.4348473917602968,0.00024175123142230445,1.0235216039879442,0.00024743760815141777
FL-2005-000109-PRK,FL-2005-000109-PRK,0.44453202226398336,0.0003013217716658423,0.8195300266309831,0.00024694223955780273
FL-1997-000199-BEN,FL-1997-000199-BEN,0.4393821484098649,0.0002681785761231479,0.9183529478927861,0.0002462825859443828
FL-2016-000123-DOM,FL-2016-000123-DOM,0.4340753523880059,0.00023749324680805443,1.0354648515724754,0.00024591590955556734
FL-2008-000239-NIC,FL-2008-000239-NIC,0.43792724717203857,0.00025942968706897917,0.9387623897424877,0.00024354283300302064
FL-2007-000125-PHL,FL-2007-000125-PHL,0.44017129606225625,0.00027303428461718823,0.8878873967487101,0.00024242370019190163
Nepal: Floods - Jul 1996,Nepal: Floods - Jul 1996,0.4491778553790797,0.0003343361772669227,0.7248329870558342,0.00024233789004921247
FL-2022-000190-TUN,FL-2022-000190-TUN,0.4313706373283523,0.00022310320067989742,1.0842181471624253,0.00024189253886716512
FL-2019-000108-MRT,FL-2019-000108-MRT,0.4365313808998422,0.0002512781306914454,0.962366664364851,0.0002418216964613614
FL-2009-000174-NER,FL-2009-000174-NER,0.43829733226181394,0.00026163044077432725,0.9234579036877298,0.000241604698378357
FL-1999-000548-YEM,FL-1999-000548-YEM,0.4408541498835993,0.00027729965728393713,0.8676218575905326,0.0002405912437619076
FL-2013-000030-COL,FL-2013-000030-COL,0.4288098321784215,0.00021020708382634432,1.1435152484315854,0.00024037500568376122
FL-2015-000171-PRY,FL-2015-000171-PRY,0.4320581868713323,0.00022668479362978708,1.0574697968975482,0.00023971232267945355
FL-2025-000032-IRQ,FL-2025-000032-IRQ,0.44353071631966606,0.00029460290081434644,0.8107511442535587,0.00023884963893564903
FL-2000-000375-CHL,FL-2000-000375-CHL,0.4336480597479678,0.00023516575289828868,1.0133991498781652,0.0002383167740675844
FL-1998-000203-BGD,FL-1998-000203-BGD,0.42487450368118507,0.00019169319797624436,1.2384617273903773,0.00023740468909464518
FL-2009-000147-NIC,FL-2009-000147-NIC,0.43695178899793874,0.00025370861707745777,0.933638952160343,0.00023687224740224738
FL-2004-000059-AFG,FL-2004-000059-AFG,0.4316541129615393,0.00022457366873013688,1.05356410211551,0.00023660275565445265
FL-2004-000120-CRI,FL-2004-000120-CRI,0.44745020046557377,0.00032169704370761686,0.7305869676266675,0.00023502766765681133
FL-2017-000107-NPL,FL-2017-000107-NPL,0.4264462609140058,0.000198903812988754,1.179269398312985,0.00023456117986540642
FL-2018-000134-IND,FL-2018-000134-IND,0.4352262699056524,0.0002438658633323656,0.9601907828334073,0.00023415775421944883
FL-2019-000089-SLE,FL-2019-000089-SLE,0.42992422753461446,0.00021573429816141917,1.0808607361671503,0.00023317873232725503
FL-2006-000030-SRB,FL-2006-000030-SRB,0.44455509492985246,0.0003014782040541609,0.7659743515955046,0.0002309245718705631
FF-2018-000118-LAO,FF-2018-000118-LAO,0.4262063805134741,0.00019778778652486777,1.1632902888660213,0.00023008461132068437
FL-2014-000163-COL,FL-2014-000163-COL,0.43283512654060263,0.00023079425021574606,0.9955467519351162,0.00022976646616758648
FL-2006-000071-ROM,FL-2006-000071-ROM,0.43157423365294906,0.0002241584321363505,1.0212196594192295,0.00022891499772223234
Burundi: Floods - Feb 1989,Burundi: Floods - Feb 1989,0.4506486232604817,0.00034544625295940897,0.6606774662799159,0.0002282285551411132
FF-2013-000084-GEO,FF-2013-000084-GEO,0.42402634440525977,0.00018790069993895468,1.2112001793088392,0.00022758536145831828
FL-2023-000167-LBR,FL-2023-000167-LBR,0.4270623639280109,0.00020179620607490488,1.1239561416844555,0.00022681008518651136
FL-2017-000052-RUS,FL-2017-000052-RUS,0.42045347044131703,0.0001726551015157422,1.3124180785283346,0.00022659567657940492
FL-2002-000470-VNM,FL-2002-000470-VNM,0.4224470600190432,0.0001810184826797459,1.2513371910904603,0.00022651515965193037
FL-2011-000196-IDN,FL-2011-000196-IDN,0.4218555732740352,0.00017849987277100853,1.2683581214268749,0.00022640176330277254
FL-2010-000046-MOZ,FL-2010-000046-MOZ,0.42192935928658337,0.0001788123295947434,1.2621415706580152,0.00022568647452772815
FL-2011-000187-COD,FL-2011-000187-COD,0.42819498567535197,0.0002072124150148962,1.0853096249747856,0.00022488962842993662
FL-2015-000064-IND,FL-2015-000064-IND,0.43036252692192895,0.0002179437848109732,1.031238980251518,0.00022475212640062428
FL-2010-000120-BRA,FL-2010-000120-BRA,0.4216692186978038,0.00017771291574299427,1.2635202173548898,0.00022454386192635934
FL-2002-000077-PER,FL-2002-000077-PER,0.42751608546557984,0.0002039504175410364,1.099709656642364,0.00022428624364611994
FL-2004-000051-NPL,FL-2004-000051-NPL,0.44047671045302345,0.00027493466863587557,0.8123157064849782,0.00022333374959016464
FL-1992-000008-PAK,FL-1992-000008-PAK,0.4293042747579105,0.00021264350860191296,1.0486466674608446,0.00022298790665257746
FL-2005-000020-COL,FL-2005-000020-COL,0.44063401195156604,0.00027591808502485553,0.8080937942240005,0.0002229676922227559
FF-2021-000098-MNG,FF-2021-000098-MNG,0.42591421485860403,0.0001964361205777969,1.1320748662636826,0.00022238039493246607
FL-2008-000231-PAN,FL-2008-000231-PAN,0.4323097327799817,0.00022800802411692683,0.9748120178597551,0.00022226496207763716
FL-2008-000024-PHL,FL-2008-000024-PHL,0.43401328274054324,0.00023715386701592738,0.9337647066375215,0.00022144591106208124
FL-2020-000132-UGA,FL-2020-000132-UGA,0.42461756411928187,0.00019053709785490824,1.1565609422975855,0.00022036776543771995
FL-2023-000053-ECU,FL-2023-000053-ECU,0.4239903393130625,0.00018774120990706908,1.1701678124219697,0.00021968872089840884
FL-2002-000808-MWI,FL-2002-000808-MWI,0.4321638785442055,0.00022723992918525859,0.9632105028592333,0.00021887988646022947
FF-2008-000063-PHL,FF-2008-000063-PHL,0.43457102886544335,0.0002402191923688566,0.9110661229691897,0.00021885556825428413
FL-2019-000135-GHA,FL-2019-000135-GHA,0.4295631386890288,0.00021392920131580405,1.0216323108198488,0.00021855698429210953
FL-2023-000068-YEM,FL-2023-000068-YEM,0.42297336526167345,0.0001832863851816019,1.1881661189135326,0.00021777467293091475
FF-2011-000071-GEO,FF-2011-000071-GEO,0.41941495342524326,0.00016843762273096582,1.2913032050986575,0.00021750404209169464
FL-2011-000067-PHL,FL-2011-000067-PHL,0.4268195109025915,0.00020065160504173884,1.0816683359942454,0.0002170384877400722
Bangladesh: Floods - Jul 1999,Bangladesh: Floods - Jul 1999,0.4278573040169003,0.0002055840905012958,1.0482356036464253,0.00021550056320672714
FL-2002-000225-ETH,FL-2002-000225-ETH,0.42971493296293045,0.00021468636391138525,1.0009847442519026,0.00021489777507420886
FL-2005-000168-NPL,FL-2005-000168-NPL,0.4339452671447326,0.0002367824776640768,0.9001866293184169,0.00021314842045008862
FL-2000-000476-NPL,FL-2000-000476-NPL,0.4388451357483938,0.0002649188670515121,0.8017257032301318,0.00021239226498580331
FL-2010-000115-MMR,FL-2010-000115-MMR,0.4300845000512803,0.00021653988990001058,0.9799014922135285,0.00021218776123677353
FL-2007-000009-PER,FL-2007-000009-PER,0.4278493429284932,0.0002055458409243733,1.031150965068591,0.00021194879223500264
FL-2009-000011-PHL,FL-2009-000011-PHL,0.4325724237972909,0.0002293972989787087,0.9235680341481627,0.00021186401245666434
FL-2019-000033-PRY,FL-2019-000033-PRY,0.43252895293623883,0.0002291668730623786,0.9195954025807005,0.00021074080289195833
Bangladesh: Floods - Jul 1991,Bangladesh: Floods - Jul 1991,0.4399142986659038,0.00027144433479142654,0.7760463103390562,0.0002106533744773261
FL-2004-000022-AFG,FL-2004-000022-AFG,0.4258066537282241,0.00019594060070713602,1.0740305380391386,0.00021044618880119732
FL-2001-000407-IDN,FL-2001-000407-IDN,0.434255863875547,0.00023848271955281502,0.8809214759172519,0.00021008454928922587
FL-2017-000130-GTM,FL-2017-000130-GTM,0.4209796635601736,0.0001748280715068252,1.201624894182623,0.0002100777629245409
FL-2010-000153-PRK,FL-2010-000153-PRK,0.41899096543477043,0.00016674260616244605,1.2596250358956325,0.00021003316127270243
FL-2015-000056-COL,FL-2015-000056-COL,0.4238460212535313,0.0001871031532971537,1.1169319001335634,0.0002089814805331713
FL-2023-000014-ZMB,FL-2023-000014-ZMB,0.4204464332341581,0.0001726262060898598,1.206847055818516,0.0002083334285766677
FF-2014-000048-KAZ,FF-2014-000048-KAZ,0.4223793509333698,0.0001807285585498029,1.1524100484085351,0.00020827340690718314
ST-2015-000041-PRY,ST-2015-000041-PRY,0.4315643289896852,0.00022410699290908426,0.9269775136144309,0.00020774214307046982
FF-2024-000087-ARM,FF-2024-000087-ARM,0.4232219054184062,0.00018436623261494918,1.124649599359199,0.00020734740964576748
FL-2013-000157-BRA,FL-2013-000157-BRA,0.4281166572475483,0.00020683367941170912,0.991056400942879,0.00020498384191154168
FL-2009-000268-AGO,FL-2009-000268-AGO,0.43490586924497854,0.00024207653087913246,0.8462892322451147,0.0002048667614622618
FL-2006-000156-TUR,FL-2006-000156-TUR,0.42348871464465865,0.0001855318243607626,1.1004723456560104,0.00020417264194812736
Ethiopia: Floods - Aug 1996,Ethiopia: Floods - Aug 1996,0.4330274146026756,0.00023182161147144696,0.8753110496380971,0.00020291601806586739
FL-2023-000168-LBY,FL-2023-000168-LBY,0.4212123107681287,0.00017579663516120034,1.1504384598927777,0.00020224321020918386
FL-2023-000103-DOM,FL-2023-000103-DOM,0.4212567607312864,0.00017598223908533758,1.142430234483892,0.00020104743066326255
FL-2022-000333-THA,FL-2022-000333-THA,0.42547318807048845,0.0001944115105302907,1.0333160681612519,0.0002008885376664498
FL-2010-000089-AZE,FL-2010-000089-AZE,0.42380184450013086,0.00018690823028904842,1.0703967476559106,0.0002000659618115194
FL-2024-000117-COL,FL-2024-000117-COL,0.4184301983321385,0.00016452435715645866,1.2150525963145538,0.00019990574731993803
FF-2012-000115-RUS,FF-2012-000115-RUS,0.4177780455048336,0.0001619780394314722,1.2274737437024292,0.0001988237904585289
FL-2004-000115-PAN,FL-2004-000115-PAN,0.42992314839574974,0.00021572888314591002,0.9177618050112175,0.0001979877291890444
FL-2008-000182-RWA,FL-2008-000182-RWA,0.4265804549436653,0.00019953061020557542,0.99098155542331,0.0001977311544560833
FL-2020-000193-SSD,FL-2020-000193-SSD,0.43059800421252636,0.00021913922717603745,0.8956131601804282,0.0001962639757706277
FL-2007-000176-CRI,FL-2007-000176-CRI,0.4455160691301626,0.00030805887876200115,0.6360302711368748,0.00019593477218511724
FL-2000-000083-ZWE,FL-2000-000083-ZWE,0.4267232540255045,0.00020019955195265055,0.9759490430199813,0.00019538456114121834
FL-2022-000379-MYS,FL-2022-000379-MYS,0.4207797575626152,0.00017399965636372318,1.122068941813632,0.00019523961029197849
FF-2007-000185-TUN,FF-2007-000185-TUN,0.4291515089815541,0.0002118880378515751,0.9208073231488003,0.00019510805694136055
FL-2007-000023-IDN,FL-2007-000023-IDN,0.42926285615658977,0.00021243844253454724,0.916897628320032,0.00019478430412392777
1995-09-01T00:00:00+00:00,1995-09-01T00:00:00+00:00,0.42422379321715015,0.00018877749944242885,1.02827893467495,0.00019411592601726167
FL-2015-000153-IRQ,FL-2015-000153-IRQ,0.4242073802677404,0.00018870447534015272,1.028424531293494,0.00019406831160468128
FL-2006-000065-TZA,FL-2006-000065-TZA,0.42897142449897085,0.000211000571001961,0.9152295890668976,0.00019311396589100552
FL-2007-000149-CMR,FL-2007-000149-CMR,0.42360526148771643,0.00018604305278475264,1.035118095353682,0.00019257653045233767
FL-2010-000119-PAN,FL-2010-000119-PAN,0.42428465173074037,0.00018904849172838415,1.0125237531271618,0.00019141608836785272
India: Floods - Nov 1992,India: Floods - Nov 1992,0.45278565157910233,0.00036218174720097443,0.5284357881003552,0.00019138979701771054
FL-2007-000035-AFG,FL-2007-000035-AFG,0.4258363389042329,0.00019607724385865147,0.9702882879212498,0.00019025145324392832
FL-1999-000235-IRN,FL-1999-000235-IRN,0.4267055720633444,0.00020011661152530584,0.9461301844417329,0.00018933636657229223
FL-2007-000044-ARG,FL-2007-000044-ARG,0.424505281234842,0.0001900338540687785,0.9907640067376045,0.0001882787026729722
FL-2018-000043-TZA,FL-2018-000043-TZA,0.4282607579848171,0.0002075309209264166,0.9072074068086312,0.0001882735886062615
FL-2013-000123-CMR,FL-2013-000123-CMR,0.42737094545405485,0.00020325907083112258,0.9165585894511755,0.0001862988472541303
FL-1998-000329-BEN,FL-1998-000329-BEN,0.4236336125106992,0.0001861676050550599,0.9960705364253544,0.00018543606623221704
FL-2024-000216-DOM,FL-2024-000216-DOM,0.41933716819727873,0.00016812549676586418,1.0883570705604324,0.0001829805731466134
FL-2005-000063-SRB,FL-2005-000063-SRB,0.4298066139295105,0.00021514484370083225,0.8449809676901925,0.00018179329822388444
FL-2009-000192-MEX,FL-2009-000192-MEX,0.423895217257368,0.00018732043826057094,0.966761847016349,0.00018109425287670154
FL-1998-000221-NPL,FL-1998-000221-NPL,0.4186296739329787,0.0001653103685155099,1.0933566224100346,0.00018074318616947605
Mongolia: Flash Floods - Aug 1994,Mongolia: Flash Floods - Aug 1994,0.4247937170694125,0.00019132901985088906,0.944597599391765,0.00018072893284512917
FL-2002-000376-RUS,FL-2002-000376-RUS,0.4242870149337288,0.00018905902171471978,0.9555833880945447,0.000180661660519992
Montenegro: Floods - Nov 1992,name=Montenegro: Floods - Nov 1992,0.4353087541480045,0.00024432843317303887,0.7375578699637254,0.000180206358742681
Haiti: Floods - Feb 1996,Haiti: Floods - Feb 1996,0.42238594670932517,0.0001807567826769508,0.994604051610094,0.00017978142840650052
FL-2006-000189-MYS,FL-2006-000189-MYS,0.4235762420091257,0.00018591564151687883,0.9652828195473719,0.00017946117464137122
FF-2018-000041-SOM,FF-2018-000041-SOM,0.42167245029015643,0.00017772653579113223,1.009447103436575,0.00017940553675817523
FF-2021-000032-TLS,FF-2021-000032-TLS,0.4258080834535922,0.00019594717987817233,0.915168404503065,0.00017932466797598206
FL-2011-000043-VCT,FL-2011-000043-VCT,0.42077115779583985,0.00017396409812155472,1.0288152889065125,0.0001789769238682882
FL-2019-000032-BOL,FL-2019-000032-BOL,0.42170317240576416,0.0001778560658489538,0.9989982238811052,0.00017767789388958575
FL-2012-000126-PAN,FL-2012-000126-PAN,0.4283702077845137,0.00020806191419975596,0.8526290636893213,0.00017739963509354583
FL-2008-000102-CIV,FL-2008-000102-CIV,0.42134121164964145,0.00017633535570256794,1.005572576008324,0.00017731799787517536
FL-2012-000151-TCD,FL-2012-000151-TCD,0.4163660117642053,0.0001565859189461586,1.1222690061354306,0.00017573152363050852
FL-2002-000020-IRN,FL-2002-000020-IRN,0.4213250791866768,0.00017626785142272158,0.995515429386739,0.00017547736579616858
FL-2023-000158-GIN,FL-2023-000158-GIN,0.4105144713975018,0.00013592042196281656,1.2862993830803735,0.000174834354918795
FL-2002-000263-CRI,FL-2002-000263-CRI,0.4416517441974744,0.00028235761130180167,0.61387757718801,0.00017333300632654385
FL-2021-000007-SYR,FL-2021-000007-SYR,0.41843787910837843,0.0001645545600234247,1.0486817242043107,0.00017256535973104677
FL-2003-000647-TLS,FL-2003-000647-TLS,0.41599615433517734,0.00015520051506514218,1.1114226107007856,0.00017249336163580693
FL-2009-000226-PRY,FL-2009-000226-PRY,0.4259597593166398,0.0001966462775216509,0.8690624710349184,0.00017089789986278426
FL-2015-000092-BRA,FL-2015-000092-BRA,0.42019306982225935,0.00017158876711285604,0.9951769503164747,0.0001707611859639359
FF-2020-000221-SOM,FF-2020-000221-SOM,0.407135177450188,0.00012513715608028698,1.35732395292219,0.0001698516593483362
FL-2014-000123-SSD,FL-2014-000123-SSD,0.4109709902111476,0.00013743953211097084,1.229472017724319,0.00016897805885956167
FF-2008-000141-ETH,FF-2008-000141-ETH,0.41991165768821614,0.00017044305817549168,0.9913523656532703,0.00016896912893145166
FL-2009-000234-PHL,FL-2009-000234-PHL,0.41269539899916513,0.00014331652557969624,1.1779017439562212,0.00016881278541807057
FL-2010-000114-BGD,FL-2010-000114-BGD,0.4171700668434934,0.00015963620318391726,1.0524339826166824,0.00016800656508665597
FL-2019-000181-IDN,FL-2019-000181-IDN,0.41732423078761083,0.00016022711597341317,1.0475272120348138,0.0001678422640880083
FF-2012-000148-PAK,FF-2012-000148-PAK,0.40940020761134105,0.0001322758575066441,1.2682719122340163,0.00016776175474234576
FL-2005-000051-AGO,FL-2005-000051-AGO,0.4209446614563973,0.00017468276612071985,0.9581450089193589,0.0001673714205027954
ST-1998-000296-PHL,ST-1998-000296-PHL,0.41477983686998077,0.00015072190153132622,1.108207062894622,0.00016703107580992344
FL-2001-000320-TLS,FL-2001-000320-TLS,0.4210135387009598,0.0001749688020694263,0.9542028064575442,0.00016695572197716112
FL-1998-000179-RUS,FL-1998-000179-RUS,0.41612798631985193,0.00015569305795391878,1.0601281876011002,0.00016505459935076098
FL-2008-000191-HND,FL-2008-000191-HND,0.4169212672845323,0.0001586866865208973,1.037013685075033,0.00016456026556138227
FL-2015-000018-PNG,FL-2015-000018-PNG,0.42066957687273,0.0001735445767749768,0.9476670877822322,0.00016446248367274228
FL-2021-000161-IND,FL-2021-000161-IND,0.41798423612310576,0.00016277924537624568,1.010338230289432,0.00016446209470128526
FL-2020-000054-BDI,FL-2020-000054-BDI,0.4159001264268306,0.00015484262452290884,1.0550987498746878,0.00016337425956143678
FL-2020-000213-LAO,FL-2020-000213-LAO,0.4111696001552794,0.00013810518243415046,1.1779112023169338,0.00016267564148720966
FL-2005-000100-KGZ,FL-2005-000100-KGZ,0.4086320094365797,0.0001298146876996734,1.2450017166675804,0.00016161950903475922
FL-2022-000292-LAO,FL-2022-000292-LAO,0.4105320695700555,0.00013597870035947902,1.1820410408414914,0.00016073240450519187
FL-2019-000022-IRN,FL-2019-000022-IRN,0.4204725710011109,0.00017273355213082207,0.9299697920776908,0.00016063698555994157
FL-2011-000120-SDN,FL-2011-000120-SDN,0.41662089293096727,0.0001575471146900698,1.019268556883517,0.00016058282023130937
FL-2012-000157-CMR,FL-2012-000157-CMR,0.41291959871826295,0.00014409700894148214,1.1008538293751604,0.00015862974409473735
FL-2008-000170-DOM,FL-2008-000170-DOM,0.4213471779963663,0.00017636032702950097,0.8986920832348044,0.00015849362969811361
FL-2007-000011-ZMB,FL-2007-000011-ZMB,0.41318343259975227,0.00014502036473685218,1.0897552028147803,0.00015803669698608177
FL-2002-000500-IRN,FL-2002-000500-IRN,0.4198267172271831,0.00017009859665914148,0.9286481080441721,0.00015796173996848048
FL-2021-000152-GEO,FL-2021-000152-GEO,0.4142363607599394,0.00014875863220459434,1.0591574472605578,0.00015755881314379034
FL-2014-000006-PHL,FL-2014-000006-PHL,0.4163483673170599,0.00015651957479032193,1.0048551818492002,0.00015727950578888844
FL-2008-000032-KAZ,FL-2008-000032-KAZ,0.41658106977127024,0.00015739658633179268,0.9978373267784768,0.00015705618894937376
Tanzania: Floods - May 1995,Tanzania: Floods - May 1995,0.41602232153215957,0.00015529816770345714,1.0095645424628938,0.00015678352362286647
FL-2024-000064-RWA,FL-2024-000064-RWA,0.4051185753503228,0.00011907526797097582,1.3163910113884745,0.00015674961243566647
FL-2006-000091-PRK,FL-2006-000091-PRK,0.42505234190679275,0.00019249707442728513,0.8137351057804316,0.0001566416272215105
FL-2002-000296-PRY,FL-2002-000296-PRY,0.41936890620020983,0.00016825278777760473,0.9287123335884037,0.00015625843916969374
FL-2018-000425-LKA,FL-2018-000425-LKA,0.4142682576183741,0.0001488732184160645,1.0429228227177032,0.00015526327717755114
FL-2013-000087-MMR,FL-2013-000087-MMR,0.4203801473397789,0.00017235424355339387,0.8995776132921189,0.00015504601905653062
FL-2015-000079-CRI,FL-2015-000079-CRI,0.4123005941282408,0.00014195137584819428,1.090367135378019,0.00015477911504656412
India-Manipur: Floods - Apr 2004,India-Manipur: Floods - Apr 2004,0.4455697348869079,0.0003084301600312446,0.5,0.0001542150800156223
FL-2024-000035-IRQ,FL-2024-000035-IRQ,0.4175614976313636,0.0001611404104863005,0.9517697258080438,0.00015336856430514184
FF-2012-000079-GEO,FF-2012-000079-GEO,0.4117150849602046,0.00013994835417517737,1.0903447996921118,0.0001525919602003745
FL-2019-000034-BOL,FL-2019-000034-BOL,0.40699700145901563,0.00012471310608329244,1.2187179470762803,0.00015199010061933653
FL-1998-000247-IRN,FL-1998-000247-IRN,0.4195189226138767,0.00016885563050366562,0.8997846466107959,0.0001519337038209839
FL-2003-000481-HND,FL-2003-000481-HND,0.4151323145837553,0.0001520076373818236,0.9978785950240384,0.00015168516762349764
FL-2005-000160-MMR,FL-2005-000160-MMR,0.4276087396602535,0.00020439286409551264,0.7408779621824715,0.00015143016863572225
FL-2012-000198-PAN,FL-2012-000198-PAN,0.4091291349991566,0.0001314026357960927,1.1516842231061208,0.00015133434252091957
FL-2009-000261-PER,FL-2009-000261-PER,0.4182516886419086,0.0001638238132215689,0.9204310126131963,0.00015078851829368378
FL-2011-000123-RUS,FL-2011-000123-RUS,0.4154765088653445,0.00015327267501949438,0.9746615796072284,0.00014938898754512578
FF-2022-000278-MNG,FF-2022-000278-MNG,0.4100085115778685,0.0001342544610731174,1.1090906111433032,0.00014890036228029858
Nigeria: Floods - Sep 1994,Nigeria: Floods - Sep 1994,0.4158036921430087,0.0001544839670966716,0.9617582522941903,0.00014857623020236808
FL-2023-000155-KGZ,FL-2023-000155-KGZ,0.4030401693375862,0.00011310539642053337,1.3078043445548737,0.0001479197288313748
FL-2010-000076-COL,FL-2010-000076-COL,0.4092783942083833,0.00013188280897082386,1.1209522992842493,0.00014783433795191044
FL-2019-000120-PHL,FL-2019-000120-PHL,0.4055028656184983,0.00012020963442975979,1.2286625910741495,0.00014769708091054497
FL-2001-000549-GIN,FL-2001-000549-GIN,0.41311479037787435,0.00014477962223103107,1.0199342550969517,0.00014766569615342473
FL-2024-000104-MMR,FL-2024-000104-MMR,0.4211947148416174,0.00017572321082949107,0.8391419529408852,0.00014745671831250206
FL-2016-000011-TZA,FL-2016-000011-TZA,0.41059227333025283,0.00013617824222597605,1.076733992508393,0.00014662774244475021
FL-1999-000160-PER,FL-1999-000160-PER,0.4166795630898853,0.0001577691192551106,0.9293539712618099,0.00014662335752221512
USA: Storms and Tornadoes - Apr 2011,USA: Storms and Tornadoes - Apr 2011,0.39948006992600193,0.000103502579212006,1.4111840373957132,0.00014606118761326822
FF-2020-000168-MNG,FF-2020-000168-MNG,0.404009525267898,0.00011585533710704407,1.2541412875563223,0.0001452989616497
Sri Lanka: Floods and Landslides - Feb 1986,Sri Lanka: Floods and Landslides - Feb 1986,0.40753130069694055,0.0001263600258762556,1.1439959056746454,0.00014455535224337866
FL-2002-000540-DZA,FL-2002-000540-DZA,0.41166625395248974,0.00013978245855375017,1.0289137907994723,0.0001438240993178092
FL-2001-000252-ECU,FL-2001-000252-ECU,0.41257820763230696,0.0001429100753551387,1.0045332304500523,0.0001435579196603579
FL-2000-000444-IND,FL-2000-000444-IND,0.4258370062398262,0.00019608031664118932,0.7306166341110584,0.0001432595409598163
Iran: Floods - Jul 1994,Iran: Floods - Jul 1994,0.41664006478904153,0.0001576196289716724,0.9087721063099059,0.00014324032221637258
Philippines: Floods - Jun 1990,Philippines: Floods - Jun 1990,0.4182992605028176,0.00016401024148877204,0.8681427258296911,0.00014238429811004846
FL-2013-000085-NIC,FL-2013-000085-NIC,0.40724917919399467,0.00012548799393017495,1.1269320283443198,0.00014141643953259175
Colombia: Floods and Landslides - Mar-Jul 2014,name=Colombia: Floods and Landslides - Mar-Jul 2014,0.42666325103173053,0.00019991822268061358,0.7070564559739085,0.0001413534700131573
FL-2012-000050-AFG,FL-2012-000050-AFG,0.4086115737653723,0.00012974978203188813,1.0763489315759105,0.00013965603926223007
FF-2008-000092-KEN,FF-2008-000092-KEN,0.4111774795335631,0.00013813165026686853,1.0067078859630323,0.00013905822162474415
FL-2023-000176-IDN,FL-2023-000176-IDN,0.41293742070808725,0.0001441592146173227,0.9542932210618613,0.00013757016126291304
FL-2010-000162-HND,FL-2010-000162-HND,0.40257025288981857,0.00011179356465457111,1.2241609596770127,0.00013685331739325394
Azerbaijan: Floods - Jun 1995,Azerbaijan: Floods - Jun 1995,0.41414644904296205,0.0001484360606301376,0.9175461452516915,0.00013619693524752913
FL-2024-000036-BRA,FL-2024-000036-BRA,0.41259424006278583,0.00014296561868000282,0.952179776292138,0.0001361289708121922
FL-2011-000107-MMR,FL-2011-000107-MMR,0.4043323288602076,0.00011678435659619872,1.1654079728699487,0.00013610142028369718
FL-2018-000015-BOL,FL-2018-000015-BOL,0.41136928322642796,0.00013877735305883716,0.980600451614799,0.00013608513508340213
FL-2017-000139-ETH,FL-2017-000139-ETH,0.4015775720963627,0.00010906728360695187,1.2467115336640937,0.00013597544041819962
FL-2009-000075-BDI,FL-2009-000075-BDI,0.4238162722246324,0.00018697187025767687,0.7232460065686893,0.0001352266585045439
FL-2002-000265-KEN,FL-2002-000265-KEN,0.41325808460114527,0.00014528259370976757,0.9272835596446518,0.00013471816064960097
FL-2024-000159-NGA,FL-2024-000159-NGA,0.40491500452027174,0.00011847826963357321,1.132341007881133,0.00013415780324889292
FL-2012-000132-NPL,FL-2012-000132-NPL,0.40051897456265917,0.0001062260312219239,1.2592133213281245,0.00013376123358646385
FL-2008-000035-PRY,FL-2008-000035-PRY,0.41103039526589463,0.0001376383275483639,0.9689476692755781,0.0001333643366809758
Russia: Floods - Sep 1994,Russia: Floods - Sep 1994,0.4161657969597097,0.00015583458320473753,0.8535275801300156,0.0001330091147033092
FL-2024-000015-ECU,FL-2024-000015-ECU,0.40605121524432913,0.00012184512168079601,1.0902025804351165,0.00013283586606983457
Afghanistan: Floods - May 1996,Afghanistan: Floods - May 1996,0.3966783247822393,9.646831768297473e-05,1.3761994142384775,0.00013275964228788117
FL-2017-000088-SDN,FL-2017-000088-SDN,0.4066360430171341,0.00012361145142699196,1.0719224581628997,0.0001325018908707051
FL-2007-000126-PRK,FL-2007-000126-PRK,0.4140208867454211,0.00014798664074136054,0.8947450500988214,0.00013241031428408494
FL-2013-000074-HTI,FL-2013-000074-HTI,0.3991403005186552,0.00010262562138803903,1.2836627123722097,0.00013173668350985364
FL-2022-000275-UGA,FL-2022-000275-UGA,0.4034394086724998,0.00011423079149497231,1.149508740471743,0.00013130929325447593
FL-2024-000020-PAK,FL-2024-000020-PAK,0.4035684900712708,0.00011459680229849108,1.1424260343540067,0.00013091837039951528
FL-2009-000123-BGD,FL-2009-000123-BGD,0.41965847741365486,0.0001694181777134824,0.7725988685349205,0.00013089229241068458
FL-2013-000103-YEM,FL-2013-000103-YEM,0.40071257597895654,0.00010674062111856871,1.2259024872779882,0.00013085359292285074
FL-2017-000064-IND,FL-2017-000064-IND,0.40873981105173834,0.00013015755995687925,1.0042415418757316,0.00013070962869787939
FL-2018-000360-RUS,FL-2018-000360-RUS,0.4035825949074509,0.00011463686051421456,1.1355339540901048,0.00013017404750418187
FL-2023-000199-SDN,FL-2023-000199-SDN,0.4050610154967092,0.00011890619217738668,1.0919778288263946,0.00012984292556787673
FL-1997-000166-ROM,FL-1997-000166-ROM,0.4063333809691594,0.00012269447824281014,1.0562978713123758,0.00012960191618966298
FL-2014-000038-ZAF,FL-2014-000038-ZAF,0.40617262558032596,0.00012220993225101073,1.0594723567177176,0.00012947804493629094
FL-1999-000391-MEX,FL-1999-000391-MEX,0.41089532934417783,0.00013718671175080266,0.9381273009124613,0.00012869859961583635
FL-2010-000125-IND,FL-2010-000125-IND,0.4145756447678476,0.00014998155376501695,0.8556559783131277,0.00012833261311572853
Chad: Floods - Sep 1988,Chad: Floods - Sep 1988,0.4048253055076517,0.00011821607149632292,1.0852717500654687,0.00012829656279867896
Bangladesh: Floods - Aug 1988,Bangladesh: Floods - Aug 1988,0.4197166522627048,0.00016965317898012266,0.7553870279750035,0.00012815381065630618
FL-2018-000105-BGD,FL-2018-000105-BGD,0.4084374585866073,0.0001291979587895734,0.991882742040366,0.00012814922563022027
Viet Nam: Floods - Oct 1995,Viet Nam: Floods - Oct 1995,0.4020021348785612,0.00011022588504196023,1.1585193691423241,0.0001276988228019661
FL-2008-000213-PER,FL-2008-000213-PER,0.4143238643043383,0.00014907316973516822,0.8529320322371361,0.00012714928161424856
FL-2006-000127-NPL,FL-2006-000127-NPL,0.41375279993043557,0.00014703118495950574,0.862630230686243,0.0001268335449996901
FL-2011-000106-GHA,FL-2011-000106-GHA,0.40737624032186764,0.00012588006472292093,0.9978910966803896,0.000125614595836554
FL-2022-000332-BEN,FL-2022-000332-BEN,0.4032686996185854,0.00011374836113945461,1.0977457972017661,0.000124866785379425
FL-2021-000038-KEN,FL-2021-000038-KEN,0.3927389521154695,8.730513139183162e-05,1.4217705075722322,0.00012412786097262487
FL-2008-000180-NIC,FL-2008-000180-NIC,0.4096761102359508,0.00013316999804541943,0.9285577138121239,0.0001236560289334197
FL-2020-000199-MRT,FL-2020-000199-MRT,0.41081074755809277,0.00013690457774496315,0.8999640370776387,0.00012320919648176648
FL-2003-000350-MNG,FL-2003-000350-MNG,0.40787991706551296,0.0001274451237256213,0.9653767569926166,0.0001230325602367631
FL-2002-000242-AFG,FL-2002-000242-AFG,0.4081556571204068,0.00012830931985662654,0.9583348849806268,0.00012296329728674266
FL-2010-000049-AGO,FL-2010-000049-AGO,0.4128618353613795,0.00014389555836300755,0.8544449470857646,0.00012295083275135654
FL-2011-000038-KAZ,FL-2011-000038-KAZ,0.40136872689844005,0.00010850139181944399,1.1284426954486195,0.00012243760304466017
FL-2015-000040-SOM,FL-2015-000040-SOM,0.4073607932057869,0.00012583234097226752,0.9639478737922579,0.00012129581753451969
Indonesia: Floods - Feb 1993,Indonesia: Floods - Feb 1993,0.39648159570790353,9.599095798155237e-05,1.260456071218516,0.00012099238576992915
FL-2001-000274-WSM,FL-2001-000274-WSM,0.39409521246587753,9.036735900380238e-05,1.3345437786795291,0.000120599196754224
FL-2011-000051-RWA,FL-2011-000051-RWA,0.4004725550519282,0.000106102981134491,1.132758005030825,0.00012018900123772929
FL-2011-000198-PER,FL-2011-000198-PER,0.398019045763413,9.977886090545513e-05,1.1989072405233858,0.00011962559879072594
Indonesia: Floods and Landslides - Feb 1990,Indonesia: Floods and Landslides - Feb 1990,0.4004385314877458,0.0001060128720445278,1.126768567319263,0.00011945197195101292
Malaysia: Floods - Dec 1993,Malaysia: Floods - Dec 1993,0.3984534127980066,0.00010087313296978241,1.1835292726936872,0.00011938630569806018
FL-2012-000005-BOL,FL-2012-000005-BOL,0.4029717162574301,0.00011291344289827667,1.0536838020167862,0.00011897506581186145
FL-2011-000133-MEX,FL-2011-000133-MEX,0.4120070161746857,0.00014094384599378838,0.8391023593878815,0.00011826631371459003
FL-2019-000118-SEN,FL-2019-000118-SEN,0.4032877221314555,0.00011380202855837822,1.0381953499928476,0.0001181487368690615
FF-2013-000029-SRB,FF-2013-000029-SRB,0.39861365348985256,0.00010127953591486574,1.161108725475724,0.00011759655286288257
FL-2007-000159-RWA,FL-2007-000159-RWA,0.40490141521193435,0.0001184385132751581,0.9770683724629499,0.0001157225254026902
FL-2015-000113-PRK,FL-2015-000113-PRK,0.3963377241243869,9.564320308258553e-05,1.2051154702949778,0.00011526110366338813
FL-2017-000126-NGA,FL-2017-000126-NGA,0.39825015796153623,0.00010035974919433491,1.1480023217546238,0.00011521322508580821
FL-2009-000113-CHN,FL-2009-000113-CHN,0.422164252842785,0.00017981029863513637,0.6385622410411255,0.0001148200672587267
FL-2013-000006-IDN,FL-2013-000006-IDN,0.40700036967102265,0.00012472342743267886,0.9117255836627187,0.00011371353967247388
FF-2018-000030-KEN,FF-2018-000030-KEN,0.3993251179295625,0.00010310180912212796,1.1016965741279998,0.00011358690989624733
FL-2007-000147-NER,FL-2007-000147-NER,0.40308785236003497,0.00011323928082585937,1.0023493119506208,0.00011350531522158327
FL-2013-000142-VNM,FL-2013-000142-VNM,0.39960510919390757,0.00010382700418011503,1.0905579261018445,0.00011322936235203379
FL-2016-000061-RUS,FL-2016-000061-RUS,0.4108342468940675,0.00013698291052829334,0.8265337350740463,0.00011322099668026419
FF-2006-000049-IDN,FF-2006-000049-IDN,0.40486672460648276,0.00011833707821339747,0.9546072289122487,0.0001129654303108634
FL-2015-000006-MWI,FL-2015-000006-MWI,0.39417348012186293,9.054698985233908e-05,1.2458327290676428,0.00011280640347659975
FL-2001-000082-ZWE,FL-2001-000082-ZWE,0.39896434259914504,0.00010217410070683559,1.103078973774151,0.00011270610215399296
FL-2019-000133-SOM,FL-2019-000133-SOM,0.4010676913052641,0.00010769034804188177,1.0457655373343704,0.00011261885468574385
FL-2013-000098-NER,FL-2013-000098-NER,0.4010148650906844,0.00010754858886075427,1.0461622636739756,0.00011251327517750841
FL-2006-000106-MRT,FL-2006-000106-MRT,0.40701580011294086,0.0001247707213940233,0.8996315305030165,0.00011224767504967065
FL-2017-000075-CHN,FL-2017-000075-CHN,0.39908977282929303,0.0001024957802627825,1.0948289270937435,0.00011221534513673825
FL-2011-000176-LKA,FL-2011-000176-LKA,0.39499936593218593,9.246214937154085e-05,1.212182945388364,0.00011208104056213324
Nepal: Floods and Landslides - Jul 1993,name=Nepal: Floods and Landslides - Jul 1993,0.395676609727215,9.405974103462238e-05,1.1890383157151128,0.00011184063605640707
FL-2016-000025-SRB,FL-2016-000025-SRB,0.39457839516811927,9.148144609731603e-05,1.220904970189552,0.00011169015222034074
FL-2009-000087-VUT,FL-2009-000087-VUT,0.399540367909479,0.00010365891335963374,1.0709159987358805,0.00011100998872840826
FL-2004-000023-CRI,FL-2004-000023-CRI,0.4218865382739696,0.0001786309383525427,0.6208832606204117,0.00011090895945201046
FL-2010-000023-ECU,FL-2010-000023-ECU,0.4019278619617146,0.00011002240366560402,1.0050325257665347,0.00011057609424694725
FL-2015-000145-SOM,FL-2015-000145-SOM,0.39998065268800986,0.00010480689322013405,1.0458367139854998,0.00010961089680837415
FL-2003-000027-TUN,FL-2003-000027-TUN,0.40566717264718866,0.00012069760485787151,0.9069463005317308,0.00010946624620888722
Brazil: Floods - Dec 1989,Brazil: Floods - Dec 1989,0.4008916505392942,0.00010721859501381673,1.0188400740791148,0.00010923860128653564
FL-2006-000151-PAN,FL-2006-000151-PAN,0.4064748165869891,0.0001231222200145566,0.8861876983942245,0.00010910939677588724
FL-2008-000167-VCT,FL-2008-000167-VCT,0.3968492148746433,9.688471238831815e-05,1.1194341065259241,0.00010845605144843806
FL-2019-000103-LAO,FL-2019-000103-LAO,0.39502421562863754,9.2520334450177e-05,1.1650939839327012,0.00010779488505934267
FF-2021-000189-BIH,FF-2021-000189-BIH,0.3952456665795847,9.304031473365068e-05,1.1516117071745788,0.00010714631568647958
FL-2024-000009-COD,FL-2024-000009-COD,0.3981535867196484,0.00010011665332875056,1.0680154458218882,0.00010692613213910096
FL-2021-000127-NER,FL-2021-000127-NER,0.39491456872458697,9.226384621530498e-05,1.1513193602048528,0.00010622515239464385
India: Floods - Jul 1993,India: Floods - Jul 1993,0.4025966429689623,0.00011186687139917145,0.9482412412603194,0.00010607678099145886
FL-2024-000058-TZA,FL-2024-000058-TZA,0.39509805153196603,9.269341425151505e-05,1.1379493905705245,0.00010548041425741272
FL-2006-000125-THA,FL-2006-000125-THA,0.39634801742394044,9.566804551225943e-05,1.0964339239819898,0.00010489369054069419
FL-1997-000337-IND,FL-1997-000337-IND,0.395936681331156,9.467981176794885e-05,1.1040807822685879,0.00010453416064179961
FL-2023-000200-ZAF,FL-2023-000200-ZAF,0.3940476836583443,9.02584329763713e-05,1.1520700678179971,0.00010398403900023423
FL-2016-000068-NPL,FL-2016-000068-NPL,0.3953041337817211,9.317803741812353e-05,1.1157984838635762,0.0001039679128805258
FL-2007-000165-BEN,FL-2007-000165-BEN,0.4003273036360373,0.00010571877307080169,0.9807232123464087,0.00010368085473131763
India: Floods - Jun 1994,India: Floods - Jun 1994,0.39784001376480915,9.933095535745815e-05,1.040373182144351,0.00010334126211067721
FL-2014-000115-NER,FL-2014-000115-NER,0.39907179812928817,0.00010244962629756192,1.0075520123358044,0.00010322332713915966
FL-2003-000273-TJK,FL-2003-000273-TJK,0.39925053482495365,0.00010290940466510846,1.0016291954033019,0.00010307706419414538
FL-2010-000242-AGO,FL-2010-000242-AGO,0.38853217437652754,7.839166447316463e-05,1.3120034095843343,0.00010285013107178311
FL-2022-000290-SEN,FL-2022-000290-SEN,0.4008134323768565,0.00010700958387507605,0.9602028308095506,0.00010275090536060007
FF-2019-000054-YEM,FF-2019-000054-YEM,0.39183838926046216,8.532372851607555e-05,1.2008192634195207,0.00010245837682888099
FL-2000-000265-COL,FL-2000-000265-COL,0.4040865077797209,0.0001160762845282327,0.8757434779822016,0.00010165304912400613
FL-2001-000375-IRN,FL-2001-000375-IRN,0.4008644538536693,0.00010714587959610065,0.9437442735893395,0.00010111831030751284
FL-2009-000190-TUR,FL-2009-000190-TUR,0.3977296052158044,9.905563612374647e-05,1.0202954218418836,0.00010106601204469403
FL-2006-000025-PNG,FL-2006-000025-PNG,0.39905869207140976,0.00010241598542587969,0.9790102886598242,0.00010026630345517083
FL-2024-000055-SOM,FL-2024-000055-SOM,0.39454405752657096,9.140186679717686e-05,1.0908371669471635,9.97045534307144e-05
FL-2020-000185-PAK,FL-2020-000185-PAK,0.39319320499078636,8.832019905573165e-05,1.124816762154381,9.934404033469849e-05
FL-2018-000046-RUS,FL-2018-000046-RUS,0.3878544058821062,7.703485905780778e-05,1.2878965212237008,9.921292699350874e-05
FL-2008-000243-PNG,FL-2008-000243-PNG,0.39144722609769445,8.447577773050118e-05,1.173640633936972,9.914420532794415e-05
Venezuela: Floods - Sep 1987,Venezuela: Floods - Sep 1987,0.4024874839313591,0.00011156392819803607,0.8875286831351606,9.901618627898856e-05
1985-11-01T00:00:00+00:00,1985-11-01T00:00:00+00:00,0.40685592125205183,0.0001242814780624381,0.7962481269445691,9.89588941211189e-05
FL-2012-000056-PRY,FL-2012-000056-PRY,0.38977283474531466,8.093114344436403e-05,1.2200522670934264,9.874022503775962e-05
FL-2008-000089-IND,FL-2008-000089-IND,0.4161929157054897,0.00015593615997808313,0.6302581635823931,9.828003782387693e-05
FL-2022-000277-SDN,FL-2022-000277-SDN,0.39481772116363245,9.203783090253437e-05,1.0675858088870211,9.825828215228903e-05
FL-2009-000187-CIV,FL-2009-000187-CIV,0.39204987350752674,8.578536050698979e-05,1.1423006536672147,9.79926733822121e-05
FL-2006-000070-IND,FL-2006-000070-IND,0.4132927194390534,0.00014540439985007213,0.6719340637740063,9.770216928187948e-05
FL-2023-000196-LKA,FL-2023-000196-LKA,0.39271971158337815,8.726236947842583e-05,1.1173802450335497,9.750524779001161e-05
FL-2002-000788-LKA,FL-2002-000788-LKA,0.39854365359178595,0.0001011018210444503,0.9639019405394029,9.74522414968131e-05
FL-2010-000062-COD,FL-2010-000062-COD,0.40040184271261714,0.00010591578150781843,0.9191259563061089,9.734994396628249e-05
FL-2011-000037-BDI,FL-2011-000037-BDI,0.4052627887522317,0.00011949982968984127,0.813980526208619,9.727053425277736e-05
FF-2019-000029-IDN,FF-2019-000029-IDN,0.388943094638571,7.922470916396662e-05,1.2237138559090974,9.69483743343144e-05
Paraguay: Floods - Jun 1995,Paraguay: Floods - Jun 1995,0.39565854174532683,9.401679888233671e-05,1.0277326980250474,9.662413837502216e-05
FL-2018-000128-SDN,FL-2018-000128-SDN,0.3916967782387313,8.501586820129762e-05,1.1360707994440626,9.658404535287926e-05
FL-2019-000009-ARG,FL-2019-000009-ARG,0.3903653502722866,8.216987328945118e-05,1.1742632969134712,9.648906631583312e-05
FL-2009-000171-AFG,FL-2009-000171-AFG,0.3940012392157337,9.01521062530939e-05,1.0657008277559579,9.607517425786524e-05
India: Floods - Aug 1989,India: Floods - Aug 1989,0.39519836566839417,9.292902894982073e-05,1.0282737934207815,9.555648511714179e-05
FF-2011-000143-SSD,FF-2011-000143-SSD,0.3972374382603432,9.783668410652965e-05,0.9738577503891034,9.52790130895143e-05
FL-2023-000064-RWA,FL-2023-000064-RWA,0.3939682335023187,9.007661377091268e-05,1.0562755799966463,9.514572745500469e-05
FL-2018-000419-PRY,FL-2018-000419-PRY,0.3918714396821651,8.53957239071752e-05,1.1119284382912396,9.49539339208552e-05
India: Floods - Aug 2003,India: Floods - Aug 2003,0.4232726219336884,0.0001845872858401732,0.512689258225858,9.463591865532281e-05
FL-2024-000162-CMR,FL-2024-000162-CMR,0.3893224465464847,8.000082003504228e-05,1.17910520477484,9.432938328957365e-05
Venezuela: Floods - Aug 1988,Venezuela: Floods - Aug 1988,0.40183499560792507,0.0001097684585276296,0.8558233169940771,9.394240627844275e-05
FL-2014-000117-BGD,FL-2014-000117-BGD,0.39278560724649914,8.740890033192063e-05,1.0680532640304388,9.335736130481913e-05
FL-2023-000056-TZA,FL-2023-000056-TZA,0.3863952437330008,7.418527638193608e-05,1.243845119381568,9.22749939576439e-05
FL-2013-000104-MLI,FL-2013-000104-MLI,0.3947147047675097,9.179796626820971e-05,0.9989817011392044,9.170448850373543e-05
FL-2020-000198-SEN,FL-2020-000198-SEN,0.388009705374746,7.734386814796975e-05,1.1855921930050197,9.169828625304255e-05
Costa Rica: Floods - Feb 1988,name=Costa Rica: Floods - Feb 1988,0.40990559473911553,0.00013391784737585237,0.684416433779701,9.165557552043517e-05
FL-2003-000037-MDG,FL-2003-000037-MDG,0.3862524503691619,7.391157823502042e-05,1.2347603990507627,9.126308983594548e-05
FL-2009-000179-LBR,FL-2009-000179-LBR,0.39501542602268125,9.249974999410814e-05,0.9840111740692383,9.102078759281337e-05
FL-2013-000055-UGA,FL-2013-000055-UGA,0.39430850091651726,9.08576294451109e-05,1.0009376405503114,9.09428212427838e-05
FL-2011-000093-BGD,FL-2011-000093-BGD,0.39732391314471965,9.804987419977211e-05,0.9269344239735141,9.088580366204129e-05
FL-2003-000621-BOL,FL-2003-000621-BOL,0.39708459559828624,9.746089489102714e-05,0.9320569428848113,9.083910374294868e-05
FL-2021-000092-CRI,FL-2021-000092-CRI,0.4008614267771511,0.00010713778888733756,0.847698183481849,9.082050902205788e-05
FL-2005-000002-GUY,FL-2005-000002-GUY,0.3925576419502992,8.690291858470096e-05,1.0423752684972483,9.058545309292216e-05
FL-2003-000571-DOM,FL-2003-000571-DOM,0.39482722396394276,9.205998573036504e-05,0.9832757048107912,9.052034735389606e-05
FL-2007-000220-SRB,FL-2007-000220-SRB,0.4004027893668026,0.0001059182856592465,0.8529797073218023,9.034614830165113e-05
FL-2014-000014-SYC,FL-2014-000014-SYC,0.39127503719685663,8.410492231413212e-05,1.0720586098274476,9.016540609573396e-05
FL-2009-000133-ZAF,FL-2009-000133-ZAF,0.3911964800789216,8.393621555863369e-05,1.0731148513908544,9.007319948551391e-05
FL-2014-000079-PHL,FL-2014-000079-PHL,0.39253260092063647,8.684749961510489e-05,1.0365063874391671,9.001798808417683e-05
FL-2001-000332-IND,FL-2001-000332-IND,0.410389091049675,0.00013550586053237229,0.6620849087194431,8.97163853015253e-05
FL-1999-000053-PHL,FL-1999-000053-PHL,0.3850745430076966,7.168826782981267e-05,1.2432398621173615,8.912571221216878e-05
FL-2021-000097-BGD,FL-2021-000097-BGD,0.38745340092242264,7.624208653264661e-05,1.167269358243163,8.899505141808211e-05
FL-2019-000031-SYR,FL-2019-000031-SYR,0.3869737765573351,7.530353408802666e-05,1.178799139258512,8.876774116608984e-05
FL-2020-000164-IND,FL-2020-000164-IND,0.3872325536431624,7.580862191368277e-05,1.1662775244540442,8.841389189776255e-05
FL-2012-000153-IDN,FL-2012-000153-IDN,0.38987782116090663,8.114939818180806e-05,1.0883954096363029,8.832263247582844e-05
FL-2024-000048-URY,FL-2024-000048-URY,0.39380087627295746,8.969470003737255e-05,0.9844872518135657,8.830328874203503e-05
FL-1998-000316-VNM,FL-1998-000316-VNM,0.38219048832186686,6.649649347648863e-05,1.327857651248023,8.829787764391967e-05
FL-2012-000192-COD,FL-2012-000192-COD,0.3829529957308433,6.783513792115429e-05,1.301468773071398,8.828531372137375e-05
FL-2014-000008-BOL,FL-2014-000008-BOL,0.39388152929900866,8.987857011651202e-05,0.9806451897228388,8.81389874439244e-05
FF-2008-000178-DZA,FF-2008-000178-DZA,0.38866628805779596,7.866267781562577e-05,1.1191395672477698,8.803451520913016e-05
FL-2011-000137-VNM,FL-2011-000137-VNM,0.3866524453368989,7.468056787017864e-05,1.1760511302101604,8.782816624846018e-05
FL-2013-000083-THA,FL-2013-000083-THA,0.3882057857634783,7.773561479066101e-05,1.1294300963517903,8.779694290298191e-05
FL-2007-000131-SEN,FL-2007-000131-SEN,0.3902749331348965,8.19797481752162e-05,1.067501640440192,8.751351565991712e-05
India: Floods - Jun 1996,India: Floods - Jun 1996,0.41500879243752364,0.00015155594552408104,0.5746164560457379,8.708654030970835e-05
FL-2015-000155-NGA,FL-2015-000155-NGA,0.3876611017232674,7.665178217917281e-05,1.1309728897968445,8.669108759925734e-05
FL-2000-000038-PHL,FL-2000-000038-PHL,0.38551890971700675,7.251984224710739e-05,1.1869100960213697,8.60745329249688e-05
FL-2023-000085-HTI,FL-2023-000085-HTI,0.3893979420442713,8.015608914073282e-05,1.0690779120906408,8.569310441992593e-05
FL-2021-000123-CAF,FL-2021-000123-CAF,0.3875230221874089,7.63791963030609e-05,1.1137895613764779,8.50703515486741e-05
FL-2022-000356-ETH,FL-2022-000356-ETH,0.39217782983842664,8.60657563532786e-05,0.9852801574957187,8.47988819747465e-05
Brazil: Floods - Apr 1989,Brazil: Floods - Apr 1989,0.3907705125828136,8.302671317647203e-05,1.0184196369495275,8.455603509029521e-05
FL-2023-000119-PAK,FL-2023-000119-PAK,0.3889852412926662,7.931060052314998e-05,1.0619284545586885,8.422218344367016e-05
FL-2003-000028-BRA,FL-2003-000028-BRA,0.3970717078871867,9.7429267765742e-05,0.8631256388343357,8.40936989814676e-05
FF-2018-000042-ETH,FF-2018-000042-ETH,0.3889338903423395,7.920596271873702e-05,1.0606234402511923,8.400770066715453e-05
Niger: Floods - Aug 1994,name=Niger: Floods - Aug 1994,0.3808197226174958,6.414965479188609e-05,1.2931727617169873,8.295658625041469e-05
FL-2002-000374-IND,FL-2002-000374-IND,0.41156411776701596,0.0001394360391459844,0.5937469444772157,8.278972219293368e-05
FL-2022-000286-MRT,FL-2022-000286-MRT,0.38872576659091707,7.878314012846185e-05,1.0505974879699613,8.276936911334748e-05
FL-2019-000051-LBY,FL-2019-000051-LBY,0.3849972961204601,7.154458917390859e-05,1.1558008867153804,8.269129960689115e-05
FL-2010-000136-YEM,FL-2010-000136-YEM,0.3786448481134949,6.05787798030943e-05,1.363769613347829,8.261549910914919e-05
IND-2018-000413,IND-2018-000413,0.3936748844735356,8.940814555708442e-05,0.9221733186742626,8.244980630488806e-05
FL-2009-000247-MYS,FL-2009-000247-MYS,0.39121772478173,8.398180993101017e-05,0.9816944353369297,8.244447547879638e-05
FL-2009-000122-IND,FL-2009-000122-IND,0.40140558321667813,0.00010860106611921485,0.7572559930408027,8.223880816939591e-05
FL-2021-000145-BEN,FL-2021-000145-BEN,0.3882985424265455,7.792155364771432e-05,1.0516858033389702,8.19489917454171e-05
FL-2010-000176-MRT,FL-2010-000176-MRT,0.38396045647719307,6.964099912211557e-05,1.1720801829873777,8.162483499447302e-05
FL-2014-000155-HTI,FL-2014-000155-HTI,0.39159767889887565,8.480102265072153e-05,0.9609684498537625,8.149110728267767e-05
FF-2008-000233-PHL,FF-2008-000233-PHL,0.3938991019714744,8.991867668871055e-05,0.9037156037455046,8.126091119173489e-05
FL-2007-000130-CIV,FL-2007-000130-CIV,0.38265236637914807,6.730448944537039e-05,1.2043864430014575,8.106061464113878e-05
FL-2012-000123-PRK,FL-2012-000123-PRK,0.38111771692512453,6.465340197621614e-05,1.2400305385199288,8.017219286971273e-05
Benin: Floods - Sep 1994,Benin: Floods - Sep 1994,0.3960019028194871,9.4835890707128e-05,0.8448106334634848,8.011836890336262e-05
FL-2023-000216-KEN,FL-2023-000216-KEN,0.3824450692027944,6.694076329595882e-05,1.19256578459642,7.983126390152836e-05
FL-2005-000017-VEN,FL-2005-000017-VEN,0.39253947558239466,8.686271094377467e-05,0.9176096119267544,7.970605848002292e-05
FL-2019-000084-IND,FL-2019-000084-IND,0.38423905162603833,7.01479553899993e-05,1.1318124044523812,7.939432605737348e-05
FL-2017-000017-PAK,FL-2017-000017-PAK,0.3829132141279632,6.77647029225957e-05,1.1625966759620305,7.878301836536425e-05
FL-1999-000265-TCD,FL-1999-000265-TCD,0.3832078143254629,6.828786986025248e-05,1.1454311201477374,7.821905126653192e-05
ST-2022-000138-MDG,ST-2022-000138-MDG,0.3827066144324828,6.739996690763818e-05,1.1583807019765697,7.807482097966748e-05
FL-2019-000083-NPL,FL-2019-000083-NPL,0.3848668677654553,7.130258149626232e-05,1.0942813443525146,7.802508473553466e-05
FL-2003-000293-TLS,FL-2003-000293-TLS,0.385622448881475,7.271484500576215e-05,1.0697950005147083,7.778997765036626e-05
FL-2002-000367-SRB,FL-2002-000367-SRB,0.3938758735050869,8.98656651746088e-05,0.8641325154688277,7.765584330161414e-05
FL-2013-000017-PNG,FL-2013-000017-PNG,0.3846754004270281,7.094865149845539e-05,1.0931237284308373,7.755565445313166e-05
FL-1997-000025-MWI,FL-1997-000025-MWI,0.3879620219762093,7.72488710492918e-05,0.9993439480764741,7.71981917788497e-05
Tunisia: Floods - Oct 1986,Tunisia: Floods - Oct 1986,0.38222735916822487,6.656067211843084e-05,1.1587436410513112,7.712675556133304e-05
FL-2005-000001-CRI,FL-2005-000001-CRI,0.40228609846845786,0.00011100697091336265,0.6942423209153187,7.706573712467215e-05
Ethiopia: Floods - May 1995,Ethiopia: Floods - May 1995,0.38448086852635116,7.059067669509763e-05,1.0908091701249307,7.700095746433674e-05
FL-2015-000011-PER,FL-2015-000011-PER,0.38791233658823454,7.714999722326369e-05,0.9963773020475339,7.68705060862902e-05
FL-2022-000201-ZAF,FL-2022-000201-ZAF,0.3873865990692129,7.611073749941607e-05,1.0098830260946445,7.686294190420544e-05
FL-1998-000048-PAK,FL-1998-000048-PAK,0.37844503732632395,6.0259863787144534e-05,1.274857049816715,7.682271217003619e-05
FF-2007-000080-BGD,FF-2007-000080-BGD,0.40043571416583945,0.00010600541364810887,0.7213395261756768,7.646589485298347e-05
FL-2002-000614-LAO,FL-2002-000614-LAO,0.38219178980578805,6.649875793481326e-05,1.1496745971340228,7.645193273861934e-05
FL-2015-000068-BGD,FL-2015-000068-BGD,0.3867757450623942,7.491905901503362e-05,1.0178976147086904,7.625993146762233e-05
FL-1998-000085-IRN,FL-1998-000085-IRN,0.39301057269173223,8.791082148662921e-05,0.8666405740383654,7.61870847973566e-05
FL-2006-000158-PRK,FL-2006-000158-PRK,0.387441393662013,7.621846224829609e-05,0.9986709167128025,7.611716156394598e-05
FL-2021-000135-GIN,FL-2021-000135-GIN,0.3741217472928464,5.37192004437612e-05,1.405762750329889,7.551645096134434e-05
FL-2024-000109-IND,FL-2024-000109-IND,0.38795210052834533,7.722911827943573e-05,0.9733927592934859,7.517426453982293e-05
FL-2017-000083-GIN,FL-2017-000083-GIN,0.3905408335104744,8.254000449277431e-05,0.9098931483825577,7.510258455544088e-05
Nepal: Floods - Aug 1987,Nepal: Floods - Aug 1987,0.3822026185744942,6.65176016543224e-05,1.1288267712275268,7.508684950524757e-05
FL-1997-000530-PER,FL-1997-000530-PER,0.38625001818388,7.390692424360112e-05,1.015600331174714,7.505989673790579e-05
FL-2008-000010-BRA,FL-2008-000010-BRA,0.3896873471014316,8.075381481401036e-05,0.9286542498207508,7.499237331626863e-05
FL-2017-000010-PHL,FL-2017-000010-PHL,0.3795450539460069,6.20345109423282e-05,1.2076275140633692,7.491458223542068e-05
FL-2009-000120-BWA,FL-2009-000120-BWA,0.38860806888696753,7.85449266688813e-05,0.9522872605541437,7.479733304793508e-05
Namibia: Floods - Mar 2004,Namibia: Floods - Mar 2004,0.3843564990852807,7.036266653176674e-05,1.0587882424363562,7.449916403030473e-05
FL-2019-000119-CMR,FL-2019-000119-CMR,0.37706330518159603,5.8095527653543436e-05,1.2776900520050807,7.422807774891852e-05
FL-2019-000104-THA,FL-2019-000104-THA,0.3747184221715152,5.458212593248587e-05,1.3579010130864204,7.411712410013315e-05
FL-2010-000225-PAN,FL-2010-000225-PAN,0.381708257223292,6.56622179541251e-05,1.1284651586517427,7.409752520102708e-05
name,name,0.38111739441799564,6.465285487219242e-05,1.1460299969121097,7.409411106953776e-05
Peru: Floods - Mar 1986,Peru: Floods - Mar 1986,0.3829813123242099,6.78853137734227e-05,1.083828272153741,7.357602233166327e-05
FL-2012-000174-BEN,FL-2012-000174-BEN,0.37680430624553485,5.769770968122152e-05,1.269611453402573,7.325367304637536e-05
FF-2008-000216-PSE,FF-2008-000216-PSE,0.38633721137413635,7.407393344543269e-05,0.9874551540726246,7.314468736312508e-05
ST-2010-000085-CHN,ST-2010-000085-CHN,0.37789438643561424,5.938878027697589e-05,1.2265270055929207,7.284194283893516e-05
Philippines: Floods - Feb 1989,Philippines: Floods - Feb 1989,0.3816519062924411,6.556534632754299e-05,1.1089965925561163,7.271174566700685e-05
FL-2004-000020-KEN,FL-2004-000020-KEN,0.3846160618027088,7.083928463509584e-05,1.0260180821960077,7.268238696543815e-05
FL-2011-000115-KEN,FL-2011-000115-KEN,0.3818367635662391,6.58836123358427e-05,1.1017053333721223,7.258432709221924e-05
FL-2023-000249-AGO,FL-2023-000249-AGO,0.3832548584812606,6.837174916497939e-05,1.0611307451784342,7.255136514058757e-05
FL-2014-000098-SDN,FL-2014-000098-SDN,0.3817083594651431,6.566239383281453e-05,1.100317560627309,7.224948500707213e-05
FL-2013-000002-PSE,FL-2013-000002-PSE,0.37935914321964614,6.173131918378945e-05,1.1703104797566297,7.224480976999027e-05
FL-2012-000172-MLI,FL-2012-000172-MLI,0.3885834565382428,7.84951947047944e-05,0.9191592364455828,7.214958322950618e-05
FL-2007-000122-VNM,FL-2007-000122-VNM,0.37669044828134446,5.752360290584314e-05,1.2537362894429918,7.211942846256388e-05
FL-1999-000244-VNM,FL-1999-000244-VNM,0.3801616256888175,6.304966181721816e-05,1.132847715441496,7.142566534899452e-05
FL-2002-000402-BGD,FL-2002-000402-BGD,0.39283289776990443,8.751419576129199e-05,0.8143569274139246,7.126779156526645e-05
Benin: Floods - Sep 1988,Benin: Floods - Sep 1988,0.3868651431264306,7.509240466844864e-05,0.9477795775541555,7.117104757418796e-05
FL-2013-000051-ECU,FL-2013-000051-ECU,0.3730358495532067,5.218019581705782e-05,1.3545163959289632,7.067893077698872e-05
FF-2013-000088-AFG,FF-2013-000088-AFG,0.37900958744704905,6.116485639755259e-05,1.1438540269668271,6.996366729918823e-05
FL-2009-000267-SRB,FL-2009-000267-SRB,0.395915771363083,9.46298219208278e-05,0.7348109754309236,6.953503175049807e-05
FL-2005-000169-FJI,FL-2005-000169-FJI,0.3787493050960147,6.0746106465382406e-05,1.141883746425886,6.93649916314766e-05
FL-2020-000190-NER,FL-2020-000190-NER,0.3784827388602518,6.031992291947354e-05,1.1441798734017292,6.90168417696053e-05
FF-2008-000194-VNM,FF-2008-000194-VNM,0.3779695387184273,5.950699316660968e-05,1.1575172522881112,6.888037122214145e-05
FL-1997-000092-ECU,FL-1997-000092-ECU,0.38077702181960926,6.407776093946818e-05,1.0702429714274362,6.857877327027333e-05
FL-2020-000192-TCD,FL-2020-000192-TCD,0.37412636755662876,5.372583493297763e-05,1.2732702189198974,6.84075056067667e-05
FL-2015-000176-BDI,FL-2015-000176-BDI,0.38313768249744773,6.816299738238321e-05,1.0012036912755304,6.82450445876464e-05
FL-2007-000199-THA,FL-2007-000199-THA,0.37515608603505285,5.522299574520256e-05,1.2349138810883142,6.819564400103156e-05
Brazil: Floods - Jul 1988,Brazil: Floods - Jul 1988,0.3849295619198958,7.141881736224465e-05,0.9542800112349412,6.815354983482903e-05
FL-2013-000159-VCT,FL-2013-000159-VCT,0.3738227565301266,5.329142778859216e-05,1.2772387598772803,6.806587714079109e-05
FL-2025-000047-TZA,FL-2025-000047-TZA,0.3799861619681133,6.275925956928e-05,1.084317683177047,6.80509749340686e-05
FL-2013-000070-IND,FL-2013-000070-IND,0.3801747585278541,6.307144596730918e-05,1.077139003407864,6.793671445272035e-05
Russia: Floods - Jun 1993,Russia: Floods - Jun 1993,0.39061974385183407,8.270693160254858e-05,0.820510219523839,6.786188260535028e-05
FL-2008-000091-SOM,FL-2008-000091-SOM,0.3834699948394765,6.875651821579062e-05,0.9854190784086135,6.775398481478945e-05
FF-2020-000140-IDN,FF-2020-000140-IDN,0.38069833438489803,6.394546754610917e-05,1.0585469561406466,6.768928002992436e-05
FL-2013-000011-ZWE,FL-2013-000011-ZWE,0.37743755251284117,5.8674726480430596e-05,1.135178854405228,6.66063087885953e-05
FL-2023-000169-BRA,FL-2023-000169-BRA,0.3780009259189788,5.9556427204257345e-05,1.1172435166273167,6.653903216744326e-05
FL-2008-000154-MEX,FL-2008-000154-MEX,0.38217756055020796,6.64740041506069e-05,1.0007930921827906,6.652672416365754e-05
El Salvador: Floods in South Eastern Region - Oct 1992,El Salvador: Floods in South Eastern Region - Oct 1992,0.3836211235075937,6.902797436592383e-05,0.9628448857586056,6.646323209250589e-05
FL-2000-000408-VNM,FL-2000-000408-VNM,0.3779650115463331,5.9499866034622285e-05,1.1142401773728954,6.629714128408105e-05
FL-2016-000044-CHN,FL-2016-000044-CHN,0.3839940511876413,6.970195567458122e-05,0.9486861479465856,6.612527983326211e-05
FL-2019-000160-COG,FL-2019-000160-COG,0.37429177722817164,5.396384206189652e-05,1.2190888537934883,6.578671836553027e-05
2012-000020-MDG,2012-000020-MDG,0.3792878933036349,6.161547550707555e-05,1.0660663642203847,6.56861859535382e-05
FL-2007-000139-KEN,FL-2007-000139-KEN,0.38027560466670596,6.323895076487835e-05,1.0383627898563688,6.566497334380863e-05
FL-2002-000536-MMR,FL-2002-000536-MMR,0.3853734236269051,7.224663309960039e-05,0.9088201340075248,6.56591947751713e-05
FL-2021-000019-PER,FL-2021-000019-PER,0.3704699392270567,4.870008744601462e-05,1.3456208053079868,6.553185088767557e-05
FL-2016-000122-SRB,FL-2016-000122-SRB,0.37447160232279003,5.4223667698147056e-05,1.2064462530292113,6.54179407199306e-05
FL-2008-000168-NPL,FL-2008-000168-NPL,0.3887442641994251,7.882063730268588e-05,0.8284146526395197,6.52961708719301e-05
FL-2020-000126-ETH,FL-2020-000126-ETH,0.37131736788702674,4.982561094841684e-05,1.305209086561218,6.503284015333777e-05
FF-2025-000055-SOM,FF-2025-000055-SOM,0.37115496425483463,4.9608116339139904e-05,1.306794101216083,6.482759380442922e-05
FL-2024-000075-UGA,FL-2024-000075-UGA,0.3767477691456915,5.7611196351418944e-05,1.1215173808366035,6.461195803890667e-05
FF-2006-000039-YEM,FF-2006-000039-YEM,0.38313914081262773,6.816559187624121e-05,0.9450246075942967,6.441816171427783e-05
FL-2022-000287-TCD,FL-2022-000287-TCD,0.37853776700939645,6.040768032296773e-05,1.0617334466933017,6.413685463605168e-05
FL-2019-000138-KEN,FL-2019-000138-KEN,0.3745405899442388,5.432364496014476e-05,1.178206310642115,6.400446130912429e-05
FL-2000-000484-BTN,FL-2000-000484-BTN,0.37848871463890454,6.032944737282834e-05,1.0601525816656658,6.395841938276689e-05
FL-2022-000305-GIN,FL-2022-000305-GIN,0.36858370126090345,4.627658136825746e-05,1.381125092626501,6.391374772867239e-05
FL-2015-000037-HTI,FL-2015-000037-HTI,0.3797109476511794,6.23061888329123e-05,1.0256893838267023,6.390679643261998e-05
FL-2002-000641-THA,FL-2002-000641-THA,0.37505246571821726,5.507065602686958e-05,1.1603592484795837,6.390174504061604e-05
FF-2012-000102-PHL,FF-2012-000102-PHL,0.3692921581818392,4.7173799433135023e-05,1.350990691185349,6.373136390201012e-05
FL-2004-000028-DOM,FL-2004-000028-DOM,0.38380434960593046,6.935837704896767e-05,0.9133490270228894,6.334840619356133e-05
FL-2024-000074-ETH,FL-2024-000074-ETH,0.37703464705939027,5.8051388131113373e-05,1.0897711550904126,6.326272829824528e-05
FL-2007-000040-HTI,FL-2007-000040-HTI,0.3795571431692224,6.205427293221498e-05,1.019159487257912,6.324320098375875e-05
FL-2001-000180-IRN,FL-2001-000180-IRN,0.3820213021493104,6.620271581838472e-05,0.9510109146925885,6.295950532557555e-05
FL-2011-000161-SOM,FL-2011-000161-SOM,0.38066369126525235,6.388730171345227e-05,0.9834528228611097,6.283014721507404e-05
FL-2023-000131-GTM,FL-2023-000131-GTM,0.3771959214339512,5.830017807068967e-05,1.0605795468095311,6.183197643712702e-05
FF-2020-000006-IRN,FF-2020-000006-IRN,0.37141569128296703,4.995770455382996e-05,1.2339055159670984,6.164308721402542e-05
FL-2006-000050-ARG,FL-2006-000050-ARG,0.38045238854953245,6.353355403825148e-05,0.9631552235503491,6.119267444266028e-05
FL-2023-000079-BIH,FL-2023-000079-BIH,0.3725986809602557,5.1571899911594304e-05,1.1840473487984016,6.106357136281975e-05
Cameroon: Floods - Sep 1994,name=Cameroon: Floods - Sep 1994,0.3817342437500884,6.570693419480677e-05,0.9258215052048269,6.0832892718630514e-05
FL-2012-000141-NER,FL-2012-000141-NER,0.38570417718143923,7.286910292654796e-05,0.8342353499526158,6.078998158066192e-05
FL-2009-000100-DOM,FL-2009-000100-DOM,0.3809566813352555,6.438073754607898e-05,0.9379811605173907,6.038791891843671e-05
FL-2007-000210-PHL,FL-2007-000210-PHL,0.3814221806038379,6.517175961848995e-05,0.9253870742606627,6.030910395777362e-05
FL-1998-000040-URY,FL-1998-000040-URY,0.3772762763534536,5.842449541808394e-05,1.0305409604819116,6.0208835623823266e-05
FL-2010-000139-SDN,FL-2010-000139-SDN,0.38720515669406125,7.575500390522029e-05,0.793326664779713,6.009846458850254e-05
Viet Nam: Floods - Oct 1996,Viet Nam: Floods - Oct 1996,0.37040566350932885,4.861565980493637e-05,1.2349455247629835,6.003769150950583e-05
FL-2008-000076-COL,FL-2008-000076-COL,0.39197852718707105,8.562937371867949e-05,0.7001873717288423,5.995660612686899e-05
FL-2011-000118-GTM,FL-2011-000118-GTM,0.3799864810830142,6.275978662769918e-05,0.9552182830389102,5.9949295626399166e-05
FL-2020-000210-VNM,FL-2020-000210-VNM,0.3716513316846261,5.0275561867462295e-05,1.1895555246609049,5.980557237487089e-05
Paraguay: Floods - Mar 1995,name=Paraguay: Floods - Mar 1995,0.3774404518240852,5.867923377372006e-05,1.019170735987299,5.9804157872333044e-05
Egypt: Floods - Nov 1994,Egypt: Floods - Nov 1994,0.37522657096080103,5.5326837357695754e-05,1.0804014986266677,5.9775197995528396e-05
FL-2000-000583-LAO,FL-2000-000583-LAO,0.3711540930424485,4.960695189967246e-05,1.2022237305473946,5.963865477390939e-05
FL-2008-000054-THA,FL-2008-000054-THA,0.37071162569664096,4.901873046630425e-05,1.2161844828708155,5.961581936314612e-05
FL-2013-000013-BWA,FL-2013-000013-BWA,0.37594508483102307,5.6395455869241476e-05,1.0534703310426612,5.9410939563871606e-05
Bangladesh: Floods - Jul 1996,Bangladesh: Floods - Jul 1996,0.38705926480027786,7.547005623167475e-05,0.7856917613361736,5.9296201408804595e-05
FL-2016-000019-HTI,FL-2016-000019-HTI,0.37851687766737785,6.037435304389942e-05,0.9718383703338016,5.867411287214081e-05
FL-2014-000121-CMR,FL-2014-000121-CMR,0.37767432230078524,5.90438387965944e-05,0.9936971551564651,5.867169464169278e-05
FL-2013-000068-CZE,FL-2013-000068-CZE,0.3810095853093789,6.447019984738587e-05,0.9098774924680277,5.865998377605208e-05
FL-2016-000085-MLI,FL-2016-000085-MLI,0.37818323403839305,5.984428933479504e-05,0.9795200396753964,5.861868066356434e-05
FL-2003-000212-AZE,FL-2003-000212-AZE,0.377880914990273,5.936761234211086e-05,0.9848576335172745,5.846864619882224e-05
FL-2013-000119-MRT,FL-2013-000119-MRT,0.3720177670695675,5.077346668922299e-05,1.148465884201649,5.831159431522146e-05
FL-2013-000116-NGA,FL-2013-000116-NGA,0.3693509972999852,4.724901510305043e-05,1.2298958129711375,5.811136584225176e-05
FL-2022-000349-CMR,FL-2022-000349-CMR,0.3703835128375209,4.8586594920504535e-05,1.1868126206379996,5.766318404548091e-05
FF-2009-000160-LKA,FF-2009-000160-LKA,0.36741405370964564,4.4828854537501095e-05,1.2785216004261617,5.73146588485575e-05
FL-2012-000210-MWI,FL-2012-000210-MWI,0.3744547942575192,5.419933445425197e-05,1.055907660515866,5.722949244510617e-05
FL-2016-000045-ETH,FL-2016-000045-ETH,0.3760201117469718,5.6508104741929555e-05,1.0095022581351816,5.704505933991725e-05
FL-2001-000025-MWI,FL-2001-000025-MWI,0.3776640670440903,5.902780816637996e-05,0.9654424418241856,5.698795125167947e-05
FL-2024-000148-GIN,FL-2024-000148-GIN,0.3765208607759993,5.726515343714684e-05,0.994415026402329,5.6945329067133796e-05
Djibouti: Floods - Apr 2004,Djibouti: Floods - Apr 2004,0.3766903126659773,5.752339581081523e-05,0.9882468827637481,5.68473165960234e-05
FL-1999-000286-GMB,FL-1999-000286-GMB,0.3711753689135947,4.963539570327747e-05,1.1434551069584922,5.6755846702818224e-05
China: Floods - May 1988,China: Floods - May 1988,0.3801810103125004,6.30818185201662e-05,0.8982643528768322,5.666414889131085e-05
FF-2012-000101-GAB,FF-2012-000101-GAB,0.36670283813293697,4.396860758065833e-05,1.2741047244558878,5.602061064626374e-05
FL-2015-000105-GIN,FL-2015-000105-GIN,0.373042026266986,5.218883643835357e-05,1.071153748426473,5.590226777695853e-05
FL-2009-000023-ECU,FL-2009-000023-ECU,0.37789705382156435,5.9392972396140046e-05,0.9391312908770322,5.577779883541094e-05
FL-2011-000045-GTM,FL-2011-000045-GTM,0.3656985240650316,4.277914255995083e-05,1.3016118343545413,5.5681838219572024e-05
FL-2005-000065-GEO,FL-2005-000065-GEO,0.3700346320244763,4.813087106799041e-05,1.1559686487957939,5.5637777993829444e-05
FL-2005-000132-MKD,FL-2005-000132-MKD,0.3737766721810699,5.322576729188005e-05,1.0452123135987392,5.5632227374214046e-05
FL-2022-000164-ECU,FL-2022-000164-ECU,0.36820521760057184,4.580357572811896e-05,1.1990142284011243,5.491913900966302e-05
Bolivia: Landslides/Floods - Mar 1994,Bolivia: Landslides/Floods - Mar 1994,0.38365504339614903,6.908903338757115e-05,0.7919956578021904,5.4718214444706906e-05
Indonesia: Floods and Landslides - Mar 1984,Indonesia: Floods and Landslides - Mar 1984,0.36634274675853523,4.353875171614436e-05,1.2434734814113138,5.413928317277684e-05
FL-2008-000197-COL,FL-2008-000197-COL,0.3790572939641542,6.124188916182199e-05,0.8805586057383387,5.3927072533115846e-05
FL-2006-000041-SRB,FL-2006-000041-SRB,0.37757471923666547,5.888830868851364e-05,0.9124205484011927,5.373090290799233e-05
FL-1999-000213-IND,FL-1999-000213-IND,0.37242232111705637,5.132831707935912e-05,1.046094414060121,5.369426577982428e-05
FL-2024-000198-SEN,FL-2024-000198-SEN,0.365553099801014,4.260933042923882e-05,1.257934930722009,5.359976512161572e-05
FL-2018-000112-GEO,FL-2018-000112-GEO,0.37314663106522744,5.2335364071916535e-05,1.0222629843578837,5.350050546361376e-05
Bangladesh: Floods - Jul 1993,Bangladesh: Floods - Jul 1993,0.37949540068106724,6.195340322475463e-05,0.8603121344647399,5.329926456564336e-05
FL-2011-000129-MLI,FL-2011-000129-MLI,0.37736702059610444,5.856517292531228e-05,0.9069557018258996,5.3116017513031774e-05
FL-2003-000012-BOL,FL-2003-000012-BOL,0.37356653558768094,5.2927288852978445e-05,1.0019840207728257,5.30322976935121e-05
FL-2018-000154-GHA,FL-2018-000154-GHA,0.36336821059302504,4.013001315958162e-05,1.3214313032452296,5.302905558871416e-05
FL-2015-000085-VEN,FL-2015-000085-VEN,0.3691584976429004,4.700333776173e-05,1.1268991625176379,5.29680219592272e-05
FF-2012-000120-GEO,FF-2012-000120-GEO,0.36730723385029096,4.469869207414933e-05,1.170744043976996,5.2330727519372086e-05
FL-2009-000031-DOM,FL-2009-000031-DOM,0.3747009252647622,5.455664499354009e-05,0.9531752822708737,5.200204549146942e-05
FL-2012-000043-KGZ,FL-2012-000043-KGZ,0.36633071069104106,4.3524449320664475e-05,1.178777939336242,5.130566068095757e-05
FL-2006-000023-DZA,FL-2006-000023-DZA,0.3735009719267042,5.2834470917119985e-05,0.9697453972774113,5.1235984989464355e-05
Bangladesh: Floods - May 1984,Bangladesh: Floods - May 1984,0.3659408185095633,4.306342335706873e-05,1.1865219890231302,5.1095698735774316e-05
FL-2005-000196-LKA,FL-2005-000196-LKA,0.36338215820963815,4.014541942549634e-05,1.2685548662514894,5.092666716992045e-05
afg-1991-flood,afg-1991-flood,0.36325508193195927,4.0005249917641866e-05,1.2564334123624294,5.026393266643457e-05
FL-2011-000164-CAF,FL-2011-000164-CAF,0.37468417516533603,5.4532261669108974e-05,0.9191458685754219,5.0123103017235355e-05
El Salvador: Floods - Oct 2018,El Salvador: Floods - Oct 2018,0.3609384063189012,3.752588680983584e-05,1.3349509665500126,5.009521886743672e-05
FL-2023-000160-NER,FL-2023-000160-NER,0.3689862752480222,4.678451429959669e-05,1.068084370484078,4.996980850408807e-05
FL-2009-000045-BOL,FL-2009-000045-BOL,0.37574706036235833,5.609910284305344e-05,0.8880873516614503,4.982090367447067e-05
FF-2023-000051-KEN,FF-2023-000051-KEN,0.3736404110554188,5.3032049564812205e-05,0.9345216780382686,4.9559599949116934e-05
FL-2013-000101-LAO,FL-2013-000101-LAO,0.3672976458031124,4.468702546947768e-05,1.1048841434150625,4.937398585761092e-05
FF-2010-000204-LCA,FF-2010-000204-LCA,0.36337265201062324,4.01349184855077e-05,1.228383169783597,4.930105838823423e-05
FL-2009-000218-KEN,FL-2009-000218-KEN,0.3713887291364606,4.992145064601354e-05,0.985242574761118,4.918473857028845e-05
FF-2007-000049-TJK,FF-2007-000049-TJK,0.37207598866352204,5.0852984259706385e-05,0.9615243720808555,4.889638375875181e-05
FL-2012-000067-RWA,FL-2012-000067-RWA,0.36853561127124945,4.621623865226185e-05,1.0464774403141628,4.836425112576745e-05
FL-1998-000255-TUR,FL-1998-000255-TUR,0.3665828360358061,4.382493370118001e-05,1.1010714693094692,4.825438414274835e-05
FL-2007-000022-ARG,FL-2007-000022-ARG,0.37532519678937165,5.547243242562036e-05,0.8666786317016433,4.8076771831798525e-05
FL-2018-000194-TTO,FL-2018-000194-TTO,0.3593600225600623,3.5916798521028264e-05,1.3365256119034994,4.8003721120932005e-05
FL-2010-000240-VEN,FL-2010-000240-VEN,0.3595898118171378,3.61471269707301e-05,1.3225182541317935,4.780523525321023e-05
FL-2010-000021-AFG,FL-2010-000021-AFG,0.36673188762560077,4.400345108411886e-05,1.0852931770014216,4.775664522611001e-05
Chad: Floods in Am Timan - Jul 1985,Chad: Floods in Am Timan - Jul 1985,0.36818916049053857,4.578360510556992e-05,1.0422436500602523,4.7717671698146395e-05
FL-2001-000492-VNM,FL-2001-000492-VNM,0.36869206225379336,4.641281136474074e-05,1.0278730882613472,4.770647975236742e-05
FL-1997-000301-UGA,FL-1997-000301-UGA,0.3711905741401694,4.965573262870317e-05,0.9567646009320045,4.750884721248751e-05
FL-2018-000029-RWA,FL-2018-000029-RWA,0.36331680108864894,4.007327316285822e-05,1.1779991519684878,4.7206281802448545e-05
FL-2006-000145-GIN,FL-2006-000145-GIN,0.36451709966296986,4.141704032429465e-05,1.1375018543000035,4.711196016850318e-05
FL-2014-000150-SOM,FL-2014-000150-SOM,0.36292183715319754,3.963975910862777e-05,1.18193675754845,4.685168835085314e-05
FL-2019-000079-BGD,FL-2019-000079-BGD,0.3618300944709986,3.8463327762263254e-05,1.2169646553574989,4.680851041410522e-05
FL-2012-000066-COM,FL-2012-000066-COM,0.3643646590009566,4.124416029530894e-05,1.129673337592446,4.6592428216999495e-05
FF-2013-000118-BEN,FF-2013-000118-BEN,0.36177144436476205,3.8401026877782606e-05,1.2075093409994648,4.636959865889401e-05
Bhutan: Flash Flood - Oct 1994,Bhutan: Flash Flood - Oct 1994,0.3598068731530472,3.636591767945534e-05,1.27391472999028,4.6327078201472105e-05
FL-2023-000232-COL,FL-2023-000232-COL,0.3648461465156143,4.1792431200713e-05,1.105133853767506,4.6186230551157316e-05
FL-2008-000175-UGA,FL-2008-000175-UGA,0.37065677967077654,4.894625652216428e-05,0.9427683053348588,4.614497931388609e-05
FL-2008-000051-LKA,FL-2008-000051-LKA,0.36960043537180376,4.7569078811455535e-05,0.9575666418010185,4.5550563051053464e-05
FL-2021-000091-PHL,FL-2021-000091-PHL,0.36852351122778043,4.6201066824528116e-05,0.9804501633100483,4.529784351320705e-05
FF-2023-000136-VNM,FF-2023-000136-VNM,0.3609849578819866,3.757431343519652e-05,1.2027362338812573,4.519198823172219e-05
FL-2003-000316-IND,FL-2003-000316-IND,0.38211853953539643,6.637141733843422e-05,0.6806493039297219,4.517565901223432e-05
FL-2002-000445-VEN,FL-2002-000445-VEN,0.36722180703991436,4.459484242342235e-05,1.0122910677483703,4.514296065287653e-05
FL-2023-000236-DOM,FL-2023-000236-DOM,0.3580978554866168,3.467505845953308e-05,1.3006578060128464,4.5100385459343485e-05
FL-2012-000009-FJI,FL-2012-000009-FJI,0.36400462376159215,4.083842674381347e-05,1.0988887127745661,4.48768861962476e-05
FL-2012-000037-PSE,FL-2012-000037-PSE,0.35849212085470705,3.505872754600526e-05,1.2782164281084545,4.4812641497882325e-05
FL-2016-000060-IND,FL-2016-000060-IND,0.36150256707150896,3.811657380460405e-05,1.168540290886529,4.454075224122987e-05
FL-2014-000152-ETH,FL-2014-000152-ETH,0.36615907239052925,4.332095201015522e-05,1.0270658582017673,4.449347075442765e-05
FL-2011-000156-HTI,FL-2011-000156-HTI,0.36857317385178046,4.6263365648391055e-05,0.9608791245942916,4.445350228501162e-05
FL-2025-000060-HTI,FL-2025-000060-HTI,0.361081129696237,3.7674537145583274e-05,1.177091149533168,4.434636423682465e-05
ST-2012-000061-VNM,ST-2012-000061-VNM,0.35402657573107527,3.092848482194465e-05,1.4292565034998714,4.420473807516145e-05
FL-2021-000095-MMR,FL-2021-000095-MMR,0.3646314565841402,4.1547158151760406e-05,1.0619657406518828,4.4121658578615145e-05
Belarus: Floods - Apr 1996,Belarus: Floods - Apr 1996,0.3668271217106583,4.4117854248867225e-05,0.9975700341709333,4.4010649370590734e-05
FL-2005-000110-BIH,FL-2005-000110-BIH,0.3682131562285605,4.5813452090854305e-05,0.9602566282387353,4.399267103274059e-05
FL-2023-000144-SVN,FL-2023-000144-SVN,0.3546476131495283,3.1475338763746465e-05,1.3855662998699905,4.361116866803867e-05
FL-1999-000371-IND,FL-1999-000371-IND,0.3792060895213447,6.148271382612273e-05,0.709212471829804,4.3604307447428964e-05
FL-2008-000018-ECU,FL-2008-000018-ECU,0.36723811769264314,4.461465378466998e-05,0.9773183345548795,4.3602719133576215e-05
2012-000025-VUT,2012-000025-VUT,0.3574349062504296,3.403843813793863e-05,1.277534232696297,4.3485269948731806e-05
FL-2014-000004-COL,FL-2014-000004-COL,0.36109391767332155,3.768788201096941e-05,1.1530726697303297,4.3456866726870164e-05
FL-2006-000034-ECU,FL-2006-000034-ECU,0.3685679533653022,4.62568133027879e-05,0.9389625926165136,4.3433417344963766e-05
FL-2024-000212-HTI,FL-2024-000212-HTI,0.3704330444484172,4.865160918256436e-05,0.8913366497024602,4.336496233142036e-05
FL-2009-000242-IRQ,FL-2009-000242-IRQ,0.3669287627746217,4.424024925998154e-05,0.9788779086310397,4.330580267292663e-05
FL-1991-000009-VNM,FL-1991-000009-VNM,0.360145193925982,3.670931120366726e-05,1.1677435677731713,4.286706203546605e-05
Guyana: Floods - Jul 1996,Guyana: Floods - Jul 1996,0.3666060907325647,4.385274260053419e-05,0.975512874914735,4.277891500714299e-05
FL-2016-000124-COD,FL-2016-000124-COD,0.35577050852600767,3.248623977864469e-05,1.3125392635260602,4.26394652337933e-05
FL-2012-000030-KAZ,FL-2012-000030-KAZ,0.3538202000852914,3.074866305890895e-05,1.386634100283017,4.2637144735595855e-05
FL-2021-000050-AFG,FL-2021-000050-AFG,0.3601676350879735,3.673219171536622e-05,1.1586867556596938,4.2561104046947566e-05
FL-2021-000110-YEM,FL-2021-000110-YEM,0.3603607399901718,3.6929608242638376e-05,1.1524258360621629,4.2558634654470675e-05
FL-2007-000145-ETH,FL-2007-000145-ETH,0.36288229894978014,3.959659508368664e-05,1.074582595415157,4.2549811914631036e-05
FL-2012-000169-SEN,FL-2012-000169-SEN,0.36677295690684475,4.405275416250179e-05,0.9642227294319949,4.247666685756415e-05
FL-2006-000112-ETH,FL-2006-000112-ETH,0.363080643758068,3.981355591529734e-05,1.0654891162362259,4.242091050641173e-05
FL-2010-000161-MYS,FL-2010-000161-MYS,0.36215153405441847,3.880639428101372e-05,1.0886896565212916,4.224812006062664e-05
FL-2018-000065-TJK,FL-2018-000065-TJK,0.35218233267005816,2.9354565516901683e-05,1.4353974911294434,4.213546969615555e-05
FL-2015-000039-KAZ,FL-2015-000039-KAZ,0.35838884192287823,3.495785678137007e-05,1.2043264756829248,4.210067245493585e-05
FL-2013-000131-KHM,FL-2013-000131-KHM,0.3589875020519819,3.554620909538081e-05,1.1821925826726243,4.202246473468937e-05
FL-2019-000052-SRB,FL-2019-000052-SRB,0.3534155882535501,3.0398840037803525e-05,1.3767250465171905,4.185084446511369e-05
FL-2011-000190-AGO,FL-2011-000190-AGO,0.3690531326154317,4.686935325629976e-05,0.8834264830455577,4.140562790983276e-05
FL-2016-000072-SDN,FL-2016-000072-SDN,0.35975979828399923,3.6318366801595764e-05,1.1398024130767133,4.139576211946405e-05
FL-2023-000189-MMR,FL-2023-000189-MMR,0.36709573533755463,4.444197922580561e-05,0.9311581587735362,4.13825115481529e-05
FF-2012-000196-COG,FF-2012-000196-COG,0.3658811908303608,4.2993305734944014e-05,0.9546774198450808,4.1044738189647066e-05
FL-2009-000217-IND,FL-2009-000217-IND,0.37646644581962657,5.71824473931227e-05,0.7154666505101737,4.091213410433171e-05
FL-2008-000234-BRA,FL-2008-000234-BRA,0.3645345962412715,4.14369245226874e-05,0.9860207753496221,4.0857668445964e-05
FL-2017-000002-MYS,FL-2017-000002-MYS,0.35671614308517,3.3360122485761645e-05,1.2154113472907762,4.0546271416204874e-05
FL-2006-000191-LKA,FL-2006-000191-LKA,0.3546948610318204,3.151729689126986e-05,1.2757451495342207,4.02080386354675e-05
FL-2008-000094-ZAF,FL-2008-000094-ZAF,0.3618059903038985,3.8437712187138634e-05,1.045585962583682,4.018993229670388e-05
FL-2007-000197-COD,FL-2007-000197-COD,0.36566725683341583,4.2742580453407214e-05,0.938197452018096,4.010098007406512e-05
FL-1997-000177-MMR,FL-1997-000177-MMR,0.36495025574991524,4.191183959545116e-05,0.9561349496906492,4.007337464303925e-05
FL-2006-000057-SUR,FL-2006-000057-SUR,0.3602019492836924,3.676720252738741e-05,1.0860789103745403,3.993208325846496e-05
FL-2024-000169-AUT,FL-2024-000169-AUT,0.3649479435838671,4.190918431933556e-05,0.9517727962928261,3.988802154996546e-05
FL-2007-000003-PHL,FL-2007-000003-PHL,0.36851885619109404,4.6195231228427126e-05,0.8623711432091048,3.9837434365267636e-05
FL-2009-000198-BEN,FL-2009-000198-BEN,0.3619446358201732,3.85852613098312e-05,1.0265844801221053,3.961103042212865e-05
FL-2006-000009-GUY,FL-2006-000009-GUY,0.36404424371067623,4.08828989570341e-05,0.9682281522146716,3.958397371434826e-05
2011-06-30T00:00:00+00:00,2011-06-30T00:00:00+00:00,0.3553896109015798,3.214010411714411e-05,1.2293298445416447,3.951078919788105e-05
FL-1999-000547-VEN,FL-1999-000547-VEN,0.36015228042288017,3.6716535052821404e-05,1.075232993321348,3.947882988923336e-05
FF-2006-000046-KEN,FF-2006-000046-KEN,0.3591003668035001,3.565812371093517e-05,1.1036482173283537,3.93540246668475e-05
FL-2006-000056-AFG,FL-2006-000056-AFG,0.36425287139905144,4.111779717367623e-05,0.9546321476865294,3.925237102404565e-05
FL-2011-000181-VEN,FL-2011-000181-VEN,0.36873202435733077,4.646314221480082e-05,0.8434253806112476,3.9188193406912906e-05
FL-1997-000295-COD,FL-1997-000295-COD,0.36193931655732736,3.8579591062132666e-05,1.0129914858035072,3.908079727172147e-05
FL-2019-000098-CAF,FL-2019-000098-CAF,0.3562276160051946,3.29060569144494e-05,1.186559142506317,3.904498267567314e-05
FL-2015-000008-BOL,FL-2015-000008-BOL,0.35838150654873485,3.495070239172937e-05,1.106077830028409,3.865819705941275e-05
FL-2025-000026-ECU,FL-2025-000026-ECU,0.35778847033542843,3.43766390397528e-05,1.1171472704368623,3.840376847005312e-05
FL-2009-000203-USA,FL-2009-000203-USA,0.3593451659027599,3.590195256506671e-05,1.0672358252351861,3.831584997333348e-05
Iran: Floods - Nov 1994,Iran: Floods - Nov 1994,0.3701600119602975,4.829420321685875e-05,0.7892158406827257,3.811455019189557e-05
FF-2009-000246-LKA,FF-2009-000246-LKA,0.35721950286218285,3.3833865408299505e-05,1.1085200076597403,3.7505516741566794e-05
Bolivia: Chapare River Floods - Jan 1987,Bolivia: Chapare River Floods - Jan 1987,0.3693443896273733,4.724056295611067e-05,0.7937364930631707,3.7496558771113216e-05
Venezuela: Floods - Jul 1996,Venezuela: Floods - Jul 1996,0.3656250501011942,4.2693270927369893e-05,0.8773624081052269,3.745747099072613e-05
FL-2010-000075-TJK,FL-2010-000075-TJK,0.3582829427757933,3.485469819666192e-05,1.0707477241626986,3.732058877045346e-05
FL-2011-000091-BEN,FL-2011-000091-BEN,0.358806376391831,3.536726881882197e-05,1.0550833377129152,3.7315416031152593e-05
Algeria: Floods - Nov 1994,Algeria: Floods - Nov 1994,0.35798645037411575,3.456733440605786e-05,1.0762250844313983,3.7202232389728e-05
FL-2012-000063-RUS,FL-2012-000063-RUS,0.3567596096272618,3.340079472797452e-05,1.1108712268830492,3.710398181833394e-05
FL-2001-000117-PER,FL-2001-000117-PER,0.3641612709800245,4.101451320810231e-05,0.8990840283213932,3.687549375478161e-05
1986-04-01T00:00:00+00:00,1986-04-01T00:00:00+00:00,0.36448065845462374,4.137565383805212e-05,0.8870822721015816,3.67036090163478e-05
FL-2007-000206-COG,FL-2007-000206-COG,0.36232912212271473,3.8997109470208275e-05,0.9410945726804741,3.6699968072639326e-05
Russian Federation: Floods - Apr 2004,Russian Federation: Floods - Apr 2004,0.36638711617463665,4.359151220350346e-05,0.8416206812536089,3.6687518197587586e-05
FL-2017-000091-MMR,FL-2017-000091-MMR,0.3546327941514129,3.14621892239368e-05,1.1626994974476923,3.6581071599275514e-05
FF-2017-000101-VNM,FF-2017-000101-VNM,0.3496204109600092,2.7287753899549462e-05,1.3377073830962212,3.650302985954002e-05
Iran: Flash Floods - Jul 1996,Iran: Flash Floods - Jul 1996,0.3588282525258096,3.5388837873044764e-05,1.0233099144994446,3.621374865810015e-05
FL-2007-000141-NGA,FL-2007-000141-NGA,0.3598081860359297,3.636724464062115e-05,0.9935717537773818,3.613346703763304e-05
Peru: Floods-Drought-Frost - Feb 2004,Peru: Floods-Drought-Frost - Feb 2004,0.3566128561115027,3.326365418693257e-05,1.08397834468022,3.605708080356644e-05
FL-2010-000160-NPL,FL-2010-000160-NPL,0.3558269343750793,3.2537800333684786e-05,1.1019919218781706,3.585639312340548e-05
FL-2004-000068-ROM,FL-2004-000068-ROM,0.3610619635626095,3.765454433222594e-05,0.9341110661845553,3.517352655286918e-05
FF-2012-000062-KEN,FF-2012-000062-KEN,0.3555987425320328,3.232973653983601e-05,1.0853007035511752,3.5087485812308166e-05
FL-2023-000135-CMR,FL-2023-000135-CMR,0.3582047842610677,3.477873815411193e-05,1.007577538281096,3.504227537384293e-05
FL-2003-000227-CHN,FL-2003-000227-CHN,0.3731846176785772,5.2388666287471614e-05,0.667747313747308,3.4982391184263325e-05
FL-2009-000165-CHL,FL-2009-000165-CHL,0.35805946640863434,3.463790376770103e-05,1.0088424248679406,3.4944186829349886e-05
FL-2020-000176-SDN,FL-2020-000176-SDN,0.3580476257085369,3.462645103312726e-05,1.0057698073879717,3.482623898611744e-05
FL-2021-000209-MYS,FL-2021-000209-MYS,0.35122202775094574,2.8563897063007946e-05,1.2058191682024515,3.444289459713669e-05
FL-2024-000022-PER,FL-2024-000022-PER,0.35564373070904853,3.23706614379181e-05,1.0537115612771992,3.410934020332431e-05
Cambodia: Floods - Aug 1994,Cambodia: Floods - Aug 1994,0.3617097280321371,3.8335566984771536e-05,0.8858442088700285,3.395934000720892e-05
FL-2006-000121-MKD,FL-2006-000121-MKD,0.35959704850970703,3.6154402186197865e-05,0.9374606289413403,3.389332861247122e-05
FL-2010-000008-BOL,FL-2010-000008-BOL,0.3603255577388311,3.689356946409117e-05,0.9114041656623548,3.362495289572615e-05
FL-2019-000093-NGA,FL-2019-000093-NGA,0.3426488572177524,2.2309656175710728e-05,1.4999999960810835,3.346448417613641e-05
FF-2015-000115-MKD,FF-2015-000115-MKD,0.3500772490982361,2.764641841142417e-05,1.2098817209656998,3.3448896286151684e-05
FL-2010-000219-PHL,FL-2010-000219-PHL,0.3518064257856167,2.9042745979765438e-05,1.141795195185297,3.3160867814683274e-05
FL-2011-000135-THA,FL-2011-000135-THA,0.3506257425730897,2.8082643302881776e-05,1.1754815142398911,3.301062807353021e-05
FL-2019-000116-ETH,FL-2019-000116-ETH,0.3461242520183206,2.4678587698612865e-05,1.3310225871226296,3.28477576451404e-05
FL-2015-000169-KEN,FL-2015-000169-KEN,0.35461883549492723,3.144980762472846e-05,1.0437478752458738,3.282566988520181e-05
Lao PDR: Floods - Sep 1995,Lao PDR: Floods - Sep 1995,0.34975818919300594,2.739548024009819e-05,1.1807652832898365,3.234763198656066e-05
FL-2023-000193-NGA,FL-2023-000193-NGA,0.3498858758813216,2.749565774854634e-05,1.175681161425123,3.232612683595864e-05
Bangladesh: Floods - Jul 1988,Bangladesh: Floods - Jul 1988,0.35506806656164336,3.185049256472786e-05,1.0126036486064969,3.225192498095753e-05
FL-2010-000019-MEX,FL-2010-000019-MEX,0.35652644275040546,3.318313853003623e-05,0.971123387516118,3.22249218977054e-05
FL-2010-000041-SOM,FL-2010-000041-SOM,0.35116989607053156,2.8521528144725673e-05,1.120673451219893,3.1963319380015035e-05
FL-2023-000157-BGD,FL-2023-000157-BGD,0.34972385283249885,2.7368597506106048e-05,1.1539726901695175,3.158261409028794e-05
FL-2000-000735-VEN,FL-2000-000735-VEN,0.35269014876818616,2.9780589659081755e-05,1.0592626832599326,3.1545467311341936e-05
Paraguay: Floods - Feb 1990,name=Paraguay: Floods - Feb 1990,0.34796245381128255,2.6020991930644056e-05,1.2090275213437827,3.146009537681315e-05
FL-2006-000124-UGA,FL-2006-000124-UGA,0.3584831395228477,3.5049945245023756e-05,0.8965169259333157,3.142286916519973e-05
FL-2015-000106-BFA,FL-2015-000106-BFA,0.34643881749627176,2.4903791718049676e-05,1.2559695979615333,3.127840527183661e-05
FL-2005-000104-IND,FL-2005-000104-IND,0.37220544407914913,5.103019297817017e-05,0.6116122238015762,3.121068980840224e-05
FL-2005-000111-ROM,FL-2005-000111-ROM,0.355153870909214,3.192754496165751e-05,0.9764074974737552,3.1174294276492805e-05
Bangladesh: Floods - Aug 1989,Bangladesh: Floods - Aug 1989,0.35143954793842,2.874129393371339e-05,1.074589594581484,3.0885095395976336e-05
Iran: Floods - Dec 1986,Iran: Floods - Dec 1986,0.3607669784090812,3.73480378319205e-05,0.8224805158651762,3.0718033422550094e-05
FL-2011-000102-BRA,FL-2011-000102-BRA,0.35028927120038,2.7814314294960546e-05,1.1038786858666811,3.070362871220389e-05
FL-2018-000164-HND,FL-2018-000164-HND,0.347693278397151,2.5820399046922422e-05,1.1796924207248134,3.0460129055744576e-05
FL-2022-000276-GMB,FL-2022-000276-GMB,0.3447380569050682,2.3707856738949585e-05,1.2833775557524247,3.042613123376177e-05
FL-2014-000159-MAR,FL-2014-000159-MAR,0.3451589122474997,2.3998876819173575e-05,1.2669680436793196,3.0405810014089316e-05
FL-2004-000031-CHN,FL-2004-000031-CHN,0.36932193151102943,4.721184602311392e-05,0.6434879492593721,3.0380253978162822e-05
FL-2006-000171-HTI,FL-2006-000171-HTI,0.351022224238665,2.840181785080891e-05,1.0599993219511736,3.0105907664038186e-05
FL-2022-000365-PAN,FL-2022-000365-PAN,0.345796738924086,2.444606335370955e-05,1.231111202769136,3.009582245835586e-05
FL-2007-000158-TGO,FL-2007-000158-TGO,0.3514086431029867,2.8716029459346957e-05,1.0465800406584131,3.0053623279111528e-05
FL-2007-000209-PNG,FL-2007-000209-PNG,0.3469720517519189,2.5289773642252486e-05,1.1865949732954428,3.0008718279676383e-05
FL-2015-000110-ARG,FL-2015-000110-ARG,0.3440880002343815,2.32645829967294e-05,1.2876324492768365,2.9956231985482923e-05
FL-2022-000265-YEM,FL-2022-000265-YEM,0.34817575223924524,2.6180939413764914e-05,1.135758587937564,2.9735226779456554e-05
FL-2001-000029-BOL,FL-2001-000029-BOL,0.35296386907519417,3.0012523547726267e-05,0.9901822298032961,2.9717867488511526e-05
Moldova: Floods - Aug 1994,Moldova: Floods - Aug 1994,0.35525752438029295,3.202084960815351e-05,0.9253720476383611,2.9631199169017028e-05
FL-2003-000051-PER,FL-2003-000051-PER,0.3538041849247552,3.073474795504993e-05,0.9636886445289713,2.9618727596741635e-05
FL-2009-000237-THA,FL-2009-000237-THA,0.35121323475727767,2.855674677480642e-05,1.0324588619508415,2.9483666276134998e-05
FL-2024-000167-THA,FL-2024-000167-THA,0.343442315325793,2.2831688620976802e-05,1.2835865378512363,2.930644815029708e-05
FL-2010-000152-THA,FL-2010-000152-THA,0.3433624320027035,2.27786385672232e-05,1.2831284616978387,2.9227919464332163e-05
FL-1994-000007-VNM,FL-1994-000007-VNM,0.3483892443822382,2.6341917680132158e-05,1.0899814138986574,2.871220067779249e-05
FL-2001-000485-KHM,FL-2001-000485-KHM,0.3539978974207741,3.0903439995139084e-05,0.9268570532202833,2.864307132826446e-05
FL-2010-000072-RUS,FL-2010-000072-RUS,0.342582817635425,2.2266695482985303e-05,1.2712126327447877,2.830570458745222e-05
FL-2024-000008-ZAF,FL-2024-000008-ZAF,0.3463406331615645,2.4833301749116566e-05,1.1347418062917907,2.8179385682981617e-05
FL-2012-000191-HTI,FL-2012-000191-HTI,0.3620502051810763,3.8697951804713765e-05,0.7267675710899211,2.812441643926665e-05
Peru: Floods - Feb 1987,Peru: Floods - Feb 1987,0.3547097759874617,3.153055245535125e-05,0.8908312469140471,2.808840135968933e-05
FL-2002-000322-CHL,FL-2002-000322-CHL,0.34802561882749494,2.606826598685116e-05,1.0722116253519196,2.7950697843867848e-05
China: Floods - Aug 1985,China: Floods - Aug 1985,0.374506994948493,5.427493819210494e-05,0.5116338983381565,2.7768898209289148e-05
FL-2011-000124-ETH,FL-2011-000124-ETH,0.34639994193122303,2.4875860083678396e-05,1.1140674979889862,2.7713387203747683e-05
FL-2024-000123-BFA,FL-2024-000123-BFA,0.3437808794344783,2.3057763601728628e-05,1.1979418788258864,2.762186065057793e-05
FF-2014-000009-TZA,FF-2014-000009-TZA,0.34843654787800316,2.637770599542882e-05,1.0439643751945358,2.753738535858301e-05
FL-2013-000076-PRY,FL-2013-000076-PRY,0.34099848006289263,2.1258099335287173e-05,1.291359570120468,2.745185001919465e-05
FL-2023-000063-CMR,FL-2023-000063-CMR,0.3477585828284265,2.5868936434808264e-05,1.0563752295074629,2.7327303663434548e-05
FL-1998-000251-SDN,FL-1998-000251-SDN,0.3451510728881181,2.399342667472917e-05,1.131419011075252,2.714661908062865e-05
FL-2011-000183-TZA,FL-2011-000183-TZA,0.3444629544758493,2.3519344978353914e-05,1.1441136258848459,2.6908803061621038e-05
FL-2009-000183-NGA,FL-2009-000183-NGA,0.35034499675030834,2.7858594212986006e-05,0.9656932233895635,2.6902855644640296e-05
FF-2008-000186-COD,FF-2008-000186-COD,0.3478665443517473,2.5949358740120812e-05,1.0305191131072475,2.67413101545711e-05
FL-2008-000126-TCD,FL-2008-000126-TCD,0.3461111726752308,2.4669263739608783e-05,1.083157735234383,2.6720703842094337e-05
Philippines: Floods and Landslides - Jun 2018,Philippines: Floods and Landslides - Jun 2018,0.3465167317319446,2.4959857168053157e-05,1.0625282512687408,2.6520553388689067e-05
FL-1997-000022-BOL,FL-1997-000022-BOL,0.3526565281586924,2.975221313119713e-05,0.8860824734618276,2.6362914602254618e-05
FL-2012-000013-ECU,FL-2012-000013-ECU,0.3460396467931697,2.4618330657938452e-05,1.057874236360154,2.604309774522841e-05
FL-2008-000230-CUB,FL-2008-000230-CUB,0.3478177672286789,2.5912996039263585e-05,0.998493550218185,2.5873959412034062e-05
FL-2008-000096-BGD,FL-2008-000096-BGD,0.35759473938944664,3.4190953490578176e-05,0.7559853858657142,2.584786116769143e-05
FL-2022-000374-TTO,FL-2022-000374-TTO,0.33737734326824254,1.9105532201624314e-05,1.3478906419910999,2.5752168064829028e-05
FL-2007-000129-PAK,FL-2007-000129-PAK,0.3614682130504276,3.808036665521687e-05,0.6733911312339389,2.5642981179759656e-05
Brazil: Floods - Jan 1985,Brazil: Floods - Jan 1985,0.34304226407757116,2.2567128419114836e-05,1.1328349068786117,2.5564830821185627e-05
FL-2022-000217-BGD,FL-2022-000217-BGD,0.3469661091289597,2.5285442572752893e-05,1.0110307901265791,2.5564360983030598e-05
FL-2002-000522-KHM,FL-2002-000522-KHM,0.3485034247128652,2.6428377542395166e-05,0.9662857219135197,2.5537363872556363e-05
FL-2010-000245-MAR,FL-2010-000245-MAR,0.34227571489816044,2.206789262993559e-05,1.150616667361314,2.5391685073543793e-05
Indonesia: Floods and Landslides - Jan 1989,Indonesia: Floods and Landslides - Jan 1989,0.3356716006276431,1.8161260788942952e-05,1.3981220969467434,2.5391660017433588e-05
FF-2014-000015-ZWE,FF-2014-000015-ZWE,0.3419344451179968,2.1848846876591313e-05,1.1599076147138132,2.5342643864874376e-05
FL-2001-000236-URY,FL-2001-000236-URY,0.3456786263377481,2.43626920136545e-05,1.0394922336938253,2.5324829140068436e-05
Iran: Floods - Jul 1987,Iran: Floods - Jul 1987,0.35212461575803,2.930649365776278e-05,0.8532734221804965,2.5006452135470262e-05
FL-2007-000077-CHN,FL-2007-000077-CHN,0.36562071750802183,4.2688212118875506e-05,0.5852259909488726,2.4982251239104593e-05
FF-2011-000088-NGA,FF-2011-000088-NGA,0.3354786301906355,1.805712525571705e-05,1.376295308125757,2.4851936767682484e-05
FL-2012-000140-MMR,FL-2012-000140-MMR,0.3458913714428959,2.451304615882884e-05,1.0027197916590813,2.4579716537310297e-05
FL-2025-000036-ARG,FL-2025-000036-ARG,0.3366481117586797,1.8696565216843458e-05,1.314214219679874,2.45712918671478e-05
FL-2011-000061-DOM,FL-2011-000061-DOM,0.3449168968159234,2.383113360199982e-05,1.0300527521279053,2.4547324753067717e-05
Cambodia: Floods - Sep 1996,Cambodia: Floods - Sep 1996,0.33825116918877485,1.9606183563407555e-05,1.2387081711791748,2.4286339785631768e-05
FL-2003-000455-NGA,FL-2003-000455-NGA,0.3454902473532201,2.423025163203359e-05,1.0019534687985443,2.4277584672577644e-05
FL-2012-000175-GMB,FL-2012-000175-GMB,0.33795125793067904,1.9433036807010553e-05,1.2465158816556456,2.422358900873737e-05
FL-2023-000067-COD,FL-2023-000067-COD,0.3447763389100206,2.3734196678335165e-05,1.0170068685630405,2.413784104169296e-05
FL-1997-000142-CZE,FL-1997-000142-CZE,0.3493260327173561,2.705886129171379e-05,0.8861912863935222,2.3979327096447725e-05
FL-2001-000620-DZA,FL-2001-000620-DZA,0.33522724192334197,1.7922270969801853e-05,1.33508580894901,2.3927769635921264e-05
FF-2024-000156-LAO,FF-2024-000156-LAO,0.3351867464164373,1.790063260172645e-05,1.3358685400072998,2.3912891938875386e-05
FL-2009-000166-SDN,FL-2009-000166-SDN,0.34417315794633485,2.332222425486808e-05,1.0246063390097677,2.3896098811345194e-05
FL-2005-000153-THA,FL-2005-000153-THA,0.33829204931396684,1.9629891959889942e-05,1.2142364677237614,2.3835330675175828e-05
FL-2023-000094-ECU,FL-2023-000094-ECU,0.33500250937492027,1.7802483905709018e-05,1.3161601711441135,2.343092026412831e-05
FL-2007-000012-BOL,FL-2007-000012-BOL,0.34357488864928665,2.29199752409488e-05,1.019120716977021,2.3358221600651307e-05
FL-2011-000021-MYS,FL-2011-000021-MYS,0.3463137631882964,2.4814042176883923e-05,0.9410695768598368,2.3351740171582297e-05
FL-2010-000121-DOM,FL-2010-000121-DOM,0.34255504843839246,2.2248653049796654e-05,1.0483997898689967,2.3325483182275025e-05
FL-1991-000010-PHL,FL-1991-000010-PHL,0.3339034596287414,1.722698155607049e-05,1.3530568313329396,2.330908507768773e-05
FL-1999-000132-BLR,FL-1999-000132-BLR,0.34495909581776163,2.386030595933229e-05,0.974119865323752,2.324279802768829e-05
FF-2005-000072-TJK,FF-2005-000072-TJK,0.33308521968601956,1.6809454404173304e-05,1.3809450525369613,2.321293289528876e-05
FL-2016-000026-PNG,FL-2016-000026-PNG,0.33736074662239013,1.909613567355607e-05,1.213394111780414,2.3171138584052846e-05
FL-2024-000019-IRN,FL-2024-000019-IRN,0.3389970070347454,2.0042811353879e-05,1.1462709369280168,2.2974492149282374e-05
FL-2006-000013-MWI,FL-2006-000013-MWI,0.3455387483512189,2.426428831091381e-05,0.9463273276685,2.2961959115045088e-05
FL-2010-000012-EGY,FL-2010-000012-EGY,0.3463355923414949,2.482968761911083e-05,0.9242166188559036,2.29480099385829e-05
FL-2024-000059-YEM,FL-2024-000059-YEM,0.34053886196977096,2.0973301665491256e-05,1.0930394963322032,2.2924647088871923e-05
FL-1999-000259-KHM,FL-1999-000259-KHM,0.3351674290887394,1.7890318866920935e-05,1.280488038773529,2.290833931893665e-05
FL-1999-000423-TGO,FL-1999-000423-TGO,0.34263820964618563,2.2302724576735496e-05,1.0262432439346245,2.288802041820951e-05
FL-2010-000259-AUS,FL-2010-000259-AUS,0.33643172162121276,1.857673475106519e-05,1.2316167879767448,2.2879418385202882e-05
FL-2013-000050-ETH,FL-2013-000050-ETH,0.33419049105798326,1.7375642987161984e-05,1.3053721958094802,2.2681681239753233e-05
FL-2019-000170-RWA,FL-2019-000170-RWA,0.3346895097116124,1.7636849269566102e-05,1.2803341263764025,2.2581060001582207e-05
FL-2006-000062-THA,FL-2006-000062-THA,0.34915935786143937,2.6930031481718014e-05,0.8376615682858721,2.2558252404963822e-05
FL-2021-000129-VEN,FL-2021-000129-VEN,0.33579642541863486,1.822890943393858e-05,1.2359545412754298,2.253010339737491e-05
FL-2011-000108-SEN,FL-2011-000108-SEN,0.33984887006825826,2.0552199319437202e-05,1.0870343780154084,2.2340947204053117e-05
Thailand: Floods and Mudslides - Nov 1988,Thailand: Floods and Mudslides - Nov 1988,0.33142291266735624,1.598914707465358e-05,1.395522734002979,2.2313218239996297e-05
FL-1997-000097-AFG,FL-1997-000097-AFG,0.331469127263956,1.601145681248873e-05,1.3915845675709566,2.228129620458818e-05
FL-2012-000173-SOM,FL-2012-000173-SOM,0.3340302463625622,1.7292506141146786e-05,1.2873846983559718,2.2262107802339044e-05
FL-2022-000213-IND,FL-2022-000213-IND,0.33902391020791955,2.0058723229839847e-05,1.0948177964063617,2.196064716521836e-05
FF-2022-000274-IRN,FF-2022-000274-IRN,0.3399744870427114,2.062829206988772e-05,1.061292911805653,2.1892660156428603e-05
FL-2020-000200-BFA,FL-2020-000200-BFA,0.33607279797018486,1.837949680710869e-05,1.179752844001357,2.1683263629500336e-05
FL-1999-000233-SVK,FL-1999-000233-SVK,0.3337391029102871,1.714237306402967e-05,1.2632598706634384,2.165527197973053e-05
FL-2005-000098-BGR,FL-2005-000098-BGR,0.339317929542321,2.0233363483146008e-05,1.0690227847551823,2.162992657571656e-05
FL-2003-000531-IDN,FL-2003-000531-IDN,0.3453751971081743,2.414968430253049e-05,0.8955935776847792,2.162830216446123e-05
Hungary: Floods - Mar 1999,Hungary: Floods - Mar 1999,0.34474891704017335,2.3715326382192424e-05,0.9105346924279767,2.159362741323866e-05
FL-1998-000111-TJK,FL-1998-000111-TJK,0.34020487566651436,2.0768509733215752e-05,1.0388109267052203,2.1574554842248244e-05
FL-2024-000215-CRI,FL-2024-000215-CRI,0.34805478287181024,2.609011905671197e-05,0.8201727122971342,2.1398403710898605e-05
FL-2015-000071-GEO,FL-2015-000071-GEO,0.33951044556443816,2.0348453386641028e-05,1.0505572323321797,2.137721487210997e-05
India: Floods - Oct 1988,India: Floods - Oct 1988,0.34295188531605814,2.2507742945937836e-05,0.9494561647783664,2.1370115295267467e-05
FL-2019-000081-MMR,FL-2019-000081-MMR,0.3394669333536578,2.032238951317513e-05,1.0383332562250227,2.110141287748839e-05
FL-2000-000617-BGD,FL-2000-000617-BGD,0.3478047730759051,2.5903316808954632e-05,0.8096868541290794,2.097357509855138e-05
FL-2001-000095-HUN,FL-2001-000095-HUN,0.34283792281670145,2.2433061728808626e-05,0.929591846342594,2.0853591271600595e-05
FL-2019-000048-TZA,FL-2019-000048-TZA,0.33358278887677506,1.7062252011579265e-05,1.2213880740169378,2.0839631122814422e-05
FF-2020-000156-UKR,FF-2020-000156-UKR,0.339400989546511,2.028294635327011e-05,1.0262202808011436,2.0814770902127386e-05
FL-2019-000014-MWI,FL-2019-000014-MWI,0.33402984976530353,1.7292300826689097e-05,1.1917966025751183,2.0608905375954976e-05
FL-2012-000083-HND,FL-2012-000083-HND,0.33044259218705785,1.5522447643455498e-05,1.3246832560031157,2.056232648547052e-05
FL-2008-000246-GUY,FL-2008-000246-GUY,0.34005830447218666,2.067920559317115e-05,0.9929554839580661,2.0533530597635607e-05
FL-2000-000187-ROM,FL-2000-000187-ROM,0.33757622614690974,1.9218457949258868e-05,1.0573179499339493,2.0320020559802198e-05
FL-2011-000148-KHM,FL-2011-000148-KHM,0.3352158830407237,1.7916199090538424e-05,1.1234947898668675,2.012875633243743e-05
FL-2005-000138-PNG,FL-2005-000138-PNG,0.33445583836588166,1.7514099608410996e-05,1.1437040377671508,2.003094643999573e-05
FL-2021-000068-SUR,FL-2021-000068-SUR,0.3361762397983328,1.843614656434493e-05,1.0828851876395205,1.996423003168036e-05
FF-2008-000082-PHL,FF-2008-000082-PHL,0.33806360194120394,1.9497734126745417e-05,1.0221858264656736,1.9930307472555233e-05
FL-2019-000153-COD,FL-2019-000153-COD,0.33340157383715235,1.6969789533013657e-05,1.1527833414890951,1.9562490682234157e-05
FL-2005-000176-BGD,FL-2005-000176-BGD,0.34343346956741017,2.282580873415242e-05,0.852603025726979,1.9461353591403657e-05
Belarus: Floods - Aug 1993,Belarus: Floods - Aug 1993,0.33415409202662066,1.735672722812064e-05,1.1082433568666819,1.9235477647511754e-05
FL-2000-000012-MOZ,FL-2000-000012-MOZ,0.3333911569662491,1.696448820066299e-05,1.1277962370993517,1.913248595702407e-05
FL-2005-000171-SLV,FL-2005-000171-SLV,0.33472520199873024,1.765566676005487e-05,1.0823968914043698,1.9110438816754853e-05
FL-2015-000042-RWA,FL-2015-000042-RWA,0.3299033197439185,1.5270978220592404e-05,1.249561737281718,1.9082030075314724e-05
FL-2009-000245-SRB,FL-2009-000245-SRB,0.3346227223922355,1.760168650909017e-05,1.0840237655442986,1.9080646489514205e-05
Bolivia: Floods - Jan 1986,Bolivia: Floods - Jan 1986,0.34129258385570077,2.144215906597248e-05,0.8841657020196967,1.8958421623383563e-05
FL-1998-000392-IND,FL-1998-000392-IND,0.33012688890905023,1.537478288276783e-05,1.2193931606788748,1.8747905094169726e-05
FL-2018-000014-ARG,FL-2018-000014-ARG,0.3329422702559574,1.6737452811907398e-05,1.1137801849313482,1.8641843288125937e-05
FL-2008-000088-USA,FL-2008-000088-USA,0.33008828496260967,1.5356813577957787e-05,1.1865814777652384,1.822211054909843e-05
FL-2022-000002-IRN,FL-2022-000002-IRN,0.3331975899928439,1.6866249289914043e-05,1.0761675131954946,1.8150909555262075e-05
FL-2022-000158-HTI,FL-2022-000158-HTI,0.32924180791906715,1.496751761839269e-05,1.2084069567596751,1.8086852415488732e-05
Peru: Floods - Feb 1994,Peru: Floods - Feb 1994,0.3403345949373764,2.084783555820685e-05,0.8669712406759366,1.80744738593065e-05
FL-2016-000042-KEN,FL-2016-000042-KEN,0.3329688975244421,1.6750843514052983e-05,1.0774902859535458,1.8048871167920047e-05
FL-2009-000219-NPL,FL-2009-000219-NPL,0.34466024068502743,2.365439635224038e-05,0.7491056022368088,1.7719640824993202e-05
FL-2020-000011-MOZ,FL-2020-000011-MOZ,0.33411046377245013,1.7334079025599585e-05,1.0218255119837183,1.771240417509953e-05
FL-1991-000011-CHN,FL-1991-000011-CHN,0.33850359883087366,1.9752992682851965e-05,0.8927290395029112,1.7634070185070467e-05
FL-2010-000251-CRI,FL-2010-000251-CRI,0.3313078144246911,1.5933705845439756e-05,1.1052106563104114,1.7610101494895512e-05
FL-2018-000077-CIV,FL-2018-000077-CIV,0.3284892410365735,1.4628894146658815e-05,1.2032024904610985,1.760152186995167e-05
FL-2005-000038-MDG,FL-2005-000038-MDG,0.3320092765181401,1.6274294957967302e-05,1.0792517862358992,1.75640619031161e-05
FL-2010-000107-PHL,FL-2010-000107-PHL,0.33300728972760074,1.6770167708467668e-05,1.0440934584066572,1.7509622400793652e-05
FL-2005-000182-IND,FL-2005-000182-IND,0.347527102487357,2.5697258562004457e-05,0.6806810703680618,1.7491637463510034e-05
Togo: Floods - Oct 1995,Togo: Floods - Oct 1995,0.3411563271882234,2.1356707639744267e-05,0.8151788237675379,1.7409535813313923e-05
FL-2009-000007-ZWE,FL-2009-000007-ZWE,0.3304755848425358,1.5537952815543306e-05,1.1194722766288485,1.739430741256789e-05
Bangladesh: Floods - Sep 1986,Bangladesh: Floods - Sep 1986,0.3353036036389974,1.7963138146195577e-05,0.9657008832892354,1.734701837442763e-05
FL-2011-000020-BOL,FL-2011-000020-BOL,0.33423522549230467,1.7398915879739876e-05,0.9970007790304958,1.734673268638672e-05
FL-2010-000015-PSE,FL-2010-000015-PSE,0.33030172412904807,1.5456402068111314e-05,1.1058643718376864,1.7092684363922633e-05
FL-2018-000004-COD,FL-2018-000004-COD,0.33035853919048375,1.5483009149204107e-05,1.1027004698435565,1.7073121463419452e-05
FL-2010-000194-VNM,FL-2010-000194-VNM,0.3251829371616312,1.322140151543181e-05,1.288695029588998,1.703835441713742e-05
FL-2017-000004-THA,FL-2017-000004-THA,0.33036530574326306,1.5486180741372434e-05,1.0982925831634236,1.7008357449777592e-05
FL-2009-000145-NPL,FL-2009-000145-NPL,0.33830130339967834,1.9635262439818393e-05,0.8626211054247378,1.6937791791140974e-05
FL-2009-000208-AZE,FL-2009-000208-AZE,0.3354245569886564,1.8028041475402595e-05,0.9365765261408021,1.6884640458154863e-05
Brazil: Floods - Feb 1988,Brazil: Floods - Feb 1988,0.33778058657494536,1.9335119269430785e-05,0.8724712930664509,1.6869336510594327e-05
Bangladesh: Floods - Aug 1986,Bangladesh: Floods - Aug 1986,0.3325837306020973,1.6558081084153653e-05,1.0124849879606508,1.676480852714079e-05
FL-2015-000055-TJK,FL-2015-000055-TJK,0.3227981401278858,1.2283163641625579e-05,1.363091174686871,1.6743071957134474e-05
FF-2021-000090-SDN,FF-2021-000090-SDN,0.32762475752836123,1.4248433682937106e-05,1.1734838122689721,1.6720306277114665e-05
FL-2008-000099-NIC,FL-2008-000099-NIC,0.32815228405554003,1.4479524979068568e-05,1.1525087365452498,1.6687779039401698e-05
FL-2007-000151-TCD,FL-2007-000151-TCD,0.33759432611899415,1.9228764880464646e-05,0.8635836730404353,1.6605647403502584e-05
FL-2005-000150-NGA,FL-2005-000150-NGA,0.3320374437717599,1.628810713948806e-05,1.0189791202777432,1.6597241083985173e-05
FL-2009-000136-BIH,FL-2009-000136-BIH,0.33742117055852544,1.9130365919223814e-05,0.8669569720381771,1.6585204111312617e-05
FL-2011-000032-THA,FL-2011-000032-THA,0.32089070316998647,1.157634201391773e-05,1.4229083066092745,1.6472073211753474e-05
FL-1997-000522-MDA,FL-1997-000522-MDA,0.3353763554191237,1.8002151356337296e-05,0.9078244357618784,1.634279289756684e-05
FL-2007-000123-NGA,FL-2007-000123-NGA,0.3323083117378091,1.6421470347530157e-05,0.9859595032476032,1.619090474644608e-05
FL-2015-000053-CAF,FL-2015-000053-CAF,0.325597409916855,1.3390889144254364e-05,1.200744524918978,1.6079036823760407e-05
Iran: Floods - Dec 1990,Iran: Floods - Dec 1990,0.335243595655618,1.7931016093578694e-05,0.8898231756341812,1.5955433682735806e-05
FL-2023-000021-NAM,FL-2023-000021-NAM,0.32322643060626366,1.2447113888285014e-05,1.2755322671404512,1.587669539727958e-05
1993-08-00:00:00+00:00,1993-08-00:00:00+00:00,0.3361670375030569,1.8431100581086107e-05,0.8503605405079919,1.5673080652289545e-05
FL-2006-000130-KHM,FL-2006-000130-KHM,0.3393091059346346,2.0228102624342967e-05,0.7719896247006457,1.5615885353372672e-05
FL-2010-000249-IND,FL-2010-000249-IND,0.32510273435194603,1.3188828545046723e-05,1.1839008478756656,1.5614265296967598e-05
FL-2019-000162-MYS,FL-2019-000162-MYS,0.3287967229740474,1.4766405961165443e-05,1.0555900890857195,1.558727178402253e-05
FF-2016-000093-LAO,FF-2016-000093-LAO,0.3279229298516873,1.4378641498576217e-05,1.0828034294739801,1.5569242325835216e-05
FL-2009-000121-CZE,FL-2009-000121-CZE,0.33657913571900544,1.8658293009351255e-05,0.8338900564640452,1.5558965011090618e-05
Iran: Floods - May 1992,Iran: Floods - May 1992,0.33932355054340213,2.0236715508684196e-05,0.7638289675273252,1.5457389513142458e-05
FL-2010-000150-MEX,FL-2010-000150-MEX,0.3217876123535852,1.1904008090092434e-05,1.2934881621677183,1.5397693546883313e-05
Papua New Guinea: Floods - Jun 1993,Papua New Guinea: Floods - Jun 1993,0.3330201961648943,1.6776668493219652e-05,0.9057511495213365,1.519548677287209e-05
FL-2005-000157-MDA,FL-2005-000157-MDA,0.3290948120126102,1.4900826552312257e-05,1.0060968725786879,1.4991674993118834e-05
FL-2009-000164-SEN,FL-2009-000164-SEN,0.32753835955782995,1.421090367681576e-05,1.0544185483611912,1.498424042580879e-05
FL-2006-000010-BOL,FL-2006-000010-BOL,0.3347038847419067,1.7644425821631637e-05,0.8447911998200817,1.490585565999262e-05
FL-2024-000230-GAB,FL-2024-000230-GAB,0.3358570803707273,1.8261863113863665e-05,0.815792210566319,1.4897885678718362e-05
FL-2018-000034-BLR,FL-2018-000034-BLR,0.32190749805472396,1.1948432278156997e-05,1.2389029264369613,1.4802947715742553e-05
1,1,0.3183298737447337,1.0684986309655298e-05,1.3688588888282904,1.4626238486980247e-05
FF-2013-000100-RUS,FF-2013-000100-RUS,0.32463846294780613,1.3001687834370322e-05,1.1177984678138433,1.4533266740253032e-05
FL-2008-000185-SOM,FL-2008-000185-SOM,0.3270767398183394,1.4011886221468056e-05,1.0367109285362797,1.4526275575202851e-05
FL-2003-000080-ARG,FL-2003-000080-ARG,0.3318098695989753,1.617681424385872e-05,0.8916407850854717,1.4423907352576031e-05
FL-2007-000093-SDN,FL-2007-000093-SDN,0.3254236790177043,1.3319609915485418e-05,1.0741772764800994,1.4307622302793454e-05
FL-2012-000054-HTI,FL-2012-000054-HTI,0.3286832020457712,1.4715502349072866e-05,0.9604428383587891,1.413339884401897e-05
FL-2013-000054-CHN,FL-2013-000054-CHN,0.3244739423948018,1.2935947831835261e-05,1.0900862918708407,1.4101299403839941e-05
FL-2022-000336-VNM,FL-2022-000336-VNM,0.3216813974478663,1.1864773929118215e-05,1.1722090372300906,1.3907995224404343e-05
FL-2017-000054-BFA,FL-2017-000054-BFA,0.31912791501403925,1.0955897188268858e-05,1.26465349431215,1.385541366246887e-05
FL-2009-000144-NER,FL-2009-000144-NER,0.323480596209261,1.2545337486176872e-05,1.0987319238695548,1.3783962791779958e-05
FL-2016-000137-ARG,FL-2016-000137-ARG,0.32664368736500116,1.3827469060560919e-05,0.9911432885271344,1.3705003156691554e-05
FL-2004-000094-CHN,FL-2004-000094-CHN,0.33899126248992073,2.0039415216261156e-05,0.6825809586803848,1.3678523249709832e-05
FL-2009-000034-MAR,FL-2009-000034-MAR,0.32388368719717614,1.2702545166802767e-05,1.0737840903093678,1.3639790906548966e-05
FL-2016-000046-SOM,FL-2016-000046-SOM,0.32370337904325464,1.2632006165438762e-05,1.0763349207071773,1.3596269354450104e-05
FL-2012-000128-SSD,FL-2012-000128-SSD,0.31995558161589027,1.1243380497251271e-05,1.202591215503273,1.35211906185552e-05
FL-2010-000149-GTM,FL-2010-000149-GTM,0.31801524974362544,1.057984880973516e-05,1.266258028789791,1.3396818498709262e-05
FL-1998-000219-KOR,FL-1998-000219-KOR,0.3221539330791958,1.2040218790539508e-05,1.1090488289439522,1.335319054987681e-05
FL-1999-000240-SRB,FL-1999-000240-SRB,0.3279275833385341,1.4380682072320481e-05,0.9277347612612893,1.3341458649138745e-05
FL-2013-000052-SOM,FL-2013-000052-SOM,0.3213746142582213,1.1752105560097557e-05,1.11224014258995,1.307116356389505e-05
FL-2025-000022-PER,FL-2025-000022-PER,0.31773512142662974,1.048702323122736e-05,1.244445279687572,1.3050526558074797e-05
FL-2011-000096-PRK,FL-2011-000096-PRK,0.32814682366095743,1.4477115792735987e-05,0.8967115844943416,1.2981797441412344e-05
FL-2005-000048-AFG,FL-2005-000048-AFG,0.32338451953925174,1.2508126457524849e-05,1.0241455794175436,1.2810142418269693e-05
FL-2008-000191-SLV,FL-2008-000191-SLV,0.32084374301620316,1.1559411983434303e-05,1.1001321274321947,1.2716880497200785e-05
FL-2003-000196-ARG,FL-2003-000196-ARG,0.3238467065518251,1.2688049005029573e-05,0.9957341344638851,1.2633923494058481e-05
FL-2021-000051-SOM,FL-2021-000051-SOM,0.3179218525457193,1.0548818117002732e-05,1.1926575207202363,1.258112726195319e-05
FL-2005-000184-VNM,FL-2005-000184-VNM,0.3193281656407453,1.1024839157382211e-05,1.1335707457861832,1.2497435145806468e-05
Thailand: Floods - Oct 1995,Thailand: Floods - Oct 1995,0.31476353867137025,9.546500319213554e-06,1.3030110983590828,1.2439195866423787e-05
FL-2012-000075-VEN,FL-2012-000075-VEN,0.32094597425430926,1.1596296881097687e-05,1.068528235373372,1.239097064322505e-05
FL-2000-000130-BOL,FL-2000-000130-BOL,0.32498784643317735,1.314229464786349e-05,0.9399073873447525,1.2352539826188297e-05
FL-2022-000271-NGA,FL-2022-000271-NGA,0.31750877724933035,1.0412556112635613e-05,1.1840293642331243,1.2328772194085677e-05
FL-2017-000160-HND,FL-2017-000160-HND,0.3168546764335891,1.0200024437814698e-05,1.2060733944327546,1.2301978097012222e-05
FL-2013-000020-BOL,FL-2013-000020-BOL,0.31469605533670875,9.526052954212279e-06,1.2902239259175985,1.2290741441082703e-05
Algeria: Floods - Jan 1985,Algeria: Floods - Jan 1985,0.31499322571262267,9.616391567181715e-06,1.2746999404289316,1.2258013757827814e-05
FL-2010-000208-RUS,FL-2010-000208-RUS,0.3138268363379235,9.266181177378061e-06,1.3220723863339372,1.2250562261378825e-05
FL-2007-000154-MEX,FL-2007-000154-MEX,0.3212912392947832,1.1721652368734698e-05,1.041257826944866,1.2205262273671833e-05
China: Floods - Jun 1994,China: Floods - Jun 1994,0.3229840747634818,1.2354099444696593e-05,0.9760523910513278,1.205824830228199e-05
FL-2002-000475-TJK,FL-2002-000475-TJK,0.31798525884965756,1.0569875561507326e-05,1.1361467856691416,1.2008930144129363e-05
FL-2008-000095-SUR,FL-2008-000095-SUR,0.32080313133353056,1.1544788669913952e-05,1.0299679617320212,1.1890762454978205e-05
FL-2012-000068-DOM,FL-2012-000068-DOM,0.31319041605754994,9.079974678616317e-06,1.3071503900505754,1.1868892442802667e-05
FL-2023-000108-SRB,FL-2023-000108-SRB,0.3125264650602776,8.889308886724401e-06,1.3327736774425698,1.1847436894882597e-05
FL-1999-000531-COD,FL-1999-000531-COD,0.32165593097048406,1.185538431630485e-05,0.9974869194859067,1.1825590780992457e-05
FL-2011-000131-GIN,FL-2011-000131-GIN,0.31550610189322686,9.774119156959514e-06,1.2042646272999216,1.1770625963740872e-05
Brazil: Floods - Apr 1985,Brazil: Floods - Apr 1985,0.32311435834560337,1.2404023301876593e-05,0.9399629984750824,1.1659322935986713e-05
FL-2022-000376-COD,FL-2022-000376-COD,0.31662916206274994,1.0127660069028713e-05,1.149086862190552,1.1637561130052753e-05
FF-2021-000198-COG,FF-2021-000198-COG,0.318377382429413,1.070094367794078e-05,1.0782758332205882,1.153856896057818e-05
FL-2009-000101-PAN,FL-2009-000101-PAN,0.3220931364376006,1.201751586939198e-05,0.9534059909197259,1.1457571625851192e-05
FL-2014-000073-RUS,FL-2014-000073-RUS,0.31321023441401813,9.085722026430059e-06,1.256795117141143,1.1418891078519028e-05
FL-2003-000585-MKD,FL-2003-000585-MKD,0.31875760795150265,1.0829429813771438e-05,1.044377937487487,1.1310017573072116e-05
Turkey: Floods - Nov 1995,Turkey: Floods - Nov 1995,0.3216166778487586,1.1840924599362702e-05,0.9375125837102277,1.110101581466652e-05
FL-2000-000806-FJI,FL-2000-000806-FJI,0.31687830427492086,1.0207633145075965e-05,1.0809688363767913,1.1034133322993933e-05
FL-2015-000009-ALB,FL-2015-000009-ALB,0.3140058958397255,9.319186980672795e-06,1.1668042059205903,1.0873666564809424e-05
FL-2017-000149-TGO,FL-2017-000149-TGO,0.31294386863527934,9.008748658869013e-06,1.1893964633714496,1.0714973794261093e-05
FL-2010-000067-BRA,FL-2010-000067-BRA,0.3161980469248178,9.990605971436457e-06,1.0465567844150672,1.0455736459824506e-05
1992-01-01T00:00:00+00:00,1992-01-01T00:00:00+00:00,0.31632337750199097,1.0030276176542871e-05,1.040933530085597,1.0440850788182237e-05
FF-2009-000229-SOM,FF-2009-000229-SOM,0.31254585099570614,8.894824441333868e-06,1.1613045952754697,1.0329600497889583e-05
FL-2016-000089-SEN,FL-2016-000089-SEN,0.3122406794875902,8.808355490400056e-06,1.1668188769061376,1.0277755460698605e-05
FL-2016-000054-HTI,FL-2016-000054-HTI,0.3113089222398877,8.549007127600875e-06,1.16982926460923,1.0000878721220398e-05
FL-1998-000224-SVK,FL-1998-000224-SVK,0.3098487635816184,8.156384202812314e-06,1.2251616258519693,9.992888930990852e-06
Gabon: Inondations - Nov 1988,Gabon: Inondations - Nov 1988,0.32153756601360123,1.18118303046343e-05,0.8449363174492606,9.980244399933282e-06
FL-2010-000174-KEN,FL-2010-000174-KEN,0.3162298232558801,1.0000650575151848e-05,0.9668381107047667,9.669010107898351e-06
FL-2010-000036-CYP,FL-2010-000036-CYP,0.3123792390508455,8.847521494535774e-06,1.084509140610344,9.595217932570538e-06
FL-2015-000081-PHL,FL-2015-000081-PHL,0.30856880172018264,7.825644948560284e-06,1.208181772549164,9.454801585291975e-06
FL-2016-000117-ALB,FL-2016-000117-ALB,0.3109709184570274,8.45663845040491e-06,1.116507802929084,9.4419028164272e-06
FL-2012-000089-CUB,FL-2012-000089-CUB,0.30724717519385064,7.496852860070565e-06,1.2438427371737373,9.324905981658932e-06
Bangladesh: Floods - Jun 1993,Bangladesh: Floods - Jun 1993,0.31403908053712454,9.329040347026493e-06,0.9963714048033698,9.295189036034103e-06
FL-2002-000110-BOL,FL-2002-000110-BOL,0.3170695934803838,1.0269420993274424e-05,0.9049212581915606,9.293017366132718e-06
FF-2023-000133-AFG,FF-2023-000133-AFG,0.3082908092801533,7.755428137165932e-06,1.1905710968816803,9.233388584052691e-06
FL-2011-000063-HTI,FL-2011-000063-HTI,0.30938689938504144,8.03561647988422e-06,1.148278435508363,9.227125119866672e-06
Iran: Floods - Apr 1989,Iran: Floods - Apr 1989,0.31995603814259865,1.1243540923783637e-05,0.814536614424038,9.158275758196845e-06
FL-2014-000030-PRY,FL-2014-000030-PRY,0.3180871127140631,1.060378077407323e-05,0.8630646431827305,9.151748270163409e-06
FL-2000-000302-CHN,FL-2000-000302-CHN,0.3271156539132503,1.4028565851135752e-05,0.6358572303399659,8.920165027745005e-06
FL-2006-000085-UKR,FL-2006-000085-UKR,0.31034078476691795,8.286832108114846e-06,1.0750292725240695,8.908587092715804e-06
FL-2025-000045-COD,FL-2025-000045-COD,0.3074533104021564,7.547302120892763e-06,1.1530761769304614,8.70261427569819e-06
FF-2007-000070-CHN,FF-2007-000070-CHN,0.32426762438953266,1.285392906703128e-05,0.6717253779144738,8.634310360237428e-06
FL-2023-000139-LAO,FL-2023-000139-LAO,0.30634798209359393,7.280316163585515e-06,1.184828348999989,8.625924980298959e-06
FL-2005-000209-THA,FL-2005-000209-THA,0.30591970125956974,7.179173761627944e-06,1.1913966804489575,8.553243787969788e-06
UGA-2011-000110,UGA-2011-000110,0.30763960223259657,7.593157557548889e-06,1.0988605320725724,8.343821153799046e-06
FL-2005-000103-SLV,FL-2005-000103-SLV,0.31139354224678817,8.572273488079234e-06,0.9499800804848453,8.143489058143617e-06
FL-2005-000081-CHN,FL-2005-000081-CHN,0.3236055670650215,1.2593888465810589e-05,0.642825460215653,8.095672148939296e-06
FL-2024-000103-NPL,FL-2024-000103-NPL,0.30868975662043757,7.856374610910701e-06,1.0276933790072569,8.073944170633641e-06
FL-2020-000029-TZA,FL-2020-000029-TZA,0.3077831387201168,7.628659694772231e-06,1.0495762709803076,8.006860195016809e-06
FL-2009-000266-ALB,FL-2009-000266-ALB,0.31522035778477475,9.685957884869425e-06,0.8243171924381797,7.984301609730015e-06
FL-2005-000139-SLE,FL-2005-000139-SLE,0.30783071605778656,7.64046033783579e-06,1.0426506939426599,7.966331273285856e-06
FL-2007-000057-URY,FL-2007-000057-URY,0.3070153161560595,7.440470820454131e-06,1.0706544149077877,7.966172932911785e-06
Indonesia: Floods - May 1995,Indonesia: Floods - May 1995,0.3122315259973759,8.805773617966543e-06,0.8969278164319343,7.898143303156665e-06
FL-1998-000193-ROM,FL-1998-000193-ROM,0.3098367066789888,8.153210928507743e-06,0.963506236832878,7.85566957983119e-06
FL-2009-000178-GIN,FL-2009-000178-GIN,0.3063557644294547,7.282165836056554e-06,1.068515319346453,7.7811057538478e-06
FL-1998-000165-CHN,FL-1998-000165-CHN,0.319365274327984,1.103765767331111e-05,0.7000190203158281,7.726570311052726e-06
FL-2003-000204-KEN,FL-2003-000204-KEN,0.3042763745265108,6.802715831750687e-06,1.1287613663778198,7.678642817326932e-06
FL-2008-000125-SDN,FL-2008-000125-SDN,0.30180895065631425,6.270774067952329e-06,1.22270091265696,7.66728117595091e-06
Lao PDR: Floods - Aug 1996,name=Lao PDR: Floods - Aug 1996,0.3072730568527375,7.503170397594615e-06,1.016133336585506,7.624221571077415e-06
FL-2010-000262-ECU,FL-2010-000262-ECU,0.29805750011622445,5.533508048174975e-06,1.369373617071581,7.577439931024069e-06
FL-2006-000068-CHN,FL-2006-000068-CHN,0.3201282032778389,1.1304187996150899e-05,0.6678237967185123,7.549205746409325e-06
FL-2020-000125-TZA,FL-2020-000125-TZA,0.3027054650076395,6.459555251017856e-06,1.1681139311946813,7.5454964780357144e-06
FL-2024-000098-SLV,FL-2024-000098-SLV,0.2995341379855391,5.813842496091666e-06,1.2955779011577304,7.532285858748061e-06
FL-2019-000015-PER,FL-2019-000015-PER,0.300735090206657,6.051193653460447e-06,1.2387880992853906,7.4961466843780855e-06
FL-2022-000378-BIH,FL-2022-000378-BIH,0.30760243519537933,7.583988978877069e-06,0.9789655437483893,7.424463894488181e-06
FL-2009-000127-BEN,FL-2009-000127-BEN,0.3060553287852457,7.211065739538582e-06,1.0221105165631266,7.370506128010445e-06
FL-1997-000137-CHL,FL-1997-000137-CHL,0.3089244624011187,7.916313701812663e-06,0.9286157560049981,7.351213632981491e-06
FL-2006-000131-BGD,FL-2006-000131-BGD,0.3139853013675695,9.313076678120598e-06,0.7881513340934744,7.340113808375572e-06
FL-2002-000350-CHN,FL-2002-000350-CHN,0.3167832056998491,1.017704028240604e-05,0.706219895185805,7.187228321542509e-06
FF-2020-000138-TJK,FF-2020-000138-TJK,0.3081011504951091,7.707849041536888e-06,0.9245550834716685,7.126331013985157e-06
FF-2008-000072-CHN,FF-2008-000072-CHN,0.31704934658765943,1.0262865204513361e-05,0.6928246734717287,7.110366234201336e-06
FF-2004-000060-VNM,FF-2004-000060-VNM,0.2941237315011298,4.845076867983657e-06,1.463389408328373,7.09023417114409e-06
FL-2006-000045-HUN,FL-2006-000045-HUN,0.3019914339444141,6.308792489396344e-06,1.11989572468407,7.0651897367939364e-06
FL-2015-000024-ARG,FL-2015-000024-ARG,0.3019443586295728,6.298965053366471e-06,1.1150032385892976,7.023366434264423e-06
Iran: Floods - Dec 1991,Iran: Floods - Dec 1991,0.31469337524130747,9.525241703106234e-06,0.7306781420678033,6.959885910372422e-06
FL-2009-000124-VNM,FL-2009-000124-VNM,0.30053144466229487,6.010342074860015e-06,1.1555969844310696,6.945533177107412e-06
FL-1998-000080-ARG,FL-1998-000080-ARG,0.30723259304188955,7.493295564460797e-06,0.9225861223252123,6.9132104982525995e-06
FL-1997-000526-ECU,FL-1997-000526-ECU,0.3059377346981451,7.18340688348283e-06,0.9609815296317132,6.9031213348563085e-06
1992-00001-AR,1992-00001-AR,0.3027671243108051,6.472725048177344e-06,1.0623696179080282,6.876426436255888e-06
FL-1997-000140-AZE,FL-1997-000140-AZE,0.30454301015720453,6.862563256742559e-06,0.9955723453086005,6.832178196343817e-06
FL-1997-000164-BGD,FL-1997-000164-BGD,0.30842527185715995,7.789320291394372e-06,0.876494679186875,6.827297789889525e-06
FL-2003-000368-SDN,FL-2003-000368-SDN,0.3022047607400326,6.353499740751051e-06,1.072361231723768,6.813246807748439e-06
FL-2009-000216-ITA,FL-2009-000216-ITA,0.30089925352851704,6.0843067758889925e-06,1.1196820788761856,6.81248925934785e-06
FL-2025-000029-BWA,FL-2025-000029-BWA,0.29782434642387146,5.4903745651703095e-06,1.2304510947433291,6.755637394264737e-06
Iran: Floods - Oct 1994,Iran: Floods - Oct 1994,0.3108721102213239,8.429806623433703e-06,0.7986196192783261,6.732208956196536e-06
FL-2023-000088-ITA,FL-2023-000088-ITA,0.2999872330483959,5.902387562095905e-06,1.135182250938361,6.700285598650614e-06
FL-2020-000161-BGD,FL-2020-000161-BGD,0.30054348957712107,6.012751377368092e-06,1.110546280177668,6.677438675769284e-06
China: Floods - Jul 2018,China: Floods - Jul 2018,0.3006514714846503,6.034389480636946e-06,1.1041913871780773,6.663120891397307e-06
FL-2014-000005-IDN,FL-2014-000005-IDN,0.29495050371509607,4.983006135583994e-06,1.2967973978194893,6.461949389943873e-06
Burkina Faso: Floods - Sep 1988,Burkina Faso: Floods - Sep 1988,0.3041792424811571,6.7810311602245056e-06,0.9525620167546777,6.4593527176597665e-06
FL-2003-000505-VNM,FL-2003-000505-VNM,0.29348835881044033,4.74142403344084e-06,1.3351682599699068,6.330598876508704e-06
FL-2012-000200-BFA,FL-2012-000200-BFA,0.2994617912903411,5.799815533101907e-06,1.0864384324897092,6.301142496512703e-06
FL-2004-000055-TJK,FL-2004-000055-TJK,0.29639517754656386,5.232525246048981e-06,1.196880781045007,6.262708903328822e-06
FL-1999-000574-VNM,FL-1999-000574-VNM,0.29810807922682236,5.542905353635345e-06,1.114647519535003,6.178385703446926e-06
FL-2004-000043-IND,FL-2004-000043-IND,0.31114454446598316,8.503973647715293e-06,0.7238181749939552,6.1553306858859715e-06
FL-2002-000607-ALB,FL-2002-000607-ALB,0.30878524021574494,7.88070972105511e-06,0.7786781247788098,6.1365362675173304e-06
FL-2024-000043-CUB,FL-2024-000043-CUB,0.2928241819423897,4.635209700971973e-06,1.300069557704207,6.0260950258088824e-06
FL-2013-000038-KEN,FL-2013-000038-KEN,0.29494913818350477,4.982775442282835e-06,1.2057564114452748,6.008013436324593e-06
FL-2020-000195-CMR,FL-2020-000195-CMR,0.30390785715182655,6.720773875956482e-06,0.8859055483526522,5.953970865933407e-06
FL-2013-000125-BFA,FL-2013-000125-BFA,0.2957219060600304,5.114874327586554e-06,1.1601880124394874,5.934215880000404e-06
FL-2002-000734-MAR,FL-2002-000734-MAR,0.29790393455960296,5.50506424818862e-06,1.0757011498710427,5.921803941890466e-06
FL-2002-000732-IDN,FL-2002-000732-IDN,0.3025005443924308,6.415959378606929e-06,0.9190515020515428,5.896597104010381e-06
FF-2016-000079-MKD,FF-2016-000079-MKD,0.2933736757070581,4.7229290558801225e-06,1.242997967664418,5.870591217882221e-06
FL-2009-000265-MAR,FL-2009-000265-MAR,0.29800702830543185,5.524144974002891e-06,1.0552948747389153,5.8296018783799894e-06
FL-2019-000020-COL,FL-2019-000020-COL,0.2985621721269144,5.627918724741801e-06,1.0283585650027902,5.787518423727811e-06
FL-1997-000143-POL,FL-1997-000143-POL,0.2926416142771924,4.60639141414728e-06,1.233104785558755,5.680163296941771e-06
FL-2015-000151-BLZ,FL-2015-000151-BLZ,0.292081800490999,4.51902736154114e-06,1.2418606118182705,5.612002084026984e-06
FL-2019-000058-TJK,FL-2019-000058-TJK,0.29880130009544736,5.673157330625915e-06,0.9455169340537894,5.364066325658196e-06
FL-2015-000093-GUY,FL-2015-000093-GUY,0.2950672313669911,5.00276170660777e-06,1.034221533733351,5.173963885110364e-06
FL-2008-000074-BFA,FL-2008-000074-BFA,0.2928365346635534,4.637165424815578e-06,1.114930663460651,5.170117923666424e-06
FL-2007-000153-GHA,FL-2007-000153-GHA,0.292770718512842,4.626753749702099e-06,1.1152536052692246,5.160003800048169e-06
LS-2011-000104-ECU,LS-2011-000104-ECU,0.294429113487451,4.895617890957372e-06,1.046388478883193,5.12271815811223e-06
FL-2010-000037-HTI,FL-2010-000037-HTI,0.29393830891785666,4.814618859545048e-06,1.0604316168394865,5.10557406169324e-06
FL-2012-000051-TJK,FL-2012-000051-TJK,0.2880916267978916,3.938277911858865e-06,1.2564153914667016,4.94811298433282e-06
FL-1999-000651-CHN,FL-1999-000651-CHN,0.29368171253675024,4.772753885904576e-06,1.0240023009480381,4.887310961024976e-06
FL-2005-000205-PHL,FL-2005-000205-PHL,0.29094343425111224,4.345958838817834e-06,1.1230443143849564,4.880704364485417e-06
1993-12-01T00:00:00+00:00,1993-12-01T00:00:00+00:00,0.30029859732013553,5.963936851939586e-06,0.8154353086906252,4.863204687872752e-06
FL-2007-000132-BFA,FL-2007-000132-BFA,0.29167757204444467,4.456874059217778e-06,1.0755363901814037,4.793530237144228e-06
FL-2010-000091-VNM,FL-2010-000091-VNM,0.29051855867628146,4.282908622773986e-06,1.0820602515614735,4.634365181773623e-06
FL-2021-000084-TCD,FL-2021-000084-TCD,0.28919082847720906,4.091147658118063e-06,1.1145222233746586,4.5596749840797715e-06
FL-2001-000417-SDN,FL-2001-000417-SDN,0.28762012966323014,3.874295813984768e-06,1.163963410402066,4.5095385685521595e-06
FL-2001-000079-ROM,FL-2001-000079-ROM,0.2925092648549312,4.58560100136263e-06,0.9754964355574846,4.473237431718078e-06
FL-2008-000250-THA,FL-2008-000250-THA,0.2927829339376665,4.628684556704212e-06,0.9628755515870862,4.456847195659195e-06
FF-2010-000094-HUN,FF-2010-000094-HUN,0.2857497336171057,3.629596454913776e-06,1.2165899177350536,4.415730452494993e-06
FL-2002-000782-MKD,FL-2002-000782-MKD,0.2897194101271666,4.166543525372713e-06,1.0286208969532604,4.28579373826368e-06
FL-2021-000204-BRA,FL-2021-000204-BRA,0.2838083997057117,3.3904117823644456e-06,1.2616737641161433,4.277593595359472e-06
FL-2015-000088-IRN,FL-2015-000088-IRN,0.28284814242583606,3.2774291270931635e-06,1.2747350017900236,4.177853624191779e-06
FL-2012-000138-NGA,FL-2012-000138-NGA,0.28333411520510504,3.3341773315509566e-06,1.2369286645182986,4.12413951398251e-06
1985-06-01-ARG-Flood,1985-06-01-ARG-Flood,0.2925267302860818,4.5883397529478756e-06,0.8967196146811239,4.114454255289502e-06
FL-2006-000123-SDN,FL-2006-000123-SDN,0.2880260295623961,3.929319803499833e-06,1.0356622281917345,4.069448102970545e-06
FL-2006-000120-BFA,FL-2006-000120-BFA,0.28544271584420156,3.5907870321846858e-06,1.130238094179754,4.058444291861795e-06
FL-2013-000004-KEN,FL-2013-000004-KEN,0.290165252166122,4.231107273383559e-06,0.935073356510655,3.95639567987941e-06
FL-1998-000359-UKR,FL-1998-000359-UKR,0.28880762192914533,4.037258013683536e-06,0.970056066676692,3.916366628912805e-06
FL-2011-000180-PAN,FL-2011-000180-PAN,0.28751813311538404,3.860578596401823e-06,1.008200937283557,3.8922389593491565e-06
FL-2012-000129-SDN,FL-2012-000129-SDN,0.2851803058618394,3.5579128395097567e-06,1.0523145824203366,3.7440435639966637e-06
1994-01-01T00:00:00+00:00,1994-01-01T00:00:00+00:00,0.2866017320929104,3.7392810405564644e-06,0.9792699859742091,3.661765692139355e-06
FL-2012-000098-GTM,FL-2012-000098-GTM,0.27912946644438785,2.871156425665403e-06,1.2673665542478996,3.6388076259022775e-06
FL-2010-000042-SRB,FL-2010-000042-SRB,0.28379304360195345,3.388577768979887e-06,1.0641610204580652,3.60599237653915e-06
FL-2010-000195-MLI,FL-2010-000195-MLI,0.28648406662405335,3.7239576063535503e-06,0.9643639910627344,3.591250619811537e-06
FL-2009-000248-URY,FL-2009-000248-URY,0.2854959082044237,3.5974840917523883e-06,0.9530636879457565,3.4286314558117214e-06
FL-2023-000217-PRY,FL-2023-000217-PRY,0.2784259684584416,2.7996090553187154e-06,1.2209609052027184,3.418213206395666e-06
FL-2006-000058-TJK,FL-2006-000058-TJK,0.2746820987171753,2.4451390959619276e-06,1.3389011984588786,3.2737996659820837e-06
FL-1997-000265-SOM,FL-1997-000265-SOM,0.2815811666276961,3.133545746930947e-06,1.0106246281950175,3.1668385054241667e-06
FL-2001-000096-UKR,FL-2001-000096-UKR,0.27992119679446825,2.953642054231235e-06,1.0716577207512192,3.1652933117523944e-06
FL-2007-000181-HTI,FL-2007-000181-HTI,0.28110035754575896,3.0804486956516948e-06,0.9891914221912965,3.0471534262390243e-06
FL-2008-000038-ARG,FL-2008-000038-ARG,0.2808873284843234,3.057183278780722e-06,0.9962518718082016,3.0457245639460293e-06
FL-2002-000321-HTI,FL-2002-000321-HTI,0.28023677469674235,2.9871103011517893e-06,0.9930427130308388,2.9663281175781386e-06
FL-2010-000031-PRT,FL-2010-000031-PRT,0.2734328401293751,2.336182329855864e-06,1.2669155831916283,2.959745798871319e-06
FL-2006-000092-KOR,FL-2006-000092-KOR,0.2732558904651055,2.321107881745175e-06,1.235735149804729,2.8682745959613112e-06
FL-1999-000437-KHM,FL-1999-000437-KHM,0.27686357540268947,2.6464167126958886e-06,1.069362166100396,2.829977908292765e-06
China: Floods in Shanxi Province - Aug 1988,China: Floods in Shanxi Province - Aug 1988,0.27712639286286855,2.6716458575768042e-06,1.0515735249110678,2.8094320517660927e-06
FL-2021-000213-STP,FL-2021-000213-STP,0.2726141627040182,2.267170297419922e-06,1.21326547331372,2.750679443981989e-06
FF-2007-000113-GMB,FF-2007-000113-GMB,0.2720332343247774,2.21931858847338e-06,1.2095060640956095,2.6842792909186618e-06
FL-2003-000331-CHN,FL-2003-000331-CHN,0.28955695313834484,4.143238953995084e-06,0.6456419227196044,2.6750487645441484e-06
FL-2024-000128-SDN,FL-2024-000128-SDN,0.27414978596032713,2.3981652821920967e-06,1.106871100441691,2.654459844941024e-06
FL-2006-000086-CHL,FL-2006-000086-CHL,0.277312072311019,2.6896004120839963e-06,0.9816818094129864,2.6403317991325316e-06
FL-2007-000231-BOL,FL-2007-000231-BOL,0.27662221275136023,2.6234362185095768e-06,1.0056777966466628,2.638331555873764e-06
FL-2002-000325-JAM,FL-2002-000325-JAM,0.2744960165003677,2.4286250112225525e-06,1.041282547868147,2.5288848395021264e-06
FL-2015-000080-MMR,FL-2015-000080-MMR,0.2684338948944068,1.942555917883458e-06,1.2536908885177969,2.4353646546868166e-06
China: Floods - Jun 1990,China: Floods - Jun 1990,0.27497455857295106,2.471298100154143e-06,0.9825698640424038,2.428223038276707e-06
FL-2008-000069-CHL,FL-2008-000069-CHL,0.272922331997519,2.2929296737779736e-06,1.033221040168237,2.369103182573494e-06
FL-2011-000005-HND,FL-2011-000005-HND,0.26546606021977914,1.7381611755744607e-06,1.359711468750731,2.3633976849658473e-06
FL-2005-000175-SDN,FL-2005-000175-SDN,0.2717730071367203,2.198179727045815e-06,1.0729889975346198,2.3586226617238135e-06
FL-2024-000024-DZA,FL-2024-000024-DZA,0.2693143196746841,2.0072176092637854e-06,1.1597469097454667,2.3278644195303586e-06
China: Floods in Zhejiang Province - Aug 1988,name=China: Floods in Zhejiang Province - Aug 1988,0.268491438230796,1.9467241336796505e-06,1.1830173894671492,2.3030085026383977e-06
FL-2017-000174-ALB,FL-2017-000174-ALB,0.2696873709469232,2.0351953220441556e-06,1.1009974778760738,2.240744916555799e-06
FL-2005-000208-BIH,FL-2005-000208-BIH,0.27366660987488467,2.356232395471884e-06,0.9162380586784109,2.1588697958223407e-06
FL-2014-000054-TJK,FL-2014-000054-TJK,0.2684365324782744,1.9427467984243633e-06,1.080513117206162,2.0991633991078e-06
FL-1993-000013-PHL,FL-1993-000013-PHL,0.2670619488569861,1.845525876760922e-06,1.133970277619954,2.092771490825392e-06
1993-05-01T00:00:00+00:00,1993-05-01T00:00:00+00:00,0.2690603611488104,1.988370027247205e-06,1.051770447137431,2.0913088326324584e-06
FL-2021-000134-NPL,FL-2021-000134-NPL,0.2640505419762158,1.6476715100051986e-06,1.2467249920120518,2.0541932501497165e-06
FL-1997-000111-ARM,FL-1997-000111-ARM,0.2668962222097354,1.834105300532001e-06,1.0966184261872387,2.0113136681310755e-06
FL-2002-000479-CZE,FL-2002-000479-CZE,0.26434475052475886,1.6661224034364622e-06,1.1971051210312973,1.994523661418762e-06
FL-1998-000213-KGZ,FL-1998-000213-KGZ,0.26540096682896963,1.7339038312536604e-06,1.1210585535855664,1.9438077211217003e-06
Cuba: Floods - Jun 1993,Cuba: Floods - Jun 1993,0.2632584485754961,1.5989068974565344e-06,1.0819582611621117,1.7299505265321788e-06
FL-1990-000004-VNM,FL-1990-000004-VNM,0.2574002658643618,1.276703095687759e-06,1.3388746942864604,1.709345466933526e-06
FL-2012-000205-LKA,FL-2012-000205-LKA,0.26240494216393473,1.5478187499716217e-06,1.0845827244475248,1.6787374767951836e-06
FL-2013-000024-MKD,FL-2013-000024-MKD,0.2641476871574986,1.6537434007140566e-06,1.012158913963861,1.6738511244416416e-06
FF-2013-000113-ROM,FF-2013-000113-ROM,0.2562332762103995,1.2199872595267325e-06,1.3494636441975612,1.6463284531155404e-06
FL-2020-000038-EGY,FL-2020-000038-EGY,0.25643593459974934,1.2296707195444584e-06,1.329767132388454,1.6351757065106812e-06
FL-2019-000064-SDN,FL-2019-000064-SDN,0.2575656386326397,1.2849293258029776e-06,1.207726031282668,1.5518425951307446e-06
FL-2022-000362-LCA,FL-2022-000362-LCA,0.25712607223429756,1.2631681232018578e-06,1.1864300437913862,1.4986606117262633e-06
FL-2022-000312-BGR,FL-2022-000312-BGR,0.2547923502647169,1.1530917066251372e-06,1.2948679116591442,1.49310145010917e-06
FL-1997-000299-PRY,FL-1997-000299-PRY,0.2591228963475358,1.3647650543279683e-06,1.0913298267640643,1.4894088103133904e-06
FL-2001-000450-THA,FL-2001-000450-THA,0.2552951551359778,1.176049849265832e-06,1.2397633775051489,1.458023533240229e-06
FL-2009-000044-BIH,FL-2009-000044-BIH,0.2632383373387416,1.5976858561833374e-06,0.8874544487949036,1.4178734208465975e-06
FL-2004-000044-BGD,FL-2004-000044-BGD,0.2649710475587259,1.7060204282692833e-06,0.8296031651469546,1.4153199470975605e-06
China: Floods - May 1987,China: Floods - May 1987,0.25647325993046033,1.231461729873848e-06,1.1104745493488628,1.3675069095220326e-06
FL-2005-000090-TJK,FL-2005-000090-TJK,0.2518937968889949,1.0284299776478368e-06,1.278206249426741,1.3145456245272687e-06
FL-2001-000390-POL,FL-2001-000390-POL,0.25225858760032727,1.0434210592921456e-06,1.209049552596024,1.261547764906438e-06
FL-2004-000036-MKD,FL-2004-000036-MKD,0.2568894922523478,1.2515938010847334e-06,0.9980071080496405,1.2490995098734318e-06
FL-2007-000217-SRB,FL-2007-000217-SRB,0.25474202447600414,1.150816179204448e-06,1.0803231417321983,1.2432533502743938e-06
FL-2020-000212-KHM,FL-2020-000212-KHM,0.2502747568620342,9.642074469039992e-07,1.253731041392615,1.2088568065254656e-06
FL-2009-000095-TJK,FL-2009-000095-TJK,0.24987772727263394,9.490202344171685e-07,1.2601155392859784,1.195875144485896e-06
FL-2021-000153-UGA,FL-2021-000153-UGA,0.24821749541120425,8.878178886896175e-07,1.2225799823486727,1.0854283786829883e-06
China: Floods and Landslides - Jul 1989,name=China: Floods and Landslides - Jul 1989,0.2493942345814133,9.308165441201478e-07,1.1642613331648382,1.0837137105892108e-06
FL-2009-000172-BFA,FL-2009-000172-BFA,0.24626599664333437,8.204356145270661e-07,1.1667415435722015,9.572363152949168e-07
FL-2000-000438-KHM,FL-2000-000438-KHM,0.24995669611701024,9.52023691387053e-07,1.0010572321421671,9.53030201433692e-07
FL-2006-000178-JAM,FL-2006-000178-JAM,0.24699966297055545,8.452080148471601e-07,1.1200515235065662,9.466765247095222e-07
FL-2003-000389-BFA,FL-2003-000389-BFA,0.2477399855276458,8.708855384003612e-07,1.0605355785233375,9.236050982950352e-07
FL-2010-000179-ETH,FL-2010-000179-ETH,0.2467111827644195,8.353882328055231e-07,1.030549003575644,8.609085109165499e-07
FL-2013-000141-SOM,FL-2013-000141-SOM,0.2406753294132718,6.521023256633429e-07,1.2318330184492288,8.032811761596377e-07
FL-2000-000048-BWA,FL-2000-000048-BWA,0.24362705028491852,7.36639614269923e-07,1.0623346437323442,7.825577821845702e-07
FL-1999-000247-KOR,FL-1999-000247-KOR,0.2385054624747331,5.95639240347554e-07,1.2639620274706846,7.528653818707929e-07
FL-2023-000089-ARG,FL-2023-000089-ARG,0.2386666815845381,5.996777664905164e-07,1.2153291011417195,7.288058409235933e-07
SS-2007-000063-MDV,SS-2007-000063-MDV,0.23844454230620504,5.941195785799014e-07,1.2101910384211765,7.189981897479627e-07
FL-2009-000177-GMB,FL-2009-000177-GMB,0.2378256934908335,5.788788975310838e-07,1.1684788072717938,6.764077237419318e-07
FL-2008-000198-BLZ,FL-2008-000198-BLZ,0.23773449759564186,5.766629730401359e-07,1.1420312108925819,6.585671133779427e-07
FL-2007-000088-ECU,FL-2007-000088-ECU,0.237985992075057,5.827924958703516e-07,1.0783214306239797,6.284376379038373e-07
FL-2010-000026-DOM,FL-2010-000026-DOM,0.2382376524490294,5.889846951014839e-07,1.0490817664059833,6.178931043231542e-07
FL-2021-000147-THA,FL-2021-000147-THA,0.23184751087666325,4.4877057831082816e-07,1.3245466846045788,5.94417581649687e-07
FL-2013-000019-PER,FL-2013-000019-PER,0.23115600188811147,4.3556376412955645e-07,1.3077998282489198,5.696302159200869e-07
FL-2004-000142-ALB,FL-2004-000142-ALB,0.2409893791336799,6.606615440432563e-07,0.8548694500312184,5.647793708130341e-07
Togo: Floods - Sep 1995,Togo: Floods - Sep 1995,0.2367103072470113,5.522957374114164e-07,0.937832522926336,5.179609048180098e-07
FL-2007-000111-GBR,FL-2007-000111-GBR,0.23432655782944273,4.991316730555927e-07,0.9829526883830424,4.906228198871206e-07
FL-2000-000255-ARG,FL-2000-000255-ARG,0.23218062142223325,4.552602078463918e-07,0.9596824343263637,4.369052245179516e-07
FL-2021-000055-TJK,FL-2021-000055-TJK,0.2240501115163961,3.187510647135489e-07,1.1378608539843575,3.6269435870338194e-07
FL-2012-000039-CHL,FL-2012-000039-CHL,0.2229702263531977,3.037167523791785e-07,1.1809039662177345,3.586603174913414e-07
FL-2000-000191-HUN,FL-2000-000191-HUN,0.22415240441694134,3.202093564486525e-07,1.016070329308817,3.253552262545467e-07
FL-2016-000080-BFA,FL-2016-000080-BFA,0.221036358694472,2.7837945158659404e-07,1.1662442397342112,3.2465843187323403e-07
FL-2010-000239-MNE,FL-2010-000239-MNE,0.22398243172440638,3.1778950730625784e-07,0.9720464771371192,3.089061710481887e-07
FL-2008-000207-SDN,FL-2008-000207-SDN,0.21528222030283825,2.1383640207227305e-07,1.2628396258514751,2.700410819863749e-07
FF-2013-000091-SDN,FF-2013-000091-SDN,0.2113884611573214,1.781610536069392e-07,1.2681994555499518,2.2594375118452607e-07
FL-2018-000028-BWA,FL-2018-000028-BWA,0.20814778072508192,1.5265739527247747e-07,1.3719368691424587,2.0943630892156552e-07
FL-2001-000335-KOR,FL-2001-000335-KOR,0.20851630210367667,1.5538179851876804e-07,1.3077777012476726,2.0320485128260348e-07
FL-2005-000129-SDN,FL-2005-000129-SDN,0.2006869590017949,1.0597209538190499e-07,1.1253207612767273,1.1925259904925527e-07
FL-2019-000136-SLV,FL-2019-000136-SLV,0.1947360786956719,7.842674776107225e-08,1.3263875340879325,1.040242605693449e-07
FL-2008-000117-ROM,FL-2008-000117-ROM,0.1911563789125622,6.51460293465697e-08,1.0292424136351432,6.705105648340927e-08
Cuba: Floods - May 1994,Cuba: Floods - May 1994,0.1939624906901723,7.536635695736444e-08,0.8829805422163315,6.654702673108324e-08
FL-2015-000027-CHL,FL-2015-000027-CHL,0.1739082955554517,2.5304804517088995e-08,1.155946805097162,2.9251007935137255e-08
1993-08-01T00:00:00+00:00,1993-08-01T00:00:00+00:00,0.16766219102357613,1.755300079761968e-08,0.9751121616043547,1.711614455040989e-08
subject,subject,0.15805456065394013,9.729047392532524e-09,1.3062248250149238,1.2708323227872695e-08
FL-2020-0020-000176-SDN,FL-2020-0020-000176-SDN,-0.08701002917345294,0.0,0.8819420188506686,0.0
