match_id,era5_event_id,cnn_bayesian_score,kg_bayesian_score,kg_rank,attribution_weight
FL-2019-000022-IRN,FL_2019_000022_IRN,0.1575328,0.9299697920776948,1.0,0.18378826666666667
FL-2001-000180-IRN,FL_2001_000180_IRN,0.04224527,0.0144636382537522,2.0,0.04828030857142857
FL-1998-000085-IRN,FL_1998_000085_IRN,0.014422875,0.009032148627916,4.0,0.016025416666666667
FL-1999-000235-IRN,FL_1999_000235_IRN,0.0025509791,0.0087723586748462,6.0,0.0027828862909090907
FL-1998-000359-UKR,FL_1998_000359_UKR,0.0024430542,0.0013663834498299,74.0,0.002473978936708861
FL-2001-000375-IRN,FL_2001_000375_IRN,0.002302744,0.0056291966038531,15.0,0.0024178812
FF-2008-000202-MAR,FF_2008_000202_MAR,0.0023750765,0.0002375290686506,430.0,0.0023805364459770113
FF-2022-000274-IRN,FF_2022_000274_IRN,0.0012760381,0.0015037891413468,65.0,0.0012942672157142856
FL-2009-000034-MAR,FL_2009_000034_MAR,0.0011908197,0.0003382185742255,328.0,0.0011943957351351353
FL-2007-000217-SRB,FL_2007_000217_SRB,0.0009896816,2.1999152921160395e-05,1028.0,0.0009906396654404646
FL-2015-000088-IRN,FL_2015_000088_IRN,0.00088810304,0.0016955639530157,57.0,0.0009024272825806451
FL-2008-000035-PRY,FL_2008_000035_PRY,0.0008799736,0.0002077395018901,464.0,0.0008818498763326225
FL-2011-000020-BOL,FL_2011_000020_BOL,0.00075352023,0.00025080139546,410.0,0.0007553359413975904
FL-2003-000012-BOL,FL_2003_000012_BOL,0.00059924513,3.791630012488842e-05,946.0,0.00059987525106204
FL-2018-000092-MNG,FL_2018_000092_MNG,0.00044360783,0.0001077333922827,686.0,0.0004442498094934877
FL-2019-000131-CIV,FL_2019_000131_CIV,0.0004226236,0.0011650672125763,95.0,0.000426849836
FL-2015-000153-IRQ,FL_2015_000153_IRQ,0.00037575682,0.002658687740447,29.0,0.0003868084911764706
FL-2003-000350-MNG,FL_2003_000350_MNG,0.000311647,2.073526491965572e-05,1042.0,0.00031194465711556826
FL-2002-000479-CZE,FL_2002_000479_CZE,0.00028029847,5.072064843738914e-05,889.0,0.00028061200296420583
FL-2009-000140-MNG,FL_2009_000140_MNG,0.0002596816,0.000115619370005,663.0,0.0002600703449101796
FL-1998-000165-CHN,FL_1998_000165_CHN,0.00023594471,1.2204923052000723e-05,1105.0,0.00023615727280180181
FL-2019-000034-BOL,FL_2019_000034_BOL,0.00020809063,2.821817273578076e-05,1001.0,0.00020829747953280317
FL-2006-000172-COG,FL_2006_000172_COG,0.00019652108,0.0004638490297947,254.0,0.00019727984864864863
FL-1997-000166-ROM,FL_1997_000166_ROM,0.00018836148,1.6876290874845903e-05,1073.0,0.0001885362123562152
ST-2012-000077-CHN,ST_2012_000077_CHN,0.0001367383,0.0005761497751204,203.0,0.00013739569567307693
FL-2010-000008-BOL,FL_2010_000008_BOL,0.00013447188,6.358959637249126e-05,831.0,0.0001346327315311005
FL-2001-000453-IRN,FL_2001_000453_IRN,0.00012469258,0.0065676272684953,11.0,0.00013248586624999998
FL-2011-000148-KHM,FL_2011_000148_KHM,0.0001102617,2.7319087298691825e-05,1004.0,0.00011037097819623388
FL-2012-000153-IDN,FL_2012_000153_IDN,0.000107366664,0.0010692344284418,103.0,0.00010836079977777779
FL-2013-000020-BOL,FL_2013_000020_BOL,0.00010688009,0.0004101117735141,280.0,0.00010725510785964913
FL-2013-000131-KHM,FL_2013_000131_KHM,0.00010705426,1.4009417711756232e-05,1092.0,0.00010715184820419325
FL-2005-000098-BGR,FL_2005_000098_BGR,0.00010657848,0.000126683050948,625.0,0.00010674765219047618
FL-2006-000010-BOL,FL_2006_000010_BOL,9.637688e-05,0.0002791262508979,381.0,9.662656103626942e-05
FL-2002-000500-IRN,FL_2002_000500_IRN,8.364776e-05,0.0060899054464512,12.0,8.856821647058824e-05
FL-2001-000029-BOL,FL_2001_000029_BOL,7.7624434e-05,0.0001934180162768,494.0,7.777999398797594e-05
FL-2010-000245-MAR,FL_2010_000245_MAR,7.764881e-05,9.520521526151668e-06,1133.0,7.771704269771529e-05
FL-2012-000066-COM,FL_2012_000066_COM,6.606182e-05,0.000926272878756,131.0,6.654756867647059e-05
FL-2012-000110-IND,FL_2012_000110_IND,5.5994034e-05,0.0001290773203053,622.0,5.608333867942584e-05
FL-2010-000259-AUS,FL_2010_000259_AUS,5.4955115e-05,1.4210128352681764e-05,1089.0,5.500534819469836e-05
FL-2010-000012-EGY,FL_2010_000012_EGY,5.464569e-05,0.0001084443487515,678.0,5.4725698330893114e-05
FL-2011-000190-AGO,FL_2011_000190_AGO,5.4077256e-05,0.0003087861175699,349.0,5.4230016610169485e-05
FL-1999-000651-CHN,FL_1999_000651_CHN,5.2847783e-05,1.7827119212118405e-05,1061.0,5.2897358781425886e-05
FL-2009-000045-BOL,FL_2009_000045_BOL,5.1053674e-05,0.0001511069764328,573.0,5.114200215570933e-05
FL-2007-000130-CIV,FL_2007_000130_CIV,5.055687e-05,0.0006407414404693,177.0,5.0834655e-05
FL-2011-000059-CHN,FL_2011_000059_CHN,4.7933332e-05,0.0001634716858812,554.0,4.8019080357781744e-05
FL-2010-000072-RUS,FL_2010_000072_RUS,4.558823e-05,1.6315413188259116e-05,1077.0,4.563036329944547e-05
FL-2002-000020-IRN,FL_2002_000020_IRN,4.237455e-05,0.004976381327208,19.0,4.414015625000001e-05
FL-2001-000332-IND,FL_2001_000332_IND,4.2505373e-05,0.0001090042947145,675.0,4.256788090147059e-05
FL-2010-000242-AGO,FL_2010_000242_AGO,3.9623195e-05,0.0003452196705497,322.0,3.97443668501529e-05
FL-2008-000089-IND,FL_2008_000089_IND,3.9084964e-05,0.0001324578052143,615.0,3.914800426451613e-05
FL-2012-000043-KGZ,FL_2012_000043_KGZ,3.566702e-05,0.000427897497112,273.0,3.579531863309352e-05
FL-2020-000200-BFA,FL_2020_000200_BFA,3.491227e-05,7.730576346839353e-05,784.0,3.495651875792142e-05
FL-2012-000098-GTM,FL_2012_000098_GTM,3.4157863e-05,2.126266952494568e-05,1036.0,3.419067554851104e-05
FL-2008-000091-SOM,FL_2008_000091_SOM,3.368804e-05,0.0002321502106094,435.0,3.376460372727273e-05
FL-1997-000530-PER,FL_1997_000530_PER,3.3492255e-05,6.052873867997889e-05,847.0,3.3531565158450706e-05
FL-2016-000060-IND,FL_2016_000060_IND,3.200967e-05,0.0001965150005554,487.0,3.2074730304878046e-05
FL-2007-000154-MEX,FL_2007_000154_MEX,3.1158375e-05,0.0002417875859624,422.0,3.123134543325527e-05
FL-2014-000030-PRY,FL_2014_000030_PRY,3.1152435e-05,7.399236266879332e-05,795.0,3.119137554375e-05
FL-2003-000621-BOL,FL_2003_000621_BOL,3.1125935e-05,7.485869333046896e-05,791.0,3.1165037933417086e-05
FL-2015-000085-VEN,FL_2015_000085_VEN,3.061913e-05,0.0001995104616275,478.0,3.068252364389234e-05
FL-2018-000077-CIV,FL_2018_000077_CIV,3.0604155e-05,0.0001570148084866,563.0,3.065803555457747e-05
FF-2007-000070-CHN,FF_2007_000070_CHN,2.9579283e-05,7.299546248532331e-05,802.0,2.96159363866171e-05
FL-2005-000002-GUY,FL_2005_000002_GUY,2.8540737e-05,2.6577892786171448e-05,1007.0,2.856893930928854e-05
FL-2006-000120-BFA,FL_2006_000120_BFA,2.742993e-05,7.788943121080406e-05,781.0,2.746482812977099e-05
FL-2004-000036-MKD,FL_2004_000036_MKD,2.7299056e-05,9.415187393279627e-06,1134.0,2.7323023564530287e-05
FL-2010-000125-IND,FL_2010_000125_IND,2.6730278e-05,4.613607537642135e-05,907.0,2.675958751535088e-05
FL-2003-000229-LKA,FL_2003_000229_LKA,2.6425587e-05,2.941844232918388e-06,1189.0,2.644771898241206e-05
FL-2006-000068-CHN,FL_2006_000068_CHN,2.6209045e-05,5.378711825501403e-05,878.0,2.623872681766704e-05
FL-2011-000038-KAZ,FL_2011_000038_KAZ,2.5891943e-05,0.0013417749695988,77.0,2.6207698402439025e-05
FL-2006-000130-KHM,FL_2006_000130_KHM,2.5000807e-05,3.7652847915588264e-06,1179.0,2.50219225464527e-05
FL-2018-000015-BOL,FL_2018_000015_BOL,2.3673705e-05,0.0002173116358589,453.0,2.3725394312227073e-05
FL-1997-000144-CHN,FL_1997_000144_CHN,2.3676912e-05,0.0001428777807172,597.0,2.371624241860465e-05
FL-2009-000172-BFA,FL_2009_000172_BFA,2.2858998e-05,0.0001459494231773,585.0,2.2897742064406784e-05
FF-2020-000158-SRB,FF_2020_000158_SRB,2.1256326e-05,5.032917512011574e-06,1169.0,2.1274431899488924e-05
FL-2005-000081-CHN,FL_2005_000081_CHN,2.0648384e-05,1.6335628166687993e-05,1076.0,2.0667485187789082e-05
FL-2016-000009-IDN,FL_2016_000009_IDN,2.0125088e-05,5.7808928638670735e-05,859.0,2.0148380925925925e-05
FL-2015-000064-IND,FL_2015_000064_IND,1.9390143e-05,0.0022229624374766,36.0,1.9863073317073173e-05
FL-2007-000138-UGA,FL_2007_000138_UGA,1.978291e-05,0.0004388775782147,264.0,1.9856452416356878e-05
FL-2014-000073-RUS,FL_2014_000073_RUS,1.81329e-05,6.815136394606738e-05,814.0,1.8155040293040292e-05
FL-2017-000054-BFA,FL_2017_000054_BFA,1.7351775e-05,0.0001696730415252,540.0,1.7383613119266054e-05
FL-2008-000126-TCD,FL_2008_000126_TCD,1.7234153e-05,0.000190927103471,498.0,1.7268415729622265e-05
FL-2022-000356-ETH,FL_2022_000356_ETH,1.6642218e-05,0.0003097257960574,347.0,1.6689497028409094e-05
FF-2018-000030-KEN,FF_2018_000030_KEN,1.654876e-05,0.0007702009955501,155.0,1.6652189750000003e-05
FL-1991-000011-CHN,FL_1991_000011_CHN,1.586867e-05,0.0001171786890887,653.0,1.589278651975684e-05
FL-2009-000113-CHN,FL_2009_000113_CHN,1.5450933e-05,3.852573229093824e-05,945.0,1.546719714e-05
FL-2014-000159-MAR,FL_2014_000159_MAR,1.5297837e-05,0.0001317902463194,616.0,1.532247119806763e-05
FL-2015-000071-GEO,FL_2015_000071_GEO,1.4970961e-05,0.0005277118763151,223.0,1.503662310964912e-05
FL-2013-000019-PER,FL_2013_000019_PER,1.5017264e-05,4.18483069147144e-05,932.0,1.5033290962646744e-05
FL-2012-000005-BOL,FL_2012_000005_BOL,1.4817769e-05,7.964530543527729e-06,1148.0,1.4830620490893321e-05
FL-2010-000049-AGO,FL_2010_000049_AGO,1.46833645e-05,0.0010084832986098,112.0,1.4808863341880341e-05
FF-2008-000092-KEN,FF_2008_000092_KEN,1.4497483e-05,0.0003433218783032,325.0,1.4541414766666666e-05
FL-2011-000084-IND,FL_2011_000084_IND,1.4204189e-05,7.627181261457132e-05,787.0,1.4222123582070708e-05
FL-2010-000102-CRI,FL_2010_000102_CRI,1.3574415e-05,0.0053171231312554,17.0,1.4191433863636363e-05
FF-2012-000196-COG,FF_2012_000196_COG,1.4043702e-05,0.0006031254884078,190.0,1.4115720984615383e-05
FL-2009-000226-PRY,FL_2009_000226_PRY,1.38431815e-05,0.0001466887776017,581.0,1.3866804676621158e-05
FL-2006-000013-MWI,FL_2006_000013_MWI,1.2988097e-05,0.0003001682722243,361.0,1.3023583603825136e-05
FF-2014-000009-TZA,FF_2014_000009_TZA,1.2903533e-05,0.0001870514875527,504.0,1.2928883752455796e-05
FL-2006-000156-TUR,FL_2006_000156_TUR,1.2745861e-05,9.910817532845052e-05,710.0,1.2763687379020978e-05
FL-2003-000051-PER,FL_2003_000051_PER,1.2483603e-05,8.381821761170223e-05,761.0,1.2499900131853787e-05
LS-2022-000224-GTM,LS_2022_000224_GTM,1.2411744e-05,0.0005276681188681,224.0,1.2465943755458514e-05
FF-2022-000278-MNG,FF_2022_000278_MNG,1.2310644e-05,0.0005245888357474,229.0,1.236325358974359e-05
FL-2006-000106-MRT,FL_2006_000106_MRT,1.2007503e-05,0.0003694325326445,309.0,1.2045743455414013e-05
FL-2016-000114-EGY,FL_2016_000114_EGY,1.1291048e-05,9.45349347815191e-05,723.0,1.1306557681318681e-05
FL-2020-000154-CIV,FL_2020_000154_CIV,1.09195735e-05,0.0002638675426898,399.0,1.0946602147277229e-05
FL-2021-000078-GTM,FL_2021_000078_GTM,1.0754147e-05,7.15844619280805e-05,805.0,1.0767423724691358e-05
FF-2013-000029-SRB,FF_2013_000029_SRB,1.0565516e-05,0.00017198856765,535.0,1.058508177037037e-05
FL-2014-000154-IDN,FL_2014_000154_IDN,1.0329877e-05,0.0003807123002988,299.0,1.0363856858552631e-05
FF-2007-000083-IND,FF_2007_000083_IND,1.02443355e-05,0.000272279484482,388.0,1.0270402511450382e-05
FL-2007-000077-CHN,FL_2007_000077_CHN,9.976233e-06,9.077940998573723e-05,731.0,9.989787664402173e-06
FL-2005-000169-FJI,FL_2005_000169_FJI,9.886441e-06,7.666608792890297e-06,1150.0,9.89500068917749e-06
FL-2018-000134-IND,FL_2018_000134_IND,9.506779e-06,8.347606430507461e-06,1146.0,9.515038582102519e-06
FL-1997-000522-MDA,FL_1997_000522_MDA,9.485363e-06,2.118953806431845e-05,1038.0,9.49445730776606e-06
FL-2003-000227-CHN,FL_2003_000227_CHN,9.428365e-06,8.100120134763505e-05,771.0,9.440514954896908e-06
FL-2009-000208-AZE,FL_2009_000208_AZE,9.210466e-06,0.0004083994567298,282.0,9.242558216027874e-06
FL-2002-000350-CHN,FL_2002_000350_CHN,9.217417e-06,7.904279590355611e-05,777.0,9.22920397826087e-06
FL-2002-000374-IND,FL_2002_000374_IND,8.396567e-06,0.000272329048789,387.0,8.417986813775511e-06
FL-2000-000438-KHM,FL_2000_000438_KHM,8.197497e-06,5.893543496024963e-05,851.0,8.207073515186917e-06
FL-2021-000190-EGY,FL_2021_000190_EGY,8.1384815e-06,0.0006166889617949,183.0,8.181771295212765e-06
FL-2005-000194-COL,FL_2005_000194_COL,8.145098e-06,2.453371185726536e-05,1015.0,8.15308339019608e-06
FF-2011-000049-IRQ,FF_2011_000049_IRQ,7.75129e-06,0.004430592565622,21.0,8.04941653846154e-06
FL-2001-000117-PER,FL_2001_000117_PER,7.779022e-06,0.0001085728654613,677.0,7.790428190615836e-06
FL-2007-000231-BOL,FL_2007_000231_BOL,7.744875e-06,0.0001102703228478,671.0,7.756331915680474e-06
FL-2007-000057-URY,FL_2007_000057_URY,7.5164794e-06,5.552988592226875e-05,870.0,7.525069662171428e-06
FL-2008-000079-LKA,FL_2008_000079_LKA,7.3715196e-06,0.0001269120916344,624.0,7.3832390270270255e-06
FL-2009-000187-CIV,FL_2009_000187_CIV,7.050799e-06,0.0002233427353683,445.0,7.066467442222222e-06
FL-2009-000135-MEX,FL_2009_000135_MEX,6.9902208e-06,0.0005195327065665,231.0,7.019840379661016e-06
FL-2006-000031-PER,FL_2006_000031_PER,6.94418e-06,7.976723090410791e-05,775.0,6.953082794871795e-06
FL-2010-000046-MOZ,FL_2010_000046_MOZ,6.9060293e-06,0.0002241669951521,444.0,6.921410211581291e-06
FL-2016-000081-GTM,FL_2016_000081_GTM,6.552832e-06,0.0054369466982476,16.0,6.86487161904762e-06
FL-1997-000111-ARM,FL_1997_000111_ARM,6.656793e-06,2.925182844960453e-06,1191.0,6.6623588804347836e-06
FL-2022-000002-IRN,FL_2022_000002_IRN,6.0961866e-06,0.007579235836673,7.0,6.60420215e-06
FF-2014-000059-SRB,FF_2014_000059_SRB,6.5261042e-06,0.0012503064596619,83.0,6.600264475000001e-06
FL-2019-000116-ETH,FL_2019_000116_ETH,6.436621e-06,4.740942484631492e-05,901.0,6.4437254381898455e-06
FL-2012-000157-CMR,FL_2012_000157_CMR,6.276598e-06,0.0010001262713649,114.0,6.329342521008403e-06
FF-2008-000227-ETH,FF_2008_000227_ETH,6.277596e-06,0.0002036158782129,472.0,6.290756578616352e-06
FL-2015-000008-BOL,FL_2015_000008_BOL,6.247076e-06,9.990575700067956e-05,707.0,6.255849983146067e-06
FL-2011-000115-KEN,FL_2011_000115_KEN,6.1694304e-06,0.001213733604466,89.0,6.235062638297873e-06
FL-2021-000007-SYR,FL_2021_000007_SYR,6.211156e-06,8.530040173842895e-05,753.0,6.219350137203167e-06
FL-2009-000203-USA,FL_2009_000203_USA,5.9451945e-06,0.0003846942828596,297.0,5.964880574503311e-06
FL-2013-000095-PHL,FL_2013_000095_PHL,5.723749e-06,0.0010554518870496,106.0,5.775314306306305e-06
FL-2008-000038-ARG,FL_2008_000038_ARG,5.607963e-06,2.159456729820125e-05,1032.0,5.61337087174542e-06
FL-2007-000111-GBR,FL_2007_000111_GBR,5.4881807e-06,1.924459266222163e-07,1217.0,5.49267184623568e-06
FL-2017-000095-GHA,FL_2017_000095_GHA,5.4534867e-06,3.6632294406876296e-05,950.0,5.459197157277487e-06
FL-2019-000032-BOL,FL_2019_000032_BOL,5.3982094e-06,0.0001671785647542,544.0,5.408042204007285e-06
FL-2015-000011-PER,FL_2015_000011_PER,5.383571e-06,0.0002087691203908,462.0,5.395098989293362e-06
FL-2017-000014-PER,FL_2017_000014_PER,5.381515e-06,0.000140458622122,601.0,5.3903953877887795e-06
FF-2007-000185-TUN,FF_2007_000185_TUN,4.786992e-06,0.0005060108417196,236.0,4.8068550373443984e-06
FL-2007-000155-ROM,FL_2007_000155_ROM,4.6972036e-06,0.0002246023107103,441.0,4.7077354466367704e-06
FL-1999-000213-IND,FL_1999_000213_IND,4.6427235e-06,0.000115653880105,662.0,4.649684104947526e-06
FL-2016-000025-SRB,FL_2016_000025_SRB,4.3681453e-06,1.9453501843435407e-05,1049.0,4.372289650379507e-06
FL-2005-000065-GEO,FL_2005_000065_GEO,4.3579043e-06,0.0001967468879301,486.0,4.3667798688391035e-06
FL-2009-000261-PER,FL_2009_000261_PER,4.229946e-06,0.000259012291265,402.0,4.240338987714988e-06
FL-2022-000207-VEN,FL_2022_000207_VEN,4.1912895e-06,0.0007873101867751,149.0,4.2185056655844155e-06
FL-2017-000057-LKA,FL_2017_000057_LKA,4.133079e-06,7.338137318393378e-05,801.0,4.138206889578165e-06
FL-2006-000124-UGA,FL_2006_000124_UGA,4.0160853e-06,0.0023568880285961,34.0,4.119061846153846e-06
FL-2001-000320-TLS,FL_2001_000320_TLS,4.040255e-06,0.0001656459785976,547.0,4.047574302536232e-06
FL-2021-000152-GEO,FL_2021_000152_GEO,3.90651e-06,0.0001650707589459,548.0,3.913574213381555e-06
FF-2020-000006-IRN,FF_2020_000006_IRN,3.7061957e-06,0.0058628076822094,13.0,3.912095461111111e-06
FL-2009-000265-MAR,FL_2009_000265_MAR,3.8741805e-06,5.875630531246373e-05,853.0,3.878695861888112e-06
FL-2009-000242-IRQ,FL_2009_000242_IRQ,3.8000076e-06,0.0012019740109519,91.0,3.839591012500001e-06
SS-2007-000063-MDV,SS_2007_000063_MDV,3.821266e-06,2.148459913074245e-05,1033.0,3.8249473737957606e-06
FL-2009-000268-AGO,FL_2009_000268_AGO,3.6775375e-06,0.0010412521497011,108.0,3.710082079646018e-06
FL-2000-000130-BOL,FL_2000_000130_BOL,3.6242986e-06,6.128952164066042e-05,842.0,3.62857758299882e-06
FL-2008-000031-PER,FL_2008_000031_PER,3.5527091e-06,0.0003699111606143,308.0,3.564059608306709e-06
FL-2012-000141-NER,FL_2012_000141_NER,3.510578e-06,0.0001094438992375,674.0,3.5157482179675996e-06
FL-2004-000031-CHN,FL_2004_000031_CHN,3.3167385e-06,3.885442643112519e-05,943.0,3.320237169303797e-06
FL-2004-000020-KEN,FL_2004_000020_KEN,3.2841021e-06,0.0009460259296743,125.0,3.309364423846154e-06
FL-2008-000051-LKA,FL_2008_000051_LKA,3.2124483e-06,4.074590264721692e-06,1175.0,3.215170713813559e-06
FL-2005-000064-ETH,FL_2005_000064_ETH,3.1468924e-06,0.0001049827397985,693.0,3.151400841833811e-06
FL-1999-000160-PER,FL_1999_000160_PER,3.1340817e-06,0.0001908905884796,499.0,3.1403001160714284e-06
FL-2010-000174-KEN,FL_2010_000174_KEN,3.109722e-06,2.1243296239421485e-05,1037.0,3.1127063781190013e-06
FF-2012-000115-RUS,FF_2012_000115_RUS,3.0020612e-06,0.0005391512971505,219.0,3.0154632589285714e-06
FL-2013-000038-KEN,FL_2013_000038_KEN,3.0082285e-06,0.000101281505658,703.0,3.0124774103107344e-06
FL-2004-000043-IND,FL_2004_000043_IND,2.9802163e-06,0.0001058966340272,691.0,2.9844982199712643e-06
FL-2007-000200-MEX,FL_2007_000200_MEX,2.9258856e-06,0.001063093636099,104.0,2.952728587155963e-06
FL-2002-000110-BOL,FL_2002_000110_BOL,2.9182202e-06,4.620836800587549e-05,906.0,2.9214235152579583e-06
FL-2006-000112-ETH,FL_2006_000112_ETH,2.7613944e-06,9.734342978689162e-05,717.0,2.7652190459833796e-06
FL-2017-000052-RUS,FL_2017_000052_RUS,2.7571089e-06,6.811930489186469e-05,815.0,2.7604712279268294e-06
FL-2019-000014-MWI,FL_2019_000014_MWI,2.7278807e-06,9.03306852581114e-05,735.0,2.7315670252702704e-06
FL-2010-000150-MEX,FL_2010_000150_MEX,2.6751316e-06,9.61501144749298e-05,721.0,2.678816354269972e-06
FL-2006-000158-PRK,FL_2006_000158_PRK,2.6285798e-06,0.0002035730345811,473.0,2.634078920920502e-06
FF-2011-000071-GEO,FF_2011_000071_GEO,2.576009e-06,4.461925602287903e-05,916.0,2.578805969598263e-06
FL-2015-000040-SOM,FL_2015_000040_SOM,2.5602176e-06,0.0006983499581897,168.0,2.57501654566474e-06
FL-2008-000213-PER,FL_2008_000213_PER,2.5211339e-06,0.0001299251885394,620.0,2.52516771424e-06
FF-2020-000138-TJK,FF_2020_000138_TJK,2.482167e-06,2.078119768543052e-05,1041.0,2.4845400086042064e-06
FL-2015-000093-GUY,FL_2015_000093_GUY,2.4175906e-06,7.792998337008732e-05,780.0,2.420670333248408e-06
FL-1999-000371-IND,FL_1999_000371_IND,2.3689586e-06,0.000177284718719,529.0,2.3733948520599246e-06
OT-2004-000112-COL,OT_2004_000112_COL,2.3623743e-06,1.762683001769793e-05,1063.0,2.3645862609550562e-06
FL-1997-000142-CZE,FL_1997_000142_CZE,2.2872248e-06,3.184120288229462e-05,976.0,2.2895563237512743e-06
FL-2017-000139-ETH,FL_2017_000139_ETH,2.197694e-06,0.000146962295061,579.0,2.201457174657534e-06
FL-2016-000044-CHN,FL_2016_000044_CHN,2.1745732e-06,8.937743599874524e-05,738.0,2.177499947240915e-06
FL-2009-000245-SRB,FL_2009_000245_SRB,2.1306985e-06,2.2211267566611308e-05,1026.0,2.132765132880698e-06
FL-2002-000321-HTI,FL_2002_000321_HTI,2.1076096e-06,0.0003207062355408,339.0,2.1137363720930233e-06
FL-2019-000030-IRQ,FL_2019_000030_IRQ,2.0785264e-06,0.0007698379544029,156.0,2.091436501863354e-06
FL-2007-000052-LKA,FL_2007_000052_LKA,2.08221e-06,8.957711925350041e-06,1137.0,2.0840333012259196e-06
FL-2006-000018-IRQ,FL_2006_000018_IRQ,1.9560005e-06,0.0017053696054205,56.0,1.988066081967213e-06
FF-2009-000196-IDN,FF_2009_000196_IDN,1.9524593e-06,0.0001823047503845,516.0,1.9562068226487527e-06
FL-2009-000190-TUR,FL_2009_000190_TUR,1.92283e-06,0.0002786882162643,382.0,1.9277985529715763e-06
FL-2010-000036-CYP,FL_2010_000036_CYP,1.916884e-06,0.0002878363609173,371.0,1.9219820957446804e-06
FL-1997-000022-BOL,FL_1997_000022_BOL,1.918013e-06,8.164289940480924e-05,768.0,1.920494258732212e-06
FL-2020-000237-LKA,FL_2020_000237_LKA,1.9019956e-06,0.0001870295810316,505.0,1.905725003137255e-06
FL-2020-000195-CMR,FL_2020_000195_CMR,1.8927246e-06,0.0002852579539539,375.0,1.8977054542105262e-06
FL-2013-000119-MRT,FL_2013_000119_MRT,1.8411374e-06,0.0010615620455111,105.0,1.8578750127272727e-06
FL-1998-000179-RUS,FL_1998_000179_RUS,1.8497916e-06,0.0003993724545847,288.0,1.856104881911263e-06
FF-2021-000198-COG,FF_2021_000198_COG,1.8301545e-06,0.0003710476009961,307.0,1.8360203798076923e-06
FL-2007-000012-BOL,FL_2007_000012_BOL,1.7994503e-06,0.0001469195949896,580.0,1.8025262834188034e-06
FL-2003-000331-CHN,FL_2003_000331_CHN,1.7937249e-06,1.165856156667732e-05,1110.0,1.7953336218834082e-06
FL-2009-000192-MEX,FL_2009_000192_MEX,1.7867756e-06,0.0005424436599839,216.0,1.7948605574660633e-06
FL-2006-000029-NAM,FL_2006_000029_NAM,1.7631935e-06,0.0007852481774146,152.0,1.7744240318471339e-06
FL-2004-000052-JPN,FL_2004_000052_JPN,1.7712903e-06,1.2882710787616267e-06,1209.0,1.7727493529654038e-06
FL-2015-000092-BRA,FL_2015_000092_BRA,1.746573e-06,0.0010129946344762,111.0,1.7616296637931033e-06
FL-2002-000373-GHA,FL_2002_000373_GHA,1.7499548e-06,3.372845294742596e-06,1184.0,1.7514265870479394e-06
FL-2007-000009-PER,FL_2007_000009_PER,1.7300964e-06,0.0001044154366734,695.0,1.7325679662857142e-06
FF-2017-000122-CMR,FF_2017_000122_CMR,1.7015533e-06,0.000199145750333,480.0,1.7050616573195876e-06
FL-2002-000510-MEX,FL_2002_000510_MEX,1.6886868e-06,0.0005281741842881,222.0,1.6961259488986785e-06
FL-2008-000166-GTM,FL_2008_000166_GTM,1.6734675e-06,0.0001254773141436,629.0,1.6761070386435331e-06
FL-2021-000161-IND,FL_2021_000161_IND,1.6707793e-06,1.083878846673194e-05,1117.0,1.672268408110517e-06
FL-2019-000067-UGA,FL_2019_000067_UGA,1.5675832e-06,0.0009254865314139,132.0,1.5790254131386864e-06
FL-2004-000094-CHN,FL_2004_000094_CHN,1.5469712e-06,0.0001550501099221,568.0,1.54967097521815e-06
FL-2021-000019-PER,FL_2021_000019_PER,1.5344854e-06,4.4996429190084616e-05,914.0,1.5361551338411317e-06
FL-1998-000193-ROM,FL_1998_000193_ROM,1.5336985e-06,3.094411991685412e-06,1186.0,1.5349862401343409e-06
FL-2011-000198-PER,FL_2011_000198_PER,1.5301296e-06,8.152868278000972e-05,769.0,1.532106511627907e-06
FL-2003-000204-KEN,FL_2003_000204_KEN,1.5265075e-06,0.0001157709220486,661.0,1.5287995533033033e-06
FL-2007-000149-CMR,FL_2007_000149_CMR,1.4991184e-06,6.153734782294353e-05,841.0,1.500890407565012e-06
FL-2013-000159-VCT,FL_2013_000159_VCT,1.4803956e-06,1.4791207270411376e-05,1085.0,1.4817537611009174e-06
FL-2000-000302-CHN,FL_2000_000302_CHN,1.4342348e-06,3.414640141376212e-05,960.0,1.4357210536787566e-06
FL-2011-000183-TZA,FL_2011_000183_TZA,1.3778262e-06,0.0001422638803585,598.0,1.380111152238806e-06
FL-2001-000227-RUS,FL_2001_000227_RUS,1.373761e-06,0.0001451645529969,588.0,1.376077629005059e-06
FL-2019-000062-SSD,FL_2019_000062_SSD,1.3542611e-06,0.0003558665844092,317.0,1.3584668798136645e-06
FF-2014-000015-ZWE,FF_2014_000015_ZWE,1.3540522e-06,2.005918674727256e-05,1046.0,1.3553405465271172e-06
FL-2013-000068-CZE,FL_2013_000068_CZE,1.3393808e-06,3.1201229572669417e-06,1185.0,1.3405063300840337e-06
FL-2018-000060-LKA,FL_2018_000060_LKA,1.3292323e-06,0.0001164669075416,658.0,1.3312371752639517e-06
FL-2009-000121-CZE,FL_2009_000121_CZE,1.2803214e-06,4.310855582420126e-05,928.0,1.2816936630225081e-06
FL-2015-000151-BLZ,FL_2015_000151_BLZ,1.2340029e-06,1.3251470078671415e-05,1097.0,1.235122684845735e-06
FL-2005-000017-VEN,FL_2005_000017_VEN,1.2322753e-06,8.744814972808209e-05,748.0,1.2339117877822045e-06
FL-2015-000123-NER,FL_2015_000123_NER,1.1333228e-06,0.0056298346218563,14.0,1.1929713684210524e-06
FL-2002-000225-ETH,FL_2002_000225_ETH,1.1866967e-06,0.0001897687201863,502.0,1.1890373246548325e-06
FL-2010-000136-YEM,FL_2010_000136_YEM,1.18115e-06,0.0003644361882351,312.0,1.1848760252365929e-06
FL-2010-000120-BRA,FL_2010_000120_BRA,1.1810545e-06,1.800373864024814e-05,1057.0,1.182166604048964e-06
FL-2006-000169-SOM,FL_2006_000169_SOM,1.1580266e-06,0.0011035831419134,100.0,1.1690554247619047e-06
FL-2003-000212-AZE,FL_2003_000212_AZE,1.1168122e-06,5.335386387295513e-05,881.0,1.1180727103837473e-06
FL-1997-000255-KEN,FL_1997_000255_KEN,1.1082009e-06,0.0001060105320112,690.0,1.1097954336690646e-06
FL-2001-000485-KHM,FL_2001_000485_KHM,1.1019263e-06,6.446031376800798e-05,825.0,1.1032539220481928e-06
FL-2002-000734-MAR,FL_2002_000734_MAR,1.0758318e-06,6.69966590911419e-05,819.0,1.0771374211165049e-06
FL-2011-000118-GTM,FL_2011_000118_GTM,1.0609384e-06,0.0007597576002068,160.0,1.0673683296969698e-06
FL-1999-000161-LKA,FL_1999_000161_LKA,1.0648475e-06,4.287795395902883e-07,1216.0,1.065719610974611e-06
FL-2017-000064-IND,FL_2017_000064_IND,1.0402432e-06,0.0002569801946571,405.0,1.0427803785365854e-06
FL-2016-000045-ETH,FL_2016_000045_ETH,1.01145e-06,1.90848401717334e-05,1051.0,1.0124078125000002e-06
FL-2020-000164-IND,FL_2020_000164_IND,1.0098586e-06,9.28950295941356e-05,727.0,1.0112381882513661e-06
FL-2008-000054-THA,FL_2008_000054_THA,1.0083962e-06,3.1439946903232895e-05,982.0,1.0094178780141843e-06
FL-2019-000015-PER,FL_2019_000015_PER,9.667584e-07,2.3098234398188715e-06,1203.0,9.675586966887417e-07
FL-1997-000337-IND,FL_1997_000337_IND,9.652638e-07,4.999505540923549e-05,892.0,9.663399023411373e-07
FL-2014-000008-BOL,FL_2014_000008_BOL,9.575181e-07,0.0001760096639805,531.0,9.593045143656717e-07
FL-2007-000206-COG,FL_2007_000206_COG,9.524769e-07,0.0004323676455984,271.0,9.559279032608696e-07
FL-2002-000077-PER,FL_2002_000077_PER,9.5090957e-07,6.085478421675828e-05,844.0,9.520296048292108e-07
FL-2003-000316-IND,FL_2003_000316_IND,9.2705466e-07,9.110490585286182e-05,730.0,9.28315958857143e-07
FL-2009-000164-SEN,FL_2009_000164_SEN,9.196136e-07,9.736552697241868e-05,716.0,9.208890696255202e-07
FL-2010-000089-AZE,FL_2010_000089_AZE,9.1597786e-07,4.4399292166660805e-05,921.0,9.169670369546438e-07
FL-2003-000578-COL,FL_2003_000578_COL,8.542584e-07,1.1244010528972308e-05,1112.0,8.550231792300805e-07
FL-2007-000139-KEN,FL_2007_000139_KEN,8.389451e-07,0.000178332184426,524.0,8.405310075614367e-07
FL-2008-000185-SOM,FL_2008_000185_SOM,8.17124e-07,8.498127400670097e-05,755.0,8.181991631578947e-07
FL-2022-000349-CMR,FL_2022_000349_CMR,8.1209475e-07,9.396588658579303e-05,725.0,8.132072085616439e-07
FL-2013-000054-CHN,FL_2013_000054_CHN,8.1010444e-07,1.7117793299318057e-05,1069.0,8.10858727188082e-07
FL-2000-000444-IND,FL_2000_000444_IND,8.068899e-07,0.0003170850695615,340.0,8.092287113043478e-07
FF-2018-000118-LAO,FF_2018_000118_LAO,7.9247957e-07,0.0002367742690235,432.0,7.942930243935928e-07
FL-2013-000076-PRY,FL_2013_000076_PRY,7.9139386e-07,4.388995050693096e-05,923.0,7.922466551077586e-07
LS-2015-000135-LKA,LS_2015_000135_LKA,7.8530667e-07,4.63499555197342e-05,905.0,7.861696443626373e-07
FL-2005-000100-KGZ,FL_2005_000100_KGZ,7.7546156e-07,5.9853417170566095e-06,1160.0,7.761271922403434e-07
FL-2020-000212-KHM,FL_2020_000212_KHM,7.6881656e-07,2.959835901863948e-05,996.0,7.695846085114885e-07
FL-2007-000145-ETH,FL_2007_000145_ETH,7.674319e-07,3.561819695948336e-05,956.0,7.682304763787721e-07
FL-2006-000070-IND,FL_2006_000070_IND,7.4798163e-07,0.0008059087393082,146.0,7.529351507284769e-07
FL-2002-000265-KEN,FL_2002_000265_KEN,7.4194446e-07,0.0007386973232756,163.0,7.463607960714285e-07
FL-2006-000121-MKD,FL_2006_000121_MKD,7.397388e-07,0.0001018436871727,699.0,7.407895653409092e-07
FL-1999-000391-MEX,FL_1999_000391_MEX,7.392999e-07,0.0001132985610442,667.0,7.404000486607144e-07
FF-2008-000199-LKA,FF_2008_000199_LKA,7.366142e-07,6.460832936224197e-06,1159.0,7.372470300687285e-07
FL-2016-000089-SEN,FL_2016_000089_SEN,7.104135e-07,7.529835962605367e-06,1152.0,7.110275133967155e-07
FF-2012-000102-PHL,FF_2012_000102_PHL,7.099968e-07,3.076806846424708e-05,986.0,7.107132448032291e-07
FL-2005-000051-AGO,FL_2005_000051_AGO,6.975671e-07,0.0003408838161641,327.0,6.996682057228916e-07
FL-2003-000482-MEX,FL_2003_000482_MEX,6.7170544e-07,0.0006338437140899,180.0,6.753362802162162e-07
FL-2008-000076-COL,FL_2008_000076_COL,6.589279e-07,3.930609849461343e-05,941.0,6.596244411205074e-07
FF-2013-000084-GEO,FF_2013_000084_GEO,6.4493696e-07,0.0015255716123816,64.0,6.542838724637682e-07
FL-2006-000047-COD,FL_2006_000047_COD,6.422752e-07,0.0001721101221203,534.0,6.434668051948051e-07
FL-2019-000084-IND,FL_2019_000084_IND,6.289561e-07,0.000210262044625,460.0,6.30308693763441e-07
FL-2006-000133-NER,FL_2006_000133_NER,6.175211e-07,0.000400666037437,287.0,6.196358982876712e-07
FL-2001-000696-BRA,FL_2001_000696_BRA,6.139261e-07,0.0005118113706379,233.0,6.165056214285714e-07
FF-2012-000081-ETH,FF_2012_000081_ETH,5.891464e-07,0.0010399029705634,109.0,5.94314350877193e-07
FL-1997-000301-UGA,FL_1997_000301_UGA,5.75598e-07,0.0020032659004372,42.0,5.878447659574467e-07
FL-2019-000052-SRB,FL_2019_000052_SRB,5.747989e-07,1.2221956745580017e-06,1210.0,5.752719855144034e-07
FL-2009-000218-KEN,FL_2009_000218_KEN,5.6211746e-07,0.0008502197498063,140.0,5.65994132137931e-07
FL-2013-000055-UGA,FL_2013_000055_UGA,5.642206e-07,4.830419271126648e-05,898.0,5.648454290143964e-07
FL-2018-000043-TZA,FL_2018_000043_TZA,5.467012e-07,0.0005511807566702,213.0,5.492090036697248e-07
FL-2001-000390-POL,FL_2001_000390_POL,5.427909e-07,5.803230001990176e-05,856.0,5.434213191637631e-07
FF-2012-000120-GEO,FF_2012_000120_GEO,5.4010616e-07,4.327860482771165e-05,925.0,5.406869193118279e-07
FL-2016-000061-RUS,FL_2016_000061_RUS,5.231615e-07,0.0018388649992034,49.0,5.32849675925926e-07
FL-2021-000173-IDN,FL_2021_000173_IDN,5.2133475e-07,0.0001995029230212,479.0,5.224118879132232e-07
FL-2011-000124-ETH,FL_2011_000124_ETH,5.1404515e-07,3.662275744366717e-05,951.0,5.145828541317991e-07
FL-2010-000076-COL,FL_2010_000076_COL,5.1248134e-07,4.885213338135323e-06,1172.0,5.129167532030587e-07
FF-2006-000069-IDN,FF_2006_000069_IDN,5.073776e-07,0.0002655387291646,396.0,5.086428807980049e-07
FL-2001-000146-AGO,FL_2001_000146_AGO,5.034822e-07,0.0009680181070529,120.0,5.075100576000001e-07
FF-2020-000204-TUN,FF_2020_000204_TUN,5.0646247e-07,9.361844880587014e-05,726.0,5.071553051162791e-07
FL-2018-000058-COL,FL_2018_000058_COL,4.796558e-07,0.0006216214182326,182.0,4.822208042780749e-07
FL-2020-000132-UGA,FL_2020_000132_UGA,4.8111553e-07,3.4071027076768195e-05,962.0,4.816130641571872e-07
FL-2010-000118-GHA,FL_2010_000118_GHA,4.5579884e-07,0.0008845111620557,135.0,4.59054546e-07
FL-2014-000121-CMR,FL_2014_000121_CMR,4.5636202e-07,0.0001165384658246,656.0,4.5705243152798794e-07
FL-2019-000011-IDN,FL_2019_000011_IDN,4.3567613e-07,1.5996507794902034e-05,1079.0,4.360780452490774e-07
FL-2005-000117-GTM,FL_2005_000117_GTM,4.254021e-07,0.0006033381675095,189.0,4.275948943298969e-07
FL-2007-000122-VNM,FL_2007_000122_VNM,4.222211e-07,3.40975983475357e-05,961.0,4.2265818188405794e-07
FL-2017-000002-MYS,FL_2017_000002_MYS,4.1273296e-07,4.5726746525111614e-05,909.0,4.1318452778993436e-07
FL-2000-000735-VEN,FL_2000_000735_VEN,4.0820606e-07,0.0010064701185686,113.0,4.116654333898305e-07
LS-2022-000283-LKA,LS_2022_000283_LKA,4.0434736e-07,0.0001147029548962,665.0,4.049508635223881e-07
FL-2014-000168-MYS,FL_2014_000168_MYS,3.9892893e-07,0.0004738601235887,249.0,4.004995163385827e-07
FL-2001-000025-MWI,FL_2001_000025_MWI,3.978286e-07,0.0003346897972182,332.0,3.990091002967359e-07
FL-2011-000181-VEN,FL_2011_000181_VEN,3.9304857e-07,0.0001389457187071,605.0,3.936929119180328e-07
FL-2014-000089-IND,FL_2014_000089_IND,3.8215762e-07,0.0025950602678221,30.0,3.930764091428571e-07
FL-2010-000019-MEX,FL_2010_000019_MEX,3.7725144e-07,0.0023162421448895,35.0,3.8668272599999995e-07
FL-2005-000104-IND,FL_2005_000104_IND,3.8271472e-07,0.0002543964441475,406.0,3.8364589936739665e-07
FL-2013-000125-BFA,FL_2013_000125_BFA,3.711025e-07,0.0003790087118822,300.0,3.723192295081967e-07
FL-2021-000126-MYS,FL_2021_000126_MYS,3.688862e-07,0.0001649776048923,549.0,3.69552059566787e-07
FF-2012-000079-GEO,FF_2012_000079_GEO,3.647206e-07,0.0001204823755219,644.0,3.6528257318952237e-07
FL-2000-000806-FJI,FL_2000_000806_FJI,3.5983015e-07,7.442359255922731e-07,1213.0,3.601255770525451e-07
FL-2001-000407-IDN,FL_2001_000407_IDN,3.3698853e-07,0.0006912418847716,170.0,3.389141787428572e-07
FL-2019-000160-COG,FL_2019_000160_COG,3.3571087e-07,0.0009465528665932,124.0,3.3831327984496126e-07
FL-2012-000042-COL,FL_2012_000042_COL,3.3384865e-07,5.408273181809167e-06,1167.0,3.3413350379692834e-07
FL-1998-000040-URY,FL_1998_000040_URY,3.273229e-07,1.7151156513968075e-05,1068.0,3.2762795396085736e-07
FF-2007-000113-GMB,FF_2007_000113_GMB,3.264532e-07,4.607794313976588e-05,908.0,3.2681076100766703e-07
FL-2015-000056-COL,FL_2015_000056_COL,3.1615068e-07,0.0001401530153002,602.0,3.1667152131795716e-07
FL-2018-000414-IRQ,FL_2018_000414_IRQ,3.1431512e-07,0.0007863309782886,150.0,3.1634295948387093e-07
FL-1998-000213-KGZ,FL_1998_000213_KGZ,3.1091065e-07,1.3551275787883822e-05,1094.0,3.111935532302093e-07
FL-2016-000050-LKA,FL_2016_000050_LKA,3.046248e-07,2.672804304507171e-06,1193.0,3.048790777963272e-07
FL-2011-000045-GTM,FL_2011_000045_GTM,3.0410598e-07,4.83176718223473e-05,897.0,3.044431263192905e-07
FL-2013-000028-NAM,FL_2013_000028_NAM,3.0023267e-07,0.000193295203971,495.0,3.0083313534e-07
FL-2013-000081-PRK,FL_2013_000081_PRK,2.971772e-07,0.0012171706634745,87.0,3.0040738695652177e-07
FL-2010-000092-LKA,FL_2010_000092_LKA,2.8752712e-07,0.0003036494659745,355.0,2.8832580644444446e-07
FL-2021-000129-VEN,FL_2021_000129_VEN,2.8143964e-07,0.0013316069839288,78.0,2.848304790361445e-07
FL-2001-000019-MOZ,FL_2001_000019_MOZ,2.6983585e-07,8.84352016727488e-05,740.0,2.701980457718121e-07
FL-2013-000004-KEN,FL_2013_000004_KEN,2.680566e-07,2.8038453205367743e-05,1002.0,2.683227932472691e-07
FL-2008-000154-MEX,FL_2008_000154_MEX,2.6183673e-07,0.0002404998358089,425.0,2.62445652627907e-07
FL-2006-000009-GUY,FL_2006_000009_GUY,2.6017108e-07,0.0002169574711821,454.0,2.6073790152505444e-07
FL-2007-000194-GTM,FL_2007_000194_GTM,2.476978e-07,3.022376895086604e-05,992.0,2.479462431293881e-07
FL-2019-000033-PRY,FL_2019_000033_PRY,2.4388555e-07,5.946947465134312e-05,849.0,2.441711302693208e-07
FF-2005-000072-TJK,FF_2005_000072_TJK,2.418965e-07,3.628674657434978e-05,953.0,2.42149001565762e-07
FL-2019-000047-GEO,FL_2019_000047_GEO,2.3974354e-07,0.0008780414481296,136.0,2.4144384879432617e-07
FL-2019-000163-UGA,FL_2019_000163_UGA,2.345257e-07,0.000398679426626,290.0,2.3532070237288134e-07
FL-2007-000161-UGA,FL_2007_000161_UGA,2.3278062e-07,0.0005248027206672,228.0,2.3377967845493564e-07
FL-2006-000192-IDN,FL_2006_000192_IDN,2.3244152e-07,0.0005699244466906,205.0,2.3354838438095236e-07
FF-2013-000113-ROM,FF_2013_000113_ROM,2.3098042e-07,7.809263461885471e-05,779.0,2.3127503788265305e-07
FL-2011-000063-HTI,FL_2011_000063_HTI,2.2332624e-07,0.0018706463983787,47.0,2.2762097538461536e-07
FF-2016-000079-MKD,FF_2016_000079_MKD,2.2576265e-07,8.381005851440707e-06,1145.0,2.259589653478261e-07
FL-2011-000005-HND,FL_2011_000005_HND,2.2543739e-07,1.492227240357993e-05,1083.0,2.256445934834559e-07
FL-1992-000008-PAK,FL_1992_000008_PAK,2.2447341e-07,3.148411795950299e-05,981.0,2.247010706592292e-07
FL-2011-000102-BRA,FL_2011_000102_BRA,2.2182942e-07,0.0002647690239988,398.0,2.223798652109181e-07
FF-2010-000094-HUN,FF_2010_000094_HUN,2.1514423e-07,0.0001068974055622,688.0,2.1545468343434342e-07
FF-2018-000158-TUN,FF_2018_000158_TUN,2.0981136e-07,0.0003477172620163,320.0,2.104569334153846e-07
FL-2014-000152-ETH,FL_2014_000152_ETH,2.0874276e-07,0.0001079299745895,682.0,2.090466068122271e-07
FL-2005-000132-MKD,FL_2005_000132_MKD,2.0834221e-07,0.0001489435545259,574.0,2.0870204110535407e-07
FL-2015-000039-KAZ,FL_2015_000039_KAZ,2.0657897e-07,1.7923969793781018e-05,1058.0,2.0677330581373472e-07
FL-2009-000217-IND,FL_2009_000217_IND,2.0634774e-07,0.000138893058319,607.0,2.0668490950980392e-07
FL-2021-000038-KEN,FL_2021_000038_KEN,2.0367872e-07,0.0001475346646368,576.0,2.0402928578313255e-07
FL-2009-000044-BIH,FL_2009_000044_BIH,2.0357986e-07,9.636044468361582e-06,1131.0,2.0375906762323943e-07
FL-2013-000024-MKD,FL_2013_000024_MKD,2.0114057e-07,6.953111846856591e-05,812.0,2.0138676408812729e-07
FL-2018-000034-BLR,FL_2018_000034_BLR,1.9099366e-07,3.7863339519448895e-06,1178.0,1.9115510857142858e-07
FL-1998-000048-PAK,FL_1998_000048_PAK,1.7997625e-07,5.08534074661755e-05,888.0,1.8017779115341545e-07
FL-1998-000247-IRN,FL_1998_000247_IRN,1.6210747e-07,0.0088211459042333,5.0,1.7831821700000002e-07
FL-2003-000196-ARG,FL_2003_000196_ARG,1.7203966e-07,0.0002470871552145,415.0,1.7244927823809526e-07
FL-2020-000126-ETH,FL_2020_000126_ETH,1.716735e-07,5.639746557347772e-05,862.0,1.71871508650519e-07
FL-2014-000004-COL,FL_2014_000004_COL,1.7162291e-07,3.3112171936273254e-05,967.0,1.717994767798354e-07
FL-2009-000117-GTM,FL_2009_000117_GTM,1.6910526e-07,0.0002739323505452,386.0,1.6953775427109972e-07
FL-2010-000179-ETH,FL_2010_000179_ETH,1.6785503e-07,2.3399815885894385e-05,1022.0,1.6801847209347613e-07
FF-2013-000100-RUS,FF_2013_000100_RUS,1.6497489e-07,3.992874899960012e-05,937.0,1.6515002257961786e-07
FL-2014-000155-HTI,FL_2014_000155_HTI,1.6333709e-07,0.0007190675025091,165.0,1.642978964117647e-07
FL-2010-000051-KAZ,FL_2010_000051_KAZ,1.5887669e-07,0.0003008277211727,360.0,1.5931196860273973e-07
FL-2007-000076-KEN,FL_2007_000076_KEN,1.5792446e-07,0.0009373029131025,128.0,1.5911186195488724e-07
FF-2008-000072-CHN,FF_2008_000072_CHN,1.5668853e-07,0.000204871619857,469.0,1.5701909651898735e-07
FF-2015-000115-MKD,FF_2015_000115_MKD,1.5630337e-07,3.28910203115944e-05,969.0,1.5646384573921975e-07
FL-2005-000176-BGD,FL_2005_000176_BGD,1.5605808e-07,0.0001700472255414,538.0,1.5634547977900554e-07
FL-2012-000183-COL,FL_2012_000183_COL,1.5518273e-07,1.539635343082099e-05,1081.0,1.553256238581952e-07
FL-2013-000052-SOM,FL_2013_000052_SOM,1.524911e-07,0.0017328710044336,54.0,1.5507569491525423e-07
FL-2007-000132-BFA,FL_2007_000132_BFA,1.5009498e-07,0.000145979941809,584.0,1.503498101867572e-07
FL-2016-000124-COD,FL_2016_000124_COD,1.4759588e-07,0.0002638010971482,400.0,1.4796031427160494e-07
FL-2017-000075-CHN,FL_2017_000075_CHN,1.4372063e-07,0.0008311131400419,143.0,1.4469171533783785e-07
FL-1997-000025-MWI,FL_1997_000025_MWI,1.4140726e-07,0.0004191470664131,277.0,1.4190870418439716e-07
FL-1993-000013-PHL,FL_1993_000013_PHL,1.4089856e-07,0.0001776926980079,528.0,1.4116291001876172e-07
FF-2018-000042-ETH,FF_2018_000042_ETH,1.3615673e-07,0.0003862552883814,295.0,1.3661058576666668e-07
FL-2014-000070-LKA,FL_2014_000070_LKA,1.3504926e-07,3.2784193841094e-05,971.0,1.3518763014344263e-07
FL-2014-000150-SOM,FL_2014_000150_SOM,1.3226756e-07,0.00093658611965,129.0,1.3325463134328358e-07
FL-2011-000051-RWA,FL_2011_000051_RWA,1.3113842e-07,9.274313076063816e-05,728.0,1.313173264392906e-07
FL-2013-000070-IND,FL_2013_000070_IND,1.2989749e-07,6.396567440485844e-05,827.0,1.300536167908654e-07
FL-2005-000209-THA,FL_2005_000209_THA,1.2978683e-07,0.0001120354324183,668.0,1.2997967818722139e-07
FL-2010-000067-BRA,FL_2010_000067_BRA,1.2495983e-07,2.638963644605816e-05,1008.0,1.250831861994077e-07
ST-2012-000064-COD,ST_2012_000064_COD,1.243647e-07,4.158276088247814e-05,933.0,1.2449728496801708e-07
FL-2018-000154-GHA,FL_2018_000154_GHA,1.2351886e-07,7.825385971325413e-07,1212.0,1.2362035454396057e-07
FL-2009-000095-TJK,FL_2009_000095_TJK,1.2221066e-07,0.0001449094863028,590.0,1.2241605606722688e-07
FL-2018-000112-GEO,FL_2018_000112_GEO,1.2098347e-07,3.8707526362641286e-05,944.0,1.2111095521601685e-07
FL-2004-000021-COL,FL_2004_000021_COL,1.2055693e-07,7.345563857014501e-05,800.0,1.2070669016149068e-07
FL-2018-000360-RUS,FL_2018_000360_RUS,1.2004628e-07,0.0003487976827594,319.0,1.2041679320987656e-07
FL-2008-000217-KEN,FL_2008_000217_KEN,1.1932835e-07,0.000144465800029,593.0,1.1952789573578597e-07
FL-2009-000122-IND,FL_2009_000122_IND,1.1791495e-07,0.0001311383193268,618.0,1.1810421958266454e-07
FL-2012-000037-PSE,FL_2012_000037_PSE,1.1744589e-07,2.514554783296714e-06,1199.0,1.1754343642026579e-07
FL-2010-000042-SRB,FL_2010_000042_SRB,1.1658598e-07,0.0005647268746857,208.0,1.1713333201877935e-07
FL-2012-000172-MLI,FL_2012_000172_MLI,1.0872516e-07,0.0073491539533268,9.0,1.1649124285714285e-07
FF-2012-000101-GAB,FF_2012_000101_GAB,1.1605313e-07,5.398211644139034e-05,877.0,1.1618470951247164e-07
FL-2012-000075-VEN,FL_2012_000075_VEN,1.11854995e-07,0.0005916966137733,195.0,1.1241426997499998e-07
ST-1998-000296-PHL,ST_1998_000296_PHL,1.1084367e-07,4.002873810973428e-05,936.0,1.1096146348565356e-07
FL-2019-000153-COD,FL_2019_000153_COD,1.08944704e-07,0.0001796727873505,522.0,1.0915143019354839e-07
FF-2009-000229-SOM,FF_2009_000229_SOM,1.05738366e-07,5.3170073111572685e-05,884.0,1.0585730679415073e-07
FL-2009-000176-MLI,FL_2009_000176_MLI,1.0412324e-07,0.0003991058980184,289.0,1.0447740068027209e-07
FL-2021-000066-GUY,FL_2021_000066_GUY,1.02111336e-07,0.0003255467862106,336.0,1.0241078273313782e-07
FL-2020-000125-TZA,FL_2020_000125_TZA,1.006268e-07,0.0006004880676058,191.0,1.0114020204081632e-07
FL-2004-000116-CAF,FL_2004_000116_CAF,9.805441e-08,0.0027177789767602,28.0,1.0102575575757576e-07
FL-1997-000270-ETH,FL_1997_000270_ETH,1.0048033e-07,0.000129173784814,621.0,1.0064084170926517e-07
FF-2008-000141-ETH,FF_2008_000141_ETH,9.9993386e-08,0.0001008717441803,705.0,1.0013422175492957e-07
FL-2011-000032-THA,FL_2011_000032_THA,9.666947e-08,0.0003078467823269,351.0,9.694101345505618e-08
FL-2007-000197-COD,FL_2007_000197_COD,9.506815e-08,3.162312960304438e-05,979.0,9.516476397357724e-08
FL-2002-000808-MWI,FL_2002_000808_MWI,9.4058315e-08,0.0012158569641433,88.0,9.506969473118279e-08
FL-2003-000027-TUN,FL_2003_000027_TUN,9.222658e-08,0.0003112317319848,346.0,9.248933378917379e-08
FL-2020-000242-COL,FL_2020_000242_COL,9.145503e-08,0.0001960551328944,490.0,9.163978763636364e-08
FL-2013-000141-SOM,FL_2013_000141_SOM,8.737933e-08,9.427017774332404e-05,724.0,8.749919190672153e-08
FL-2007-000125-PHL,FL_2007_000125_PHL,8.495515e-08,0.000247055919879,416.0,8.515694370546319e-08
FL-1999-000253-PHL,FL_1999_000253_PHL,8.420416e-08,0.0001263920591658,627.0,8.433739443037975e-08
FL-2011-000133-MEX,FL_2011_000133_MEX,8.39178e-08,0.0001947163019021,493.0,8.408630963855422e-08
FL-2012-000063-RUS,FL_2012_000063_RUS,8.127091e-08,1.7915555963869333e-05,1059.0,8.134729243421054e-08
FL-2014-000123-SSD,FL_2014_000123_SSD,8.0418715e-08,0.0004665848619427,252.0,8.073162828793774e-08
FL-2019-000171-LKA,FL_2019_000171_LKA,7.9113136e-08,6.547847138065278e-07,1215.0,7.91779828327869e-08
FL-2008-000230-CUB,FL_2008_000230_CUB,7.7921364e-08,2.584804238319033e-06,1197.0,7.798619042595673e-08
FL-2015-000169-KEN,FL_2015_000169_KEN,7.5887e-08,0.000605975380902,188.0,7.62801968911917e-08
FL-2018-000194-TTO,FL_2018_000194_TTO,7.584533e-08,9.57384448152857e-05,722.0,7.594965645116919e-08
FL-2003-000585-MKD,FL_2003_000585_MKD,7.3186925e-08,3.789617813530752e-05,947.0,7.326380202205883e-08
FL-2010-000195-MLI,FL_2010_000195_MLI,7.229076e-08,6.6148509554831e-05,821.0,7.237827907990314e-08
FL-2007-000221-KEN,FL_2007_000221_KEN,7.222835e-08,7.818866588997568e-05,778.0,7.232059565772668e-08
FL-2003-000020-MOZ,FL_2003_000020_MOZ,6.959347e-08,0.0005880404654931,196.0,6.993970616915424e-08
FL-2006-000155-LKA,FL_2006_000155_LKA,6.890703e-08,3.613533706017094e-06,1180.0,6.896517939240507e-08
FL-2012-000067-RWA,FL_2012_000067_RWA,6.802583e-08,0.0012594820129187,82.0,6.880773609195403e-08
FL-2016-000091-NER,FL_2016_000091_NER,6.736691e-08,0.0013231670069035,79.0,6.816889702380952e-08
FF-2009-000246-LKA,FF_2009_000246_LKA,6.8046106e-08,1.0898810671732722e-05,1115.0,6.810686145178572e-08
FL-2008-000117-ROM,FL_2008_000117_ROM,6.507133e-08,0.0001859746467344,506.0,6.519867115459881e-08
FL-2009-000007-ZWE,FL_2009_000007_ZWE,6.423747e-08,3.2865067644427e-05,970.0,6.43033545846154e-08
FL-1999-000031-LKA,FL_1999_000031_LKA,6.403041e-08,8.961748738064293e-05,737.0,6.411670435309974e-08
FL-1997-000199-BEN,FL_1997_000199_BEN,6.153356e-08,0.0018091195637138,51.0,6.263237357142857e-08
FL-2015-000161-ETH,FL_2015_000161_ETH,6.125877e-08,0.0008507077651683,139.0,6.168417812500001e-08
FL-1995-000012-PHL,FL_1995_000012_PHL,6.1453015e-08,8.395814014207234e-05,760.0,6.15333457385621e-08
FL-2011-000123-RUS,FL_2011_000123_RUS,6.0795465e-08,0.0011792217139016,94.0,6.140956060606061e-08
FL-2008-000205-IDN,FL_2008_000205_IDN,6.115361e-08,0.0003149285286796,341.0,6.133035453757225e-08
FL-2019-000020-COL,FL_2019_000020_COL,5.866266e-08,1.0415992548616457e-05,1121.0,5.871475827708703e-08
FL-2006-000085-UKR,FL_2006_000085_UKR,5.839172e-08,1.7482022822818074e-05,1064.0,5.8446342750233866e-08
FL-2002-000026-SEN,FL_2002_000026_SEN,5.7897036e-08,4.726744029049253e-05,903.0,5.79607992555066e-08
FL-2016-000042-KEN,FL_2016_000042_KEN,5.7556118e-08,0.0005767746185481,201.0,5.783551663106796e-08
FL-2018-000065-TJK,FL_2018_000065_TJK,5.7507254e-08,7.391273248122577e-05,796.0,5.757904832459426e-08
FL-1997-000026-MOZ,FL_1997_000026_MOZ,5.6822845e-08,0.000296889859083,365.0,5.697642025675675e-08
FL-2018-000004-COD,FL_2018_000004_COD,5.59866e-08,8.964468987498867e-06,1136.0,5.6035668010517085e-08
FL-2011-000042-COL,FL_2011_000042_COL,5.506249e-08,6.529834376305524e-05,823.0,5.512899059178744e-08
FL-2000-000048-BWA,FL_2000_000048_BWA,5.5016912e-08,1.1452125417780289e-05,1111.0,5.5066210308243726e-08
FL-2020-000038-EGY,FL_2020_000038_EGY,5.2288968e-08,5.578039649477318e-05,866.0,5.234900125832377e-08
FL-2008-000198-BLZ,FL_2008_000198_BLZ,5.067697e-08,2.8757180133679184e-06,1192.0,5.0719306649958236e-08
FL-2005-000138-PNG,FL_2005_000138_PNG,5.012074e-08,0.0005032452413806,241.0,5.032448284552846e-08
FL-2007-000068-COL,FL_2007_000068_COL,4.951099e-08,0.0001781662401061,525.0,4.960440696226416e-08
FF-2009-000160-LKA,FF_2009_000160_LKA,4.9149023e-08,1.900322412076709e-07,1218.0,4.9189210263287e-08
FL-2019-000104-THA,FL_2019_000104_THA,4.8690836e-08,0.0005693967224032,206.0,4.892159825592417e-08
FL-2020-000128-KEN,FL_2020_000128_KEN,4.8357215e-08,0.0001956255765446,491.0,4.845470938508064e-08
FL-2002-000607-ALB,FL_2002_000607_ALB,4.8077283e-08,7.096828181268815e-07,1214.0,4.811672293683347e-08
FL-2007-000106-IDN,FL_2007_000106_IDN,4.6693913e-08,0.0002803332974213,379.0,4.681551173177084e-08
FL-2004-000068-ROM,FL_2004_000068_ROM,4.3758945e-08,0.000126230799493,628.0,4.382807445497631e-08
FL-2006-000164-TZA,FL_2006_000164_TZA,4.3425256e-08,0.0008312474312057,142.0,4.372066590476191e-08
FL-2018-000165-CRI,FL_2018_000165_CRI,4.2051262e-08,0.0004663019918562,253.0,4.2214251387596904e-08
FL-2022-000312-BGR,FL_2022_000312_BGR,4.0456836e-08,1.3322470099165067e-05,1096.0,4.049358153678473e-08
FL-2005-000182-IND,FL_2005_000182_IND,4.02983e-08,0.0002540296618614,407.0,4.0396111407766993e-08
FL-2002-000445-VEN,FL_2002_000445_VEN,3.920677e-08,0.0005795398887674,200.0,3.939802253658537e-08
FL-2016-000046-SOM,FL_2016_000046_SOM,3.7763176e-08,0.0001265872968431,626.0,3.782302255467512e-08
FL-2011-000007-ZAF,FL_2011_000007_ZAF,3.7738502e-08,0.0001622281457541,557.0,3.7805652359430605e-08
FL-2022-000379-MYS,FL_2022_000379_MYS,3.7541902e-08,0.000158044283505,562.0,3.7608113467372135e-08
FL-2022-000276-GMB,FL_2022_000276_GMB,3.7408284e-08,6.299501584655955e-05,833.0,3.745292395704057e-08
FL-1998-000112-TZA,FL_1998_000112_TZA,3.6653404e-08,0.0013439862783794,75.0,3.711157155e-08
FF-2005-000067-IDN,FF_2005_000067_IDN,3.6748922e-08,0.000144422973703,594.0,3.681027245409015e-08
FL-2006-000071-ROM,FL_2006_000071_ROM,3.5319896e-08,0.0003012782157342,358.0,3.541719598898071e-08
FL-2020-000199-MRT,FL_2020_000199_MRT,3.5189423e-08,0.0005413606574861,217.0,3.5347933914414413e-08
FL-2008-000011-TZA,FL_2008_000011_TZA,3.510008e-08,0.000769750765473,157.0,3.531674716049383e-08
FL-2017-000130-GTM,FL_2017_000130_GTM,3.515665e-08,0.0001194028432588,648.0,3.5210488667687596e-08
FL-2019-000181-IDN,FL_2019_000181_IDN,3.4513675e-08,0.0009449047560081,126.0,3.4777138167938925e-08
FL-2011-000129-MLI,FL_2011_000129_MLI,3.214354e-08,0.0001960582149525,489.0,3.220860789473684e-08
FL-1999-000229-TJK,FL_1999_000229_TJK,3.1910805e-08,2.684849057785501e-05,1006.0,3.194236860534125e-08
FF-2012-000062-KEN,FF_2012_000062_KEN,3.188369e-08,8.401279798298426e-05,759.0,3.1925422578534036e-08
FL-2021-000061-MYS,FL_2021_000061_MYS,3.134497e-08,5.81312362551324e-05,855.0,3.138141763953488e-08
FL-2009-000241-COL,FL_2009_000241_COL,2.9991455e-08,7.121358457460918e-05,809.0,3.002829953931204e-08
FL-1991-000010-PHL,FL_1991_000010_PHL,2.9993643e-08,1.8080657738040187e-05,1056.0,3.002191222054665e-08
FL-2010-000003-KEN,FL_2010_000003_KEN,2.9089511e-08,0.0018124582690966,50.0,2.9618411199999996e-08
FL-2008-000175-UGA,FL_2008_000175_UGA,2.7452025e-08,0.0021802441341904,37.0,2.810564464285714e-08
FL-1999-000259-KHM,FL_1999_000259_KHM,2.7272655e-08,1.2069016594876844e-05,1108.0,2.7297158733153636e-08
FL-2011-000091-BEN,FL_2011_000091_BEN,2.6873451e-08,1.1929064346842705e-05,1109.0,2.6897574385098745e-08
FL-2008-000074-BFA,FL_2008_000074_BFA,2.6653087e-08,0.0001627222641663,555.0,2.6700681798214286e-08
FL-2019-000138-KEN,FL_2019_000138_KEN,2.5986013e-08,7.155124746166624e-05,806.0,2.6018054939580765e-08
FL-2001-000274-WSM,FL_2001_000274_WSM,2.5551133e-08,1.4080708008341717e-05,1090.0,2.557446736803653e-08
FF-2007-000100-MLI,FF_2007_000100_MLI,2.5431865e-08,0.0001068496983201,689.0,2.546851033861671e-08
FF-2019-000029-IDN,FF_2019_000029_IDN,2.5288506e-08,0.0003814175044875,298.0,2.5371966415841584e-08
FL-2001-000620-DZA,FL_2001_000620_DZA,2.462648e-08,0.0004022817156147,285.0,2.471139889655172e-08
FF-2020-000221-SOM,FF_2020_000221_SOM,2.446363e-08,0.0001349238790614,611.0,2.4503343685064936e-08
FL-2017-000012-MOZ,FL_2017_000012_MOZ,2.4281196e-08,1.0898840929812789e-05,1114.0,2.4302895013404825e-08
FL-2014-000163-COL,FL_2014_000163_COL,2.4197858e-08,5.317202729859556e-05,883.0,2.422510784009009e-08
FL-2013-000002-PSE,FL_2013_000002_PSE,2.4064454e-08,1.2344914508576914e-05,1103.0,2.408617282129964e-08
FL-1998-000392-IND,FL_1998_000392_IND,2.349344e-08,0.0001669911772509,545.0,2.3536155345454542e-08
FL-2010-000196-LKA,FL_2010_000196_LKA,2.3277616e-08,5.0458090353187386e-05,891.0,2.3303595482142855e-08
FL-2010-000096-IDN,FL_2010_000096_IDN,2.3266185e-08,0.0001193958466518,649.0,2.3301760206422017e-08
FL-2010-000031-PRT,FL_2010_000031_PRT,2.2940949e-08,0.0001968140859762,485.0,2.2987767263265307e-08
FL-2007-000011-ZMB,FL_2007_000011_ZMB,2.272085e-08,0.000489559820537,244.0,2.28120983935743e-08
FL-2001-000417-SDN,FL_2001_000417_SDN,2.2559668e-08,7.367235027333582e-05,797.0,2.2587797261845388e-08
FL-2016-000122-SRB,FL_2016_000122_SRB,2.016494e-08,1.728256659012785e-05,1066.0,2.0183768141923437e-08
FL-2016-000084-PHL,FL_2016_000084_PHL,1.9708455e-08,0.0004230634029802,274.0,1.977909462365591e-08
FL-2012-000050-AFG,FL_2012_000050_AFG,1.9504261e-08,0.000350847340934,318.0,1.956464570897833e-08
FL-1999-000547-VEN,FL_1999_000547_VEN,1.915662e-08,0.0002487036826171,413.0,1.920244923444976e-08
FL-2011-000122-NER,FL_2011_000122_NER,1.9068423e-08,0.0002460808243774,417.0,1.9113608836492895e-08
FL-2015-000006-MWI,FL_2015_000006_MWI,1.8583433e-08,2.394095430771493e-05,1017.0,1.8601616398238747e-08
FL-2011-000187-COD,FL_2011_000187_COD,1.8581446e-08,9.800982211990733e-06,1130.0,1.8597817318061676e-08
FL-2014-000098-SDN,FL_2014_000098_SDN,1.8185732e-08,0.0006516127669888,175.0,1.8286763844444442e-08
FL-2006-000045-HUN,FL_2006_000045_HUN,1.7810645e-08,4.8653696553907344e-05,895.0,1.7830434605555555e-08
FL-2008-000191-CRI,FL_2008_000191_CRI,1.756566e-08,0.0001016863134106,701.0,1.759054053824363e-08
FL-2009-000127-BEN,FL_2009_000127_BEN,1.737359e-08,0.0004734273789928,250.0,1.7441721725490193e-08
FL-2009-000124-VNM,FL_2009_000124_VNM,1.7256651e-08,5.493711974344202e-05,873.0,1.7276305500000002e-08
FL-2014-000162-LKA,FL_2014_000162_LKA,1.7135285e-08,5.582878739254924e-06,1162.0,1.7149968191945158e-08
FL-2008-000201-YEM,FL_2008_000201_YEM,1.709537e-08,0.0001732005223058,533.0,1.7127145780669145e-08
FF-2006-000046-KEN,FF_2006_000046_KEN,1.5998976e-08,5.070961605099082e-05,890.0,1.601685195083799e-08
FL-2022-000261-GEO,FL_2022_000261_GEO,1.5846187e-08,0.0002805321063429,378.0,1.5887560856396865e-08
FL-2008-000246-GUY,FL_2008_000246_GUY,1.4994514e-08,5.489514179782412e-05,874.0,1.501157260523322e-08
FL-2012-000169-SEN,FL_2012_000169_SEN,1.4689092e-08,0.0005658720056839,207.0,1.4758380169811322e-08
FL-2005-000020-COL,FL_2005_000020_COL,1.46630486e-08,3.312963880075541e-05,966.0,1.4678149576930997e-08
FL-2001-000335-KOR,FL_2001_000335_KOR,1.4616469e-08,8.363082831472284e-05,762.0,1.4635525674054761e-08
FL-2007-000153-GHA,FL_2007_000153_GHA,1.4525076e-08,6.729234762510233e-05,817.0,1.4542746408759125e-08
FL-2000-000265-COL,FL_2000_000265_COL,1.4023735e-08,3.4994984886801e-05,958.0,1.4038297549325025e-08
FL-2002-000522-KHM,FL_2002_000522_KHM,1.3753844e-08,4.989727357666539e-06,1171.0,1.3765539445578232e-08
FL-1998-000272-PRK,FL_1998_000272_PRK,1.33720075e-08,0.000285496064044,374.0,1.3407289841688652e-08
FL-2005-000062-TZA,FL_2005_000062_TZA,1.31353755e-08,0.0014233145164258,67.0,1.3317811270833334e-08
FL-2016-000117-ALB,FL_2016_000117_ALB,1.3295056e-08,6.213477451149344e-05,836.0,1.331086462782402e-08
FL-2022-000378-BIH,FL_2022_000378_BIH,1.3232259e-08,5.435326939014702e-05,876.0,1.3247278590238366e-08
FL-1998-000251-SDN,FL_1998_000251_SDN,1.3146041e-08,0.0001781300624275,526.0,1.31707981393597e-08
FL-2010-000161-MYS,FL_2010_000161_MYS,1.3141051e-08,0.0001622291577667,556.0,1.3164475333333333e-08
FL-1997-000049-TZA,FL_1997_000049_TZA,1.2963308e-08,0.001591332871021,61.0,1.3159721757575758e-08
FL-2012-000051-TJK,FL_2012_000051_TJK,1.30361855e-08,6.206006359026536e-05,837.0,1.3051667905581945e-08
FL-2010-000208-RUS,FL_2010_000208_RUS,1.2849024e-08,0.0001081019895829,680.0,1.2867781699270072e-08
FL-2007-000051-TUN,FL_2007_000051_TUN,1.2487514e-08,0.0001345208283338,612.0,1.2507753082658022e-08
FL-2016-000011-TZA,FL_2016_000011_TZA,1.2342806e-08,0.0003426051846018,326.0,1.2380095444108762e-08
FL-2006-000191-LKA,FL_2006_000191_LKA,1.1585462e-08,1.2951547041151828e-05,1102.0,1.1595927638663052e-08
FL-1997-000140-AZE,FL_1997_000140_AZE,1.139709e-08,3.109129931321364e-05,985.0,1.140860221212121e-08
FF-2020-000140-IDN,FF_2020_000140_IDN,1.131372e-08,0.0001857798126773,507.0,1.1335817109375e-08
FL-2001-000571-PRK,FL_2001_000571_PRK,1.1086001e-08,0.0016355710406037,60.0,1.125655486153846e-08
FL-2014-000053-TZA,FL_2014_000053_TZA,1.1074633e-08,0.0014013631365796,71.0,1.1220351855263158e-08
FL-2000-000002-AGO,FL_2000_000002_AGO,1.1128346e-08,0.0007921828568265,148.0,1.12010802875817e-08
ST-2010-000085-CHN,ST_2010_000085_CHN,1.08671125e-08,3.163619617083462e-05,978.0,1.0878167548321465e-08
FL-2021-000208-IRQ,FL_2021_000208_IRQ,1.0351705e-08,8.274315709625684e-05,765.0,1.0365148772727273e-08
FL-2018-000046-RUS,FL_2018_000046_RUS,1.0020524e-08,0.000549498360472,214.0,1.0066279817351598e-08
FL-2013-000045-AFG,FL_2013_000045_AFG,9.963028e-09,0.0001086510682955,676.0,9.977657997063143e-09
FL-1998-000111-TJK,FL_1998_000111_TJK,9.228976e-09,0.0004162642138499,279.0,9.261472394366198e-09
FL-2000-000299-GTM,FL_2000_000299_GTM,9.150812e-09,0.0004070863690522,283.0,9.182585652777778e-09
FL-2005-000129-SDN,FL_2005_000129_SDN,8.920558e-09,0.0001841386608577,513.0,8.937779154440155e-09
FL-2020-000175-GEO,FL_2020_000175_GEO,8.548905e-09,0.0002527590366992,409.0,8.569554528985507e-09
FL-2012-000068-DOM,FL_2012_000068_DOM,8.4692475e-09,1.40437678803871e-05,1091.0,8.47697491560219e-09
FL-2013-000050-ETH,FL_2013_000050_ETH,8.308517e-09,3.5111390859405954e-05,957.0,8.317153712058212e-09
FL-2013-000011-ZWE,FL_2013_000011_ZWE,8.277185e-09,6.226267328474007e-05,835.0,8.287038791666666e-09
FL-2016-000054-HTI,FL_2016_000054_HTI,8.0851885e-09,3.014167504208292e-05,994.0,8.093281781781783e-09
FL-2016-000130-VCT,FL_2016_000130_VCT,8.012029e-09,0.0011106938751973,99.0,8.089067740384616e-09
FL-2014-000006-PHL,FL_2014_000006_PHL,7.971761e-09,0.0003675511081872,311.0,7.996988091772152e-09
FL-2019-000048-TZA,FL_2019_000048_TZA,7.794961e-09,0.0002847840105058,376.0,7.815420215223099e-09
FL-2002-000470-VNM,FL_2002_000470_VNM,7.2702617e-09,5.149027047498232e-05,886.0,7.278421365207632e-09
FL-2007-000227-ZWE,FL_2007_000227_ZWE,7.241616e-09,0.0003212787583824,338.0,7.262728583090379e-09
FL-2011-000170-COL,FL_2011_000170_COL,7.1107067e-09,0.0001642395778154,552.0,7.123472780251346e-09
FL-2008-000102-CIV,FL_2008_000102_CIV,6.8539796e-09,0.0038774230456534,23.0,7.098764585714286e-09
FL-2012-000205-LKA,FL_2012_000205_LKA,6.8683774e-09,9.891538523628884e-09,1219.0,6.873988819444444e-09
FF-2008-000063-PHL,FF_2008_000063_PHL,6.7866783e-09,0.0003745968102359,304.0,6.808641660194175e-09
FL-2011-000164-CAF,FL_2011_000164_CAF,6.671833e-09,0.0001759763067767,532.0,6.684257270018622e-09
FL-2020-000011-MOZ,FL_2020_000011_MOZ,6.5262324e-09,0.0001094843882173,673.0,6.535858111504424e-09
FF-2008-000178-DZA,FF_2008_000178_DZA,6.4037704e-09,0.000434740584556,269.0,6.427141824817518e-09
FL-2014-000054-TJK,FL_2014_000054_TJK,6.3699197e-09,6.38870915304713e-05,829.0,6.377557493405276e-09
FF-2016-000093-LAO,FF_2016_000093_LAO,6.072338e-09,0.0002932609971679,367.0,6.088661489247312e-09
FF-2021-000098-MNG,FF_2021_000098_MNG,5.8187064e-09,0.0002583317363696,404.0,5.83293306601467e-09
FL-2008-000086-MEX,FL_2008_000086_MEX,5.802571e-09,0.0003943964485966,293.0,5.822042714765101e-09
FL-1999-000244-VNM,FL_1999_000244_VNM,5.6678555e-09,0.0003056985365908,354.0,5.683643398328691e-09
FL-2007-000023-IDN,FL_2007_000023_IDN,5.2362283e-09,0.0003363421984125,330.0,5.251858832238805e-09
FL-2010-000139-SDN,FL_2010_000139_SDN,5.2285327e-09,0.0002426748971841,420.0,5.240835129882354e-09
FL-2005-000175-SDN,FL_2005_000175_SDN,5.222863e-09,1.983476820817153e-05,1047.0,5.2278276986692015e-09
FF-2010-000204-LCA,FF_2010_000204_LCA,5.135158e-09,1.7266778921912867e-06,1205.0,5.139401932231405e-09
FL-2009-000266-ALB,FL_2009_000266_ALB,5.046446e-09,2.197676698226549e-05,1029.0,5.051326508704062e-09
FL-2010-000037-HTI,FL_2010_000037_HTI,4.7550768e-09,0.0002993054585843,363.0,4.767998204347826e-09
FL-2021-000108-SSD,FL_2021_000108_SSD,4.7432716e-09,0.0003972965887333,291.0,4.7592961662162166e-09
FL-2016-000123-DOM,FL_2016_000123_DOM,4.735747e-09,0.0004854142135327,247.0,4.7545396468253965e-09
FL-2008-000197-COL,FL_2008_000197_COL,4.5834194e-09,7.004271264647849e-06,1154.0,4.587374032786886e-09
FL-2001-000082-ZWE,FL_2001_000082_ZWE,4.36941e-09,1.2985795989195755e-05,1101.0,4.373360641952983e-09
FL-1997-000207-SYC,FL_1997_000207_SYC,4.2588515e-09,0.0011977124696587,92.0,4.30275718556701e-09
FL-2002-000788-LKA,FL_2002_000788_LKA,4.2510413e-09,2.21495536651488e-05,1027.0,4.255160526065892e-09
FL-2015-000065-GHA,FL_2015_000065_GHA,4.1431045e-09,2.380006015622708e-05,1019.0,4.147150500488281e-09
FL-2001-000524-MLI,FL_2001_000524_MLI,4.128908e-09,0.0002506626249402,411.0,4.1388332596153845e-09
FF-2009-000107-THA,FF_2009_000107_THA,4.0997796e-09,0.0004383644490994,266.0,4.11490793800738e-09
FL-1997-000143-POL,FL_1997_000143_POL,4.1083714e-09,2.831193492843273e-05,999.0,4.112463403386455e-09
FL-2022-000213-IND,FL_2022_000213_IND,4.0992307e-09,5.931446422127149e-05,850.0,4.104025121871345e-09
FF-2006-000039-YEM,FF_2006_000039_YEM,3.9671377e-09,7.679153712349435e-05,785.0,3.9721593932911395e-09
FL-2008-000170-DOM,FL_2008_000170_DOM,3.8950705e-09,0.0002155572980425,455.0,3.903538044565217e-09
FL-2021-000051-SOM,FL_2021_000051_SOM,3.5492351e-09,9.658974218151738e-05,720.0,3.5541305966896556e-09
FL-2022-000249-CIV,FL_2022_000249_CIV,3.4544363e-09,0.0016386557585569,59.0,3.5084118671875e-09
FL-2001-000450-THA,FL_2001_000450_THA,3.483458e-09,0.000113542439707,666.0,3.488649442622951e-09
FL-2006-000044-COL,FL_2006_000044_COL,3.1695235e-09,3.160079859029076e-05,980.0,3.17274129035533e-09
FL-2021-000097-BGD,FL_2021_000097_BGD,3.1410758e-09,0.0001148280162845,664.0,3.1457709805680123e-09
FL-2022-000164-ECU,FL_2022_000164_ECU,3.0497673e-09,8.408576556710005e-06,1144.0,3.0524215796344644e-09
FF-2009-000204-TUN,FF_2009_000204_TUN,2.8576337e-09,0.0004894440740298,245.0,2.8690642348e-09
FL-2009-000087-VUT,FL_2009_000087_VUT,2.8078306e-09,0.0017912874967167,52.0,2.8570907859649126e-09
FL-2003-000273-TJK,FL_2003_000273_TJK,2.8349945e-09,0.00044062715051,262.0,2.845612456928839e-09
FL-2010-000240-VEN,FL_2010_000240_VEN,2.8240106e-09,4.340687016423412e-05,924.0,2.827050439181916e-09
FF-2009-000201-PHL,FF_2009_000201_PHL,2.7513274e-09,0.0002317164768345,436.0,2.757566237641723e-09
FL-2022-000290-SEN,FL_2022_000290_SEN,2.6492644e-09,7.165449495211925e-05,804.0,2.652539139678616e-09
FF-2016-000034-YEM,FF_2016_000034_YEM,2.2483995e-09,0.0138215837362744,3.0,2.5294494375000002e-09
FL-2013-000108-SSD,FL_2013_000108_SSD,2.5127913e-09,0.0005169764791669,232.0,2.5233937949367086e-09
FL-2015-000017-PAK,FL_2015_000017_PAK,2.4500784e-09,0.0002096645157987,461.0,2.4553360789699573e-09
FL-2009-000166-SDN,FL_2009_000166_SDN,2.3761388e-09,0.0014992020371488,66.0,2.409605543661972e-09
FL-2019-000119-CMR,FL_2019_000119_CMR,2.361119e-09,2.5958813530407483e-05,1010.0,2.3634452256157635e-09
FF-2019-000068-VNM,FF_2019_000068_VNM,2.2673923e-09,0.0001697005407994,539.0,2.2715603005514706e-09
FL-2008-000125-SDN,FL_2008_000125_SDN,2.1390907e-09,0.0004403426080876,263.0,2.1470723817164183e-09
FL-2000-000191-HUN,FL_2000_000191_HUN,2.0876547e-09,0.0002126699978783,457.0,2.0921734331168836e-09
FL-2015-000055-TJK,FL_2015_000055_TJK,2.0467197e-09,1.3176914873518455e-05,1099.0,2.048573612771739e-09
FL-2009-000102-HTI,FL_2009_000102_HTI,1.8164159e-09,0.0013199943797642,80.0,1.8377854988235293e-09
FF-2021-000090-SDN,FF_2021_000090_SDN,1.8339763e-09,3.39628658081439e-05,963.0,1.8358709036157025e-09
FL-2022-000333-THA,FL_2022_000333_THA,1.8043652e-09,0.0006577673082219,173.0,1.8145020831460672e-09
FL-2002-000475-TJK,FL_2002_000475_TJK,1.7739751e-09,2.6882105362461626e-05,1005.0,1.775731510990099e-09
FF-2020-000156-UKR,FF_2020_000156_UKR,1.7045461e-09,4.9979198251331005e-06,1170.0,1.7059967775319148e-09
FL-2013-000030-COL,FL_2013_000030_COL,1.6989535e-09,0.0003249054097305,337.0,1.7039212002923978e-09
FL-2013-000104-MLI,FL_2013_000104_MLI,1.6781221e-09,0.00043811576241,267.0,1.6842916665441178e-09
FL-1998-000219-KOR,FL_1998_000219_KOR,1.6574015e-09,0.0002185293705739,452.0,1.6610281991247263e-09
FL-2009-000239-BRA,FL_2009_000239_BRA,1.6400941e-09,0.0001540074697766,572.0,1.642936550779896e-09
FL-2005-000111-ROM,FL_2005_000111_ROM,1.6295214e-09,6.8978324038792975e-06,1155.0,1.6309261598275861e-09
FL-2022-000158-HTI,FL_2022_000158_HTI,1.5573765e-09,0.0002993712860531,362.0,1.5616200326975476e-09
ST-2022-000138-MDG,ST_2022_000138_MDG,1.506159e-09,0.0002406183039883,423.0,1.509678063084112e-09
FL-2021-000153-UGA,FL_2021_000153_UGA,1.4899104e-09,1.3442912183531497e-05,1095.0,1.491264864e-09
FL-2020-000193-SSD,FL_2020_000193_SSD,1.480834e-09,0.0007809877728028,154.0,1.4901474213836477e-09
FL-1999-000315-GHA,FL_1999_000315_GHA,1.4758186e-09,6.973656710284062e-05,811.0,1.4776272012254901e-09
FL-2019-000031-SYR,FL_2019_000031_SYR,1.4349495e-09,0.0020531821982169,41.0,1.4661440543478262e-09
FL-2020-000029-TZA,FL_2020_000029_TZA,1.3110484e-09,0.0009599064917173,121.0,1.321453546031746e-09
FL-2011-000135-THA,FL_2011_000135_THA,1.3050356e-09,8.765439395971626e-05,746.0,1.3067733304926764e-09
FL-2020-000052-COD,FL_2020_000052_COD,1.2792518e-09,0.0001055081520181,692.0,1.281087168436155e-09
FL-2000-000258-IDN,FL_2000_000258_IDN,1.2729017e-09,0.0005545623732177,210.0,1.2788221730232559e-09
FL-2012-000013-ECU,FL_2012_000013_ECU,1.1633894e-09,2.9398681095232337e-06,1190.0,1.1643629476150627e-09
FL-1997-000137-CHL,FL_1997_000137_CHL,1.1007373e-09,8.202664992953494e-05,767.0,1.1021631255181348e-09
FL-2018-000029-RWA,FL_2018_000029_RWA,1.0993833e-09,0.0002292423407063,438.0,1.101864977878104e-09
FL-2020-000206-COD,FL_2020_000206_COD,1.0333081e-09,6.731801699859172e-06,1156.0,1.0341981155900087e-09
FL-2005-000070-YEM,FL_2005_000070_YEM,1.0294559e-09,9.852670802118496e-05,711.0,1.0308936875698325e-09
FL-2011-000109-PAK,FL_2011_000109_PAK,1.0218117e-09,0.0001841225029858,514.0,1.0237805086705201e-09
FL-2009-000139-PAK,FL_2009_000139_PAK,1.002912e-09,0.0003078114205327,352.0,1.0057212773109244e-09
FL-2022-000135-ZMB,FL_2022_000135_ZMB,9.736013e-10,0.0002799562662103,380.0,9.761301345454544e-10
FL-2010-000151-COD,FL_2010_000151_COD,9.653462e-10,0.0001447376724757,591.0,9.669659083892618e-10
FL-1998-000255-TUR,FL_1998_000255_TUR,9.438439e-10,3.886891028723669e-05,942.0,9.448405672650473e-10
FL-2021-000213-STP,FL_2021_000213_STP,9.433468e-10,4.458613436137887e-05,917.0,9.443699527114967e-10
FL-2012-000192-COD,FL_2012_000192_COD,8.5427515e-10,7.203746907449751e-05,803.0,8.553324212252474e-10
FL-2000-000741-LKA,FL_2000_000741_LKA,8.300089e-10,1.1037604655909778e-05,1113.0,8.307513050983899e-10
FL-2007-000151-TCD,FL_2007_000151_TCD,8.1793433e-10,0.0005702125119602,204.0,8.218478913875598e-10
FL-2018-000425-LKA,FL_2018_000425_LKA,8.1253027e-10,3.3778758653896605e-06,1183.0,8.132142180387207e-10
FL-2013-000008-MOZ,FL_2013_000008_MOZ,7.911673e-10,0.0024794070738075,32.0,8.125502e-10
FF-2020-000153-BIH,FF_2020_000153_BIH,8.0895207e-10,0.0002205498678945,448.0,8.107378361589404e-10
FL-2005-000137-CAF,FL_2005_000137_CAF,7.8816387e-10,0.0015638488799056,62.0,7.999275098507462e-10
FL-2011-000137-VNM,FL_2011_000137_VNM,7.7199486e-10,0.0002069329761295,465.0,7.736374022553191e-10
FL-2013-000145-COL,FL_2013_000145_COL,7.3022266e-10,2.7576520056902973e-05,1003.0,7.309470872420635e-10
FL-1998-000224-SVK,FL_1998_000224_SVK,7.038242e-10,5.601814884372485e-05,865.0,7.046331933333333e-10
FL-1991-000009-VNM,FL_1991_000009_VNM,6.9391587e-10,0.0003680115696089,310.0,6.961187775238095e-10
FL-2012-000210-MWI,FL_2012_000210_MWI,6.628661e-10,0.0008553364677166,138.0,6.675015272727273e-10
FL-2018-000164-HND,FL_2018_000164_HND,6.5561456e-10,0.0001551424255733,567.0,6.567607393006992e-10
FL-2006-000145-GIN,FL_2006_000145_GIN,6.389718e-10,2.476000327305006e-05,1012.0,6.396000908554572e-10
FL-2000-000408-VNM,FL_2000_000408_VNM,6.1750577e-10,0.0001981792283648,483.0,6.187711506762295e-10
FL-2015-000110-ARG,FL_2015_000110_ARG,6.1122896e-10,7.356984851943984e-05,798.0,6.119901417683686e-10
FL-1998-000329-BEN,FL_1998_000329_BEN,5.785887e-10,0.0001700906139111,537.0,5.796562068265682e-10
FF-2004-000060-VNM,FF_2004_000060_VNM,5.4874105e-10,5.337767715523482e-05,880.0,5.493610963841808e-10
FL-2016-000066-PAK,FL_2016_000066_PAK,5.4472754e-10,0.0001682770988245,543.0,5.457215683576643e-10
FL-2011-000108-SEN,FL_2011_000108_SEN,5.3696764e-10,3.864024349425798e-06,1177.0,5.374219273434857e-10
FL-2012-000174-BEN,FL_2012_000174_BEN,5.3199434e-10,0.0001545609388084,571.0,5.329179412847223e-10
LS-2010-000190-COL,LS_2010_000190_COL,5.143096e-10,0.0002584380937634,403.0,5.15570162745098e-10
FL-2006-000125-THA,FL_2006_000125_THA,4.8853266e-10,7.458095993530936e-05,793.0,4.891448563157895e-10
FL-2020-000196-NGA,FL_2020_000196_NGA,4.683126e-10,0.0009747063513432,118.0,4.721200195121951e-10
FF-2011-000143-SSD,FF_2011_000143_SSD,4.0035103e-10,0.0050455368208338,18.0,4.177575965217391e-10
FL-2016-000021-PAK,FL_2016_000021_PAK,4.1304507e-10,0.0001851647374968,510.0,4.1384709926213595e-10
FF-2014-000060-AFG,FF_2014_000060_AFG,4.032238e-10,8.77874097118817e-05,745.0,4.0376143173333337e-10
FL-2017-000043-HTI,FL_2017_000043_HTI,3.9810918e-10,0.0007260004467297,164.0,4.0046485562130177e-10
FF-2014-000048-KAZ,FF_2014_000048_KAZ,3.8637413e-10,2.103238773948879e-05,1039.0,3.8674422016283524e-10
FF-2020-000055-SOM,FF_2020_000055_SOM,3.678746e-10,0.0012321907754658,85.0,3.7196209555555554e-10
FL-2019-000009-ARG,FL_2019_000009_ARG,3.6958084e-10,0.0002856551058583,373.0,3.7055856708994707e-10
FL-2015-000171-PRY,FL_2015_000171_PRY,3.413028e-10,0.0003377089545412,329.0,3.4232466467065867e-10
FL-2010-000152-THA,FL_2010_000152_THA,3.1934164e-10,4.716604205396288e-05,904.0,3.1969295093509353e-10
FL-2014-000014-SYC,FL_2014_000014_SYC,3.0679492e-10,0.0002863095689199,372.0,3.076086996286472e-10
FL-2007-000228-LKA,FL_2007_000228_LKA,2.9438715e-10,0.0001006397237815,706.0,2.9480119662447256e-10
FL-2022-000275-UGA,FL_2022_000275_UGA,2.9104488e-10,5.464957499228957e-05,875.0,2.913756128181818e-10
FL-2019-000118-SEN,FL_2019_000118_SEN,2.7799427e-10,0.000185090987037,511.0,2.785330185852713e-10
FL-2000-000038-PHL,FL_2000_000038_PHL,2.7424538e-10,0.0001282190691604,623.0,2.7468207646496816e-10
FL-2005-000110-BIH,FL_2005_000110_BIH,2.7238253e-10,0.0002192073817895,450.0,2.729811729230769e-10
FL-2009-000170-MRT,FL_2009_000170_MRT,2.690264e-10,0.0009138813243418,134.0,2.709618417266187e-10
FL-2006-000058-TJK,FL_2006_000058_TJK,2.68565e-10,0.0002061259999058,468.0,2.691327906976744e-10
FL-2018-000105-BGD,FL_2018_000105_BGD,2.6114638e-10,0.0001112371222187,670.0,2.615332635259259e-10
FL-2010-000026-DOM,FL_2010_000026_DOM,2.551295e-10,4.541576556737872e-05,910.0,2.554083300546448e-10
FL-2006-000190-BDI,FL_2006_000190_BDI,2.5043453e-10,8.678078638560642e-06,1141.0,2.5065305925828973e-10
FL-2012-000173-SOM,FL_2012_000173_SOM,2.4235888e-10,1.7101233277070557e-05,1070.0,2.4258433012093025e-10
FL-2022-000277-SDN,FL_2022_000277_SDN,2.2929184e-10,0.0006592933362818,172.0,2.3058727412429378e-10
FL-2013-000098-NER,FL_2013_000098_NER,2.2965602e-10,1.897686218825109e-05,1052.0,2.2987329154210026e-10
FL-2005-000090-TJK,FL_2005_000090_TJK,2.1012667e-10,6.31835670816831e-05,832.0,2.1037771739546e-10
FL-2012-000191-HTI,FL_2012_000191_HTI,2.019324e-10,0.0001554006113407,566.0,2.0228604693520142e-10
FL-2002-000732-IDN,FL_2002_000732_IDN,1.9398061e-10,8.406945937194803e-05,758.0,1.9423484408912188e-10
FL-2002-000242-AFG,FL_2002_000242_AFG,1.8486972e-10,3.970681152689553e-05,938.0,1.8506576424178156e-10
FL-2017-000017-PAK,FL_2017_000017_PAK,1.7887102e-10,0.0003436527732431,324.0,1.794147009118541e-10
FL-2001-000314-GHA,FL_2001_000314_GHA,1.6819998e-10,9.828947319982153e-06,1129.0,1.6834830449735451e-10
FL-2019-000145-TZA,FL_2019_000145_TZA,1.6145421e-10,0.0013961703256737,72.0,1.635510179220779e-10
FL-1999-000053-PHL,FL_1999_000053_PHL,1.627015e-10,0.0001245924825094,634.0,1.6295611893583724e-10
FL-2015-000105-GIN,FL_2015_000105_GIN,1.62703e-10,5.115992527344378e-05,887.0,1.6288540246636773e-10
FL-2006-000057-SUR,FL_2006_000057_SUR,1.5812114e-10,1.6949927650299668e-05,1071.0,1.58268092732342e-10
FL-2018-000128-SDN,FL_2018_000128_SDN,1.5096735e-10,0.0004919732648048,243.0,1.5157608931451616e-10
FL-1999-000247-KOR,FL_1999_000247_KOR,1.3970672e-10,5.78691607905457e-05,857.0,1.3986879276102088e-10
FL-2021-000057-LKA,FL_2021_000057_LKA,1.395784e-10,0.0001399394890815,603.0,1.3980796973684211e-10
FL-2022-000287-TCD,FL_2022_000287_TCD,1.3225408e-10,0.0001078433545231,685.0,1.3244575257971014e-10
FL-2015-000027-CHL,FL_2015_000027_CHL,1.2919114e-10,8.629673713261494e-06,1142.0,1.2930377394943331e-10
FL-2005-000048-AFG,FL_2005_000048_AFG,1.2542711e-10,3.130774016426128e-05,984.0,1.255539321536906e-10
FL-2022-000305-GIN,FL_2022_000305_GIN,1.2319884e-10,3.134200421165685e-05,983.0,1.2332353518218622e-10
ST-2012-000061-VNM,ST_2012_000061_VNM,1.2082796e-10,0.0003318586876825,333.0,1.2118543917159762e-10
FL-2017-000137-SSD,FL_2017_000137_SSD,1.1789451e-10,0.0004432427067887,261.0,1.1833772244360902e-10
FL-2013-000083-THA,FL_2013_000083_THA,1.168602e-10,0.0003130835397323,343.0,1.1719600517241379e-10
FL-2010-000015-PSE,FL_2010_000015_PSE,1.13026685e-10,0.000138836753399,608.0,1.1321106784665578e-10
FL-2022-000190-TUN,FL_2022_000190_TUN,1.1238186e-10,0.0006956428384138,169.0,1.130277327586207e-10
FL-2017-000134-CAF,FL_2017_000134_CAF,1.1125995e-10,0.0008273312930621,145.0,1.1200168299999998e-10
FL-2003-000571-DOM,FL_2003_000571_DOM,1.09950424e-10,0.0002701698404383,391.0,1.102280765858586e-10
FL-1999-000233-SVK,FL_1999_000233_SVK,1.0968466e-10,0.0001386702897714,609.0,1.0986329951140066e-10
FL-2014-000079-PHL,FL_2014_000079_PHL,1.0656628e-10,0.0001079670948967,681.0,1.0672162443148689e-10
FL-2006-000001-IDN,FL_2006_000001_IDN,1.04231096e-10,0.0005521932915471,212.0,1.0471142363133641e-10
FL-2007-000025-FJI,FL_2007_000025_FJI,1.0427136e-10,5.504359204616161e-05,872.0,1.0439025550741163e-10
FL-2007-000131-SEN,FL_2007_000131_SEN,1.0371509e-10,8.834045773045522e-05,742.0,1.0385393215528782e-10
FL-2007-000107-TLS,FL_2007_000107_TLS,1.0293026e-10,0.0004631603295151,255.0,1.0332614561538461e-10
FL-1998-000316-VNM,FL_1998_000316_VNM,1.0174708e-10,0.0003884877820791,294.0,1.020873712374582e-10
FL-2009-000251-SAU,FL_2009_000251_SAU,1.0131085e-10,0.0005040031915197,239.0,1.0172605840163934e-10
FL-2008-000243-PNG,FL_2008_000243_PNG,1.00448753e-10,5.527318982543726e-06,1166.0,1.0053453331853118e-10
FL-2023-000001-COG,FL_2023_000001_COG,9.2547706e-11,0.0001027642101104,697.0,9.267954033903134e-11
FL-2012-000129-SDN,FL_2012_000129_SDN,9.11784e-11,6.801155832124431e-05,816.0,9.128945773447016e-11
FL-2019-000136-SLV,FL_2019_000136_SLV,9.051329e-11,3.23740362173991e-05,973.0,9.060583937627812e-11
LS-2016-000051-IDN,LS_2016_000051_IDN,9.022897e-11,0.0001407740750924,600.0,9.037810879338842e-11
FL-2019-000079-BGD,FL_2019_000079_BGD,8.931731e-11,0.0002649051061185,397.0,8.953949236318409e-11
FL-2016-000019-HTI,FL_2016_000019_HTI,8.690984e-11,0.0007992816305289,147.0,8.74816152631579e-11
FL-2012-000083-HND,FL_2012_000083_HND,8.7338727e-11,0.0001174775098933,652.0,8.747166265753426e-11
FL-1999-000437-KHM,FL_1999_000437_KHM,8.5894646e-11,1.0534144664384734e-05,1119.0,8.597106472419927e-11
FL-2010-000249-IND,FL_2010_000249_IND,7.560822e-11,0.0005867951086088,198.0,7.59806742857143e-11
FL-2005-000153-THA,FL_2005_000153_THA,7.266493e-11,3.169083494534732e-05,977.0,7.273892687372709e-11
FL-2021-000095-MMR,FL_2021_000095_MMR,7.0932475e-11,3.189250167334651e-05,975.0,7.10048550765306e-11
FL-1990-000004-VNM,FL_1990_000004_VNM,7.0150066e-11,1.6065343170964084e-05,1078.0,7.021483983748845e-11
FL-2004-000055-TJK,FL_2004_000055_TJK,6.901777e-11,1.692607842135362e-05,1072.0,6.908185335190343e-11
FL-2021-000145-BEN,FL_2021_000145_BEN,6.648161e-11,0.0003594216854309,313.0,6.669067166666668e-11
FL-2013-000041-GHA,FL_2013_000041_GHA,6.5348976e-11,5.782418956274999e-05,858.0,6.542469903128622e-11
FL-2012-000039-CHL,FL_2012_000039_CHL,6.5022834e-11,9.623835322157292e-06,1132.0,6.508002206860159e-11
FL-2017-000053-THA,FL_2017_000053_THA,6.397137e-11,0.000147234496443,578.0,6.408109790737564e-11
FL-2017-000004-THA,FL_2017_000004_THA,6.366671e-11,0.0002039295402617,470.0,6.380074517894737e-11
FL-2010-000014-SLB,FL_2010_000014_SLB,6.31315e-11,2.181213498011394e-05,1031.0,6.319243774131275e-11
FL-2018-000419-PRY,FL_2018_000419_PRY,6.1727234e-11,0.0001190951090728,650.0,6.18214740519084e-11
FL-2019-000094-GTM,FL_2019_000094_GTM,5.8044892e-11,0.0001806364596598,518.0,5.815587649713193e-11
FL-2013-000017-PNG,FL_2013_000017_PNG,5.6822796e-11,0.0018771260633815,46.0,5.7936968470588237e-11
FL-1994-000007-VNM,FL_1994_000007_VNM,5.421509e-11,0.0001920998794504,497.0,5.4323088187250993e-11
FL-2011-000204-PHL,FL_2011_000204_PHL,5.3498345e-11,5.678454460649797e-05,861.0,5.3560121379907614e-11
FL-2021-000039-BDI,FL_2021_000039_BDI,5.259558e-11,0.0007081250721473,167.0,5.2901368255813955e-11
FL-2002-000641-THA,FL_2002_000641_THA,5.2834476e-11,3.7658666061527016e-05,948.0,5.2889916163693596e-11
FL-2015-000145-SOM,FL_2015_000145_SOM,5.1116486e-11,0.0004782115931699,248.0,5.1318527446640314e-11
FL-2006-000050-ARG,FL_2006_000050_ARG,5.065266e-11,0.0003316435066599,334.0,5.080207787610619e-11
FL-2022-000316-NER,FL_2022_000316_NER,4.853321e-11,0.0001422237466285,599.0,4.861356299668874e-11
FF-2021-000189-BIH,FF_2021_000189_BIH,4.8378055e-11,8.407423132369865e-05,757.0,4.8441543261154854e-11
FL-2019-000120-PHL,FL_2019_000120_PHL,4.7037516e-11,7.601037004513032e-05,789.0,4.7096757204030224e-11
FF-2020-000168-MNG,FF_2020_000168_MNG,4.6270845e-11,6.594036038338803e-05,822.0,4.6326795235792016e-11
FL-2015-000042-RWA,FL_2015_000042_RWA,4.5935415e-11,8.520830217547032e-05,754.0,4.5995935968379453e-11
FL-2008-000232-CRI,FL_2008_000232_CRI,4.5405166e-11,0.0005033157633391,240.0,4.559049320816327e-11
FL-2015-000037-HTI,FL_2015_000037_HTI,4.4349573e-11,0.0003590819665403,314.0,4.448859987460815e-11
FL-2008-000207-SDN,FL_2008_000207_SDN,4.2846497e-11,0.0001014925449971,702.0,4.2907100248939175e-11
FL-2009-000010-FJI,FL_2009_000010_FJI,4.2754227e-11,1.007981986415112e-05,1128.0,4.279196241659312e-11
FL-2007-000189-NIC,FL_2007_000189_NIC,4.193127e-11,0.0002316272609727,437.0,4.202613712669683e-11
FL-2016-000026-PNG,FL_2016_000026_PNG,3.8622713e-11,0.000433871325024,270.0,3.876315922909091e-11
FL-2009-000237-THA,FL_2009_000237_THA,3.6969844e-11,0.0015321697291945,63.0,3.751351817647059e-11
FL-2001-000492-VNM,FL_2001_000492_VNM,3.724104e-11,0.0001215215991258,641.0,3.7298688668730646e-11
FL-1999-000350-CRI,FL_1999_000350_CRI,3.5937257e-11,7.125133031755011e-05,808.0,3.5981460268142684e-11
FL-2008-000231-PAN,FL_2008_000231_PAN,3.479227e-11,0.0001099899954839,672.0,3.484366183161005e-11
FL-2010-000262-ECU,FL_2010_000262_ECU,3.353021e-11,4.216983958010935e-05,931.0,3.3566032873931624e-11
FL-2004-000059-AFG,FL_2004_000059_AFG,3.34956e-11,0.0001842574152401,512.0,3.3560388394584135e-11
FL-2000-000617-BGD,FL_2000_000617_BGD,3.3209293e-11,5.565415130741188e-06,1163.0,3.323772561386986e-11
FL-2022-000374-TTO,FL_2022_000374_TTO,3.2930155e-11,7.419391938809438e-05,794.0,3.29713692115144e-11
FL-2009-000132-GHA,FL_2009_000132_GHA,3.2115546e-11,6.365397220529101e-05,830.0,3.215400773173653e-11
FL-2011-000022-AFG,FL_2011_000022_AFG,3.1814107e-11,0.0001162349201803,660.0,3.186194776240602e-11
FL-2016-000102-SEN,FL_2016_000102_SEN,3.1079857e-11,7.670375753263412e-05,786.0,3.111914885461441e-11
FL-2011-000120-SDN,FL_2011_000120_SDN,3.0158293e-11,0.0001760230840141,530.0,3.0214663641121496e-11
FL-2020-000176-SDN,FL_2020_000176_SDN,2.9984223e-11,0.000249022565132,412.0,3.005612761151079e-11
FL-2012-000200-BFA,FL_2012_000200_BFA,2.892025e-11,0.0037019526649611,24.0,2.99175e-11
FL-2003-000531-IDN,FL_2003_000531_IDN,2.8099698e-11,8.362720976725342e-05,763.0,2.8136286148437497e-11
FL-2012-000054-HTI,FL_2012_000054_HTI,2.7114899e-11,0.0033943760132721,25.0,2.801872896666667e-11
FL-2002-000125-ECU,FL_2002_000125_ECU,2.6297405e-11,9.073510013125429e-05,734.0,2.63329901217862e-11
FL-2017-000088-SDN,FL_2017_000088_SDN,2.51902e-11,0.0003010783138604,359.0,2.5259403846153848e-11
FL-2007-000210-PHL,FL_2007_000210_PHL,2.29192e-11,0.0001900703392234,501.0,2.296449486166008e-11
FL-2008-000167-VCT,FL_2008_000167_VCT,2.2909761e-11,3.390305534041116e-06,1182.0,2.2929061556866046e-11
FL-2011-000196-IDN,FL_2011_000196_IDN,2.2825321e-11,8.033292531133008e-05,773.0,2.2854659458868895e-11
FL-2015-000146-DZA,FL_2015_000146_DZA,2.1895619e-11,0.0014117277949506,70.0,2.218756058666667e-11
FL-2022-000362-LCA,FL_2022_000362_LCA,2.1673153e-11,0.0002037053485757,471.0,2.1718684834033613e-11
FL-2008-000018-ECU,FL_2008_000018_ECU,2.1523276e-11,0.0001569148325407,564.0,2.156110249560633e-11
FL-2011-000176-LKA,FL_2011_000176_LKA,2.0996887e-11,1.049112195515189e-05,1120.0,2.1015550899555558e-11
FL-2006-000091-PRK,FL_2006_000091_PRK,2.0022964e-11,0.0009559539042962,122.0,2.0180625133858267e-11
FL-2010-000176-MRT,FL_2010_000176_MRT,1.9541231e-11,0.0001854532573361,509.0,1.957924895914397e-11
FL-2006-000025-PNG,FL_2006_000025_PNG,1.7783401e-11,0.0008564884736245,137.0,1.790863621830986e-11
FL-2008-000191-HND,FL_2008_000191_HND,1.7633308e-11,0.0003772152072341,303.0,1.7690559000000002e-11
FL-2010-000075-TJK,FL_2010_000075_TJK,1.7174807e-11,0.001157452158468,96.0,1.7344854594059405e-11
FL-2022-000365-PAN,FL_2022_000365_PAN,1.7100054e-11,0.0001440739408611,595.0,1.712855409e-11
FL-2010-000194-VNM,FL_2010_000194_VNM,1.6428156e-11,7.137805855104515e-05,807.0,1.6448387719211824e-11
FL-1998-000203-BGD,FL_1998_000203_BGD,1.6027377e-11,4.966120629206533e-05,893.0,1.604522485857461e-11
FF-2008-000216-PSE,FF_2008_000216_PSE,1.5890256e-11,8.675184768343439e-05,750.0,1.591130269668874e-11
FL-2010-000239-MNE,FL_2010_000239_MNE,1.5267461e-11,0.0001224588938487,639.0,1.529116823757764e-11
FL-2011-000180-PAN,FL_2011_000180_PAN,1.35437625e-11,2.953262951014213e-06,1188.0,1.3555115192791283e-11
FL-2021-000049-RWA,FL_2021_000049_RWA,1.2832489e-11,9.030886587133012e-05,736.0,1.2849806798920377e-11
FL-2000-000083-ZWE,FL_2000_000083_ZWE,1.20827124e-11,8.055979960290022e-05,772.0,1.2098262866409266e-11
FL-2015-000081-PHL,FL_2015_000081_PHL,1.1297828e-11,0.0001239755484132,637.0,1.1315425862928349e-11
FL-1997-000265-SOM,FL_1997_000265_SOM,1.1025385e-11,8.917501867970081e-05,739.0,1.1040204065860215e-11
FF-2018-000041-SOM,FF_2018_000041_SOM,9.9552085e-12,0.0012429140893264,84.0,1.0067064775280899e-11
FL-2012-000071-NPL,FL_2012_000071_NPL,1.0040285e-11,6.71474518311131e-05,818.0,1.005248461725395e-11
FL-2009-000011-PHL,FL_2009_000011_PHL,9.700256e-12,0.0007434983433331,162.0,9.758341365269461e-12
FL-2016-000080-BFA,FL_2016_000080_BFA,9.725408e-12,8.760953308697618e-05,747.0,9.738340723404255e-12
FL-2008-000010-BRA,FL_2008_000010_BRA,9.691702e-12,5.555401384184167e-05,869.0,9.70279090389016e-12
FL-2013-000074-HTI,FL_2013_000074_HTI,9.091745e-12,7.61550877788102e-05,788.0,9.103210000000001e-12
FL-2019-000170-RWA,FL_2019_000170_RWA,8.970525e-12,6.974148792898878e-05,810.0,8.981531779141104e-12
FL-2004-000022-AFG,FL_2004_000022_AFG,8.628454e-12,5.555969141457817e-05,868.0,8.638337681557845e-12
FL-2022-000292-LAO,FL_2022_000292_LAO,8.327133e-12,0.0003060638624443,353.0,8.350393148044692e-12
FL-2018-000028-BWA,FL_2018_000028_BWA,8.014033e-12,2.079723631643368e-06,1204.0,8.020661645988419e-12
FL-2010-000023-ECU,FL_2010_000023_ECU,7.225579e-12,0.0001605746405197,560.0,7.23836763539823e-12
ST-2011-000073-CAF,ST_2011_000073_CAF,6.9211707e-12,0.0010332900523528,110.0,6.981354793043478e-12
FL-2012-000003-BRA,FL_2012_000003_BRA,6.9102853e-12,0.000924275892867,133.0,6.960359831159421e-12
FL-2006-000065-TZA,FL_2006_000065_TZA,6.9112333e-12,0.0001559187085498,565.0,6.923358270701754e-12
FL-1999-000071-MOZ,FL_1999_000071_MOZ,6.778937e-12,0.0001474205040385,577.0,6.790584658075602e-12
FL-2013-000006-IDN,FL_2013_000006_IDN,6.061138e-12,0.0001246969384294,633.0,6.0706382163009396e-12
FL-1999-000324-HND,FL_1999_000324_HND,5.9354717e-12,0.000202890801655,474.0,5.9478630814196246e-12
FL-2010-000162-HND,FL_2010_000162_HND,5.875344e-12,0.0001165812442345,655.0,5.884246036363636e-12
FL-2009-000165-CHL,FL_2009_000165_CHL,5.6418247e-12,1.2177254829471786e-05,1106.0,5.646902850045004e-12
FL-2021-000135-GIN,FL_2021_000135_GIN,5.467348e-12,3.589657641696213e-05,955.0,5.473043154166666e-12
FL-2020-000210-VNM,FL_2020_000210_VNM,5.309275e-12,9.687278978575736e-05,719.0,5.316608252762431e-12
FL-2005-000196-LKA,FL_2005_000196_LKA,5.235533e-12,0.0001202889453742,645.0,5.243587666153846e-12
FL-2012-000175-GMB,FL_2012_000175_GMB,5.1443446e-12,9.0767289942072e-05,733.0,5.151315256639566e-12
FL-2019-000133-SOM,FL_2019_000133_SOM,4.928059e-12,0.0005111082114613,234.0,4.948678493723849e-12
FL-2002-000054-IDN,FL_2002_000054_IDN,4.694161e-12,0.0005249457907499,227.0,4.714394452586207e-12
FL-2010-000114-BGD,FL_2010_000114_BGD,4.6728142e-12,4.525641003439085e-05,911.0,4.677915525545852e-12
FL-2011-000107-MMR,FL_2011_000107_MMR,4.6540714e-12,3.7131256988613e-05,949.0,4.658949881551363e-12
FL-2021-000127-NER,FL_2021_000127_NER,4.2910146e-12,0.001413313223094,69.0,4.349001283783784e-12
FL-2013-000123-CMR,FL_2013_000123_CMR,3.900049e-12,0.0066258407883698,10.0,4.160052266666666e-12
FL-2003-000505-VNM,FL_2003_000505_VNM,3.931275e-12,2.1948511014355814e-05,1030.0,3.935073333333333e-12
FL-2021-000110-YEM,FL_2021_000110_YEM,3.488285e-12,4.1120983970260834e-05,934.0,3.4919998935037274e-12
FL-2007-000165-BEN,FL_2007_000165_BEN,2.954371e-12,0.0003462533413609,321.0,2.9634334877300612e-12
FL-2008-000094-ZAF,FL_2008_000094_ZAF,2.9019415e-12,6.181506377861296e-05,839.0,2.9053798193127966e-12
FL-2011-000037-BDI,FL_2011_000037_BDI,2.8048312e-12,0.0002016082311332,476.0,2.8106624498960498e-12
FL-2002-000296-PRY,FL_2002_000296_PRY,2.512786e-12,0.0001798706612741,521.0,2.5175631596958176e-12
FL-2021-000005-IDN,FL_2021_000005_IDN,2.4313533e-12,0.0001315895993883,617.0,2.4352622281350484e-12
FL-2019-000064-SDN,FL_2019_000064_SDN,2.4090437e-12,2.382721196456512e-05,1018.0,2.411398581427175e-12
FL-2016-000097-PRK,FL_2016_000097_PRK,2.3018549e-12,0.0019614159284358,44.0,2.348831530612245e-12
FL-2006-000041-SRB,FL_2006_000041_SRB,2.3428627e-12,3.5401516646312297e-06,1181.0,2.3448381322934236e-12
FL-2019-000051-LBY,FL_2019_000051_LBY,2.3091277e-12,0.0012802574730676,81.0,2.3359780220930236e-12
FL-2014-000115-NER,FL_2014_000115_NER,2.3105662e-12,0.0001165229521039,657.0,2.3140564812688823e-12
FL-2007-000141-NGA,FL_2007_000141_NGA,1.921568e-12,0.0006066238927375,186.0,1.931628565445026e-12
FL-2015-000080-MMR,FL_2015_000080_MMR,1.7966818e-12,4.4757401077070913e-05,915.0,1.7986347149999998e-12
FL-2007-000040-HTI,FL_2007_000040_HTI,1.7541081e-12,0.0007855630741229,151.0,1.7653523826923076e-12
FL-2000-000012-MOZ,FL_2000_000012_MOZ,1.7552205e-12,4.452335525789154e-05,919.0,1.757120089285714e-12
FL-2013-000157-BRA,FL_2013_000157_BRA,1.7243485e-12,0.0005047447430538,238.0,1.73144458436214e-12
FL-2011-000131-GIN,FL_2011_000131_GIN,1.7055125e-12,4.271991818752916e-05,930.0,1.707336577540107e-12
FL-2018-000054-BDI,FL_2018_000054_BDI,1.6409789e-12,1.029705640688353e-05,1123.0,1.6424336685283687e-12
FL-2011-000156-HTI,FL_2011_000156_HTI,1.5240478e-12,0.0001186281023995,651.0,1.526371043597561e-12
FL-2005-000157-MDA,FL_2005_000157_MDA,1.4273396e-12,6.1849190511614e-05,838.0,1.4290327667852908e-12
FL-2009-000248-URY,FL_2009_000248_URY,1.4003844e-12,0.0001908821687303,500.0,1.4031574384158416e-12
FL-2009-000120-BWA,FL_2009_000120_BWA,1.3682084e-12,0.0003269713782799,335.0,1.3722325423529412e-12
FL-2010-000115-MMR,FL_2010_000115_MMR,1.3618579e-12,4.407565270202018e-05,922.0,1.3633270023732471e-12
FL-1999-000531-COD,FL_1999_000531_COD,1.2914339e-12,6.074586176370766e-05,846.0,1.2929514486486487e-12
FL-2015-000018-PNG,FL_2015_000018_PNG,1.2606168e-12,0.000221816493174,447.0,1.2634057752212389e-12
FF-2007-000049-TJK,FF_2007_000049_TJK,1.2170442e-12,5.542090708610869e-05,871.0,1.2184335198630138e-12
FL-2011-000067-PHL,FL_2011_000067_PHL,1.1899987e-12,0.0003362911157789,331.0,1.193540362797619e-12
FL-2018-000140-MLI,FL_2018_000140_MLI,1.1459202e-12,0.0014167383754592,68.0,1.1616177369863014e-12
FL-2016-000058-MMR,FL_2016_000058_MMR,1.1446994e-12,0.000842811294401,141.0,1.1525398068493151e-12
FL-2012-000164-CAF,FL_2012_000164_CAF,1.0947988e-12,0.000954848232541,123.0,1.1033519156250001e-12
FL-2001-000376-PAK,FL_2001_000376_PAK,1.0178225e-12,0.000599610777967,192.0,1.0229891116751268e-12
FL-2021-000043-YEM,FL_2021_000043_YEM,9.240069e-13,0.0005971187679291,193.0,9.286736015151515e-13
FL-2019-000098-CAF,FL_2019_000098_CAF,7.8565957e-13,0.0013851416709274,73.0,7.957321285897435e-13
FL-2006-000092-KOR,FL_2006_000092_KOR,7.739372e-13,0.0005268010068124,225.0,7.773021443478261e-13
FL-2000-000187-ROM,FL_2000_000187_ROM,6.863258e-13,6.177501950941708e-05,840.0,6.871380198816567e-13
FL-2016-000072-SDN,FL_2016_000072_SDN,6.7257235e-13,0.0002280794299619,440.0,6.740837485393259e-13
FF-2021-000032-TLS,FF_2021_000032_TLS,6.294817e-13,0.0002974829537643,364.0,6.311876124661247e-13
FF-2011-000066-TJK,FF_2011_000066_TJK,5.6678826e-13,0.0021396517496194,38.0,5.799693823255814e-13
FL-1998-000221-NPL,FL_1998_000221_NPL,5.6332353e-13,8.83438493826638e-06,1139.0,5.638159456730769e-13
FL-1998-000080-ARG,FL_1998_000080_ARG,5.6285407e-13,5.327056672102158e-05,882.0,5.634886292671928e-13
FL-2005-000108-PAK,FL_2005_000108_PAK,5.311889e-13,0.000154980308988,569.0,5.321143162020906e-13
FL-2019-000108-MRT,FL_2019_000108_MRT,5.255561e-13,0.0002386789770945,428.0,5.267698554272518e-13
FL-2002-000263-CRI,FL_2002_000263_CRI,5.059484e-13,0.0002886023006705,370.0,5.072975957333332e-13
FL-1999-000428-VNM,FL_1999_000428_VNM,4.7087567e-13,0.0003847261759873,296.0,4.724400409966777e-13
FL-2022-000286-MRT,FL_2022_000286_MRT,4.6131415e-13,0.0002425324700264,421.0,4.623970470657276e-13
FL-2007-000147-NER,FL_2007_000147_NER,4.497541e-13,0.0001613854432475,559.0,4.5055153634751775e-13
FL-2012-000198-PAN,FL_2012_000198_PAN,2.9146667e-13,0.0001455622076455,587.0,2.91959012347973e-13
FF-2020-000123-YEM,FF_2020_000123_YEM,2.3195077e-13,0.0007689804818761,158.0,2.333737808588957e-13
FL-2013-000103-YEM,FL_2013_000103_YEM,2.2421417e-13,0.0004439324882777,260.0,2.2506026120754718e-13
FF-2011-000088-NGA,FF_2011_000088_NGA,2.2243744e-13,2.250251443596213e-05,1024.0,2.2265360855199223e-13
FF-2013-000118-BEN,FF_2013_000118_BEN,1.8139383e-13,0.000238292112852,429.0,1.8181178813364055e-13
FF-2008-000194-VNM,FF_2008_000194_VNM,1.8025207e-13,4.2768218595937e-05,929.0,1.8044505936830837e-13
FL-2006-000178-JAM,FL_2006_000178_JAM,1.6528886e-13,1.6606042312432393e-05,1074.0,1.654420470806302e-13
FL-2019-000101-NER,FL_2019_000101_NER,1.5941813e-13,0.0002187002713784,451.0,1.5976773116228072e-13
FL-2021-000096-PAN,FL_2021_000096_PAN,1.5814916e-13,0.0004624143003141,256.0,1.5875509547892723e-13
FL-2010-000225-PAN,FL_2010_000225_PAN,1.5445368e-13,0.0002348801602337,433.0,1.5480631397260277e-13
FL-2019-000156-DJI,FL_2019_000156_DJI,1.4158164e-13,0.0001662895926176,546.0,1.4183859397459163e-13
FL-2014-000122-PAK,FL_2014_000122_PAK,1.306307e-13,0.0001228124755845,638.0,1.3083385816485227e-13
FL-2002-000536-MMR,FL_2002_000536_MMR,1.26535e-13,6.242989589824011e-05,834.0,1.2668581644815257e-13
FL-2020-000202-GIN,FL_2020_000202_GIN,1.1923901e-13,0.0002671217496412,394.0,1.1953785463659147e-13
FL-2000-000375-CHL,FL_2000_000375_CHL,1.190857e-13,0.0001451141973796,589.0,1.1928618097643097e-13
FL-2000-000770-IDN,FL_2000_000770_IDN,1.1603689e-13,0.0002152004837308,456.0,1.162885969197397e-13
FL-2002-000325-JAM,FL_2002_000325_JAM,1.1567242e-13,2.9294757122595705e-05,997.0,1.1578786153692613e-13
FF-2020-000240-ZMB,FF_2020_000240_ZMB,1.0429014e-13,0.0001593343250642,561.0,1.0447439819787986e-13
FL-2008-000024-PHL,FL_2008_000024_PHL,8.47343e-14,0.0001461746520494,583.0,8.487840595238096e-14
FF-2006-000022-TLS,FF_2006_000022_TLS,6.760688e-14,0.0001168123656847,654.0,6.770947010622154e-14
FL-2003-000293-TLS,FL_2003_000293_TLS,6.596005e-14,6.704100323991469e-06,1157.0,6.601681424268503e-14
FL-2005-000168-NPL,FL_2005_000168_NPL,6.21652e-14,4.770918935945456e-05,900.0,6.223389082872928e-14
FL-2009-000206-HTI,FL_2009_000206_HTI,6.1196165e-14,0.0006109547825117,185.0,6.151825007894737e-14
FL-2003-000624-HTI,FL_2003_000624_HTI,5.2243407e-14,0.0031726011103135,27.0,5.3876013468749996e-14
FF-2007-000008-LKA,FF_2007_000008_LKA,5.08389e-14,2.92245641474973e-05,998.0,5.088958683948156e-14
FL-2017-000174-ALB,FL_2017_000174_ALB,4.9136205e-14,5.553735408466695e-06,1164.0,4.9178237681779304e-14
FL-2003-000647-TLS,FL_2003_000647_TLS,4.8622754e-14,0.0002705567238146,390.0,4.874584957974684e-14
FF-2017-000101-VNM,FF_2017_000101_VNM,4.8069696e-14,4.828591578774646e-05,899.0,4.812287044247788e-14
FL-2015-000068-BGD,FL_2015_000068_BGD,4.577043e-14,0.0001548115194828,570.0,4.585003074782609e-14
FL-2007-000003-PHL,FL_2007_000003_PHL,4.5540025e-14,0.0004387784028309,265.0,4.5708691759259263e-14
FL-2008-000158-PAN,FL_2008_000158_PAN,4.5067564e-14,0.0004712197907786,251.0,4.5243609171875e-14
FL-2008-000182-RWA,FL_2008_000182_RWA,4.317271e-14,0.0001209555722736,642.0,4.323943752704792e-14
FL-2002-000322-CHL,FL_2002_000322_CHL,4.0394737e-14,1.6600847341470495e-05,1075.0,4.043213953425926e-14
FL-2015-000079-CRI,FL_2015_000079_CRI,3.4741175e-14,0.0009411858636597,127.0,3.500436571969697e-14
FL-2002-000782-MKD,FL_2002_000782_MKD,3.040457e-14,3.290085159271901e-05,968.0,3.0435818273381296e-14
FL-2008-000239-NIC,FL_2008_000239_NIC,2.8942957e-14,0.0001081632380429,679.0,2.8985271264619886e-14
FL-2001-000521-TCD,FL_2001_000521_TCD,2.8157882e-14,0.0002920919369338,368.0,2.8233372300268095e-14
FL-2009-000101-PAN,FL_2009_000101_PAN,2.8201494e-14,4.915779274545413e-05,894.0,2.82328638487208e-14
FL-2014-000019-BDI,FL_2014_000019_BDI,2.7719463e-14,1.0123124806849129e-05,1126.0,2.7743971809018565e-14
FL-2014-000005-IDN,FL_2014_000005_IDN,2.348452e-14,2.6363839489271518e-06,1195.0,2.350409043333333e-14
FL-2009-000031-DOM,FL_2009_000031_DOM,2.3215474e-14,0.0009852975245198,117.0,2.34057647704918e-14
FL-2020-000054-BDI,FL_2020_000054_BDI,2.217027e-14,5.561587385782937e-05,867.0,2.2195694621559633e-14
FL-2012-000056-PRY,FL_2012_000056_PRY,1.9983227e-14,0.0001078824342935,684.0,2.0012230232220608e-14
FL-2011-000096-PRK,FL_2011_000096_PRK,1.9731426e-14,3.0628144083453195e-05,988.0,1.9751296519637463e-14
FL-2017-000010-PHL,FL_2017_000010_PHL,1.676731e-14,0.0005300456476209,221.0,1.684150163716814e-14
FL-2010-000041-SOM,FL_2010_000041_SOM,1.5656132e-14,0.0017253936330524,55.0,1.591706753333333e-14
FF-2008-000186-COD,FF_2008_000186_COD,1.419892e-14,1.866409648976799e-05,1053.0,1.4212340529300568e-14
FL-2013-000101-LAO,FL_2013_000101_LAO,1.4034084e-14,0.0001950934000463,492.0,1.4062321593561367e-14
FL-2003-000080-ARG,FL_2003_000080_ARG,1.3706162e-14,0.0001024448098763,698.0,1.3725658674253201e-14
ST-2015-000041-PRY,ST_2015_000041_PRY,1.3591998e-14,0.0009307245164354,130.0,1.3692679466666665e-14
FL-2006-000171-HTI,FL_2006_000171_HTI,1.26678605e-14,0.0005547802859966,209.0,1.2727056109813085e-14
FL-2000-000255-ARG,FL_2000_000255_ARG,1.11779414e-14,3.057492081225494e-05,989.0,1.11891868138833e-14
FL-2015-000053-CAF,FL_2015_000053_CAF,1.1029864e-14,0.0003016705808075,357.0,1.1060333237569061e-14
FL-2015-000131-SLE,FL_2015_000131_SLE,1.0298391e-14,0.0001333327568848,614.0,1.0315028142164784e-14
FL-2019-000135-GHA,FL_2019_000135_GHA,9.805341e-15,4.523722396174551e-05,912.0,9.816033847328245e-15
FF-2008-000123-PAK,FF_2008_000123_PAK,9.768212e-15,0.0001300494850729,619.0,9.783866185897436e-15
FF-2013-000091-SDN,FF_2013_000091_SDN,7.786814e-15,1.8315438746235767e-05,1054.0,7.794166987724269e-15
FL-2012-000009-FJI,FL_2012_000009_FJI,7.12229e-15,3.0178927710421905e-05,993.0,7.129426563126254e-15
FL-2009-000216-ITA,FL_2009_000216_ITA,6.4400046e-15,9.251723374916557e-06,1135.0,6.445653726842104e-15
FL-2014-000117-BGD,FL_2014_000117_BGD,5.7168934e-15,2.6008153447570547e-05,1009.0,5.722531361932938e-15
FL-2012-000106-BGD,FL_2012_000106_BGD,5.507162e-15,0.0003963739455984,292.0,5.525704632996633e-15
FL-2007-000044-ARG,FL_2007_000044_ARG,5.26258e-15,0.0001619015126644,558.0,5.271927388987566e-15
FL-2008-000180-NIC,FL_2008_000180_NIC,5.2104626e-15,0.0005935533013395,194.0,5.236645829145729e-15
FL-2022-000254-PAK,FL_2022_000254_PAK,5.0963177e-15,0.000359023320524,315.0,5.1122436928125e-15
FF-2007-000081-NPL,FF_2007_000081_NPL,4.6858998e-15,0.0001801557716267,520.0,4.694825323428571e-15
FL-2004-000028-DOM,FL_2004_000028_DOM,4.445709e-15,0.0006543930591161,174.0,4.470545363128492e-15
FL-2007-000159-RWA,FL_2007_000159_RWA,4.3921606e-15,0.0001856107564399,508.0,4.400722316569201e-15
FL-2011-000106-GHA,FL_2011_000106_GHA,3.5110373e-15,4.559795504753135e-06,1173.0,3.5140178070458404e-15
FL-2008-000234-BRA,FL_2008_000234_BRA,3.4576037e-15,0.0001337478855715,613.0,3.4631985279935274e-15
FL-2003-000359-PAK,FL_2003_000359_PAK,3.227582e-15,0.000409834291568,281.0,3.2388672517482517e-15
FF-2012-000107-SLB,FF_2012_000107_SLB,3.00091e-15,1.4476660506781366e-05,1088.0,3.003655571820677e-15
FL-1997-000295-COD,FL_1997_000295_COD,2.5249046e-15,4.319476282285942e-05,926.0,2.5276166350161117e-15
FL-2018-000144-PRK,FL_2018_000144_PRK,2.2407638e-15,6.907222141039216e-05,813.0,2.2435031200488996e-15
FL-2012-000126-PAN,FL_2012_000126_PAN,2.2085325e-15,0.0001779562823784,527.0,2.212683876879699e-15
FL-2021-000084-TCD,FL_2021_000084_TCD,2.2033828e-15,0.0001439903913234,596.0,2.2070489943427617e-15
FF-2019-000054-YEM,FF_2019_000054_YEM,1.7423707e-15,0.0002762073400781,384.0,1.746849802056555e-15
FL-2003-000028-BRA,FL_2003_000028_BRA,1.6858248e-15,0.000201956853527,475.0,1.6893369350000001e-15
FF-2013-000090-PAK,FF_2013_000090_PAK,1.6364307e-15,9.938089115350548e-05,709.0,1.638722619747899e-15
FL-2020-000190-NER,FL_2020_000190_NER,1.5952611e-15,8.805889090173084e-05,744.0,1.5973909546061416e-15
FL-2009-000133-ZAF,FL_2009_000133_ZAF,1.4115229e-15,8.004792658386437e-05,774.0,1.413334867779204e-15
FL-2008-000187-BDI,FL_2008_000187_BDI,1.2212749e-15,3.009561862568097e-05,995.0,1.2224961748999998e-15
FL-2002-000376-RUS,FL_2002_000376_RUS,1.0884727e-15,0.0003716548956324,306.0,1.0919726122186496e-15
FL-2009-000089-BRA,FL_2009_000089_BRA,9.226308e-16,0.0012071665307826,90.0,9.323427031578948e-16
FL-2004-000120-CRI,FL_2004_000120_CRI,8.1895656e-16,0.0001395912580108,604.0,8.203013162561577e-16
FL-2008-000095-SUR,FL_2008_000095_SUR,7.831122400000001e-16,9.948897384363286e-05,708.0,7.842105741374475e-16
FL-2002-000478-PRK,FL_2002_000478_PRK,7.418202e-16,0.0004925289977392,242.0,7.448235206477732e-16
FL-2017-000091-MMR,FL_2017_000091_MMR,6.560507e-16,8.774499818953301e-06,1140.0,6.566236700436681e-16
FL-2016-000137-ARG,FL_2016_000137_ARG,6.536917500000001e-16,1.7814781617996464e-05,1062.0,6.543043945641988e-16
FL-2004-000051-NPL,FL_2004_000051_NPL,6.513914700000001e-16,1.378999886129063e-05,1093.0,6.519847227049181e-16
FL-2021-000147-THA,FL_2021_000147_THA,5.782561600000001e-16,2.4728590399408894e-05,1013.0,5.788241915913557e-16
FL-1998-000053-ZMB,FL_1998_000053_ZMB,5.558633e-16,6.493798504383812e-05,824.0,5.565338226779253e-16
FL-2002-000540-DZA,FL_2002_000540_DZA,5.242062400000001e-16,0.0019655178037985,43.0,5.351272033333334e-16
FL-2022-000336-VNM,FL_2022_000336_VNM,4.5370293e-16,3.967000193228581e-05,939.0,4.541835475105933e-16
FL-2005-000160-MMR,FL_2005_000160_MMR,4.5119566e-16,0.000122342980934,640.0,4.518951881550387e-16
FL-2005-000063-SRB,FL_2005_000063_SRB,4.073856e-16,3.5904703134770765e-05,954.0,4.0781040250260693e-16
FL-2010-000160-NPL,FL_2010_000160_NPL,3.7926234000000005e-16,0.0001042542904381,696.0,3.7980337044222543e-16
FL-2007-000176-CRI,FL_2007_000176_CRI,3.71339e-16,8.277840484647095e-05,764.0,3.7182188556566977e-16
FL-2006-000030-SRB,FL_2006_000030_SRB,3.3549022e-16,2.385087955458339e-06,1202.0,3.3576817378624694e-16
FL-2004-000023-CRI,FL_2004_000023_CRI,3.1155733e-16,0.0004018861315464,286.0,3.126279737457045e-16
FL-2005-000208-BIH,FL_2005_000208_BIH,2.6469597000000003e-16,2.672607734925397e-06,1194.0,2.6491673394495417e-16
FL-2017-000078-NER,FL_2017_000078_NER,1.9978298000000002e-16,0.0001692812643273,541.0,2.0014888289377292e-16
FL-2011-000043-VCT,FL_2011_000043_VCT,1.7053423e-16,2.419598126625252e-06,1201.0,1.7067563483416252e-16
FL-2005-000038-MDG,FL_2005_000038_MDG,1.584013e-16,6.119925256937856e-05,843.0,1.5858809398584905e-16
FL-2015-000106-BFA,FL_2015_000106_BFA,1.4790258e-16,1.00866140345707e-05,1127.0,1.480332359893993e-16
FF-2009-000069-IDN,FF_2009_000069_IDN,1.3835407e-16,0.0002245579383508,442.0,1.3866358693512305e-16
FL-2001-000236-URY,FL_2001_000236_URY,1.1236556e-16,6.391230894758764e-05,828.0,1.1250045262905163e-16
FL-2007-000222-MYS,FL_2007_000222_MYS,9.781504000000001e-17,0.0003031639669355,356.0,9.808599578947369e-17
FL-2019-000100-MLI,FL_2019_000100_MLI,8.712461000000001e-17,7.738873693185764e-05,783.0,8.723517422588834e-17
FL-2001-000252-ECU,FL_2001_000252_ECU,6.896084000000001e-17,2.4605745549718108e-05,1014.0,6.902851501472032e-17
FL-2021-000092-CRI,FL_2021_000092_CRI,4.7559232e-17,0.0001079275712326,683.0,4.762835879069767e-17
FL-2006-000151-PAN,FL_2006_000151_PAN,4.4242602e-17,0.0001115316815426,669.0,4.430824384272998e-17
FL-2009-000100-DOM,FL_2009_000100_DOM,3.6300365e-17,0.0001164104500989,659.0,3.635503422439759e-17
FL-2007-000127-MRT,FL_2007_000127_MRT,3.55406e-17,0.000751226635114,161.0,3.57547e-17
FL-2007-000220-SRB,FL_2007_000220_SRB,3.4280174e-17,1.4016007146669064e-06,1208.0,3.4308434654575425e-17
FL-2002-000755-CRI,FL_2002_000755_CRI,3.3069238e-17,0.0001455904837803,586.0,3.3125192717428084e-17
FL-2005-000205-PHL,FL_2005_000205_PHL,3.0824515e-17,8.820749895030171e-07,1211.0,3.084986410773026e-17
FL-2014-000045-SLB,FL_2014_000045_SLB,2.97171e-17,0.0004355949058652,268.0,2.982595384615384e-17
FL-2010-000251-CRI,FL_2010_000251_CRI,2.8948443e-17,2.130563715211275e-05,1035.0,2.8976278041346154e-17
FL-2010-000141-PAK,FL_2010_000141_PAK,2.1904073e-17,0.0006117023987034,184.0,2.2019967566137566e-17
FL-2021-000123-CAF,FL_2021_000123_CAF,2.1320618e-17,0.0005395923837404,218.0,2.141622615246637e-17
FL-2007-000129-PAK,FL_2007_000129_PAK,1.6438990000000002e-17,0.0003117679282066,345.0,1.6485958542857145e-17
FL-2022-000217-BGD,FL_2022_000217_BGD,1.448927e-17,3.075458451983831e-05,987.0,1.4503876118951613e-17
FF-2008-000233-PHL,FF_2008_000233_PHL,9.988301e-18,6.667541612417321e-05,820.0,1.0000408031515152e-17
FF-2012-000148-PAK,FF_2012_000148_PAK,9.959807e-18,1.7257294159857467e-05,1067.0,9.969097864738806e-18
FL-1997-000299-PRY,FL_1997_000299_PRY,8.531704e-18,2.022957601439207e-05,1045.0,8.539829432380953e-18
FL-2020-000213-LAO,FL_2020_000213_LAO,7.983617e-18,4.447851770065202e-05,920.0,7.992247937297298e-18
FL-2005-000139-SLE,FL_2005_000139_SLE,7.396628e-18,0.0001982277468756,481.0,7.411847399176954e-18
FL-2007-000088-ECU,FL_2007_000088_ECU,7.352205e-18,8.952241857823462e-06,1138.0,7.358637375328085e-18
FL-2007-000035-AFG,FL_2007_000035_AFG,7.277965e-18,0.0002225059418049,446.0,7.294102394678492e-18
FL-2013-000051-ECU,FL_2013_000051_ECU,6.8091985999999995e-18,1.0142623713490666e-05,1125.0,6.815224439469026e-18
FF-2007-000082-PAK,FF_2007_000082_PAK,5.240954e-18,0.000147648902391,575.0,5.249990127586207e-18
FL-2018-000124-MMR,FL_2018_000124_MMR,5.223277e-18,8.261759784656176e-06,1147.0,5.227811094618056e-18
FL-1997-000526-ECU,FL_1997_000526_ECU,4.227239e-18,6.079231607681937e-05,845.0,4.2322122223529416e-18
FL-2008-000032-KAZ,FL_2008_000032_KAZ,4.0021673999999994e-18,4.4563183987330207e-05,918.0,4.0065034426868895e-18
FL-2009-000178-GIN,FL_2009_000178_GIN,3.623381499999999e-18,3.497776780062819e-05,959.0,3.627140194502074e-18
LS-2010-000040-UGA,LS_2010_000040_UGA,1.967733e-18,0.0001894772080008,503.0,1.9716064901574802e-18
FL-2008-000250-THA,FL_2008_000250_THA,1.5248835999999999e-18,3.0385407996278348e-05,990.0,1.5264161463316583e-18
FL-2010-000127-AFG,FL_2010_000127_AFG,1.0862613999999998e-18,0.0021320992887056,40.0,1.1104005422222219e-18
FL-2022-000328-HND,FL_2022_000328_HND,8.292784999999999e-19,0.0002114772708062,459.0,8.310657381465517e-19
FL-2013-000085-NIC,FL_2013_000085_NIC,4.9804429999999995e-19,0.0004169300709022,278.0,4.998041738515901e-19
FL-2002-000614-LAO,FL_2002_000614_LAO,4.4217327e-19,5.9656359599314016e-05,848.0,4.426916442907385e-19
FL-2020-000172-MMR,FL_2020_000172_MMR,3.5245408999999997e-19,0.0005855282030973,199.0,3.5418180612745096e-19
FL-2022-000332-BEN,FL_2022_000332_BEN,1.7704179999999998e-19,0.000119482964541,647.0,1.7731333650306747e-19
FL-2009-000174-NER,FL_2009_000174_NER,1.4172984999999998e-19,0.0003576650019868,316.0,1.4217137601246102e-19
FL-2015-000009-ALB,FL_2015_000009_ALB,1.2131158e-19,2.0943446585376707e-05,1040.0,1.2142766763636362e-19
FL-2009-000136-BIH,FL_2009_000136_BIH,8.082549e-20,1.0859602121015855e-05,1116.0,8.089759123996432e-20
FL-2005-000105-HTI,FL_2005_000105_HTI,7.594525499999999e-20,0.0002396847390966,427.0,7.612105420138889e-20
FL-2019-000081-MMR,FL_2019_000081_MMR,5.1821667e-20,2.1335226136801587e-05,1034.0,5.187154348411935e-20
FL-1999-000548-YEM,FL_1999_000548_YEM,5.042116e-20,0.0006359294712638,179.0,5.0695188043478255e-20
FL-2012-000140-MMR,FL_2012_000140_MMR,3.8022349999999997e-20,8.50517961387174e-06,1143.0,3.8055470513937276e-20
FL-2019-000093-NGA,FL_2019_000093_NGA,2.9634967e-20,3.257553936232152e-05,972.0,2.9665299617195495e-20
FL-2007-000093-SDN,FL_2007_000093_SDN,2.7797686e-20,0.0003083987356113,350.0,2.787598934084507e-20
FL-2005-000184-VNM,FL_2005_000184_VNM,2.4177124e-20,1.0596688328058996e-05,1118.0,2.4198653050756898e-20
FL-2006-000034-ECU,FL_2006_000034_ECU,1.3250359e-20,2.246159883246666e-05,1025.0,1.3263223426213592e-20
FL-2021-000023-DZA,FL_2021_000023_DZA,1.3198729e-20,0.0004455440932472,259.0,1.3248724185606061e-20
FL-2008-000069-CHL,FL_2008_000069_CHL,1.23786246e-20,1.8092210007189423e-05,1055.0,1.239030254773585e-20
FL-2020-000198-SEN,FL_2020_000198_SEN,2.7034692e-21,0.0009713695861877,119.0,2.725271370967742e-21
FL-2005-000150-NGA,FL_2005_000150_NGA,2.6354608e-21,3.659323779231417e-05,952.0,2.63821467753396e-21
FL-1999-000240-SRB,FL_1999_000240_SRB,8.386397e-22,2.9576538266558983e-06,1187.0,8.393432567953019e-22
FF-2008-000082-PHL,FF_2008_000082_PHL,8.3451906e-22,0.0001354331164956,610.0,8.358760015609757e-22
FL-1999-000423-TGO,FL_1999_000423_TGO,6.407606400000001e-22,1.7296285267074728e-05,1065.0,6.413594817196263e-22
FL-2022-000348-CRI,FL_2022_000348_CRI,6.178965e-22,0.000247299023575,414.0,6.193711933174224e-22
FL-2009-000080-AFG,FL_2009_000080_AFG,5.0433365e-22,0.0009934956708099,115.0,5.085364304166666e-22
FL-2021-000068-SUR,FL_2021_000068_SUR,9.662124000000001e-23,2.3495429743037337e-05,1021.0,9.671541274853802e-23
FL-2020-000192-TCD,FL_2020_000192_TCD,2.4083969e-23,7.355046725940556e-05,799.0,2.411392418532338e-23
FL-2015-000176-BDI,FL_2015_000176_BDI,6.5616176e-24,4.266069665768062e-06,1174.0,6.5671830093299415e-24
FL-2019-000087-PAK,FL_2019_000087_PAK,2.1539007e-24,7.544796565964189e-06,1151.0,2.155763935899654e-24
FL-2019-000167-BDI,FL_2019_000167_BDI,1.903383e-24,0.0001205822304949,643.0,1.9063203194444442e-24
FL-2009-000023-ECU,FL_2009_000023_ECU,1.2305041000000001e-24,2.829910639268609e-05,1000.0,1.2317284821890548e-24
FL-2009-000267-SRB,FL_2009_000267_SRB,9.300249e-25,5.534907892745688e-06,1165.0,9.308197930769231e-25
FL-2010-000091-VNM,FL_2010_000091_VNM,2.9232104e-26,8.642181844228609e-05,751.0,2.9270770804232806e-26
FL-1997-000092-ECU,FL_1997_000092_ECU,4.6673140000000005e-27,1.5397980918924776e-05,1080.0,4.6716156718894016e-27
FL-2001-000096-UKR,FL_2001_000096_UKR,2.7954247000000002e-27,0.0010914977997873,102.0,2.821550164485981e-27
FL-2001-000095-HUN,FL_2001_000095_HUN,2.7954247000000002e-27,0.0002244877366155,443.0,2.8016644872767856e-27
FL-2001-000079-ROM,FL_2001_000079_ROM,2.7954247000000002e-27,0.0002061376407079,467.0,2.8013472099576275e-27
FL-2009-000144-NER,FL_2009_000144_NER,1.7569837e-27,6.670994227693674e-06,1158.0,1.758494434049871e-27
FL-2003-000389-BFA,FL_2003_000389_BFA,1.2177493e-30,0.0002963210613351,366.0,1.2210316431266845e-30
FL-2009-000240-PAN,FL_2009_000240_PAN,3.409208e-32,0.0003727677208012,305.0,3.42020544516129e-32
FL-2020-000185-PAK,FL_2020_000185_PAK,1.4871463000000002e-32,0.000377754807152,302.0,1.4919904247557005e-32
FF-2012-000118-AFG,FF_2012_000118_AFG,8.664749e-33,4.312720077861369e-05,927.0,8.674045940987125e-33
FL-2020-000050-AFG,FL_2020_000050_AFG,4.13711e-35,0.0006278836479186,181.0,4.15935252688172e-35
FL-2018-000014-ARG,FL_2018_000014_ARG,0.0,0.0005222146607095,230.0,0.0
FL-2017-000107-NPL,FL_2017_000107_NPL,0.0,7.809853911617491e-06,1149.0,0.0
FL-2011-000021-MYS,FL_2011_000021_MYS,0.0,0.0003090694009604,348.0,0.0
FL-2017-000110-MLI,FL_2017_000110_MLI,0.0,0.0047353713393532,20.0,0.0
FL-2022-000265-YEM,FL_2022_000265_YEM,0.0,0.000377799251669,301.0,0.0
FL-2012-000030-KAZ,FL_2012_000030_KAZ,0.0,3.956530253385216e-05,940.0,0.0
FL-2009-000075-BDI,FL_2009_000075_BDI,0.0,1.463483562386968e-06,1207.0,0.0
FL-2014-000038-ZAF,FL_2014_000038_ZAF,0.0,0.0005262868481571,226.0,0.0
FL-2008-000088-USA,FL_2008_000088_USA,0.0,4.5074915463888326e-05,913.0,0.0
FL-2007-000054-AFG,FL_2007_000054_AFG,0.0,0.0005526373563883,211.0,0.0
FL-2012-000089-CUB,FL_2012_000089_CUB,0.0,1.4782452438129267e-05,1086.0,0.0
SL-2002-000428-NPL,SL_2002_000428_NPL,0.0,5.2264646152121954e-05,885.0,0.0
FL-2022-000321-CAF,FL_2022_000321_CAF,0.0,0.0001047449432865,694.0,0.0
FL-2013-000013-BWA,FL_2013_000013_BWA,0.0,0.0018529375176434,48.0,0.0
FL-2009-000183-NGA,FL_2009_000183_NGA,0.0,0.000208396641995,463.0,0.0
FL-2009-000247-MYS,FL_2009_000247_MYS,0.0,0.0002676461544566,392.0,0.0
FL-2022-000271-NGA,FL_2022_000271_NGA,0.0,0.0002772390149254,383.0,0.0
FL-2021-000055-TJK,FL_2021_000055_TJK,0.0,5.83134878761397e-05,854.0,0.0
FL-1997-000177-MMR,FL_1997_000177_MMR,0.0,0.0004191476214188,276.0,0.0
FL-1999-000349-SLV,FL_1999_000349_SLV,0.0,0.0006063142613314,187.0,0.0
FL-2010-000107-PHL,FL_2010_000107_PHL,0.0,0.0011144223491539,98.0,0.0
FL-1999-000574-VNM,FL_1999_000574_VNM,0.0,0.0005390747972486,220.0,0.0
FL-2004-000063-PRK,FL_2004_000063_PRK,0.0,0.0002598481985546,401.0,0.0
FL-2002-000367-SRB,FL_2002_000367_SRB,0.0,2.492565438715067e-06,1200.0,0.0
FL-2006-000127-NPL,FL_2006_000127_NPL,0.0,2.3784382594356293e-05,1020.0,0.0
FF-2006-000049-IDN,FF_2006_000049_IDN,0.0,0.0002402796702178,426.0,0.0
FL-2000-000583-LAO,FL_2000_000583_LAO,0.0,1.4747168039962383e-05,1087.0,0.0
FL-2000-000476-NPL,FL_2000_000476_NPL,0.0,3.393455688537588e-05,964.0,0.0
FL-2005-000171-SLV,FL_2005_000171_SLV,0.0,0.0002430524670083,419.0,0.0
FL-2020-000019-MDG,FL_2020_000019_MDG,0.0,2.4437372930215104e-05,1016.0,0.0
FL-2019-000162-MYS,FL_2019_000162_MYS,0.0,0.0001981836882683,482.0,0.0
FL-2006-000056-AFG,FL_2006_000056_AFG,0.0,0.000164486423501,551.0,0.0
FL-2006-000062-THA,FL_2006_000062_THA,0.0,7.575377952778866e-05,790.0,0.0
FL-2017-000160-HND,FL_2017_000160_HND,0.0,4.026495483804739e-06,1176.0,0.0
FL-2007-000199-THA,FL_2007_000199_THA,0.0,5.883094979935535e-05,852.0,0.0
FL-2018-000120-NGA,FL_2018_000120_NGA,0.0,8.111299744739586e-05,770.0,0.0
FL-2016-000085-MLI,FL_2016_000085_MLI,0.0,0.0005761648618787,202.0,0.0
FL-2005-000166-CRI,FL_2005_000166_CRI,0.0,7.760051354589104e-05,782.0,0.0
FL-2010-000219-PHL,FL_2010_000219_PHL,0.0,0.000196344552867,488.0,0.0
FL-2007-000022-ARG,FL_2007_000022_ARG,0.0,9.809336646480253e-05,712.0,0.0
FL-2012-000128-SSD,FL_2012_000128_SSD,0.0,0.0001805088936268,519.0,0.0
FL-2009-000145-NPL,FL_2009_000145_NPL,0.0,1.918570506990482e-05,1050.0,0.0
FL-2011-000161-SOM,FL_2011_000161_SOM,0.0,0.0001832276547368,515.0,0.0
FL-2012-000151-TCD,FL_2012_000151_TCD,0.0,1.3237632503759289e-05,1098.0,0.0
FL-2019-000103-LAO,FL_2019_000103_LAO,0.0,8.835066239584906e-05,741.0,0.0
FL-2002-000482-RUS,FL_2002_000482_RUS,0.0,0.0004602198725359,257.0,0.0
FL-2012-000138-NGA,FL_2012_000138_NGA,0.0,0.0002122512133416,458.0,0.0
FL-2004-000142-ALB,FL_2004_000142_ALB,0.0,1.2136864721043609e-05,1107.0,0.0
FL-2021-000091-PHL,FL_2021_000091_PHL,0.0,0.0001008990395269,704.0,0.0
FF-2007-000080-BGD,FF_2007_000080_BGD,0.0,0.0002064874930289,466.0,0.0
FL-2015-000155-NGA,FL_2015_000155_NGA,0.0,3.027607920630644e-05,991.0,0.0
FL-2019-000089-SLE,FL_2019_000089_SLE,0.0,0.0001687235125639,542.0,0.0
FL-2009-000147-NIC,FL_2009_000147_NIC,0.0,0.0002665073544335,395.0,0.0
FF-2009-000159-PAK,FF_2009_000159_PAK,0.0,0.0003120920927497,344.0,0.0
FL-2008-000104-NPL,FL_2008_000104_NPL,0.0,8.710629291415105e-05,749.0,0.0
FL-2005-000001-CRI,FL_2005_000001_CRI,0.0,8.244925334138973e-05,766.0,0.0
FL-2021-000134-NPL,FL_2021_000134_NPL,0.0,2.598883776631897e-06,1196.0,0.0
FL-2012-000123-PRK,FL_2012_000123_PRK,0.0,0.0001074509500508,687.0,0.0
FL-2008-000096-BGD,FL_2008_000096_BGD,0.0,0.0003448838261158,323.0,0.0
FL-2007-000158-TGO,FL_2007_000158_TGO,0.0,1.9715535951930832e-05,1048.0,0.0
LS-2011-000104-ECU,LS_2011_000104_ECU,0.0,2.285257791006624e-05,1023.0,0.0
FL-2013-000087-MMR,FL_2013_000087_MMR,0.0,0.0004292483326188,272.0,0.0
FL-2009-000234-PHL,FL_2009_000234_PHL,0.0,0.0005068365961156,235.0,0.0
FL-2004-000044-BGD,FL_2004_000044_BGD,0.0,5.679734977480454e-05,860.0,0.0
FL-2006-000123-SDN,FL_2006_000123_SDN,0.0,0.0001924223050064,496.0,0.0
FL-1999-000363-NIC,FL_1999_000363_NIC,0.0,0.0002010873330013,477.0,0.0
FL-1997-000164-BGD,FL_1997_000164_BGD,0.0,4.8517771482305147e-05,896.0,0.0
FL-2003-000455-NGA,FL_2003_000455_NGA,0.0,0.0001787878954266,523.0,0.0
FL-2007-000174-CAF,FL_2007_000174_CAF,0.0,0.0017419089215307,53.0,0.0
FL-2004-000100-PAN,FL_2004_000100_PAN,0.0,0.0002671871001748,393.0,0.0
FL-2016-000075-BGD,FL_2016_000075_BGD,0.0,0.0002805344877704,377.0,0.0
FF-2013-000088-AFG,FF_2013_000088_AFG,0.0,0.0032871226691385,26.0,0.0
FL-2011-000082-NPL,FL_2011_000082_NPL,0.0,1.7865961399521804e-05,1060.0,0.0
FL-2017-000126-NGA,FL_2017_000126_NGA,0.0,0.0001978882721742,484.0,0.0
FL-1999-000413-CAF,FL_1999_000413_CAF,0.0,0.001052086875825,107.0,0.0
FL-2021-000050-AFG,FL_2021_000050_AFG,0.0,0.0012279933484467,86.0,0.0
FL-2013-000142-VNM,FL_2013_000142_VNM,0.0,0.0001242202579571,636.0,0.0
FL-2007-000177-SLE,FL_2007_000177_SLE,0.0,0.0004193190967294,275.0,0.0
FL-2009-000177-GMB,FL_2009_000177_GMB,0.0,1.0170703284851604e-05,1124.0,0.0
FL-2008-000155-CHL,FL_2008_000155_CHL,0.0,7.474650066885672e-05,792.0,0.0
FL-2009-000123-BGD,FL_2009_000123_BGD,0.0,0.0001253383427224,630.0,0.0
FL-2007-000144-LBR,FL_2007_000144_LBR,0.0,0.000662012743566,171.0,0.0
FL-2010-000153-PRK,FL_2010_000153_PRK,0.0,0.002132708199803,39.0,0.0
FL-2002-000402-BGD,FL_2002_000402_BGD,0.0,4.727638752224453e-05,902.0,0.0
FL-2016-000068-NPL,FL_2016_000068_NPL,0.0,1.3106259926844194e-05,1100.0,0.0
FL-2013-000112-CAF,FL_2013_000112_CAF,0.0,0.0007605459509037,159.0,0.0
FL-2009-000171-AFG,FL_2009_000171_AFG,0.0,0.0002746622351286,385.0,0.0
FL-2021-000001-MYS,FL_2021_000001_MYS,0.0,0.0001249586568417,631.0,0.0
FL-2012-000132-NPL,FL_2012_000132_NPL,0.0,7.363669452933159e-06,1153.0,0.0
FL-2009-000198-BEN,FL_2009_000198_BEN,0.0,0.0073969611961611,8.0,0.0
FL-2006-000115-HTI,FL_2006_000115_HTI,0.0,0.0007821663619949,153.0,0.0
FL-2022-000201-ZAF,FL_2022_000201_ZAF,0.0,1.229003465057424e-05,1104.0,0.0
FL-2003-000037-MDG,FL_2003_000037_MDG,0.0,0.0001388995730431,606.0,0.0
FL-2006-000086-CHL,FL_2006_000086_CHL,0.0,5.6049648533527e-05,864.0,0.0
FL-2022-000376-COD,FL_2022_000376_COD,0.0,0.0010978636556456,101.0,0.0
FL-2005-000109-PRK,FL_2005_000109_PRK,0.0,0.0005060073080684,237.0,0.0
FL-2003-000220-NAM,FL_2003_000220_NAM,0.0,0.0001445039370407,592.0,0.0
FL-2022-000382-ZAF,FL_2022_000382_ZAF,0.0,0.0002895644962536,369.0,0.0
FL-2013-000023-ZMB,FL_2013_000023_ZMB,0.0,3.36667872707241e-05,965.0,0.0
FL-2009-000039-CRI,FL_2009_000039_CRI,0.0,0.000448180754976,258.0,0.0
FL-2009-000179-LBR,FL_2009_000179_LBR,0.0,9.694147036702516e-05,718.0,0.0
FF-2007-000091-AFG,FF_2007_000091_AFG,0.0,0.0005476801767091,215.0,0.0
FL-2017-000083-GIN,FL_2017_000083_GIN,0.0,9.243630378419e-05,729.0,0.0
FL-2009-000219-NPL,FL_2009_000219_NPL,0.0,6.435857938693233e-05,826.0,0.0
FL-2016-000071-LBR,FL_2016_000071_LBR,0.0,0.0002719987403393,389.0,0.0
FL-1999-000132-BLR,FL_1999_000132_BLR,0.0,1.7213820255382569e-06,1206.0,0.0
FL-2006-000131-BGD,FL_2006_000131_BGD,0.0,9.787524903416248e-05,713.0,0.0
FF-2020-000191-AFG,FF_2020_000191_AFG,0.0,0.0001638987899864,553.0,0.0
FL-2006-000189-MYS,FL_2006_000189_MYS,0.0,0.0011539142627874,97.0,0.0
FL-1999-000286-GMB,FL_1999_000286_GMB,0.0,9.076878951383369e-05,732.0,0.0
FL-2017-000079-TJK,FL_2017_000079_TJK,0.0,0.0002336573850433,434.0,0.0
FL-2021-000204-BRA,FL_2021_000204_BRA,0.0,0.0002372973958565,431.0,0.0
FL-2015-000024-ARG,FL_2015_000024_ARG,0.0,0.0004890165135749,246.0,0.0
FF-2019-000018-AFG,FF_2019_000018_AFG,0.0,0.0003132954431517,342.0,0.0
FL-2015-000164-COD,FL_2015_000164_COD,0.0,0.001343976810021,76.0,0.0
FL-2005-000103-SLV,FL_2005_000103_SLV,0.0,2.0696413275559275e-05,1043.0,0.0
FL-2007-000123-NGA,FL_2007_000123_NGA,0.0,2.0368640055866468e-05,1044.0,0.0
FL-2020-000161-BGD,FL_2020_000161_BGD,0.0,0.0001244690539644,635.0,0.0
FL-2019-000058-TJK,FL_2019_000058_TJK,0.0,0.0024855417301871,31.0,0.0
FL-2008-000191-SLV,FL_2008_000191_SLV,0.0,2.5643135748942424e-06,1198.0,0.0
FL-2009-000186-TCD,FL_2009_000186_TCD,0.0,0.0009876328374226,116.0,0.0
FL-2010-000149-GTM,FL_2010_000149_GTM,0.0,5.798054725863567e-06,1161.0,0.0
FL-2009-000129-CAF,FL_2009_000129_CAF,0.0,0.0016825664001274,58.0,0.0
FL-2007-000181-HTI,FL_2007_000181_HTI,0.0,0.0002535375343593,408.0,0.0
FL-2011-000093-BGD,FL_2011_000093_BGD,0.0,9.7427273506356e-05,715.0,0.0
FL-2008-000103-SLV,FL_2008_000103_SLV,0.0,0.0006447906903333,176.0,0.0
FL-2020-000165-NPL,FL_2020_000165_NPL,0.0,0.0002192846265191,449.0,0.0
FL-2003-000368-SDN,FL_2003_000368_SDN,0.0,8.450289967653864e-05,756.0,0.0
FL-2007-000126-PRK,FL_2007_000126_PRK,0.0,0.0008292636614632,144.0,0.0
FL-2013-000116-NGA,FL_2013_000116_NGA,0.0,1.481732616123304e-05,1084.0,0.0
FL-1997-000097-AFG,FL_1997_000097_AFG,0.0,3.235861682233964e-05,974.0,0.0
FL-2004-000115-PAN,FL_2004_000115_PAN,0.0,0.0002405141269043,424.0,0.0
FL-2010-000119-PAN,FL_2010_000119_PAN,0.0,0.0006365045715618,178.0,0.0
FL-2019-000083-NPL,FL_2019_000083_NPL,0.0,0.0001646756071922,550.0,0.0
FL-1999-000265-TCD,FL_1999_000265_TCD,0.0,8.59681201263908e-05,752.0,0.0
FF-2022-000309-SLE,FF_2022_000309_SLE,0.0,5.346893839642479e-05,879.0,0.0
FL-2001-000549-GIN,FL_2001_000549_GIN,0.0,0.0001198420965813,646.0,0.0
FL-2014-000107-MMR,FL_2014_000107_MMR,0.0,0.0001704169639642,536.0,0.0
FL-2006-000027-IDN,FL_2006_000027_IDN,0.0,0.0001017975563927,700.0,0.0
FL-2017-000149-TGO,FL_2017_000149_TGO,0.0,5.62683215700368e-05,863.0,0.0
FL-2010-000121-DOM,FL_2010_000121_DOM,0.0,0.0007114576415544,166.0,0.0
FL-2010-000021-AFG,FL_2010_000021_AFG,0.0,2.482408762407649e-05,1011.0,0.0
FL-2003-000481-HND,FL_2003_000481_HND,0.0,0.0004024330129701,284.0,0.0
FF-2022-000209-AFG,FF_2022_000209_AFG,0.0,0.0005873416560587,197.0,0.0
FL-2011-000061-DOM,FL_2011_000061_DOM,0.0,0.0024176632678524,33.0,0.0
FL-2006-000023-DZA,FL_2006_000023_DZA,0.0,0.0019123414532274,45.0,0.0
FL-2003-000341-NPL,FL_2003_000341_NPL,0.0,4.103053582993564e-05,935.0,0.0
FL-2005-000094-AFG,FL_2005_000094_AFG,0.0,0.00024352691164,418.0,0.0
FL-2011-000002-BRA,FL_2011_000002_BRA,0.0,0.0043653789557627,22.0,0.0
FL-2007-000209-PNG,FL_2007_000209_PNG,0.0,9.751986683043366e-05,714.0,0.0
FL-2000-000484-BTN,FL_2000_000484_BTN,0.0,1.4949158463640798e-05,1082.0,0.0
FL-2008-000168-NPL,FL_2008_000168_NPL,0.0,8.816499262209082e-05,743.0,0.0
FL-2022-000331-SLV,FL_2022_000331_SLV,0.0,0.0011818949348036,93.0,0.0
FF-2006-000163-AFG,FF_2006_000163_AFG,0.0,0.0001248689983114,632.0,0.0
FL-2007-000086-PAN,FL_2007_000086_PAN,0.0,0.0001816918471175,517.0,0.0
FL-2009-000032-SLB,FL_2009_000032_SLB,0.0,0.0002281749866749,439.0,0.0
FL-2008-000099-NIC,FL_2008_000099_NIC,0.0,1.0372764814380904e-05,1122.0,0.0
FL-2010-000062-COD,FL_2010_000062_COD,0.0,7.924500050360926e-05,776.0,0.0
FL-2021-000209-MYS,FL_2021_000209_MYS,0.0,0.000146362132695,582.0,0.0
FL-2015-000113-PRK,FL_2015_000113_PRK,0.0,5.373847702795741e-06,1168.0,0.0
