kg_event_id,original_id,kg_similarity_score,kg_likelihood,kg_prior,kg_bayesian_score
FL-2019-000022-IRN,FL-2019-000022-IRN,1.0000000000000004,1.0000000000000044,0.9299697920776908,0.9299697920776949
Iran: Floods - Feb 1993,Iran: Floods - Feb 1993,0.7056919279107234,0.030630317438174234,0.8761089187768762,0.026835494292551325
Iran: Floods - Jul 1994,Iran: Floods - Jul 1994,0.6726586644712027,0.018964762436324913,0.9087721063099059,0.017234647104925973
FL-2001-000180-IRN,FL-2001-000180-IRN,0.6579747155359668,0.015208698481055338,0.9510109146925885,0.014463638253752218
Iran: Floods - Dec 1986,Iran: Floods - Dec 1986,0.6668814077967937,0.01739747004931071,0.8224805158651762,0.014309080140906026
FF-2016-000034-YEM,FF-2016-000034-YEM,0.6501614598796662,0.013496222179747415,1.0241076022751958,0.013821583736274443
FL-1998-000085-IRN,FL-1998-000085-IRN,0.6335708765626762,0.010422023729893174,0.8666405740383654,0.009032148627916086
FL-1998-000247-IRN,FL-1998-000247-IRN,0.629707176380459,0.009803619052025188,0.8997846466107959,0.00882114590423335
FL-1999-000235-IRN,FL-1999-000235-IRN,0.6262050248963574,0.009271830472275209,0.9461301844417329,0.008772358674846223
Iran: Floods - May 1992,Iran: Floods - May 1992,0.6333953337227608,0.010393183511045682,0.7638289675273252,0.007938614630564044
FL-2022-000002-IRN,FL-2022-000002-IRN,0.6092205639580505,0.0070428030429647865,1.0761675131954946,0.0075792358366730764
FL-2009-000198-BEN,FL-2009-000198-BEN,0.610612744652576,0.007205409140104426,1.0265844801221053,0.007396961196161168
FL-2012-000172-MLI,FL-2012-000172-MLI,0.6169992824416577,0.007995517710017504,0.9191592364455828,0.0073491539533268235
FL-2023-002018-MOZ,FL-2023-002018-MOZ,0.6337169222547832,0.010446072681129319,0.635353035811216,0.0066369439902601215
FL-2013-000123-CMR,FL-2013-000123-CMR,0.6108127254801331,0.007229042272504717,0.9165585894511755,0.006625840788369844
FL-2025-000032-IRQ,FL-2025-000032-IRQ,0.618346449918056,0.008171818597870114,0.8107511442535587,0.006625311278855706
FL-2001-000453-IRN,FL-2001-000453-IRN,0.6133422154686141,0.007534051349015349,0.8717258436729041,0.006567627268495386
FL-2002-000500-IRN,FL-2002-000500-IRN,0.6048893485879372,0.006557818180750042,0.9286481080441721,0.0060899054464512
FF-2020-000006-IRN,FF-2020-000006-IRN,0.5857096430511508,0.0047514235136669565,1.2339055159670984,0.00586280768220943
FL-2015-000123-NER,FL-2015-000123-NER,0.6029853687819317,0.006354300406488512,0.8859881122566413,0.005629834621856365
FL-2001-000375-IRN,FL-2001-000375-IRN,0.599182621522442,0.0059647478256409925,0.9437442735893395,0.005629196603853151
FL-2016-000081-GTM,FL-2016-000081-GTM,0.5970800374276841,0.005758714044714689,0.9441251390555963,0.005436946698247671
FL-2010-000102-CRI,FL-2010-000102-CRI,0.5960873437891958,0.0056636839342128955,0.9388100029975206,0.005317123131255418
Iran: Floods - Jul 1987,Iran: Floods - Jul 1987,0.6009915078091423,0.006147285071135133,0.8532734221804965,0.005245314969766552
FF-2011-000143-SSD,FF-2011-000143-SSD,0.5908009507015853,0.00518097927425019,0.9738577503891034,0.005045536820833859
FL-2002-000020-IRN,FL-2002-000020-IRN,0.5886898740199435,0.0049987987933784,0.995515429386739,0.004976381327208011
FL-2017-000110-MLI,FL-2017-000110-MLI,0.5933763621275042,0.005411310030945373,0.8750877906224794,0.004735371339353247
Iran: Floods - Feb 1991,Iran: Floods - Feb 1991,0.5845479530391267,0.004658020981750744,0.9877471286935022,0.004600946850118385
Iran: Floods - Dec 1991,Iran: Floods - Dec 1991,0.6012292418959836,0.006171645205176116,0.7306781420678033,0.0045094862520197515
FL-2024-000216-DOM,FL-2024-000216-DOM,0.5772219876170094,0.004106091844656779,1.0883570705604324,0.0044688940915027335
FF-2011-000049-IRQ,FF-2011-000049-IRQ,0.581180245051352,0.004396513766278598,1.0077513232427067,0.004430592565622033
FL-2011-000002-BRA,FL-2011-000002-BRA,0.5894731910330813,0.005065713031093477,0.861750148294607,0.004365378955762727
FF-2023-000044-SOM,FF-2023-000044-SOM,0.5790955018889857,0.0042413285482243105,1.022945092337183,0.004338646223395647
Iran: Floods - Nov 1994,Iran: Floods - Nov 1994,0.5916482297048318,0.005255762039539072,0.7892158406827257,0.004147930656463186
FL-2023-000135-CMR,FL-2023-000135-CMR,0.5770266926261988,0.004092220589126978,1.007577538281096,0.004123229547295777
FL-2008-000102-CIV,FL-2008-000102-CIV,0.573605063810484,0.003855935551708386,1.005572576008324,0.0038774230456534798
FL-2024-000019-IRN,FL-2024-000019-IRN,0.5659911244636048,0.003373620359453334,1.1462709369280168,0.0038670829702700063
FL-2012-000200-BFA,FL-2012-000200-BFA,0.5665556489339802,0.0034074205718934597,1.0864384324897092,0.003701952664961119
FL-2012-000054-HTI,FL-2012-000054-HTI,0.5686287876910794,0.0035341780663099695,0.9604428383587891,0.0033943760132721236
FL-2023-000104-IND,FL-2023-000104-IND,0.5651718882314196,0.00332510618032892,1.0105589096694154,0.0033602156761282282
FF-2013-000088-AFG,FF-2013-000088-AFG,0.556986322421545,0.0028737256604805185,1.1438540269668271,0.003287122669138546
FL-2003-000624-HTI,FL-2003-000624-HTI,0.5758956120712633,0.0040127092693470505,0.7906381692162378,0.003172601110313579
Iran: Flash Floods - Jul 1996,Iran: Flash Floods - Jul 1996,0.560192241741869,0.003043483128852714,1.0233099144994446,0.0031144264603667733
Iran: Floods - Oct 1994,Iran: Floods - Oct 1994,0.5723891333698888,0.0037749725867567575,0.7986196192783261,0.0030147671700218
FL-2024-000117-COL,FL-2024-000117-COL,0.5450551958226768,0.0023142210510777614,1.2150525963145538,0.0028119002965578295
FL-2004-000116-CAF,FL-2004-000116-CAF,0.5639238549056822,0.003252405325222719,0.8356212418186781,0.00271777897676029
FL-2015-000153-IRQ,FL-2015-000153-IRQ,0.5511242115884647,0.0025852045138432768,1.028424531293494,0.002658687740447097
Iran: Floods - Dec 1990,Iran: Floods - Dec 1990,0.5587224455964613,0.0029645664305227005,0.8898231756341812,0.0026379399155861986
FL-2014-000089-IND,FL-2014-000089-IND,0.5591819622957479,0.0029890386993926842,0.8681922613947346,0.002595060267822111
Philippines: Floods - Jun 1990,Philippines: Floods - Jun 1990,0.5578224204864344,0.0029171560258383603,0.8681427258296911,0.0025325077839418227
FL-2019-000058-TJK,FL-2019-000058-TJK,0.5520458822048364,0.0026287649016826305,0.9455169340537894,0.002485541730187172
FL-2013-000008-MOZ,FL-2013-000008-MOZ,0.5536704455240016,0.00270715684605186,0.9158712312600213,0.0024794070738075134
Haiti: Floods - Nov 1986,Haiti: Floods - Nov 1986,0.5687893734100846,0.0035441715863672495,0.6982374406228651,0.002474673297593348
UGA-2011-000110,UGA-2011-000110,0.5425618134241407,0.0022105087581742533,1.0988605320725724,0.0024290408301584415
FL-2011-000061-DOM,FL-2011-000061-DOM,0.545825265306342,0.0023471256815323508,1.0300527521279053,0.0024176632678524833
1996-10-01T00:00:00+00:00,1996-10-01T00:00:00+00:00,0.5528582756071296,0.0026677071224744642,0.8851967262744405,0.0023614456114734034
FL-2006-000124-UGA,FL-2006-000124-UGA,0.5520495315865839,0.0026289386852819214,0.8965169259333157,0.002356888028596121
FL-2010-000019-MEX,FL-2010-000019-MEX,0.5467023675046732,0.0023851162217541832,0.971123387516118,0.002316242144889567
FL-2015-000064-IND,FL-2015-000064-IND,0.5411993674835731,0.002155622973963292,1.031238980251518,0.0022229624374766497
FL-2008-000175-UGA,FL-2008-000175-UGA,0.5450169578829558,0.0023125980390442673,0.9427683053348588,0.0021802441341904817
Iran: Floods - Apr 1989,Iran: Floods - Apr 1989,0.552874641551042,0.0026684969335970267,0.814536614424038,0.002173588457893049
Tanzania: Floods - Feb 1993,Tanzania: Floods - Feb 1993,0.5500982668389174,0.002537480809635257,0.8543614220163771,0.002167925712859246
FL-2023-000176-IDN,FL-2023-000176-IDN,0.5434552467994088,0.002247179995757999,0.9542932210618613,0.0021444686364576805
FF-2011-000066-TJK,FF-2011-000066-TJK,0.5395411930437777,0.0020904802998614877,1.0235216039879442,0.0021396517496194284
FL-2010-000153-PRK,FL-2010-000153-PRK,0.5282858951295295,0.0016931294147282706,1.2596250358956325,0.002132708199803049
FL-2010-000127-AFG,FL-2010-000127-AFG,0.5368249631888491,0.0019875910383828203,1.0727052233242367,0.002132099288705695
FL-2023-000041-PRY,FL-2023-000041-PRY,0.5479080138271388,0.0024382404154456474,0.8705618226000267,0.002122639020007409
FL-2019-000031-SYR,FL-2019-000031-SYR,0.5297839145713894,0.001741757463030104,1.178799139258512,0.002053182198216976
FL-1997-000301-UGA,FL-1997-000301-UGA,0.5396266007930144,0.0020937918255816068,0.9567646009320045,0.002003265900437279
FL-2002-000540-DZA,FL-2002-000540-DZA,0.5346995263380164,0.0019102842447775619,1.0289137907994723,0.0019655178037985884
FL-2016-000097-PRK,FL-2016-000097-PRK,0.5342830941956211,0.0018954586927275355,1.034797506250793,0.001961415928435842
FL-2006-000023-DZA,FL-2006-000023-DZA,0.5364024727423446,0.0019720036399207106,0.9697453972774113,0.0019123414532274106
FL-2013-000017-PNG,FL-2013-000017-PNG,0.5290325718618337,0.001717212804515826,1.0931237284308373,0.0018771260633815142
FL-2011-000063-HTI,FL-2011-000063-HTI,0.5262528360458253,0.001629087807044412,1.148278435508363,0.0018706463983787073
Sri Lanka: Floods - Jun 1989,Sri Lanka: Floods - Jun 1989,0.536141558758699,0.001962432495328404,0.9466660273505467,0.0018577681742961603
FL-2013-000013-BWA,FL-2013-000013-BWA,0.5303027101043721,0.001758889133412549,1.0534703310426612,0.0018529375176434574
FL-2016-000061-RUS,FL-2016-000061-RUS,0.5429113565295046,0.002224791222875747,0.8265337350740463,0.0018388649992034463
FL-2010-000003-KEN,FL-2010-000003-KEN,0.5343501149704645,0.0018978377094837707,0.9550122542299223,0.0018124582690966483
FL-1997-000199-BEN,FL-1997-000199-BEN,0.5363468873487214,0.0019699610785427913,0.9183529478927861,0.0018091195637138246
FL-2009-000087-VUT,FL-2009-000087-VUT,0.5276439815022853,0.0016726685368704502,1.0709159987358805,0.0017912874967167022
Afghanistan: Flash Floods - Sep 1992,Afghanistan: Flash Floods - Sep 1992,0.5251583075941938,0.0015955205446711584,1.103779548130716,0.0017611029458304052
FL-2007-000174-CAF,FL-2007-000174-CAF,0.537893228250148,0.0020274995575923094,0.8591414557936258,0.0017419089215307889
FL-2013-000052-SOM,FL-2013-000052-SOM,0.5239100952179034,0.0015580007752629243,1.11224014258995,0.0017328710044336876
FL-2010-000041-SOM,FL-2010-000041-SOM,0.5232881627869604,0.001539604272033288,1.120673451219893,0.001725393633052436
FL-2006-000018-IRQ,FL-2006-000018-IRQ,0.5279955670112688,0.001683847523954924,1.0127814906988197,0.0017053696054205845
FL-2015-000088-IRN,FL-2015-000088-IRN,0.5156908508480618,0.0013301305374330923,1.2747350017900236,0.001695563953015738
FL-2023-000036-PER,FL-2023-000036-PER,0.5246235797285528,0.0015793488368821599,1.0717795343349823,0.0016927137609460572
FL-2009-000129-CAF,FL-2009-000129-CAF,0.5325161697403515,0.0018336987785895268,0.9175805861754851,0.0016825664001274491
FL-2022-000249-CIV,FL-2022-000249-CIV,0.5253407469180984,0.0016010720357097106,1.023474098609534,0.001638655758556928
FL-2001-000571-PRK,FL-2001-000571-PRK,0.5304103541415128,0.001762462695490822,0.9280032109549476,0.001635571040603795
1993-12-00T00:00:00+00:00,1993-12-00T00:00:00+00:00,0.5438702544650549,0.002264399596621431,0.7194550254691349,0.0016291336694595703
Benin: Floods - Sep 1994,Benin: Floods - Sep 1994,0.5350953701022949,0.0019244734887441388,0.8448106334634848,0.0016258156671096185
FL-1997-000049-TZA,FL-1997-000049-TZA,0.5318442014908011,0.001810690764411846,0.8788540275887039,0.00159133287102102
FL-2005-000137-CAF,FL-2005-000137-CAF,0.5340178099076109,0.0018860682892582758,0.8291581427948438,0.0015638488799056402
FL-2009-000237-THA,FL-2009-000237-THA,0.5213668477518948,0.0014840007535985088,1.0324588619508415,0.0015321697291945074
FF-2013-000084-GEO,FF-2013-000084-GEO,0.5128869716214329,0.0012595536546669036,1.2112001793088392,0.0015255716123816574
FF-2022-000274-IRN,FF-2022-000274-IRN,0.5189615333183206,0.001416940718833587,1.061292911805653,0.001503789141346893
FL-2009-000166-SDN,FL-2009-000166-SDN,0.5206313461260619,0.0014631980889340947,1.0246063390097677,0.0014992020371488513
Haiti: Floods - Jun 1986,Haiti: Floods - Jun 1986,0.531319124363364,0.001792893457308424,0.806982556058804,0.0014468337449198582
FL-2024-000021-BOL,FL-2024-000021-BOL,0.5202956752648826,0.00145379161694864,0.9791674152328188,0.0014235053798547401
FL-2005-000062-TZA,FL-2005-000062-TZA,0.5275527996646299,0.0016697802552392525,0.8523963030224688,0.0014233145164258532
FL-2018-000140-MLI,FL-2018-000140-MLI,0.5204119023624729,0.0014570424595897983,0.9723384285301737,0.0014167383754592835
FL-2021-000127-NER,FL-2021-000127-NER,0.511569049689613,0.0012275596780050916,1.1513193602048528,0.001413313223094097
FL-2015-000146-DZA,FL-2015-000146-DZA,0.5158210709928781,0.0013334931479107553,1.0586689531644526,0.00141172779495065
FL-2014-000053-TZA,FL-2014-000053-TZA,0.5136109742605195,0.0012774471647612419,1.0970028156440832,0.0014013631365796333
FL-2019-000145-TZA,FL-2019-000145-TZA,0.5116403671114584,0.0012292720828767365,1.1357699773076055,0.0013961703256737841
FL-2024-000162-CMR,FL-2024-000162-CMR,0.5096427460773318,0.001182111578799038,1.17910520477484,0.001393833915186549
Haiti: Floods - Feb 1996,Haiti: Floods - Feb 1996,0.5183089715931317,0.0013992240544509556,0.994604051610094,0.0013916739136672232
FL-2019-000098-CAF,FL-2019-000098-CAF,0.5090031622933334,0.0011673599918514584,1.186559142506317,0.0013851416709274478
FL-1998-000359-UKR,FL-1998-000359-UKR,0.518653813764336,0.0014085613159567027,0.970056066676692,0.001366383449829904
FL-1998-000112-TZA,FL-1998-000112-TZA,0.5252694610790608,0.0015989007954935316,0.840568897187044,0.0013439862783794852
FL-2015-000164-COD,FL-2015-000164-COD,0.5122880609186993,0.0012449225850080991,1.0795665740230147,0.0013439768100210689
FL-2011-000038-KAZ,FL-2011-000038-KAZ,0.5099411013947297,0.0011890501617943978,1.1284426954486195,0.0013417749695988875
FL-2023-000119-PAK,FL-2023-000119-PAK,0.51295705104699,0.00126127573174897,1.0619284545586885,0.0013393845885885628
FL-2021-000129-VEN,FL-2021-000129-VEN,0.5049371874667092,0.0010773915540248974,1.2359545412754298,0.0013316069839288645
FL-2023-000168-LBY,FL-2023-000168-LBY,0.508429914983808,0.0011542794301876646,1.1504384598927777,0.0013279274499510098
FL-2016-000091-NER,FL-2016-000091-NER,0.516460802488724,0.0013501239994034842,0.9800336913410537,0.0013231670069035432
FL-2009-000102-HTI,FL-2009-000102-HTI,0.5206324063264645,0.0014632278854000591,0.9021112794083416,0.0013199943797642096
FL-2024-000120-NER,FL-2024-000120-NER,0.5113518822213234,0.0012223584770587514,1.0706246794411112,0.0013086871526631506
FL-2019-000051-LBY,FL-2019-000051-LBY,0.506339058376007,0.0011076799540325716,1.1558008867153804,0.001280257473067698
FL-2012-000067-RWA,FL-2012-000067-RWA,0.5105593217583067,0.0012035443521272618,1.0464774403141628,0.0012594820129187042
FF-2014-000059-SRB,FF-2014-000059-SRB,0.5155913682451452,0.001327566791428807,0.9418030548326259,0.001250306459661998
FF-2018-000041-SOM,FF-2018-000041-SOM,0.5117239628917938,0.0012312820405299314,1.009447103436575,0.0012429140893264149
FF-2020-000055-SOM,FF-2020-000055-SOM,0.510838870881877,0.0012101504397487365,1.018212889069999,0.0012321907754658907
FL-2021-000050-AFG,FL-2021-000050-AFG,0.5041073123501123,0.0010598147794893896,1.1586867556596938,0.0012279933484467547
FL-2024-000027-ARG,FL-2024-000027-ARG,0.5119332308265871,0.0012363266067821118,0.9890539476346332,0.0012227937110035785
FL-2013-000081-PRK,FL-2013-000081-PRK,0.504831796011384,0.001075144912733355,1.132099170129612,0.0012171706634745052
FL-2024-000128-SDN,FL-2024-000128-SDN,0.5059647728394587,0.001099519173076825,1.106871100441691,0.0012170259970602833
FL-2002-000808-MWI,FL-2002-000808-MWI,0.5129985383594536,0.001262296206835534,0.9632105028592333,0.0012158569641433574
FL-2011-000115-KEN,FL-2011-000115-KEN,0.5060644061564906,0.001101686238325658,1.1017053333721223,0.0012137336044660484
FL-2009-000089-BRA,FL-2009-000089-BRA,0.5180369803691867,0.0013918987093801218,0.8672804440779367,0.001207166530782699
FL-2009-000242-IRQ,FL-2009-000242-IRQ,0.5115836486392694,0.0012279100389883434,0.9788779086310397,0.001201974010951968
FL-1997-000207-SYC,FL-1997-000207-SYC,0.5038734577636476,0.001054908566100028,1.1353708825085123,0.001197712469658778
FL-2023-000198-TCD,FL-2023-000198-TCD,0.5083010266683156,0.001151356637351153,1.0338289067088517,0.0011903057736247225
Chad: Floods in Am Timan - Jul 1985,Chad: Floods in Am Timan - Jul 1985,0.5075345150330317,0.0011341116694141783,1.0422436500602523,0.0011820206859061593
FL-2022-000331-SLV,FL-2022-000331-SLV,0.5073103568346664,0.0011291126839452807,1.046746663649171,0.0011818949348036832
FL-2011-000123-RUS,FL-2011-000123-RUS,0.5108273740820131,0.0012098781141828253,0.9746615796072284,0.001179221713901647
FL-2019-000131-CIV,FL-2019-000131-CIV,0.5035554568871327,0.0010482697814754016,1.1114192483318486,0.0011650672125763822
FL-2010-000075-TJK,FL-2010-000075-TJK,0.5051049085046313,0.0010809755952300576,1.0707477241626986,0.0011574521584680026
FL-2006-000189-MYS,FL-2006-000189-MYS,0.5102134422501823,0.001195415726272333,0.9652828195473719,0.001153914262787427
FL-2010-000107-PHL,FL-2010-000107-PHL,0.5044650043545895,0.0010673588079506363,1.0440934584066572,0.0011144223491539869
FL-2023-000190-SOM,FL-2023-000190-SOM,0.5061559633615298,0.001103681033283734,1.0078577783264449,0.0011123535141863792
FL-2016-000130-VCT,FL-2016-000130-VCT,0.5072652244693694,0.0011281085820335343,0.9845629160937495,0.0011106938751973214
FL-2006-000169-SOM,FL-2006-000169-SOM,0.5090644502162611,0.0011687663455359565,0.9442290549591343,0.0011035831419134573
FL-2022-000376-COD,FL-2022-000376-COD,0.4989069511360081,0.0009554226854119219,1.149086862190552,0.0010978636556456562
FL-2001-000096-UKR,FL-2001-000096-UKR,0.5021074632873468,0.001018513447579317,1.0716577207512192,0.0010914977997873172
FL-2012-000153-IDN,FL-2012-000153-IDN,0.5002978347296152,0.0009823952021252678,1.0883954096363029,0.0010692344284418693
FL-2007-000200-MEX,FL-2007-000200-MEX,0.5003772326908752,0.000983955390850384,1.0804286921791404,0.0010630936360990955
FL-2013-000119-MRT,FL-2013-000119-MRT,0.49725908716219874,0.0009243305004650714,1.148465884201649,0.001061562045511171
FL-2024-000218-MYS,FL-2024-000218-MYS,0.5048931652394493,0.001076452614021283,0.9835826898124584,0.0010587801575547057
FL-2013-000095-PHL,FL-2013-000095-PHL,0.5040147284545023,0.001057869941080962,0.9977142237080565,0.0010554518870496794
FL-1999-000413-CAF,FL-1999-000413-CAF,0.5101812046555393,0.0011946606232323782,0.8806575318255779,0.001052086875825033
FL-2009-000268-AGO,FL-2009-000268-AGO,0.5116862061601942,0.0012303738604103839,0.8462892322451147,0.0010412521497011617
FF-2012-000081-ETH,FF-2012-000081-ETH,0.5026411396673327,0.001029390874898769,1.0102119573051023,0.001039902970563497
FL-2025-000047-TZA,FL-2025-000047-TZA,0.49883458840585926,0.0009540378202355276,1.084317683177047,0.0010344800789010673
ST-2011-000073-CAF,ST-2011-000073-CAF,0.4960565197348518,0.0009022182754026038,1.1452772355910454,0.0010332900523528147
FL-2015-000092-BRA,FL-2015-000092-BRA,0.5020774123917369,0.0010179040362159576,0.9951769503164747,0.0010129946344762271
FL-2010-000049-AGO,FL-2010-000049-AGO,0.5095636765714947,0.0011802788489175978,0.8544449470857646,0.001008483298609844
FL-2000-000735-VEN,FL-2000-000735-VEN,0.4986315121607988,0.0009501610266030976,1.0592626832599326,0.0010064701185686093
FL-2012-000157-CMR,FL-2012-000157-CMR,0.4964008515101473,0.0009085005153977762,1.1008538293751604,0.0010001262713649488
FL-2009-000080-AFG,FL-2009-000080-AFG,0.5038685422916853,0.0010548056603848755,0.9418755588090846,0.00099349567080999
FL-2009-000186-TCD,FL-2009-000186-TCD,0.5029303004298253,0.0010353281367457754,0.9539321905487659,0.0009876328374226696
FL-2009-000031-DOM,FL-2009-000031-DOM,0.5028511665768112,0.0010337002467924524,0.9531752822708737,0.0009852975245198676
FL-2024-000223-LBY,FL-2024-000223-LBY,0.5015252777146244,0.0010067653750974266,0.9752075934483906,0.0009818052386159277
FL-2020-000196-NGA,FL-2020-000196-NGA,0.49808023906890775,0.0009397084192752954,1.0372433952384017,0.0009747063513432189
FL-2020-000198-SEN,FL-2020-000198-SEN,0.4912979104851477,0.0008193117261726247,1.1855921930050197,0.0009713695861877303
FL-2001-000146-AGO,FL-2001-000146-AGO,0.5030997650621514,0.0010388220160637044,0.931842117402311,0.0009680181070529399
FL-2020-000029-TZA,FL-2020-000029-TZA,0.49673126103202053,0.000914565733103699,1.0495762709803076,0.0009599064917173517
FL-2006-000091-PRK,FL-2006-000091-PRK,0.509325464434238,0.0011747728437737945,0.8137351057804316,0.0009559539042962471
FL-2012-000164-CAF,FL-2012-000164-CAF,0.4928908210111666,0.0008462668025756567,1.1283063800150515,0.0009548482325410514
FL-2024-000145-SSD,FL-2024-000145-SSD,0.5034231600331314,0.0010455189633205332,0.9086488837386558,0.0009500096389487992
FL-2019-000160-COG,FL-2019-000160-COG,0.4886646816783938,0.0007764428849036363,1.2190888537934883,0.0009465528665932833
FL-2004-000020-KEN,FL-2004-000020-KEN,0.4971355294423451,0.0009220363130926169,1.0260180821960077,0.0009460259296743645
FL-2019-000181-IDN,FL-2019-000181-IDN,0.4960463657261251,0.0009020336132105335,1.0475272120348138,0.0009449047560081197
FL-2015-000079-CRI,FL-2015-000079-CRI,0.4938672916995899,0.0008631825310228244,1.090367135378019,0.0009411858636597051
FL-2007-000076-KEN,FL-2007-000076-KEN,0.5009340762718617,0.00099496031260587,0.9420505534012065,0.0009373029131025972
FL-2014-000150-SOM,FL-2014-000150-SOM,0.48966081129533734,0.0007924164416314912,1.18193675754845,0.0009365861196500054
ST-2015-000041-PRY,ST-2015-000041-PRY,0.50138945457884,0.0010040421722921477,0.9269775136144309,0.0009307245164354071
FL-2012-000066-COM,FL-2012-000066-COM,0.4913360238135658,0.000819947544066211,1.129673337592446,0.0009262728787560058
FL-2019-000067-UGA,FL-2019-000067-UGA,0.4947542475864536,0.0008788106557590876,1.0531125508651717,0.0009254865314139471
FL-2012-000003-BRA,FL-2012-000003-BRA,0.4997671396057518,0.0009720239651530651,0.950877679977288,0.0009242758928670709
FL-2009-000170-MRT,FL-2009-000170-MRT,0.4975330548235882,0.000929435795574389,0.9832646092321282,0.0009138813243418038
FL-2010-000118-GHA,FL-2010-000118-GHA,0.48833619903633935,0.0007712393598464704,1.1468698410721812,0.0008845111620557323
FL-2019-000047-GEO,FL-2019-000047-GEO,0.486662289475955,0.0007452070399963863,1.178251681752609,0.0008780414481296259
FF-2023-000107-GEO,FF-2023-000107-GEO,0.49850372446853686,0.0009477287905377583,0.9175232708403509,0.0008695632197637738
Afghanistan: Floods - Jun 1988,Afghanistan: Floods - Jun 1988,0.49550648171779954,0.0008922640568656504,0.9634656880384131,0.0008596658034600096
FL-2006-000025-PNG,FL-2006-000025-PNG,0.4945308928013733,0.0008748513509464778,0.9790102886598242,0.0008564884736245484
FL-2012-000210-MWI,FL-2012-000210-MWI,0.4907396002609192,0.0008100485484675926,1.055907660515866,0.0008553364677166887
FL-2015-000161-ETH,FL-2015-000161-ETH,0.5008227594083473,0.0009927515354809621,0.8569191129543197,0.0008507077651683848
FL-2009-000218-KEN,FL-2009-000218-KEN,0.49385425714892844,0.000862954739864446,0.985242574761118,0.0008502197498063576
FL-2016-000058-MMR,FL-2016-000058-MMR,0.4999337458200554,0.0009752692443876174,0.8641831978719268,0.0008428112944010289
FL-2006-000164-TZA,FL-2006-000164-TZA,0.4888719114303281,0.0007797418642312648,1.066054638511988,0.0008312474312057247
FL-2017-000075-CHN,FL-2017-000075-CHN,0.4875637273489434,0.00075912603282067,1.0948289270937435,0.000831113140041984
FL-2007-000126-PRK,FL-2007-000126-PRK,0.4973926152489792,0.0009268155899511788,0.8947450500988214,0.0008292636614632363
FL-2017-000134-CAF,FL-2017-000134-CAF,0.48980512456269065,0.0007947549581441911,1.0409891559456468,0.0008273312930621394
FL-2024-000045-KEN,FL-2024-000045-KEN,0.49072914950157254,0.0008098760575741414,1.0196971903586571,0.000825828340447098
Bangladesh: Floods - Jul 1999,Bangladesh: Floods - Jul 1999,0.4890761736127797,0.0007830059415658793,1.0482356036464253,0.0008207747058160471
FL-2023-000241-TZA,FL-2023-000241-TZA,0.49024668336992655,0.0008019488011525565,1.0126708213468447,0.0008121101511412769
Gabon: Inondations - Nov 1988,Gabon: Inondations - Nov 1988,0.4991938843803796,0.0009609317911870791,0.8449363174492606,0.0008119261689655325
FL-2024-000022-PER,FL-2024-000022-PER,0.48812455703025714,0.0007679033655729203,1.0537115612771992,0.0008091486542478577
FL-2006-000070-IND,FL-2006-000070-IND,0.510382671379133,0.0011993866403822333,0.6719340637740063,0.0008059087393082867
FL-2016-000019-HTI,FL-2016-000019-HTI,0.49148535216263023,0.0008224429647230318,0.9718383703338016,0.0007992816305289315
FL-2000-000002-AGO,FL-2000-000002-AGO,0.49652457128438576,0.0009107673451969502,0.8697971671955873,0.0007921828568265528
FL-2022-000207-VEN,FL-2022-000207-VEN,0.4855890456837968,0.0007289350110342069,1.080082826119319,0.000787310186775143
FL-2018-000414-IRQ,FL-2018-000414-IRQ,0.4773754805428501,0.0006146120710211288,1.279393971195808,0.0007863309782886019
FL-2007-000040-HTI,FL-2007-000040-HTI,0.4883080579058649,0.0007707950364437095,1.019159487257912,0.0007855630741229145
FL-2006-000029-NAM,FL-2006-000029-NAM,0.4836090119811036,0.0006997515236260859,1.1221814471307896,0.000785248177414696
FL-2006-000115-HTI,FL-2006-000115-HTI,0.49412124652941725,0.0008676314450880988,0.9014960977071197,0.0007821663619949101
FL-2020-000193-SSD,FL-2020-000193-SSD,0.49437030546878086,0.0008720146236411868,0.8956131601804282,0.0007809877728028301
FF-2018-000030-KEN,FF-2018-000030-KEN,0.4835642742419956,0.0006991044663634163,1.1016965741279998,0.0007702009955501592
FL-2019-000030-IRQ,FL-2019-000030-IRQ,0.4824511503099451,0.0006831773546150877,1.1268493447600907,0.0007698379544029437
FL-2008-000011-TZA,FL-2008-000011-TZA,0.4928797887617392,0.0008460774039149466,0.9097876410731471,0.0007697507654730716
FF-2020-000123-YEM,FF-2020-000123-YEM,0.48433393664464514,0.0007103117610203006,1.082595733416551,0.0007689804818761743
Peru: Floods - Feb 1994,Peru: Floods - Feb 1994,0.49512578257797973,0.0008854324176710516,0.8669712406759366,0.0007676444416829656
FL-2013-000112-CAF,FL-2013-000112-CAF,0.4838076561428114,0.0007026310970473379,1.0824256912336399,0.0007605459509037154
FL-2011-000118-GTM,FL-2011-000118-GTM,0.4898433794894259,0.0007953758985744638,0.9552182830389102,0.0007597576002068298
FL-2007-000127-MRT,FL-2007-000127-MRT,0.49521439700335407,0.0008870183845042556,0.8469121364760579,0.0007512266351140406
FL-2009-000011-PHL,FL-2009-000011-PHL,0.4904346104899946,0.0008050282338094763,0.9235680341481627,0.0007434983433331854
FL-2002-000265-KEN,FL-2002-000265-KEN,0.48992025665631267,0.0007966250620885557,0.9272835596446518,0.0007386973232756177
Burkina Faso: Floods - Sep 1988,Burkina Faso: Floods - Sep 1988,0.488031668461726,0.0007664433203365653,0.9525620167546777,0.0007300847949479501
FL-2017-000043-HTI,FL-2017-000043-HTI,0.4839076201328455,0.0007040842189496104,1.0311272816379908,0.0007260004467297197
FL-2014-000155-HTI,FL-2014-000155-HTI,0.48686219554519083,0.0007482737884043518,0.9609684498537625,0.0007190675025091323
El Salvador: Floods in South Eastern Region - Oct 1992,El Salvador: Floods in South Eastern Region - Oct 1992,0.48664950113906325,0.0007450112403206177,0.9628448857586056,0.0007173302625753823
Mali: Floods - Sep 1989,Mali: Floods - Sep 1989,0.48621052282810745,0.0007383181392105748,0.9644742111394081,0.0007120888048850349
FL-2010-000121-DOM,FL-2010-000121-DOM,0.48212784243839163,0.0006786129188783333,1.0483997898689967,0.0007114576415544312
FL-2021-000039-BDI,FL-2021-000039-BDI,0.48364906806047314,0.0007003313257256586,1.0111286560166783,0.0007081250721473637
FL-2024-000038-AFG,FL-2024-000038-AFG,0.48300052115896935,0.0006909967322244425,1.0169769888963047,0.0007027277760747997
FL-2024-000055-SOM,FL-2024-000055-SOM,0.4794562263372783,0.0006419328912475789,1.0908371669471635,0.0007002442564587105
FL-2015-000040-SOM,FL-2015-000040-SOM,0.48529068603174663,0.0007244685912759646,0.9639478737922579,0.0006983499581897384
FL-2022-000190-TUN,FL-2022-000190-TUN,0.47943194117226623,0.0006416078168719344,1.0842181471624253,0.0006956428384138174
FL-2001-000407-IDN,FL-2001-000407-IDN,0.48918066691467316,0.0007846804779641482,0.8809214759172519,0.0006912418847716321
Tanzania: Floods - May 1995,Tanzania: Floods - May 1995,0.4820317334700962,0.000677261362156653,1.0095645424628938,0.0006837390572134777
Brazil: Floods - Jul 1989,Brazil: Floods - Jul 1989,0.48451474663656513,0.0007129679332243172,0.9575164169657181,0.0006826785008324015
FL-2023-000249-AGO,FL-2023-000249-AGO,0.4790033783161727,0.0006358955183524146,1.0611307451784342,0.0006747682852449244
Viet Nam: Floods - Oct 1996,Viet Nam: Floods - Oct 1996,0.4715078831756726,0.0005431122285691795,1.2349455247629835,0.0006707140161155589
FL-2007-000144-LBR,FL-2007-000144-LBR,0.4803041799319513,0.000653376728154572,1.013217513020149,0.0006620127435660175
FL-2022-000277-SDN,FL-2022-000277-SDN,0.47760359748571135,0.0006175553578866135,1.0675858088870211,0.0006592933362818941
FL-2023-000229-ETH,FL-2023-000229-ETH,0.4851262638602124,0.0007220177457981859,0.9110164433296456,0.0006577700387979515
FL-2022-000333-THA,FL-2022-000333-THA,0.47905338164009514,0.000636559643742337,1.0333160681612519,0.0006577673082219589
FL-2004-000028-DOM,FL-2004-000028-DOM,0.4847526494045208,0.0007164764397343353,0.9133490270228894,0.000654393059116179
FL-2014-000098-SDN,FL-2014-000098-SDN,0.4756058130041191,0.0005922042783879265,1.100317560627309,0.000651612766988859
FL-2008-000103-SLV,FL-2008-000103-SLV,0.47803736353923665,0.0006231870574877254,1.0346663695692608,0.0006447906903333751
FL-2007-000130-CIV,FL-2007-000130-CIV,0.47053474238204085,0.0005320065201602328,1.2043864430014575,0.000640741440469366
FL-2010-000119-PAN,FL-2010-000119-PAN,0.47845338410402116,0.0006286317428069979,1.0125237531271618,0.0006365045715618102
FL-1999-000548-YEM,FL-1999-000548-YEM,0.48585630924705947,0.0007329569508886094,0.8676218575905326,0.000635929471263868
FL-2003-000482-MEX,FL-2003-000482-MEX,0.47883342384916594,0.0006336429059909152,1.0003169105139786,0.0006338437140899318
FL-2020-000050-AFG,FL-2020-000050-AFG,0.4660972328781602,0.00048391072353501613,1.297519598929159,0.0006278836479186732
Pakistan: Floods - Feb 1991,Pakistan: Floods - Feb 1991,0.49475525972350304,0.0008788286340789685,0.7112268098685628,0.0006250464858371312
FL-2018-000058-COL,FL-2018-000058-COL,0.47833518926879115,0.0006270805262255858,0.991294406755453,0.0006216214182326894
FL-2021-000190-EGY,FL-2021-000190-EGY,0.4713628546163019,0.0005414440093782041,1.1389708836250705,0.0006166889617949941
FL-2023-000085-HTI,FL-2023-000085-HTI,0.47398718572748866,0.0005723556924914361,1.0690779120906408,0.0006118928287019374
FL-2010-000141-PAK,FL-2010-000141-PAK,0.4739665564090364,0.0005721066352178951,1.0692104601626595,0.0006117023987034364
FL-2009-000206-HTI,FL-2009-000206-HTI,0.4822658878191969,0.0006805584645455412,0.8977256390746227,0.0006109547825117899
FL-2024-000209-PAN,FL-2024-000209-PAN,0.4720123016075818,0.000548950485931151,1.105818542180244,0.0006070396260815219
FL-2007-000141-NGA,FL-2007-000141-NGA,0.47705892753468526,0.0006105486497892556,0.9935717537773818,0.0006066238927375233
FL-1999-000349-SLV,FL-1999-000349-SLV,0.4798436210072172,0.0006471385285792687,0.9369157213719175,0.0006063142613314068
FL-2015-000169-KEN,FL-2015-000169-KEN,0.4746636096808072,0.000580576397110575,1.0437478752458738,0.0006059753809020673
FL-2005-000117-GTM,FL-2005-000117-GTM,0.48244760416816834,0.0006831271409587129,0.8832004049243507,0.0006033381675095492
FF-2012-000196-COG,FF-2012-000196-COG,0.4786908246339163,0.0006317584095638743,0.9546774198450808,0.0006031254884078714
FL-2020-000125-TZA,FL-2020-000125-TZA,0.4689234136046067,0.0005140663522364965,1.1681139311946813,0.0006004880676058836
FL-2001-000376-PAK,FL-2001-000376-PAK,0.48012445932762093,0.0006509360303583468,0.921151618596019,0.0005996107779670585
FL-2021-000043-YEM,FL-2021-000043-YEM,0.47628264148474436,0.0006006860355186679,0.9940613442321855,0.0005971187679291893
FL-2008-000180-NIC,FL-2008-000180-NIC,0.47925326720751144,0.0006392206887203584,0.9285577138121239,0.0005935533013395873
FL-2012-000075-VEN,FL-2012-000075-VEN,0.4724232990941437,0.0005537491609350191,1.068528235373372,0.0005916966137733814
FL-2003-000020-MOZ,FL-2003-000020-MOZ,0.47724800076293333,0.0006129727634250313,0.9593256023439679,0.0005880404654931647
FF-2022-000209-AFG,FF-2022-000209-AFG,0.4717893045645245,0.0005463625361588979,1.0750035318817837,0.0005873416560587039
FL-2010-000249-IND,FL-2010-000249-IND,0.46721536354715093,0.0004956454838779898,1.1839008478756656,0.0005867951086088967
FL-2020-000172-MMR,FL-2020-000172-MMR,0.48694833272766386,0.0007495987122971982,0.7811222104463353,0.000585528203097314
FL-2002-000445-VEN,FL-2002-000445-VEN,0.4739994009842719,0.0005725032129904648,1.0122910677483703,0.0005795398887674903
FL-2016-000042-KEN,FL-2016-000042-KEN,0.4708247426729594,0.0005352944950568366,1.0774902859535458,0.0005767746185481498
FL-2016-000085-MLI,FL-2016-000085-MLI,0.47528416405968194,0.000588211408180814,0.9795200396753964,0.0005761648618787916
ST-2012-000077-CHN,ST-2012-000077-CHN,0.4737791567815237,0.0005698486274867408,1.0110575814870275,0.0005761497751204462
India: Floods - Nov 1992,India: Floods - Nov 1992,0.5051605513611884,0.0010821669991315382,0.5284357881003552,0.0005718557710422707
FL-2007-000151-TCD,FL-2007-000151-TCD,0.4808097125085901,0.0006602863506586697,0.8635836730404353,0.0005702125119602788
FL-2006-000192-IDN,FL-2006-000192-IDN,0.4801379167994473,0.0006511185050918076,0.875300643790321,0.0005699244466906506
FL-2019-000104-THA,FL-2019-000104-THA,0.4594673811474703,0.0004193212295416215,1.3579010130864204,0.0005693967224032113
India: Floods - Jun 1994,India: Floods - Jun 1994,0.4717878977208618,0.0005463462442177722,1.040373182144351,0.0005684039806494583
FL-2012-000169-SEN,FL-2012-000169-SEN,0.47517554824206515,0.000586868560977934,0.9642227294319949,0.0005658720056839707
FL-2010-000042-SRB,FL-2010-000042-SRB,0.47041711149497395,0.0005306780307013237,1.0641610204580652,0.0005647268746857971
FL-2024-000159-NGA,FL-2024-000159-NGA,0.46744988352142275,0.0004981390165303481,1.132341007881133,0.0005640632360428907
FL-2006-000171-HTI,FL-2006-000171-HTI,0.46976595931069137,0.0005233779630871978,1.0599993219511736,0.000554780285996616
FL-2000-000258-IDN,FL-2000-000258-IDN,0.4816687582648584,0.0006721787559425559,0.8250221660756472,0.0005545623732177613
FL-2007-000054-AFG,FL-2007-000054-AFG,0.4775449859223028,0.0006167979116924278,0.8959779952430994,0.0005526373563883117
FL-2006-000001-IDN,FL-2006-000001-IDN,0.4800982155178617,0.0006505803134254143,0.8487703672429272,0.0005521932915471076
FL-2018-000043-TZA,FL-2018-000043-TZA,0.476824701898227,0.000607557602080444,0.9072074068086312,0.0005511807566702698
FL-2018-000046-RUS,FL-2018-000046-RUS,0.46026562746043653,0.0004266634402816443,1.2878965212237008,0.0005494983604720659
FF-2007-000091-AFG,FF-2007-000091-AFG,0.47196403308499774,0.0005483893810852269,0.9987067503482862,0.0005476801767091349
FL-2009-000192-MEX,FL-2009-000192-MEX,0.4730461513708345,0.0005610933671597349,0.966761847016349,0.0005424436599839679
FL-2020-000199-MRT,FL-2020-000199-MRT,0.47634998247125093,0.0006015358783047605,0.8999640370776387,0.0005413606574861954
FL-2021-000123-CAF,FL-2021-000123-CAF,0.4661506206313849,0.00048446529079834727,1.1137895613764779,0.000539592383740419
FF-2012-000115-RUS,FF-2012-000115-RUS,0.461604298474411,0.00043923652128339695,1.2274737437024292,0.000539151297150563
FL-1999-000574-VNM,FL-1999-000574-VNM,0.4660699981459519,0.00048362804187063565,1.114647519535003,0.0005390747972486746
FL-2017-000010-PHL,FL-2017-000010-PHL,0.46157048197762857,0.00043891484869992316,1.2076275140633692,0.000530045647620988
FL-2002-000510-MEX,FL-2002-000510-MEX,0.47689906837720797,0.0006085058256648035,0.867985419385465,0.0005281741842881631
FL-2015-000071-GEO,FL-2015-000071-GEO,0.46784039231917895,0.0005023161614371722,1.0505572323321797,0.0005277118763151599
LS-2022-000224-GTM,LS-2022-000224-GTM,0.46296255891934374,0.0004523334430200161,1.1665467743114344,0.0005276681188681847
FL-2006-000092-KOR,FL-2006-000092-KOR,0.46022702746139044,0.0004263057556432888,1.235735149804729,0.0005268010068124777
FL-2014-000038-ZAF,FL-2014-000038-ZAF,0.46731883864831725,0.0004967442942897074,1.0594723567177176,0.0005262868481571958
FL-2002-000054-IDN,FL-2002-000054-IDN,0.47315444042513616,0.0005623791381008889,0.9334375249456206,0.0005249457907499451
FL-2007-000161-UGA,FL-2007-000161-UGA,0.47220828923270863,0.0005512340863636702,0.9520505600973528,0.0005248027206672847
FF-2022-000278-MNG,FF-2022-000278-MNG,0.465034529923627,0.0004729900609352995,1.1090906111433032,0.0005245888357474396
FL-2018-000014-ARG,FL-2018-000014-ARG,0.46462754963395647,0.0004688668983115075,1.1137801849313482,0.0005222146607095784
FL-2024-000123-BFA,FL-2024-000123-BFA,0.4610311212229423,0.00043381286569623014,1.1979418788258864,0.0005196825993909838
FL-2009-000135-MEX,FL-2009-000135-MEX,0.4753185785293742,0.0005886374602649212,0.8826021815410172,0.0005195327065665833
FL-2013-000108-SSD,FL-2013-000108-SSD,0.4627889181167315,0.0004506397615748592,1.1472056468348109,0.0005169764791669712
FL-2024-000165-CAF,FL-2024-000165-CAF,0.4666613947699343,0.0004897999623458616,1.047691057383914,0.000513159040456737
FL-2001-000696-BRA,FL-2001-000696-BRA,0.4742090350207378,0.0005750402477872776,0.8900444318591507,0.0005118113706379728
FL-2019-000133-SOM,FL-2019-000133-SOM,0.46656037703301445,0.0004887407293647514,1.0457655373343704,0.0005111082114613214
FL-2009-000234-PHL,FL-2009-000234-PHL,0.4606551067838503,0.0004302876693376266,1.1779017439562212,0.0005068365961156483
Costa Rica: Floods - Feb 1988,name=Costa Rica: Floods - Feb 1988,0.4862877751246696,0.0007394920662881315,0.684416433779701,0.0005061205228173052
FF-2007-000185-TUN,FF-2007-000185-TUN,0.47206206924690497,0.0005495295584632252,0.9208073231488003,0.0005060108417196646
FL-2005-000109-PRK,FL-2005-000109-PRK,0.4775943626513202,0.0006174359591784046,0.8195300266309831,0.0005060073080684045
FL-2013-000157-BRA,FL-2013-000157-BRA,0.4684867833503085,0.0005092997155092217,0.991056400942879,0.0005047447430538014
FL-2009-000251-SAU,FL-2009-000251-SAU,0.4682029636531279,0.0005062226627119613,0.9956156226188847,0.0005040031915197591
Venezuela: Floods - Jul 1996,Venezuela: Floods - Jul 1996,0.4741585881178618,0.0005744288061174868,0.8773624081052269,0.0005039822406202487
FL-2008-000232-CRI,FL-2008-000232-CRI,0.4911639487549634,0.0008170804559058674,0.615992904616921,0.0005033157633391733
FL-2005-000138-PNG,FL-2005-000138-PNG,0.46168589039513813,0.0004400135216477349,1.1437040377671508,0.000503245241380658
FL-2023-000169-BRA,FL-2023-000169-BRA,0.46261028486165595,0.0004489033421507603,1.1172435166273167,0.0005015343486102711
Viet Nam: Floods - Oct 1992,name=Viet Nam: Floods - Oct 1992,0.4665006574035622,0.00048811550248082313,1.0249575418914962,0.000500297665581877
Philippines: Floods - Feb 1989,Philippines: Floods - Feb 1989,0.4627200020458134,0.00044996914226069166,1.1089965925561163,0.0004990142455225054
FL-2002-000478-PRK,FL-2002-000478-PRK,0.47320984289963075,0.0005630379846728393,0.874770461579816,0.000492528997739229
FL-2018-000128-SDN,FL-2018-000128-SDN,0.46094977841162543,0.0004330480679950767,1.1360707994440626,0.0004919732648048736
FL-2007-000011-ZMB,FL-2007-000011-ZMB,0.46264479616039167,0.0004492383420354696,1.0897552028147803,0.0004895598205370388
FF-2009-000204-TUN,FF-2009-000204-TUN,0.47076222251891653,0.0005345841096339977,0.9155604613181987,0.0004894440740298814
FL-2015-000024-ARG,FL-2015-000024-ARG,0.4615351049612009,0.00043857855892298685,1.1150032385892976,0.0004890165135749574
Bangladesh: Floods - Jul 1988,Bangladesh: Floods - Jul 1988,0.46599169456097533,0.00048281612109750947,1.0126036486064969,0.0004889013658293743
FL-2023-000236-DOM,FL-2023-000236-DOM,0.4541637299779584,0.00037335715648217845,1.3006578060128464,0.0004856099000093052
FL-2016-000123-DOM,FL-2016-000123-DOM,0.46461979914731444,0.00046878869214689995,1.0354648515724754,0.0004854142135327446
Brazil: Floods - Apr 1985,Brazil: Floods - Apr 1985,0.46868258021230025,0.0005114322631387967,0.9399629984750824,0.0004807274035768407
FL-2015-000145-SOM,FL-2015-000145-SOM,0.4634635903346856,0.0004572526349238458,1.0458367139854998,0.0004782115931699663
FL-2023-000111-MNG,FL-2023-000111-MNG,0.4683126690797176,0.000507410053026046,0.9369855719118949,0.0004754358987284547
FL-2014-000168-MYS,FL-2014-000168-MYS,0.4625967724280484,0.0004487722387236224,1.0559033797109114,0.00047386012358870486
FL-2009-000127-BEN,FL-2009-000127-BEN,0.46406151267456897,0.0004631860951638736,1.0221105165631266,0.0004734273789928044
FL-2008-000158-PAN,FL-2008-000158-PAN,0.46857407427153186,0.0005102494655819148,0.9235086414861772,0.00047121979077860204
FL-2014-000123-SSD,FL-2014-000123-SSD,0.45490551244262944,0.00037950018806151694,1.229472017724319,0.00046658486194275174
FL-2018-000165-CRI,FL-2018-000165-CRI,0.4796510371400431,0.0006445459423906096,0.7234581139813008,0.0004663019918562106
FL-2006-000172-COG,FL-2006-000172-COG,0.46210040674554653,0.0004439801032873218,1.0447518399142948,0.00046384902979476806
FL-2007-000107-TLS,FL-2007-000107-TLS,0.46424716397116456,0.0004650424454166041,0.9959528083511522,0.00046316032951515426
FL-2021-000096-PAN,FL-2021-000096-PAN,0.46228200747100245,0.0004457279884334721,1.037436087285692,0.0004624143003141435
FL-2002-000482-RUS,FL-2002-000482-RUS,0.46466740263061534,0.00046926921980502956,0.9807160860179978,0.00046021987253590805
FL-2024-000077-LKA,FL-2024-000077-LKA,0.4592633531921988,0.00041746293659263126,1.0924845776964491,0.0004560718199873203
FL-2009-000039-CRI,FL-2009-000039-CRI,0.4782127472102151,0.0006254772018344665,0.7165421116254692,0.00044818075497605846
FL-2021-000023-DZA,FL-2021-000023-DZA,0.46056796532793104,0.0004294743929662595,1.0374171325327366,0.0004455440932472947
FL-2013-000103-YEM,FL-2013-000103-YEM,0.45277881685212507,0.00036212708015908506,1.2259024872779882,0.0004439324882777378
FL-2017-000137-SSD,FL-2017-000137-SSD,0.4620179503033732,0.0004431885082763577,1.0001222922331552,0.0004432427067887435
FL-2024-000139-TCD,FL-2024-000139-TCD,0.46421221479239416,0.0004646924735049154,0.9523043457078162,0.0004425286619364452
Ethiopia: Floods - Aug 1996,Ethiopia: Floods - Aug 1996,0.4679705230234885,0.0005037151136474857,0.8753110496380971,0.0004409074048453541
FL-2003-000273-TJK,FL-2003-000273-TJK,0.4616750744671858,0.00043991045042635394,1.0016291954033019,0.000440627150510053
FL-2008-000125-SDN,FL-2008-000125-SDN,0.45252965802662753,0.0003601392650723964,1.22270091265696,0.0004403426080876259
FL-2007-000138-UGA,FL-2007-000138-UGA,0.45989985184727517,0.0004232848227077617,1.0368375020093747,0.0004388775782147967
FL-2007-000003-PHL,FL-2007-000003-PHL,0.4684412193047802,0.0005088045979810815,0.8623711432091048,0.0004387784028309942
FF-2009-000107-THA,FF-2009-000107-THA,0.4604152207058907,0.00042805219050940643,1.0240911244438284,0.0004383644490994219
FL-2013-000104-MLI,FL-2013-000104-MLI,0.46153339919294745,0.0004385623499513961,0.9989817011392044,0.0004381157624100527
FL-2014-000045-SLB,FL-2014-000045-SLB,0.45330083895563383,0.0003663238782430837,1.1890977676758543,0.0004355949058652123
FF-2008-000178-DZA,FF-2008-000178-DZA,0.4559682400694899,0.00038845966783677006,1.1191395672477698,0.00043474058455605523
FL-2016-000026-PNG,FL-2016-000026-PNG,0.4522055690394386,0.0003575683455290797,1.213394111780414,0.0004338713250240498
FL-2007-000206-COG,FL-2007-000206-COG,0.4636838736203989,0.0004594306015037405,0.9410945726804741,0.0004323676455984959
FL-2023-000131-GTM,FL-2023-000131-GTM,0.4579380851426196,0.00040557169531679,1.0605795468095311,0.0004301410448178544
FL-2013-000087-MMR,FL-2013-000087-MMR,0.46544353010299183,0.0004771665349117802,0.8995776132921189,0.00042924833261880974
FL-2012-000043-KGZ,FL-2012-000043-KGZ,0.4528879595059729,0.0003630009375243548,1.178777939336242,0.0004278974971120829
FL-2016-000084-PHL,FL-2016-000084-PHL,0.4591533336776192,0.00041646395443551966,1.015846385922298,0.0004230634029802312
FL-2007-000177-SLE,FL-2007-000177-SLE,0.4565545459311622,0.0003934836707927973,1.0656581908077745,0.00041931909672945434
FL-1997-000177-MMR,FL-1997-000177-MMR,0.46151389522891917,0.0004383770528986933,0.9561349496906492,0.0004191476214188271
FL-1997-000025-MWI,FL-1997-000025-MWI,0.4594784468898837,0.0004194222291733458,0.9993439480764741,0.0004191470664131271
FL-2013-000085-NIC,FL-2013-000085-NIC,0.4537499077487339,0.0003699691378146322,1.1269320283443198,0.00041693007090224266
FL-1998-000111-TJK,FL-1998-000111-TJK,0.45738641014961867,0.0004007122019501836,1.0388109267052203,0.0004162642138499596
Russia: Floods - Jun 1993,Russia: Floods - Jun 1993,0.46806389359929523,0.0005047210406925292,0.820510219523839,0.00041412877189692755
Brazil: Floods - Dec 1989,Brazil: Floods - Dec 1989,0.45786956108834487,0.00040496522226866194,1.0188400740791148,0.0004125947970556687
Namibia: Floods - Mar 2004,Namibia: Floods - Mar 2004,0.45586752461644964,0.00038760248036504664,1.0587882424363562,0.00041038894894968
FL-2013-000020-BOL,FL-2013-000020-BOL,0.4469137479299405,0.0003178609272979202,1.2902239259175985,0.00041011177351413095
FL-2003-000359-PAK,FL-2003-000359-PAK,0.4585509344897033,0.000411032183755159,0.9970856486805502,0.0004098342915680958
FL-2009-000208-AZE,FL-2009-000208-AZE,0.4612689153162669,0.00043605561887465847,0.9365765261408021,0.0004083994567298052
1985-11-01T00:00:00+00:00,1985-11-01T00:00:00+00:00,0.46880128978868474,0.0005127291142401192,0.7962481269445691,0.00040825959684364293
FL-2000-000299-GTM,FL-2000-000299-GTM,0.46443155513149104,0.00046689282055657695,0.8719053948333257,0.00040708636905222733
FL-2003-000481-HND,FL-2003-000481-HND,0.4576796359707206,0.0004032885513096779,0.9978785950240384,0.0004024330129701812
FL-2001-000620-DZA,FL-2001-000620-DZA,0.44453106027637845,0.00030131525098854264,1.33508580894901,0.00040228171561471245
FL-2004-000023-CRI,FL-2004-000023-CRI,0.4798542071366582,0.0006472813120213764,0.6208832606204117,0.00040188613154649023
FL-2006-000133-NER,FL-2006-000133-NER,0.46064110498046,0.00043015689950013644,0.9314416156120189,0.0004006660374370639
FL-1998-000179-RUS,FL-1998-000179-RUS,0.4545712582224639,0.0003767209090897494,1.0601281876011002,0.0003993724545847548
FL-2009-000176-MLI,FL-2009-000176-MLI,0.4582381873049236,0.0004082373941573048,0.9776318968582874,0.00039910589801849027
FL-2019-000163-UGA,FL-2019-000163-UGA,0.4583109696180493,0.00040888626429314966,0.9750374650400142,0.0003986794266260739
FL-2021-000108-SSD,FL-2021-000108-SSD,0.4541600230380211,0.00037332668373347944,1.0642062462831952,0.00039729658873335975
FL-2012-000106-BGD,FL-2012-000106-BGD,0.4451854412646583,0.000305780321698654,1.2962702877560353,0.00039637394559844725
Benin: Floods - Sep 1988,Benin: Floods - Sep 1988,0.45934098400923307,0.0004181691251198874,0.9477795775541555,0.0003963321567523177
FL-2008-000086-MEX,FL-2008-000086-MEX,0.45870282774518645,0.0004123957435518301,0.9563543144258493,0.00039439644859664885
FL-2023-000103-DOM,FL-2023-000103-DOM,0.45046436615292573,0.0003440364196845984,1.142430234483892,0.00039303760761127444
FL-1998-000316-VNM,FL-1998-000316-VNM,0.44322330153767786,0.0002925673408696904,1.327857651248023,0.0003884877820791068
FL-2024-000168-DZA,FL-2024-000168-DZA,0.45359930461920284,0.0003687430138570253,1.0502118589927467,0.0003872582860733747
FF-2018-000042-ETH,FF-2018-000042-ETH,0.45303454756552675,0.00036417759001247565,1.0606234402511923,0.00038625528838142015
FL-1999-000428-VNM,FL-1999-000428-VNM,0.45769497870079257,0.00040342376555978205,0.9536527315229473,0.00038472617598735924
FL-2009-000203-USA,FL-2009-000203-USA,0.4525697620449469,0.0003604585544857282,1.0672358252351861,0.0003846942828596584
India: Floods - Aug 2003,India: Floods - Aug 2003,0.48696650916724327,0.0007498785638470958,0.512689258225858,0.00038445468465823923
China: Floods - May 1988,China: Floods - May 1988,0.46032382877860134,0.0004272032700742624,0.8982643528768322,0.00038374146894012387
FL-2025-000060-HTI,FL-2025-000060-HTI,0.44792169797244596,0.0003251030231539097,1.177091149533168,0.0003826758912409437
FF-2019-000029-IDN,FF-2019-000029-IDN,0.44603822027913925,0.0003116884741034784,1.2237138559090974,0.00038141750448759037
FL-2014-000154-IDN,FL-2014-000154-IDN,0.4567787653814537,0.00039542039292376823,0.9628039097423366,0.000380712300298855
FL-2013-000125-BFA,FL-2013-000125-BFA,0.44813832017400623,0.00032667870019213605,1.1601880124394874,0.0003790087118822295
FL-2022-000265-YEM,FL-2022-000265-YEM,0.4489495146582798,0.0003326404534216433,1.135758587937564,0.00037779925166907664
FL-2020-000185-PAK,FL-2020-000185-PAK,0.4493790502180722,0.00033583675124872165,1.124816762154381,0.00037775480715203336
FL-2008-000191-HND,FL-2008-000191-HND,0.45298150516321667,0.00036375142648851865,1.037013685075033,0.00037721520723415873
Russian Federation: Floods - Apr 2004,Russian Federation: Floods - Apr 2004,0.4622859610102209,0.00044576610955595784,0.8416206812536089,0.0003751659768042561
FF-2008-000063-PHL,FF-2008-000063-PHL,0.4585655422734116,0.0004111631425995058,0.9110661229691897,0.0003745968102359598
FL-2009-000240-PAN,FL-2009-000240-PAN,0.4554268829326342,0.00038387216815754117,0.9710725385234801,0.00037276772080125574
FL-2002-000376-RUS,FL-2002-000376-RUS,0.4560233983213915,0.00038892984145896424,0.9555833880945447,0.00037165489563243114
FF-2021-000198-COG,FF-2021-000198-COG,0.4504742549126343,0.0003441119512879534,1.0782758332205882,0.0003710476009961804
FL-2008-000031-PER,FL-2008-000031-PER,0.45543631720273703,0.00038395169555193907,0.9634315068788812,0.0003699111606143061
FL-2006-000106-MRT,FL-2006-000106-MRT,0.45850813650779676,0.000410648715744707,0.8996315305030165,0.0003694325326445089
FL-2023-000042-SYR,FL-2023-000042-SYR,0.4561585207254272,0.00039008380118729776,0.9456166805369497,0.00036886974920996796
FL-1991-000009-VNM,FL-1991-000009-VNM,0.4465307780092011,0.00031514758870451173,1.1677435677731713,0.00036801156960891853
FL-2014-000006-PHL,FL-2014-000006-PHL,0.453232898335472,0.0003657752030604823,1.0048551818492002,0.00036755110818726907
FL-2010-000136-YEM,FL-2010-000136-YEM,0.4392260084140399,0.0002672270922216541,1.363769613347829,0.0003644361882351899
FL-2023-000167-LBR,FL-2023-000167-LBR,0.4474484339671679,0.0003216843435854896,1.1239561416844555,0.00036155909365664354
FL-2024-000036-BRA,FL-2024-000036-BRA,0.4546860677493679,0.00037767346248532063,0.952179776292138,0.00035961303302074976
FL-2021-000145-BEN,FL-2021-000145-BEN,0.4501651042729362,0.00034175766592055084,1.0516858033389702,0.0003594216854309059
FL-2015-000037-HTI,FL-2015-000037-HTI,0.45125058034233345,0.0003500884109774545,1.0256893838267023,0.0003590819665403346
FL-2022-000254-PAK,FL-2022-000254-PAK,0.44736213532970276,0.0003210644545230815,1.1182281796262044,0.0003590233205240257
Papua New Guinea: Floods - Jun 1993,Papua New Guinea: Floods - Jun 1993,0.4568288580432861,0.0003958542449177907,0.9057511495213365,0.00035854543737718963
FL-2009-000174-NER,FL-2009-000174-NER,0.4558331801313843,0.0003873105645190675,0.9234579036877298,0.0003576650019868893
FL-2019-000062-SSD,FL-2019-000062-SSD,0.44906849263257975,0.0003335230497348893,1.0669924753090707,0.00035586658440925985
FL-2012-000050-AFG,FL-2012-000050-AFG,0.44803971317135227,0.000325960597573447,1.0763489315759105,0.000350847340934025
FL-2018-000360-RUS,FL-2018-000360-RUS,0.4453868051193863,0.0003071662291586568,1.1355339540901048,0.0003487976827594768
FF-2018-000158-TUN,FF-2018-000158-TUN,0.4477837631975432,0.00032410327425985496,1.0728594544762617,0.00034771726201639826
Paraguay: Floods - Jun 1995,Paraguay: Floods - Jun 1995,0.44965571522444825,0.0003379101037214011,1.0277326980250474,0.0003472812625875192
Cameroon: Floods - Sep 1994,name=Cameroon: Floods - Sep 1994,0.45427408266608543,0.0003742653321437475,0.9258215052048269,0.00034650289315130877
FL-2007-000165-BEN,FL-2007-000165-BEN,0.4516320477749691,0.00035305918836418246,0.9807232123464087,0.00034625334136093684
FL-2010-000242-AGO,FL-2010-000242-AGO,0.4385469117082028,0.0002631240650960807,1.3120034095843343,0.0003452196705497482
FL-2008-000096-BGD,FL-2008-000096-BGD,0.4633572287710263,0.0004562043560152964,0.7559853858657142,0.00034488382611584347
FL-2017-000017-PAK,FL-2017-000017-PAK,0.4436792086327407,0.00029559070686211044,1.1625966759620305,0.0003436527732431566
FF-2008-000092-KEN,FF-2008-000092-KEN,0.4500697258743859,0.0003410342593817895,1.0067078859630323,0.00034332187830320973
FL-2016-000011-TZA,FL-2016-000011-TZA,0.44695988919308555,0.00031818925285688666,1.076733992508393,0.00034260518460185816
Pakistan: Floods - Aug 1996,Pakistan: Floods - Aug 1996,0.45232135239360777,0.0003584849241574775,0.9536055804790171,0.00034185322419416777
FL-2005-000051-AGO,FL-2005-000051-AGO,0.4519782269550052,0.00035577476581398455,0.9581450089193589,0.00034088381616412304
Tunisia: Floods - Oct 1986,Tunisia: Floods - Oct 1986,0.4434194983293793,0.000293864999383492,1.1587436410513112,0.00034051419936316886
FL-2009-000034-MAR,FL-2009-000034-MAR,0.4465067708592705,0.00031497819466486695,1.0737840903093678,0.0003382185742255011
FL-2015-000171-PRY,FL-2015-000171-PRY,0.4471234631753936,0.00031935565018691034,1.0574697968975482,0.0003377089545412365
FL-2007-000023-IDN,FL-2007-000023-IDN,0.45336297646123747,0.00036682633701305993,0.916897628320032,0.0003363421984125994
FL-2011-000067-PHL,FL-2011-000067-PHL,0.4459253149785633,0.0003109003976434695,1.0816683359942454,0.00033629111577896086
FL-2024-000144-MLI,FL-2024-000144-MLI,0.44827395218513544,0.00032766876244387137,1.0257206390657925,0.00033609661241582506
FL-2024-000039-KAZ,FL-2024-000039-KAZ,0.44060046021446875,0.0002757080613009009,1.2154593718752695,0.00033511194700974127
FL-2001-000025-MWI,FL-2001-000025-MWI,0.45080799403380667,0.00034666986111141234,0.9654424418241856,0.0003346897972182532
FL-2023-000146-MRT,FL-2023-000146-MRT,0.44672118785295833,0.00031649402403343833,1.0535873745404762,0.0003334541078391407
ST-2012-000061-VNM,ST-2012-000061-VNM,0.4330961284067823,0.00023218973422190465,1.4292565034998714,0.00033185868768256387
FL-2006-000050-ARG,FL-2006-000050-ARG,0.4505028278399696,0.00034433027880747353,0.9631552235503491,0.0003316435066599662
FL-2009-000120-BWA,FL-2009-000120-BWA,0.45037489756095955,0.00034335372510362,0.9522872605541437,0.0003269713782799868
FL-2021-000066-GUY,FL-2021-000066-GUY,0.44707834173617134,0.0003190335189239715,1.0204156206178399,0.0003255467862106977
FL-2013-000030-COL,FL-2013-000030-COL,0.4419279790862812,0.00028412862021401787,1.1435152484315854,0.0003249054097305562
FL-2024-000031-MWI,FL-2024-000031-MWI,0.44362592097538023,0.00029523588234856344,1.0898465961995627,0.00032176182145355643
FL-2007-000227-ZWE,FL-2007-000227-ZWE,0.4498165790697988,0.0003391209214404868,0.9473870176389487,0.000321278758382475
FL-2002-000321-HTI,FL-2002-000321-HTI,0.4476246016338854,0.00032295311302572984,0.9930427130308388,0.0003207062355408259
FL-2023-000216-KEN,FL-2023-000216-KEN,0.4394858295133695,0.00026881207010177416,1.19256578459642,0.00032057607728991014
FL-2000-000444-IND,FL-2000-000444-IND,0.4610506341866745,0.00043399651028664125,0.7306166341110584,0.0003170850695615712
FL-2008-000205-IDN,FL-2008-000205-IDN,0.44942611436508606,0.0003361886439656522,0.9367613520933382,0.0003149285286796902
FF-2019-000018-AFG,FF-2019-000018-AFG,0.43902845458755047,0.00026602759557680945,1.1776802420532055,0.00031329544315172924
FL-2013-000083-THA,FL-2013-000083-THA,0.4408390805262068,0.0002772048847853918,1.1294300963517903,0.000313083539732352
FL-2025-000038-BOL,FL-2025-000038-BOL,0.44384842337207486,0.0002967199965590139,1.0525186156126618,0.0003123033200028871
FF-2009-000159-PAK,FF-2009-000159-PAK,0.4520769594091687,0.00035655270296362047,0.8753042401744937,0.00031209209274973376
FL-2007-000129-PAK,FL-2007-000129-PAK,0.4640410539031123,0.00046298193389532945,0.6733911312339389,0.0003117679282066526
Peru: Floods - Feb 1987,Peru: Floods - Feb 1987,0.4511904576727607,0.00034962224792847995,0.8908312469140471,0.0003114544230710199
FL-2003-000027-TUN,FL-2003-000027-TUN,0.45035006482363776,0.00034316445395103255,0.9069463005317308,0.00031123173198488045
Russia: Floods - Sep 1994,Russia: Floods - Sep 1994,0.45299601349697716,0.0003638679475326078,0.8535275801300156,0.00031057132874438224
FL-2022-000356-ETH,FL-2022-000356-ETH,0.4464180685301684,0.00031435302304743307,0.9852801574957187,0.00030972579605743016
FL-2011-000021-MYS,FL-2011-000021-MYS,0.4483771040692945,0.0003284235390880966,0.9410695768598368,0.00030906940096044516
FL-2011-000190-AGO,FL-2011-000190-AGO,0.45117885242800704,0.00034953233064217754,0.8834264830455577,0.0003087861175699359
FL-2007-000093-SDN,FL-2007-000093-SDN,0.4423883308477963,0.00028710227107195147,1.0741772764800994,0.00030839873561132005
FL-2011-000032-THA,FL-2011-000032-THA,0.4300468494974599,0.00021635040072299821,1.4229083066092745,0.0003078467823269993
FL-2009-000139-PAK,FL-2009-000139-PAK,0.44621534441247657,0.0003129284196354995,0.9836480205002447,0.000307811420532729
FL-2024-000020-PAK,FL-2024-000020-PAK,0.43937809115147203,0.00026815381352022447,1.1424260343540067,0.00030634589777681385
FL-2022-000292-LAO,FL-2022-000292-LAO,0.43784253530107814,0.0002589282874868897,1.1820410408414914,0.00030606386244430805
FL-1999-000244-VNM,FL-1999-000244-VNM,0.43965516814530853,0.00026984962976393106,1.132847715441496,0.00030569853659080285
FL-2010-000092-LKA,FL-2010-000092-LKA,0.43658190481419273,0.0002515691102073786,1.2070220613503797,0.00030364946597459096
FL-2007-000222-MYS,FL-2007-000222-MYS,0.44914880989857425,0.00033412004618356916,0.9073504280824132,0.00030316396693557714
FL-2015-000053-CAF,FL-2015-000053-CAF,0.4365241088761841,0.0002512362742839666,1.200744524918978,0.0003016705808075155
FL-2006-000071-ROM,FL-2006-000071-ROM,0.4435931758081487,0.0002950180335400102,1.0212196594192295,0.0003012782157342601
FL-2017-000088-SDN,FL-2017-000088-SDN,0.4414195975907713,0.00028087695296208104,1.0719224581628997,0.0003010783138604191
FL-2010-000051-KAZ,FL-2010-000051-KAZ,0.44145628743371335,0.0002811104991550194,1.0701404681681588,0.00030082772117273724
FL-2006-000013-MWI,FL-2006-000013-MWI,0.4468197285397806,0.0003171928607027515,0.9463273276685,0.0003001682722243616
FL-2022-000158-HTI,FL-2022-000158-HTI,0.4359128711976134,0.0002477404523191088,1.2084069567596751,0.00029937128605319967
FL-2010-000037-HTI,FL-2010-000037-HTI,0.4416347077594371,0.0002822487125350186,1.0604316168394865,0.0002993054585843732
FF-2021-000032-TLS,FF-2021-000032-TLS,0.4479155158293858,0.0003250581557455026,0.915168404503065,0.00029748295376432046
FL-1997-000026-MOZ,FL-1997-000026-MOZ,0.44035838717988884,0.00027419701615347933,1.0827610863454504,0.00029688985908302227
FL-2003-000389-BFA,FL-2003-000389-BFA,0.4411880369339694,0.00027940699712098046,1.0605355785233375,0.0002963210613351675
FF-2016-000093-LAO,FF-2016-000093-LAO,0.43981543692103425,0.0002708349356728793,1.0828034294739801,0.0002932609971679585
Brazil: Floods - Feb 1988,Brazil: Floods - Feb 1988,0.4492914862911259,0.0003351829287693499,0.8724712930664509,0.0002924374832771948
FL-2001-000521-TCD,FL-2001-000521-TCD,0.441851658416376,0.0002836383131261458,1.0298042380611858,0.0002920919369338306
FL-2022-000382-ZAF,FL-2022-000382-ZAF,0.4472299060694282,0.00032011672809103886,0.904559089993309,0.0002895644962536657
FL-2002-000263-CRI,FL-2002-000263-CRI,0.46475257195143216,0.0004701300575150208,0.61387757718801,0.00028860230067058077
FL-2010-000036-CYP,FL-2010-000036-CYP,0.4389259359225414,0.00026540704005071156,1.084509140610344,0.00028783636091733234
FL-2014-000014-SYC,FL-2014-000014-SYC,0.43919939520674034,0.00026706522040436406,1.0720586098274476,0.00028630956891996344
FL-2019-000009-ARG,FL-2019-000009-ARG,0.4351186019893554,0.00024326324991098437,1.1742632969134712,0.00028565510585835816
FL-1998-000272-PRK,FL-1998-000272-PRK,0.4479535681450577,0.00032533441197832633,0.8775464676728586,0.0002854960640440068
FL-2020-000195-CMR,FL-2020-000195-CMR,0.44749175112236134,0.00032199589954526835,0.8859055483526522,0.0002852579539539565
FL-2019-000048-TZA,FL-2019-000048-TZA,0.4332775557238696,0.00023316423057026254,1.2213880740169378,0.00028478401050585416
FL-2016-000075-BGD,FL-2016-000075-BGD,0.44004801676086314,0.00027227055726584504,1.0303519065285407,0.00028053448777045167
FL-2022-000261-GEO,FL-2022-000261-GEO,0.4392517976832012,0.0002673840367661183,1.0491729788203328,0.00028053210634291375
FL-2007-000106-IDN,FL-2007-000106-IDN,0.44502315467719183,0.00030466746590194913,0.9201287593720849,0.0002803332974213974
FL-2022-000135-ZMB,FL-2022-000135-ZMB,0.4326252703403431,0.0002296777033770757,1.2189092023041321,0.00027995626621039643
FL-2006-000010-BOL,FL-2006-000010-BOL,0.44864737401563703,0.00033040856836273277,0.8447911998200817,0.0002791262508979885
FL-2009-000190-TUR,FL-2009-000190-TUR,0.4401890822436567,0.0002731446307592288,1.0202954218418836,0.0002786882162643329
FL-2022-000271-NGA,FL-2022-000271-NGA,0.43346016042894286,0.000234148766323034,1.1840293642331243,0.00027723901492543234
FF-2019-000054-YEM,FF-2019-000054-YEM,0.43268890277351524,0.00023001574715885779,1.2008192634195207,0.0002762073400781903
Brazil: Floods - Apr 1989,Brazil: Floods - Apr 1989,0.4397263383332912,0.0002702867733785691,1.0184196369495275,0.0002752653576164616
FL-2009-000171-AFG,FL-2009-000171-AFG,0.43763935035332524,0.000257729212528588,1.0657008277559579,0.0002746622351286074
FL-2009-000117-GTM,FL-2009-000117-GTM,0.4414179517099167,0.0002808664803359145,0.9753116506378312,0.00027393235054525873
1995-09-01T00:00:00+00:00,1995-09-01T00:00:00+00:00,0.43908508295277715,0.0002663709322052848,1.02827893467495,0.00027390361839642357
India: Floods - Oct 1996,India: Floods - Oct 1996,0.46384070879532535,0.0004609869344764429,0.5918800598424082,0.0002728489743644853
FL-2002-000374-IND,FL-2002-000374-IND,0.4636062243510791,0.00045866181093158286,0.5937469444772157,0.0002723290487890137
FF-2007-000083-IND,FF-2007-000083-IND,0.44564058838619036,0.0003089209698611235,0.8813888050539815,0.00027227948448201267
FL-2016-000071-LBR,FL-2016-000071-LBR,0.4391603836702385,0.0002668280966451573,1.0193781830294557,0.00027199874033934844
FL-2024-000059-YEM,FL-2024-000059-YEM,0.4360982672599215,0.00024879612448607484,1.0930394963322032,0.0002719439905976634
FL-2003-000647-TLS,FL-2003-000647-TLS,0.4351489203800813,0.00024343280513614647,1.1114226107007856,0.0002705567238146315
FL-2003-000571-DOM,FL-2003-000571-DOM,0.44044953495142175,0.0002747650929607209,0.9832757048107912,0.00027016984043835537
China: Floods in Zhejiang Province - Aug 1988,name=China: Floods in Zhejiang Province - Aug 1988,0.4323476440985692,0.00022820805423818077,1.1830173894671492,0.0002699740965802302
FL-2009-000247-MYS,FL-2009-000247-MYS,0.44010719425516254,0.00027263692736001797,0.9816944353369297,0.00026764615445668834
FL-2004-000100-PAN,FL-2004-000100-PAN,0.4379820862467657,0.00025975473886100353,1.0286129960378907,0.00026718710017485675
FL-2020-000202-GIN,FL-2020-000202-GIN,0.43481438317979965,0.0002415677845427755,1.1057838285302726,0.0002671217496412863
FL-2009-000147-NIC,FL-2009-000147-NIC,0.442133094168878,0.0002854501237516297,0.933638952160343,0.00026650735443351176
FF-2006-000069-IDN,FF-2006-000069-IDN,0.44185808483142497,0.00028367956898189036,0.9360516519312406,0.0002655387291646408
FL-2019-000079-BGD,FL-2019-000079-BGD,0.4303097995056079,0.0002176769102967254,1.2169646553574989,0.00026490510611853964
FL-2011-000102-BRA,FL-2011-000102-BRA,0.4345048041774735,0.00023985337101688412,1.1038786858666811,0.00026476902399881155
FL-2020-000154-CIV,FL-2020-000154-CIV,0.43059673173229934,0.00021913275137673853,1.204144706950617,0.00026386754268982525
FL-2016-000124-COD,FL-2016-000124-COD,0.4268904402537579,0.00020098529962412514,1.3125392635260602,0.00026380109714821377
1994-01-01T00:00:00+00:00,1994-01-01T00:00:00+00:00,0.439461505330177,0.00026866332797359933,0.9792699859742091,0.00026309393341649096
FL-2004-000063-PRK,FL-2004-000063-PRK,0.43955818988316986,0.00026925499129769705,0.9650636272415313,0.0002598481985546425
FL-2009-000261-PER,FL-2009-000261-PER,0.44150224173467983,0.0002814032640313596,0.9204310126131963,0.00025901229126504293
LS-2010-000190-COL,LS-2010-000190-COL,0.4474398233621721,0.0003216224446770778,0.8035449578867475,0.0002584380937634753
FF-2021-000098-MNG,FF-2021-000098-MNG,0.43234482146353215,0.00022819315583097428,1.1320748662636826,0.0002583317363696379
India: Floods - Jun 1996,India: Floods - Jun 1996,0.4624946098213193,0.0004477821279511317,0.5746164560457379,0.00025730297944389843
FL-2017-000064-IND,FL-2017-000064-IND,0.4373268551600299,0.0002558948061211801,1.0042415418757316,0.0002569801946571253
FL-2005-000104-IND,FL-2005-000104-IND,0.45909597792505713,0.0004159440152557123,0.6116122238015762,0.00025439644414750295
FL-2005-000182-IND,FL-2005-000182-IND,0.45414451751336776,0.00037319924546171704,0.6806810703680618,0.0002540296618614346
FL-2007-000181-HTI,FL-2007-000181-HTI,0.4373973948913249,0.0002563078577831693,0.9891914221912965,0.00025353753435933783
FL-2020-000175-GEO,FL-2020-000175-GEO,0.43422401442243075,0.00023830786784737913,1.0606407542579777,0.00025275903669925466
Zambia: Floods - Apr 2004,Zambia: Floods - Apr 2004,0.4448257417411877,0.0003033186511766034,0.8301170229297365,0.00025178997571378525
FF-2023-000051-KEN,FF-2023-000051-KEN,0.43954678893264004,0.000269185161986469,0.9345216780382686,0.00025155936928259815
FL-2011-000020-BOL,FL-2011-000020-BOL,0.436579606502741,0.00025155586709162375,0.9970007790304958,0.00025080139546004073
FL-2001-000524-MLI,FL-2001-000524-MLI,0.43797290122530574,0.0002597002702472383,0.9651997077307357,0.00025066262494022746
FL-2020-000176-SDN,FL-2020-000176-SDN,0.435887094455822,0.0002475939954678166,1.0057698073879717,0.0002490225651320842
FL-1999-000547-VEN,FL-1999-000547-VEN,0.43293028109264875,0.0002313021309445864,1.075232993321348,0.00024870368261715407
FL-2022-000348-CRI,FL-2022-000348-CRI,0.44196497813192936,0.00028436658770499717,0.869648665727101,0.0002472990235750194
FL-2003-000196-ARG,FL-2003-000196-ARG,0.4359841263214117,0.0002481457114529538,0.9957341344638851,0.00024708715521453193
FL-2007-000125-PHL,FL-2007-000125-PHL,0.44100522738734604,0.00027825140978881776,0.8878873967487101,0.00024705591987905193
FL-2011-000122-NER,FL-2011-000122-NER,0.4339636421206855,0.00023688275993020947,1.0388296068906175,0.00024608082437746405
Djibouti: Floods - Nov 1994,Djibouti: Floods - Nov 1994,0.4375755714813234,0.00025735386002055937,0.949468318420347,0.0002443493367127059
FL-2024-000074-ETH,FL-2024-000074-ETH,0.43145648758802907,0.00022354761271424438,1.0897711550904126,0.0002436157401253063
FL-2005-000094-AFG,FL-2005-000094-AFG,0.4309482154045299,0.0002209280533936601,1.1022905778568743,0.000243526911640092
FL-2005-000171-SLV,FL-2005-000171-SLV,0.4316496068864941,0.00022455022638965278,1.0823968914043698,0.00024305246700830765
FL-2010-000139-SDN,FL-2010-000139-SDN,0.4452021779470685,0.0003058952988193868,0.793326664779713,0.00024267489718417782
FL-2022-000286-MRT,FL-2022-000286-MRT,0.43284594487147937,0.00023085194168424582,1.0505974879699613,0.00024253247002645667
FL-2007-000154-MEX,FL-2007-000154-MEX,0.43309938998185227,0.00023220722063805062,1.041257826944866,0.00024178758596248362
ST-2022-000138-MDG,ST-2022-000138-MDG,0.42829966504437056,0.00020771953778043103,1.1583807019765697,0.0002406183039883443
FL-2004-000115-PAN,FL-2004-000115-PAN,0.4383702378923578,0.00026206595828145036,0.9177618050112175,0.0002405141269043783
FL-2008-000154-MEX,FL-2008-000154-MEX,0.43458731780175486,0.0002403092484225919,1.0007930921827906,0.00024049983580896813
FF-2006-000049-IDN,FF-2006-000049-IDN,0.4366055286970534,0.00025170526991673015,0.9546072289122487,0.00024027967021781937
Tanzania: Floods - Apr 1989,Tanzania: Floods - Apr 1989,0.439216807571131,0.00026717111915332937,0.8981542921589569,0.00023996088740847488
FL-2005-000105-HTI,FL-2005-000105-HTI,0.4345923132428119,0.00024033687262452446,0.9972865856131765,0.00023968473909666093
Bangladesh: Floods - Jul 1991,Bangladesh: Floods - Jul 1991,0.4455099246893861,0.0003080163947261578,0.7760463103390562,0.0002390349866511731
FL-2019-000108-MRT,FL-2019-000108-MRT,0.43596071853066876,0.0002480125153254673,0.962366664364851,0.00023867897709450644
FF-2013-000118-BEN,FF-2013-000118-BEN,0.4261101869143241,0.00019734183808038948,1.2075093409994648,0.0002382921128520742
Algeria: Floods - Nov 1994,Algeria: Floods - Nov 1994,0.4309934812994789,0.00022116022129614737,1.0762250844313983,0.00023801817783731293
FF-2008-000202-MAR,FF-2008-000202-MAR,0.43742967955768236,0.00025649710359898996,0.9260497109629775,0.00023752906865068555
FL-2021-000204-BRA,FL-2021-000204-BRA,0.42406710946697146,0.00018808142215973457,1.2616737641161433,0.00023729739585658972
FF-2018-000118-LAO,FF-2018-000118-LAO,0.4274296451932048,0.00020353842139809718,1.1632902888660213,0.00023677426902352642
FL-2010-000225-PAN,FL-2010-000225-PAN,0.4283865412104828,0.00020814126021790998,1.1284651586517427,0.00023488016023377745
FL-2017-000079-TJK,FL-2017-000079-TJK,0.4279617631128486,0.00020608656497293708,1.133782714433925,0.00023365738504338004
FL-2008-000091-SOM,FL-2008-000091-SOM,0.4337253554113609,0.000235585260825636,0.9854190784086135,0.00023215021060945108
FF-2009-000201-PHL,FF-2009-000201-PHL,0.439089381589948,0.0002663970110332955,0.8698163539289835,0.00023171647683456028
FL-2007-000189-NIC,FL-2007-000189-NIC,0.4318296182765831,0.00022548843040957547,1.0272245921975405,0.00023162726097273966
FL-2018-000029-RWA,FL-2018-000029-RWA,0.4255151092090378,0.00019460314578604367,1.1779991519684878,0.00022924234070635945
FL-2009-000032-SLB,FL-2009-000032-SLB,0.4273194527756594,0.00020301430264724391,1.1239355242445161,0.00022817498667496494
FL-2016-000072-SDN,FL-2016-000072-SDN,0.4267029591622572,0.00020010435786521855,1.1398024130767133,0.00022807942996194228
FL-2007-000155-ROM,FL-2007-000155-ROM,0.4362971963999887,0.000249933357092102,0.8986487971175168,0.00022460231071036026
FF-2009-000069-IDN,FF-2009-000069-IDN,0.43814911245892274,0.00026074702556410674,0.8612099711014543,0.00022455793835085452
FL-2001-000095-HUN,FL-2001-000095-HUN,0.4348004967082105,0.00024149064721121498,0.929591846342594,0.00022448773661554132
FL-2010-000046-MOZ,FL-2010-000046-MOZ,0.42164442255148626,0.00017760843978483236,1.2621415706580152,0.00022416699515214784
FL-2024-000015-ECU,FL-2024-000015-ECU,0.42771299928418804,0.00020489176221015975,1.0902025804351165,0.00022337352787141446
FL-2009-000187-CIV,FL-2009-000187-CIV,0.4257151840964847,0.00019552009766545808,1.1423006536672147,0.0002233427353683304
Bangladesh: Floods - Aug 1988,Bangladesh: Floods - Aug 1988,0.4436764861762999,0.0002955725696452244,0.7553870279750035,0.00022327168493524078
FL-2007-000035-AFG,FL-2007-000035-AFG,0.43255773489292015,0.00022931941421418443,0.9702882879212498,0.00022250594180498492
FL-2015-000018-PNG,FL-2015-000018-PNG,0.4334448065658081,0.00023406584024478747,0.9476670877822322,0.00022181649317407895
Hungary: Floods - Mar 1999,Hungary: Floods - Mar 1999,0.43517814901229673,0.00024359636658918352,0.9105346924279767,0.00022180294272885486
FF-2020-000153-BIH,FF-2020-000153-BIH,0.43056484974152287,0.00021897055643809273,1.0072124375171865,0.00022054986789450602
FL-2020-000165-NPL,FL-2020-000165-NPL,0.4274280139899014,0.00020353065387781937,1.0774034394387852,0.00021928462651918753
FL-2005-000110-BIH,FL-2005-000110-BIH,0.4323612722684444,0.00022827999864122672,0.9602566282387353,0.00021920738178956743
FL-2019-000101-NER,FL-2019-000101-NER,0.4234682013425015,0.00018544197448366594,1.1793461107574137,0.00021870027137848696
FL-1998-000219-KOR,FL-1998-000219-KOR,0.42604543347646334,0.000197042154385625,1.1090488289439522,0.00021852937057397084
FL-2018-000015-BOL,FL-2018-000015-BOL,0.43108120603663463,0.00022161078500536606,0.980600451614799,0.0002173116358589721
FL-2006-000009-GUY,FL-2006-000009-GUY,0.43155851539573464,0.000224076805333454,0.9682281522146716,0.00021695747118217684
FL-2008-000170-DOM,FL-2008-000170-DOM,0.4345054033313522,0.0002398566784594699,0.8986920832348044,0.00021555729804252166
FL-2000-000770-IDN,FL-2000-000770-IDN,0.4342576604947608,0.00023849258633064734,0.9023361566151682,0.00021520048373080753
FL-2000-000191-HUN,FL-2000-000191-HUN,0.428625737838436,0.00020930637549762253,1.016070329308817,0.0002126699978783042
FL-2012-000138-NGA,FL-2012-000138-NGA,0.42019468306982766,0.0001715953550354973,1.2369286645182986,0.000212251213341601
Bolivia: Chapare River Floods - Jan 1987,Bolivia: Chapare River Floods - Jan 1987,0.4392434260999334,0.00026733308112353153,0.7937364930631707,0.00021219202229076403
FL-2022-000328-HND,FL-2022-000328-HND,0.42455922785715816,0.00019027548943999873,1.1114267603705184,0.00021147727080621256
FL-2019-000084-IND,FL-2019-000084-IND,0.42354410684476207,0.00018577464233284532,1.1318124044523812,0.00021026204462501878
FL-2015-000017-PAK,FL-2015-000017-PAK,0.42754791668970116,0.0002041023221655343,1.0272519860341873,0.00020966451579873465
FL-2015-000011-PER,FL-2015-000011-PER,0.4286711377090087,0.00020952817769110695,0.9963773020475339,0.00020876912039080142
FL-2009-000183-NGA,FL-2009-000183-NGA,0.42993732823203,0.0002158000459644881,0.9656932233895635,0.0002083966419950625
FL-2008-000035-PRY,FL-2008-000035-PRY,0.42965698477932934,0.00021439702935193816,0.9689476692755781,0.00020773950189016818
FL-2011-000137-VNM,FL-2011-000137-VNM,0.42125042304521443,0.000175955764859069,1.1760511302101604,0.00020693297612950132
FF-2007-000080-BGD,FF-2007-000080-BGD,0.44225769911009266,0.00028625561962993586,0.7213395261756768,0.0002064874930289827
FL-2001-000079-ROM,FL-2001-000079-ROM,0.4290354334275645,0.00021131562678658293,0.9754964355574846,0.00020613764070790734
FL-2006-000058-TJK,FL-2006-000058-TJK,0.41566018302993857,0.00015395161356421464,1.3389011984588786,0.00020612599990580514
FL-2024-000182-SLE,FL-2024-000182-SLE,0.4209734126661402,0.00017480211398854847,1.178286929715142,0.00020596704619928305
FF-2008-000072-CHN,FF-2008-000072-CHN,0.4436963392508927,0.0002957048553575355,0.6928246734717287,0.0002048716198570893
FL-2017-000004-THA,FL-2017-000004-THA,0.4235222282972251,0.00018567870109287572,1.0982925831634236,0.00020392954026172367
FL-2022-000362-LCA,FL-2022-000362-LCA,0.420219333541894,0.00017169604701241915,1.1864300437913862,0.00020370534857575234
FF-2008-000227-ETH,FF-2008-000227-ETH,0.43447444483678077,0.00023968583544483674,0.849511519256154,0.00020361587821292378
FL-2006-000158-PRK,FL-2006-000158-PRK,0.42749376488005897,0.00020384396018180821,0.9986709167128025,0.00020357303458113442
FL-1999-000324-HND,FL-1999-000324-HND,0.42558613980951987,0.00019492823803296,1.0408486923311688,0.00020289080165502522
FL-2003-000028-BRA,FL-2003-000028-BRA,0.4334294909997758,0.00023398314734315178,0.8631256388343357,0.0002019568535270264
FL-2011-000037-BDI,FL-2011-000037-BDI,0.43590256487163204,0.0002476818850596559,0.813980526208619,0.00020160823113320143
FL-1999-000363-NIC,FL-1999-000363-NIC,0.42569068107342445,0.0001954075906897289,1.029066129374002,0.0002010873330013786
FL-2015-000085-VEN,FL-2015-000085-VEN,0.4215101740717317,0.00017704375712005192,1.1268991625176379,0.0001995104616275626
FL-2021-000173-IDN,FL-2021-000173-IDN,0.42516243292272926,0.0001929962344959034,1.033714069822925,0.0001995029230212599
FF-2017-000122-CMR,FF-2017-000122-CMR,0.42095095263024085,0.00017470887486284984,1.1398719755326612,0.00019914575033300514
FL-2005-000139-SLE,FL-2005-000139-SLE,0.4245243061216345,0.00019011903797429638,1.0426506939426599,0.00019822774687561104
FL-2019-000162-MYS,FL-2019-000162-MYS,0.42399160751114595,0.00018774682551255008,1.0555900890857195,0.00019818368826835376
FL-2000-000408-VNM,FL-2000-000408-VNM,0.4217042052978234,0.0001778604221866563,1.1142401773728954,0.00019817922836487797
FL-2017-000126-NGA,FL-2017-000126-NGA,0.4203855011155704,0.00017237619508623652,1.1480023217546238,0.0001978882721742275
FL-2010-000031-PRT,FL-2010-000031-PRT,0.4160359403989602,0.00015534901345234652,1.2669155831916283,0.0001968140859762237
FL-2005-000065-GEO,FL-2005-000065-GEO,0.4198519567527954,0.00017020088575510532,1.1559686487957939,0.00019674688793017638
FL-2016-000060-IND,FL-2016-000060-IND,0.41934860396056883,0.00016817135197482898,1.168540290886529,0.0001965150005554475
FL-2010-000219-PHL,FL-2010-000219-PHL,0.4202842009676122,0.0001719612708960198,1.141795195185297,0.00019634455286703263
FL-2011-000129-MLI,FL-2011-000129-MLI,0.4300113283082587,0.0002161717651234727,0.9069557018258996,0.0001960582149525027
FL-2020-000242-COL,FL-2020-000242-COL,0.4216104336250528,0.00017746532083102383,1.1047518015144244,0.00019605513289440888
FL-2020-000128-KEN,FL-2020-000128-KEN,0.42459479281478774,0.00019043494166230324,1.0272567357494566,0.00019562557654465582
Venezuela: Floods - Aug 1988,Venezuela: Floods - Aug 1988,0.4323068628967143,0.0002279928882822171,0.8558233169940771,0.00019512162990074707
FL-2013-000101-LAO,FL-2013-000101-LAO,0.4213981102258436,0.00017657362648302734,1.1048841434150625,0.00019509340004639084
FL-2011-000133-MEX,FL-2011-000133-MEX,0.4330706353056313,0.00023205309784154544,0.8391023593878815,0.00019471630190210767
FL-2001-000029-BOL,FL-2001-000029-BOL,0.4256750342783599,0.0001953357780569764,0.9901822298032961,0.00019341801627681862
FL-2013-000028-NAM,FL-2013-000028-NAM,0.4234009759862565,0.00018514779652957877,1.0440048847146737,0.00019329520397103875
FL-2006-000123-SDN,FL-2006-000123-SDN,0.423549065178231,0.00018579639168879382,1.0356622281917345,0.00019242230500640046
FL-1994-000007-VNM,FL-1994-000007-VNM,0.4213187625759677,0.0001762414266894393,1.0899814138986574,0.00019209987945047164
FL-2008-000126-TCD,FL-2008-000126-TCD,0.42132534768725854,0.00017626897473957873,1.083157735234383,0.00019092710347100878
FL-1999-000160-PER,FL-1999-000160-PER,0.42781926353525923,0.00020540138029477906,0.9293539712618099,0.00019089058847961019
FL-2009-000248-URY,FL-2009-000248-URY,0.4267409736416648,0.0002002827000384555,0.9530636879457565,0.00019088216873038412
FL-2007-000210-PHL,FL-2007-000210-PHL,0.42781803838775434,0.00020539549828414624,0.9253870742606627,0.00019007033922347705
FL-2002-000225-ETH,FL-2002-000225-ETH,0.42440424288667156,0.00018958203037163898,1.0009847442519026,0.00018976872018631148
LS-2010-000040-UGA,LS-2010-000040-UGA,0.43139720050941316,0.00022324062248561723,0.848757747990263,0.00018947720800083697
Mongolia: Flash Floods - Aug 1994,Mongolia: Flash Floods - Aug 1994,0.42656115469800426,0.0001994403527690612,0.944597599391765,0.00018839087844750197
FF-2014-000009-TZA,FF-2014-000009-TZA,0.4220146706401874,0.00017917420555457164,1.0439643751945358,0.00018705148755275572
FL-2020-000237-LKA,FL-2020-000237-LKA,0.4204725710011109,0.00017273355213082207,1.0827634742900054,0.00018702958103162268
FL-2023-000068-YEM,FL-2023-000068-YEM,0.4165758480766443,0.00015737685834577792,1.1881661189135326,0.00018698985098750776
FL-2008-000117-ROM,FL-2008-000117-ROM,0.4223705282206418,0.0001806908112906242,1.0292424136351432,0.00018597464673445426
FF-2020-000140-IDN,FF-2020-000140-IDN,0.4211422754330883,0.0001755045551825741,1.0585469561406466,0.000185779812677332
FL-2007-000159-RWA,FL-2007-000159-RWA,0.424490346780692,0.00018996700913785888,0.9770683724629499,0.0001856107564399821
FL-2010-000176-MRT,FL-2010-000176-MRT,0.4168000038100448,0.00015822574259675046,1.1720801829873777,0.000185453257336113
FL-2016-000021-PAK,FL-2016-000021-PAK,0.4153450761016737,0.00015278849847195607,1.2119023313188628,0.00018516473749687206
FL-2019-000118-SEN,FL-2019-000118-SEN,0.42180392747897766,0.0001782814641178708,1.0381953499928476,0.0001850909870370902
FL-2004-000059-AFG,FL-2004-000059-AFG,0.42099447953088076,0.00017488961029538466,1.05356410211551,0.0001842574152401884
FL-2005-000129-SDN,FL-2005-000129-SDN,0.4182027313224399,0.00016363215466568313,1.1253207612767273,0.00018413866085773773
FL-2011-000109-PAK,FL-2011-000109-PAK,0.41436765252216,0.00014923079410415123,1.2338103813705061,0.0001841225029858663
FL-2011-000161-SOM,FL-2011-000161-SOM,0.4236661333647065,0.0001863105687202839,0.9834528228611097,0.00018322765473682197
FF-2009-000196-IDN,FF-2009-000196-IDN,0.4268318759079008,0.00020070974159753252,0.9083004588291629,0.0001823047503845215
FL-2007-000086-PAN,FL-2007-000086-PAN,0.42964052348850235,0.0002143149023629082,0.8477798095902991,0.00018169184711758985
Bangladesh: Floods - Sep 1986,Bangladesh: Floods - Sep 1986,0.42395385651168926,0.00018757972807297544,0.9657008832892354,0.00018114590908722698
FL-2019-000094-GTM,FL-2019-000094-GTM,0.4160353469465183,0.00015534679749813082,1.1627948729486577,0.0001806364596598199
FL-2012-000128-SSD,FL-2012-000128-SSD,0.41460836279689717,0.0001500999602356954,1.202591215503273,0.00018050889362683788
FF-2007-000081-NPL,FF-2007-000081-NPL,0.41852243072427175,0.00016488736956985,1.0925989789075539,0.00018015577162677058
1986-04-01T00:00:00+00:00,1986-04-01T00:00:00+00:00,0.42732054042248824,0.00020301946998493801,0.8870822721015816,0.00018009497271509768
FL-2002-000296-PRY,FL-2002-000296-PRY,0.42531226979261905,0.00019367747661881585,0.9287123335884037,0.00017987066127417395
FL-2019-000153-COD,FL-2019-000153-COD,0.4161725785545055,0.00015585997896057702,1.1527833414890951,0.00017967278735059403
FL-2003-000455-NGA,FL-2003-000455-NGA,0.4218412603698237,0.00017843931978301435,1.0019534687985443,0.00017878789542664393
FL-2023-000110-CHL,FL-2023-000110-CHL,0.422769583219775,0.00018240525166671992,0.978626075734756,0.0001785065356320127
FL-2007-000139-KEN,FL-2007-000139-KEN,0.42023097539771187,0.00017174362002200588,1.0383627898563688,0.00017833218442608214
FL-2007-000068-COL,FL-2007-000068-COL,0.43228711926639746,0.0002278887843994185,0.7818122360681077,0.00017816624010615227
FL-1998-000251-SDN,FL-1998-000251-SDN,0.41659243077693536,0.00015743951682258746,1.131419011075252,0.0001781300624275774
FL-2012-000126-PAN,FL-2012-000126-PAN,0.4285044330232285,0.00020871477405239513,0.8526290636893213,0.00017795628237842192
FL-1993-000013-PHL,FL-1993-000013-PHL,0.4163962321105623,0.00015669960801878067,1.133970277619954,0.00017769269800799468
FL-1999-000371-IND,FL-1999-000371-IND,0.4363043006413693,0.0002499740568037178,0.709212471829804,0.00017728471871908852
FL-2011-000120-SDN,FL-2011-000120-SDN,0.420463305170612,0.00017269549111996455,1.019268556883517,0.00017602308401413647
Bangladesh: Floods - Aug 1989,Bangladesh: Floods - Aug 1989,0.4182462997542735,0.00016380270686476843,1.074589594581484,0.00017602068436116118
FL-2014-000008-BOL,FL-2014-000008-BOL,0.4220874711420486,0.0001794835337236897,0.9806451897228388,0.00017600966398059322
FL-2011-000164-CAF,FL-2011-000164-CAF,0.4248219772508839,0.00019145634310420307,0.9191458685754219,0.00017597630677678672
FL-2008-000201-YEM,FL-2008-000201-YEM,0.4180756619396115,0.00016313564356186785,1.0616963805348374,0.00017320052230585645
FL-2006-000047-COD,FL-2006-000047-COD,0.419985261551985,0.00017074205363016822,1.0080124870300073,0.00017211012212035675
FF-2013-000029-SRB,FF-2013-000029-SRB,0.4140594196641284,0.00014812442958741438,1.161108725475724,0.00017198856765006132
FL-2014-000107-MMR,FL-2014-000107-MMR,0.42196848081626015,0.0001789781945958412,0.9521660688837085,0.0001704169639642255
FL-1998-000329-BEN,FL-1998-000329-BEN,0.4199900730533638,0.0001707616154590125,0.9960705364253544,0.00017009061391111866
FL-2005-000176-BGD,FL-2005-000176-BGD,0.42656210224478264,0.00019944478310573703,0.852603025726979,0.00017004722554141244
FF-2019-000068-VNM,FF-2019-000068-VNM,0.41674638446115464,0.00015802231045889095,1.0739024148338638,0.00016970054079942952
FL-2017-000054-BFA,FL-2017-000054-BFA,0.409981376901655,0.00013416563690239413,1.26465349431215,0.00016967304152522788
FL-2017-000078-NER,FL-2017-000078-NER,0.406509516103906,0.0001232273660889993,1.3737310931814115,0.000169281264327307
FL-2019-000089-SLE,FL-2019-000089-SLE,0.4162369079824224,0.00015610106549180172,1.0808607361671503,0.00016872351256394535
FL-2016-000066-PAK,FL-2016-000066-PAK,0.40652428708066346,0.00012327214944930754,1.365086108875814,0.00016827709882451304
FL-2019-000032-BOL,FL-2019-000032-BOL,0.41914239209633086,0.00016734620818916935,0.9989982238811052,0.00016717856475421784
FL-1998-000392-IND,FL-1998-000392-IND,0.41082321520158815,0.00013694613241716595,1.2193931606788748,0.0001669911772509157
FL-2019-000156-DJI,FL-2019-000156-DJI,0.41652493230276466,0.00015718461103249787,1.0579254007457344,0.00016628959261761768
FF-2023-000136-VNM,FF-2023-000136-VNM,0.4111261108772192,0.00013795917852719698,1.2027362338812573,0.00016592850281115293
FL-2001-000320-TLS,FL-2001-000320-TLS,0.42068208792545997,0.0001735961972409301,0.9542028064575442,0.00016564597859765288
FL-2021-000152-GEO,FL-2021-000152-GEO,0.41617018389044524,0.000155851010983221,1.0591574472605578,0.0001650707589459655
FL-2021-000126-MYS,FL-2021-000126-MYS,0.4170281864251409,0.00015909410726795274,1.0369812416402933,0.00016497760489237565
FL-2019-000083-NPL,FL-2019-000083-NPL,0.4147152711853262,0.0001504874482619025,1.0942813443525146,0.00016467560719221413
FL-2006-000056-AFG,FL-2006-000056-AFG,0.4203677597132229,0.0001723034614952597,0.9546321476865294,0.000164486423501043
FL-2011-000170-COL,FL-2011-000170-COL,0.4295470350173678,0.00021384901602540998,0.7680165233769249,0.00016423957781541167
FF-2020-000191-AFG,FF-2020-000191-AFG,0.4096484980011721,0.00013308026847401916,1.231578444091277,0.00016389878998648193
FL-2011-000059-CHN,FL-2011-000059-CHN,0.4145212401639144,0.0001497848497315831,1.0913766390536792,0.00016347168588121556
FL-2008-000074-BFA,FL-2008-000074-BFA,0.41344706365258865,0.0001459483262046894,1.114930663460651,0.00016272226416636586
FL-2010-000161-MYS,FL-2010-000161-MYS,0.41430720091698076,0.00014901322594088677,1.0886896565212916,0.00016222915776671363
FL-2011-000007-ZAF,FL-2011-000007-ZAF,0.41465834838358084,0.00015028102041264019,1.0794985641478076,0.00016222814575411244
FL-2007-000044-ARG,FL-2007-000044-ARG,0.41814611736673185,0.00016341077346718866,0.9907640067376045,0.00016190151266444287
FL-2007-000147-NER,FL-2007-000147-NER,0.4175269627512721,0.00016100718713864753,1.0023493119506208,0.0001613854432475282
FL-2010-000023-ECU,FL-2010-000023-ECU,0.4172051724814939,0.00015977059090426958,1.0050325257665347,0.00016057464051972978
FF-2020-000240-ZMB,FF-2020-000240-ZMB,0.40874161491452077,0.0001301633042233958,1.2241109429031103,0.00015933432506428543
FL-2022-000379-MYS,FL-2022-000379-MYS,0.41197980247475735,0.00014085077807217663,1.122068941813632,0.00015804428350507397
FL-2018-000077-CIV,FL-2018-000077-CIV,0.40884641048334386,0.00013049740981372986,1.2032024904610985,0.00015701480848660237
FL-2008-000018-ECU,FL-2008-000018-ECU,0.41740994789125596,0.00016055652185453619,0.9773183345548795,0.00015691483254079943
FL-2006-000065-TZA,FL-2006-000065-TZA,0.41989124330835503,0.0001703602138877441,0.9152295890668976,0.0001559187085498288
FL-2012-000191-HTI,FL-2012-000191-HTI,0.4295420823982965,0.0002138243608030692,0.7267675710899211,0.00015540061134070151
FL-2018-000164-HND,FL-2018-000164-HND,0.40916283473377424,0.0001315109115290103,1.1796924207248134,0.00015514242557338495
FL-2004-000094-CHN,FL-2004-000094-CHN,0.43214728708074635,0.00022715270320733977,0.6825809586803848,0.0001550501099221069
FL-2005-000108-PAK,FL-2005-000108-PAK,0.4182715195592106,0.0001639015049520341,0.9455697739530514,0.00015498030898805984
FL-2015-000068-BGD,FL-2015-000068-BGD,0.4151546605124862,0.0001520894805585341,1.0178976147086904,0.0001548115194828156
FL-2012-000174-BEN,FL-2012-000174-BEN,0.4060157599631564,0.00012173877164874774,1.269611453402573,0.00015456093880841058
FL-2009-000239-BRA,FL-2009-000239-BRA,0.42211140745532716,0.00017958534367781243,0.8575725982011251,0.00015400746977662359
FL-2024-000058-TZA,FL-2024-000058-TZA,0.4099402668280371,0.00013403116564570175,1.1379493905705245,0.00015252068326398333
1986-07-01T00:00:00+00:00,1986-07-01T00:00:00+00:00,0.4351860794920853,0.00024364076207401594,0.6247700658964721,0.00015221945497604963
FL-2024-000009-COD,FL-2024-000009-COD,0.4123596044432689,0.00014215467394231457,1.0680154458218882,0.00015182338746616626
USA: Storms and Tornadoes - Apr 2011,USA: Storms and Tornadoes - Apr 2011,0.40089073221952437,0.00010721613899009008,1.4111840373957132,0.00015130170389401527
FL-2009-000045-BOL,FL-2009-000045-BOL,0.4198391006918639,0.00017014877663800687,0.8880873516614503,0.00015110697643288317
FF-2025-000055-SOM,FF-2025-000055-SOM,0.4033631248067744,0.0001140149832374011,1.306794101216083,0.00014899410754488633
FL-2005-000132-MKD,FL-2005-000132-MKD,0.412459888136598,0.0001425007652398512,1.0452123135987392,0.00014894355452593565
Indonesia: Floods and Landslides - Mar 1984,Indonesia: Floods and Landslides - Mar 1984,0.4050562669417433,0.00011889225346736099,1.2434734814113138,0.0001478393643318957
FF-2007-000082-PAK,FF-2007-000082-PAK,0.4135194461881172,0.0001462040405954389,1.0098825024924718,0.00014764890239103275
FL-2021-000038-KEN,FL-2021-000038-KEN,0.3995824977231684,0.00010376826910611143,1.4217705075722322,0.00014753466463688803
FL-1999-000071-MOZ,FL-1999-000071-MOZ,0.4135536496975323,0.00014632501563155033,1.007486678899522,0.0001474205040385513
FL-2017-000053-THA,FL-2017-000053-THA,0.41066678943175744,0.00013642558645596365,1.0792293459598103,0.00014723449644305322
FL-2017-000139-ETH,FL-2017-000139-ETH,0.4047100552627774,0.00011787995145045851,1.2467115336640937,0.00014696229506105005
FL-2007-000012-BOL,FL-2007-000012-BOL,0.41293853172092776,0.00014416309328439518,1.019120716977021,0.00014691959498961795
FL-2009-000226-PRY,FL-2009-000226-PRY,0.4195025347912891,0.00016878968139890196,0.8690624710349184,0.00014668877760172633
FL-2021-000209-MYS,FL-2021-000209-MYS,0.4058958907463789,0.00012137983584487524,1.2058191682024515,0.00014636213269501758
FL-2008-000024-PHL,FL-2008-000024-PHL,0.4163546902635765,0.00015654334653087304,0.9337647066375215,0.00014617465204945653
FL-2007-000132-BFA,FL-2007-000132-BFA,0.41045618826043395,0.00013572757104431994,1.0755363901814037,0.00014597994180909788
FL-2009-000172-BFA,FL-2009-000172-BFA,0.4071203133269084,0.00012509147718399268,1.1667415435722015,0.00014594942317737843
FF-2023-000133-AFG,FF-2023-000133-AFG,0.4062875992306333,0.00012255630797074874,1.1905710968816803,0.00014591199801050335
FL-2002-000755-CRI,FL-2002-000755-CRI,0.42866077326533647,0.00020947752331897945,0.6950172098350388,0.00014559048378031138
FL-2012-000198-PAN,FL-2012-000198-PAN,0.4075412016136637,0.00012639072822664537,1.1516842231061208,0.00014556220764552094
El Salvador: Floods - Oct 2018,El Salvador: Floods - Oct 2018,0.4015662594162812,0.00010903656259629758,1.3349509665500126,0.0001455584646272184
India-Manipur: Floods - Apr 2004,India-Manipur: Floods - Apr 2004,0.442937421692043,0.00029068574394461175,0.5,0.00014534287197230588
FL-2024-000118-PAK,FL-2024-000118-PAK,0.4113522668999221,0.00013871995836936568,1.0477381195692326,0.0001453421883286414
FL-2001-000227-RUS,FL-2001-000227-RUS,0.41905965611230744,0.0001670161709192693,0.869164657517399,0.00014516455299691408
FL-2000-000375-CHL,FL-2000-000375-CHL,0.4126605349601781,0.00014319549942103308,1.0133991498781652,0.0001451141973796542
FL-2009-000095-TJK,FL-2009-000095-TJK,0.4037091985616976,0.0001149969838360825,1.2601155392859784,0.00014490948630286604
FL-2010-000151-COD,FL-2010-000151-COD,0.41030996491802,0.0001352448215146484,1.0701901252471506,0.0001447376724757901
FL-2003-000220-NAM,FL-2003-000220-NAM,0.4188614984577713,0.00016622809223974653,0.8693111681287405,0.00014450393704074608
FL-2008-000217-KEN,FL-2008-000217-KEN,0.4134173613589878,0.00014584350991128715,0.9905535057194418,0.00014446580002905365
FF-2005-000067-IDN,FF-2005-000067-IDN,0.4170422357360798,0.00015914771279241605,0.9074775324699321,0.00014442297370309516
FL-2022-000365-PAN,FL-2022-000365-PAN,0.404416452457082,0.00011702756057865267,1.231111202769136,0.00014407394086112302
FL-2021-000084-TCD,FL-2021-000084-TCD,0.40843643603135527,0.00012919472425365717,1.1145222233746586,0.0001439903913234619
FL-1997-000144-CHN,FL-1997-000144-CHN,0.4041077246425783,0.00011613724564764786,1.23024943393917,0.0001428777807172731
FL-2011-000183-TZA,FL-2011-000183-TZA,0.40687644588725647,0.00012434418849657553,1.1441136258848459,0.00014226388035852577
FL-2022-000316-NER,FL-2022-000316-NER,0.4145191892932801,0.00014977743919429744,0.94956722049458,0.00014222374662852498
Indonesia: Floods - Nov 1987,Indonesia: Floods - Nov 1987,0.4079610513568423,0.00012769886091737817,1.113651344896523,0.00014221200820239226
Cambodia: Floods - Sep 1996,Cambodia: Floods - Sep 1996,0.4034444012240279,0.00011424492831106192,1.2387081711791748,0.00014151612621469143
LS-2016-000051-IDN,LS-2016-000051-IDN,0.418920905165304,0.00016646400240687573,0.8456727764380267,0.00014077407509240897
FL-2017-000014-PER,FL-2017-000014-PER,0.40893293470617387,0.00013077384482076325,1.074057448678672,0.00014045862212208954
FL-2015-000056-COL,FL-2015-000056-COL,0.40724670119672657,0.00012548035854604843,1.1169319001335634,0.0001401530153002787
FL-2021-000057-LKA,FL-2021-000057-LKA,0.4066594799933977,0.000123682714912205,1.1314393379937777,0.00013993948908153835
FL-2004-000120-CRI,FL-2004-000120-CRI,0.4247355670571794,0.0001910672708334208,0.7305869676266675,0.0001395912580108921
FL-2011-000181-VEN,FL-2011-000181-VEN,0.41848495609261643,0.00016473978836919649,0.8434253806112476,0.00013894571870710592
FL-2003-000037-MDG,FL-2003-000037-MDG,0.4028207389711407,0.00011249111418694614,1.2347603990507627,0.00013889957304313855
FL-2009-000217-IND,FL-2009-000217-IND,0.4254113909914281,0.0001941293255527151,0.7154666505101737,0.00013889305831900014
FL-2010-000015-PSE,FL-2010-000015-PSE,0.40726797225185124,0.0001255459140693119,1.1058643718376864,0.00013883675339904778
FL-1999-000233-SVK,FL-1999-000233-SVK,0.40183621299673533,0.0001097717840895246,1.2632598706634384,0.00013867028977142772
FF-2008-000082-PHL,FF-2008-000082-PHL,0.4094675611307618,0.0001324936356864815,1.0221858264656736,0.00013543311649562797
FF-2020-000221-SOM,FF-2020-000221-SOM,0.3978693922617925,9.940433068385984e-05,1.35732395292219,0.00013492387906140118
FL-2007-000051-TUN,FL-2007-000051-TUN,0.4064567296792819,0.0001230674452957917,1.093065903907382,0.00013452082833381685
FL-2008-000234-BRA,FL-2008-000234-BRA,0.4104309340151194,0.00013564408470416822,0.9860207753496221,0.00013374788557159376
FL-2015-000131-SLE,FL-2015-000131-SLE,0.4042961359928942,0.00011667986189571562,1.1427229576603417,0.00013333275688487235
FL-2008-000089-IND,FL-2008-000089-IND,0.42880111650486674,0.0002101643625866981,0.6302581635823931,0.00013245780521435653
name,name,0.40389979684400307,0.00011554105992530826,1.1460299969121097,0.0001324135205494229
FL-2014-000159-MAR,FL-2014-000159-MAR,0.39967939645106515,0.00010402018186401378,1.2669680436793196,0.0001317902463194166
FL-2023-000199-SDN,FL-2023-000199-SDN,0.40565598407380643,0.00012066431977823157,1.0919778288263946,0.0001317627619282471
FL-2021-000005-IDN,FL-2021-000005-IDN,0.40835451825871294,0.0001289358394839082,1.0205820190497432,0.00013158959938836063
FL-2009-000122-IND,FL-2009-000122-IND,0.4205800704649989,0.0001731756770920325,0.7572559930408027,0.00013113831932684046
FF-2008-000123-PAK,FF-2008-000123-PAK,0.41109214448852827,0.00013784524187403582,0.9434455865501481,0.00013004948507299677
FL-2008-000213-PER,FL-2008-000213-PER,0.41521964527436983,0.00015232771619405586,0.8529320322371361,0.00012992518853943778
FL-1997-000270-ETH,FL-1997-000270-ETH,0.4046899653740966,0.00011782144867465642,1.0963520332427232,0.00012917378481406273
FL-2012-000110-IND,FL-2012-000110-IND,0.41237755278621646,0.0001422165602331272,0.9076110411740193,0.0001290773203053762
FL-2000-000038-PHL,FL-2000-000038-PHL,0.4011931225903062,0.00010802761691075101,1.1869100960213697,0.0001282190691604992
FL-2023-000200-ZAF,FL-2023-000200-ZAF,0.4021979198896346,0.00011076389048934426,1.1520700678179971,0.00012760776282784406
FL-2008-000079-LKA,FL-2008-000079-LKA,0.40949652815530524,0.00013258739570020634,0.9571957497487085,0.0001269120916344877
FL-2024-000212-HTI,FL-2024-000212-HTI,0.4123672743745142,0.00014218111707176072,0.8913366497024602,0.00012673124054169647
FL-2005-000098-BGR,FL-2005-000098-BGR,0.40492366146231207,0.00011850360231288933,1.0690227847551823,0.0001266830509480456
FL-2016-000046-SOM,FL-2016-000046-SOM,0.4046171339751652,0.00011760957895887537,1.0763349207071773,0.00012658729684310562
FL-1999-000253-PHL,FL-1999-000253-PHL,0.3970273864156376,9.73205710223049e-05,1.2987188406129038,0.00012639205916587358
FL-2004-000068-ROM,FL-2004-000068-ROM,0.4102765374200301,0.0001351346794430437,0.9341110661845553,0.00012623079949304966
FL-2008-000166-GTM,FL-2008-000166-GTM,0.4080609864278834,0.00012801202001383444,0.9801994697852303,0.00012547731414369682
FL-2009-000123-BGD,FL-2009-000123-BGD,0.417842862475821,0.00016222951887062063,0.7725988685349205,0.00012533834272240605
FL-2021-000001-MYS,FL-2021-000001-MYS,0.40259353065933523,0.00011185822373070936,1.117116405697843,0.00012495865684179522
FF-2006-000163-AFG,FF-2006-000163-AFG,0.40612040959379336,0.00012205291473101603,1.0230726450626195,0.00012486899831146294
FL-2013-000006-IDN,FL-2013-000006-IDN,0.41077042270493325,0.0001367702526548633,0.9117255836627187,0.00012469693842945273
FL-1999-000053-PHL,FL-1999-000053-PHL,0.398193064326665,0.00010021596500071215,1.2432398621173615,0.0001245924825094437
FL-2020-000161-BGD,FL-2020-000161-BGD,0.4026729651272212,0.00011207912374850334,1.110546280177668,0.0001244690539644729
FL-2013-000142-VNM,FL-2013-000142-VNM,0.4033242815168615,0.00011390523601181505,1.0905579261018445,0.00012422025795718616
FL-2015-000081-PHL,FL-2015-000081-PHL,0.39913551769278854,0.00010261332460895343,1.208181772549164,0.0001239755484132081
Chad: Floods - Sep 1988,Chad: Floods - Sep 1988,0.403243096972946,0.00011367616542707494,1.0852717500654687,0.00012336953099377336
FL-2014-000122-PAK,FL-2014-000122-PAK,0.4001771842630933,0.00010532300486362871,1.1660555615898873,0.000122812475584593
FL-2010-000239-MNE,FL-2010-000239-MNE,0.40740872932555633,0.0001259804924240405,0.9720464771371192,0.0001224588938487881
FL-2005-000160-MMR,FL-2005-000160-MMR,0.418584592115562,0.00016513243365160875,0.7408779621824715,0.00012234298093403607
FL-2001-000492-VNM,FL-2001-000492-VNM,0.40482879709061,0.00011822626792514084,1.0278730882613472,0.00012152159912582797
FL-2008-000182-RWA,FL-2008-000182-RWA,0.4061215461553177,0.0001220563305257052,0.99098155542331,0.00012095557227362498
FL-2019-000167-BDI,FL-2019-000167-BDI,0.4067536766708706,0.00012396950651266122,0.9726765386670255,0.0001205822304949946
FF-2012-000079-GEO,FF-2012-000079-GEO,0.4021017530640378,0.00011049933521579963,1.0903447996921118,0.00012048237552198257
FL-2005-000196-LKA,FL-2005-000196-LKA,0.39599677237313596,9.482360485494041e-05,1.2685548662514894,0.00012028894537424301
FL-2001-000549-GIN,FL-2001-000549-GIN,0.4045793590298188,0.00011749982509406488,1.0199342550969517,0.00011984209658133718
FL-2022-000332-BEN,FL-2022-000332-BEN,0.40149525835961636,0.00010884392802562182,1.0977457972017661,0.00011948296454105788
FL-2017-000130-GTM,FL-2017-000130-GTM,0.39785477533637925,9.936781755844465e-05,1.201624894182623,0.00011940284325882425
FL-2010-000096-IDN,FL-2010-000096-IDN,0.4014266685269188,0.00010865812632526785,1.0988211437996545,0.00011939584665185816
FL-2018-000419-PRY,FL-2018-000419-PRY,0.40084983473211944,0.0001071068109885397,1.1119284382912396,0.00011909510907284192
FL-2011-000156-HTI,FL-2011-000156-HTI,0.4065854963603137,0.0001234578828524552,0.9608791245942916,0.00011862810239953176
FL-2024-000048-URY,FL-2024-000048-URY,0.4054628086950106,0.0001200909401217422,0.9844872518135657,0.00011822799960816144
Nepal: Floods - Aug 1987,Nepal: Floods - Aug 1987,0.39978812442414957,0.00010430350291928156,1.1288267712275268,0.00011774058642809353
FL-2012-000083-HND,FL-2012-000083-HND,0.3933546319366502,8.868347158538721e-05,1.3246832560031157,0.00011747750989339052
FL-1991-000011-CHN,FL-1991-000011-CHN,0.40908438007294656,0.0001312589642586337,0.8927290395029112,0.00011717868908875701
FF-2006-000022-TLS,FF-2006-000022-TLS,0.3976949264522785,9.896930160320414e-05,1.1802888753635958,0.00011681236568476634
FL-2010-000162-HND,FL-2010-000162-HND,0.3961676561909575,9.523359106738701e-05,1.2241609596770127,0.00011658124423454066
FL-2014-000121-CMR,FL-2014-000121-CMR,0.4045027933152074,0.00011727764864773947,0.9936971551564651,0.00011653846582469817
FL-2014-000115-NER,FL-2014-000115-NER,0.40393771127314826,0.00011564956516118351,1.0075520123358044,0.00011652295210391118
FL-2018-000060-LKA,FL-2018-000060-LKA,0.4025752772029085,0.0001118075179313729,1.0416733122822366,0.00011646690754162877
FL-2009-000100-DOM,FL-2009-000100-DOM,0.4067989144058851,0.00012410745012694866,0.9379811605173907,0.00011641045009892949
FL-2011-000022-AFG,FL-2011-000022-AFG,0.3925151086902712,8.68088059661119e-05,1.338976142877644,0.00011623492018031832
FL-2003-000204-KEN,FL-2003-000204-KEN,0.399116548801267,0.00010256456811610417,1.1287613663778198,0.00011577092204868472
FL-1999-000213-IND,FL-1999-000213-IND,0.40212301717532734,0.0001105577838391999,1.046094414060121,0.00011565388010505333
FL-2009-000140-MNG,FL-2009-000140-MNG,0.40161976724793946,0.00010918193859549001,1.0589605890169638,0.00011561937000509407
FL-2021-000097-BGD,FL-2021-000097-BGD,0.39745473726851405,9.837319507586117e-05,1.167269358243163,0.00011482801628452995
LS-2022-000283-LKA,LS-2022-000283-LKA,0.404356650633404,0.00011685462482403923,0.9815867798894264,0.0001147029548962157
FL-2024-000214-COL,FL-2024-000214-COL,0.39277977909950545,8.739593147826628e-05,1.3048261520736573,0.0001140364969776792
FL-2024-000116-LBR,FL-2024-000116-LBR,0.4057894920621849,0.00012106203436780632,0.9411318740645284,0.0001139353392826379
Bangladesh: Floods - Jun 1993,Bangladesh: Floods - Jun 1993,0.40340597806238454,0.00011413617056059402,0.9963714048033698,0.00011372201660033609
FL-2001-000450-THA,FL-2001-000450-THA,0.39462258929909927,9.158396010656964e-05,1.2397633775051489,0.00011354243970701759
FL-1999-000391-MEX,FL-1999-000391-MEX,0.40569183014470395,0.00012077098804617161,0.9381273009124613,0.0001132985610442861
FL-2024-000088-BGD,FL-2024-000088-BGD,0.40044121831050866,0.00010601998540590084,1.0651890538676798,0.00011293132794557673
FL-2005-000209-THA,FL-2005-000209-THA,0.39566706449527955,9.403705269361052e-05,1.1913966804489575,0.00011203543241837127
Pakistan: Floods - Jul 1993,Pakistan: Floods - Jul 1993,0.4004168245660864,0.00010595541873618796,1.0550156272267153,0.0001117846225560286
FL-2006-000151-PAN,FL-2006-000151-PAN,0.40736832121602107,0.00012585559666954788,0.8861876983942245,0.00011153168154261847
FL-2018-000105-BGD,FL-2018-000105-BGD,0.40269750707583546,0.00011214745201632127,0.991882742040366,0.00011123712221878912
FL-2007-000231-BOL,FL-2007-000231-BOL,0.4017907908855511,0.00010964776513468605,1.0056777966466628,0.00011027032284788184
FL-2008-000231-PAN,FL-2008-000231-PAN,0.4029426431845623,0.00011283200603680722,0.9748120178597551,0.00010998999548390412
FL-2020-000011-MOZ,FL-2020-000011-MOZ,0.40086445200178544,0.00010714587464625488,1.0218255119837183,0.0001094843882173527
FL-2012-000141-NER,FL-2012-000141-NER,0.4090630921305818,0.00013119067568140655,0.8342353499526158,0.00010944389923759831
FL-2001-000332-IND,FL-2001-000332-IND,0.4184590762762789,0.00016463793884894848,0.6620849087194431,0.00010900429471456332
FL-2013-000045-AFG,FL-2013-000045-AFG,0.393912728078721,8.99497869977818e-05,1.2079080109237867,0.00010865106829550891
FL-2001-000117-PER,FL-2001-000117-PER,0.40568794393566643,0.0001207594196329275,0.8990840283213932,0.000108572865461326
FL-2010-000012-EGY,FL-2010-000012-EGY,0.4045230892098669,0.00011733650590027362,0.9242166188559036,0.00010844434875151666
FL-2008-000239-NIC,FL-2008-000239-NIC,0.40378706246764595,0.00011521897258009435,0.9387623897424877,0.00010816323804296354
FL-2010-000208-RUS,FL-2010-000208-RUS,0.3901735681372102,8.176707319534865e-05,1.3220723863339372,0.00010810198958291629
FL-2014-000079-PHL,FL-2014-000079-PHL,0.3997347859305476,0.00010416442793320078,1.0365063874391671,0.00010796709489670942
FL-2014-000152-ETH,FL-2014-000152-ETH,0.4000869429879207,0.00010508573888194954,1.0270658582017673,0.00010792997458955633
FL-2021-000092-CRI,FL-2021-000092-CRI,0.4078393398397193,0.00012731839389980176,0.847698183481849,0.00010792757123268848
FL-2012-000056-PRY,FL-2012-000056-PRY,0.3932395859187398,8.842443656165154e-05,1.2200522670934264,0.00010788243429350182
FL-2022-000287-TCD,FL-2022-000287-TCD,0.3987289682677233,0.00010157290877385684,1.0617334466933017,0.00010784335452313133
FL-2018-000092-MNG,FL-2018-000092-MNG,0.39984170908584626,0.00010444338801867131,1.031500359443832,0.00010773339228279107
FL-2012-000123-PRK,FL-2012-000123-PRK,0.39244408518812335,8.665185792852691e-05,1.2400305385199288,0.00010745095005086359
FF-2010-000094-HUN,FF-2010-000094-HUN,0.3929907200242798,8.786642401350177e-05,1.2165899177350536,0.00010689740556225947
FF-2007-000100-MLI,FF-2007-000100-MLI,0.3994602620329599,0.00010345126975299136,1.032850525424288,0.00010684969832018687
FL-1997-000255-KEN,FL-1997-000255-KEN,0.4034190576175871,0.00011417318211357776,0.9285064149811921,0.00010601053201127285
FL-2004-000043-IND,FL-2004-000043-IND,0.41354737379145035,0.00014630281151494927,0.7238181749939552,0.00010589663402723519
Brazil: Floods - Jul 1988,Brazil: Floods - Jul 1988,0.40225970741640193,0.00011093416884389856,0.9542800112349412,0.00010586225989069438
FL-2020-000052-COD,FL-2020-000052-COD,0.3964935362250298,9.601987072394626e-05,1.0988158099220888,0.00010550815201814728
FL-2005-000064-ETH,FL-2005-000064-ETH,0.4036036253669862,0.00011469661114011142,0.9153081224890242,0.00010498273979850908
FL-2024-000064-RWA,FL-2024-000064-RWA,0.38919165637653436,7.973246876879287e-05,1.3163910113884745,0.0001049591052030512
FL-2022-000321-CAF,FL-2022-000321-CAF,0.39652336896528345,9.609214191346877e-05,1.0900469195589455,0.00010474494328659766
FL-2007-000009-PER,FL-2007-000009-PER,0.398606380013259,0.0001012610570232671,1.031150965068591,0.0001044154366734075
FL-2010-000160-NPL,FL-2010-000160-NPL,0.3959055159375769,9.460531276898598e-05,1.1019919218781706,0.0001042542904381803
FL-2023-000196-LKA,FL-2023-000196-LKA,0.39508955144375646,9.267347424117609e-05,1.1173802450335497,0.0001035515093557157
FL-2023-000094-ECU,FL-2023-000094-ECU,0.38861178688365927,7.855244175603853e-05,1.3161601711441135,0.00010338759518541569
FL-2023-000001-COG,FL-2023-000001-COG,0.39456754587694265,9.145629555530888e-05,1.1236428229072688,0.00010276421011040877
Bangladesh: Floods - Jul 1996,Bangladesh: Floods - Jul 1996,0.40893310194629107,0.00013077437964375077,0.7856917613361736,0.00010274835267994398
Peru: Floods-Drought-Frost - Feb 2004,Peru: Floods-Drought-Frost - Feb 2004,0.395937178763462,9.468100127792824e-05,1.08397834468022,0.00010263215503791445
FL-2003-000080-ARG,FL-2003-000080-ARG,0.40367328003856634,0.00011489471050441607,0.8916407850854717,0.00010244480987632555
FL-2023-000067-COD,FL-2023-000067-COD,0.39823234690841297,0.00010031487405527846,1.0170068685630405,0.00010202091593325454
FL-2006-000121-MKD,FL-2006-000121-MKD,0.4014191691215897,0.00010863782864965424,0.9374606289413403,0.00010184368717272642
FL-2006-000027-IDN,FL-2006-000027-IDN,0.40041285743230115,0.00010594492166024648,0.9608535718134472,0.00010179755639274369
FL-2008-000191-CRI,FL-2008-000191-CRI,0.41815355285501554,0.0001634398335510222,0.6221635888955922,0.0001016863134106022
FL-2008-000207-SDN,FL-2008-000207-SDN,0.38950101541472415,8.036851467084013e-05,1.2628396258514751,0.00010149254499716254
FL-2013-000038-KEN,FL-2013-000038-KEN,0.39122541229648383,8.39983140016036e-05,1.2057564114452748,0.00010128150565802693
FL-2021-000091-PHL,FL-2021-000091-PHL,0.39925112714947,0.00010291093143000866,0.9804501633100483,0.00010089903952694117
FF-2008-000141-ETH,FF-2008-000141-ETH,0.398799080502746,0.00010175165528951518,0.9913523656532703,0.00010087174418039697
FL-2007-000228-LKA,FL-2007-000228-LKA,0.3977490598482046,9.910409907942472e-05,1.0154950674735044,0.00010063972378156128
FL-2024-000230-GAB,FL-2024-000230-GAB,0.4063307508719214,0.0001226865367586926,0.815792210566319,0.0001000867210290998
FL-2015-000008-BOL,FL-2015-000008-BOL,0.3940764504746951,9.03243463419871e-05,1.106077830028409,9.990575700067956e-05
FL-2008-000095-SUR,FL-2008-000095-SUR,0.39673007426846185,9.659424131633141e-05,1.0299679617320212,9.948897384363286e-05
FF-2013-000090-PAK,FF-2013-000090-PAK,0.38770600214994144,7.674060956224287e-05,1.2950234787084862,9.938089115350548e-05
FL-2006-000156-TUR,FL-2006-000156-TUR,0.39396082179131237,9.005966912268971e-05,1.1004723456560104,9.910817532845052e-05
FL-2005-000070-YEM,FL-2005-000070-YEM,0.3969673384264525,9.717347968676078e-05,1.0139259017870548,9.852670802118497e-05
FL-2007-000022-ARG,FL-2007-000022-ARG,0.4030678465074854,0.0001131830910290303,0.8666786317016433,9.809336646480253e-05
FL-2006-000131-BGD,FL-2006-000131-BGD,0.40682377604155506,0.00012418331962444476,0.7881513340934744,9.787524903416248e-05
FL-2007-000209-PNG,FL-2007-000209-PNG,0.3903723593885535,8.218462830631999e-05,1.1865949732954428,9.751986683043366e-05
FL-2011-000093-BGD,FL-2011-000093-BGD,0.40009502743250047,0.00010510697519325255,0.9269344239735141,9.742727350635599e-05
FL-2009-000164-SEN,FL-2009-000164-SEN,0.39494736273926645,9.234049147157654e-05,1.0544185483611912,9.736552697241869e-05
FL-2006-000112-ETH,FL-2006-000112-ETH,0.39452612110826957,9.136032297612879e-05,1.0654891162362259,9.734342978689162e-05
FL-2023-000018-MOZ,FL-2023-000018-MOZ,0.3930251876510429,8.794351852312795e-05,1.105614086557909,9.723159290063666e-05
FL-2009-000179-LBR,FL-2009-000179-LBR,0.3975126532327097,9.851663570662261e-05,0.9840111740692383,9.694147036702516e-05
FL-2020-000210-VNM,FL-2020-000210-VNM,0.3900153578883385,8.143612280172625e-05,1.1895555246609049,9.687278978575735e-05
India: Floods - Jul 1993,India: Floods - Jul 1993,0.3989186703961495,0.00010205719519507548,0.9482412412603194,9.677484145132507e-05
FL-2021-000051-SOM,FL-2021-000051-SOM,0.38979972247034944,8.098698956192185e-05,1.1926575207202363,9.658974218151738e-05
FL-2010-000150-MEX,FL-2010-000150-MEX,0.38647262298647556,7.433397327254598e-05,1.2934881621677183,9.61501144749298e-05
Bolivia: Landslides/Floods - Mar 1994,Bolivia: Landslides/Floods - Mar 1994,0.40584199300529045,0.00012121875534812924,0.7919956578021904,9.60047278799044e-05
FL-2018-000194-TTO,FL-2018-000194-TTO,0.3850444858221709,7.163233084544755e-05,1.3365256119034994,9.57384448152857e-05
Paraguay: Floods - Feb 1990,name=Paraguay: Floods - Feb 1990,0.38847099352108216,7.82683111876184e-05,1.2090275213437827,9.462854227493014e-05
FL-2016-000114-EGY,FL-2016-000114-EGY,0.39140549628917815,8.4385766428997e-05,1.1202710928869943,9.45349347815191e-05
FL-2013-000141-SOM,FL-2013-000141-SOM,0.38759864354251594,7.65283738391767e-05,1.2318330184492288,9.427017774332404e-05
FL-2022-000349-CMR,FL-2022-000349-CMR,0.3889186825991734,7.917499776441492e-05,1.1868126206379996,9.396588658579303e-05
FF-2020-000204-TUN,FF-2020-000204-TUN,0.3922766370203249,8.628284059426811e-05,1.0850181584319483,9.361844880587014e-05
FL-2020-000164-IND,FL-2020-000164-IND,0.38915181210915206,7.965087866854114e-05,1.1662775244540442,9.28950295941356e-05
FL-2011-000051-RWA,FL-2011-000051-RWA,0.39022443568968407,8.187373679880939e-05,1.132758005030825,9.274313076063817e-05
FL-2017-000083-GIN,FL-2017-000083-GIN,0.3987357886506289,0.00010159028447296962,0.9098931483825577,9.243630378418999e-05
2012-000020-MDG,2012-000020-MDG,0.39217508587016514,8.605973474138798e-05,1.0660663642203847,9.174538852152222e-05
FL-2003-000316-IND,FL-2003-000316-IND,0.4098848212144366,0.00013384999488998014,0.6806493039297219,9.110490585286182e-05
FL-2007-000077-CHN,FL-2007-000077-CHN,0.41597418067551367,0.00015511855486553065,0.5852259909488726,9.077940998573725e-05
FL-1999-000286-GMB,FL-1999-000286-GMB,0.3890198325031039,7.938115712760432e-05,1.1434551069584922,9.076878951383367e-05
FL-2012-000175-GMB,FL-2012-000175-GMB,0.3856764804453661,7.281679381534488e-05,1.2465158816556456,9.076728994207199e-05
FL-2002-000125-ECU,FL-2002-000125-ECU,0.39946024419089193,0.0001034512235460368,0.8770809761459832,9.073510013125427e-05
FL-2019-000014-MWI,FL-2019-000014-MWI,0.3872249355717756,7.579370931493983e-05,1.1917966025751183,9.033068525811139e-05
FL-2021-000049-RWA,FL-2021-000049-RWA,0.3839520076004029,6.962567645145657e-05,1.2970626710434043,9.030886587133012e-05
FL-1999-000031-LKA,FL-1999-000031-LKA,0.3935123780052061,8.903975928616794e-05,1.0064884283055866,8.961748738064293e-05
FL-2016-000044-CHN,FL-2016-000044-CHN,0.3957405319764687,9.421180670994419e-05,0.9486861479465856,8.937743599874524e-05
FL-1997-000265-SOM,FL-1997-000265-SOM,0.3931563849944402,8.823752775446211e-05,1.0106246281950175,8.917501867970081e-05
FL-2001-000019-MOZ,FL-2001-000019-MOZ,0.390730741540948,8.294225063710625e-05,1.0662262115321133,8.84352016727488e-05
FL-2019-000103-LAO,FL-2019-000103-LAO,0.38724416722106764,7.583136091530314e-05,1.1650939839327012,8.835066239584906e-05
FL-2007-000131-SEN,FL-2007-000131-SEN,0.3906421570852521,8.275439997827769e-05,1.067501640440192,8.834045773045522e-05
FL-2008-000168-NPL,FL-2008-000168-NPL,0.40059436906393436,0.00010642616272077862,0.8284146526395197,8.816499262209082e-05
FL-2020-000190-NER,FL-2020-000190-NER,0.3878179360338955,7.696245402388123e-05,1.1441798734017292,8.805889090173084e-05
FF-2014-000060-AFG,FF-2014-000060-AFG,0.3853748586161294,7.224932334420047e-05,1.2150620330886253,8.77874097118817e-05
FL-2011-000135-THA,FL-2011-000135-THA,0.38659460472402185,7.456892592343043e-05,1.1754815142398911,8.765439395971626e-05
2011-06-30T00:00:00+00:00,2011-06-30T00:00:00+00:00,0.3848583862061403,7.128686964483924e-05,1.2293298445416447,8.763507637835072e-05
FL-2016-000080-BFA,FL-2016-000080-BFA,0.38687991646392605,7.512108536282463e-05,1.1662442397342112,8.760953308697618e-05
FL-2005-000017-VEN,FL-2005-000017-VEN,0.3961952523855318,9.529994955530434e-05,0.9176096119267544,8.744814972808209e-05
FL-2008-000104-NPL,FL-2008-000104-NPL,0.40190151606875435,0.00010995030655854759,0.7922332882970882,8.710629291415105e-05
FF-2008-000216-PSE,FF-2008-000216-PSE,0.39298514596322354,8.78539621021149e-05,0.9874551540726246,8.675184768343439e-05
FL-2023-000139-LAO,FL-2023-000139-LAO,0.3858319377425658,7.311083447323869e-05,1.184828348999989,8.662378930293887e-05
FL-2024-000035-IRQ,FL-2024-000035-IRQ,0.394354599499757,9.096390694535951e-05,0.9517697258080438,8.657669277181323e-05
FL-2010-000091-VNM,FL-2010-000091-VNM,0.38925768514284065,7.986784314235235e-05,1.0820602515614735,8.642181844228609e-05
FL-1999-000265-TCD,FL-1999-000265-TCD,0.3868448728378542,7.505306832880763e-05,1.1454311201477374,8.59681201263908e-05
FL-2021-000007-SYR,FL-2021-000007-SYR,0.38996958626408085,8.134060103235879e-05,1.0486817242043107,8.530040173842895e-05
FL-2015-000042-RWA,FL-2015-000042-RWA,0.3831531667667465,6.819055004103396e-05,1.249561737281718,8.520830217547032e-05
Yemen: Floods - Feb 1993,Yemen: Floods - Feb 1993,0.39539947492853394,9.340301226988865e-05,0.9108992485616124,8.508073369003264e-05
FL-2008-000185-SOM,FL-2008-000185-SOM,0.3902712470125382,8.197200556830732e-05,1.0367109285362797,8.498127400670097e-05
Indonesia: Floods and Landslides - Jan 1989,Indonesia: Floods and Landslides - Jan 1989,0.37870851317928456,6.0680713619205024e-05,1.3981220969467434,8.483904656950774e-05
FL-2003-000368-SDN,FL-2003-000368-SDN,0.38873446860550487,7.880077829809679e-05,1.072361231723768,8.450289967653864e-05
FF-2021-000189-BIH,FF-2021-000189-BIH,0.38577642433839154,7.300571086583561e-05,1.1516117071745788,8.407423132369865e-05
FL-2002-000732-IDN,FL-2002-000732-IDN,0.3945752501699342,9.147415480447492e-05,0.9190515020515428,8.406945937194803e-05
FF-2012-000062-KEN,FF-2012-000062-KEN,0.38804271669229873,7.740969641693668e-05,1.0853007035511752,8.401279798298426e-05
FL-1995-000012-PHL,FL-1995-000012-PHL,0.3807396718069743,6.401493548219275e-05,1.3115398697141116,8.395814014207234e-05
FL-2003-000051-PER,FL-2003-000051-PER,0.3925908450918728,8.697645042053042e-05,0.9636886445289713,8.381821761170223e-05
FL-2001-000335-KOR,FL-2001-000335-KOR,0.3807003245246856,6.394881043998202e-05,1.3077777012476726,8.363082831472284e-05
FL-2003-000531-IDN,FL-2003-000531-IDN,0.3953881631885541,9.337629461729746e-05,0.8955935776847792,8.362720976725342e-05
FL-2007-000176-CRI,FL-2007-000176-CRI,0.4087369752551545,0.00013014853003538395,0.6360302711368748,8.277840484647095e-05
FL-2021-000208-IRQ,FL-2021-000208-IRQ,0.3893064605315849,7.996797687301667e-05,1.0347036442805968,8.274315709625684e-05
FL-2005-000001-CRI,FL-2005-000001-CRI,0.40501169526054404,0.00011876149127970925,0.6942423209153187,8.244925334138973e-05
FL-1997-000137-CHL,FL-1997-000137-CHL,0.393198536464671,8.833217549788532e-05,0.9286157560049981,8.202664992953494e-05
FL-1997-000022-BOL,FL-1997-000022-BOL,0.39486116935031274,9.213916520190197e-05,0.8860824734618276,8.164289940480924e-05
FL-2011-000198-PER,FL-2011-000198-PER,0.38304736950865037,6.800249429173367e-05,1.1989072405233858,8.152868278000972e-05
1992-00001-AR,1992-00001-AR,0.38757484410598664,7.648139666224587e-05,1.0623696179080282,8.125151214914248e-05
FL-2018-000120-NGA,FL-2018-000120-NGA,0.38884168509780936,7.901838793961631e-05,1.0265078744630958,8.111299744739586e-05
Peru: Floods - Mar 1986,Peru: Floods - Mar 1986,0.3867082586069924,7.47884393018596e-05,1.083828272153741,8.105782494560942e-05
FL-2003-000227-CHN,FL-2003-000227-CHN,0.4058709154359521,0.00012130516990486598,0.667747313747308,8.100120134763505e-05
FL-2000-000083-ZWE,FL-2000-000083-ZWE,0.39054323870472607,8.254508796239566e-05,0.9759490430199813,8.055979960290022e-05
FL-2011-000196-IDN,FL-2011-000196-IDN,0.38033401562640534,6.333615400432594e-05,1.2683581214268749,8.033292531133008e-05
FL-2023-000160-NER,FL-2023-000160-NER,0.3868597112465505,7.508186179173272e-05,1.068084370484078,8.019376308659539e-05
FL-2009-000133-ZAF,FL-2009-000133-ZAF,0.3866076008683018,7.459399753914036e-05,1.0731148513908544,8.004792658386437e-05
Malaysia: Floods - Dec 1993,Malaysia: Floods - Dec 1993,0.38281349399609443,6.758843344015973e-05,1.1835292726936872,7.999288947193793e-05
FL-2006-000031-PER,FL-2006-000031-PER,0.3950206279635706,9.251193196766715e-05,0.8622372185675087,7.976723090410791e-05
FL-2010-000062-COD,FL-2010-000062-COD,0.3922470483054864,8.621778109943533e-05,0.9191259563061089,7.924500050360926e-05
FL-2002-000350-CHN,FL-2002-000350-CHN,0.4026171168868967,0.00011192377394403496,0.706219895185805,7.904279590355611e-05
FL-2007-000221-KEN,FL-2007-000221-KEN,0.38942241406400957,8.020647811365172e-05,0.974842278689549,7.818866588997568e-05
FF-2013-000113-ROM,FF-2013-000113-ROM,0.3769162734443775,5.786938755603998e-05,1.3494636441975612,7.809263461885471e-05
FL-2015-000093-GUY,FL-2015-000093-GUY,0.3869983387527565,7.535134478275106e-05,1.034221533733351,7.792998337008732e-05
FL-2006-000120-BFA,FL-2006-000120-BFA,0.3835578355040161,6.89141797749532e-05,1.130238094179754,7.788943121080406e-05
FL-2005-000166-CRI,FL-2005-000166-CRI,0.4055518048255009,0.00012035479148577374,0.6447646378504476,7.760051354589104e-05
FL-2019-000100-MLI,FL-2019-000100-MLI,0.3885025472879393,7.833190828953619e-05,0.9879592955377479,7.738873693185764e-05
FL-2020-000200-BFA,FL-2020-000200-BFA,0.381629628054129,6.552708379680296e-05,1.179752844001357,7.730576346839353e-05
FF-2006-000039-YEM,FF-2006-000039-YEM,0.3899303363512291,8.125876988428782e-05,0.9450246075942967,7.679153712349435e-05
FL-2016-000102-SEN,FL-2016-000102-SEN,0.38969090872054335,8.076119576085874e-05,0.9497600525846711,7.670375753263412e-05
FL-2011-000084-IND,FL-2011-000084-IND,0.3948025437782343,9.200245629960672e-05,0.8290193075518719,7.627181261457132e-05
FL-2013-000074-HTI,FL-2013-000074-HTI,0.37785467483440627,5.932640018660005e-05,1.2836627123722097,7.61550877788102e-05
FL-2019-000120-PHL,FL-2019-000120-PHL,0.3794407946095026,6.186431539246165e-05,1.2286625910741495,7.601037004513032e-05
FL-2006-000062-THA,FL-2006-000062-THA,0.39412462588248864,9.043482761517342e-05,0.8376615682858721,7.575377952778866e-05
Azerbaijan: Floods - Jun 1995,Azerbaijan: Floods - Jun 1995,0.3904545608511657,8.235785014451658e-05,0.9175461452516915,7.556712793131766e-05
FL-2024-000109-IND,FL-2024-000109-IND,0.38810763979212354,7.753930748057874e-05,0.9733927592934859,7.547620046222656e-05
FL-2023-000259-COG,FL-2023-000259-COG,0.38056878641827574,6.372820020603714e-05,1.1831497507677173,7.540000419064804e-05
Sri Lanka: Monsoon Floods - Jul 1984,Sri Lanka: Monsoon Floods - Jul 1984,0.3801749298300088,6.307173016020357e-05,1.189364350972239,7.50152674066867e-05
FL-2003-000621-BOL,FL-2003-000621-BOL,0.3894753530203141,8.031557932369848e-05,0.9320569428848113,7.485869333046896e-05
FL-2008-000155-CHL,FL-2008-000155-CHL,0.38292808356434976,6.779102217714887e-05,1.1026017644863366,7.474650066885672e-05
FL-2006-000125-THA,FL-2006-000125-THA,0.38305801203033907,6.802139034922312e-05,1.0964339239819898,7.458095993530936e-05
2012-000025-VUT,2012-000025-VUT,0.377174298252759,5.826676545700476e-05,1.277534232696297,7.443778749980969e-05
FL-2022-000374-TTO,FL-2022-000374-TTO,0.3750346248586953,5.504446508990919e-05,1.3478906419910999,7.419391938809438e-05
FL-2014-000030-PRY,FL-2014-000030-PRY,0.3920255357180223,8.573212128807766e-05,0.8630646431827305,7.399236266879332e-05
FL-2018-000065-TJK,FL-2018-000065-TJK,0.3725415417283228,5.1492867263595047e-05,1.4353974911294434,7.391273248122577e-05
FL-2001-000417-SDN,FL-2001-000417-SDN,0.38030892692346396,6.329438676073786e-05,1.163963410402066,7.367235027333582e-05
FL-2015-000110-ARG,FL-2015-000110-ARG,0.3764356922487474,5.713575217893765e-05,1.2876324492768365,7.356984851943984e-05
FL-2020-000192-TCD,FL-2020-000192-TCD,0.3768482349333234,5.7765010259799913e-05,1.2732702189198974,7.355046725940556e-05
FL-2004-000021-COL,FL-2004-000021-COL,0.3960818769379928,9.502758961265947e-05,0.7729927578880663,7.345563857014501e-05
FL-2017-000057-LKA,FL-2017-000057-LKA,0.3908016458899706,8.309288559787364e-05,0.8831246219930485,7.338137318393378e-05
FF-2007-000070-CHN,FF-2007-000070-CHN,0.40143054109953513,0.00010866860905561517,0.6717253779144738,7.299546248532331e-05
Bangladesh: Floods - Jul 1993,Bangladesh: Floods - Jul 1993,0.391613880604536,8.483611420278311e-05,0.8603121344647399,7.298553848949077e-05
Egypt: Floods - Nov 1994,Egypt: Floods - Nov 1994,0.3826794634281011,6.735216546872404e-05,1.0804014986266677,7.276738050816075e-05
FL-2023-000089-ARG,FL-2023-000089-ARG,0.37795130119202175,5.947828649491275e-05,1.2153291011417195,7.2285692463312e-05
FL-2012-000192-COD,FL-2012-000192-COD,0.3752428876559119,5.53509008936825e-05,1.301468773071398,7.203746907449751e-05
FL-2022-000290-SEN,FL-2022-000290-SEN,0.3866233198747114,7.462433212335677e-05,0.9602028308095506,7.165449495211925e-05
FL-2021-000078-GTM,FL-2021-000078-GTM,0.3820186435802121,6.619810877208205e-05,1.0813671758288972,7.15844619280805e-05
FL-2019-000138-KEN,FL-2019-000138-KEN,0.3787386148716044,6.072896301384709e-05,1.178206310642115,7.155124746166624e-05
FL-2010-000194-VNM,FL-2010-000194-VNM,0.37526793528646096,5.538785896753995e-05,1.288695029588998,7.137805855104515e-05
Philippines: Floods and Landslides - Jun 2018,Philippines: Floods and Landslides - Jun 2018,0.3825681945609962,6.715658661445641e-05,1.0625282512687408,7.13557705366361e-05
FL-1999-000350-CRI,FL-1999-000350-CRI,0.3962898648150103,9.552777296239707e-05,0.7458703171652188,7.125133031755011e-05
FL-2009-000241-COL,FL-2009-000241-COL,0.3978993692589449,9.94792510950866e-05,0.7158636981146965,7.121358457460918e-05
FL-2025-000036-ARG,FL-2025-000036-ARG,0.3739701973529566,5.350198993819319e-05,1.314214219679874,7.031307595794304e-05
FL-2019-000170-RWA,FL-2019-000170-RWA,0.3746422807927531,5.4471318456824165e-05,1.2803341263764025,6.974148792898878e-05
FL-1999-000315-GHA,FL-1999-000315-GHA,0.38881697623924005,7.896819023617618e-05,0.8830969393406909,6.973656710284062e-05
FL-2013-000024-MKD,FL-2013-000024-MKD,0.3834361462674616,6.869585152025694e-05,1.012158913963861,6.953111846856591e-05
FL-2018-000144-PRK,FL-2018-000144-PRK,0.38106289199021653,6.456045628754264e-05,1.0698843437963756,6.907222141039216e-05
FL-2023-000088-ITA,FL-2023-000088-ITA,0.37843307360041833,6.024081663702437e-05,1.135182250938361,6.838430582838238e-05
FL-2014-000073-RUS,FL-2014-000073-RUS,0.37447342834422315,5.42263118439644e-05,1.256795117141143,6.815136394606738e-05
FL-2017-000052-RUS,FL-2017-000052-RUS,0.3728376829677621,5.19036624123995e-05,1.3124180785283346,6.811930489186469e-05
FL-2012-000129-SDN,FL-2012-000129-SDN,0.3811041813290508,6.46304436500508e-05,1.0523145824203366,6.801155832124431e-05
Paraguay: Floods - Mar 1995,name=Paraguay: Floods - Mar 1995,0.3820531356983576,6.625790273666367e-05,1.019170735987299,6.752811549710039e-05
FL-2007-000153-GHA,FL-2007-000153-GHA,0.37849417871947166,6.033815744434005e-05,1.1152536052692246,6.729234762510233e-05
FL-2012-000071-NPL,FL-2012-000071-NPL,0.37395637046950914,5.348221181911871e-05,1.255510001310555,6.71474518311131e-05
FL-2002-000734-MAR,FL-2002-000734-MAR,0.3796961131034887,6.228185132940836e-05,1.0757011498710427,6.69966590911419e-05
FL-2024-000198-SEN,FL-2024-000198-SEN,0.37370634172597333,5.312570153949812e-05,1.257934930722009,6.68286756856467e-05
FF-2008-000233-PHL,FF-2008-000233-PHL,0.3861832164508914,7.377920204966349e-05,0.9037156037455046,6.667541612417321e-05
FL-2010-000195-MLI,FL-2010-000195-MLI,0.3833786358718857,6.859288626272221e-05,0.9643639910627344,6.6148509554831e-05
FF-2020-000168-MNG,FF-2020-000168-MNG,0.37331933632970854,5.2578095496618206e-05,1.2541412875563223,6.594036038338803e-05
India: Floods - Oct 1988,India: Floods - Oct 1988,0.3837959426909542,6.934318617090064e-05,0.9494561647783664,6.583831559533558e-05
FL-2011-000042-COL,FL-2011-000042-COL,0.3898595517481184,8.1111380136403e-05,0.8050454036566094,6.529834376305524e-05
FL-2023-000231-BDI,FL-2023-000231-BDI,0.38187429402818684,6.594839751586247e-05,0.9891166714763052,6.523065944008613e-05
FL-1998-000053-ZMB,FL-1998-000053-ZMB,0.38379414434787085,6.933993704301879e-05,0.9365163542555616,6.493798504383812e-05
FL-2001-000485-KHM,FL-2001-000485-KHM,0.3839087102046216,6.954720098859505e-05,0.9268570532202833,6.446031376800798e-05
FL-2009-000219-NPL,FL-2009-000219-NPL,0.3921085754097259,8.591389410886713e-05,0.7491056022368088,6.435857938693233e-05
FL-2013-000070-IND,FL-2013-000070-IND,0.37789184784538854,5.9384790823174306e-05,1.077139003407864,6.396567440485844e-05
FL-2001-000236-URY,FL-2001-000236-URY,0.3792069827317828,6.148416205138531e-05,1.0394922336938253,6.391230894758764e-05
FL-2014-000054-TJK,FL-2014-000054-TJK,0.3777272417767602,5.912662281755682e-05,1.080513117206162,6.38870915304713e-05
FL-2009-000132-GHA,FL-2009-000132-GHA,0.38035096609559643,6.336438689483145e-05,1.00457015880135,6.365397220529101e-05
FL-2010-000008-BOL,FL-2010-000008-BOL,0.38403208121613497,6.977101791747692e-05,0.9114041656623548,6.358959637249126e-05
FL-2005-000090-TJK,FL-2005-000090-TJK,0.3710225623510841,4.943143339349195e-05,1.278206249426741,6.31835670816831e-05
FL-2023-000158-GIN,FL-2023-000158-GIN,0.3707126148968532,4.902003848896851e-05,1.2862993830803735,6.305444526693636e-05
FL-2022-000276-GMB,FL-2022-000276-GMB,0.37076196478962586,4.908533390209285e-05,1.2833775557524247,6.299501584655955e-05
Djibouti: Floods - Apr 1989,Djibouti: Floods - Apr 1989,0.37954604786890345,6.203613547271669e-05,1.0077916813703185,6.251950127376601e-05
FL-2002-000536-MMR,FL-2002-000536-MMR,0.3834347477393772,6.869334597919813e-05,0.9088201340075248,6.242989589824011e-05
FL-2013-000011-ZWE,FL-2013-000011-ZWE,0.3749007826597952,5.484833781313019e-05,1.135178854405228,6.226267328474007e-05
Ghana: Floods - Jul 1995,Ghana: Floods - Jul 1995,0.385627172302895,7.272375220993655e-05,0.8551639114187951,6.219072839290059e-05
FL-2016-000117-ALB,FL-2016-000117-ALB,0.3754458397977214,5.565099889896604e-05,1.116507802929084,6.213477451149344e-05
FL-2012-000051-TJK,FL-2012-000051-TJK,0.3709948635554683,4.939454261048037e-05,1.2564153914667016,6.206006359026536e-05
FL-2005-000157-MDA,FL-2005-000157-MDA,0.3792009547138501,6.147438899505843e-05,1.0060968725786879,6.1849190511614e-05
FL-2008-000094-ZAF,FL-2008-000094-ZAF,0.3777230238541337,5.912002072585751e-05,1.045585962583682,6.181506377861296e-05
FL-2000-000187-ROM,FL-2000-000187-ROM,0.37727734623312875,5.8426152240464815e-05,1.0573179499339493,6.177501950941708e-05
Venezuela: Floods - Sep 1987,Venezuela: Floods - Sep 1987,0.3839043303393724,6.953926702609285e-05,0.8875286831351606,6.171809408985248e-05
FL-2007-000149-CMR,FL-2007-000149-CMR,0.3779330631036286,5.944959140330484e-05,1.035118095353682,6.153734782294353e-05
FL-2000-000130-BOL,FL-2000-000130-BOL,0.38144341057620773,6.520804333052846e-05,0.9399073873447525,6.128952164066042e-05
FL-2005-000038-MDG,FL-2005-000038-MDG,0.37615109827671034,5.670525946760104e-05,1.0792517862358992,6.119925256937856e-05
China: Floods - Aug 1985,China: Floods - Aug 1985,0.40528107918511236,0.00011955377364014515,0.5116338983381565,6.1167763268545e-05
FL-2002-000077-PER,FL-2002-000077-PER,0.37523355576928497,5.533713726090234e-05,1.099709656642364,6.085478421675828e-05
FL-2023-000064-RWA,FL-2023-000064-RWA,0.376722445468063,5.757248381548441e-05,1.0562755799966463,6.081240873404833e-05
FL-1997-000526-ECU,FL-1997-000526-ECU,0.3802886510029947,6.32606498692201e-05,0.9609815296317132,6.079231607681937e-05
FL-1999-000531-COD,FL-1999-000531-COD,0.3788444670297007,6.08989056167427e-05,0.9974869194859067,6.074586176370766e-05
FL-1997-000530-PER,FL-1997-000530-PER,0.37802792201934954,5.959897493334523e-05,1.015600331174714,6.052873867997889e-05
afg-1991-flood,afg-1991-flood,0.3698583831072267,4.7902112621087216e-05,1.2564334123624294,6.018581481988201e-05
FL-2002-000614-LAO,FL-2002-000614-LAO,0.37282770821633704,5.1889777984160856e-05,1.1496745971340228,5.9656359599314016e-05
FL-2019-000033-PRY,FL-2019-000033-PRY,0.38112701288206513,6.466917351310299e-05,0.9195954025807005,5.9469474651343114e-05
FL-2022-000213-IND,FL-2022-000213-IND,0.37443968942750366,5.417747538993771e-05,1.0948177964063617,5.931446422127149e-05
FL-2000-000438-KHM,FL-2000-000438-KHM,0.3775650259465587,5.887319232900742e-05,1.0010572321421671,5.893543496024963e-05
FL-2007-000199-THA,FL-2007-000199-THA,0.3696552841715398,4.763971860734804e-05,1.2349138810883142,5.883094979935535e-05
FL-2009-000265-MAR,FL-2009-000265-MAR,0.37546379459181156,5.567761837846536e-05,1.0552948747389153,5.8756305312463724e-05
FL-2021-000055-TJK,FL-2021-000055-TJK,0.37236425658697325,5.124834699422866e-05,1.1378608539843575,5.8313487876139704e-05
FL-2021-000061-MYS,FL-2021-000061-MYS,0.37242285064044345,5.1329046888413904e-05,1.1325212482808422,5.81312362551324e-05
FL-2001-000390-POL,FL-2001-000390-POL,0.36993256886050546,4.799828087715434e-05,1.209049552596024,5.8032300019901754e-05
FL-1999-000247-KOR,FL-1999-000247-KOR,0.3681894292770336,4.5783939337440166e-05,1.2639620274706846,5.7869160790545704e-05
FL-2013-000041-GHA,FL-2013-000041-GHA,0.3784430179278873,6.025664837299579e-05,0.9596316941627985,5.7824189562749985e-05
FL-2016-000009-IDN,FL-2016-000009-IDN,0.37167272828060527,5.0304513858941324e-05,1.1491797495702376,5.7808928638670735e-05
FL-2004-000044-BGD,FL-2004-000044-BGD,0.38330613210321063,6.846327516692097e-05,0.8296031651469546,5.679734977480454e-05
FL-2011-000204-PHL,FL-2011-000204-PHL,0.3798240186331169,6.249197409801504e-05,0.9086693999686215,5.6784544606497964e-05
1992-01-01T00:00:00+00:00,1992-01-01T00:00:00+00:00,0.3744629133183265,5.42110872916329e-05,1.040933530085597,5.643013846425788e-05
FL-2020-000126-ETH,FL-2020-000126-ETH,0.36606478301750667,4.3209525702939946e-05,1.305209086561218,5.639746557347772e-05
FL-2017-000149-TGO,FL-2017-000149-TGO,0.36939731278090976,4.7308297361620924e-05,1.1893964633714496,5.6268321570036804e-05
FL-2006-000086-CHL,FL-2006-000086-CHL,0.3764091872754384,5.7095535433261064e-05,0.9816818094129864,5.6049648533527e-05
FL-1998-000224-SVK,FL-1998-000224-SVK,0.3681404482391598,4.57230684194587e-05,1.2251616258519693,5.601814884372485e-05
FL-2020-000038-EGY,FL-2020-000038-EGY,0.36498128867873814,4.194749226098222e-05,1.329767132388454,5.578039649477318e-05
FL-2020-000054-BDI,FL-2020-000054-BDI,0.37341397356177153,5.271153421841772e-05,1.0550987498746878,5.561587385782937e-05
FL-2004-000022-AFG,FL-2004-000022-AFG,0.3727128099628024,5.1730085362389874e-05,1.0740305380391386,5.555969141457817e-05
FL-2008-000010-BRA,FL-2008-000010-BRA,0.37816918640749275,5.982206386560415e-05,0.9286542498207508,5.5554013841841665e-05
FL-2007-000057-URY,FL-2007-000057-URY,0.3728101664099528,5.186536864656872e-05,1.0706544149077877,5.552988592226875e-05
FF-2007-000049-TJK,FF-2007-000049-TJK,0.376765678019247,5.763858794985208e-05,0.9615243720808555,5.542090708610869e-05
FL-2007-000025-FJI,FL-2007-000025-FJI,0.3738479447766381,5.332734654086221e-05,1.0321832158662596,5.504359204616161e-05
FL-2009-000124-VNM,FL-2009-000124-VNM,0.36957786191509967,4.754003383843113e-05,1.1555969844310696,5.493711974344202e-05
FL-2008-000246-GUY,FL-2008-000246-GUY,0.3751979123587177,5.528459501427399e-05,0.9929554839580661,5.489514179782412e-05
FL-2022-000275-UGA,FL-2022-000275-UGA,0.36957914047418744,4.754167851726131e-05,1.149508740471743,5.464957499228957e-05
FL-2022-000378-BIH,FL-2022-000378-BIH,0.37535812980204575,5.5521126087882755e-05,0.9789655437483893,5.435326939014702e-05
FF-2012-000101-GAB,FF-2012-000101-GAB,0.36534610206931795,4.2368665153834706e-05,1.2741047244558878,5.398211644139034e-05
Bhutan: Flash Flood - Oct 1994,Bhutan: Flash Flood - Oct 1994,0.3652597862383583,4.226867227310153e-05,1.27391472999028,5.384668422583577e-05
FL-2006-000068-CHN,FL-2006-000068-CHN,0.3895844721251203,8.054088296839367e-05,0.6678237967185123,5.378711825501403e-05
FF-2022-000309-SLE,FF-2022-000309-SLE,0.3672997261375113,4.4689556559093556e-05,1.196452650536421,5.3468938396424785e-05
FL-2023-000232-COL,FL-2023-000232-COL,0.37018812000072776,4.833088787533979e-05,1.105133853767506,5.341210037367949e-05
FF-2004-000060-VNM,FF-2004-000060-VNM,0.3599150243767538,3.647537480554e-05,1.463389408328373,5.337767715523482e-05
FL-2003-000212-AZE,FL-2003-000212-AZE,0.37443741823343135,5.417418930125935e-05,0.9848576335172745,5.335386387295513e-05
FL-1998-000080-ARG,FL-1998-000080-ARG,0.37683222961927243,5.774048127535531e-05,0.9225861223252123,5.327056672102158e-05
FL-2014-000163-COL,FL-2014-000163-COL,0.37390576037559564,5.340987471983736e-05,0.9955467519351162,5.317202729859556e-05
FF-2009-000229-SOM,FF-2009-000229-SOM,0.36819010373308036,4.578477802282386e-05,1.1613045952754697,5.3170073111572685e-05
SL-2002-000428-NPL,SL-2002-000428-NPL,0.37881865438575474,6.085742474490691e-05,0.8588047616407877,5.2264646152121954e-05
Ethiopia: Floods - May 1995,Ethiopia: Floods - May 1995,0.36949500114762596,4.743355474051808e-05,1.0908091701249307,5.174095648258e-05
FL-2002-000470-VNM,FL-2002-000470-VNM,0.36427979379782915,4.114819797700718e-05,1.2513371910904603,5.149027047498232e-05
FL-2015-000105-GIN,FL-2015-000105-GIN,0.36974968182646095,4.776151448715725e-05,1.071153748426473,5.1159925273443783e-05
FL-1998-000048-PAK,FL-1998-000048-PAK,0.3631498397492705,3.988949778603542e-05,1.274857049816715,5.08534074661755e-05
FL-2002-000479-CZE,FL-2002-000479-CZE,0.3653467520913214,4.236941898109472e-05,1.1971051210312973,5.072064843738914e-05
FF-2006-000046-KEN,FF-2006-000046-KEN,0.3683205628479721,4.594726404192964e-05,1.1036482173283537,5.070961605099082e-05
FL-2010-000196-LKA,FL-2010-000196-LKA,0.3646812149041001,4.1603889042878976e-05,1.212821481693282,5.0458090353187386e-05
FL-2023-000215-GHA,FL-2023-000215-GHA,0.364059102910502,4.089958920193873e-05,1.232207094616741,5.039676398153915e-05
China: Floods - Jul 2018,China: Floods - Jul 2018,0.36789769174232656,4.542245778508857e-05,1.1041913871780773,5.015508667075461e-05
FL-1997-000337-IND,FL-1997-000337-IND,0.3677838208836964,4.5282062881765913e-05,1.1040807822685879,4.9995055409235493e-05
FL-1998-000203-BGD,FL-1998-000203-BGD,0.3633402138429568,4.009910455344378e-05,1.2384617273903773,4.966120629206533e-05
Nigeria: Floods - Sep 1994,Nigeria: Floods - Sep 1994,0.3723805185530974,5.1270732673592324e-05,0.9617582522941903,4.931005024999679e-05
Algeria: Floods - Jan 1985,Algeria: Floods - Jan 1985,0.361988127822358,3.8631651221950094e-05,1.2746999404289316,4.924376351129105e-05
FL-2009-000101-PAN,FL-2009-000101-PAN,0.37259021889252236,5.156018864327975e-05,0.9534059909197259,4.9157792745454124e-05
FL-2006-000045-HUN,FL-2006-000045-HUN,0.36626365547877693,4.3444845338286186e-05,1.11989572468407,4.8653696553907344e-05
1,1,0.358900839442594,3.54604907103039e-05,1.3688588888282904,4.8540407911012516e-05
FL-1997-000164-BGD,FL-1997-000164-BGD,0.375245209027188,5.535432517093559e-05,0.876494679186875,4.8517771482305147e-05
FL-2011-000045-GTM,FL-2011-000045-GTM,0.3605474689179574,3.712141403992968e-05,1.3016118343545413,4.83176718223473e-05
FL-2013-000055-UGA,FL-2013-000055-UGA,0.3701329773496362,4.825894316923583e-05,1.0009376405503114,4.8304192711266484e-05
FF-2017-000101-VNM,FF-2017-000101-VNM,0.3595389409643228,3.6096022491843614e-05,1.3377073830962212,4.828591578774646e-05
1996-07-01-CO-Flood,1996-07-01-CO-Flood,0.3795913074140149,6.211015111375981e-05,0.7739776904641869,4.807187131340946e-05
FL-2005-000168-NPL,FL-2005-000168-NPL,0.37361727446563264,5.2999220167908887e-05,0.9001866293184169,4.770918935945456e-05
FL-2019-000116-ETH,FL-2019-000116-ETH,0.3590607437388962,3.561879813685461e-05,1.3310225871226296,4.740942484631492e-05
FL-2002-000402-BGD,FL-2002-000402-BGD,0.37703611247963653,5.8053644453391735e-05,0.8143569274139246,4.7276387522244524e-05
FL-2002-000026-SEN,FL-2002-000026-SEN,0.36740458930700387,4.4817308186809936e-05,1.0546693276059735,4.726744029049253e-05
FL-2010-000152-THA,FL-2010-000152-THA,0.360193548279347,3.675862819810937e-05,1.2831284616978387,4.7166042053962874e-05
FL-2025-000022-PER,FL-2025-000022-PER,0.3612617825179838,3.7863451890528814e-05,1.244445279687572,4.711899397784606e-05
LS-2015-000135-LKA,LS-2015-000135-LKA,0.35935679847345514,3.5913576287424234e-05,1.290597047444825,4.63499555197342e-05
FL-2002-000110-BOL,FL-2002-000110-BOL,0.372229667149582,5.106341307333257e-05,0.9049212581915606,4.620836800587549e-05
FL-2010-000125-IND,FL-2010-000125-IND,0.3742606313612696,5.39189540490043e-05,0.8556559783131277,4.613607537642135e-05
FF-2007-000113-GMB,FF-2007-000113-GMB,0.36148352066644995,3.809649617112088e-05,1.2095060640956095,4.607794313976588e-05
1995-09-00T00:00:00+00:00,1995-09-00T00:00:00+00:00,0.38850833947500973,7.834358758251956e-05,0.5841419555859526,4.576377645807233e-05
FL-2017-000002-MYS,FL-2017-000002-MYS,0.36103117230320836,3.7622444966503923e-05,1.2154113472907762,4.5726746525111614e-05
FL-2010-000026-DOM,FL-2010-000026-DOM,0.3661337216026141,4.329096837033703e-05,1.0490817664059833,4.541576556737872e-05
FL-2010-000114-BGD,FL-2010-000114-BGD,0.36588830125479643,4.300166165469986e-05,1.0524339826166824,4.525641003439085e-05
FL-2019-000135-GHA,FL-2019-000135-GHA,0.36696118759318397,4.427935910273152e-05,1.0216323108198488,4.523722396174551e-05
India: Floods - Aug 1988,India: Floods - Aug 1988,0.37398922835777615,5.352922285234499e-05,0.8427786995223563,4.5113288821941705e-05
FL-2008-000088-USA,FL-2008-000088-USA,0.3613796855068259,3.7987206364269796e-05,1.1865814777652384,4.5074915463888326e-05
FL-2021-000019-PER,FL-2021-000019-PER,0.3568005668928134,3.343915983803907e-05,1.3456208053079868,4.4996429190084616e-05
FL-2015-000080-MMR,FL-2015-000080-MMR,0.3591430272944163,3.5700507586831325e-05,1.2536908885177969,4.4757401077070913e-05
FF-2011-000071-GEO,FF-2011-000071-GEO,0.35797228965834527,3.455366318824404e-05,1.2913032050986575,4.4619256022879025e-05
Guyana: Floods - Jul 1996,Guyana: Floods - Jul 1996,0.3681445686723154,4.5728186257970236e-05,0.975512874914735,4.460843444114903e-05
FL-2021-000213-STP,FL-2021-000213-STP,0.36018398455081735,3.674886934646167e-05,1.21326547331372,4.458613436137887e-05
FL-2008-000032-KAZ,FL-2008-000032-KAZ,0.36727523621187785,4.465976847268551e-05,0.9978373267784768,4.4563183987330207e-05
FL-2000-000012-MOZ,FL-2000-000012-MOZ,0.3627736414444816,3.947819100053383e-05,1.1277962370993517,4.452335525789154e-05
FL-2020-000213-LAO,FL-2020-000213-LAO,0.36116343534947215,3.7760501481914294e-05,1.1779112023169338,4.4478517700652024e-05
FL-2010-000089-AZE,FL-2010-000089-AZE,0.36457184538374,4.147928538076368e-05,1.0703967476559106,4.4399292166660805e-05
Niger: Floods - Aug 1994,name=Niger: Floods - Aug 1994,0.35753939745766994,3.413807586191197e-05,1.2931727617169873,4.4146429842052726e-05
FL-2010-000115-MMR,FL-2010-000115-MMR,0.36753748003576625,4.49796770922926e-05,0.9799014922135285,4.407565270202018e-05
FL-2013-000076-PRY,FL-2013-000076-PRY,0.3573812722638051,3.398739709873104e-05,1.291359570120468,4.388995050693096e-05
FL-2010-000240-VEN,FL-2010-000240-VEN,0.3561358386002712,3.282137696672463e-05,1.3225182541317935,4.3406870164234116e-05
FF-2012-000120-GEO,FF-2012-000120-GEO,0.3603969687194704,3.696675208416609e-05,1.170744043976996,4.327860482771165e-05
Moldova: Floods - Aug 1994,Moldova: Floods - Aug 1994,0.3689405618281188,4.6726585634845664e-05,0.9253720476383611,4.3239476228066365e-05
FL-1997-000295-COD,FL-1997-000295-COD,0.36558008531257524,4.2640795533041655e-05,1.0129914858035072,4.319476282285942e-05
FF-2012-000118-AFG,FF-2012-000118-AFG,0.35951441915391125,3.6071411299412654e-05,1.1956061386296777,4.312720077861369e-05
FL-2009-000121-CZE,FL-2009-000121-CZE,0.3726880502187232,5.1695730738168325e-05,0.8338900564640452,4.310855582420126e-05
FF-2008-000194-VNM,FF-2008-000194-VNM,0.36037891121457427,3.6948234258621486e-05,1.1575172522881112,4.2768218595937e-05
FL-2011-000131-GIN,FL-2011-000131-GIN,0.35891437125504166,3.547386281976194e-05,1.2042646272999216,4.271991818752916e-05
FL-2010-000262-ECU,FL-2010-000262-ECU,0.35387346559051813,3.0794984695477024e-05,1.369373617071581,4.216983958010935e-05
FL-2013-000019-PER,FL-2013-000019-PER,0.35523329289105593,3.199901545387664e-05,1.3077998282489198,4.18483069147144e-05
ST-2012-000064-COD,ST-2012-000064-COD,0.359455056648391,3.6011894938206466e-05,1.1546951626353135,4.158276088247814e-05
FL-2021-000110-YEM,FL-2021-000110-YEM,0.35912451394731326,3.568210871666255e-05,1.1524258360621629,4.1120983970260834e-05
FL-2003-000341-NPL,FL-2003-000341-NPL,0.3732388053874999,5.246478618401186e-05,0.7820585732690798,4.1030535829935643e-05
FL-2025-000045-COD,FL-2025-000045-COD,0.3587192348062148,3.528146784054802e-05,1.1530761769304614,4.068222005407413e-05
Indonesia: Floods and Landslides - Feb 1990,Indonesia: Floods and Landslides - Feb 1990,0.35954729199565016,3.610440741178302e-05,1.126768567319263,4.068131141328573e-05
FL-2025-000026-ECU,FL-2025-000026-ECU,0.3596440527363725,3.620168871657248e-05,1.1171472704368623,4.0442617734923906e-05
FL-2023-000052-ETH,FL-2023-000052-ETH,0.35957307170435737,3.613030279456863e-05,1.1124995665878057,4.0194946199643785e-05
FL-2023-000079-BIH,FL-2023-000079-BIH,0.35733110586085337,3.393971835976261e-05,1.1840473487984016,4.0186233542841354e-05
ST-1998-000296-PHL,ST-1998-000296-PHL,0.35956308550419985,3.612026980335223e-05,1.108207062894622,4.002873810973428e-05
FF-2013-000100-RUS,FF-2013-000100-RUS,0.3591635201063914,3.572088363807795e-05,1.1177984678138433,3.9928748999600116e-05
Viet Nam: Floods - Oct 1995,Viet Nam: Floods - Oct 1995,0.35776720250318406,3.435621017978073e-05,1.1585193691423241,3.980233494360067e-05
FL-2002-000242-AFG,FL-2002-000242-AFG,0.36453125578035606,4.143312755196032e-05,0.9583348849806268,3.970681152689553e-05
FL-2022-000336-VNM,FL-2022-000336-VNM,0.35722818384915833,3.384208846062587e-05,1.1722090372300906,3.9670001932285804e-05
FL-2012-000030-KAZ,FL-2012-000030-KAZ,0.35118443691069456,2.8533340212660814e-05,1.386634100283017,3.9565302533852155e-05
FL-2008-000076-COL,FL-2008-000076-COL,0.37577212992941156,5.6136542990717194e-05,0.7001873717288423,3.930609849461343e-05
FL-1998-000255-TUR,FL-1998-000255-TUR,0.3587390763029412,3.530098760220634e-05,1.1010714693094692,3.886891028723669e-05
FL-2004-000031-CHN,FL-2004-000031-CHN,0.37852102583685415,6.0380969800359154e-05,0.6434879492593721,3.885442643112519e-05
FL-2024-000024-DZA,FL-2024-000024-DZA,0.3568419815345696,3.347799370016281e-05,1.1597469097454667,3.882599973824202e-05
Indonesia: Floods - Feb 1993,Indonesia: Floods - Feb 1993,0.35382645840255034,3.075410226804118e-05,1.260456071218516,3.8764194918627636e-05
FL-2018-000112-GEO,FL-2018-000112-GEO,0.36126282880941396,3.786454851141336e-05,1.0222629843578837,3.8707526362641286e-05
FL-2009-000113-CHN,FL-2009-000113-CHN,0.3784903112989142,6.0331992427433644e-05,0.6385622410411255,3.852573229093824e-05
FL-2023-000063-CMR,FL-2023-000063-CMR,0.35977103685540845,3.6329713926646713e-05,1.0563752295074629,3.8377809887201894e-05
FL-2003-000012-BOL,FL-2003-000012-BOL,0.3612405673245575,3.784122235366963e-05,1.0019840207728257,3.791630012488842e-05
FL-2003-000585-MKD,FL-2003-000585-MKD,0.3597276101226372,3.6285885382140754e-05,1.044377937487487,3.789617813530752e-05
FL-2002-000641-THA,FL-2002-000641-THA,0.3557355322994756,3.245431629115818e-05,1.1603592484795837,3.7658666061527016e-05
FL-2011-000107-MMR,FL-2011-000107-MMR,0.3550799635748981,3.186116609205366e-05,1.1654079728699487,3.7131256988613e-05
Thailand: Floods - Oct 1995,Thailand: Floods - Oct 1995,0.35092448460832987,2.8322834034956524e-05,1.3030110983590828,3.690496708453071e-05
FL-2023-000189-MMR,FL-2023-000189-MMR,0.3628838533184172,3.959829119540315e-05,0.9311581587735362,3.687227192008993e-05
FL-2023-000053-ECU,FL-2023-000053-ECU,0.3544642054501552,3.131294084305279e-05,1.1701678124219697,3.664139548681363e-05
FL-2017-000095-GHA,FL-2017-000095-GHA,0.3610961051242675,3.7690165146644264e-05,0.9719324461526762,3.6632294406876296e-05
FL-2011-000124-ETH,FL-2011-000124-ETH,0.3561918298713629,3.287301488444394e-05,1.1140674979889862,3.6622757443667164e-05
FL-2005-000150-NGA,FL-2005-000150-NGA,0.3593548869291353,3.591166596459793e-05,1.0189791202777432,3.6593237792314173e-05
FL-2024-000189-LKA,FL-2024-000189-LKA,0.354393606437885,3.125063039357316e-05,1.1695806147019812,3.655013150553971e-05
IND-2018-000413,IND-2018-000413,0.36286357675066205,3.957617074090255e-05,0.9221733186742626,3.649608871255735e-05
FF-2024-000087-ARM,FF-2024-000087-ARM,0.35571235369204646,3.2433176279440005e-05,1.124649599359199,3.647595870861848e-05
FF-2005-000072-TJK,FF-2005-000072-TJK,0.3483029584424663,2.6276749033342553e-05,1.3809450525369613,3.628674657434978e-05
FL-2024-000103-NPL,FL-2024-000103-NPL,0.35870501958385237,3.526748909518013e-05,1.0276933790072569,3.624416503732725e-05
FL-2024-000104-MMR,FL-2024-000104-MMR,0.36603885793637186,4.317893402698528e-05,0.8391419529408852,3.623325502531007e-05
FL-2005-000063-SRB,FL-2005-000063-SRB,0.3654520827554957,4.2491730000639524e-05,0.8449809676901925,3.5904703134770765e-05
FL-2021-000135-GIN,FL-2021-000135-GIN,0.34730745044975375,2.5535302033389573e-05,1.405762750329889,3.589657641696213e-05
FL-2007-000145-ETH,FL-2007-000145-ETH,0.3564866025640192,3.314607654307162e-05,1.074582595415157,3.561819695948336e-05
FL-2013-000050-ETH,FL-2013-000050-ETH,0.3491172978745888,2.6897608951777062e-05,1.3053721958094802,3.5111390859405954e-05
FL-2000-000265-COL,FL-2000-000265-COL,0.3632142591902207,3.996031459741254e-05,0.8757434779822016,3.4994984886801e-05
FL-2009-000178-GIN,FL-2009-000178-GIN,0.35604191948783726,3.273492402712766e-05,1.068515319346453,3.497776780062819e-05
China: Floods - Jun 1994,China: Floods - Jun 1994,0.3586523883480137,3.5215776787070547e-05,0.9760523910513278,3.4372443135750055e-05
Djibouti: Floods - Apr 2004,Djibouti: Floods - Apr 2004,0.35813075165820424,3.470692540068125e-05,0.9882468827637481,3.429901083753719e-05
FL-2000-000302-CHN,FL-2000-000302-CHN,0.3741093243470146,5.370136531357124e-05,0.6358572303399659,3.414640141376212e-05
FL-2007-000122-VNM,FL-2007-000122-VNM,0.3495036852397345,2.7196786624629436e-05,1.2537362894429918,3.40975983475357e-05
FL-2020-000132-UGA,FL-2020-000132-UGA,0.3523073229458269,2.9458912047543146e-05,1.1565609422975855,3.4071027076768195e-05
FF-2021-000090-SDN,FF-2021-000090-SDN,0.35168409088970354,2.894191249428103e-05,1.1734838122689721,3.39628658081439e-05
FL-2000-000476-NPL,FL-2000-000476-NPL,0.3653100645813283,4.2326891539905026e-05,0.8017257032301318,3.393455688537588e-05
FL-2024-000098-SLV,FL-2024-000098-SLV,0.3479419680732845,2.6005676541989425e-05,1.2955779011577304,3.369237983245749e-05
FL-2013-000023-ZMB,FL-2013-000023-ZMB,0.3536916776817074,3.063715335386903e-05,1.0988875788119679,3.36667872707241e-05
FL-2024-000075-UGA,FL-2024-000075-UGA,0.3528937010335005,2.995291299656605e-05,1.1215173808366035,3.3592712532335414e-05
FL-2005-000020-COL,FL-2005-000020-COL,0.364145957383007,4.09972691753799e-05,0.8080937942240005,3.312963880075541e-05
FL-2014-000004-COL,FL-2014-000004-COL,0.35140917711966035,2.8716465844270884e-05,1.1530726697303297,3.3112171936273254e-05
FL-2002-000782-MKD,FL-2002-000782-MKD,0.3552181757762275,3.198540073429404e-05,1.0286208969532604,3.290085159271901e-05
FF-2015-000115-MKD,FF-2015-000115-MKD,0.3494889452527069,2.7185318813926327e-05,1.2098817209656998,3.28910203115944e-05
FL-2009-000007-ZWE,FL-2009-000007-ZWE,0.352186024929002,2.9357643177547958e-05,1.1194722766288485,3.2865067644427e-05
FL-2014-000070-LKA,FL-2014-000070-LKA,0.3476520186694759,2.5789775103792473e-05,1.2712089853111195,3.2784193841094e-05
Bolivia: Floods - Jan 1986,Bolivia: Floods - Jan 1986,0.36032747856222336,3.689553623357861e-05,0.8841657020196967,3.262176769535519e-05
FL-2019-000093-NGA,FL-2019-000093-NGA,0.3417275836695466,2.1717026298285824e-05,1.4999999960810835,3.257553936232152e-05
FL-2019-000136-SLV,FL-2019-000136-SLV,0.34574239944707363,2.4407675272416175e-05,1.3263875340879325,3.23740362173991e-05
FL-1997-000097-AFG,FL-1997-000097-AFG,0.3440709721614522,2.3253072487590433e-05,1.3915845675709566,3.235861682233964e-05
FL-2021-000095-MMR,FL-2021-000095-MMR,0.3529862658983801,3.003157300890841e-05,1.0619657406518828,3.189250167334651e-05
FL-1997-000142-CZE,FL-1997-000142-CZE,0.35937362389775307,3.5930394905908846e-05,0.8861912863935222,3.184120288229462e-05
FL-2005-000153-THA,FL-2005-000153-THA,0.3480671529782511,2.6099393147659093e-05,1.2142364677237614,3.169083494534732e-05
ST-2010-000085-CHN,ST-2010-000085-CHN,0.34765678887201223,2.5793313988664467e-05,1.2265270055929207,3.163619617083462e-05
FL-2007-000197-COD,FL-2007-000197-COD,0.3570845499412204,3.3706262509050635e-05,0.938197452018096,3.162312960304438e-05
FL-2006-000044-COL,FL-2006-000044-COL,0.36323548173570874,3.998366947931554e-05,0.7903426324249347,3.160079859029076e-05
FL-1992-000008-PAK,FL-1992-000008-PAK,0.35297685965782993,3.002357127185414e-05,1.0486466674608446,3.148411795950299e-05
FL-2008-000054-THA,FL-2008-000054-THA,0.3477348633849776,2.5851297517806338e-05,1.2161844828708155,3.1439946903232895e-05
FL-2023-000193-NGA,FL-2023-000193-NGA,0.3488064976066838,2.6659111079797307e-05,1.175681161425123,3.134261467685746e-05
FL-2022-000305-GIN,FL-2022-000305-GIN,0.3432332676340996,2.2693095925187635e-05,1.381125092626501,3.134200421165685e-05
FL-2005-000048-AFG,FL-2005-000048-AFG,0.35361363496847975,3.056961900091074e-05,1.0241455794175436,3.130774016426128e-05
FL-1997-000140-AZE,FL-1997-000140-AZE,0.35436971942717777,3.1229573078967136e-05,0.9955723453086005,3.109129931321364e-05
FF-2012-000102-PHL,FF-2012-000102-PHL,0.3433561160302943,2.2774448902568975e-05,1.350990691185349,3.0768068464247076e-05
FL-2022-000217-BGD,FL-2022-000217-BGD,0.35343906386803636,3.0419038490398394e-05,1.0110307901265791,3.075458451983831e-05
FL-2011-000096-PRK,FL-2011-000096-PRK,0.3575582393532508,3.415607048360427e-05,0.8967115844943416,3.0628144083453195e-05
FL-2000-000255-ARG,FL-2000-000255-ARG,0.3550780118521958,3.1859414863330905e-05,0.9596824343263637,3.057492081225494e-05
FL-2008-000250-THA,FL-2008-000250-THA,0.3547394523737538,3.155694206400273e-05,0.9628755515870862,3.0385407996278348e-05
FL-2015-000155-NGA,FL-2015-000155-NGA,0.3489512382890193,2.676994248000489e-05,1.1309728897968445,3.027607920630644e-05
FL-2007-000194-GTM,FL-2007-000194-GTM,0.3517637934909954,2.9007570842416565e-05,1.041926920218741,3.022376895086604e-05
FL-2012-000009-FJI,FL-2012-000009-FJI,0.34984446663447794,2.7463133763767235e-05,1.0988887127745661,3.0178927710421902e-05
FL-2016-000054-HTI,FL-2016-000054-HTI,0.34761978784985187,2.5765875375114207e-05,1.16982926460923,3.0141675042082922e-05
FL-2008-000187-BDI,FL-2008-000187-BDI,0.3666564719502686,4.391304496405887e-05,0.6853457474951481,3.0095618625680974e-05
Bangladesh: Floods - May 1984,Bangladesh: Floods - May 1984,0.3470638748777476,2.5356780580314652e-05,1.1865219890231302,3.0086377729378022e-05
FL-2020-000212-KHM,FL-2020-000212-KHM,0.3445929003997469,2.3608220616251408e-05,1.253731041392615,2.959835901863948e-05
FL-2002-000325-JAM,FL-2002-000325-JAM,0.35068898995141495,2.8133341121074055e-05,1.041282547868147,2.9294757122595702e-05
FF-2007-000008-LKA,FF-2007-000008-LKA,0.350433094218229,2.7928726530187626e-05,1.0463980201857406,2.92245641474973e-05
FL-1997-000143-POL,FL-1997-000143-POL,0.3436346562340923,2.2959877587048524e-05,1.233104785558755,2.8311934928432734e-05
FL-2009-000023-ECU,FL-2009-000023-ECU,0.353105629168304,3.013328026399614e-05,0.9391312908770322,2.8299106392686092e-05
FL-2019-000034-BOL,FL-2019-000034-BOL,0.3439240672382993,2.3153981447041547e-05,1.2187179470762803,2.8218172735780757e-05
FL-2013-000004-KEN,FL-2013-000004-KEN,0.3529318371957573,2.9985297955656433e-05,0.935073356510655,2.8038453205367743e-05
FL-2024-000148-GIN,FL-2024-000148-GIN,0.35045898499073436,2.7949367753064732e-05,0.994415026402329,2.779327127209227e-05
FL-2013-000145-COL,FL-2013-000145-COL,0.35452862997571666,3.136989926255314e-05,0.8790758244423693,2.7576520056902973e-05
FL-2011-000148-KHM,FL-2011-000148-KHM,0.34561255634870247,2.431616732457575e-05,1.1234947898668675,2.7319087298691822e-05
Lao PDR: Floods - Sep 1995,Lao PDR: Floods - Sep 1995,0.34342383808883914,2.2819408119057574e-05,1.1807652832898365,2.694436489220541e-05
FL-2002-000475-TJK,FL-2002-000475-TJK,0.3446695232844511,2.3660767870437815e-05,1.1361467856691416,2.6882105362461626e-05
FL-1999-000229-TJK,FL-1999-000229-TJK,0.35113692975420174,2.8494764671281575e-05,0.9422253837707331,2.684849057785501e-05
1988-08-01T00:00:00+00:00,1988-08-01T00:00:00+00:00,0.3555972228056078,3.232835488674876e-05,0.8249538870093336,2.666940202444057e-05
FL-2005-000002-GUY,FL-2005-000002-GUY,0.3472559090811265,2.549743224864473e-05,1.0423752684972483,2.6577892786171448e-05
FL-2010-000067-BRA,FL-2010-000067-BRA,0.34687025611345146,2.521567567000928e-05,1.0465567844150672,2.6389636446058156e-05
FL-2014-000117-BGD,FL-2014-000117-BGD,0.34566201773219185,2.435098915331748e-05,1.0680532640304388,2.6008153447570547e-05
FL-2019-000119-CMR,FL-2019-000119-CMR,0.3394579096399911,2.0316988059561303e-05,1.2776900520050807,2.5958813530407483e-05
FL-2010-000021-AFG,FL-2010-000021-AFG,0.34350465145002523,2.287316289287238e-05,1.0852931770014216,2.4824087624076494e-05
FL-2006-000145-GIN,FL-2006-000145-GIN,0.341806138887518,2.176700036088019e-05,1.1375018543000035,2.476000327305006e-05
FL-2021-000147-THA,FL-2021-000147-THA,0.336599300495635,1.866947438458253e-05,1.3245466846045788,2.4728590399408898e-05
FL-2001-000252-ECU,FL-2001-000252-ECU,0.34586548300250836,2.44947054053097e-05,1.0045332304500523,2.4605745549718108e-05
FL-2005-000194-COL,FL-2005-000194-COL,0.35102618109281003,2.8405019572630097e-05,0.863710436619626,2.453371185726536e-05
FL-2020-000019-MDG,FL-2020-000019-MDG,0.3443057537423101,2.341223114721078e-05,1.043786590716556,2.4437372930215104e-05
FL-2015-000006-MWI,FL-2015-000006-MWI,0.3375733644591555,1.921682883193467e-05,1.2458327290676428,2.3940954307714934e-05
FL-2019-000064-SDN,FL-2019-000064-SDN,0.3384624393224296,1.9728987657291263e-05,1.207726031282668,2.382721196456512e-05
FL-2015-000065-GHA,FL-2015-000065-GHA,0.34269144860264256,2.233740268076027e-05,1.0654801946479941,2.380006015622708e-05
FL-2006-000127-NPL,FL-2006-000127-NPL,0.34998281570785883,2.7571932617565752e-05,0.862630230686243,2.3784382594356293e-05
FL-2021-000068-SUR,FL-2021-000068-SUR,0.34169615981664414,2.1697064482203152e-05,1.0828851876395205,2.3495429743037337e-05
Nepal: Floods - Jul 1996,Nepal: Floods - Jul 1996,0.35558611919617517,3.231826169792487e-05,0.7248329870558342,2.342534216295904e-05
FL-2010-000179-ETH,FL-2010-000179-ETH,0.34325302974945426,2.270616516507728e-05,1.030549003575644,2.3399815885894385e-05
FL-2023-000021-NAM,FL-2023-000021-NAM,0.3353210550102579,1.797248951670844e-05,1.2755322671404512,2.2924490299405106e-05
LS-2011-000104-ECU,LS-2011-000104-ECU,0.34191977961649456,2.1839477757301686e-05,1.046388478883193,2.2852577910066238e-05
FF-2011-000088-NGA,FF-2011-000088-NGA,0.3321635259705177,1.6350062594201623e-05,1.376295308125757,2.2502514435962134e-05
FL-2006-000034-ECU,FL-2006-000034-ECU,0.34504778001677183,2.392171851050547e-05,0.9389625926165136,2.246159883246666e-05
FL-2009-000245-SRB,FL-2009-000245-SRB,0.3397452973149182,2.0489650017459553e-05,1.0840237655442986,2.2211267566611308e-05
FL-2002-000788-LKA,FL-2002-000788-LKA,0.3436633446315296,2.29790528824476e-05,0.9639019405394029,2.21495536651488e-05
FL-2007-000217-SRB,FL-2007-000217-SRB,0.3395355308468919,2.0363493172873058e-05,1.0803231417321983,2.1999152921160395e-05
FL-2009-000266-ALB,FL-2009-000266-ALB,0.34880840762750104,2.6660570935397123e-05,0.8243171924381797,2.197676698226549e-05
FL-2003-000505-VNM,FL-2003-000505-VNM,0.33234328352442044,1.6438760321377405e-05,1.3351682599699068,2.1948511014355818e-05
FL-2010-000014-SLB,FL-2010-000014-SLB,0.3342996109546303,1.7432461381330722e-05,1.2512366729504776,2.181213498011394e-05
Nepal: Floods and Landslides - Jul 1993,name=Nepal: Floods and Landslides - Jul 1993,0.3359306575727584,1.8301909379355733e-05,1.1890383157151128,2.1761671502799767e-05
FL-2008-000038-ARG,FL-2008-000038-ARG,0.3416626740389864,2.1675811016552488e-05,0.9962518718082016,2.1594567298201254e-05
SS-2007-000063-MDV,SS-2007-000063-MDV,0.3349093961756361,1.7753064143303693e-05,1.2101910384211765,2.148459913074245e-05
FL-2019-000081-MMR,FL-2019-000081-MMR,0.33984121568905434,2.054757083902735e-05,1.0383332562250227,2.1335226136801587e-05
FL-2010-000251-CRI,FL-2010-000251-CRI,0.3376796945296953,1.9277444558161058e-05,1.1052106563104114,2.130563715211275e-05
FL-2012-000098-GTM,FL-2012-000098-GTM,0.3330209495025219,1.677704800846958e-05,1.2673665542478996,2.1262669524945678e-05
FL-2010-000174-KEN,FL-2010-000174-KEN,0.34212657871418795,2.1971926845060343e-05,0.9668381107047667,2.1243296239421485e-05
FL-1997-000522-MDA,FL-1997-000522-MDA,0.3442008686994073,2.334100871225771e-05,0.9078244357618784,2.1189538064318446e-05
FF-2014-000048-KAZ,FF-2014-000048-KAZ,0.3358367003997875,1.825078475195029e-05,1.1524100484085351,2.103238773948879e-05
FL-2015-000009-ALB,FL-2015-000009-ALB,0.33527796878937166,1.794940957455039e-05,1.1668042059205903,2.0943446585376707e-05
FF-2020-000138-TJK,FF-2020-000138-TJK,0.34290496885083666,2.247697087706005e-05,0.9245550834716685,2.0781197685430518e-05
FL-2003-000350-MNG,FL-2003-000350-MNG,0.34135107509591334,2.147893531666446e-05,0.9653767569926166,2.073526491965572e-05
FL-2005-000103-SLV,FL-2005-000103-SLV,0.34183620541121645,2.178615499495143e-05,0.9499800804848453,2.0696413275559275e-05
India: Floods - Aug 1989,India: Floods - Aug 1989,0.3389707481125014,2.002729147620861e-05,1.0282737934207815,2.0593538978184712e-05
FL-2007-000123-NGA,FL-2007-000123-NGA,0.34002456652114704,2.0658698444282158e-05,0.9859595032476032,2.0368640055866468e-05
FL-1997-000299-PRY,FL-1997-000299-PRY,0.33635901775420673,1.8536628907481994e-05,1.0913298267640643,2.022957601439207e-05
FF-2014-000015-ZWE,FF-2014-000015-ZWE,0.3340327063244766,1.729377968798128e-05,1.1599076147138132,2.005918674727256e-05
Burundi: Floods - Feb 1989,Burundi: Floods - Feb 1989,0.3533543435681481,3.034620183278501e-05,0.6606774662799159,2.0049051738103338e-05
FL-2023-000014-ZMB,FL-2023-000014-ZMB,0.3324963556701735,1.651463181463198e-05,1.206847055818516,1.99306347834154e-05
FL-2005-000175-SDN,FL-2005-000175-SDN,0.3362661767352594,1.8485528047114545e-05,1.0729889975346198,1.9834768208171534e-05
FL-2007-000158-TGO,FL-2007-000158-TGO,0.3369020192347259,1.8838058424587964e-05,1.0465800406584131,1.9715535951930832e-05
1985-06-01-ARG-Flood,1985-06-01-ARG-Flood,0.3420593257782153,2.192877409857816e-05,0.8967196146811239,1.966396186010642e-05
FL-2016-000025-SRB,FL-2016-000025-SRB,0.3313077483168239,1.5933674051974042e-05,1.220904970189552,1.9453501843435407e-05
Brazil: Floods - Jan 1985,Brazil: Floods - Jan 1985,0.3337005125210994,1.7122561578662207e-05,1.1328349068786117,1.9397035451487094e-05
FL-2009-000145-NPL,FL-2009-000145-NPL,0.34254352961159024,2.224117280374001e-05,0.8626211054247378,1.918570506990482e-05
FL-2016-000045-ETH,FL-2016-000045-ETH,0.33702190046428226,1.890519809929713e-05,1.0095022581351816,1.9084840171733396e-05
FL-2013-000098-NER,FL-2013-000098-NER,0.335631362010839,1.8139501726631782e-05,1.0461622636739756,1.8976862188251094e-05
1993-08-01T00:00:00+00:00,1993-08-01T00:00:00+00:00,0.3377195411109775,1.9300204241040054e-05,0.9751121616043547,1.88198638768861e-05
FF-2008-000186-COD,FF-2008-000186-COD,0.33557924451607396,1.8111354027672063e-05,1.0305191131072475,1.866409648976799e-05
FL-2025-000029-BWA,FL-2025-000029-BWA,0.32955548671876006,1.5110730687372701e-05,1.2304510947433291,1.859301511664936e-05
FL-2024-000008-ZAF,FL-2024-000008-ZAF,0.3320829037128534,1.631042127212676e-05,1.1347418062917907,1.8508116895713164e-05
Afghanistan: Floods - May 1996,Afghanistan: Floods - May 1996,0.3255691703910076,1.3379279567730877e-05,1.3761994142384775,1.8412556704044062e-05
FF-2013-000091-SDN,FF-2013-000091-SDN,0.3280673242033829,1.4442080593934114e-05,1.2681994555499518,1.8315438746235767e-05
FL-2008-000069-CHL,FL-2008-000069-CHL,0.334448950811455,1.751049320892992e-05,1.033221040168237,1.8092210007189423e-05
FL-1991-000010-PHL,FL-1991-000010-PHL,0.3255291008947211,1.3362822107204729e-05,1.3530568313329396,1.8080657738040187e-05
FL-2010-000120-BRA,FL-2010-000120-BRA,0.3276257668136318,1.4248872628202167e-05,1.2635202173548898,1.800373864024814e-05
FL-2015-000039-KAZ,FL-2015-000039-KAZ,0.3290553808402028,1.4882982443458332e-05,1.2043264756829248,1.7923969793781018e-05
FL-2012-000063-RUS,FL-2012-000063-RUS,0.33170854335820704,1.6127482223243734e-05,1.1108712268830492,1.7915555963869333e-05
FL-2011-000082-NPL,FL-2011-000082-NPL,0.334267148519139,1.741554084317698e-05,1.025863139158339,1.7865961399521804e-05
FL-1999-000651-CHN,FL-1999-000651-CHN,0.33425508556941486,1.7409256986643258e-05,1.0240023009480381,1.7827119212118405e-05
FL-2016-000137-ARG,FL-2016-000137-ARG,0.33532382066086264,1.797397190114631e-05,0.9911432885271344,1.7814781617996464e-05
OT-2004-000112-COL,OT-2004-000112-COL,0.3408581811927129,2.1170797731548596e-05,0.8326011254375424,1.762683001769793e-05
FL-2006-000085-UKR,FL-2006-000085-UKR,0.3319839892508093,1.626190399613203e-05,1.0750292725240695,1.7482022822818074e-05
FL-1999-000423-TGO,FL-1999-000423-TGO,0.333173347878958,1.6853982103463732e-05,1.0262432439346245,1.7296285267074728e-05
FL-2016-000122-SRB,FL-2016-000122-SRB,0.3278008127279526,1.4325185682108785e-05,1.2064462530292113,1.728256659012785e-05
FF-2012-000148-PAK,FF-2012-000148-PAK,0.3261189480366659,1.3606935542283951e-05,1.2682719122340163,1.7257294159857467e-05
FL-1998-000040-URY,FL-1998-000040-URY,0.3327536402030432,1.6642867359631862e-05,1.0305409604819116,1.7151156513968075e-05
FL-2013-000054-CHN,FL-2013-000054-CHN,0.3308252809248781,1.570315435298242e-05,1.0900862918708407,1.7117793299318057e-05
FL-2012-000173-SOM,FL-2012-000173-SOM,0.3253358397731546,1.3283700900678201e-05,1.2873846983559718,1.7101233277070557e-05
FL-2006-000057-SUR,FL-2006-000057-SUR,0.330621161160909,1.56065341923032e-05,1.0860789103745403,1.6949927650299668e-05
FL-2004-000055-TJK,FL-2004-000055-TJK,0.3273787947733685,1.4141824891344075e-05,1.196880781045007,1.692607842135362e-05
FL-1997-000166-ROM,FL-1997-000166-ROM,0.33139737172466943,1.597682938987494e-05,1.0562978713123758,1.6876290874845903e-05
FL-2006-000178-JAM,FL-2006-000178-JAM,0.3289294916928347,1.4826141444318157e-05,1.1200515235065662,1.6606042312432393e-05
FL-2002-000322-CHL,FL-2002-000322-CHL,0.3303581112145253,1.548280856964388e-05,1.0722116253519196,1.6600847341470495e-05
FL-2005-000081-CHN,FL-2005-000081-CHN,0.34713969455535887,2.5412229567272845e-05,0.642825460215653,1.6335628166687993e-05
FL-2010-000072-RUS,FL-2010-000072-RUS,0.32421864593918387,1.2834527260031284e-05,1.2712126327447877,1.6315413188259116e-05
FL-1990-000004-VNM,FL-1990-000004-VNM,0.32204384809560055,1.1999138709187379e-05,1.3388746942864604,1.6065343170964084e-05
FL-2019-000011-IDN,FL-2019-000011-IDN,0.33174557779040337,1.6145497204346216e-05,0.9907720767246441,1.5996507794902034e-05
Cambodia: Floods - Aug 1994,Cambodia: Floods - Aug 1994,0.33476500742046494,1.767667406596612e-05,0.8858442088700285,1.565877935341911e-05
FL-1997-000092-ECU,FL-1997-000092-ECU,0.3279428293639701,1.4387369345100883e-05,1.0702429714274362,1.5397980918924776e-05
FL-2012-000183-COL,FL-2012-000183-COL,0.3268002183617157,1.3893874781493734e-05,1.1081396423212708,1.539635343082099e-05
Togo: Floods - Sep 1995,Togo: Floods - Sep 1995,0.33219358142307154,1.6364862794432333e-05,0.937832522926336,1.5347500561845802e-05
FL-2000-000484-BTN,FL-2000-000484-BTN,0.32728404720576804,1.410094992190023e-05,1.0601525816656658,1.4949158463640798e-05
Thailand: Floods and Mudslides - Nov 1988,Thailand: Floods and Mudslides - Nov 1988,0.3183680489867293,1.0697807039622636e-05,1.395522734002979,1.4929032927770496e-05
FL-2011-000005-HND,FL-2011-000005-HND,0.31918231499812744,1.0974587437502562e-05,1.359711468750731,1.492227240357993e-05
FL-2013-000116-NGA,FL-2013-000116-NGA,0.3221737497004697,1.2047627128218188e-05,1.2298958129711375,1.4817326161233039e-05
FL-2013-000159-VCT,FL-2013-000159-VCT,0.3209025390552982,1.1580612595747206e-05,1.2772387598772803,1.4791207270411375e-05
FL-2012-000089-CUB,FL-2012-000089-CUB,0.3217348468679789,1.1884502756126547e-05,1.2438427371737373,1.4782452438129269e-05
FL-2000-000583-LAO,FL-2000-000583-LAO,0.32275452017623396,1.226657540127554e-05,1.2022237305473946,1.4747168039962383e-05
FF-2012-000107-SLB,FF-2012-000107-SLB,0.3204249994935938,1.1409429338826236e-05,1.2688330044270801,1.4476660506781366e-05
1987-07-01-CO-Flood,1987-07-01-CO-Flood,0.3437835006922057,2.305952176858658e-05,0.6275028689316593,1.4469916065980128e-05
FL-2023-000155-KGZ,FL-2023-000155-KGZ,0.31898327942723587,1.0906343870117919e-05,1.3078043445548737,1.426336389654963e-05
FL-2010-000259-AUS,FL-2010-000259-AUS,0.32078366138417785,1.153778390437958e-05,1.2316167879767448,1.4210128352681764e-05
FL-2001-000274-WSM,FL-2001-000274-WSM,0.3179282845735396,1.0550952492749201e-05,1.3345437786795291,1.4080708008341715e-05
FL-2012-000068-DOM,FL-2012-000068-DOM,0.31850467302747676,1.07438042227442e-05,1.3071503900505754,1.40437678803871e-05
FL-2013-000131-KHM,FL-2013-000131-KHM,0.321642319579467,1.185036847387813e-05,1.1821925826726243,1.4009417711756232e-05
FF-2024-000156-LAO,FF-2024-000156-LAO,0.31730513055843057,1.0345963534469885e-05,1.3358685400072998,1.3820847201761048e-05
FL-2004-000051-NPL,FL-2004-000051-NPL,0.33341408148685603,1.697615687004526e-05,0.8123157064849782,1.378999886129063e-05
FL-1998-000213-KGZ,FL-1998-000213-KGZ,0.3222813607873709,1.2087928631864723e-05,1.1210585535855664,1.3551275787883822e-05
FL-2021-000153-UGA,FL-2021-000153-UGA,0.31924316522486074,1.0995527799912607e-05,1.2225799823486727,1.3442912183531495e-05
FL-2022-000312-BGR,FL-2022-000312-BGR,0.3171289784288708,1.0288671129470403e-05,1.2948679116591442,1.3322470099165069e-05
FL-2015-000151-BLZ,FL-2015-000151-BLZ,0.31828716118869727,1.0670658166111956e-05,1.2418606118182705,1.3251470078671417e-05
FL-2012-000151-TCD,FL-2012-000151-TCD,0.32149286218147377,1.1795418416965378e-05,1.1222690061354306,1.3237632503759289e-05
FL-2015-000055-TJK,FL-2015-000055-TJK,0.3151583974237109,9.666935798733678e-06,1.363091174686871,1.3176914873518455e-05
FL-2016-000068-NPL,FL-2016-000068-NPL,0.3213581369782583,1.1746081498033869e-05,1.1157984838635762,1.3106259926844194e-05
FL-2001-000082-ZWE,FL-2001-000082-ZWE,0.3214298435667187,1.1772317574656735e-05,1.103078973774151,1.2985795989195755e-05
FL-2006-000191-LKA,FL-2006-000191-LKA,0.31670562151145365,1.015214288361628e-05,1.2757451495342207,1.2951547041151827e-05
China: Floods - May 1987,China: Floods - May 1987,0.3205880787821694,1.1467630439416695e-05,1.1104745493488628,1.2734511744310556e-05
FL-2013-000002-PSE,FL-2013-000002-PSE,0.3179206218676965,1.0548409778526535e-05,1.1703104797566297,1.2344914508576914e-05
FL-2022-000201-ZAF,FL-2022-000201-ZAF,0.3224988746087605,1.2169760589106523e-05,1.0098830260946445,1.2290034650574239e-05
FL-1998-000165-CHN,FL-1998-000165-CHN,0.33430472934949584,1.7435130614728467e-05,0.7000190203158281,1.2204923052000723e-05
FL-2009-000165-CHL,FL-2009-000165-CHL,0.3222349225173827,1.2070522144294052e-05,1.0088424248679406,1.2177254829471786e-05
FL-2004-000142-ALB,FL-2004-000142-ALB,0.3275070637565062,1.4197331207239176e-05,0.8548694500312184,1.2136864721043609e-05
FL-1999-000259-KHM,FL-1999-000259-KHM,0.3143617051862473,9.425325523881295e-06,1.280488038773529,1.2069016594876844e-05
China: Floods in Shanxi Province - Aug 1988,China: Floods in Shanxi Province - Aug 1988,0.3204103605267441,1.140421788763996e-05,1.0515735249110678,1.1992373602959406e-05
FL-2024-000177-NPL,FL-2024-000177-NPL,0.3165570460378493,1.010461675671219e-05,1.1822831865149188,1.1946518497637732e-05
FL-2011-000091-BEN,FL-2011-000091-BEN,0.32013411838458283,1.1306276879228439e-05,1.0550833377129152,1.1929064346842705e-05
Montenegro: Floods - Nov 1992,name=Montenegro: Floods - Nov 1992,0.3314745114578903,1.6014057811595374e-05,0.7375578699637254,1.1811294368996243e-05
FL-2003-000331-CHN,FL-2003-000331-CHN,0.335478988438883,1.8057318083634593e-05,0.6456419227196044,1.165856156667732e-05
FL-2000-000048-BWA,FL-2000-000048-BWA,0.3186122540887327,1.078014868981874e-05,1.0623346437323442,1.1452125417780289e-05
FL-2024-000215-CRI,FL-2024-000215-CRI,0.3266802789169065,1.3842966794262225e-05,0.8201727122971342,1.1353623621889214e-05
FL-2003-000578-COL,FL-2003-000578-COL,0.33010602764762353,1.5365070066708697e-05,0.7317903843038479,1.1244010528972308e-05
Guinea: Floods - Aug 1993,Guinea: Floods - Aug 1993,0.3231668973663804,1.2424207248490022e-05,0.8923188026319167,1.1086353735623396e-05
FL-2000-000741-LKA,FL-2000-000741-LKA,0.31894366312450245,1.0892806244368751e-05,1.013293031042013,1.1037604655909778e-05
FL-2017-000012-MOZ,FL-2017-000012-MOZ,0.3132444325170689,9.095647218318824e-06,1.1982479826023038,1.0898840929812787e-05
FF-2009-000246-LKA,FF-2009-000246-LKA,0.3156919859812447,9.831857428303727e-06,1.1085200076597403,1.0898810671732722e-05
FL-2009-000136-BIH,FL-2009-000136-BIH,0.3234309951434605,1.2526114295482756e-05,0.8669569720381771,1.0859602121015855e-05
FL-2021-000161-IND,FL-2021-000161-IND,0.3184574369171822,1.0727881160774198e-05,1.010338230289432,1.083878846673194e-05
FL-2005-000184-VNM,FL-2005-000184-VNM,0.31410304974495157,9.348060866469968e-06,1.1335707457861832,1.0596688328058996e-05
Bangladesh: Floods - Aug 1986,Bangladesh: Floods - Aug 1986,0.31755050655865075,1.0426249146479758e-05,1.0124849879606508,1.0556420741548303e-05
FL-1999-000437-KHM,FL-1999-000437-KHM,0.31575297151594717,9.85086717888965e-06,1.069362166100396,1.0534144664384734e-05
FL-2011-000176-LKA,FL-2011-000176-LKA,0.31169179972505506,8.654734827828074e-06,1.212182945388364,1.049112195515189e-05
FL-2019-000020-COL,FL-2019-000020-COL,0.3166325868650019,1.0128755575238676e-05,1.0283585650027902,1.0415992548616455e-05
FL-2008-000099-NIC,FL-2008-000099-NIC,0.3129140261213448,9.000161547993304e-06,1.1525087365452498,1.0372764814380903e-05
FL-2018-000054-BDI,FL-2018-000054-BDI,0.32372847394765764,1.2641802467198717e-05,0.814524387135535,1.029705640688353e-05
FL-2009-000177-GMB,FL-2009-000177-GMB,0.31186957932333453,8.704225717707732e-06,1.1684788072717938,1.0170703284851604e-05
Belarus: Floods - Apr 1996,Belarus: Floods - Apr 1996,0.3168252091114857,1.0190542436369147e-05,0.9975700341709333,1.0165779766469115e-05
FL-2013-000051-ECU,FL-2013-000051-ECU,0.30721088875649494,7.488003647629962e-06,1.3545163959289632,1.0142623713490666e-05
FL-2014-000019-BDI,FL-2014-000019-BDI,0.32543817280837184,1.3325543421457029e-05,0.7596781974796384,1.0123124806849129e-05
FL-2015-000106-BFA,FL-2015-000106-BFA,0.30936888179894995,8.030938050524072e-06,1.2559695979615333,1.0086614034570699e-05
FL-2009-000010-FJI,FL-2009-000010-FJI,0.3150367198212263,9.62967808662413e-06,1.0467452570561262,1.007981986415112e-05
FL-2001-000314-GHA,FL-2001-000314-GHA,0.3153565866695199,9.72789922211862e-06,1.0103874531958326,9.828947319982153e-06
FL-2011-000187-COD,FL-2011-000187-COD,0.31301964505675167,9.030586282894554e-06,1.0853096249747856,9.800982211990731e-06
FL-2009-000044-BIH,FL-2009-000044-BIH,0.31884181484463103,1.0858072187757474e-05,0.8874544487949036,9.636044468361582e-06
FL-2012-000039-CHL,FL-2012-000039-CHL,0.3098227897612709,8.149549495528456e-06,1.1809039662177345,9.623835322157292e-06
FL-2010-000245-MAR,FL-2010-000245-MAR,0.31029373559133683,8.274277434190908e-06,1.150616667361314,9.520521526151668e-06
FL-2023-000217-PRY,FL-2023-000217-PRY,0.3084546117689201,7.796733296988699e-06,1.2209609052027184,9.519506543915498e-06
FL-2004-000036-MKD,FL-2004-000036-MKD,0.31439058613447557,9.433988312647688e-06,0.9980071080496405,9.415187393279627e-06
FL-2009-000216-ITA,FL-2009-000216-ITA,0.31025071509967783,8.26281276574724e-06,1.1196820788761856,9.251723374916555e-06
1993-08-00:00:00+00:00,1993-08-00:00:00+00:00,0.31835769750458703,1.0694329242219345e-05,0.8503605405079919,9.094035594784066e-06
China: Floods - Jun 1990,China: Floods - Jun 1990,0.31346512296825996,9.159932429667857e-06,0.9825698640424038,9.000273562056351e-06
FL-2018-000004-COD,FL-2018-000004-COD,0.3097467091240065,8.129559415868104e-06,1.1027004698435565,8.964468987498867e-06
FL-2007-000052-LKA,FL-2007-000052-LKA,0.3153047605940295,9.71192409488756e-06,0.9223416325983702,8.957711925350041e-06
FL-2007-000088-ECU,FL-2007-000088-ECU,0.3103976017170637,8.302016081274739e-06,1.0783214306239797,8.952241857823462e-06
FL-1998-000221-NPL,FL-1998-000221-NPL,0.3095575835903222,8.080058013270329e-06,1.0933566224100346,8.83438493826638e-06
FL-2017-000091-MMR,FL-2017-000091-MMR,0.3074507016151337,7.546661745545348e-06,1.1626994974476923,8.774499818953301e-06
FL-2006-000190-BDI,FL-2006-000190-BDI,0.3216191454687004,1.1841833131554279e-05,0.7328323699678426,8.678078638560642e-06
FL-2015-000027-CHL,FL-2015-000027-CHL,0.30711826993784713,7.465459202109336e-06,1.155946805097162,8.629673713261494e-06
FL-2012-000140-MMR,FL-2012-000140-MMR,0.3110644569064639,8.482110041728836e-06,1.0027197916590813,8.50517961387174e-06
FL-2022-000164-ECU,FL-2022-000164-ECU,0.3052037142611047,7.01290806859129e-06,1.1990142284011243,8.408576556710005e-06
FF-2016-000079-MKD,FF-2016-000079-MKD,0.30400629218379416,6.742574058418246e-06,1.242997967664418,8.381005851440707e-06
FL-2018-000134-IND,FL-2018-000134-IND,0.3118318298725741,8.6936956485613e-06,0.9601907828334073,8.347606430507461e-06
1993-05-01T00:00:00+00:00,1993-05-01T00:00:00+00:00,0.30887235541988944,7.902971208543041e-06,1.051770447137431,8.312111561723558e-06
FL-2018-000124-MMR,FL-2018-000124-MMR,0.3071820811790539,7.480985008261752e-06,1.1043679108475906,8.261759784656176e-06
FL-2012-000005-BOL,FL-2012-000005-BOL,0.30749990633769647,7.558748201579402e-06,1.0536838020167862,7.964530543527729e-06
FL-2017-000107-NPL,FL-2017-000107-NPL,0.30346107232373587,6.622620685985705e-06,1.179269398312985,7.809853911617491e-06
FL-2005-000169-FJI,FL-2005-000169-FJI,0.30387721757076824,6.7140011554476566e-06,1.141883746425886,7.666608792890297e-06
FL-2019-000087-PAK,FL-2019-000087-PAK,0.30467127516252124,6.8915212964701975e-06,1.0947940580011841,7.544796565964189e-06
FL-2016-000089-SEN,FL-2016-000089-SEN,0.3026761539731002,6.453303174671804e-06,1.1668188769061376,7.529835962605367e-06
Togo: Floods - Oct 1995,Togo: Floods - Oct 1995,0.31357688504012526,9.192643471835909e-06,0.8151788237675379,7.493648292685532e-06
FL-2012-000132-NPL,FL-2012-000132-NPL,0.299708801907015,5.847833189349132e-06,1.2592133213281245,7.363669452933159e-06
Turkey: Floods - Nov 1995,Turkey: Floods - Nov 1995,0.3082318278862466,7.740603421734218e-06,0.9375125837102277,7.256913113386276e-06
FL-2023-000040-TUR,FL-2023-000040-TUR,0.30305985421519194,6.5355794692299895e-06,1.085836144445525,7.096568412586022e-06
FL-2008-000197-COL,FL-2008-000197-COL,0.3090725740863624,7.95434990811866e-06,0.8805586057383387,7.004271264647849e-06
FL-2005-000111-ROM,FL-2005-000111-ROM,0.3054275111731975,7.064501677553643e-06,0.9764074974737552,6.8978324038792975e-06
FL-2024-000167-THA,FL-2024-000167-THA,0.296926206570565,5.327031920873005e-06,1.2835865378512363,6.837706460336402e-06
FL-2020-000206-COD,FL-2020-000206-COD,0.30114676830729314,6.134540950909889e-06,1.0973603002618633,6.731801699859172e-06
FL-2003-000293-TLS,FL-2003-000293-TLS,0.3017894086527387,6.266714950776494e-06,1.0697950005147083,6.704100323991469e-06
FL-2009-000144-NER,FL-2009-000144-NER,0.3008360530766141,6.071539456321174e-06,1.0987319238695548,6.670994227693674e-06
FF-2008-000199-LKA,FF-2008-000199-LKA,0.2978337239094523,5.492103544166802e-06,1.1763858573071313,6.460832936224197e-06
Cuba: Floods - Jun 1993,Cuba: Floods - Jun 1993,0.2997149788487014,5.849038528486167e-06,1.0819582611621117,6.3284155557510896e-06
Lao PDR: Floods - Aug 1996,name=Lao PDR: Floods - Aug 1996,0.3012939548535515,6.164589766283721e-06,1.016133336585506,6.264045167894743e-06
FL-2005-000100-KGZ,FL-2005-000100-KGZ,0.2938947986568743,4.807496758379744e-06,1.2450017166675804,5.9853417170566095e-06
Colombia: Floods and Landslides - Mar-Jul 2014,name=Colombia: Floods and Landslides - Mar-Jul 2014,0.31027748559066215,8.269945238073418e-06,0.7070564559739085,5.847318171130492e-06
FL-2010-000149-GTM,FL-2010-000149-GTM,0.2924664205050582,4.578888815737641e-06,1.266258028789791,5.798054725863567e-06
FL-2014-000162-LKA,FL-2014-000162-LKA,0.2957169421194127,5.114015817813224e-06,1.0916819458806812,5.582878739254924e-06
FL-2000-000617-BGD,FL-2000-000617-BGD,0.304591687939331,6.873540186999203e-06,0.8096868541290794,5.565415130741188e-06
FL-2017-000174-ALB,FL-2017-000174-ALB,0.2953111780640354,5.0442762313864384e-06,1.1009974778760738,5.553735408466695e-06
FL-2009-000267-SRB,FL-2009-000267-SRB,0.3073926481584748,7.5324240897460595e-06,0.7348109754309236,5.534907892745688e-06
FL-2008-000243-PNG,FL-2008-000243-PNG,0.29329046163257255,4.709549774194815e-06,1.173640633936972,5.527318982543726e-06
FL-2012-000042-COL,FL-2012-000042-COL,0.2948682286818881,4.96912371301859e-06,1.0883756360583356,5.408273181809167e-06
FL-2015-000113-PRK,FL-2015-000113-PRK,0.2916927730748179,4.459197342708062e-06,1.2051154702949778,5.3738477027957414e-06
FF-2020-000158-SRB,FF-2020-000158-SRB,0.2918475170686802,4.482910087647913e-06,1.1226898183568608,5.032917512011574e-06
FF-2020-000156-UKR,FF-2020-000156-UKR,0.2942760169403842,4.8702212562310244e-06,1.0262202808011436,4.9979198251331005e-06
Indonesia: Floods - May 1995,Indonesia: Floods - May 1995,0.2982605964615118,5.571329191589825e-06,0.8969278164319343,4.997080126436155e-06
FL-2002-000522-KHM,FL-2002-000522-KHM,0.29600369023339734,5.163821884675543e-06,0.9662857219135197,4.989727357666539e-06
FL-2010-000076-COL,FL-2010-000076-COL,0.2910245592688007,4.358092080505683e-06,1.1209522992842493,4.885213338135323e-06
FL-2024-000053-KGZ,FL-2024-000053-KGZ,0.2937778566751229,4.788401741609152e-06,0.9957892817856833,4.768239131178293e-06
FL-2011-000106-GHA,FL-2011-000106-GHA,0.2924059609376948,4.569431995056243e-06,0.9978910966803896,4.559795504753135e-06
FL-2015-000176-BDI,FL-2015-000176-BDI,0.29036920138277816,4.260940808491329e-06,1.0012036912755304,4.266069665768062e-06
FL-2008-000051-LKA,FL-2008-000051-LKA,0.29032971881247827,4.255150594070494e-06,0.9575666418010185,4.074590264721692e-06
FL-2017-000160-HND,FL-2017-000160-HND,0.2833709642026426,3.338516132095341e-06,1.2060733944327546,4.026495483804739e-06
FL-2011-000108-SEN,FL-2011-000108-SEN,0.2851541244287399,3.554647789962561e-06,1.0870343780154084,3.864024349425798e-06
FL-2018-000034-BLR,FL-2018-000034-BLR,0.2808782843327484,3.0561990541375546e-06,1.2389029264369613,3.7863339519448895e-06
FL-2006-000130-KHM,FL-2006-000130-KHM,0.29431922866734406,4.877377455712427e-06,0.7719896247006457,3.7652847915588268e-06
FL-2006-000155-LKA,FL-2006-000155-LKA,0.27868502787111343,2.8257671506883826e-06,1.2787797130194554,3.613533706017094e-06
FL-2006-000041-SRB,FL-2006-000041-SRB,0.2876621228524894,3.87995609133807e-06,0.9124205484011927,3.5401516646312297e-06
China: Floods and Landslides - Jul 1989,name=China: Floods and Landslides - Jul 1989,0.2803005344144398,2.993913563381108e-06,1.1642613331648382,3.48569779668238e-06
FL-2008-000167-VCT,FL-2008-000167-VCT,0.28062349576058354,3.0285887434345406e-06,1.1194341065259241,3.390305534041116e-06
FL-2018-000425-LKA,FL-2018-000425-LKA,0.2825134647776252,3.2388550636828654e-06,1.0429228227177032,3.3778758653896605e-06
FL-2002-000373-GHA,FL-2002-000373-GHA,0.2905258768946005,4.2839876179908814e-06,0.7873144358723436,3.372845294742596e-06
1993-12-01T00:00:00+00:00,1993-12-01T00:00:00+00:00,0.2878096974614863,3.899906811666533e-06,0.8154353086906252,3.180121714835971e-06
Sri Lanka: Floods and Landslides - Feb 1986,Sri Lanka: Floods and Landslides - Feb 1986,0.2777312581785869,2.73053417218949e-06,1.1439959056746454,3.1237199132894836e-06
FL-2013-000068-CZE,FL-2013-000068-CZE,0.2841311693512558,3.4291681936253414e-06,0.9098774924680277,3.1201229572669417e-06
FL-1998-000193-ROM,FL-1998-000193-ROM,0.2822749638912234,3.2116159433041054e-06,0.963506236832878,3.0944119916854122e-06
FL-1999-000240-SRB,FL-1999-000240-SRB,0.2820670465612618,3.1880381658167685e-06,0.9277347612612893,2.9576538266558983e-06
FL-2011-000180-PAN,FL-2011-000180-PAN,0.279689074617618,2.9292404339271172e-06,1.008200937283557,2.953262951014213e-06
FL-2003-000229-LKA,FL-2003-000229-LKA,0.27480790769488583,2.4563613508989494e-06,1.1976431040334385,2.941844232918388e-06
FL-2012-000013-ECU,FL-2012-000013-ECU,0.27822066266615875,2.779033658706434e-06,1.057874236360154,2.9398681095232337e-06
FL-1997-000111-ARM,FL-1997-000111-ARM,0.27708291498776516,2.667457317064087e-06,1.0966184261872387,2.925182844960453e-06
FL-2008-000198-BLZ,FL-2008-000198-BLZ,0.2754906301808305,2.5180730490897284e-06,1.1420312108925819,2.8757180133679184e-06
FL-2024-000169-AUT,FL-2024-000169-AUT,0.27855954361171437,2.813069242788595e-06,0.9517727962928261,2.677402779374244e-06
FL-2016-000050-LKA,FL-2016-000050-LKA,0.2719078227669655,2.2091083838242064e-06,1.2099018427879291,2.672804304507171e-06
FL-2005-000208-BIH,FL-2005-000208-BIH,0.27957136658077986,2.9169359530648483e-06,0.9162380586784109,2.672607734925397e-06
FL-2014-000005-IDN,FL-2014-000005-IDN,0.2696582134248525,2.032996020319073e-06,1.2967973978194893,2.6363839489271513e-06
FL-2021-000134-NPL,FL-2021-000134-NPL,0.27033459057138975,2.084568604370108e-06,1.2467249920120518,2.598883776631897e-06
FL-2008-000230-CUB,FL-2008-000230-CUB,0.27625378642975396,2.58870399088128e-06,0.998493550218185,2.584804238319033e-06
FL-2008-000191-SLV,FL-2008-000191-SLV,0.2733711176687366,2.330914179262791e-06,1.1001321274321947,2.5643135748942424e-06
FL-2012-000037-PSE,FL-2012-000037-PSE,0.26877301969475925,1.9672371032015545e-06,1.2782164281084545,2.514554783296714e-06
FL-2002-000367-SRB,FL-2002-000367-SRB,0.2792586422698917,2.8844712982044737e-06,0.8641325154688277,2.492565438715067e-06
FL-2011-000043-VCT,FL-2011-000043-VCT,0.2736154287956656,2.351829480680587e-06,1.0288152889065125,2.4195981266252516e-06
FL-2006-000030-SRB,FL-2006-000030-SRB,0.28140319055020624,3.1137961088256585e-06,0.7659743515955046,2.385087955458339e-06
FL-2019-000015-PER,FL-2019-000015-PER,0.26733644955145414,1.8645831689465858e-06,1.2387880992853906,2.3098234398188715e-06
FL-2018-000028-BWA,FL-2018-000028-BWA,0.26185878588483014,1.5159033031478466e-06,1.3719368691424587,2.079723631643368e-06
FL-2023-000144-SVN,FL-2023-000144-SVN,0.25837151104814193,1.3257030371909619e-06,1.3855662998699905,1.8368494519670893e-06
FF-2010-000204-LCA,FF-2010-000204-LCA,0.259888909671247,1.4056508870074098e-06,1.228383169783597,1.7266778921912867e-06
FL-1999-000132-BLR,FL-1999-000132-BLR,0.2659049893591539,1.7671152050329553e-06,0.974119865323752,1.7213820255382569e-06
FL-2009-000075-BDI,FL-2009-000075-BDI,0.269531904769875,2.023493457406288e-06,0.7232460065686893,1.463483562386968e-06
subject,subject,0.25342069225016095,1.092498197534681e-06,1.3062248250149238,1.4270482669038583e-06
FL-2007-000220-SRB,FL-2007-000220-SRB,0.26397850264345624,1.643181781038698e-06,0.8529797073218023,1.4016007146669064e-06
FL-2004-000052-JPN,FL-2004-000052-JPN,0.25616629976006855,1.2168021005769969e-06,1.0587350877770016,1.2882710787616267e-06
FL-2019-000052-SRB,FL-2019-000052-SRB,0.24821576007066676,8.877558214328168e-07,1.3767250465171905,1.2221956745580015e-06
FL-2024-000043-CUB,FL-2024-000043-CUB,0.24871194758485754,9.056627038434313e-07,1.300069557704207,1.1774245108149259e-06
Cuba: Floods - May 1994,Cuba: Floods - May 1994,0.25518727598352453,1.1710896971361454e-06,0.8829805422163315,1.0340494157612331e-06
FL-2005-000205-PHL,FL-2005-000205-PHL,0.2451945774880666,7.854320423554185e-07,1.1230443143849564,8.820749895030171e-07
FL-2023-000157-BGD,FL-2023-000157-BGD,0.2435815360598329,7.352645859625769e-07,1.1539726901695175,8.484752522496113e-07
FL-2023-000108-SRB,FL-2023-000108-SRB,0.23972858709000416,6.268999822347018e-07,1.3327736774425698,8.355157947116253e-07
FL-2018-000154-GHA,FL-2018-000154-GHA,0.23836699289150068,5.921901465560474e-07,1.3214313032452296,7.825385971325413e-07
FL-2000-000806-FJI,FL-2000-000806-FJI,0.2419857241256681,6.884897145479374e-07,1.0809688363767913,7.442359255922731e-07
FL-2002-000607-ALB,FL-2002-000607-ALB,0.24886890196493455,9.113943175538326e-07,0.7786781247788098,7.096828181268815e-07
FL-2019-000171-LKA,FL-2019-000171-LKA,0.23867784487224045,5.999583161091719e-07,1.0913836782077029,6.547847138065278e-07
Belarus: Floods - Aug 1993,Belarus: Floods - Aug 1993,0.23670204734987613,5.521030466171843e-07,1.1082433568666819,6.118645337193505e-07
FL-2023-000056-TZA,FL-2023-000056-TZA,0.22954620473153955,4.0616375574533377e-07,1.243845119381568,5.052048052535208e-07
FL-1999-000161-LKA,FL-1999-000161-LKA,0.2244210023429546,3.240671259207037e-07,1.3231195184395432,4.287795395902883e-07
FL-2007-000111-GBR,FL-2007-000111-GBR,0.21339174302274977,1.9578350911150148e-07,0.9829526883830424,1.9244592662221627e-07
FF-2009-000160-LKA,FF-2009-000160-LKA,0.20759262571292847,1.4863436108105533e-07,1.2785216004261617,1.9003224120767087e-07
FL-2012-000205-LKA,FL-2012-000205-LKA,0.1570363225279715,9.12013284064388e-09,1.0845827244475248,9.891538523628883e-09
FL-2020-0020-000176-SDN,FL-2020-0020-000176-SDN,0.02849073147141185,3.524000770113952e-16,0.8819420188506686,3.1079643536256096e-16
