kg_event_id,original_id,kg_similarity_score,kg_likelihood,kg_prior,kg_bayesian_score
FL-2019-000030-IRQ,FL-2019-000030-IRQ,1.0000000000000009,1.0000000000000089,1.1268493447600907,1.1268493447601007
FL-2006-000018-IRQ,FL-2006-000018-IRQ,0.6819128992745754,0.021741477665949645,1.0127814906988197,0.02201936616051558
FL-2015-000153-IRQ,FL-2015-000153-IRQ,0.6466895468885479,0.012792587922658725,1.028424531293494,0.013156211238391112
FF-2011-000049-IRQ,FF-2011-000049-IRQ,0.6343466020332469,0.010550333267550912,1.0077513232427067,0.010632112311025982
FL-2009-000242-IRQ,FL-2009-000242-IRQ,0.6316358966713894,0.010108065220244088,0.9788779086310397,0.009894561743098683
FL-2023-000216-KEN,FL-2023-000216-KEN,0.6081281654258157,0.006917532083246547,1.19256578459642,0.008249612076327826
FL-2018-000414-IRQ,FL-2018-000414-IRQ,0.5994908191270156,0.005995499416387589,1.279393971195808,0.007670605807634266
FL-2024-000035-IRQ,FL-2024-000035-IRQ,0.6152325866857755,0.007769504174971937,0.9517697258080438,0.007394778858277492
FL-2021-000208-IRQ,FL-2021-000208-IRQ,0.5970280685150551,0.00575370371280072,1.0347036442805968,0.005953378199745706
FL-2007-000076-KEN,FL-2007-000076-KEN,0.579095905372505,0.004241358099680486,0.9420505534012065,0.003995573744976691
FL-1999-000235-IRN,FL-1999-000235-IRN,0.5654552087198985,0.0033418125795535696,0.9461301844417329,0.003161789752262722
FL-2025-000032-IRQ,FL-2025-000032-IRQ,0.5649532981871661,0.003312268114537067,0.8107511442535587,0.0026854251639355045
FL-2023-002018-MOZ,FL-2023-002018-MOZ,0.5771452829796115,0.004100638691104334,0.635353035811216,0.00260535324115807
FL-2015-000146-DZA,FL-2015-000146-DZA,0.5278682033398138,0.0016797901346593466,1.0586689531644526,0.0017783416633957855
FL-2015-000161-ETH,FL-2015-000161-ETH,0.5366021125030611,0.0019793554022839504,0.8569191129543197,0.0016961474755465033
FL-2000-000770-IDN,FL-2000-000770-IDN,0.5291756660529959,0.0017218632266960026,0.9023361566151682,0.001553699446193863
FL-2009-000251-SAU,FL-2009-000251-SAU,0.5222564614399423,0.0015095177302645478,0.9956156226188847,0.0015028994348715834
Pakistan: Floods - Feb 1991,Pakistan: Floods - Feb 1991,0.5396577470147553,0.002095000636360026,0.7112268098685628,0.0014900206192709502
Iran: Floods - Feb 1993,Iran: Floods - Feb 1993,0.5204014546452694,0.0014567499721902977,0.8761089187768762,0.0012762716430638863
FF-2009-000159-PAK,FF-2009-000159-PAK,0.5200681184321729,0.001447445804452609,0.8753042401744937,0.0012669554500601497
FL-2007-000144-LBR,FL-2007-000144-LBR,0.5104535753032526,0.0012010539070754762,1.013217513020149,0.0012169288527301473
FL-2016-000081-GTM,FL-2016-000081-GTM,0.5121236508684951,0.0012409329850555078,0.9441251390555963,0.0011715960270742075
FL-1998-000247-IRN,FL-1998-000247-IRN,0.5111762279970374,0.0012181660444017185,0.8997846466107959,0.0010960871037752715
FL-2014-000089-IND,FL-2014-000089-IND,0.5118768428589142,0.0012349655034949217,0.8681922613947346,0.0010721874932237432
FL-2008-000035-PRY,FL-2008-000035-PRY,0.5042428046702558,0.0010626667628673217,0.9689476692755781,0.0010296684830969148
FL-2003-000359-PAK,FL-2003-000359-PAK,0.5027038548222987,0.001030675979973748,0.9970856486805502,0.0010276722280715862
FL-1997-000255-KEN,FL-1997-000255-KEN,0.5060090583934476,0.0011004819278276439,0.9285064149811921,0.0010218045295588365
FL-2024-000223-LBY,FL-2024-000223-LBY,0.5030713599902816,0.0010382356449274498,0.9752075934483906,0.001012495284722036
FF-2012-000081-ETH,FF-2012-000081-ETH,0.4998171469410046,0.0009729970227520243,1.0102119573051023,0.0009829332268063596
FL-2015-000123-NER,FL-2015-000123-NER,0.5062605089592244,0.0011059627864836853,0.8859881122566413,0.0009798698814227752
FL-2011-000122-NER,FL-2011-000122-NER,0.4980075507811159,0.000938337938163915,1.0388296068906175,0.0009747732314333723
FL-2005-000105-HTI,FL-2005-000105-HTI,0.49816307746036376,0.0009412724688703728,0.9972865856131765,0.0009387184066114191
FL-2005-000108-PAK,FL-2005-000108-PAK,0.5002827600162074,0.0009820992320602854,0.9455697739530514,0.0009286433488587094
Pakistan: Floods - Aug 1996,Pakistan: Floods - Aug 1996,0.4980182984647569,0.000938540463984271,0.9536055804790171,0.0008949974239607668
Russian Federation: Floods - Apr 2004,Russian Federation: Floods - Apr 2004,0.5019794485228649,0.0010159196747271519,0.8416206812536089,0.0008550190087428103
FF-2020-000153-BIH,FF-2020-000153-BIH,0.4909948480740779,0.000814271719735113,1.0072124375171865,0.0008201446036357144
FL-2017-000078-NER,FL-2017-000078-NER,0.47312221265283755,0.0005619962045157144,1.3737310931814115,0.0007720316603931765
FL-2020-000128-KEN,FL-2020-000128-KEN,0.48668849872245246,0.0007456084692724857,1.0272567357494566,0.0007659313222920027
FL-2023-000198-TCD,FL-2023-000198-TCD,0.4841816331192241,0.0007080812745912661,1.0338289067088517,0.0007320348899716989
FL-2009-000139-PAK,FL-2009-000139-PAK,0.4861640651698658,0.0007376129757991645,0.9836480205002447,0.000725551543540143
FL-2024-000216-DOM,FL-2024-000216-DOM,0.48069210801194023,0.0006586730881456773,1.0883570705604324,0.0007168715126712229
FL-2001-000376-PAK,FL-2001-000376-PAK,0.488427501938806,0.000772682539090011,0.921151618596019,0.0007117577715436454
FL-2014-000154-IDN,FL-2014-000154-IDN,0.4855443787929108,0.000728264777904678,0.9628039097423366,0.0007011761754942584
Haiti: Floods - Feb 1996,Haiti: Floods - Feb 1996,0.48294584932955564,0.0006902149769917018,0.994604051610094,0.0006864906125979144
FL-2006-000115-HTI,FL-2006-000115-HTI,0.4875364812628139,0.00075870192389517,0.9014960977071197,0.0006839668237143798
FL-2024-000120-NER,FL-2024-000120-NER,0.47836556398869146,0.0006274788418745176,1.0706246794411112,0.0006717943339379851
Haiti: Floods - Nov 1986,Haiti: Floods - Nov 1986,0.4992512617158413,0.0009620368574557931,0.6982374406228651,0.0006717301531347971
FL-2024-000218-MYS,FL-2024-000218-MYS,0.482183277884018,0.0006793935972983081,0.9835826898124584,0.000668239781872032
FL-2024-000144-MLI,FL-2024-000144-MLI,0.47979183002012604,0.0006464403913581749,1.0257206390657925,0.0006630672513418481
FL-2007-000054-AFG,FL-2007-000054-AFG,0.48627929381557455,0.0007393631021461267,0.8959779952430994,0.0006624530700176055
FL-2002-000265-KEN,FL-2002-000265-KEN,0.4844226197241178,0.0007116134365506374,0.9272835596446518,0.0006598674405356386
FL-2003-000624-HTI,FL-2003-000624-HTI,0.49201812061200256,0.0008314018328958054,0.7906381692162378,0.0006573380230437641
FL-2019-000022-IRN,FL-2019-000022-IRN,0.4824511503099451,0.0006831773546150877,0.9299697920776908,0.00063533430242358
FL-2023-000036-PER,FL-2023-000036-PER,0.4754043832992782,0.000589700935449546,1.0717795343349823,0.0006320293939930179
FL-2021-000127-NER,FL-2021-000127-NER,0.47167815525475576,0.000545076719005998,1.1513193602048528,0.0006275573793885459
FL-2022-000316-NER,FL-2022-000316-NER,0.4808284685403824,0.0006605439687071153,0.94956722049458,0.0006272309003796742
FL-2008-000205-IDN,FL-2008-000205-IDN,0.4814415364749416,0.0006690145515326054,0.9367613520933382,0.0006267069758638018
FL-2017-000017-PAK,FL-2017-000017-PAK,0.4709864105359932,0.0005371353872372458,1.1625966759620305,0.0006244718157436001
FL-2023-000104-IND,FL-2023-000104-IND,0.4772912360501024,0.0006135282997512958,1.0105589096694154,0.0006200064896479998
FF-2008-000092-KEN,FF-2008-000092-KEN,0.47677806678886464,0.000606963651130886,1.0067078859630323,0.0006110350940863777
FL-2016-000097-PRK,FL-2016-000097-PRK,0.47434432181333785,0.0005766828841531447,1.034797506250793,0.0005967500104191891
FL-2001-000227-RUS,FL-2001-000227-RUS,0.4824849019834765,0.0006836554473605293,0.869164657517399,0.0005942091527650187
FL-2009-000239-BRA,FL-2009-000239-BRA,0.4826426815308402,0.0006858943924173773,0.8575725982011251,0.0005882042361969523
FL-2007-000174-CAF,FL-2007-000174-CAF,0.48220502949470323,0.0006797001385234957,0.8591414557936258,0.0005839585665142052
FL-2015-000064-IND,FL-2015-000064-IND,0.47345622228483314,0.0005659763517120781,1.031238980251518,0.000583656875786038
FL-2020-000237-LKA,FL-2020-000237-LKA,0.47099714373249885,0.0005372578062876502,1.0827634742900054,0.0005817231289254428
FL-2005-000051-AGO,FL-2005-000051-AGO,0.476781725879328,0.0006070102348931326,0.9581450089193589,0.0005816038269258227
Haiti: Floods - Jun 1986,Haiti: Floods - Jun 1986,0.4850324003935821,0.0007206219831336174,0.806982556058804,0.0005815293699013309
FL-2022-000379-MYS,FL-2022-000379-MYS,0.46926610790128087,0.0005178355837518863,1.122068941813632,0.0005810472254939235
FL-2009-000218-KEN,FL-2009-000218-KEN,0.47511740072755476,0.0005861508017641832,0.985242574761118,0.0005775007251284374
1996-10-01T00:00:00+00:00,1996-10-01T00:00:00+00:00,0.4801898317527402,0.0006518228701819479,0.8851967262744405,0.0005769914707958699
FL-2016-000085-MLI,FL-2016-000085-MLI,0.4751420221467038,0.0005864546262610023,0.9795200396753964,0.0005744440587829967
FL-2000-000299-GTM,FL-2000-000299-GTM,0.4798541020625759,0.0006472798946653996,0.8719053948333257,0.0005643668321259087
FL-2016-000091-NER,FL-2016-000091-NER,0.47374862446813576,0.0005694814996410962,0.9800336913410537,0.0005581110562437024
FL-2015-000171-PRY,FL-2015-000171-PRY,0.46998040079057457,0.0005257720227882835,1.0574697968975482,0.0005559880341523393
Iran: Floods - Jul 1994,Iran: Floods - Jul 1994,0.47676240406716225,0.00060676428588828,0.9087721063099059,0.0005514104581203182
FL-2025-000060-HTI,FL-2025-000060-HTI,0.4644516765372011,0.00046709514039354737,1.177091149533168,0.0005498135557471972
FL-2020-000176-SDN,FL-2020-000176-SDN,0.47177238082771145,0.0005461665799716982,1.0057698073879717,0.0005493178559398821
FF-2008-000123-PAK,FF-2008-000123-PAK,0.47343335365603645,0.0005657030362590433,0.9434455865501481,0.0005337100328566128
LS-2016-000051-IDN,LS-2016-000051-IDN,0.47838080237260083,0.0006276787545560134,0.8456727764380267,0.0005308108350765466
FL-2023-000146-MRT,FL-2023-000146-MRT,0.4675060691307237,0.000498738083688968,1.0535873745404762,0.000525464148177208
FL-2024-000116-LBR,FL-2024-000116-LBR,0.4726036484735467,0.0005558667545309515,0.9411318740645284,0.0005231439204218816
FF-2018-000158-TUN,FF-2018-000158-TUN,0.4662392171472573,0.0004853868527002664,1.0728594544762617,0.0005207518739979574
Indonesia: Floods and Landslides - Mar 1984,Indonesia: Floods and Landslides - Mar 1984,0.45913405995226764,0.00041628916977790877,1.2434734814113138,0.0005176445432175617
FL-2004-000020-KEN,FL-2004-000020-KEN,0.4671298163621312,0.0004947387038385458,1.0260180821960077,0.0005076108561005634
FL-2002-000020-IRN,FL-2002-000020-IRN,0.4677934091727617,0.0005018119353885416,0.995515429386739,0.0004995615243297144
FL-2002-000054-IDN,FL-2002-000054-IDN,0.47060100278744965,0.000532756163300363,0.9334375249456206,0.0004972945944706158
FL-1999-000160-PER,FL-1999-000160-PER,0.4704763370508599,0.0005313465334637798,0.9293539712618099,0.00049380901099076
FL-2013-000017-PNG,FL-2013-000017-PNG,0.4627664552677619,0.00045042107781226423,1.0931237284308373,0.0004923659679419786
FF-2012-000115-RUS,FF-2012-000115-RUS,0.4573579118444234,0.00040046260080193606,1.2274737437024292,0.0004915573278191638
FL-2002-000500-IRN,FL-2002-000500-IRN,0.46969735009611757,0.0005226140729097864,0.9286481080441721,0.00048532457004493213
FL-2024-000159-NGA,FL-2024-000159-NGA,0.46000236038462666,0.00042422924256522196,1.132341007881133,0.000480372168098953
FL-2022-000321-CAF,FL-2022-000321-CAF,0.46139105094132016,0.00043721159159283365,1.0900469195589455,0.00047658114861123205
Afghanistan: Flash Floods - Sep 1992,Afghanistan: Flash Floods - Sep 1992,0.4606958772138615,0.00043066864854796586,1.103779548130716,0.0004753632462883399
FL-2019-000033-PRY,FL-2019-000033-PRY,0.46910294508855777,0.0005160378951348917,0.9195954025807005,0.000474546075923468
FL-2006-000133-NER,FL-2006-000133-NER,0.4678915102983659,0.0005028652806756312,0.9314416156120189,0.00046838964946770124
Tanzania: Floods - Feb 1993,Tanzania: Floods - Feb 1993,0.4718992085786657,0.0005476366307825271,0.8543614220163771,0.00046787961062361757
FL-2007-000189-NIC,FL-2007-000189-NIC,0.46290114369760926,0.0004517337491466011,1.0272245921975405,0.00046403201624898335
FL-2014-000115-NER,FL-2014-000115-NER,0.46325432240465436,0.00045519219003715224,1.0075520123358044,0.0004586298070714746
FL-2008-000180-NIC,FL-2008-000180-NIC,0.46666494953969795,0.0004898372738912422,0.9285577138121239,0.00045484217918441503
FL-2013-000074-HTI,FL-2013-000074-HTI,0.45167609236139783,0.00035340365399994265,1.2836627123722097,0.0004536510930558163
FF-2008-000227-ETH,FF-2008-000227-ETH,0.470557344563093,0.0005322621252438093,0.849511519256154,0.0004521628066583777
FF-2014-000059-SRB,FF-2014-000059-SRB,0.46563691118426515,0.0004791527628291525,0.9418030548326259,0.0004512675357639885
FL-2021-000126-MYS,FL-2021-000126-MYS,0.46089626665620725,0.0004325456041403794,1.0369812416402933,0.0004485416776475414
FL-2023-000249-AGO,FL-2023-000249-AGO,0.45970411899199654,0.00042148677360563034,1.0611307451784342,0.00044725257415899653
FL-2001-000571-PRK,FL-2001-000571-PRK,0.4656808637778879,0.0004796052388675873,0.9280032109549476,0.0004450752016599357
FL-2008-000217-KEN,FL-2008-000217-KEN,0.46249897320245,0.0004478243755146456,0.9905535057194418,0.00044359400511265196
FF-2007-000091-AFG,FF-2007-000091-AFG,0.4618717845176208,0.00044178841435225144,0.9987067503482862,0.0004412170716392592
Ethiopia: Floods - Aug 1996,Ethiopia: Floods - Aug 1996,0.4671969236417651,0.0004954498988551728,0.8753110496380971,0.00043367277101001036
FL-2020-000052-COD,FL-2020-000052-COD,0.456540645156825,0.00039336388273233653,1.0988158099220888,0.00043223445339862993
FL-2024-000145-SSD,FL-2024-000145-SSD,0.4641537701095221,0.0004641077533784249,0.9086488837386558,0.0004217109920417612
FL-2001-000696-BRA,FL-2001-000696-BRA,0.4646361450226493,0.00046895364367890047,0.8900444318591507,0.0004173895793564656
FL-2004-000116-CAF,FL-2004-000116-CAF,0.4664361312314944,0.00048744076328845366,0.8356212418186781,0.000407315855932142
FL-2009-000140-MNG,FL-2009-000140-MNG,0.4551021023838897,0.00038114341222763996,1.0589605890169638,0.000403615852312517
FL-2023-000229-ETH,FL-2023-000229-ETH,0.46166964430451496,0.00043985871146516977,0.9110164433296456,0.00040071851888655974
FL-1997-000049-TZA,FL-1997-000049-TZA,0.46281121944173353,0.00045085696736750627,0.8788540275887039,0.0003962374616373617
FL-2015-000017-PAK,FL-2015-000017-PAK,0.455385259700711,0.00038352147672556555,1.0272519860341873,0.00039397319865310155
FL-1997-000199-BEN,FL-1997-000199-BEN,0.460272476458812,0.00042672693433206744,0.9183529478927861,0.0003918859380891055
FL-2002-000478-PRK,FL-2002-000478-PRK,0.46192015499338945,0.0004422513044912656,0.874770461579816,0.0003868683777641001
FL-2024-000038-AFG,FL-2024-000038-AFG,0.4546648839205283,0.0003774975412640124,1.0169769888963047,0.0003839063128304339
FL-2024-000182-SLE,FL-2024-000182-SLE,0.44799585059446634,0.0003256416264126549,1.178286929715142,0.00038369927217321245
India: Floods - Oct 1996,India: Floods - Oct 1996,0.4798651041294285,0.0006474283179349975,0.5918800598424082,0.00038319991156303597
FF-2006-000163-AFG,FF-2006-000163-AFG,0.4541920412071706,0.0003735899616347776,1.0230726450626195,0.0003822096702185344
FL-2009-000176-MLI,FL-2009-000176-MLI,0.4562008331269246,0.000390445786613502,0.9776318968582874,0.0003817122549872841
FL-2022-000213-IND,FL-2022-000213-IND,0.45075361832531724,0.00034625194059598505,1.0948177964063617,0.0003790827866047228
FL-2022-000207-VEN,FL-2022-000207-VEN,0.45122183479014577,0.0003498654616710362,1.080082826119319,0.00037788367660319304
FL-2011-000156-HTI,FL-2011-000156-HTI,0.4565019254121415,0.0003930303935307164,0.9608791245942916,0.0003776547004747447
Iran: Floods - May 1992,Iran: Floods - May 1992,0.46693358478952507,0.0004926643332089502,0.7638289675273252,0.0003763112889725305
FL-2010-000102-CRI,FL-2010-000102-CRI,0.4573430370275598,0.00040033237596139764,0.9388100029975206,0.00037583603907632426
FL-2008-000011-TZA,FL-2008-000011-TZA,0.4585638211399292,0.00041114771067900674,0.9097876410731471,0.0003740571058312783
FL-2001-000524-MLI,FL-2001-000524-MLI,0.45573504004924315,0.00038647749911160055,0.9651997077307357,0.0003730279691870225
FL-1998-000085-IRN,FL-1998-000085-IRN,0.45997632035469116,0.0004239891540466718,0.8666405740383654,0.00036744620384904854
FL-2016-000009-IDN,FL-2016-000009-IDN,0.44714394928767137,0.00031950200136968024,1.1491797495702376,0.00036716522992119886
FL-2024-000027-ARG,FL-2024-000027-ARG,0.45387537265908345,0.00037099340126257765,0.9890539476346332,0.0003669324880651519
FL-2010-000003-KEN,FL-2010-000003-KEN,0.45545485003267117,0.00038410796360414956,0.9550122542299223,0.00036682781218926383
FL-2009-000102-HTI,FL-2009-000102-HTI,0.45757779360311285,0.00040239205613333914,0.9021112794083416,0.00036300241258219976
FL-2018-000058-COL,FL-2018-000058-COL,0.45248279899812505,0.0003597665179090003,0.991294406755453,0.0003566345369410775
FL-2009-000174-NER,FL-2009-000174-NER,0.45566657578959985,0.00038589729322258197,0.9234579036877298,0.0003563599054380947
FL-2003-000647-TLS,FL-2003-000647-TLS,0.4472955155015124,0.0003205866552349554,1.1114226107007856,0.00035630725731706684
FL-2007-000147-NER,FL-2007-000147-NER,0.4519127892254107,0.00035526000803474934,1.0023493119506208,0.000356094624617203
FL-2023-000241-TZA,FL-2023-000241-TZA,0.45113872453491877,0.0003492215806232029,1.0126708213468447,0.0003536465048817422
FL-1999-000071-MOZ,FL-1999-000071-MOZ,0.45121392436350305,0.00034980413115617094,1.007486678899522,0.0003524230023638635
FL-2009-000268-AGO,FL-2009-000268-AGO,0.4590706617147567,0.0004157147056114879,0.8462892322451147,0.00035181487904494994
FL-2018-000164-HND,FL-2018-000164-HND,0.44406614846592063,0.00029817874192449907,1.1796924207248134,0.0003517592018695917
FL-2013-000123-CMR,FL-2013-000123-CMR,0.45534382204820795,0.00038317263531205425,0.9165585894511755,0.0003512001701379061
FL-2002-000296-PRY,FL-2002-000296-PRY,0.4547301470526981,0.0003780397558178509,0.9287123335884037,0.0003510901838147866
FL-2020-000185-PAK,FL-2020-000185-PAK,0.4451437035153413,0.00030549376247739724,1.124816762154381,0.0003436245047681855
FL-2006-000025-PNG,FL-2006-000025-PNG,0.4513257228187579,0.0003506718170195031,0.9790102886598242,0.0003433113168051288
Russia: Floods - Jun 1993,Russia: Floods - Jun 1993,0.45905894814916565,0.00041560864476305147,0.820510219523839,0.0003410111403505366
FL-2002-000374-IND,FL-2002-000374-IND,0.47311110704126214,0.0005618643009151779,0.5937469444772157,0.0003336052118792137
FL-2017-000137-SSD,FL-2017-000137-SSD,0.44849795967317374,0.0003293098466810946,1.0001222922331552,0.0003293501187176452
FL-2007-000126-PRK,FL-2007-000126-PRK,0.45340065920577444,0.00036713135077172425,0.8947450500988214,0.00032848895883909443
FL-2009-000117-GTM,FL-2009-000117-GTM,0.44941136533347803,0.00033607833162323383,0.9753116506378312,0.0003277811123590646
FL-1997-000207-SYC,FL-1997-000207-SYC,0.44252715139451776,0.000288004465330456,1.1353708825085123,0.000326991883968632
FF-2009-000196-IDN,FF-2009-000196-IDN,0.45201106687394854,0.00035603334984770133,0.9083004588291629,0.000323385255025151
FL-2002-000732-IDN,FL-2002-000732-IDN,0.4510907376457034,0.00034885029708462475,0.9190515020515428,0.00032061138952675135
FL-2009-000080-AFG,FL-2009-000080-AFG,0.44997176854142884,0.0003402927274765438,0.9418755588090846,0.0003205134028506372
LS-2010-000040-UGA,LS-2010-000040-UGA,0.4546738313192693,0.0003775718359867663,0.848757747990263,0.0003204670212166767
FL-2019-000087-PAK,FL-2019-000087-PAK,0.4429895584549767,0.0002910280822305421,1.0947940580011841,0.0003186158151374775
FL-2006-000169-SOM,FL-2006-000169-SOM,0.44941973052018874,0.00033614089331404537,0.9442290549591343,0.00031739399802704026
FL-2006-000001-IDN,FL-2006-000001-IDN,0.4540682760272428,0.00037257319409705094,0.8487703672429272,0.00031622908677862434
FL-2001-000375-IRN,FL-2001-000375-IRN,0.4486326678635767,0.00033030028015554785,0.9437442735893395,0.00031171899796175284
FL-2010-000242-AGO,FL-2010-000242-AGO,0.4340468225684849,0.00023733719934331126,1.3120034095843343,0.0003113872147596212
FF-2023-000107-GEO,FF-2023-000107-GEO,0.4497973975078339,0.00033897633759968335,0.9175232708403509,0.0003110186780119445
FL-2023-000041-PRY,FL-2023-000041-PRY,0.4519483075769547,0.0003555393255029822,0.8705618226000267,0.0003095189632158603
FL-2019-000163-UGA,FL-2019-000163-UGA,0.44678272090788607,0.00031693024511611983,0.9750374650400142,0.0003090188627925318
FL-2014-000079-PHL,FL-2014-000079-PHL,0.443908090552143,0.0002971191228941532,1.0365063874391671,0.0003079658687101127
FL-2006-000027-IDN,FL-2006-000027-IDN,0.4470753007860908,0.00031901181947624604,0.9608535718134472,0.00030652364619445765
FL-2009-000240-PAN,FL-2009-000240-PAN,0.44644083577531235,0.0003145133793497549,0.9710725385234801,0.00030541530568476473
FL-2021-000209-MYS,FL-2021-000209-MYS,0.43647378730606295,0.00025094680464881816,1.2058191682024515,0.000302596467244701
FF-2021-000032-TLS,FF-2021-000032-TLS,0.44859956255407796,0.00033005662730762383,0.915168404503065,0.0003020573970087809
1993-12-00T00:00:00+00:00,1993-12-00T00:00:00+00:00,0.4594800507910814,0.00041943687017310146,0.7194550254691349,0.00030176596411308294
FL-2019-000094-GTM,FL-2019-000094-GTM,0.43787810680660055,0.0002591387247164817,1.1627948729486577,0.00030132518048277854
FL-2006-000192-IDN,FL-2006-000192-IDN,0.449836943864151,0.00033927448481073976,0.875300643790321,0.00029696717497647003
FL-2006-000189-MYS,FL-2006-000189-MYS,0.4453911956859473,0.0003071965105586998,0.9652828195473719,0.00029653151386721576
FL-2016-000102-SEN,FL-2016-000102-SEN,0.4459572784349479,0.000311123319665522,0.9497600525846711,0.0002954925004458436
FL-2000-000002-AGO,FL-2000-000002-AGO,0.44988742973544643,0.000339655449990202,0.8697971671955873,0.0002954313482240202
FL-2016-000042-KEN,FL-2016-000042-KEN,0.43970805713796635,0.00027017442529838807,1.0774902859535458,0.00029111031877209506
FF-2017-000122-CMR,FF-2017-000122-CMR,0.4370196365482918,0.00025410283770514676,1.1398719755326612,0.00028964470360342084
FL-2000-000258-IDN,FL-2000-000258-IDN,0.45133014626331025,0.00035070618788905344,0.8250221660756472,0.00028934037878835975
FL-2007-000181-HTI,FL-2007-000181-HTI,0.44302961144289665,0.00029129132292916323,0.9891914221912965,0.0002881428780002832
FL-2023-000167-LBR,FL-2023-000167-LBR,0.4365996594619721,0.0002516714355298717,1.1239561416844555,0.00028286765565034273
Iran: Flash Floods - Jul 1996,Iran: Flash Floods - Jul 1996,0.4402817288393758,0.00027372006305125695,1.0233099144994446,0.0002801004543177643
FL-2015-000018-PNG,FL-2015-000018-PNG,0.4431896198138896,0.0002923450871386439,0.9476670877822322,0.0002770458173561216
Russia: Floods - Sep 1994,Russia: Floods - Sep 1994,0.44763304367717716,0.00032301402602173104,0.8535275801300156,0.000275701379978382
FL-2007-000086-PAN,FL-2007-000086-PAN,0.4476262396102052,0.0003229649309253806,0.8477798095902991,0.0002738031476442632
FL-2019-000062-SSD,FL-2019-000062-SSD,0.4374309712377592,0.00025650467776728436,1.0669924753090707,0.0002736885610592703
FL-1997-000270-ETH,FL-1997-000270-ETH,0.4362285065303457,0.00024954014503406177,1.0963520332427232,0.00027358384538377767
FL-2007-000221-KEN,FL-2007-000221-KEN,0.44124404223039065,0.00027976188465907316,0.974842278689549,0.00027272371313153364
FF-2008-000202-MAR,FF-2008-000202-MAR,0.443354991242011,0.0002934377748162896,0.9260497109629775,0.0002717379665542443
FL-2014-000030-PRY,FL-2014-000030-PRY,0.4464157191040607,0.0003143364795479468,0.8630646431827305,0.00027129270156036434
FL-2022-000333-THA,FL-2022-000333-THA,0.43840279802031046,0.0002622606739120294,1.0333160681612519,0.00027099816840009844
FL-2024-000074-ETH,FL-2024-000074-ETH,0.43581969953731764,0.0002472114429186401,1.0897711550904126,0.000269403899701014
FF-2006-000049-IDN,FF-2006-000049-IDN,0.44150246513309777,0.0002814046879241779,0.9546072289122487,0.00026863094934221563
FL-2009-000122-IND,FL-2009-000122-IND,0.45147514085264695,0.0003518344988672419,0.7572559930408027,0.0002664287828257264
Iran: Floods - Nov 1994,Iran: Floods - Nov 1994,0.449371029020079,0.00033577681083295284,0.7892158406827257,0.00026500037804329344
FL-2007-000222-MYS,FL-2007-000222-MYS,0.4430446934396083,0.00029139050203000745,0.9073504280824132,0.00026439329675607655
FL-2024-000015-ECU,FL-2024-000015-ECU,0.43440338566284903,0.00023929411280276577,1.0902025804351165,0.0002608790592605071
Indonesia: Floods - Nov 1987,Indonesia: Floods - Nov 1987,0.4334588641423044,0.00023414176406861092,1.113651344896523,0.00026075229045145293
FL-2020-000242-COL,FL-2020-000242-COL,0.433782164928159,0.00023589401326089117,1.1047518015144244,0.00026060433611643704
FL-2008-000102-CIV,FL-2008-000102-CIV,0.43735321539995936,0.0002560490906876182,1.005572576008324,0.0002574759437073372
Mali: Floods - Sep 1989,Mali: Floods - Sep 1989,0.43911940429445395,0.0002665792158507434,0.9644742111394081,0.0002571087789138077
FL-2010-000162-HND,FL-2010-000162-HND,0.4282525566645937,0.00020749118156575743,1.2241609596770127,0.0002540026039500549
Tanzania: Floods - May 1995,Tanzania: Floods - May 1995,0.4365820029766738,0.00025156967584403773,1.0095645424628938,0.0002539758246910245
FF-2011-000143-SSD,FF-2011-000143-SSD,0.4375571930495131,0.00025724579031012373,0.9738577503891034,0.0002505208066484841
FL-2007-000011-ZMB,FL-2007-000011-ZMB,0.4322995601470722,0.00022795437747966858,1.0897552028147803,0.00024841446886287325
FL-2022-000356-ETH,FL-2022-000356-ETH,0.4364938261467041,0.000251062040024208,0.9852801574957187,0.0002473664463362481
FL-1999-000428-VNM,FL-1999-000428-VNM,0.43788656217294564,0.00025918876839810956,0.9536527315229473,0.0002471760769629257
FL-2009-000089-BRA,FL-2009-000089-BRA,0.4413506970200352,0.00028043884385006436,0.8672804440779367,0.00024321912503098695
FL-2021-000173-IDN,FL-2021-000173-IDN,0.43331222905448497,0.00023335088903784208,1.033714069822925,0.00024121809720410552
FL-2019-000181-IDN,FL-2019-000181-IDN,0.4323450730373855,0.00022819448365032108,1.0475272120348138,0.00023903993125994473
FL-2001-000146-AGO,FL-2001-000146-AGO,0.43742399183422837,0.0002564637542561965,0.931842117402311,0.00023898372780304012
FL-2005-000109-PRK,FL-2005-000109-PRK,0.44304124566739306,0.00029136782682566507,0.8195300266309831,0.00023878468287784896
FL-2020-000193-SSD,FL-2020-000193-SSD,0.4389980506731629,0.0002658434216351826,0.8956131601804282,0.0002380928669638639
FL-2006-000171-HTI,FL-2006-000171-HTI,0.43114400925611107,0.00022193385635711955,1.0599993219511736,0.0002352497372565559
FL-2012-000153-IDN,FL-2012-000153-IDN,0.4299724098521347,0.0002159761971188157,1.0883954096363029,0.00023506750153482432
FF-2009-000069-IDN,FF-2009-000069-IDN,0.44000797246223516,0.0002720228929326808,0.8612099711014543,0.000234268827761488
FL-2007-000227-ZWE,FL-2007-000227-ZWE,0.43582738537637566,0.00024725504301650663,0.9473870176389487,0.0002342462177995982
FL-2017-000110-MLI,FL-2017-000110-MLI,0.43928515184469785,0.00026758714164681435,0.8750877906224794,0.00023416224058269523
FL-2022-000249-CIV,FL-2022-000249-CIV,0.4322945044011535,0.0002279277196046768,1.023474098609534,0.00023327811737052322
FL-1999-000363-NIC,FL-1999-000363-NIC,0.43196997311018137,0.00022622239396993707,1.029066129374002,0.00023279780334036371
FL-1998-000179-RUS,FL-1998-000179-RUS,0.430490995783136,0.00021859525024627095,1.0601281876011002,0.00023173898646178817
FL-2019-000108-MRT,FL-2019-000108-MRT,0.4345628817892052,0.00024017416131877947,0.962366664364851,0.00023113560649497942
Peru: Floods - Feb 1987,Peru: Floods - Feb 1987,0.4377642514141059,0.00025846570995612523,0.8908312469140471,0.0002302493306847395
FL-2003-000028-BRA,FL-2003-000028-BRA,0.438805680704488,0.00026468078402691375,0.8631256388343357,0.00022845277080040275
Brazil: Floods - Jul 1989,Brazil: Floods - Jul 1989,0.4341384504454141,0.00023783869762895285,0.9575164169657181,0.00022773445756946777
FL-2007-000106-IDN,FL-2007-000106-IDN,0.4357330222935448,0.00024672022052722736,0.9201287593720849,0.00022701437042572492
FL-2012-000110-IND,FL-2012-000110-IND,0.4362880855251676,0.00024988117024377603,0.9076110411740193,0.00022679490909473593
FL-2009-000226-PRY,FL-2009-000226-PRY,0.4380508086361293,0.00026016259973852,0.8690624710349184,0.0002260975517996266
FL-2014-000123-SSD,FL-2014-000123-SSD,0.4226328576604911,0.0001818162027514692,1.229472017724319,0.0002235379336518227
FL-2009-000031-DOM,FL-2009-000031-DOM,0.43343366675479417,0.00023400569077137713,0.9531752822708737,0.00022304844035399816
FL-2015-000169-KEN,FL-2015-000169-KEN,0.4291385108972009,0.00021182387022812118,1.0437478752458738,0.0002210907144769592
Paraguay: Floods - Mar 1995,name=Paraguay: Floods - Mar 1995,0.4301591471512342,0.00021691601843732116,1.019170735987299,0.00022107445815819913
FF-2008-000178-DZA,FF-2008-000178-DZA,0.4260929218685735,0.00019726189409371707,1.1191395672477698,0.0002207635907905179
FL-2019-000131-CIV,FL-2019-000131-CIV,0.4261813033838113,0.00019767144296103822,1.1114192483318486,0.000219695846552429
FL-2011-000084-IND,FL-2011-000084-IND,0.43838587711980487,0.0002621594675303891,0.8290193075518719,0.00021733526024021063
FL-2023-000176-IDN,FL-2023-000176-IDN,0.4321015722589883,0.00022691252344011402,0.9542932210618613,0.0002165410828929415
Iran: Floods - Feb 1991,Iran: Floods - Feb 1991,0.4303907703840038,0.00021808685733251744,0.9877471286935022,0.00021541466713598356
FL-2005-000062-TZA,FL-2005-000062-TZA,0.43677510880714593,0.0002526846182406647,0.8523963030224688,0.00021538743441898648
FL-2001-000332-IND,FL-2001-000332-IND,0.44736302793077987,0.0003210708606318786,0.6620849087194431,0.0002125761714539304
FL-2005-000002-GUY,FL-2005-000002-GUY,0.4272258982585565,0.00020257027408671243,1.0423752684972483,0.00021115424384069803
FF-2020-000204-TUN,FF-2020-000204-TUN,0.4253506348281073,0.00019385225314611561,1.0850181584319483,0.00021033321471648222
FL-2008-000126-TCD,FL-2008-000126-TCD,0.42520476327327844,0.00019318847301100459,1.083157735234383,0.00020925358889998846
FL-2006-000031-PER,FL-2006-000031-PER,0.43490127325127165,0.00024205094995728788,0.8622372185675087,0.00020870533784279514
FL-2021-000038-KEN,FL-2021-000038-KEN,0.4135991632194733,0.00014648613296194498,1.4217705075722322,0.00020826966361359801
FL-2006-000071-ROM,FL-2006-000071-ROM,0.42730760875946533,0.0002029580401768788,1.0212196594192295,0.00020726474066582647
FL-2012-000164-CAF,FL-2012-000164-CAF,0.42287590216898346,0.0001828644875435044,1.1283063800150515,0.00020632716797351893
Iran: Floods - Jul 1987,Iran: Floods - Jul 1987,0.43461283099029224,0.00024045036333478141,0.8532734221804965,0.00020516990438721272
FF-2006-000046-KEN,FF-2006-000046-KEN,0.4235032288312284,0.00018559542130609379,1.1036482173283537,0.00020483205586877516
FL-2023-000085-HTI,FL-2023-000085-HTI,0.4248181439741098,0.00019143906821275826,1.0690779120906408,0.00020466327933747337
FL-2007-000209-PNG,FL-2007-000209-PNG,0.42036420759227505,0.0001722889023515497,1.1865949732954428,0.00020443714548493827
Paraguay: Floods - Jun 1995,Paraguay: Floods - Jun 1995,0.42633547281437795,0.00019838767687906464,1.0277326980250474,0.00020388950241384242
Ghana: Floods - Jul 1995,Ghana: Floods - Jul 1995,0.4341797675761975,0.0002380651466368925,0.8551639114187951,0.000203584721970494
FL-2007-000228-LKA,FL-2007-000228-LKA,0.4267675126845226,0.00020040729081489226,1.0154950674735044,0.00020351261530825122
FL-2021-000039-BDI,FL-2021-000039-BDI,0.42626098293903036,0.00019804132381592217,1.0111286560166783,0.00020024525758575716
FL-2010-000049-AGO,FL-2010-000049-AGO,0.43342164912444386,0.00023394081710657159,0.8544449470857646,0.0001998895490938251
FF-2007-000082-PAK,FF-2007-000082-PAK,0.4260624892008304,0.00019712104977784062,1.0098825024924718,0.0001990690990435888
Peru: Floods - Feb 1994,Peru: Floods - Feb 1994,0.43261095163799423,0.00022960169771743324,0.8669712406759366,0.00019905806873138444
FL-2010-000037-HTI,FL-2010-000037-HTI,0.42398276607797614,0.0001877076786232324,1.0604316168394865,0.00019905115713562106
FL-2011-000002-BRA,FL-2011-000002-BRA,0.4325978656371559,0.00022953225520682134,0.861750148294607,0.00019779945496287387
FL-2010-000141-PAK,FL-2010-000141-PAK,0.4232667756012949,0.00018456179183228973,1.0692104601626595,0.0001973353983734475
FL-2021-000023-DZA,FL-2021-000023-DZA,0.42419710576570446,0.0001886587752108967,1.0374171325327366,0.00019571784560642658
FF-2006-000022-TLS,FF-2006-000022-TLS,0.4184305956670525,0.0001645259194612564,1.1802888753635958,0.00019418811244908786
FL-2006-000091-PRK,FL-2006-000091-PRK,0.4341199478695448,0.00023773735243225674,0.8137351057804316,0.00019345522962942218
FL-2024-000020-PAK,FL-2024-000020-PAK,0.41960487376420647,0.00016920190150466642,1.1424260343540067,0.0001933006573411333
FL-2007-000040-HTI,FL-2007-000040-HTI,0.42434349818080896,0.0001893108575363509,1.019159487257912,0.000192937956499103
FL-2010-000153-PRK,FL-2010-000153-PRK,0.4152249030393451,0.00015234700595981,1.2596250358956325,0.00019190010285071783
FL-1999-000413-CAF,FL-1999-000413-CAF,0.43017184561744914,0.00021698006140121904,0.8806575318255779,0.0001910851253289599
Iran: Floods - Dec 1986,Iran: Floods - Dec 1986,0.4330456779171523,0.00023191940284643728,0.8224805158651762,0.00019074919009228137
FL-2019-000100-MLI,FL-2019-000100-MLI,0.4250383460318423,0.00019243369950735234,0.9879592955377479,0.00019011666220300648
FF-2022-000209-AFG,FF-2022-000209-AFG,0.42124559784381754,0.00017593561109317742,1.0750035318817837,0.00018913140330894564
India: Floods - Nov 1992,India: Floods - Nov 1992,0.45213721267091367,0.00035702820503219067,0.5284357881003552,0.00018866648090024087
FL-2002-000482-RUS,FL-2002-000482-RUS,0.4250094192203679,0.0001923027751111212,0.9807160860179978,0.000188594424937378
FL-2003-000220-NAM,FL-2003-000220-NAM,0.4301235951623239,0.00021673680736139782,0.8693111681287405,0.00018841172718383055
FL-2016-000071-LBR,FL-2016-000071-LBR,0.42325513631575923,0.00018451104602103596,1.0193781830294557,0.00018808653484178792
FL-2006-000156-TUR,FL-2006-000156-TUR,0.41974861015136317,0.00016978239985920027,1.1004723456560104,0.0001868408358241608
FL-2009-000234-PHL,FL-2009-000234-PHL,0.41633712966414876,0.0001564773337447894,1.1779017439562212,0.00018431492430760708
FL-2007-000035-AFG,FL-2007-000035-AFG,0.42418810300379706,0.00018861873986382197,0.9702882879212498,0.0001830145541723314
FL-2005-000094-AFG,FL-2005-000094-AFG,0.41855359317431157,0.00016501018297312157,1.1022905778568743,0.00018188916994171073
FL-2014-000168-MYS,FL-2014-000168-MYS,0.42013406732187686,0.0001713479784809434,1.0559033797109114,0.00018092690958466067
FL-2017-000043-HTI,FL-2017-000043-HTI,0.4206891745865696,0.0001736254428569523,1.0311272816379908,0.00017902993091628152
India: Floods - Aug 1988,India: Floods - Aug 1988,0.4291458897055199,0.00021186029503362215,0.8427786995223563,0.0001785513439288588
FF-2006-000069-IDN,FF-2006-000069-IDN,0.4244930458560524,0.00018997908832761118,0.9360516519312406,0.00017783023946145153
FF-2008-000141-ETH,FF-2008-000141-ETH,0.42202637119130737,0.00017922388862669548,0.9913523656532703,0.00017767402597165281
FL-2019-000116-ETH,FL-2019-000116-ETH,0.40976031193018925,0.00013344395876331593,1.3310225871226296,0.00017761692322903428
FL-2005-000064-ETH,FL-2005-000064-ETH,0.4251625257074777,0.00019299665567903875,0.9153081224890242,0.00017665140655624163
FL-2007-000051-TUN,FL-2007-000051-TUN,0.4175265685187075,0.00016100566690133906,1.093065903907382,0.00017598980482572303
Paraguay: Floods - Feb 1990,name=Paraguay: Floods - Feb 1990,0.41236858441810986,0.0001421856340675618,1.2090275213437827,0.00017190634472739834
LS-2011-000104-ECU,LS-2011-000104-ECU,0.41812132277186176,0.00016331390247412836,1.046388478883193,0.0001708897859903813
FL-2007-000127-MRT,FL-2007-000127-MRT,0.42687487002034846,0.0002009120050700279,0.8469121364760579,0.00017015481545754591
FL-2018-000092-MNG,FL-2018-000092-MNG,0.418085095318823,0.00016317245691398853,1.031500359443832,0.00016831244795811233
ST-2022-000138-MDG,ST-2022-000138-MDG,0.4128183630633072,0.00014374411526785425,1.1583807019765697,0.00016651040914897797
FL-2021-000061-MYS,FL-2021-000061-MYS,0.4135967287739498,0.00014647751101352474,1.1325212482808422,0.00016588889361810784
FL-2002-000263-CRI,FL-2002-000263-CRI,0.4395987589842527,0.00026950360390777094,0.61387757718801,0.00016544221941033953
FL-2012-000054-HTI,FL-2012-000054-HTI,0.42034934268665286,0.00017222798729914717,0.9604428383587891,0.0001654151369664144
FL-2021-000190-EGY,FL-2021-000190-EGY,0.41300458531484296,0.00014439386244463327,1.1389708836250705,0.00016446040509860083
FL-2012-000050-AFG,FL-2012-000050-AFG,0.4153151693036563,0.0001526785192107773,1.0763489315759105,0.00016433536102711228
FF-2012-000062-KEN,FF-2012-000062-KEN,0.41471004348930596,0.00015046847963294185,1.0853007035511752,0.00016330354680790747
FL-2023-000199-SDN,FL-2023-000199-SDN,0.4144550786225376,0.0001495459504709984,1.0919778288263946,0.00016330086230510038
FL-2016-000058-MMR,FL-2016-000058-MMR,0.4241920870699879,0.00018863645609161722,0.8641831978719268,0.00016301645586048108
FL-2023-000217-PRY,FL-2023-000217-PRY,0.4094864886807095,0.00013255489332583464,1.2209609052027184,0.00016184434254416083
FL-2009-000261-PER,FL-2009-000261-PER,0.42109932217902213,0.00017532563624653624,0.9204310126131963,0.00016137515290745225
FL-2007-000194-GTM,FL-2007-000194-GTM,0.4158712537796562,0.00015473516314477485,1.041926920218741,0.00016122273198497966
FL-2001-000180-IRN,FL-2001-000180-IRN,0.4195570407162007,0.0001690091179438825,0.9510109146925885,0.00016072951584719926
FL-2011-000190-AGO,FL-2011-000190-AGO,0.4226470903267472,0.00018187744080889808,0.8834264830455577,0.00016067534787913144
FL-2011-000196-IDN,FL-2011-000196-IDN,0.4074537848040528,0.00012611988406065116,1.2683581214268749,0.00015996517922174276
India: Floods - Aug 2003,India: Floods - Aug 2003,0.44581483355908935,0.00031013097627015493,0.512689258225858,0.00015900082017680688
FL-2017-000139-ETH,FL-2017-000139-ETH,0.40780746640499355,0.0001272189270936424,1.2467115336640937,0.00015860530370801545
FL-2003-000316-IND,FL-2003-000316-IND,0.433187715783169,0.0002326812162608906,0.6806493039297219,0.00015837430788549626
FL-2020-000190-NER,FL-2020-000190-NER,0.4112507888076289,0.00013837812435238723,1.1441798734017292,0.00015832946480308317
FF-2019-000029-IDN,FF-2019-000029-IDN,0.40839344414234735,0.00012905879869499405,1.2237138559090974,0.00015793104019004716
FL-2024-000045-KEN,FL-2024-000045-KEN,0.41576523859642245,0.00015434115968621185,1.0196971903586571,0.00015738124688872708
FL-2013-000104-MLI,FL-2013-000104-MLI,0.4164770021546222,0.00015700382997720796,0.9989817011392044,0.00015684395315600162
FL-2010-000136-YEM,FL-2010-000136-YEM,0.4031903778474387,0.0001135276350850236,1.363769613347829,0.00015482553900419608
FL-2003-000481-HND,FL-2003-000481-HND,0.41580542909486284,0.00015449042053280746,0.9978785950240384,0.00015416268378595077
FF-2009-000204-TUN,FF-2009-000204-TUN,0.4193527257810014,0.00016818788244061974,0.9155604613181987,0.00015398617523546478
FL-2006-000070-IND,FL-2006-000070-IND,0.43249068044399097,0.00022896417458987612,0.6719340637740063,0.00015384882829083655
FL-2011-000204-PHL,FL-2011-000204-PHL,0.4195080560493947,0.0001688118978699893,0.9086693999686215,0.00015339420594508737
FL-2014-000008-BOL,FL-2014-000008-BOL,0.416289539251556,0.00015629856055855918,0.9806451897228388,0.00015327343157235486
FL-2018-000043-TZA,FL-2018-000043-TZA,0.41951315811492074,0.00016883242993108333,0.9072074068086312,0.00015316603094297804
FL-2017-000064-IND,FL-2017-000064-IND,0.4152250339458337,0.00015234748625951616,1.0042415418757316,0.00015299367450214834
FF-2018-000042-ETH,FF-2018-000042-ETH,0.41278538021079075,0.0001436293096499144,1.0606234402511923,0.00015233661252179597
FL-2022-000331-SLV,FL-2022-000331-SLV,0.4133218381587039,0.00014550687764347363,1.046746663649171,0.00015230883871131416
FL-2014-000121-CMR,FL-2014-000121-CMR,0.4153572177706792,0.00015283316859172826,0.9936971551564651,0.00015186988484314876
FL-2010-000062-COD,FL-2010-000062-COD,0.41857683996239836,0.00016510185380558493,0.9191259563061089,0.00015174939926696962
afg-1991-flood,afg-1991-flood,0.40551768493112106,0.00012025357288978847,1.2564334123624294,0.00015109060693469105
FL-2010-000115-MMR,FL-2010-000115-MMR,0.4156313238322894,0.00015384475867738365,0.9799014922135285,0.00015075270859719842
FL-2009-000129-CAF,FL-2009-000129-CAF,0.4180695749251213,0.0001631118932205067,0.9175805861754851,0.00014966830659346567
FL-2015-000085-VEN,FL-2015-000085-VEN,0.4094760924151328,0.00013252124341356077,1.1268991625176379,0.00014933807821853766
FL-2024-000148-GIN,FL-2024-000148-GIN,0.41404512481025924,0.00014807329953094093,0.994415026402329,0.00014724631406254061
FL-2007-000155-ROM,FL-2007-000155-ROM,0.417012112412478,0.00015903279637180103,0.8986487971175168,0.00014291463116175397
FL-2014-000038-ZAF,FL-2014-000038-ZAF,0.41007875176174835,0.0001344846351022147,1.0594723567177176,0.0001424827532940657
FL-2015-000088-IRN,FL-2015-000088-IRN,0.40239487129849405,0.00011130748451816407,1.2747350017900236,0.0001418875464765049
FL-2008-000187-BDI,FL-2008-000187-BDI,0.42814234425773967,0.00020695781318376923,0.6853457474951481,0.00014183765717639153
FL-2002-000540-DZA,FL-2002-000540-DZA,0.41108826202039794,0.00013783222394067214,1.0289137907994723,0.00014181747602911874
FL-2013-000038-KEN,FL-2013-000038-KEN,0.4045113276258172,0.00011730239455627673,1.2057564114452748,0.00014143811431411397
FL-2013-000095-PHL,FL-2013-000095-PHL,0.4120470660401207,0.0001410809128806057,0.9977142237080565,0.00014075843347469746
FL-1998-000219-KOR,FL-1998-000219-KOR,0.407640299599308,0.00012669839725808657,1.1090488289439522,0.00014051470910815656
FL-2015-000164-COD,FL-2015-000164-COD,0.4087065038723281,0.000130051536717994,1.0795665740230147,0.00014039929194107308
FF-2020-000158-SRB,FF-2020-000158-SRB,0.407017452900846,0.00012477578810906348,1.1226898183568608,0.00014008450688749862
FL-2009-000186-TCD,FL-2009-000186-TCD,0.4133978992019266,0.00014577486673529385,0.9539321905487659,0.00013905933795175328
FL-1998-000359-UKR,FL-1998-000359-UKR,0.4127029766594912,0.000143342842657362,0.970056066676692,0.0001390505941344565
Cameroon: Floods - Sep 1994,name=Cameroon: Floods - Sep 1994,0.41461628795602146,0.00015012865402250369,0.9258215052048269,0.00013899233644148903
FL-2013-000004-KEN,FL-2013-000004-KEN,0.41368499956232835,0.0001467904271761538,0.935073356510655,0.000137259817443239
FL-2008-000191-HND,FL-2008-000191-HND,0.40938702339290084,0.00013223326590408135,1.037013685075033,0.00013712770636469814
LS-2022-000224-GTM,LS-2022-000224-GTM,0.40455547084278354,0.00011743046633736149,1.1665467743114344,0.0001369881317117365
Iran: Floods - Dec 1991,Iran: Floods - Dec 1991,0.42392818232214513,0.00018746616275897422,0.7306781420678033,0.00013697742750530772
FL-2003-000020-MOZ,FL-2003-000020-MOZ,0.4125114987782015,0.00014267917527970407,0.9593256023439679,0.00013687578576714268
FL-2019-000156-DJI,FL-2019-000156-DJI,0.40837511062766874,0.0001290008735865476,1.0579254007457344,0.0001364733008855982
FL-1999-000548-YEM,FL-1999-000548-YEM,0.4164466710973683,0.00015688952518295028,0.8676218575905326,0.00013612078127572797
FL-2014-000045-SLB,FL-2014-000045-SLB,0.4034464056358346,0.00011425060440923501,1.1890977676758543,0.00013585513865863846
FF-2005-000067-IDN,FF-2005-000067-IDN,0.41440492665358586,0.00014936508789819915,0.9074775324699321,0.00013554546140301228
FL-2006-000050-ARG,FL-2006-000050-ARG,0.41164444666258576,0.0001397084289235866,0.9631552235503491,0.0001345609030917651
FL-2017-000079-TJK,FL-2017-000079-TJK,0.4049161521089497,0.00011848162752481842,1.133782714433925,0.00013433242126563788
FL-2011-000118-GTM,FL-2011-000118-GTM,0.41103649195835307,0.00013765874439771524,0.9552182830389102,0.00013149414946887774
FL-2016-000021-PAK,FL-2016-000021-PAK,0.4013275584595651,0.00010839015316417734,1.2119023313188628,0.00013135827931167515
FL-2022-000332-BEN,FL-2022-000332-BEN,0.4052196392640577,0.00011937265574793819,1.0977457972017661,0.0001310408311481124
Tanzania: Floods - Apr 1989,Tanzania: Floods - Apr 1989,0.41316763720662647,0.0001449649351267968,0.8981542921589569,0.0001302008786966773
FL-2006-000121-MKD,FL-2006-000121-MKD,0.4113007858376677,0.00013854644698224107,0.9374606289413403,0.00012988183932555978
FL-2013-000006-IDN,FL-2013-000006-IDN,0.4123590887998032,0.00014215289635024505,0.9117255836627187,0.00012960443239427312
FL-2020-000019-MDG,FL-2020-000019-MDG,0.4068047581440659,0.00012412527953365506,1.043786590716556,0.00012956030234617333
FL-2009-000032-SLB,FL-2009-000032-SLB,0.40357854525024417,0.00011462535806013544,1.1239355242445161,0.0001288315119030337
Iran: Floods - Apr 1989,Iran: Floods - Apr 1989,0.41676013130418604,0.0001580744436136987,0.814536614424038,0.00012875742212806562
Niger: Floods - Aug 1994,name=Niger: Floods - Aug 1994,0.3979338020091876,9.956537031655495e-05,1.2931727617169873,0.00012875522490363392
FL-2024-000019-IRN,FL-2024-000019-IRN,0.4025165635921273,0.00011164455918161986,1.1462709369280168,0.00012797491345603083
Afghanistan: Floods - Jun 1988,Afghanistan: Floods - Jun 1988,0.40955928545873754,0.00013279073242289968,0.9634656880384131,0.00012793931437895387
FL-2003-000204-KEN,FL-2003-000204-KEN,0.4029865379114802,0.00011295498032996434,1.1287613663778198,0.00012749921793643032
FL-2019-000047-GEO,FL-2019-000047-GEO,0.4012151844085099,0.00010808703656076602,1.178251681752609,0.0001273537326033783
FF-2020-000123-YEM,FF-2020-000123-YEM,0.4045834874558737,0.0001175118156122168,1.082595733416551,0.00012721779020781834
FF-2013-000090-PAK,FF-2013-000090-PAK,0.39734354626592727,9.80983347405632e-05,1.2950234787084862,0.0001270396467112337
FL-2002-000445-VEN,FL-2002-000445-VEN,0.40714700921343167,0.00012517352696948328,1.0122910677483703,0.00012671204326976767
FL-2013-000157-BRA,FL-2013-000157-BRA,0.4079714224570503,0.00012773132796772824,0.991056400942879,0.00012658895018335123
FL-2018-000134-IND,FL-2018-000134-IND,0.409222525848299,0.0001317028934898122,0.9601907828334073,0.00012645990440140765
FL-2011-000181-VEN,FL-2011-000181-VEN,0.4145524432010802,0.00014989763829986735,0.8434253806112476,0.00012642747263579275
FL-2021-000005-IDN,FL-2021-000005-IDN,0.4067087101089525,0.00012383252655488012,1.0205820190497432,0.0001263812499754105
FL-2013-000081-PRK,FL-2013-000081-PRK,0.40220368207847257,0.0001107797603775551,1.132099170129612,0.0001254136747905874
FL-2014-000155-HTI,FL-2014-000155-HTI,0.40875991510643916,0.0001302215927199053,0.9609684498537625,0.0001251388420935354
FL-2005-000038-MDG,FL-2005-000038-MDG,0.40395082725547554,0.0001156871224198259,1.0792517862358992,0.00012485553351608824
FL-2007-000161-UGA,FL-2007-000161-UGA,0.40891407860704554,0.000130713556867145,0.9520505600973528,0.00012444591502768258
FL-2019-000145-TZA,FL-2019-000145-TZA,0.4017203633229054,0.00010945572149549523,1.1357699773076055,0.0001243165223191262
FL-2023-000052-ETH,FL-2023-000052-ETH,0.4025100454553793,0.00011162648137953551,1.1124995665878057,0.00012418441215445502
FL-2022-000382-ZAF,FL-2022-000382-ZAF,0.4107025724313834,0.00013654450601345504,0.904559089993309,0.0001235125741031168
FL-1997-000337-IND,FL-1997-000337-IND,0.4024932682389373,0.00011157996253044078,1.1040807822685879,0.00012319329231610878
FL-1998-000112-TZA,FL-1998-000112-TZA,0.41347624398894317,0.00014605136658125194,0.840568897187044,0.00012276623613986364
Brazil: Floods - Feb 1988,Brazil: Floods - Feb 1988,0.4119167501440026,0.0001406353583876027,0.8724712930664509,0.00012270031298329548
FL-2011-000021-MYS,FL-2011-000021-MYS,0.4087920856721685,0.00013032411711526456,0.9410695768598368,0.00012264406174829383
FL-2004-000028-DOM,FL-2004-000028-DOM,0.40993945320234926,0.00013402850549654847,0.9133490270228894,0.00012241480508860453
FL-2021-000043-YEM,FL-2021-000043-YEM,0.4063638277919104,0.0001227864450138584,0.9940613442321855,0.0001220572585839674
FL-1998-000316-VNM,FL-1998-000316-VNM,0.3947399192049483,9.185662381324667e-05,1.327857651248023,0.00012197252074823093
Iran: Floods - Oct 1994,Iran: Floods - Oct 1994,0.41531936382482454,0.0001526939398463462,0.7986196192783261,0.00012194437610619664
FL-2002-000376-RUS,FL-2002-000376-RUS,0.4079043200817004,0.0001275213933024928,0.9555833880945447,0.00012185732506653305
ST-2012-000061-VNM,ST-2012-000061-VNM,0.39177875485236724,8.519396209018765e-05,1.4292565034998714,0.0001217640243763222
FL-2013-000008-MOZ,FL-2013-000008-MOZ,0.40959536527735174,0.00013290775980940702,0.9158712312600213,0.00012172639362065279
FL-2009-000100-DOM,FL-2009-000100-DOM,0.40856643724659397,0.0001296065275683292,0.9379811605173907,0.00012156848113917062
FL-2012-000191-HTI,FL-2012-000191-HTI,0.4189595964093878,0.00016661781131904955,0.7267675710899211,0.0001210924220326644
FL-2024-000118-PAK,FL-2024-000118-PAK,0.4038186088024096,0.00011530902039837283,1.0477381195692326,0.00012081365620156143
FL-2008-000024-PHL,FL-2008-000024-PHL,0.4083378945352706,0.00012888336054626056,0.9337647066375215,0.00012034673335093692
FL-2013-000108-SSD,FL-2013-000108-SSD,0.399563193614228,0.00010371814882914856,1.1472056468348109,0.00011898604601605256
FF-2013-000029-SRB,FF-2013-000029-SRB,0.3989976704184518,0.0001022594847864558,1.161108725475724,0.00011873438004820587
FL-2005-000137-CAF,FL-2005-000137-CAF,0.4126387976240625,0.00014312008753396892,0.8291581427948438,0.00011866918597630114
ST-2015-000041-PRY,ST-2015-000041-PRY,0.4075690609138769,0.00012647715484057648,0.9269775136144309,0.00011724147852314498
Pakistan: Floods - Jul 1993,Pakistan: Floods - Jul 1993,0.402290800314029,0.00011101994588537365,1.0550156272267153,0.00011712777784293347
FL-2002-000077-PER,FL-2002-000077-PER,0.4004345388275544,0.00010600230227289804,1.099709656642364,0.00011657175543582879
FL-2014-000122-PAK,FL-2014-000122-PAK,0.3979694252352979,9.965453763130377e-05,1.1660555615898873,0.00011620272784265047
FL-2021-000095-MMR,FL-2021-000095-MMR,0.40168124692164,0.00010934918872423474,1.0619657406518828,0.00011612509219321445
FL-1999-000349-SLV,FL-1999-000349-SLV,0.40669420555385954,0.00012378837093602295,0.9369157213719175,0.00011597927085297844
FL-2023-000189-MMR,FL-2023-000189-MMR,0.4067887760529786,0.00012407652320015332,0.9311581587735362,0.00011553486689007673
FL-2001-000117-PER,FL-2001-000117-PER,0.4082150609376565,0.00012849618624404265,0.8990840283213932,0.00011552886875222986
Bolivia: Landslides/Floods - Mar 1994,Bolivia: Landslides/Floods - Mar 1994,0.4133921755279538,0.00014575468482751658,0.7919956578021904,0.00011543707748771993
FL-2003-000273-TJK,FL-2003-000273-TJK,0.4037948447071262,0.00011524118080545038,1.0016291954033019,0.0001154289312074897
FL-2004-000100-PAN,FL-2004-000100-PAN,0.4026638891724156,0.00011205386449391495,1.0286129960378907,0.00011526006127470968
FL-2016-000061-RUS,FL-2016-000061-RUS,0.41148332332018706,0.00013916255294271705,0.8265337350740463,0.00011502254466618363
FL-2023-000160-NER,FL-2023-000160-NER,0.40106280775329267,0.00010767723597608375,1.068084370484078,0.00011500837280298092
FL-2015-000113-PRK,FL-2015-000113-PRK,0.3958299080857927,9.442479594849471e-05,1.2051154702949778,0.00011379278237697752
FL-2001-000314-GHA,FL-2001-000314-GHA,0.40274855589761693,0.00011228969928955378,1.0103874531958326,0.00011345610328529813
FL-2007-000149-CMR,FL-2007-000149-CMR,0.4017228164562904,0.00010946240566905816,1.035118095353682,0.00011330651686898757
FL-2022-000254-PAK,FL-2022-000254-PAK,0.3985546099676518,0.00010112961841586733,1.1182281796262044,0.000113085989107468
FL-2021-000145-BEN,FL-2021-000145-BEN,0.40098979519245037,0.00010748137255462681,1.0516858033389702,0.00011303663363908783
FL-1999-000031-LKA,FL-1999-000031-LKA,0.4026171005741756,0.0001119237285962119,1.0064884283055866,0.00011264993768490237
FL-2008-000079-LKA,FL-2008-000079-LKA,0.4044680025320506,0.00011717681862921236,0.9571957497487085,0.00011216115276095735
FL-2003-000196-ARG,FL-2003-000196-ARG,0.4028494825379646,0.00011257140881898233,0.9957341344638851,0.00011209119432574954
FL-2025-000038-BOL,FL-2025-000038-BOL,0.4005495833738612,0.00010630724013218692,1.0525186156126618,0.00011189034921353218
FL-2009-000192-MEX,FL-2009-000192-MEX,0.4038085139451022,0.00011528019812160646,0.966761847016349,0.00011144849726045492
2012-000020-MDG,2012-000020-MDG,0.39973103658796283,0.00010415465816446065,1.0660663642203847,0.00011103577774600358
FL-2007-000107-TLS,FL-2007-000107-TLS,0.4021869961963499,0.00011073381069933402,0.9959528083511522,0.00011028564974542659
FL-2012-000169-SEN,FL-2012-000169-SEN,0.40335944435879434,0.0001140045804772183,0.9642227294319949,0.00010992580775549295
FL-2008-000166-GTM,FL-2008-000166-GTM,0.40261832840089334,0.00011192714188466961,0.9801994697852303,0.0001097109251299294
FL-2021-000066-GUY,FL-2021-000066-GUY,0.40090615056634826,0.00010725738169328687,1.0204156206178399,0.00010944710770639987
FL-2009-000217-IND,FL-2009-000217-IND,0.41520542593658993,0.00015227555908839575,0.7154666505101737,0.00010894808421553854
FF-2015-000115-MKD,FF-2015-000115-MKD,0.39388989760529697,8.989766731350587e-05,1.2098817209656998,0.00010876554444006641
FL-2008-000010-BRA,FL-2008-000010-BRA,0.4042264955119379,0.00011647903518877834,0.9286542498207508,0.00010816875104307979
FL-2002-000755-CRI,FL-2002-000755-CRI,0.4160641385474313,0.00015545433826779525,0.6950172098350388,0.00010804344043963535
FL-2005-000110-BIH,FL-2005-000110-BIH,0.4025994450028077,0.00011187465746949177,0.9602566282387353,0.0001074283813670176
FL-2009-000039-CRI,FL-2009-000039-CRI,0.41446060827458475,0.0001495659040622075,0.7165421116254692,0.00010717026872390651
FL-2011-000059-CHN,FL-2011-000059-CHN,0.3973613334762852,9.814225761971435e-05,1.0913766390536792,0.00010711016727014418
FL-2010-000208-RUS,FL-2010-000208-RUS,0.389664491044609,8.070646334825504e-05,1.3220723863339372,0.00010669978659139998
FL-1998-000392-IND,FL-1998-000392-IND,0.39278640135568765,8.741066752606253e-05,1.2193931606788748,0.00010658797015165568
Zambia: Floods - Apr 2004,Zambia: Floods - Apr 2004,0.40810328115368283,0.00012814476387933607,0.8301170229297365,0.0001063751498955485
FL-2016-000084-PHL,FL-2016-000084-PHL,0.39986203858915004,0.00010449650323954389,1.015846385922298,0.00010615239515740836
FL-2009-000147-NIC,FL-2009-000147-NIC,0.4032217460851121,0.00011361599058798382,0.933638952160343,0.00010607631440122461
FL-2007-000145-ETH,FL-2007-000145-ETH,0.39755133960252736,9.861255518296028e-05,1.074582595415157,0.00010596733548902587
FL-2019-000031-SYR,FL-2019-000031-SYR,0.39380446488941057,8.9702874043463e-05,1.178799139258512,0.00010574167071144891
FL-2018-000360-RUS,FL-2018-000360-RUS,0.394954575100217,9.235735568563913e-05,1.1355339540901048,0.00010487491329102003
FF-2007-000185-TUN,FF-2007-000185-TUN,0.403221390708879,0.00011361498924658774,0.9208073231488003,0.00010461751411773019
FL-2004-000052-JPN,FL-2004-000052-JPN,0.39759342434545036,9.871699607277741e-05,1.0587350877770016,0.00010451514750219392
FF-2023-000044-SOM,FF-2023-000044-SOM,0.3989497038783404,0.0001021366173771535,1.022945092337183,0.00010448015149387981
FL-2022-000002-IRN,FL-2022-000002-IRN,0.3968075489360873,9.678303936946351e-05,1.0761675131954946,0.0001041547627977372
India: Floods - Jul 1993,India: Floods - Jul 1993,0.4018609913585133,0.00010983949127366421,0.9482412412603194,0.00010415433554474137
FL-2004-000063-PRK,FL-2004-000063-PRK,0.40103488335337484,0.00010760228810687999,0.9650636272415313,0.00010384305445991389
FL-2006-000092-KOR,FL-2006-000092-KOR,0.391171705168769,8.388307296240087e-05,1.235735149804729,0.00010365726173327347
FL-2016-000019-HTI,FL-2016-000019-HTI,0.4006171686538875,0.00010648675005319633,0.9718383703338016,0.00010348790963384119
1986-07-01T00:00:00+00:00,1986-07-01T00:00:00+00:00,0.4186370346757112,0.00016533943724741503,0.6247700658964721,0.0001032991311043531
1992-00001-AR,1992-00001-AR,0.3966011558895266,9.628081462977125e-05,1.0623696179080282,0.00010228581225010378
FL-2024-000162-CMR,FL-2024-000162-CMR,0.3924690163689709,8.67069218449984e-05,1.17910520477484,0.00010223658283744289
FL-2009-000247-MYS,FL-2009-000247-MYS,0.3997116198929176,0.00010410407672207325,0.9816944353369297,0.0001021983928139481
FL-2007-000003-PHL,FL-2007-000003-PHL,0.4047478664505584,0.00011799013046134541,0.8623711432091048,0.00010175128369334186
FL-2007-000023-IDN,FL-2007-000023-IDN,0.40198609418971304,0.00011018191060682003,0.916897628320032,0.00010102553251916306
FL-2006-000009-GUY,FL-2006-000009-GUY,0.39976750328677957,0.00010424971548633446,0.9682281522146716,0.00010093750939423885
FL-2017-000083-GIN,FL-2017-000083-GIN,0.4021691556949531,0.00011068470039933673,0.9098931483825577,0.00010071125052413264
FL-2013-000112-CAF,FL-2013-000112-CAF,0.3951067684608356,9.271386694978706e-05,1.0824256912336399,0.00010035587152006697
FL-2009-000190-TUR,FL-2009-000190-TUR,0.39730932750973363,9.801388634692101e-05,1.0202954218418836,0.00010000311951669421
Namibia: Floods - Mar 2004,Namibia: Floods - Mar 2004,0.3958160004455054,9.439162466821361e-05,1.0587882424363562,9.994074238317008e-05
FL-2010-000249-IND,FL-2010-000249-IND,0.3914135051239432,8.440303480919978e-05,1.1839008478756656,9.992482447389093e-05
FL-2009-000206-HTI,FL-2009-000206-HTI,0.4021332948965165,0.00011058604416567264,0.8977256390746227,9.927592717136292e-05
FL-2014-000053-TZA,FL-2014-000053-TZA,0.3940602335173592,9.02871831254244e-05,1.0970028156440832,9.904529410516352e-05
FL-2024-000021-BOL,FL-2024-000021-BOL,0.3985036144424723,0.00010100029637324742,0.9791674152328188,9.889619913754132e-05
FL-2006-000158-PRK,FL-2006-000158-PRK,0.3970900302821233,9.747423466242881e-05,0.9986709167128025,9.734468328620661e-05
FL-2002-000225-ETH,FL-2002-000225-ETH,0.3967107453714679,9.654719041255086e-05,1.0009847442519026,9.664226470334697e-05
FL-2022-000277-SDN,FL-2022-000277-SDN,0.3939570767276477,9.005110825196029e-05,1.0675858088870211,9.613728524434173e-05
FL-2013-000070-IND,FL-2013-000070-IND,0.39356129875657403,8.915051385965686e-05,1.077139003407864,9.602749565208977e-05
FL-2013-000051-ECU,FL-2013-000051-ECU,0.3843924278568358,7.042846762695227e-05,1.3545163959289632,9.539651414085904e-05
FL-1998-000053-ZMB,FL-1998-000053-ZMB,0.3987140714892118,0.00010153496684131375,0.9365163542555616,9.508915697568649e-05
FL-2012-000056-PRY,FL-2012-000056-PRY,0.3882520039097994,7.782821313942511e-05,1.2200522670934264,9.4954487884586e-05
FF-2019-000068-VNM,FF-2019-000068-VNM,0.3932241656952394,8.838976853632327e-05,1.0739024148338638,9.492198587776383e-05
FL-2011-000129-MLI,FL-2011-000129-MLI,0.3996816960114482,0.00010402616683308075,0.9069557018258996,9.434712514835488e-05
FF-2020-000240-ZMB,FF-2020-000240-ZMB,0.38767046951692513,7.66703070237836e-05,1.2241109429031103,9.38529618235547e-05
FL-2015-000092-BRA,FL-2015-000092-BRA,0.39562173669694545,9.392937893946161e-05,0.9951769503164747,9.347635287809392e-05
FF-2023-000051-KEN,FF-2023-000051-KEN,0.39806309491219766,9.9889342136541e-05,0.9345216780382686,9.334875563157902e-05
FL-2002-000321-HTI,FL-2002-000321-HTI,0.39557639869798245,9.382179196360164e-05,0.9930427130308388,9.316904683294993e-05
FL-2013-000098-NER,FL-2013-000098-NER,0.3934330296914926,8.88603812595905e-05,1.0461622636739756,9.29623776094657e-05
FF-2011-000066-TJK,FF-2011-000066-TJK,0.3941131100719597,9.040840720521371e-05,1.0235216039879442,9.253495795667555e-05
FL-2014-000006-PHL,FL-2014-000006-PHL,0.3947541867092937,9.188982992940808e-05,1.0048551818492002,9.233597176380743e-05
FL-2007-000200-MEX,FL-2007-000200-MEX,0.39155546747687264,8.470965755561408e-05,1.0804286921791404,9.152274452775495e-05
FL-2008-000031-PER,FL-2008-000031-PER,0.39586135739835715,9.449984477152411e-05,0.9634315068788812,9.104412784804985e-05
FL-2023-000196-LKA,FL-2023-000196-LKA,0.38969373883310965,8.076706119779116e-05,1.1173802450335497,9.02475186318276e-05
FL-1999-000233-SVK,FL-1999-000233-SVK,0.3849048839387099,7.13730436928528e-05,1.2632598706634384,9.016270194428916e-05
FL-1994-000007-VNM,FL-1994-000007-VNM,0.3903487271962942,8.213488928452365e-05,1.0899814138986574,8.952550275275477e-05
FL-2011-000109-PAK,FL-2011-000109-PAK,0.3853315711210128,7.216820980512835e-05,1.2338103813705061,8.904188646249212e-05
FL-1999-000213-IND,FL-1999-000213-IND,0.39151455404670615,8.462118647578978e-05,1.046094414060121,8.852175048346354e-05
FL-2020-000195-CMR,FL-2020-000195-CMR,0.39807462991870274,9.991829167966632e-05,0.8859055483526522,8.851816898093503e-05
IND-2018-000413,IND-2018-000413,0.39646729421365906,9.595633868686683e-05,0.9221733186742626,8.848837529469952e-05
FF-2024-000087-ARM,FF-2024-000087-ARM,0.3886652523183046,7.866058159407545e-05,1.124649599359199,8.846559157513854e-05
FL-2013-000023-ZMB,FL-2013-000023-ZMB,0.38951778363271694,8.040312043114431e-05,1.0988875788119679,8.835399033950725e-05
FL-2023-000135-CMR,FL-2023-000135-CMR,0.39289809699759215,8.765955327715145e-05,1.007577538281096,8.832379689781285e-05
FL-2000-000735-VEN,FL-2000-000735-VEN,0.3908325156041087,8.315854462500806e-05,1.0592626832599326,8.808674311547688e-05
FL-2008-000099-NIC,FL-2008-000099-NIC,0.38744022170605263,7.62161567779277e-05,1.1525087365452498,8.783978655246412e-05
India: Floods - Jun 1996,India: Floods - Jun 1996,0.4153563486270849,0.00015282997055608602,0.5746164560457379,8.781861605851261e-05
FL-2006-000106-MRT,FL-2006-000106-MRT,0.39698004089502953,9.720457848775791e-05,0.8996315305030165,8.744830371684224e-05
FL-2012-000141-NER,FL-2012-000141-NER,0.399843894486795,0.00010444909668507857,0.8342353499526158,8.713512872531113e-05
FL-2022-000348-CRI,FL-2022-000348-CRI,0.39809971549176565,9.99812753095406e-05,0.869648665727101,8.694858267063594e-05
FL-2003-000585-MKD,FL-2003-000585-MKD,0.39079784737650347,8.308480948961528e-05,1.044377937487487,8.67719419713052e-05
FL-2021-000001-MYS,FL-2021-000001-MYS,0.3881753138040055,7.767461827637725e-05,1.117116405697843,8.677159038285855e-05
FL-2008-000201-YEM,FL-2008-000201-YEM,0.389902723299258,8.120124453856984e-05,1.0616963805348374,8.621106742152383e-05
FL-2023-000168-LBY,FL-2023-000168-LBY,0.38660442324568356,7.458786670243581e-05,1.1504384598927777,8.580875049583804e-05
FL-1999-000547-VEN,FL-1999-000547-VEN,0.3892161790764801,7.978272189898058e-05,1.075232993321348,8.578501488276554e-05
India: Floods - Aug 1989,India: Floods - Aug 1989,0.39073633576809236,8.295412653107137e-05,1.0282737934207815,8.529955436801225e-05
FL-2000-000444-IND,FL-2000-000444-IND,0.4042125187854363,0.00011643876711251733,0.7306166341110584,8.507210010778881e-05
FL-2016-000044-CHN,FL-2016-000044-CHN,0.3936223250094109,8.928884859072135e-05,0.9486861479465856,8.470709382411735e-05
FL-2019-000167-BDI,FL-2019-000167-BDI,0.3925420855675725,8.686848659655748e-05,0.9726765386670255,8.449493886198243e-05
FL-2010-000092-LKA,FL-2010-000092-LKA,0.38397186302523295,6.966169056549e-05,1.2070220613503797,8.408319734351004e-05
FL-2019-000052-SRB,FL-2019-000052-SRB,0.3789380963045702,6.104958132774852e-05,1.3767250465171905,8.404848769329958e-05
FL-2014-000152-ETH,FL-2014-000152-ETH,0.3897901479774235,8.096709925384122e-05,1.0270658582017673,8.31585432812541e-05
FL-2005-000182-IND,FL-2005-000182-IND,0.40608355307190097,0.00012194219364547852,0.6806810703680618,8.300374289363378e-05
FL-2004-000120-CRI,FL-2004-000120-CRI,0.40240762909158,0.00011134277921431997,0.7305869676266675,8.134558343331558e-05
Sri Lanka: Monsoon Floods - Jul 1984,Sri Lanka: Monsoon Floods - Jul 1984,0.3829454574818122,6.782178607707714e-05,1.189364350972239,8.066481457934088e-05
FL-2019-000103-LAO,FL-2019-000103-LAO,0.3836463160138881,6.907331862778126e-05,1.1650939839327012,8.047690798349454e-05
FL-2003-000531-IDN,FL-2003-000531-IDN,0.3938049238026192,8.970391938584222e-05,0.8955935776847792,8.033825409511346e-05
FL-2024-000128-SDN,FL-2024-000128-SDN,0.3852977486913319,7.21048892655054e-05,1.106871100441691,7.981081812853623e-05
FL-2003-000621-BOL,FL-2003-000621-BOL,0.3918882735799589,8.543241504272293e-05,0.9320569428848113,7.96278755879867e-05
Benin: Floods - Sep 1994,Benin: Floods - Sep 1994,0.39571361146936584,9.414773813044204e-05,0.8448106334634848,7.953701028913302e-05
FL-2001-000407-IDN,FL-2001-000407-IDN,0.39405707353314845,9.027994322264809e-05,0.8809214759172519,7.952954082942086e-05
FL-2018-000046-RUS,FL-2018-000046-RUS,0.37905847427822614,6.124379614732505e-05,1.2878965212237008,7.887567200467342e-05
FL-1997-000026-MOZ,FL-1997-000026-MOZ,0.38550103619121073,7.24862274269631e-05,1.0827610863454504,7.848526635390195e-05
FL-2018-000140-MLI,FL-2018-000140-MLI,0.3895570141357394,8.048413559777346e-05,0.9723384285301737,7.825781792874846e-05
FL-2023-000169-BRA,FL-2023-000169-BRA,0.38411257892379835,6.991740432469946e-05,1.1172435166273167,7.811476668118118e-05
FL-2001-000492-VNM,FL-2001-000492-VNM,0.3872220392443575,7.578804036158669e-05,1.0278730882613472,7.790048709973973e-05
FL-2009-000135-MEX,FL-2009-000135-MEX,0.3930476983602456,8.799390158639426e-05,0.8826021815410172,7.766360950245715e-05
FL-2020-000196-NGA,FL-2020-000196-NGA,0.3864455067278419,7.42818344448939e-05,1.0372433952384017,7.70483421641586e-05
FL-2011-000007-ZAF,FL-2011-000007-ZAF,0.3845212854833058,7.066491732905534e-05,1.0794985641478076,7.628267679233876e-05
FL-2009-000166-SDN,FL-2009-000166-SDN,0.38630340950105246,7.400914931270814e-05,1.0246063390097677,7.583024353052116e-05
FL-2005-000104-IND,FL-2005-000104-IND,0.4066906450579545,0.00012377753403157793,0.6116122238015762,7.570385284572865e-05
FL-2019-000119-CMR,FL-2019-000119-CMR,0.3778057965891477,5.9249701838392776e-05,1.2776900520050807,7.570275462318158e-05
FL-2016-000066-PAK,FL-2016-000066-PAK,0.37524270669852733,5.535063396970197e-05,1.365086108875814,7.55583815495099e-05
FF-2018-000030-KEN,FF-2018-000030-KEN,0.38331238821130914,6.847445018015052e-05,1.1016965741279998,7.543806717877023e-05
FL-2008-000213-PER,FL-2008-000213-PER,0.3932412118629428,8.8428092751931e-05,0.8529320322371361,7.542315285775847e-05
FF-2007-000100-MLI,FF-2007-000100-MLI,0.3857413146017729,7.293929514895473e-05,1.032850525424288,7.53353893186751e-05
ST-2011-000073-CAF,ST-2011-000073-CAF,0.38174347220946697,6.572282063290915e-05,1.1452772355910454,7.527085032970432e-05
Sri Lanka: Floods - Jun 1989,Sri Lanka: Floods - Jun 1989,0.3889966553294736,7.933387579326825e-05,0.9466660273505467,7.510268503153496e-05
FL-2013-000068-CZE,FL-2013-000068-CZE,0.3902660681165235,8.196112853991647e-05,0.9098774924680277,7.45745861157489e-05
FL-2024-000077-LKA,FL-2024-000077-LKA,0.38307754472417066,6.805608342086143e-05,1.0924845776964491,7.435022155571411e-05
FL-1998-000272-PRK,FL-1998-000272-PRK,0.3915270840041701,8.46482723802733e-05,0.8775464676728586,7.428279242191883e-05
FL-2013-000101-LAO,FL-2013-000101-LAO,0.3825657427967887,6.715228287542744e-05,1.1048841434150625,7.419549254318261e-05
FL-2011-000120-SDN,FL-2011-000120-SDN,0.38554731166881645,7.257328678610952e-05,1.019268556883517,7.397166929077146e-05
ST-2012-000064-COD,ST-2012-000064-COD,0.38067474292397485,6.390585228507482e-05,1.1546951626353135,7.379177849766279e-05
FL-2017-000057-LKA,FL-2017-000057-LKA,0.39096939251673135,8.34502409342439e-05,0.8831246219930485,7.369696248028298e-05
Chad: Floods - Sep 1988,Chad: Floods - Sep 1988,0.382822539553976,6.760440571148055e-05,1.0852717500654687,7.336915169863447e-05
FL-1999-000371-IND,FL-1999-000371-IND,0.39930514879934537,0.00010305026239710057,0.709212471829804,7.308453131735759e-05
FL-2024-000059-YEM,FL-2024-000059-YEM,0.3823741711049275,6.681677122588508e-05,1.0930394963322032,7.303336996728548e-05
FL-2019-000051-LBY,FL-2019-000051-LBY,0.3801891646593508,6.309534998716182e-05,1.1558008867153804,7.292566146277889e-05
FL-2024-000139-TCD,FL-2024-000139-TCD,0.3874723335949942,7.62793499532769e-05,0.9523043457078162,7.264115644827289e-05
FL-2022-000328-HND,FL-2022-000328-HND,0.38151695504207656,6.533387729667987e-05,1.1114267603705184,7.261381958629387e-05
Venezuela: Floods - Jul 1996,Venezuela: Floods - Jul 1996,0.3906285833125596,8.272564952803535e-05,0.8773624081052269,7.258037508198613e-05
FL-2009-000171-AFG,FL-2009-000171-AFG,0.38263915281144967,6.728125179356046e-05,1.0657008277559579,7.17016857288544e-05
FL-2010-000023-ECU,FL-2010-000023-ECU,0.3847972497741339,7.117370826182404e-05,1.0050325257665347,7.15318917825515e-05
FL-1997-000299-PRY,FL-1997-000299-PRY,0.38161417729777053,6.550055916409665e-05,1.0913298267640643,7.148271388550295e-05
FL-2009-000133-ZAF,FL-2009-000133-ZAF,0.3821324911751205,6.639565437910565e-05,1.0731148513908544,7.125016278203249e-05
FL-2018-000004-COD,FL-2018-000004-COD,0.3808406058719279,6.418484163009291e-05,1.1027004698435565,7.077665502233772e-05
FL-2017-000052-RUS,FL-2017-000052-RUS,0.3742413620485153,5.389119958019564e-05,1.3124180785283346,7.072778460262735e-05
FL-2019-000098-CAF,FL-2019-000098-CAF,0.37794046930032865,5.946124251933486e-05,1.186559142506317,7.055428093610213e-05
FL-2008-000232-CRI,FL-2008-000232-CRI,0.4034942054045435,0.00011438603912728515,0.615992904616921,7.046098848964116e-05
FL-2001-000453-IRN,FL-2001-000453-IRN,0.38967956751358,8.073769484074803e-05,0.8717258436729041,7.038113515125655e-05
FL-2022-000365-PAN,FL-2022-000365-PAN,0.37620556026790897,5.678741513015826e-05,1.231111202769136,6.991162294303937e-05
FL-2010-000195-MLI,FL-2010-000195-MLI,0.38542865969931067,7.235025195107423e-05,0.9643639910627344,6.977197772593233e-05
FL-2001-000025-MWI,FL-2001-000025-MWI,0.3853421018285761,7.218793504540028e-05,0.9654424418241856,6.969329628047696e-05
FL-2009-000183-NGA,FL-2009-000183-NGA,0.38527794381436414,7.206783485243752e-05,0.9656932233895635,6.959541974135712e-05
FL-2009-000011-PHL,FL-2009-000011-PHL,0.38695726070057346,7.527140106965854e-05,0.9235680341481627,6.951825991348245e-05
FL-2013-000024-MKD,FL-2013-000024-MKD,0.3832560258982458,6.837383183747828e-05,1.012158913963861,6.920518337616968e-05
FL-2019-000084-IND,FL-2019-000084-IND,0.3788951828829196,6.0980480021875204e-05,1.1318124044523812,6.901846371821897e-05
FL-1997-000530-PER,FL-1997-000530-PER,0.3829015574398436,6.774407673949561e-05,1.015600331174714,6.880090677175698e-05
FF-2013-000088-AFG,FF-2013-000088-AFG,0.37830332769142216,6.003459914853199e-05,1.1438540269668271,6.867081799338758e-05
FL-2006-000112-ETH,FL-2006-000112-ETH,0.3809330232492124,6.43407671367381e-05,1.0654891162362259,6.855438711448388e-05
FL-2018-000419-PRY,FL-2018-000419-PRY,0.37923677265377254,6.153248014962284e-05,1.1119284382912396,6.841971455695683e-05
FL-2017-000126-NGA,FL-2017-000126-NGA,0.37801719484577173,5.958206488837121e-05,1.1480023217546238,6.840034882678481e-05
FL-2007-000044-ARG,FL-2007-000044-ARG,0.3835727185843072,6.894092500829847e-05,0.9907640067376045,6.830418708941852e-05
Guyana: Floods - Jul 1996,Guyana: Floods - Jul 1996,0.3838869784444521,6.950784272147981e-05,0.975512874914735,6.7805795482352e-05
FL-2007-000009-PER,FL-2007-000009-PER,0.3814473578335893,6.521479151150558e-05,1.031150965068591,6.724629520383593e-05
FF-2022-000278-MNG,FF-2022-000278-MNG,0.3786188397147612,6.0537182243856365e-05,1.1090906111433032,6.714122045173217e-05
FL-2021-000057-LKA,FL-2021-000057-LKA,0.37783395966606087,5.929388363182655e-05,1.1314393379937777,6.708743244347392e-05
FL-2014-000014-SYC,FL-2014-000014-SYC,0.37986524622896345,6.255983849108598e-05,1.0720586098274476,6.706781348378328e-05
FL-2023-000089-ARG,FL-2023-000089-ARG,0.37505397847709104,5.5072877319710434e-05,1.2153291011417195,6.693167049025187e-05
FL-2015-000011-PER,FL-2015-000011-PER,0.3825290273565165,6.708786359173265e-05,0.9963773020475339,6.684482452566355e-05
FL-2021-000091-PHL,FL-2021-000091-PHL,0.38310373534758324,6.810262699304255e-05,0.9804501633100483,6.677123175717187e-05
FL-2002-000510-MEX,FL-2002-000510-MEX,0.38756643349284214,7.646480134813263e-05,0.867985419385465,6.637033266638518e-05
FL-2019-000120-PHL,FL-2019-000120-PHL,0.3741154385677592,5.3710142591482166e-05,1.2286625910741495,6.599164296341252e-05
FL-2002-000026-SEN,FL-2002-000026-SEN,0.3793522892406649,6.172016693469207e-05,1.0546693276059735,6.509436696074013e-05
FL-2013-000041-GHA,FL-2013-000041-GHA,0.38281305502634444,6.758765841197765e-05,0.9596316941627985,6.485925914638263e-05
FL-2004-000021-COL,FL-2004-000021-COL,0.39108833891679456,8.370447326941804e-05,0.7729927578880663,6.470295164009537e-05
FL-2004-000115-PAN,FL-2004-000115-PAN,0.38432917772048975,7.031266635558752e-05,0.9177618050112175,6.45302795896555e-05
FL-2007-000141-NGA,FL-2007-000141-NGA,0.38122580582750343,6.483699986484024e-05,0.9935717537773818,6.442021166537319e-05
FL-2016-000054-HTI,FL-2016-000054-HTI,0.3750087290883244,5.500646923810458e-05,1.16982926460923,6.434817745756211e-05
FL-2009-000144-NER,FL-2009-000144-NER,0.3772208259162081,5.833868238990772e-05,1.0987319238695548,6.409857273827823e-05
FL-2006-000172-COG,FL-2006-000172-COG,0.37890257944327743,6.099238530455638e-05,1.0447518399142948,6.372190676769688e-05
FL-2014-000005-IDN,FL-2014-000005-IDN,0.37075928775270683,4.908178987670482e-05,1.2967973978194893,6.364913739243376e-05
FL-2010-000196-LKA,FL-2010-000196-LKA,0.3732398120438226,5.246620122041678e-05,1.212821481693282,6.363213590296377e-05
FL-2021-000129-VEN,FL-2021-000129-VEN,0.37224310927539417,5.108185632056764e-05,1.2359545412754298,6.313485229618459e-05
FL-2011-000161-SOM,FL-2011-000161-SOM,0.3808288502124283,6.416503202124551e-05,0.9834528228611097,6.31032818702674e-05
FL-2008-000170-DOM,FL-2008-000170-DOM,0.3842707331507135,7.020581569705912e-05,0.8986920832348044,6.30934107639888e-05
FL-2016-000025-SRB,FL-2016-000025-SRB,0.3726387825552921,5.162743197516474e-05,1.220904970189552,6.303218829660163e-05
India: Floods - Jun 1994,India: Floods - Jun 1994,0.37863362139533974,6.056082075371184e-05,1.040373182144351,6.300585380081283e-05
FL-2024-000117-COL,FL-2024-000117-COL,0.3728009581655153,5.185255955615742e-05,1.2150525963145538,6.30035871142641e-05
FF-2009-000107-THA,FF-2009-000107-THA,0.3791381808130827,6.137269848781474e-05,1.0240911244438284,6.285123580453825e-05
FL-2023-000131-GTM,FL-2023-000131-GTM,0.3777491109290153,5.9160864087719775e-05,1.0605795468095311,6.274480242301411e-05
FF-2007-000008-LKA,FF-2007-000008-LKA,0.3779231893362425,5.943406160480927e-05,1.0463980201857406,6.219168439486976e-05
FL-2011-000020-BOL,FL-2011-000020-BOL,0.3797265817985085,6.233184741994243e-05,0.9970007790304958,6.21449004360926e-05
FL-2013-000045-AFG,FL-2013-000045-AFG,0.3723982423079844,5.129514062478091e-05,1.2079080109237867,6.195981128213504e-05
FL-2017-000053-THA,FL-2017-000053-THA,0.3765940659946009,5.737658890195766e-05,1.0792293459598103,6.192249851406469e-05
FL-2022-000349-CMR,FL-2022-000349-CMR,0.3728873932257229,5.197290683586142e-05,1.1868126206379996,6.16821017640433e-05
FL-2023-000119-PAK,FL-2023-000119-PAK,0.3767870910866768,5.767135459354903e-05,1.0619284545586885,6.124285245583364e-05
FF-2018-000041-SOM,FF-2018-000041-SOM,0.3784503613121585,6.0268341714991115e-05,1.009447103436575,6.0837702973123486e-05
FL-2011-000148-KHM,FL-2011-000148-KHM,0.3743473202561749,5.404397520147305e-05,1.1234947898668675,6.071812456254916e-05
Mongolia: Flash Floods - Aug 1994,Mongolia: Flash Floods - Aug 1994,0.38088692676597036,6.426295113273736e-05,0.944597599391765,6.070262936981402e-05
FL-2009-000087-VUT,FL-2009-000087-VUT,0.3760989704241171,5.662672505075331e-05,1.0709159987358805,6.0642465812869586e-05
FL-2020-000154-CIV,FL-2020-000154-CIV,0.37169468621528806,5.0334241004618304e-05,1.204144706950617,6.060970988408784e-05
FL-2015-000008-BOL,FL-2015-000008-BOL,0.37468941333952677,5.453988588907229e-05,1.106077830028409,6.032535863418213e-05
Philippines: Floods - Feb 1989,Philippines: Floods - Feb 1989,0.37456373015318,5.4357217023575084e-05,1.1089965925561163,6.0281968459978087e-05
FF-2009-000201-PHL,FF-2009-000201-PHL,0.3835841789465217,6.896152590534035e-05,0.8698163539289835,5.998386302436228e-05
FF-2011-000071-GEO,FF-2011-000071-GEO,0.3686567717469097,4.636840503008126e-05,1.2913032050986575,5.987567003065664e-05
FL-2009-000132-GHA,FL-2009-000132-GHA,0.37751217548233396,5.8790835220867495e-05,1.00457015880135,5.905951867389086e-05
FF-2008-000082-PHL,FF-2008-000082-PHL,0.3765599671120465,5.7324658169116466e-05,1.0221858264656736,5.859645308746054e-05
FL-2020-000165-NPL,FL-2020-000165-NPL,0.37447697862026175,5.423145310565856e-05,1.0774034394387852,5.842915410179973e-05
FL-1997-000177-MMR,FL-1997-000177-MMR,0.3788433702142086,6.0897142518724026e-05,0.9561349496906492,5.8225886298444486e-05
1995-09-00T00:00:00+00:00,1995-09-00T00:00:00+00:00,0.39786725180106775,9.939898305172451e-05,0.5841419555859526,5.806311634308931e-05
FL-2018-000165-CRI,FL-2018-000165-CRI,0.3893599978686142,8.007801673502522e-05,0.7234581139813008,5.7933090958484386e-05
FL-2009-000120-BWA,FL-2009-000120-BWA,0.37862243505773985,6.054293106592172e-05,0.9522872605541437,5.765426197068496e-05
FL-2007-000022-ARG,FL-2007-000022-ARG,0.3821577754291594,6.643959894199949e-05,0.8666786317016433,5.758178070185806e-05
FF-2012-000120-GEO,FF-2012-000120-GEO,0.370693205815675,4.899437953539816e-05,1.170744043976996,5.7359878029415814e-05
FL-2012-000192-COD,FL-2012-000192-COD,0.36678895047512194,4.407196765653725e-05,1.301468773071398,5.735828967279587e-05
FL-2001-000549-GIN,FL-2001-000549-GIN,0.3757725176534049,5.613712221370763e-05,1.0199342550969517,5.725617392832443e-05
FF-2016-000034-YEM,FF-2016-000034-YEM,0.3756174728215295,5.590592840280433e-05,1.0241076022751958,5.725368628956471e-05
FL-2001-000320-TLS,FL-2001-000320-TLS,0.37817508104236286,5.9831389161576936e-05,0.9542028064575442,5.70912794522302e-05
FL-2024-000209-PAN,FL-2024-000209-PAN,0.37257251345309417,5.1535692546434595e-05,1.105818542180244,5.698912440194757e-05
FL-2012-000066-COM,FL-2012-000066-COM,0.37175421508672624,5.0414912078339065e-05,1.129673337592446,5.695238199196701e-05
FL-2006-000151-PAN,FL-2006-000151-PAN,0.3808075420136833,6.412913933467785e-05,0.8861876983942245,5.683045438700069e-05
FL-2020-000202-GIN,FL-2020-000202-GIN,0.37203576158543405,5.0798031183905146e-05,1.1057838285302726,5.617164140433881e-05
FF-2020-000140-IDN,FF-2020-000140-IDN,0.37361409637627996,5.2994712083793556e-05,1.0585469561406466,5.609739116784961e-05
FL-1998-000040-URY,FL-1998-000040-URY,0.37451482775797074,5.4286290857607735e-05,1.0305409604819116,5.594424632139949e-05
FL-2007-000197-COD,FL-2007-000197-COD,0.3778125532631176,5.926029890019262e-05,0.938197452018096,5.559786143399149e-05
FL-2011-000123-RUS,FL-2011-000123-RUS,0.37633799457051703,5.698763881724754e-05,0.9746615796072284,5.5543662067704696e-05
FL-2013-000050-ETH,FL-2013-000050-ETH,0.365474219039832,4.251747524851229e-05,1.3053721958094802,5.550113002542571e-05
FL-2004-000059-AFG,FL-2004-000059-AFG,0.37332680014340797,5.25886084376838e-05,1.05356410211551,5.540547003015246e-05
FL-2021-000050-AFG,FL-2021-000050-AFG,0.36978324722679223,4.780488949134813e-05,1.1586867556596938,5.5390892309400356e-05
FL-2005-000117-GTM,FL-2005-000117-GTM,0.37993474835078395,6.267439551460028e-05,0.8832004049243507,5.535405149688388e-05
FF-2019-000018-AFG,FF-2019-000018-AFG,0.3688803527178298,4.665038634233581e-05,1.1776802420532055,5.4939238279517594e-05
FL-2016-000011-TZA,FL-2016-000011-TZA,0.3718691896190034,5.0571050313897506e-05,1.076733992508393,5.445156890982568e-05
Benin: Floods - Sep 1988,Benin: Floods - Sep 1988,0.37657813654201794,5.7352323949745795e-05,0.9477795775541555,5.435736136483915e-05
FL-2025-000029-BWA,FL-2025-000029-BWA,0.36648146364090006,4.3703893824131095e-05,1.2304510947433291,5.377550400044833e-05
FL-2009-000170-MRT,FL-2009-000170-MRT,0.37461382017394235,5.442995212829442e-05,0.9832646092321282,5.351904560995086e-05
FL-2015-000056-COL,FL-2015-000056-COL,0.36971953814241276,4.7722591399029976e-05,1.1169319001335634,5.33028846906162e-05
LS-2010-000190-COL,LS-2010-000190-COL,0.38197409570314367,6.612095446944745e-05,0.8035449578867475,5.31311595745837e-05
India-Manipur: Floods - Apr 2004,India-Manipur: Floods - Apr 2004,0.40048561616247474,0.0001061375909012569,0.5,5.306879545062845e-05
FL-2016-000130-VCT,FL-2016-000130-VCT,0.3741465844456624,5.3754874142673516e-05,0.9845629160937495,5.292505564016313e-05
FL-1998-000329-BEN,FL-1998-000329-BEN,0.3735548860541189,5.291078599066685e-05,0.9960705364253544,5.2702874984410655e-05
FL-2003-000455-NGA,FL-2003-000455-NGA,0.372927331170118,5.202859903164983e-05,1.0019534687985443,5.213023527649013e-05
FL-2006-000029-NAM,FL-2006-000029-NAM,0.3684702001950793,4.613427532388877e-05,1.1221814471307896,5.1771027845291776e-05
FL-2012-000175-GMB,FL-2012-000175-GMB,0.36456415638547346,4.147053802712178e-05,1.2465158816556456,5.1693684271611684e-05
FL-2003-000027-TUN,FL-2003-000027-TUN,0.3763288637787119,5.697381386558848e-05,0.9069463005317308,5.16721897125789e-05
FL-2003-000350-MNG,FL-2003-000350-MNG,0.37375627508001413,5.319672896834596e-05,0.9653767569926166,5.135488569407701e-05
FL-2018-000015-BOL,FL-2018-000015-BOL,0.37305165775563653,5.220231252295846e-05,0.980600451614799,5.1189611235349946e-05
2012-000025-VUT,2012-000025-VUT,0.36321852467289484,3.996500766860281e-05,1.277534232696297,5.1056665406610116e-05
FL-2023-000111-MNG,FL-2023-000111-MNG,0.37439931302629353,5.41190833340901e-05,0.9369855719118949,5.070880024913991e-05
FL-2011-000093-BGD,FL-2011-000093-BGD,0.3747769585209859,5.4667450943005956e-05,0.9269344239735141,5.0673142149955565e-05
Ethiopia: Floods - May 1995,Ethiopia: Floods - May 1995,0.3685117725512135,4.618635238618629e-05,1.0908091701249307,5.0380496717473483e-05
FL-2024-000036-BRA,FL-2024-000036-BRA,0.3734746772461536,5.279728693102738e-05,0.952179776292138,5.027250885881748e-05
Chad: Floods in Am Timan - Jul 1985,Chad: Floods in Am Timan - Jul 1985,0.3701000473118123,4.821602527653636e-05,1.0422436500602523,5.025284617561464e-05
FL-2023-000063-CMR,FL-2023-000063-CMR,0.3694682868135531,4.7399271634214136e-05,1.0563752295074629,5.0071416451079536e-05
FL-2008-000175-UGA,FL-2008-000175-UGA,0.37345561417901973,5.2770344084860056e-05,0.9427683053348588,4.9750207864820906e-05
FL-2007-000025-FJI,FL-2007-000025-FJI,0.3700583660637281,4.816175114392113e-05,1.0321832158662596,4.971175117748302e-05
FL-2005-000138-PNG,FL-2005-000138-PNG,0.36614644520706807,4.3306014875768886e-05,1.1437040377671508,4.9529264073021174e-05
FF-2007-000083-IND,FF-2007-000083-IND,0.3757436636775261,5.609403179285613e-05,0.8813888050539815,4.9440651652565514e-05
FF-2006-000039-YEM,FF-2006-000039-YEM,0.3730662790055941,5.222277611494892e-05,0.9450246075942967,4.935180850551442e-05
FL-2007-000220-SRB,FL-2007-000220-SRB,0.3768105735594528,5.770730714918445e-05,0.8529797073218023,4.9223161962440705e-05
FL-2024-000104-MMR,FL-2024-000104-MMR,0.37705544744413544,5.808342208424102e-05,0.8391419529408852,4.8740236241259754e-05
FL-2024-000024-DZA,FL-2024-000024-DZA,0.3649599378513899,4.192296010096227e-05,1.1597469097454667,4.8620023424473494e-05
FL-2003-000080-ARG,FL-2003-000080-ARG,0.3746472210312448,5.447850176972884e-05,0.8916407850854717,4.857525408824128e-05
FL-2005-000001-CRI,FL-2005-000001-CRI,0.3839474576094718,6.96174259592873e-05,0.6942423209153187,4.833136337412597e-05
El Salvador: Floods in South Eastern Region - Oct 1992,El Salvador: Floods in South Eastern Region - Oct 1992,0.3715047333738257,5.007760095516845e-05,0.9628448857586056,4.8216961970744206e-05
FL-2010-000096-IDN,FL-2010-000096-IDN,0.3663513898037818,4.354902481035821e-05,1.0988211437996545,4.785258925347733e-05
FL-2010-000151-COD,FL-2010-000151-COD,0.36724468479507344,4.462263260182909e-05,1.0701901252471506,4.7754700773009056e-05
FL-2008-000103-SLV,FL-2008-000103-SLV,0.3682755778003972,4.58911769149523e-05,1.0346663695692608,4.748205741385436e-05
FL-2008-000089-IND,FL-2008-000089-IND,0.38687020204752,7.51022248580327e-05,0.6302581635823931,4.7333790319975644e-05
FL-2009-000045-BOL,FL-2009-000045-BOL,0.37378538877775974,5.323818102103716e-05,0.8880873516614503,4.7280155190245774e-05
FL-2021-000152-GEO,FL-2021-000152-GEO,0.3672269427176431,4.460107950271676e-05,1.0591574472605578,4.723956551116268e-05
FL-2009-000113-CHN,FL-2009-000113-CHN,0.3861808131211327,7.377461068528792e-05,0.6385622410411255,4.710968073113401e-05
FL-2024-000031-MWI,FL-2024-000031-MWI,0.3660765908873909,4.322346549027244e-05,1.0898465961995627,4.710694674052268e-05
FL-2007-000068-COL,FL-2007-000068-COL,0.37839519584822656,6.018054813991987e-05,0.7818122360681077,4.7049888909075155e-05
FL-2011-000170-COL,FL-2011-000170-COL,0.3788003442855853,6.082801586567204e-05,0.7680165233769249,4.671692126906987e-05
FL-2011-000061-DOM,FL-2011-000061-DOM,0.36768246692104767,4.5157429090949785e-05,1.0300527521279053,4.6514534114153556e-05
FL-2010-000125-IND,FL-2010-000125-IND,0.37452577616220706,5.4302162764565094e-05,0.8556559783131277,4.646397020483264e-05
FF-2012-000118-AFG,FF-2012-000118-AFG,0.362197023895884,3.885516654115272e-05,1.1956061386296777,4.645547563408065e-05
FL-2022-000292-LAO,FL-2022-000292-LAO,0.3625330922518659,3.921719737473026e-05,1.1820410408414914,4.635633680371236e-05
FL-2021-000078-GTM,FL-2021-000078-GTM,0.3657452880361022,4.2833878196778354e-05,1.0813671758288972,4.6319149895449184e-05
FL-2001-000019-MOZ,FL-2001-000019-MOZ,0.36623744473117653,4.3413765125315365e-05,1.0662262115321133,4.6288894317909985e-05
FL-2020-000199-MRT,FL-2020-000199-MRT,0.37247135532584824,5.139593749265698e-05,0.8999640370776387,4.6254495395281554e-05
FL-2009-000007-ZWE,FL-2009-000007-ZWE,0.36439756612375535,4.128142456723136e-05,1.1194722766288485,4.621341034276057e-05
FL-2003-000037-MDG,FL-2003-000037-MDG,0.36083867714800966,3.742232964587116e-05,1.2347603990507627,4.6207610686945064e-05
FL-2011-000022-AFG,FL-2011-000022-AFG,0.3578568583310725,3.4442403389313265e-05,1.338976142877644,4.611755644165857e-05
LS-2022-000283-LKA,LS-2022-000283-LKA,0.36909275779676676,4.6919701134440446e-05,0.9815867798894264,4.6055758349929665e-05
FL-2003-000051-PER,FL-2003-000051-PER,0.36976329895414206,4.777910699547984e-05,0.9636886445289713,4.604418285727866e-05
FL-2016-000075-BGD,FL-2016-000075-BGD,0.3672944152490546,4.468309519278294e-05,1.0303519065285407,4.603931232148018e-05
FL-2009-000237-THA,FL-2009-000237-THA,0.3672145584366533,4.458604061474396e-05,1.0324588619508415,4.6033252751992544e-05
FL-1997-000295-COD,FL-1997-000295-COD,0.3678766377387042,4.5396470170274225e-05,1.0129914858035072,4.598623776802068e-05
FF-2012-000148-PAK,FF-2012-000148-PAK,0.3596529977802615,3.6210693785282466e-05,1.2682719122340163,4.59250058503806e-05
FL-2002-000614-LAO,FL-2002-000614-LAO,0.3631948205396398,3.9938933621121984e-05,1.1496745971340228,4.5916777420825895e-05
FL-2003-000578-COL,FL-2003-000578-COL,0.3798676863657221,6.256385725763106e-05,0.7317903843038479,4.5783629146092915e-05
FF-2008-000216-PSE,FF-2008-000216-PSE,0.3685808334071635,4.6272980834109706e-05,0.9874551540726246,4.569249341894541e-05
FL-2013-000055-UGA,FL-2013-000055-UGA,0.36807143242508056,4.56374230091135e-05,1.0009376405503114,4.568021450753856e-05
FL-2008-000095-SUR,FL-2008-000095-SUR,0.3669758712703596,4.4297080347480845e-05,1.0299679617320212,4.562457355617442e-05
1985-11-01T00:00:00+00:00,1985-11-01T00:00:00+00:00,0.37647007206295685,5.718795562523735e-05,0.7962481269445691,4.5535802550384375e-05
FL-2006-000164-TZA,FL-2006-000164-TZA,0.365407023167097,4.243936751674445e-05,1.066054638511988,4.524268459674041e-05
FL-2005-000150-NGA,FL-2005-000150-NGA,0.3670605114619754,4.439935429610987e-05,1.0189791202777432,4.524201498154987e-05
FL-2005-000100-KGZ,FL-2005-000100-KGZ,0.3597266455807003,3.628491245610199e-05,1.2450017166675804,4.517477829697985e-05
FL-2003-000571-DOM,FL-2003-000571-DOM,0.3681778946131308,4.576959813514823e-05,0.9832757048107912,4.500413386524455e-05
FL-2008-000018-ECU,FL-2008-000018-ECU,0.3683555814377183,4.599096773731279e-05,0.9773183345548795,4.4947815993597726e-05
FL-2001-000521-TCD,FL-2001-000521-TCD,0.36639306505860336,4.359859050360226e-05,1.0298042380611858,4.489801327410378e-05
FL-1999-000651-CHN,FL-1999-000651-CHN,0.3665556491572718,4.3792442665600895e-05,1.0240023009480381,4.4843562053710354e-05
FL-2016-000122-SRB,FL-2016-000122-SRB,0.3604797867329337,3.705178833704564e-05,1.2064462530292113,4.4700991207260146e-05
FL-2008-000104-NPL,FL-2008-000104-NPL,0.37591944229324487,5.635700134813432e-05,0.7922332882970882,4.464789249659588e-05
FL-2000-000012-MOZ,FL-2000-000012-MOZ,0.362581441495047,3.9269530808609435e-05,1.1277962370993517,4.4288029078606785e-05
FF-2020-000156-UKR,FF-2020-000156-UKR,0.3659284369263624,4.30488550947421e-05,1.0262202808011436,4.417760816349398e-05
FL-2015-000006-MWI,FL-2015-000006-MWI,0.3588432813081289,3.540366255276505e-05,1.2458327290676428,4.4107041537101195e-05
FL-2012-000067-RWA,FL-2012-000067-RWA,0.3651191829490171,4.210624459047248e-05,1.0464774403141628,4.406323506027971e-05
FL-2007-000138-UGA,FL-2007-000138-UGA,0.36513435306908104,4.212374233520672e-05,1.0368375020093747,4.367547577812228e-05
FL-2016-000045-ETH,FL-2016-000045-ETH,0.36593429994018817,4.305575300716836e-05,1.0095022581351816,4.346487988644709e-05
FL-2008-000246-GUY,FL-2008-000246-GUY,0.36634115957542496,4.3536865432746576e-05,0.9929554839580661,4.3230169285790075e-05
FL-2010-000225-PAN,FL-2010-000225-PAN,0.36144765252767674,3.8058711863990464e-05,1.1284651586517427,4.294793032167896e-05
FL-2000-000375-CHL,FL-2000-000375-CHL,0.36518053920865257,4.2177055336688085e-05,1.0133991498781652,4.274219202256403e-05
FL-2006-000023-DZA,FL-2006-000023-DZA,0.3667747161127714,4.405486717376622e-05,0.9697453972774113,4.2722004669427505e-05
FL-2012-000003-BRA,FL-2012-000003-BRA,0.36734881736095304,4.4749322053304585e-05,0.950877679977288,4.2551131534602756e-05
FL-2018-000128-SDN,FL-2018-000128-SDN,0.3606987848803467,3.727750118835296e-05,1.1360707994440626,4.234988057632914e-05
FL-2019-000118-SEN,FL-2019-000118-SEN,0.363699888145424,4.049782271764532e-05,1.0381953499928476,4.2044651230294076e-05
FL-2007-000131-SEN,FL-2007-000131-SEN,0.3626881970429088,3.938530615286806e-05,1.067501640440192,4.2043878927425846e-05
FL-2011-000198-PER,FL-2011-000198-PER,0.35829756673563773,3.486892737919033e-05,1.1989072405233858,4.180460950419542e-05
Papua New Guinea: Floods - Jun 1993,Papua New Guinea: Floods - Jun 1993,0.368460000530975,4.6121506435074786e-05,0.9057511495213365,4.177460747122471e-05
FL-2007-000176-CRI,FL-2007-000176-CRI,0.3815438644418486,6.537997363705478e-05,0.6360302711368748,4.158364235929768e-05
FL-2010-000118-GHA,FL-2010-000118-GHA,0.3596835299084223,3.624144598262341e-05,1.1468698410721812,4.156422139431735e-05
1987-07-01-CO-Flood,1987-07-01-CO-Flood,0.3819937869599124,6.615504858181035e-05,0.6275028689316593,4.1512482779399294e-05
FF-2020-000055-SOM,FF-2020-000055-SOM,0.36382898288149473,4.064179895802108e-05,1.018212889069999,4.138200353404872e-05
FL-2007-000012-BOL,FL-2007-000012-BOL,0.3635145870067529,4.029196312950301e-05,1.019120716977021,4.106237435295079e-05
FL-2023-000018-MOZ,FL-2023-000018-MOZ,0.36054641435825874,3.712032829573968e-05,1.105614086557909,4.1040757861423926e-05
Burkina Faso: Floods - Sep 1988,Burkina Faso: Floods - Sep 1988,0.36585068503189583,4.295747297885593e-05,0.9525620167546777,4.091965709542358e-05
FF-2008-000063-PHL,FF-2008-000063-PHL,0.3669754609831535,4.429658509873782e-05,0.9110661229691897,4.0357118046681845e-05
FL-2008-000191-CRI,FL-2008-000191-CRI,0.38089355763692817,6.42741395640115e-05,0.6221635888955922,3.998902934432157e-05
FL-1991-000009-VNM,FL-1991-000009-VNM,0.35758667484021894,3.418324345975348e-05,1.1677435677731713,3.991726267575145e-05
FL-2024-000055-SOM,FL-2024-000055-SOM,0.3600223282860683,3.658426732845192e-05,1.0908371669471635,3.9907478527406166e-05
FL-2023-000215-GHA,FL-2023-000215-GHA,0.3556056338535498,3.233600242362062e-05,1.232207094616741,3.9844651597929456e-05
Djibouti: Floods - Apr 1989,Djibouti: Floods - Apr 1989,0.36260612020285377,3.929626737174434e-05,1.0077916813703185,3.960245136614781e-05
Viet Nam: Floods - Oct 1992,name=Viet Nam: Floods - Oct 1992,0.3618570785540293,3.849202205907222e-05,1.0249575418914962,3.945268831209991e-05
FL-2021-000108-SSD,FL-2021-000108-SSD,0.36047228911882356,3.704408266194561e-05,1.0642062462831952,3.942254415667353e-05
FL-2003-000341-NPL,FL-2003-000341-NPL,0.3716653109177118,5.029447563716325e-05,0.7820585732690798,3.933322586011639e-05
FL-1999-000244-VNM,FL-1999-000244-VNM,0.35812147134416195,3.469793277412221e-05,1.132847715441496,3.930747387370695e-05
Peru: Floods - Mar 1986,Peru: Floods - Mar 1986,0.3596813811083658,3.623928092581226e-05,1.083828272153741,3.927715722991712e-05
FL-2002-000641-THA,FL-2002-000641-THA,0.357103166329032,3.372383918905566e-05,1.1603592484795837,3.913176869725896e-05
FF-2008-000194-VNM,FF-2008-000194-VNM,0.3570226689712184,3.364789676835296e-05,1.1575172522881112,3.8948021012577936e-05
FL-2015-000131-SLE,FL-2015-000131-SLE,0.35739126897840534,3.399690529364216e-05,1.1427229576603417,3.8849044168449294e-05
FL-2009-000198-BEN,FL-2009-000198-BEN,0.361036570762996,3.762807098826619e-05,1.0265844801221053,3.862839369348692e-05
Venezuela: Floods - Sep 1987,Venezuela: Floods - Sep 1987,0.366300208922524,4.3488223164064804e-05,0.8875286831351606,3.8597045436690424e-05
FL-2024-000168-DZA,FL-2024-000168-DZA,0.3600669112530122,3.6629596305335606e-05,1.0502118589927467,3.846883642998036e-05
Brazil: Floods - Dec 1989,Brazil: Floods - Dec 1989,0.3611477169633105,3.774407075118303e-05,1.0188400740791148,3.845517184018267e-05
FL-2006-000085-UKR,FL-2006-000085-UKR,0.359166362675965,3.572371083815998e-05,1.0750292725240695,3.840403487420734e-05
FL-2017-000014-PER,FL-2017-000014-PER,0.3590251473316632,3.5583502277299974e-05,1.074057448678672,3.8218725671008526e-05
FL-2010-000046-MOZ,FL-2010-000046-MOZ,0.3531168016637397,3.014281599063585e-05,1.2621415706580152,3.804450111847667e-05
FL-2020-000172-MMR,FL-2020-000172-MMR,0.37023244856641313,4.83887934011911e-05,0.7811222104463353,3.779756126236944e-05
FL-2019-000162-MYS,FL-2019-000162-MYS,0.3592252597111446,3.578233475605557e-05,1.0555900890857195,3.7771477932839736e-05
FL-2005-000166-CRI,FL-2005-000166-CRI,0.37734854686064645,5.853650907438014e-05,0.6447646378504476,3.774227107437215e-05
FL-2011-000124-ETH,FL-2011-000124-ETH,0.35722493987814236,3.383901540332059e-05,1.1140674979889862,3.769894722478814e-05
Algeria: Floods - Jan 1985,Algeria: Floods - Jan 1985,0.3517506917535172,2.8996768540055674e-05,1.2746999404289316,3.6962179130640486e-05
FL-2012-000172-MLI,FL-2012-000172-MLI,0.3630606288585449,3.9791614049458e-05,0.9191592364455828,3.6574829586637144e-05
FL-2008-000054-THA,FL-2008-000054-THA,0.3530071684782963,3.0049361368329032e-05,1.2161844828708155,3.6545567016339504e-05
FL-2022-000261-GEO,FL-2022-000261-GEO,0.35824534008924314,3.4818134595237046e-05,1.0491729788203328,3.653024599025213e-05
FF-2013-000118-BEN,FF-2013-000118-BEN,0.3529888818170013,3.00337986697507e-05,1.2075093409994648,3.626609243942127e-05
FL-2011-000032-THA,FL-2011-000032-THA,0.3472180626586815,2.5469656955714112e-05,1.4229083066092745,3.6240986448774294e-05
FL-2010-000176-MRT,FL-2010-000176-MRT,0.35400391902152395,3.09086971569414e-05,1.1720801829873777,3.622747141960931e-05
FL-2019-000133-SOM,FL-2019-000133-SOM,0.3579337133812124,3.451644507062554e-05,1.0457655373343704,3.6096108726155e-05
FF-2008-000233-PHL,FF-2008-000233-PHL,0.363157056160691,3.9897425223648625e-05,0.9037156037455046,3.605592572388074e-05
FL-2003-000482-MEX,FL-2003-000482-MEX,0.3593552087843523,3.591198760774365e-05,1.0003169105139786,3.5923368494194415e-05
Montenegro: Floods - Nov 1992,name=Montenegro: Floods - Nov 1992,0.37046216581391384,4.86898698786242e-05,0.7375578699637254,3.5911596716489015e-05
FL-2023-000236-DOM,FL-2023-000236-DOM,0.3497777986273382,2.7410843580924173e-05,1.3006578060128464,3.565212767292615e-05
FL-2020-000206-COD,FL-2020-000206-COD,0.355607118494891,3.233735246600966e-05,1.0973603002618633,3.5485726811774065e-05
FL-2019-000160-COG,FL-2019-000160-COG,0.3518007955560719,2.903809837986465e-05,1.2190888537934883,3.540002207025175e-05
FL-2005-000098-BGR,FL-2005-000098-BGR,0.3564462259766533,3.3108553574972675e-05,1.0690227847551823,3.5393798141933436e-05
FL-2004-000023-CRI,FL-2004-000023-CRI,0.376080858158215,5.659946052353479e-05,0.6208832606204117,3.5141657599208554e-05
FL-2013-000020-BOL,FL-2013-000020-BOL,0.3495131521622699,2.7204154251021945e-05,1.2902239259175985,3.5099450699021456e-05
FL-2020-000126-ETH,FL-2020-000126-ETH,0.3490214985987234,2.682389183847229e-05,1.305209086561218,3.501078736450933e-05
FL-2009-000023-ECU,FL-2009-000023-ECU,0.3605809458763031,3.715589580739212e-05,0.9391312908770322,3.489426439328867e-05
FL-2012-000075-VEN,FL-2012-000075-VEN,0.35576136922634094,3.247789543435551e-05,1.068528235373372,3.470354829711279e-05
Bangladesh: Floods - Jul 1991,Bangladesh: Floods - Jul 1991,0.36729732422329675,4.4686634223060516e-05,0.7760463103390562,3.467889761027711e-05
Brazil: Floods - Jul 1988,Brazil: Floods - Jul 1988,0.3597544271137532,3.6312944877668025e-05,0.9542800112349412,3.4652717445834844e-05
FL-2019-000135-GHA,FL-2019-000135-GHA,0.3571614105202021,3.3778883786901024e-05,1.0216323108198488,3.450959910012682e-05
FL-2000-000741-LKA,FL-2000-000741-LKA,0.35717342263376267,3.379024607830674e-05,1.013293031042013,3.4239420868342925e-05
FL-2023-000190-SOM,FL-2023-000190-SOM,0.35726481901365215,3.3876810883261544e-05,1.0078577783264449,3.414300735358911e-05
FL-2011-000115-KEN,FL-2011-000115-KEN,0.3540674810259241,3.096423910936506e-05,1.1017053333721223,3.411346737059714e-05
FL-2008-000158-PAN,FL-2008-000158-PAN,0.36013177754379144,3.669563828498804e-05,0.9235086414861772,3.388873906103746e-05
FL-2021-000019-PER,FL-2021-000019-PER,0.3462654106046829,2.4779418387234476e-05,1.3456208053079868,3.334370092529399e-05
FL-2023-000088-ITA,FL-2023-000088-ITA,0.35217418118306054,2.934777192120362e-05,1.135182250938361,3.331506978953755e-05
Azerbaijan: Floods - Jun 1995,Azerbaijan: Floods - Jun 1995,0.3594740143119348,3.603089212362719e-05,0.9175461452516915,3.306000617801366e-05
FL-2007-000125-PHL,FL-2007-000125-PHL,0.36055352892483605,3.712765380193461e-05,0.8878873967487101,3.2965175881587066e-05
FL-2004-000094-CHN,FL-2004-000094-CHN,0.37002869738302546,4.812315236212639e-05,0.6825809586803848,3.2847947474062456e-05
FL-2008-000074-BFA,FL-2008-000074-BFA,0.3521516341845302,2.932898821697195e-05,1.114930663460651,3.269978829137815e-05
FL-2002-000788-LKA,FL-2002-000788-LKA,0.35725373799088267,3.38663050259042e-05,0.9639019405394029,3.264379713336839e-05
FL-2008-000231-PAN,FL-2008-000231-PAN,0.35677542779085336,3.3415607073574e-05,0.9748120178597551,3.257393535939938e-05
FL-2007-000165-BEN,FL-2007-000165-BEN,0.3565487089460209,3.3203868266987355e-05,0.9807232123464087,3.256380434912682e-05
FL-2023-000110-CHL,FL-2023-000110-CHL,0.356623112681795,3.327322241087328e-05,0.978626075734756,3.2562043075002655e-05
FL-2013-000159-VCT,FL-2013-000159-VCT,0.34723401844239904,2.5481363500637104e-05,1.2772387598772803,3.2545785117535927e-05
FL-2006-000065-TZA,FL-2006-000065-TZA,0.358920556388413,3.547997646708145e-05,0.9152295890668976,3.2472324282070154e-05
FL-2022-000336-VNM,FL-2022-000336-VNM,0.3501380514405576,2.7694472988115172e-05,1.1722090372300906,3.246371151799324e-05
Bangladesh: Floods - Jul 1999,Bangladesh: Floods - Jul 1999,0.35402587011293785,3.092786838505509e-05,1.0482356036464253,3.2419692786105415e-05
Guinea: Floods - Aug 1993,Guinea: Floods - Aug 1993,0.35971743237467035,3.627562034910936e-05,0.8923188026319167,3.2369418114647256e-05
FL-2018-000144-PRK,FL-2018-000144-PRK,0.353217922520067,3.022924626647544e-05,1.0698843437963756,3.234179730526712e-05
FL-2021-000123-CAF,FL-2021-000123-CAF,0.3517870092682425,2.9026721003833487e-05,1.1137895613764779,3.2329658855057095e-05
FL-2005-000139-SLE,FL-2005-000139-SLE,0.35395063740886623,3.086220755145626e-05,1.0426506939426599,3.217850212012826e-05
FL-2020-000050-AFG,FL-2020-000050-AFG,0.3462868900761742,2.4794793801373734e-05,1.297519598929159,3.2171730908689645e-05
FL-2024-000064-RWA,FL-2024-000064-RWA,0.3457629490653821,2.4422186150563565e-05,1.3163910113884745,3.214914632705797e-05
FL-2001-000620-DZA,FL-2001-000620-DZA,0.3451953496000264,2.4024223725534723e-05,1.33508580894901,3.207440016697753e-05
1986-04-01T00:00:00+00:00,1986-04-01T00:00:00+00:00,0.35895864281267365,3.551764360148605e-05,0.8870822721015816,3.150707198570045e-05
FL-2012-000157-CMR,FL-2012-000157-CMR,0.35114610959810916,2.8502214991796697e-05,1.1008538293751604,3.13767725193935e-05
FL-2005-000063-SRB,FL-2005-000063-SRB,0.36052634651982884,3.7099672475322096e-05,0.8449809676901925,3.134851714918686e-05
FL-2013-000076-PRY,FL-2013-000076-PRY,0.34546311799484763,2.4211231733421547e-05,1.291359570120468,3.126540580335828e-05
FL-2006-000124-UGA,FL-2006-000124-UGA,0.3581373517701474,3.47133221870483e-05,0.8965169259333157,3.11210808960653e-05
FL-2008-000168-NPL,FL-2008-000168-NPL,0.36089324229398334,3.7478957304633055e-05,0.8284146526395197,3.104811739680898e-05
FL-2009-000216-ITA,FL-2009-000216-ITA,0.35007123612977664,2.7641670196735563e-05,1.1196820788761856,3.094988274949078e-05
FL-2024-000165-CAF,FL-2024-000165-CAF,0.352180579089706,2.935310393205776e-05,1.047691057383914,3.0752984496077515e-05
FF-2025-000055-SOM,FF-2025-000055-SOM,0.34439205537931017,2.3470981092598364e-05,1.306794101216083,3.067173964156176e-05
FL-2012-000173-SOM,FL-2012-000173-SOM,0.3447140475429712,2.3691350520789898e-05,1.2873846983559718,3.04998821438527e-05
FL-2011-000037-BDI,FL-2011-000037-BDI,0.36070460604240195,3.7283517680351333e-05,0.813980526208619,3.034805734036073e-05
FL-2000-000038-PHL,FL-2000-000038-PHL,0.3469960917264099,2.5307301137574668e-05,1.1869100960213697,3.0037491223240467e-05
FL-1997-000143-POL,FL-1997-000143-POL,0.3456442058262822,2.43384440386598e-05,1.233104785558755,3.001185181712535e-05
FL-2023-000056-TZA,FL-2023-000056-TZA,0.34533223227396037,2.4119658795770284e-05,1.243845119381568,3.0001119874267576e-05
FL-2012-000126-PAN,FL-2012-000126-PAN,0.35856640492339725,3.5131441408234806e-05,0.8526290636893213,2.9954087993959495e-05
Djibouti: Floods - Nov 1994,Djibouti: Floods - Nov 1994,0.3546413678488143,3.1469796434634856e-05,0.949468318420347,2.9879574701823385e-05
FL-2013-000131-KHM,FL-2013-000131-KHM,0.34661267542653584,2.502905229352683e-05,1.1821925826726243,2.9589159972732653e-05
USA: Storms and Tornadoes - Apr 2011,USA: Storms and Tornadoes - Apr 2011,0.34046307827831923,2.092667428656518e-05,1.4111840373957132,2.953138870898011e-05
Indonesia: Floods - May 1995,Indonesia: Floods - May 1995,0.35616425423716336,3.2847574141069166e-05,0.8969278164319343,2.9461902949435238e-05
FL-2020-000198-SEN,FL-2020-000198-SEN,0.3462823322269024,2.4791530488704695e-05,1.1855921930050197,2.9392645000054207e-05
FL-2011-000106-GHA,FL-2011-000106-GHA,0.35222295165060635,2.9388439208050108e-05,0.9978910966803896,2.9326461831046082e-05
FL-2023-000231-BDI,FL-2023-000231-BDI,0.3522667208765764,2.942497938146637e-05,0.9891166714763052,2.9104737664054925e-05
Cambodia: Floods - Aug 1994,Cambodia: Floods - Aug 1994,0.3559070114304168,3.2611099210117894e-05,0.8858442088700285,2.8888353380168896e-05
FL-2000-000408-VNM,FL-2000-000408-VNM,0.34780675420693186,2.5904792325796862e-05,1.1142401773728954,2.8864160395903916e-05
FL-2008-000239-NIC,FL-2008-000239-NIC,0.3538130576213277,3.07424564808667e-05,0.9387623897424877,2.8859861912532854e-05
FL-2008-000191-SLV,FL-2008-000191-SLV,0.34817216040354126,2.6178238672343837e-05,1.1001321274321947,2.8799521403033376e-05
FL-2010-000120-BRA,FL-2010-000120-BRA,0.3432071039087111,2.2675803536525826e-05,1.2635202173548898,2.8651336213167893e-05
Algeria: Floods - Nov 1994,Algeria: Floods - Nov 1994,0.3486521226704392,2.6541357775568434e-05,1.0762250844313983,2.8564475012935087e-05
FL-2019-000138-KEN,FL-2019-000138-KEN,0.34548962155183893,2.42298127426161e-05,1.178206310642115,2.8547718279027022e-05
FL-2002-000110-BOL,FL-2002-000110-BOL,0.3546866572277275,3.151000795512096e-05,0.9049212581915606,2.851407604437414e-05
FL-2022-000290-SEN,FL-2022-000290-SEN,0.3525856611078215,2.9692479486271847e-05,0.9602028308095506,2.8510802856472737e-05
FL-2006-000047-COD,FL-2006-000047-COD,0.3507430871387035,2.8176769674051363e-05,1.0080124870300073,2.8402535675612205e-05
FF-2021-000189-BIH,FF-2021-000189-BIH,0.34588724376781776,2.4510121065440354e-05,1.1516117071745788,2.8226142363227374e-05
Indonesia: Floods and Landslides - Jan 1989,Indonesia: Floods and Landslides - Jan 1989,0.33880396971998583,1.992897225677144e-05,1.3981220969467434,2.786313648163076e-05
FL-1998-000111-TJK,FL-1998-000111-TJK,0.3489442770886342,2.6764602644933505e-05,1.0388109267052203,2.7803361676480365e-05
FL-2021-000135-GIN,FL-2021-000135-GIN,0.33826972529097765,1.9616941964424833e-05,1.405762750329889,2.757676628897167e-05
FL-2024-000109-IND,FL-2024-000109-IND,0.3509163223065604,2.831624699606248e-05,0.9733927592934859,2.756282979633314e-05
FL-2022-000286-MRT,FL-2022-000286-MRT,0.34807743089613036,2.610710094382108e-05,1.0505974879699613,2.7428054669756632e-05
FL-2001-000252-ECU,FL-2001-000252-ECU,0.3496087580901992,2.7278660238382804e-05,1.0045332304500523,2.7402320691612073e-05
FL-2002-000782-MKD,FL-2002-000782-MKD,0.3487468532265711,2.6613560231437044e-05,1.0286208969532604,2.7375264196380394e-05
FL-2019-000032-BOL,FL-2019-000032-BOL,0.3496864719975504,2.7339358176968594e-05,0.9989982238811052,2.7311970260840994e-05
FL-2023-000155-KGZ,FL-2023-000155-KGZ,0.34037016886593796,2.0869637289941806e-05,1.3078043445548737,2.7293402317070295e-05
FL-2009-000187-CIV,FL-2009-000187-CIV,0.3449544963606479,2.3857124774349082e-05,1.1423006536672147,2.725200922435926e-05
FL-2017-000095-GHA,FL-2017-000095-GHA,0.3504858286092316,2.7970783121216442e-05,0.9719324461526762,2.7185711659809883e-05
Costa Rica: Floods - Feb 1988,name=Costa Rica: Floods - Feb 1988,0.3625303530709456,3.92142343529061e-05,0.684416433779701,2.6838866429217434e-05
FL-2023-000021-NAM,FL-2023-000021-NAM,0.34053216635560085,2.096917829728746e-05,1.2755322671404512,2.674686353361142e-05
FL-2019-000067-UGA,FL-2019-000067-UGA,0.34700171566936183,2.5311403120338843e-05,1.0531125508651717,2.6655756306036707e-05
FL-2009-000179-LBR,FL-2009-000179-LBR,0.3493041310257261,2.7041900985168188e-05,0.9840111740692383,2.660953273747944e-05
FL-2002-000125-ECU,FL-2002-000125-ECU,0.3532029061374388,3.0216397340421003e-05,0.8770809761459832,2.6502227274951346e-05
FL-2002-000479-CZE,FL-2002-000479-CZE,0.34235178931258026,2.211698995188576e-05,1.1971051210312973,2.6476361933200192e-05
FL-1997-000522-MDA,FL-1997-000522-MDA,0.3518803442868712,2.910382579619051e-05,0.9078244357618784,2.642116423193865e-05
FL-2004-000043-IND,FL-2004-000043-IND,0.359900292410991,3.6460447531867874e-05,0.7238181749939552,2.6390734591979463e-05
FL-2016-000124-COD,FL-2016-000124-COD,0.3389406293371424,2.000950361780863e-05,1.3125392635260602,2.626325914204058e-05
Bangladesh: Floods - Aug 1989,Bangladesh: Floods - Aug 1989,0.34567488556769443,2.436005572711851e-05,1.074589594581484,2.6177062407786638e-05
FL-2006-000190-BDI,FL-2006-000190-BDI,0.3589017364005912,3.5461376941957355e-05,0.7328323699678426,2.5987244906697617e-05
FL-2010-000127-AFG,FL-2010-000127-AFG,0.3452962968967292,2.4094571555269845e-05,1.0727052233242367,2.584637276109754e-05
FL-2006-000030-SRB,FL-2006-000030-SRB,0.357089846947767,3.3711262843339504e-05,0.7659743515955046,2.5821962697892604e-05
FL-1997-000092-ECU,FL-1997-000092-ECU,0.3452786791716106,2.4082280832992902e-05,1.0702429714274362,2.5773891797452317e-05
FF-2016-000079-MKD,FF-2016-000079-MKD,0.34002338934890436,2.0657983246913768e-05,1.242997967664418,2.567783119195941e-05
FL-2012-000140-MMR,FL-2012-000140-MMR,0.3471862983786768,2.5446366337168635e-05,1.0027197916590813,2.5515575152086394e-05
FL-2017-000075-CHN,FL-2017-000075-CHN,0.3439786365811911,2.3190745378192453e-05,1.0948289270937435,2.5389898880910633e-05
FL-2007-000130-CIV,FL-2007-000130-CIV,0.3405768511351105,2.0996710398151993e-05,1.2043864430014575,2.5288153351161995e-05
FL-2007-000210-PHL,FL-2007-000210-PHL,0.3495969660255905,2.7269460729017975e-05,0.9253870742606627,2.523480648069198e-05
FL-2017-000010-PHL,FL-2017-000010-PHL,0.34035588277717277,2.0860879495864212e-05,1.2076275140633692,2.519217204676601e-05
FL-2023-000158-GIN,FL-2023-000158-GIN,0.338189389942161,1.9570403636505856e-05,1.2862993830803735,2.517339812427138e-05
FL-2024-000022-PER,FL-2024-000022-PER,0.34480145087538466,2.375148927195334e-05,1.0537115612771992,2.50272188434086e-05
FL-2007-000206-COG,FL-2007-000206-COG,0.3485757294390171,2.6483260264116865e-05,0.9410945726804741,2.492325250144484e-05
FL-2014-000150-SOM,FL-2014-000150-SOM,0.34062058990913424,2.1023691130698338e-05,1.18193675754845,2.4848673326717702e-05
FL-2025-000047-TZA,FL-2025-000047-TZA,0.3434300958263466,2.2823566525080992e-05,1.084317683177047,2.4747996776313025e-05
FL-1999-000391-MEX,FL-1999-000391-MEX,0.3481990732216146,2.6198480821724492e-05,0.9381273009124613,2.457751010129128e-05
Venezuela: Floods - Aug 1988,Venezuela: Floods - Aug 1988,0.3513875992931459,2.8698837740911898e-05,0.8558233169940771,2.4561134509302026e-05
FL-2005-000132-MKD,FL-2005-000132-MKD,0.3443677651496146,2.345443208692273e-05,1.0452123135987392,2.4514861225717013e-05
FL-2011-000045-GTM,FL-2011-000045-GTM,0.33688899273689676,1.883077585516806e-05,1.3016118343545413,2.4510360703164505e-05
FL-2015-000155-NGA,FL-2015-000155-NGA,0.3415912641126633,2.1630549617608683e-05,1.1309728897968445,2.4463565208920922e-05
FL-2007-000177-SLE,FL-2007-000177-SLE,0.34351952294159005,2.2883067397075243e-05,1.0656581908077745,2.4385528202499573e-05
FL-1997-000025-MWI,FL-1997-000025-MWI,0.3455984920722478,2.43062739721978e-05,0.9993439480764741,2.4290327794404592e-05
FL-2024-000075-UGA,FL-2024-000075-UGA,0.3414383386756503,2.153390764858575e-05,1.1215173808366035,2.4150651705219193e-05
FL-2016-000123-DOM,FL-2016-000123-DOM,0.3440493715598845,2.3238478449722366e-05,1.0354648515724754,2.4062627638711936e-05
FL-2009-000136-BIH,FL-2009-000136-BIH,0.35019425531515314,2.7738960055568055e-05,0.8669569720381771,2.4048484817263227e-05
FL-2019-000089-SLE,FL-2019-000089-SLE,0.34254090522664127,2.223946886302091e-05,1.0808607361671503,2.4037768687251198e-05
FL-2017-000088-SDN,FL-2017-000088-SDN,0.3427727215354338,2.239043478659964e-05,1.0719224581628997,2.4000809895787988e-05
FL-1997-000144-CHN,FL-1997-000144-CHN,0.3380673752092537,1.9499910459011677e-05,1.23024943393917,2.398975380406362e-05
FL-2011-000082-NPL,FL-2011-000082-NPL,0.34405930955498504,2.3245191843945273e-05,1.025863139158339,2.3846385475367516e-05
FL-2023-000014-ZMB,FL-2023-000014-ZMB,0.3384939941893504,1.9747388719044863e-05,1.206847055818516,2.383207793568307e-05
FL-2010-000042-SRB,FL-2010-000042-SRB,0.3427605041521339,2.238245548617075e-05,1.0641610204580652,2.3818536670520684e-05
FL-1998-000255-TUR,FL-1998-000255-TUR,0.3415523953730506,2.160594940330031e-05,1.1010714693094692,2.3789694455317923e-05
FL-2010-000149-GTM,FL-2010-000149-GTM,0.33673222104676204,1.8743329892745716e-05,1.266258028789791,2.3733891962944956e-05
FL-2003-000012-BOL,FL-2003-000012-BOL,0.34470305417045766,2.368379612985081e-05,1.0019840207728257,2.3730785273351802e-05
FL-2009-000245-SRB,FL-2009-000245-SRB,0.34187061782813405,2.180809690623896e-05,1.0840237655442986,2.3640495327656123e-05
FL-2022-000275-UGA,FL-2022-000275-UGA,0.3397439034479094,2.048880940773989e-05,1.149508740471743,2.355206549605668e-05
FL-2017-000054-BFA,FL-2017-000054-BFA,0.3363059389625473,1.8507398132638725e-05,1.26465349431215,2.340544571906772e-05
FF-2021-000198-COG,FF-2021-000198-COG,0.34170996038623935,2.170582917758439e-05,1.0782758332205882,2.340487104220356e-05
FL-2019-000009-ARG,FL-2019-000009-ARG,0.33874317745781424,1.9893242169697623e-05,1.1742632969134712,2.3359904136487224e-05
FF-2014-000048-KAZ,FF-2014-000048-KAZ,0.3393629676485629,2.0260235533871987e-05,1.1524100484085351,2.334809901235774e-05
FL-2020-000029-TZA,FL-2020-000029-TZA,0.3425221991818103,2.2227326947187232e-05,1.0495762709803076,2.3329274931088878e-05
FF-2021-000098-MNG,FF-2021-000098-MNG,0.3398640251663744,2.0561366132550132e-05,1.1320748662636826,2.3277005814705303e-05
FL-2016-000114-EGY,FL-2016-000114-EGY,0.3401211552071437,2.0717457409281558e-05,1.1202710928869943,2.320916865373561e-05
FF-2013-000084-GEO,FF-2013-000084-GEO,0.33745868480897406,1.915164557083674e-05,1.2112001793088392,2.3196476549456797e-05
FL-2021-000110-YEM,FL-2021-000110-YEM,0.3391316630149347,2.0122567625476432e-05,1.1524258360621629,2.318976681950709e-05
FL-2012-000013-ECU,FL-2012-000013-ECU,0.342023664049978,2.190592276431112e-05,1.057874236360154,2.317371131606014e-05
FL-2021-000161-IND,FL-2021-000161-IND,0.34351312007113666,2.287880257316528e-05,1.010338230289432,2.3115328902913112e-05
Malaysia: Floods - Dec 1993,Malaysia: Floods - Dec 1993,0.33802173655209145,1.947360181911706e-05,1.1835292726936872,2.3047577797706078e-05
FL-2023-000259-COG,FL-2023-000259-COG,0.3379544406377701,1.9434867020208877e-05,1.1831497507677173,2.2994358071163862e-05
FL-1997-000022-BOL,FL-1997-000022-BOL,0.3477890832597458,2.589163393921426e-05,0.8860824734618276,2.2942123042827173e-05
FL-2008-000155-CHL,FL-2008-000155-CHL,0.3402194563139751,2.0777412507675375e-05,1.1026017644863366,2.290921169242335e-05
FL-2016-000137-ARG,FL-2016-000137-ARG,0.34363871874034596,2.296259208650116e-05,0.9911432885271344,2.2759219033721912e-05
FL-2024-000088-BGD,FL-2024-000088-BGD,0.3409237734474493,2.1211572562278738e-05,1.0651890538676798,2.2594334908659325e-05
FL-1999-000574-VNM,FL-1999-000574-VNM,0.33937666140624656,2.0268412299327583e-05,1.114647519535003,2.2592135494358236e-05
FF-2020-000138-TJK,FF-2020-000138-TJK,0.34573847646128086,2.4404905983065708e-05,0.9245550834716685,2.2563679888291537e-05
FL-1997-000137-CHL,FL-1997-000137-CHL,0.34526575624628497,2.4073268949980757e-05,0.9286157560049981,2.2354816845498027e-05
FL-2017-000134-CAF,FL-2017-000134-CAF,0.3411889654025567,2.1377148267945876e-05,1.0409891559456468,2.225337953197392e-05
FL-2012-000132-NPL,FL-2012-000132-NPL,0.33465925472928987,1.7620912542031967e-05,1.2592133213281245,2.2188487806884477e-05
Indonesia: Floods - Feb 1993,Indonesia: Floods - Feb 1993,0.33447825672690135,1.7525842739076663e-05,1.260456071218516,2.2090554883690127e-05
FL-2015-000079-CRI,FL-2015-000079-CRI,0.3393104085402604,2.0228879193406903e-05,1.090367135378019,2.2056905058023098e-05
FF-2022-000309-SLE,FF-2022-000309-SLE,0.33604136525925266,1.8362313794287556e-05,1.196452650536421,2.1969639009156833e-05
FL-1998-000048-PAK,FL-1998-000048-PAK,0.33390312548484397,1.7226809162982895e-05,1.274857049816715,2.196171910727593e-05
FL-2015-000040-SOM,FL-2015-000040-SOM,0.34333781683339953,2.276231414887999e-05,0.9639478737922579,2.1941684326404295e-05
FL-2010-000031-PRT,FL-2010-000031-PRT,0.3338298324303683,1.7189032965789455e-05,1.2669155831916283,2.1777053724353273e-05
FL-2008-000234-BRA,FL-2008-000234-BRA,0.3422413026761379,2.2045715720973414e-05,0.9860207753496221,2.1737533708331556e-05
FL-2016-000068-NPL,FL-2016-000068-NPL,0.3379177095385948,1.941375426357663e-05,1.1157984838635762,2.1661837573398843e-05
ST-1998-000296-PHL,ST-1998-000296-PHL,0.33811893288406125,1.9529669624313713e-05,1.108207062894622,2.1642917813663013e-05
FL-1999-000350-CRI,FL-1999-000350-CRI,0.35177242540421555,2.9014689781038332e-05,0.7458703171652188,2.1641195869433494e-05
FF-2013-000100-RUS,FF-2013-000100-RUS,0.33781876887202233,1.9356986568622402e-05,1.1177984678138433,2.1637209927899265e-05
FL-2019-000058-TJK,FL-2019-000058-TJK,0.3431524381010681,2.2639711538671107e-05,0.9455169340537894,2.1406230641906505e-05
FL-2011-000038-KAZ,FL-2011-000038-KAZ,0.33712986578607784,1.896584848211797e-05,1.1284426954486195,2.140187318263131e-05
FL-2013-000052-SOM,FL-2013-000052-SOM,0.3374986928249498,1.9174363263045736e-05,1.11224014258995,2.132649652976149e-05
Thailand: Floods - Oct 1995,Thailand: Floods - Oct 1995,0.3319915221109204,1.6265594269176197e-05,1.3030110983590828,2.119424985414248e-05
FL-2005-000208-BIH,FL-2005-000208-BIH,0.3438013062435607,2.307146775221663e-05,0.9162380586784109,2.1138956824152526e-05
FL-2006-000034-ECU,FL-2006-000034-ECU,0.34284555995540245,2.2438059471695612e-05,0.9389625926165136,2.106849849482683e-05
FL-2010-000019-MEX,FL-2010-000019-MEX,0.34167403327687224,2.1683018638369614e-05,0.971123387516118,2.1056886511668626e-05
Yemen: Floods - Feb 1993,Yemen: Floods - Feb 1993,0.3438632970795355,2.3113101701207653e-05,0.9108992485616124,2.1053706971558176e-05
FL-2024-000048-URY,FL-2024-000048-URY,0.3410135909940689,2.126752148111488e-05,0.9844872518135657,2.093760377582876e-05
FL-2013-000083-THA,FL-2013-000083-THA,0.3363274923831637,1.8519262710445002e-05,1.1294300963517903,2.0916212667422014e-05
Brazil: Floods - Apr 1985,Brazil: Floods - Apr 1985,0.3424854485695505,2.2203489847402005e-05,0.9399629984750824,2.0870458893575037e-05
China: Floods - Aug 1985,China: Floods - Aug 1985,0.36390817972760997,4.073035311766122e-05,0.5116338983381565,2.0839029346278698e-05
1985-06-01-ARG-Flood,1985-06-01-ARG-Flood,0.34391741701406336,2.3149504709712542e-05,0.8967196146811239,2.0758614943352296e-05
FL-2010-000119-PAN,FL-2010-000119-PAN,0.339749368109021,2.0492105199166635e-05,1.0125237531271618,2.0748743265736825e-05
FL-2006-000041-SRB,FL-2006-000041-SRB,0.34326326554286,2.271293704429803e-05,0.9124205484011927,2.0723750473760174e-05
FL-2022-000190-TUN,FL-2022-000190-TUN,0.33720188670042706,1.900640411831098e-05,1.0842181471624253,2.0607088257375418e-05
FL-2022-000158-HTI,FL-2022-000158-HTI,0.3334261538545418,1.6982304654888015e-05,1.2084069567596751,2.052153508677889e-05
India: Floods - Oct 1988,India: Floods - Oct 1988,0.34146389696281654,2.1550032235670834e-05,0.9494561647783664,2.0460810957330193e-05
FL-2007-000139-KEN,FL-2007-000139-KEN,0.3383884107852927,1.968587884304984e-05,1.0383627898563688,2.0441084076243695e-05
FL-2024-000212-HTI,FL-2024-000212-HTI,0.34348931629733437,2.2862953628282964e-05,0.8913366497024602,2.0378588489336445e-05
LS-2015-000135-LKA,LS-2015-000135-LKA,0.33081324403877704,1.5697441786666375e-05,1.290597047444825,2.025907202230864e-05
FL-2022-000376-COD,FL-2022-000376-COD,0.33438209229253163,1.7475520067604024e-05,1.149086862190552,2.008089051963113e-05
FL-2015-000110-ARG,FL-2015-000110-ARG,0.3305707100468636,1.5582735758271214e-05,1.2876324492768365,2.0064836210856506e-05
FL-1999-000324-HND,FL-1999-000324-HND,0.3376731531538356,1.9273710545704543e-05,1.0408486923311688,2.0061016417866032e-05
FF-2007-000070-CHN,FF-2007-000070-CHN,0.35276664102937405,2.984524156905371e-05,0.6717253779144738,2.0047806171921367e-05
FL-2007-000129-PAK,FL-2007-000129-PAK,0.35252761497049734,2.9643632989125597e-05,0.6733911312339389,1.9961759552430996e-05
FF-2020-000168-MNG,FF-2020-000168-MNG,0.3312031531055515,1.5883442195388447e-05,1.2541412875563223,1.9920080645750886e-05
FL-2013-000028-NAM,FL-2013-000028-NAM,0.33718266221833193,1.899557100726238e-05,1.0440048847146737,1.983146891952636e-05
FL-2018-000060-LKA,FL-2018-000060-LKA,0.3372206433456649,1.901697895911403e-05,1.0416733122822366,1.9809479461941913e-05
FL-1992-000008-PAK,FL-1992-000008-PAK,0.3366630059145531,1.87048386927463e-05,1.0486466674608446,1.961476676054107e-05
FF-2011-000088-NGA,FF-2011-000088-NGA,0.32748394426401706,1.418731216096006e-05,1.376295308125757,1.9525931162044823e-05
FL-1998-000224-SVK,FL-1998-000224-SVK,0.3312859549119903,1.59231959922304e-05,1.2251616258519693,1.950848869060056e-05
FL-2022-000305-GIN,FL-2022-000305-GIN,0.3271140500030002,1.4027878019054346e-05,1.381125092626501,1.937425432841969e-05
FL-2005-000168-NPL,FL-2005-000168-NPL,0.3413840927009251,2.1499720127918063e-05,0.9001866293184169,1.9353760593239885e-05
FL-2023-000079-BIH,FL-2023-000079-BIH,0.33205375269805504,1.629610925690569e-05,1.1840473487984016,1.929536496136827e-05
FL-2010-000251-CRI,FL-2010-000251-CRI,0.33424222025623873,1.740255741006956e-05,1.1052106563104114,1.923349189666259e-05
FL-2018-000065-TJK,FL-2018-000065-TJK,0.3255137804462158,1.335653446424451e-05,1.4353974911294434,1.9171936060160512e-05
FL-2024-000103-NPL,FL-2024-000103-NPL,0.3361148318796728,1.8402497688994435e-05,1.0276933790072569,1.8912125032175925e-05
Indonesia: Floods and Landslides - Feb 1990,Indonesia: Floods and Landslides - Feb 1990,0.3328620896236827,1.6697188590672423e-05,1.126768567319263,1.8813867266571507e-05
FL-2002-000808-MWI,FL-2002-000808-MWI,0.3380356382147782,1.9481612119081475e-05,0.9632105028592333,1.8764893405729e-05
FL-2013-000013-BWA,FL-2013-000013-BWA,0.3349778829493371,1.7789401420216822e-05,1.0534703310426612,1.8740606603206603e-05
FL-2018-000054-BDI,FL-2018-000054-BDI,0.3435824011746385,2.2924987360408778e-05,0.814524387135535,1.8672961279826847e-05
Philippines: Floods and Landslides - Jun 2018,Philippines: Floods and Landslides - Jun 2018,0.33421044914385595,1.7386022629758506e-05,1.0625282512687408,1.847314022131606e-05
FL-2024-000167-THA,FL-2024-000167-THA,0.3278909252302239,1.4364614394009249e-05,1.2835865378512363,1.8438225657574368e-05
FL-2020-000054-BDI,FL-2020-000054-BDI,0.334362633296861,1.746535304491793e-05,1.0550987498746878,1.8427672163812977e-05
FL-2018-000034-BLR,FL-2018-000034-BLR,0.3290180937399495,1.4866126303139537e-05,1.2389029264369613,1.841768738174106e-05
FL-2020-000175-GEO,FL-2020-000175-GEO,0.33404656656762005,1.730095685201813e-05,1.0606407542579777,1.8350099924909237e-05
Moldova: Floods - Aug 1994,Moldova: Floods - Aug 1994,0.3383593569202186,1.966898317178197e-05,0.9253720476383611,1.8201127232636347e-05
FL-2008-000032-KAZ,FL-2008-000032-KAZ,0.33577079722029585,1.821500179061204e-05,0.9978373267784768,1.8175608694009484e-05
FL-2023-000042-SYR,FL-2023-000042-SYR,0.33753864544498163,1.919707369959368e-05,0.9456166805369497,1.8153073107832956e-05
FL-2013-000119-MRT,FL-2013-000119-MRT,0.3309256419659612,1.5750857421655167e-05,1.148465884201649,1.8089322395695307e-05
FL-2008-000038-ARG,FL-2008-000038-ARG,0.33558175850363026,1.811271088315044e-05,0.9962518718082016,1.804482212085941e-05
FL-2008-000086-MEX,FL-2008-000086-MEX,0.33682598128417507,1.879558454969378e-05,0.9563543144258493,1.7975238376255482e-05
FL-2011-000164-CAF,FL-2011-000164-CAF,0.33815954465824016,1.9553139571756497e-05,0.9191458685754219,1.797218745505858e-05
FL-2008-000091-SOM,FL-2008-000091-SOM,0.3357111334968588,1.818266109123039e-05,0.9854190784086135,1.7917541135536406e-05
FL-1999-000286-GMB,FL-1999-000286-GMB,0.3307517257517347,1.566827511803454e-05,1.1434551069584922,1.791596920094727e-05
FL-2023-000053-ECU,FL-2023-000053-ECU,0.3298271938704144,1.5235776690618281e-05,1.1701678124219697,1.782841548061043e-05
FL-2002-000522-KHM,FL-2002-000522-KHM,0.3358799224281753,1.827428703580522e-05,0.9662857219135197,1.7658182640847923e-05
FL-2002-000367-SRB,FL-2002-000367-SRB,0.3394826551213267,2.0331803404506068e-05,0.8641325154688277,1.7569372419953506e-05
FF-2020-000191-AFG,FF-2020-000191-AFG,0.32763518383633305,1.4252968744186728e-05,1.231578444091277,1.7553649069647092e-05
FL-2008-000182-RWA,FL-2008-000182-RWA,0.33460930105212194,1.7594627945180843e-05,0.99098155542331,1.7435951768209748e-05
FL-1999-000253-PHL,FL-1999-000253-PHL,0.3255242824531024,1.33608442904936e-05,1.2987188406129038,1.7351980206559384e-05
FF-2014-000009-TZA,FF-2014-000009-TZA,0.3324718422786934,1.6502460392404497e-05,1.0439643751945358,1.7227980752729134e-05
FL-1997-000140-AZE,FL-1997-000140-AZE,0.33397336255452004,1.7263080358821096e-05,0.9955723453086005,1.7186645400082354e-05
FL-2021-000049-RWA,FL-2021-000049-RWA,0.32506385906467583,1.31730660295001e-05,1.2970626710434043,1.7086292210054533e-05
FL-2000-000583-LAO,FL-2000-000583-LAO,0.32750184033335633,1.4195067031759972e-05,1.2022237305473946,1.7065646442292806e-05
FL-2008-000094-ZAF,FL-2008-000094-ZAF,0.33202853823716766,1.6283739053949173e-05,1.045585962583682,1.7026048973184943e-05
FL-1997-000097-AFG,FL-1997-000097-AFG,0.32261790966480197,1.221475412958878e-05,1.3915845675709566,1.699786334340936e-05
FL-2018-000120-NGA,FL-2018-000120-NGA,0.3325652856558504,1.6548900337248953e-05,1.0265078744630958,1.6987576509891033e-05
FL-2011-000063-HTI,FL-2011-000063-HTI,0.3288487617574376,1.4789793460623026e-05,1.148278435508363,1.6982800896456028e-05
FL-2010-000075-TJK,FL-2010-000075-TJK,0.33101554569660485,1.5793700679958688e-05,1.0707477241626986,1.691106905917263e-05
FL-2009-000241-COL,FL-2009-000241-COL,0.3444821959341974,2.3532486021912313e-05,0.7158636981146965,1.684605246947855e-05
FL-2019-000170-RWA,FL-2019-000170-RWA,0.32492912396416695,1.3118566967449211e-05,1.2803341263764025,1.6796148977579418e-05
FL-1997-000142-CZE,FL-1997-000142-CZE,0.33700513469547666,1.8895795468945706e-05,0.8861912863935222,1.674528929405388e-05
FF-2007-000049-TJK,FF-2007-000049-TJK,0.3338464641676213,1.719759863470715e-05,0.9615243720808555,1.653591022853537e-05
FL-2010-000076-COL,FL-2010-000076-COL,0.32875558248306835,1.4747939984904461e-05,1.1209522992842493,1.6531737235784774e-05
FL-2019-000101-NER,FL-2019-000101-NER,0.3269559042464648,1.3960206537764124e-05,1.1793461107574137,1.646391528568234e-05
FL-2018-000029-RWA,FL-2018-000029-RWA,0.3269445968271135,1.3955379301328511e-05,1.1779991519684878,1.6439424982363574e-05
FL-2010-000139-SDN,FL-2010-000139-SDN,0.3399302214264058,2.0601449195743395e-05,0.793326664779713,1.6343678980087807e-05
FL-2006-000057-SUR,FL-2006-000057-SUR,0.3292766708042404,1.4983374035998914e-05,1.0860789103745403,1.627312654675188e-05
FL-2012-000210-MWI,FL-2012-000210-MWI,0.33018757711024055,1.5403070193058957e-05,1.055907660515866,1.6264219812314552e-05
FL-2009-000248-URY,FL-2009-000248-URY,0.33357410767318846,1.705781222801518e-05,0.9530636879457565,1.625718143031837e-05
FL-2020-000011-MOZ,FL-2020-000011-MOZ,0.33116463879243885,1.5864981626887796e-05,1.0218255119837183,1.6211242973506906e-05
FL-2004-000055-TJK,FL-2004-000055-TJK,0.3255845123107288,1.3385585673605245e-05,1.196880781045007,1.60209502357695e-05
FL-2007-000132-BFA,FL-2007-000132-BFA,0.32907900740659285,1.4893672054683903e-05,1.0755363901814037,1.6018686278240374e-05
FF-2022-000274-IRN,FF-2022-000274-IRN,0.3294555228652646,1.506495791907755e-05,1.061292911805653,1.5988333056167444e-05
Lao PDR: Floods - Sep 1995,Lao PDR: Floods - Sep 1995,0.3259175276022225,1.3523128389466685e-05,1.1807652832898365,1.596764052375346e-05
Nigeria: Floods - Sep 1994,Nigeria: Floods - Sep 1994,0.3325175731610384,1.6525173274121897e-05,0.9617582522941903,1.589322176697814e-05
FL-2022-000271-NGA,FL-2022-000271-NGA,0.3256036450644889,1.3393453702928632e-05,1.1840293642331243,1.5858242472764374e-05
FL-2002-000402-BGD,FL-2002-000402-BGD,0.3379160294227024,1.941278903960693e-05,0.8143569274139246,1.5808939234829013e-05
Viet Nam: Floods - Oct 1996,Viet Nam: Floods - Oct 1996,0.32404335659164274,1.2765305754196769e-05,1.2349455247629835,1.5764457213376463e-05
FL-2016-000089-SEN,FL-2016-000089-SEN,0.3258758406021828,1.3505841369280957e-05,1.1668188769061376,1.575887065817686e-05
FL-2012-000198-PAN,FL-2012-000198-PAN,0.32628211963551,1.3675170496105122e-05,1.1516842231061208,1.574947810865057e-05
FL-2004-000068-ROM,FL-2004-000068-ROM,0.33308874810859357,1.681123514022075e-05,0.9341110661845553,1.5703560780710868e-05
FL-2005-000160-MMR,FL-2005-000160-MMR,0.3407767363054026,2.1120266439144867e-05,0.7408779621824715,1.5647539960184493e-05
FL-2016-000060-IND,FL-2016-000060-IND,0.3254429042514454,1.332748090699122e-05,1.168540290886529,1.557369841584018e-05
FL-2020-000210-VNM,FL-2020-000210-VNM,0.3248154428151462,1.3072741958092682e-05,1.1895555246609049,1.5550752418715564e-05
FL-2009-000044-BIH,FL-2009-000044-BIH,0.33437592066269173,1.747229491032781e-05,0.8874544487949036,1.5505865848826967e-05
FL-1993-000013-PHL,FL-1993-000013-PHL,0.3262483439756275,1.3661020998476124e-05,1.133970277619954,1.5491191774213993e-05
FL-2023-000068-YEM,FL-2023-000068-YEM,0.32470932569456223,1.3030096077506857e-05,1.1881661189135326,1.5481918685481766e-05
FL-2005-000157-MDA,FL-2005-000157-MDA,0.3301227530760076,1.5372856836980217e-05,1.0060968725786879,1.5466583186285695e-05
Philippines: Floods - Jun 1990,Philippines: Floods - Jun 1990,0.3347547562433838,1.7671261859075704e-05,0.8681427258296911,1.5341177439188235e-05
FF-2023-000133-AFG,FF-2023-000133-AFG,0.32420661898476777,1.282976706157635e-05,1.1905710968816803,1.5274749843237405e-05
FL-2013-000087-MMR,FL-2013-000087-MMR,0.33326424803887145,1.6900021559607504e-05,0.8995776132921189,1.5202881059177072e-05
FL-2016-000072-SDN,FL-2016-000072-SDN,0.32545991504773863,1.3334448777324162e-05,1.1398024130767133,1.5198636893441908e-05
Brazil: Floods - Jan 1985,Brazil: Floods - Jan 1985,0.3256434515065578,1.3409836785542889e-05,1.1328349068786117,1.519113120620786e-05
FL-2012-000071-NPL,FL-2012-000071-NPL,0.3222987466416183,1.2094451193080186e-05,1.255510001310555,1.5184704433274547e-05
FL-2017-000091-MMR,FL-2017-000091-MMR,0.32474458784034255,1.3044253162334824e-05,1.1626994974476923,1.5166546596427171e-05
FL-2011-000043-VCT,FL-2011-000043-VCT,0.3287084179356611,1.472679567388019e-05,1.0288152889065125,1.5151152545890226e-05
FL-2015-000071-GEO,FL-2015-000071-GEO,0.327952238737253,1.4391497918649811e-05,1.0505572323321797,1.511909222253107e-05
FL-2020-000164-IND,FL-2020-000164-IND,0.3244558749733214,1.292874661667143e-05,1.1662775244540442,1.5078506598385156e-05
FL-2010-000089-AZE,FL-2010-000089-AZE,0.327212616355927,1.4070204330512035e-05,1.0703967476559106,1.5060700954234192e-05
FF-2008-000199-LKA,FF-2008-000199-LKA,0.3240377142060082,1.2763083177097862e-05,1.1763858573071313,1.5014310545172494e-05
FL-2019-000034-BOL,FL-2019-000034-BOL,0.3228680981633425,1.2309810155944433e-05,1.2187179470762803,1.5002186562151346e-05
FL-2019-000093-NGA,FL-2019-000093-NGA,0.316230697005798,1.0000926898750144e-05,1.4999999960810835,1.5001390308932417e-05
FL-1997-000111-ARM,FL-1997-000111-ARM,0.3262685489072128,1.3669483782625379e-05,1.0966184261872387,1.4990207792494625e-05
Tunisia: Floods - Oct 1986,Tunisia: Floods - Oct 1986,0.3244014974533358,1.290709488361546e-05,1.1587436410513112,1.4956014120835329e-05
FL-2012-000043-KGZ,FL-2012-000043-KGZ,0.3236453133799861,1.2609365251798835e-05,1.178777939336242,1.4863641587853447e-05
FF-2019-000054-YEM,FF-2019-000054-YEM,0.3230073230606172,1.2362994769432947e-05,1.2008192634195207,1.484572227268986e-05
1995-09-01T00:00:00+00:00,1995-09-01T00:00:00+00:00,0.32805040292668464,1.4434633289360152e-05,1.02827893467495,1.4842829341206825e-05
FL-2015-000093-GUY,FL-2015-000093-GUY,0.32775146424318535,1.4303634561242944e-05,1.034221533733351,1.4793126873890043e-05
FL-2015-000009-ALB,FL-2015-000009-ALB,0.3237494274788808,1.2649987337877508e-05,1.1668042059205903,1.4760058430677688e-05
FL-2015-000039-KAZ,FL-2015-000039-KAZ,0.32267570824901404,1.2236655112688609e-05,1.2043264756829248,1.4736927726011716e-05
FL-2017-000012-MOZ,FL-2017-000012-MOZ,0.32283135151645215,1.2295807142093605e-05,1.1982479826023038,1.4733426102480661e-05
FL-2010-000179-ETH,FL-2010-000179-ETH,0.32764633403257376,1.4257820107745292e-05,1.030549003575644,1.469338230519769e-05
FL-1998-000213-KGZ,FL-1998-000213-KGZ,0.32481669700210875,1.3073246735429404e-05,1.1210585535855664,1.4655875075887714e-05
FL-2002-000734-MAR,FL-2002-000734-MAR,0.32606729647893024,1.3585399881202625e-05,1.0757011498710427,1.4613830273667591e-05
FL-2003-000227-CHN,FL-2003-000227-CHN,0.3418841394944498,2.1816723979866982e-05,0.667747313747308,1.4568058832322655e-05
FL-2009-000127-BEN,FL-2009-000127-BEN,0.32742512737284113,1.4161851996616848e-05,1.0221105165631266,1.4474977859752592e-05
FL-1991-000011-CHN,FL-1991-000011-CHN,0.3318856390670296,1.6213792314997196e-05,0.8927290395029112,1.447452324006713e-05
FL-2012-000200-BFA,FL-2012-000200-BFA,0.32539241172681554,1.3306817727233472e-05,1.0864384324897092,1.4457038193001808e-05
FL-2001-000029-BOL,FL-2001-000029-BOL,0.32841280342910195,1.4594889151586664e-05,0.9901822298032961,1.445159988385002e-05
FL-2009-000203-USA,FL-2009-000203-USA,0.325837829111675,1.349009587022797e-05,1.0672358252351861,1.4397113598564523e-05
FL-2007-000151-TCD,FL-2007-000151-TCD,0.3327871469877819,1.6659633569277114e-05,0.8635836730404353,1.4386987549264067e-05
FL-2007-000159-RWA,FL-2007-000159-RWA,0.32844193851765235,1.4607842154022815e-05,0.9770683724629499,1.4272860558626744e-05
FL-2006-000125-THA,FL-2006-000125-THA,0.3246142211835644,1.2991982331253538e-05,1.0964339239819898,1.4244850167760996e-05
1988-08-01T00:00:00+00:00,1988-08-01T00:00:00+00:00,0.33397260643618615,1.726268952529845e-05,0.8249538870093336,1.4240922824130264e-05
FL-2012-000128-SSD,FL-2012-000128-SSD,0.3215898972937224,1.1831068526633347e-05,1.202591215503273,1.4227939080146513e-05
FL-1999-000265-TCD,FL-1999-000265-TCD,0.32307444706369515,1.238871029046525e-05,1.1454311201477374,1.4190414305193412e-05
FL-2006-000056-AFG,FL-2006-000056-AFG,0.3287802868441684,1.4759026082937343e-05,0.9546321476865294,1.408944076731598e-05
FL-2025-000022-PER,FL-2025-000022-PER,0.32010866102668867,1.1297289241087228e-05,1.244445279687572,1.4058858269336193e-05
FL-2010-000041-SOM,FL-2010-000041-SOM,0.32342479909586397,1.2523714843633614e-05,1.120673451219893,1.4034994735908686e-05
FL-2015-000080-MMR,FL-2015-000080-MMR,0.3195455878639907,1.1100134826061601e-05,1.2536908885177969,1.391613789275251e-05
FL-2004-000031-CHN,FL-2004-000031-CHN,0.34139941639335225,2.1509372647194274e-05,0.6434879492593721,1.3841022094598676e-05
FF-2012-000107-SLB,FF-2012-000107-SLB,0.3189189428834365,1.0884366543886099e-05,1.2688330044270801,1.3810443503164593e-05
FL-2009-000095-TJK,FL-2009-000095-TJK,0.3191364446960664,1.0958825843382172e-05,1.2601155392859784,1.3809386737574642e-05
FL-2013-000085-NIC,FL-2013-000085-NIC,0.32261975635317974,1.221545332900853e-05,1.1269320283443198,1.3765985597204958e-05
FL-2009-000123-BGD,FL-2009-000123-BGD,0.3347879227498058,1.7688777828187138e-05,0.7725988685349205,1.3666329735822972e-05
FL-2009-000010-FJI,FL-2009-000010-FJI,0.3247390009881097,1.3042009224298325e-05,1.0467452570561262,1.365166129801652e-05
FL-2011-000107-MMR,FL-2011-000107-MMR,0.3211716103914922,1.1678081269317225e-05,1.1654079728699487,1.3609729019085504e-05
FL-2023-000200-ZAF,FL-2023-000200-ZAF,0.32152556885236494,1.1807423832212816e-05,1.1520700678179971,1.3602979575133255e-05
FL-2005-000070-YEM,FL-2005-000070-YEM,0.32558642150526385,1.3386370611475818e-05,1.0139259017870548,1.3572787893896347e-05
FL-2003-000293-TLS,FL-2003-000293-TLS,0.3237625593554837,1.2655119343780303e-05,1.0697950005147083,1.3538383404893144e-05
FL-2011-000091-BEN,FL-2011-000091-BEN,0.3240544449403764,1.2769674551053153e-05,1.0550833377129152,1.3473070846832833e-05
FL-2025-000045-COD,FL-2025-000045-COD,0.3211468639770981,1.1669086375347646e-05,1.1530761769304614,1.3455345505957199e-05
FL-2019-000171-LKA,FL-2019-000171-LKA,0.32286487766034766,1.2308582348016228e-05,1.0913836782077029,1.3433385876500354e-05
FL-2018-000112-GEO,FL-2018-000112-GEO,0.32490248728279447,1.3107816739612756e-05,1.0222629843578837,1.339963585865276e-05
FL-2014-000159-MAR,FL-2014-000159-MAR,0.3179421528692156,1.0555555809336837e-05,1.2669680436793196,1.337355189370337e-05
FL-2016-000026-PNG,FL-2016-000026-PNG,0.31927592960115136,1.1006817878412752e-05,1.213394111780414,1.3355608003105421e-05
FL-2012-000138-NGA,FL-2012-000138-NGA,0.3185011872406225,1.0742628454526524e-05,1.2369286645182986,1.3287865067673768e-05
FL-2008-000154-MEX,FL-2008-000154-MEX,0.32528719083759927,1.326385054462923e-05,1.0007930921827906,1.3274370000809878e-05
FL-2009-000121-CZE,FL-2009-000121-CZE,0.3312266892907548,1.589473300594582e-05,0.8338900564640452,1.3254459803809084e-05
FL-2020-000212-KHM,FL-2020-000212-KHM,0.3179811985062405,1.0568525975087826e-05,1.253731041392615,1.3250089076731763e-05
name,name,0.3207724578970116,1.1533754924235788e-05,1.1460299969121097,1.321802912020697e-05
FL-2024-000039-KAZ,FL-2024-000039-KAZ,0.31884607723280256,1.0859523819901516e-05,1.2154593718752695,1.3199310001002025e-05
FL-2010-000107-PHL,FL-2010-000107-PHL,0.3236564881482003,1.2613719667686217e-05,1.0440934584066572,1.3169902191206574e-05
FL-2002-000373-GHA,FL-2002-000373-GHA,0.332901212909296,1.6716824185055043e-05,0.7873144358723436,1.3161397002833761e-05
FL-2012-000068-DOM,FL-2012-000068-DOM,0.3163257067737175,1.0031014788183713e-05,1.3071503900505754,1.311204489297743e-05
FL-2014-000162-LKA,FL-2014-000162-LKA,0.32200231875112056,1.1983674128997869e-05,1.0916819458806812,1.3082360691944372e-05
FL-2017-000004-THA,FL-2017-000004-THA,0.3217170620264285,1.1877934881018389e-05,1.0982925831634236,1.3045447783120619e-05
OT-2004-000112-COL,OT-2004-000112-COL,0.33069154073814766,1.563978778175558e-05,0.8326011254375424,1.302170490869402e-05
FL-2004-000142-ALB,FL-2004-000142-ALB,0.329249760730806,1.4971133404311406e-05,0.8548694500312184,1.2798364579687695e-05
FL-2004-000036-MKD,FL-2004-000036-MKD,0.32409554631342863,1.2785880186532826e-05,0.9980071080496405,1.2760399308830824e-05
FL-2024-000169-AUT,FL-2024-000169-AUT,0.3251131193196509,1.319304214382696e-05,0.9517727962928261,1.2556778612839287e-05
FL-1997-000526-ECU,FL-1997-000526-ECU,0.32469922839043974,1.3026044748425587e-05,0.9609815296317132,1.2517788407393165e-05
ST-2010-000085-CHN,ST-2010-000085-CHN,0.31686965497813674,1.0204847280480462e-05,1.2265270055929207,1.2516520777460762e-05
FL-2021-000007-SYR,FL-2021-000007-SYR,0.3218358573879997,1.192186760009373e-05,1.0486817242043107,1.25022446706018e-05
FL-2012-000183-COL,FL-2012-000183-COL,0.319973307039191,1.124961084236881e-05,1.1081396423212708,1.2466139735116064e-05
FL-2011-000133-MEX,FL-2011-000133-MEX,0.32897002907774653,1.484442336910651e-05,0.8391023593878815,1.2455990672769877e-05
Djibouti: Floods - Apr 2004,Djibouti: Floods - Apr 2004,0.32361002523555643,1.2595623577596224e-05,0.9882468827637481,1.2447585737025036e-05
FL-2014-000098-SDN,FL-2014-000098-SDN,0.31994013166796353,1.1237952496872609e-05,1.100317560627309,1.2365316477804445e-05
FL-2001-000417-SDN,FL-2001-000417-SDN,0.3178256990545392,1.0516957257883738e-05,1.163963410402066,1.2241353436939116e-05
FF-2020-000006-IRN,FF-2020-000006-IRN,0.3157135908887675,9.838588096445448e-06,1.2339055159670984,1.2139888121532273e-05
FL-2010-000219-PHL,FL-2010-000219-PHL,0.31810433292137674,1.0609522716653436e-05,1.141795195185297,1.2113902061084152e-05
FL-1995-000012-PHL,FL-1995-000012-PHL,0.31363709305459897,9.210308972428934e-06,1.3115398697141116,1.2079687429726157e-05
1993-08-01T00:00:00+00:00,1993-08-01T00:00:00+00:00,0.32301900222264657,1.2367465656143789e-05,0.9751121616043547,1.2059666169529988e-05
FL-2013-000142-VNM,FL-2013-000142-VNM,0.31925164015089935,1.09984471237367e-05,1.0905579261018445,1.1994443685603093e-05
FL-2002-000470-VNM,FL-2002-000470-VNM,0.3147227588505842,9.534139367716819e-06,1.2513371910904603,1.1930423175863742e-05
FL-2015-000065-GHA,FL-2015-000065-GHA,0.3197887754181482,1.1184901387764819e-05,1.0654801946479941,1.1917290907754279e-05
Nepal: Floods - Jul 1996,Nepal: Floods - Jul 1996,0.33230441858622034,1.641954659477449e-05,0.7248329870558342,1.1901429004392845e-05
FL-1997-000301-UGA,FL-1997-000301-UGA,0.32301570126728235,1.2366201873687553e-05,0.9567646009320045,1.1831544200723278e-05
FL-2007-000153-GHA,FL-2007-000153-GHA,0.3180104203795027,1.057824226882706e-05,1.1152536052692246,1.179742282772068e-05
FL-2024-000189-LKA,FL-2024-000189-LKA,0.3164652318067456,1.0075347540063672e-05,1.1695806147019812,1.1783931169243763e-05
FL-2011-000042-COL,FL-2011-000042-COL,0.32849600343970775,1.4631905984862057e-05,0.8050454036566094,1.1779348659848833e-05
Cambodia: Floods - Sep 1996,Cambodia: Floods - Sep 1996,0.31458401450864226,9.492191756967311e-06,1.2387081711791748,1.1758055491755015e-05
FL-2015-000145-SOM,FL-2015-000145-SOM,0.3199437317080112,1.1239217081200897e-05,1.0458367139854998,1.1754385859972847e-05
FL-2018-000014-ARG,FL-2018-000014-ARG,0.3177884307743809,1.0504631566304125e-05,1.1137801849313482,1.1699850488553887e-05
1994-01-01T00:00:00+00:00,1994-01-01T00:00:00+00:00,0.3218426499676328,1.1924384035872493e-05,0.9792699859742091,1.167719138755994e-05
FL-2006-000086-CHL,FL-2006-000086-CHL,0.3214794844984578,1.1790511128398203e-05,0.9816818094129864,1.15745302984299e-05
FL-2010-000194-VNM,FL-2010-000194-VNM,0.3127473705463887,8.952342107169257e-06,1.288695029588998,1.1536838776689319e-05
FL-2013-000125-BFA,FL-2013-000125-BFA,0.3159807271390788,9.922153503173518e-06,1.1601880124394874,1.1511563551966381e-05
FF-2010-000094-HUN,FF-2010-000094-HUN,0.31443356724321414,9.446893687112671e-06,1.2165899177350536,1.1492995613656203e-05
FL-2002-000242-AFG,FL-2002-000242-AFG,0.32200285792796435,1.1983874791164068e-05,0.9583348849806268,1.148456526961245e-05
FL-2011-000183-TZA,FL-2011-000183-TZA,0.31598284231572593,9.92281771265792e-06,1.1441136258848459,1.1352830952223426e-05
FL-2001-000390-POL,FL-2001-000390-POL,0.3141330515988884,9.356993595238739e-06,1.209049552596024,1.131306891996726e-05
FL-2007-000123-NGA,FL-2007-000123-NGA,0.3205208115019646,1.1443591231235208e-05,0.9859595032476032,1.1282917525717292e-05
FF-2012-000101-GAB,FF-2012-000101-GAB,0.312340755645059,8.836627874726513e-06,1.2741047244558878,1.1258789323447642e-05
FL-2004-000051-NPL,FL-2004-000051-NPL,0.32659402792880005,1.3806461621402873e-05,0.8123157064849782,1.1215205626047612e-05
FL-2004-000022-AFG,FL-2004-000022-AFG,0.3174875022472685,1.0405581175748134e-05,1.0740305380391386,1.1175911948798702e-05
FL-2010-000072-RUS,FL-2010-000072-RUS,0.3119586748199784,8.729124107689683e-06,1.2712126327447877,1.1096572838492199e-05
FL-2024-000123-BFA,FL-2024-000123-BFA,0.3137373710779383,9.239799156034861e-06,1.1979418788258864,1.1068742360954242e-05
FL-1999-000240-SRB,FL-1999-000240-SRB,0.321822929022069,1.1917079370176916e-05,0.9277347612612893,1.1055888784422917e-05
FF-2013-000113-ROM,FF-2013-000113-ROM,0.3097698431083169,8.135633163070763e-06,1.3494636441975612,1.0978741176092003e-05
FL-2023-000193-NGA,FL-2023-000193-NGA,0.31397632802741826,9.31041544977926e-06,1.175681161425123,1.094608004934689e-05
FL-2010-000114-BGD,FL-2010-000114-BGD,0.31740872675908505,1.0379791495913227e-05,1.0524339826166824,1.092404530277473e-05
FL-2022-000287-TCD,FL-2022-000287-TCD,0.3170809569580836,1.0273102051343038e-05,1.0617334466933017,1.0907296049204471e-05
Bangladesh: Floods - Aug 1988,Bangladesh: Floods - Aug 1988,0.3277803401079326,1.4316241479949953e-05,0.7553870279750035,1.081430310331186e-05
FL-2005-000209-THA,FL-2005-000209-THA,0.3128356481317661,8.977643542016496e-06,1.1913966804489575,1.0695934714212474e-05
China: Floods - Jul 2018,China: Floods - Jul 2018,0.31510609134189443,9.650903794921711e-06,1.1041913871780773,1.0656444848836774e-05
Burundi: Floods - Feb 1989,Burundi: Floods - Feb 1989,0.33166172652008713,1.610473459198292e-05,0.6606774662799159,1.064003524534179e-05
FF-2014-000060-AFG,FF-2014-000060-AFG,0.3119229614858561,8.719136067621687e-06,1.2150620330886253,1.0594291197100769e-05
FL-2002-000350-CHN,FL-2002-000350-CHN,0.3291809168697874,1.4939859231537873e-05,0.706219895185805,1.0550825820587358e-05
FL-2023-000103-DOM,FL-2023-000103-DOM,0.313711773209308,9.232263160443143e-06,1.142430234483892,1.0547216567202057e-05
FL-2001-000236-URY,FL-2001-000236-URY,0.3162563252361611,1.000903488934036e-05,1.0394922336938253,1.0404314034239841e-05
FL-2019-000081-MMR,FL-2019-000081-MMR,0.3158590509106426,9.884011926089394e-06,1.0383332562250227,1.026289828778336e-05
FL-2012-000106-BGD,FL-2012-000106-BGD,0.3086228343890783,7.839359031994521e-06,1.2962702877560353,1.0161928188226411e-05
FL-2009-000267-SRB,FL-2009-000267-SRB,0.3264184609395141,1.3732421578355677e-05,0.7348109754309236,1.0090734095020198e-05
FL-2007-000077-CHN,FL-2007-000077-CHN,0.33376756760771453,1.715699945272621e-05,0.5852259909488726,1.0040722006430963e-05
FL-2022-000164-ECU,FL-2022-000164-ECU,0.3106588363012698,8.372152122037994e-06,1.1990142284011243,1.0038329516662221e-05
FF-2016-000093-LAO,FF-2016-000093-LAO,0.3137640371963191,9.2476555308471e-06,1.0828034294739801,1.0013393123395259e-05
FL-2012-000174-BEN,FL-2012-000174-BEN,0.30865516736680476,7.847575836551559e-06,1.269611453402573,9.963372163531139e-06
FL-2013-000116-NGA,FL-2013-000116-NGA,0.30953580557649385,8.074375325255476e-06,1.2298958129711375,9.930640404889176e-06
FL-2015-000081-PHL,FL-2015-000081-PHL,0.3099231960408627,8.17599881809268e-06,1.208181772549164,9.878092744403084e-06
FL-2005-000205-PHL,FL-2005-000205-PHL,0.3121866623706748,8.793129039711313e-06,1.1230443143849564,9.875073573701042e-06
FL-2010-000121-DOM,FL-2010-000121-DOM,0.313921782589434,9.29425359880483e-06,1.0483997898689967,9.74409351997615e-06
Iran: Floods - Dec 1990,Iran: Floods - Dec 1990,0.31896175111662106,1.0898985369607474e-05,0.8898231756341812,9.698169772774604e-06
FL-2011-000005-HND,FL-2011-000005-HND,0.3056590266806777,7.118233963954747e-06,1.359711468750731,9.678744358040247e-06
FL-2011-000067-PHL,FL-2011-000067-PHL,0.31253843543853355,8.892714253757517e-06,1.0816683359942454,9.618967429334201e-06
FF-2020-000221-SOM,FF-2020-000221-SOM,0.30511923027104865,6.993519674880143e-06,1.35732395292219,9.492471769947425e-06
FL-2023-000040-TUR,FL-2023-000040-TUR,0.3119198302317997,8.718260832378847e-06,1.085836144445525,9.46660272850068e-06
FL-2009-000178-GIN,FL-2009-000178-GIN,0.31227680547616193,8.818551992552498e-06,1.068515319346453,9.422757898495531e-06
FL-2003-000368-SDN,FL-2003-000368-SDN,0.3121379887077204,8.779429106520775e-06,1.072361231723768,9.414719410500118e-06
FL-2023-000001-COG,FL-2023-000001-COG,0.31049243202336446,8.327414665753403e-06,1.1236428229072688,9.357039722546545e-06
Peru: Floods-Drought-Frost - Feb 2004,Peru: Floods-Drought-Frost - Feb 2004,0.31155677876463783,8.617316605925456e-06,1.08397834468022,9.340984590076448e-06
FL-2008-000230-CUB,FL-2008-000230-CUB,0.314097483624856,9.346404458470869e-06,0.998493550218185,9.33232456951365e-06
China: Floods in Shanxi Province - Aug 1988,China: Floods in Shanxi Province - Aug 1988,0.31226999962817503,8.816630241163287e-06,1.0515735249110678,9.271334940537595e-06
FL-2006-000045-HUN,FL-2006-000045-HUN,0.3102932457543388,8.27414681542674e-06,1.11989572468407,9.266181644004717e-06
FL-2024-000214-COL,FL-2024-000214-COL,0.30554486421176025,7.0916922743648755e-06,1.3048261520736573,9.253425542050004e-06
FL-2006-000013-MWI,FL-2006-000013-MWI,0.3152859022183876,9.706116956863297e-06,0.9463273276685,9.185163721826358e-06
FL-1999-000315-GHA,FL-1999-000315-GHA,0.31739842672131036,1.037642370464629e-05,0.8830969393406909,9.163388014875332e-06
FL-2005-000194-COL,FL-2005-000194-COL,0.31809078789667933,1.060500599997785e-05,0.863710436619626,9.159654362594622e-06
FL-1999-000423-TGO,FL-1999-000423-TGO,0.3125025452054728,8.882507614418692e-06,1.0262432439346245,9.11561342849504e-06
FL-2005-000065-GEO,FL-2005-000065-GEO,0.3086155258364749,7.837502777165893e-06,1.1559686487957939,9.059907495253739e-06
FL-2007-000057-URY,FL-2007-000057-URY,0.31094128445451424,8.448583143894929e-06,1.0706544149077877,9.045512842726623e-06
FL-2007-000199-THA,FL-2007-000199-THA,0.306533453466645,7.324513449685302e-06,1.2349138810883142,9.045143331234433e-06
FL-1999-000247-KOR,FL-1999-000247-KOR,0.30562568996455786,7.1104742678981225e-06,1.2639620274706846,8.987369471930642e-06
FL-2017-000149-TGO,FL-2017-000149-TGO,0.30742671309945113,7.540775609532504e-06,1.1893964633714496,8.968971841055647e-06
FL-2012-000051-TJK,FL-2012-000051-TJK,0.305624979756255,7.110309037512682e-06,1.2564153914667016,8.933501712815723e-06
FL-2008-000076-COL,FL-2008-000076-COL,0.32382094788954396,1.267796058335495e-05,0.7001873717288423,8.876947899741163e-06
FL-2015-000053-CAF,FL-2015-000053-CAF,0.3066451834630372,7.351254787965833e-06,1.200744524918978,8.826978937934397e-06
FL-2000-000048-BWA,FL-2000-000048-BWA,0.31033167767943404,8.284400621715082e-06,1.0623346437323442,8.800805783005702e-06
FL-2005-000017-VEN,FL-2005-000017-VEN,0.31488476988122327,9.583332466689202e-06,0.9176096119267544,8.793757985723745e-06
FL-2023-000067-COD,FL-2023-000067-COD,0.3112489807169182,8.532560547081492e-06,1.0170068685630405,8.677672682811892e-06
FL-2011-000187-COD,FL-2011-000187-COD,0.30920302834711677,7.987987703369895e-06,1.0853096249747856,8.669439938647579e-06
FL-2014-000054-TJK,FL-2014-000054-TJK,0.30920611279707544,7.988784579600997e-06,1.080513117206162,8.63198652879319e-06
FL-2000-000130-BOL,FL-2000-000130-BOL,0.3130984832305004,9.053356815125963e-06,0.9399073873447525,8.509316950804855e-06
FL-2012-000005-BOL,FL-2012-000005-BOL,0.3094930278336943,8.06322350314258e-06,1.0536838020167862,8.496087997302385e-06
FL-1998-000080-ARG,FL-1998-000080-ARG,0.313622155353203,9.20592328702245e-06,0.9225861223252123,8.493257067797414e-06
FL-2021-000096-PAN,FL-2021-000096-PAN,0.30969946538431886,8.117168411378966e-06,1.037436087285692,8.42104343654001e-06
FL-2006-000010-BOL,FL-2006-000010-BOL,0.31605768907308396,9.94634692926339e-06,0.8447911998200817,8.402586356199204e-06
Bangladesh: Floods - Jul 1996,Bangladesh: Floods - Jul 1996,0.31784860452380964,1.052453921184077e-05,0.7856917613361736,8.269043750602799e-06
FL-2022-000201-ZAF,FL-2022-000201-ZAF,0.3095674293256044,8.082628310485669e-06,1.0098830260946445,8.16250913699151e-06
Bolivia: Chapare River Floods - Jan 1987,Bolivia: Chapare River Floods - Jan 1987,0.31709074939535176,1.0276275142849247e-05,0.7937364930631707,8.156654593637395e-06
FL-2023-000094-ECU,FL-2023-000094-ECU,0.30143786177845716,6.194097039990272e-06,1.3161601711441135,8.152423820236843e-06
FL-2011-000176-LKA,FL-2011-000176-LKA,0.3038214010810831,6.7016789953948155e-06,1.212182945388364,8.123660983685019e-06
FL-2014-000107-MMR,FL-2014-000107-MMR,0.3112278580938984,8.526771772152216e-06,0.9521660688837085,8.118902758558748e-06
Bolivia: Floods - Jan 1986,Bolivia: Floods - Jan 1986,0.31343171972240746,9.150176167391512e-06,0.8841657020196967,8.090271934645614e-06
FL-2015-000024-ARG,FL-2015-000024-ARG,0.30618800681021724,7.2423874795026364e-06,1.1150032385892976,8.07528549476402e-06
FL-2007-000122-VNM,FL-2007-000122-VNM,0.3025334327382774,6.422938326613255e-06,1.2537362894429918,8.052670864929281e-06
FL-2017-000002-MYS,FL-2017-000002-MYS,0.30347139635314485,6.624874108427334e-06,1.2154113472907762,8.051947165755446e-06
ST-2012-000077-CHN,ST-2012-000077-CHN,0.3090080762069595,7.937766191756627e-06,1.0110575814870275,8.025538688246948e-06
FL-2018-000124-MMR,FL-2018-000124-MMR,0.30600035394557457,7.198123409702792e-06,1.1043679108475906,7.949376511996607e-06
FL-2003-000212-AZE,FL-2003-000212-AZE,0.30952422815307895,8.071355812552615e-06,0.9848576335172745,7.949136384826467e-06
FL-2021-000092-CRI,FL-2021-000092-CRI,0.31409676675429044,9.346191145923445e-06,0.847698183481849,7.922749256873445e-06
FL-2008-000069-CHL,FL-2008-000069-CHL,0.30790849394327724,7.659787030726019e-06,1.033221040168237,7.914253123353907e-06
FL-2005-000175-SDN,FL-2005-000175-SDN,0.30666887354082295,7.3569360235950954e-06,1.0729889975346198,7.893911408883633e-06
FL-2010-000240-VEN,FL-2010-000240-VEN,0.30028421511515363,5.961081158325988e-06,1.3225182541317935,7.883638646247215e-06
FF-2008-000072-CHN,FF-2008-000072-CHN,0.3202011595817331,1.1329976353847693e-05,0.6928246734717287,7.849687167796935e-06
FF-2014-000015-ZWE,FF-2014-000015-ZWE,0.30400606755562337,6.742524238165176e-06,1.1599076147138132,7.82070520624024e-06
1996-07-01-CO-Flood,1996-07-01-CO-Flood,0.3165415848602087,1.0099682576796064e-05,0.7739776904641869,7.816928995210006e-06
Gabon: Inondations - Nov 1988,Gabon: Inondations - Nov 1988,0.3136284055814914,9.207758115385884e-06,0.8449363174492606,7.779969233977693e-06
FL-2015-000055-TJK,FL-2015-000055-TJK,0.29880457006877537,5.673778211015341e-06,1.363091174686871,7.733877006565675e-06
FL-2015-000042-RWA,FL-2015-000042-RWA,0.3012026997976971,6.145944059411619e-06,1.249561737281718,7.679736536114637e-06
FF-2023-000136-VNM,FF-2023-000136-VNM,0.30230325894032284,6.374238227992094e-06,1.2027362338812573,7.66652728019715e-06
1,1,0.29834214101353357,5.586579978867844e-06,1.3688588888282904,7.647239662223411e-06
FL-2010-000150-MEX,FL-2010-000150-MEX,0.3000080137710333,5.906477540173886e-06,1.2934881621677183,7.639958778324426e-06
FL-1999-000053-PHL,FL-1999-000053-PHL,0.30084133872020274,6.0726063008939125e-06,1.2432398621173615,7.549706220216369e-06
1992-01-01T00:00:00+00:00,1992-01-01T00:00:00+00:00,0.3060984073742111,7.221222052492246e-06,1.040933530085597,7.516812162632715e-06
FL-2012-000063-RUS,FL-2012-000063-RUS,0.3039243308084165,6.724417833450431e-06,1.1108712268830492,7.469962288719336e-06
Afghanistan: Floods - May 1996,Afghanistan: Floods - May 1996,0.29726407675152283,5.3879591599979205e-06,1.3761994142384775,7.414906239929977e-06
FL-2002-000607-ALB,FL-2002-000607-ALB,0.3146479447368809,9.511499579668003e-06,0.7786781247788098,7.4063966565303185e-06
FL-2011-000051-RWA,FL-2011-000051-RWA,0.3030079374367452,6.524392082361429e-06,1.132758005030825,7.390557359254643e-06
FL-2010-000008-BOL,FL-2010-000008-BOL,0.30962069175278206,8.09654559720836e-06,0.9114041656623548,7.3792253847708976e-06
FL-2012-000089-CUB,FL-2012-000089-CUB,0.30000701797691665,5.906281493819643e-06,1.2438427371737373,7.3464853397912145e-06
FL-2006-000191-LKA,FL-2006-000191-LKA,0.29911606646408384,5.733204192645442e-06,1.2757451495342207,7.314107440056681e-06
FL-2017-000130-GTM,FL-2017-000130-GTM,0.3008843651931229,6.081296963400758e-06,1.201624894182623,7.307437820139543e-06
FL-2006-000062-THA,FL-2006-000062-THA,0.3118033833067956,8.685768161208655e-06,0.8376615682858721,7.2757341796855386e-06
FL-2005-000048-AFG,FL-2005-000048-AFG,0.3055668446768942,7.096795589273424e-06,1.0241455794175436,7.268151830784298e-06
FL-2024-000008-ZAF,FL-2024-000008-ZAF,0.30207246600584503,6.325741055441711e-06,1.1347418062917907,7.178082831386066e-06
FL-2010-000174-KEN,FL-2010-000174-KEN,0.30687742802843004,7.40712129340289e-06,0.9668381107047667,7.161487157074698e-06
FL-2019-000153-COD,FL-2019-000153-COD,0.30132866577434303,6.171695436681788e-06,1.1527833414890951,7.114627688151032e-06
FL-2008-000167-VCT,FL-2008-000167-VCT,0.3021193094257974,6.335557448670463e-06,1.1194341065259241,7.092239091896083e-06
FL-2024-000053-KGZ,FL-2024-000053-KGZ,0.30534653355934627,7.04579398326962e-06,0.9957892817856833,7.016126130209943e-06
FF-2009-000229-SOM,FF-2009-000229-SOM,0.30034356351755676,5.972873168630102e-06,1.1613045952754697,6.9363250577276925e-06
FL-2008-000125-SDN,FL-2008-000125-SDN,0.2987561761349209,5.664595740383754e-06,1.22270091265696,6.926106381599944e-06
FL-2022-000265-YEM,FL-2022-000265-YEM,0.3007733023691651,6.058886851233154e-06,1.135758587937564,6.8814327746300404e-06
FL-2022-000378-BIH,FL-2022-000378-BIH,0.30514942903771436,7.000444500828113e-06,0.9789655437483893,6.853193957233615e-06
FL-2008-000250-THA,FL-2008-000250-THA,0.3053996314480063,7.058055778765952e-06,0.9628755515870862,6.796029351111687e-06
FL-2014-000070-LKA,FL-2014-000070-LKA,0.29681358486112497,5.3068613708128495e-06,1.2712089853111195,6.746129858377779e-06
FL-2006-000127-NPL,FL-2006-000127-NPL,0.30850616336101566,7.80977367375912e-06,0.862630230686243,6.7369468658021765e-06
FL-2022-000135-ZMB,FL-2022-000135-ZMB,0.29783576989512384,5.492480839000278e-06,1.2189092023041321,6.694835438136559e-06
FF-2018-000118-LAO,FF-2018-000118-LAO,0.2990840785943736,5.72707597757621e-06,1.1632902888660213,6.66225186831228e-06
FL-2012-000009-FJI,FL-2012-000009-FJI,0.30073835625210094,6.051850857757291e-06,1.0988887127745661,6.650310598984563e-06
FL-2019-000048-TZA,FL-2019-000048-TZA,0.2975040548762158,5.431613935268841e-06,1.2213880740169378,6.634108483201569e-06
FL-2013-000054-CHN,FL-2013-000054-CHN,0.3005938074827529,6.0228256964023764e-06,1.0900862918708407,6.56539972997568e-06
China: Floods - May 1987,China: Floods - May 1987,0.29995675131914723,5.896392882430657e-06,1.1104745493488628,6.547794228901026e-06
FL-2017-000174-ALB,FL-2017-000174-ALB,0.29994101813440127,5.89330086517265e-06,1.1009974778760738,6.488509388919971e-06
FL-2009-000101-PAN,FL-2009-000101-PAN,0.3042387631593935,6.7943117231439e-06,0.9534059909197259,6.47773750102152e-06
FL-2012-000083-HND,FL-2012-000083-HND,0.2943744495756787,4.886536243155259e-06,1.3246832560031157,6.47311274116014e-06
FL-2011-000102-BRA,FL-2011-000102-BRA,0.29978806566715444,5.863317328471541e-06,1.1038786858666811,6.4723910273725046e-06
Thailand: Floods and Mudslides - Nov 1988,Thailand: Floods and Mudslides - Nov 1988,0.29238254800677976,4.565774571121892e-06,1.395522734002979,6.371642212333302e-06
FL-2019-000079-BGD,FL-2019-000079-BGD,0.2958692063174555,5.140408902695771e-06,1.2169646553574989,6.2556959486657774e-06
FL-2010-000245-MAR,FL-2010-000245-MAR,0.2974330017783072,5.41865550738909e-06,1.150616667361314,6.234795341491065e-06
FL-2019-000104-THA,FL-2019-000104-THA,0.292448931327233,4.576151426104059e-06,1.3579010130864204,6.213960657543569e-06
FL-2013-000103-YEM,FL-2013-000103-YEM,0.2953083156561194,5.043787318418844e-06,1.2259024872779882,6.1831914189508355e-06
FL-2012-000129-SDN,FL-2012-000129-SDN,0.29976868437971455,5.859527798570195e-06,1.0523145824203366,6.166066548532749e-06
FL-2005-000196-LKA,FL-2005-000196-LKA,0.294107422663066,4.8423909962898415e-06,1.2685548662514894,6.142838662635877e-06
FL-2005-000090-TJK,FL-2005-000090-TJK,0.2938330989184528,4.797413516824278e-06,1.278206249426741,6.132083938289111e-06
FL-2005-000111-ROM,FL-2005-000111-ROM,0.3018144684905312,6.271920619055721e-06,0.9764074974737552,6.123950316006242e-06
FL-2015-000176-BDI,FL-2015-000176-BDI,0.30102826901727486,6.1104446308449224e-06,1.0012036912755304,6.117799719736682e-06
FL-2001-000485-KHM,FL-2001-000485-KHM,0.3032279541488424,6.571921358337489e-06,0.9268570532202833,6.091231664184126e-06
FL-2011-000180-PAN,FL-2011-000180-PAN,0.30048750654968737,6.001560650573269e-06,1.008200937283557,6.050779073072084e-06
FL-2006-000145-GIN,FL-2006-000145-GIN,0.29684136349747325,5.311830128323445e-06,1.1375018543000035,6.042216620694544e-06
FL-2008-000185-SOM,FL-2008-000185-SOM,0.2994975551334274,5.806745806285788e-06,1.0367109285362797,6.0199168366086874e-06
FL-2007-000217-SRB,FL-2007-000217-SRB,0.29803474182385326,5.529284368777024e-06,1.0803231417321983,5.97341386080793e-06
FL-2010-000051-KAZ,FL-2010-000051-KAZ,0.29827965957719704,5.574891091686284e-06,1.0701404681681588,5.965916562843657e-06
FL-2010-000015-PSE,FL-2010-000015-PSE,0.29723879935824504,5.383379344589002e-06,1.1058643718376864,5.953287417267893e-06
FF-2012-000102-PHL,FF-2012-000102-PHL,0.2909976374971831,4.354062223685484e-06,1.350990691185349,5.88229753304087e-06
FL-2022-000312-BGR,FL-2022-000312-BGR,0.2921273016316428,4.526072138156064e-06,1.2948679116591442,5.86066557755278e-06
FL-2022-000374-TTO,FL-2022-000374-TTO,0.29082939275925157,4.328953941119204e-06,1.3478906419910999,5.834956506845066e-06
FL-2013-000145-COL,FL-2013-000145-COL,0.30347365352593414,6.625366872696297e-06,0.8790758244423693,5.8241998458486595e-06
FL-2015-000105-GIN,FL-2015-000105-GIN,0.2974078062030167,5.414067108972902e-06,1.071153748426473,5.799298278008802e-06
FL-2014-000073-RUS,FL-2014-000073-RUS,0.29219827343908134,4.537080179141261e-06,1.256795117141143,5.702180215222599e-06
FL-2011-000096-PRK,FL-2011-000096-PRK,0.30203526374658607,6.317954795326183e-06,0.8967115844943416,5.665383255280565e-06
FL-2018-000425-LKA,FL-2018-000425-LKA,0.29739468871996844,5.411679651816073e-06,1.0429228227177032,5.643964218115977e-06
FL-2005-000184-VNM,FL-2005-000184-VNM,0.2948860691033205,4.972131002138741e-06,1.1335707457861832,5.636262248241016e-06
FL-2001-000335-KOR,FL-2001-000335-KOR,0.290550604214449,4.287635214367966e-06,1.3077777012476726,5.6072737244347105e-06
FL-2021-000097-BGD,FL-2021-000097-BGD,0.29387116818478565,4.803632711677812e-06,1.167269358243163,5.6071332725960245e-06
FL-2013-000030-COL,FL-2013-000030-COL,0.29439475144285654,4.889907344276929e-06,1.1435152484315854,5.591683611598266e-06
FF-2021-000090-SDN,FF-2021-000090-SDN,0.29354547720521296,4.750659828561932e-06,1.1734838122689721,5.574822406413918e-06
FL-2007-000052-LKA,FL-2007-000052-LKA,0.30055187655835125,6.014429509414757e-06,0.9223416325983702,5.547358732861422e-06
FF-2012-000079-GEO,FF-2012-000079-GEO,0.29530063734103396,5.042476036101737e-06,1.0903447996921118,5.4980375235356225e-06
FL-2012-000151-TCD,FL-2012-000151-TCD,0.29431189143266356,4.87616168571938e-06,1.1222690061354306,5.472365128787954e-06
Brazil: Floods - Apr 1989,Brazil: Floods - Apr 1989,0.2970027509961738,5.340780385357012e-06,1.0184196369495275,5.439155621082445e-06
FL-2010-000012-EGY,FL-2010-000012-EGY,0.29989856439748896,5.884964781277163e-06,0.9242166188559036,5.438982252238052e-06
FL-1998-000193-ROM,FL-1998-000193-ROM,0.2985738332220505,5.630117236061778e-06,0.963506236832878,5.424653071045808e-06
FL-2020-000125-TZA,FL-2020-000125-TZA,0.2926902093849734,4.614046355279221e-06,1.1681139311946813,5.389731826779702e-06
FL-2021-000204-BRA,FL-2021-000204-BRA,0.2902842177254039,4.248486533313148e-06,1.2616737641161433,5.360203996281945e-06
FL-1991-000010-PHL,FL-1991-000010-PHL,0.28819847569846674,3.952908801134378e-06,1.3530568313329396,5.3485102570109716e-06
FL-2009-000266-ALB,FL-2009-000266-ALB,0.30266640931163324,6.451225834118983e-06,0.8243171924381797,5.317856367365614e-06
FL-2010-000091-VNM,FL-2010-000091-VNM,0.29442451550183,4.894853414965709e-06,1.0820602515614735,5.296526317554333e-06
FL-1999-000259-KHM,FL-1999-000259-KHM,0.2895031988559734,4.1355537345616726e-06,1.280488038773529,5.29552709081142e-06
FF-2007-000113-GMB,FF-2007-000113-GMB,0.291074550564908,4.365584065355661e-06,1.2095060640956095,5.280200400366835e-06
FL-2016-000046-SOM,FL-2016-000046-SOM,0.29394029607559774,4.814944359757586e-06,1.0763349207071773,5.182492755669152e-06
FL-2022-000276-GMB,FL-2022-000276-GMB,0.28877225333843687,4.032316542268679e-06,1.2833775557524247,5.174984548036847e-06
FL-2009-000172-BFA,FL-2009-000172-BFA,0.29135844983056003,4.408351117074023e-06,1.1667415435722015,5.143406386943184e-06
FL-2015-000037-HTI,FL-2015-000037-HTI,0.29503039055671154,4.996518984356427e-06,1.0256893838267023,5.124876478342964e-06
FL-2014-000004-COL,FL-2014-000004-COL,0.2915654721325881,4.439774629948157e-06,1.1530726697303297,5.119382785555308e-06
FL-2007-000088-ECU,FL-2007-000088-ECU,0.29343774630793473,4.733253719841382e-06,1.0783214306239797,5.103968922685633e-06
FF-2013-000091-SDN,FF-2013-000091-SDN,0.28866187582090497,4.0169302883737975e-06,1.2681994555499518,5.094268804697761e-06
FL-2009-000265-MAR,FL-2009-000265-MAR,0.29339800904791424,4.726847865116454e-06,1.0552948747389153,4.988218325727978e-06
FL-2020-000200-BFA,FL-2020-000200-BFA,0.2899228674797417,4.195895989003506e-06,1.179752844001357,4.950120226160773e-06
FL-2012-000030-KAZ,FL-2012-000030-KAZ,0.2850338000896611,3.5396769593726557e-06,1.386634100283017,4.908236775852228e-06
FL-2014-000019-BDI,FL-2014-000019-BDI,0.3022073190311756,6.354037611871222e-06,0.7596781974796384,4.827023839704157e-06
FL-2010-000161-MYS,FL-2010-000161-MYS,0.2911921864826905,4.383259415511875e-06,1.0886896565212916,4.77200918751734e-06
FL-2018-000194-TTO,FL-2018-000194-TTO,0.28528020034292445,3.5703953500306126e-06,1.3365256119034994,4.7719248299370736e-06
FL-2025-000026-ECU,FL-2025-000026-ECU,0.29027890634289505,4.247709244097754e-06,1.1171472704368623,4.745316787653234e-06
FL-2007-000231-BOL,FL-2007-000231-BOL,0.29327805778067306,4.707558388544504e-06,1.0056777966466628,4.734286947776951e-06
FL-2013-000002-PSE,FL-2013-000002-PSE,0.28844237917990934,3.986490112390346e-06,1.1703104797566297,4.665431155976607e-06
FL-2021-000068-SUR,FL-2021-000068-SUR,0.29043439643986674,4.270517344727698e-06,1.0828851876395205,4.62447997616328e-06
FL-2014-000163-COL,FL-2014-000163-COL,0.29288428880663653,4.644733006345426e-06,0.9955467519351162,4.624048858073017e-06
China: Floods - Jun 1994,China: Floods - Jun 1994,0.2934450890293105,4.734438259918787e-06,0.9760523910513278,4.62105978387862e-06
Bhutan: Flash Flood - Oct 1994,Bhutan: Flash Flood - Oct 1994,0.2849763185998979,3.5325451258903237e-06,1.27391472999028,4.5001612702270514e-06
Belarus: Floods - Aug 1993,Belarus: Floods - Aug 1993,0.2887527512715725,4.029594168093422e-06,1.1082433568666819,4.465770967658259e-06
FL-2008-000207-SDN,FL-2008-000207-SDN,0.28486261688627357,3.518476025229877e-06,1.2628396258514751,4.443270947268683e-06
FL-2020-000132-UGA,FL-2020-000132-UGA,0.2873757596697111,3.841504296349646e-06,1.1565609422975855,4.442933828826369e-06
FL-2023-000139-LAO,FL-2023-000139-LAO,0.28627426990252025,3.6967761822192703e-06,1.184828348999989,4.38004522060134e-06
FL-2009-000075-BDI,FL-2009-000075-BDI,0.3007195006707352,6.04805756122477e-06,0.7232460065686893,4.374233478653381e-06
FL-2008-000051-LKA,FL-2008-000051-LKA,0.2923479870661927,4.560380488762028e-06,0.9575666418010185,4.3668682299587425e-06
FL-2005-000153-THA,FL-2005-000153-THA,0.2853821488113677,3.5831751451030693e-06,1.2142364677237614,4.350821931425527e-06
FL-2023-000144-SVN,FL-2023-000144-SVN,0.28095428299635095,3.0644784429856795e-06,1.3855662998699905,4.246038057279018e-06
FL-2013-000141-SOM,FL-2013-000141-SOM,0.2840309025801514,3.417086234021941e-06,1.2318330184492288,4.209279649956555e-06
FL-1998-000221-NPL,FL-1998-000221-NPL,0.28730309916988944,3.831802425487577e-06,1.0933566224100346,4.189526557673676e-06
FL-1997-000166-ROM,FL-1997-000166-ROM,0.28797309768109813,3.922104678801826e-06,1.0562978713123758,4.142910823282678e-06
FL-2010-000014-SLB,FL-2010-000014-SLB,0.28313187926637867,3.3104552041969606e-06,1.2512366729504776,4.1421629556509985e-06
FL-2009-000034-MAR,FL-2009-000034-MAR,0.28740254810671373,3.845086751402349e-06,1.0737840903093678,4.128792979515173e-06
FL-2020-000192-TCD,FL-2020-000192-TCD,0.2824856915421857,3.235672429512924e-06,1.2732702189198974,4.1198853426789966e-06
FL-2008-000243-PNG,FL-2008-000243-PNG,0.28466872636191565,3.4946008869190566e-06,1.173640633936972,4.101405600280386e-06
FL-2009-000208-AZE,FL-2009-000208-AZE,0.2910926290751696,4.36829626806527e-06,0.9365765261408021,4.0912437438984e-06
FL-2024-000230-GAB,FL-2024-000230-GAB,0.29476600019783467,4.951923006028013e-06,0.815792210566319,4.039740215641804e-06
FL-1999-000229-TJK,FL-1999-000229-TJK,0.29044571763715565,4.272182293904522e-06,0.9422253837707331,4.025358601412719e-06
FL-2009-000124-VNM,FL-2009-000124-VNM,0.2842615986230239,3.444942209525772e-06,1.1555969844310696,3.9809648288672884e-06
UGA-2011-000110,UGA-2011-000110,0.2854876779131417,3.5964471416447655e-06,1.0988605320725724,3.9519938196386494e-06
FL-1999-000132-BLR,FL-1999-000132-BLR,0.2886172267754507,4.010721386784143e-06,0.974119865323752,3.906923377145261e-06
FL-2000-000484-BTN,FL-2000-000484-BTN,0.2861567122725507,3.6816235087888297e-06,1.0601525816656658,3.903082667563485e-06
FF-2012-000196-COG,FF-2012-000196-COG,0.2886315441156504,4.012711416394827e-06,0.9546774198450808,3.830844981586713e-06
SS-2007-000063-MDV,SS-2007-000063-MDV,0.28174884126560007,3.1522553189665775e-06,1.2101910384211765,3.81483113782884e-06
FL-2013-000011-ZWE,FL-2013-000011-ZWE,0.28335812492163015,3.337003789137024e-06,1.135178854405228,3.7880961384984716e-06
Hungary: Floods - Mar 1999,Hungary: Floods - Mar 1999,0.28961454809801024,4.151487534607625e-06,0.9105346924279767,3.780073425442533e-06
FL-2017-000107-NPL,FL-2017-000107-NPL,0.2821649163938919,3.1991171056462134e-06,1.179269398312985,3.772620904308188e-06
FL-2023-000108-SRB,FL-2023-000108-SRB,0.2786062962431136,2.8177941846691328e-06,1.3327736774425698,3.755481917777768e-06
FL-2010-000152-THA,FL-2010-000152-THA,0.27964857352666145,2.92500143549392e-06,1.2831284616978387,3.7531525923892835e-06
Belarus: Floods - Apr 1996,Belarus: Floods - Apr 1996,0.2864149085654496,3.714977627444006e-06,0.9975700341709333,3.7059503587535695e-06
FL-2018-000077-CIV,FL-2018-000077-CIV,0.28085991303337066,3.054200685867325e-06,1.2032024904610985,3.6748218716035607e-06
FL-2000-000476-NPL,FL-2000-000476-NPL,0.2923251983919193,4.556826895675864e-06,0.8017257032301318,3.65332524743371e-06
FL-2005-000129-SDN,FL-2005-000129-SDN,0.28251473604566135,3.2390008102332513e-06,1.1253207612767273,3.6449148575476187e-06
FL-2019-000083-NPL,FL-2019-000083-NPL,0.28324738740257976,3.3239855517880626e-06,1.0942813443525146,3.637375378218976e-06
FL-2001-000079-ROM,FL-2001-000079-ROM,0.2858543406472383,3.642905562233085e-06,0.9754964355574846,3.5536413910309087e-06
FL-1999-000531-COD,FL-1999-000531-COD,0.2848406882545948,3.5157684518782163e-06,0.9974869194859067,3.5069330426897373e-06
FL-1998-000165-CHN,FL-1998-000165-CHN,0.2948456080200995,4.965312991481211e-06,0.7000190203158281,3.475813535858131e-06
FL-2007-000154-MEX,FL-2007-000154-MEX,0.28335524870766876,3.3366650835327077e-06,1.041257826944866,3.474328634122077e-06
FL-2010-000262-ECU,FL-2010-000262-ECU,0.275558088814015,2.524245784033454e-06,1.369373617071581,3.4566355796595795e-06
SL-2002-000428-NPL,SL-2002-000428-NPL,0.28865506394435714,4.015982469143089e-06,0.8588047616407877,3.448944867166013e-06
Viet Nam: Floods - Oct 1995,Viet Nam: Floods - Oct 1995,0.2798118949139373,2.942129101484083e-06,1.1585193691423241,3.4085135505866125e-06
China: Floods - May 1988,China: Floods - May 1988,0.2864661867233242,3.721634081140216e-06,0.8982643528768322,3.34301122953978e-06
FL-2021-000084-TCD,FL-2021-000084-TCD,0.2800585136012662,2.968163326639734e-06,1.1145222233746586,3.308083990145639e-06
FL-2000-000187-ROM,FL-2000-000187-ROM,0.28129365999454337,3.101697487420031e-06,1.0573179499339493,3.279480428714229e-06
FL-2013-000019-PER,FL-2013-000019-PER,0.2753183191237021,2.5023675194513305e-06,1.3077998282489198,3.2725958121541256e-06
FL-2008-000088-USA,FL-2008-000088-USA,0.27795259950217005,2.7523737076796644e-06,1.1865814777652384,3.2659156614207245e-06
FL-2015-000106-BFA,FL-2015-000106-BFA,0.2761381579737452,2.5778891278589185e-06,1.2559695979615333,3.2377503715063735e-06
FL-2001-000274-WSM,FL-2001-000274-WSM,0.2738990582789015,2.376322557578253e-06,1.3345437786795291,3.1713064853518843e-06
FL-2000-000438-KHM,FL-2000-000438-KHM,0.2816036134679394,3.136044615701144e-06,1.0010572321421671,3.1393601428681334e-06
FL-2020-000038-EGY,FL-2020-000038-EGY,0.2735874831713668,2.3494285508518144e-06,1.329767132388454,3.124192866817778e-06
FL-2006-000044-COL,FL-2006-000044-COL,0.2881874084625919,3.951391089603685e-06,0.7903426324249347,3.1229528354978073e-06
FL-1990-000004-VNM,FL-1990-000004-VNM,0.2732142647893071,2.3175745094188195e-06,1.3388746942864604,3.1029418627842153e-06
FL-2002-000325-JAM,FL-2002-000325-JAM,0.2801577060616921,2.9786928805514417e-06,1.041282547868147,3.101660911977315e-06
FL-2000-000083-ZWE,FL-2000-000083-ZWE,0.2819246744474605,3.171983182289996e-06,0.9759490430199813,3.0956939512313967e-06
Cuba: Floods - Jun 1993,Cuba: Floods - Jun 1993,0.2790241291635861,2.860339698660467e-06,1.0819582611621117,3.094768166695637e-06
FL-2009-000164-SEN,FL-2009-000164-SEN,0.27959419071071223,2.919318206660387e-06,1.0544185483611912,3.078183265671241e-06
FL-2006-000123-SDN,FL-2006-000123-SDN,0.2798594542766698,2.9471336370292426e-06,1.0356622281917345,3.052234989304516e-06
Sri Lanka: Floods and Landslides - Feb 1986,Sri Lanka: Floods and Landslides - Feb 1986,0.27704494273287306,2.663804008901092e-06,1.1439959056746454,3.047380879702556e-06
FL-2007-000093-SDN,FL-2007-000093-SDN,0.2787648531882645,2.8338715950065853e-06,1.0741772764800994,3.044080471818489e-06
FL-2009-000145-NPL,FL-2009-000145-NPL,0.2846665744182166,3.4943367227222368e-06,0.8626211054247378,3.0142886064809115e-06
FL-2012-000123-PRK,FL-2012-000123-PRK,0.2743377637648039,2.414659745481004e-06,1.2400305385199288,2.994251824531204e-06
FL-2024-000215-CRI,FL-2024-000215-CRI,0.2858586513228084,3.64345494866704e-06,0.8201727122971342,2.988262327380662e-06
2011-06-30T00:00:00+00:00,2011-06-30T00:00:00+00:00,0.2744805923752337,2.4272606946815146e-06,1.2293298445416447,2.983904012454871e-06
FL-2021-000213-STP,FL-2021-000213-STP,0.2747493288434302,2.451130319467152e-06,1.21326547331372,2.973871787201924e-06
China: Floods in Zhejiang Province - Aug 1988,name=China: Floods in Zhejiang Province - Aug 1988,0.27534002644064387,2.504341197109131e-06,1.1830173894671492,2.9626791853390794e-06
FL-2009-000219-NPL,FL-2009-000219-NPL,0.28785797042056815,3.906452880093838e-06,0.7491056022368088,2.9263457373524102e-06
FL-2019-000020-COL,FL-2019-000020-COL,0.2786053352707726,2.817696994466264e-06,1.0283585650027902,2.8976028378420024e-06
1993-05-01T00:00:00+00:00,1993-05-01T00:00:00+00:00,0.2774216762251197,2.700249627157904e-06,1.051770447137431,2.84004275773855e-06
FL-2010-000026-DOM,FL-2010-000026-DOM,0.27718467276893966,2.6772696706337044e-06,1.0490817664059833,2.8086747952135718e-06
FL-2018-000154-GHA,FL-2018-000154-GHA,0.2707721235967325,2.118553863913968e-06,1.3214313032452296,2.7995233933870514e-06
FL-2020-000213-LAO,FL-2020-000213-LAO,0.2737906163527381,2.3669309822296943e-06,1.1779112023169338,2.7880345190793803e-06
FL-2018-000105-BGD,FL-2018-000105-BGD,0.2782002218602338,2.7769925841845156e-06,0.991882742040366,2.7544510190266993e-06
FL-2023-000232-COL,FL-2023-000232-COL,0.27511031350652254,2.483526039954478e-06,1.105133853767506,2.744628703466845e-06
Bangladesh: Floods - Aug 1986,Bangladesh: Floods - Aug 1986,0.2775017578053373,2.708054401811969e-06,1.0124849879606508,2.741864428415379e-06
FL-2023-000064-RWA,FL-2023-000064-RWA,0.27632337442716093,2.5952323018948076e-06,1.0562755799966463,2.7412805049099695e-06
FL-2012-000039-CHL,FL-2012-000039-CHL,0.272936048376234,2.294082302268895e-06,1.1809039662177345,2.7090908895792497e-06
FF-2009-000246-LKA,FF-2009-000246-LKA,0.27418433027282074,2.4011888103826554e-06,1.1085200076597403,2.661765838477864e-06
FL-2019-000014-MWI,FL-2019-000014-MWI,0.2720028192971504,2.216838498678807e-06,1.1917966025751183,2.642020591183128e-06
FF-2005-000072-TJK,FF-2005-000072-TJK,0.2677180952191469,1.8913733434932647e-06,1.3809450525369613,2.6118826611973147e-06
1993-08-00:00:00+00:00,1993-08-00:00:00+00:00,0.2808777682474173,3.056142900047058e-06,0.8503605405079919,2.598823328353678e-06
FL-2011-000137-VNM,FL-2011-000137-VNM,0.27167534234474755,2.190293074581788e-06,1.1760511302101604,2.575896645853399e-06
FL-2024-000009-COD,FL-2024-000009-COD,0.2742414601798904,2.406196696475636e-06,1.0680154458218882,2.569855237521581e-06
FL-2005-000103-SLV,FL-2005-000103-SLV,0.27741163890496195,2.6992728160436804e-06,0.9499800804848453,2.5642554070357307e-06
FL-2005-000020-COL,FL-2005-000020-COL,0.28190004722269635,3.169213419664204e-06,0.8080937942240005,2.5610216970020663e-06
FL-2011-000131-GIN,FL-2011-000131-GIN,0.2706899893675759,2.1121363472102377e-06,1.2042646272999216,2.5435710909797546e-06
FL-2007-000158-TGO,FL-2007-000158-TGO,0.2745073352544559,2.4296266327009855e-06,1.0465800406584131,2.542798740036961e-06
FL-2024-000177-NPL,FL-2024-000177-NPL,0.27093557730800877,2.131377476389034e-06,1.1822831865149188,2.519891754451353e-06
FF-2010-000204-LCA,FF-2010-000204-LCA,0.269895158479472,2.050930483908182e-06,1.228383169783597,2.519328488828939e-06
FL-2019-000011-IDN,FL-2019-000011-IDN,0.2753560622625384,2.505800109439511e-06,0.9907720767246441,2.482676778286225e-06
Nepal: Floods and Landslides - Jul 1993,name=Nepal: Floods and Landslides - Jul 1993,0.2695762923878836,2.026828299942638e-06,1.1890383157151128,2.4099765080075197e-06
FL-2024-000198-SEN,FL-2024-000198-SEN,0.26747419906274617,1.8742130487113617e-06,1.257934930722009,2.357638061589012e-06
FL-2000-000255-ARG,FL-2000-000255-ARG,0.27453644893153506,2.432204674336816e-06,0.9596824343263637,2.334144102647516e-06
FL-2009-000165-CHL,FL-2009-000165-CHL,0.27300029684379845,2.2994882389796873e-06,1.0088424248679406,2.319821290967578e-06
Bangladesh: Floods - May 1984,Bangladesh: Floods - May 1984,0.2682565476737683,1.929760050000412e-06,1.1865219890231302,2.289702732863864e-06
FL-2000-000806-FJI,FL-2000-000806-FJI,0.2706850103282741,2.1117478755315604e-06,1.0809688363767913,2.2827336437345118e-06
FL-2006-000178-JAM,FL-2006-000178-JAM,0.2690458765555022,1.9872998675623334e-06,1.1200515235065662,2.2258782443275887e-06
FL-1999-000437-KHM,FL-1999-000437-KHM,0.2700866114218655,2.065525501466162e-06,1.069362166100396,2.2087948243834618e-06
FL-2006-000058-TJK,FL-2006-000058-TJK,0.2638726080062146,1.6366020646699586e-06,1.3389011984588786,2.191248465786883e-06
Colombia: Floods and Landslides - Mar-Jul 2014,name=Colombia: Floods and Landslides - Mar-Jul 2014,0.28049200738484514,3.014427933350648e-06,0.7070564559739085,2.1313707313436623e-06
FL-2000-000265-COL,FL-2000-000265-COL,0.27260739721347793,2.2666077145297584e-06,0.8757434779822016,1.9849669231435797e-06
FL-2022-000217-BGD,FL-2022-000217-BGD,0.26870747176336196,1.962444698810268e-06,1.0110307901265791,1.984092014417862e-06
FL-2015-000068-BGD,FL-2015-000068-BGD,0.2677392944555663,1.8928715597803274e-06,1.0178976147086904,1.9267494456503136e-06
FL-2007-000111-GBR,FL-2007-000111-GBR,0.26848647022168876,1.946363953182244e-06,0.9829526883830424,1.913183680352333e-06
FF-2007-000080-BGD,FF-2007-000080-BGD,0.2764670974768151,2.6087624251900842e-06,0.7213395261756768,1.8818034516915247e-06
FL-2021-000051-SOM,FL-2021-000051-SOM,0.2624059903087102,1.547880576829155e-06,1.1926575207202363,1.8460914111320692e-06
El Salvador: Floods - Oct 2018,El Salvador: Floods - Oct 2018,0.25820361186012375,1.3171132861902912e-06,1.3349509665500126,1.7582816544555927e-06
FL-2019-000064-SDN,FL-2019-000064-SDN,0.26063370320189194,1.4464577316715162e-06,1.207726031282668,1.7469246556897706e-06
FL-2011-000108-SEN,FL-2011-000108-SEN,0.26227294349259156,1.540050292966511e-06,1.0870343780154084,1.6740876123272986e-06
FL-1997-000265-SOM,FL-1997-000265-SOM,0.26364896695519746,1.622784085358641e-06,1.0106246281950175,1.6400255629063682e-06
FL-2006-000130-KHM,FL-2006-000130-KHM,0.27057547321885717,2.1032178875493926e-06,0.7719896247006457,1.6236623876729404e-06
FL-2010-000160-NPL,FL-2010-000160-NPL,0.26106527788620215,1.4705884062936733e-06,1.1019919218781706,1.6205765441433212e-06
FF-2024-000156-LAO,FF-2024-000156-LAO,0.25599504341462187,1.20869177188075e-06,1.3358685400072998,1.6146533126211737e-06
FL-2006-000068-CHN,FL-2006-000068-CHN,0.2741545372276616,2.3985809386553145e-06,0.6678237967185123,1.6018294291894453e-06
FL-2003-000229-LKA,FL-2003-000229-LKA,0.25715447297431426,1.2645640433380102e-06,1.1976431040334385,1.5144964061124103e-06
FL-2008-000197-COL,FL-2008-000197-COL,0.26517689581533466,1.7193204315054306e-06,0.8805586057383387,1.5139624019838609e-06
FL-2024-000058-TZA,FL-2024-000058-TZA,0.2583830373409669,1.326294569487661e-06,1.1379493905705245,1.5092560970654799e-06
Togo: Floods - Oct 1995,Togo: Floods - Oct 1995,0.2669459906899742,1.8375282514536601e-06,0.8151788237675379,1.4979141186596153e-06
Egypt: Floods - Nov 1994,Egypt: Floods - Nov 1994,0.25948336222963814,1.3838695907619949e-06,1.0804014986266677,1.4951347797631326e-06
China: Floods - Jun 1990,China: Floods - Jun 1990,0.2616290362353192,1.5026554608761781e-06,0.9825698640424038,1.4764639718956819e-06
FL-1998-000203-BGD,FL-1998-000203-BGD,0.2555497644213768,1.1878315307922813e-06,1.2384617273903773,1.4710838894737649e-06
FL-2002-000536-MMR,FL-2002-000536-MMR,0.2633864432907929,1.60669771925773e-06,0.9088201340075248,1.4601992365253946e-06
FF-2007-000081-NPL,FF-2007-000081-NPL,0.25721535894585906,1.26756131945987e-06,1.0925989789075539,1.3849362033445656e-06
FF-2009-000160-LKA,FF-2009-000160-LKA,0.2530742784696398,1.0776558063635606e-06,1.2785216004261617,1.3778062262604852e-06
Bangladesh: Floods - Jul 1988,Bangladesh: Floods - Jul 1988,0.25892216591608674,1.3542296335229606e-06,1.0126036486064969,1.371297867956389e-06
FL-2016-000117-ALB,FL-2016-000117-ALB,0.25556153972657986,1.1883789771751122e-06,1.116507802929084,1.3268344008528965e-06
FL-2024-000098-SLV,FL-2024-000098-SLV,0.250735746641805,9.82115452664549e-07,1.2955779011577304,1.2724070768577108e-06
FL-2025-000036-ARG,FL-2025-000036-ARG,0.2501755067510606,9.603905577642775e-07,1.314214219679874,1.262158927460099e-06
FL-2001-000095-HUN,FL-2001-000095-HUN,0.2585735768574472,1.3361075892236534e-06,0.929591846342594,1.2420347207787681e-06
FL-2005-000081-CHN,FL-2005-000081-CHN,0.2678489296376543,1.9006368801282014e-06,0.642825460215653,1.221777777171254e-06
FL-2001-000082-ZWE,FL-2001-000082-ZWE,0.2536789773639627,1.103684091954259e-06,1.103078973774151,1.2174507155237597e-06
Bangladesh: Floods - Sep 1986,Bangladesh: Floods - Sep 1986,0.25634185352651384,1.2251667513019473e-06,0.9657008832892354,1.1831446139088936e-06
FL-2021-000055-TJK,FL-2021-000055-TJK,0.2519770911413716,1.0318357735524176e-06,1.1378608539843575,1.174085534465964e-06
FL-2001-000450-THA,FL-2001-000450-THA,0.2495248819179715,9.357042184221673e-07,1.2397633775051489,1.1600518221768817e-06
FL-2005-000171-SLV,FL-2005-000171-SLV,0.25274917107175143,1.0638916475505741e-06,1.0823968914043698,1.151553012099815e-06
FL-2000-000617-BGD,FL-2000-000617-BGD,0.26010186670167845,1.4172115743725757e-06,0.8096868541290794,1.1474975812890507e-06
FL-2006-000120-BFA,FL-2006-000120-BFA,0.2515424095549219,1.0141732879595263e-06,1.130238094179754,1.14625728415139e-06
FL-2005-000169-FJI,FL-2005-000169-FJI,0.2506313827507416,9.78035235825074e-07,1.141883746425886,1.1168025392204605e-06
FL-2020-000161-BGD,FL-2020-000161-BGD,0.25089712444928414,9.884548544039566e-07,1.110546280177668,1.0977248616818725e-06
FL-2010-000259-AUS,FL-2010-000259-AUS,0.2483047165319563,8.9094252874479e-07,1.2316167879767448,1.0972997755245368e-06
Turkey: Floods - Nov 1995,Turkey: Floods - Nov 1995,0.2548187519227032,1.154287100926097e-06,0.9375125837102277,1.0821586823326136e-06
FF-2017-000101-VNM,FF-2017-000101-VNM,0.24503192987443265,7.802374745017973e-07,1.3377073830962212,1.0437294302094038e-06
FL-2006-000155-LKA,FL-2006-000155-LKA,0.24570158564990618,8.018249989064514e-07,1.2787797130194554,1.025357541993417e-06
FL-2010-000021-AFG,FL-2010-000021-AFG,0.24968207271109735,9.416155225568209e-07,1.0852931770014216,1.0219289019895458e-06
Nepal: Floods - Aug 1987,Nepal: Floods - Aug 1987,0.24861897627346513,9.022829244233807e-07,1.1288267712275268,1.0185211203105755e-06
FL-2010-000036-CYP,FL-2010-000036-CYP,0.24959014041585392,9.381542572891895e-07,1.084509140610344,1.0174368673326345e-06
Cuba: Floods - May 1994,Cuba: Floods - May 1994,0.25460685400149363,1.1447243119317797e-06,0.8829805422163315,1.0107692936377398e-06
FL-2008-000096-BGD,FL-2008-000096-BGD,0.2574963618875005,1.2814774655824629e-06,0.7559853858657142,9.687782362965756e-07
FL-2017-000160-HND,FL-2017-000160-HND,0.24556637939751252,7.974235748120775e-07,1.2060733944327546,9.61751357674304e-07
FL-2002-000322-CHL,FL-2002-000322-CHL,0.24805323352638745,8.819600776902824e-07,1.0722116253519196,9.45647848395803e-07
FL-2010-000239-MNE,FL-2010-000239-MNE,0.25000040138083074,9.536896279804485e-07,0.9720464771371192,9.270306431606048e-07
FL-2021-000153-UGA,FL-2021-000153-UGA,0.24403984963749425,7.492167657867e-07,1.2225799823486727,9.159774202908332e-07
FL-2003-000389-BFA,FL-2003-000389-BFA,0.24713323123720868,8.497897248859446e-07,1.0605355785233375,9.01232237505103e-07
FL-2015-000151-BLZ,FL-2015-000151-BLZ,0.2428817093356994,7.144109569619238e-07,1.2418606118182705,8.871988281024108e-07
FL-2012-000098-GTM,FL-2012-000098-GTM,0.24210892383562713,6.920029931681037e-07,1.2673665542478996,8.770214489806923e-07
FL-2024-000043-CUB,FL-2024-000043-CUB,0.24131141853754073,6.695433892162925e-07,1.300069557704207,8.704529778822011e-07
FL-2003-000331-CHN,FL-2003-000331-CHN,0.2583602962953516,1.3251277211225709e-06,0.6456419227196044,8.555580097146244e-07
FL-2022-000362-LCA,FL-2022-000362-LCA,0.24250713869735774,7.034695034334392e-07,1.1864300437913862,8.346173537644399e-07
FL-2016-000050-LKA,FL-2016-000050-LKA,0.2418754649245566,6.853590809180086e-07,1.2099018427879291,8.292172149741401e-07
FL-2012-000037-PSE,FL-2012-000037-PSE,0.2395111857674842,6.212379938240163e-07,1.2782164281084545,7.940766094709962e-07
FL-2018-000028-BWA,FL-2018-000028-BWA,0.23778716202191372,5.779417069779381e-07,1.3719368691424587,7.928995360181607e-07
FL-1998-000251-SDN,FL-1998-000251-SDN,0.24236692016132066,6.994125833737749e-07,1.131419011075252,7.913286934143437e-07
FL-2012-000042-COL,FL-2012-000042-COL,0.24256925098100285,7.052733469109259e-07,1.0883756360583356,7.676023275391703e-07
FL-2019-000015-PER,FL-2019-000015-PER,0.23879784924502825,6.029816691152125e-07,1.2387880992853906,7.469665157871663e-07
FF-2008-000186-COD,FF-2008-000186-COD,0.24312229606969776,7.215191895415661e-07,1.0305191131072475,7.435393152962348e-07
Bangladesh: Floods - Jun 1993,Bangladesh: Floods - Jun 1993,0.2438621647758108,7.437795739077799e-07,0.9963714048033698,7.410806989185465e-07
FL-2021-000134-NPL,FL-2021-000134-NPL,0.23830709174830522,5.907036664423681e-07,1.2467249920120518,7.364450238268511e-07
FL-1997-000164-BGD,FL-1997-000164-BGD,0.24574376595989614,8.032025792235355e-07,0.876494679186875,7.040027869986032e-07
FL-2003-000505-VNM,FL-2003-000505-VNM,0.2352175076211671,5.184375367728636e-07,1.3351682599699068,6.922013438761089e-07
1993-12-01T00:00:00+00:00,1993-12-01T00:00:00+00:00,0.24058645030807868,6.496981718740442e-07,0.8154353086906252,5.297868293378462e-07
FL-2002-000475-TJK,FL-2002-000475-TJK,0.23237306701735977,4.590477905263732e-07,1.1361467856691416,5.215456716750604e-07
FL-2015-000027-CHL,FL-2015-000027-CHL,0.23047520911699743,4.2290437399023646e-07,1.155946805097162,4.888549599756291e-07
FL-2010-000067-BRA,FL-2010-000067-BRA,0.23055173395614204,4.2431064612166075e-07,1.0465567844150672,4.4406518539816476e-07
FL-2009-000177-GMB,FL-2009-000177-GMB,0.22679787850162345,3.600724368676655e-07,1.1684788072717938,4.2073701156257806e-07
FL-2001-000096-UKR,FL-2001-000096-UKR,0.2285936083484661,3.896196305880413e-07,1.0716577207512192,4.1753888527591235e-07
FL-2000-000302-CHN,FL-2000-000302-CHN,0.24025447178134446,6.407886313345923e-07,0.6358572303399659,4.0745008435375135e-07
FL-2005-000176-BGD,FL-2005-000176-BGD,0.23146299394275638,4.4138306248098156e-07,0.852603025726979,3.763245345759251e-07
Bangladesh: Floods - Jul 1993,Bangladesh: Floods - Jul 1993,0.23101505000519534,4.3291510503143394e-07,0.8603121344647399,3.7244211805161996e-07
FL-2008-000198-BLZ,FL-2008-000198-BLZ,0.22205647202509854,2.9149717872635835e-07,1.1420312108925819,3.328988759926344e-07
FL-2019-000136-SLV,FL-2019-000136-SLV,0.2176756663090105,2.388354699203232e-07,1.3263875340879325,3.1678839000035004e-07
FL-2021-000147-THA,FL-2021-000147-THA,0.2176287263076147,2.3832093998833583e-07,1.3245466846045788,3.15667210933397e-07
FL-2014-000117-BGD,FL-2014-000117-BGD,0.2205665919221168,2.7251933940335523e-07,1.0680532640304388,2.910651699611725e-07
FL-2011-000135-THA,FL-2011-000135-THA,0.2172367709849124,2.340633346283599e-07,1.1754815142398911,2.751371230169828e-07
FL-2012-000205-LKA,FL-2012-000205-LKA,0.20838968281048884,1.5444083329731725e-07,1.0845827244475248,1.6750385974355036e-07
FL-2016-000080-BFA,FL-2016-000080-BFA,0.20614302978727383,1.385755299104648e-07,1.1662442397342112,1.6161291352619548e-07
China: Floods and Landslides - Jul 1989,name=China: Floods and Landslides - Jul 1989,0.20360144435388106,1.224076458714683e-07,1.1642613331648382,1.4251448897188507e-07
Togo: Floods - Sep 1995,Togo: Floods - Sep 1995,0.20705502162707567,1.4482971546499447e-07,0.937832522926336,1.3582601744923914e-07
FL-2023-000157-BGD,FL-2023-000157-BGD,0.20058312676850626,1.0542508742191559e-07,1.1539726901695175,1.216576717436245e-07
FL-1999-000161-LKA,FL-1999-000161-LKA,0.1941433741351603,7.607215726298665e-08,1.3231195184395432,1.006525560844601e-07
FL-2004-000044-BGD,FL-2004-000044-BGD,0.20141230286057893,1.0986514929823091e-07,0.8296031651469546,9.114447559715509e-08
FL-2000-000191-HUN,FL-2000-000191-HUN,0.1959567150939206,8.34836648320144e-08,1.016070329308817,8.482527481777177e-08
Lao PDR: Floods - Aug 1996,name=Lao PDR: Floods - Aug 1996,0.1956353533076397,8.212462319683685e-08,1.016133336585506,8.344956738482928e-08
FL-2006-000131-BGD,FL-2006-000131-BGD,0.19234080112078317,6.929696368487781e-08,0.7881513340934744,5.461649437686349e-08
subject,subject,0.1826528402029405,4.1329894590271035e-08,1.3062248250149238,5.398613432906203e-08
FL-2008-000117-ROM,FL-2008-000117-ROM,0.17601709916930108,2.8546219029087727e-08,1.0292424136351432,2.9380979373655707e-08
FF-2004-000060-VNM,FF-2004-000060-VNM,0.16956496099697155,1.964993613746226e-08,1.463389408328373,2.875550841789121e-08
FL-2020-0020-000176-SDN,FL-2020-0020-000176-SDN,0.041212060538644596,1.4133290677643732e-14,0.8819420188506686,1.2464742913244447e-14
