match_id,era5_event_id,cnn_bayesian_score,kg_bayesian_score,kg_rank,attribution_weight
FL-2021-000039-BDI,FL_2021_000039_BDI,0.20284685,0.0069248345539745,8.0,0.21845045384615383
FL-2018-000054-BDI,FL_2018_000054_BDI,0.10687431,0.8145243871355387,1.0,0.12468669500000001
FL-2008-000187-BDI,FL_2008_000187_BDI,0.09033088,0.0213954635064054,3.0,0.10162224
FL-2020-000054-BDI,FL_2020_000054_BDI,0.07118536,0.0061814140724231,10.0,0.07593105066666667
FL-2009-000075-BDI,FL_2009_000075_BDI,0.053867836,0.0242599929358792,2.0,0.06156324114285714
FL-2015-000176-BDI,FL_2015_000176_BDI,0.04949296,0.0196724703520978,4.0,0.05499217777777778
FL-2006-000190-BDI,FL_2006_000190_BDI,0.03901976,0.0138790981102529,6.0,0.04256701090909091
FL-2011-000037-BDI,FL_2011_000037_BDI,0.031873725,0.0072661215269484,7.0,0.03452986875
LS-2010-000040-UGA,LS_2010_000040_UGA,0.03174343,0.0048555591294572,12.0,0.0336106905882353
FL-2019-000167-BDI,FL_2019_000167_BDI,0.030999305,0.0037298573338656,13.0,0.03272148861111111
FL-2014-000019-BDI,FL_2014_000019_BDI,0.02218142,0.0178156070783691,5.0,0.024399562000000003
FL-2020-000206-COD,FL_2020_000206_COD,3.6111316e-05,0.0003674563262856,75.0,3.6562707449999996e-05
FL-2003-000647-TLS,FL_2003_000647_TLS,3.4992172e-05,5.019581441088767e-05,406.0,3.5077311104622874e-05
FF-2013-000113-ROM,FF_2013_000113_ROM,2.0809859e-05,2.4277596888233132e-09,1217.0,2.0826888344517186e-05
FL-2009-000147-NIC,FL_2009_000147_NIC,1.581803e-05,4.103938620562118e-05,462.0,1.585190158458244e-05
FL-2012-000068-DOM,FL_2012_000068_DOM,1.5684505e-05,7.065820886998178e-07,1147.0,1.5698120021701387e-05
FL-2007-000209-PNG,FL_2007_000209_PNG,1.244497e-05,8.291493563743126e-05,293.0,1.2486731644295303e-05
FL-2010-000121-DOM,FL_2010_000121_DOM,1.1521303e-05,1.4575339308831136e-05,741.0,1.1536747105898124e-05
FL-2020-000242-COL,FL_2020_000242_COL,1.12104935e-05,9.345706981692146e-05,254.0,1.1253777258687258e-05
FL-2007-000144-LBR,FL_2007_000144_LBR,9.006346e-06,0.0001681099369064,156.0,9.06228603726708e-06
FL-2008-000099-NIC,FL_2008_000099_NIC,8.159904e-06,2.112090235368568e-05,637.0,8.172614130841122e-06
FL-2009-000100-DOM,FL_2009_000100_DOM,7.2835014e-06,6.285986596026705e-05,351.0,7.3039606735955055e-06
FF-2021-000189-BIH,FF_2021_000189_BIH,6.6960692e-06,1.7357903358911868e-06,1089.0,6.702189921389397e-06
FL-2010-000036-CYP,FL_2010_000036_CYP,6.5148142e-06,5.826146920245628e-05,373.0,6.532049158201057e-06
FL-2011-000107-MMR,FL_2011_000107_MMR,6.2576905e-06,9.95088236929276e-06,826.0,6.265220813477738e-06
FL-2009-000080-AFG,FL_2009_000080_AFG,5.4112543e-06,9.9697101431693e-05,241.0,5.4332512686991876e-06
FL-2015-000080-MMR,FL_2015_000080_MMR,4.307759e-06,1.1576105336819763e-07,1196.0,4.311345810158202e-06
FL-2016-000071-LBR,FL_2016_000071_LBR,3.977149e-06,6.243619153990336e-05,355.0,3.9881966361111115e-06
FL-2011-000170-COL,FL_2011_000170_COL,3.9012866e-06,0.0003172538282326,87.0,3.943691889130435e-06
FL-2007-000106-IDN,FL_2007_000106_IDN,3.5954474e-06,3.5230709724306514e-06,1003.0,3.5990143121031746e-06
LS-2016-000051-IDN,LS_2016_000051_IDN,3.1834638e-06,2.2513283861066505e-05,618.0,3.1885736937399684e-06
FL-1999-000233-SVK,FL_1999_000233_SVK,3.1472327e-06,2.3369917203485307e-07,1184.0,3.1498796576955427e-06
FL-2008-000010-BRA,FL_2008_000010_BRA,3.1124475e-06,1.272524483077989e-05,777.0,3.116427611892583e-06
FL-2005-000048-AFG,FL_2005_000048_AFG,3.0450926e-06,8.827289212778135e-06,843.0,3.0486835110849055e-06
FL-2003-000571-DOM,FL_2003_000571_DOM,2.9484295e-06,5.9953011790223085e-06,921.0,2.9516135491360692e-06
FL-2007-000035-AFG,FL_2007_000035_AFG,2.6819723e-06,4.729294294239206e-06,960.0,2.6847515459067356e-06
FF-2008-000178-DZA,FF_2008_000178_DZA,2.674011e-06,9.056478770601016e-07,1137.0,2.676352515761821e-06
FL-2009-000089-BRA,FL_2009_000089_BRA,2.563071e-06,0.0002700192816945,101.0,2.5872509150943397e-06
FL-2002-000478-PRK,FL_2002_000478_PRK,2.5039976e-06,0.0001262292749385,203.0,2.51603605e-06
FL-2010-000062-COD,FL_2010_000062_COD,2.484367e-06,7.302653329207253e-05,323.0,2.491941289634146e-06
FL-2000-000265-COL,FL_2000_000265_COL,2.4026235e-06,0.0002213300350393,124.0,2.4212484883720934e-06
FL-2020-000185-PAK,FL_2020_000185_PAK,2.1841724e-06,5.427858819920604e-05,391.0,2.189687986868687e-06
FL-2015-000018-PNG,FL_2015_000018_PNG,2.1447386e-06,0.0001171708714596,215.0,2.1544874118181818e-06
FL-2005-000020-COL,FL_2005_000020_COL,2.1278215e-06,0.0003668070193635,76.0,2.1540909012345677e-06
FL-2006-000030-SRB,FL_2006_000030_SRB,2.0907635e-06,0.000162709399582,164.0,2.103134881656805e-06
FF-2021-000032-TLS,FF_2021_000032_TLS,1.9584247e-06,0.000129494196722,199.0,1.968024821078431e-06
FL-2014-000163-COL,FL_2014_000163_COL,1.8672971e-06,0.0001002042442022,240.0,1.8749187208163265e-06
FL-2015-000017-PAK,FL_2015_000017_PAK,1.8466409e-06,5.143976500949119e-05,403.0,1.8511669806372549e-06
FL-2013-000017-PNG,FL_2013_000017_PNG,1.620237e-06,4.4269401693030034e-06,974.0,1.621891991828396e-06
FF-2008-000186-COD,FF_2008_000186_COD,1.6168347e-06,1.3427608070420834e-05,767.0,1.6189290454663212e-06
FL-2022-000376-COD,FL_2022_000376_COD,1.5541673e-06,0.0002939629258802,94.0,1.5698659595959597e-06
FL-2021-000095-MMR,FL_2021_000095_MMR,1.5543847e-06,6.636312922827016e-05,338.0,1.5589164338192422e-06
FL-2006-000025-PNG,FL_2006_000025_PNG,1.3293836e-06,7.384412968511e-05,319.0,1.333486635802469e-06
FL-2020-000050-AFG,FL_2020_000050_AFG,1.2944198e-06,5.485116154788414e-06,934.0,1.2957983088391909e-06
LS-2010-000190-COL,LS_2010_000190_COL,1.2019173e-06,0.000402306607987,65.0,1.2190875471428571e-06
FL-1999-000428-VNM,FL_1999_000428_VNM,1.1666338e-06,2.366900081949734e-05,608.0,1.1685369546492657e-06
FL-2016-000123-DOM,FL_2016_000123_DOM,1.1637673e-06,2.911239973253476e-05,555.0,1.1658454558928572e-06
FL-2006-000056-AFG,FL_2006_000056_AFG,1.1429048e-06,5.229702200575992e-05,401.0,1.145719836453202e-06
FL-2009-000031-DOM,FL_2009_000031_DOM,1.1417253e-06,2.334930329409176e-05,610.0,1.1435817639024392e-06
FL-1997-000166-ROM,FL_1997_000166_ROM,1.0320165e-06,3.819653009205265e-06,993.0,1.0330505846693388e-06
FL-2016-000026-PNG,FL_2016_000026_PNG,1.0301055e-06,3.7744113973615856e-06,997.0,1.0311335494011974e-06
FL-1999-000363-NIC,FL_1999_000363_NIC,9.829873e-07,8.621137664451966e-05,279.0,9.86448522887324e-07
FL-2003-000293-TLS,FL_2003_000293_TLS,8.8005754e-07,6.118254051852757e-05,361.0,8.82462068797814e-07
FL-2013-000145-COL,FL_2013_000145_COL,8.244466e-07,0.0008981811405209,33.0,8.461425631578947e-07
FL-2019-000011-IDN,FL_2019_000011_IDN,7.701612e-07,2.263080871716174e-06,1065.0,7.7088097682243e-07
FF-2007-000081-NPL,FF_2007_000081_NPL,7.3455465e-07,5.080340363452163e-08,1203.0,7.351627250413906e-07
FL-2009-000044-BIH,FL_2009_000044_BIH,7.319338e-07,2.0450874383782333e-06,1074.0,7.326121445783132e-07
FL-2013-000006-IDN,FL_2013_000006_IDN,7.010026e-07,1.5355766977825544e-05,730.0,7.019563450340137e-07
FL-2008-000076-COL,FL_2008_000076_COL,6.884453e-07,0.0003971343809518,68.0,6.978760575342466e-07
FL-2011-000061-DOM,FL_2011_000061_DOM,6.885112e-07,2.817900991589837e-06,1036.0,6.891725940441882e-07
FL-2009-000136-BIH,FL_2009_000136_BIH,6.7566265e-07,3.128152426998539e-06,1021.0,6.763211905945419e-07
FF-2014-000060-AFG,FF_2014_000060_AFG,6.65036e-07,1.8061482015336416e-05,698.0,6.659819971550498e-07
FL-2013-000157-BRA,FL_2013_000157_BRA,6.6241796e-07,6.77876129915387e-05,333.0,6.643777764497041e-07
FF-2006-000163-AFG,FF_2006_000163_AFG,6.5389526e-07,3.4194457637314184e-06,1008.0,6.545407637117473e-07
FL-2021-000173-IDN,FL_2021_000173_IDN,6.2547076e-07,2.976873896809728e-05,551.0,6.265957074100719e-07
FL-2010-000225-PAN,FL_2010_000225_PAN,5.871173e-07,1.2871067575669143e-05,775.0,5.878700144871796e-07
FL-2002-000367-SRB,FL_2002_000367_SRB,5.840185e-07,4.023218920312315e-05,472.0,5.85242857442348e-07
FL-1999-000240-SRB,FL_1999_000240_SRB,5.683608e-07,3.3900882295324406e-06,1011.0,5.689202102362205e-07
FL-2001-000227-RUS,FL_2001_000227_RUS,5.260388e-07,5.889305109899271e-05,370.0,5.274415701333332e-07
FL-2011-000042-COL,FL_2011_000042_COL,4.6206472e-07,0.0001676790885334,158.0,4.648994728834356e-07
FL-2006-000192-IDN,FL_2006_000192_IDN,4.34446e-07,2.947965717573312e-05,554.0,4.3522318425760285e-07
FL-2006-000044-COL,FL_2006_000044_COL,4.0921253e-07,0.0002244860784929,121.0,4.124602484920635e-07
FL-2010-000076-COL,FL_2010_000076_COL,3.972868e-07,9.345888808548829e-05,253.0,3.988266713178295e-07
FL-2007-000086-PAN,FL_2007_000086_PAN,3.7934666e-07,3.394772223235539e-05,515.0,3.8007617280769233e-07
FF-2008-000123-PAK,FF_2008_000123_PAK,3.6665872e-07,6.368607918036685e-07,1149.0,3.6697644852686307e-07
FL-1998-000221-NPL,FL_1998_000221_NPL,3.5346466e-07,1.1238638265280533e-05,803.0,3.539021162623762e-07
FL-2002-000242-AFG,FL_2002_000242_AFG,3.250573e-07,2.164083147856088e-05,632.0,3.255675940345369e-07
FL-2007-000068-COL,FL_2007_000068_COL,3.1521685e-07,0.0010579197996232,29.0,3.2448793382352935e-07
FL-2005-000017-VEN,FL_2005_000017_VEN,3.177761e-07,1.335086226477424e-05,768.0,3.181871945666236e-07
FL-1999-000574-VNM,FL_1999_000574_VNM,3.0857865e-07,1.2970405419372869e-06,1123.0,3.088522126329787e-07
FL-2010-000151-COD,FL_2010_000151_COD,3.0060383e-07,0.0001606721951443,167.0,3.0235152668604653e-07
FL-2021-000204-BRA,FL_2021_000204_BRA,2.808647e-07,3.485502593012103e-06,1005.0,2.811427838613861e-07
FL-2005-000063-SRB,FL_2005_000063_SRB,2.7163168e-07,0.000196721000055,139.0,2.735180111111111e-07
FL-2018-000194-TTO,FL_2018_000194_TTO,2.717052e-07,3.1979718098326523e-06,1017.0,2.7197105636007824e-07
FL-2009-000144-NER,FL_2009_000144_NER,2.6231396e-07,5.348674462606044e-06,938.0,2.625921296288441e-07
FL-2006-000191-LKA,FL_2006_000191_LKA,2.6075637e-07,1.7904982119675185e-07,1191.0,2.6097439372073577e-07
FL-2003-000505-VNM,FL_2003_000505_VNM,2.5004505e-07,1.8746021763811476e-05,683.0,2.5040848757267436e-07
FL-2010-000026-DOM,FL_2010_000026_DOM,2.4555095e-07,4.053236115783523e-07,1167.0,2.457604644624573e-07
FL-2004-000028-DOM,FL_2004_000028_DOM,2.4097534e-07,1.27585928704925e-05,776.0,2.412838871702945e-07
FL-2011-000002-BRA,FL_2011_000002_BRA,2.3898858e-07,9.66975318064448e-05,246.0,2.3994072573705175e-07
FL-2015-000056-COL,FL_2015_000056_COL,2.29767e-07,9.948711804444864e-06,827.0,2.3004316225961538e-07
FL-2022-000378-BIH,FL_2022_000378_BIH,2.1970483e-07,7.483998813813768e-09,1214.0,2.1988506365873668e-07
FL-2008-000234-BRA,FL_2008_000234_BRA,2.184936e-07,0.000168025331333,157.0,2.1984232592592595e-07
FL-2013-000030-COL,FL_2013_000030_COL,2.1565201e-07,1.295249097661775e-05,773.0,2.1592919767352182e-07
FL-2014-000004-COL,FL_2014_000004_COL,2.0908632e-07,6.0215786654942506e-05,366.0,2.096498949865229e-07
FL-2007-000052-LKA,FL_2007_000052_LKA,2.01116e-07,7.605938988881496e-05,310.0,2.017544634920635e-07
FL-2019-000160-COG,FL_2019_000160_COG,1.9923327e-07,7.570693198373306e-07,1143.0,1.9940681814459928e-07
FL-2011-000007-ZAF,FL_2011_000007_ZAF,1.9829137e-07,2.816261148563939e-05,565.0,1.9863924959649123e-07
FL-2003-000578-COL,FL_2003_000578_COL,1.801231e-07,0.0014399378440368,23.0,1.8655606785714287e-07
FL-2010-000196-LKA,FL_2010_000196_LKA,1.8572217e-07,1.8919016222197735e-06,1082.0,1.8589302756209755e-07
FL-2001-000407-IDN,FL_2001_000407_IDN,1.7955156e-07,3.413496119325012e-05,513.0,1.7989818463320466e-07
FL-2012-000009-FJI,FL_2012_000009_FJI,1.6304595e-07,6.198412197411078e-05,358.0,1.634951123966942e-07
FL-2007-000025-FJI,FL_2007_000025_FJI,1.5779766e-07,3.551145340524794e-05,498.0,1.581113730417495e-07
FL-2007-000227-ZWE,FL_2007_000227_ZWE,1.5073101e-07,0.0002038872575527,132.0,1.51831236350365e-07
FL-2010-000162-HND,FL_2010_000162_HND,1.452533e-07,1.3108482306155971e-06,1120.0,1.4538241404444444e-07
FL-2013-000085-NIC,FL_2013_000085_NIC,1.3986389e-07,1.0462193877408274e-05,814.0,1.40034663980464e-07
FL-2019-000108-MRT,FL_2019_000108_MRT,1.3965393e-07,2.333025290327109e-05,611.0,1.3988064092532468e-07
FL-1998-000272-PRK,FL_1998_000272_PRK,1.3920545e-07,5.805661070996367e-05,374.0,1.3957274670184695e-07
FL-2022-000254-PAK,FL_2022_000254_PAK,1.3922102e-07,2.4311720720370304e-05,601.0,1.3945075765676567e-07
FL-2012-000192-COD,FL_2012_000192_COD,1.3871897e-07,2.1746339713791943e-05,629.0,1.3893776963722398e-07
FL-2002-000479-CZE,FL_2002_000479_CZE,1.3495385e-07,2.731834671692848e-06,1040.0,1.3508299244019137e-07
FL-2020-000237-LKA,FL_2020_000237_LKA,1.3162098e-07,0.0006588815122667,41.0,1.344823056521739e-07
FL-2001-000571-PRK,FL_2001_000571_PRK,1.3423168e-07,2.2632221133053e-05,617.0,1.3444748655948557e-07
FL-2005-000108-PAK,FL_2005_000108_PAK,1.3326795e-07,1.6739577591324463e-05,711.0,1.3345407842178772e-07
FF-2018-000158-TUN,FF_2018_000158_TUN,1.3040099e-07,6.666065796720821e-06,897.0,1.3054555872505543e-07
FL-2004-000021-COL,FL_2004_000021_COL,1.2690197e-07,0.0006384097021937,44.0,1.2949180612244898e-07
FL-2009-000139-PAK,FL_2009_000139_PAK,1.1554071e-07,1.373494777106991e-05,763.0,1.1569115363281249e-07
FL-2005-000160-MMR,FL_2005_000160_MMR,1.09745564e-07,1.787660617635203e-05,701.0,1.0990101097450425e-07
FF-2013-000090-PAK,FF_2013_000090_PAK,1.0272038e-07,1.632340286973147e-07,1194.0,1.0280605170975813e-07
FL-2004-000051-NPL,FL_2004_000051_NPL,1.0035707e-07,1.455295933517668e-05,742.0,1.0049141681392236e-07
FL-2022-000374-TTO,FL_2022_000374_TTO,9.5782035e-08,3.8028463667883794e-06,995.0,9.587781703499999e-08
FF-2022-000209-AFG,FF_2022_000209_AFG,9.499593e-08,4.516923259963354e-05,436.0,9.521134027210884e-08
FL-2013-000081-PRK,FL_2013_000081_PRK,8.9942766e-08,1.8377955934608903e-05,686.0,9.007292919247468e-08
FF-2020-000191-AFG,FF_2020_000191_AFG,8.588736e-08,1.6157198374421818e-06,1099.0,8.596515652173913e-08
FL-2005-000138-PNG,FL_2005_000138_PNG,8.552673e-08,7.662918779432015e-06,868.0,8.56246987628866e-08
FL-2006-000045-HUN,FL_2006_000045_HUN,8.534501e-08,4.24432663551612e-06,978.0,8.54318309664293e-08
FL-2007-000107-TLS,FL_2007_000107_TLS,8.414314e-08,1.8756483785362788e-05,680.0,8.426597670072992e-08
FL-2022-000382-ZAF,FL_2022_000382_ZAF,8.3016516e-08,0.0003819561121944,72.0,8.409465257142856e-08
FL-2005-000194-COL,FL_2005_000194_COL,8.2729294e-08,0.0001248401523788,206.0,8.312137596208529e-08
FL-2005-000110-BIH,FL_2005_000110_BIH,8.3021085e-08,2.6260789271861597e-06,1048.0,8.309992743589744e-08
FF-2007-000185-TUN,FF_2007_000185_TUN,7.97669e-08,6.184925638175319e-06,915.0,7.98536031521739e-08
FL-2018-000058-COL,FL_2018_000058_COL,7.768319e-08,1.239076712562694e-05,785.0,7.778152315189873e-08
FL-2014-000070-LKA,FL_2014_000070_LKA,7.282652e-08,2.692713982010212e-06,1043.0,7.289601095419847e-08
FL-2017-000083-GIN,FL_2017_000083_GIN,7.1454494e-08,0.0001170655097125,216.0,7.177781750226245e-08
FL-2009-000101-PAN,FL_2009_000101_PAN,7.1633316e-08,1.1449922084194005e-05,797.0,7.172263434912718e-08
FL-2014-000038-ZAF,FL_2014_000038_ZAF,6.641681e-08,7.475207264278203e-05,314.0,6.66250131661442e-08
FF-2008-000194-VNM,FF_2008_000194_VNM,6.562996e-08,8.635021739787449e-08,1199.0,6.568446993355482e-08
FF-2020-000204-TUN,FF_2020_000204_TUN,6.445605e-08,3.183541317215635e-05,535.0,6.457541305555555e-08
FL-2012-000183-COL,FL_2012_000183_COL,6.179019e-08,5.548016153388771e-05,385.0,6.194862638461539e-08
FL-2018-000124-MMR,FL_2018_000124_MMR,5.6886368e-08,0.0003348138481906,80.0,5.755561938823529e-08
FF-2018-000041-SOM,FF_2018_000041_SOM,5.5767703e-08,5.274905965207672e-06,943.0,5.582652969092827e-08
FL-2018-000144-PRK,FL_2018_000144_PRK,5.303965e-08,0.0002722616494506,99.0,5.354964663461538e-08
FL-2006-000158-PRK,FL_2006_000158_PRK,5.2791044e-08,8.900934390661865e-05,269.0,5.2983712043795614e-08
FL-2012-000089-CUB,FL_2012_000089_CUB,5.258056e-08,9.477334849908373e-05,251.0,5.27859528125e-08
FL-2008-000197-COL,FL_2008_000197_COL,5.209802e-08,0.0002851422733076,97.0,5.2608784901960786e-08
FL-2021-000209-MYS,FL_2021_000209_MYS,5.135091e-08,3.1206397522948775e-05,541.0,5.1444959285714283e-08
FL-2012-000198-PAN,FL_2012_000198_PAN,5.074166e-08,5.453637787921526e-07,1159.0,5.078525249140894e-08
FF-2020-000153-BIH,FF_2020_000153_BIH,5.0344283e-08,2.2990455749011557e-05,614.0,5.0425614636510505e-08
FL-2006-000151-PAN,FL_2006_000151_PAN,4.9890044e-08,2.263803617724323e-05,616.0,4.997038223510467e-08
FL-2019-000083-NPL,FL_2019_000083_NPL,4.9837038e-08,1.4235778308717115e-06,1114.0,4.988157512064342e-08
FL-2016-000091-NER,FL_2016_000091_NER,4.8950724e-08,2.7683452865362997e-05,574.0,4.903526756476684e-08
FL-2021-000126-MYS,FL_2021_000126_MYS,4.7926843e-08,8.990286465456332e-05,265.0,4.810434982592593e-08
FL-2011-000187-COD,FL_2011_000187_COD,4.7967124e-08,1.851135321393521e-05,684.0,4.8036742467343976e-08
FL-2010-000149-GTM,FL_2010_000149_GTM,4.5746763e-08,5.329971116617544e-06,939.0,4.5795223554025427e-08
FL-2015-000092-BRA,FL_2015_000092_BRA,4.5216723e-08,1.4170968711251312e-05,756.0,4.527614050722733e-08
FL-2000-000187-ROM,FL_2000_000187_ROM,4.3992696e-08,4.19144440955391e-05,459.0,4.408750784482759e-08
FL-2000-000476-NPL,FL_2000_000476_NPL,4.3948322e-08,3.1435241258547706e-05,538.0,4.402925813627993e-08
OT-2004-000112-COL,OT_2004_000112_COL,4.3747537e-08,9.570702310879148e-05,247.0,4.392113833730159e-08
FL-2012-000042-COL,FL_2012_000042_COL,4.201461e-08,2.247616616694248e-05,619.0,4.2081941105769226e-08
FL-2007-000149-CMR,FL_2007_000149_CMR,4.1111182e-08,0.0002407143032389,108.0,4.1474997769911506e-08
FL-2016-000097-PRK,FL_2016_000097_PRK,4.030499e-08,7.692590889657828e-06,866.0,4.0351264385763494e-08
FL-2001-000492-VNM,FL_2001_000492_VNM,3.9331457e-08,1.0333023159584508e-06,1130.0,3.93661102660793e-08
FL-2003-000359-PAK,FL_2003_000359_PAK,3.8926114e-08,7.373907546578304e-06,882.0,3.896999913416009e-08
FL-2011-000022-AFG,FL_2011_000022_AFG,3.811456e-08,1.4849979312309372e-05,736.0,3.816599665317138e-08
FF-2006-000022-TLS,FF_2006_000022_TLS,3.694943e-08,1.8110038308294597e-05,696.0,3.700213960057061e-08
FL-2010-000119-PAN,FL_2010_000119_PAN,3.6023206e-08,1.2703728178014902e-05,778.0,3.606921264878671e-08
FL-2002-000788-LKA,FL_2002_000788_LKA,3.4723133e-08,1.97022274377752e-07,1189.0,3.475221435092127e-08
FL-2009-000179-LBR,FL_2009_000179_LBR,3.320252e-08,5.095374963471088e-06,948.0,3.3237360000000004e-08
FL-2014-000107-MMR,FL_2014_000107_MMR,3.2821752e-08,6.969669736793695e-05,328.0,3.292031581981982e-08
FL-2002-000607-ALB,FL_2002_000607_ALB,3.054734e-08,3.337432727055668e-05,525.0,3.060497649056604e-08
FL-2016-000068-NPL,FL_2016_000068_NPL,2.881937e-08,1.3668245708198562e-05,764.0,2.885684642392718e-08
FL-2011-000102-BRA,FL_2011_000102_BRA,2.6814133e-08,0.0001161634810763,218.0,2.6934375748878923e-08
FL-2012-000066-COM,FL_2012_000066_COM,2.6842137e-08,1.7827460013267747e-06,1087.0,2.686671771153846e-08
FF-2009-000160-LKA,FF_2009_000160_LKA,2.614607e-08,1.8369504215293172e-08,1210.0,2.6167589399176957e-08
FL-2013-000087-MMR,FL_2013_000087_MMR,2.434861e-08,2.024788456732158e-05,651.0,2.4385726783536584e-08
FL-2014-000115-NER,FL_2014_000115_NER,2.4334044e-08,6.6407203085851975e-06,899.0,2.4360962190265487e-08
FL-2009-000219-NPL,FL_2009_000219_NPL,2.3686587e-08,4.644175798637733e-06,965.0,2.371100616185567e-08
FL-2009-000203-USA,FL_2009_000203_USA,2.2796966e-08,9.10780982968137e-05,261.0,2.2882668879699247e-08
FL-2007-000054-AFG,FL_2007_000054_AFG,2.2721906e-08,4.592146117991167e-05,433.0,2.2773782497716897e-08
FL-2014-000073-RUS,FL_2014_000073_RUS,2.0929212e-08,1.1352568647642124e-05,798.0,2.09552757758406e-08
FL-2002-000026-SEN,FL_2002_000026_SEN,2.013291e-08,0.0014746369083547,22.0,2.0878573333333333e-08
FL-2009-000171-AFG,FL_2009_000171_AFG,2.0828338e-08,1.1697405839189127e-06,1126.0,2.084675386030062e-08
FF-2020-000140-IDN,FF_2020_000140_IDN,2.0163947e-08,4.678591944544358e-05,428.0,2.0210515006928408e-08
FL-2021-000057-LKA,FL_2021_000057_LKA,2.0064892e-08,1.5320671292883745e-06,1104.0,2.0082984779080255e-08
FL-2007-000206-COG,FL_2007_000206_COG,1.8219694e-08,3.546600472232246e-05,500.0,1.8255772601980196e-08
FL-2010-000127-AFG,FL_2010_000127_AFG,1.7563972e-08,6.468398285947165e-06,901.0,1.7583358282560703e-08
FF-2007-000082-PAK,FF_2007_000082_PAK,1.7496593e-08,5.63642739071252e-07,1155.0,1.7511676269827587e-08
FL-2008-000170-DOM,FL_2008_000170_DOM,1.7347983e-08,1.844336586246569e-05,685.0,1.7373125004347823e-08
FL-2020-000172-MMR,FL_2020_000172_MMR,1.6935902e-08,7.268714407300818e-06,885.0,1.6954931103370786e-08
FF-2007-000091-AFG,FF_2007_000091_AFG,1.635419e-08,9.321144202370732e-06,834.0,1.6373682479141838e-08
FL-1991-000010-PHL,FL_1991_000010_PHL,1.582126e-08,3.43481148639226e-06,1007.0,1.5836893656126485e-08
FL-2008-000104-NPL,FL_2008_000104_NPL,1.5741705e-08,1.4157900527999989e-05,758.0,1.5762336330275233e-08
FL-2007-000220-SRB,FL_2007_000220_SRB,1.5324135e-08,0.0003067021741035,90.0,1.5485441684210525e-08
FL-2005-000171-SLV,FL_2005_000171_SLV,1.478453e-08,5.665192450993214e-05,381.0,1.482283189119171e-08
FL-2020-000052-COD,FL_2020_000052_COD,1.409862e-08,0.0001414732586881,187.0,1.41720503125e-08
FL-2016-000011-TZA,FL_2016_000011_TZA,1.3741573e-08,3.832713350460559e-05,478.0,1.3770023461697722e-08
FL-2011-000180-PAN,FL_2011_000180_PAN,1.36007445e-08,4.484063792970063e-05,438.0,1.3631445954853273e-08
FL-2016-000058-MMR,FL_2016_000058_MMR,1.35007845e-08,7.57193993894373e-06,873.0,1.3516161247722094e-08
FL-2009-000241-COL,FL_2009_000241_COL,1.2931883e-08,0.0004726583870561,55.0,1.3147414383333333e-08
FL-2014-000122-PAK,FL_2014_000122_PAK,1.2772445e-08,2.3050267611323456e-05,613.0,1.279311238673139e-08
FL-2005-000169-FJI,FL_2005_000169_FJI,1.2677756e-08,7.618358836932268e-05,309.0,1.2718131019108281e-08
FL-2008-000239-NIC,FL_2008_000239_NIC,1.2440432e-08,4.766001958429637e-05,421.0,1.2469634892018779e-08
FL-2012-000123-PRK,FL_2012_000123_PRK,1.2053791e-08,3.078838405419404e-07,1177.0,1.2063988792724197e-08
FL-2007-000011-ZMB,FL_2007_000011_ZMB,1.101596e-08,8.868012454453413e-06,841.0,1.102898122931442e-08
FL-2008-000103-SLV,FL_2008_000103_SLV,1.0897312e-08,4.08752904782634e-05,468.0,1.0920350714587738e-08
FL-2011-000082-NPL,FL_2011_000082_NPL,1.0456857e-08,2.8262857731091625e-06,1035.0,1.0466911670192307e-08
FL-2019-000171-LKA,FL_2019_000171_LKA,1.0269881e-08,3.94719774623857e-06,987.0,1.0280233702620968e-08
FL-2004-000100-PAN,FL_2004_000100_PAN,1.0236374e-08,7.743153571753275e-05,306.0,1.026928838585209e-08
FL-1997-000526-ECU,FL_1997_000526_ECU,9.467321e-09,5.0267431951564976e-06,950.0,9.47723442513089e-09
FF-2006-000039-YEM,FF_2006_000039_YEM,9.363331e-09,2.316384935602496e-06,1064.0,9.372089962581853e-09
FL-2009-000240-PAN,FL_2009_000240_PAN,9.163646e-09,4.075549450806873e-05,469.0,9.182978586497891e-09
FL-2005-000184-VNM,FL_2005_000184_VNM,8.996844e-09,2.1002711958268294e-05,640.0,9.010792595348837e-09
FL-2009-000187-CIV,FL_2009_000187_CIV,8.568869e-09,8.100466503220915e-06,855.0,8.578832801162791e-09
FL-2022-000316-NER,FL_2022_000316_NER,8.302083e-09,0.0003427931366441,79.0,8.400917321428572e-09
FL-2016-000021-PAK,FL_2016_000021_PAK,8.319278e-09,3.752058405335008e-05,481.0,8.336395855967076e-09
FL-2019-000051-LBY,FL_2019_000051_LBY,8.1010665e-09,1.9123893389270785e-05,676.0,8.11296233920705e-09
FL-2017-000110-MLI,FL_2017_000110_MLI,7.95828e-09,2.6083789207748253e-05,582.0,7.971837546848381e-09
FL-1997-000177-MMR,FL_1997_000177_MMR,7.883959e-09,2.4126948052160145e-06,1056.0,7.891389687087652e-09
FL-2019-000153-COD,FL_2019_000153_COD,7.8389375e-09,6.222582411441735e-05,357.0,7.860592023480662e-09
FL-2011-000135-THA,FL_2011_000135_THA,7.794149e-09,0.0001816089207116,145.0,7.846109993333333e-09
ST-2022-000138-MDG,ST_2022_000138_MDG,7.59793e-09,3.216383299961094e-06,1015.0,7.605378950980393e-09
FL-1997-000199-BEN,FL_1997_000199_BEN,7.490758e-09,1.966113277013036e-05,664.0,7.50195494768311e-09
FL-2010-000136-YEM,FL_2010_000136_YEM,7.350733e-09,7.59612985755137e-06,871.0,7.359124247716895e-09
FL-2000-000484-BTN,FL_2000_000484_BTN,7.3194024e-09,7.283646772354209e-05,324.0,7.341649823708207e-09
FF-2009-000069-IDN,FF_2009_000069_IDN,7.10601e-09,3.962031347607469e-06,986.0,7.113180544904137e-09
FL-2006-000178-JAM,FL_2006_000178_JAM,6.5883947e-09,6.668513698101075e-05,337.0,6.607659011988305e-09
FL-2004-000022-AFG,FL_2004_000022_AFG,6.233835e-09,1.133046482657523e-05,800.0,6.241578894409938e-09
FL-2007-000023-IDN,FL_2007_000023_IDN,6.0833156e-09,4.738274757682874e-05,424.0,6.0974958228438235e-09
FL-2020-000195-CMR,FL_2020_000195_CMR,6.0319296e-09,1.832567469201351e-06,1084.0,6.037468561983471e-09
FL-2010-000014-SLB,FL_2010_000014_SLB,5.9032508e-09,1.0221053599863931e-05,821.0,5.910397592736077e-09
FL-2013-000045-AFG,FL_2013_000045_AFG,5.7572875e-09,4.407208613508245e-05,448.0,5.76999674392936e-09
SL-2002-000428-NPL,SL_2002_000428_NPL,5.5907394e-09,5.531005787226533e-06,932.0,5.596706037566702e-09
FL-2006-000071-ROM,FL_2006_000071_ROM,5.416342e-09,9.446176649606934e-05,252.0,5.437417260700389e-09
FL-2019-000156-DJI,FL_2019_000156_DJI,5.2513163e-09,3.3032475352511495e-05,527.0,5.2611871953007514e-09
FL-2017-000091-MMR,FL_2017_000091_MMR,5.2171822e-09,1.2356857172688303e-06,1124.0,5.221803264836138e-09
FL-2015-000146-DZA,FL_2015_000146_DZA,5.14182e-09,3.539599394325971e-05,503.0,5.1519416929133865e-09
FL-2005-000038-MDG,FL_2005_000038_MDG,4.9647246e-09,1.3593403778381509e-05,765.0,4.9711722942857145e-09
FL-2009-000248-URY,FL_2009_000248_URY,4.7540425e-09,6.691796290669304e-05,335.0,4.7680249779411765e-09
FL-2014-000154-IDN,FL_2014_000154_IDN,4.696722e-09,0.0002387710249655,110.0,4.737563060869565e-09
FL-2020-000165-NPL,FL_2020_000165_NPL,4.7241127e-09,1.5805058309926878e-07,1195.0,4.728049460583333e-09
FF-2016-000093-LAO,FF_2016_000093_LAO,4.5805724e-09,3.7113692621310425e-05,484.0,4.589939623721881e-09
FL-2019-000081-MMR,FL_2019_000081_MMR,4.5834354e-09,4.831690604162258e-06,957.0,4.588199885862786e-09
FL-2007-000022-ARG,FL_2007_000022_ARG,4.4582107e-09,0.0010359101720409,30.0,4.585588148571428e-09
FL-2006-000127-NPL,FL_2006_000127_NPL,4.52608e-09,2.904524733049091e-06,1030.0,4.53045302415459e-09
FF-2007-000008-LKA,FF_2007_000008_LKA,4.410603e-09,6.284352806222863e-09,1216.0,4.414215287469287e-09
FL-2019-000020-COL,FL_2019_000020_COL,4.3482773e-09,5.854773086489233e-07,1152.0,4.352035534485738e-09
FL-2011-000118-GTM,FL_2011_000118_GTM,4.1002237e-09,1.1696700237232384e-05,793.0,4.105361824937343e-09
FL-1994-000007-VNM,FL_1994_000007_VNM,4.0028523e-09,1.0794060889648658e-05,808.0,4.007775857564576e-09
FL-2019-000119-CMR,FL_2019_000119_CMR,3.8469787e-09,0.0002858992500883,96.0,3.885067598019802e-09
FL-2007-000228-LKA,FL_2007_000228_LKA,3.7329064e-09,7.770654601982329e-05,305.0,3.744948033548387e-09
FL-2017-000052-RUS,FL_2017_000052_RUS,3.7214913e-09,5.500634827130046e-06,933.0,3.725458774733476e-09
FF-2012-000115-RUS,FF_2012_000115_RUS,3.6014656e-09,1.05940555183676e-07,1198.0,3.6044593369908556e-09
FL-2005-000157-MDA,FL_2005_000157_MDA,3.454272e-09,0.0018916557681846,19.0,3.5982000000000003e-09
FL-2019-000104-THA,FL_2019_000104_THA,3.5299388e-09,8.596975023140584e-05,282.0,3.542238238327526e-09
FL-1997-000522-MDA,FL_1997_000522_MDA,3.3780663e-09,0.0028470479556132,16.0,3.5389266000000005e-09
FL-2010-000092-LKA,FL_2010_000092_LKA,3.5067422e-09,5.543725059150412e-07,1158.0,3.5097574555460017e-09
FL-2016-000085-MLI,FL_2016_000085_MLI,3.3172758e-09,1.294133080439826e-05,774.0,3.321534177150192e-09
FL-2008-000182-RWA,FL_2008_000182_RWA,3.181882e-09,0.0001028004114051,237.0,3.195030272727273e-09
FL-2010-000239-MNE,FL_2010_000239_MNE,3.1102096e-09,6.92840235489689e-06,892.0,3.113676946265329e-09
FL-2005-000111-ROM,FL_2005_000111_ROM,3.0113225e-09,1.535974043859548e-05,729.0,3.0154251192098092e-09
FF-2010-000204-LCA,FF_2010_000204_LCA,2.9931733e-09,0.0001845379640071,144.0,3.0132617114093966e-09
FL-2010-000067-BRA,FL_2010_000067_BRA,2.9800782e-09,2.7987232369792663e-05,570.0,2.9852609446956526e-09
FL-2016-000066-PAK,FL_2016_000066_PAK,2.9201024e-09,0.0004003976033841,67.0,2.9606593777777773e-09
FL-2014-000162-LKA,FL_2014_000162_LKA,2.8352272e-09,2.5837888681194937e-05,586.0,2.8400245387478845e-09
FF-2018-000118-LAO,FF_2018_000118_LAO,2.783059e-09,0.0001193580321748,212.0,2.795884156682028e-09
FL-2021-000050-AFG,FL_2021_000050_AFG,2.625919e-09,2.1010185126377253e-06,1070.0,2.628361715348837e-09
FL-2017-000126-NGA,FL_2017_000126_NGA,2.381485e-09,7.971385746959911e-06,858.0,2.384244542294322e-09
FL-2019-000136-SLV,FL_2019_000136_SLV,2.250055e-09,2.769511220271384e-06,1038.0,2.2522122914669226e-09
FL-2004-000052-JPN,FL_2004_000052_JPN,2.114176e-09,2.3318265997783837e-05,612.0,2.1176025413290116e-09
FF-2007-000113-GMB,FF_2007_000113_GMB,2.08932e-09,3.1049750895358585e-06,1022.0,2.0913543914313535e-09
FL-2010-000153-PRK,FL_2010_000153_PRK,2.0271889e-09,7.590248940676501e-06,872.0,2.0295004038768526e-09
FL-1998-000179-RUS,FL_1998_000179_RUS,1.9595832e-09,1.5701483606679097e-05,721.0,1.9622823504132233e-09
FL-2003-000341-NPL,FL_2003_000341_NPL,1.9369937e-09,2.2385643231274305e-05,620.0,1.94009288992e-09
FL-2007-000222-MYS,FL_2007_000222_MYS,1.922819e-09,0.0001579973748057,169.0,1.933869683908046e-09
FL-1999-000161-LKA,FL_1999_000161_LKA,1.8496815e-09,1.3656316162365666e-06,1116.0,1.8513315280999108e-09
FL-2008-000079-LKA,FL_2008_000079_LKA,1.6977765e-09,1.058530132007762e-06,1129.0,1.6992736574074073e-09
FL-2000-000083-ZWE,FL_2000_000083_ZWE,1.6889791e-09,3.5090098986674364e-05,504.0,1.692297330058939e-09
FL-2005-000139-SLE,FL_2005_000139_SLE,1.6661487e-09,1.1306228670748305e-05,801.0,1.6682158820099257e-09
FL-2022-000336-VNM,FL_2022_000336_VNM,1.6240769e-09,0.0001951800314909,140.0,1.6352774303448277e-09
FL-2006-000001-IDN,FL_2006_000001_IDN,1.606846e-09,9.856484479920797e-06,829.0,1.6087726738609113e-09
FF-2012-000118-AFG,FF_2012_000118_AFG,1.6019683e-09,1.4904976162036058e-05,735.0,1.6041331220270274e-09
FL-2009-000121-CZE,FL_2009_000121_CZE,1.4707634e-09,0.0067689387308109,9.0,1.5758179285714286e-09
FL-1991-000011-CHN,FL_1991_000011_CHN,1.5322705e-09,2.219703040447472e-05,623.0,1.5347104211783442e-09
FF-2020-000055-SOM,FF_2020_000055_SOM,1.481479e-09,4.301897498735877e-05,453.0,1.4847136703056769e-09
FL-2013-000123-CMR,FL_2013_000123_CMR,1.47648e-09,3.703777830865094e-05,486.0,1.4794870875763748e-09
FL-2005-000153-THA,FL_2005_000153_THA,1.4320874e-09,0.0004219316756545,61.0,1.453785693939394e-09
FL-2015-000024-ARG,FL_2015_000024_ARG,1.4336186e-09,1.605346555489061e-06,1102.0,1.434913648419151e-09
FL-1997-000097-AFG,FL_1997_000097_AFG,1.3408347e-09,3.4662996878980334e-07,1173.0,1.3419729297962649e-09
FL-2018-000060-LKA,FL_2018_000060_LKA,1.2887188e-09,3.637531615587948e-07,1169.0,1.2898165161839863e-09
FL-2007-000189-NIC,FL_2007_000189_NIC,1.2212639e-09,3.170563172939072e-05,536.0,1.2235213194085028e-09
FL-2013-000068-CZE,FL_2013_000068_CZE,1.1053697e-09,0.0028555365959663,15.0,1.1606381850000001e-09
FL-2001-000696-BRA,FL_2001_000696_BRA,1.1304697e-09,4.087602026754917e-05,467.0,1.1328647629237289e-09
FL-2010-000091-VNM,FL_2010_000091_VNM,1.0503205e-09,1.60248219799213e-06,1103.0,1.0512684426895305e-09
FL-2003-000531-IDN,FL_2003_000531_IDN,1.013211e-09,1.567257241138353e-05,722.0,1.0146046877579092e-09
FF-2020-000168-MNG,FF_2020_000168_MNG,9.824012e-10,1.730802081677768e-06,1090.0,9.832983700456621e-10
FL-2008-000231-PAN,FL_2008_000231_PAN,9.805124e-10,2.010426927675488e-05,654.0,9.820002792109257e-10
FF-2008-000227-ETH,FF_2008_000227_ETH,9.752844e-10,2.8662277451792773e-05,558.0,9.770166991119004e-10
FL-2021-000001-MYS,FL_2021_000001_MYS,9.690009e-10,2.4105949068190136e-05,605.0,9.705894260655737e-10
FL-2004-000059-AFG,FL_2004_000059_AFG,9.2430785e-10,1.9302416811309127e-05,673.0,9.256711359144542e-10
FL-2003-000229-LKA,FL_2003_000229_LKA,9.1613395e-10,4.310667767065929e-06,977.0,9.170668766293279e-10
FL-2005-000094-AFG,FL_2005_000094_AFG,9.023764e-10,9.955239137979564e-05,242.0,9.060297457489878e-10
FL-2021-000127-NER,FL_2021_000127_NER,8.686418e-10,7.3792326074086254e-06,881.0,8.696222083521445e-10
FL-2004-000115-PAN,FL_2004_000115_PAN,8.1191914e-10,4.865509486498933e-05,413.0,8.138615302870814e-10
FL-2005-000117-GTM,FL_2005_000117_GTM,7.927557e-10,4.471995497626645e-06,971.0,7.93567949692623e-10
FL-2005-000137-CAF,FL_2005_000137_CAF,7.2904e-10,3.678523287499072e-05,488.0,7.305187829614605e-10
FL-1997-000265-SOM,FL_1997_000265_SOM,7.1593176e-10,9.265854451634032e-05,257.0,7.186643239694656e-10
FF-2013-000088-AFG,FF_2013_000088_AFG,6.9171874e-10,1.1373963888871981e-07,1197.0,6.922942131613977e-10
FL-2011-000196-IDN,FL_2011_000196_IDN,6.770741e-10,1.5428859539270992e-05,728.0,6.77997802728513e-10
FL-2020-000199-MRT,FL_2020_000199_MRT,6.7505695e-10,7.654449307783002e-05,308.0,6.772136814696485e-10
FL-1999-000132-BLR,FL_1999_000132_BLR,6.756542e-10,4.605740990258397e-05,432.0,6.772003194508011e-10
FL-2006-000131-BGD,FL_2006_000131_BGD,6.576547e-10,0.0001338191801277,195.0,6.609429735e-10
FL-2016-000081-GTM,FL_2016_000081_GTM,6.3044414e-10,6.825749450984462e-06,894.0,6.311454126807564e-10
FL-2019-000009-ARG,FL_2019_000009_ARG,6.229444e-10,8.307328410525841e-05,292.0,6.250418558922559e-10
FL-2010-000160-NPL,FL_2010_000160_NPL,6.1697036e-10,4.624803909882705e-05,430.0,6.183886826666667e-10
FL-2007-000127-MRT,FL_2007_000127_MRT,6.094837e-10,9.105221534149532e-05,262.0,6.117664104868914e-10
ST-2015-000041-PRY,ST_2015_000041_PRY,6.000396e-10,7.250647992142974e-06,886.0,6.007130451178452e-10
FL-2001-000376-PAK,FL_2001_000376_PAK,5.7869903e-10,1.833719235552288e-05,688.0,5.795340935353535e-10
FL-2006-000169-SOM,FL_2006_000169_SOM,5.5689187e-10,4.546118565636216e-05,435.0,5.58157533340909e-10
FF-2009-000159-PAK,FF_2009_000159_PAK,5.538321e-10,5.459544800933388e-06,936.0,5.544206569606801e-10
FL-2012-000173-SOM,FL_2012_000173_SOM,5.3992444e-10,0.0004225130980267,60.0,5.482309698461538e-10
FL-2000-000012-MOZ,FL_2000_000012_MOZ,5.4205546e-10,0.0001447244837636,180.0,5.449854895135135e-10
FL-2007-000126-PRK,FL_2007_000126_PRK,5.431658e-10,3.3708944443235786e-05,522.0,5.44196475142315e-10
FL-1992-000008-PAK,FL_1992_000008_PAK,5.276146e-10,8.859685158631032e-05,272.0,5.295193458483755e-10
FF-2011-000071-GEO,FF_2011_000071_GEO,5.1021715e-10,6.082331281338067e-07,1150.0,5.106588964502165e-10
FL-2008-000166-GTM,FL_2008_000166_GTM,4.950329e-10,2.668826243923303e-06,1045.0,4.955043599047619e-10
LS-2022-000283-LKA,LS_2022_000283_LKA,4.827777e-10,2.6688154609860145e-06,1046.0,4.832370508087536e-10
FL-2009-000174-NER,FL_2009_000174_NER,4.6067178e-10,1.129138080482417e-05,802.0,4.6124262483271374e-10
FL-2007-000147-NER,FL_2007_000147_NER,4.511314e-10,7.101545633126872e-06,889.0,4.516360212527964e-10
FF-2013-000100-RUS,FF_2013_000100_RUS,4.5099696e-10,5.759629892867551e-07,1154.0,4.513860859361519e-10
FL-2013-000119-MRT,FL_2013_000119_MRT,4.2634826e-10,1.8753900086762645e-05,681.0,4.269697589212828e-10
FL-2010-000102-CRI,FL_2010_000102_CRI,4.2446313e-10,2.7834558197243932e-05,572.0,4.251987680069324e-10
FL-2007-000199-THA,FL_2007_000199_THA,3.8127287e-10,4.465275271424257e-05,441.0,3.821277419058295e-10
FL-2012-000071-NPL,FL_2012_000071_NPL,3.7863826e-10,4.015581025412988e-06,985.0,3.7902072288888885e-10
FL-2009-000145-NPL,FL_2009_000145_NPL,3.5881595e-10,2.8859324624052964e-06,1031.0,3.591622974420849e-10
FL-2021-000134-NPL,FL_2021_000134_NPL,3.5660497e-10,3.428870220489295e-07,1174.0,3.5690743392705685e-10
FL-2018-000077-CIV,FL_2018_000077_CIV,3.3479228e-10,1.4202729560546206e-05,754.0,3.3523337654808964e-10
FL-2020-000175-GEO,FL_2020_000175_GEO,3.3432426e-10,2.2011106111117543e-05,625.0,3.3485493342857144e-10
FL-2012-000132-NPL,FL_2012_000132_NPL,3.3038283e-10,5.592817655426422e-10,1218.0,3.30652971316435e-10
FL-2019-000087-PAK,FL_2019_000087_PAK,3.2332018e-10,1.0425455157377138e-05,816.0,3.237139926431182e-10
FL-2020-000038-EGY,FL_2020_000038_EGY,3.2281403e-10,8.314928495533784e-06,851.0,3.231911491939252e-10
FL-2005-000098-BGR,FL_2005_000098_BGR,3.023113e-10,1.6244185855035103e-05,715.0,3.027311768055556e-10
FL-2017-000057-LKA,FL_2017_000057_LKA,2.9859173e-10,3.204177749566519e-06,1016.0,2.9888418027424094e-10
FL-2009-000267-SRB,FL_2009_000267_SRB,2.973329e-10,4.074369262939334e-06,984.0,2.9763353993933265e-10
FL-2015-000040-SOM,FL_2015_000040_SOM,2.8678881e-10,1.1224224421479657e-05,804.0,2.871433079110013e-10
FF-2020-000158-SRB,FF_2020_000158_SRB,2.8182218e-10,9.016170770674566e-05,264.0,2.8286984609665425e-10
FL-2002-000054-IDN,FL_2002_000054_IDN,2.7540265e-10,6.347814838284462e-05,346.0,2.7618727293447295e-10
FL-2015-000131-SLE,FL_2015_000131_SLE,2.5825436e-10,0.0002070672260974,128.0,2.601961221052632e-10
FL-2003-000028-BRA,FL_2003_000028_BRA,2.573046e-10,0.000257911072882,103.0,2.5968705e-10
FL-2007-000161-UGA,FL_2007_000161_UGA,2.5543684e-10,5.435521538564481e-05,390.0,2.5608351554430377e-10
FF-2022-000278-MNG,FF_2022_000278_MNG,2.5446267e-10,6.099925931303964e-06,920.0,2.547377647783784e-10
FL-2017-000139-ETH,FL_2017_000139_ETH,2.51373e-10,1.946883824793373e-05,668.0,2.517465111441308e-10
LS-2015-000135-LKA,LS_2015_000135_LKA,2.409223e-10,5.914025798951873e-06,924.0,2.4118163509149624e-10
FL-2001-000549-GIN,FL_2001_000549_GIN,2.3212461e-10,1.4234986798623524e-05,752.0,2.3243124752972258e-10
FL-2020-000019-MDG,FL_2020_000019_MDG,2.2957786e-10,3.388196735646476e-05,518.0,2.3001682340344168e-10
FL-2003-000220-NAM,FL_2003_000220_NAM,2.2927808e-10,4.353329682702351e-05,452.0,2.297797825820569e-10
FL-2013-000142-VNM,FL_2013_000142_VNM,2.232143e-10,0.0009804532105476,31.0,2.294146972222222e-10
FL-2005-000209-THA,FL_2005_000209_THA,2.2742767e-10,1.9286646795828174e-05,674.0,2.277626150220913e-10
FL-2018-000014-ARG,FL_2018_000014_ARG,2.1791309e-10,4.273737160954621e-05,454.0,2.183878461873638e-10
FL-2016-000102-SEN,FL_2016_000102_SEN,2.0072052e-10,0.0005742132477909,47.0,2.0458053e-10
FL-2013-000076-PRY,FL_2013_000076_PRY,1.9649117e-10,2.8048100338276157e-05,568.0,1.968340865270506e-10
FL-2010-000259-AUS,FL_2010_000259_AUS,1.9370594e-10,0.0002231817967394,123.0,1.9521926765625002e-10
FL-1998-000224-SVK,FL_1998_000224_SVK,1.9475821e-10,1.4652297540473857e-06,1110.0,1.9493288104035876e-10
FL-2002-000376-RUS,FL_2002_000376_RUS,1.931086e-10,4.612512251419405e-05,431.0,1.9355150963302752e-10
FL-2019-000094-GTM,FL_2019_000094_GTM,1.9136559e-10,1.2390640802522171e-05,786.0,1.916075186852086e-10
FL-2011-000051-RWA,FL_2011_000051_RWA,1.9013016e-10,5.04126653338148e-05,404.0,1.9059502591687045e-10
FL-2005-000208-BIH,FL_2005_000208_BIH,1.8923413e-10,1.3744969936493108e-05,762.0,1.894808498565841e-10
FL-2001-000146-AGO,FL_2001_000146_AGO,1.7202673e-10,4.474988083472865e-05,439.0,1.7241417759009013e-10
FL-2017-000107-NPL,FL_2017_000107_NPL,1.7128628e-10,1.928938059719476e-06,1080.0,1.7144414753917052e-10
FL-2008-000230-CUB,FL_2008_000230_CUB,1.6543611e-10,0.0002328011116376,114.0,1.668263294117647e-10
FL-2015-000081-PHL,FL_2015_000081_PHL,1.5863799e-10,1.4641537311784884e-05,740.0,1.5885092689932886e-10
FL-2008-000051-LKA,FL_2008_000051_LKA,1.5603865e-10,5.534958601363784e-05,387.0,1.5643670778061225e-10
LS-2011-000104-ECU,LS_2011_000104_ECU,1.550781e-10,3.3996254181640286e-05,514.0,1.5537690173410405e-10
FL-2019-000116-ETH,FL_2019_000116_ETH,1.5464825e-10,3.187315613279219e-05,533.0,1.5493570027881039e-10
FL-2008-000250-THA,FL_2008_000250_THA,1.4532303e-10,0.0002971517455839,91.0,1.4683681156250001e-10
FL-1998-000048-PAK,FL_1998_000048_PAK,1.4350085e-10,4.3874926207451085e-06,975.0,1.436472794387755e-10
FL-2000-000038-PHL,FL_2000_000038_PHL,1.3690253e-10,9.876967407327114e-07,1132.0,1.3702293679859276e-10
FL-2006-000065-TZA,FL_2006_000065_TZA,1.3543378e-10,3.0180760665617157e-05,548.0,1.3567868737793853e-10
FL-2016-000137-ARG,FL_2016_000137_ARG,1.2699687e-10,0.0054802346091201,11.0,1.34934174375e-10
FL-2018-000360-RUS,FL_2018_000360_RUS,1.3009706e-10,2.3778721264274645e-06,1059.0,1.3021933167293234e-10
FL-2011-000005-HND,FL_2011_000005_HND,1.2947571e-10,1.6885090441821078e-06,1095.0,1.295934151909091e-10
FF-2009-000204-TUN,FF_2009_000204_TUN,1.2659995e-10,6.942071446591808e-06,891.0,1.2674124458705356e-10
FL-1998-000316-VNM,FL_1998_000316_VNM,1.2151945e-10,1.319553631683346e-05,769.0,1.21676451873385e-10
FL-2010-000179-ETH,FL_2010_000179_ETH,1.1908896e-10,3.573009013466599e-05,496.0,1.1932666251497007e-10
FL-2022-000261-GEO,FL_2022_000261_GEO,1.1551283e-10,0.000136252235795,192.0,1.160991895431472e-10
FL-2022-000365-PAN,FL_2022_000365_PAN,1.1356039e-10,5.581807133815005e-06,929.0,1.13681975e-10
FL-2007-000111-GBR,FL_2007_000111_GBR,1.1119954e-10,1.7420237833761273e-06,1088.0,1.1130127791399817e-10
FF-2019-000068-VNM,FF_2019_000068_VNM,1.1063722e-10,0.0001106422567039,228.0,1.1111205785407727e-10
FL-2021-000152-GEO,FL_2021_000152_GEO,1.09917325e-10,2.8259297464863524e-05,563.0,1.1011084141725352e-10
FL-2001-000390-POL,FL_2001_000390_POL,1.0855928e-10,2.8329709296442064e-06,1034.0,1.0866376438883543e-10
FL-2006-000091-PRK,FL_2006_000091_PRK,1.0825503e-10,2.743886965507259e-06,1039.0,1.0835872255747125e-10
FF-2009-000201-PHL,FF_2009_000201_PHL,9.932871e-11,8.793800920287192e-07,1138.0,9.941561175853019e-11
FL-2016-000130-VCT,FL_2016_000130_VCT,9.8428876e-11,5.335329216661352e-05,396.0,9.86743345436409e-11
FL-2017-000004-THA,FL_2017_000004_THA,9.67947e-11,7.209779895762664e-06,887.0,9.690321423766816e-11
FL-1998-000112-TZA,FL_1998_000112_TZA,8.8363254e-11,5.58876725053902e-05,384.0,8.859040889460154e-11
FL-2014-000014-SYC,FL_2014_000014_SYC,8.786265e-11,0.0001148219109513,221.0,8.82514227876106e-11
FL-1997-000092-ECU,FL_1997_000092_ECU,8.750684e-11,8.157067885916352e-05,299.0,8.779469144736843e-11
FL-2020-000213-LAO,FL_2020_000213_LAO,8.293968e-11,2.4989716015388594e-06,1053.0,8.301807289224952e-11
FL-2014-000168-MYS,FL_2014_000168_MYS,8.242358e-11,9.49309306930386e-05,248.0,8.274936490118577e-11
FL-2008-000102-CIV,FL_2008_000102_CIV,7.864467e-11,0.0003275868472409,83.0,7.953835943181818e-11
FL-2018-000112-GEO,FL_2018_000112_GEO,7.7381275e-11,2.121769125125629e-05,635.0,7.750218324218749e-11
ST-2010-000085-CHN,ST_2010_000085_CHN,7.44524e-11,4.773246360838182e-05,420.0,7.462758211764706e-11
LS-2022-000224-GTM,LS_2022_000224_GTM,6.894817e-11,6.262470713806044e-05,353.0,6.914076265363128e-11
FL-2012-000141-NER,FL_2012_000141_NER,6.791393e-11,0.0001577922564712,170.0,6.83020096e-11
FL-2012-000157-CMR,FL_2012_000157_CMR,6.599637e-11,1.776044668114142e-05,704.0,6.608945373765868e-11
FL-2010-000072-RUS,FL_2010_000072_RUS,6.3145114e-11,2.7991141631509563e-05,569.0,6.325512290940766e-11
FL-2007-000177-SLE,FL_2007_000177_SLE,6.311677e-11,4.783125071153105e-06,959.0,6.318224382780082e-11
FL-2019-000014-MWI,FL_2019_000014_MWI,5.5944895e-11,0.000166673415451,159.0,5.6286022408536586e-11
FF-2012-000120-GEO,FF_2012_000120_GEO,5.541773e-11,4.9833247877871666e-08,1204.0,5.546356765922249e-11
FL-2001-000252-ECU,FL_2001_000252_ECU,5.3401755e-11,6.407685089121852e-05,342.0,5.355565054755044e-11
FL-2000-000002-AGO,FL_2000_000002_AGO,5.3101464e-11,8.834632107952704e-05,274.0,5.3291791827956984e-11
FL-2005-000064-ETH,FL_2005_000064_ETH,5.221926e-11,0.0002513546044213,107.0,5.2685503392857144e-11
FF-2004-000060-VNM,FF_2004_000060_VNM,5.2588264e-11,1.4698823821909132e-05,738.0,5.265904228263795e-11
FL-2010-000208-RUS,FL_2010_000208_RUS,5.1194854e-11,5.133713098029855e-06,947.0,5.124863010714285e-11
FL-2006-000027-IDN,FL_2006_000027_IDN,5.036259e-11,2.854144095356418e-05,559.0,5.045188537234042e-11
FL-2014-000006-PHL,FL_2014_000006_PHL,4.7569757e-11,0.0001875278529571,143.0,4.789117427702703e-11
FF-2012-000148-PAK,FF_2012_000148_PAK,4.6661952e-11,4.461842931489476e-06,972.0,4.67097124421699e-11
FL-2009-000268-AGO,FL_2009_000268_AGO,4.584452e-11,4.200818768176536e-05,458.0,4.5943536241900644e-11
FL-2017-000017-PAK,FL_2017_000017_PAK,4.5675533e-11,3.3456780023391304e-06,1012.0,4.572044502851524e-11
FL-2008-000191-SLV,FL_2008_000191_SLV,4.532269e-11,2.2345474068998488e-05,622.0,4.539497499202552e-11
FL-2008-000088-USA,FL_2008_000088_USA,4.4744684e-11,4.462747303605775e-05,442.0,4.484478396420582e-11
FL-2007-000088-ECU,FL_2007_000088_ECU,4.2714377e-11,3.657528601150271e-05,490.0,4.280066867070707e-11
FL-2016-000045-ETH,FL_2016_000045_ETH,4.2049985e-11,0.0002029871090014,133.0,4.2354695036231884e-11
FL-2020-000161-BGD,FL_2020_000161_BGD,4.145309e-11,2.04719571637697e-07,1188.0,4.1487836932103945e-11
FL-2012-000128-SSD,FL_2012_000128_SSD,4.130251e-11,2.070199655840621e-06,1073.0,4.134082401669759e-11
FF-2008-000199-LKA,FF_2008_000199_LKA,4.063256e-11,2.375200391538824e-07,1183.0,4.066676249158249e-11
FL-2009-000007-ZWE,FL_2009_000007_ZWE,4.0515313e-11,8.684182797805973e-05,278.0,4.0658476650176683e-11
FL-2008-000180-NIC,FL_2008_000180_NIC,3.971934e-11,7.828025404484e-05,304.0,3.984788155339806e-11
FL-2013-000055-UGA,FL_2013_000055_UGA,3.9453073e-11,0.0001326307558145,197.0,3.964838524257426e-11
FL-1999-000437-KHM,FL_1999_000437_KHM,3.933421e-11,4.095933118128258e-06,983.0,3.9374021953441297e-11
FL-2012-000191-HTI,FL_2012_000191_HTI,3.7328373e-11,8.25162020432731e-05,294.0,3.745321705685619e-11
FL-2012-000063-RUS,FL_2012_000063_RUS,3.7167002e-11,2.0397921909842084e-05,648.0,3.72239193078101e-11
FL-2000-000408-VNM,FL_2000_000408_VNM,3.5881298e-11,1.4801452555687762e-05,737.0,3.59296555444744e-11
FL-2007-000200-MEX,FL_2007_000200_MEX,3.5297217e-11,9.462107737889362e-06,833.0,3.533933778400954e-11
FL-2010-000120-BRA,FL_2010_000120_BRA,3.4615283e-11,7.944128125196756e-06,859.0,3.46553469849537e-11
FL-2021-000096-PAN,FL_2021_000096_PAN,3.4160844e-11,8.977365268790541e-05,267.0,3.428643533823529e-11
FL-2017-000078-NER,FL_2017_000078_NER,3.4185273e-11,5.264859545158045e-06,944.0,3.422129541622761e-11
FL-2002-000373-GHA,FL_2002_000373_GHA,3.2123176e-11,0.0030178675886781,14.0,3.381386947368421e-11
FL-2011-000109-PAK,FL_2011_000109_PAK,3.236783e-11,2.9465012064920694e-06,1029.0,3.23991335106383e-11
FL-2010-000037-HTI,FL_2010_000037_HTI,3.1140653e-11,3.41605724423331e-06,1009.0,3.117136370315581e-11
FL-2002-000808-MWI,FL_2002_000808_MWI,3.0910753e-11,2.659866861146536e-05,579.0,3.096368237157534e-11
FL-2011-000045-GTM,FL_2011_000045_GTM,3.0787442e-11,1.5491508886764807e-05,725.0,3.082961657808219e-11
FL-2010-000262-ECU,FL_2010_000262_ECU,3.0102212e-11,5.296595081443051e-06,942.0,3.01339989186906e-11
FL-2007-000145-ETH,FL_2007_000145_ETH,2.934607e-11,0.0003309210066366,82.0,2.9683381149425293e-11
FF-2012-000079-GEO,FF_2012_000079_GEO,2.927405e-11,5.549576828454564e-07,1157.0,2.9299242814113595e-11
FL-2019-000030-IRQ,FL_2019_000030_IRQ,2.9215092e-11,2.5833006985709992e-05,587.0,2.926444181756757e-11
FL-2021-000108-SSD,FL_2021_000108_SSD,2.8435764e-11,8.45212231759371e-05,285.0,2.853381835862069e-11
FL-2005-000103-SLV,FL_2005_000103_SLV,2.8062065e-11,8.978783768789966e-05,266.0,2.8165615055350552e-11
FL-2021-000145-BEN,FL_2021_000145_BEN,2.779054e-11,2.770332376108708e-05,573.0,2.783862051903114e-11
FF-2018-000042-ETH,FF_2018_000042_ETH,2.6714509e-11,4.479388293278038e-06,970.0,2.6741908496410255e-11
FL-2019-000089-SLE,FL_2019_000089_SLE,2.6209519e-11,2.839369572102004e-05,561.0,2.6255825570671377e-11
FL-2011-000183-TZA,FL_2011_000183_TZA,2.5707382e-11,1.55678217622401e-05,724.0,2.5742645898491082e-11
FL-2009-000010-FJI,FL_2009_000010_FJI,2.5219642e-11,0.0003067674738459,89.0,2.548793606382979e-11
FL-2009-000165-CHL,FL_2009_000165_CHL,2.5365307e-11,6.29387126662569e-06,906.0,2.539315036663008e-11
FL-2001-000485-KHM,FL_2001_000485_KHM,2.5005536e-11,8.346900879464159e-05,290.0,2.509030052881356e-11
FL-2006-000156-TUR,FL_2006_000156_TUR,2.5004025e-11,1.3785566953405807e-05,760.0,2.5036710000000002e-11
FL-2006-000034-ECU,FL_2006_000034_ECU,2.2349128e-11,2.205411778639629e-05,624.0,2.2384659205087438e-11
FL-2014-000121-CMR,FL_2014_000121_CMR,2.1508519e-11,0.0006401865230665,43.0,2.1956613145833332e-11
FL-2009-000164-SEN,FL_2009_000164_SEN,2.1525197e-11,9.87676890761702e-05,244.0,2.1611643574297187e-11
FL-2021-000049-RWA,FL_2021_000049_RWA,2.051721e-11,0.0001733535279642,152.0,2.0647892866242038e-11
FL-2006-000023-DZA,FL_2006_000023_DZA,2.008205e-11,1.784266665111725e-05,702.0,2.011045459688826e-11
FL-2007-000125-PHL,FL_2007_000125_PHL,1.9683545e-11,6.413740792259086e-05,341.0,1.9740433858381502e-11
FL-2021-000190-EGY,FL_2021_000190_EGY,1.9475501e-11,0.0001422009859475,185.0,1.9578003636842107e-11
FL-2001-000620-DZA,FL_2001_000620_DZA,1.936279e-11,7.465965076364834e-05,315.0,1.942329871875e-11
FL-1997-000295-COD,FL_1997_000295_COD,1.9164644e-11,0.0001334240005147,196.0,1.925999048756219e-11
FL-2007-000057-URY,FL_2007_000057_URY,1.9052676e-11,0.0002308635910991,115.0,1.9211448299999997e-11
FL-2006-000112-ETH,FL_2006_000112_ETH,1.8968454e-11,0.0002824348272841,98.0,1.9152613747572814e-11
FL-2006-000050-ARG,FL_2006_000050_ARG,1.8873823e-11,6.157687143414402e-05,360.0,1.892553210410959e-11
FL-2005-000205-PHL,FL_2005_000205_PHL,1.7260924e-11,4.700818266205972e-07,1164.0,1.7275689546621047e-11
FL-2010-000031-PRT,FL_2010_000031_PRT,1.6255611e-11,2.385801669812199e-06,1058.0,1.627090320225776e-11
FL-2018-000425-LKA,FL_2018_000425_LKA,1.6145496e-11,1.3928275273442864e-05,759.0,1.616662884816754e-11
FL-2007-000123-NGA,FL_2007_000123_NGA,1.5991545e-11,0.0001707765727623,155.0,1.6091492156250002e-11
FF-2009-000196-IDN,FF_2009_000196_IDN,1.5922963e-11,1.6855902200807696e-06,1096.0,1.5937425273387828e-11
FL-2003-000204-KEN,FL_2003_000204_KEN,1.5330119e-11,0.0001717399500581,154.0,1.5426534842767298e-11
FL-2009-000140-MNG,FL_2009_000140_MNG,1.4339343e-11,6.318296426221499e-05,349.0,1.4379849618644066e-11
FF-2010-000094-HUN,FF_2010_000094_HUN,1.4248417e-11,1.2628286189856779e-11,1219.0,1.4260057863562092e-11
FL-2003-000350-MNG,FL_2003_000350_MNG,1.4188215e-11,6.869619345943001e-06,893.0,1.4204014793986637e-11
FL-2000-000770-IDN,FL_2000_000770_IDN,1.4135206e-11,1.969352802460699e-05,662.0,1.4156398212893553e-11
FL-2020-000126-ETH,FL_2020_000126_ETH,1.412149e-11,3.244445599353636e-05,529.0,1.4147934737827714e-11
FL-2012-000140-MMR,FL_2012_000140_MMR,1.3720782e-11,7.5356072955859615e-06,874.0,1.3736391535836177e-11
FF-2020-000221-SOM,FF_2020_000221_SOM,1.3072847e-11,5.545530114145328e-05,386.0,1.3106281391304347e-11
FL-2016-000124-COD,FL_2016_000124_COD,1.2947407e-11,2.092823601355464e-05,642.0,1.2967418448222567e-11
FL-2009-000216-ITA,FL_2009_000216_ITA,1.2651821e-11,2.440132143035705e-06,1054.0,1.2663767950897073e-11
FL-2004-000036-MKD,FL_2004_000036_MKD,1.2554415e-11,3.617783338011428e-05,491.0,1.2579726320564517e-11
FL-2016-000050-LKA,FL_2016_000050_LKA,1.2493811e-11,6.251212673881238e-05,354.0,1.252861270194986e-11
FL-2010-000115-MMR,FL_2010_000115_MMR,1.1920195e-11,1.4432154434858548e-05,745.0,1.1936088593333335e-11
FL-2002-000732-IDN,FL_2002_000732_IDN,1.1568909e-11,8.026555066986996e-06,857.0,1.1582330008120651e-11
FL-2022-000328-HND,FL_2022_000328_HND,1.1323221e-11,1.0023079088932435e-05,825.0,1.1336863434939757e-11
FL-2009-000034-MAR,FL_2009_000034_MAR,1.1225495e-11,1.2017880021559336e-05,789.0,1.123963290302267e-11
FL-2010-000046-MOZ,FL_2010_000046_MOZ,1.0829407e-11,0.0002330908284625,113.0,1.092118163559322e-11
FL-2022-000331-SLV,FL_2022_000331_SLV,1.0367985e-11,1.7098349155520903e-05,709.0,1.0382505987394958e-11
FL-2012-000151-TCD,FL_2012_000151_TCD,9.6465735e-12,2.9864942808770443e-06,1027.0,9.655920954941861e-12
FF-2012-000081-ETH,FF_2012_000081_ETH,9.092035e-12,4.8243399593154015e-05,416.0,9.113631282660332e-12
FL-2015-000164-COD,FL_2015_000164_COD,8.7625115e-12,3.706695444172716e-05,485.0,8.780394176530612e-12
FL-2012-000138-NGA,FL_2012_000138_NGA,7.944459e-12,1.4679256803532394e-06,1109.0,7.951590471274686e-12
FL-2001-000079-ROM,FL_2001_000079_ROM,7.679392e-12,7.472604044948481e-06,876.0,7.688108676503974e-12
FL-2001-000095-HUN,FL_2001_000095_HUN,7.679392e-12,4.644789697998166e-06,963.0,7.687325256198347e-12
FL-2001-000096-UKR,FL_2001_000096_UKR,7.679392e-12,3.0273983588707204e-06,1024.0,7.686854965986396e-12
FL-2007-000197-COD,FL_2007_000197_COD,7.4678675e-12,0.0004360024875263,58.0,7.586405079365079e-12
FL-1997-000142-CZE,FL_1997_000142_CZE,6.9936145e-12,0.0021041118960134,17.0,7.311506068181818e-12
FL-2009-000198-BEN,FL_2009_000198_BEN,7.1781496e-12,5.972258343256956e-06,923.0,7.185884675000001e-12
FL-2013-000028-NAM,FL_2013_000028_NAM,6.908342e-12,4.8139720035113545e-05,418.0,6.924673777777777e-12
FL-2019-000145-TZA,FL_2019_000145_TZA,6.765662e-12,6.295555134256489e-06,905.0,6.773096793406593e-12
FL-2011-000043-VCT,FL_2011_000043_VCT,6.5633883e-12,0.0004803894284571,53.0,6.676550167241378e-12
FL-1998-000193-ROM,FL_1998_000193_ROM,6.624475e-12,4.397025846064069e-05,450.0,6.639034285714285e-12
FL-2008-000232-CRI,FL_2008_000232_CRI,6.567938e-12,1.5442285269435063e-05,727.0,6.576910592896175e-12
FL-2020-000132-UGA,FL_2020_000132_UGA,6.524815e-12,5.24373600261661e-05,399.0,6.540965532178218e-12
FL-2005-000109-PRK,FL_2005_000109_PRK,6.235305e-12,3.38937401666321e-05,517.0,6.2472500287356325e-12
FL-2002-000125-ECU,FL_2002_000125_ECU,6.211166e-12,4.5616806401577314e-05,434.0,6.22531444191344e-12
FL-2012-000169-SEN,FL_2012_000169_SEN,6.1810613e-12,3.5773385998995074e-05,495.0,6.1934234226000005e-12
FL-2001-000332-IND,FL_2001_000332_IND,6.0297787e-12,1.2561143600516366e-05,782.0,6.037440426429479e-12
FL-2008-000035-PRY,FL_2008_000035_PRY,6.0098385e-12,8.03867953857905e-06,856.0,6.0168185679442505e-12
FL-2019-000098-CAF,FL_2019_000098_CAF,5.490925e-12,0.0002063738337629,130.0,5.531598518518518e-12
FL-2002-000402-BGD,FL_2002_000402_BGD,5.1604996e-12,1.036055496275208e-05,817.0,5.166777580048662e-12
FL-2008-000126-TCD,FL_2008_000126_TCD,5.0517143e-12,4.060738253997312e-05,470.0,5.062349488e-12
FL-2022-000190-TUN,FL_2022_000190_TUN,4.9507256e-12,8.439158009115602e-05,287.0,4.967680139726027e-12
FL-2005-000168-NPL,FL_2005_000168_NPL,4.8884967e-12,3.7026364360893696e-06,999.0,4.89336572061753e-12
FL-2009-000133-ZAF,FL_2009_000133_ZAF,4.7842195e-12,7.422968719431614e-05,318.0,4.799031325077399e-12
FF-2011-000088-NGA,FF_2011_000088_NGA,4.5645297e-12,2.775418336745788e-07,1182.0,4.568375133614153e-12
FL-2015-000161-ETH,FL_2015_000161_ETH,4.2897014e-12,0.0001387844218672,190.0,4.311699868717949e-12
FL-1999-000259-KHM,FL_1999_000259_KHM,4.150913e-12,7.881005670350185e-06,861.0,4.155706202078522e-12
FL-2006-000164-TZA,FL_2006_000164_TZA,4.1300422e-12,4.364641877487548e-05,451.0,4.13909931008772e-12
FL-2007-000159-RWA,FL_2007_000159_RWA,3.963014e-12,0.0006267139272804,45.0,4.04227428e-12
FL-2010-000041-SOM,FL_2010_000041_SOM,3.9368175e-12,8.60919037611577e-05,280.0,3.950630894736843e-12
FL-1997-000299-PRY,FL_1997_000299_PRY,3.789413e-12,4.324490358601145e-06,976.0,3.793275806320082e-12
FL-2020-000029-TZA,FL_2020_000029_TZA,3.4471191e-12,1.939929160821303e-06,1079.0,3.450299099169741e-12
FL-2014-000005-IDN,FL_2014_000005_IDN,3.2393946e-12,2.7057587096259227e-06,1041.0,3.242491535564053e-12
FL-2003-000020-MOZ,FL_2003_000020_MOZ,3.2115359e-12,0.0001276253809186,201.0,3.227125880097087e-12
FF-2013-000084-GEO,FF_2013_000084_GEO,3.0445809e-12,1.3627001878705246e-06,1117.0,3.047294430213904e-12
FL-2006-000018-IRQ,FL_2006_000018_IRQ,2.783149e-12,2.4705381050486705e-05,598.0,2.7877645041459375e-12
FL-2008-000069-CHL,FL_2008_000069_CHL,2.6341813e-12,1.4644778299521832e-05,739.0,2.6377218662634412e-12
FL-2006-000125-THA,FL_2006_000125_THA,2.550865e-12,0.0003555080270317,78.0,2.581598313253012e-12
FL-2010-000141-PAK,FL_2010_000141_PAK,2.5318237e-12,5.416581732718596e-05,392.0,2.5382010896725443e-12
FL-2022-000349-CMR,FL_2022_000349_CMR,2.270465e-12,3.769566196148278e-05,480.0,2.2751463711340207e-12
FL-2015-000171-PRY,FL_2015_000171_PRY,2.2547715e-12,2.0042122584939424e-05,657.0,2.258177499244713e-12
FL-2014-000155-HTI,FL_2014_000155_HTI,2.249525e-12,2.3262927832972474e-06,1063.0,2.2516312968164792e-12
FL-2002-000641-THA,FL_2002_000641_THA,2.1364776e-12,1.921802153568424e-05,675.0,2.1396194788235295e-12
FL-1998-000080-ARG,FL_1998_000080_ARG,2.1283066e-12,0.0001339091451625,194.0,2.1390016080402006e-12
FL-1998-000359-UKR,FL_1998_000359_UKR,1.9841327e-12,7.104334049983894e-07,1146.0,1.9858565337966985e-12
FL-2010-000023-ECU,FL_2010_000023_ECU,1.8963028e-12,0.0001523431658635,177.0,1.906722046153846e-12
FL-2005-000051-AGO,FL_2005_000051_AGO,1.8398794e-12,8.383371422876792e-05,288.0,1.8461588518771333e-12
FL-2016-000114-EGY,FL_2016_000114_EGY,1.756313e-12,4.933217178833062e-05,408.0,1.760565573849879e-12
FL-2000-000258-IDN,FL_2000_000258_IDN,1.7566209e-12,7.447635812745719e-06,878.0,1.758610278142695e-12
FL-2009-000170-MRT,FL_2009_000170_MRT,1.7455513e-12,4.0877765478273984e-05,466.0,1.7492573537154989e-12
FL-2012-000205-LKA,FL_2012_000205_LKA,1.7350874e-12,5.701860422647796e-08,1201.0,1.7365261126036482e-12
FL-2022-000158-HTI,FL_2022_000158_HTI,1.6966031e-12,9.3111075481715e-06,835.0,1.698622865595238e-12
FL-2012-000003-BRA,FL_2012_000003_BRA,1.6561436e-12,1.534237906634099e-05,731.0,1.6583937951086954e-12
FF-2005-000067-IDN,FF_2005_000067_IDN,1.6349407e-12,1.4707416318717393e-06,1108.0,1.6364096494159928e-12
FL-2011-000190-AGO,FL_2011_000190_AGO,1.526129e-12,0.0001048363166477,235.0,1.5324878708333332e-12
FL-2002-000536-MMR,FL_2002_000536_MMR,1.4885278e-12,2.969670200835857e-05,553.0,1.491195412544803e-12
FL-2015-000037-HTI,FL_2015_000037_HTI,1.4803345e-12,5.65053842782701e-05,382.0,1.4841596537467701e-12
FL-2010-000152-THA,FL_2010_000152_THA,1.3683056e-12,6.168037905090335e-06,917.0,1.369789662472885e-12
FL-2005-000081-CHN,FL_2005_000081_CHN,1.2531316e-12,0.0003677495242756,74.0,1.2689940253164559e-12
FF-2020-000123-YEM,FF_2020_000123_YEM,1.2415342e-12,3.492140379243522e-05,507.0,1.2439590714843751e-12
FL-2000-000617-BGD,FL_2000_000617_BGD,1.1655055e-12,3.2192032699704744e-06,1014.0,1.1666492737978409e-12
FL-2000-000438-KHM,FL_2000_000438_KHM,1.1462066e-12,8.317174247394061e-06,850.0,1.14754719251462e-12
FL-2015-000113-PRK,FL_2015_000113_PRK,1.1242383e-12,3.10984261092691e-05,542.0,1.1262935802559414e-12
FL-2000-000806-FJI,FL_2000_000806_FJI,1.0983829e-12,2.047636526279783e-05,646.0,1.1000701241167436e-12
FL-2010-000096-IDN,FL_2010_000096_IDN,9.567031e-13,7.322074608357688e-05,322.0,9.596287975535167e-13
FL-2012-000153-IDN,FL_2012_000153_IDN,9.34997e-13,5.620624918259302e-05,383.0,9.374067860824743e-13
FL-2002-000540-DZA,FL_2002_000540_DZA,9.321616e-13,2.544551067878368e-05,590.0,9.337282581512606e-13
FL-2008-000168-NPL,FL_2008_000168_NPL,9.144069e-13,1.0271735232376024e-05,820.0,9.15515272e-13
FL-2012-000054-HTI,FL_2012_000054_HTI,8.987769e-13,0.0001390028070488,189.0,9.034097706185566e-13
FL-1999-000244-VNM,FL_1999_000244_VNM,8.9262137e-13,5.666429892855072e-05,380.0,8.94939867064935e-13
FL-2006-000121-MKD,FL_2006_000121_MKD,8.388245e-13,7.433175454445894e-05,316.0,8.41437660436137e-13
FF-2009-000246-LKA,FF_2009_000246_LKA,8.206657e-13,1.0083525799212688e-06,1131.0,8.213881169894366e-13
FL-2011-000131-GIN,FL_2011_000131_GIN,7.8291263e-13,7.372609671943039e-06,883.0,7.837942883671171e-13
FL-2021-000078-GTM,FL_2021_000078_GTM,7.763008e-13,0.0002231860121611,122.0,7.824134047244094e-13
FL-2017-000010-PHL,FL_2017_000010_PHL,6.927657e-13,7.40153851906186e-06,880.0,6.935484861016949e-13
FL-2001-000320-TLS,FL_2001_000320_TLS,6.7295686e-13,0.0006545292014859,42.0,6.872750910638297e-13
FF-2012-000102-PHL,FF_2012_000102_PHL,6.2640605e-13,9.932462085189488e-06,828.0,6.271580380552221e-13
FL-2021-000007-SYR,FL_2021_000007_SYR,5.839049e-13,0.000401401117398,66.0,5.921289126760563e-13
FL-2012-000067-RWA,FL_2012_000067_RWA,5.874876e-13,5.837607396266551e-05,372.0,5.89045922546419e-13
FL-2004-000063-PRK,FL_2004_000063_PRK,5.87296e-13,1.7389779343776856e-05,705.0,5.881231774647887e-13
FL-2017-000095-GHA,FL_2017_000095_GHA,5.529538e-13,0.0007104266252365,40.0,5.652416622222222e-13
FL-2018-000092-MNG,FL_2018_000092_MNG,5.2589004e-13,0.0003247972419046,84.0,5.317989168539326e-13
FL-2008-000246-GUY,FL_2008_000246_GUY,5.2092765e-13,6.655966324825337e-06,898.0,5.215045355481728e-13
FL-2021-000153-UGA,FL_2021_000153_UGA,5.159851e-13,3.903966424883652e-05,475.0,5.170600689583334e-13
FL-2013-000052-SOM,FL_2013_000052_SOM,5.089244e-13,7.918218392244759e-05,302.0,5.105821342019544e-13
FL-2007-000165-BEN,FL_2007_000165_BEN,4.760091e-13,0.000111562958794,225.0,4.780787047826086e-13
FL-2022-000002-IRN,FL_2022_000002_IRN,4.743909e-13,2.109509780617333e-06,1069.0,4.748326047486034e-13
FL-2021-000213-STP,FL_2021_000213_STP,4.64647e-13,3.239589438113452e-07,1176.0,4.650404352243861e-13
FL-2022-000292-LAO,FL_2022_000292_LAO,4.582422e-13,1.1625145324366417e-05,795.0,4.5881500275e-13
FL-1999-000315-GHA,FL_1999_000315_GHA,4.3188646e-13,0.0015298893205074,21.0,4.484974776923077e-13
FL-2002-000263-CRI,FL_2002_000263_CRI,4.4493567e-13,6.28103158203341e-06,908.0,4.4542300370208106e-13
FL-2004-000094-CHN,FL_2004_000094_CHN,4.1886563e-13,4.855474840978688e-06,956.0,4.1930149433922997e-13
FL-2006-000085-UKR,FL_2006_000085_UKR,4.024935e-13,2.4904301770767447e-05,596.0,4.0316320632279533e-13
FL-1999-000413-CAF,FL_1999_000413_CAF,3.8545127e-13,3.727859517037625e-05,482.0,3.862427510472279e-13
FL-2008-000158-PAN,FL_2008_000158_PAN,3.8453816e-13,5.233604087510424e-05,400.0,3.854876369382716e-13
FL-2019-000103-LAO,FL_2019_000103_LAO,3.841117e-13,8.077458619291563e-05,300.0,3.853710826229508e-13
FL-2015-000110-ARG,FL_2015_000110_ARG,3.684229e-13,2.865498562923986e-06,1033.0,3.687778353564547e-13
FL-1997-000270-ETH,FL_1997_000270_ETH,3.5099915e-13,7.945261685006159e-05,301.0,3.521462060457516e-13
FF-2008-000141-ETH,FF_2008_000141_ETH,3.5005202e-13,1.722993599937505e-06,1092.0,3.5037111938012764e-13
FL-2005-000166-CRI,FL_2005_000166_CRI,3.1606402e-13,1.705439251174994e-06,1094.0,3.1635161237488624e-13
FL-2000-000444-IND,FL_2000_000444_IND,3.099857e-13,9.80801528490123e-05,245.0,3.112256428e-13
FL-2006-000029-NAM,FL_2006_000029_NAM,2.936784e-13,1.229885619690441e-05,787.0,2.9404920606060607e-13
FL-2007-000040-HTI,FL_2007_000040_HTI,2.593843e-13,5.815774176137022e-07,1153.0,2.5960829335060446e-13
FL-1991-000009-VNM,FL_1991_000009_VNM,2.5886257e-13,1.973113671569111e-05,661.0,2.5925125253753753e-13
FL-2022-000305-GIN,FL_2022_000305_GIN,2.45816e-13,6.312930885467666e-06,904.0,2.460864246424643e-13
FL-2022-000333-THA,FL_2022_000333_THA,2.3935644e-13,4.758523098265785e-05,422.0,2.399169937236534e-13
FL-2022-000379-MYS,FL_2022_000379_MYS,2.3041532e-13,2.642813363762089e-05,580.0,2.308091923418803e-13
FL-2014-000045-SLB,FL_2014_000045_SLB,2.259196e-13,6.228036374044243e-06,912.0,2.261659681570338e-13
FL-2011-000161-SOM,FL_2011_000161_SOM,2.2075224e-13,1.8116945085976062e-05,695.0,2.2106760034285711e-13
FL-2003-000037-MDG,FL_2003_000037_MDG,2.1330268e-13,6.749847394618032e-06,896.0,2.1353941993340734e-13
FL-2022-000356-ETH,FL_2022_000356_ETH,2.0060081e-13,4.6139638957793866e-06,966.0,2.008074019773429e-13
FL-2010-000242-AGO,FL_2010_000242_AGO,1.9430724e-13,4.578215777736467e-06,967.0,1.9450714456790125e-13
FL-2006-000133-NER,FL_2006_000133_NER,1.6523843e-13,3.023875555178497e-05,546.0,1.6553831825771324e-13
FL-2019-000067-UGA,FL_2019_000067_UGA,1.6414092e-13,1.425714405013076e-05,749.0,1.6435861352785148e-13
FL-1999-000391-MEX,FL_1999_000391_MEX,1.6335849e-13,9.262144477968005e-06,837.0,1.635525024584323e-13
FL-2009-000251-SAU,FL_2009_000251_SAU,1.6205291e-13,6.28257173967648e-05,352.0,1.6250683971988796e-13
FL-2009-000032-SLB,FL_2009_000032_SLB,1.5752705e-13,8.619424105588906e-06,845.0,1.5771237594117647e-13
FL-2011-000067-PHL,FL_2011_000067_PHL,1.4160105e-13,2.062011756692773e-07,1187.0,1.4171984282718118e-13
FL-2021-000061-MYS,FL_2021_000061_MYS,1.187241e-13,0.0012862683087826,25.0,1.2268157e-13
FL-2009-000124-VNM,FL_2009_000124_VNM,1.223989e-13,2.109902627639749e-05,638.0,1.2258925598755833e-13
FL-1999-000265-TCD,FL_1999_000265_TCD,1.1554146e-13,7.862725044690666e-06,862.0,1.1567472581314879e-13
FL-2018-000043-TZA,FL_2018_000043_TZA,1.1380821e-13,3.301972593898552e-05,528.0,1.1402173384615385e-13
FL-2002-000522-KHM,FL_2002_000522_KHM,1.0794801e-13,4.7539937107120445e-05,423.0,1.082002249766355e-13
FF-2021-000098-MNG,FF_2021_000098_MNG,1.0501206e-13,3.169059656885653e-06,1019.0,1.0511461083984375e-13
FL-2008-000074-BFA,FL_2008_000074_BFA,9.940048e-14,1.0544276377649004e-05,812.0,9.952214521419829e-14
FL-2001-000274-WSM,FL_2001_000274_WSM,9.4248075e-14,7.804860536395659e-07,1142.0,9.433024420226678e-14
FL-2011-000124-ETH,FL_2011_000124_ETH,8.271356e-14,3.0145964279980426e-06,1026.0,8.279378653734239e-14
FL-1997-000137-CHL,FL_1997_000137_CHL,7.928914e-14,6.197663652172983e-05,359.0,7.950696730769231e-14
FL-1998-000329-BEN,FL_1998_000329_BEN,6.630987e-14,0.0001190996013863,213.0,6.661404371559633e-14
FL-2013-000024-MKD,FL_2013_000024_MKD,5.820508e-14,1.5580048599884266e-05,723.0,5.828503203296704e-14
FL-2013-000103-YEM,FL_2013_000103_YEM,4.8149876e-14,3.231966680823116e-05,531.0,4.8239707858208955e-14
FF-2016-000034-YEM,FF_2016_000034_YEM,4.790271e-14,5.035311727140774e-06,949.0,4.795292248427673e-14
FL-2011-000021-MYS,FL_2011_000021_MYS,4.640397e-14,0.0005976762188017,46.0,4.731385176470588e-14
FL-2011-000096-PRK,FL_2011_000096_PRK,4.429566e-14,8.773077157977308e-05,275.0,4.445385878571428e-14
FL-2020-000154-CIV,FL_2020_000154_CIV,4.3351546e-14,0.000554264008756,49.0,4.415435240740741e-14
FL-2009-000087-VUT,FL_2009_000087_VUT,4.2876747e-14,1.983782831372851e-06,1077.0,4.2916374307763396e-14
FL-2008-000091-SOM,FL_2008_000091_SOM,4.208507e-14,0.0002537158571614,105.0,4.246766154545454e-14
FL-2007-000155-ROM,FL_2007_000155_ROM,4.024935e-14,7.382117360795983e-05,320.0,4.0373194153846155e-14
FL-2011-000137-VNM,FL_2011_000137_VNM,3.6608263e-14,1.5093805923534256e-05,733.0,3.665786769241192e-14
FL-2011-000106-GHA,FL_2011_000106_GHA,3.58627e-14,0.0001154983485352,219.0,3.602280133928571e-14
FL-2002-000782-MKD,FL_2002_000782_MKD,3.2188404e-14,3.4946685277764534e-05,505.0,3.225151851764706e-14
FL-2007-000154-MEX,FL_2007_000154_MEX,2.9771595e-14,4.502449465120876e-05,437.0,2.983895154977375e-14
FL-2017-000053-THA,FL_2017_000053_THA,2.79811e-14,7.725396312497491e-06,865.0,2.8013262183908044e-14
FL-2009-000239-BRA,FL_2009_000239_BRA,2.768024e-14,3.720426757435639e-05,483.0,2.7736961803278687e-14
FL-2022-000348-CRI,FL_2022_000348_CRI,2.5016014e-14,1.990065449918035e-05,659.0,2.505368871987952e-14
FL-2015-000153-IRQ,FL_2015_000153_IRQ,2.4854847e-14,1.6593790240590313e-06,1097.0,2.4877401307622505e-14
FL-2001-000019-MOZ,FL_2001_000019_MOZ,2.3702433e-14,2.482813837576709e-05,597.0,2.374180581229236e-14
FL-1999-000324-HND,FL_1999_000324_HND,2.3165992e-14,4.249312465362631e-05,455.0,2.3216352852173914e-14
FL-2009-000172-BFA,FL_2009_000172_BFA,2.2978135e-14,6.819960020948746e-06,895.0,2.300366626111111e-14
FL-1999-000031-LKA,FL_1999_000031_LKA,2.2842507e-14,2.4646990352157908e-05,599.0,2.2880325720198674e-14
FL-2014-000152-ETH,FL_2014_000152_ETH,2.2649151e-14,7.380472965359559e-05,321.0,2.2718626923312886e-14
FL-2006-000041-SRB,FL_2006_000041_SRB,2.2254554e-14,1.044484807810316e-05,815.0,2.2281693700000002e-14
FL-1997-000026-MOZ,FL_1997_000026_MOZ,2.1863586e-14,0.0001095711608982,230.0,2.195662253617021e-14
FF-2007-000100-MLI,FF_2007_000100_MLI,2.1532453e-14,1.7775379692386925e-05,703.0,2.1562866069209042e-14
FL-2017-000130-GTM,FL_2017_000130_GTM,2.0704567e-14,5.306733919700348e-06,940.0,2.0726476594708994e-14
FL-2014-000150-SOM,FL_2014_000150_SOM,1.8779254e-14,0.0001136114329738,223.0,1.8861619149122804e-14
FL-2015-000065-GHA,FL_2015_000065_GHA,1.8041502e-14,0.0009253470693755,32.0,1.852911016216216e-14
FL-2016-000061-RUS,FL_2016_000061_RUS,1.8453392e-14,7.581785420360075e-05,311.0,1.8511788810126583e-14
FL-2008-000011-TZA,FL_2008_000011_TZA,1.7852883e-14,4.474488891322952e-05,440.0,1.7893001838202248e-14
FL-2013-000159-VCT,FL_2013_000159_VCT,1.7473427e-14,9.4859192618392e-05,249.0,1.7542220019685038e-14
FL-2007-000194-GTM,FL_2007_000194_GTM,1.628161e-14,7.64811284101652e-06,869.0,1.6300238844393594e-14
FL-2009-000226-PRY,FL_2009_000226_PRY,1.5742651e-14,1.817310623110001e-05,692.0,1.576523729985653e-14
FL-2021-000023-DZA,FL_2021_000023_DZA,1.5356878e-14,0.0001048499003969,234.0,1.542113271966527e-14
FL-2020-000202-GIN,FL_2020_000202_GIN,1.5187411e-14,1.3081457824286647e-05,772.0,1.5206957217503215e-14
FL-2018-000154-GHA,FL_2018_000154_GHA,1.2568109e-14,3.4466356022527145e-05,509.0,1.2592560573929961e-14
FL-2010-000194-VNM,FL_2010_000194_VNM,1.2291467e-14,3.562098860651184e-07,1170.0,1.2301927822978722e-14
FL-2002-000225-ETH,FL_2002_000225_ETH,1.1756597e-14,0.00020070693384,134.0,1.1841176834532375e-14
FL-1998-000203-BGD,FL_1998_000203_BGD,1.172497e-14,1.0064082271522256e-05,824.0,1.1739113510253317e-14
FL-2005-000070-YEM,FL_2005_000070_YEM,1.0677867e-14,0.0003197228918599,86.0,1.0795206197802198e-14
FL-2003-000482-MEX,FL_2003_000482_MEX,1.0668121e-14,6.879993979200426e-05,329.0,1.0700061482035926e-14
FL-2006-000145-GIN,FL_2006_000145_GIN,1.0356987e-14,2.4320876528125897e-06,1055.0,1.036675774245283e-14
FL-2009-000234-PHL,FL_2009_000234_PHL,1.0048237e-14,1.904753559233356e-06,1081.0,1.0057489520257828e-14
FL-2012-000098-GTM,FL_2012_000098_GTM,9.885099e-15,1.2191431221260482e-05,788.0,9.897564446406053e-15
FL-2009-000011-PHL,FL_2009_000011_PHL,9.349352e-15,7.051147937166393e-06,890.0,9.359798203351956e-15
FL-2009-000178-GIN,FL_2009_000178_GIN,9.296366e-15,6.397233929069319e-05,344.0,9.323003151862465e-15
FF-2019-000054-YEM,FF_2019_000054_YEM,8.299628e-15,0.0001614248840127,166.0,8.34816383625731e-15
FF-2012-000107-SLB,FF_2012_000107_SLB,8.205855e-15,3.0925304065513953e-08,1206.0,8.212631098265896e-15
FL-2008-000032-KAZ,FL_2008_000032_KAZ,7.111933e-15,1.4439536824102356e-06,1113.0,7.118294299642218e-15
FF-2019-000018-AFG,FF_2019_000018_AFG,6.4995625e-15,1.0302058554373712e-05,818.0,6.5074599027946544e-15
FL-1999-000350-CRI,FL_1999_000350_CRI,6.2654256e-15,3.3845834709177414e-05,519.0,6.27738251908397e-15
FL-2005-000065-GEO,FL_2005_000065_GEO,6.2288033e-15,7.46418828495594e-06,877.0,6.235865435260771e-15
FL-1993-000013-PHL,FL_1993_000013_PHL,6.032304e-15,8.293731374994877e-07,1139.0,6.037576993006993e-15
FL-2010-000021-AFG,FL_2010_000021_AFG,5.367661e-15,3.6326760056864737e-06,1001.0,5.372996647117296e-15
FL-2018-000105-BGD,FL_2018_000105_BGD,5.3200683e-15,1.4268533497340991e-05,748.0,5.32713346374502e-15
FL-2009-000183-NGA,FL_2009_000183_NGA,5.215417e-15,0.0001970944396094,138.0,5.251888447552448e-15
FL-2009-000177-GMB,FL_2009_000177_GMB,5.2131414e-15,2.453913459497876e-08,1208.0,5.217439125803792e-15
FL-2008-000089-IND,FL_2008_000089_IND,5.0149174e-15,4.647107035017042e-06,962.0,5.02010345729059e-15
FL-2006-000130-KHM,FL_2006_000130_KHM,4.7962504e-15,2.045586965964593e-05,647.0,4.803606612269939e-15
FL-2018-000164-HND,FL_2018_000164_HND,4.760655e-15,4.823838443348685e-05,417.0,4.7719361729857824e-15
ST-2012-000064-COD,ST_2012_000064_COD,4.6342096e-15,0.0008339792267701,35.0,4.75006484e-15
FL-2009-000192-MEX,FL_2009_000192_MEX,4.7363592e-15,4.241235209893502e-05,456.0,4.746633298047722e-15
FL-2000-000255-ARG,FL_2000_000255_ARG,4.5275834e-15,0.0001750686186991,150.0,4.5567936154838705e-15
FL-2021-000135-GIN,FL_2021_000135_GIN,3.950332e-15,3.4347142688926106e-05,511.0,3.957987682170543e-15
FL-2007-000130-CIV,FL_2007_000130_CIV,3.913181e-15,2.585514240737361e-05,585.0,3.919813510169492e-15
FL-2013-000074-HTI,FL_2013_000074_HTI,3.573563e-15,3.543855598851298e-05,502.0,3.580611447731755e-15
FL-2008-000185-SOM,FL_2008_000185_SOM,3.1524612e-15,0.0003341665744322,81.0,3.1891177255813957e-15
FL-2003-000368-SDN,FL_2003_000368_SDN,2.976722e-15,9.136681784426636e-05,259.0,2.9879974621212124e-15
FL-1990-000004-VNM,FL_1990_000004_VNM,2.9627427e-15,3.400749062893554e-06,1010.0,2.9656616583251235e-15
FL-2003-000331-CHN,FL_2003_000331_CHN,2.95447e-15,1.8323730948656092e-05,689.0,2.958727161383285e-15
FF-2021-000198-COG,FF_2021_000198_COG,2.9371835e-15,2.038230439726219e-05,649.0,2.941674606269113e-15
FL-2013-000023-ZMB,FL_2013_000023_ZMB,2.699421e-15,5.498630747643873e-05,389.0,2.706272322335025e-15
ST-1998-000296-PHL,ST_1998_000296_PHL,2.639787e-15,2.691063452782991e-06,1044.0,2.6423034795042898e-15
FL-2015-000042-RWA,FL_2015_000042_RWA,2.438605e-15,6.0954570434944986e-05,362.0,2.4452497002724794e-15
FL-2017-000160-HND,FL_2017_000160_HND,2.3152663e-15,0.0002970976585285,92.0,2.339135024742268e-15
FL-1998-000247-IRN,FL_1998_000247_IRN,2.1933025e-15,3.2193532266382914e-05,532.0,2.1973868621973927e-15
FL-2013-000098-NER,FL_2013_000098_NER,2.0712905e-15,0.0001648405911999,162.0,2.0836934371257485e-15
FL-1997-000143-POL,FL_1997_000143_POL,1.5327444e-15,4.632260101970884e-07,1165.0,1.5340544379487178e-15
FL-2009-000132-GHA,FL_2009_000132_GHA,1.4607266e-15,0.0001904175633295,141.0,1.4707315767123287e-15
FL-2016-000089-SEN,FL_2016_000089_SEN,1.4036436e-15,0.0011597922514163,28.0,1.4461782545454545e-15
FL-2012-000210-MWI,FL_2012_000210_MWI,1.3496655e-15,0.0001574112203187,171.0,1.3573340539772726e-15
FL-2001-000450-THA,FL_2001_000450_THA,1.3449488e-15,1.8900280447355973e-05,678.0,1.346917978330893e-15
FL-2007-000138-UGA,FL_2007_000138_UGA,1.1592374e-15,3.003407882594492e-05,550.0,1.161326116036036e-15
FL-2020-000193-SSD,FL_2020_000193_SSD,1.1197692e-15,2.085522879617067e-06,1072.0,1.1208089114206126e-15
FL-2004-000031-CHN,FL_2004_000031_CHN,9.443571e-16,3.549216122385435e-05,499.0,9.462308244047619e-16
FL-2013-000051-ECU,FL_2013_000051_ECU,9.052612e-16,1.94988543058427e-05,667.0,9.066083148809525e-16
FL-2019-000079-BGD,FL_2019_000079_BGD,8.908851e-16,1.8265845909060435e-05,691.0,8.921651073275863e-16
FL-2013-000141-SOM,FL_2013_000141_SOM,8.466148e-16,0.0001529500867463,175.0,8.513182155555555e-16
FL-1999-000548-YEM,FL_1999_000548_YEM,7.6339077e-16,0.0002967901295227,93.0,7.711804717346938e-16
FL-2019-000133-SOM,FL_2019_000133_SOM,7.0862353e-16,0.0005364866290006,50.0,7.215075941818181e-16
FL-1997-000164-BGD,FL_1997_000164_BGD,6.398923e-16,1.2664239180582516e-05,779.0,6.407084891581632e-16
FL-2012-000106-BGD,FL_2012_000106_BGD,5.980594700000001e-16,2.9679924187733763e-06,1028.0,5.986384239883834e-16
FL-2020-000210-VNM,FL_2020_000210_VNM,5.351990400000001e-16,5.174824192028802e-06,946.0,5.357618150157729e-16
FL-2012-000030-KAZ,FL_2012_000030_KAZ,5.185394e-16,2.0511103765318736e-05,645.0,5.193371529230768e-16
FL-2013-000116-NGA,FL_2013_000116_NGA,4.917657e-16,6.86464479332925e-05,331.0,4.932292883928571e-16
FF-2019-000029-IDN,FF_2019_000029_IDN,4.671585e-16,5.4501931446844974e-08,1202.0,4.675455410107705e-16
FL-2008-000018-ECU,FL_2008_000018_ECU,4.1815388000000004e-16,8.731439326048257e-05,276.0,4.196419720996442e-16
FL-2022-000271-NGA,FL_2022_000271_NGA,3.9577456000000004e-16,8.54369336416914e-05,284.0,3.9714402214532877e-16
FL-2005-000001-CRI,FL_2005_000001_CRI,3.7874776000000005e-16,7.179359506443279e-07,1145.0,3.7907710587826095e-16
FL-2012-000013-ECU,FL_2012_000013_ECU,3.6806067000000004e-16,0.0001387553853135,191.0,3.699385305612245e-16
FL-1997-000207-SYC,FL_1997_000207_SYC,3.6029714000000003e-16,0.0001107839785349,227.0,3.6185014491379316e-16
FL-2007-000132-BFA,FL_2007_000132_BFA,2.8631638000000005e-16,4.84610658647443e-05,414.0,2.869997126491647e-16
FL-2018-000140-MLI,FL_2018_000140_MLI,2.8193833e-16,0.0001537570715476,173.0,2.835222532022472e-16
FL-2018-000419-PRY,FL_2018_000419_PRY,2.7485952000000003e-16,7.627686292866897e-06,870.0,2.751736451657143e-16
FF-2020-000156-UKR,FF_2020_000156_UKR,2.6926344000000003e-16,3.522835463075785e-06,1004.0,2.6953030168483646e-16
FL-2003-000455-NGA,FL_2003_000455_NGA,2.647454e-16,0.0002342027154764,112.0,2.670081811965812e-16
FL-2019-000047-GEO,FL_2019_000047_GEO,2.4322204e-16,5.935211034069398e-05,368.0,2.4387410981233246e-16
FL-2011-000156-HTI,FL_2011_000156_HTI,2.206565e-16,0.0003801455232921,73.0,2.2348542948717947e-16
FL-2013-000041-GHA,FL_2013_000041_GHA,1.9820841e-16,0.0020298711406427,18.0,2.0682616695652175e-16
FL-2009-000237-THA,FL_2009_000237_THA,2.0230199000000002e-16,0.0001257032644332,204.0,2.0326994210526316e-16
FL-2008-000086-MEX,FL_2008_000086_MEX,1.8897365000000003e-16,5.352198367366929e-05,395.0,1.89446084125e-16
FL-2006-000155-LKA,FL_2006_000155_LKA,1.7579027000000002e-16,3.9836199506791734e-07,1168.0,1.75940133827792e-16
FL-2009-000023-ECU,FL_2009_000023_ECU,1.6006106000000001e-16,6.596862001678363e-05,339.0,1.6052635377906978e-16
FL-2011-000148-KHM,FL_2011_000148_KHM,1.2450017000000002e-16,2.0900459492315748e-05,643.0,1.2469229989197533e-16
FL-2011-000164-CAF,FL_2011_000164_CAF,1.2102429e-16,3.571177827101882e-05,497.0,1.212653742430279e-16
FL-2011-000176-LKA,FL_2011_000176_LKA,1.0907285000000001e-16,7.833594203650133e-06,863.0,1.0919850996543779e-16
FL-2011-000120-SDN,FL_2011_000120_SDN,1.0552896000000001e-16,1.9446831653108683e-06,1078.0,1.056264013296399e-16
FL-2011-000122-NER,FL_2011_000122_NER,8.363016000000001e-17,3.136678860549417e-05,539.0,8.378389191176473e-17
FL-1999-000349-SLV,FL_1999_000349_SLV,7.130798e-17,0.0001092214303923,232.0,7.160885755274261e-17
FL-2022-000275-UGA,FL_2022_000275_UGA,7.058465e-17,7.494512843361153e-06,875.0,7.066485982954546e-17
FL-2008-000191-HND,FL_2008_000191_HND,6.983053000000001e-17,0.000124012013195,208.0,7.015837286384978e-17
FL-2000-000299-GTM,FL_2000_000299_GTM,5.5513666e-17,4.094993223104301e-05,463.0,5.563228494444445e-17
FL-2019-000170-RWA,FL_2019_000170_RWA,5.0448180000000006e-17,1.7710183339359045e-07,1192.0,5.049032551378447e-17
FL-2006-000106-MRT,FL_2006_000106_MRT,4.8997034e-17,3.376310275138683e-05,521.0,4.909018425475285e-17
FL-2000-000741-LKA,FL_2000_000741_LKA,4.2933122000000003e-17,1.738934133971443e-05,706.0,4.2993506137834044e-17
FL-2013-000095-PHL,FL_2013_000095_PHL,3.3726943e-17,1.6718046511770297e-05,712.0,3.3773981972106e-17
FL-2003-000585-MKD,FL_2003_000585_MKD,3.114119e-17,2.2364233274724764e-05,621.0,3.1190936309904155e-17
FL-2017-000134-CAF,FL_2017_000134_CAF,2.9687913e-17,9.12899745692471e-05,260.0,2.979994286037736e-17
FL-2020-000200-BFA,FL_2020_000200_BFA,2.9314722e-17,2.0820987213176384e-05,644.0,2.9359891063174114e-17
FL-2019-000100-MLI,FL_2019_000100_MLI,2.5613395e-17,0.0003234853311984,85.0,2.5897988277777777e-17
FL-2008-000095-SUR,FL_2008_000095_SUR,2.5410158e-17,4.428782934413541e-05,446.0,2.5466499813747228e-17
FL-2006-000013-MWI,FL_2006_000013_MWI,2.3399456e-17,0.0001094422352181,231.0,2.3498606237288133e-17
FL-1997-000111-ARM,FL_1997_000111_ARM,2.1476808000000002e-17,1.1572384009945933e-05,796.0,2.1503620494382025e-17
FL-2009-000117-GTM,FL_2009_000117_GTM,1.451366e-17,3.331190612990779e-05,526.0,1.4540992693032015e-17
FL-2019-000135-GHA,FL_2019_000135_GHA,1.2637454499999999e-17,0.0014081154158078,24.0,1.3073228793103448e-17
FL-2010-000051-KAZ,FL_2010_000051_KAZ,1.2668262e-17,8.974419062571107e-06,838.0,1.2683289594306052e-17
FL-2017-000088-SDN,FL_2017_000088_SDN,1.0422771e-17,1.0180725268697762e-05,823.0,1.0435358887681159e-17
FF-2013-000118-BEN,FF_2013_000118_BEN,9.087303e-18,4.126374005893322e-06,982.0,9.096509993920972e-18
FL-2000-000583-LAO,FL_2000_000583_LAO,7.065919e-18,8.879835253137256e-05,270.0,7.091613250909091e-18
FL-2012-000050-AFG,FL_2012_000050_AFG,6.978271e-18,1.098877388584912e-05,806.0,6.986875526510481e-18
FL-2015-000055-TJK,FL_2015_000055_TJK,6.8626618e-18,9.157681942471212e-05,258.0,6.8887555711026604e-18
FL-2010-000114-BGD,FL_2010_000114_BGD,6.812596199999999e-18,4.793645617389667e-07,1162.0,6.818433900257069e-18
FL-2018-000004-COD,FL_2018_000004_COD,6.240440000000001e-18,2.787728784584905e-05,571.0,6.2512740972222236e-18
FL-2014-000053-TZA,FL_2014_000053_TZA,6.1395532999999996e-18,4.093915261013124e-05,464.0,6.152644031982942e-18
FL-2004-000044-BGD,FL_2004_000044_BGD,5.7631166e-18,5.977150238534518e-06,922.0,5.7693335542610574e-18
FL-2000-000191-HUN,FL_2000_000191_HUN,5.7319422999999995e-18,3.4863454010907373e-07,1171.0,5.736816400595238e-18
FL-2013-000125-BFA,FL_2013_000125_BFA,5.2054223999999994e-18,0.0001031183931282,236.0,5.227021663070539e-18
FL-2011-000123-RUS,FL_2011_000123_RUS,4.774584e-18,0.0002085200839228,126.0,4.81103120610687e-18
FL-2010-000049-AGO,FL_2010_000049_AGO,4.759680000000001e-18,9.478940808897944e-05,250.0,4.778345411764706e-18
FL-2014-000030-PRY,FL_2014_000030_PRY,4.4776957e-18,4.656581055499443e-05,429.0,4.488012971198156e-18
FL-2011-000204-PHL,FL_2011_000204_PHL,3.9357117e-18,8.566999827583313e-05,283.0,3.949377365625e-18
FL-2001-000335-KOR,FL_2001_000335_KOR,3.9285785e-18,7.310304657618882e-06,884.0,3.932997598425196e-18
FL-2011-000091-BEN,FL_2011_000091_BEN,3.6984394999999995e-18,8.901684983937279e-05,268.0,3.711986897435897e-18
FL-1999-000531-COD,FL_1999_000531_COD,2.7922994999999996e-18,0.0001194770734393,211.0,2.8052268124999992e-18
FL-2021-000051-SOM,FL_2021_000051_SOM,1.9772071e-18,6.788872349080624e-05,332.0,1.983074183382789e-18
FL-2015-000093-GUY,FL_2015_000093_GUY,1.9169322999999997e-18,1.95407992642699e-05,666.0,1.9197891290611026e-18
FL-2008-000054-THA,FL_2008_000054_THA,1.533406e-18,0.0001226993028894,210.0,1.5405381209302328e-18
FL-2018-000034-BLR,FL_2018_000034_BLR,1.4736982999999998e-18,2.1249605356461023e-05,634.0,1.4760045571205006e-18
FL-2021-000005-IDN,FL_2021_000005_IDN,1.2823087999999999e-18,1.9345056892452448e-05,671.0,1.2842057065088757e-18
FL-2022-000135-ZMB,FL_2022_000135_ZMB,1.2145128e-18,2.6948600444955203e-06,1042.0,1.215672793123209e-18
FL-2004-000142-ALB,FL_2004_000142_ALB,7.584056999999999e-19,4.915544804515797e-05,409.0,7.602375978260869e-19
FL-2003-000227-CHN,FL_2003_000227_CHN,5.454717399999999e-19,3.988967945651373e-05,473.0,5.466128942677823e-19
FL-2001-000524-MLI,FL_2001_000524_MLI,4.5003744e-19,7.508440567518739e-05,312.0,4.51457116466877e-19
FL-2018-000120-NGA,FL_2018_000120_NGA,3.7097246e-19,0.0001268782978531,202.0,3.727645974879227e-19
FL-2012-000039-CHL,FL_2012_000039_CHL,3.5230493e-19,1.1042062794974994e-08,1211.0,3.5259465444901314e-19
FL-2008-000201-YEM,FL_2008_000201_YEM,3.1313387e-19,0.0018176613130668,20.0,3.256592248e-19
FL-2022-000249-CIV,FL_2022_000249_CIV,3.0831456e-19,0.0001443035562486,181.0,3.099721651612903e-19
FL-2006-000124-UGA,FL_2006_000124_UGA,2.1199895999999998e-19,5.297228149717625e-06,941.0,2.1222306038054965e-19
FL-1997-000337-IND,FL_1997_000337_IND,2.0155710999999999e-19,4.6883698988645656e-05,427.0,2.0202367738425926e-19
FF-2006-000049-IDN,FF_2006_000049_IDN,1.7912254999999998e-19,3.1573656269447124e-06,1020.0,1.7929730370731706e-19
FF-2008-000202-MAR,FF_2008_000202_MAR,1.6863129e-19,6.2666691300905335e-06,910.0,1.6881558649180327e-19
FL-2003-000080-ARG,FL_2003_000080_ARG,1.615791e-19,0.0004152701902144,62.0,1.6399072835820895e-19
FL-2002-000322-CHL,FL_2002_000322_CHL,1.1118453e-19,3.7959405864696247e-06,996.0,1.1129560345654346e-19
FL-2009-000217-IND,FL_2009_000217_IND,9.934730999999999e-20,6.66860261226582e-05,336.0,9.963865108504397e-20
ST-2012-000077-CHN,ST_2012_000077_CHN,5.873527e-20,1.42441213916149e-05,750.0,5.881306505960265e-20
FL-2002-000374-IND,FL_2002_000374_IND,5.7393617e-20,2.617885445091884e-05,581.0,5.749155832593855e-20
FL-2009-000186-TCD,FL_2009_000186_TCD,5.0272726e-20,1.815414718966061e-05,693.0,5.0344749962750725e-20
FL-2009-000102-HTI,FL_2009_000102_HTI,4.6288843e-20,8.684795294590536e-05,277.0,4.645298783333333e-20
FL-2022-000290-SEN,FL_2022_000290_SEN,2.8494839999999997e-20,0.001187270073686,27.0,2.938530375e-20
FL-2005-000182-IND,FL_2005_000182_IND,2.2747367999999998e-20,8.638796393360954e-06,844.0,2.2774161130742047e-20
FL-2019-000101-NER,FL_2019_000101_NER,2.2319986e-20,6.284499345883112e-06,907.0,2.234445966885965e-20
FF-2017-000122-CMR,FF_2017_000122_CMR,1.9495993e-20,5.692314218390958e-05,379.0,1.9546763815104167e-20
FL-2016-000117-ALB,FL_2016_000117_ALB,1.8771502e-20,1.1691095327588136e-05,794.0,1.8794995744680853e-20
FL-2003-000196-ARG,FL_2003_000196_ARG,1.7305103e-20,1.6294929472127828e-05,714.0,1.7329171293463143e-20
FL-2010-000251-CRI,FL_2010_000251_CRI,1.6872473e-20,2.185682571463762e-07,1186.0,1.688663964399664e-20
FL-2022-000265-YEM,FL_2022_000265_YEM,1.0607713999999999e-20,9.565485847211543e-06,831.0,1.0620402653110048e-20
FL-2021-000092-CRI,FL_2021_000092_CRI,5.027016e-21,3.637504388585414e-06,1000.0,5.032018005970149e-21
FF-2008-000233-PHL,FF_2008_000233_PHL,4.7370477000000004e-21,7.327487208936752e-07,1144.0,4.74117045691906e-21
FL-2013-000013-BWA,FL_2013_000013_BWA,4.604206e-21,5.850738468686893e-06,925.0,4.6091567591397845e-21
FF-2013-000091-SDN,FF_2013_000091_SDN,4.4913734000000005e-21,2.5927552356417044e-06,1050.0,4.495630625971564e-21
FL-2005-000175-SDN,FL_2005_000175_SDN,3.657111e-21,0.0001418243073045,186.0,3.67625817801047e-21
FL-2007-000181-HTI,FL_2007_000181_HTI,2.322186e-21,0.0001593266639781,168.0,2.335609040462428e-21
FL-1997-000049-TZA,FL_1997_000049_TZA,1.4220816e-21,2.560043549069768e-05,588.0,1.4244797139966274e-21
FL-2015-000105-GIN,FL_2015_000105_GIN,1.2502395000000001e-21,8.322488059273268e-06,849.0,1.251703480679157e-21
FL-2020-000176-SDN,FL_2020_000176_SDN,8.786765e-22,6.405519141754441e-05,343.0,8.812014324712645e-22
FL-2005-000100-KGZ,FL_2005_000100_KGZ,6.744832400000001e-22,1.3017779671794128e-06,1121.0,6.750822482060391e-22
FL-2010-000107-PHL,FL_2010_000107_PHL,6.208996e-22,2.387689755386765e-05,607.0,6.219141418300654e-22
FL-2015-000009-ALB,FL_2015_000009_ALB,5.212119e-22,1.5196939712155871e-06,1105.0,5.216814602702703e-22
FL-2014-000079-PHL,FL_2014_000079_PHL,5.194906300000001e-22,4.7612341061546164e-07,1163.0,5.199353993750001e-22
FL-2015-000006-MWI,FL_2015_000006_MWI,4.9603877e-22,0.0004742423182904,54.0,5.04446206779661e-22
FL-2016-000046-SOM,FL_2016_000046_SOM,3.6216385000000002e-22,0.0001434375505399,183.0,3.640902534574468e-22
FL-1998-000392-IND,FL_1998_000392_IND,3.5564957000000003e-22,8.117849086371224e-07,1140.0,3.55960180978166e-22
FL-2009-000039-CRI,FL_2009_000039_CRI,2.8758918e-22,3.1933070260866666e-06,1018.0,2.8787030334310854e-22
FL-2013-000050-ETH,FL_2013_000050_ETH,1.5886867000000002e-22,6.770141345378546e-05,334.0,1.5933730914454279e-22
FL-2021-000208-IRQ,FL_2021_000208_IRQ,1.0867512000000002e-22,1.3159130151974414e-05,771.0,1.0881516525773197e-22
FL-2005-000129-SDN,FL_2005_000129_SDN,7.399235000000001e-23,0.0001005197336805,239.0,7.429559733606557e-23
FL-2008-000207-SDN,FL_2008_000207_SDN,4.1748660000000004e-23,3.544546719786213e-05,501.0,4.1831167233201585e-23
FL-2005-000002-GUY,FL_2005_000002_GUY,2.5633720999999998e-23,4.434750705397258e-05,445.0,2.5690684824444442e-23
FL-2021-000110-YEM,FL_2021_000110_YEM,7.562434999999999e-24,8.177943115470126e-05,297.0,7.587476175496687e-24
FL-2012-000174-BEN,FL_2012_000174_BEN,6.3997623000000006e-24,1.4529886841931506e-05,744.0,6.408306708945261e-24
FL-2002-000614-LAO,FL_2002_000614_LAO,3.3813347e-24,8.603057450574501e-05,281.0,3.3931575486013995e-24
FL-2014-000089-IND,FL_2014_000089_IND,3.1922996e-24,1.4203031060544156e-05,753.0,3.196511077044855e-24
FL-2012-000110-IND,FL_2012_000110_IND,3.1233906e-24,8.55085637244639e-06,846.0,3.127060859224442e-24
FL-2020-000196-NGA,FL_2020_000196_NGA,2.7730934e-24,0.0002248025057314,120.0,2.7952781472e-24
FL-2017-000012-MOZ,FL_2017_000012_MOZ,2.4437463e-24,0.0002553901500104,104.0,2.466165990825688e-24
FL-1999-000053-PHL,FL_1999_000053_PHL,1.3859206e-24,2.909768648932107e-07,1180.0,1.3870901532489453e-24
FL-2007-000139-KEN,FL_2007_000139_KEN,9.292918e-25,3.906893133041423e-06,989.0,9.302267012072435e-25
FL-2019-000162-MYS,FL_2019_000162_MYS,8.1243675e-25,0.0003636069165074,77.0,8.223445152439024e-25
FL-2011-000063-HTI,FL_2011_000063_HTI,6.296479699999999e-25,5.208161334810447e-06,945.0,6.303107573368421e-25
FL-2006-000123-SDN,FL_2006_000123_SDN,4.438725e-25,9.048898115698608e-05,263.0,4.455287406716418e-25
FL-2009-000129-CAF,FL_2009_000129_CAF,1.8532490000000002e-25,0.0001981238771842,136.0,1.866392609929078e-25
FL-2006-000009-GUY,FL_2006_000009_GUY,1.649506e-25,6.33833807252259e-05,348.0,1.654178821529745e-25
FL-2016-000054-HTI,FL_2016_000054_HTI,5.956371e-26,1.895818166419863e-05,677.0,5.965104681818182e-26
FL-2018-000165-CRI,FL_2018_000165_CRI,3.2643218e-26,3.433286804835961e-05,512.0,3.270635768665377e-26
FL-2008-000198-BLZ,FL_2008_000198_BLZ,2.4530268000000002e-26,4.64466291006566e-06,964.0,2.455558303405573e-26
FL-2013-000020-BOL,FL_2013_000020_BOL,1.6015978000000002e-26,2.0922361182774583e-06,1071.0,1.6030862737918218e-26
FF-2017-000101-VNM,FF_2017_000101_VNM,1.4008124000000002e-26,7.766831497413374e-06,864.0,1.4024243820483315e-26
FL-2010-000089-AZE,FL_2010_000089_AZE,3.0022939000000002e-27,2.0309545747429868e-05,650.0,3.006877554809161e-27
FL-2019-000118-SEN,FL_2019_000118_SEN,1.2936877000000001e-27,2.136276233745764e-06,1067.0,1.294894498227612e-27
FL-2011-000038-KAZ,FL_2011_000038_KAZ,7.207792e-28,9.28654247054282e-06,836.0,7.216362501783591e-28
FL-2009-000122-IND,FL_2009_000122_IND,1.2507095e-28,2.133711921805581e-05,633.0,1.2526698597178683e-28
FL-2006-000047-COD,FL_2006_000047_COD,3.968296e-30,0.0002256674909673,117.0,4.000823016393442e-30
FL-2022-000312-BGR,FL_2022_000312_BGR,2.2253871e-31,4.649035624341318e-06,961.0,2.227690813354037e-31
FF-2009-000107-THA,FF_2009_000107_THA,1.5408131e-31,1.6923868799531358e-05,710.0,1.5429680833566435e-31
ST-2011-000073-CAF,ST_2011_000073_CAF,5.400063e-33,2.413265715559379e-05,604.0,5.408930098522168e-33
FL-2015-000145-SOM,FL_2015_000145_SOM,2.0373773e-33,3.3606130393160275e-05,523.0,2.041235969128788e-33
FL-2013-000054-CHN,FL_2013_000054_CHN,1.1903101399999999e-35,1.4423387473186476e-05,746.0,1.1918951068974701e-35
FL-2010-000245-MAR,FL_2010_000245_MAR,8.367903999999999e-36,2.543811644163256e-05,591.0,8.381944107382549e-36
FF-2014-000048-KAZ,FF_2014_000048_KAZ,1.8408147999999999e-37,7.012365100285462e-07,1148.0,1.842411343625325e-37
FL-1998-000085-IRN,FL_1998_000085_IRN,0.0,1.3526315835402157e-06,1119.0,0.0
FL-2019-000181-IDN,FL_2019_000181_IDN,0.0,4.905175128663862e-06,954.0,0.0
FL-2021-000161-IND,FL_2021_000161_IND,0.0,2.3745786181956644e-06,1060.0,0.0
FL-2018-000414-IRQ,FL_2018_000414_IRQ,0.0,1.8085676671826872e-05,697.0,0.0
FL-2021-000043-YEM,FL_2021_000043_YEM,0.0,0.0001424497451855,184.0,0.0
FL-2001-000025-MWI,FL_2001_000025_MWI,0.0,0.0001006731905789,238.0,0.0
FL-2018-000028-BWA,FL_2018_000028_BWA,0.0,1.589971726335806e-05,719.0,0.0
FF-2016-000079-MKD,FF_2016_000079_MKD,0.0,1.2315631017348115e-06,1125.0,0.0
FL-2012-000172-MLI,FL_2012_000172_MLI,0.0,2.3936918908533577e-05,606.0,0.0
FL-2009-000135-MEX,FL_2009_000135_MEX,0.0,2.0149190453170538e-05,653.0,0.0
FL-2012-000075-VEN,FL_2012_000075_VEN,0.0,3.237719573253647e-05,530.0,0.0
FF-2020-000006-IRN,FF_2020_000006_IRN,0.0,2.8087169755547117e-05,567.0,0.0
FL-2007-000151-TCD,FL_2007_000151_TCD,0.0,7.942428384030297e-06,860.0,0.0
FL-2011-000198-PER,FL_2011_000198_PER,0.0,1.584984245078559e-05,720.0,0.0
FL-2015-000088-IRN,FL_2015_000088_IRN,0.0,1.7084344566384218e-07,1193.0,0.0
FF-2015-000115-MKD,FF_2015_000115_MKD,0.0,4.82623661150549e-05,415.0,0.0
FL-2010-000150-MEX,FL_2010_000150_MEX,0.0,3.344169517160039e-05,524.0,0.0
FL-2002-000350-CHN,FL_2002_000350_CHN,0.0,1.4537475360663176e-05,743.0,0.0
FL-2000-000048-BWA,FL_2000_000048_BWA,0.0,5.7255242685725614e-05,377.0,0.0
FL-2019-000048-TZA,FL_2019_000048_TZA,0.0,1.508600635870156e-06,1106.0,0.0
FF-2007-000083-IND,FF_2007_000083_IND,0.0,5.011448013487525e-07,1161.0,0.0
FL-2010-000118-GHA,FL_2010_000118_GHA,0.0,5.539432283801972e-06,931.0,0.0
FL-2003-000273-TJK,FL_2003_000273_TJK,0.0,3.870807240128935e-05,476.0,0.0
FL-2013-000002-PSE,FL_2013_000002_PSE,0.0,5.135335735360637e-07,1160.0,0.0
FL-2019-000084-IND,FL_2019_000084_IND,0.0,6.555095490158651e-06,900.0,0.0
FL-1998-000111-TJK,FL_1998_000111_TJK,0.0,0.0001794064867876,146.0,0.0
FL-2022-000201-ZAF,FL_2022_000201_ZAF,0.0,0.0011929688620219,26.0,0.0
FL-2013-000008-MOZ,FL_2013_000008_MOZ,0.0,4.037998409594012e-05,471.0,0.0
FL-2006-000115-HTI,FL_2006_000115_HTI,0.0,0.0002051345618204,131.0,0.0
FL-2013-000104-MLI,FL_2013_000104_MLI,0.0,0.0002641344925535,102.0,0.0
FL-2000-000735-VEN,FL_2000_000735_VEN,0.0,2.3614592402444507e-05,609.0,0.0
FL-2022-000332-BEN,FL_2022_000332_BEN,0.0,2.0174663302697912e-06,1076.0,0.0
FL-2007-000093-SDN,FL_2007_000093_SDN,0.0,2.8134815531458424e-05,566.0,0.0
FL-2009-000242-IRQ,FL_2009_000242_IRQ,0.0,3.4394774137850045e-05,510.0,0.0
FL-2007-000174-CAF,FL_2007_000174_CAF,0.0,0.0002391273188497,109.0,0.0
FL-2001-000180-IRN,FL_2001_000180_IRN,0.0,3.493424069336487e-05,506.0,0.0
FL-1999-000547-VEN,FL_1999_000547_VEN,0.0,1.3764765001872354e-05,761.0,0.0
FL-1998-000251-SDN,FL_1998_000251_SDN,0.0,1.9363840030946124e-05,670.0,0.0
FL-2006-000120-BFA,FL_2006_000120_BFA,0.0,2.605280602589568e-05,583.0,0.0
FL-2009-000245-SRB,FL_2009_000245_SRB,0.0,2.1997663063931648e-05,626.0,0.0
FL-2012-000005-BOL,FL_2012_000005_BOL,0.0,0.0008796426543063,34.0,0.0
FL-2002-000325-JAM,FL_2002_000325_JAM,0.0,3.474000925295913e-05,508.0,0.0
FL-2019-000022-IRN,FL_2019_000022_IRN,0.0,1.175649441190803e-05,792.0,0.0
FF-2014-000009-TZA,FF_2014_000009_TZA,0.0,3.821557448682876e-06,992.0,0.0
FL-2021-000129-VEN,FL_2021_000129_VEN,0.0,1.4920530668268273e-06,1107.0,0.0
FL-2006-000171-HTI,FL_2006_000171_HTI,0.0,0.0001082913181075,233.0,0.0
FL-2000-000130-BOL,FL_2000_000130_BOL,0.0,0.0003098051035449,88.0,0.0
FF-2007-000070-CHN,FF_2007_000070_CHN,0.0,0.0001230371695492,209.0,0.0
FL-2001-000029-BOL,FL_2001_000029_BOL,0.0,0.0002373275060344,111.0,0.0
FL-2012-000051-TJK,FL_2012_000051_TJK,0.0,7.475703893523518e-05,313.0,0.0
FL-2015-000068-BGD,FL_2015_000068_BGD,0.0,6.206189513314333e-06,914.0,0.0
FL-2011-000133-MEX,FL_2011_000133_MEX,0.0,2.494403767375612e-05,595.0,0.0
FF-2021-000090-SDN,FF_2021_000090_SDN,0.0,2.18055994977342e-05,628.0,0.0
FL-2002-000510-MEX,FL_2002_000510_MEX,0.0,2.824759931351136e-05,564.0,0.0
FL-2002-000755-CRI,FL_2002_000755_CRI,0.0,7.666735648969596e-06,867.0,0.0
FL-1999-000423-TGO,FL_1999_000423_TGO,0.0,5.869479076309526e-05,371.0,0.0
FL-2007-000122-VNM,FL_2007_000122_VNM,0.0,5.479965707905789e-06,935.0,0.0
FL-2002-000445-VEN,FL_2002_000445_VEN,0.0,1.0620475955778618e-05,811.0,0.0
FF-2008-000092-KEN,FF_2008_000092_KEN,0.0,9.665290194982947e-06,830.0,0.0
FF-2012-000101-GAB,FF_2012_000101_GAB,0.0,2.7792508835950568e-06,1037.0,0.0
FL-2008-000167-VCT,FL_2008_000167_VCT,0.0,0.000163240111311,163.0,0.0
FL-2015-000039-KAZ,FL_2015_000039_KAZ,0.0,2.2019417873774609e-07,1185.0,0.0
FL-1999-000235-IRN,FL_1999_000235_IRN,0.0,1.0299849438369244e-05,819.0,0.0
FL-2006-000092-KOR,FL_2006_000092_KOR,0.0,2.008069309205828e-05,655.0,0.0
FL-2011-000084-IND,FL_2011_000084_IND,0.0,8.879807383845111e-06,840.0,0.0
FL-2004-000023-CRI,FL_2004_000023_CRI,0.0,2.547864953093809e-05,589.0,0.0
FL-2003-000027-TUN,FL_2003_000027_TUN,0.0,8.213623518678221e-05,296.0,0.0
FL-2009-000113-CHN,FL_2009_000113_CHN,0.0,0.0002069116074861,129.0,0.0
FL-1999-000213-IND,FL_1999_000213_IND,0.0,2.8650020522985825e-07,1181.0,0.0
FL-2010-000012-EGY,FL_2010_000012_EGY,0.0,2.895351450431185e-05,556.0,0.0
FL-2010-000195-MLI,FL_2010_000195_MLI,0.0,3.391290458535041e-05,516.0,0.0
FL-2015-000011-PER,FL_2015_000011_PER,0.0,1.59034426904957e-05,718.0,0.0
FL-2009-000120-BWA,FL_2009_000120_BWA,0.0,3.959237289335122e-05,474.0,0.0
FL-2010-000139-SDN,FL_2010_000139_SDN,0.0,0.0007506798555736,37.0,0.0
FL-1995-000012-PHL,FL_1995_000012_PHL,0.0,1.1222503231118106e-06,1127.0,0.0
FL-2008-000213-PER,FL_2008_000213_PER,0.0,6.1711433040947614e-06,916.0,0.0
FL-2016-000122-SRB,FL_2016_000122_SRB,0.0,4.900056048976235e-05,410.0,0.0
FL-2012-000056-PRY,FL_2012_000056_PRY,0.0,6.058156267794713e-05,364.0,0.0
FF-2012-000196-COG,FF_2012_000196_COG,0.0,5.2970369161271216e-05,397.0,0.0
FL-1997-000530-PER,FL_1997_000530_PER,0.0,4.185937728406362e-05,461.0,0.0
FL-2020-000190-NER,FL_2020_000190_NER,0.0,9.572273502455074e-07,1135.0,0.0
FL-1998-000165-CHN,FL_1998_000165_CHN,0.0,2.164735655843101e-05,631.0,0.0
FL-2021-000019-PER,FL_2021_000019_PER,0.0,6.316631397022831e-06,903.0,0.0
FL-2004-000055-TJK,FL_2004_000055_TJK,0.0,6.222538252347508e-06,913.0,0.0
FL-2017-000075-CHN,FL_2017_000075_CHN,0.0,8.305233764278584e-06,852.0,0.0
FL-2005-000062-TZA,FL_2005_000062_TZA,0.0,5.519052558308199e-05,388.0,0.0
FL-2017-000014-PER,FL_2017_000014_PER,0.0,2.8861552223162736e-05,557.0,0.0
FL-2008-000154-MEX,FL_2008_000154_MEX,0.0,4.4992043238220105e-06,968.0,0.0
FL-2021-000123-CAF,FL_2021_000123_CAF,0.0,1.8361101871636827e-05,687.0,0.0
FL-2002-000110-BOL,FL_2002_000110_BOL,0.0,0.0004528071351405,57.0,0.0
FF-2008-000072-CHN,FF_2008_000072_CHN,0.0,0.0001542352163,172.0,0.0
FL-2002-000470-VNM,FL_2002_000470_VNM,0.0,3.66950564092152e-05,489.0,0.0
FL-2009-000208-AZE,FL_2009_000208_AZE,0.0,7.054961095040988e-05,326.0,0.0
FL-2002-000020-IRN,FL_2002_000020_IRN,0.0,1.0857637849658563e-05,807.0,0.0
FL-2003-000389-BFA,FL_2003_000389_BFA,0.0,9.584608407303942e-07,1133.0,0.0
FL-2017-000043-HTI,FL_2017_000043_HTI,0.0,0.0004571133597823,56.0,0.0
FL-2013-000101-LAO,FL_2013_000101_LAO,0.0,2.404669587157566e-06,1057.0,0.0
FL-2010-000125-IND,FL_2010_000125_IND,0.0,1.301219253707593e-06,1122.0,0.0
FL-2005-000132-MKD,FL_2005_000132_MKD,0.0,2.0050939000754505e-05,656.0,0.0
FL-2017-000137-SSD,FL_2017_000137_SSD,0.0,9.323391269625671e-05,255.0,0.0
FL-2013-000038-KEN,FL_2013_000038_KEN,0.0,1.6401303263294152e-06,1098.0,0.0
FL-2007-000153-GHA,FL_2007_000153_GHA,0.0,3.594354861079103e-05,494.0,0.0
FL-2013-000112-CAF,FL_2013_000112_CAF,0.0,0.0001442605252731,182.0,0.0
FL-2009-000123-BGD,FL_2009_000123_BGD,0.0,6.108729099958371e-06,919.0,0.0
FL-2008-000155-CHL,FL_2008_000155_CHL,0.0,3.2741059795404967e-06,1013.0,0.0
FL-2019-000131-CIV,FL_2019_000131_CIV,0.0,0.0001112454270296,226.0,0.0
FL-2007-000076-KEN,FL_2007_000076_KEN,0.0,1.5001581813309266e-05,734.0,0.0
FL-2008-000191-CRI,FL_2008_000191_CRI,0.0,2.673420196335808e-05,576.0,0.0
FL-2019-000120-PHL,FL_2019_000120_PHL,0.0,8.227085397261687e-05,295.0,0.0
FL-2007-000044-ARG,FL_2007_000044_ARG,0.0,8.850602801524153e-05,273.0,0.0
FL-2008-000125-SDN,FL_2008_000125_SDN,0.0,6.360456236846459e-05,345.0,0.0
FF-2022-000309-SLE,FF_2022_000309_SLE,0.0,1.1111672079805783e-05,805.0,0.0
FL-2007-000131-SEN,FL_2007_000131_SEN,0.0,0.0004922001823049,52.0,0.0
FL-2016-000044-CHN,FL_2016_000044_CHN,0.0,8.380018018733819e-05,289.0,0.0
FL-2018-000128-SDN,FL_2018_000128_SDN,0.0,2.121216096685223e-05,636.0,0.0
FL-2014-000123-SSD,FL_2014_000123_SSD,0.0,1.7198618978850444e-06,1093.0,0.0
FL-2003-000624-HTI,FL_2003_000624_HTI,0.0,8.315991160734318e-05,291.0,0.0
FL-2019-000034-BOL,FL_2019_000034_BOL,0.0,5.932830460318316e-05,369.0,0.0
FL-2008-000217-KEN,FL_2008_000217_KEN,0.0,0.0001975268530482,137.0,0.0
FL-2021-000055-TJK,FL_2021_000055_TJK,0.0,3.0958857509367615e-05,543.0,0.0
FL-2008-000205-IDN,FL_2008_000205_IDN,0.0,2.590147699710905e-05,584.0,0.0
FL-2022-000321-CAF,FL_2022_000321_CAF,0.0,0.0004072269454067,63.0,0.0
FL-1998-000213-KGZ,FL_1998_000213_KGZ,0.0,7.444609728136942e-06,879.0,0.0
FL-2015-000079-CRI,FL_2015_000079_CRI,0.0,2.36572584053306e-06,1061.0,0.0
FL-2005-000150-NGA,FL_2005_000150_NGA,0.0,4.6944615994607085e-05,426.0,0.0
FL-2016-000075-BGD,FL_2016_000075_BGD,0.0,1.815556189583424e-06,1086.0,0.0
FL-2009-000095-TJK,FL_2009_000095_TJK,0.0,1.402015363770028e-06,1115.0,0.0
FL-2009-000045-BOL,FL_2009_000045_BOL,0.0,0.0002717737314102,100.0,0.0
FL-2013-000131-KHM,FL_2013_000131_KHM,0.0,2.6455984195522557e-06,1047.0,0.0
FL-2015-000106-BFA,FL_2015_000106_BFA,0.0,9.493735743699282e-06,832.0,0.0
FF-2006-000046-KEN,FF_2006_000046_KEN,0.0,2.1189605611874753e-08,1209.0,0.0
FL-2015-000085-VEN,FL_2015_000085_VEN,0.0,5.020246950991764e-06,951.0,0.0
FL-2019-000064-SDN,FL_2019_000064_SDN,0.0,2.8428018771902123e-05,560.0,0.0
FL-2001-000117-PER,FL_2001_000117_PER,0.0,7.692805809465618e-05,307.0,0.0
FF-2006-000069-IDN,FF_2006_000069_IDN,0.0,6.280264537299731e-06,909.0,0.0
FL-1999-000371-IND,FL_1999_000371_IND,0.0,1.8299340079023785e-05,690.0,0.0
FL-2001-000082-ZWE,FL_2001_000082_ZWE,0.0,1.253916948589762e-05,783.0,0.0
FL-1997-000301-UGA,FL_1997_000301_UGA,0.0,1.0699875639663131e-05,809.0,0.0
FL-2013-000070-IND,FL_2013_000070_IND,0.0,1.108121574389225e-06,1128.0,0.0
FL-2022-000277-SDN,FL_2022_000277_SDN,0.0,0.0001723742494717,153.0,0.0
FL-2001-000375-IRN,FL_2001_000375_IRN,0.0,4.39829299087348e-05,449.0,0.0
FL-2009-000261-PER,FL_2009_000261_PER,0.0,1.517831914509066e-05,732.0,0.0
FL-2022-000164-ECU,FL_2022_000164_ECU,0.0,0.0001659535970505,160.0,0.0
FL-2019-000015-PER,FL_2019_000015_PER,0.0,4.179701742137279e-06,981.0,0.0
FL-2020-000125-TZA,FL_2020_000125_TZA,0.0,8.183339000326639e-09,1212.0,0.0
FL-2016-000084-PHL,FL_2016_000084_PHL,0.0,1.3195430943135672e-05,770.0,0.0
FL-2019-000031-SYR,FL_2019_000031_SYR,0.0,4.425082790074986e-07,1166.0,0.0
FF-2022-000274-IRN,FF_2022_000274_IRN,0.0,0.0001357483754732,193.0,0.0
FF-2020-000138-TJK,FF_2020_000138_TJK,0.0,5.717369984667858e-05,378.0,0.0
FL-2007-000077-CHN,FL_2007_000077_CHN,0.0,2.1846781652779538e-05,627.0,0.0
FL-2014-000008-BOL,FL_2014_000008_BOL,0.0,0.0002072577652468,127.0,0.0
FL-2018-000029-RWA,FL_2018_000029_RWA,0.0,1.3429228979047984e-05,766.0,0.0
FF-2014-000059-SRB,FF_2014_000059_SRB,0.0,1.723401640142746e-06,1091.0,0.0
FL-2012-000043-KGZ,FL_2012_000043_KGZ,0.0,2.9252002667747323e-08,1207.0,0.0
FL-2008-000031-PER,FL_2008_000031_PER,0.0,0.0003880205577451,71.0,0.0
FL-2020-000192-TCD,FL_2020_000192_TCD,0.0,7.1938439217723e-06,888.0,0.0
FL-2008-000038-ARG,FL_2008_000038_ARG,0.0,1.590352893881878e-05,717.0,0.0
FL-2007-000051-TUN,FL_2007_000051_TUN,0.0,4.874450742032007e-05,412.0,0.0
FL-2016-000019-HTI,FL_2016_000019_HTI,0.0,5.593429796688379e-06,927.0,0.0
FL-2004-000068-ROM,FL_2004_000068_ROM,0.0,2.5291464445345338e-05,593.0,0.0
FL-2015-000151-BLZ,FL_2015_000151_BLZ,0.0,1.6073384770254004e-06,1100.0,0.0
FL-2001-000417-SDN,FL_2001_000417_SDN,0.0,0.0001985764282294,135.0,0.0
FL-2003-000212-AZE,FL_2003_000212_AZE,0.0,1.858383373364557e-06,1083.0,0.0
FL-2012-000175-GMB,FL_2012_000175_GMB,0.0,3.093562411585172e-06,1023.0,0.0
FL-2009-000247-MYS,FL_2009_000247_MYS,0.0,6.29996558642887e-05,350.0,0.0
FL-2019-000093-NGA,FL_2019_000093_NGA,0.0,1.9434789953819444e-05,669.0,0.0
FL-2007-000009-PER,FL_2007_000009_PER,0.0,4.800284838314898e-05,419.0,0.0
FL-2006-000031-PER,FL_2006_000031_PER,0.0,0.0002525415555781,106.0,0.0
FL-2008-000243-PNG,FL_2008_000243_PNG,0.0,0.0001249952723468,205.0,0.0
FL-2000-000302-CHN,FL_2000_000302_CHN,0.0,8.873606294204109e-05,271.0,0.0
FL-2013-000011-ZWE,FL_2013_000011_ZWE,0.0,6.878036797835986e-05,330.0,0.0
FF-2014-000015-ZWE,FF_2014_000015_ZWE,0.0,2.953572165248886e-07,1178.0,0.0
FL-2019-000062-SSD,FL_2019_000062_SSD,0.0,6.997138444994388e-05,327.0,0.0
FL-2015-000123-NER,FL_2015_000123_NER,0.0,1.9731522268765474e-05,660.0,0.0
FL-2007-000129-PAK,FL_2007_000129_PAK,0.0,1.796996341217804e-05,699.0,0.0
FL-2010-000176-MRT,FL_2010_000176_MRT,0.0,1.2474310209458326e-05,784.0,0.0
ST-2012-000061-VNM,ST_2012_000061_VNM,0.0,3.476162520345112e-07,1172.0,0.0
FL-2004-000116-CAF,FL_2004_000116_CAF,0.0,0.0001885014279774,142.0,0.0
FL-2004-000043-IND,FL_2004_000043_IND,0.0,1.968699156278072e-05,663.0,0.0
FL-2010-000075-TJK,FL_2010_000075_TJK,0.0,4.239894744400961e-06,980.0,0.0
FL-2011-000181-VEN,FL_2011_000181_VEN,0.0,2.4141793648004288e-05,603.0,0.0
FL-2006-000057-SUR,FL_2006_000057_SUR,0.0,0.0001743429083776,151.0,0.0
FL-2010-000003-KEN,FL_2010_000003_KEN,0.0,3.81946964801727e-06,994.0,0.0
FL-2005-000105-HTI,FL_2005_000105_HTI,0.0,5.181751115800413e-05,402.0,0.0
FL-1997-000140-AZE,FL_1997_000140_AZE,0.0,2.1097166555567303e-05,639.0,0.0
FL-2009-000266-ALB,FL_2009_000266_ALB,0.0,2.505899721620814e-05,594.0,0.0
FL-2009-000206-HTI,FL_2009_000206_HTI,0.0,0.0001762070543377,149.0,0.0
FL-2020-000164-IND,FL_2020_000164_IND,0.0,1.460687511842458e-06,1111.0,0.0
FL-2018-000134-IND,FL_2018_000134_IND,0.0,2.5525579771266605e-06,1051.0,0.0
FF-2007-000049-TJK,FF_2007_000049_TJK,0.0,0.0007165668060452,39.0,0.0
FL-2022-000286-MRT,FL_2022_000286_MRT,0.0,6.230837593009401e-05,356.0,0.0
FL-2022-000213-IND,FL_2022_000213_IND,0.0,1.1929120560132572e-05,790.0,0.0
FF-2005-000072-TJK,FF_2005_000072_TJK,0.0,2.035954238358809e-06,1075.0,0.0
FL-2014-000159-MAR,FL_2014_000159_MAR,0.0,9.143930502644548e-07,1136.0,0.0
FL-2013-000019-PER,FL_2013_000019_PER,0.0,2.347916519006372e-06,1062.0,0.0
FL-2002-000321-HTI,FL_2002_000321_HTI,0.0,2.8320607813790228e-05,562.0,0.0
FL-2008-000094-ZAF,FL_2008_000094_ZAF,0.0,3.149690517051288e-05,537.0,0.0
FL-2010-000249-IND,FL_2010_000249_IND,0.0,7.750023682784116e-08,1200.0,0.0
FL-2010-000008-BOL,FL_2010_000008_BOL,0.0,0.0001395421893317,188.0,0.0
FL-2003-000481-HND,FL_2003_000481_HND,0.0,8.165964352422932e-05,298.0,0.0
FL-2022-000217-BGD,FL_2022_000217_BGD,0.0,4.233093232859626e-05,457.0,0.0
FL-2007-000221-KEN,FL_2007_000221_KEN,0.0,0.0001771252180776,148.0,0.0
FL-2014-000117-BGD,FL_2014_000117_BGD,0.0,6.442187263289448e-06,902.0,0.0
FL-2019-000032-BOL,FL_2019_000032_BOL,0.0,0.0001296036329261,198.0,0.0
FL-2002-000500-IRN,FL_2002_000500_IRN,0.0,3.899507424094475e-06,991.0,0.0
FL-1999-000247-KOR,FL_1999_000247_KOR,0.0,5.738077999228263e-05,376.0,0.0
FL-2003-000316-IND,FL_2003_000316_IND,0.0,2.974949959078216e-05,552.0,0.0
FL-2010-000015-PSE,FL_2010_000015_PSE,0.0,6.637356094060372e-09,1215.0,0.0
FL-2015-000155-NGA,FL_2015_000155_NGA,0.0,3.7841197312138456e-05,479.0,0.0
FL-2016-000009-IDN,FL_2016_000009_IDN,0.0,1.932846579183854e-05,672.0,0.0
FL-2007-000141-NGA,FL_2007_000141_NGA,0.0,0.0001516078860412,178.0,0.0
FL-2006-000010-BOL,FL_2006_000010_BOL,0.0,7.897894607179632e-05,303.0,0.0
FL-2010-000019-MEX,FL_2010_000019_MEX,0.0,4.966679682239208e-06,952.0,0.0
FL-2005-000090-TJK,FL_2005_000090_TJK,0.0,1.7131618959316824e-05,708.0,0.0
FL-2009-000166-SDN,FL_2009_000166_SDN,0.0,0.0001128946681772,224.0,0.0
FF-2008-000216-PSE,FF_2008_000216_PSE,0.0,3.255176682847851e-07,1175.0,0.0
FL-2015-000027-CHL,FL_2015_000027_CHL,0.0,4.430458110700478e-06,973.0,0.0
FL-2016-000025-SRB,FL_2016_000025_SRB,0.0,1.4242943132756614e-05,751.0,0.0
FL-2006-000068-CHN,FL_2006_000068_CHN,0.0,0.0001167764951139,217.0,0.0
FL-2007-000176-CRI,FL_2007_000176_CRI,0.0,8.394596204075214e-06,847.0,0.0
FL-2007-000158-TGO,FL_2007_000158_TGO,0.0,2.6694704834938257e-05,577.0,0.0
FL-2006-000062-THA,FL_2006_000062_THA,0.0,0.0001515056833324,179.0,0.0
FL-2002-000475-TJK,FL_2002_000475_TJK,0.0,0.0001285266386353,200.0,0.0
FF-2008-000063-PHL,FF_2008_000063_PHL,0.0,1.9457271352100578e-07,1190.0,0.0
FL-2007-000003-PHL,FL_2007_000003_PHL,0.0,5.382065155928781e-06,937.0,0.0
FL-2019-000138-KEN,FL_2019_000138_KEN,0.0,4.902892080036981e-06,955.0,0.0
FL-2006-000172-COG,FL_2006_000172_COG,0.0,4.440658163531246e-05,444.0,0.0
FL-1997-000255-KEN,FL_1997_000255_KEN,0.0,0.0007333967493804,38.0,0.0
FL-2002-000265-KEN,FL_2002_000265_KEN,0.0,2.021309098439764e-05,652.0,0.0
FL-2011-000032-THA,FL_2011_000032_THA,0.0,3.0489448532469757e-05,544.0,0.0
FL-2013-000083-THA,FL_2013_000083_THA,0.0,6.077310269426931e-05,363.0,0.0
FL-2017-000002-MYS,FL_2017_000002_MYS,0.0,5.759591067650793e-05,375.0,0.0
FL-2017-000174-ALB,FL_2017_000174_ALB,0.0,0.0007730820725753,36.0,0.0
FL-2013-000108-SSD,FL_2013_000108_SSD,0.0,1.2599941997943912e-05,781.0,0.0
FL-2016-000072-SDN,FL_2016_000072_SDN,0.0,2.2909545296709412e-05,615.0,0.0
FL-2012-000200-BFA,FL_2012_000200_BFA,0.0,1.6065463422409785e-06,1101.0,0.0
FL-2008-000096-BGD,FL_2008_000096_BGD,0.0,1.6587681956585185e-05,713.0,0.0
FL-1997-000022-BOL,FL_1997_000022_BOL,0.0,4.1870458900308674e-05,460.0,0.0
FL-2009-000127-BEN,FL_2009_000127_BEN,0.0,3.848540800950034e-05,477.0,0.0
FL-2006-000058-TJK,FL_2006_000058_TJK,0.0,3.7043945275203753e-06,998.0,0.0
FL-2010-000161-MYS,FL_2010_000161_MYS,0.0,3.007789534873836e-05,549.0,0.0
FL-2002-000734-MAR,FL_2002_000734_MAR,0.0,1.0679916143139337e-05,810.0,0.0
FL-2007-000217-SRB,FL_2007_000217_SRB,0.0,3.1301208698230034e-05,540.0,0.0
FL-2012-000037-PSE,FL_2012_000037_PSE,0.0,5.550765606067789e-07,1156.0,0.0
FL-2013-000004-KEN,FL_2013_000004_KEN,0.0,3.045376719489785e-05,545.0,0.0
FL-2015-000053-CAF,FL_2015_000053_CAF,0.0,3.614267097536387e-05,493.0,0.0
FL-2007-000210-PHL,FL_2007_000210_PHL,0.0,2.6986874321830303e-05,575.0,0.0
FL-2007-000231-BOL,FL_2007_000231_BOL,0.0,0.0005006260401494,51.0,0.0
FL-2016-000080-BFA,FL_2016_000080_BFA,0.0,4.089134101516946e-05,465.0,0.0
FL-2023-000001-COG,FL_2023_000001_COG,0.0,1.8752874893593325e-05,682.0,0.0
FL-2020-000011-MOZ,FL_2020_000011_MOZ,0.0,0.0002248805637605,119.0,0.0
FL-2018-000046-RUS,FL_2018_000046_RUS,0.0,1.726364080703574e-05,707.0,0.0
FL-2012-000126-PAN,FL_2012_000126_PAN,0.0,0.0001143994111621,222.0,0.0
FL-2022-000276-GMB,FL_2022_000276_GMB,0.0,1.3599339138044005e-06,1118.0,0.0
FL-2004-000120-CRI,FL_2004_000120_CRI,0.0,1.879832561803805e-05,679.0,0.0
FL-1998-000053-ZMB,FL_1998_000053_ZMB,0.0,0.0001150549856908,220.0,0.0
FL-2003-000012-BOL,FL_2003_000012_BOL,0.0,0.0001243202435569,207.0,0.0
FL-2020-000212-KHM,FL_2020_000212_KHM,0.0,2.127146324135581e-06,1068.0,0.0
FL-1998-000040-URY,FL_1998_000040_URY,0.0,7.428989902012175e-05,317.0,0.0
FF-2011-000066-TJK,FF_2011_000066_TJK,0.0,1.4167859132226784e-05,757.0,0.0
FL-2009-000218-KEN,FL_2009_000218_KEN,0.0,2.430646054698657e-05,602.0,0.0
FL-2011-000020-BOL,FL_2011_000020_BOL,0.0,0.0002293926186813,116.0,0.0
FL-2001-000453-IRN,FL_2001_000453_IRN,0.0,4.978412460265588e-05,407.0,0.0
FL-2020-000198-SEN,FL_2020_000198_SEN,0.0,3.616960138540985e-05,492.0,0.0
FL-2011-000129-MLI,FL_2011_000129_MLI,0.0,0.000558578438171,48.0,0.0
FL-2009-000265-MAR,FL_2009_000265_MAR,0.0,5.265139398280061e-05,398.0,0.0
FL-2001-000236-URY,FL_2001_000236_URY,0.0,0.0002891303098236,95.0,0.0
FF-2011-000049-IRQ,FF_2011_000049_IRQ,0.0,2.883458277229424e-06,1032.0,0.0
FL-2010-000219-PHL,FL_2010_000219_PHL,0.0,5.966132613316172e-07,1151.0,0.0
FL-2022-000207-VEN,FL_2022_000207_VEN,0.0,4.240259179958729e-06,979.0,0.0
FL-2010-000174-KEN,FL_2010_000174_KEN,0.0,1.795713479758341e-05,700.0,0.0
FL-2002-000077-PER,FL_2002_000077_PER,0.0,2.171354354550568e-05,630.0,0.0
FL-2017-000149-TGO,FL_2017_000149_TGO,0.0,3.6989039725004855e-05,487.0,0.0
FL-1999-000286-GMB,FL_1999_000286_GMB,0.0,1.4588290858237235e-06,1112.0,0.0
FL-2012-000129-SDN,FL_2012_000129_SDN,0.0,9.301855640197236e-05,256.0,0.0
FL-2008-000024-PHL,FL_2008_000024_PHL,0.0,4.955833353993123e-06,953.0,0.0
FL-2012-000164-CAF,FL_2012_000164_CAF,0.0,0.0001525833372862,176.0,0.0
FL-2018-000065-TJK,FL_2018_000065_TJK,0.0,1.6080806149014807e-05,716.0,0.0
SS-2007-000063-MDV,SS_2007_000063_MDV,0.0,8.959898567075141e-06,839.0,0.0
FL-2004-000020-KEN,FL_2004_000020_KEN,0.0,4.898831085492217e-05,411.0,0.0
FL-2019-000163-UGA,FL_2019_000163_UGA,0.0,0.0004065221084321,64.0,0.0
FL-2017-000054-BFA,FL_2017_000054_BFA,0.0,1.1791460460925946e-05,791.0,0.0
FL-2016-000060-IND,FL_2016_000060_IND,0.0,2.6058845845364657e-06,1049.0,0.0
FL-2003-000051-PER,FL_2003_000051_PER,0.0,4.410608099273729e-05,447.0,0.0
FL-2000-000375-CHL,FL_2000_000375_CHL,0.0,4.7008381395306e-05,425.0,0.0
FL-2020-000128-KEN,FL_2020_000128_KEN,0.0,1.5449968259262784e-05,726.0,0.0
FL-1999-000160-PER,FL_1999_000160_PER,0.0,7.214696647914835e-05,325.0,0.0
FL-2017-000064-IND,FL_2017_000064_IND,0.0,5.607594933975208e-06,926.0,0.0
FL-2021-000038-KEN,FL_2021_000038_KEN,0.0,1.957923455699078e-05,665.0,0.0
FL-2019-000033-PRY,FL_2019_000033_PRY,0.0,4.822763288068354e-06,958.0,0.0
FL-2017-000079-TJK,FL_2017_000079_TJK,0.0,0.0001627046002192,165.0,0.0
FL-2015-000071-GEO,FL_2015_000071_GEO,0.0,4.491919018920262e-06,969.0,0.0
FL-2009-000190-TUR,FL_2009_000190_TUR,0.0,0.0004308259961004,59.0,0.0
FF-2020-000240-ZMB,FF_2020_000240_ZMB,0.0,9.574900365862463e-07,1134.0,0.0
FL-2001-000521-TCD,FL_2001_000521_TCD,0.0,0.0001097520662419,229.0,0.0
FL-2015-000064-IND,FL_2015_000064_IND,0.0,3.3816037485048576e-05,520.0,0.0
FL-1997-000025-MWI,FL_1997_000025_MWI,0.0,6.04461724025846e-05,365.0,0.0
FL-2016-000042-KEN,FL_2016_000042_KEN,0.0,5.5553042458014296e-06,930.0,0.0
FL-2021-000066-GUY,FL_2021_000066_GUY,0.0,0.0001188769146317,214.0,0.0
FL-2007-000012-BOL,FL_2007_000012_BOL,0.0,0.0001772969149339,147.0,0.0
FL-2018-000015-BOL,FL_2018_000015_BOL,0.0,8.447864767867239e-05,286.0,0.0
FL-1999-000253-PHL,FL_1999_000253_PHL,0.0,3.914535564859519e-06,988.0,0.0
FL-2019-000052-SRB,FL_2019_000052_SRB,0.0,2.543335266459283e-06,1052.0,0.0
FL-2011-000108-SEN,FL_2011_000108_SEN,0.0,1.9938329441896805e-05,658.0,0.0
FL-2021-000147-THA,FL_2021_000147_THA,0.0,5.03897022461374e-05,405.0,0.0
FL-2021-000097-BGD,FL_2021_000097_BGD,0.0,0.0001537238745058,174.0,0.0
FL-1998-000255-TUR,FL_1998_000255_TUR,0.0,9.89123707526598e-05,243.0,0.0
FL-2019-000058-TJK,FL_2019_000058_TJK,0.0,1.133749665582355e-05,799.0,0.0
FL-2022-000287-TCD,FL_2022_000287_TCD,0.0,2.09773653029966e-05,641.0,0.0
FL-2008-000117-ROM,FL_2008_000117_ROM,0.0,2.180235531182212e-06,1066.0,0.0
FL-2015-000008-BOL,FL_2015_000008_BOL,0.0,2.453130256426661e-05,600.0,0.0
FF-2018-000030-KEN,FF_2018_000030_KEN,0.0,3.3823145558168475e-08,1205.0,0.0
FL-1999-000071-MOZ,FL_1999_000071_MOZ,0.0,4.460975998201784e-05,443.0,0.0
FL-2010-000240-VEN,FL_2010_000240_VEN,0.0,3.610431484086012e-06,1002.0,0.0
FL-2021-000068-SUR,FL_2021_000068_SUR,0.0,1.812974458843947e-05,694.0,0.0
FL-2006-000070-IND,FL_2006_000070_IND,0.0,3.184974666144762e-05,534.0,0.0
FL-2002-000482-RUS,FL_2002_000482_RUS,0.0,8.130540245078792e-06,853.0,0.0
FF-2009-000229-SOM,FF_2009_000229_SOM,0.0,3.453078465367066e-06,1006.0,0.0
FL-2001-000314-GHA,FL_2001_000314_GHA,0.0,0.0003961149683522,69.0,0.0
FL-2005-000196-LKA,FL_2005_000196_LKA,0.0,2.6667868961210988e-05,578.0,0.0
FL-2011-000059-CHN,FL_2011_000059_CHN,0.0,8.125998997413741e-06,854.0,0.0
FL-2021-000084-TCD,FL_2021_000084_TCD,0.0,3.902747156113022e-06,990.0,0.0
FL-2012-000083-HND,FL_2012_000083_HND,0.0,1.260506373508608e-05,780.0,0.0
FF-2008-000082-PHL,FF_2008_000082_PHL,0.0,2.9336585017263105e-07,1179.0,0.0
FL-2008-000175-UGA,FL_2008_000175_UGA,0.0,1.0195257404848407e-05,822.0,0.0
FL-2022-000362-LCA,FL_2022_000362_LCA,0.0,7.759503871290204e-09,1213.0,0.0
FL-2010-000042-SRB,FL_2010_000042_SRB,0.0,3.0171644396045502e-06,1025.0,0.0
FL-2002-000296-PRY,FL_2002_000296_PRY,0.0,5.4120804054451645e-05,393.0,0.0
FL-2014-000098-SDN,FL_2014_000098_SDN,0.0,5.9797787639466734e-05,367.0,0.0
FL-2006-000189-MYS,FL_2006_000189_MYS,0.0,6.439810336954554e-05,340.0,0.0
FL-2005-000104-IND,FL_2005_000104_IND,0.0,8.325796742218161e-06,848.0,0.0
FL-1998-000219-KOR,FL_1998_000219_KOR,0.0,6.343041076594956e-05,347.0,0.0
FL-2011-000093-BGD,FL_2011_000093_BGD,0.0,2.5367587436416408e-05,592.0,0.0
FF-2013-000029-SRB,FF_2013_000029_SRB,0.0,6.118443656154219e-06,918.0,0.0
FF-2007-000080-BGD,FF_2007_000080_BGD,0.0,0.0002177469957738,125.0,0.0
FL-2021-000091-PHL,FL_2021_000091_PHL,0.0,8.847082829347295e-06,842.0,0.0
FL-2014-000054-TJK,FL_2014_000054_TJK,0.0,6.238150991762073e-06,911.0,0.0
FL-2011-000115-KEN,FL_2011_000115_KEN,0.0,7.812420776020337e-07,1141.0,0.0
FF-2012-000062-KEN,FF_2012_000062_KEN,0.0,5.5887971392572495e-06,928.0,0.0
FL-1999-000651-CHN,FL_1999_000651_CHN,0.0,1.4188349354919522e-05,755.0,0.0
FL-2005-000176-BGD,FL_2005_000176_BGD,0.0,3.0228963887000848e-05,547.0,0.0
FL-2006-000086-CHL,FL_2006_000086_CHL,0.0,1.0492200740021713e-05,813.0,0.0
FL-2015-000169-KEN,FL_2015_000169_KEN,0.0,1.4368250000678232e-05,747.0,0.0
FL-2003-000621-BOL,FL_2003_000621_BOL,0.0,0.0002251250602826,118.0,0.0
FL-1999-000229-TJK,FL_1999_000229_TJK,0.0,0.0001655335422159,161.0,0.0
FL-1997-000144-CHN,FL_1997_000144_CHN,0.0,0.0003951209922762,70.0,0.0
FL-2009-000176-MLI,FL_2009_000176_MLI,0.0,5.408561254342031e-05,394.0,0.0
FF-2011-000143-SSD,FF_2011_000143_SSD,0.0,1.8308492973917188e-06,1085.0,0.0
