match_id,era5_event_id,cnn_bayesian_score,kg_bayesian_score,kg_rank,attribution_weight
FL-2022-000261-GEO,FL_2022_000261_GEO,0.45618775,1.049172978820342,1.0,0.5322190416666667
FL-2020-000175-GEO,FL_2020_000175_GEO,0.10264974,0.0084539701367095,4.0,0.11405526666666667
FL-2019-000047-GEO,FL_2019_000047_GEO,0.06301335,0.0218883820500829,2.0,0.07201525714285713
FF-2013-000084-GEO,FF_2013_000084_GEO,0.030407118,0.0013261690884503,19.0,0.03167408125
FF-2012-000120-GEO,FF_2012_000120_GEO,0.028696842,0.0003814988657148,111.0,0.028944228568965516
FF-2012-000079-GEO,FF_2012_000079_GEO,0.027278544,0.0018499287348369,12.0,0.028883164235294117
FL-2015-000071-GEO,FL_2015_000071_GEO,0.020398084,0.00514563268027,6.0,0.022252455272727272
FL-2021-000152-GEO,FL_2021_000152_GEO,0.012445744,0.00642473818495,5.0,0.013690318400000002
FL-2018-000112-GEO,FL_2018_000112_GEO,0.00917627,0.0044757873048386,7.0,0.009940959166666666
FF-2011-000071-GEO,FF_2011_000071_GEO,0.002094733,8.856913803094984e-05,454.0,0.002099296688453159
FL-2005-000100-KGZ,FL_2005_000100_KGZ,0.0005040705,3.396493342842562e-05,729.0,0.0005047572445504088
FF-2020-000123-YEM,FF_2020_000123_YEM,0.000106347776,0.0002558504467535,187.0,0.00010690167066666666
FL-1998-000213-KGZ,FL_1998_000213_KGZ,7.8095276e-05,2.878433140530732e-05,778.0,7.819501453895274e-05
FL-1998-000219-KOR,FL_1998_000219_KOR,7.331957e-05,5.516458099873902e-05,593.0,7.344217797658865e-05
FL-2006-000091-PRK,FL_2006_000091_PRK,6.547731e-05,5.121412734621448e-05,606.0,6.55844741734861e-05
FL-2017-000107-NPL,FL_2017_000107_NPL,3.721291e-05,2.46590505508232e-05,821.0,3.7257961949152535e-05
FF-2006-000039-YEM,FF_2006_000039_YEM,2.5798885e-05,1.316639688753782e-05,963.0,2.582553674070248e-05
FL-2017-000043-HTI,FL_2017_000043_HTI,2.0983243e-05,0.0002469695498393,198.0,2.108660872906404e-05
FL-2005-000070-YEM,FL_2005_000070_YEM,2.056568e-05,0.0002512412535892,189.0,2.0671688659793815e-05
FL-2022-000376-COD,FL_2022_000376_COD,1.9676556e-05,0.0006737600807896,53.0,2.001580696551724e-05
FL-1999-000548-YEM,FL_1999_000548_YEM,1.880839e-05,0.000238387109109,213.0,1.8894667018348624e-05
FL-2016-000054-HTI,FL_2016_000054_HTI,1.4821252e-05,6.954760897563598e-06,1057.0,1.4835207981167607e-05
FL-2012-000054-HTI,FL_2012_000054_HTI,1.2690034e-05,0.0002807372176479,162.0,1.276602222754491e-05
FL-2001-000335-KOR,FL_2001_000335_KOR,1.25246615e-05,2.575033444887332e-05,812.0,1.2539991563035496e-05
FL-2008-000201-YEM,FL_2008_000201_YEM,1.1440097e-05,8.947373854533633e-05,447.0,1.1465406949115044e-05
FL-2015-000088-IRN,FL_2015_000088_IRN,1.1090797e-05,3.451122000037788e-06,1126.0,1.1100603186560565e-05
FL-2000-000735-VEN,FL_2000_000735_VEN,1.0978636e-05,6.627519420231588e-06,1066.0,1.098888682726424e-05
FL-2005-000168-NPL,FL_2005_000168_NPL,9.9368035e-06,2.063987466314566e-05,865.0,9.948225113218392e-06
FL-2022-000265-YEM,FL_2022_000265_YEM,9.047559e-06,6.451327280276327e-05,550.0,9.06386090810811e-06
FL-2010-000160-NPL,FL_2010_000160_NPL,8.023022e-06,1.1386159855121285e-06,1179.0,8.029798201013512e-06
FL-2002-000500-IRN,FL_2002_000500_IRN,7.982778e-06,4.695526749979319e-06,1098.0,7.990015332728922e-06
FL-2016-000019-HTI,FL_2016_000019_HTI,7.5565745e-06,0.0002377053478856,215.0,7.590922565909092e-06
FL-2004-000051-NPL,FL_2004_000051_NPL,6.9548137e-06,3.4348239051198026e-06,1129.0,6.960946692680776e-06
FL-2015-000164-COD,FL_2015_000164_COD,6.6408943e-06,0.0002031261155816,254.0,6.666534818532819e-06
FL-2021-000043-YEM,FL_2021_000043_YEM,6.6197263e-06,0.0002418714075414,208.0,6.650804827230047e-06
FL-2002-000478-PRK,FL_2002_000478_PRK,6.502817e-06,0.0001889115150926,266.0,6.526812634686346e-06
FL-2015-000037-HTI,FL_2015_000037_HTI,6.2017743e-06,0.0001000162529215,419.0,6.216401126179244e-06
FL-2012-000123-PRK,FL_2012_000123_PRK,6.07155e-06,4.623279886024186e-05,645.0,6.080890846153846e-06
FL-2009-000208-AZE,FL_2009_000208_AZE,5.9985023e-06,7.069835002769631e-06,1055.0,6.004161264433962e-06
FL-2019-000153-COD,FL_2019_000153_COD,5.6302424e-06,8.797156299721149e-05,458.0,5.642402750755939e-06
FL-2006-000171-HTI,FL_2006_000171_HTI,5.0863323e-06,8.195286803890142e-05,480.0,5.096819583092784e-06
FL-1998-000085-IRN,FL_1998_000085_IRN,4.690785e-06,3.440327479493276e-05,727.0,4.697193176229508e-06
FL-2019-000084-IND,FL_2019_000084_IND,4.361493e-06,8.325590600551439e-05,476.0,4.3705605530145525e-06
FF-2018-000158-TUN,FF_2018_000158_TUN,3.8324924e-06,4.794505941055917e-05,631.0,3.83851833144654e-06
FL-2015-000113-PRK,FL_2015_000113_PRK,3.711896e-06,0.0006065703234144,64.0,3.7656915942028987e-06
FL-2018-000164-HND,FL_2018_000164_HND,3.6738445e-06,1.8543654087877155e-05,894.0,3.677931090100111e-06
FL-2006-000127-NPL,FL_2006_000127_NPL,3.5017865e-06,2.815571784109978e-07,1206.0,3.5046781486374893e-06
FL-2010-000240-VEN,FL_2010_000240_VEN,3.463067e-06,4.274817893450425e-06,1108.0,3.46617847079964e-06
FL-2011-000021-MYS,FL_2011_000021_MYS,3.1021195e-06,0.0003665710115558,118.0,3.127339983739837e-06
FL-2002-000732-IDN,FL_2002_000732_IDN,3.124372e-06,6.1212255112831214e-06,1073.0,3.1272703042671618e-06
FL-2006-000013-MWI,FL_2006_000013_MWI,2.9630423e-06,4.09097951970461e-05,681.0,2.967361603644315e-06
FL-2019-000034-BOL,FL_2019_000034_BOL,2.471657e-06,6.994325407063845e-05,522.0,2.4763470512333966e-06
FL-2010-000037-HTI,FL_2010_000037_HTI,2.226426e-06,7.222525566946223e-06,1054.0,2.2285283852691217e-06
FL-2019-000120-PHL,FL_2019_000120_PHL,2.0992375e-06,9.979626243358722e-05,421.0,2.1041652875586852e-06
FF-2016-000034-YEM,FF_2016_000034_YEM,1.914344e-06,0.0001417976862642,327.0,1.920110096385542e-06
FF-2018-000042-ETH,FF_2018_000042_ETH,1.89475e-06,6.174995651377825e-05,560.0,1.8981035398230087e-06
FL-1999-000247-KOR,FL_1999_000247_KOR,1.7456553e-06,1.1615720945812548e-05,978.0,1.7474311446592062e-06
FL-2020-000165-NPL,FL_2020_000165_NPL,1.615063e-06,2.7283033562914342e-05,792.0,1.6170894278544542e-06
FL-2014-000121-CMR,FL_2014_000121_CMR,1.5884632e-06,0.0001061654714314,403.0,1.5923564921568628e-06
FF-2017-000122-CMR,FF_2017_000122_CMR,1.517094e-06,1.0753575528606984e-05,988.0,1.5186217885196376e-06
FL-2019-000156-DJI,FL_2019_000156_DJI,1.3949086e-06,4.502200152744276e-05,657.0,1.3970157126888218e-06
FL-1998-000221-NPL,FL_1998_000221_NPL,1.3355585e-06,1.920896965010868e-06,1160.0,1.3367049021459229e-06
FL-2007-000012-BOL,FL_2007_000012_BOL,1.2599558e-06,3.871183009521695e-05,697.0,1.2617506088319087e-06
FF-2007-000081-NPL,FF_2007_000081_NPL,1.2570947e-06,2.9300720590066694e-07,1205.0,1.2581336212396694e-06
FF-2007-000185-TUN,FF_2007_000185_TUN,1.2025854e-06,3.838201540317007e-05,700.0,1.2042911948936169e-06
FL-1997-000295-COD,FL_1997_000295_COD,1.1968913e-06,5.821760704734294e-06,1079.0,1.1979954432656826e-06
FL-2016-000122-SRB,FL_2016_000122_SRB,1.1598885e-06,0.0007032205749692,49.0,1.1813679166666667e-06
FL-2018-000144-PRK,FL_2018_000144_PRK,1.1433826e-06,0.0010599703648803,26.0,1.1802659096774193e-06
FL-2005-000065-GEO,FL_2005_000065_GEO,1.026248e-06,0.016548153848901,3.0,1.154529e-06
FL-2013-000041-GHA,FL_2013_000041_GHA,1.1479464e-06,7.220170773742559e-05,513.0,1.1501625127413128e-06
FL-2001-000025-MWI,FL_2001_000025_MWI,1.1218161e-06,5.0397164432608926e-05,615.0,1.1236254808064516e-06
FL-2005-000064-ETH,FL_2005_000064_ETH,1.0779594e-06,0.0004527316591025,86.0,1.0898051076923077e-06
FL-2012-000071-NPL,FL_2012_000071_NPL,1.087966e-06,1.733935388258091e-05,905.0,1.0891615670329669e-06
FL-2002-000445-VEN,FL_2002_000445_VEN,1.0481273e-06,6.867036618615222e-06,1062.0,1.049109612371134e-06
FL-1997-000025-MWI,FL_1997_000025_MWI,1.0049766e-06,1.6193805493037243e-05,919.0,1.0060642370129869e-06
FL-2016-000060-IND,FL_2016_000060_IND,9.897336e-07,0.0002962253040199,150.0,9.96118978064516e-07
FL-2018-000419-PRY,FL_2018_000419_PRY,9.797085e-07,5.000066025288133e-05,618.0,9.81281065810594e-07
FL-2003-000027-TUN,FL_2003_000027_TUN,9.603225e-07,6.833235652359242e-05,533.0,9.621074860594796e-07
FL-1999-000235-IRN,FL_1999_000235_IRN,8.280751e-07,0.0001252927765644,355.0,8.30375308611111e-07
FF-2019-000054-YEM,FF_2019_000054_YEM,8.23913e-07,0.0001754443563438,285.0,8.267540793103448e-07
FL-2018-000015-BOL,FL_2018_000015_BOL,7.954495e-07,0.00033167832559,129.0,8.013856902985075e-07
FL-2000-000806-FJI,FL_2000_000806_FJI,8.000218e-07,2.462072020170441e-05,822.0,8.009891782345828e-07
FL-2002-000782-MKD,FL_2002_000782_MKD,7.759837e-07,0.0001479744589987,320.0,7.783713421538461e-07
FL-2011-000129-MLI,FL_2011_000129_MLI,7.3815187e-07,0.0007487691425919,45.0,7.529149074e-07
FL-2010-000076-COL,FL_2010_000076_COL,7.388582e-07,0.0001591518056734,307.0,7.412263352564102e-07
FL-2012-000083-HND,FL_2012_000083_HND,6.822847e-07,7.789151437681381e-05,497.0,6.836438328685259e-07
FL-2009-000241-COL,FL_2009_000241_COL,6.740682e-07,0.0001598325744462,306.0,6.762356218649517e-07
FF-2020-000204-TUN,FF_2020_000204_TUN,6.710164e-07,0.0001899721467345,264.0,6.735108847583642e-07
FL-2003-000481-HND,FL_2003_000481_HND,6.54201e-07,2.1303277774621137e-06,1157.0,6.547639956970741e-07
FL-2022-000213-IND,FL_2022_000213_IND,6.183381e-07,2.4459075591833927e-05,824.0,6.19083984318456e-07
FL-2001-000029-BOL,FL_2001_000029_BOL,5.8670685e-07,3.437577300361932e-05,728.0,5.87507268622101e-07
FL-2002-000321-HTI,FL_2002_000321_HTI,5.7457004e-07,1.28823155267616e-05,967.0,5.751611614403293e-07
FL-2016-000066-PAK,FL_2016_000066_PAK,5.682556e-07,2.2579568718688163e-05,841.0,5.68927296926714e-07
ST-2012-000064-COD,ST_2012_000064_COD,5.6191567e-07,1.0559380479272735e-05,993.0,5.62478711753507e-07
FL-2005-000063-SRB,FL_2005_000063_SRB,5.576765e-07,0.0001057573765394,406.0,5.590333771289538e-07
FL-2007-000040-HTI,FL_2007_000040_HTI,5.1515013e-07,1.4308787730503228e-05,945.0,5.156923932947369e-07
FL-2001-000180-IRN,FL_2001_000180_IRN,5.1339964e-07,4.218101006128302e-05,671.0,5.14159106923077e-07
FL-2011-000108-SEN,FL_2011_000108_SEN,5.086419e-07,2.9095004242288222e-06,1140.0,5.090861287336246e-07
FL-2009-000102-HTI,FL_2009_000102_HTI,4.9869715e-07,2.8822763979911105e-05,777.0,4.99334870140665e-07
FL-2002-000734-MAR,FL_2002_000734_MAR,4.9734604e-07,4.919267434293605e-05,624.0,4.98136733227345e-07
FL-2011-000156-HTI,FL_2011_000156_HTI,4.8421794e-07,2.7951771024742527e-05,786.0,4.84830099216182e-07
FL-2012-000132-NPL,FL_2012_000132_NPL,4.8207056e-07,1.895491433692857e-06,1161.0,4.824839995883363e-07
FL-2011-000043-VCT,FL_2011_000043_VCT,4.6304015e-07,0.0002480702544311,195.0,4.6535535075e-07
FL-2003-000212-AZE,FL_2003_000212_AZE,4.6043758e-07,2.8395439233534786e-05,782.0,4.6102263410419316e-07
FL-2006-000010-BOL,FL_2006_000010_BOL,4.490688e-07,2.435604748961718e-05,826.0,4.496091956678701e-07
FL-2012-000191-HTI,FL_2012_000191_HTI,4.4569117e-07,5.05637470516936e-05,610.0,4.4641587108943096e-07
FL-2006-000044-COL,FL_2006_000044_COL,4.4004236e-07,8.173737487177936e-05,481.0,4.409477969547325e-07
FL-1999-000315-GHA,FL_1999_000315_GHA,4.3126934e-07,0.0003940209263015,102.0,4.352998945794392e-07
FL-2014-000089-IND,FL_2014_000089_IND,4.1959257e-07,0.0002443288234531,204.0,4.216001899521531e-07
FL-1999-000371-IND,FL_1999_000371_IND,4.1322897e-07,0.0003283566589747,132.0,4.1624523985401464e-07
FL-2011-000042-COL,FL_2011_000042_COL,4.077047e-07,0.0002200455647464,232.0,4.0942497299578057e-07
FL-2008-000054-THA,FL_2008_000054_THA,4.0476294e-07,7.851676213057346e-05,494.0,4.055740881763527e-07
FL-2014-000163-COL,FL_2014_000163_COL,3.9297996e-07,1.7239786672432855e-05,911.0,3.9340897742358076e-07
FF-2005-000067-IDN,FF_2005_000067_IDN,3.8989498e-07,6.39643933299224e-05,553.0,3.905937165232975e-07
FL-2012-000030-KAZ,FL_2012_000030_KAZ,3.7628737e-07,4.6314724082482176e-05,643.0,3.768680603858024e-07
FL-2015-000093-GUY,FL_2015_000093_GUY,3.757388e-07,9.767297151801446e-06,1001.0,3.7611229781312126e-07
FL-2021-000110-YEM,FL_2021_000110_YEM,3.5025775e-07,3.323855023864718e-05,734.0,3.507317117726658e-07
FL-2010-000089-AZE,FL_2010_000089_AZE,3.4469397e-07,4.544879851209569e-05,653.0,3.452178210182371e-07
FL-2018-000004-COD,FL_2018_000004_COD,3.351735e-07,1.0574693349780207e-05,991.0,3.3551001957831326e-07
FL-1998-000247-IRN,FL_1998_000247_IRN,3.3212203e-07,1.9203654035917458e-05,879.0,3.3249773365384615e-07
FL-2003-000624-HTI,FL_2003_000624_HTI,3.2650794e-07,0.0004151866181226,94.0,3.2980600000000006e-07
FL-2004-000068-ROM,FL_2004_000068_ROM,3.2772874e-07,4.1602767439194e-05,677.0,3.282092806744868e-07
FF-2008-000063-PHL,FF_2008_000063_PHL,3.2385762e-07,6.434409893401447e-05,552.0,3.2443905199281866e-07
FF-2012-000081-ETH,FF_2012_000081_ETH,3.1883255e-07,0.0005265046281551,71.0,3.230277151315789e-07
FL-2006-000115-HTI,FL_2006_000115_HTI,3.070916e-07,5.581279881506936e-05,592.0,3.0760599128978226e-07
FL-2001-000019-MOZ,FL_2001_000019_MOZ,3.0210515e-07,5.517063049907153e-06,1082.0,3.023830756209752e-07
FL-2006-000041-SRB,FL_2006_000041_SRB,3.0000953e-07,0.0002087676302874,243.0,3.012192458467742e-07
FL-2000-000265-COL,FL_2000_000265_COL,2.9685197e-07,9.9838306663588e-05,420.0,2.9755044522352944e-07
FL-1999-000233-SVK,FL_1999_000233_SVK,2.941596e-07,2.921423659406416e-05,773.0,2.945376971722365e-07
FL-2011-000002-BRA,FL_2011_000002_BRA,2.8332744e-07,8.230614561503317e-05,479.0,2.839128272727273e-07
FL-2010-000042-SRB,FL_2010_000042_SRB,2.8155586e-07,0.0002283917304855,224.0,2.827853615720524e-07
FL-2007-000003-PHL,FL_2007_000003_PHL,2.8025647e-07,0.0001065968465066,402.0,2.8094506083538086e-07
FL-1997-000140-AZE,FL_1997_000140_AZE,2.6832257e-07,9.556301573840417e-06,1005.0,2.685882359108911e-07
FL-2011-000063-HTI,FL_2011_000063_HTI,2.6414753e-07,4.161270181075597e-05,676.0,2.6453541183553595e-07
FL-2016-000045-ETH,FL_2016_000045_ETH,2.6305602e-07,4.338289680083226e-05,667.0,2.634474724107143e-07
FL-2008-000168-NPL,FL_2008_000168_NPL,2.5331235e-07,1.3195983342567262e-05,962.0,2.535743069286453e-07
FL-2015-000085-VEN,FL_2015_000085_VEN,2.520918e-07,3.036369795293904e-06,1136.0,2.523127393514461e-07
FL-2010-000014-SLB,FL_2010_000014_SLB,2.479449e-07,0.0004132119512947,96.0,2.5039980000000003e-07
FL-1999-000324-HND,FL_1999_000324_HND,2.4522157e-07,3.5603695386372655e-05,717.0,2.4556121206371195e-07
FF-2016-000079-MKD,FF_2016_000079_MKD,2.3266479e-07,5.798937859619653e-05,572.0,2.3306802187175043e-07
FL-2013-000050-ETH,FL_2013_000050_ETH,2.231576e-07,4.63843891477297e-05,642.0,2.235025112828439e-07
FF-2006-000049-IDN,FF_2006_000049_IDN,2.1449718e-07,8.318002267017327e-05,477.0,2.1494219489626556e-07
FL-2020-000242-COL,FL_2020_000242_COL,2.112662e-07,0.0004606506868467,84.0,2.1363997752808989e-07
FL-1998-000255-TUR,FL_1998_000255_TUR,2.1301865e-07,5.978898412189751e-05,564.0,2.1339302372583483e-07
FL-2011-000109-PAK,FL_2011_000109_PAK,2.1206468e-07,9.16942960055234e-05,442.0,2.1253909762863535e-07
FL-2023-000001-COG,FL_2023_000001_COG,2.0721913e-07,0.000584900112432,66.0,2.1013770929577464e-07
FL-2000-000130-BOL,FL_2000_000130_BOL,2.0127182e-07,2.233867833572339e-05,845.0,2.0150861037647062e-07
OT-2004-000112-COL,OT_2004_000112_COL,1.9786998e-07,5.419103630355385e-05,598.0,1.981981225870647e-07
FL-1997-000270-ETH,FL_1997_000270_ETH,1.9644007e-07,1.9163095701297577e-05,880.0,1.9666203618079097e-07
FL-2017-000160-HND,FL_2017_000160_HND,1.9314976e-07,0.0001082149845757,395.0,1.936326344e-07
FL-2009-000219-NPL,FL_2009_000219_NPL,1.895708e-07,4.261526601529132e-07,1199.0,1.897282508305648e-07
FL-2004-000021-COL,FL_2004_000021_COL,1.8812968e-07,0.0003046266049625,147.0,1.893673752631579e-07
FL-2007-000145-ETH,FL_2007_000145_ETH,1.8661532e-07,8.193382330415658e-06,1035.0,1.867947578076923e-07
SS-2007-000063-MDV,SS_2007_000063_MDV,1.8355486e-07,3.7564372867405233e-06,1119.0,1.8371816503558718e-07
FL-2005-000194-COL,FL_2005_000194_COL,1.8194685e-07,5.773409907930975e-05,578.0,1.8225893722126928e-07
FL-2009-000122-IND,FL_2009_000122_IND,1.8150898e-07,0.0001657946721106,297.0,1.8211000311258277e-07
FL-2018-000058-COL,FL_2018_000058_COL,1.8130788e-07,0.0001008032282008,416.0,1.8173854004750596e-07
FL-2013-000074-HTI,FL_2013_000074_HTI,1.7481682e-07,0.0002941300249231,155.0,1.75909425125e-07
FL-2018-000034-BLR,FL_2018_000034_BLR,1.6984804e-07,2.324060705690059e-06,1153.0,1.6999471360967184e-07
FL-2019-000087-PAK,FL_2019_000087_PAK,1.6729244e-07,0.0001077409089952,396.0,1.677096281296758e-07
FL-2021-000173-IDN,FL_2021_000173_IDN,1.6657398e-07,0.0002226329987877,229.0,1.6728583461538462e-07
FL-1999-000531-COD,FL_1999_000531_COD,1.5943557e-07,2.9141208201102413e-05,774.0,1.5964023697047495e-07
FL-2019-000020-COL,FL_2019_000020_COL,1.5902185e-07,6.429734737463131e-06,1069.0,1.5916991503724396e-07
FL-1997-000022-BOL,FL_1997_000022_BOL,1.5887943e-07,4.157324719152613e-05,678.0,1.5911204995607613e-07
FL-2003-000316-IND,FL_2003_000316_IND,1.5679791e-07,0.0001003358606597,418.0,1.5716859063829784e-07
FL-2012-000043-KGZ,FL_2012_000043_KGZ,1.5627226e-07,5.046668821749765e-05,614.0,1.5652471922455573e-07
FL-2003-000578-COL,FL_2003_000578_COL,1.5207972e-07,0.0001092002000951,391.0,1.524637596969697e-07
FL-2010-000062-COD,FL_2010_000062_COD,1.4733985e-07,4.224284355414164e-06,1111.0,1.4747187495519713e-07
FL-2012-000157-CMR,FL_2012_000157_CMR,1.4552478e-07,0.0002467664897947,200.0,1.4623465697560975e-07
FL-2009-000267-SRB,FL_2009_000267_SRB,1.4536596e-07,8.449055335174062e-05,473.0,1.456700728870293e-07
FF-2013-000088-AFG,FF_2013_000088_AFG,1.4250595e-07,1.347724441096124e-05,957.0,1.4265408508316007e-07
FL-2014-000155-HTI,FL_2014_000155_HTI,1.3926129e-07,9.158298677103913e-06,1011.0,1.393983581988189e-07
FL-2009-000216-ITA,FL_2009_000216_ITA,1.3855116e-07,2.737848026423389e-06,1144.0,1.3867174412532637e-07
FL-2007-000149-CMR,FL_2007_000149_CMR,1.3700439e-07,0.0002947750561146,154.0,1.378660528301887e-07
FL-2009-000245-SRB,FL_2009_000245_SRB,1.279592e-07,0.0010923180160123,24.0,1.3237158620689656e-07
FL-2011-000067-PHL,FL_2011_000067_PHL,1.2776421e-07,1.651393199030186e-05,914.0,1.2790323525571272e-07
FL-2005-000017-VEN,FL_2005_000017_VEN,1.2705502e-07,4.8276253753652425e-05,629.0,1.2725542223974763e-07
FL-1999-000265-TCD,FL_1999_000265_TCD,1.2675456e-07,8.12801086076192e-06,1037.0,1.2687620545105564e-07
FL-2017-000064-IND,FL_2017_000064_IND,1.2472744e-07,0.0002834348508129,161.0,1.2547881012048195e-07
FL-2015-000056-COL,FL_2015_000056_COL,1.2456846e-07,6.554225190439378e-05,546.0,1.247945370598911e-07
FL-2011-000020-BOL,FL_2011_000020_BOL,1.2354248e-07,0.0001644971531706,299.0,1.239488697368421e-07
FL-2002-000020-IRN,FL_2002_000020_IRN,1.14789216e-07,1.985046215409888e-05,872.0,1.1492010450171037e-07
FL-2021-000161-IND,FL_2021_000161_IND,1.13165605e-07,0.0004077698323014,97.0,1.1427507171568628e-07
FL-2001-000453-IRN,FL_2001_000453_IRN,1.1165168e-07,0.0001866113327376,270.0,1.1205768610909092e-07
FL-2016-000117-ALB,FL_2016_000117_ALB,1.1025366e-07,2.322502372576692e-05,834.0,1.1038507079856974e-07
FL-2013-000103-YEM,FL_2013_000103_YEM,1.0667449e-07,0.0001993292817975,258.0,1.070800964258555e-07
FL-2019-000103-LAO,FL_2019_000103_LAO,1.0668251e-07,6.524326086731065e-05,547.0,1.0687577541666665e-07
FL-2007-000220-SRB,FL_2007_000220_SRB,1.062167e-07,1.7288015280938256e-05,908.0,1.0633303811610078e-07
FL-2006-000156-TUR,FL_2006_000156_TUR,1.0447924e-07,9.411859500010817e-05,437.0,1.0471561837104073e-07
FL-2019-000014-MWI,FL_2019_000014_MWI,1.01195646e-07,5.790362358317235e-05,574.0,1.0137042259067359e-07
FL-2012-000042-COL,FL_2012_000042_COL,9.642591e-08,8.051472734762022e-05,484.0,9.66231e-08
FL-2014-000159-MAR,FL_2014_000159_MAR,9.4042505e-08,7.593947678551932e-06,1048.0,9.413181412155745e-08
FF-2019-000029-IDN,FF_2019_000029_IDN,9.324234e-08,5.604278262953605e-05,588.0,9.339957834738617e-08
FL-2010-000012-EGY,FL_2010_000012_EGY,9.200073e-08,5.5974022996963576e-05,589.0,9.215561338383839e-08
FL-2022-000158-HTI,FL_2022_000158_HTI,8.956484e-08,0.000180982313903,280.0,8.987910259649122e-08
FL-2012-000075-VEN,FL_2012_000075_VEN,8.923791e-08,2.0666186722878423e-05,864.0,8.93406003452244e-08
FL-2000-000083-ZWE,FL_2000_000083_ZWE,8.802369e-08,4.8006367663374186e-05,630.0,8.816230998425197e-08
FL-2020-000019-MDG,FL_2020_000019_MDG,8.677228e-08,4.225539678787314e-06,1110.0,8.685010267264575e-08
FL-2005-000196-LKA,FL_2005_000196_LKA,8.4161066e-08,1.8615088576897343e-05,892.0,8.425489104570792e-08
FL-2009-000217-IND,FL_2009_000217_IND,8.283874e-08,0.0006530317105786,57.0,8.417484870967742e-08
FL-2009-000007-ZWE,FL_2009_000007_ZWE,8.325497e-08,5.76840905319587e-05,579.0,8.339752988013698e-08
FL-2013-000119-MRT,FL_2013_000119_MRT,8.2084036e-08,0.0002475125331983,197.0,8.249039261386139e-08
FL-2019-000116-ETH,FL_2019_000116_ETH,8.230312e-08,2.98898090262219e-06,1137.0,8.237518928196148e-08
FL-2019-000119-CMR,FL_2019_000119_CMR,8.165126e-08,2.1885793545711687e-05,850.0,8.174675854970761e-08
FL-2002-000614-LAO,FL_2002_000614_LAO,8.0330224e-08,0.0004286152979061,89.0,8.118480085106383e-08
FL-2014-000045-SLB,FL_2014_000045_SLB,7.9385046e-08,0.0007684972955657,42.0,8.107408953191489e-08
FL-2021-000129-VEN,FL_2021_000129_VEN,8.0911434e-08,3.1678421398304502e-06,1134.0,8.098247125548727e-08
FL-2006-000092-KOR,FL_2006_000092_KOR,8.0637406e-08,0.000113164113441,381.0,8.084631119689119e-08
FL-1999-000240-SRB,FL_1999_000240_SRB,7.5459546e-08,0.0001385400696371,334.0,7.568214053097344e-08
FL-1995-000012-PHL,FL_1995_000012_PHL,7.549913e-08,7.921888301070224e-05,492.0,7.565103971830986e-08
FL-2009-000032-SLB,FL_2009_000032_SLB,7.142505e-08,0.0013806268120824,17.0,7.467164318181819e-08
FL-2014-000122-PAK,FL_2014_000122_PAK,7.2303834e-08,0.0006770424069715,52.0,7.357232231578948e-08
FL-1998-000048-PAK,FL_1998_000048_PAK,7.329446e-08,2.772791957796137e-05,788.0,7.338688680958385e-08
FL-2001-000375-IRN,FL_2001_000375_IRN,7.1803356e-08,0.000302545235126,148.0,7.227265898039216e-08
FL-1998-000224-SVK,FL_1998_000224_SVK,7.19397e-08,1.5305214868055304e-05,932.0,7.201647662753469e-08
FL-2009-000011-PHL,FL_2009_000011_PHL,6.830772e-08,6.141965376716039e-05,562.0,6.842819216931216e-08
FL-2009-000164-SEN,FL_2009_000164_SEN,6.733109e-08,5.660606443896605e-05,582.0,6.744579373083475e-08
FL-2020-000038-EGY,FL_2020_000038_EGY,6.5511834e-08,3.753887494000184e-05,706.0,6.560397441350212e-08
FL-2013-000101-LAO,FL_2013_000101_LAO,6.3001146e-08,2.0417645654521043e-05,866.0,6.307347797014926e-08
FL-2009-000145-NPL,FL_2009_000145_NPL,6.080428e-08,1.142636778197164e-07,1214.0,6.085416045939295e-08
FL-2010-000031-PRT,FL_2010_000031_PRT,6.0134916e-08,0.0001125376794501,382.0,6.029030337984497e-08
FL-2014-000152-ETH,FL_2014_000152_ETH,5.894518e-08,0.0001088634527066,394.0,5.909291228070175e-08
FL-2011-000181-VEN,FL_2011_000181_VEN,5.9032704e-08,1.1237685948877856e-05,982.0,5.909251423708206e-08
FL-2009-000045-BOL,FL_2009_000045_BOL,5.8361397e-08,0.0001560911218822,309.0,5.854726132165606e-08
FL-2012-000210-MWI,FL_2012_000210_MWI,5.635495e-08,0.0007205875685746,48.0,5.7418250943396225e-08
FL-2009-000132-GHA,FL_2009_000132_GHA,5.575608e-08,0.0005148612499323,75.0,5.6453030999999996e-08
FL-2006-000125-THA,FL_2006_000125_THA,5.5201653e-08,0.0001850552824178,273.0,5.54002200971223e-08
FL-2020-000193-SSD,FL_2020_000193_SSD,5.3908348e-08,1.5281334170456584e-05,933.0,5.396581958635395e-08
FL-2009-000203-USA,FL_2009_000203_USA,5.3637663e-08,0.0001769501706524,284.0,5.382326044982699e-08
FL-2006-000047-COD,FL_2006_000047_COD,5.307526e-08,3.894822000490565e-05,695.0,5.3151081799999994e-08
FL-2013-000045-AFG,FL_2013_000045_AFG,5.2101807e-08,0.0005237798442957,73.0,5.276977888461538e-08
FL-2009-000186-TCD,FL_2009_000186_TCD,5.2330087e-08,1.950293584423744e-05,876.0,5.238948550964812e-08
FL-2016-000130-VCT,FL_2016_000130_VCT,5.1807632e-08,0.0001443011649876,325.0,5.1964624824242416e-08
FL-2008-000104-NPL,FL_2008_000104_NPL,4.9954323e-08,4.452077883118591e-06,1104.0,4.999936747520289e-08
FL-2003-000621-BOL,FL_2003_000621_BOL,4.817373e-08,6.932253215521056e-05,527.0,4.826428212406015e-08
FL-2003-000204-KEN,FL_2003_000204_KEN,4.6765688e-08,2.256146625526433e-05,842.0,4.6820901327036606e-08
FL-2022-000356-ETH,FL_2022_000356_ETH,4.6650296e-08,0.0001074658440814,397.0,4.676634151243781e-08
FL-2010-000245-MAR,FL_2010_000245_MAR,4.5333312e-08,4.542500174838173e-05,654.0,4.540210306525038e-08
FL-2006-000056-AFG,FL_2006_000056_AFG,4.315887e-08,1.6036772776557003e-05,922.0,4.3205427572815536e-08
FL-2011-000170-COL,FL_2011_000170_COL,4.1227185e-08,0.0003205235246573,136.0,4.1519576382978715e-08
FL-2021-000134-NPL,FL_2021_000134_NPL,4.129385e-08,2.128242991901257e-08,1219.0,4.1327586805555555e-08
FL-2010-000051-KAZ,FL_2010_000051_KAZ,4.0635896e-08,8.52303658324899e-06,1027.0,4.067527186821706e-08
FL-2021-000057-LKA,FL_2021_000057_LKA,4.0369404e-08,7.305753591480756e-05,511.0,4.044763927906977e-08
FL-2000-000476-NPL,FL_2000_000476_NPL,4.003504e-08,1.61680710758655e-05,920.0,4.007832112432432e-08
FL-2009-000206-HTI,FL_2009_000206_HTI,3.8294225e-08,4.517104217924984e-05,656.0,3.8352158774583965e-08
FL-2019-000089-SLE,FL_2019_000089_SLE,3.831005e-08,8.116214027915374e-06,1038.0,3.834678063279003e-08
FL-2022-000328-HND,FL_2022_000328_HND,3.800461e-08,1.5729303863064384e-05,923.0,3.8045563243534484e-08
FL-2009-000190-TUR,FL_2009_000190_TUR,3.732542e-08,0.0002764009197688,168.0,3.754117387283237e-08
FL-2005-000109-PRK,FL_2005_000109_PRK,3.5381163e-08,0.0001383743973025,335.0,3.548522524411765e-08
FL-2011-000124-ETH,FL_2011_000124_ETH,3.5071675e-08,2.714150821453347e-06,1145.0,3.510217210869565e-08
FL-2006-000112-ETH,FL_2006_000112_ETH,3.5011528e-08,0.0001059555286417,404.0,3.509713075794621e-08
FL-2018-000028-BWA,FL_2018_000028_BWA,3.427808e-08,2.9265494499137346e-05,772.0,3.432219593307593e-08
FL-2014-000004-COL,FL_2014_000004_COL,3.4207712e-08,8.285001575656702e-06,1031.0,3.424073102702702e-08
FL-2007-000127-MRT,FL_2007_000127_MRT,3.287601e-08,4.871725083111954e-05,628.0,3.292794682464455e-08
FL-2009-000265-MAR,FL_2009_000265_MAR,3.2893965e-08,9.911154039071594e-07,1181.0,3.292170021500844e-08
FL-2022-000290-SEN,FL_2022_000290_SEN,2.927689e-08,0.0025445490420029,9.0,3.1368096428571425e-08
FL-2019-000108-MRT,FL_2019_000108_MRT,2.9759997e-08,6.829999931672208e-05,534.0,2.981521035250463e-08
FL-2002-000225-ETH,FL_2002_000225_ETH,2.7611499e-08,2.713752683260924e-05,794.0,2.7646056570713392e-08
FL-2007-000222-MYS,FL_2007_000222_MYS,2.7279876e-08,0.0001928525206155,263.0,2.7381666582089554e-08
FL-2019-000135-GHA,FL_2019_000135_GHA,2.6900633e-08,3.2697507633714776e-05,741.0,2.693669282975871e-08
FL-2019-000118-SEN,FL_2019_000118_SEN,2.670433e-08,9.263570737270187e-05,439.0,2.676447488738739e-08
FL-2009-000089-BRA,FL_2009_000089_BRA,2.6386969e-08,0.0001155849568952,375.0,2.645640839210526e-08
FL-2008-000126-TCD,FL_2008_000126_TCD,2.5750293e-08,4.267389719621266e-05,670.0,2.5788441582222222e-08
FL-2004-000063-PRK,FL_2004_000063_PRK,2.5604736e-08,0.0002170677904603,235.0,2.5711422399999997e-08
FL-2000-000048-BWA,FL_2000_000048_BWA,2.5303518e-08,3.1824415284035253e-06,1133.0,2.532575307732865e-08
FL-2016-000068-NPL,FL_2016_000068_NPL,2.509174e-08,4.875402482499747e-07,1196.0,2.5112632373022484e-08
FL-2014-000154-IDN,FL_2014_000154_IDN,2.4207056e-08,3.764845863138618e-05,705.0,2.4241150445070425e-08
FL-1999-000574-VNM,FL_1999_000574_VNM,2.2526418e-08,0.0001138191879681,378.0,2.258523371279373e-08
FL-2011-000161-SOM,FL_2011_000161_SOM,2.233525e-08,3.8986637535476575e-05,694.0,2.236720314735336e-08
FL-2000-000583-LAO,FL_2000_000583_LAO,2.2137291e-08,0.0001181739335641,372.0,2.2196010604774532e-08
FL-2015-000161-ETH,FL_2015_000161_ETH,2.1445356e-08,0.0004471764222842,87.0,2.1678457695652173e-08
FL-2017-000174-ALB,FL_2017_000174_ALB,2.1534042e-08,0.0001612785064937,304.0,2.160373145631068e-08
FL-2008-000076-COL,FL_2008_000076_COL,2.0933552e-08,0.0002538795772881,188.0,2.1042016e-08
FL-2003-000341-NPL,FL_2003_000341_NPL,2.0567681e-08,6.25532943744935e-06,1071.0,2.0586795945167285e-08
FL-2012-000183-COL,FL_2012_000183_COL,2.031434e-08,5.311886661789096e-05,600.0,2.0347917421487603e-08
FL-2004-000052-JPN,FL_2004_000052_JPN,1.9140144e-08,6.960211934547361e-05,526.0,1.9176189468926555e-08
FF-2014-000048-KAZ,FF_2014_000048_KAZ,1.8660856e-08,7.79840497608145e-06,1043.0,1.8678662160305342e-08
FL-2013-000145-COL,FL_2013_000145_COL,1.8572104e-08,0.0001218698421427,359.0,1.8623126263736263e-08
FL-2007-000161-UGA,FL_2007_000161_UGA,1.8530915e-08,0.0001937888139112,262.0,1.860031917602996e-08
FL-2012-000051-TJK,FL_2012_000051_TJK,1.8526066e-08,5.9673714632453314e-05,565.0,1.855856787017544e-08
FF-2006-000163-AFG,FF_2006_000163_AFG,1.8521812e-08,3.541174117772104e-05,718.0,1.854742999723375e-08
FF-2008-000227-ETH,FF_2008_000227_ETH,1.7688242e-08,4.453849814214112e-05,661.0,1.7714800921921922e-08
FL-2011-000032-THA,FL_2011_000032_THA,1.7653168e-08,4.91416274211399e-07,1195.0,1.7667878973333332e-08
FL-2017-000139-ETH,FL_2017_000139_ETH,1.7351454e-08,0.0001094037356663,390.0,1.739538173164557e-08
FL-2006-000169-SOM,FL_2006_000169_SOM,1.7318293e-08,5.072822528746379e-05,608.0,1.7346544701468188e-08
FL-2019-000032-BOL,FL_2019_000032_BOL,1.7148901e-08,3.147524313510482e-05,753.0,1.717152487994723e-08
FL-2019-000062-SSD,FL_2019_000062_SSD,1.6667137e-08,0.0005534562164591,69.0,1.6892368581081084e-08
FL-2016-000046-SOM,FL_2016_000046_SOM,1.6633145e-08,3.6552724359452985e-05,713.0,1.6656310940111422e-08
FL-2012-000003-BRA,FL_2012_000003_BRA,1.6223417e-08,1.1208131846933075e-05,983.0,1.6239837462550607e-08
FL-2016-000058-MMR,FL_2016_000058_MMR,1.61261e-08,3.1901763885371256e-05,747.0,1.6147544281914892e-08
FF-2009-000204-TUN,FF_2009_000204_TUN,1.5420564e-08,7.014532831068752e-06,1056.0,1.543509799057493e-08
FF-2009-000246-LKA,FF_2009_000246_LKA,1.539576e-08,2.440702891960147e-05,825.0,1.5414309108433734e-08
LS-2016-000051-IDN,LS_2016_000051_IDN,1.4862936e-08,9.54077268267744e-05,432.0,1.489694729519451e-08
FL-2019-000083-NPL,FL_2019_000083_NPL,1.4858942e-08,4.022222556917729e-06,1114.0,1.4872220768543342e-08
FL-2015-000146-DZA,FL_2015_000146_DZA,1.4519594e-08,0.0001294566509011,348.0,1.4560725994334277e-08
FL-2013-000142-VNM,FL_2013_000142_VNM,1.4114672e-08,0.0002187499333288,234.0,1.417372920502092e-08
FF-2021-000198-COG,FF_2021_000198_COG,1.4090517e-08,1.417965677725072e-05,947.0,1.4105317963235294e-08
FL-2020-000195-CMR,FL_2020_000195_CMR,1.3912585e-08,1.1693701737859464e-05,976.0,1.3926767043832825e-08
FL-2002-000788-LKA,FL_2002_000788_LKA,1.3889247e-08,3.3968124554398703e-06,1130.0,1.3901484222026434e-08
FF-2009-000196-IDN,FF_2009_000196_IDN,1.2912773e-08,1.1721770853405855e-05,975.0,1.292594929897959e-08
FL-2015-000092-BRA,FL_2015_000092_BRA,1.2840392e-08,2.071845400784767e-05,863.0,1.2855185078341015e-08
FL-2015-000008-BOL,FL_2015_000008_BOL,1.271254e-08,8.049320988009815e-06,1040.0,1.2724705110047847e-08
FL-2005-000020-COL,FL_2005_000020_COL,1.2654143e-08,9.938231391334552e-05,423.0,1.2683708754672896e-08
FL-2010-000107-PHL,FL_2010_000107_PHL,1.2376316e-08,0.0003876302023955,106.0,1.2487814342342341e-08
FL-1993-000013-PHL,FL_1993_000013_PHL,1.1919611e-08,8.838312123118431e-05,457.0,1.1945411023809524e-08
FL-2016-000084-PHL,FL_2016_000084_PHL,1.1745819e-08,8.870254486280667e-05,453.0,1.1771464893013099e-08
FL-2011-000148-KHM,FL_2011_000148_KHM,1.1743734e-08,8.047183738709326e-05,485.0,1.1767700804081634e-08
FL-2012-000050-AFG,FL_2012_000050_AFG,1.0991383e-08,5.0516157202428384e-05,612.0,1.1009197235008104e-08
FL-2022-000207-VEN,FL_2022_000207_VEN,1.075874e-08,0.0002388443531001,212.0,1.080831944700461e-08
FL-2013-000125-BFA,FL_2013_000125_BFA,1.0484963e-08,2.850066315498779e-05,780.0,1.0498319640764333e-08
FL-2015-000065-GHA,FL_2015_000065_GHA,1.0361985e-08,0.0004069695072605,99.0,1.0461619471153847e-08
FL-2006-000121-MKD,FL_2006_000121_MKD,1.0383632e-08,2.098166429553918e-05,860.0,1.0395636198843931e-08
FL-2019-000081-MMR,FL_2019_000081_MMR,1.0383405e-08,8.516307836992072e-06,1028.0,1.039345669893514e-08
FL-2014-000008-BOL,FL_2014_000008_BOL,1.0204939e-08,0.0001156553175681,374.0,1.0231864960422162e-08
FL-2011-000096-PRK,FL_2011_000096_PRK,9.956892e-09,2.0768746525860956e-05,862.0,9.968376304498269e-09
FF-2018-000118-LAO,FF_2018_000118_LAO,9.809499e-09,0.0002908492764041,156.0,9.87042756521739e-09
FF-2013-000029-SRB,FF_2013_000029_SRB,9.839203e-09,0.0001525219676536,314.0,9.870046896551722e-09
FL-2007-000025-FJI,FL_2007_000025_FJI,9.640127e-09,0.0004270572098557,90.0,9.741602021052631e-09
LS-2010-000190-COL,LS_2010_000190_COL,9.4811154e-09,0.0003324546556657,126.0,9.553490326717555e-09
FL-1998-000203-BGD,FL_1998_000203_BGD,9.263803e-09,1.8761893739643896e-05,888.0,9.274176799552071e-09
FL-2001-000450-THA,FL_2001_000450_THA,9.205616e-09,0.0001197183514046,365.0,9.230496043243242e-09
FL-2007-000057-URY,FL_2007_000057_URY,9.0643235e-09,2.991453341679059e-05,767.0,9.076064851683938e-09
ST-1998-000296-PHL,ST_1998_000296_PHL,8.955514e-09,0.0003604696748503,119.0,9.027735887096773e-09
FL-2022-000292-LAO,FL_2022_000292_LAO,8.771364e-09,0.0002717992522575,176.0,8.819824574585636e-09
FL-2018-000140-MLI,FL_2018_000140_MLI,8.417192e-09,0.0014554847169244,16.0,8.818010666666668e-09
FL-2009-000123-BGD,FL_2009_000123_BGD,8.76188e-09,2.246803843125052e-05,843.0,8.772212405660378e-09
FL-2010-000041-SOM,FL_2010_000041_SOM,8.339162e-09,0.0013041251606671,21.0,8.659899e-09
FL-2009-000266-ALB,FL_2009_000266_ALB,8.606088e-09,4.3703467313860905e-05,664.0,8.618952107623319e-09
FL-2019-000022-IRN,FL_2019_000022_IRN,8.546789e-09,0.0002486590770762,193.0,8.5899546010101e-09
FL-2015-000064-IND,FL_2015_000064_IND,8.509005e-09,4.91559781348553e-05,625.0,8.522511357142857e-09
FL-2021-000007-SYR,FL_2021_000007_SYR,8.200113e-09,0.0001539741496745,312.0,8.225980864353312e-09
FL-2002-000296-PRY,FL_2002_000296_PRY,8.132718e-09,0.0001709143255951,292.0,8.16010088888889e-09
FL-2017-000079-TJK,FL_2017_000079_TJK,7.939322e-09,0.0004772928859425,82.0,8.030578574712644e-09
FL-2008-000191-HND,FL_2008_000191_HND,7.886103e-09,8.767366197340393e-06,1022.0,7.893781776046738e-09
FL-2002-000374-IND,FL_2002_000374_IND,7.755635e-09,0.0001838200730045,276.0,7.78323512455516e-09
FL-2007-000231-BOL,FL_2007_000231_BOL,7.6358635e-09,2.488538206922517e-05,819.0,7.64513032463592e-09
FL-2001-000082-ZWE,FL_2001_000082_ZWE,7.59836e-09,8.983265176521529e-06,1014.0,7.605816683022571e-09
FL-2006-000155-LKA,FL_2006_000155_LKA,7.3186417e-09,1.2365705600009077e-06,1175.0,7.324843938728814e-09
FL-2007-000210-PHL,FL_2007_000210_PHL,7.2867152e-09,2.3279343466985632e-05,832.0,7.295420952927121e-09
FF-2008-000216-PSE,FF_2008_000216_PSE,7.0677455e-09,2.863931356947796e-06,1142.0,7.073907440278989e-09
FL-2006-000030-SRB,FL_2006_000030_SRB,6.6850565e-09,0.0001242176326667,357.0,6.703523506906077e-09
FL-2022-000336-VNM,FL_2022_000336_VNM,6.594832e-09,9.912644145916936e-05,424.0,6.610204568764569e-09
FL-2000-000258-IDN,FL_2000_000258_IDN,6.569617e-09,6.481890320576323e-05,549.0,6.581475514440433e-09
FL-2010-000008-BOL,FL_2010_000008_BOL,6.553197e-09,9.81964113447047e-05,428.0,6.568331404157044e-09
FL-2022-000287-TCD,FL_2022_000287_TCD,6.126963e-09,0.0020573206779598,10.0,6.5354272e-09
FL-2015-000131-SLE,FL_2015_000131_SLE,6.362627e-09,3.8486635289876176e-05,699.0,6.371664822443182e-09
FL-2006-000045-HUN,FL_2006_000045_HUN,6.360326e-09,6.833891659698275e-06,1063.0,6.36628136142322e-09
FL-2012-000005-BOL,FL_2012_000005_BOL,6.263274e-09,4.140244520141827e-05,679.0,6.272430833333334e-09
FL-2013-000095-PHL,FL_2013_000095_PHL,6.1298606e-09,0.0003178199374204,138.0,6.172726758041959e-09
FL-2010-000092-LKA,FL_2010_000092_LKA,6.1520233e-09,4.589147663248786e-05,647.0,6.161458918558283e-09
FL-2016-000080-BFA,FL_2016_000080_BFA,5.8170238e-09,0.0002150174615885,239.0,5.84086406147541e-09
FF-2008-000141-ETH,FF_2008_000141_ETH,5.751309e-09,2.0346417942681766e-05,868.0,5.757896982817869e-09
FL-2006-000172-COG,FL_2006_000172_COG,5.637158e-09,0.000313261677186,144.0,5.674991275167786e-09
FL-2010-000120-BRA,FL_2010_000120_BRA,5.4072693e-09,3.618602788800481e-06,1121.0,5.412071492984014e-09
FL-2014-000117-BGD,FL_2014_000117_BGD,5.344472e-09,1.7560974004343824e-05,902.0,5.3503644718853365e-09
FL-1999-000547-VEN,FL_1999_000547_VEN,5.281411e-09,6.576596110700757e-05,545.0,5.291013565454545e-09
FL-2022-000002-IRN,FL_2022_000002_IRN,5.163067e-09,0.0001580511759187,308.0,5.17956242172524e-09
FF-2007-000049-TJK,FF_2007_000049_TJK,5.079491e-09,0.0007407165702387,46.0,5.179088862745098e-09
FL-2020-000198-SEN,FL_2020_000198_SEN,4.909614e-09,0.0004175190268408,92.0,4.960228577319587e-09
FL-2017-000053-THA,FL_2017_000053_THA,4.9232356e-09,0.0001300550145409,347.0,4.937222064772728e-09
FL-2020-000126-ETH,FL_2020_000126_ETH,4.840199e-09,4.584970030183422e-06,1101.0,4.8445753101265824e-09
FL-2016-000009-IDN,FL_2016_000009_IDN,4.7205524e-09,0.0003911279565744,104.0,4.763860220183486e-09
FL-2010-000075-TJK,FL_2010_000075_TJK,4.6328252e-09,0.0002089093138443,242.0,4.651581577327935e-09
FL-2009-000251-SAU,FL_2009_000251_SAU,4.6424162e-09,3.767818161245803e-05,704.0,4.6489640366713676e-09
FL-2002-000367-SRB,FL_2002_000367_SRB,4.63093e-09,2.6482734267385204e-05,802.0,4.6366684510532844e-09
FL-2011-000190-AGO,FL_2011_000190_AGO,4.6228457e-09,0.0001056076597414,407.0,4.634066199271845e-09
FL-2003-000012-BOL,FL_2003_000012_BOL,4.534177e-09,1.8032581655808648e-05,899.0,4.539192682522124e-09
FL-2022-000349-CMR,FL_2022_000349_CMR,4.1591814e-09,0.0013154293678244,20.0,4.325548656e-09
FL-2010-000067-BRA,FL_2010_000067_BRA,4.309043e-09,1.142556229018558e-05,980.0,4.313417662944163e-09
FL-2006-000018-IRQ,FL_2006_000018_IRQ,4.129315e-09,0.00031176888924,145.0,4.156843766666666e-09
FL-2007-000126-PRK,FL_2007_000126_PRK,4.1372554e-09,4.990727227110034e-05,619.0,4.143885616987179e-09
FL-2005-000002-GUY,FL_2005_000002_GUY,4.0665764e-09,0.0002382917600379,214.0,4.085145242009132e-09
FL-2010-000021-AFG,FL_2010_000021_AFG,3.8352366e-09,3.0840778535197305e-05,759.0,3.840256543193718e-09
FF-2012-000101-GAB,FF_2012_000101_GAB,3.783553e-09,1.5402292700130063e-05,931.0,3.787595257478632e-09
FF-2020-000140-IDN,FF_2020_000140_IDN,3.639028e-09,9.910759737487548e-06,1000.0,3.6426489233830845e-09
FF-2007-000008-LKA,FF_2007_000008_LKA,3.5985008e-09,2.432421516954129e-06,1150.0,3.6016163851082256e-09
FL-1999-000253-PHL,FL_1999_000253_PHL,3.5082932e-09,3.769601875538916e-06,1118.0,3.511417236687444e-09
FL-2017-000010-PHL,FL_2017_000010_PHL,3.5010694e-09,3.1719291777477e-05,750.0,3.5057065780132453e-09
FL-2013-000030-COL,FL_2013_000030_COL,3.4623828e-09,0.0004760600728858,83.0,3.501728059090909e-09
FL-2001-000571-PRK,FL_2001_000571_PRK,3.439524e-09,3.797001781646696e-05,702.0,3.444388956152758e-09
FL-2007-000217-SRB,FL_2007_000217_SRB,3.4345091e-09,2.146398944611989e-05,854.0,3.4385073643771827e-09
FL-2002-000373-GHA,FL_2002_000373_GHA,3.3890255e-09,0.0004143589961963,95.0,3.4229157550000002e-09
FL-1997-000337-IND,FL_1997_000337_IND,3.4106136e-09,5.0589403321740974e-05,609.0,3.416168345276873e-09
FL-2009-000023-ECU,FL_2009_000023_ECU,3.3842984e-09,1.0845883747119574e-05,985.0,3.387716883232323e-09
FL-2022-000201-ZAF,FL_2022_000201_ZAF,3.371406e-09,0.0002029298600426,255.0,3.384372946153846e-09
FL-2007-000125-PHL,FL_2007_000125_PHL,3.2877794e-09,4.043650334248832e-05,684.0,3.2925512133526846e-09
FF-2015-000115-MKD,FF_2015_000115_MKD,3.2247347e-09,0.0006117880877357,63.0,3.272157269117647e-09
FF-2019-000018-AFG,FF_2019_000018_AFG,3.2416043e-09,0.0001120234929982,384.0,3.249937473007712e-09
FL-2005-000105-HTI,FL_2005_000105_HTI,3.1742116e-09,3.1742833091093414e-05,749.0,3.178421429708223e-09
FL-2001-000620-DZA,FL_2001_000620_DZA,3.052803e-09,4.19823944119447e-05,672.0,3.057312310192024e-09
FL-2013-000123-CMR,FL_2013_000123_CMR,2.795198e-09,0.0003230028110438,135.0,2.8151636999999996e-09
FF-2009-000159-PAK,FF_2009_000159_PAK,2.766538e-09,1.962973530143894e-05,873.0,2.7696889544419134e-09
FL-2011-000187-COD,FL_2011_000187_COD,2.694121e-09,2.138989424879075e-05,856.0,2.6972500603948896e-09
FL-2003-000389-BFA,FL_2003_000389_BFA,2.6195763e-09,0.0001016150156506,415.0,2.6258133864285713e-09
FL-2021-000097-BGD,FL_2021_000097_BGD,2.583972e-09,3.724854749862484e-05,709.0,2.5875910084033614e-09
FL-2004-000142-ALB,FL_2004_000142_ALB,2.5569187e-09,0.0001616582298486,302.0,2.565247425407166e-09
FL-2005-000104-IND,FL_2005_000104_IND,2.4832556e-09,0.0002767630455254,167.0,2.4976931325581396e-09
FL-2018-000134-IND,FL_2018_000134_IND,2.417039e-09,0.0002032714774317,253.0,2.426407368217054e-09
FF-2008-000199-LKA,FF_2008_000199_LKA,2.3925026e-09,5.943987236656842e-05,566.0,2.3966926220665503e-09
FL-2022-000331-SLV,FL_2022_000331_SLV,2.315551e-09,9.770188212247425e-05,429.0,2.3208863709677418e-09
FL-2005-000182-IND,FL_2005_000182_IND,2.2470816e-09,0.0003233088651501,134.0,2.263247654676259e-09
FL-2005-000171-SLV,FL_2005_000171_SLV,2.2538775e-09,5.453475078058757e-05,596.0,2.2576277121464226e-09
FF-2008-000082-PHL,FF_2008_000082_PHL,2.2509137e-09,2.3115848522894022e-05,836.0,2.2535901728894176e-09
FL-2017-000054-BFA,FL_2017_000054_BFA,2.2093039e-09,6.332708689531551e-05,556.0,2.213242053119429e-09
FL-1997-000265-SOM,FL_1997_000265_SOM,2.1186188e-09,1.5044828356971927e-05,939.0,2.120863099576271e-09
FL-2009-000239-BRA,FL_2009_000239_BRA,1.982753e-09,0.0002346900269432,218.0,1.991644269058296e-09
FL-2011-000038-KAZ,FL_2011_000038_KAZ,1.9283937e-09,4.41844077702711e-06,1105.0,1.9301309916216217e-09
LS-2022-000224-GTM,LS_2022_000224_GTM,1.8232293e-09,0.0006724549781889,55.0,1.8536164549999999e-09
FL-2010-000152-THA,FL_2010_000152_THA,1.8393019e-09,0.0001852636563204,272.0,1.845941979061372e-09
FL-2010-000176-MRT,FL_2010_000176_MRT,1.8106243e-09,4.380168522356745e-06,1106.0,1.8122540248424842e-09
FL-2009-000075-BDI,FL_2009_000075_BDI,1.7546389e-09,1.3367194846189389e-05,960.0,1.7564571786528497e-09
FL-2010-000179-ETH,FL_2010_000179_ETH,1.7531879e-09,2.5563221882775803e-06,1148.0,1.7547084445793582e-09
FL-2021-000023-DZA,FL_2021_000023_DZA,1.7405659e-09,0.0002041845400574,251.0,1.747364985546875e-09
FL-2000-000302-CHN,FL_2000_000302_CHN,1.7153239e-09,0.0002427302810078,206.0,1.723453397156398e-09
FL-2012-000205-LKA,FL_2012_000205_LKA,1.7173459e-09,5.928752498539651e-07,1191.0,1.718781807943144e-09
FF-2006-000069-IDN,FF_2006_000069_IDN,1.6056964e-09,0.0002726376740266,175.0,1.6146169355555556e-09
FL-1999-000071-MOZ,FL_1999_000071_MOZ,1.5907513e-09,0.0002162621135081,236.0,1.5973519278008297e-09
FL-2007-000147-NER,FL_2007_000147_NER,1.5831786e-09,2.5231177667478727e-05,816.0,1.5851069539585872e-09
FL-2005-000209-THA,FL_2005_000209_THA,1.5723959e-09,5.134190865248513e-06,1091.0,1.5738305677919708e-09
FL-2017-000075-CHN,FL_2017_000075_CHN,1.5247327e-09,0.0002282660450167,225.0,1.5313619726086957e-09
FL-2008-000094-ZAF,FL_2008_000094_ZAF,1.5245766e-09,0.0001837286125549,278.0,1.5299637964664312e-09
FL-2007-000153-GHA,FL_2007_000153_GHA,1.4924189e-09,4.575019723313776e-05,648.0,1.4947043807044407e-09
FL-2009-000237-THA,FL_2009_000237_THA,1.4398558e-09,0.0005509523536037,70.0,1.4590538773333334e-09
FL-2022-000217-BGD,FL_2022_000217_BGD,1.4197253e-09,3.278493132754338e-05,739.0,1.4216335329301076e-09
FL-2022-000286-MRT,FL_2022_000286_MRT,1.3690009e-09,0.0005098867084863,76.0,1.3859021456790124e-09
FL-2010-000239-MNE,FL_2010_000239_MNE,1.3559499e-09,1.2569981430935696e-05,971.0,1.357339192930328e-09
FL-2005-000160-MMR,FL_2005_000160_MMR,1.3426202e-09,7.202184276106469e-05,514.0,1.3452071368015414e-09
FL-1999-000031-LKA,FL_1999_000031_LKA,1.3262763e-09,0.0002892780923744,157.0,1.3344631907407408e-09
FL-2018-000194-TTO,FL_2018_000194_TTO,1.3027752e-09,4.976630586451563e-06,1092.0,1.3039627799453053e-09
FL-2010-000208-RUS,FL_2010_000208_RUS,1.2627493e-09,2.602709224178288e-07,1208.0,1.2637903134377574e-09
FL-2001-000314-GHA,FL_2001_000314_GHA,1.2481312e-09,1.731846823777376e-05,907.0,1.2494997649122808e-09
FL-2010-000153-PRK,FL_2010_000153_PRK,1.2144923e-09,7.631733334223508e-05,504.0,1.2168783359528485e-09
FL-2003-000359-PAK,FL_2003_000359_PAK,1.1452503e-09,0.0001516404617841,316.0,1.1488180579439251e-09
FL-2001-000407-IDN,FL_2001_000407_IDN,1.122892e-09,0.0001028084850415,413.0,1.1255783444976078e-09
FL-2019-000163-UGA,FL_2019_000163_UGA,1.1137788e-09,0.0001645924896972,298.0,1.1174546376237625e-09
FL-2010-000249-IND,FL_2010_000249_IND,1.0633414e-09,1.388156794800783e-05,951.0,1.0644536817991632e-09
FL-2003-000229-LKA,FL_2003_000229_LKA,1.0578914e-09,0.0002748375376665,172.0,1.0638681875706216e-09
FL-2008-000010-BRA,FL_2008_000010_BRA,9.972837e-10,5.8266068290334746e-05,571.0,9.990150953125e-10
FL-2020-000212-KHM,FL_2020_000212_KHM,9.893065e-10,1.1640235874202066e-05,977.0,9.903139404276985e-10
FL-2015-000027-CHL,FL_2015_000027_CHL,9.852088e-10,9.36173230733533e-07,1182.0,9.860387989890478e-10
FL-2013-000159-VCT,FL_2013_000159_VCT,9.459055e-10,4.894704909266433e-05,626.0,9.474045578446909e-10
FL-2013-000002-PSE,FL_2013_000002_PSE,9.2338664e-10,9.444281599529717e-06,1008.0,9.242981766633761e-10
FL-2005-000153-THA,FL_2005_000153_THA,9.223433e-10,7.9873528077075e-06,1041.0,9.232250813575525e-10
FF-2009-000069-IDN,FF_2009_000069_IDN,9.068407e-10,0.0001536127714472,313.0,9.096924003144655e-10
FF-2008-000072-CHN,FF_2008_000072_CHN,8.994285e-10,0.0001193079565105,367.0,9.018463185483871e-10
FL-2011-000022-AFG,FL_2011_000022_AFG,8.8571794e-10,3.052325505421539e-05,761.0,8.868742297389035e-10
FL-2011-000122-NER,FL_2011_000122_NER,8.602158e-10,0.0002327144319006,219.0,8.640560491071429e-10
FL-2008-000243-PNG,FL_2008_000243_PNG,8.3901014e-10,0.0001867125613706,269.0,8.420722208029196e-10
FL-2008-000197-COL,FL_2008_000197_COL,8.372629e-10,1.5091435785800697e-05,938.0,8.381507715800636e-10
FL-2005-000094-AFG,FL_2005_000094_AFG,8.2729e-10,0.000138664327262,333.0,8.297376035502958e-10
FL-2011-000005-HND,FL_2011_000005_HND,8.2881296e-10,5.177342191057186e-07,1194.0,8.295042135112594e-10
FF-2020-000006-IRN,FF_2020_000006_IRN,8.2492124e-10,0.0001191185095624,369.0,8.271269117647059e-10
FL-2013-000020-BOL,FL_2013_000020_BOL,7.6329787e-10,6.987538468284488e-05,523.0,7.64743509905303e-10
FL-2019-000160-COG,FL_2019_000160_COG,7.374721e-10,0.0002657524889385,181.0,7.414370037634408e-10
FL-2019-000162-MYS,FL_2019_000162_MYS,6.939209e-10,8.931028113375236e-05,448.0,6.954527342163355e-10
FL-2012-000037-PSE,FL_2012_000037_PSE,6.924493e-10,1.8395419872289628e-07,1213.0,6.930178133825943e-10
FL-2006-000029-NAM,FL_2006_000029_NAM,6.022815e-10,3.311151561992979e-05,737.0,6.030932001347709e-10
FL-1997-000177-MMR,FL_1997_000177_MMR,5.6405464e-10,2.3962958590507785e-05,827.0,5.647325902884616e-10
FL-2010-000127-AFG,FL_2010_000127_AFG,5.634647e-10,5.336637936400633e-05,599.0,5.643975885761589e-10
FL-2001-000521-TCD,FL_2001_000521_TCD,5.6153276e-10,1.9352231143131423e-05,877.0,5.621694184580499e-10
FL-1997-000092-ECU,FL_1997_000092_ECU,5.4486154e-10,5.847572472543713e-05,570.0,5.458091252869565e-10
FL-2009-000242-IRQ,FL_2009_000242_IRQ,5.4401256e-10,2.6932667240150663e-05,798.0,5.446900351681196e-10
FL-2021-000126-MYS,FL_2021_000126_MYS,5.403256e-10,0.0002638634734513,182.0,5.432150417112299e-10
FL-2017-000017-PAK,FL_2017_000017_PAK,5.4153443e-10,3.375846220394854e-05,731.0,5.422702104755434e-10
FL-2006-000106-MRT,FL_2006_000106_MRT,5.3886834e-10,1.843041654562084e-05,895.0,5.394670825999999e-10
FL-2021-000055-TJK,FL_2021_000055_TJK,5.355582e-10,5.590309664194344e-05,590.0,5.364582978151261e-10
FL-2020-000190-NER,FL_2020_000190_NER,5.0693166e-10,3.2388696507592835e-05,744.0,5.076084712950601e-10
FL-2015-000171-PRY,FL_2015_000171_PRY,4.8965315e-10,2.61248417854333e-05,807.0,4.902561711206898e-10
FL-2007-000132-BFA,FL_2007_000132_BFA,4.810285e-10,5.773794294128181e-05,577.0,4.818550094501718e-10
FL-2018-000414-IRQ,FL_2018_000414_IRQ,4.716536e-10,8.9823122452979e-05,445.0,4.727017191111111e-10
FL-2009-000247-MYS,FL_2009_000247_MYS,4.713805e-10,6.886050033935364e-05,530.0,4.72261585046729e-10
FF-2014-000015-ZWE,FF_2014_000015_ZWE,4.6827364e-10,3.526080619620455e-06,1124.0,4.686884085031001e-10
FL-2014-000079-PHL,FL_2014_000079_PHL,4.614065e-10,1.5554178374237832e-05,929.0,4.6190051124197e-10
FL-2003-000531-IDN,FL_2003_000531_IDN,4.5734905e-10,1.748506245739007e-05,904.0,4.578521842684268e-10
FL-2016-000061-RUS,FL_2016_000061_RUS,4.5140178e-10,0.0005792315795184,67.0,4.5767124916666663e-10
FL-2006-000071-ROM,FL_2006_000071_ROM,4.5290013e-10,5.464242676106562e-05,594.0,4.5365622370617697e-10
FL-2015-000055-TJK,FL_2015_000055_TJK,4.492627e-10,0.0001897720046829,265.0,4.5092663592592593e-10
FF-2022-000274-IRN,FF_2022_000274_IRN,4.3412884e-10,0.0012701778119106,22.0,4.502076859259259e-10
FL-2014-000006-PHL,FL_2014_000006_PHL,4.4445136e-10,2.7818463552336345e-05,787.0,4.4501253595959596e-10
FL-2000-000375-CHL,FL_2000_000375_CHL,4.3541043e-10,4.550072358085518e-05,652.0,4.3607315515981736e-10
FF-2007-000083-IND,FF_2007_000083_IND,4.3264176e-10,0.0001815932355811,279.0,4.341651464788733e-10
FL-2001-000320-TLS,FL_2001_000320_TLS,4.3081066e-10,5.792486170296596e-05,573.0,4.315560071626297e-10
FL-2006-000133-NER,FL_2006_000133_NER,4.1545997e-10,0.0001495569076693,319.0,4.167422538580247e-10
FL-2020-000054-BDI,FL_2020_000054_BDI,3.98828e-10,1.935119082165257e-05,878.0,3.9927967383918456e-10
FL-2011-000082-NPL,FL_2011_000082_NPL,3.8883355e-10,2.971889277812094e-07,1204.0,3.891551658395368e-10
LS-2011-000104-ECU,LS_2011_000104_ECU,3.8878156e-10,4.198208197318046e-06,1112.0,3.8912961869292745e-10
FL-2015-000123-NER,FL_2015_000123_NER,3.7675715e-10,0.000656876702392,56.0,3.829334967213115e-10
FL-2011-000176-LKA,FL_2011_000176_LKA,3.736058e-10,2.661807580260876e-06,1146.0,3.7393039235447444e-10
FL-2007-000139-KEN,FL_2007_000139_KEN,3.5486972e-10,1.8425750658206368e-05,896.0,3.552635820643729e-10
FF-2012-000196-COG,FF_2012_000196_COG,3.4995326e-10,0.0002762805139961,169.0,3.519644856321839e-10
FL-2003-000273-TJK,FL_2003_000273_TJK,3.4188133e-10,8.920238719990451e-05,450.0,3.426327175384615e-10
FL-2012-000200-BFA,FL_2012_000200_BFA,3.352846e-10,7.029310118259428e-05,519.0,3.359244561068703e-10
FL-2006-000130-KHM,FL_2006_000130_KHM,3.3384867e-10,1.2998009993665111e-06,1172.0,3.341323137298216e-10
FL-2015-000145-SOM,FL_2015_000145_SOM,3.2497086e-10,0.0002062640353465,248.0,3.2625532980237156e-10
FF-2009-000201-PHL,FF_2009_000201_PHL,3.2571573e-10,3.67074959232104e-05,712.0,3.261700057740586e-10
FL-2015-000151-BLZ,FL_2015_000151_BLZ,3.2192177e-10,4.63738320630565e-06,1100.0,3.2221310191855203e-10
FL-2012-000128-SSD,FL_2012_000128_SSD,3.167672e-10,8.721448979175343e-06,1024.0,3.1707503984450926e-10
FL-2016-000089-SEN,FL_2016_000089_SEN,3.0592598e-10,5.1773637245619486e-05,605.0,3.06427498e-10
FL-2012-000153-IDN,FL_2012_000153_IDN,3.0010844e-10,0.0001199285774437,363.0,3.009239520652174e-10
FL-2007-000011-ZMB,FL_2007_000011_ZMB,2.9548716e-10,1.473570971561158e-05,940.0,2.957998448253968e-10
FL-2000-000484-BTN,FL_2000_000484_BTN,2.952378e-10,5.6092804342400835e-08,1218.0,2.954792045789043e-10
FL-2010-000242-AGO,FL_2010_000242_AGO,2.9424402e-10,3.1920330721524927e-05,746.0,2.946358229560586e-10
FL-2008-000191-SLV,FL_2008_000191_SLV,2.8848907e-10,1.0052303776754681e-07,1215.0,2.8872553645081964e-10
FL-1997-000164-BGD,FL_1997_000164_BGD,2.8187647e-10,1.2225705991740258e-06,1176.0,2.8211514609652834e-10
FL-1991-000010-PHL,FL_1991_000010_PHL,2.802089e-10,0.0002448085766986,203.0,2.8155605817307694e-10
FL-2007-000194-GTM,FL_2007_000194_GTM,2.8046723e-10,5.939222937499178e-05,567.0,2.8095755732517476e-10
FL-1999-000437-KHM,FL_1999_000437_KHM,2.777979e-10,3.1872842027179e-05,748.0,2.7816682151394425e-10
FL-2016-000102-SEN,FL_2016_000102_SEN,2.7631103e-10,0.0002800653921525,163.0,2.7795573851190475e-10
FL-2008-000205-IDN,FL_2008_000205_IDN,2.7431304e-10,9.164490755930574e-06,1010.0,2.745832991527094e-10
FL-2009-000171-AFG,FL_2009_000171_AFG,2.6643351e-10,1.8317408023419196e-06,1163.0,2.666616208818493e-10
FL-2014-000005-IDN,FL_2014_000005_IDN,2.63567e-10,6.893732723082223e-06,1060.0,2.6381448075117367e-10
FL-2015-000039-KAZ,FL_2015_000039_KAZ,2.6306518e-10,3.044165207904011e-05,762.0,2.6340815937418513e-10
FL-2008-000088-USA,FL_2008_000088_USA,2.5820654e-10,9.468593614987269e-06,1007.0,2.5846168480237157e-10
FL-2013-000104-MLI,FL_2013_000104_MLI,2.5719496e-10,0.0001192962512977,368.0,2.5788449072386057e-10
FL-2012-000110-IND,FL_2012_000110_IND,2.547005e-10,7.308256839706305e-05,510.0,2.5519506407766994e-10
FF-2012-000148-PAK,FF_2012_000148_PAK,2.4477687e-10,2.8479788063885256e-05,781.0,2.450882909541985e-10
FL-2016-000021-PAK,FL_2016_000021_PAK,2.3517752e-10,0.000278726307487,165.0,2.365609171764706e-10
FL-2001-000096-UKR,FL_2001_000096_UKR,2.3370708e-10,8.90528291940708e-05,452.0,2.3421847404814003e-10
FL-2001-000095-HUN,FL_2001_000095_HUN,2.3370708e-10,4.073662559455076e-05,683.0,2.3404677052325576e-10
FL-2001-000079-ROM,FL_2001_000079_ROM,2.3370708e-10,2.238377847639772e-05,844.0,2.3398235335689045e-10
FF-2011-000049-IRQ,FF_2011_000049_IRQ,2.3278901e-10,0.0002493342104418,191.0,2.3397670903061223e-10
FL-2017-000002-MYS,FL_2017_000002_MYS,2.2636473e-10,7.977153551354368e-05,488.0,2.2682388766734282e-10
FL-2012-000151-TCD,FL_2012_000151_TCD,2.200601e-10,4.1027214911856125e-05,680.0,2.2038135562043794e-10
FL-2022-000378-BIH,FL_2022_000378_BIH,2.172632e-10,6.342955682369648e-06,1070.0,2.1746530530232557e-10
FL-2022-000249-CIV,FL_2022_000249_CIV,2.1273398e-10,7.424359323922649e-05,508.0,2.131486661208577e-10
FF-2007-000082-PAK,FF_2007_000082_PAK,2.0857531e-10,3.092916176174103e-05,758.0,2.0884867213630408e-10
FL-2020-000052-COD,FL_2020_000052_COD,2.0680689e-10,8.952342000706268e-06,1016.0,2.0700944327130266e-10
FL-2007-000054-AFG,FL_2007_000054_AFG,2.0591544e-10,1.509601417424016e-05,937.0,2.0613403388535034e-10
FL-2007-000129-PAK,FL_2007_000129_PAK,2.0491081e-10,7.842891674219287e-07,1188.0,2.0508257094719198e-10
FL-1998-000040-URY,FL_1998_000040_URY,2.0069095e-10,7.731823027481249e-05,500.0,2.0108835782178218e-10
FL-2019-000131-CIV,FL_2019_000131_CIV,1.9297922e-10,0.0001521839156245,315.0,1.9358228006250003e-10
FL-2008-000079-LKA,FL_2008_000079_LKA,1.8732493e-10,3.827340000423181e-05,701.0,1.8759026276203968e-10
FL-2011-000137-VNM,FL_2011_000137_VNM,1.8687678e-10,5.731311709953893e-05,580.0,1.8719622748717948e-10
FL-2005-000108-PAK,FL_2005_000108_PAK,1.8651908e-10,3.90034143353904e-05,693.0,1.8678629931232093e-10
FL-2017-000130-GTM,FL_2017_000130_GTM,1.8476475e-10,1.3423621636602316e-05,958.0,1.849566137071651e-10
FL-2018-000054-BDI,FL_2018_000054_BDI,1.8225087e-10,0.0001057792862541,405.0,1.8269538431707316e-10
FL-2003-000028-BRA,FL_2003_000028_BRA,1.8087874e-10,4.26829587371129e-05,669.0,1.8114710608308607e-10
FL-1997-000137-CHL,FL_1997_000137_CHL,1.7840765e-10,4.558545608535604e-05,650.0,1.7868002809160308e-10
FL-2022-000374-TTO,FL_2022_000374_TTO,1.7727592e-10,3.6778340516155305e-06,1120.0,1.7743349859555556e-10
FL-2008-000117-ROM,FL_2008_000117_ROM,1.710506e-10,4.774916421179575e-05,634.0,1.7131828482003132e-10
FL-2002-000110-BOL,FL_2002_000110_BOL,1.6653413e-10,4.638882091176722e-05,641.0,1.6679192277089786e-10
FL-2002-000265-KEN,FL_2002_000265_KEN,1.6487224e-10,2.351857278533e-05,830.0,1.6506969178443113e-10
FL-2008-000074-BFA,FL_2008_000074_BFA,1.6349769e-10,0.0001120760240117,383.0,1.6391907579896908e-10
FL-2010-000125-IND,FL_2010_000125_IND,1.5848896e-10,0.0002313415021165,220.0,1.5919335537777778e-10
FL-2012-000039-CHL,FL_2012_000039_CHL,1.5690423e-10,7.866032995503234e-08,1217.0,1.5703262953355157e-10
FL-2011-000135-THA,FL_2011_000135_THA,1.540632e-10,0.0002789750309915,164.0,1.5497481656804734e-10
FL-2009-000087-VUT,FL_2009_000087_VUT,1.5462898e-10,3.324677438810097e-05,733.0,1.548385043631436e-10
FF-2008-000194-VNM,FF_2008_000194_VNM,1.4929356e-10,4.3002781657987474e-05,668.0,1.4951539292719168e-10
FL-2013-000083-THA,FL_2013_000083_THA,1.4054903e-10,0.0003391293425294,123.0,1.41647069296875e-10
FL-2009-000144-NER,FL_2009_000144_NER,1.4012956e-10,1.6440970825468668e-06,1168.0,1.4024902254049444e-10
FL-2012-000089-CUB,FL_2012_000089_CUB,1.4005154e-10,2.135948540280873e-05,857.0,1.4021401278422276e-10
FL-2012-000140-MMR,FL_2012_000140_MMR,1.3967788e-10,9.330306658573464e-07,1183.0,1.3979545397306397e-10
SL-2002-000428-NPL,SL_2002_000428_NPL,1.386056e-10,4.942922754725134e-06,1093.0,1.3873183460837886e-10
FL-2010-000195-MLI,FL_2010_000195_MLI,1.3756889e-10,0.0001286575450668,349.0,1.379575026836158e-10
FL-2007-000068-COL,FL_2007_000068_COL,1.3665705e-10,8.451168271097546e-05,472.0,1.369435427672956e-10
FL-2001-000274-WSM,FL_2001_000274_WSM,1.3523896e-10,2.535052320614532e-06,1149.0,1.353561514731369e-10
FL-2022-000190-TUN,FL_2022_000190_TUN,1.3496575e-10,7.754222235847559e-06,1044.0,1.3509441134413726e-10
ST-2010-000085-CHN,ST_2010_000085_CHN,1.3283868e-10,1.6867606004113647e-05,912.0,1.3298354224645583e-10
FL-2021-000051-SOM,FL_2021_000051_SOM,1.3041103e-10,0.0002749977182279,171.0,1.3115200176136363e-10
FF-2012-000118-AFG,FF_2012_000118_AFG,1.3033402e-10,5.116974540930503e-05,607.0,1.3054698408496732e-10
FL-2002-000054-IDN,FL_2002_000054_IDN,1.2753969e-10,0.0003141649332317,143.0,1.2840144466216216e-10
FL-2006-000086-CHL,FL_2006_000086_CHL,1.2696465e-10,4.189158142836994e-06,1113.0,1.2707821408765652e-10
FL-2007-000228-LKA,FL_2007_000228_LKA,1.2645354e-10,0.00018810974478,267.0,1.269184427205882e-10
FL-2019-000058-TJK,FL_2019_000058_TJK,1.2477215e-10,5.053023927453365e-05,611.0,1.2497470219155846e-10
FL-2019-000133-SOM,FL_2019_000133_SOM,1.236369e-10,0.000240942753389,211.0,1.2420929305555555e-10
FL-2010-000161-MYS,FL_2010_000161_MYS,1.2035625e-10,0.0002635381037123,183.0,1.2099644281914894e-10
FL-2003-000368-SDN,FL_2003_000368_SDN,1.1966776e-10,0.0001380284033111,336.0,1.2001869184750735e-10
FL-2015-000169-KEN,FL_2015_000169_KEN,1.176768e-10,0.000491622555553,78.0,1.190945927710843e-10
FL-2014-000030-PRY,FL_2014_000030_PRY,1.1822518e-10,1.512204944509178e-05,936.0,1.1835081781083951e-10
FL-2011-000106-GHA,FL_2011_000106_GHA,1.1516692e-10,0.0002753792720952,170.0,1.1582501668571429e-10
FL-2022-000333-THA,FL_2022_000333_THA,1.10412825e-10,0.0008230860123151,37.0,1.1304170178571428e-10
FF-2011-000143-SSD,FF_2011_000143_SSD,1.11438546e-10,0.000488452254317,79.0,1.1276519535714286e-10
FL-2009-000113-CHN,FL_2009_000113_CHN,1.0854891e-10,0.0006729458957844,54.0,1.1038872203389829e-10
FL-2006-000062-THA,FL_2006_000062_THA,1.0863183e-10,8.296138576428762e-06,1030.0,1.0873678828985508e-10
FL-2007-000155-ROM,FL_2007_000155_ROM,1.03752264e-10,2.4614866270219205e-05,823.0,1.0387756866666667e-10
FL-2003-000505-VNM,FL_2003_000505_VNM,1.03729e-10,1.2020494703668396e-05,973.0,1.0383506237218814e-10
FF-2011-000088-NGA,FF_2011_000088_NGA,1.0147811e-10,1.6502503237937438e-05,915.0,1.0158841229347826e-10
FF-2007-000113-GMB,FF_2007_000113_GMB,9.572341e-11,3.2641686590033504e-06,1131.0,9.580767356514083e-11
FL-2007-000221-KEN,FL_2007_000221_KEN,9.4741624e-11,0.0001166908966091,373.0,9.49922632169312e-11
FL-2008-000024-PHL,FL_2008_000024_PHL,9.465965e-11,5.43947234374392e-05,597.0,9.481689194352161e-11
FL-2019-000138-KEN,FL_2019_000138_KEN,9.0060695e-11,4.623914472949612e-05,644.0,9.019946340523884e-11
FL-2005-000169-FJI,FL_2005_000169_FJI,8.9467884e-11,2.4943922553695938e-05,817.0,8.957672570802919e-11
FL-2016-000075-BGD,FL_2016_000075_BGD,8.933734e-11,1.3163313685359508e-05,964.0,8.942953539731681e-11
FL-2000-000438-KHM,FL_2000_000438_KHM,8.6376364e-11,2.9742690959144404e-05,768.0,8.648810573868047e-11
FL-1997-000255-KEN,FL_1997_000255_KEN,8.512981e-11,9.517486045921836e-05,433.0,8.532417029680366e-11
FL-2011-000102-BRA,FL_2011_000102_BRA,8.481918e-11,0.0002203360053451,230.0,8.518011268085105e-11
FL-2018-000154-GHA,FL_2018_000154_GHA,8.2541904e-11,6.923925824380743e-06,1059.0,8.261948097744361e-11
FL-2005-000051-AGO,FL_2005_000051_AGO,7.8015344e-11,0.0002417360248163,210.0,7.83782060651163e-11
FL-2006-000131-BGD,FL_2006_000131_BGD,7.7634114e-11,5.415690023797501e-07,1193.0,7.769891710016695e-11
FL-2012-000173-SOM,FL_2012_000173_SOM,7.634567e-11,0.0001280540055989,350.0,7.656072822535211e-11
FL-2002-000607-ALB,FL_2002_000607_ALB,7.5437066e-11,2.7972321878721247e-05,785.0,7.553255595696202e-11
FL-2010-000096-IDN,FL_2010_000096_IDN,7.150695e-11,7.150806639643129e-05,515.0,7.164446336538462e-11
FF-2008-000092-KEN,FF_2008_000092_KEN,6.892393e-11,5.273409685733087e-05,602.0,6.903747848434925e-11
FL-2020-000206-COD,FL_2020_000206_COD,6.735759e-11,0.0003547137251209,120.0,6.789645072e-11
FL-1999-000053-PHL,FL_1999_000053_PHL,6.6055605e-11,1.2609477228578357e-05,970.0,6.612335433846155e-11
FF-2014-000060-AFG,FF_2014_000060_AFG,6.1780185e-11,0.0002888766547331,159.0,6.215689344512196e-11
FL-2021-000108-SSD,FL_2021_000108_SSD,5.9453054e-11,0.0009598737657372,29.0,6.120167323529412e-11
FL-1997-000522-MDA,FL_1997_000522_MDA,6.061314e-11,2.2858047640058023e-05,840.0,6.068487152662722e-11
FL-2001-000376-PAK,FL_2001_000376_PAK,6.0017165e-11,3.319958509977298e-05,735.0,6.009826927702703e-11
FL-2005-000184-VNM,FL_2005_000184_VNM,5.940527e-11,1.3225501725151693e-05,961.0,5.946676613871635e-11
FL-2000-000741-LKA,FL_2000_000741_LKA,5.6667716e-11,6.945273480336013e-06,1058.0,5.672102523424271e-11
FL-2010-000262-ECU,FL_2010_000262_ECU,5.597998e-11,1.007639226113286e-05,997.0,5.6035848243512966e-11
FF-2020-000156-UKR,FF_2020_000156_UKR,5.5549572e-11,3.534564237216569e-05,720.0,5.562619209931035e-11
FL-2011-000045-GTM,FL_2011_000045_GTM,5.5487323e-11,9.945639137290282e-06,998.0,5.5542644358923236e-11
FL-2013-000013-BWA,FL_2013_000013_BWA,5.4213713e-11,0.000229410348499,223.0,5.445149244298245e-11
FF-2014-000059-SRB,FF_2014_000059_SRB,5.3465714e-11,5.84094841333614e-06,1078.0,5.3515082156971374e-11
FL-1997-000207-SYC,FL_1997_000207_SYC,5.061615e-11,0.0001945019785384,261.0,5.0806436278195485e-11
FL-2022-000135-ZMB,FL_2022_000135_ZMB,4.8261048e-11,0.0001111795153402,385.0,4.838479427692308e-11
FL-2008-000091-SOM,FL_2008_000091_SOM,4.8155643e-11,2.097718333743472e-05,861.0,4.821124997806004e-11
FL-2006-000158-PRK,FL_2006_000158_PRK,4.7459512e-11,8.085269403719946e-05,483.0,4.7556765098360656e-11
FL-2019-000104-THA,FL_2019_000104_THA,4.6619982e-11,0.000423996162059,91.0,4.71056068125e-11
FL-1998-000165-CHN,FL_1998_000165_CHN,4.627755e-11,4.557815686410328e-05,651.0,4.634809504573171e-11
FL-2002-000522-KHM,FL_2002_000522_KHM,4.5419325e-11,2.6225845154878604e-05,805.0,4.5475398240740746e-11
FL-2015-000068-BGD,FL_2015_000068_BGD,4.479303e-11,3.475151513805939e-05,725.0,4.4854390315068494e-11
FL-2011-000115-KEN,FL_2011_000115_KEN,4.2938705e-11,0.000154299329283,311.0,4.30745869778481e-11
FF-2007-000070-CHN,FF_2007_000070_CHN,4.2909256e-11,2.58517261781931e-05,810.0,4.296190539386503e-11
FF-2008-000186-COD,FF_2008_000186_COD,4.2910925e-11,1.2890333568844843e-05,966.0,4.2955117507723995e-11
FL-1991-000011-CHN,FL_1991_000011_CHN,3.8679462e-11,4.09070905601521e-05,682.0,3.8735763982532754e-11
FL-2016-000050-LKA,FL_2016_000050_LKA,3.7874582e-11,7.896512926752487e-06,1042.0,3.7910756385864374e-11
FL-2015-000009-ALB,FL_2015_000009_ALB,3.710547e-11,1.5633807707438474e-05,927.0,3.71452827360515e-11
FL-1998-000359-UKR,FL_1998_000359_UKR,3.6185763e-11,0.000416464933726,93.0,3.655500547959183e-11
LS-2015-000135-LKA,LS_2015_000135_LKA,3.6290724e-11,2.326376819983054e-05,833.0,3.633403035322196e-11
FF-2020-000138-TJK,FF_2020_000138_TJK,3.5780944e-11,4.023398407933903e-05,685.0,3.5832800440579705e-11
FL-2003-000455-NGA,FL_2003_000455_NGA,3.4732085e-11,0.0001300883089788,346.0,3.483103680911681e-11
FL-2010-000114-BGD,FL_2010_000114_BGD,3.3059413e-11,4.278541036592439e-06,1107.0,3.3089142687949644e-11
FL-2013-000051-ECU,FL_2013_000051_ECU,3.3035484e-11,1.872592297109769e-05,889.0,3.307243644295302e-11
FL-2006-000023-DZA,FL_2006_000023_DZA,3.1165345e-11,0.0003510487332482,121.0,3.1412689007936507e-11
FL-2021-000127-NER,FL_2021_000127_NER,3.0318883e-11,3.1308349743937146e-05,756.0,3.0358723844940864e-11
FL-2010-000023-ECU,FL_2010_000023_ECU,2.7661816e-11,0.0001074153155816,398.0,2.773045574193548e-11
FL-2014-000162-LKA,FL_2014_000162_LKA,2.6672416e-11,6.87216591418372e-06,1061.0,2.6697437028142587e-11
FL-2016-000044-CHN,FL_2016_000044_CHN,2.5788573e-11,0.0002958290036269,151.0,2.5953884365384612e-11
FL-2015-000006-MWI,FL_2015_000006_MWI,2.5804841e-11,0.0002575723051259,185.0,2.594065595263158e-11
FL-2010-000150-MEX,FL_2010_000150_MEX,2.3672425e-11,0.000955735531678,30.0,2.434878e-11
FL-2002-000641-THA,FL_2002_000641_THA,2.3543958e-11,0.0001107723219353,387.0,2.3604019117346942e-11
FL-2019-000031-SYR,FL_2019_000031_SYR,2.3062986e-11,8.752972458289943e-05,460.0,2.311258381935484e-11
FL-2021-000066-GUY,FL_2021_000066_GUY,2.2757242e-11,0.0001805809679374,282.0,2.2836535526132402e-11
ST-2022-000138-MDG,ST_2022_000138_MDG,2.246638e-11,0.0001391684533876,331.0,2.2533244226190474e-11
FL-2005-000132-MKD,FL_2005_000132_MKD,2.1442044e-11,0.000457288414978,85.0,2.1680288933333332e-11
FL-1998-000272-PRK,FL_1998_000272_PRK,2.139887e-11,0.0001842557736295,275.0,2.1475294535714283e-11
FL-2009-000117-GTM,FL_2009_000117_GTM,2.0975412e-11,3.736520658564995e-05,707.0,2.1004871848314605e-11
FL-2013-000087-MMR,FL_2013_000087_MMR,2.076887e-11,8.749740138647724e-05,461.0,2.0813438390557938e-11
FL-2021-000190-EGY,FL_2021_000190_EGY,2.076865e-11,7.027874602598785e-05,520.0,2.080820933333333e-11
FL-2015-000017-PAK,FL_2015_000017_PAK,1.9502977e-11,8.906597823962468e-05,451.0,1.954574668640351e-11
FL-2021-000049-RWA,FL_2021_000049_RWA,1.896346e-11,5.002164027769427e-05,617.0,1.8993947877813505e-11
FL-1998-000053-ZMB,FL_1998_000053_ZMB,1.875004e-11,0.0001105797719282,388.0,1.8797750025445293e-11
FL-2009-000165-CHL,FL_2009_000165_CHL,1.760525e-11,3.273538268136563e-05,740.0,1.762888120805369e-11
FL-2005-000038-MDG,FL_2005_000038_MDG,1.7568044e-11,2.908334971067633e-05,776.0,1.7590538294494235e-11
FL-2022-000275-UGA,FL_2022_000275_UGA,1.7531641e-11,6.512360493238215e-05,548.0,1.7563343786618447e-11
FL-2009-000172-BFA,FL_2009_000172_BFA,1.6997055e-11,1.3381047711911946e-05,959.0,1.701468679979253e-11
FL-2004-000043-IND,FL_2004_000043_IND,1.6214507e-11,0.0003318010411797,128.0,1.6336420586466166e-11
FL-2019-000167-BDI,FL_2019_000167_BDI,1.6132517e-11,0.0003201231031808,137.0,1.6246126274647885e-11
FL-2009-000170-MRT,FL_2009_000170_MRT,1.6048083e-11,0.000103903324593,410.0,1.6086753079518073e-11
FF-2022-000209-AFG,FF_2022_000209_AFG,1.578008e-11,9.4441625984021e-05,436.0,1.5815862494331066e-11
FL-1998-000392-IND,FL_1998_000392_IND,1.4316914e-11,0.0001329274925691,341.0,1.4358292364161848e-11
FL-2022-000379-MYS,FL_2022_000379_MYS,1.4261127e-11,3.690709168106809e-05,711.0,1.4281044775139665e-11
FL-2004-000028-DOM,FL_2004_000028_DOM,1.3787123e-11,8.261771492753736e-06,1032.0,1.3800418200578593e-11
FL-2019-000052-SRB,FL_2019_000052_SRB,1.3067048e-11,5.501665315685333e-06,1083.0,1.3079058154411765e-11
FL-2019-000136-SLV,FL_2019_000136_SLV,1.3050611e-11,4.835798632019398e-06,1096.0,1.3062464415985466e-11
FL-2007-000131-SEN,FL_2007_000131_SEN,1.2526814e-11,0.0004044251185766,100.0,1.264611699047619e-11
FL-2020-000125-TZA,FL_2020_000125_TZA,1.2601815e-11,8.131270752323982e-06,1036.0,1.2613920489913544e-11
FL-2003-000350-MNG,FL_2003_000350_MNG,1.1755716e-11,5.462799951822223e-06,1085.0,1.1766501060550459e-11
FL-2010-000019-MEX,FL_2010_000019_MEX,1.1399755e-11,0.0008874901906319,33.0,1.1699748552631579e-11
FF-2009-000160-LKA,FF_2009_000160_LKA,1.1170603e-11,2.9442340877926854e-06,1138.0,1.1180376055993e-11
FL-2012-000106-BGD,FL_2012_000106_BGD,1.1078127e-11,4.84463826329803e-06,1095.0,1.1088198024545455e-11
FL-2007-000111-GBR,FL_2007_000111_GBR,1.0899803e-11,4.687370356545968e-05,638.0,1.0916754482115087e-11
FL-2020-000172-MMR,FL_2020_000172_MMR,1.0881743e-11,5.610139359879703e-05,586.0,1.0900155424703891e-11
FL-2008-000167-VCT,FL_2008_000167_VCT,1.0819165e-11,1.3503084959616866e-05,956.0,1.0830423236212279e-11
FL-2008-000051-LKA,FL_2008_000051_LKA,1.03626725e-11,1.081492122954953e-06,1180.0,1.0371417371308019e-11
FF-2006-000022-TLS,FF_2006_000022_TLS,9.531644e-12,2.1574358563750066e-05,853.0,9.542753142191143e-12
FL-2006-000070-IND,FL_2006_000070_IND,9.263976e-12,0.0002559019086768,186.0,9.312478492146596e-12
FL-2007-000151-TCD,FL_2007_000151_TCD,9.142955e-12,1.8593496885239757e-05,893.0,9.153136464365256e-12
FL-2013-000131-KHM,FL_2013_000131_KHM,8.947001e-12,2.2085486612939182e-05,849.0,8.957477581967212e-12
FL-2013-000085-NIC,FL_2013_000085_NIC,8.62684e-12,0.0010806139427638,25.0,8.914401333333334e-12
FF-2020-000191-AFG,FF_2020_000191_AFG,8.735289e-12,1.5672658743671484e-05,925.0,8.744681783870967e-12
FL-2006-000120-BFA,FL_2006_000120_BFA,8.388071e-12,3.654963514183112e-05,714.0,8.399737301808068e-12
FL-2004-000059-AFG,FL_2004_000059_AFG,8.03866e-12,8.644272011161275e-05,466.0,8.055727218683653e-12
FL-2010-000015-PSE,FL_2010_000015_PSE,7.940039e-12,1.4715385962388252e-06,1169.0,7.946802235945485e-12
FL-2008-000182-RWA,FL_2008_000182_RWA,7.879433e-12,1.36092865914576e-05,954.0,7.88764930135558e-12
FL-2000-000002-AGO,FL_2000_000002_AGO,7.803477e-12,0.0002738488297293,173.0,7.847316758426967e-12
FF-2010-000204-LCA,FF_2010_000204_LCA,7.735043e-12,0.0001392242996906,330.0,7.758132680597014e-12
FL-2021-000145-BEN,FL_2021_000145_BEN,7.578338e-12,0.0004807252019176,81.0,7.666458209302326e-12
FL-2008-000217-KEN,FL_2008_000217_KEN,7.509584e-12,0.0001206914510421,362.0,7.53004608174387e-12
FL-2007-000197-COD,FL_2007_000197_COD,7.496408e-12,3.793625715911794e-05,703.0,7.506996146892655e-12
FL-1992-000008-PAK,FL_1992_000008_PAK,7.434081e-12,0.0002464306318401,201.0,7.47016877184466e-12
FL-2020-000164-IND,FL_2020_000164_IND,7.381837e-12,2.017449951574992e-05,869.0,7.390283037757438e-12
FL-2017-000137-SSD,FL_2017_000137_SSD,7.0154694e-12,0.0015731464248141,15.0,7.36624287e-12
FL-2014-000054-TJK,FL_2014_000054_TJK,6.966574e-12,7.549907767002379e-05,506.0,6.980207217221135e-12
FL-2004-000055-TJK,FL_2004_000055_TJK,6.805992e-12,6.605823167387176e-05,544.0,6.818389071038251e-12
FL-1999-000213-IND,FL_1999_000213_IND,6.7845165e-12,0.0001195536972769,366.0,6.802803606469003e-12
FF-2021-000189-BIH,FF_2021_000189_BIH,6.075869e-12,4.9769072243493e-05,620.0,6.0855903904e-12
FL-2021-000208-IRQ,FL_2021_000208_IRQ,5.989328e-12,8.008656294687413e-05,486.0,6.001526224032586e-12
FF-2018-000041-SOM,FF_2018_000041_SOM,5.845989e-12,0.000277809016277,166.0,5.880176070175438e-12
FL-1999-000428-VNM,FL_1999_000428_VNM,5.825801e-12,2.7145727110978007e-05,793.0,5.8331015025062655e-12
FF-2012-000107-SLB,FF_2012_000107_SLB,5.5346847e-12,0.0003146572184458,141.0,5.572593499315069e-12
FL-2001-000390-POL,FL_2001_000390_POL,5.5642908e-12,3.471355356609832e-06,1125.0,5.5692149511504425e-12
FL-2000-000187-ROM,FL_2000_000187_ROM,5.525387e-12,1.1325048342372864e-05,981.0,5.530990840770791e-12
FL-2005-000048-AFG,FL_2005_000048_AFG,5.4878714e-12,1.0281904960884568e-05,996.0,5.4933537890109896e-12
FF-2013-000100-RUS,FF_2013_000100_RUS,5.383634e-12,1.3898448116453436e-05,950.0,5.389271313089006e-12
FL-1999-000651-CHN,FL_1999_000651_CHN,5.227474e-12,3.241691922544321e-05,743.0,5.234462601604277e-12
FL-2015-000080-MMR,FL_2015_000080_MMR,4.968827e-12,3.114721724483309e-06,1135.0,4.973185620175438e-12
FL-2020-000192-TCD,FL_2020_000192_TCD,4.7123178e-12,3.248296690625316e-05,742.0,4.7186261236947795e-12
FF-2022-000278-MNG,FF_2022_000278_MNG,4.5474206e-12,7.845846683131852e-05,495.0,4.5565154412e-12
FL-2000-000038-PHL,FL_2000_000038_PHL,4.441742e-12,4.657241948322216e-05,640.0,4.4486284217054266e-12
FL-2008-000198-BLZ,FL_2008_000198_BLZ,4.2483213e-12,5.633751093656846e-07,1192.0,4.251870440601504e-12
FL-2021-000001-MYS,FL_2021_000001_MYS,4.187534e-12,1.4390419968573124e-05,944.0,4.191946575342466e-12
FL-2005-000103-SLV,FL_2005_000103_SLV,4.0479998e-12,2.219934246510896e-06,1156.0,4.051486449267872e-12
FL-2001-000485-KHM,FL_2001_000485_KHM,4.024297e-12,8.877888340240144e-06,1020.0,4.028223143414634e-12
FL-2005-000176-BGD,FL_2005_000176_BGD,3.9879705e-12,8.149411689253942e-08,1216.0,3.991236651105651e-12
FL-2015-000155-NGA,FL_2015_000155_NGA,3.8521382e-12,3.284107132853124e-05,738.0,3.857322773620457e-12
FL-2020-000237-LKA,FL_2020_000237_LKA,3.74691e-12,0.0008239829877853,36.0,3.838298048780487e-12
FL-2018-000060-LKA,FL_2018_000060_LKA,3.7815398e-12,0.0003864322603039,107.0,3.815303548214285e-12
FL-2013-000098-NER,FL_2013_000098_NER,3.8067435e-12,6.88484091753976e-05,531.0,3.813845633395522e-12
FL-2016-000042-KEN,FL_2016_000042_KEN,3.666407e-12,0.0001249550303913,356.0,3.676563252077562e-12
FF-2020-000240-ZMB,FF_2020_000240_ZMB,3.6538277e-12,1.6219035939603952e-05,918.0,3.657786343228602e-12
FL-2002-000482-RUS,FL_2002_000482_RUS,3.52454e-12,7.998525924524893e-05,487.0,3.5317036991869914e-12
FL-2018-000046-RUS,FL_2018_000046_RUS,3.4825432e-12,8.302324864177723e-05,478.0,3.48975343436853e-12
FL-2007-000123-NGA,FL_2007_000123_NGA,3.429174e-12,0.000178327742061,283.0,3.441080854166667e-12
FL-2021-000050-AFG,FL_2021_000050_AFG,3.3133778e-12,7.69533156895382e-05,501.0,3.319925977470356e-12
FL-2005-000205-PHL,FL_2005_000205_PHL,3.2976844e-12,4.694902326784185e-05,637.0,3.302820980062305e-12
FL-2008-000018-ECU,FL_2008_000018_ECU,3.1812246e-12,8.604833497589685e-05,468.0,3.1879502334038053e-12
FL-2013-000006-IDN,FL_2013_000006_IDN,3.1821848e-12,2.491945939173503e-05,818.0,3.186051367193196e-12
FL-2008-000011-TZA,FL_2008_000011_TZA,3.0132496e-12,4.5745176054923295e-05,649.0,3.0178570152905198e-12
FL-2022-000276-GMB,FL_2022_000276_GMB,2.9709273e-12,5.599672812760056e-06,1080.0,2.9736654818433177e-12
FL-2018-000092-MNG,FL_2018_000092_MNG,2.7874268e-12,0.0016642197677327,14.0,2.9341334736842106e-12
LS-2010-000040-UGA,LS_2010_000040_UGA,2.902808e-12,0.0002729815949895,174.0,2.9190248044692736e-12
FL-2003-000227-CHN,FL_2003_000227_CHN,2.8852075e-12,0.0001304120473864,344.0,2.8934745702005733e-12
FL-2007-000022-ARG,FL_2007_000022_ARG,2.832112e-12,5.84122126366606e-06,1077.0,2.8347294787430683e-12
FL-2013-000038-KEN,FL_2013_000038_KEN,2.7221348e-12,4.265470550711168e-06,1109.0,2.7245783680430883e-12
FL-2007-000023-IDN,FL_2007_000023_IDN,2.6901222e-12,4.87249402920619e-05,627.0,2.6943787224683545e-12
FF-2005-000072-TJK,FF_2005_000072_TJK,2.675492e-12,0.0001752087694081,286.0,2.6846861305841922e-12
FL-2014-000019-BDI,FL_2014_000019_BDI,2.6757114e-12,3.49543219836774e-05,723.0,2.6793868277472527e-12
FL-1997-000199-BEN,FL_1997_000199_BEN,2.6201354e-12,3.921574711644022e-05,690.0,2.6239053789928053e-12
FL-2014-000107-MMR,FL_2014_000107_MMR,2.5910719e-12,0.0001964755833047,259.0,2.6008865662878792e-12
FL-2010-000259-AUS,FL_2010_000259_AUS,2.4754764e-12,0.0003847984127495,110.0,2.49700228173913e-12
FL-2011-000084-IND,FL_2011_000084_IND,2.438073e-12,0.0003677075871927,117.0,2.4580572049180328e-12
FL-2017-000012-MOZ,FL_2017_000012_MOZ,2.3991716e-12,0.0001843905919376,274.0,2.407770781362007e-12
FL-2015-000106-BFA,FL_2015_000106_BFA,2.3957683e-12,6.894816149672432e-05,529.0,2.400254757490636e-12
FF-2022-000309-SLE,FF_2022_000309_SLE,2.293717e-12,0.0001216649699418,361.0,2.2999839863387975e-12
FL-2012-000172-MLI,FL_2012_000172_MLI,2.184225e-12,0.0012379258624709,23.0,2.2622330357142858e-12
FL-2001-000252-ECU,FL_2001_000252_ECU,2.2229018e-12,2.3212221140217297e-05,835.0,2.2255481116666665e-12
FL-2019-000094-GTM,FL_2019_000094_GTM,2.0297668e-12,4.481505541390011e-05,659.0,2.0328236777108432e-12
FL-1998-000111-TJK,FL_1998_000111_TJK,2.015076e-12,8.74109687731133e-05,462.0,2.019390937901499e-12
FL-2013-000141-SOM,FL_2013_000141_SOM,2.0171226e-12,1.3717753123093571e-05,952.0,2.0192303561128525e-12
FL-2006-000034-ECU,FL_2006_000034_ECU,2.0054793e-12,3.558361164986291e-06,1123.0,2.007257207180851e-12
FL-2013-000028-NAM,FL_2013_000028_NAM,1.9122687e-12,3.3348773188886654e-05,732.0,1.914863365807327e-12
FL-2018-000360-RUS,FL_2018_000360_RUS,1.8485068e-12,5.03032942244334e-05,616.0,1.8514834615136874e-12
FL-1998-000193-ROM,FL_1998_000193_ROM,1.8198086e-12,1.7209399777262793e-06,1165.0,1.821363991965812e-12
FL-2008-000089-IND,FL_2008_000089_IND,1.7758899e-12,0.0002701220672745,177.0,1.7856475368131868e-12
FL-2021-000039-BDI,FL_2021_000039_BDI,1.7779803e-12,7.312916908212648e-05,509.0,1.7814394056420235e-12
FL-1997-000299-PRY,FL_1997_000299_PRY,1.744913e-12,2.915307817286558e-06,1139.0,1.7464382736013985e-12
FL-2021-000147-THA,FL_2021_000147_THA,1.7430405e-12,4.673839445874389e-06,1099.0,1.7446193410326086e-12
FL-2005-000175-SDN,FL_2005_000175_SDN,1.7024659e-12,0.0001355519821642,340.0,1.707400583768116e-12
FL-2002-000125-ECU,FL_2002_000125_ECU,1.6594394e-12,4.180600203009446e-05,674.0,1.6618833460972016e-12
FL-1999-000259-KHM,FL_1999_000259_KHM,1.6525868e-12,0.0002075274906544,245.0,1.6591971472e-12
FL-2020-000161-BGD,FL_2020_000161_BGD,1.5263575e-12,1.4670594409598e-05,943.0,1.5279675817510548e-12
FL-2006-000191-LKA,FL_2006_000191_LKA,1.4767041e-12,1.993784296842032e-06,1158.0,1.4779738369733447e-12
FL-1998-000316-VNM,FL_1998_000316_VNM,1.4644808e-12,0.0002248673164417,227.0,1.4707932172413796e-12
FL-2003-000037-MDG,FL_2003_000037_MDG,1.4673921e-12,1.9579010439244453e-05,874.0,1.4690614880546075e-12
FL-2013-000008-MOZ,FL_2013_000008_MOZ,1.4177965e-12,0.0003936784809326,103.0,1.4309242453703704e-12
FL-2000-000770-IDN,FL_2000_000770_IDN,1.365979e-12,0.0002116678992685,240.0,1.371554424489796e-12
FL-2020-000011-MOZ,FL_2020_000011_MOZ,1.3349602e-12,0.0006795750308733,50.0,1.3592322036363634e-12
FL-2002-000242-AFG,FL_2002_000242_AFG,1.323656e-12,6.653491850955074e-06,1065.0,1.3248930616822429e-12
FL-2008-000187-BDI,FL_2008_000187_BDI,1.2605229e-12,6.985127668420827e-05,524.0,1.262905741020794e-12
FL-2021-000095-MMR,FL_2021_000095_MMR,1.2484471e-12,3.221831972574007e-05,745.0,1.2501116961333333e-12
FL-2002-000026-SEN,FL_2002_000026_SEN,1.1860405e-12,0.0003681697539218,116.0,1.1958424876033058e-12
FL-2006-000145-GIN,FL_2006_000145_GIN,1.1891245e-12,5.047295142017677e-05,613.0,1.1910486496763754e-12
LS-2022-000283-LKA,LS_2022_000283_LKA,1.1624198e-12,0.0001693440886558,294.0,1.166307491638796e-12
FF-2006-000046-KEN,FF_2006_000046_KEN,1.1363758e-12,1.0815802784069567e-05,986.0,1.1375224960645812e-12
FL-2008-000239-NIC,FL_2008_000239_NIC,1.0786362e-12,3.5829307641602805e-06,1122.0,1.0795932862466727e-12
FL-1999-000413-CAF,FL_1999_000413_CAF,1.0068112e-12,4.920636505630104e-05,623.0,1.0084144025477707e-12
FF-2007-000080-BGD,FF_2007_000080_BGD,9.985446e-13,3.987120301713388e-05,686.0,9.999896717800289e-13
FL-2021-000213-STP,FL_2021_000213_STP,8.965489e-13,5.465312029261198e-06,1084.0,8.973721772268136e-13
FL-2019-000181-IDN,FL_2019_000181_IDN,8.8759387e-13,5.608807952498426e-05,587.0,8.890931839695947e-13
FL-2016-000081-GTM,FL_2016_000081_GTM,8.2734145e-13,0.0003296151675356,131.0,8.334248430147059e-13
FL-2017-000091-MMR,FL_2017_000091_MMR,7.77599e-13,3.441667567322163e-06,1127.0,7.782859249116608e-13
FL-2022-000321-CAF,FL_2022_000321_CAF,7.117278e-13,2.6219917991424973e-05,806.0,7.126053928483355e-13
FL-2009-000234-PHL,FL_2009_000234_PHL,6.3706944e-13,3.133587118188511e-05,755.0,6.379076892631579e-13
FL-2017-000052-RUS,FL_2017_000052_RUS,6.3246375e-13,0.0001733894901342,288.0,6.346223293515358e-13
FL-2013-000081-PRK,FL_2013_000081_PRK,5.979266e-13,0.0001149755656265,377.0,5.994918528795812e-13
FL-2005-000139-SLE,FL_2005_000139_SLE,5.8997257e-13,3.438901048240629e-06,1128.0,5.904932871844661e-13
FL-2010-000194-VNM,FL_2010_000194_VNM,5.6902676e-13,8.082892455670888e-06,1039.0,5.695718047892719e-13
FL-2001-000492-VNM,FL_2001_000492_VNM,5.419836e-13,0.0002040591654843,252.0,5.440924856031129e-13
FL-2018-000105-BGD,FL_2018_000105_BGD,5.394522e-13,2.642425059025749e-05,803.0,5.401198388613861e-13
FL-2017-000083-GIN,FL_2017_000083_GIN,5.102809e-13,0.0006509118785054,58.0,5.183805968253968e-13
FL-2020-000213-LAO,FL_2020_000213_LAO,5.1573573e-13,2.166622501121342e-05,852.0,5.163375219836639e-13
FL-2014-000038-ZAF,FL_2014_000038_ZAF,5.082122e-13,3.490473965775253e-05,724.0,5.089093360768175e-13
FL-2010-000115-MMR,FL_2010_000115_MMR,5.0184536e-13,9.614832328568087e-06,1003.0,5.023432224603174e-13
FL-2013-000052-SOM,FL_2013_000052_SOM,4.9160995e-13,0.0002421062773577,207.0,4.939288648584906e-13
FF-2008-000123-PAK,FF_2008_000123_PAK,4.874792e-13,8.584972570035205e-05,469.0,4.885076371308017e-13
FL-2009-000218-KEN,FL_2009_000218_KEN,4.7623917e-13,7.663564798650646e-06,1047.0,4.766918688307985e-13
FL-2000-000444-IND,FL_2000_000444_IND,4.6909086e-13,0.0002259976842888,226.0,4.711215563636364e-13
FL-2009-000120-BWA,FL_2009_000120_BWA,4.4478513e-13,8.235067581352052e-06,1033.0,4.452136320520231e-13
FL-2004-000020-KEN,FL_2004_000020_KEN,4.4060513e-13,4.777512800449914e-05,632.0,4.4129681780219776e-13
FL-2002-000322-CHL,FL_2002_000322_CHL,4.3944202e-13,7.61968354554936e-05,505.0,4.4030367101960785e-13
FL-2002-000808-MWI,FL_2002_000808_MWI,4.1077474e-13,0.0001362108499901,337.0,4.119758357309942e-13
FL-2010-000174-KEN,FL_2010_000174_KEN,4.0363378e-13,2.3081322011278056e-05,838.0,4.0411258638196924e-13
FL-2010-000141-PAK,FL_2010_000141_PAK,3.9683851e-13,0.0001262755482155,353.0,3.9794699745810055e-13
FL-2010-000196-LKA,FL_2010_000196_LKA,3.7572487e-13,9.58848980154987e-06,1004.0,3.7609724350842414e-13
FL-2019-000011-IDN,FL_2019_000011_IDN,3.6787012e-13,0.0005257559857706,72.0,3.72647654025974e-13
FL-2005-000150-NGA,FL_2005_000150_NGA,3.5847055e-13,1.039766263100484e-05,994.0,3.588293793793794e-13
FL-2009-000140-MNG,FL_2009_000140_MNG,3.5299546e-13,2.4763139563209927e-05,820.0,3.534233332848485e-13
FL-2012-000013-ECU,FL_2012_000013_ECU,2.4668432e-13,1.0597471853636366e-05,990.0,2.469322439396985e-13
FL-2019-000170-RWA,FL_2019_000170_RWA,2.439519e-13,4.0154322196361953e-07,1201.0,2.4415418184079605e-13
FL-2022-000164-ECU,FL_2022_000164_ECU,2.2801455e-13,0.0013762488793641,18.0,2.3792822608695653e-13
FL-2006-000058-TJK,FL_2006_000058_TJK,2.3576917e-13,1.6819211815254304e-05,913.0,2.3602599916122005e-13
FL-2011-000204-PHL,FL_2011_000204_PHL,2.2353929e-13,0.0001068966310411,401.0,2.2408987938423646e-13
FL-2009-000178-GIN,FL_2009_000178_GIN,2.1863594e-13,9.552034642535518e-06,1006.0,2.188521971117705e-13
FL-2020-000200-BFA,FL_2020_000200_BFA,2.1307692e-13,0.0002870210278377,160.0,2.143682952727273e-13
FF-2012-000062-KEN,FF_2012_000062_KEN,2.1283263e-13,4.005555644350998e-06,1115.0,2.130226591339286e-13
FL-2005-000081-CHN,FL_2005_000081_CHN,1.9888658e-13,2.590506223727964e-05,809.0,1.991309124078624e-13
FL-2016-000114-EGY,FL_2016_000114_EGY,1.9480575e-13,4.1872171151581306e-05,673.0,1.9509307411504424e-13
FF-2011-000066-TJK,FF_2011_000066_TJK,1.787565e-13,0.0002247126927558,228.0,1.7952369527897e-13
FL-2000-000299-GTM,FL_2000_000299_GTM,1.686714e-13,2.690605137290707e-05,799.0,1.6888119029850747e-13
FL-2012-000169-SEN,FL_2012_000169_SEN,1.6696803e-13,0.0004292228316853,88.0,1.6876338516129032e-13
FL-2009-000177-GMB,FL_2009_000177_GMB,1.5490047e-13,1.3983993833040957e-05,949.0,1.550628394654088e-13
FL-2006-000068-CHN,FL_2006_000068_CHN,1.4901649e-13,8.32576631689592e-05,475.0,1.4932694102083334e-13
FL-1990-000004-VNM,FL_1990_000004_VNM,1.4165821e-13,7.837161500696565e-05,496.0,1.419409609181637e-13
FF-2007-000091-AFG,FF_2007_000091_AFG,1.394281e-13,8.608960262404436e-06,1025.0,1.3956346708737865e-13
FL-2007-000206-COG,FL_2007_000206_COG,1.3731392e-13,8.169253869400454e-05,482.0,1.3759587876796713e-13
FL-2020-000128-KEN,FL_2020_000128_KEN,1.3002194e-13,7.09539882127044e-05,517.0,1.302710241762452e-13
FL-2021-000068-SUR,FL_2021_000068_SUR,1.2550986e-13,0.0001050807180566,408.0,1.2581375796610171e-13
FL-2016-000137-ARG,FL_2016_000137_ARG,1.12788095e-13,1.0360189257139742e-05,995.0,1.1290088309499998e-13
FL-2021-000038-KEN,FL_2021_000038_KEN,1.08966296e-13,8.842838307502327e-05,456.0,1.0920266540563991e-13
FL-2014-000168-MYS,FL_2014_000168_MYS,1.03160204e-13,2.351423087264109e-05,831.0,1.0328360137320574e-13
FL-2014-000070-LKA,FL_2014_000070_LKA,1.0017573e-13,2.74000318685638e-05,790.0,1.0030173720754717e-13
FL-2011-000131-GIN,FL_2011_000131_GIN,9.8979385e-14,1.1086844295572302e-05,984.0,9.907946526794742e-14
FL-2009-000124-VNM,FL_2009_000124_VNM,9.8915796e-14,2.228536866446509e-06,1155.0,9.900106823793103e-14
FL-2011-000107-MMR,FL_2011_000107_MMR,9.790385e-14,1.5270197801833182e-05,934.0,9.800811395101173e-14
FF-2016-000093-LAO,FF_2016_000093_LAO,8.779255e-14,0.0003321488716251,127.0,8.845764507575758e-14
FL-2005-000001-CRI,FL_2005_000001_CRI,8.204866e-14,5.282522501489943e-06,1086.0,8.212386500458295e-14
FL-2013-000054-CHN,FL_2013_000054_CHN,7.9380404e-14,0.0005214344386714,74.0,8.038521924050633e-14
FL-2012-000063-RUS,FL_2012_000063_RUS,7.504403e-14,8.579059214373651e-06,1026.0,7.511681761396702e-14
FF-2009-000107-THA,FF_2009_000107_THA,7.339817e-14,0.0001662068620595,296.0,7.364201774086378e-14
FL-2008-000155-CHL,FL_2008_000155_CHL,6.7304784e-14,0.0002196226159787,233.0,6.758757721008403e-14
FL-2010-000149-GTM,FL_2010_000149_GTM,6.683494e-14,6.181226770867502e-05,559.0,6.695344166666667e-14
FL-1997-000026-MOZ,FL_1997_000026_MOZ,5.5141614e-14,0.0001102122578543,389.0,5.5281567335025384e-14
FL-2010-000091-VNM,FL_2010_000091_VNM,5.3951442e-14,7.93837153733121e-05,491.0,5.406021506854838e-14
FF-2012-000102-PHL,FF_2012_000102_PHL,5.2506248e-14,7.780620597715251e-05,498.0,5.261063417892644e-14
FL-2018-000425-LKA,FL_2018_000425_LKA,4.883558e-14,2.62752903141522e-06,1147.0,4.8877971996527776e-14
FL-2006-000027-IDN,FL_2006_000027_IDN,4.7101164e-14,6.624675710603649e-05,543.0,4.718711502919709e-14
FL-2007-000122-VNM,FL_2007_000122_VNM,4.2735194e-14,3.9105526535728185e-05,692.0,4.279650704734577e-14
FL-2015-000153-IRQ,FL_2015_000153_IRQ,3.9642938e-14,0.0009336011740615,31.0,4.074413072222222e-14
FL-1999-000349-SLV,FL_1999_000349_SLV,4.0241942e-14,1.1505831558454276e-05,979.0,4.028283828252032e-14
FL-2020-000132-UGA,FL_2020_000132_UGA,3.772594e-14,0.0003852825362731,109.0,3.8056869298245614e-14
FL-2008-000031-PER,FL_2008_000031_PER,3.3134137e-14,4.686007752030018e-05,639.0,3.3185587523291924e-14
FL-2009-000174-NER,FL_2009_000174_NER,3.1851156e-14,8.572278575136666e-05,470.0,3.191821106526316e-14
FL-2008-000032-KAZ,FL_2008_000032_KAZ,2.8040822e-14,2.954486626425574e-05,769.0,2.807705045219638e-14
FL-2019-000100-MLI,FL_2019_000100_MLI,2.6362959e-14,0.001000512650434,27.0,2.718680146875e-14
FL-2000-000012-MOZ,FL_2000_000012_MOZ,2.6575931e-14,1.078873091000766e-05,987.0,2.6602721253024192e-14
FL-2016-000025-SRB,FL_2016_000025_SRB,2.5798623e-14,5.778529214755606e-05,575.0,2.5843103384482756e-14
FL-1999-000132-BLR,FL_1999_000132_BLR,2.2420823e-14,8.218987970050524e-06,1034.0,2.244240223291627e-14
FL-2011-000061-DOM,FL_2011_000061_DOM,2.1750942e-14,0.0001006602721158,417.0,2.1802484516587678e-14
FL-2015-000042-RWA,FL_2015_000042_RWA,2.0112653e-14,2.03877859246437e-05,867.0,2.0135717969036696e-14
FL-2017-000095-GHA,FL_2017_000095_GHA,1.9609528e-14,0.0001271813344727,351.0,1.9664610943820227e-14
ST-2015-000041-PRY,ST_2015_000041_PRY,1.758695e-14,0.0002417944429756,209.0,1.7669132009345797e-14
FF-2020-000055-SOM,FF_2020_000055_SOM,1.5779506e-14,0.0008906775529913,32.0,1.6205979135135135e-14
FL-2003-000051-PER,FL_2003_000051_PER,1.4724473e-14,4.956774193596911e-05,622.0,1.474795700797448e-14
FL-2003-000080-ARG,FL_2003_000080_ARG,1.4435756e-14,2.2354248921742325e-06,1154.0,1.444821135461605e-14
FL-2009-000268-AGO,FL_2009_000268_AGO,1.2990506e-14,0.0001808473580434,281.0,1.303592734965035e-14
FL-2013-000076-PRY,FL_2013_000076_PRY,1.2775695e-14,2.813358594297497e-07,1207.0,1.2786236002475248e-14
FL-2008-000234-BRA,FL_2008_000234_BRA,1.1905691e-14,5.777762021778584e-05,576.0,1.1926182722891567e-14
FL-2021-000209-MYS,FL_2021_000209_MYS,1.1189526e-14,9.892160513321564e-05,425.0,1.1215548153488371e-14
FL-2008-000069-CHL,FL_2008_000069_CHL,1.069365e-14,2.393225818889611e-07,1210.0,1.0702451358024692e-14
FF-2004-000060-VNM,FF_2004_000060_VNM,9.984113e-15,1.368144955844058e-05,953.0,9.994534829853861e-15
FL-2021-000091-PHL,FL_2021_000091_PHL,9.508254e-15,5.2002740803187424e-05,603.0,9.523892575657896e-15
FL-2017-000126-NGA,FL_2017_000126_NGA,9.467005e-15,8.612728899790109e-05,467.0,9.487062213983051e-15
FL-2016-000097-PRK,FL_2016_000097_PRK,8.579373e-15,0.0007659369264698,43.0,8.7581099375e-15
FL-2007-000052-LKA,FL_2007_000052_LKA,8.085716e-15,3.163903380190609e-05,751.0,8.096411391534392e-15
FL-2011-000037-BDI,FL_2011_000037_BDI,6.8650445e-15,6.765285290646687e-05,537.0,6.8777106337638386e-15
FL-2007-000181-HTI,FL_2007_000181_HTI,6.8328306e-15,4.461913437033639e-05,660.0,6.8431055332330834e-15
FF-2013-000113-ROM,FF_2013_000113_ROM,6.778093e-15,8.763546386044503e-06,1023.0,6.784686475680934e-15
FL-2008-000103-SLV,FL_2008_000103_SLV,6.7667777e-15,2.878989209641574e-06,1141.0,6.772682392582898e-15
FL-2002-000540-DZA,FL_2002_000540_DZA,6.45746e-15,0.0001360378751865,338.0,6.476286413994169e-15
FF-2021-000032-TLS,FF_2021_000032_TLS,6.184653e-15,6.693515705598185e-05,541.0,6.1959802032967035e-15
FL-2011-000007-ZAF,FL_2011_000007_ZAF,5.7934136e-15,0.0002300227051412,221.0,5.8190481734513265e-15
FL-2019-000079-BGD,FL_2019_000079_BGD,4.742336e-15,4.478005504898102e-06,1103.0,4.7466160866426e-15
FL-1997-000526-ECU,FL_1997_000526_ECU,4.614032e-15,4.565831299374514e-06,1102.0,4.618200050587173e-15
FL-1998-000329-BEN,FL_1998_000329_BEN,4.3636766e-15,9.547437844209324e-05,431.0,4.373685032568807e-15
FL-2010-000219-PHL,FL_2010_000219_PHL,4.1459806e-15,1.8851415582320472e-05,884.0,4.1506442452193475e-15
FL-2019-000051-LBY,FL_2019_000051_LBY,4.0464695e-15,9.077608866723198e-05,444.0,4.055481681514476e-15
FL-2015-000024-ARG,FL_2015_000024_ARG,3.81273e-15,2.126382886134241e-05,859.0,3.817142881944444e-15
FL-2010-000251-CRI,FL_2010_000251_CRI,3.8075935e-15,7.477655983421667e-06,1051.0,3.811199175662879e-15
FL-2006-000031-PER,FL_2006_000031_PER,3.7269848e-15,2.747149783996096e-05,789.0,3.731678735516373e-15
FL-2008-000154-MEX,FL_2008_000154_MEX,3.5477587e-15,0.0002015090161229,256.0,3.561351645210728e-15
FL-2001-000236-URY,FL_2001_000236_URY,3.2540249e-15,1.7738501646235106e-05,900.0,3.2576205076243093e-15
FL-2018-000065-TJK,FL_2018_000065_TJK,2.7909164e-15,9.305811119388944e-05,438.0,2.7972164370203157e-15
FL-2020-000050-AFG,FL_2020_000050_AFG,2.5442576e-15,9.923544870575064e-06,999.0,2.546791721115538e-15
FL-1997-000144-CHN,FL_1997_000144_CHN,2.4180675e-15,0.0007756345142244,41.0,2.470634184782609e-15
FL-2022-000271-NGA,FL_2022_000271_NGA,2.227221e-15,0.0006269793458516,60.0,2.2614859384615385e-15
FL-2001-000549-GIN,FL_2001_000549_GIN,2.0528957e-15,9.237547591548692e-05,441.0,2.0574986051569504e-15
FL-2017-000057-LKA,FL_2017_000057_LKA,2.0077171e-15,6.029339408754503e-06,1074.0,2.0095778202038923e-15
FL-1997-000097-AFG,FL_1997_000097_AFG,1.877157e-15,6.838089929217862e-07,1189.0,1.8787291582914573e-15
FL-2015-000176-BDI,FL_2015_000176_BDI,1.723517e-15,1.4014112243436124e-05,948.0,1.7253255173137462e-15
FL-2003-000020-MOZ,FL_2003_000020_MOZ,1.640385e-15,0.0002633647080473,184.0,1.6490642857142858e-15
FL-2007-000158-TGO,FL_2007_000158_TGO,1.5460122e-15,1.8659784746671263e-05,891.0,1.5477376600446428e-15
FF-2020-000158-SRB,FF_2020_000158_SRB,1.2414406e-15,0.0002047500996766,250.0,1.246308994509804e-15
FL-2019-000015-PER,FL_2019_000015_PER,1.2396355e-15,1.0565635551549647e-05,992.0,1.2408788655967902e-15
FL-2008-000170-DOM,FL_2008_000170_DOM,1.1888219e-15,2.60124197075066e-05,808.0,1.1902841655596555e-15
FL-2021-000078-GTM,FL_2021_000078_GTM,8.8181646e-16,2.9277422933753507e-05,771.0,8.829528214175258e-16
FL-2011-000120-SDN,FL_2011_000120_SDN,6.486029e-16,3.0043189509707037e-05,765.0,6.494452414285715e-16
FL-2011-000091-BEN,FL_2011_000091_BEN,5.696566e-16,9.938259874107886e-05,422.0,5.709906903981265e-16
FL-2012-000138-NGA,FL_2012_000138_NGA,5.361646600000001e-16,3.4728705015672026e-05,726.0,5.36898127387141e-16
FL-2010-000003-KEN,FL_2010_000003_KEN,4.996668e-16,1.2289636349826656e-05,972.0,5.001782296827021e-16
FL-2007-000093-SDN,FL_2007_000093_SDN,4.794713e-16,0.000594600445059,65.0,4.8632089e-16
FL-2005-000090-TJK,FL_2005_000090_TJK,4.829263e-16,0.0001072791900693,400.0,4.84118710617284e-16
FL-2002-000402-BGD,FL_2002_000402_BGD,3.9584674000000006e-16,4.775567643997131e-07,1197.0,3.9617606341098173e-16
FL-2011-000198-PER,FL_2011_000198_PER,3.735648e-16,1.469827707517697e-05,941.0,3.73959688794926e-16
FL-2017-000149-TGO,FL_2017_000149_TGO,3.4625667000000004e-16,1.067707773060747e-05,989.0,3.466050167505031e-16
FL-2002-000475-TJK,FL_2002_000475_TJK,2.7415558e-16,6.358298497447423e-05,554.0,2.7464601932021466e-16
FL-2022-000254-PAK,FL_2022_000254_PAK,2.4919085e-16,3.91393838635833e-05,691.0,2.495488828304598e-16
FL-2014-000073-RUS,FL_2014_000073_RUS,1.9889398e-16,5.148660716028315e-06,1090.0,1.9907561833789955e-16
FL-2016-000124-COD,FL_2016_000124_COD,1.8484621000000003e-16,3.585336801941624e-05,715.0,1.8510294084722224e-16
FL-2012-000066-COM,FL_2012_000066_COM,1.837905e-16,0.0002482471791883,194.0,1.8471407035175878e-16
FL-2007-000088-ECU,FL_2007_000088_ECU,1.8072357e-16,2.372770550178648e-05,829.0,1.8094026492805755e-16
FF-2020-000221-SOM,FF_2020_000221_SOM,1.7687844e-16,0.0001837664597814,277.0,1.775056685106383e-16
FL-2020-000202-GIN,FL_2020_000202_GIN,1.5740096e-16,0.0004819311959792,80.0,1.59252736e-16
FL-2022-000305-GIN,FL_2022_000305_GIN,1.2063159e-16,5.873878339079257e-05,568.0,1.2084211633507855e-16
FL-2007-000177-SLE,FL_2007_000177_SLE,1.1817932e-16,7.866585040523784e-05,493.0,1.1841662787148594e-16
FL-2002-000350-CHN,FL_2002_000350_CHN,1.1281784000000002e-16,0.0001503191559269,317.0,1.1316820596273292e-16
FL-2001-000524-MLI,FL_2001_000524_MLI,1.1223226000000001e-16,0.0001018359700342,414.0,1.1250011742243437e-16
FL-2013-000070-IND,FL_2013_000070_IND,1.0623348e-16,0.0001543587033335,310.0,1.0657072914285715e-16
FL-2022-000332-BEN,FL_2022_000332_BEN,1.0217737000000001e-16,0.0001389036421192,332.0,1.0248056694362019e-16
FL-2005-000208-BIH,FL_2005_000208_BIH,8.797706000000001e-17,1.867609629257696e-05,890.0,8.807535839106148e-17
FL-2021-000084-TCD,FL_2021_000084_TCD,8.7883374e-17,3.0340402255040188e-05,763.0,8.79978054765625e-17
FL-2010-000049-AGO,FL_2010_000049_AGO,6.9155264e-17,2.7306715982159465e-05,791.0,6.924214247236182e-17
FL-2014-000014-SYC,FL_2014_000014_SYC,6.5670425e-17,0.0001870702090565,268.0,6.5910976007326e-17
FL-2007-000076-KEN,FL_2007_000076_KEN,4.1335470000000006e-17,0.0002467790535659,199.0,4.153809485294118e-17
FL-2006-000190-BDI,FL_2006_000190_BDI,4.0164158e-17,0.0002074771341703,246.0,4.032417456573705e-17
FL-2009-000034-MAR,FL_2009_000034_MAR,3.7225556000000003e-17,3.5046432473770963e-05,722.0,3.7276760341127925e-17
FF-2019-000068-VNM,FF_2019_000068_VNM,3.6870530000000005e-17,0.0003052515380866,146.0,3.7114705695364246e-17
FL-2007-000189-NIC,FL_2007_000189_NIC,3.5929298e-17,0.0002464231630789,202.0,3.6102869487922707e-17
FL-2020-000154-CIV,FL_2020_000154_CIV,3.0618077e-17,8.844639715716057e-06,1021.0,3.06479191803119e-17
FL-2010-000118-GHA,FL_2010_000118_GHA,2.8934526e-17,3.832066319044703e-06,1117.0,2.896031434759359e-17
FL-2006-000009-GUY,FL_2006_000009_GUY,2.7887438e-17,6.715642251839655e-05,539.0,2.7938701672794116e-17
FL-2003-000585-MKD,FL_2003_000585_MKD,2.6435580000000002e-17,6.78255000901704e-05,536.0,2.64844442883549e-17
FL-2006-000050-ARG,FL_2006_000050_ARG,2.6222860000000003e-17,0.0001405833955336,328.0,2.630160732732733e-17
FL-2005-000098-BGR,FL_2005_000098_BGR,2.1868353e-17,7.642649637734015e-05,503.0,2.1911400938976376e-17
FL-2008-000213-PER,FL_2008_000213_PER,1.348368e-17,0.0001152184665627,376.0,1.3519070236220474e-17
FL-2015-000018-PNG,FL_2015_000018_PNG,1.2729896e-17,9.392316782840447e-06,1009.0,1.274245013806706e-17
FL-2004-000022-AFG,FL_2004_000022_AFG,1.2720223e-17,2.697739147045577e-05,797.0,1.2736083627182045e-17
FL-2006-000001-IDN,FL_2006_000001_IDN,8.996057e-18,5.6276055665487534e-05,585.0,9.01130455423729e-18
FF-2021-000098-MNG,FF_2021_000098_MNG,8.894835e-18,4.165693772250084e-05,675.0,8.907915639705882e-18
FL-2010-000046-MOZ,FL_2010_000046_MOZ,8.618857e-18,0.000740673235537,47.0,8.78460425e-18
FL-2013-000004-KEN,FL_2013_000004_KEN,8.532386e-18,1.691417440270579e-06,1167.0,8.539666192832766e-18
FL-2007-000144-LBR,FL_2007_000144_LBR,7.114816e-18,3.863444239165e-05,698.0,7.124936648648648e-18
FL-2008-000096-BGD,FL_2008_000096_BGD,6.416066e-18,4.8915164887623536e-06,1094.0,6.421904094631483e-18
FL-2018-000043-TZA,FL_2018_000043_TZA,5.642117e-18,0.0002150752014853,238.0,5.665335588477367e-18
FL-2008-000095-SUR,FL_2008_000095_SUR,3.6784373999999994e-18,3.378524284105132e-05,730.0,3.683442076734694e-18
FL-2005-000117-GTM,FL_2005_000117_GTM,3.5396592999999994e-18,1.571759462707997e-05,924.0,3.543469482238966e-18
FL-1998-000179-RUS,FL_1998_000179_RUS,2.7613726999999998e-18,9.669582742634002e-05,430.0,2.7677206832183905e-18
FL-2017-000014-PER,FL_2017_000014_PER,2.4871031999999998e-18,5.288343188884496e-05,601.0,2.4912073306930695e-18
FL-2016-000011-TZA,FL_2016_000011_TZA,2.3575916999999997e-18,2.2247119838894625e-05,847.0,2.36035882640845e-18
FL-1999-000244-VNM,FL_1999_000244_VNM,2.0853290999999997e-18,0.0003900624094516,105.0,2.104286637272727e-18
FF-2008-000202-MAR,FF_2008_000202_MAR,2.0143584999999997e-18,7.371764388197481e-06,1052.0,2.016264231788079e-18
FL-2009-000080-AFG,FL_2009_000080_AFG,1.7761487e-18,0.0001472939390727,321.0,1.7815970088957053e-18
FL-1997-000301-UGA,FL_1997_000301_UGA,1.6607955999999998e-18,0.0002891795727233,158.0,1.6709845300613495e-18
FL-2015-000011-PER,FL_2015_000011_PER,1.4880964e-18,0.0004077180405589,98.0,1.5025439378640775e-18
FL-2002-000376-RUS,FL_2002_000376_RUS,1.3240426e-18,3.162868064324122e-05,752.0,1.3257916655217963e-18
FL-2007-000141-NGA,FL_2007_000141_NGA,1.1036823e-18,7.65580312190094e-05,502.0,1.1058591881656804e-18
FL-2006-000192-IDN,FL_2006_000192_IDN,8.4311113e-19,0.0002956099468027,153.0,8.484472763924051e-19
FL-2002-000536-MMR,FL_2002_000536_MMR,7.9158295e-19,3.145341701055043e-05,754.0,7.926258787878789e-19
ST-2011-000073-CAF,ST_2011_000073_CAF,5.265858e-19,4.491315613658998e-05,658.0,5.273800470588235e-19
FL-2007-000107-TLS,FL_2007_000107_TLS,4.4561359999999995e-19,8.920448725689024e-05,449.0,4.465951277533038e-19
FL-2007-000044-ARG,FL_2007_000044_ARG,3.594793e-19,0.000206291953899,247.0,3.609058051587301e-19
FL-2009-000187-CIV,FL_2009_000187_CIV,1.9471958e-19,9.138135897190324e-05,443.0,1.9515422191964284e-19
FL-2010-000072-RUS,FL_2010_000072_RUS,1.1077276e-19,0.0001266931360832,352.0,1.1108304784313725e-19
FL-2008-000175-UGA,FL_2008_000175_UGA,8.460373e-20,0.0002696419732629,178.0,8.506604546448088e-20
FF-2008-000178-DZA,FF_2008_000178_DZA,3.9086497e-20,2.6610795764098863e-05,801.0,3.913499141315137e-20
FL-2017-000078-NER,FL_2017_000078_NER,3.402336e-20,5.6531436994771225e-05,583.0,3.4081222857142857e-20
FL-2009-000183-NGA,FL_2009_000183_NGA,2.4551478e-20,0.0001463283388176,322.0,2.4626558972477063e-20
FL-2000-000255-ARG,FL_2000_000255_ARG,1.9259233e-20,8.492673414180194e-07,1187.0,1.9275390074664427e-20
FL-2018-000029-RWA,FL_2018_000029_RWA,8.098684e-21,3.316828810451772e-05,736.0,8.10961339811066e-21
FL-2008-000099-NIC,FL_2008_000099_NIC,4.5628216e-21,8.635122716098944e-07,1185.0,4.566655903865546e-21
FL-2018-000124-MMR,FL_2018_000124_MMR,3.6676397e-21,1.3096560646294048e-05,965.0,3.67142077185567e-21
FL-2014-000115-NER,FL_2014_000115_NER,2.8339697e-21,2.5812583442656875e-05,811.0,2.8374427020833335e-21
FL-2004-000036-MKD,FL_2004_000036_MKD,1.9274494e-21,2.804674302259793e-05,784.0,1.929892301647655e-21
FL-2009-000176-MLI,FL_2009_000176_MLI,1.4543325e-21,9.448441555643152e-05,435.0,1.4576378011363635e-21
FL-2021-000204-BRA,FL_2021_000204_BRA,1.3226173000000001e-21,0.000172348537234,290.0,1.3271007484745763e-21
ST-2012-000077-CHN,ST_2012_000077_CHN,1.2613827e-21,0.0001953641625367,260.0,1.266142634716981e-21
FL-1997-000530-PER,FL_1997_000530_PER,4.812974e-22,0.0002201535862548,231.0,4.833367957627119e-22
FL-2007-000209-PNG,FL_2007_000209_PNG,4.335658300000001e-22,0.0001089506230287,392.0,4.346579353652394e-22
FL-2019-000101-NER,FL_2019_000101_NER,3.5899830000000003e-22,0.0001216700950927,360.0,3.5998185698630145e-22
FL-2010-000026-DOM,FL_2010_000026_DOM,2.1057436000000001e-22,6.689849258601014e-06,1064.0,2.1077134256314314e-22
FL-2022-000316-NER,FL_2022_000316_NER,1.9811825000000002e-22,0.0006776515955833,51.0,2.0165607589285716e-22
FL-2019-000093-NGA,FL_2019_000093_NGA,1.810688e-22,1.829143213837347e-05,897.0,1.8126954146341466e-22
FL-1997-000143-POL,FL_1997_000143_POL,4.9914104e-23,1.8848086811931237e-06,1162.0,4.995687529734362e-23
FL-2007-000035-AFG,FL_2007_000035_AFG,4.274805e-23,3.525231496845233e-07,1202.0,4.2783466777133394e-23
FL-2009-000248-URY,FL_2009_000248_URY,2.4177937e-23,8.615245764560861e-07,1186.0,2.4198237534844666e-23
FF-2013-000090-PAK,FF_2013_000090_PAK,2.3993370000000002e-23,3.058398411437594e-05,760.0,2.4024733882352944e-23
FL-2013-000023-ZMB,FL_2013_000023_ZMB,1.1174122e-23,7.123720476406823e-05,516.0,1.1195569451055662e-23
FL-2010-000102-CRI,FL_2010_000102_CRI,5.843375e-24,0.0003326063941038,125.0,5.888324038461538e-24
FL-2006-000057-SUR,FL_2006_000057_SUR,5.2346664e-24,1.1735977347536898e-05,974.0,5.240013352400408e-24
FF-2009-000229-SOM,FF_2009_000229_SOM,4.482476e-24,6.580714351219201e-06,1067.0,4.4866574141791045e-24
FL-2012-000175-GMB,FL_2012_000175_GMB,1.8782995e-24,1.8036786555742116e-05,898.0,1.8803795658914728e-24
FL-2002-000077-PER,FL_2002_000077_PER,1.3424786e-26,3.022701612447536e-05,764.0,1.3442243459037714e-26
FL-2022-000362-LCA,FL_2022_000362_LCA,2.2095925000000002e-27,1.911040549087085e-05,881.0,2.2120863967268626e-27
FL-1999-000363-NIC,FL_1999_000363_NIC,4.354345000000001e-28,1.6067873927608923e-05,921.0,4.3590473164146875e-28
FL-2013-000019-PER,FL_2013_000019_PER,3.0397220000000003e-28,2.82052788573255e-05,783.0,3.0435795152284268e-28
FL-1999-000229-TJK,FL_1999_000229_TJK,4.1749596e-29,2.1407203505812093e-05,855.0,4.179814204186046e-29
FL-2021-000123-CAF,FL_2021_000123_CAF,6.4251214000000005e-31,1.954081769407019e-05,875.0,6.432422674318183e-31
FL-2013-000157-BRA,FL_2013_000157_BRA,5.850118e-31,2.699308220270539e-05,796.0,5.857421518102372e-31
FL-2008-000166-GTM,FL_2008_000166_GTM,5.24434e-31,8.730035221861367e-05,463.0,5.255545854700854e-31
FL-2002-000470-VNM,FL_2002_000470_VNM,1.4099475e-33,0.000297863455905,149.0,1.4191030032467534e-33
FL-2007-000130-CIV,FL_2007_000130_CIV,0.0,0.0008002884796231,38.0,0.0
FL-1991-000009-VNM,FL_1991_000009_VNM,0.0,0.0001737203213022,287.0,0.0
FF-2017-000101-VNM,FF_2017_000101_VNM,0.0,6.862871905250595e-05,532.0,0.0
FL-2003-000196-ARG,FL_2003_000196_ARG,0.0,8.968730998604499e-06,1015.0,0.0
FL-2010-000151-COD,FL_2010_000151_COD,0.0,7.232046965684377e-05,512.0,0.0
FL-2009-000147-NIC,FL_2009_000147_NIC,0.0,8.853589897384861e-05,455.0,0.0
FL-2011-000093-BGD,FL_2011_000093_BGD,0.0,2.3651015081709545e-06,1151.0,0.0
FL-2019-000009-ARG,FL_2019_000009_ARG,0.0,0.0003142186415585,142.0,0.0
FL-2009-000261-PER,FL_2009_000261_PER,0.0,9.890801551479748e-05,426.0,0.0
FL-2022-000312-BGR,FL_2022_000312_BGR,0.0,1.3700524479552952e-06,1171.0,0.0
FL-2012-000068-DOM,FL_2012_000068_DOM,0.0,2.308545758223272e-05,837.0,0.0
FL-2018-000077-CIV,FL_2018_000077_CIV,0.0,0.0001305620236425,343.0,0.0
ST-2012-000061-VNM,ST_2012_000061_VNM,0.0,0.0002079278193578,244.0,0.0
FL-2015-000053-CAF,FL_2015_000053_CAF,0.0,1.876539082565061e-05,887.0,0.0
FL-2006-000164-TZA,FL_2006_000164_TZA,0.0,1.5182486171742816e-05,935.0,0.0
FL-2019-000067-UGA,FL_2019_000067_UGA,0.0,3.127944947099268e-05,757.0,0.0
FL-2007-000199-THA,FL_2007_000199_THA,0.0,0.00026814768206,179.0,0.0
FL-1994-000007-VNM,FL_1994_000007_VNM,0.0,0.0002435250908812,205.0,0.0
FL-1999-000350-CRI,FL_1999_000350_CRI,0.0,9.104120199160629e-06,1012.0,0.0
FL-2018-000014-ARG,FL_2018_000014_ARG,0.0,7.974348562864193e-05,489.0,0.0
FL-2019-000033-PRY,FL_2019_000033_PRY,0.0,6.1539794287492e-06,1072.0,0.0
FL-1999-000286-GMB,FL_1999_000286_GMB,0.0,8.718566013485051e-05,464.0,0.0
FL-2001-000146-AGO,FL_2001_000146_AGO,0.0,3.578867018803994e-05,716.0,0.0
FL-2002-000510-MEX,FL_2002_000510_MEX,0.0,0.0001359398090917,339.0,0.0
FL-2011-000123-RUS,FL_2011_000123_RUS,0.0,0.0002681407100628,180.0,0.0
FL-2007-000154-MEX,FL_2007_000154_MEX,0.0,0.0005093215917487,77.0,0.0
FL-2022-000382-ZAF,FL_2022_000382_ZAF,0.0,0.0001692432360807,295.0,0.0
FL-2012-000141-NER,FL_2012_000141_NER,0.0,0.0001636651609445,301.0,0.0
FL-2001-000417-SDN,FL_2001_000417_SDN,0.0,0.0002062038800031,249.0,0.0
FL-2009-000101-PAN,FL_2009_000101_PAN,0.0,4.468627733126089e-07,1198.0,0.0
FL-2006-000189-MYS,FL_2006_000189_MYS,0.0,1.8913224008922333e-05,883.0,0.0
FL-2014-000098-SDN,FL_2014_000098_SDN,0.0,0.0003156874522191,140.0,0.0
FL-2015-000105-GIN,FL_2015_000105_GIN,0.0,0.000626706307049,61.0,0.0
FL-2018-000120-NGA,FL_2018_000120_NGA,0.0,0.0007946235887806,39.0,0.0
FL-2017-000134-CAF,FL_2017_000134_CAF,0.0,2.9135188104548212e-05,775.0,0.0
FL-2013-000068-CZE,FL_2013_000068_CZE,0.0,1.1577262345664637e-06,1178.0,0.0
FL-2008-000038-ARG,FL_2008_000038_ARG,0.0,2.82006876403582e-06,1143.0,0.0
FL-2012-000174-BEN,FL_2012_000174_BEN,0.0,1.7587888250552402e-05,901.0,0.0
FL-2008-000191-CRI,FL_2008_000191_CRI,0.0,2.343748997227254e-06,1152.0,0.0
FL-1999-000160-PER,FL_1999_000160_PER,0.0,0.0002486651835424,192.0,0.0
FL-2015-000110-ARG,FL_2015_000110_ARG,0.0,1.7339195971765123e-05,906.0,0.0
FL-2010-000162-HND,FL_2010_000162_HND,0.0,0.0001455788668831,323.0,0.0
FL-2012-000056-PRY,FL_2012_000056_PRY,0.0,2.998607008455049e-05,766.0,0.0
FL-2007-000200-MEX,FL_2007_000200_MEX,0.0,0.0008591092230267,34.0,0.0
FL-2009-000240-PAN,FL_2009_000240_PAN,0.0,1.564577348353626e-05,926.0,0.0
FL-2008-000158-PAN,FL_2008_000158_PAN,0.0,0.0001190510387487,370.0,0.0
FL-2009-000129-CAF,FL_2009_000129_CAF,0.0,5.994897410196135e-05,563.0,0.0
FL-2017-000004-THA,FL_2017_000004_THA,0.0,8.950807960470614e-05,446.0,0.0
FF-2013-000118-BEN,FF_2013_000118_BEN,0.0,2.529241825515934e-05,815.0,0.0
FL-2005-000157-MDA,FL_2005_000157_MDA,0.0,8.887812940161446e-06,1018.0,0.0
FL-2007-000174-CAF,FL_2007_000174_CAF,0.0,4.409120383593505e-05,662.0,0.0
FL-2011-000196-IDN,FL_2011_000196_IDN,0.0,5.556928845694637e-06,1081.0,0.0
FL-2013-000055-UGA,FL_2013_000055_UGA,0.0,5.1835673650328216e-05,604.0,0.0
FL-2009-000226-PRY,FL_2009_000226_PRY,0.0,4.730892929645757e-05,635.0,0.0
FL-2006-000065-TZA,FL_2006_000065_TZA,0.0,2.5562824940825452e-05,813.0,0.0
FL-2021-000096-PAN,FL_2021_000096_PAN,0.0,0.0001397263635182,329.0,0.0
FL-2003-000571-DOM,FL_2003_000571_DOM,0.0,4.742989641520125e-06,1097.0,0.0
FL-2009-000198-BEN,FL_2009_000198_BEN,0.0,0.0001496796888647,318.0,0.0
FL-2003-000482-MEX,FL_2003_000482_MEX,0.0,0.0003709373654537,114.0,0.0
FL-2011-000118-GTM,FL_2011_000118_GTM,0.0,1.724811961029015e-05,910.0,0.0
FL-1998-000080-ARG,FL_1998_000080_ARG,0.0,1.355842620759576e-05,955.0,0.0
FL-2009-000133-ZAF,FL_2009_000133_ZAF,0.0,0.0001426339488162,326.0,0.0
FL-2011-000059-CHN,FL_2011_000059_CHN,0.0,6.657994668386041e-05,542.0,0.0
FL-2003-000293-TLS,FL_2003_000293_TLS,0.0,5.583357852058917e-05,591.0,0.0
FL-2003-000331-CHN,FL_2003_000331_CHN,0.0,7.315109281653854e-06,1053.0,0.0
FF-2018-000030-KEN,FF_2018_000030_KEN,0.0,1.7264388229393294e-05,909.0,0.0
FL-2016-000091-NER,FL_2016_000091_NER,0.0,0.0006180061906773,62.0,0.0
FL-2015-000040-SOM,FL_2015_000040_SOM,0.0,0.0003859533262753,108.0,0.0
FL-2009-000135-MEX,FL_2009_000135_MEX,0.0,0.0007538183993818,44.0,0.0
FL-2013-000017-PNG,FL_2013_000017_PNG,0.0,2.947835082277375e-05,770.0,0.0
FL-2000-000408-VNM,FL_2000_000408_VNM,0.0,2.687308704938124e-05,800.0,0.0
FL-2005-000129-SDN,FL_2005_000129_SDN,0.0,6.975802825757406e-05,525.0,0.0
FL-2022-000277-SDN,FL_2022_000277_SDN,0.0,0.0002475674651278,196.0,0.0
FL-2003-000220-NAM,FL_2003_000220_NAM,0.0,3.956309323876505e-05,687.0,0.0
FL-2008-000180-NIC,FL_2008_000180_NIC,0.0,0.0002958006869385,152.0,0.0
FL-2015-000081-PHL,FL_2015_000081_PHL,0.0,0.0002102119806734,241.0,0.0
FL-2018-000165-CRI,FL_2018_000165_CRI,0.0,0.0002152583367797,237.0,0.0
FL-2009-000010-FJI,FL_2009_000010_FJI,0.0,0.0018180144989672,13.0,0.0
FL-2021-000005-IDN,FL_2021_000005_IDN,0.0,0.0001322181900311,342.0,0.0
FL-2010-000036-CYP,FL_2010_000036_CYP,0.0,0.000229665683922,222.0,0.0
FL-2021-000061-MYS,FL_2021_000061_MYS,0.0,5.719986701155872e-05,581.0,0.0
FL-2016-000026-PNG,FL_2016_000026_PNG,0.0,0.0018609874890709,11.0,0.0
FL-2000-000191-HUN,FL_2000_000191_HUN,0.0,5.98838505385176e-06,1075.0,0.0
FF-2012-000115-RUS,FF_2012_000115_RUS,0.0,1.698228089743438e-06,1166.0,0.0
FL-2014-000123-SSD,FL_2014_000123_SSD,0.0,4.957453309516358e-05,621.0,0.0
FL-1999-000161-LKA,FL_1999_000161_LKA,0.0,8.887080762373973e-06,1019.0,0.0
FL-2016-000071-LBR,FL_2016_000071_LBR,0.0,5.6292824627659664e-05,584.0,0.0
FL-2007-000138-UGA,FL_2007_000138_UGA,0.0,1.987068625047529e-05,871.0,0.0
FL-2004-000120-CRI,FL_2004_000120_CRI,0.0,1.6456375673179962e-05,916.0,0.0
FL-2007-000051-TUN,FL_2007_000051_TUN,0.0,3.736030207555405e-05,708.0,0.0
FL-2006-000025-PNG,FL_2006_000025_PNG,0.0,2.1288076852473773e-05,858.0,0.0
FL-2004-000116-CAF,FL_2004_000116_CAF,0.0,6.826545985334115e-05,535.0,0.0
FL-2013-000011-ZWE,FL_2013_000011_ZWE,0.0,6.999559305547034e-05,521.0,0.0
FL-2000-000617-BGD,FL_2000_000617_BGD,0.0,1.9407909178213187e-07,1212.0,0.0
FL-2001-000696-BRA,FL_2001_000696_BRA,0.0,0.0001637354967487,300.0,0.0
FL-2022-000348-CRI,FL_2022_000348_CRI,0.0,0.0001034658267031,412.0,0.0
FL-2004-000031-CHN,FL_2004_000031_CHN,0.0,0.0001612892440239,303.0,0.0
FL-2005-000137-CAF,FL_2005_000137_CAF,0.0,1.6377909777069207e-05,917.0,0.0
FL-2017-000088-SDN,FL_2017_000088_SDN,0.0,0.0001730062763164,289.0,0.0
FL-2021-000019-PER,FL_2021_000019_PER,0.0,1.7899675038913247e-06,1164.0,0.0
FL-2008-000230-CUB,FL_2008_000230_CUB,0.0,5.457410282137867e-05,595.0,0.0
FL-2012-000129-SDN,FL_2012_000129_SDN,0.0,0.0008500641055768,35.0,0.0
FL-2009-000179-LBR,FL_2009_000179_LBR,0.0,5.978929916412473e-06,1076.0,0.0
FF-2010-000094-HUN,FF_2010_000094_HUN,0.0,1.5596116477685706e-05,928.0,0.0
FL-2002-000263-CRI,FL_2002_000263_CRI,0.0,7.589520539869053e-06,1049.0,0.0
FL-2016-000123-DOM,FL_2016_000123_DOM,0.0,3.947038189073326e-05,688.0,0.0
FL-2002-000325-JAM,FL_2002_000325_JAM,0.0,5.167672165923946e-06,1089.0,0.0
FL-2009-000192-MEX,FL_2009_000192_MEX,0.0,0.0001036078380758,411.0,0.0
FL-2020-000210-VNM,FL_2020_000210_VNM,0.0,0.0044059115193429,8.0,0.0
FL-2010-000136-YEM,FL_2010_000136_YEM,0.0,6.328835032390475e-05,557.0,0.0
FL-2004-000023-CRI,FL_2004_000023_CRI,0.0,4.1198627475966505e-07,1200.0,0.0
FL-2012-000126-PAN,FL_2012_000126_PAN,0.0,0.000185919594233,271.0,0.0
FL-2013-000108-SSD,FL_2013_000108_SSD,0.0,0.0001108833908091,386.0,0.0
FL-2009-000044-BIH,FL_2009_000044_BIH,0.0,1.2543804059166658e-06,1173.0,0.0
FL-2020-000176-SDN,FL_2020_000176_SDN,0.0,6.344076839273506e-05,555.0,0.0
FL-2012-000067-RWA,FL_2012_000067_RWA,0.0,4.35813583338866e-05,666.0,0.0
FL-2007-000165-BEN,FL_2007_000165_BEN,0.0,0.000160749778334,305.0,0.0
FL-2001-000227-RUS,FL_2001_000227_RUS,0.0,4.395789494941584e-05,663.0,0.0
FL-1999-000391-MEX,FL_1999_000391_MEX,0.0,0.0001198466696495,364.0,0.0
FL-2004-000094-CHN,FL_2004_000094_CHN,0.0,0.000316292262081,139.0,0.0
FL-2007-000227-ZWE,FL_2007_000227_ZWE,0.0,0.00023601275446,217.0,0.0
FL-2013-000116-NGA,FL_2013_000116_NGA,0.0,6.734841408522545e-05,538.0,0.0
FL-2012-000192-COD,FL_2012_000192_COD,0.0,1.9995271113222412e-05,870.0,0.0
FL-2012-000164-CAF,FL_2012_000164_CAF,0.0,0.0001088640571503,393.0,0.0
FL-2016-000085-MLI,FL_2016_000085_MLI,0.0,0.0005785417945454,68.0,0.0
FL-2007-000176-CRI,FL_2007_000176_CRI,0.0,2.632473687877653e-05,804.0,0.0
FL-2007-000159-RWA,FL_2007_000159_RWA,0.0,6.482156295992471e-06,1068.0,0.0
FL-2008-000086-MEX,FL_2008_000086_MEX,0.0,0.0003365551333631,124.0,0.0
FL-2009-000166-SDN,FL_2009_000166_SDN,0.0,0.0001044557181109,409.0,0.0
FL-2022-000365-PAN,FL_2022_000365_PAN,0.0,1.950932521510079e-06,1159.0,0.0
FL-2007-000009-PER,FL_2007_000009_PER,0.0,0.0001258956729512,354.0,0.0
FL-2020-000185-PAK,FL_2020_000185_PAK,0.0,4.363034344564162e-05,665.0,0.0
FL-2010-000121-DOM,FL_2010_000121_DOM,0.0,0.0003704198323071,115.0,0.0
FL-2009-000121-CZE,FL_2009_000121_CZE,0.0,5.205739534205971e-06,1088.0,0.0
FF-2020-000168-MNG,FF_2020_000168_MNG,0.0,8.708463417482472e-05,465.0,0.0
FL-1997-000166-ROM,FL_1997_000166_ROM,0.0,9.24338416067297e-05,440.0,0.0
FL-1997-000142-CZE,FL_1997_000142_CZE,0.0,2.332278247282172e-07,1211.0,0.0
FF-2021-000090-SDN,FF_2021_000090_SDN,0.0,0.0006385120254854,59.0,0.0
FL-2002-000755-CRI,FL_2002_000755_CRI,0.0,4.518855671424769e-05,655.0,0.0
FL-1999-000423-TGO,FL_1999_000423_TGO,0.0,9.635254170658889e-06,1002.0,0.0
FL-2020-000199-MRT,FL_2020_000199_MRT,0.0,0.0002496231531043,190.0,0.0
FL-1997-000049-TZA,FL_1997_000049_TZA,0.0,6.449436756370012e-05,551.0,0.0
FL-2019-000064-SDN,FL_2019_000064_SDN,0.0,0.0001132691298869,380.0,0.0
FL-2007-000106-IDN,FL_2007_000106_IDN,0.0,1.2840091566535623e-05,968.0,0.0
FL-2006-000124-UGA,FL_2006_000124_UGA,0.0,0.0003774296482404,112.0,0.0
FL-2009-000100-DOM,FL_2009_000100_DOM,0.0,3.236925595418767e-06,1132.0,0.0
FL-2001-000117-PER,FL_2001_000117_PER,0.0,0.0002365704350874,216.0,0.0
FL-2012-000198-PAN,FL_2012_000198_PAN,0.0,6.378211752213318e-07,1190.0,0.0
FL-2010-000119-PAN,FL_2010_000119_PAN,0.0,2.1717951295311773e-05,851.0,0.0
FL-2008-000246-GUY,FL_2008_000246_GUY,0.0,2.712818727473092e-05,795.0,0.0
FL-2007-000086-PAN,FL_2007_000086_PAN,0.0,7.694358313520926e-06,1046.0,0.0
FL-2021-000092-CRI,FL_2021_000092_CRI,0.0,1.46842200055948e-05,942.0,0.0
FL-2010-000225-PAN,FL_2010_000225_PAN,0.0,1.5406071195483355e-05,930.0,0.0
FL-2021-000153-UGA,FL_2021_000153_UGA,0.0,1.2408303543628137e-06,1174.0,0.0
FL-2008-000035-PRY,FL_2008_000035_PRY,0.0,3.876996045910127e-05,696.0,0.0
FF-2008-000233-PHL,FF_2008_000233_PHL,0.0,2.863148137612264e-05,779.0,0.0
FL-2009-000095-TJK,FL_2009_000095_TJK,0.0,6.166362968792505e-05,561.0,0.0
FL-2004-000115-PAN,FL_2004_000115_PAN,0.0,1.880452089400902e-05,886.0,0.0
FL-2011-000183-TZA,FL_2011_000183_TZA,0.0,4.5904412910682425e-05,646.0,0.0
FL-2018-000128-SDN,FL_2018_000128_SDN,0.0,0.000395873163463,101.0,0.0
FL-2005-000111-ROM,FL_2005_000111_ROM,0.0,8.39629695537863e-06,1029.0,0.0
FL-2009-000127-BEN,FL_2009_000127_BEN,0.0,8.768147752823104e-05,459.0,0.0
FL-2015-000079-CRI,FL_2015_000079_CRI,0.0,1.2635949473650344e-05,969.0,0.0
FF-2020-000153-BIH,FF_2020_000153_BIH,0.0,3.540091592969396e-05,719.0,0.0
FL-2020-000029-TZA,FL_2020_000029_TZA,0.0,2.525734543561223e-07,1209.0,0.0
FL-2019-000145-TZA,FL_2019_000145_TZA,0.0,6.187372612617351e-05,558.0,0.0
FL-2006-000151-PAN,FL_2006_000151_PAN,0.0,7.772903273018903e-05,499.0,0.0
FL-2014-000053-TZA,FL_2014_000053_TZA,0.0,0.0007860866061087,40.0,0.0
FL-2006-000085-UKR,FL_2006_000085_UKR,0.0,1.750325226150904e-05,903.0,0.0
FL-2011-000164-CAF,FL_2011_000164_CAF,0.0,7.460178071049412e-05,507.0,0.0
FL-2012-000098-GTM,FL_2012_000098_GTM,0.0,7.496847373807543e-06,1050.0,0.0
FL-2008-000102-CIV,FL_2008_000102_CIV,0.0,0.0003313968897562,130.0,0.0
FL-2005-000062-TZA,FL_2005_000062_TZA,0.0,2.380759957111221e-05,828.0,0.0
FL-2009-000031-DOM,FL_2009_000031_DOM,0.0,3.722495602193541e-05,710.0,0.0
FL-2002-000479-CZE,FL_2002_000479_CZE,0.0,1.3887572719005606e-06,1170.0,0.0
FL-2013-000112-CAF,FL_2013_000112_CAF,0.0,9.453917668404565e-05,434.0,0.0
FL-2008-000231-PAN,FL_2008_000231_PAN,0.0,1.4224269830793629e-05,946.0,0.0
FL-2012-000009-FJI,FL_2012_000009_FJI,0.0,6.707043522023837e-05,540.0,0.0
FL-2010-000139-SDN,FL_2010_000139_SDN,0.0,0.0009906349312757,28.0,0.0
FL-1997-000111-ARM,FL_1997_000111_ARM,0.0,5.238323653858668e-06,1087.0,0.0
FL-2011-000051-RWA,FL_2011_000051_RWA,0.0,8.890865190741254e-07,1184.0,0.0
FL-2019-000171-LKA,FL_2019_000171_LKA,0.0,0.000199585078338,257.0,0.0
FL-2016-000072-SDN,FL_2016_000072_SDN,0.0,6.904382604847203e-05,528.0,0.0
FL-2004-000100-PAN,FL_2004_000100_PAN,0.0,8.934996811734774e-06,1017.0,0.0
FL-2011-000133-MEX,FL_2011_000133_MEX,0.0,0.0003715692683083,113.0,0.0
FL-2003-000647-TLS,FL_2003_000647_TLS,0.0,7.077228551724196e-05,518.0,0.0
FL-2008-000232-CRI,FL_2008_000232_CRI,0.0,1.880932075862e-05,885.0,0.0
FL-2011-000180-PAN,FL_2011_000180_PAN,0.0,3.8499314128715e-06,1116.0,0.0
FL-2005-000110-BIH,FL_2005_000110_BIH,0.0,2.289992719294088e-05,839.0,0.0
FL-2019-000048-TZA,FL_2019_000048_TZA,0.0,4.706402568781133e-05,636.0,0.0
FL-2013-000024-MKD,FL_2013_000024_MKD,0.0,2.2124500180490044e-05,848.0,0.0
FL-2008-000185-SOM,FL_2008_000185_SOM,0.0,8.326107581169626e-05,474.0,0.0
FL-2009-000136-BIH,FL_2009_000136_BIH,0.0,3.509729064986915e-05,721.0,0.0
FL-2008-000250-THA,FL_2008_000250_THA,0.0,2.544295543151289e-05,814.0,0.0
FL-2019-000030-IRQ,FL_2019_000030_IRQ,0.0,3.923479215441151e-05,689.0,0.0
FL-2017-000110-MLI,FL_2017_000110_MLI,0.0,0.0003275966410376,133.0,0.0
FL-2005-000166-CRI,FL_2005_000166_CRI,0.0,7.725857450394056e-06,1045.0,0.0
FL-2007-000077-CHN,FL_2007_000077_CHN,0.0,5.8655070277407605e-05,569.0,0.0
FF-2013-000091-SDN,FF_2013_000091_SDN,0.0,9.094557928697664e-06,1013.0,0.0
FL-2005-000138-PNG,FL_2005_000138_PNG,0.0,2.231503244232357e-05,846.0,0.0
FF-2007-000100-MLI,FF_2007_000100_MLI,0.0,0.0001723306168439,291.0,0.0
FL-2004-000044-BGD,FL_2004_000044_BGD,0.0,3.386270296845972e-07,1203.0,0.0
FL-1998-000251-SDN,FL_1998_000251_SDN,0.0,0.0001450557378076,324.0,0.0
FL-2014-000150-SOM,FL_2014_000150_SOM,0.0,0.0001240776034988,358.0,0.0
FL-2019-000098-CAF,FL_2019_000098_CAF,0.0,1.9009877422462723e-05,882.0,0.0
FL-1998-000112-TZA,FL_1998_000112_TZA,0.0,0.0001073751107979,399.0,0.0
FL-2008-000207-SDN,FL_2008_000207_SDN,0.0,9.866254805488062e-05,427.0,0.0
FL-2009-000039-CRI,FL_2009_000039_CRI,0.0,0.0001137084945903,379.0,0.0
FL-2021-000135-GIN,FL_2021_000135_GIN,0.0,0.0001302999042525,345.0,0.0
FL-2020-000196-NGA,FL_2020_000196_NGA,0.0,0.0003398059076339,122.0,0.0
FL-2001-000332-IND,FL_2001_000332_IND,0.0,0.0001702602130718,293.0,0.0
FL-2009-000139-PAK,FL_2009_000139_PAK,0.0,8.468797245206837e-05,471.0,0.0
FL-2008-000125-SDN,FL_2008_000125_SDN,0.0,0.0001189495320231,371.0,0.0
FL-2006-000123-SDN,FL_2006_000123_SDN,0.0,4.7754249555064856e-05,633.0,0.0
FL-2006-000178-JAM,FL_2006_000178_JAM,0.0,1.17171446590518e-06,1177.0,0.0
FF-2014-000009-TZA,FF_2014_000009_TZA,0.0,7.972315428947832e-05,490.0,0.0
