match_id,era5_event_id,cnn_bayesian_score,kg_bayesian_score,kg_rank,attribution_weight
FF-2018-000030-KEN,FF_2018_000030_KEN,0.111690074,1.1016965741280071,1.0,0.13030508633333335
FF-2006-000046-KEN,FF_2006_000046_KEN,0.071688116,0.0201066424487613,2.0,0.08192927542857142
FL-2007-000221-KEN,FL_2007_000221_KEN,0.068692766,0.0021058876453578,22.0,0.07123694251851852
FL-2013-000004-KEN,FL_2013_000004_KEN,0.05427677,0.0007109400283189,57.0,0.05515220177419355
FL-2010-000003-KEN,FL_2010_000003_KEN,0.05121137,0.0017940217542357,24.0,0.05297727931034483
FL-2007-000076-KEN,FL_2007_000076_KEN,0.04717228,0.0100518409198037,4.0,0.05241364444444444
FL-2004-000020-KEN,FL_2004_000020_KEN,0.049492314,0.0012991973056819,29.0,0.05094797029411764
FF-2012-000062-KEN,FF_2012_000062_KEN,0.024038864,0.0040499272892329,11.0,0.025541293
FL-2009-000218-KEN,FL_2009_000218_KEN,0.01877618,0.0037554788432505,13.0,0.01981930111111111
FL-2008-000217-KEN,FL_2008_000217_KEN,0.018149288,0.0008556532575284,51.0,0.01847338242857143
FL-2013-000038-KEN,FL_2013_000038_KEN,0.015879223,0.0005967570591974,68.0,0.016096746602739728
FL-2021-000038-KEN,FL_2021_000038_KEN,0.014166251,0.0062510719015798,7.0,0.015346771916666665
FL-2019-000138-KEN,FL_2019_000138_KEN,0.012333283,0.0118837864287785,3.0,0.013874943375
FL-2002-000265-KEN,FL_2002_000265_KEN,0.010509209,0.0030382827758988,16.0,0.011009647523809524
FL-2020-000128-KEN,FL_2020_000128_KEN,0.010461668,0.0011368771505338,33.0,0.01073697505263158
FL-1997-000255-KEN,FL_1997_000255_KEN,0.010413808,0.0009427336835553,44.0,0.010626334693877552
FL-2015-000169-KEN,FL_2015_000169_KEN,0.01019909,0.000785219073102,52.0,0.010378021403508771
FL-2016-000042-KEN,FL_2016_000042_KEN,0.008842164,0.0035213081149243,14.0,0.009307541052631579
FF-2008-000092-KEN,FF_2008_000092_KEN,0.008368483,0.0055189512449275,8.0,0.00901221246153846
FL-2007-000139-KEN,FL_2007_000139_KEN,0.005742838,0.0086350085632805,5.0,0.0063171218000000005
FL-2010-000174-KEN,FL_2010_000174_KEN,0.0048239166,0.0022120176411932,20.0,0.0050168732640000005
FL-2013-000019-PER,FL_2013_000019_PER,0.0045201117,3.864330775478593e-07,1156.0,0.004524004991731266
FL-2011-000115-KEN,FL_2011_000115_KEN,0.0034387384,0.0074390562615633,6.0,0.0037513509818181815
FL-2011-000198-PER,FL_2011_000198_PER,0.002416109,9.031486890844174e-05,313.0,0.0024237068270440256
FL-2008-000089-IND,FL_2008_000089_IND,0.0017287463,8.699970326497048e-05,322.0,0.0017340329859327217
FL-2003-000051-PER,FL_2003_000051_PER,0.0013977323,4.472948115484796e-05,491.0,0.0014005503086693548
FL-2017-000014-PER,FL_2017_000014_PER,0.0013512949,5.625794577200366e-05,431.0,0.0013543942002293577
FL-2019-000015-PER,FL_2019_000015_PER,0.001175922,6.212147140226578e-05,402.0,0.0011788112432432434
FL-2008-000031-PER,FL_2008_000031_PER,0.0011669073,0.0001476363147715,220.0,0.0011720935546666667
FL-1999-000160-PER,FL_1999_000160_PER,0.0011530161,2.067982518348793e-05,675.0,0.0011547117119117647
FL-2019-000034-BOL,FL_2019_000034_BOL,0.001074825,0.0032990493587871,15.0,0.00112856625
FL-2006-000031-PER,FL_2006_000031_PER,0.0010673475,2.865810525300425e-05,604.0,0.0010691001231527093
FL-2003-000012-BOL,FL_2003_000012_BOL,0.00086748647,3.0558513657925805e-06,1007.0,0.00086834367006917
FL-1998-000392-IND,FL_1998_000392_IND,0.00074326264,1.0211787610830045e-05,815.0,0.0007441690578536585
FL-1999-000235-IRN,FL_1999_000235_IRN,0.00074272807,3.792226492196647e-05,535.0,0.0007441034923518519
FL-2021-000066-GUY,FL_2021_000066_GUY,0.00067078945,5.690889523366024e-05,427.0,0.0006723422033564815
FL-2009-000261-PER,FL_2009_000261_PER,0.0006276156,8.564886717810059e-05,326.0,0.0006295117196374623
FL-2008-000213-PER,FL_2008_000213_PER,0.00061413855,2.7385377409729245e-05,616.0,0.0006151275009661836
FL-2007-000009-PER,FL_2007_000009_PER,0.0005340662,0.00010277344227,278.0,0.0005359533597173145
FL-2021-000019-PER,FL_2021_000019_PER,0.00051984715,0.0004702491024246,84.0,0.0005256881292134832
FL-2012-000067-RWA,FL_2012_000067_RWA,0.00049106404,0.0001921051049135,183.0,0.0004936760827659574
FL-2015-000153-IRQ,FL_2015_000153_IRQ,0.00048213938,0.0004821503019266,82.0,0.0004876812119540231
FL-2001-000117-PER,FL_2001_000117_PER,0.0004609196,8.594738295595354e-05,324.0,0.00046232057142857146
FL-2012-000153-IDN,FL_2012_000153_IDN,0.00037635947,0.0001152961074968,255.0,0.00037780700642307694
FL-2009-000226-PRY,FL_2009_000226_PRY,0.00036925933,7.070670653881213e-05,369.0,0.0003702466544117647
FL-2008-000198-BLZ,FL_2008_000198_BLZ,0.00036578026,1.736040708389061e-08,1209.0,0.0003660815616968699
FL-2002-000077-PER,FL_2002_000077_PER,0.00034868045,0.0001444703704018,224.0,0.00035020307205240175
FL-2019-000033-PRY,FL_2019_000033_PRY,0.00034754194,3.719437534092276e-05,540.0,0.0003481796316330275
FL-2006-000172-COG,FL_2006_000172_COG,0.00033811425,7.501482833598399e-05,357.0,0.00033904826726519337
FL-1997-000530-PER,FL_1997_000530_PER,0.00032909433,6.92797172526338e-07,1132.0,0.00032938377092348286
FL-2006-000145-GIN,FL_2006_000145_GIN,0.00028623748,4.429617044161045e-05,493.0,0.0002868122540562249
FL-2014-000154-IDN,FL_2014_000154_IDN,0.0002648789,0.0003926447692277,97.0,0.0002674757519607843
FL-2020-000202-GIN,FL_2020_000202_GIN,0.00026128293,5.531148169147181e-05,434.0,0.0002618781075170843
FL-2015-000105-GIN,FL_2015_000105_GIN,0.0002586604,4.667521141300027e-05,480.0,0.00025919372041237115
FF-2009-000229-SOM,FF_2009_000229_SOM,0.00024913816,0.0001796218619123,194.0,0.0002503901105527638
FL-2009-000132-GHA,FL_2009_000132_GHA,0.00022258236,2.9332140655261855e-05,596.0,0.00022295271334442596
FL-2015-000011-PER,FL_2015_000011_PER,0.00021344192,0.0002337098527993,153.0,0.0002147928182278481
FL-2001-000180-IRN,FL_2001_000180_IRN,0.0002000783,1.1860608235947688e-05,783.0,0.00020033220647208125
FL-2016-000114-EGY,FL_2016_000114_EGY,0.00017478314,4.1008283002348834e-06,973.0,0.00017496185486707565
FL-2007-000231-BOL,FL_2007_000231_BOL,0.0001718624,5.81466671209917e-06,922.0,0.0001720477963322546
FL-1997-000207-SYC,FL_1997_000207_SYC,0.00016964498,4.741701757840594e-05,477.0,0.00016999694053941908
FL-2011-000020-BOL,FL_2011_000020_BOL,0.0001613326,1.7494788506287454e-05,715.0,0.00016155667305555555
FL-2012-000098-GTM,FL_2012_000098_GTM,0.00015354091,1.615211413731178e-07,1186.0,0.0001536698276406381
FL-2022-000305-GIN,FL_2022_000305_GIN,0.00015071544,7.297228960306045e-05,362.0,0.00015112610877384195
FL-2013-000041-GHA,FL_2013_000041_GHA,0.00013721755,9.627415876685189e-06,827.0,0.00013738247493990386
FL-2009-000117-GTM,FL_2009_000117_GTM,0.00013560451,2.811800021769716e-05,611.0,0.00013582464719155845
FL-2006-000112-ETH,FL_2006_000112_ETH,0.00013287514,1.713418818365735e-06,1056.0,0.00013300037575871817
FL-2015-000093-GUY,FL_2015_000093_GUY,0.00013085146,1.3497945014092309e-05,758.0,0.0001310229560157274
FL-2013-000076-PRY,FL_2013_000076_PRY,0.00012661786,0.0015102577218285,26.0,0.00013070230709677418
FL-2007-000189-NIC,FL_2007_000189_NIC,0.00012377692,5.280786872770613e-06,933.0,0.00012390887833688702
FL-2018-000092-MNG,FL_2018_000092_MNG,0.000121993435,0.0003364984892944,107.0,0.00012308266209821428
FL-2003-000316-IND,FL_2003_000316_IND,0.00011523081,2.8525743234891013e-05,606.0,0.00011541940379705401
FF-2011-000049-IRQ,FF_2011_000049_IRQ,0.000110295936,0.0010679800650385,35.0,0.00011305333439999999
FL-2009-000045-BOL,FL_2009_000045_BOL,0.000109317276,1.7589925738662174e-05,714.0,0.00010946931671766343
FL-2010-000259-AUS,FL_2010_000259_AUS,0.000100964215,1.800231334491405e-05,706.0,0.00010110621811533053
FL-2008-000180-NIC,FL_2008_000180_NIC,9.768095e-05,1.818665970716804e-05,704.0,9.781872284908322e-05
FL-2011-000131-GIN,FL_2011_000131_GIN,9.621452e-05,8.17523009315025e-06,859.0,9.632587939814816e-05
FL-2013-000070-IND,FL_2013_000070_IND,9.3741284e-05,2.858024088725944e-05,605.0,9.389495823606558e-05
FF-2022-000274-IRN,FF_2022_000274_IRN,8.609689e-05,0.0002527619747678,141.0,8.668659472602741e-05
FL-2014-000030-PRY,FL_2014_000030_PRY,8.113953e-05,4.619724257983687e-06,951.0,8.122440398535565e-05
FL-2007-000217-SRB,FL_2007_000217_SRB,7.7293436e-05,1.0264684949637063e-06,1106.0,7.736300704950494e-05
FL-1999-000213-IND,FL_1999_000213_IND,7.493867e-05,0.0010361471579356,36.0,7.676644243902439e-05
FL-2017-000083-GIN,FL_2017_000083_GIN,7.52407e-05,0.000156242397216,209.0,7.559229205607478e-05
FL-2019-000084-IND,FL_2019_000084_IND,7.4082636e-05,1.6597778013120942e-05,727.0,7.418384178688525e-05
FL-2001-000332-IND,FL_2001_000332_IND,7.322869e-05,8.775323282140671e-06,847.0,7.331463916666667e-05
FL-2002-000225-ETH,FL_2002_000225_ETH,7.3068506e-05,3.1686861821083256e-05,578.0,7.31938379142367e-05
FL-2011-000059-CHN,FL_2011_000059_CHN,7.1354094e-05,0.0003369543231982,106.0,7.199692367567567e-05
FL-2017-000095-GHA,FL_2017_000095_GHA,6.9793794e-05,3.35667597821821e-05,566.0,6.991602481260946e-05
FL-2022-000356-ETH,FL_2022_000356_ETH,6.7574394e-05,3.4682955825532896e-05,559.0,6.769420675531914e-05
FL-2006-000010-BOL,FL_2006_000010_BOL,6.746404e-05,5.232748719280064e-06,936.0,6.753573398512222e-05
FL-2011-000124-ETH,FL_2011_000124_ETH,6.714987e-05,0.0001543304054896,212.0,6.745931640552996e-05
FL-2001-000314-GHA,FL_2001_000314_GHA,6.453952e-05,6.619381959392555e-05,382.0,6.470628878552971e-05
FL-1997-000022-BOL,FL_1997_000022_BOL,6.159245e-05,4.560983411451361e-06,953.0,6.16567427453027e-05
FL-2010-000179-ETH,FL_2010_000179_ETH,6.1000846e-05,1.3722367702323273e-05,756.0,6.108100479894875e-05
FL-2011-000045-GTM,FL_2011_000045_GTM,5.8480753e-05,1.386777731385008e-08,1213.0,5.85287667545156e-05
FL-2019-000135-GHA,FL_2019_000135_GHA,5.7301433e-05,5.0075202685147993e-05,461.0,5.7424397448497844e-05
FL-2015-000088-IRN,FL_2015_000088_IRN,5.408059e-05,0.0001310045385897,232.0,5.430877814345991e-05
FL-1997-000144-CHN,FL_1997_000144_CHN,5.3838296e-05,5.246240328323556e-05,448.0,5.395714433554084e-05
FL-2007-000122-VNM,FL_2007_000122_VNM,5.302484e-05,4.573805121988116e-05,484.0,5.313327525562372e-05
FL-1993-000013-PHL,FL_1993_000013_PHL,5.264165e-05,2.9710964306355017e-05,592.0,5.2729826968174206e-05
FF-2012-000101-GAB,FF_2012_000101_GAB,5.0777813e-05,0.0009612445316476,42.0,5.1858191999999996e-05
FL-1999-000315-GHA,FL_1999_000315_GHA,5.1665185e-05,2.6425776626718678e-06,1024.0,5.1715394120505344e-05
FL-2018-000134-IND,FL_2018_000134_IND,5.100879e-05,5.802085691201368e-06,923.0,5.1063756368534484e-05
FL-2003-000621-BOL,FL_2003_000621_BOL,4.9866703e-05,2.7070338292912065e-05,621.0,4.994636226996805e-05
FL-2006-000158-PRK,FL_2006_000158_PRK,4.8264686e-05,8.819181442218834e-06,846.0,4.832140125969448e-05
FL-2019-000101-NER,FL_2019_000101_NER,4.7273425e-05,6.865109707198888e-05,374.0,4.739815699208443e-05
FL-2002-000374-IND,FL_2002_000374_IND,4.6467278e-05,8.170848884082371e-05,338.0,4.660275111370263e-05
FL-2007-000130-CIV,FL_2007_000130_CIV,4.6275338e-05,0.0001590786937732,206.0,4.649465239810426e-05
FL-2002-000510-MEX,FL_2002_000510_MEX,4.63789e-05,4.101433055939392e-05,512.0,4.64686077369439e-05
FL-2010-000049-AGO,FL_2010_000049_AGO,4.6172612e-05,3.1910684082752275e-05,576.0,4.625208293287436e-05
FL-1999-000253-PHL,FL_1999_000253_PHL,4.4843546e-05,9.84805305902086e-05,286.0,4.499764753264604e-05
FL-2011-000106-GHA,FL_2011_000106_GHA,4.4027165e-05,1.5347656345857334e-06,1071.0,4.406808243959108e-05
FL-2000-000130-BOL,FL_2000_000130_BOL,4.3731943e-05,6.9795759222174365e-06,893.0,4.3780642268374163e-05
FL-2015-000151-BLZ,FL_2015_000151_BLZ,4.358429e-05,1.4917241720395948e-07,1191.0,4.362073171404683e-05
FF-2012-000196-COG,FF_2012_000196_COG,4.1186344e-05,0.0003585213764742,102.0,4.157126310280374e-05
FL-2015-000008-BOL,FL_2015_000008_BOL,4.09817e-05,5.968042928665959e-06,919.0,4.102605248917749e-05
FL-2018-000015-BOL,FL_2018_000015_BOL,3.6756053e-05,0.0004359973837145,90.0,3.714295882105263e-05
FL-2006-000018-IRQ,FL_2006_000018_IRQ,3.5953177e-05,6.783278955985105e-05,376.0,3.604754229396326e-05
FL-2005-000104-IND,FL_2005_000104_IND,3.5405516e-05,4.594788306430186e-05,482.0,3.5478217264887066e-05
FL-2004-000031-CHN,FL_2004_000031_CHN,3.5119363e-05,8.662338451275902e-06,850.0,3.516043827836258e-05
FF-2007-000083-IND,FF_2007_000083_IND,3.475786e-05,0.0004633197730721,85.0,3.514405844444444e-05
FL-2016-000081-GTM,FL_2016_000081_GTM,3.406625e-05,4.2288298582211024e-05,503.0,3.413330954724409e-05
FL-2007-000125-PHL,FL_2007_000125_PHL,3.342347e-05,0.0001109778250007,264.0,3.3547720817843865e-05
FF-2014-000059-SRB,FF_2014_000059_SRB,3.2909153e-05,5.701470482424062e-05,426.0,3.298550834338747e-05
FL-2021-000135-GIN,FL_2021_000135_GIN,3.2563286e-05,0.0002636703819538,136.0,3.279423129078014e-05
FL-2022-000213-IND,FL_2022_000213_IND,3.214538e-05,1.7221308507025963e-05,721.0,3.2189657382920106e-05
FL-2002-000470-VNM,FL_2002_000470_VNM,3.209692e-05,1.2329514398234811e-05,779.0,3.2137859948979594e-05
FL-2013-000020-BOL,FL_2013_000020_BOL,3.1659885e-05,5.6582015082191695e-05,430.0,3.173266634482758e-05
FL-2008-000246-GUY,FL_2008_000246_GUY,3.1429718e-05,5.976935563150493e-05,414.0,3.1504729260143194e-05
FL-2012-000083-HND,FL_2012_000083_HND,3.0084382e-05,2.6142647582812467e-06,1026.0,3.0113561807953445e-05
FL-1999-000651-CHN,FL_1999_000651_CHN,2.9145125e-05,1.3031639005752693e-05,767.0,2.9182877752590676e-05
FL-2018-000154-GHA,FL_2018_000154_GHA,2.8218254e-05,1.7635202848911225e-05,710.0,2.825772008951049e-05
FL-2012-000013-ECU,FL_2012_000013_ECU,2.5816544e-05,3.48324387485628e-06,991.0,2.5842464224899597e-05
FL-2005-000132-MKD,FL_2005_000132_MKD,2.5167514e-05,9.743588367377211e-05,289.0,2.5253117789115643e-05
FL-2003-000481-HND,FL_2003_000481_HND,2.5142961e-05,1.2497725009831156e-05,776.0,2.5175154291933415e-05
FL-2007-000194-GTM,FL_2007_000194_GTM,2.4428211e-05,1.0262564365851887e-05,814.0,2.4458037875457875e-05
FL-1998-000359-UKR,FL_1998_000359_UKR,2.3585551e-05,3.936001688604719e-06,977.0,2.3609568872708756e-05
FL-2010-000242-AGO,FL_2010_000242_AGO,2.3547802e-05,4.9479918943999934e-05,466.0,2.3597797333333335e-05
FL-2018-000043-TZA,FL_2018_000043_TZA,2.2636246e-05,0.0002436026620926,147.0,2.2785168671052632e-05
FL-2006-000009-GUY,FL_2006_000009_GUY,2.1515849e-05,3.380510751697443e-06,995.0,2.1537364848999998e-05
FL-2017-000130-GTM,FL_2017_000130_GTM,2.1213342e-05,2.9040071324396458e-06,1013.0,2.1234180253438115e-05
FL-2010-000125-IND,FL_2010_000125_IND,2.0592119e-05,5.105955343397048e-05,453.0,2.0637079958515285e-05
FF-2012-000102-PHL,FF_2012_000102_PHL,1.9161582e-05,0.0022439747451679,19.0,1.9959981250000002e-05
FL-2001-000549-GIN,FL_2001_000549_GIN,1.9828756e-05,9.084878841356852e-05,311.0,1.98915052278481e-05
FL-2009-000187-CIV,FL_2009_000187_CIV,1.9718611e-05,1.7411611085869386e-05,718.0,1.97458843208852e-05
FL-2007-000161-UGA,FL_2007_000161_UGA,1.8980878e-05,1.4967669578128526e-05,742.0,1.900628747523427e-05
FL-2019-000032-BOL,FL_2019_000032_BOL,1.8487346e-05,4.44450295036447e-06,959.0,1.8506523744813278e-05
FL-2021-000129-VEN,FL_2021_000129_VEN,1.8158255e-05,1.4177319440031969e-05,749.0,1.8182337566312996e-05
FL-2004-000052-JPN,FL_2004_000052_JPN,1.7584149e-05,9.086088161158038e-06,839.0,1.7604983299763034e-05
ST-1998-000296-PHL,ST_1998_000296_PHL,1.74893e-05,7.740603603512411e-05,349.0,1.7538704802259883e-05
FL-2013-000095-PHL,FL_2013_000095_PHL,1.724672e-05,7.367811915884811e-05,360.0,1.7293971287671235e-05
FL-2009-000133-ZAF,FL_2009_000133_ZAF,1.7149005e-05,4.3601934654292375e-05,495.0,1.7183303010000003e-05
FL-2014-000168-MYS,FL_2014_000168_MYS,1.7145985e-05,2.3926996642349677e-05,644.0,1.717240408320493e-05
FL-2014-000079-PHL,FL_2014_000079_PHL,1.6951843e-05,0.0002939925757877,122.0,1.7085322078740156e-05
LS-2022-000224-GTM,LS_2022_000224_GTM,1.6003994e-05,3.172178084517299e-05,577.0,1.6031492271477663e-05
FL-2001-000029-BOL,FL_2001_000029_BOL,1.5893238e-05,1.706555706734675e-06,1057.0,1.5908203384180788e-05
FL-2005-000194-COL,FL_2005_000194_COL,1.5490443e-05,2.2131816818560105e-05,664.0,1.5513597623318388e-05
FL-2019-000022-IRN,FL_2019_000022_IRN,1.47233695e-05,0.0006501460352245,62.0,1.494312128358209e-05
FL-2011-000190-AGO,FL_2011_000190_AGO,1.48380805e-05,6.253001588550873e-06,911.0,1.4854279277838427e-05
FL-2010-000102-CRI,FL_2010_000102_CRI,1.4431102e-05,0.0001574284366114,207.0,1.4499173235849058e-05
FL-2005-000064-ETH,FL_2005_000064_ETH,1.3886682e-05,9.013972190750551e-06,842.0,1.3903077138134593e-05
FF-2004-000060-VNM,FF_2004_000060_VNM,1.3792802e-05,4.133550525715992e-05,507.0,1.381974106640625e-05
FL-2003-000350-MNG,FL_2003_000350_MNG,1.3181602e-05,0.0003339154752694,108.0,1.3298253345132743e-05
FL-2008-000126-TCD,FL_2008_000126_TCD,1.3177808e-05,4.9309564447252e-05,470.0,1.3205550753684212e-05
FL-2001-000696-BRA,FL_2001_000696_BRA,1.3135439e-05,0.0001209764273527,248.0,1.3187357731225296e-05
FL-2008-000166-GTM,FL_2008_000166_GTM,1.275555e-05,0.0001303589904531,233.0,1.280914474789916e-05
FL-2023-000001-COG,FL_2023_000001_COG,1.2766441e-05,4.557711410620967e-05,486.0,1.2792441898167005e-05
FL-2009-000178-GIN,FL_2009_000178_GIN,1.2697735e-05,3.953867936966149e-06,976.0,1.271067866462793e-05
FL-2010-000008-BOL,FL_2010_000008_BOL,1.2553131e-05,2.2372758622920574e-05,663.0,1.2571923112275449e-05
FL-2010-000012-EGY,FL_2010_000012_EGY,1.24912685e-05,3.3164441122916166e-05,570.0,1.2512992445217393e-05
FL-2022-000207-VEN,FL_2022_000207_VEN,1.20137975e-05,8.491357742862566e-05,328.0,1.2049874969969971e-05
FL-2019-000067-UGA,FL_2019_000067_UGA,1.1899263e-05,0.0001818648343675,190.0,1.1960284861538462e-05
FL-1991-000009-VNM,FL_1991_000009_VNM,1.1449755e-05,5.118676769883863e-06,939.0,1.1461883977754239e-05
FL-1997-000199-BEN,FL_1997_000199_BEN,1.1351255e-05,0.0002124464052552,163.0,1.1418821994047618e-05
FF-2008-000141-ETH,FF_2008_000141_ETH,1.1050968e-05,0.0009155285714931,45.0,1.1271987360000001e-05
FL-2001-000146-AGO,FL_2001_000146_AGO,1.10894525e-05,5.434594908884271e-05,437.0,1.1114541759049774e-05
FL-2000-000444-IND,FL_2000_000444_IND,1.0963009e-05,2.7884841972266267e-05,612.0,1.0980777247974068e-05
FL-2001-000375-IRN,FL_2001_000375_IRN,1.0746044e-05,6.147638968152893e-05,405.0,1.0772253863414634e-05
FL-2011-000067-PHL,FL_2011_000067_PHL,1.0305875e-05,0.0003556617994006,103.0,1.040129976851852e-05
FL-1997-000142-CZE,FL_1997_000142_CZE,1.0291161e-05,1.8563819685567807e-06,1051.0,1.0300906417613638e-05
FL-2011-000137-VNM,FL_2011_000137_VNM,1.0120345e-05,8.935718661260436e-05,316.0,1.0151872554517133e-05
FL-2011-000091-BEN,FL_2011_000091_BEN,9.747555e-06,0.000109541396373,269.0,9.783130018248175e-06
FL-2009-000140-MNG,FL_2009_000140_MNG,9.726438e-06,3.343967704347223e-05,568.0,9.743412586387433e-06
FL-2012-000005-BOL,FL_2012_000005_BOL,9.709355e-06,3.751434029929285e-07,1158.0,9.71770354256234e-06
FL-2017-000139-ETH,FL_2017_000139_ETH,9.640371e-06,3.291104308359093e-05,571.0,9.657107755208335e-06
FL-2001-000407-IDN,FL_2001_000407_IDN,9.618552e-06,4.5476099010163786e-05,487.0,9.638101902439024e-06
FL-2011-000051-RWA,FL_2011_000051_RWA,9.584541e-06,0.0001143278260463,256.0,9.621263379310345e-06
FL-2005-000098-BGR,FL_2005_000098_BGR,9.46318e-06,4.550650272005307e-06,954.0,9.473047758081336e-06
FL-2009-000268-AGO,FL_2009_000268_AGO,9.294574e-06,9.297436865269268e-05,303.0,9.324751188311687e-06
FL-1998-000179-RUS,FL_1998_000179_RUS,9.167228e-06,0.0001632933768204,201.0,9.211729106796116e-06
FF-2019-000068-VNM,FF_2019_000068_VNM,9.1375605e-06,2.0905089535622146e-05,672.0,9.151057635155098e-06
FL-2006-000070-IND,FL_2006_000070_IND,8.846799e-06,4.4718171314334776e-05,492.0,8.864599400402414e-06
FL-2009-000135-MEX,FL_2009_000135_MEX,8.8256675e-06,0.0001206383421958,250.0,8.860277960784315e-06
FL-2018-000077-CIV,FL_2018_000077_CIV,8.826986e-06,5.030104619808432e-05,458.0,8.846050764578833e-06
FL-2021-000078-GTM,FL_2021_000078_GTM,8.784909e-06,0.0002079730500585,169.0,8.835396982758623e-06
FL-2011-000196-IDN,FL_2011_000196_IDN,8.608133e-06,0.0008683438263715,49.0,8.76754287037037e-06
ST-2012-000061-VNM,ST_2012_000061_VNM,8.446156e-06,0.0005430855324542,74.0,8.553069367088609e-06
FL-2015-000085-VEN,FL_2015_000085_VEN,8.444751e-06,0.0002265106757555,154.0,8.497862641509433e-06
FL-2019-000181-IDN,FL_2019_000181_IDN,8.092518e-06,0.0022099271513076,21.0,8.403768692307693e-06
FL-2007-000145-ETH,FL_2007_000145_ETH,8.287881e-06,1.7164580585067537e-06,1055.0,8.295699755660377e-06
FL-2007-000206-COG,FL_2007_000206_COG,8.232828e-06,6.574241674497422e-05,386.0,8.253883826086957e-06
FL-2021-000190-EGY,FL_2021_000190_EGY,8.076194e-06,5.228579323313616e-06,937.0,8.084767454352441e-06
FL-2008-000095-SUR,FL_2008_000095_SUR,7.941564e-06,2.5057673722127102e-05,635.0,7.95397269375e-06
FL-2011-000038-KAZ,FL_2011_000038_KAZ,7.899016e-06,2.61648457238667e-05,627.0,7.911514443037975e-06
FL-2006-000068-CHN,FL_2006_000068_CHN,7.733027e-06,7.102888250449905e-07,1131.0,7.739834242077464e-06
FL-2008-000091-SOM,FL_2008_000091_SOM,7.7152035e-06,1.3281448216469111e-05,761.0,7.725275567232376e-06
FL-2007-000057-URY,FL_2007_000057_URY,7.71475e-06,4.214580875048507e-06,965.0,7.722703350515464e-06
FL-2002-000110-BOL,FL_2002_000110_BOL,7.6973565e-06,4.248044250391189e-06,964.0,7.705300108359132e-06
FL-2020-000164-IND,FL_2020_000164_IND,7.67721e-06,1.6945392758172952e-06,1059.0,7.684425422932331e-06
FL-2011-000042-COL,FL_2011_000042_COL,7.638318e-06,6.47991274331476e-05,391.0,7.657606681818182e-06
FL-2015-000123-NER,FL_2015_000123_NER,7.441842e-06,0.0001561840340391,210.0,7.476455218604652e-06
FL-2008-000035-PRY,FL_2008_000035_PRY,7.3417427e-06,0.000278597434175,129.0,7.396531824626865e-06
FL-1995-000012-PHL,FL_1995_000012_PHL,7.045436e-06,7.792417847776692e-05,345.0,7.065565817142857e-06
FL-2014-000008-BOL,FL_2014_000008_BOL,7.015223e-06,9.584974808804303e-05,295.0,7.038607076666667e-06
FL-2002-000373-GHA,FL_2002_000373_GHA,6.931593e-06,1.0964203494363857e-05,806.0,6.940139970406905e-06
FL-2008-000197-COL,FL_2008_000197_COL,6.8305417e-06,5.620587154186161e-09,1216.0,6.836135919246519e-06
FL-2013-000052-SOM,FL_2013_000052_SOM,6.421126e-06,4.206343484916223e-05,505.0,6.4337164431372544e-06
FL-2016-000025-SRB,FL_2016_000025_SRB,6.2157183e-06,2.6043941083667884e-05,629.0,6.225522272082019e-06
FL-2015-000145-SOM,FL_2015_000145_SOM,6.125723e-06,2.9547929184857648e-05,594.0,6.13594958263773e-06
FL-2016-000102-SEN,FL_2016_000102_SEN,6.1062074e-06,3.873273153066688e-05,528.0,6.1176636990619135e-06
FL-2009-000192-MEX,FL_2009_000192_MEX,5.903246e-06,1.4202518059761375e-05,747.0,5.911096061170212e-06
FL-2020-000154-CIV,FL_2020_000154_CIV,5.4571797e-06,0.0005377759780582,76.0,5.524552288888889e-06
FL-1997-000337-IND,FL_1997_000337_IND,5.229484e-06,9.31203229811591e-05,302.0,5.246518149837134e-06
FL-2008-000191-HND,FL_2008_000191_HND,5.2306823e-06,8.015703227351125e-07,1118.0,5.23534007586821e-06
FL-2013-000103-YEM,FL_2013_000103_YEM,5.1862553e-06,0.0001501646036502,215.0,5.209829187727273e-06
FL-2015-000106-BFA,FL_2015_000106_BFA,4.9399596e-06,7.886545357703875e-06,867.0,4.945624691284404e-06
FL-1999-000371-IND,FL_1999_000371_IND,4.926729e-06,1.215027161761567e-05,781.0,4.932997103053435e-06
FL-2015-000065-GHA,FL_2015_000065_GHA,4.867857e-06,2.7508523149198297e-06,1017.0,4.872620069471624e-06
FL-2011-000084-IND,FL_2011_000084_IND,4.7632966e-06,0.0001025177546298,279.0,4.7800687711267615e-06
FL-2005-000176-BGD,FL_2005_000176_BGD,4.7197723e-06,9.837539155210536e-09,1214.0,4.723644139458573e-06
FL-2010-000120-BRA,FL_2010_000120_BRA,4.658617e-06,0.0002441491318929,145.0,4.689674446666666e-06
FL-2013-000050-ETH,FL_2013_000050_ETH,4.6496607e-06,1.3970453305822864e-05,754.0,4.655786735177866e-06
FL-2007-000141-NGA,FL_2007_000141_NGA,4.5187617e-06,2.4079283585398637e-05,642.0,4.525745875734158e-06
FL-2007-000154-MEX,FL_2007_000154_MEX,4.358597e-06,1.0930198232994509e-06,1099.0,4.362545004528985e-06
FL-2006-000120-BFA,FL_2006_000120_BFA,4.2706274e-06,6.759497765626831e-05,378.0,4.2817778631853775e-06
FL-2022-000379-MYS,FL_2022_000379_MYS,4.2529896e-06,5.027660076448551e-05,459.0,4.2621555258620694e-06
FL-2002-000808-MWI,FL_2002_000808_MWI,4.247649e-06,3.866308727851029e-05,530.0,4.255588530841122e-06
FL-2003-000227-CHN,FL_2003_000227_CHN,4.233836e-06,3.8728636119301296e-05,529.0,4.241764531835206e-06
FL-2016-000009-IDN,FL_2016_000009_IDN,4.156089e-06,6.659888909489108e-05,380.0,4.1668840363636355e-06
FL-2010-000194-VNM,FL_2010_000194_VNM,4.104713e-06,1.7416951200973256e-05,716.0,4.110406083217753e-06
FL-1999-000324-HND,FL_1999_000324_HND,4.083008e-06,5.633155828009565e-06,926.0,4.08739361546724e-06
FL-2006-000192-IDN,FL_2006_000192_IDN,4.0041928e-06,0.0001228167461262,243.0,4.020338738709678e-06
FL-2003-000027-TUN,FL_2003_000027_TUN,3.862353e-06,1.181866751265793e-05,784.0,3.867248250950571e-06
FL-2019-000014-MWI,FL_2019_000014_MWI,3.8556523e-06,7.954436136155426e-07,1119.0,3.859082595640569e-06
FL-2007-000012-BOL,FL_2007_000012_BOL,3.7929315e-06,0.0004536666071985,86.0,3.834612065934066e-06
FL-2005-000117-GTM,FL_2005_000117_GTM,3.7230968e-06,1.1506874307138448e-05,794.0,3.7277564956195245e-06
FL-2016-000084-PHL,FL_2016_000084_PHL,3.694331e-06,0.0002256711750205,155.0,3.7174205687500005e-06
FL-1990-000004-VNM,FL_1990_000004_VNM,3.6589822e-06,7.595878993617273e-06,875.0,3.663140134318182e-06
FL-2011-000181-VEN,FL_2011_000181_VEN,3.567003e-06,0.0001777873543276,195.0,3.584838015e-06
FL-2019-000052-SRB,FL_2019_000052_SRB,3.5402677e-06,1.2858273265139435e-05,769.0,3.5448416892764854e-06
FL-2020-000193-SSD,FL_2020_000193_SSD,3.5229407e-06,0.000145246404742,223.0,3.538392194298245e-06
FL-2000-000299-GTM,FL_2000_000299_GTM,3.4144352e-06,9.57493944311599e-06,829.0,3.4185292470023982e-06
FL-2000-000408-VNM,FL_2000_000408_VNM,3.3608633e-06,1.2680403549405973e-05,773.0,3.365183175706941e-06
FL-2015-000064-IND,FL_2015_000064_IND,3.304326e-06,0.0003873367436848,99.0,3.3360983653846152e-06
FL-2016-000123-DOM,FL_2016_000123_DOM,3.2614191e-06,2.9772661999159503e-05,591.0,3.2668912796979867e-06
FL-2012-000042-COL,FL_2012_000042_COL,3.2593734e-06,4.825171882663569e-05,471.0,3.266220823109244e-06
FL-2010-000149-GTM,FL_2010_000149_GTM,3.2249695e-06,6.393826645346557e-06,905.0,3.2285134225274723e-06
FL-1999-000244-VNM,FL_1999_000244_VNM,3.2002833e-06,0.0002105684493326,165.0,3.2191084958823528e-06
FL-2016-000045-ETH,FL_2016_000045_ETH,3.2154164e-06,4.128076926113263e-06,971.0,3.2187108840163938e-06
FL-2010-000046-MOZ,FL_2010_000046_MOZ,3.0974888e-06,9.347835667839805e-06,833.0,3.1011850873508354e-06
FL-2013-000131-KHM,FL_2013_000131_KHM,3.0134515e-06,5.89721977946172e-05,416.0,3.0206093420427554e-06
FL-2003-000482-MEX,FL_2003_000482_MEX,3.0113122e-06,1.7321007361813733e-05,720.0,3.0154657340689656e-06
FL-2005-000062-TZA,FL_2005_000062_TZA,2.9645091e-06,0.00023649696271,152.0,2.983391323566879e-06
FL-2012-000157-CMR,FL_2012_000157_CMR,2.9183386e-06,3.910825350310845e-05,527.0,2.9238241988721803e-06
FL-2006-000013-MWI,FL_2006_000013_MWI,2.8491074e-06,3.930820937515615e-05,524.0,2.854493236294896e-06
FL-2022-000328-HND,FL_2022_000328_HND,2.8410323e-06,2.9532579894945232e-05,595.0,2.8457673538333334e-06
FL-2005-000051-AGO,FL_2005_000051_AGO,2.7958156e-06,8.091999044844065e-05,339.0,2.8039429709302325e-06
FL-2011-000118-GTM,FL_2011_000118_GTM,2.7393853e-06,2.6573132281075e-06,1022.0,2.7420526664070108e-06
FL-2016-000046-SOM,FL_2016_000046_SOM,2.71686e-06,5.930984235616239e-06,920.0,2.719797145945946e-06
FL-1998-000040-URY,FL_1998_000040_URY,2.666929e-06,7.213877525522093e-05,366.0,2.67411748787062e-06
FL-2011-000148-KHM,FL_2011_000148_KHM,2.6397422e-06,2.670223001674405e-05,623.0,2.643945611146497e-06
FL-1998-000224-SVK,FL_1998_000224_SVK,2.6379694e-06,6.164374246978508e-06,915.0,2.640836758043478e-06
FL-2003-000204-KEN,FL_2003_000204_KEN,2.5842937e-06,1.0911534854898182e-06,1100.0,2.5866324273303165e-06
FL-2019-000131-CIV,FL_2019_000131_CIV,2.5555466e-06,6.176661003182642e-05,403.0,2.5618101946078432e-06
FL-2001-000390-POL,FL_2001_000390_POL,2.5474862e-06,1.042526243144255e-06,1104.0,2.549783302073941e-06
FL-2014-000163-COL,FL_2014_000163_COL,2.5027305e-06,2.5844274017391103e-06,1027.0,2.5051556264534882e-06
FL-2006-000133-NER,FL_2006_000133_NER,2.470825e-06,5.376272521759778e-05,440.0,2.4763774157303377e-06
FL-2013-000141-SOM,FL_2013_000141_SOM,2.4399924e-06,1.3335824048502597e-06,1084.0,2.4422329807162535e-06
FL-2018-000164-HND,FL_2018_000164_HND,2.3792352e-06,3.764773238405064e-05,537.0,2.3836249328413283e-06
FL-2022-000164-ECU,FL_2022_000164_ECU,2.3794655e-06,7.096138738464178e-06,890.0,2.3821241206703913e-06
FL-2014-000053-TZA,FL_2014_000053_TZA,2.3622613e-06,6.126992622762537e-05,407.0,2.367994943932039e-06
FF-2007-000070-CHN,FF_2007_000070_CHN,2.3421621e-06,1.223565306524345e-06,1092.0,2.3442971611668184e-06
FF-2013-000118-BEN,FF_2013_000118_BEN,2.2845427e-06,4.0686086490171134e-05,513.0,2.2889530140926646e-06
FL-2007-000131-SEN,FL_2007_000131_SEN,2.271553e-06,1.606892758875833e-06,1067.0,2.273671986007463e-06
FF-2020-000158-SRB,FF_2020_000158_SRB,2.269606e-06,2.57889427212178e-06,1028.0,2.271803101645692e-06
FL-1997-000143-POL,FL_1997_000143_POL,2.2629094e-06,1.1884963028068554e-05,782.0,2.2657847613723003e-06
FL-2008-000170-DOM,FL_2008_000170_DOM,2.219065e-06,4.040659085210474e-06,974.0,2.221331664964249e-06
FL-1997-000025-MWI,FL_1997_000025_MWI,2.1662406e-06,1.1091661623137354e-05,799.0,2.1689349291044778e-06
FL-1998-000085-IRN,FL_1998_000085_IRN,2.1488988e-06,1.881945842551913e-05,697.0,2.1519599094017092e-06
FF-2012-000115-RUS,FF_2012_000115_RUS,2.0595105e-06,0.000684238670447,58.0,2.0922011428571425e-06
FL-2009-000170-MRT,FL_2009_000170_MRT,2.0414498e-06,0.0001273546886866,237.0,2.0498855429752067e-06
FL-2018-000029-RWA,FL_2018_000029_RWA,1.9064559e-06,0.0027193329857238,17.0,1.9931129863636362e-06
FL-2012-000210-MWI,FL_2012_000210_MWI,1.9796046e-06,2.7268042251205244e-05,617.0,1.982787244051447e-06
FL-2010-000262-ECU,FL_2010_000262_ECU,1.9458976e-06,4.54102883057147e-06,955.0,1.9479245766666664e-06
FF-2014-000009-TZA,FF_2014_000009_TZA,1.8933825e-06,0.0004444742947947,88.0,1.9137414516129034e-06
FL-2019-000116-ETH,FL_2019_000116_ETH,1.898972e-06,9.696111037506236e-06,824.0,1.9012626779252113e-06
FL-2008-000182-RWA,FL_2008_000182_RWA,1.858368e-06,4.020137500361746e-05,520.0,1.8619077485714286e-06
FL-2000-000038-PHL,FL_2000_000038_PHL,1.835929e-06,0.0001963639874439,180.0,1.8458529405405404e-06
FL-2005-000002-GUY,FL_2005_000002_GUY,1.8112978e-06,2.5981141602565205e-05,630.0,1.814150237480315e-06
FL-2009-000011-PHL,FL_2009_000011_PHL,1.7850004e-06,0.0003054619053952,119.0,1.799395564516129e-06
FL-2005-000129-SDN,FL_2005_000129_SDN,1.7713826e-06,2.699655346775459e-06,1021.0,1.7731090937621834e-06
LS-2010-000190-COL,LS_2010_000190_COL,1.7650848e-06,5.800762628902401e-06,924.0,1.7669847836383208e-06
FL-2010-000240-VEN,FL_2010_000240_VEN,1.6958849e-06,0.0001123121600407,262.0,1.7022365288389513e-06
FL-2019-000048-TZA,FL_2019_000048_TZA,1.6509432e-06,0.0001043892367813,276.0,1.6568184427046265e-06
FL-2003-000578-COL,FL_2003_000578_COL,1.5944897e-06,5.149161337771016e-06,938.0,1.596180569247084e-06
FL-2007-000132-BFA,FL_2007_000132_BFA,1.5385624e-06,2.819679776104284e-05,607.0,1.5410763908496732e-06
FL-2000-000806-FJI,FL_2000_000806_FJI,1.538672e-06,1.5870767796257083e-08,1211.0,1.539937355263158e-06
FF-2012-000081-ETH,FF_2012_000081_ETH,1.4828103e-06,0.0001819744624712,189.0,1.4904536520618556e-06
FL-2009-000242-IRQ,FL_2009_000242_IRQ,1.446032e-06,3.875494234435966e-06,980.0,1.4475000527918783e-06
FF-2017-000101-VNM,FF_2017_000101_VNM,1.4422598e-06,7.120862077699743e-06,889.0,1.4438730659955257e-06
FL-1997-000137-CHL,FL_1997_000137_CHL,1.4115042e-06,5.04673483106093e-06,941.0,1.4129962763213528e-06
FL-2007-000111-GBR,FL_2007_000111_GBR,1.4063756e-06,1.5369387347111688e-07,1189.0,1.4075534690117252e-06
FL-2009-000124-VNM,FL_2009_000124_VNM,1.3963187e-06,7.290731455524012e-06,881.0,1.3978946804740407e-06
FL-2018-000028-BWA,FL_2018_000028_BWA,1.3810794e-06,2.8683575464859897e-05,603.0,1.3833509121710528e-06
FL-2009-000198-BEN,FL_2009_000198_BEN,1.3665741e-06,5.131107769839589e-05,452.0,1.3695644153172866e-06
FL-1997-000522-MDA,FL_1997_000522_MDA,1.3562474e-06,6.088970194114371e-07,1138.0,1.3574339681539807e-06
FL-2006-000001-IDN,FL_2006_000001_IDN,1.2697323e-06,0.0012403261720631,30.0,1.3060103657142856e-06
FL-2007-000222-MYS,FL_2007_000222_MYS,1.2930803e-06,0.0002158866376761,158.0,1.30101330797546e-06
FL-2006-000044-COL,FL_2006_000044_COL,1.2892015e-06,4.335435385950196e-06,961.0,1.290536077122153e-06
FL-2017-000052-RUS,FL_2017_000052_RUS,1.2813186e-06,4.166772369252585e-05,506.0,1.2838260727984345e-06
FL-2020-000190-NER,FL_2020_000190_NER,1.264019e-06,6.224090476001378e-05,399.0,1.26714775990099e-06
FL-2002-000500-IRN,FL_2002_000500_IRN,1.2180475e-06,0.0012116008696599,32.0,1.2509677027027027e-06
FL-2007-000165-BEN,FL_2007_000165_BEN,1.2430214e-06,5.0986797586193904e-05,454.0,1.245729507625272e-06
FL-1997-000270-ETH,FL_1997_000270_ETH,1.238629e-06,5.388693567607536e-05,439.0,1.241418704954955e-06
FL-2021-000091-PHL,FL_2021_000091_PHL,1.2244409e-06,3.4592733789763315e-06,994.0,1.2256665665665666e-06
FL-2021-000051-SOM,FL_2021_000051_SOM,1.2178062e-06,1.3165588189999933e-05,765.0,1.2193877664935066e-06
FL-2013-000125-BFA,FL_2013_000125_BFA,1.202484e-06,3.498041959648909e-06,990.0,1.2036925266331658e-06
FL-2010-000026-DOM,FL_2010_000026_DOM,1.1685078e-06,1.005928855696251e-05,819.0,1.1699258919902912e-06
FL-2012-000200-BFA,FL_2012_000200_BFA,1.1435446e-06,0.0008941321791589,47.0,1.1655358423076922e-06
FL-2012-000110-IND,FL_2012_000110_IND,1.1392431e-06,0.0002582296504306,138.0,1.1472098349650351e-06
FL-2015-000006-MWI,FL_2015_000006_MWI,1.1385438e-06,0.0001292445865346,236.0,1.14326804813278e-06
FL-1998-000329-BEN,FL_1998_000329_BEN,1.1128623e-06,2.1579951740947576e-05,666.0,1.1145208131147542e-06
FL-2009-000127-BEN,FL_2009_000127_BEN,1.0738562e-06,6.248911685817493e-06,912.0,1.075027253653217e-06
FL-2012-000174-BEN,FL_2012_000174_BEN,1.0644233e-06,7.699732092803051e-05,351.0,1.0674132530898876e-06
FL-2004-000094-CHN,FL_2004_000094_CHN,1.0479218e-06,3.604663200991775e-05,548.0,1.049816776130199e-06
FL-2009-000034-MAR,FL_2009_000034_MAR,1.027095e-06,4.51919898407848e-06,956.0,1.0281637773152965e-06
FL-2010-000162-HND,FL_2010_000162_HND,1.0122332e-06,5.67542549983132e-05,428.0,1.0145709210161663e-06
FF-2011-000143-SSD,FF_2011_000143_SSD,9.695581e-07,0.0002022632498581,175.0,9.74944533888889e-07
FL-2012-000043-KGZ,FL_2012_000043_KGZ,9.2638777e-07,0.0026127431965133,18.0,9.666654991304347e-07
FL-2009-000007-ZWE,FL_2009_000007_ZWE,9.575616e-07,4.211687672942754e-06,966.0,9.585477602471679e-07
FL-2019-000163-UGA,FL_2019_000163_UGA,9.559433e-07,2.597489018479937e-05,632.0,9.574439959183673e-07
FL-2013-000055-UGA,FL_2013_000055_UGA,9.4734645e-07,2.0967055907348715e-05,671.0,9.487478500739646e-07
FL-2007-000197-COD,FL_2007_000197_COD,9.243898e-07,1.2765486870666993e-06,1088.0,9.252355363220494e-07
FL-2002-000350-CHN,FL_2002_000350_CHN,9.1082904e-07,3.79167732843191e-05,536.0,9.125126426617376e-07
FL-2017-000002-MYS,FL_2017_000002_MYS,8.903598e-07,1.168991479823456e-05,786.0,8.914854128950694e-07
FF-2013-000100-RUS,FF_2013_000100_RUS,8.6193944e-07,0.0010164440840543,37.0,8.824618076190475e-07
FL-2002-000479-CZE,FL_2002_000479_CZE,8.7357205e-07,2.140765284482852e-06,1043.0,8.744056111164122e-07
FL-2005-000081-CHN,FL_2005_000081_CHN,8.59063e-07,2.41533161233617e-07,1175.0,8.597910194915254e-07
FL-2017-000149-TGO,FL_2017_000149_TGO,8.5759916e-07,3.1067328801691494e-05,581.0,8.590626397952217e-07
FL-2001-000025-MWI,FL_2001_000025_MWI,8.218693e-07,1.8398540321564227e-05,702.0,8.230317742574258e-07
FL-2004-000043-IND,FL_2004_000043_IND,8.0209657e-07,7.74691107796515e-06,872.0,8.030111612998859e-07
FL-2004-000021-COL,FL_2004_000021_COL,7.7484896e-07,8.707500006459407e-05,321.0,7.772257973006135e-07
FL-2006-000106-MRT,FL_2006_000106_MRT,7.664127e-07,0.0001157771724859,254.0,7.693718223938224e-07
FL-2001-000453-IRN,FL_2001_000453_IRN,7.664411e-07,1.0166136213013791e-05,816.0,7.673746457978076e-07
FL-1999-000423-TGO,FL_1999_000423_TGO,7.653094e-07,8.999751414386708e-06,843.0,7.662118874999999e-07
FL-2013-000119-MRT,FL_2013_000119_MRT,7.564466e-07,2.425272228456062e-05,641.0,7.576175699690403e-07
FL-2022-000349-CMR,FL_2022_000349_CMR,7.2387303e-07,9.62246012408438e-05,292.0,7.263103129292929e-07
FL-2009-000241-COL,FL_2009_000241_COL,6.8308407e-07,1.53184463715388e-06,1072.0,6.837183170473537e-07
FL-2007-000138-UGA,FL_2007_000138_UGA,6.80485e-07,3.634466856088021e-05,545.0,6.817222454545454e-07
FL-2014-000004-COL,FL_2014_000004_COL,6.6406284e-07,5.042531335660639e-05,457.0,6.655002054545455e-07
FL-2020-000029-TZA,FL_2020_000029_TZA,6.5909705e-07,0.0003061648209293,118.0,6.644555626016259e-07
FL-2021-000126-MYS,FL_2021_000126_MYS,6.3719716e-07,2.9895448609133017e-05,587.0,6.382735065540541e-07
FL-2020-000195-CMR,FL_2020_000195_CMR,6.012721e-07,9.211482718186514e-05,308.0,6.031930971246006e-07
FL-2009-000100-DOM,FL_2009_000100_DOM,6.0087405e-07,3.682421280708184e-06,985.0,6.014809934848485e-07
FL-2008-000158-PAN,FL_2008_000158_PAN,5.9973877e-07,2.668357081086895e-07,1170.0,6.00249185974468e-07
FL-2005-000182-IND,FL_2005_000182_IND,5.9156946e-07,5.310480381531055e-05,444.0,5.928869866369711e-07
FL-2007-000159-RWA,FL_2007_000159_RWA,5.872741e-07,0.0001267285309231,238.0,5.896908658436215e-07
FF-2021-000198-COG,FF_2021_000198_COG,5.6857124e-07,0.0016057589155783,25.0,5.875236146666667e-07
FF-2008-000063-PHL,FF_2008_000063_PHL,5.727335e-07,0.0005715155181429,72.0,5.801715974025974e-07
FL-1998-000316-VNM,FL_1998_000316_VNM,5.7447954e-07,9.215616333423392e-05,307.0,5.763208205769231e-07
FF-2020-000006-IRN,FF_2020_000006_IRN,5.52783e-07,6.362697413997194e-05,395.0,5.541649574999999e-07
FL-2012-000066-COM,FL_2012_000066_COM,5.467952e-07,8.139471415427287e-06,861.0,5.474266032332562e-07
FL-2019-000094-GTM,FL_2019_000094_GTM,5.345655e-07,0.0003099430738681,115.0,5.390202125e-07
FL-2020-000210-VNM,FL_2020_000210_VNM,5.342737e-07,9.904029010060778e-05,285.0,5.361160231034483e-07
FF-2017-000122-CMR,FF_2017_000122_CMR,5.2541355e-07,0.0002153945598571,159.0,5.286172911585366e-07
FL-2008-000011-TZA,FL_2008_000011_TZA,5.21118e-07,7.595160657897324e-05,353.0,5.225736368715084e-07
FL-2021-000110-YEM,FL_2021_000110_YEM,5.19689e-07,5.3239604777818384e-05,442.0,5.20851615212528e-07
FL-2018-000058-COL,FL_2018_000058_COL,5.1731945e-07,4.517442021595187e-05,489.0,5.183666553643725e-07
FL-2000-000002-AGO,FL_2000_000002_AGO,5.080231e-07,0.0001137014050243,258.0,5.099547467680608e-07
FL-2015-000056-COL,FL_2015_000056_COL,5.0357295e-07,2.8179759555363063e-05,610.0,5.04391767804878e-07
FL-2010-000150-MEX,FL_2010_000150_MEX,4.976342e-07,7.600277620533534e-07,1125.0,4.980745842477876e-07
FL-1999-000363-NIC,FL_1999_000363_NIC,4.8496946e-07,1.6415098021968668e-06,1063.0,4.854235512546816e-07
FL-1998-000165-CHN,FL_1998_000165_CHN,4.8031893e-07,4.945708513847676e-06,944.0,4.808250616438356e-07
FL-2010-000136-YEM,FL_2010_000136_YEM,4.791234e-07,3.886619863618484e-06,979.0,4.796103140243902e-07
FL-1991-000010-PHL,FL_1991_000010_PHL,4.6626553e-07,0.0001515912447007,213.0,4.6840436270642207e-07
FL-2010-000118-GHA,FL_2010_000118_GHA,4.6221786e-07,3.071681353846574e-05,582.0,4.6300528395229977e-07
FL-2008-000086-MEX,FL_2008_000086_MEX,4.5571363e-07,1.8054290567478163e-05,705.0,4.5635548018309857e-07
FF-2010-000094-HUN,FF_2010_000094_HUN,4.468472e-07,3.678131639515998e-05,542.0,4.476641053016453e-07
FL-2021-000173-IDN,FL_2021_000173_IDN,4.4469394e-07,0.0001669924667524,200.0,4.468631787317073e-07
FL-2021-000161-IND,FL_2021_000161_IND,4.4062878e-07,3.974185257456793e-05,522.0,4.414648877419355e-07
FL-2020-000125-TZA,FL_2020_000125_TZA,4.284939e-07,0.0002542243260122,140.0,4.314490303448276e-07
FL-2017-000012-MOZ,FL_2017_000012_MOZ,4.2511996e-07,2.3472947356812648e-05,649.0,4.2576999051987764e-07
FL-2019-000020-COL,FL_2019_000020_COL,4.2529902e-07,2.9838491052208662e-06,1010.0,4.2571803381280793e-07
FF-2018-000042-ETH,FF_2018_000042_ETH,4.1938685e-07,0.0001974241422023,179.0,4.216661263586956e-07
FL-2013-000011-ZWE,FL_2013_000011_ZWE,4.0586943e-07,2.297155196786628e-05,656.0,4.064834533434191e-07
FL-2009-000172-BFA,FL_2009_000172_BFA,4.056231e-07,6.955212678621156e-06,895.0,4.060737923333333e-07
FL-2014-000121-CMR,FL_2014_000121_CMR,4.0430078e-07,7.2297111391465454e-06,883.0,4.047560736711712e-07
FL-2010-000245-MAR,FL_2010_000245_MAR,4.0005375e-07,1.1638629999160116e-06,1096.0,4.004171049046321e-07
FL-2016-000089-SEN,FL_2016_000089_SEN,3.9803174e-07,6.409838491732465e-07,1134.0,3.9838119719051793e-07
FL-2007-000011-ZMB,FL_2007_000011_ZMB,3.8684078e-07,7.253036928012482e-05,364.0,3.8788912899728995e-07
FL-2010-000076-COL,FL_2010_000076_COL,3.8151435e-07,5.737874088631881e-07,1139.0,3.8184784156468526e-07
FL-2020-000011-MOZ,FL_2020_000011_MOZ,3.7958608e-07,0.000176600166102,196.0,3.81474567960199e-07
FL-1997-000049-TZA,FL_1997_000049_TZA,3.7514695e-07,0.0001078906372681,275.0,3.764867605357143e-07
FL-2008-000074-BFA,FL_2008_000074_BFA,3.7424138e-07,2.0037814085113748e-05,681.0,3.7478692137026244e-07
FL-2014-000123-SSD,FL_2014_000123_SSD,3.5942836e-07,0.0001815268619227,191.0,3.612621781632653e-07
FF-2008-000233-PHL,FF_2008_000233_PHL,3.490201e-07,0.0005146779839034,79.0,3.5317510119047617e-07
FL-2010-000107-PHL,FL_2010_000107_PHL,3.325973e-07,0.0002081674268974,168.0,3.3451982774566477e-07
FL-2005-000065-GEO,FL_2005_000065_GEO,3.3002829e-07,5.139544005566344e-05,451.0,3.3075203625e-07
FL-2011-000183-TZA,FL_2011_000183_TZA,3.2568275e-07,4.131002033718741e-05,509.0,3.2631637402723735e-07
FL-2012-000063-RUS,FL_2012_000063_RUS,3.2387098e-07,2.347755410612225e-07,1176.0,3.2414521453005925e-07
FL-2008-000018-ECU,FL_2008_000018_ECU,3.2082397e-07,8.004572211536017e-06,864.0,3.2119315753739926e-07
FL-2011-000122-NER,FL_2011_000122_NER,3.169756e-07,2.9920373753348263e-05,586.0,3.1751193773265653e-07
FL-2006-000124-UGA,FL_2006_000124_UGA,3.1457898e-07,1.1326991112402314e-05,796.0,3.1497171280898876e-07
FL-2012-000173-SOM,FL_2012_000173_SOM,3.1051465e-07,3.857585001999683e-06,981.0,3.108295735801217e-07
FL-2010-000072-RUS,FL_2010_000072_RUS,3.084342e-07,2.7227740260108957e-05,618.0,3.089292789727127e-07
FL-2022-000312-BGR,FL_2022_000312_BGR,2.998438e-07,1.1798377361538595e-06,1095.0,3.001163852727273e-07
FL-2009-000240-PAN,FL_2009_000240_PAN,2.9866757e-07,4.049778215767245e-05,516.0,2.9924082829174664e-07
FL-2007-000147-NER,FL_2007_000147_NER,2.8624058e-07,9.287953638384664e-05,304.0,2.8716692491909386e-07
FL-2004-000036-MKD,FL_2004_000036_MKD,2.8395584e-07,3.30724588607378e-08,1206.0,2.8419032046242774e-07
FL-2008-000102-CIV,FL_2008_000102_CIV,2.777861e-07,0.0002443971025732,144.0,2.7965043624161073e-07
FL-2019-000170-RWA,FL_2019_000170_RWA,2.6000305e-07,0.0050271876354541,10.0,2.773365866666667e-07
FL-2018-000360-RUS,FL_2018_000360_RUS,2.7062705e-07,1.861291406193593e-05,701.0,2.7101037443342773e-07
FL-2013-000108-SSD,FL_2013_000108_SSD,2.6776084e-07,2.3932674425298544e-05,643.0,2.681740511728395e-07
FL-2008-000205-IDN,FL_2008_000205_IDN,2.668149e-07,0.0001393388970582,227.0,2.679649642241379e-07
FL-2015-000040-SOM,FL_2015_000040_SOM,2.5731242e-07,0.0007170587640863,54.0,2.616736474576271e-07
FL-2013-000024-MKD,FL_2013_000024_MKD,2.6113673e-07,1.6239958845742402e-06,1064.0,2.6138101131898974e-07
FL-2006-000169-SOM,FL_2006_000169_SOM,2.546726e-07,5.741395900060073e-05,424.0,2.5526624242424244e-07
FL-2016-000124-COD,FL_2016_000124_COD,2.531306e-07,7.250970242514954e-06,882.0,2.5341597835400225e-07
FL-2010-000195-MLI,FL_2010_000195_MLI,2.4935557e-07,9.222520382642689e-06,836.0,2.496520688941736e-07
FL-2022-000276-GMB,FL_2022_000276_GMB,2.4861836e-07,1.057337852895554e-05,809.0,2.4892378796068794e-07
FL-2009-000239-BRA,FL_2009_000239_BRA,2.4611444e-07,1.9837348362938492e-05,684.0,2.4647164528301885e-07
FL-2014-000005-IDN,FL_2014_000005_IDN,2.4357067e-07,9.5908112702851e-06,828.0,2.438630717647059e-07
FL-2008-000076-COL,FL_2008_000076_COL,2.4039218e-07,3.528238129209354e-06,989.0,2.4063402323943667e-07
FL-2012-000068-DOM,FL_2012_000068_DOM,2.3994644e-07,4.844491740881901e-06,945.0,2.401990152e-07
FL-2011-000108-SEN,FL_2011_000108_SEN,2.390882e-07,9.010440763407767e-05,314.0,2.398376927899686e-07
FL-2002-000445-VEN,FL_2002_000445_VEN,2.2766417e-07,7.557793816647164e-05,355.0,2.2829657047222222e-07
FL-2016-000060-IND,FL_2016_000060_IND,2.1605723e-07,3.5271540585579896e-05,553.0,2.1644442933691757e-07
FL-2011-000061-DOM,FL_2011_000061_DOM,2.1309847e-07,6.137578129799859e-05,406.0,2.1361695776155721e-07
FL-2008-000239-NIC,FL_2008_000239_NIC,2.1179336e-07,6.29881215513044e-06,910.0,2.1202482815300544e-07
FL-2012-000183-COL,FL_2012_000183_COL,2.0957371e-07,6.573573643354794e-05,387.0,2.1010833681122452e-07
FL-2008-000079-LKA,FL_2008_000079_LKA,2.0670353e-07,0.0001892798762937,186.0,2.0778574743455497e-07
FL-2008-000038-ARG,FL_2008_000038_ARG,2.0108128e-07,7.346831080258749e-07,1128.0,2.012587568578994e-07
FL-2021-000096-PAN,FL_2021_000096_PAN,2.0013164e-07,4.19115434372708e-06,968.0,2.0033732513874616e-07
FL-2018-000004-COD,FL_2018_000004_COD,1.941456e-07,1.246731690754809e-06,1090.0,1.9432290191780824e-07
FL-2017-000057-LKA,FL_2017_000057_LKA,1.9239624e-07,1.565295457161972e-05,738.0,1.9265518514131896e-07
FL-2017-000054-BFA,FL_2017_000054_BFA,1.9123107e-07,0.0001200139217406,251.0,1.919780663671875e-07
FL-2012-000039-CHL,FL_2012_000039_CHL,1.8376292e-07,5.11348044837855e-06,940.0,1.839573781164021e-07
FL-2020-000126-ETH,FL_2020_000126_ETH,1.7930286e-07,3.8015555394705806e-05,534.0,1.7963551836734692e-07
FL-2007-000227-ZWE,FL_2007_000227_ZWE,1.7857003e-07,6.012272802143631e-05,411.0,1.789992848798077e-07
OT-2004-000112-COL,OT_2004_000112_COL,1.7284442e-07,0.0002678994994943,132.0,1.741060581021898e-07
FL-2011-000005-HND,FL_2011_000005_HND,1.7030327e-07,7.5751221792751e-09,1215.0,1.7044286284426232e-07
FL-2013-000145-COL,FL_2013_000145_COL,1.6522365e-07,1.2660947654152793e-06,1089.0,1.6537467710237661e-07
FL-2011-000129-MLI,FL_2011_000129_MLI,1.6314937e-07,1.0489603612186785e-05,812.0,1.6334906323133415e-07
FL-2021-000123-CAF,FL_2021_000123_CAF,1.5458478e-07,0.000240529904808,148.0,1.5559513803921568e-07
FL-2008-000191-CRI,FL_2008_000191_CRI,1.5338992e-07,9.396074281256198e-08,1197.0,1.5351753224625623e-07
FL-2021-000049-RWA,FL_2021_000049_RWA,1.4975453e-07,8.38055557762606e-06,857.0,1.4992825915313226e-07
FL-2010-000161-MYS,FL_2010_000161_MYS,1.4226073e-07,0.0001264250722013,239.0,1.4284376577868853e-07
FL-2005-000166-CRI,FL_2005_000166_CRI,1.4159137e-07,1.6569209797218971e-06,1062.0,1.4172407044048736e-07
FL-2012-000172-MLI,FL_2012_000172_MLI,1.3838601e-07,5.097682961836807e-05,455.0,1.3868684915217393e-07
FL-2009-000129-CAF,FL_2009_000129_CAF,1.338321e-07,5.295800582913281e-05,446.0,1.3412884523281597e-07
FF-2020-000140-IDN,FF_2020_000140_IDN,1.3210585e-07,3.287806533472721e-05,572.0,1.323348029462738e-07
FL-2014-000150-SOM,FL_2014_000150_SOM,1.2769777e-07,7.942514333019603e-06,866.0,1.278443805281286e-07
FL-2001-000485-KHM,FL_2001_000485_KHM,1.2770705e-07,2.627123595250973e-07,1172.0,1.2781555216652506e-07
FL-2009-000121-CZE,FL_2009_000121_CZE,1.2566514e-07,1.6101975615206553e-06,1065.0,1.2578258405607478e-07
FF-2018-000041-SOM,FF_2018_000041_SOM,1.2402573e-07,0.0003724237234299,101.0,1.2519578405660379e-07
FL-2019-000064-SDN,FL_2019_000064_SDN,1.1817915e-07,2.387535172495637e-06,1033.0,1.1829300274566474e-07
FL-2009-000010-FJI,FL_2009_000010_FJI,1.1581568e-07,9.0581920892441e-07,1110.0,1.1591955056502244e-07
FL-2008-000230-CUB,FL_2008_000230_CUB,1.1417325e-07,4.593728208358689e-06,952.0,1.1429255329153606e-07
FL-2001-000019-MOZ,FL_2001_000019_MOZ,1.11151735e-07,0.0004456196755006,87.0,1.123599060326087e-07
FL-2009-000139-PAK,FL_2009_000139_PAK,1.0850225e-07,9.612663209089644e-05,293.0,1.0886635151006711e-07
FL-2009-000265-MAR,FL_2009_000265_MAR,1.0723928e-07,3.8890111163950247e-08,1204.0,1.0732798081058725e-07
FL-2001-000320-TLS,FL_2001_000320_TLS,1.0686083e-07,1.3399423711267154e-05,760.0,1.0700051735947712e-07
FL-2000-000735-VEN,FL_2000_000735_VEN,1.0189478e-07,3.8572464453410034e-05,532.0,1.0208452819366852e-07
FL-2015-000161-ETH,FL_2015_000161_ETH,1.0139974e-07,0.0001191216702919,252.0,1.0179429151750974e-07
FL-2018-000128-SDN,FL_2018_000128_SDN,9.976967e-08,0.0006521441840527,61.0,1.0128133166666665e-07
FF-2009-000201-PHL,FF_2009_000201_PHL,9.997035e-08,0.000390825663846,98.0,1.0094093592233009e-07
FF-2008-000202-MAR,FF_2008_000202_MAR,9.713452e-08,0.0003091731817852,117.0,9.793070459016392e-08
FL-2003-000571-DOM,FL_2003_000571_DOM,9.4920885e-08,2.035713421826901e-05,678.0,9.505986140556368e-08
FF-2008-000186-COD,FF_2008_000186_COD,9.3281685e-08,0.0001215414149176,246.0,9.365332517928286e-08
FL-2019-000009-ARG,FL_2019_000009_ARG,9.2973636e-08,7.167446763162767e-06,885.0,9.307810075955055e-08
FL-2014-000152-ETH,FL_2014_000152_ETH,9.1255664e-08,1.530648686705766e-05,740.0,9.137815482416107e-08
FL-2022-000275-UGA,FL_2022_000275_UGA,8.860722e-08,4.023721065215316e-05,519.0,8.877631774809161e-08
FL-1998-000112-TZA,FL_1998_000112_TZA,8.765519e-08,0.0002969124370008,121.0,8.835086611111111e-08
FL-2001-000227-RUS,FL_2001_000227_RUS,8.6222606e-08,2.030197891092386e-05,679.0,8.634866244152047e-08
FL-2004-000028-DOM,FL_2004_000028_DOM,8.6108145e-08,1.0179810646671794e-06,1107.0,8.618558038219426e-08
FL-2020-000200-BFA,FL_2020_000200_BFA,8.549603e-08,2.098221546001694e-05,670.0,8.562269078518518e-08
FL-2007-000068-COL,FL_2007_000068_COL,8.380608e-08,4.933917232071036e-05,469.0,8.398288607594937e-08
FF-2007-000113-GMB,FF_2007_000113_GMB,8.341831e-08,1.0073292282231046e-05,818.0,8.351966882138518e-08
FL-2006-000029-NAM,FL_2006_000029_NAM,8.1030755e-08,5.37664748874056e-06,931.0,8.111732631944445e-08
FL-2007-000093-SDN,FL_2007_000093_SDN,8.0464e-08,3.35329402220493e-06,996.0,8.054438361638362e-08
FL-2021-000152-GEO,FL_2021_000152_GEO,7.8904584e-08,2.764981356221865e-05,615.0,7.903184945806452e-08
FF-2020-000138-TJK,FF_2020_000138_TJK,7.887221e-08,4.099185324342192e-07,1155.0,7.894020328448275e-08
FF-2022-000278-MNG,FF_2022_000278_MNG,7.728481e-08,0.0008606145127398,50.0,7.868998836363636e-08
FL-2019-000119-CMR,FL_2019_000119_CMR,7.703477e-08,2.347072498289688e-05,650.0,7.715238033587787e-08
FL-2010-000036-CYP,FL_2010_000036_CYP,7.7039935e-08,2.9170161170728195e-06,1011.0,7.711576170767716e-08
FL-1997-000301-UGA,FL_1997_000301_UGA,7.63669e-08,6.366939300344071e-06,906.0,7.645072755214052e-08
FL-2010-000151-COD,FL_2010_000151_COD,7.576228e-08,2.8182729558319263e-05,609.0,7.588567133550489e-08
FL-2011-000133-MEX,FL_2011_000133_MEX,7.540193e-08,2.732248860656865e-06,1019.0,7.547556469726562e-08
FF-2021-000098-MNG,FF_2021_000098_MNG,7.46254e-08,0.0002909923754179,124.0,7.520389147286822e-08
FL-2008-000185-SOM,FL_2008_000185_SOM,7.351801e-08,1.320071356900146e-05,764.0,7.361361209362809e-08
FL-1999-000391-MEX,FL_1999_000391_MEX,7.230157e-08,6.500627507260895e-06,902.0,7.238128507166483e-08
FL-2013-000030-COL,FL_2013_000030_COL,7.217291e-08,1.9364000343866757e-05,689.0,7.227690554755043e-08
FL-2005-000017-VEN,FL_2005_000017_VEN,7.091987e-08,2.6478932618676803e-06,1023.0,7.09888582003891e-08
FL-2007-000151-TCD,FL_2007_000151_TCD,6.918326e-08,1.8600785507988136e-06,1050.0,6.924883654976302e-08
FL-2022-000290-SEN,FL_2022_000290_SEN,6.706528e-08,1.489075785632773e-05,744.0,6.715481975967956e-08
FL-2012-000198-PAN,FL_2012_000198_PAN,6.609533e-08,4.154507073837319e-06,969.0,6.616318968172485e-08
ST-2012-000077-CHN,ST_2012_000077_CHN,6.5318986e-08,0.0001376782760137,228.0,6.559932499570817e-08
FL-2003-000196-ARG,FL_2003_000196_ARG,6.499793e-08,2.9635866785826457e-05,593.0,6.510662219063545e-08
FL-2008-000024-PHL,FL_2008_000024_PHL,6.455024e-08,5.661514684699147e-05,429.0,6.46989732718894e-08
FF-2009-000160-LKA,FF_2009_000160_LKA,6.430039e-08,1.919994321945923e-05,692.0,6.439264307030129e-08
FL-2018-000046-RUS,FL_2018_000046_RUS,6.175694e-08,0.00020413985333,172.0,6.210584926553672e-08
FL-1999-000259-KHM,FL_1999_000259_KHM,5.9241255e-08,6.185511735278522e-06,914.0,5.930571773667029e-08
FL-1999-000547-VEN,FL_1999_000547_VEN,5.845644e-08,2.64653735477948e-05,624.0,5.8549375516693156e-08
FL-1998-000219-KOR,FL_1998_000219_KOR,5.782457e-08,5.556578918559739e-06,929.0,5.78864806745182e-08
FL-2006-000123-SDN,FL_2006_000123_SDN,5.4835382e-08,5.608343825494061e-06,927.0,5.4894218246781115e-08
FL-1994-000007-VNM,FL_1994_000007_VNM,5.4563543e-08,2.9773030175546745e-05,590.0,5.4655246433613445e-08
FF-2013-000091-SDN,FF_2013_000091_SDN,5.4436864e-08,9.422915366343608e-06,832.0,5.4501902069295106e-08
FL-2007-000044-ARG,FL_2007_000044_ARG,5.3625918e-08,3.5318845760793373e-06,988.0,5.3679921945619337e-08
FL-2010-000196-LKA,FL_2010_000196_LKA,5.3331554e-08,2.449796363940175e-05,640.0,5.341423857984496e-08
FL-2013-000081-PRK,FL_2013_000081_PRK,5.24532e-08,5.194470604597036e-05,449.0,5.2568735682819375e-08
FL-2011-000170-COL,FL_2011_000170_COL,5.236522e-08,1.090448955899146e-05,807.0,5.2429709187192114e-08
FL-2021-000043-YEM,FL_2021_000043_YEM,5.1095643e-08,0.0001035005380417,277.0,5.127683322340425e-08
FL-1999-000350-CRI,FL_1999_000350_CRI,5.110682e-08,4.3169376736795617e-07,1153.0,5.1150953696027627e-08
FL-2022-000336-VNM,FL_2022_000336_VNM,4.9859793e-08,8.261534467865854e-07,1117.0,4.9904231318181824e-08
FL-2021-000108-SSD,FL_2021_000108_SSD,4.9796117e-08,4.787157315772109e-05,472.0,4.990051137526205e-08
FL-2019-000145-TZA,FL_2019_000145_TZA,4.9163376e-08,0.0002739436229965,130.0,4.952754915555555e-08
FL-2005-000020-COL,FL_2005_000020_COL,4.9066557e-08,2.345160254381445e-06,1036.0,4.911369106051873e-08
FL-2008-000175-UGA,FL_2008_000175_UGA,4.5263974e-08,1.3216446427815917e-05,763.0,4.532291146614583e-08
FL-2010-000091-VNM,FL_2010_000091_VNM,4.3986784e-08,0.0001024106196174,280.0,4.4141123592982455e-08
FL-2019-000160-COG,FL_2019_000160_COG,4.294459e-08,0.0005334982747852,77.0,4.3468304512195126e-08
FL-2012-000192-COD,FL_2012_000192_COD,4.30616e-08,4.29726441153961e-06,963.0,4.310608512396694e-08
FL-2013-000008-MOZ,FL_2013_000008_MOZ,4.294241e-08,6.293652956281394e-05,397.0,4.3049231915422885e-08
FL-2014-000073-RUS,FL_2014_000073_RUS,4.2468507e-08,7.163894915145875e-06,886.0,4.251617086868687e-08
FL-2007-000149-CMR,FL_2007_000149_CMR,4.183485e-08,3.452851228748491e-05,563.0,4.190850290492958e-08
FL-2006-000151-PAN,FL_2006_000151_PAN,4.096122e-08,2.2553941046997795e-06,1037.0,4.100053019193858e-08
FL-2009-000166-SDN,FL_2009_000166_SDN,3.9769002e-08,9.524662989123786e-06,831.0,3.9816572576555026e-08
FL-2009-000147-NIC,FL_2009_000147_NIC,3.9702634e-08,1.3189978499349142e-06,1085.0,3.973905843486238e-08
FL-2008-000154-MEX,FL_2008_000154_MEX,3.9381035e-08,7.439176549759416e-06,878.0,3.942563413363533e-08
FL-2021-000153-UGA,FL_2021_000153_UGA,3.9035875e-08,2.45695408408896e-06,1031.0,3.9073554416023163e-08
FL-2020-000212-KHM,FL_2020_000212_KHM,3.8409706e-08,3.179913337063863e-07,1168.0,3.8442450847399824e-08
FL-2010-000225-PAN,FL_2010_000225_PAN,3.7370842e-08,5.592961652651154e-06,928.0,3.741089649303323e-08
FF-2020-000153-BIH,FF_2020_000153_BIH,3.7072017e-08,1.9695749427596658e-05,686.0,3.712566680752532e-08
FL-2006-000085-UKR,FL_2006_000085_UKR,3.7086e-08,6.352995661712133e-07,1136.0,3.711850306748466e-08
FL-2016-000011-TZA,FL_2016_000011_TZA,3.6623987e-08,8.246043256547664e-05,337.0,3.673107468128655e-08
FL-2009-000208-AZE,FL_2009_000208_AZE,3.5049457e-08,6.601387821508542e-05,383.0,3.513979065206186e-08
FL-2010-000067-BRA,FL_2010_000067_BRA,3.4790578e-08,1.165820270423526e-05,788.0,3.4834450103404794e-08
FL-2020-000199-MRT,FL_2020_000199_MRT,3.4656573e-08,0.0001756007546233,197.0,3.4828140193069306e-08
FL-2012-000075-VEN,FL_2012_000075_VEN,3.4736104e-08,6.312286231542167e-06,909.0,3.477410849015317e-08
FL-2013-000104-MLI,FL_2013_000104_MLI,3.4497514e-08,6.934289670621294e-06,896.0,3.4535802028856826e-08
FL-2005-000205-PHL,FL_2005_000205_PHL,3.4451993e-08,2.5731367238628502e-05,633.0,3.450599298902821e-08
FL-2019-000062-SSD,FL_2019_000062_SSD,3.440451e-08,7.108194208023388e-05,368.0,3.44967472922252e-08
FL-2013-000112-CAF,FL_2013_000112_CAF,3.3398898e-08,1.8268789995933852e-05,703.0,3.344607158474577e-08
FF-2011-000071-GEO,FF_2011_000071_GEO,3.177518e-08,0.0001709947267135,198.0,3.1931707980295576e-08
FL-2011-000096-PRK,FL_2011_000096_PRK,3.1200823e-08,8.925220709890571e-06,845.0,3.123752985058824e-08
FL-2004-000116-CAF,FL_2004_000116_CAF,2.8683338e-08,7.640743058654877e-06,874.0,2.871596978384528e-08
FL-2009-000122-IND,FL_2009_000122_IND,2.8043853e-08,9.57715540954907e-05,296.0,2.813702194684385e-08
FF-2009-000196-IDN,FF_2009_000196_IDN,2.7775323e-08,0.0002495597007187,142.0,2.7964270775510205e-08
LS-2022-000283-LKA,LS_2022_000283_LKA,2.6842894e-08,0.0001293595233366,235.0,2.6954739391666667e-08
FL-2003-000229-LKA,FL_2003_000229_LKA,2.6767847e-08,3.0111969599639385e-05,585.0,2.681321623220339e-08
FL-2007-000077-CHN,FL_2007_000077_CHN,2.5740574e-08,2.516803230996403e-05,634.0,2.5780856588419404e-08
FL-1997-000111-ARM,FL_1997_000111_ARM,2.5567562e-08,1.728074376792953e-08,1210.0,2.5588605260905353e-08
FL-2013-000085-NIC,FL_2013_000085_NIC,2.556037e-08,8.378821816409419e-07,1116.0,2.5583171400535235e-08
FL-2005-000070-YEM,FL_2005_000070_YEM,2.5152284e-08,6.353524652661672e-06,907.0,2.517986325877193e-08
FL-2017-000064-IND,FL_2017_000064_IND,2.4258382e-08,0.0001009520057593,282.0,2.4342905979094077e-08
FL-2000-000258-IDN,FL_2000_000258_IDN,2.368743e-08,0.0001087277882711,273.0,2.3772636582733813e-08
FL-2009-000203-USA,FL_2009_000203_USA,2.3595483e-08,6.195569112966006e-06,913.0,2.3621186140522875e-08
FL-2007-000176-CRI,FL_2007_000176_CRI,2.2374724e-08,1.5253180057103534e-06,1074.0,2.2395460537534756e-08
FL-2006-000041-SRB,FL_2006_000041_SRB,2.2130243e-08,8.730550687172655e-07,1113.0,2.2150037492844362e-08
FL-2006-000057-SUR,FL_2006_000057_SUR,2.1952301e-08,4.026956461252276e-05,518.0,2.1994274806883363e-08
FL-2021-000007-SYR,FL_2021_000007_SYR,2.1778206e-08,1.6226593730626716e-05,730.0,2.18078362122449e-08
FL-2013-000098-NER,FL_2013_000098_NER,2.1657193e-08,3.286451794133593e-05,573.0,2.1694662192041518e-08
FL-2011-000123-RUS,FL_2011_000123_RUS,1.9935644e-08,3.967311128850911e-05,523.0,1.9973400901515153e-08
FL-2022-000321-CAF,FL_2022_000321_CAF,1.9309905e-08,3.125871343806374e-05,579.0,1.9342969905821914e-08
FL-2012-000175-GMB,FL_2012_000175_GMB,1.9196634e-08,5.990170777980724e-05,412.0,1.924266909352518e-08
FL-2011-000164-CAF,FL_2011_000164_CAF,1.8895731e-08,1.9993730943782684e-05,682.0,1.8923235703056767e-08
FL-2001-000274-WSM,FL_2001_000274_WSM,1.8346567e-08,1.557176047903887e-07,1188.0,1.836194551383068e-08
FL-2007-000210-PHL,FL_2007_000210_PHL,1.8238971e-08,6.03878173553987e-05,409.0,1.8283026485507246e-08
FL-2003-000331-CHN,FL_2003_000331_CHN,1.7975566e-08,5.1612277731299466e-08,1202.0,1.799045876387738e-08
FF-2007-000100-MLI,FF_2007_000100_MLI,1.7849679e-08,0.0001940719836715,182.0,1.7945131828877006e-08
FF-2006-000069-IDN,FF_2006_000069_IDN,1.7102412e-08,0.0005207708692141,78.0,1.7308465156626505e-08
FL-2016-000061-RUS,FL_2016_000061_RUS,1.7248444e-08,4.544542592410279e-05,488.0,1.7283430701825558e-08
FL-2019-000030-IRQ,FL_2019_000030_IRQ,1.6614779e-08,7.716038931831008e-05,350.0,1.6661581194366198e-08
FL-2021-000005-IDN,FL_2021_000005_IDN,1.6495065e-08,6.223550405284222e-05,400.0,1.6535793555555556e-08
FF-2009-000204-TUN,FF_2009_000204_TUN,1.6165735e-08,0.0004106546480228,94.0,1.6329025252525252e-08
FL-2007-000200-MEX,FL_2007_000200_MEX,1.6273457e-08,1.693704915918064e-05,725.0,1.6295749406849316e-08
FL-2010-000219-PHL,FL_2010_000219_PHL,1.6249846e-08,1.887388877484113e-05,695.0,1.6273060065714284e-08
FL-2006-000130-KHM,FL_2006_000130_KHM,1.5971452e-08,3.424450628038449e-07,1165.0,1.5985102813675215e-08
FF-2013-000084-GEO,FF_2013_000084_GEO,1.571982e-08,0.0002054021729999,171.0,1.580913715909091e-08
FL-2009-000245-SRB,FL_2009_000245_SRB,1.5789599e-08,1.0989177734294365e-05,804.0,1.5809116427688505e-08
FL-2012-000129-SDN,FL_2012_000129_SDN,1.5596163e-08,7.40725245512622e-06,879.0,1.561380571832579e-08
FL-1998-000048-PAK,FL_1998_000048_PAK,1.5344664e-08,1.9830972567753256e-05,685.0,1.536690264347826e-08
FL-1998-000213-KGZ,FL_1998_000213_KGZ,1.4865472e-08,0.0002008417750581,177.0,1.4947150417582415e-08
FL-2010-000121-DOM,FL_2010_000121_DOM,1.488448e-08,4.629400873747435e-06,950.0,1.4900065842931938e-08
FL-2009-000164-SEN,FL_2009_000164_SEN,1.4654424e-08,2.1675259949949097e-07,1179.0,1.4666801047297295e-08
FL-2008-000243-PNG,FL_2008_000243_PNG,1.4608892e-08,1.5473594473206897e-08,1212.0,1.4620896019720625e-08
FF-2014-000015-ZWE,FF_2014_000015_ZWE,1.44861065e-08,0.0002137231563845,160.0,1.4573901084848487e-08
FL-2015-000042-RWA,FL_2015_000042_RWA,1.4456069e-08,2.818893274346873e-05,608.0,1.4479651494290374e-08
FL-2003-000212-AZE,FL_2003_000212_AZE,1.4330183e-08,7.925287743730839e-05,344.0,1.4371243696275072e-08
FL-2001-000082-ZWE,FL_2001_000082_ZWE,1.3976422e-08,1.877205987396324e-05,698.0,1.3996303112375533e-08
FL-2000-000012-MOZ,FL_2000_000012_MOZ,1.3713159e-08,2.741060054000452e-06,1018.0,1.3726563847507331e-08
FL-1997-000526-ECU,FL_1997_000526_ECU,1.3528929e-08,7.971309942827189e-06,865.0,1.3544479493103449e-08
FL-2022-000249-CIV,FL_2022_000249_CIV,1.3465891e-08,0.0001088117075276,272.0,1.3514504324909748e-08
FL-2008-000231-PAN,FL_2008_000231_PAN,1.3058002e-08,3.07295871883889e-06,1006.0,1.3070917926805142e-08
FL-2020-000242-COL,FL_2020_000242_COL,1.26204975e-08,4.953526645748564e-05,465.0,1.2647349622340426e-08
FL-2016-000044-CHN,FL_2016_000044_CHN,1.2598432e-08,3.3817095454762724e-05,565.0,1.2620534512280702e-08
FF-2020-000221-SOM,FF_2020_000221_SOM,1.1709206e-08,4.128239750204838e-05,510.0,1.1731942322330098e-08
FL-2014-000006-PHL,FL_2014_000006_PHL,1.1626682e-08,2.349917322326726e-05,648.0,1.164448702603369e-08
FL-2019-000120-PHL,FL_2019_000120_PHL,1.1588911e-08,4.057909107507356e-05,514.0,1.1611240308285164e-08
FL-2004-000100-PAN,FL_2004_000100_PAN,1.1530223e-08,1.567061310237827e-07,1187.0,1.1539896005872482e-08
SS-2007-000063-MDV,SS_2007_000063_MDV,1.058619e-08,1.9735765352512646e-07,1181.0,1.0595115961214167e-08
FL-2018-000140-MLI,FL_2018_000140_MLI,1.0463233e-08,1.961170392739232e-05,687.0,1.0478353278901734e-08
FL-2013-000006-IDN,FL_2013_000006_IDN,1.0328133e-08,2.2669901929034868e-05,661.0,1.0343640707207206e-08
FF-2012-000118-AFG,FF_2012_000118_AFG,9.612645e-09,0.0006547498858023,60.0,9.760531846153846e-09
FL-2014-000115-NER,FL_2014_000115_NER,9.552117e-09,3.918232866864152e-05,526.0,9.570105920903954e-09
FL-2004-000059-AFG,FL_2004_000059_AFG,9.334115e-09,0.0002896565584586,125.0,9.405915884615383e-09
FL-1999-000053-PHL,FL_1999_000053_PHL,9.352473e-09,0.0001897746286091,185.0,9.401696542105263e-09
FL-2012-000141-NER,FL_2012_000141_NER,8.915313e-09,2.0375756457717857e-05,677.0,8.928385306451613e-09
FL-2001-000492-VNM,FL_2001_000492_VNM,8.6975e-09,0.0003306510368663,111.0,8.772478448275863e-09
FL-2008-000099-NIC,FL_2008_000099_NIC,8.57761e-09,4.384897774777473e-09,1218.0,8.584623581357319e-09
FL-2018-000034-BLR,FL_2018_000034_BLR,8.5265865e-09,3.1229647875492304e-06,1005.0,8.535028664851485e-09
FF-2019-000054-YEM,FF_2019_000054_YEM,8.381303e-09,5.5552411100430274e-05,432.0,8.400482183066363e-09
FL-2016-000066-PAK,FL_2016_000066_PAK,8.288931e-09,8.090866344370452e-05,340.0,8.312956886956522e-09
FL-2006-000189-MYS,FL_2006_000189_MYS,8.060346e-09,0.0001486026855032,217.0,8.096653864864865e-09
FF-2008-000227-ETH,FF_2008_000227_ETH,7.798798e-09,0.000573154650311,71.0,7.901413763157894e-09
FL-2022-000365-PAN,FL_2022_000365_PAN,7.729291e-09,3.554928616167016e-07,1162.0,7.735914214224507e-09
FF-2016-000079-MKD,FF_2016_000079_MKD,7.489851e-09,0.0002403815936424,149.0,7.538486396103897e-09
FL-2006-000025-PNG,FL_2006_000025_PNG,7.406846e-09,7.787085153413646e-06,871.0,7.415301303652968e-09
FL-2011-000204-PHL,FL_2011_000204_PHL,7.383787e-09,8.318600307588612e-05,333.0,7.405632523668638e-09
FL-2003-000647-TLS,FL_2003_000647_TLS,7.337942e-09,3.6396015178958743e-06,986.0,7.345346583249243e-09
FL-1998-000255-TUR,FL_1998_000255_TUR,7.193489e-09,1.3065805300428597e-07,1193.0,7.199493581803005e-09
FL-2016-000050-LKA,FL_2016_000050_LKA,6.84228e-09,4.634290882037086e-07,1151.0,6.84819892733564e-09
FL-2003-000368-SDN,FL_2003_000368_SDN,6.721914e-09,3.4623805101125075e-06,993.0,6.728649384769539e-09
FL-2000-000438-KHM,FL_2000_000438_KHM,6.308088e-09,1.9299669920731782e-05,690.0,6.31716438561151e-09
FL-2013-000051-ECU,FL_2013_000051_ECU,6.2462644e-09,7.661503719034162e-06,873.0,6.253378596355353e-09
FL-2002-000020-IRN,FL_2002_000020_IRN,6.12141e-09,0.0002038245345199,173.0,6.1557999438202236e-09
FL-2009-000174-NER,FL_2009_000174_NER,6.0834666e-09,0.0001419777218951,226.0,6.109801953246753e-09
FF-2009-000159-PAK,FF_2009_000159_PAK,5.95655e-09,0.0003317963321947,110.0,6.008346086956521e-09
FL-2020-000132-UGA,FL_2020_000132_UGA,5.914738e-09,1.9013312598142174e-05,694.0,5.9231997138769675e-09
FL-2015-000081-PHL,FL_2015_000081_PHL,5.7766325e-09,3.9905651891686646e-05,521.0,5.7876146910646386e-09
FL-2008-000125-SDN,FL_2008_000125_SDN,5.740477e-09,5.36557871612922e-06,932.0,5.746603442902882e-09
FL-2013-000028-NAM,FL_2013_000028_NAM,5.6844875e-09,0.0003100116462064,114.0,5.732256302521008e-09
FL-2018-000165-CRI,FL_2018_000165_CRI,5.6996727e-09,1.2945276586556335e-05,768.0,5.707046144631307e-09
FL-2011-000187-COD,FL_2011_000187_COD,5.5634346e-09,2.9090980822384794e-06,1012.0,5.568905037168142e-09
FF-2014-000048-KAZ,FF_2014_000048_KAZ,5.2546576e-09,0.0004164820681963,93.0,5.30827655510204e-09
FL-2002-000026-SEN,FL_2002_000026_SEN,5.1719193e-09,8.070823128090208e-06,863.0,5.177877732373272e-09
FL-2007-000052-LKA,FL_2007_000052_LKA,5.148845e-09,1.3996571274225704e-05,752.0,5.155646644649933e-09
FL-2000-000048-BWA,FL_2000_000048_BWA,5.045521e-09,8.646265188019085e-07,1114.0,5.050029955317247e-09
FL-2000-000191-HUN,FL_2000_000191_HUN,4.9948694e-09,2.4924452867441542e-05,637.0,5.002649570404984e-09
FL-1997-000166-ROM,FL_1997_000166_ROM,4.8414095e-09,2.465694929815633e-05,639.0,4.848927216614907e-09
FL-2022-000277-SDN,FL_2022_000277_SDN,4.806719e-09,3.592378869744306e-05,550.0,4.815379754954955e-09
FL-2021-000061-MYS,FL_2021_000061_MYS,4.6294946e-09,0.0001101640504729,266.0,4.646577605904059e-09
FL-2015-000017-PAK,FL_2015_000017_PAK,4.6079607e-09,8.568523542609572e-05,325.0,4.621924217272726e-09
FL-1998-000053-ZMB,FL_1998_000053_ZMB,4.5674486e-09,3.474395590604758e-05,558.0,4.5755612973357016e-09
FL-2009-000176-MLI,FL_2009_000176_MLI,4.55124e-09,6.22198897737887e-05,401.0,4.562449950738916e-09
FL-2009-000216-ITA,FL_2009_000216_ITA,4.514995e-09,4.4961180859003985e-09,1217.0,4.518689758592472e-09
FL-2021-000097-BGD,FL_2021_000097_BGD,4.4048507e-09,1.2348080754431037e-06,1091.0,4.408869724361314e-09
FF-2008-000199-LKA,FF_2008_000199_LKA,4.319693e-09,0.0001126922551836,261.0,4.335932447368421e-09
FL-2016-000091-NER,FL_2016_000091_NER,4.1974344e-09,0.0001486519018694,216.0,4.216427315837104e-09
FF-2018-000118-LAO,FF_2018_000118_LAO,4.006507e-09,3.486787570624408e-05,557.0,4.013636016014235e-09
FL-2001-000252-ECU,FL_2001_000252_ECU,4.0091006e-09,5.255656336232712e-06,934.0,4.0133701427050055e-09
FL-2022-000332-BEN,FL_2022_000332_BEN,3.9579082e-09,2.779151722599894e-05,613.0,3.964312582200647e-09
FL-2001-000236-URY,FL_2001_000236_URY,3.6550996e-09,8.751779314832195e-06,849.0,3.659379576112412e-09
LS-2015-000135-LKA,LS_2015_000135_LKA,3.608904e-09,2.885984090809901e-05,601.0,3.614859287128713e-09
ST-2012-000064-COD,ST_2012_000064_COD,3.5831151e-09,2.3402210479634333e-05,651.0,3.5885771657012193e-09
FL-2012-000128-SSD,FL_2012_000128_SSD,3.5527978e-09,6.393682065681764e-05,393.0,3.561724427638191e-09
FL-2017-000137-SSD,FL_2017_000137_SSD,3.4261671e-09,4.7649573888108887e-05,475.0,3.4333049481250004e-09
FL-2014-000070-LKA,FL_2014_000070_LKA,3.408869e-09,1.7875538601824186e-05,707.0,3.4136567373595505e-09
FL-2000-000265-COL,FL_2000_000265_COL,3.3565388e-09,2.30877857136302e-05,653.0,3.3616399227963528e-09
FL-2009-000095-TJK,FL_2009_000095_TJK,3.1704959e-09,2.07318880860773e-05,674.0,3.175165260677467e-09
FL-2001-000079-ROM,FL_2001_000079_ROM,3.1602947e-09,7.004672905621297e-05,370.0,3.168722152533333e-09
FL-2001-000096-UKR,FL_2001_000096_UKR,3.1602947e-09,4.979283550225069e-05,464.0,3.167033068230277e-09
FL-2001-000095-HUN,FL_2001_000095_HUN,3.1602947e-09,1.8722113307061102e-05,699.0,3.164783754971591e-09
FL-2014-000098-SDN,FL_2014_000098_SDN,3.0237386e-09,4.283836046488382e-05,499.0,3.0297380813492065e-09
FL-2005-000175-SDN,FL_2005_000175_SDN,2.9192933e-09,2.460145776517503e-06,1030.0,2.922113873236715e-09
FL-2003-000080-ARG,FL_2003_000080_ARG,2.8969553e-09,5.405060424502835e-06,930.0,2.9000536479144383e-09
FL-2009-000144-NER,FL_2009_000144_NER,2.8168499e-09,1.1921433434860205e-06,1093.0,2.819415337067395e-09
FL-2005-000100-KGZ,FL_2005_000100_KGZ,2.4106097e-09,0.0001020832365718,281.0,2.4190384052447555e-09
FL-2006-000050-ARG,FL_2006_000050_ARG,2.3831412e-09,6.849926629984544e-05,375.0,2.3894126242105263e-09
FL-2010-000023-ECU,FL_2010_000023_ECU,2.3520699e-09,9.728183770255644e-05,290.0,2.360043018305085e-09
FF-2020-000191-AFG,FF_2020_000191_AFG,2.2847566e-09,3.3879281626201335e-05,564.0,2.2887719894551846e-09
FL-2022-000287-TCD,FL_2022_000287_TCD,2.2825557e-09,4.9832443270754e-05,463.0,2.2874329557692307e-09
FL-2006-000065-TZA,FL_2006_000065_TZA,2.1937092e-09,1.2522555684436363e-05,775.0,2.196521647692308e-09
FL-2013-000054-CHN,FL_2013_000054_CHN,2.1462616e-09,3.5854261059653115e-06,987.0,2.1484251701612903e-09
FL-2003-000020-MOZ,FL_2003_000020_MOZ,2.1002984e-09,9.05416372364303e-06,841.0,2.1027810222222224e-09
FL-2002-000367-SRB,FL_2002_000367_SRB,2.095631e-09,2.1075100670530365e-06,1046.0,2.097624940057089e-09
FF-2020-000240-ZMB,FF_2020_000240_ZMB,1.9765771e-09,0.0001206920836941,249.0,1.9843588996062993e-09
FL-2019-000133-SOM,FL_2019_000133_SOM,1.9458457e-09,3.489158822743607e-05,556.0,1.9493142306595365e-09
FL-2020-000175-GEO,FL_2020_000175_GEO,1.8614629e-09,2.597612231453914e-05,631.0,1.8643897284591195e-09
FF-2021-000032-TLS,FF_2021_000032_TLS,1.7140356e-09,0.0001455986379819,222.0,1.7215864176211454e-09
FL-2014-000014-SYC,FL_2014_000014_SYC,1.6529421e-09,1.2687753605199458e-05,772.0,1.6550694386100383e-09
FL-1997-000295-COD,FL_1997_000295_COD,1.6180561e-09,4.3909723107301175e-06,960.0,1.619732842072539e-09
FL-2006-000121-MKD,FL_2006_000121_MKD,1.5861106e-09,3.464801231314916e-05,560.0,1.58891787539823e-09
FL-2018-000112-GEO,FL_2018_000112_GEO,1.547524e-09,1.3772152039921514e-05,755.0,1.5495602157894738e-09
FL-2001-000571-PRK,FL_2001_000571_PRK,1.4535677e-09,0.0001087159772329,274.0,1.4587776200716845e-09
FL-2000-000302-CHN,FL_2000_000302_CHN,1.3990227e-09,4.791279302946069e-06,946.0,1.400493806940063e-09
FL-2009-000123-BGD,FL_2009_000123_BGD,1.3742593e-09,6.339431326499293e-06,908.0,1.3757645128148959e-09
FF-2008-000082-PHL,FF_2008_000082_PHL,1.2819777e-09,0.001101968904957,34.0,1.314848923076923e-09
FL-2007-000086-PAN,FL_2007_000086_PAN,1.3001777e-09,3.151296479294704e-06,1004.0,1.3014662804757184e-09
FF-2013-000090-PAK,FF_2013_000090_PAK,1.2620986e-09,0.0005968734355756,67.0,1.2796277472222222e-09
FL-2014-000159-MAR,FL_2014_000159_MAR,1.1834683e-09,0.0001242849117909,241.0,1.1882791467479674e-09
FL-2011-000120-SDN,FL_2011_000120_SDN,1.1243787e-09,0.00020185198997,176.0,1.1305907370165747e-09
FL-2020-000038-EGY,FL_2020_000038_EGY,1.12212e-09,4.705820700111559e-05,478.0,1.1244432298136648e-09
FL-2019-000171-LKA,FL_2019_000171_LKA,1.0876542e-09,1.1534430413789018e-05,792.0,1.0890188853199497e-09
FL-2019-000011-IDN,FL_2019_000011_IDN,1.0650517e-09,7.774244391933258e-05,346.0,1.0680860353276355e-09
LS-2016-000051-IDN,LS_2016_000051_IDN,1.0146172e-09,6.02080870900569e-05,410.0,1.0170620607228918e-09
FL-2006-000023-DZA,FL_2006_000023_DZA,9.701694e-10,0.0003763299601544,100.0,9.794091085714285e-10
FL-2019-000153-COD,FL_2019_000153_COD,9.443629e-10,2.874409867825951e-05,602.0,9.45918687314662e-10
FL-2007-000003-PHL,FL_2007_000003_PHL,9.217177e-10,0.0004167077930778,92.0,9.312199443298968e-10
FL-2017-000078-NER,FL_2017_000078_NER,9.2660835e-10,0.0001092656713204,271.0,9.299656266304347e-10
FL-2013-000068-CZE,FL_2013_000068_CZE,9.0603325e-10,3.3200498514230494e-06,998.0,9.069365732801596e-10
FF-2020-000156-UKR,FF_2020_000156_UKR,8.6207147e-10,5.024720741828839e-06,942.0,8.62981788342133e-10
FL-1999-000071-MOZ,FL_1999_000071_MOZ,8.5036983e-10,2.97991893543978e-05,589.0,8.518014290404041e-10
FL-2003-000455-NGA,FL_2003_000455_NGA,8.448325e-10,2.721134735331693e-06,1020.0,8.456567268292683e-10
FL-2019-000087-PAK,FL_2019_000087_PAK,8.426966e-10,2.4702378751898932e-05,638.0,8.440071701399691e-10
FL-2009-000217-IND,FL_2009_000217_IND,8.240473e-10,1.0516444317376208e-05,810.0,8.250584009815951e-10
FL-2009-000044-BIH,FL_2009_000044_BIH,8.021929e-10,6.241086580999413e-08,1201.0,8.028580682421226e-10
FL-2002-000522-KHM,FL_2002_000522_KHM,7.4397455e-10,2.283902635943574e-05,658.0,7.450966835595776e-10
FL-2009-000031-DOM,FL_2009_000031_DOM,6.998297e-10,6.602387314096059e-06,901.0,7.006021389624723e-10
FL-2006-000034-ECU,FL_2006_000034_ECU,6.997036e-10,9.945051216666117e-06,821.0,7.005506987893461e-10
FL-2005-000138-PNG,FL_2005_000138_PNG,6.7829037e-10,1.6150502784946756e-05,734.0,6.792082189445197e-10
FF-2012-000148-PAK,FF_2012_000148_PAK,6.754671e-10,0.0001551729043452,211.0,6.785942624999998e-10
FF-2008-000194-VNM,FF_2008_000194_VNM,6.7376094e-10,0.0001098565882448,267.0,6.762380022794118e-10
FL-2010-000141-PAK,FL_2010_000141_PAK,6.512155e-10,0.0004833215228966,81.0,6.58787773255814e-10
FF-2013-000113-ROM,FF_2013_000113_ROM,6.561185e-10,9.176344218855402e-05,309.0,6.582080493630574e-10
FL-2005-000109-PRK,FL_2005_000109_PRK,6.5648537e-10,5.020610465686704e-05,460.0,6.578971664946237e-10
FL-2019-000136-SLV,FL_2019_000136_SLV,6.5405886e-10,8.225747286978008e-06,858.0,6.548167497566628e-10
FL-2020-000176-SDN,FL_2020_000176_SDN,6.331872e-10,0.0005127333754938,80.0,6.406364611764706e-10
FL-1999-000413-CAF,FL_1999_000413_CAF,5.9938526e-10,0.00024370842782,146.0,6.033546988079471e-10
FL-2012-000164-CAF,FL_2012_000164_CAF,6.0182276e-10,1.10342131863769e-05,802.0,6.02568513110285e-10
FL-2010-000096-IDN,FL_2010_000096_IDN,5.7883454e-10,3.453176417278418e-05,561.0,5.798572158657244e-10
FL-1998-000251-SDN,FL_1998_000251_SDN,5.520535e-10,1.5916589230851226e-05,736.0,5.527985114709851e-10
FL-2022-000265-YEM,FL_2022_000265_YEM,4.8819454e-10,0.0001571936459515,208.0,4.9048653314554e-10
FL-2007-000209-PNG,FL_2007_000209_PNG,4.872887e-10,4.201889916920417e-06,967.0,4.877900258230453e-10
FL-1999-000161-LKA,FL_1999_000161_LKA,4.7850574e-10,1.4739853270325144e-06,1078.0,4.789475735549399e-10
FL-2009-000165-CHL,FL_2009_000165_CHL,4.74035e-10,2.1986735451286066e-06,1039.0,4.7448905651341e-10
FL-2015-000146-DZA,FL_2015_000146_DZA,4.33048e-10,5.428235791362342e-05,438.0,4.340255349887133e-10
FL-2010-000031-PRT,FL_2010_000031_PRT,4.300259e-10,7.771872266743343e-05,347.0,4.312475644886364e-10
FL-2011-000007-ZAF,FL_2011_000007_ZAF,4.2643344e-10,1.667313064221804e-05,726.0,4.270167962790698e-10
FL-2005-000169-FJI,FL_2005_000169_FJI,4.0751286e-10,1.0042593773249907e-07,1196.0,4.0785217129059117e-10
FL-1999-000531-COD,FL_1999_000531_COD,3.988448e-10,6.080237930962117e-06,916.0,3.9927785624321394e-10
FF-2015-000115-MKD,FF_2015_000115_MKD,3.8972348e-10,7.938436449764342e-05,343.0,3.908433750574712e-10
FL-2008-000207-SDN,FL_2008_000207_SDN,3.879193e-10,1.7590810497997475e-05,713.0,3.884595775766017e-10
FL-2017-000088-SDN,FL_2017_000088_SDN,3.816516e-10,4.318678955113774e-05,496.0,3.824133796407186e-10
FL-2019-000098-CAF,FL_2019_000098_CAF,3.696723e-10,9.216276971599125e-06,837.0,3.7011134073634196e-10
FF-2005-000072-TJK,FF_2005_000072_TJK,3.68073e-10,9.423918034358303e-05,301.0,3.6927585294117644e-10
FL-2012-000037-PSE,FL_2012_000037_PSE,3.6597708e-10,6.153384752569999e-07,1137.0,3.662975502977233e-10
FL-1997-000026-MOZ,FL_1997_000026_MOZ,3.4654832e-10,6.243812398342415e-05,398.0,3.4740824138957814e-10
FL-1998-000080-ARG,FL_1998_000080_ARG,3.35097e-10,6.500070346710938e-06,903.0,3.3546604955947133e-10
FL-2009-000190-TUR,FL_2009_000190_TUR,3.1910016e-10,1.0762490237380525e-07,1194.0,3.193662985821518e-10
FL-2014-000089-IND,FL_2014_000089_IND,3.0435446e-10,8.716331568507338e-05,320.0,3.0529093526153845e-10
FL-2017-000160-HND,FL_2017_000160_HND,3.0379846e-10,4.764726115025522e-07,1150.0,3.0406148896969697e-10
FL-2008-000051-LKA,FL_2008_000051_LKA,2.8439462e-10,9.17762779566157e-07,1108.0,2.846501407726864e-10
FF-2009-000246-LKA,FF_2009_000246_LKA,2.7631586e-10,0.0003326171455139,109.0,2.7873968333333333e-10
FL-1999-000574-VNM,FL_1999_000574_VNM,2.710916e-10,7.251091672387564e-05,365.0,2.7182428e-10
FF-2020-000055-SOM,FF_2020_000055_SOM,2.6248628e-10,6.672290550700903e-05,379.0,2.631698380208334e-10
FL-2022-000286-MRT,FL_2022_000286_MRT,2.5291133e-10,0.0001472454702432,221.0,2.5403040668141587e-10
FL-2019-000089-SLE,FL_2019_000089_SLE,2.52028e-10,5.307924296903163e-05,445.0,2.525880622222222e-10
FL-2006-000164-TZA,FL_2006_000164_TZA,2.4928948e-10,0.0001919969105209,184.0,2.5060847195767195e-10
FL-2019-000047-GEO,FL_2019_000047_GEO,2.2765993e-10,3.7205677337237487e-05,539.0,2.2807842251838236e-10
FL-2002-000125-ECU,FL_2002_000125_ECU,2.2684803e-10,2.041757711683291e-05,676.0,2.2718114017621146e-10
FL-2005-000196-LKA,FL_2005_000196_LKA,2.2589504e-10,2.0113746883589605e-05,680.0,2.2622481378102187e-10
FL-1999-000428-VNM,FL_1999_000428_VNM,2.187265e-10,6.481836830875148e-06,904.0,2.1896712321232123e-10
FL-2009-000248-URY,FL_2009_000248_URY,2.1736218e-10,2.5627345313429328e-06,1029.0,2.1757239487427467e-10
FL-2008-000094-ZAF,FL_2008_000094_ZAF,2.1320022e-10,5.436501533344132e-05,436.0,2.1368366721088433e-10
FL-2009-000120-BWA,FL_2009_000120_BWA,1.9926952e-10,0.0002396348761028,150.0,2.005551298064516e-10
FL-2020-000019-MDG,FL_2020_000019_MDG,1.9544866e-10,0.0002575284979036,139.0,1.968059423611111e-10
FL-1998-000247-IRN,FL_1998_000247_IRN,1.9378497e-10,0.0002641543750073,135.0,1.9516914835714284e-10
FF-2008-000123-PAK,FF_2008_000123_PAK,1.8956557e-10,0.0010027238122563,38.0,1.93974071627907e-10
FL-2009-000267-SRB,FL_2009_000267_SRB,1.913204e-10,6.377367451167124e-07,1135.0,1.9148822491228068e-10
FL-2003-000585-MKD,FL_2003_000585_MKD,1.9032402e-10,3.618282536436111e-05,547.0,1.9066880989130433e-10
FL-2009-000251-SAU,FL_2009_000251_SAU,1.895864e-10,2.274158681782117e-05,660.0,1.8987149233082708e-10
FL-1997-000265-SOM,FL_1997_000265_SOM,1.8848276e-10,1.1018080539737477e-06,1098.0,1.8865364192203082e-10
FL-1999-000548-YEM,FL_1999_000548_YEM,1.8075016e-10,3.453139883654162e-05,562.0,1.8106894335097e-10
FL-2014-000122-PAK,FL_2014_000122_PAK,1.8065509e-10,3.8351125710389214e-05,533.0,1.809908801301115e-10
FL-2019-000156-DJI,FL_2019_000156_DJI,1.7854003e-10,1.7615914943870545e-05,712.0,1.7878903980474197e-10
FL-2021-000057-LKA,FL_2021_000057_LKA,1.7742303e-10,6.623642239980072e-06,897.0,1.7761972958980045e-10
FL-2009-000023-ECU,FL_2009_000023_ECU,1.6571894e-10,4.935402167760987e-05,468.0,1.6606929716701904e-10
FL-2007-000220-SRB,FL_2007_000220_SRB,1.5172191e-10,7.473580614395036e-08,1199.0,1.5184792487541529e-10
FL-2018-000419-PRY,FL_2018_000419_PRY,1.4532961e-10,5.31108882137488e-05,443.0,1.4565400645089285e-10
FF-2012-000079-GEO,FF_2012_000079_GEO,1.4108485e-10,5.0874771384429424e-05,456.0,1.4139089088937092e-10
FL-2009-000186-TCD,FL_2009_000186_TCD,1.4030639e-10,4.377943572009834e-05,494.0,1.405875651302605e-10
FL-1999-000233-SVK,FL_1999_000233_SVK,1.4015301e-10,3.818452033222589e-06,982.0,1.4029500899696048e-10
FL-2018-000060-LKA,FL_2018_000060_LKA,1.3432554e-10,9.71411644525076e-05,291.0,1.347793425e-10
FL-2008-000010-BRA,FL_2008_000010_BRA,1.3355662e-10,7.124423558664526e-06,888.0,1.337061794848824e-10
FL-1997-000092-ECU,FL_1997_000092_ECU,1.2755448e-10,1.0160790253772604e-05,817.0,1.2770965576642335e-10
FL-2005-000139-SLE,FL_2005_000139_SLE,1.2681e-10,1.595362379009579e-06,1068.0,1.2692818266542404e-10
FL-2002-000732-IDN,FL_2002_000732_IDN,1.1065568e-10,1.3434943890590016e-05,759.0,1.1080051727748692e-10
FL-1999-000265-TCD,FL_1999_000265_TCD,1.0760668e-10,1.8718652896346477e-05,700.0,1.0775931358865247e-10
FF-2007-000082-PAK,FF_2007_000082_PAK,1.0591971e-10,0.0006603871952085,59.0,1.0757470546875e-10
FL-2005-000208-BIH,FL_2005_000208_BIH,1.059019e-10,2.7576499296228353e-10,1219.0,1.0598842116013072e-10
FL-2021-000145-BEN,FL_2021_000145_BEN,1.0547544e-10,0.0001601798569265,204.0,1.0598010717703349e-10
FL-2007-000158-TGO,FL_2007_000158_TGO,1.04488265e-10,2.931831254997404e-05,597.0,1.0466183354651163e-10
FL-2000-000741-LKA,FL_2000_000741_LKA,1.0214815e-10,4.102243578128455e-06,972.0,1.0225270286591605e-10
FL-2017-000110-MLI,FL_2017_000110_MLI,9.749496e-11,0.0003480083957961,104.0,9.838940917431192e-11
FL-2003-000531-IDN,FL_2003_000531_IDN,9.5338376e-11,0.000110200091637,265.0,9.56914810962963e-11
FL-2004-000115-PAN,FL_2004_000115_PAN,9.399513e-11,7.229422508964035e-06,884.0,9.410086130483689e-11
FL-2008-000117-ROM,FL_2008_000117_ROM,9.190279e-11,7.292167406315432e-06,880.0,9.200663496045198e-11
FL-2020-000198-SEN,FL_2020_000198_SEN,9.021181e-11,2.9166043767645166e-05,599.0,9.036116730132451e-11
FL-2000-000255-ARG,FL_2000_000255_ARG,8.085972e-11,1.5211780246696313e-06,1075.0,8.093459011111111e-11
FL-2015-000155-NGA,FL_2015_000155_NGA,8.074539e-11,4.7142115978352695e-06,947.0,8.083020658613445e-11
FL-2011-000180-PAN,FL_2011_000180_PAN,7.8671736e-11,3.7209967630713266e-08,1205.0,7.873675396363637e-11
FL-2013-000159-VCT,FL_2013_000159_VCT,7.258015e-11,1.129146278601382e-05,797.0,7.267064894014963e-11
FL-2018-000014-ARG,FL_2018_000014_ARG,7.161628e-11,8.603660385197306e-05,323.0,7.183462231707317e-11
FL-2007-000153-GHA,FL_2007_000153_GHA,7.155584e-11,1.6032619999275466e-05,735.0,7.165253708108109e-11
FL-1999-000437-KHM,FL_1999_000437_KHM,7.152541e-11,3.720514860571918e-06,984.0,7.159773094034378e-11
FL-2014-000054-TJK,FL_2014_000054_TJK,6.487821e-11,1.2579572839862575e-05,774.0,6.496149396662388e-11
FL-2009-000266-ALB,FL_2009_000266_ALB,5.2869816e-11,3.476212094713754e-06,992.0,5.292284490270812e-11
FF-2021-000090-SDN,FF_2021_000090_SDN,5.2209778e-11,2.719421501368732e-05,619.0,5.229344751602564e-11
FL-2017-000075-CHN,FL_2017_000075_CHN,4.986797e-11,4.056805484994559e-05,515.0,4.996386994230769e-11
FL-2019-000051-LBY,FL_2019_000051_LBY,4.666725e-11,0.0001477464371858,219.0,4.6875585937500006e-11
FF-2022-000309-SLE,FF_2022_000309_SLE,4.5395954e-11,2.89450385411352e-05,600.0,4.5470988634710736e-11
FL-2011-000043-VCT,FL_2011_000043_VCT,4.493575e-11,2.371304845406268e-06,1034.0,4.497899903753609e-11
FL-2011-000176-LKA,FL_2011_000176_LKA,4.4169463e-11,9.173124711393164e-07,1109.0,4.420911242818672e-11
FL-2009-000089-BRA,FL_2009_000089_BRA,4.1059104e-11,0.0001484336985395,218.0,4.1243225542600896e-11
FL-2015-000018-PNG,FL_2015_000018_PNG,3.9898595e-11,3.729252833093429e-06,983.0,3.9938978193319836e-11
FL-2016-000080-BFA,FL_2016_000080_BFA,3.925978e-11,6.615046828130403e-06,898.0,3.930325705426356e-11
FF-2019-000029-IDN,FF_2019_000029_IDN,3.507665e-11,0.0007261704516738,53.0,3.568141982758621e-11
FL-2018-000414-IRQ,FL_2018_000414_IRQ,3.2881902e-11,5.780781393317663e-05,421.0,3.295908956338028e-11
FL-2022-000002-IRN,FL_2022_000002_IRN,3.1485866e-11,8.945298431744162e-06,844.0,3.1522951825677266e-11
FL-1992-000008-PAK,FL_1992_000008_PAK,2.9909426e-11,6.529045784105109e-05,389.0,2.998533824873097e-11
FL-2015-000071-GEO,FL_2015_000071_GEO,2.7638749e-11,1.4928743152362724e-05,743.0,2.7675699199197858e-11
FL-2006-000156-TUR,FL_2006_000156_TUR,2.6435928e-11,3.561792965734255e-07,1161.0,2.6458600322469985e-11
FL-2020-000237-LKA,FL_2020_000237_LKA,2.38424e-11,0.0001116348730506,263.0,2.393136417910448e-11
FL-1999-000240-SRB,FL_1999_000240_SRB,2.1988156e-11,1.1687453544300232e-05,787.0,2.2015918823232325e-11
FL-2009-000171-AFG,FL_2009_000171_AFG,2.0757656e-11,0.0002084868834108,167.0,2.0878340046511627e-11
FL-2010-000051-KAZ,FL_2010_000051_KAZ,1.9928127e-11,8.294276228135903e-05,336.0,1.9986567255131965e-11
FL-2019-000100-MLI,FL_2019_000100_MLI,1.9837477e-11,8.529836142758207e-06,852.0,1.9860624581096847e-11
FL-2021-000208-IRQ,FL_2021_000208_IRQ,1.8306965e-11,0.0004088947720988,95.0,1.8490034649999998e-11
FL-2005-000110-BIH,FL_2005_000110_BIH,1.6424702e-11,1.3971760974918876e-06,1082.0,1.6439812121435143e-11
FF-2005-000067-IDN,FF_2005_000067_IDN,1.6054926e-11,0.000948053368258,43.0,1.6389403625e-11
FL-2021-000204-BRA,FL_2021_000204_BRA,1.5783035e-11,1.4115747429705877e-05,750.0,1.5803939682119208e-11
FL-2022-000271-NGA,FL_2022_000271_NGA,1.40042535e-11,6.619901060067222e-05,381.0,1.4040533949481865e-11
FL-2010-000015-PSE,FL_2010_000015_PSE,1.372107e-11,8.307895403516412e-05,334.0,1.3761545132743361e-11
FL-2001-000376-PAK,FL_2001_000376_PAK,1.2904268e-11,5.831409719051864e-05,418.0,1.2934774543735224e-11
FL-2009-000234-PHL,FL_2009_000234_PHL,1.2298219e-11,0.0005589746298813,73.0,1.2455888474358974e-11
FL-2022-000217-BGD,FL_2022_000217_BGD,1.2253352e-11,1.5809670513543636e-06,1069.0,1.2264761080074487e-11
FL-2001-000450-THA,FL_2001_000450_THA,1.1769125e-11,6.339863405155943e-05,396.0,1.1798474438902744e-11
FL-2015-000110-ARG,FL_2015_000110_ARG,9.900321e-12,9.06747426846554e-06,840.0,9.912037356213018e-12
FL-2018-000120-NGA,FL_2018_000120_NGA,9.12355e-12,9.263327561267158e-05,305.0,9.152980806451613e-12
FF-2020-000168-MNG,FF_2020_000168_MNG,9.043176e-12,9.4733360681673e-05,298.0,9.073021465346533e-12
FF-2006-000022-TLS,FF_2006_000022_TLS,8.993164e-12,3.0113166458636613e-05,584.0,9.008432529711374e-12
FL-2004-000055-TJK,FL_2004_000055_TJK,8.495814e-12,3.583364620654794e-05,551.0,8.511094241007194e-12
FL-2020-000206-COD,FL_2020_000206_COD,8.207128e-12,3.023173698852592e-06,1008.0,8.215229804540967e-12
FL-2001-000417-SDN,FL_2001_000417_SDN,7.681491e-12,4.328800805124772e-06,962.0,7.68943463081696e-12
FL-2016-000072-SDN,FL_2016_000072_SDN,6.290164e-12,3.3452919644365617e-06,997.0,6.2964416087824345e-12
FL-2012-000056-PRY,FL_2012_000056_PRY,6.2406785e-12,9.126385747384615e-06,838.0,6.2480814400949e-12
FL-2010-000139-SDN,FL_2010_000139_SDN,6.2402254e-12,1.0509446665903765e-05,811.0,6.24787273504902e-12
FL-2010-000041-SOM,FL_2010_000041_SOM,6.097898e-12,0.0001631073182157,202.0,6.127356444444445e-12
FL-2015-000027-CHL,FL_2015_000027_CHL,5.8539736e-12,3.180027196875646e-06,1001.0,5.859792659244533e-12
FL-2005-000063-SRB,FL_2005_000063_SRB,5.758733e-12,1.3033253787567285e-06,1086.0,5.764011398716774e-12
FL-2013-000157-BRA,FL_2013_000157_BRA,5.647006e-12,0.0001297664324902,234.0,5.6706336401673636e-12
FL-2010-000176-MRT,FL_2010_000176_MRT,5.4485305e-12,1.9379848213253357e-05,688.0,5.456392737373737e-12
FL-2007-000106-IDN,FL_2007_000106_IDN,4.816278e-12,9.593054122198094e-05,294.0,4.8323859531772575e-12
ST-2010-000085-CHN,ST_2010_000085_CHN,4.0616737e-12,1.6150534054236492e-05,733.0,4.067177322899729e-12
FL-2000-000375-CHL,FL_2000_000375_CHL,3.6440464e-12,0.000124565868705,240.0,3.658920058775511e-12
FL-2010-000089-AZE,FL_2010_000089_AZE,3.5539362e-12,1.107658613432704e-05,801.0,3.5583455501240698e-12
FL-2015-000009-ALB,FL_2015_000009_ALB,3.4898688e-12,1.1016756988851717e-05,803.0,3.4941879445544553e-12
FL-2008-000201-YEM,FL_2008_000201_YEM,3.2054897e-12,1.0964227633221716e-05,805.0,3.2094470946913586e-12
FL-2008-000088-USA,FL_2008_000088_USA,2.7470005e-12,7.43915930115142e-07,1127.0,2.749427178886926e-12
FL-2010-000153-PRK,FL_2010_000153_PRK,2.2264246e-12,5.8213388932007057e-05,419.0,2.231675601415094e-12
FL-1999-000031-LKA,FL_1999_000031_LKA,2.111598e-12,0.0003216188632447,112.0,2.129645846153846e-12
FL-2007-000022-ARG,FL_2007_000022_ARG,2.0882827e-12,2.625617285876366e-06,1025.0,2.090310158932039e-12
FL-2022-000316-NER,FL_2022_000316_NER,2.085898e-12,6.584822105313242e-07,1133.0,2.087730950790861e-12
FL-1999-000229-TJK,FL_1999_000229_TJK,1.9665645e-12,1.1199727970710633e-05,798.0,1.969013521793275e-12
FL-2022-000348-CRI,FL_2022_000348_CRI,1.959027e-12,1.0677769406871324e-06,1101.0,1.9607982721518985e-12
FL-2013-000142-VNM,FL_2013_000142_VNM,1.8430888e-12,4.344369692158546e-07,1152.0,1.844681789455488e-12
FL-2022-000254-PAK,FL_2022_000254_PAK,1.7060258e-12,7.207224063339466e-05,367.0,1.710611890860215e-12
FF-2021-000189-BIH,FF_2021_000189_BIH,1.6448425e-12,2.521866866468936e-07,1173.0,1.646238800933786e-12
FL-2018-000065-TJK,FL_2018_000065_TJK,1.6283735e-12,0.0001624533492015,203.0,1.6362022187500001e-12
FL-2022-000190-TUN,FL_2022_000190_TUN,1.5193864e-12,0.0001008736073502,283.0,1.5246620472222223e-12
FL-2015-000092-BRA,FL_2015_000092_BRA,1.4955334e-12,8.896277861816276e-05,317.0,1.5001779136645962e-12
FL-2009-000136-BIH,FL_2009_000136_BIH,1.4524457e-12,4.92241635556124e-07,1149.0,1.453704318457539e-12
FL-2009-000113-CHN,FL_2009_000113_CHN,1.368712e-12,8.084555160146426e-06,862.0,1.370290675893887e-12
FL-2022-000135-ZMB,FL_2022_000135_ZMB,1.3325843e-12,0.000880071182023,48.0,1.3577274e-12
FL-2005-000137-CAF,FL_2005_000137_CAF,1.3497323e-12,3.343942635687555e-05,569.0,1.3520837500000002e-12
FL-1991-000011-CHN,FL_1991_000011_CHN,1.2052765e-12,4.243078365926269e-05,502.0,1.207653771203156e-12
FL-2021-000209-MYS,FL_2021_000209_MYS,1.0637357e-12,0.0005419854851432,75.0,1.07703239625e-12
FF-2007-000080-BGD,FF_2007_000080_BGD,1.0268001e-12,5.727030226147084e-07,1140.0,1.0276968686462884e-12
FL-2000-000770-IDN,FL_2000_000770_IDN,9.318551e-13,4.255229225318008e-05,501.0,9.336967108695653e-13
FL-2017-000079-TJK,FL_2017_000079_TJK,8.7790853e-13,9.45610429282367e-05,299.0,8.807963870065791e-13
FF-2011-000088-NGA,FF_2011_000088_NGA,7.738605e-13,0.0003097440575256,116.0,7.80256041322314e-13
FL-2002-000734-MAR,FL_2002_000734_MAR,7.608756e-13,9.433255494973768e-05,300.0,7.633702740983606e-13
FL-2004-000022-AFG,FL_2004_000022_AFG,7.389571e-13,7.835017310791938e-06,869.0,7.398025886727689e-13
FL-2010-000019-MEX,FL_2010_000019_MEX,6.5207654e-13,2.154852313128067e-05,667.0,6.530468919940477e-13
FL-2009-000183-NGA,FL_2009_000183_NGA,6.013441e-13,4.312494194885829e-05,497.0,6.025419966135458e-13
FL-2005-000108-PAK,FL_2005_000108_PAK,6.004243e-13,9.937368686807416e-05,284.0,6.02501892733564e-13
FL-2019-000103-LAO,FL_2019_000103_LAO,5.441124e-13,3.747831330577053e-07,1159.0,5.445798505154639e-13
FF-2012-000120-GEO,FF_2012_000120_GEO,4.885917e-13,0.0002026932036632,174.0,4.913212625698324e-13
FL-2013-000101-LAO,FL_2013_000101_LAO,4.602727e-13,1.2413266942012672e-05,777.0,4.608612840153452e-13
FL-2013-000123-CMR,FL_2013_000123_CMR,4.2701143e-13,0.0001876103574816,187.0,4.292354478645833e-13
FL-2001-000620-DZA,FL_2001_000620_DZA,4.16468e-13,2.6435196248176123e-05,625.0,4.171290603174603e-13
FL-2017-000010-PHL,FL_2017_000010_PHL,4.0132746e-13,4.2685380619954224e-05,500.0,4.0212216784158413e-13
FL-2018-000425-LKA,FL_2018_000425_LKA,3.832456e-13,1.0537008845753215e-06,1102.0,3.8359180198735323e-13
FL-2003-000037-MDG,FL_2003_000037_MDG,3.4922466e-13,1.7858775468423685e-05,708.0,3.4971445615708277e-13
FF-2018-000158-TUN,FF_2018_000158_TUN,3.233809e-13,1.9952453052853715e-05,683.0,3.2385093037790693e-13
FL-2019-000058-TJK,FL_2019_000058_TJK,3.1589542e-13,6.978696987667694e-05,371.0,3.16735567393617e-13
FF-2007-000185-TUN,FF_2007_000185_TUN,3.1333093e-13,0.0002866819434269,126.0,3.1572276916030534e-13
FF-2016-000093-LAO,FF_2016_000093_LAO,2.9871486e-13,1.4983763757872485e-05,741.0,2.9911528206434315e-13
FL-2019-000118-SEN,FL_2019_000118_SEN,2.4325184e-13,5.8723456541393327e-05,417.0,2.438282661611375e-13
FL-2004-000063-PRK,FL_2004_000063_PRK,2.4188925e-13,6.15254364081467e-05,404.0,2.424806662591687e-13
FL-2017-000134-CAF,FL_2017_000134_CAF,2.353742e-13,5.765223576312413e-05,422.0,2.359254276346604e-13
FL-2008-000232-CRI,FL_2008_000232_CRI,2.1997507e-13,4.133329152104471e-06,970.0,2.2020068545641026e-13
FL-2002-000475-TJK,FL_2002_000475_TJK,2.1768318e-13,1.5375983398155728e-05,739.0,2.1797576491935486e-13
FL-2013-000045-AFG,FL_2013_000045_AFG,1.9919128e-13,7.005841295273652e-06,892.0,1.9941334385730214e-13
FL-2010-000249-IND,FL_2010_000249_IND,1.7782485e-13,8.488472880651678e-06,854.0,1.7803186379511058e-13
FF-2008-000178-DZA,FF_2008_000178_DZA,1.6897903e-13,0.0002468131171986,143.0,1.701207802027027e-13
FL-2005-000168-NPL,FL_2005_000168_NPL,1.655927e-13,1.778456145945056e-05,709.0,1.658246225490196e-13
FF-2020-000204-TUN,FF_2020_000204_TUN,1.5779626e-13,0.0002655770733268,134.0,1.5893148489208634e-13
FL-2010-000115-MMR,FL_2010_000115_MMR,1.5828614e-13,2.3723289790922185e-05,646.0,1.5852928307219662e-13
FL-2003-000293-TLS,FL_2003_000293_TLS,1.5603488e-13,2.497338061243387e-05,636.0,1.5627830414976598e-13
FF-2007-000091-AFG,FF_2007_000091_AFG,1.5378484e-13,0.000286009530209,127.0,1.5494987666666666e-13
FL-2012-000205-LKA,FL_2012_000205_LKA,1.4905315e-13,3.228005707290477e-07,1167.0,1.491803284556314e-13
FL-2012-000169-SEN,FL_2012_000169_SEN,1.4351317e-13,0.0007123679591448,56.0,1.458658449180328e-13
FL-2003-000273-TJK,FL_2003_000273_TJK,8.55414e-14,4.754828832431901e-05,476.0,8.571924074844074e-14
FL-2004-000120-CRI,FL_2004_000120_CRI,8.540676e-14,1.518442022019688e-06,1076.0,8.548576717853838e-14
FL-2016-000068-NPL,FL_2016_000068_NPL,8.447206e-14,1.7104289851800094e-05,724.0,8.458793388203017e-14
FL-2021-000127-NER,FL_2021_000127_NER,7.36526e-14,6.769951288528131e-05,377.0,7.384540785340315e-14
FL-2012-000003-BRA,FL_2012_000003_BRA,6.809817e-14,7.868224944084999e-06,868.0,6.81761747766323e-14
FL-2007-000129-PAK,FL_2007_000129_PAK,5.8146095e-14,2.7601907020454524e-06,1016.0,5.820304514201763e-14
FL-2016-000026-PNG,FL_2016_000026_PNG,4.936714e-14,2.931762632719199e-05,598.0,4.944900922056385e-14
FL-2005-000209-THA,FL_2005_000209_THA,4.44084e-14,2.1893287522926466e-06,1040.0,4.4450896076555024e-14
FF-2020-000123-YEM,FF_2020_000123_YEM,4.2136982e-14,0.0009789933778935,41.0,4.305300334782609e-14
FL-2002-000540-DZA,FL_2002_000540_DZA,4.2862496e-14,4.2142098512598914e-05,504.0,4.29467052259332e-14
FL-2012-000123-PRK,FL_2012_000123_PRK,4.1435425e-14,3.754187862936412e-05,538.0,4.151173333333334e-14
FL-2008-000104-NPL,FL_2008_000104_NPL,3.725737e-14,1.4442879471526583e-05,746.0,3.730698034620506e-14
FL-2022-000362-LCA,FL_2022_000362_LCA,3.7027225e-14,8.007571522891609e-05,342.0,3.713393170028819e-14
FL-2010-000042-SRB,FL_2010_000042_SRB,3.6625478e-14,1.788997716652619e-06,1054.0,3.6660062965061376e-14
FL-2015-000113-PRK,FL_2015_000113_PRK,3.529176e-14,4.943698494190252e-05,467.0,3.5366530677966107e-14
FL-2014-000162-LKA,FL_2014_000162_LKA,3.3011974e-14,1.8939499450980068e-06,1049.0,3.3043294658444026e-14
FL-2010-000119-PAN,FL_2010_000119_PAN,3.1282445e-14,3.0017710173556437e-06,1009.0,3.1313295537475346e-14
FL-2005-000150-NGA,FL_2005_000150_NGA,2.8860066e-14,1.1516317346379169e-05,793.0,2.88962314962406e-14
FL-2020-000185-PAK,FL_2020_000185_PAK,2.6670935e-14,2.2777376992855677e-05,659.0,2.6711102070783133e-14
FF-2016-000034-YEM,FF_2016_000034_YEM,2.5995702e-14,0.0004083527692389,96.0,2.6253085188118813e-14
FF-2011-000066-TJK,FF_2011_000066_TJK,2.2945965e-14,0.0002119999266761,164.0,2.3081739940828402e-14
FL-2006-000056-AFG,FL_2006_000056_AFG,2.145496e-14,0.0001210637254751,247.0,2.154009873015873e-14
FL-1997-000299-PRY,FL_1997_000299_PRY,1.9999927e-14,5.987006210353693e-06,918.0,2.0021595393282773e-14
FL-2009-000247-MYS,FL_2009_000247_MYS,1.9049065e-14,1.1625804727958764e-05,789.0,1.907305626574307e-14
FL-2006-000086-CHL,FL_2006_000086_CHL,1.6065687e-14,1.4592385114372418e-06,1079.0,1.6080507744464946e-14
FL-2008-000054-THA,FL_2008_000054_THA,1.5433728e-14,1.5279881239703737e-07,1190.0,1.5446643253556485e-14
FL-2007-000144-LBR,FL_2007_000144_LBR,1.2658083e-14,0.0002204553152632,156.0,1.2736704633540371e-14
FL-2016-000085-MLI,FL_2016_000085_MLI,1.0025831e-14,3.573391985486299e-05,552.0,1.004383069658887e-14
FL-2018-000144-PRK,FL_2018_000144_PRK,8.535172e-15,9.757507334183362e-05,288.0,8.564302279863482e-15
FL-2016-000075-BGD,FL_2016_000075_BGD,8.078285e-15,2.623881078980069e-05,626.0,8.091087353407289e-15
FL-2013-000017-PNG,FL_2013_000017_PNG,8.0254195e-15,0.0001098083202174,268.0,8.05481664102564e-15
FL-2006-000045-HUN,FL_2006_000045_HUN,7.438083e-15,1.0467630949779695e-05,813.0,7.447176011002445e-15
FL-2006-000047-COD,FL_2006_000047_COD,7.293416e-15,4.479512820600544e-05,490.0,7.308150173737373e-15
FL-1999-000349-SLV,FL_1999_000349_SLV,7.269749e-15,5.822037682269349e-06,921.0,7.27759970086393e-15
FL-2015-000055-TJK,FL_2015_000055_TJK,7.013592e-15,7.55883172640529e-06,877.0,7.021543918367347e-15
FL-2011-000093-BGD,FL_2011_000093_BGD,6.2184564e-15,1.741288110950871e-05,717.0,6.227069220498616e-15
FL-2002-000296-PRY,FL_2002_000296_PRY,6.0404566e-15,2.315046821006789e-05,652.0,6.049650597869103e-15
FL-2006-000058-TJK,FL_2006_000058_TJK,4.5470935e-15,0.0001127289056695,260.0,4.564252343396226e-15
LS-2011-000104-ECU,LS_2011_000104_ECU,4.2906933e-15,9.277370644962131e-06,834.0,4.295807356376639e-15
FL-2000-000476-NPL,FL_2000_000476_NPL,3.770365e-15,2.113054335510136e-05,669.0,3.775959013353116e-15
FL-2002-000782-MKD,FL_2002_000782_MKD,3.634909e-15,9.647334921417991e-06,826.0,3.639283138387485e-15
FL-2003-000028-BRA,FL_2003_000028_BRA,3.6129267e-15,3.651334986929895e-05,543.0,3.619519631934307e-15
FL-2010-000075-TJK,FL_2010_000075_TJK,3.3922158e-15,1.712449035584038e-05,723.0,3.3968754370879122e-15
FL-2000-000484-BTN,FL_2000_000484_BTN,3.280112e-15,5.428073615947677e-07,1143.0,3.2829692404181183e-15
FL-2010-000062-COD,FL_2010_000062_COD,3.0458784e-15,6.605648990082996e-06,899.0,3.0492477345132744e-15
FL-2015-000053-CAF,FL_2015_000053_CAF,2.6107974e-15,9.80817542440732e-06,823.0,2.6139505369565215e-15
FL-2008-000168-NPL,FL_2008_000168_NPL,2.4558801e-15,3.599761929004376e-05,549.0,2.460313096570397e-15
FL-2008-000191-SLV,FL_2008_000191_SLV,2.0210719e-15,2.9027829877865134e-07,1169.0,2.0227934263202724e-15
FL-2007-000174-CAF,FL_2007_000174_CAF,1.9431133e-15,0.0001182177398277,253.0,1.950644746899225e-15
FL-2022-000261-GEO,FL_2022_000261_GEO,1.771893e-15,1.6441305211900177e-05,729.0,1.774307023160763e-15
FL-2021-000213-STP,FL_2021_000213_STP,1.7389992e-15,6.9760031869659175e-06,894.0,1.7409335706340377e-15
FL-2022-000201-ZAF,FL_2022_000201_ZAF,1.5740876e-15,7.302717916031076e-05,361.0,1.5783883857923495e-15
FL-2007-000023-IDN,FL_2007_000023_IDN,1.1099998e-15,7.37548980009775e-05,359.0,1.11304925e-15
SL-2002-000428-NPL,SL_2002_000428_NPL,8.737674e-16,5.981855930694802e-05,413.0,8.7585775263157895e-16
FL-2016-000071-LBR,FL_2016_000071_LBR,7.91155e-16,0.0002129771794438,161.0,7.959209939759037e-16
FL-1998-000111-TJK,FL_1998_000111_TJK,7.65676e-16,1.5733494908568842e-05,737.0,7.667079083557952e-16
FL-2007-000088-ECU,FL_2007_000088_ECU,6.378928400000001e-16,3.206703043735004e-06,999.0,6.38528191434263e-16
FL-2020-000052-COD,FL_2020_000052_COD,5.753022400000001e-16,6.072502993410088e-06,917.0,5.759262120607376e-16
FL-2006-000030-SRB,FL_2006_000030_SRB,5.612391e-16,1.781517595426137e-07,1184.0,5.61711126156434e-16
FL-2006-000092-KOR,FL_2006_000092_KOR,5.3583844e-16,8.973696544667237e-07,1111.0,5.363185819713262e-16
FL-2001-000524-MLI,FL_2001_000524_MLI,4.6671875e-16,4.629518040773813e-05,481.0,4.676790766460905e-16
FL-2021-000084-TCD,FL_2021_000084_TCD,3.3691718e-16,4.775727139259236e-05,474.0,3.376205561586639e-16
FL-2007-000054-AFG,FL_2007_000054_AFG,2.5784742e-16,1.3704143156792184e-05,757.0,2.5818580244094486e-16
FL-2007-000155-ROM,FL_2007_000155_ROM,2.3625326e-16,7.745047183036578e-07,1122.0,2.3646289022182786e-16
FL-2002-000242-AFG,FL_2002_000242_AFG,2.1896524000000003e-16,6.100781513599007e-05,408.0,2.1949542217917678e-16
FF-2008-000072-CHN,FF_2008_000072_CHN,2.1583896000000001e-16,7.131435660549383e-06,887.0,2.1608093192825115e-16
FL-2002-000322-CHL,FL_2002_000322_CHL,2.1202329000000002e-16,1.692605959578881e-06,1060.0,2.1222237290140846e-16
FL-2010-000092-LKA,FL_2010_000092_LKA,1.7880427e-16,2.0885669413512507e-05,673.0,1.790679931120944e-16
FL-2006-000191-LKA,FL_2006_000191_LKA,1.6447066000000002e-16,7.631498267751205e-07,1124.0,1.6461633817537648e-16
FL-2015-000024-ARG,FL_2015_000024_ARG,1.2555467e-16,1.7133296951003033e-05,722.0,1.25727372434663e-16
FL-2001-000335-KOR,FL_2001_000335_KOR,1.1722882e-16,2.407916040957539e-06,1032.0,1.1734186611378979e-16
FL-2013-000013-BWA,FL_2013_000013_BWA,7.823411e-17,0.0001330483872543,230.0,7.856702110638297e-17
FF-2012-000107-SLB,FF_2012_000107_SLB,7.035515000000001e-17,0.0006309669716705,64.0,7.137478985507247e-17
FL-1998-000272-PRK,FL_1998_000272_PRK,5.876526000000001e-17,4.308253938172004e-05,498.0,5.888208954274354e-17
FL-2002-000482-RUS,FL_2002_000482_RUS,5.5957604e-17,0.000180856573698,193.0,5.624021816161616e-17
FL-2006-000127-NPL,FL_2006_000127_NPL,4.7571567e-17,5.35431348608463e-07,1145.0,4.761293358e-17
FL-2003-000341-NPL,FL_2003_000341_NPL,3.2574420000000004e-17,5.147906297488093e-05,450.0,3.264601213186814e-17
FL-2008-000167-VCT,FL_2008_000167_VCT,3.1611154e-17,5.07126988426347e-07,1147.0,3.163859423784722e-17
FL-2003-000505-VNM,FL_2003_000505_VNM,1.7346747e-17,3.35471883568033e-05,567.0,1.737707348076923e-17
FL-2001-000521-TCD,FL_2001_000521_TCD,1.6959383e-17,1.2347517654303885e-05,778.0,1.6981042492975734e-17
FL-2014-000038-ZAF,FL_2014_000038_ZAF,1.6295256e-17,6.376546494773215e-05,394.0,1.6336096240601503e-17
FL-2006-000071-ROM,FL_2006_000071_ROM,1.5441533e-17,8.755071866938465e-06,848.0,1.5459635617819462e-17
FL-2003-000389-BFA,FL_2003_000389_BFA,1.4707602e-17,5.8195458714720974e-05,420.0,1.474220812235294e-17
FF-2013-000088-AFG,FF_2013_000088_AFG,1.4185522e-17,0.0009979654500237,39.0,1.4507920227272727e-17
FL-2005-000111-ROM,FL_2005_000111_ROM,1.2733784000000001e-17,1.0678450771839181e-07,1195.0,1.2744395486666666e-17
FL-2020-000161-BGD,FL_2020_000161_BGD,1.25955594e-17,1.6099023808051256e-06,1066.0,1.2607319959663866e-17
FL-2012-000009-FJI,FL_2012_000009_FJI,3.1446912999999998e-18,3.7401839731423257e-07,1160.0,3.1473906058369097e-18
FL-2017-000174-ALB,FL_2017_000174_ALB,2.3894362999999996e-18,7.687808277320645e-07,1123.0,2.3915545945921982e-18
FF-2008-000216-PSE,FF_2008_000216_PSE,1.0950752e-18,5.493869002048565e-05,435.0,1.0975640072727272e-18
FL-2021-000055-TJK,FL_2021_000055_TJK,9.179949e-19,0.0001850011656259,188.0,9.227513502590674e-19
FL-1999-000286-GMB,FL_1999_000286_GMB,9.02289e-19,0.0002605372225554,137.0,9.08643147887324e-19
FL-2011-000082-NPL,FL_2011_000082_NPL,6.019165999999999e-19,3.1614966256839203e-06,1003.0,6.025137394841269e-19
FL-2003-000359-PAK,FL_2003_000359_PAK,5.119716499999999e-19,0.0003140215072306,113.0,5.163103927966101e-19
FL-2015-000039-KAZ,FL_2015_000039_KAZ,4.2114856999999996e-19,6.482610350429764e-05,390.0,4.2221476891139236e-19
FL-2007-000123-NGA,FL_2007_000123_NGA,3.2204196e-19,8.777361880441934e-07,1112.0,3.223302697224709e-19
FL-1999-000247-KOR,FL_1999_000247_KOR,2.7950647e-19,5.239303416388939e-06,935.0,2.798038173085106e-19
FL-2007-000107-TLS,FL_2007_000107_TLS,2.2689109999999997e-19,5.295264496557719e-05,447.0,2.27393071460177e-19
FL-2012-000050-AFG,FL_2012_000050_AFG,2.2423734e-19,0.0002797700566644,128.0,2.2592333503759397e-19
FL-2013-000002-PSE,FL_2013_000002_PSE,2.0637539999999998e-19,2.2199477337084126e-07,1177.0,2.0654999847715737e-19
FL-1997-000164-BGD,FL_1997_000164_BGD,1.1733396999999998e-19,3.308246541222476e-07,1166.0,1.1743416980358668e-19
FL-2004-000051-NPL,FL_2004_000051_NPL,1.1589527e-19,1.41530924785922e-06,1080.0,1.160020859170507e-19
FL-2009-000087-VUT,FL_2009_000087_VUT,9.554617999999999e-20,1.1612269999274852e-05,790.0,9.566636387421383e-20
FL-2004-000068-ROM,FL_2004_000068_ROM,6.3574026e-20,4.493297306025715e-06,957.0,6.364011126611226e-20
FL-2016-000137-ARG,FL_2016_000137_ARG,5.2003314e-20,1.3661362336631368e-06,1083.0,5.205111116360294e-20
FL-2002-000607-ALB,FL_2002_000607_ALB,3.3427548e-20,1.7520677966091973e-07,1185.0,3.3455638376470585e-20
FL-2020-000196-NGA,FL_2020_000196_NGA,3.0693655e-20,0.0003038721543936,120.0,3.0939204240000004e-20
FL-2006-000027-IDN,FL_2006_000027_IDN,2.6030964e-20,7.582544362919188e-05,354.0,2.6103473649025068e-20
FL-2011-000022-AFG,FL_2011_000022_AFG,1.2631963999999999e-20,0.0001598490683657,205.0,1.2692116209523809e-20
FL-2009-000101-PAN,FL_2009_000101_PAN,1.22052745e-20,2.425721518083061e-07,1174.0,1.2215626726039017e-20
FL-2017-000126-NGA,FL_2017_000126_NGA,8.906829e-21,5.907317697313706e-05,415.0,8.928035735714285e-21
FL-2011-000102-BRA,FL_2011_000102_BRA,7.529339e-21,2.9838999376222444e-05,588.0,7.54203603035413e-21
FL-2010-000021-AFG,FL_2010_000021_AFG,6.7631365e-21,0.0001814802005984,192.0,6.797467142131979e-21
FL-2006-000155-LKA,FL_2006_000155_LKA,4.366917e-21,4.4494147850569e-06,958.0,4.371451700934579e-21
FL-2010-000014-SLB,FL_2010_000014_SLB,3.3816143000000002e-21,3.865173082501144e-05,531.0,3.3879232819029855e-21
FL-2021-000134-NPL,FL_2021_000134_NPL,1.5648044000000001e-21,6.61543998800422e-08,1200.0,1.5661029928630706e-21
FL-2008-000103-SLV,FL_2008_000103_SLV,1.5337706e-21,2.838471587677245e-06,1014.0,1.5352757723258096e-21
FL-2000-000083-ZWE,FL_2000_000083_ZWE,1.0613001e-21,7.574277379844848e-06,876.0,1.0625047539160046e-21
FL-2008-000155-CHL,FL_2008_000155_CHL,3.455919e-22,0.0001242712603588,242.0,3.469910574898785e-22
FL-2016-000117-ALB,FL_2016_000117_ALB,2.700267e-22,1.7832291035346078e-07,1183.0,2.7025399520202023e-22
FL-2020-000192-TCD,FL_2020_000192_TCD,1.2624284e-22,2.611950350755995e-05,628.0,1.2644227576619275e-22
FL-2005-000090-TJK,FL_2005_000090_TJK,5.897435e-23,2.7605760908125e-06,1015.0,5.903216799019608e-23
FL-2010-000208-RUS,FL_2010_000208_RUS,3.9931700000000005e-23,2.2917679255890817e-05,657.0,3.9992019788519646e-23
FL-2011-000135-THA,FL_2011_000135_THA,2.0845242e-23,5.793386821949699e-06,925.0,2.0867656238709674e-23
FL-2021-000023-DZA,FL_2021_000023_DZA,1.3134530999999999e-23,0.0038486103338431,12.0,1.3907150470588236e-23
FL-2005-000184-VNM,FL_2005_000184_VNM,2.7224536e-24,8.424752427902727e-06,856.0,2.725615567015099e-24
FL-2015-000131-SLE,FL_2015_000131_SLE,1.274635e-24,8.985167184851963e-05,315.0,1.278618234375e-24
FL-2013-000023-ZMB,FL_2013_000023_ZMB,6.437834e-26,0.0020192489104065,23.0,6.667756642857144e-26
FL-2021-000050-AFG,FL_2021_000050_AFG,7.8655277e-28,0.0009099756791022,46.0,8.019753733333333e-28
FL-2011-000109-PAK,FL_2011_000109_PAK,6.238365e-29,0.0001681128088203,199.0,6.268945220588236e-29
FL-2011-000021-MYS,FL_2011_000021_MYS,2.5858086e-29,8.2987085567448e-05,335.0,2.5934139194117643e-29
FF-2007-000008-LKA,FF_2007_000008_LKA,2.4897729e-29,0.0014053911419682,27.0,2.567578303125e-29
FF-2007-000049-TJK,FF_2007_000049_TJK,2.2672952999999998e-29,1.6181323880406384e-05,731.0,2.270375864266304e-29
FL-2011-000107-MMR,FL_2011_000107_MMR,2.0064893e-29,0.0001142789361844,257.0,2.01414765610687e-29
FL-2022-000331-SLV,FL_2022_000331_SLV,3.2106526e-31,0.0003385053983932,105.0,3.239840350909091e-31
FL-1997-000140-AZE,FL_1997_000140_AZE,9.180299999999999e-40,3.696975960343299e-05,541.0,9.197113736263734e-40
FL-2018-000194-TTO,FL_2018_000194_TTO,8.287520000000001e-40,5.725371678234535e-05,425.0,8.306793302325583e-40
FL-2019-000083-NPL,FL_2019_000083_NPL,0.0,0.0002674091252376,133.0,0.0
FL-2022-000376-COD,FL_2022_000376_COD,0.0,2.305332766047177e-05,654.0,0.0
FL-2022-000378-BIH,FL_2022_000378_BIH,0.0,5.061963186827815e-07,1148.0,0.0
FL-2016-000054-HTI,FL_2016_000054_HTI,0.0,0.001236337147386,31.0,0.0
FL-2012-000132-NPL,FL_2012_000132_NPL,0.0,9.2252075954228e-05,306.0,0.0
FL-2014-000117-BGD,FL_2014_000117_BGD,0.0,1.2835686439769638e-05,770.0,0.0
FL-2012-000106-BGD,FL_2012_000106_BGD,0.0,0.0002385098474409,151.0,0.0
FL-2009-000145-NPL,FL_2009_000145_NPL,0.0,1.1859895620263971e-06,1094.0,0.0
FL-2010-000114-BGD,FL_2010_000114_BGD,0.0,1.154076645348808e-05,791.0,0.0
FL-2021-000095-MMR,FL_2021_000095_MMR,0.0,1.4876432799658792e-06,1077.0,0.0
FL-2005-000157-MDA,FL_2005_000157_MDA,0.0,1.817550072536556e-06,1052.0,0.0
FL-2002-000054-IDN,FL_2002_000054_IDN,0.0,0.0001944128664075,181.0,0.0
FL-2021-000001-MYS,FL_2021_000001_MYS,0.0,0.0005861977758096,69.0,0.0
FL-2013-000087-MMR,FL_2013_000087_MMR,0.0,1.0601718988151064e-05,808.0,0.0
FL-2008-000250-THA,FL_2008_000250_THA,0.0,5.361014356580892e-07,1144.0,0.0
FL-2011-000002-BRA,FL_2011_000002_BRA,0.0,0.0002090283756156,166.0,0.0
FL-2015-000079-CRI,FL_2015_000079_CRI,0.0,1.1380029158086738e-05,795.0,0.0
FL-2003-000220-NAM,FL_2003_000220_NAM,0.0,4.127824239015724e-05,511.0,0.0
FL-2021-000092-CRI,FL_2021_000092_CRI,0.0,5.18867639339247e-07,1146.0,0.0
FL-1998-000193-ROM,FL_1998_000193_ROM,0.0,7.757110593139439e-07,1121.0,0.0
FL-2011-000032-THA,FL_2011_000032_THA,0.0,7.126812200097075e-07,1130.0,0.0
FL-2007-000177-SLE,FL_2007_000177_SLE,0.0,8.392861719736704e-05,331.0,0.0
FL-2007-000040-HTI,FL_2007_000040_HTI,0.0,6.581476140736738e-05,385.0,0.0
FL-2014-000019-BDI,FL_2014_000019_BDI,0.0,9.692114478914636e-06,825.0,0.0
FL-2002-000402-BGD,FL_2002_000402_BGD,0.0,1.1090694307216682e-05,800.0,0.0
FL-1997-000097-AFG,FL_1997_000097_AFG,0.0,7.506814265464027e-07,1126.0,0.0
FL-1997-000177-MMR,FL_1997_000177_MMR,0.0,2.7103617745894177e-05,620.0,0.0
FL-2010-000037-HTI,FL_2010_000037_HTI,0.0,2.1790498990750807e-06,1042.0,0.0
FL-2020-000213-LAO,FL_2020_000213_LAO,0.0,0.0006220935133573,66.0,0.0
FF-2013-000029-SRB,FF_2013_000029_SRB,0.0,9.478910559165202e-05,297.0,0.0
FL-2008-000234-BRA,FL_2008_000234_BRA,0.0,1.9288482753838795e-05,691.0,0.0
FL-2007-000127-MRT,FL_2007_000127_MRT,0.0,3.905209104449988e-06,978.0,0.0
FL-2022-000158-HTI,FL_2022_000158_HTI,0.0,0.0002076109805758,170.0,0.0
FL-2007-000126-PRK,FL_2007_000126_PRK,0.0,3.1141738280609714e-05,580.0,0.0
FL-2020-000054-BDI,FL_2020_000054_BDI,0.0,1.2692708837253266e-05,771.0,0.0
FL-2005-000153-THA,FL_2005_000153_THA,0.0,5.552919105103133e-07,1142.0,0.0
FL-2004-000023-CRI,FL_2004_000023_CRI,0.0,1.0343381718709206e-06,1105.0,0.0
FL-2013-000116-NGA,FL_2013_000116_NGA,0.0,8.61967380002565e-06,851.0,0.0
FL-2005-000038-MDG,FL_2005_000038_MDG,0.0,8.545556155925281e-05,327.0,0.0
FL-2012-000071-NPL,FL_2012_000071_NPL,0.0,2.298039359171218e-05,655.0,0.0
FL-2019-000079-BGD,FL_2019_000079_BGD,0.0,7.829843392102793e-07,1120.0,0.0
FL-2007-000035-AFG,FL_2007_000035_AFG,0.0,8.863413602649578e-05,318.0,0.0
FL-2016-000122-SRB,FL_2016_000122_SRB,0.0,0.0002712825981145,131.0,0.0
FL-2019-000104-THA,FL_2019_000104_THA,0.0,7.766884529724552e-05,348.0,0.0
FL-2011-000063-HTI,FL_2011_000063_HTI,0.0,8.468320642287375e-05,330.0,0.0
FL-2005-000001-CRI,FL_2005_000001_CRI,0.0,1.452587815634855e-07,1192.0,0.0
FL-2002-000614-LAO,FL_2002_000614_LAO,0.0,2.179598822274512e-05,665.0,0.0
FL-2019-000031-SYR,FL_2019_000031_SYR,0.0,0.0006265326033509,65.0,0.0
ST-2022-000138-MDG,ST_2022_000138_MDG,0.0,2.70239742438706e-05,622.0,0.0
FL-1998-000221-NPL,FL_1998_000221_NPL,0.0,9.944648001169918e-06,822.0,0.0
FF-2009-000107-THA,FF_2009_000107_THA,0.0,0.0002932627541869,123.0,0.0
FF-2006-000163-AFG,FF_2006_000163_AFG,0.0,0.0004366273864912,89.0,0.0
FL-2005-000048-AFG,FL_2005_000048_AFG,0.0,1.0003745253069193e-05,820.0,0.0
FL-2005-000094-AFG,FL_2005_000094_AFG,0.0,0.0001093635987211,270.0,0.0
FL-2009-000177-GMB,FL_2009_000177_GMB,0.0,1.2217630791549088e-05,780.0,0.0
FL-2007-000025-FJI,FL_2007_000025_FJI,0.0,3.500597758273856e-05,555.0,0.0
FL-2010-000251-CRI,FL_2010_000251_CRI,0.0,1.4184893405301977e-05,748.0,0.0
FL-2010-000127-AFG,FL_2010_000127_AFG,0.0,2.387307873414473e-05,645.0,0.0
FL-2009-000080-AFG,FL_2009_000080_AFG,0.0,8.34394734393766e-05,332.0,0.0
FL-2009-000032-SLB,FL_2009_000032_SLB,0.0,7.531977234142697e-05,356.0,0.0
FF-2006-000039-YEM,FF_2006_000039_YEM,0.0,0.000122392760534,244.0,0.0
FF-2022-000209-AFG,FF_2022_000209_AFG,0.0,0.0004720472868071,83.0,0.0
FL-2009-000206-HTI,FL_2009_000206_HTI,0.0,8.523295666311133e-06,853.0,0.0
FL-2012-000140-MMR,FL_2012_000140_MMR,0.0,9.1217388809009e-05,310.0,0.0
FL-2020-000165-NPL,FL_2020_000165_NPL,0.0,0.0007162014377755,55.0,0.0
FL-2006-000062-THA,FL_2006_000062_THA,0.0,1.4080383871942314e-05,751.0,0.0
FL-2002-000325-JAM,FL_2002_000325_JAM,0.0,1.6994114270499218e-06,1058.0,0.0
FL-2021-000068-SUR,FL_2021_000068_SUR,0.0,1.3085078785554689e-05,766.0,0.0
FL-2006-000125-THA,FL_2006_000125_THA,0.0,8.152173504397633e-06,860.0,0.0
FL-2004-000044-BGD,FL_2004_000044_BGD,0.0,4.309005746552907e-07,1154.0,0.0
FL-2014-000155-HTI,FL_2014_000155_HTI,0.0,4.778529518244356e-05,473.0,0.0
FL-2021-000039-BDI,FL_2021_000039_BDI,0.0,3.0523019720004776e-05,583.0,0.0
FL-2003-000624-HTI,FL_2003_000624_HTI,0.0,5.747732073127804e-05,423.0,0.0
FL-2009-000039-CRI,FL_2009_000039_CRI,0.0,1.3279295917033788e-05,762.0,0.0
FL-2007-000228-LKA,FL_2007_000228_LKA,0.0,3.920475748279092e-05,525.0,0.0
FL-2008-000096-BGD,FL_2008_000096_BGD,0.0,5.1071287404238986e-08,1203.0,0.0
FL-2012-000191-HTI,FL_2012_000191_HTI,0.0,6.94130292878255e-05,372.0,0.0
FL-2009-000237-THA,FL_2009_000237_THA,0.0,3.991416822057308e-06,975.0,0.0
FL-2011-000037-BDI,FL_2011_000037_BDI,0.0,1.985916171505869e-06,1047.0,0.0
FL-2006-000131-BGD,FL_2006_000131_BGD,0.0,1.798461295666439e-07,1182.0,0.0
FL-2002-000376-RUS,FL_2002_000376_RUS,0.0,1.5670502738163106e-06,1070.0,0.0
FL-2010-000152-THA,FL_2010_000152_THA,0.0,6.605405245204439e-06,900.0,0.0
FL-2005-000103-SLV,FL_2005_000103_SLV,0.0,9.570091479175954e-06,830.0,0.0
FL-2002-000788-LKA,FL_2002_000788_LKA,0.0,1.5313556381342751e-06,1073.0,0.0
FL-2012-000138-NGA,FL_2012_000138_NGA,0.0,3.195786751559504e-05,575.0,0.0
FL-2004-000142-ALB,FL_2004_000142_ALB,0.0,2.404891453588424e-08,1208.0,0.0
FL-2020-000172-MMR,FL_2020_000172_MMR,0.0,8.044449828138807e-05,341.0,0.0
FL-2019-000093-NGA,FL_2019_000093_NGA,0.0,3.163684129233936e-06,1002.0,0.0
FL-2022-000382-ZAF,FL_2022_000382_ZAF,0.0,0.0002127855501449,162.0,0.0
FF-2010-000204-LCA,FF_2010_000204_LCA,0.0,1.7351908635297388e-05,719.0,0.0
FL-2002-000263-CRI,FL_2002_000263_CRI,0.0,2.1112986986474065e-06,1045.0,0.0
LS-2010-000040-UGA,LS_2010_000040_UGA,0.0,2.2641708832361943e-05,662.0,0.0
FL-2019-000167-BDI,FL_2019_000167_BDI,0.0,1.656086028915285e-05,728.0,0.0
FL-2006-000091-PRK,FL_2006_000091_PRK,0.0,1.762948031381927e-05,711.0,0.0
FL-2008-000069-CHL,FL_2008_000069_CHL,0.0,1.2977640935133697e-06,1087.0,0.0
FL-2022-000292-LAO,FL_2022_000292_LAO,0.0,2.777627178779767e-05,614.0,0.0
FL-2007-000051-TUN,FL_2007_000051_TUN,0.0,9.033948319007524e-05,312.0,0.0
FL-2015-000176-BDI,FL_2015_000176_BDI,0.0,2.224379531088933e-06,1038.0,0.0
FL-2016-000058-MMR,FL_2016_000058_MMR,0.0,0.0004224074851428,91.0,0.0
FL-2002-000536-MMR,FL_2002_000536_MMR,0.0,1.977231894611794e-06,1048.0,0.0
FL-1999-000132-BLR,FL_1999_000132_BLR,0.0,8.525134527387981e-07,1115.0,0.0
FL-2012-000054-HTI,FL_2012_000054_HTI,0.0,6.871213438059743e-05,373.0,0.0
FL-2000-000583-LAO,FL_2000_000583_LAO,0.0,7.15041994596567e-07,1129.0,0.0
FL-2014-000045-SLB,FL_2014_000045_SLB,0.0,0.0013446807405862,28.0,0.0
FL-2018-000124-MMR,FL_2018_000124_MMR,0.0,2.633077293589629e-07,1171.0,0.0
FL-2009-000179-LBR,FL_2009_000179_LBR,0.0,1.397149091370723e-05,753.0,0.0
FL-2012-000030-KAZ,FL_2012_000030_KAZ,0.0,6.554773253563678e-05,388.0,0.0
FL-2009-000075-BDI,FL_2009_000075_BDI,0.0,8.577721484460975e-08,1198.0,0.0
FF-2009-000069-IDN,FF_2009_000069_IDN,0.0,0.0009804295797936,40.0,0.0
FL-2011-000156-HTI,FL_2011_000156_HTI,0.0,2.132891463488101e-05,668.0,0.0
FL-2017-000004-THA,FL_2017_000004_THA,0.0,3.632586536152462e-05,546.0,0.0
FL-2006-000190-BDI,FL_2006_000190_BDI,0.0,3.194068959539229e-06,1000.0,0.0
FL-2007-000181-HTI,FL_2007_000181_HTI,0.0,2.349287431050193e-06,1035.0,0.0
FL-2015-000164-COD,FL_2015_000164_COD,0.0,0.000136314934208,229.0,0.0
FL-2021-000147-THA,FL_2021_000147_THA,0.0,2.132129935519744e-06,1044.0,0.0
FL-2012-000089-CUB,FL_2012_000089_CUB,0.0,5.670647026565434e-07,1141.0,0.0
FF-2006-000049-IDN,FF_2006_000049_IDN,0.0,0.0006407108728999,63.0,0.0
FL-2011-000161-SOM,FL_2011_000161_SOM,0.0,0.0001995698619028,178.0,0.0
FL-2017-000017-PAK,FL_2017_000017_PAK,0.0,1.817122609444678e-06,1053.0,0.0
FL-2015-000037-HTI,FL_2015_000037_HTI,0.0,7.384293796269605e-05,358.0,0.0
FL-2015-000080-MMR,FL_2015_000080_MMR,0.0,0.0001514725315757,214.0,0.0
FL-2022-000374-TTO,FL_2022_000374_TTO,0.0,2.185925911129055e-07,1178.0,0.0
FL-2016-000019-HTI,FL_2016_000019_HTI,0.0,3.213332817065977e-05,574.0,0.0
FL-2018-000105-BGD,FL_2018_000105_BGD,0.0,7.803448186189956e-06,870.0,0.0
FL-2008-000187-BDI,FL_2008_000187_BDI,0.0,4.643804878788453e-06,948.0,0.0
ST-2015-000041-PRY,ST_2015_000041_PRY,0.0,9.842471712130352e-05,287.0,0.0
FL-2017-000107-NPL,FL_2017_000107_NPL,0.0,1.0436308275953538e-06,1103.0,0.0
FL-2019-000162-MYS,FL_2019_000162_MYS,0.0,3.506311045502418e-05,554.0,0.0
FL-2016-000021-PAK,FL_2016_000021_PAK,0.0,0.0001221513506906,245.0,0.0
FF-2007-000081-NPL,FF_2007_000081_NPL,0.0,7.025454352368037e-06,891.0,0.0
FL-2002-000755-CRI,FL_2002_000755_CRI,0.0,8.471372690114585e-06,855.0,0.0
FL-2002-000478-PRK,FL_2002_000478_PRK,0.0,5.534011817591469e-05,433.0,0.0
FL-2000-000617-BGD,FL_2000_000617_BGD,0.0,1.6734910874477646e-06,1061.0,0.0
FL-2022-000333-THA,FL_2022_000333_THA,0.0,0.000132980499555,231.0,0.0
ST-2011-000073-CAF,ST_2011_000073_CAF,0.0,8.481466431001102e-05,329.0,0.0
FL-2009-000219-NPL,FL_2009_000219_NPL,0.0,3.432950794833802e-07,1164.0,0.0
FL-2007-000199-THA,FL_2007_000199_THA,0.0,4.999087510137734e-05,462.0,0.0
FL-2000-000187-ROM,FL_2000_000187_ROM,0.0,2.0937061873727145e-07,1180.0,0.0
FL-2015-000171-PRY,FL_2015_000171_PRY,0.0,1.918020140770243e-05,693.0,0.0
FL-2012-000051-TJK,FL_2012_000051_TJK,0.0,4.64336216700249e-06,949.0,0.0
FL-2015-000068-BGD,FL_2015_000068_BGD,0.0,6.416478847430221e-05,392.0,0.0
FL-2020-000050-AFG,FL_2020_000050_AFG,0.0,0.0055058622145523,9.0,0.0
FL-2008-000032-KAZ,FL_2008_000032_KAZ,0.0,1.4841846545229018e-05,745.0,0.0
FL-2006-000178-JAM,FL_2006_000178_JAM,0.0,9.22571819342623e-06,835.0,0.0
FL-2018-000054-BDI,FL_2018_000054_BDI,0.0,2.500668292317148e-08,1207.0,0.0
FL-2017-000053-THA,FL_2017_000053_THA,0.0,7.285965779841817e-05,363.0,0.0
FL-2012-000126-PAN,FL_2012_000126_PAN,0.0,5.004840966076976e-06,943.0,0.0
FL-2002-000641-THA,FL_2002_000641_THA,0.0,3.650452020337688e-05,544.0,0.0
FL-2019-000081-MMR,FL_2019_000081_MMR,0.0,1.4088962863691175e-06,1081.0,0.0
FL-2016-000097-PRK,FL_2016_000097_PRK,0.0,8.782609639870534e-05,319.0,0.0
FL-2010-000160-NPL,FL_2010_000160_NPL,0.0,3.8319540353832633e-07,1157.0,0.0
FL-2014-000107-MMR,FL_2014_000107_MMR,0.0,7.689889468526231e-05,352.0,0.0
FL-1998-000203-BGD,FL_1998_000203_BGD,0.0,1.6167730608101294e-05,732.0,0.0
FL-2017-000091-MMR,FL_2017_000091_MMR,0.0,3.512637959974884e-07,1163.0,0.0
FL-2016-000130-VCT,FL_2016_000130_VCT,0.0,5.355175254967287e-05,441.0,0.0
FL-2002-000321-HTI,FL_2002_000321_HTI,0.0,1.883879606735589e-05,696.0,0.0
FL-2005-000105-HTI,FL_2005_000105_HTI,0.0,2.366603789514943e-05,647.0,0.0
FF-2019-000018-AFG,FF_2019_000018_AFG,0.0,0.0001422565799446,225.0,0.0
FL-2017-000043-HTI,FL_2017_000043_HTI,0.0,4.037911155670463e-05,517.0,0.0
FL-2013-000083-THA,FL_2013_000083_THA,0.0,4.579651404451017e-05,483.0,0.0
FF-2014-000060-AFG,FF_2014_000060_AFG,0.0,0.0005824331736817,70.0,0.0
FL-2006-000115-HTI,FL_2006_000115_HTI,0.0,4.567660283827929e-05,485.0,0.0
FL-2005-000171-SLV,FL_2005_000171_SLV,0.0,1.1583872373921822e-06,1097.0,0.0
FL-2010-000239-MNE,FL_2010_000239_MNE,0.0,2.187256994032251e-06,1041.0,0.0
FL-2005-000160-MMR,FL_2005_000160_MMR,0.0,1.1793857991803358e-05,785.0,0.0
FL-2009-000102-HTI,FL_2009_000102_HTI,0.0,6.600086097122436e-05,384.0,0.0
FL-2012-000151-TCD,FL_2012_000151_TCD,0.0,0.0002186362637193,157.0,0.0
FL-2006-000171-HTI,FL_2006_000171_HTI,0.0,4.694115951589927e-05,479.0,0.0
FL-2013-000074-HTI,FL_2013_000074_HTI,0.0,4.132133448821382e-05,508.0,0.0
FL-2019-000108-MRT,FL_2019_000108_MRT,0.0,0.0001136244987809,259.0,0.0
