match_id,era5_event_id,cnn_bayesian_score,kg_bayesian_score,kg_rank,attribution_weight
FL-2022-000249-CIV,FL_2022_000249_CIV,0.027340868,1.023474098609541,1.0,0.03189767933333334
FL-2020-000154-CIV,FL_2020_000154_CIV,0.0044841776,0.0021484178349721,11.0,0.0047644387
FL-2012-000172-MLI,FL_2012_000172_MLI,0.0045514605,0.0003888239873505,181.0,0.004575930717741935
FL-2001-000180-IRN,FL_2001_000180_IRN,0.0022153577,0.0002348100213932,295.0,0.002222742225666667
FL-2019-000131-CIV,FL_2019_000131_CIV,0.0011254615,0.0017574933026687,21.0,0.001168748480769231
FL-2010-000049-AGO,FL_2010_000049_AGO,0.0011087818,0.0009991491285654,50.0,0.001128941469090909
FL-2021-000173-IDN,FL_2021_000173_IDN,0.001090816,5.354368712613659e-05,717.0,0.0010923268254847648
FL-2010-000150-MEX,FL_2010_000150_MEX,0.0010039314,1.2105225492227282e-05,1010.0,0.0010049204949753694
FL-2007-000057-URY,FL_2007_000057_URY,0.00097315863,2.1389409763262043e-05,922.0,0.0009742084235598705
FL-2018-000140-MLI,FL_2018_000140_MLI,0.00093698595,0.0001229784654712,473.0,0.0009389461716527197
FL-2009-000007-ZWE,FL_2009_000007_ZWE,0.0008485521,7.688816884027482e-05,594.0,0.0008499687145242069
FL-2014-000030-PRY,FL_2014_000030_PRY,0.00082982244,5.198447757005869e-05,726.0,0.0008309576280164159
FL-2013-000125-BFA,FL_2013_000125_BFA,0.00067471864,7.037292729613522e-05,627.0,0.0006757862327848101
FL-2014-000154-IDN,FL_2014_000154_IDN,0.00064223824,0.000727567745335,77.0,0.0006500704136585366
FF-2007-000100-MLI,FF_2007_000100_MLI,0.0006363653,0.0001454882347171,425.0,0.0006378452193023256
FL-2004-000116-CAF,FL_2004_000116_CAF,0.00061156624,0.0001819131705803,359.0,0.0006132463670329671
FL-2010-000195-MLI,FL_2010_000195_MLI,0.00057237153,0.0003131932279527,226.0,0.0005748493288311688
FL-2013-000098-NER,FL_2013_000098_NER,0.0005556716,2.6570754183709487e-05,879.0,0.0005563001877828054
FL-2009-000170-MRT,FL_2009_000170_MRT,0.00044397856,0.000364098896441,195.0,0.0004461984528
FL-2015-000056-COL,FL_2015_000056_COL,0.0004380955,0.0001096040688922,503.0,0.0004389578927165354
FL-1998-000085-IRN,FL_1998_000085_IRN,0.0004364426,0.0003952553017179,177.0,0.0004388406362637362
FL-2009-000132-GHA,FL_2009_000132_GHA,0.00043361122,6.930172553199068e-05,635.0,0.00043428873753125
FL-2021-000051-SOM,FL_2021_000051_SOM,0.00040893,1.09819675891785e-05,1025.0,0.00040932701941747573
FL-2012-000129-SDN,FL_2012_000129_SDN,0.00037826833,2.1149871076015396e-05,924.0,0.00037867550796555436
FL-2018-000034-BLR,FL_2018_000034_BLR,0.0003779582,4.9697727483736e-05,734.0,0.0003784696454668471
FL-2018-000077-CIV,FL_2018_000077_CIV,0.00032189552,0.0060083628189738,2.0,0.00036788059428571423
FL-2012-000157-CMR,FL_2012_000157_CMR,0.0003571544,0.0005111775938541,128.0,0.00035983977142857145
FL-2015-000123-NER,FL_2015_000123_NER,0.00035547864,0.0006663994082866,93.0,0.00035910597306122445
FL-2019-000022-IRN,FL_2019_000022_IRN,0.00034244833,0.0014889486281503,28.0,0.0003528255521212121
FL-2017-000054-BFA,FL_2017_000054_BFA,0.00033304037,2.5493125742540938e-06,1162.0,0.00033332575163667525
FL-1998-000251-SDN,FL_1998_000251_SDN,0.00031791546,0.000255531536404,262.0,0.00031910615460674157
FL-2010-000242-AGO,FL_2010_000242_AGO,0.00031652427,2.4047865405046227e-05,901.0,0.0003168736345364238
FL-2011-000122-NER,FL_2011_000122_NER,0.00030324428,0.0001364602605179,441.0,0.0003039241999103139
FL-2006-000120-BFA,FL_2006_000120_BFA,0.00027522456,1.3882753513220637e-06,1187.0,0.0002754554530872483
OT-2004-000112-COL,OT_2004_000112_COL,0.00027072517,6.780433573101755e-05,645.0,0.00027114167026153846
FL-2011-000170-COL,FL_2011_000170_COL,0.00025097435,0.0002793048227506,243.0,0.00025198634334677424
FL-2001-000524-MLI,FL_2001_000524_MLI,0.00023506544,0.0001757436093498,371.0,0.00023569061404255317
FL-1999-000235-IRN,FL_1999_000235_IRN,0.00022335192,0.0002470825830296,273.0,0.00022415534417266188
FL-2013-000104-MLI,FL_2013_000104_MLI,0.00021871374,0.0001186350196331,480.0,0.00021916469616494843
FL-2009-000187-CIV,FL_2009_000187_CIV,0.00020717726,0.001684493424965,22.0,0.00021485049185185185
FL-2000-000002-AGO,FL_2000_000002_AGO,0.00019810088,0.0008745486784061,58.0,0.0002012453384126984
FL-2013-000145-COL,FL_2013_000145_COL,0.00019405712,9.315584387751806e-05,542.0,0.0001944118862157221
FL-2001-000521-TCD,FL_2001_000521_TCD,0.00018355474,5.4017275179296906e-05,713.0,0.000183810387270195
FL-2017-000130-GTM,FL_2017_000130_GTM,0.0001610899,3.467652094779903e-05,835.0,0.0001612816736904762
FF-2009-000196-IDN,FF_2009_000196_IDN,0.00015876842,0.000725377947158,79.0,0.00016065852023809522
FL-2022-000287-TCD,FL_2022_000287_TCD,0.00015912842,5.295099498667825e-05,723.0,0.0001593470029945055
FL-2019-000034-BOL,FL_2019_000034_BOL,0.00015740033,1.182936831008826e-05,1013.0,0.0001575549472200393
FL-2011-000190-AGO,FL_2011_000190_AGO,0.00015676205,0.0001507577881228,413.0,0.00015713707882775122
FL-2008-000038-ARG,FL_2008_000038_ARG,0.00015666228,8.720803296340502e-06,1051.0,0.00015681063443181818
FL-2019-000084-IND,FL_2019_000084_IND,0.00014026368,0.0001371284210861,439.0,0.00014057958918918921
FL-2008-000074-BFA,FL_2008_000074_BFA,0.00013653486,9.13978439431881e-06,1044.0,0.00013666501715919925
FL-2006-000044-COL,FL_2006_000044_COL,0.00013225584,0.0001397173946637,434.0,0.0001325571061503417
FL-2019-000101-NER,FL_2019_000101_NER,0.00012985543,7.671334630978392e-05,596.0,0.00013007149560732113
FL-2009-000166-SDN,FL_2009_000166_SDN,0.0001294619,9.292893223611868e-05,543.0,0.0001296981443430657
FL-1998-000329-BEN,FL_1998_000329_BEN,0.00012800677,0.0005276028408072,125.0,0.00012899143746153844
FL-2009-000172-BFA,FL_2009_000172_BFA,0.00011955353,6.95632323441115e-07,1203.0,0.0001196524981539735
FF-2006-000069-IDN,FF_2006_000069_IDN,0.00010316598,0.0033630257806978,3.0,0.0001160617275
FL-2008-000091-SOM,FL_2008_000091_SOM,0.00011241553,5.573187582697711e-05,697.0,0.00011257566608262106
FL-2009-000045-BOL,FL_2009_000045_BOL,0.00011151955,2.274772892628325e-05,909.0,0.00011164156263676148
FL-2010-000046-MOZ,FL_2010_000046_MOZ,0.00010898417,7.673742175006136e-05,595.0,0.00010916581028333334
FL-2001-000407-IDN,FL_2001_000407_IDN,0.000104752165,0.0008002305124049,65.0,0.00010624862449999999
FL-2007-000132-BFA,FL_2007_000132_BFA,0.000106039115,1.960076464597301e-06,1179.0,0.00010612867506334458
FL-2009-000186-TCD,FL_2009_000186_TCD,9.830784e-05,0.0001116168432596,497.0,9.85036723505976e-05
FL-2019-000052-SRB,FL_2019_000052_SRB,9.035198e-05,6.256427717583699e-07,1206.0,9.042658939719239e-05
FL-2009-000117-GTM,FL_2009_000117_GTM,8.980319e-05,0.0001028784761458,522.0,8.997359453510436e-05
FL-2021-000061-MYS,FL_2021_000061_MYS,8.741205e-05,0.0002482502235067,271.0,8.772876032608696e-05
FL-2019-000020-COL,FL_2019_000020_COL,8.671442e-05,1.5040511165792906e-05,986.0,8.680192193743693e-05
FL-2007-000147-NER,FL_2007_000147_NER,8.596445e-05,9.03356093368389e-05,550.0,8.61193409009009e-05
FL-2016-000009-IDN,FL_2016_000009_IDN,8.460983e-05,0.0002146621828469,314.0,8.48750645768025e-05
FL-2008-000125-SDN,FL_2008_000125_SDN,8.2374485e-05,0.0001371732068048,438.0,8.256043191873588e-05
FL-2001-000314-GHA,FL_2001_000314_GHA,8.169095e-05,5.520234426758804e-05,704.0,8.180616995768688e-05
FL-2022-000277-SDN,FL_2022_000277_SDN,7.644663e-05,0.0013942741603115,31.0,7.85701475e-05
FL-2002-000110-BOL,FL_2002_000110_BOL,7.6499346e-05,5.105488531871909e-06,1109.0,7.656801686714543e-05
FL-2005-000051-AGO,FL_2005_000051_AGO,7.6325494e-05,0.0001605475550742,399.0,7.651441849009901e-05
FL-2008-000166-GTM,FL_2008_000166_GTM,7.5622695e-05,1.4023566072149092e-05,994.0,7.56983933933934e-05
FL-2007-000130-CIV,FL_2007_000130_CIV,6.7430155e-05,0.0027405464934945,6.0,7.356016909090909e-05
FF-2019-000054-YEM,FF_2019_000054_YEM,7.297852e-05,0.0001801016813351,363.0,7.317683119565217e-05
FL-2000-000444-IND,FL_2000_000444_IND,7.204319e-05,7.101169390988963e-05,623.0,7.215790845541402e-05
FL-2012-000063-RUS,FL_2012_000063_RUS,7.152298e-05,7.899759362334765e-06,1056.0,7.159039091423185e-05
FL-2009-000268-AGO,FL_2009_000268_AGO,7.083856e-05,0.0001968435836225,341.0,7.104329572254334e-05
FF-2007-000113-GMB,FF_2007_000113_GMB,6.981144e-05,6.421684143063665e-08,1216.0,6.986861562653563e-05
FF-2007-000083-IND,FF_2007_000083_IND,6.802993e-05,0.0003499342970528,204.0,6.835543205741627e-05
FF-2012-000196-COG,FF_2012_000196_COG,6.629339e-05,0.0014850382763652,29.0,6.824319558823528e-05
FL-2010-000139-SDN,FL_2010_000139_SDN,6.787366e-05,6.517566306832014e-05,655.0,6.797649887878788e-05
FL-2012-000200-BFA,FL_2012_000200_BFA,6.7700836e-05,1.3491019384698582e-05,1000.0,6.776820001592039e-05
FL-2001-000029-BOL,FL_2001_000029_BOL,6.5606066e-05,1.708719588788794e-06,1184.0,6.56612435155593e-05
FL-1997-000337-IND,FL_1997_000337_IND,6.3168496e-05,2.9682604825952405e-05,863.0,6.324127076497695e-05
FL-2012-000110-IND,FL_2012_000110_IND,6.1866514e-05,0.0001059816847704,515.0,6.198548806538461e-05
FL-2021-000129-VEN,FL_2021_000129_VEN,6.14046e-05,0.0002065362077339,325.0,6.159067454545454e-05
FL-2001-000146-AGO,FL_2001_000146_AGO,6.0965624e-05,0.0003743444032407,190.0,6.127826822564102e-05
FL-2014-000123-SSD,FL_2014_000123_SSD,6.074957e-05,0.0002212988298947,310.0,6.094242577777778e-05
FL-2018-000043-TZA,FL_2018_000043_TZA,5.6091096e-05,0.0006882082919098,83.0,5.672849481818182e-05
FL-2022-000379-MYS,FL_2022_000379_MYS,5.384915e-05,0.0002602619156208,258.0,5.4053899619771864e-05
FF-2022-000274-IRN,FF_2022_000274_IRN,5.3738622e-05,0.0001604790544417,401.0,5.387098313793104e-05
FL-2012-000042-COL,FL_2012_000042_COL,5.3680036e-05,7.650060713873695e-05,597.0,5.376920549501661e-05
FL-2005-000104-IND,FL_2005_000104_IND,5.3537802e-05,9.932753965005188e-05,531.0,5.363768595895523e-05
FL-2016-000089-SEN,FL_2016_000089_SEN,5.216287e-05,3.482187407322422e-05,833.0,5.2225116861575174e-05
FL-2020-000200-BFA,FL_2020_000200_BFA,5.18741e-05,8.099341739124512e-07,1199.0,5.1917184800664454e-05
FL-2017-000052-RUS,FL_2017_000052_RUS,5.1725434e-05,2.361265366086369e-05,904.0,5.1782337667766774e-05
FL-2014-000098-SDN,FL_2014_000098_SDN,4.9306112e-05,0.0001725646332096,380.0,4.9434179823376616e-05
FL-2008-000205-IDN,FL_2008_000205_IDN,4.8317273e-05,0.0006696500450988,90.0,4.882587587368421e-05
FL-2001-000417-SDN,FL_2001_000417_SDN,4.865755e-05,1.529457511898181e-05,981.0,4.870689842799189e-05
FL-2002-000374-IND,FL_2002_000374_IND,4.7877365e-05,0.0001753230158079,373.0,4.800402469576719e-05
FL-2007-000217-SRB,FL_2007_000217_SRB,4.6704758e-05,1.819131499432068e-05,949.0,4.675371476939203e-05
FL-2013-000108-SSD,FL_2013_000108_SSD,4.5058845e-05,3.375308068116044e-05,839.0,4.5112232257109e-05
FL-2016-000081-GTM,FL_2016_000081_GTM,4.483564e-05,0.0003803500822089,187.0,4.5069158958333324e-05
LS-2022-000224-GTM,LS_2022_000224_GTM,4.4701832e-05,6.133735024089195e-05,667.0,4.476835258333334e-05
FL-2021-000110-YEM,FL_2021_000110_YEM,4.3252647e-05,0.0005954800950372,110.0,4.3628756973913046e-05
FL-2008-000126-TCD,FL_2008_000126_TCD,4.3283464e-05,5.460437780342058e-05,708.0,4.3344170120617114e-05
FL-2015-000085-VEN,FL_2015_000085_VEN,4.308143e-05,1.0654936754375876e-05,1028.0,4.312313515972894e-05
FL-1998-000040-URY,FL_1998_000040_URY,4.282755e-05,9.198617486210044e-06,1043.0,4.286841598282442e-05
FL-1997-000022-BOL,FL_1997_000022_BOL,4.2769218e-05,1.6126774138828163e-05,973.0,4.281294930674846e-05
FL-2000-000806-FJI,FL_2000_000806_FJI,4.2492105e-05,2.803933997440745e-06,1155.0,4.2528736124999996e-05
FL-2006-000068-CHN,FL_2006_000068_CHN,4.1887306e-05,2.1787816442444664e-05,921.0,4.193254067170626e-05
FL-2004-000021-COL,FL_2004_000021_COL,3.9682818e-05,9.798776362412277e-05,532.0,3.975671524022346e-05
FL-2017-000137-SSD,FL_2017_000137_SSD,3.92081e-05,6.039239169913007e-05,672.0,3.9266014475627775e-05
FL-2013-000123-CMR,FL_2013_000123_CMR,3.7946887e-05,0.0008100415108933,64.0,3.849684188405797e-05
FL-2010-000125-IND,FL_2010_000125_IND,3.818583e-05,2.525245839944911e-05,889.0,3.8228543456375835e-05
FL-2016-000072-SDN,FL_2016_000072_SDN,3.7799535e-05,0.0001355333809052,446.0,3.788334771618625e-05
FL-2009-000135-MEX,FL_2009_000135_MEX,3.747539e-05,0.0006573756734134,98.0,3.783922873786408e-05
FL-2000-000299-GTM,FL_2000_000299_GTM,3.7431426e-05,0.0001152247998478,487.0,3.750750613414634e-05
FL-2009-000241-COL,FL_2009_000241_COL,3.691393e-05,0.0004254080813604,161.0,3.713630307228916e-05
FL-2008-000076-COL,FL_2008_000076_COL,3.376276e-05,0.0001346517761402,447.0,3.3837456371681414e-05
FL-2018-000134-IND,FL_2018_000134_IND,3.32791e-05,9.40924660376603e-06,1039.0,3.331097653256705e-05
FL-2013-000055-UGA,FL_2013_000055_UGA,3.3235985e-05,0.0001030885910712,521.0,3.3299171283269964e-05
FL-2005-000194-COL,FL_2005_000194_COL,3.323361e-05,7.380528067017855e-05,612.0,3.3287473225283634e-05
FL-2012-000098-GTM,FL_2012_000098_GTM,3.3179742e-05,8.990275503568885e-07,1197.0,3.320734577870216e-05
FF-2011-000049-IRQ,FF_2011_000049_IRQ,3.268953e-05,0.0003446615432131,206.0,3.2844456682464454e-05
FF-2009-000246-LKA,FF_2009_000246_LKA,3.2688826e-05,0.0001917199924352,349.0,3.278116731638418e-05
FL-2005-000129-SDN,FL_2005_000129_SDN,3.240513e-05,7.81618973848496e-05,592.0,3.2459409949748744e-05
FL-2016-000060-IND,FL_2016_000060_IND,3.1924817e-05,0.0002731818804927,248.0,3.205100204743083e-05
FL-2006-000085-UKR,FL_2006_000085_UKR,3.09296e-05,2.458045415209912e-06,1167.0,3.0955990443686014e-05
FL-2000-000265-COL,FL_2000_000265_COL,3.080386e-05,1.5194513842984964e-05,983.0,3.0835037995951416e-05
FL-2002-000225-ETH,FL_2002_000225_ETH,3.058172e-05,2.9930389541948817e-05,861.0,3.0617033764434176e-05
FL-2006-000010-BOL,FL_2006_000010_BOL,3.0029787e-05,1.9726865107943904e-05,937.0,3.006166575477707e-05
FL-2003-000204-KEN,FL_2003_000204_KEN,2.9809213e-05,0.0001715834579479,382.0,2.988623939018088e-05
LS-2022-000283-LKA,LS_2022_000283_LKA,2.977726e-05,7.40655883891695e-05,611.0,2.9825599707792208e-05
FL-2022-000316-NER,FL_2022_000316_NER,2.978003e-05,3.650348419132576e-05,816.0,2.9816302874543242e-05
FL-2011-000133-MEX,FL_2011_000133_MEX,2.8958832e-05,2.0145275040620983e-05,929.0,2.8989837173447536e-05
FL-2007-000149-CMR,FL_2007_000149_CMR,2.842644e-05,0.0003585514573403,199.0,2.8565785294117645e-05
FL-2014-000115-NER,FL_2014_000115_NER,2.8400242e-05,3.3384857633327905e-05,845.0,2.8433654049411768e-05
FL-2006-000172-COG,FL_2006_000172_COG,2.7426075e-05,0.0001562286674453,405.0,2.749296786585366e-05
FL-2003-000012-BOL,FL_2003_000012_BOL,2.6972075e-05,1.3940832088942748e-05,995.0,2.6999047075e-05
FL-2001-000227-RUS,FL_2001_000227_RUS,2.6458563e-05,6.36971750522311e-05,659.0,2.6498410233433736e-05
FL-2009-000176-MLI,FL_2009_000176_MLI,2.6096915e-05,0.0002683986905389,251.0,2.619885607421875e-05
FL-2009-000226-PRY,FL_2009_000226_PRY,2.5282874e-05,0.0003718966494501,192.0,2.541121346192893e-05
FL-2011-000020-BOL,FL_2011_000020_BOL,2.5142725e-05,3.5493784750721214e-05,828.0,2.5172908343337337e-05
FL-2015-000064-IND,FL_2015_000064_IND,2.4666195e-05,0.0003009461440699,231.0,2.477071277542373e-05
FL-2011-000042-COL,FL_2011_000042_COL,2.4694431e-05,0.0001493577798661,417.0,2.4752948609004742e-05
FL-2010-000240-VEN,FL_2010_000240_VEN,2.4137029e-05,2.3648688901077427e-05,903.0,2.4163611631057266e-05
FL-2011-000045-GTM,FL_2011_000045_GTM,2.3342145e-05,5.550054292889972e-06,1100.0,2.3363269113122174e-05
FL-2021-000078-GTM,FL_2021_000078_GTM,2.2973423e-05,4.781259234238497e-05,745.0,2.3004054230666668e-05
FL-2005-000139-SLE,FL_2005_000139_SLE,2.2890223e-05,3.334195710293519e-05,846.0,2.2917121029377205e-05
FL-2019-000062-SSD,FL_2019_000062_SSD,2.2183502e-05,0.0011055464631765,44.0,2.2636226530612246e-05
FL-2007-000227-ZWE,FL_2007_000227_ZWE,2.2365626e-05,0.0002489157258352,270.0,2.2446955549090908e-05
FL-2017-000095-GHA,FL_2017_000095_GHA,2.1744172e-05,0.0001636109575526,396.0,2.1798396867830425e-05
FL-2015-000093-GUY,FL_2015_000093_GUY,2.1400132e-05,8.834812982823296e-05,552.0,2.1438552344703768e-05
FL-2014-000014-SYC,FL_2014_000014_SYC,2.1407432e-05,1.845589401163873e-06,1181.0,2.1425482111298484e-05
FL-2021-000123-CAF,FL_2021_000123_CAF,2.099842e-05,0.0001649515288607,392.0,2.105131274559194e-05
FL-2009-000087-VUT,FL_2009_000087_VUT,2.0923204e-05,5.829034459771286e-05,686.0,2.0953483600578874e-05
FL-2012-000183-COL,FL_2012_000183_COL,2.0881973e-05,0.0001984843383078,338.0,2.0942853387755106e-05
FL-2012-000005-BOL,FL_2012_000005_BOL,2.0286616e-05,1.0415094778609538e-05,1030.0,2.0306216595169085e-05
FL-2007-000151-TCD,FL_2007_000151_TCD,2.0129013e-05,0.0001717471605997,381.0,2.0181160702072538e-05
FL-2006-000145-GIN,FL_2006_000145_GIN,1.9933883e-05,1.121164879844462e-06,1190.0,1.9950564073640163e-05
FL-1997-000207-SYC,FL_1997_000207_SYC,1.9807505e-05,3.9303740815743615e-05,796.0,1.9832233470661673e-05
FL-2002-000510-MEX,FL_2002_000510_MEX,1.8357952e-05,0.0001614746006358,398.0,1.8403505230769232e-05
FL-2000-000258-IDN,FL_2000_000258_IDN,1.82011e-05,0.0003148624422756,222.0,1.8281281057268723e-05
FL-2008-000035-PRY,FL_2008_000035_PRY,1.785774e-05,0.0003126872214924,227.0,1.793471301724138e-05
FF-2020-000158-SRB,FF_2020_000158_SRB,1.7808181e-05,8.71646959215893e-06,1052.0,1.7825028853358562e-05
FL-2006-000133-NER,FL_2006_000133_NER,1.7238763e-05,0.0002372712236864,288.0,1.7297598368600685e-05
FL-2019-000119-CMR,FL_2019_000119_CMR,1.7134142e-05,8.530649254983065e-05,561.0,1.7164414335689046e-05
FL-2019-000014-MWI,FL_2019_000014_MWI,1.6888194e-05,8.190208556608963e-05,575.0,1.6917311575862066e-05
FL-2003-000578-COL,FL_2003_000578_COL,1.6773121e-05,0.0002068428319762,324.0,1.682410313069909e-05
FF-2013-000100-RUS,FF_2013_000100_RUS,1.6524527e-05,0.0007265280033129,78.0,1.672361768674699e-05
FL-2013-000004-KEN,FL_2013_000004_KEN,1.6700275e-05,1.976871568389876e-05,936.0,1.6718022369819343e-05
FL-2010-000076-COL,FL_2010_000076_COL,1.6651902e-05,6.129238849845847e-06,1087.0,1.6667150994505495e-05
FL-2006-000029-NAM,FL_2006_000029_NAM,1.6194352e-05,7.64050562996122e-05,598.0,1.6221208305140965e-05
FL-2021-000145-BEN,FL_2021_000145_BEN,1.5830512e-05,0.0003987951512164,176.0,1.5917973392265195e-05
FL-2011-000091-BEN,FL_2011_000091_BEN,1.5668995e-05,0.0001064786861352,514.0,1.5699185741811177e-05
FL-2020-000195-CMR,FL_2020_000195_CMR,1.5002042e-05,8.63043414320108e-05,557.0,1.5028736024911033e-05
FL-2019-000094-GTM,FL_2019_000094_GTM,1.4937555e-05,5.103684056581424e-05,728.0,1.4957933656207366e-05
FL-2013-000041-GHA,FL_2013_000041_GHA,1.4566235e-05,0.0002740165833432,247.0,1.462403751984127e-05
FL-1997-000137-CHL,FL_1997_000137_CHL,1.45505555e-05,9.69662964225518e-05,535.0,1.4577500973148146e-05
FL-2020-000242-COL,FL_2020_000242_COL,1.3267779e-05,0.0003308833847025,213.0,1.3328640371559634e-05
FL-2007-000231-BOL,FL_2007_000231_BOL,1.3076481e-05,5.385562838585941e-06,1103.0,1.3088282878158845e-05
FL-1998-000179-RUS,FL_1998_000179_RUS,1.28950205e-05,7.321531374932212e-05,613.0,1.2915886228964401e-05
FL-2013-000076-PRY,FL_2013_000076_PRY,1.2758383e-05,1.5046228047112364e-05,985.0,1.2771270255555555e-05
FL-2011-000106-GHA,FL_2011_000106_GHA,1.2658962e-05,2.4210867265386256e-05,899.0,1.2672965276548673e-05
FL-2007-000194-GTM,FL_2007_000194_GTM,1.2588223e-05,2.051683511915885e-05,926.0,1.2601744184747585e-05
FL-2011-000124-ETH,FL_2011_000124_ETH,1.2233425e-05,5.269357491013882e-05,724.0,1.22502061042524e-05
FL-2003-000196-ARG,FL_2003_000196_ARG,1.2123055e-05,5.963160416486191e-05,675.0,1.2140883022058823e-05
FL-2022-000286-MRT,FL_2022_000286_MRT,1.2011265e-05,0.0001301221195341,458.0,1.2037207257019439e-05
FL-2010-000014-SLB,FL_2010_000014_SLB,1.1873725e-05,1.3337805613600887e-05,1001.0,1.1885527907554672e-05
FL-2022-000265-YEM,FL_2022_000265_YEM,1.1787854e-05,0.0002423138076856,277.0,1.1829654900709219e-05
FL-2007-000068-COL,FL_2007_000068_COL,1.1603139e-05,0.0004318345371621,157.0,1.1674763314814815e-05
FL-2003-000027-TUN,FL_2003_000027_TUN,1.161022e-05,6.963501809829448e-05,632.0,1.1628446405023547e-05
FL-2007-000165-BEN,FL_2007_000165_BEN,1.1602638e-05,5.967947573774077e-05,674.0,1.1619725832106038e-05
FL-2005-000070-YEM,FL_2005_000070_YEM,1.154978e-05,0.0002535379213445,266.0,1.1592399114391142e-05
FL-2018-000015-BOL,FL_2018_000015_BOL,1.1518625e-05,2.006876804950154e-05,931.0,1.1530931223290599e-05
FL-2007-000044-ARG,FL_2007_000044_ARG,1.142128e-05,7.485441792607568e-05,608.0,1.1439911778140294e-05
FL-2010-000102-CRI,FL_2010_000102_CRI,1.1187327e-05,0.0002373100950607,287.0,1.1225639763698629e-05
FL-2011-000181-VEN,FL_2011_000181_VEN,1.1154027e-05,0.0001871199629847,353.0,1.11851835e-05
FF-2005-000067-IDN,FF_2005_000067_IDN,1.08404565e-05,0.0004274436169738,160.0,1.0906156236363636e-05
FL-2010-000179-ETH,FL_2010_000179_ETH,1.07759515e-05,0.0005819141468161,114.0,1.0866505714285714e-05
FL-2011-000118-GTM,FL_2011_000118_GTM,1.0591982e-05,0.0001115429021319,498.0,1.0613039618290258e-05
FL-2015-000088-IRN,FL_2015_000088_IRN,1.0477589e-05,0.0006593293986348,95.0,1.058236489e-05
FL-2013-000050-ETH,FL_2013_000050_ETH,1.0514215e-05,0.0001523726250243,408.0,1.0539673147699757e-05
FL-1997-000142-CZE,FL_1997_000142_CZE,1.0473028e-05,6.101840051147171e-05,669.0,1.0488566617210683e-05
FL-2002-000373-GHA,FL_2002_000373_GHA,1.0153711e-05,0.0001239564387448,470.0,1.0175087233684213e-05
FL-2018-000046-RUS,FL_2018_000046_RUS,1.0118519e-05,5.783451737844572e-05,687.0,1.0133141137283236e-05
FL-2019-000098-CAF,FL_2019_000098_CAF,9.65441e-06,3.597232539590559e-05,823.0,9.666069915458936e-06
FL-2016-000102-SEN,FL_2016_000102_SEN,9.49399e-06,0.0001622713171453,397.0,9.517606890547264e-06
FF-2012-000081-ETH,FF_2012_000081_ETH,9.3023655e-06,0.0003943440722807,178.0,9.353198098360656e-06
FL-2018-000154-GHA,FL_2018_000154_GHA,9.237647e-06,1.73148520846258e-05,957.0,9.247249543659043e-06
FL-2017-000139-ETH,FL_2017_000139_ETH,9.166556e-06,7.63336061372303e-05,599.0,9.181732417218541e-06
FL-2004-000043-IND,FL_2004_000043_IND,9.109835e-06,3.799692354951336e-05,806.0,9.121067842170161e-06
FL-2013-000131-KHM,FL_2013_000131_KHM,8.670469e-06,4.116384182848201e-05,782.0,8.681486114358323e-06
FL-2003-000020-MOZ,FL_2003_000020_MOZ,8.594864e-06,7.231317794253222e-05,619.0,8.60863782051282e-06
FF-2012-000062-KEN,FF_2012_000062_KEN,8.446175e-06,0.000129443938054,461.0,8.464299839055794e-06
FL-2007-000161-UGA,FL_2007_000161_UGA,8.418416e-06,0.0003260355386533,216.0,8.456508380090497e-06
FL-2007-000141-NGA,FL_2007_000141_NGA,8.355704e-06,0.0002290912170034,306.0,8.382571215434083e-06
FL-1997-000301-UGA,FL_1997_000301_UGA,8.150273e-06,0.0003672399609865,193.0,8.191435994949494e-06
FL-2022-000213-IND,FL_2022_000213_IND,8.122553e-06,0.0002499423569246,268.0,8.152305941391942e-06
FL-2008-000086-MEX,FL_2008_000086_MEX,7.957802e-06,0.0001472849683351,420.0,7.976526240000001e-06
FL-2008-000217-KEN,FL_2008_000217_KEN,7.819183e-06,0.0001487047951532,418.0,7.837668066193853e-06
FF-2018-000030-KEN,FF_2018_000030_KEN,7.787085e-06,0.0001171280109296,485.0,7.80297701020408e-06
FL-2011-000007-ZAF,FL_2011_000007_ZAF,7.636477e-06,0.0004509770644055,151.0,7.685428775641025e-06
FL-2020-000132-UGA,FL_2020_000132_UGA,7.5464072e-06,2.6023036609204185e-05,883.0,7.554905406306306e-06
FL-2013-000068-CZE,FL_2013_000068_CZE,7.4473332e-06,0.0001255491594982,468.0,7.463078090486258e-06
FL-2009-000237-THA,FL_2009_000237_THA,7.3153474e-06,4.466369408769398e-05,766.0,7.324835528923476e-06
FL-2005-000081-CHN,FL_2005_000081_CHN,7.284261e-06,2.217121869909607e-05,917.0,7.2921615e-06
FF-2008-000092-KEN,FF_2008_000092_KEN,7.2209987e-06,0.000210945877887,319.0,7.243285733024691e-06
FL-2010-000176-MRT,FL_2010_000176_MRT,6.998799e-06,3.454283029898152e-05,837.0,7.007111112826603e-06
FF-2012-000101-GAB,FF_2012_000101_GAB,6.969928e-06,0.0001216585652578,476.0,6.984418494802494e-06
FL-2015-000065-GHA,FL_2015_000065_GHA,6.686682e-06,6.830068795081197e-05,643.0,6.697000953703703e-06
FL-2013-000008-MOZ,FL_2013_000008_MOZ,6.5614313e-06,0.0010548565687223,48.0,6.685231890566038e-06
FL-2022-000333-THA,FL_2022_000333_THA,6.5487357e-06,0.0005705145811239,115.0,6.6033084975e-06
FL-2019-000138-KEN,FL_2019_000138_KEN,6.3789034e-06,0.0002144320599094,315.0,6.3988374731249995e-06
FL-2019-000108-MRT,FL_2019_000108_MRT,6.290836e-06,0.0008273600147209,61.0,6.386151696969697e-06
FL-2010-000118-GHA,FL_2010_000118_GHA,6.3496477e-06,0.0003379522773468,211.0,6.379044217129629e-06
FL-2021-000066-GUY,FL_2021_000066_GUY,6.1476985e-06,0.0011608824250865,40.0,6.284314022222221e-06
FL-2012-000075-VEN,FL_2012_000075_VEN,6.149271e-06,6.77937500650541e-05,646.0,6.158716884792627e-06
FL-2001-000375-IRN,FL_2001_000375_IRN,6.0049783e-06,6.760833283215608e-05,647.0,6.014188389417178e-06
FL-2011-000108-SEN,FL_2011_000108_SEN,5.850662e-06,0.0013179159849437,33.0,6.004626789473684e-06
FL-2008-000154-MEX,FL_2008_000154_MEX,5.970301e-06,2.397824101094858e-05,902.0,5.976883470782801e-06
FL-2019-000033-PRY,FL_2019_000033_PRY,5.9614376e-06,0.0001359251915509,442.0,5.974774149440716e-06
FL-1999-000548-YEM,FL_1999_000548_YEM,5.7579205e-06,0.0001554071950862,407.0,5.771896035194175e-06
FL-2013-000028-NAM,FL_2013_000028_NAM,5.6879853e-06,0.0002576135521744,260.0,5.709449395471698e-06
FL-2001-000453-IRN,FL_2001_000453_IRN,5.624908e-06,0.0002369726495324,289.0,5.6440403401360546e-06
FL-2003-000080-ARG,FL_2003_000080_ARG,5.3121707e-06,0.000192760582809,347.0,5.327262094034091e-06
FL-2011-000032-THA,FL_2011_000032_THA,5.2934406e-06,1.667726062342639e-05,966.0,5.298892135118434e-06
FF-2017-000122-CMR,FF_2017_000122_CMR,5.1150396e-06,0.0009636371277644,52.0,5.2047771368421055e-06
FF-2021-000198-COG,FF_2021_000198_COG,5.1831557e-06,0.0001414236908848,428.0,5.1951260364896075e-06
FL-1998-000359-UKR,FL_1998_000359_UKR,5.178884e-06,8.03713679076465e-05,583.0,5.1876916258503405e-06
FL-2011-000135-THA,FL_2011_000135_THA,5.123539e-06,1.7382815896240757e-05,956.0,5.128870466181061e-06
FL-2005-000017-VEN,FL_2005_000017_VEN,5.0677077e-06,2.7574334922376197e-05,872.0,5.0734861580387685e-06
FL-2008-000175-UGA,FL_2008_000175_UGA,4.960826e-06,0.0005216363722971,126.0,4.998694900763359e-06
FL-2016-000124-COD,FL_2016_000124_COD,4.969566e-06,0.0001218010405063,475.0,4.9799192625e-06
FL-2021-000038-KEN,FL_2021_000038_KEN,4.8911947e-06,3.297786264669917e-05,849.0,4.896922094262294e-06
FL-2005-000169-FJI,FL_2005_000169_FJI,4.881239e-06,3.947062583450436e-06,1129.0,4.88554344356261e-06
FL-2017-000088-SDN,FL_2017_000088_SDN,4.3644072e-06,0.0032171714386067,4.0,4.849341333333333e-06
FL-2010-000208-RUS,FL_2010_000208_RUS,4.839164e-06,1.0220793984655586e-05,1032.0,4.843830503375121e-06
FL-2002-000350-CHN,FL_2002_000350_CHN,4.7831727e-06,1.521532956521135e-05,982.0,4.7880188729483275e-06
FL-2019-000079-BGD,FL_2019_000079_BGD,4.7558688e-06,4.991758990252728e-06,1113.0,4.760122707692308e-06
FL-2001-000450-THA,FL_2001_000450_THA,4.64671e-06,5.4432884630906e-06,1102.0,4.6509075700090336e-06
FL-2006-000070-IND,FL_2006_000070_IND,4.600093e-06,0.0004108739131771,166.0,4.6269941286549706e-06
FL-2007-000221-KEN,FL_2007_000221_KEN,4.6033947e-06,0.0002118205468541,318.0,4.617646695975232e-06
FL-2000-000735-VEN,FL_2000_000735_VEN,4.5305155e-06,0.0002057791187133,327.0,4.544161631024096e-06
FL-1998-000392-IND,FL_1998_000392_IND,4.498753e-06,1.7067718109532777e-05,962.0,4.5034052781799376e-06
FL-1999-000265-TCD,FL_1999_000265_TCD,4.3324253e-06,3.221950367324291e-05,854.0,4.3374688684516885e-06
FL-2014-000008-BOL,FL_2014_000008_BOL,4.3170335e-06,1.9183538026070465e-05,943.0,4.3215873328059074e-06
FL-1997-000199-BEN,FL_1997_000199_BEN,4.2980596e-06,0.0001605174963895,400.0,4.308672092839506e-06
FL-2007-000153-GHA,FL_2007_000153_GHA,4.1545054e-06,4.484838403707307e-06,1120.0,4.158198293688889e-06
FL-2018-000058-COL,FL_2018_000058_COL,4.0848176e-06,0.0001264888159232,467.0,4.093471874576271e-06
FL-2008-000197-COL,FL_2008_000197_COL,4.073765e-06,4.083698921620167e-05,787.0,4.078908642676768e-06
FL-2021-000135-GIN,FL_2021_000135_GIN,3.994694e-06,4.2584271237327206e-05,779.0,3.999789272959184e-06
FL-2003-000621-BOL,FL_2003_000621_BOL,3.9352235e-06,2.242572694772621e-05,913.0,3.93951023583878e-06
FL-2023-000001-COG,FL_2023_000001_COG,3.8260137e-06,2.9335204062955345e-05,864.0,3.830416477560413e-06
FL-2020-000190-NER,FL_2020_000190_NER,3.7843145e-06,8.139818906218175e-05,577.0,3.7908167585910653e-06
FL-2009-000198-BEN,FL_2009_000198_BEN,3.713204e-06,0.0007283991519598,76.0,3.759046024691358e-06
FF-2011-000143-SSD,FF_2011_000143_SSD,3.6998342e-06,0.0007470624127924,72.0,3.7478839948051945e-06
FL-2009-000133-ZAF,FL_2009_000133_ZAF,3.7330008e-06,0.0001793765985222,365.0,3.7430899913513514e-06
FL-2022-000365-PAN,FL_2022_000365_PAN,3.6255483e-06,8.673221740645689e-05,556.0,3.6320109529411765e-06
FL-2010-000161-MYS,FL_2010_000161_MYS,3.6207289e-06,7.58731608442784e-05,602.0,3.6266938570016475e-06
FL-2012-000173-SOM,FL_2012_000173_SOM,3.6185088e-06,2.9970751468649e-06,1151.0,3.621638997923875e-06
FL-2017-000002-MYS,FL_2017_000002_MYS,3.5758096e-06,0.0002655760917228,254.0,3.5896158146718143e-06
FL-2010-000008-BOL,FL_2010_000008_BOL,3.5476096e-06,5.255401753082181e-06,1106.0,3.5508027679567952e-06
FL-2009-000174-NER,FL_2009_000174_NER,3.4971636e-06,5.673397772917023e-05,694.0,3.5021666952789696e-06
FL-2019-000064-SDN,FL_2019_000064_SDN,3.463195e-06,0.0005179821015835,127.0,3.4894313257575757e-06
FL-2014-000121-CMR,FL_2014_000121_CMR,3.4096279e-06,0.0001218142274581,474.0,3.416746121085595e-06
FL-2006-000112-ETH,FL_2006_000112_ETH,3.3688568e-06,0.0001045137664725,519.0,3.3752859160305345e-06
FL-1999-000391-MEX,FL_1999_000391_MEX,3.3674876e-06,1.9536347302531142e-05,940.0,3.3710510789417986e-06
FL-2000-000438-KHM,FL_2000_000438_KHM,3.325757e-06,2.861233607233607e-05,867.0,3.3295709415137613e-06
FL-2013-000020-BOL,FL_2013_000020_BOL,3.2665544e-06,3.925815771550141e-06,1130.0,3.2694324214977976e-06
FF-2021-000090-SDN,FF_2021_000090_SDN,3.2441812e-06,2.473661240635293e-05,896.0,3.2477818450610437e-06
SS-2007-000063-MDV,SS_2007_000063_MDV,3.2441428e-06,6.316226581841747e-06,1081.0,3.2471300401473294e-06
FL-2007-000154-MEX,FL_2007_000154_MEX,3.2253945e-06,4.425393395404844e-05,769.0,3.229561676356589e-06
FL-2009-000113-CHN,FL_2009_000113_CHN,3.222857e-06,5.712288980807819e-05,692.0,3.2274808981348637e-06
FF-2018-000118-LAO,FF_2018_000118_LAO,3.1295992e-06,5.888993881612793e-05,682.0,3.134154657350801e-06
FL-2005-000098-BGR,FL_2005_000098_BGR,3.1268273e-06,5.730568393332656e-05,690.0,3.1313263320863302e-06
FL-2001-000332-IND,FL_2001_000332_IND,3.04907e-06,3.532959831683858e-05,829.0,3.052725959232614e-06
FL-2003-000212-AZE,FL_2003_000212_AZE,3.0457147e-06,4.092847218422322e-05,786.0,3.0495651610619466e-06
FL-2022-000290-SEN,FL_2022_000290_SEN,3.003847e-06,8.404670606624847e-05,566.0,3.0091076777583193e-06
FL-2011-000129-MLI,FL_2011_000129_MLI,2.9577193e-06,0.0001074809470251,507.0,2.9634960955078128e-06
FL-2020-000126-ETH,FL_2020_000126_ETH,2.9548396e-06,5.713242955743997e-05,691.0,2.9590850591954023e-06
FL-2009-000245-SRB,FL_2009_000245_SRB,2.9215932e-06,1.2759759204279707e-05,1004.0,2.924488733399405e-06
FL-2020-000128-KEN,FL_2020_000128_KEN,2.874638e-06,0.0002318606362485,299.0,2.884094046052632e-06
FL-2022-000356-ETH,FL_2022_000356_ETH,2.8375969e-06,0.0004714748037832,141.0,2.8570324952054793e-06
FL-2000-000048-BWA,FL_2000_000048_BWA,2.808977e-06,5.084547728575645e-05,731.0,2.8127935448369565e-06
FL-2011-000120-SDN,FL_2011_000120_SDN,2.8031832e-06,7.979834623603805e-05,587.0,2.807918306756757e-06
FL-2013-000030-COL,FL_2013_000030_COL,2.7902934e-06,8.977846385547476e-05,551.0,2.7953119133093526e-06
FL-2002-000641-THA,FL_2002_000641_THA,2.7134931e-06,6.998104375309975e-06,1072.0,2.716012592200557e-06
FL-2007-000139-KEN,FL_2007_000139_KEN,2.6704863e-06,0.0001081052323948,505.0,2.675722547647059e-06
FL-2007-000076-KEN,FL_2007_000076_KEN,2.658624e-06,0.0002688996600856,250.0,2.6690499764705884e-06
FL-2001-000274-WSM,FL_2001_000274_WSM,2.5805498e-06,8.80525682615011e-06,1049.0,2.5829981394686907e-06
FL-2010-000003-KEN,FL_2010_000003_KEN,2.5229247e-06,0.0005326666404728,121.0,2.5429479119047617e-06
FL-2005-000175-SDN,FL_2005_000175_SDN,2.4793626e-06,8.562723002567478e-05,559.0,2.4837586329787234e-06
LS-2010-000190-COL,LS_2010_000190_COL,2.4190572e-06,0.0001273726240333,465.0,2.424204130212766e-06
FL-2002-000445-VEN,FL_2002_000445_VEN,2.391281e-06,0.0002127354208103,317.0,2.398707338509317e-06
FL-2013-000052-SOM,FL_2013_000052_SOM,2.316244e-06,0.0001497216672058,416.0,2.3217457672209026e-06
FL-2016-000091-NER,FL_2016_000091_NER,2.2921997e-06,0.0004080373356996,169.0,2.305373261494253e-06
FL-2019-000067-UGA,FL_2019_000067_UGA,2.2602162e-06,0.0004335887454605,156.0,2.2742548099378877e-06
FL-2010-000092-LKA,FL_2010_000092_LKA,2.2654494e-06,2.9745283444516168e-06,1152.0,2.2674074375108035e-06
FL-2005-000132-MKD,FL_2005_000132_MKD,2.1020105e-06,4.553276710155854e-05,763.0,2.1047474928385413e-06
FL-2022-000349-CMR,FL_2022_000349_CMR,1.9931097e-06,4.044272175461428e-05,789.0,1.9956199137279597e-06
FL-2008-000079-LKA,FL_2008_000079_LKA,1.944458e-06,0.0002442861537871,276.0,1.951377779359431e-06
FL-2014-000004-COL,FL_2014_000004_COL,1.8963873e-06,0.0001101597231698,501.0,1.9001351009881424e-06
FL-2011-000148-KHM,FL_2011_000148_KHM,1.8567881e-06,3.366634882162281e-05,840.0,1.858985482366864e-06
FL-2008-000089-IND,FL_2008_000089_IND,1.8522485e-06,0.0001319782237113,451.0,1.8563104484649124e-06
FL-2015-000161-ETH,FL_2015_000161_ETH,1.8192076e-06,0.0006743188219848,86.0,1.8391988923076922e-06
FL-2010-000259-AUS,FL_2010_000259_AUS,1.8238813e-06,1.4158769293418372e-05,993.0,1.8257088363727456e-06
FL-2014-000163-COL,FL_2014_000163_COL,1.800567e-06,3.4712552027563264e-05,834.0,1.8027130870083433e-06
FL-2020-000176-SDN,FL_2020_000176_SDN,1.7816247e-06,9.117802360501016e-05,548.0,1.7848464444846294e-06
FL-2018-000128-SDN,FL_2018_000128_SDN,1.7256134e-06,0.0008189962520236,63.0,1.7509900676470588e-06
FF-2015-000115-MKD,FF_2015_000115_MKD,1.7312775e-06,1.6146258416392286e-05,972.0,1.7330495342886384e-06
FL-2013-000070-IND,FL_2013_000070_IND,1.7149055e-06,6.314558736184177e-05,661.0,1.7174804331831829e-06
FL-2009-000179-LBR,FL_2009_000179_LBR,1.6852633e-06,4.101976181689878e-05,783.0,1.6874019590101525e-06
FL-2014-000070-LKA,FL_2014_000070_LKA,1.6391862e-06,1.632580811633522e-05,967.0,1.6408726055555557e-06
FL-2005-000002-GUY,FL_2005_000002_GUY,1.6193178e-06,0.0002904663081807,237.0,1.626009195867769e-06
FL-2012-000205-LKA,FL_2012_000205_LKA,1.6203943e-06,7.1061115942359764e-09,1218.0,1.621719234014718e-06
FL-2009-000032-SLB,FL_2009_000032_SLB,1.5791065e-06,0.0003020170705265,230.0,1.5858261021276592e-06
FL-2007-000012-BOL,FL_2007_000012_BOL,1.5705535e-06,2.713333043328565e-05,876.0,1.5723361940976163e-06
FL-2007-000145-ETH,FL_2007_000145_ETH,1.5407288e-06,5.508784895648598e-06,1101.0,1.5421218640144664e-06
FL-2014-000045-SLB,FL_2014_000045_SLB,1.5112938e-06,0.0004070509162428,171.0,1.519880696590909e-06
FL-1997-000026-MOZ,FL_1997_000026_MOZ,1.4751928e-06,0.0002308830097918,302.0,1.4799979882736157e-06
FL-2008-000243-PNG,FL_2008_000243_PNG,1.4736177e-06,5.18110812379639e-07,1211.0,1.4748295566611843e-06
FL-2018-000419-PRY,FL_2018_000419_PRY,1.4547963e-06,0.0003936757551,180.0,1.4626600637837836e-06
FL-2009-000242-IRQ,FL_2009_000242_IRQ,1.4530025e-06,8.208105036040929e-05,573.0,1.4555163451557092e-06
FL-2020-000192-TCD,FL_2020_000192_TCD,1.4509877e-06,3.360961987387589e-05,841.0,1.4527028154846337e-06
FL-2003-000316-IND,FL_2003_000316_IND,1.4497772e-06,2.713110738969257e-05,877.0,1.4514209383219955e-06
FL-2014-000152-ETH,FL_2014_000152_ETH,1.4437661e-06,5.569252451551069e-05,699.0,1.445816904119318e-06
FL-2007-000200-MEX,FL_2007_000200_MEX,1.4076604e-06,0.0006581058688333,97.0,1.4214609921568627e-06
FL-1999-000315-GHA,FL_1999_000315_GHA,1.3821261e-06,0.0001751292299012,375.0,1.3857632739473685e-06
FF-2008-000199-LKA,FF_2008_000199_LKA,1.3717818e-06,6.75079133193246e-05,648.0,1.373882537825421e-06
FL-2007-000011-ZMB,FL_2007_000011_ZMB,1.366691e-06,0.0001747454290596,376.0,1.3702781154855643e-06
FL-2018-000004-COD,FL_2018_000004_COD,1.3669292e-06,5.866678616320575e-06,1092.0,1.3681752612579762e-06
FL-2006-000124-UGA,FL_2006_000124_UGA,1.3338939e-06,0.0001185998499118,481.0,1.3366385376543209e-06
FF-2012-000107-SLB,FF_2012_000107_SLB,1.2929731e-06,3.807751989694318e-05,805.0,1.2945693630864198e-06
FL-2011-000115-KEN,FL_2011_000115_KEN,1.2789444e-06,5.201212961307364e-05,725.0,1.280696378630137e-06
FL-2019-000116-ETH,FL_2019_000116_ETH,1.274426e-06,1.5143806395213873e-05,984.0,1.2757146006066733e-06
FL-1999-000071-MOZ,FL_1999_000071_MOZ,1.2626607e-06,0.0001400250426619,432.0,1.2655500837528605e-06
FL-2004-000020-KEN,FL_2004_000020_KEN,1.2624469e-06,8.741670986177568e-05,555.0,1.2647012694642859e-06
FL-2012-000174-BEN,FL_2012_000174_BEN,1.227219e-06,8.054826187992457e-05,582.0,1.2293096626916523e-06
FL-2014-000168-MYS,FL_2014_000168_MYS,1.2145281e-06,0.0001299430907368,460.0,1.217139988387097e-06
ST-1998-000296-PHL,ST_1998_000296_PHL,1.2085571e-06,0.000150704148954,415.0,1.2114346169047618e-06
FF-2014-000015-ZWE,FF_2014_000015_ZWE,1.2079116e-06,4.285601242794752e-05,776.0,1.2094582217669654e-06
FL-2017-000053-THA,FL_2017_000053_THA,1.1752071e-06,3.841460506000469e-05,801.0,1.176665173325062e-06
FL-2008-000191-CRI,FL_2008_000191_CRI,1.1715795e-06,1.910709967994758e-05,944.0,1.1728140410958905e-06
FL-2007-000206-COG,FL_2007_000206_COG,1.1692133e-06,0.0001881362852793,351.0,1.1724976070224719e-06
FF-2016-000079-MKD,FF_2016_000079_MKD,1.091787e-06,0.0021382161732765,12.0,1.1560097647058822e-06
FL-2014-000150-SOM,FL_2014_000150_SOM,1.1312583e-06,0.0001357810593877,444.0,1.1337778062360802e-06
FL-2012-000039-CHL,FL_2012_000039_CHL,1.1123569e-06,1.3496987802522652e-05,999.0,1.1134648251992033e-06
FL-2006-000156-TUR,FL_2006_000156_TUR,1.1067978e-06,0.0001767385318181,367.0,1.1097730629032258e-06
FL-2009-000208-AZE,FL_2009_000208_AZE,1.1060245e-06,1.895345487855052e-05,946.0,1.107187512092534e-06
FL-2015-000169-KEN,FL_2015_000169_KEN,1.1026574e-06,9.099186185680036e-06,1046.0,1.1037065507136064e-06
FL-2001-000390-POL,FL_2001_000390_POL,1.0574075e-06,0.0011232787932098,43.0,1.0794368229166664e-06
FL-1997-000255-KEN,FL_1997_000255_KEN,1.0685185e-06,0.0001930687188624,345.0,1.07157141e-06
FL-2021-000161-IND,FL_2021_000161_IND,1.0435989e-06,2.549767560714411e-05,887.0,1.044768853923767e-06
FL-2002-000500-IRN,FL_2002_000500_IRN,9.944591e-07,0.0008941418794487,56.0,1.0107617081967214e-06
FL-2013-000103-YEM,FL_2013_000103_YEM,1.0037325e-06,0.0001072254954039,511.0,1.0056777180232557e-06
FL-2005-000020-COL,FL_2005_000020_COL,9.978188e-07,0.0002383647834589,286.0,1.0012477305841924e-06
FL-2020-000193-SSD,FL_2020_000193_SSD,9.914312e-07,7.719443836102389e-05,593.0,9.930891117056859e-07
FL-2018-000360-RUS,FL_2018_000360_RUS,9.869852e-07,3.347829640191011e-05,843.0,9.881490976415093e-07
FL-2005-000103-SLV,FL_2005_000103_SLV,9.827811e-07,1.1044159528187951e-05,1024.0,9.837361836734694e-07
FL-2017-000064-IND,FL_2017_000064_IND,9.716991e-07,0.0002316305994965,300.0,9.748849986885247e-07
FL-2020-000199-MRT,FL_2020_000199_MRT,9.024426e-07,0.0021573141287049,10.0,9.6260544e-07
FL-2003-000229-LKA,FL_2003_000229_LKA,9.515422e-07,6.452923280978639e-06,1080.0,9.524191974193548e-07
FL-2006-000041-SRB,FL_2006_000041_SRB,9.4005907e-07,6.4606158537037305e-06,1079.0,9.409262831642066e-07
FL-2019-000163-UGA,FL_2019_000163_UGA,9.2143557e-07,0.0006619896280107,94.0,9.307430000000001e-07
FL-2000-000130-BOL,FL_2000_000130_BOL,9.274372e-07,7.538604033441516e-06,1064.0,9.283047745556595e-07
FL-2001-000082-ZWE,FL_2001_000082_ZWE,9.047529e-07,6.709437856532693e-05,649.0,9.061363142201835e-07
FL-2009-000122-IND,FL_2009_000122_IND,8.9595363e-07,1.6189033190626646e-05,971.0,8.968716152766395e-07
FL-2012-000128-SSD,FL_2012_000128_SSD,8.8159334e-07,2.4240285242222456e-05,898.0,8.825696338427464e-07
LS-2016-000051-IDN,LS_2016_000051_IDN,8.415985e-07,0.0004675502609704,144.0,8.47246812080537e-07
FF-2008-000082-PHL,FF_2008_000082_PHL,8.400487e-07,0.000239021055491,285.0,8.429454196551723e-07
FL-1999-000259-KHM,FL_1999_000259_KHM,7.974948e-07,6.881751489876133e-05,637.0,7.987370037383177e-07
FL-2010-000089-AZE,FL_2010_000089_AZE,7.465889e-07,4.63464763815994e-05,758.0,7.475673913499345e-07
FL-2015-000071-GEO,FL_2015_000071_GEO,7.380183e-07,6.879707730304083e-05,638.0,7.391660734059099e-07
FL-2003-000368-SDN,FL_2003_000368_SDN,7.2951946e-07,0.0002396110112481,283.0,7.320525136805557e-07
FL-2001-000320-TLS,FL_2001_000320_TLS,7.2457857e-07,0.000375910242921,189.0,7.283135110824742e-07
FL-2022-000276-GMB,FL_2022_000276_GMB,7.2536034e-07,5.786208928773208e-07,1208.0,7.259583287386643e-07
FL-2015-000008-BOL,FL_2015_000008_BOL,7.045593e-07,4.03495596656484e-06,1127.0,7.051817022084805e-07
FL-2006-000013-MWI,FL_2006_000013_MWI,6.9349664e-07,0.0001075630713264,506.0,6.948537762818004e-07
FL-1997-000144-CHN,FL_1997_000144_CHN,6.79875e-07,7.60058225398155e-05,601.0,6.809969059405941e-07
FL-2019-000104-THA,FL_2019_000104_THA,6.760676e-07,6.964554814381422e-05,631.0,6.771305993710691e-07
FL-2019-000032-BOL,FL_2019_000032_BOL,6.559197e-07,2.2746928786440605e-05,910.0,6.566365521311475e-07
FL-2020-000164-IND,FL_2020_000164_IND,6.483273e-07,5.6671498993005465e-05,695.0,6.492534818571428e-07
ST-2012-000064-COD,ST_2012_000064_COD,5.899603e-07,0.0003258381552936,218.0,5.926058618834082e-07
FL-2008-000054-THA,FL_2008_000054_THA,5.657561e-07,5.151827295133182e-06,1107.0,5.662648734712231e-07
FL-2021-000043-YEM,FL_2021_000043_YEM,5.0999563e-07,0.0024613955473132,9.0,5.464238892857143e-07
FL-2017-000091-MMR,FL_2017_000091_MMR,5.378712e-07,1.1219871842100408e-05,1021.0,5.383954409356725e-07
FL-2017-000012-MOZ,FL_2017_000012_MOZ,5.2813635e-07,0.0001463028988923,421.0,5.293761066901408e-07
FL-2012-000169-SEN,FL_2012_000169_SEN,5.095639e-07,0.0011972758091715,38.0,5.214142232558139e-07
FL-1997-000299-PRY,FL_1997_000299_PRY,5.0317067e-07,8.52755512161876e-06,1054.0,5.036458075542965e-07
FL-2004-000115-PAN,FL_2004_000115_PAN,4.856175e-07,2.2269645726446556e-05,915.0,4.861453451086957e-07
FL-2022-000135-ZMB,FL_2022_000135_ZMB,4.770904e-07,0.0007769181960693,67.0,4.837166555555554e-07
FF-2008-000141-ETH,FF_2008_000141_ETH,4.811361e-07,0.0001578560282692,403.0,4.823153551470588e-07
FL-2003-000482-MEX,FL_2003_000482_MEX,4.7537392e-07,0.0003625699869723,198.0,4.777156634482759e-07
FL-2005-000176-BGD,FL_2005_000176_BGD,4.7613213e-07,2.1388260026630843e-06,1174.0,4.7653597404580157e-07
FL-2003-000227-CHN,FL_2003_000227_CHN,4.6731276e-07,4.779413698263081e-05,747.0,4.679341865425532e-07
FL-2009-000127-BEN,FL_2009_000127_BEN,4.6647628e-07,6.952752985644461e-05,633.0,4.6720743404388713e-07
FF-2022-000309-SLE,FF_2022_000309_SLE,4.642068e-07,3.6595208005807285e-05,814.0,4.6477359706959707e-07
FL-2013-000038-KEN,FL_2013_000038_KEN,4.4095194e-07,2.934214881487882e-06,1154.0,4.413323989646247e-07
FL-2009-000218-KEN,FL_2009_000218_KEN,4.2905816e-07,3.511487934404359e-05,831.0,4.2957138746411487e-07
FL-2016-000061-RUS,FL_2016_000061_RUS,4.1639615e-07,0.0002031989184196,331.0,4.176354242559524e-07
FL-2008-000051-LKA,FL_2008_000051_LKA,4.1496776e-07,7.750626082538022e-06,1059.0,4.153577672932331e-07
FL-2006-000155-LKA,FL_2006_000155_LKA,3.977367e-07,4.750294478000249e-06,1116.0,3.980915052631579e-07
FL-2006-000130-KHM,FL_2006_000130_KHM,3.7936746e-07,6.212922478283306e-06,1085.0,3.797155035412844e-07
FL-2008-000094-ZAF,FL_2008_000094_ZAF,3.7738712e-07,0.0003576962975696,200.0,3.792280327804878e-07
FL-2016-000045-ETH,FL_2016_000045_ETH,3.7217197e-07,0.0004343547449172,154.0,3.7451267421383643e-07
FL-2016-000117-ALB,FL_2016_000117_ALB,3.7318446e-07,2.008482980933804e-05,930.0,3.735835877647058e-07
FL-2015-000027-CHL,FL_2015_000027_CHL,3.5909977e-07,4.484481849910497e-06,1121.0,3.594186863143872e-07
FL-2007-000122-VNM,FL_2007_000122_VNM,3.5653102e-07,1.801521797300722e-06,1183.0,3.568311302861953e-07
FL-2013-000101-LAO,FL_2013_000101_LAO,3.49635e-07,7.831648354800838e-05,591.0,3.502216359060403e-07
FF-2018-000042-ETH,FF_2018_000042_ETH,3.4266208e-07,0.0004147880099666,165.0,3.446777392941176e-07
FL-1997-000025-MWI,FL_1997_000025_MWI,3.3608737e-07,0.0001456246753104,424.0,3.368707904428904e-07
FL-2001-000696-BRA,FL_2001_000696_BRA,3.32874e-07,0.0001026009093477,523.0,3.335044431818182e-07
FL-2016-000122-SRB,FL_2016_000122_SRB,3.315863e-07,1.6206491557959383e-05,970.0,3.3192638851282054e-07
FL-2015-000053-CAF,FL_2015_000053_CAF,3.3083774e-07,2.573968984092408e-05,884.0,3.312098859392576e-07
FL-2000-000375-CHL,FL_2000_000375_CHL,3.3032578e-07,0.0001757368948321,372.0,3.312019757029178e-07
FL-1997-000295-COD,FL_1997_000295_COD,3.2529124e-07,6.568925351424469e-05,651.0,3.257871107926829e-07
FL-2022-000305-GIN,FL_2022_000305_GIN,3.2441366e-07,2.019326783451971e-05,927.0,3.247617433261803e-07
FL-2006-000123-SDN,FL_2006_000123_SDN,3.1574308e-07,3.202646387257207e-05,855.0,3.1611022311627905e-07
FL-1997-000270-ETH,FL_1997_000270_ETH,3.1561373e-07,3.360631544598553e-05,842.0,3.1598635541912633e-07
FL-2008-000180-NIC,FL_2008_000180_NIC,3.1343492e-07,0.0002133995395933,316.0,3.1441135277258564e-07
FL-2008-000239-NIC,FL_2008_000239_NIC,3.1183035e-07,0.0001002975837895,528.0,3.1241539756097565e-07
FL-2008-000102-CIV,FL_2008_000102_CIV,3.0294743e-07,0.0010847054494424,46.0,3.0888757568627446e-07
FL-2005-000117-GTM,FL_2005_000117_GTM,2.9990954e-07,4.80693266566903e-05,743.0,3.0031048858288767e-07
FL-2001-000025-MWI,FL_2001_000025_MWI,2.976869e-07,0.0001416884584046,427.0,2.983759900462963e-07
FL-2002-000322-CHL,FL_2002_000322_CHL,2.9521303e-07,1.0353320109262684e-05,1031.0,2.9549798466216214e-07
FF-2006-000046-KEN,FF_2006_000046_KEN,2.9252297e-07,7.42243695515131e-05,610.0,2.929986171056911e-07
FL-2015-000145-SOM,FL_2015_000145_SOM,2.8726194e-07,0.0001122942247769,492.0,2.878399318309859e-07
FL-1998-000080-ARG,FL_1998_000080_ARG,2.776982e-07,7.960210342532985e-05,588.0,2.781664937605396e-07
FL-2021-000084-TCD,FL_2021_000084_TCD,2.7501667e-07,0.0002446216312104,275.0,2.7599887239285713e-07
FL-2002-000265-KEN,FL_2002_000265_KEN,2.7009074e-07,0.0005350924815929,120.0,2.7225146592e-07
FL-2013-000112-CAF,FL_2013_000112_CAF,2.6492373e-07,0.000673428283738,88.0,2.677723722580645e-07
FL-2017-000004-THA,FL_2017_000004_THA,2.650017e-07,0.0001038739829103,520.0,2.655064651428571e-07
FL-2008-000095-SUR,FL_2008_000095_SUR,2.6395801e-07,8.074897084042462e-05,580.0,2.644092202735043e-07
FL-2001-000485-KHM,FL_2001_000485_KHM,2.5357343e-07,1.9003875434997773e-05,945.0,2.5384034940000003e-07
FL-2006-000169-SOM,FL_2006_000169_SOM,2.4999557e-07,0.0002634154606446,257.0,2.509497515648855e-07
FL-2009-000144-NER,FL_2009_000144_NER,2.4265873e-07,7.429146957525091e-07,1201.0,2.4285993956053065e-07
FL-2007-000197-COD,FL_2007_000197_COD,2.3965066e-07,3.681754914032112e-05,811.0,2.3994434953431375e-07
FL-2021-000091-PHL,FL_2021_000091_PHL,2.3615188e-07,3.642819991367583e-05,817.0,2.364391693917275e-07
FL-2020-000172-MMR,FL_2020_000172_MMR,2.2718172e-07,8.522775539881808e-05,562.0,2.275823932275132e-07
FL-1998-000316-VNM,FL_1998_000316_VNM,2.2543865e-07,0.000296596046498,235.0,2.2637797770833335e-07
FL-2010-000152-THA,FL_2010_000152_THA,2.245229e-07,2.595156127160709e-06,1161.0,2.247154582332762e-07
FL-2020-000011-MOZ,FL_2020_000011_MOZ,2.0971463e-07,9.366250771429292e-05,540.0,2.1009942748623852e-07
FL-2016-000084-PHL,FL_2016_000084_PHL,2.0818902e-07,7.169284461525579e-05,620.0,2.0852212243200002e-07
FL-2019-000047-GEO,FL_2019_000047_GEO,2.0780399e-07,0.0001130545003097,490.0,2.0822379604040403e-07
FL-2010-000012-EGY,FL_2010_000012_EGY,1.9964963e-07,0.0014947906425914,27.0,2.058886809375e-07
FL-2020-000202-GIN,FL_2020_000202_GIN,1.9839743e-07,6.682223825939197e-05,650.0,1.9870032683969467e-07
FL-2008-000031-PER,FL_2008_000031_PER,1.94174e-07,0.0001955761450008,342.0,1.9473357925072047e-07
FL-1999-000253-PHL,FL_1999_000253_PHL,1.9399333e-07,0.0001355954349728,445.0,1.9442442628888885e-07
FL-2011-000067-PHL,FL_2011_000067_PHL,1.9002206e-07,0.0003136623556211,225.0,1.9084824286956524e-07
FF-2007-000070-CHN,FF_2007_000070_CHN,1.9020078e-07,1.5932312633510926e-05,976.0,1.9039466458715596e-07
FL-2006-000121-MKD,FL_2006_000121_MKD,1.8436928e-07,6.836151817330084e-05,641.0,1.8465468136222913e-07
FL-2003-000531-IDN,FL_2003_000531_IDN,1.8321305e-07,0.0004943667396413,132.0,1.8455037153284674e-07
FL-2022-000321-CAF,FL_2022_000321_CAF,1.8392295e-07,7.268687832986561e-05,616.0,1.8421912222222223e-07
FL-2012-000210-MWI,FL_2012_000210_MWI,1.7456036e-07,0.0006411695335881,102.0,1.7619176523364484e-07
ST-2012-000061-VNM,ST_2012_000061_VNM,1.6896331e-07,5.544564464276848e-05,702.0,1.6920229629420082e-07
FL-2001-000236-URY,FL_2001_000236_URY,1.6554874e-07,2.344029834576685e-05,905.0,1.657306616923077e-07
FL-2007-000077-CHN,FL_2007_000077_CHN,1.6265061e-07,0.0001074732601518,508.0,1.6296766771929825e-07
FL-2011-000059-CHN,FL_2011_000059_CHN,1.6150801e-07,0.0001276196085854,463.0,1.618531125854701e-07
FL-1991-000010-PHL,FL_1991_000010_PHL,1.6132243e-07,2.9900569439080374e-05,862.0,1.6150849970011532e-07
FL-2003-000359-PAK,FL_2003_000359_PAK,1.5781589e-07,0.0001830470392937,358.0,1.5825064451790634e-07
FL-2006-000009-GUY,FL_2006_000009_GUY,1.5551768e-07,0.0002098967946953,322.0,1.55993269235474e-07
FL-2015-000153-IRQ,FL_2015_000153_IRQ,1.5418395e-07,0.0003154398589661,221.0,1.5486617986725662e-07
FL-2008-000117-ROM,FL_2008_000117_ROM,1.4993607e-07,2.315403407217535e-07,1214.0,1.5005906923707956e-07
FL-1999-000651-CHN,FL_1999_000651_CHN,1.4970608e-07,4.2910823862303087e-05,775.0,1.4989801087179486e-07
FL-2014-000006-PHL,FL_2014_000006_PHL,1.4827266e-07,0.0001317250368546,452.0,1.4859710783369804e-07
FL-2000-000302-CHN,FL_2000_000302_CHN,1.4723294e-07,7.594085519472679e-06,1062.0,1.4737092776007499e-07
FL-2007-000176-CRI,FL_2007_000176_CRI,1.4711183e-07,4.999674186051819e-06,1112.0,1.4724353262309757e-07
FL-2014-000073-RUS,FL_2014_000073_RUS,1.4387138e-07,1.129207619853113e-05,1020.0,1.4401174232195124e-07
FL-2009-000140-MNG,FL_2009_000140_MNG,1.4101923e-07,0.0006735706349404,87.0,1.425520477173913e-07
FL-2009-000267-SRB,FL_2009_000267_SRB,1.4102837e-07,1.670289464707308e-05,965.0,1.4117376007216495e-07
FL-1997-000522-MDA,FL_1997_000522_MDA,1.3437514e-07,0.0019613223652869,17.0,1.404831009090909e-07
FL-1999-000547-VEN,FL_1999_000547_VEN,1.3691385e-07,4.0989828463026646e-05,784.0,1.370873783269962e-07
FL-2013-000095-PHL,FL_2013_000095_PHL,1.316197e-07,0.0003844528791094,184.0,1.3231610052910053e-07
FL-2019-000089-SLE,FL_2019_000089_SLE,1.2708018e-07,0.0015502191511412,25.0,1.31316186e-07
FL-2011-000198-PER,FL_2011_000198_PER,1.2920253e-07,0.0001008997586661,524.0,1.2944676918714557e-07
FF-2012-000079-GEO,FF_2012_000079_GEO,1.2590334e-07,7.849235410695747e-06,1058.0,1.260217815239887e-07
FL-2005-000196-LKA,FL_2005_000196_LKA,1.2480882e-07,7.91097487983832e-06,1055.0,1.2492656416981134e-07
FL-2008-000207-SDN,FL_2008_000207_SDN,1.2430516e-07,6.857522073607967e-05,639.0,1.244981804347826e-07
FL-2010-000072-RUS,FL_2010_000072_RUS,1.2062024e-07,1.3153544768170682e-05,1002.0,1.207400217676266e-07
FL-2009-000216-ITA,FL_2009_000216_ITA,1.1990252e-07,3.18810798550778e-05,856.0,1.2004177960511033e-07
FL-2004-000031-CHN,FL_2004_000031_CHN,1.1971977e-07,7.680218422437329e-06,1060.0,1.1983218292957746e-07
FL-2019-000100-MLI,FL_2019_000100_MLI,1.188301e-07,3.0523405766189785e-05,860.0,1.189674758381503e-07
FF-2013-000084-GEO,FF_2013_000084_GEO,1.1818135e-07,4.827575290223257e-05,741.0,1.1833977004021446e-07
FL-2006-000106-MRT,FL_2006_000106_MRT,1.17689936e-07,0.0001762515282979,368.0,1.1800545861662198e-07
LS-2015-000135-LKA,LS_2015_000135_LKA,1.1555556e-07,5.7006669434820975e-05,693.0,1.1572111237822351e-07
FL-2008-000246-GUY,FL_2008_000246_GUY,1.14572025e-07,0.0001681181549636,388.0,1.14863556870229e-07
FL-2013-000019-PER,FL_2013_000019_PER,1.1450786e-07,4.3665185629519815e-05,771.0,1.1465542167525773e-07
FL-2022-000332-BEN,FL_2022_000332_BEN,1.1311058e-07,7.56308787984518e-05,607.0,1.1329540120915032e-07
FL-2021-000096-PAN,FL_2021_000096_PAN,1.1121182e-07,7.89169062498337e-05,589.0,1.1139904528619529e-07
FL-2002-000808-MWI,FL_2002_000808_MWI,1.10024445e-07,0.0003337413568325,212.0,1.1053147009216592e-07
FL-2012-000066-COM,FL_2012_000066_COM,1.04336145e-07,0.0003276880328811,215.0,1.0481040020454547e-07
FL-2009-000178-GIN,FL_2009_000178_GIN,9.707312e-08,4.471537613746147e-06,1124.0,9.715910150575731e-08
FL-2021-000153-UGA,FL_2021_000153_UGA,9.6359685e-08,4.47858204956888e-06,1123.0,9.644511025265958e-08
FL-2001-000335-KOR,FL_2001_000335_KOR,9.070705e-08,0.0006938389588459,82.0,9.174965977011495e-08
FF-2008-000202-MAR,FF_2008_000202_MAR,8.9869964e-08,0.0001761363899916,370.0,9.010961723733333e-08
FF-2009-000229-SOM,FF_2009_000229_SOM,8.765222e-08,7.585052371139588e-05,603.0,8.779638483552633e-08
FF-2011-000071-GEO,FF_2011_000071_GEO,8.704192e-08,3.851432743479375e-05,800.0,8.715004660869565e-08
FL-2019-000120-PHL,FL_2019_000120_PHL,8.6550905e-08,0.0001690229686657,385.0,8.67728303974359e-08
FL-2017-000075-CHN,FL_2017_000075_CHN,8.4684714e-08,0.0001411289507556,429.0,8.487984006912442e-08
FL-2009-000034-MAR,FL_2009_000034_MAR,8.419552e-08,4.937586502074074e-05,737.0,8.430899105121295e-08
FL-2009-000177-GMB,FL_2009_000177_GMB,7.898577e-08,3.8433550346228105e-07,1213.0,7.905061874384237e-08
FL-2022-000275-UGA,FL_2022_000275_UGA,7.288881e-08,0.0025073778870423,7.0,7.89628775e-08
FL-2021-000057-LKA,FL_2021_000057_LKA,7.442171e-08,5.391696987398929e-05,714.0,7.452521724617524e-08
FL-2005-000064-ETH,FL_2005_000064_ETH,7.4278866e-08,0.000203196367817,332.0,7.44992780652819e-08
FL-2021-000007-SYR,FL_2021_000007_SYR,7.145604e-08,7.267328994789912e-06,1068.0,7.152263463187324e-08
FL-2009-000261-PER,FL_2009_000261_PER,7.03833e-08,0.0004598976981264,149.0,7.084033441558442e-08
FL-2018-000060-LKA,FL_2018_000060_LKA,7.073846e-08,5.336984557977422e-05,721.0,7.083589589531679e-08
FL-2006-000125-THA,FL_2006_000125_THA,7.045029e-08,6.233804684061968e-06,1083.0,7.051504210477942e-08
FL-2002-000732-IDN,FL_2002_000732_IDN,7.037843e-08,6.219826118200107e-05,665.0,7.048347243283582e-08
FL-2017-000078-NER,FL_2017_000078_NER,6.985399e-08,0.0003393179417937,209.0,7.01804105140187e-08
FL-2009-000217-IND,FL_2009_000217_IND,6.8463656e-08,0.0001266205566479,466.0,6.860901408067941e-08
FL-2015-000040-SOM,FL_2015_000040_SOM,6.776994e-08,0.0001678507972988,389.0,6.794194492385787e-08
FF-2013-000088-AFG,FF_2013_000088_AFG,6.6925125e-08,0.0002508196251818,267.0,6.717117325367647e-08
FL-2004-000052-JPN,FL_2004_000052_JPN,6.631956e-08,8.120664891962468e-05,578.0,6.643331567753002e-08
FL-2009-000203-USA,FL_2009_000203_USA,6.3350946e-08,2.256697661625484e-05,912.0,6.342003100109052e-08
FL-2020-000213-LAO,FL_2020_000213_LAO,6.230768e-08,3.936948249836468e-05,795.0,6.238556459999999e-08
FL-1999-000437-KHM,FL_1999_000437_KHM,5.9177676e-08,0.000124990932589,469.0,5.930252341772152e-08
FL-2005-000065-GEO,FL_2005_000065_GEO,5.8281522e-08,2.4732041980797385e-06,1166.0,5.8331292727583264e-08
FF-2007-000185-TUN,FF_2007_000185_TUN,5.8156974e-08,0.0001746303271909,377.0,5.830921738743456e-08
FL-2007-000220-SRB,FL_2007_000220_SRB,5.8252915e-08,5.116370035516196e-06,1108.0,5.830525364779874e-08
FL-2009-000165-CHL,FL_2009_000165_CHL,5.7281333e-08,9.799997573702204e-06,1036.0,5.733635829586935e-08
FL-2010-000174-KEN,FL_2010_000174_KEN,5.6052237e-08,0.0004212873931741,162.0,5.6387879137724546e-08
FL-2021-000097-BGD,FL_2021_000097_BGD,5.612917e-08,9.77511476661603e-07,1195.0,5.617594430833333e-08
FL-2008-000158-PAN,FL_2008_000158_PAN,5.4403564e-08,0.0001780109653166,366.0,5.4550204334231804e-08
FL-2013-000024-MKD,FL_2013_000024_MKD,5.4222262e-08,6.534468320234942e-06,1078.0,5.427232872391505e-08
FF-2019-000029-IDN,FF_2019_000029_IDN,5.3675265e-08,0.0005035065041407,129.0,5.407582667910447e-08
FL-1993-000013-PHL,FL_1993_000013_PHL,5.3460337e-08,0.0001179773468767,483.0,5.356988687090164e-08
FL-2010-000225-PAN,FL_2010_000225_PAN,5.3270064e-08,6.286033741584776e-06,1082.0,5.331907049862006e-08
FL-2014-000079-PHL,FL_2014_000079_PHL,5.1360754e-08,4.7177528702148175e-05,751.0,5.142869150529101e-08
FL-2012-000106-BGD,FL_2012_000106_BGD,5.0656553e-08,0.0003630906317941,197.0,5.0907328014851484e-08
FL-2018-000165-CRI,FL_2018_000165_CRI,4.9446932e-08,0.0002493796578306,269.0,4.962739525547445e-08
FL-2015-000081-PHL,FL_2015_000081_PHL,4.885153e-08,2.905096437867246e-05,865.0,4.890768118390805e-08
FL-2010-000031-PRT,FL_2010_000031_PRT,4.865714e-08,2.270044789445104e-05,911.0,4.871025914847162e-08
FL-2007-000003-PHL,FL_2007_000003_PHL,4.832216e-08,8.296046535392958e-05,571.0,4.840605263888889e-08
FF-2020-000156-UKR,FF_2020_000156_UKR,4.3432255e-08,3.267208003697352e-06,1139.0,4.347022025786713e-08
FL-2020-000210-VNM,FL_2020_000210_VNM,4.3074134e-08,1.6248534337174148e-05,969.0,4.3118357956878854e-08
FL-2009-000129-CAF,FL_2009_000129_CAF,4.2137415e-08,4.540952563311879e-05,764.0,4.2192210078023407e-08
FL-2022-000261-GEO,FL_2022_000261_GEO,4.074894e-08,7.61078096484803e-05,600.0,4.0816293619834706e-08
FL-2009-000075-BDI,FL_2009_000075_BDI,4.046962e-08,4.585451442097497e-05,760.0,4.052252146405229e-08
FL-2020-000237-LKA,FL_2020_000237_LKA,3.9461078e-08,0.0005304554450962,123.0,3.9769367671874996e-08
FL-2009-000265-MAR,FL_2009_000265_MAR,3.8439683e-08,1.979652889688643e-05,935.0,3.8480576279787234e-08
FL-1999-000371-IND,FL_1999_000371_IND,3.7809087e-08,5.945265278155065e-05,676.0,3.786460695154185e-08
FL-2009-000190-TUR,FL_2009_000190_TUR,3.7728476e-08,5.442466614443676e-05,709.0,3.7781317002801116e-08
FL-2012-000043-KGZ,FL_2012_000043_KGZ,3.737711e-08,5.103302448809258e-05,729.0,3.742803249318801e-08
FL-2017-000014-PER,FL_2017_000014_PER,3.6141603e-08,1.8057862498433676e-05,952.0,3.6179368520376174e-08
FL-2002-000020-IRN,FL_2002_000020_IRN,3.5065813e-08,0.0011282074540179,42.0,3.5811894127659574e-08
FL-2010-000051-KAZ,FL_2010_000051_KAZ,3.546164e-08,4.425382707818283e-05,770.0,3.550739695483871e-08
FL-2006-000086-CHL,FL_2006_000086_CHL,3.4544314e-08,0.0001273769278256,464.0,3.4617969253731346e-08
FL-2006-000050-ARG,FL_2006_000050_ARG,3.4451908e-08,5.3353357577921424e-05,722.0,3.449929714442916e-08
FL-2010-000021-AFG,FL_2010_000021_AFG,3.401566e-08,0.0007581631052494,69.0,3.447533108108109e-08
FL-1999-000244-VNM,FL_1999_000244_VNM,3.2714873e-08,0.0001236054586519,472.0,3.2783457639412996e-08
FL-2019-000009-ARG,FL_2019_000009_ARG,3.216989e-08,7.849322509739787e-05,590.0,3.2223957042016805e-08
FL-2003-000350-MNG,FL_2003_000350_MNG,3.1627245e-08,0.0001108153864612,500.0,3.168987320792079e-08
FL-2020-000212-KHM,FL_2020_000212_KHM,3.0302502e-08,1.7754911689838633e-05,953.0,3.033413300417536e-08
FL-2006-000189-MYS,FL_2006_000189_MYS,3.008538e-08,0.0003473313574993,205.0,3.022864371428572e-08
FL-2012-000153-IDN,FL_2012_000153_IDN,2.9678105e-08,0.0008192265622074,62.0,3.0121061791044776e-08
FF-2013-000091-SDN,FF_2013_000091_SDN,2.9424468e-08,5.609528645524599e-05,696.0,2.9466442990014262e-08
FL-2009-000206-HTI,FL_2009_000206_HTI,2.9023912e-08,0.0003825773754267,185.0,2.9176669431578948e-08
FL-2020-000175-GEO,FL_2020_000175_GEO,2.7999183e-08,1.671380647649532e-05,964.0,2.8028077925696592e-08
FL-2012-000050-AFG,FL_2012_000050_AFG,2.6867948e-08,4.0986830552965775e-05,785.0,2.6901958060759495e-08
FL-1999-000350-CRI,FL_1999_000350_CRI,2.6629523e-08,4.919243309567431e-05,738.0,2.6665363542395692e-08
FL-2007-000127-MRT,FL_2007_000127_MRT,2.6060045e-08,0.0006689188849492,92.0,2.6328705257731958e-08
FL-2005-000209-THA,FL_2005_000209_THA,2.6180437e-08,2.532812432592614e-06,1163.0,2.620285175770548e-08
FL-2019-000103-LAO,FL_2019_000103_LAO,2.5964535e-08,1.5693157916397996e-05,977.0,2.599097546334012e-08
FF-2016-000034-YEM,FF_2016_000034_YEM,2.535669e-08,0.0006690025737441,91.0,2.5620822187500002e-08
FL-2016-000137-ARG,FL_2016_000137_ARG,2.5350253e-08,0.0001048096056239,518.0,2.5398723847036328e-08
FL-2019-000135-GHA,FL_2019_000135_GHA,2.4874389e-08,7.026418682933297e-05,629.0,2.4913623052050472e-08
ST-2011-000073-CAF,ST_2011_000073_CAF,2.4875739e-08,5.861144337088934e-05,684.0,2.491184312046444e-08
FL-2015-000105-GIN,FL_2015_000105_GIN,2.4176945e-08,3.0431259372357937e-06,1147.0,2.419793193142361e-08
FL-2021-000095-MMR,FL_2021_000095_MMR,2.2434971e-08,1.190308932771197e-05,1012.0,2.2457030951819076e-08
FL-2001-000117-PER,FL_2001_000117_PER,2.169201e-08,4.3467167793148525e-05,772.0,2.1719927644787643e-08
FL-2007-000052-LKA,FL_2007_000052_LKA,2.077939e-08,0.0010843286091291,47.0,2.117899365384615e-08
FL-2002-000536-MMR,FL_2002_000536_MMR,2.1079986e-08,3.303875193755687e-05,848.0,2.110469876201641e-08
FF-2020-000123-YEM,FF_2020_000123_YEM,1.9489656e-08,0.0016808227706242,23.0,2.0185715142857144e-08
FL-2018-000120-NGA,FL_2018_000120_NGA,1.9150159e-08,0.0003512888016376,203.0,1.9242227072115383e-08
FL-2001-000549-GIN,FL_2001_000549_GIN,1.8677524e-08,3.247612876278502e-05,853.0,1.8699292675990676e-08
FL-2002-000470-VNM,FL_2002_000470_VNM,1.8641572e-08,6.089277410749218e-05,670.0,1.8669189143703703e-08
FL-2019-000171-LKA,FL_2019_000171_LKA,1.7225254e-08,0.0020259845300976,15.0,1.8086516699999998e-08
FL-2013-000141-SOM,FL_2013_000141_SOM,1.7285847e-08,1.808730920018388e-05,950.0,1.7303947363350787e-08
FL-2021-000152-GEO,FL_2021_000152_GEO,1.7200295e-08,5.880182326772322e-05,683.0,1.7225295428779068e-08
FF-2006-000039-YEM,FF_2006_000039_YEM,1.7100282e-08,0.0002680511720969,252.0,1.7166820062256812e-08
FL-2022-000217-BGD,FL_2022_000217_BGD,1.701678e-08,7.375645978418095e-06,1066.0,1.7032668683473388e-08
FL-1998-000053-ZMB,FL_1998_000053_ZMB,1.6721009e-08,0.0001992222429316,336.0,1.6770044217008797e-08
FL-2007-000093-SDN,FL_2007_000093_SDN,1.6667496e-08,0.0001642686326818,394.0,1.670926917293233e-08
FL-2007-000023-IDN,FL_2007_000023_IDN,1.6426569e-08,0.0003857040254846,182.0,1.6514411614973263e-08
FL-2019-000156-DJI,FL_2019_000156_DJI,1.6356399e-08,0.0002547309199042,263.0,1.641743033955224e-08
FL-2013-000085-NIC,FL_2013_000085_NIC,1.6304094e-08,6.564299037528189e-05,653.0,1.6328872258358663e-08
FL-2005-000182-IND,FL_2005_000182_IND,1.630267e-08,4.029652597123787e-05,790.0,1.6323176503144654e-08
FL-2007-000138-UGA,FL_2007_000138_UGA,1.619976e-08,0.000239805369968,282.0,1.6256205156794424e-08
FL-1999-000413-CAF,FL_1999_000413_CAF,1.5956383e-08,0.000176187862544,369.0,1.599904712566845e-08
FL-2011-000183-TZA,FL_2011_000183_TZA,1.5506753e-08,1.3585972294889649e-05,998.0,1.5522213371884346e-08
FL-2015-000110-ARG,FL_2015_000110_ARG,1.5186304e-08,0.00010072854733,526.0,1.5214903442561205e-08
FL-2017-000083-GIN,FL_2017_000083_GIN,1.5163442e-08,2.605593230966934e-05,882.0,1.5180537199549044e-08
FL-2006-000071-ROM,FL_2006_000071_ROM,1.4804687e-08,0.0001726826082886,379.0,1.4843240872395835e-08
FL-2019-000160-COG,FL_2019_000160_COG,1.4480678e-08,6.381937077725193e-05,657.0,1.4502552135951664e-08
FL-2013-000013-BWA,FL_2013_000013_BWA,1.4256372e-08,0.0001053960627062,516.0,1.4283735477927063e-08
FL-2011-000131-GIN,FL_2011_000131_GIN,1.4270761e-08,5.081426807324883e-06,1110.0,1.428355988878924e-08
FL-2002-000054-IDN,FL_2002_000054_IDN,1.38517775e-08,0.0012383902338057,37.0,1.4181581726190475e-08
FL-2005-000153-THA,FL_2005_000153_THA,1.3758643e-08,3.907790056445264e-06,1131.0,1.3770754481514082e-08
FF-2012-000115-RUS,FF_2012_000115_RUS,1.2903793e-08,0.0002400658522443,281.0,1.2948911157342657e-08
FL-2016-000085-MLI,FL_2016_000085_MLI,1.2845432e-08,0.0001324189261674,450.0,1.2873663718681319e-08
FL-2007-000181-HTI,FL_2007_000181_HTI,1.2443288e-08,5.8391908999798735e-05,685.0,1.2461321750724637e-08
FL-2022-000292-LAO,FL_2022_000292_LAO,1.2191701e-08,7.58504329369355e-05,604.0,1.2211720213464698e-08
FL-1999-000531-COD,FL_1999_000531_COD,1.2082309e-08,0.0001507575842493,414.0,1.211114505966587e-08
FL-2010-000036-CYP,FL_2010_000036_CYP,1.2009421e-08,5.865454039573081e-06,1093.0,1.2020358541894353e-08
FL-2012-000140-MMR,FL_2012_000140_MMR,1.18443415e-08,9.728068203960398e-07,1196.0,1.1854203566194838e-08
FL-2004-000022-AFG,FL_2004_000022_AFG,1.1836885e-08,3.55780323538734e-05,827.0,1.1851112025240385e-08
FL-2012-000175-GMB,FL_2012_000175_GMB,1.1668014e-08,6.188216847359284e-06,1086.0,1.1678708788267645e-08
FL-2008-000011-TZA,FL_2008_000011_TZA,1.1655556e-08,1.2562918068018544e-05,1007.0,1.1667073347826087e-08
FF-2014-000059-SRB,FF_2014_000059_SRB,1.1531517e-08,0.0005986141617094,109.0,1.1632670657894737e-08
FL-2021-000147-THA,FL_2021_000147_THA,1.1422492e-08,5.927261434364677e-06,1091.0,1.1432913981751825e-08
FL-2009-000192-MEX,FL_2009_000192_MEX,1.1374363e-08,0.0001385467892731,437.0,1.1400096852941176e-08
FL-2011-000038-KAZ,FL_2011_000038_KAZ,1.1326106e-08,5.46223354836953e-05,706.0,1.134203582559775e-08
FL-2017-000110-MLI,FL_2017_000110_MLI,1.0936679e-08,0.0007593405327864,68.0,1.1086496520547944e-08
FF-2012-000102-PHL,FF_2012_000102_PHL,1.09609735e-08,0.0002926149099169,236.0,1.1006454717842323e-08
ST-2015-000041-PRY,ST_2015_000041_PRY,1.0864667e-08,0.0007293869641724,75.0,1.10004753375e-08
FL-1997-000166-ROM,FL_1997_000166_ROM,1.0501273e-08,6.981298821651177e-05,630.0,1.0517810437795276e-08
FL-1999-000363-NIC,FL_1999_000363_NIC,1.03860796e-08,0.0001752477298624,374.0,1.0413483503957784e-08
FL-2015-000006-MWI,FL_2015_000006_MWI,9.963248e-09,6.225347336921442e-05,663.0,9.978163041916167e-09
FL-2009-000248-URY,FL_2009_000248_URY,9.633401e-09,3.983532188207691e-05,793.0,9.645472931077693e-09
FL-2006-000031-PER,FL_2006_000031_PER,9.037475e-09,2.569214090265399e-05,885.0,9.047629466292134e-09
FL-1998-000165-CHN,FL_1998_000165_CHN,8.978077e-09,3.5777229462351856e-05,826.0,8.988880943441639e-09
FL-2019-000136-SLV,FL_2019_000136_SLV,8.886643e-09,2.6785733929619458e-06,1158.0,8.894284137575237e-09
FL-2009-000101-PAN,FL_2009_000101_PAN,8.840393e-09,2.144100120003225e-06,1173.0,8.84789757809847e-09
FF-2012-000120-GEO,FF_2012_000120_GEO,8.794853e-09,1.6735797238035105e-05,963.0,8.803938591942148e-09
FF-2009-000160-LKA,FF_2009_000160_LKA,8.773158e-09,3.247267964038717e-06,1140.0,8.78082014672489e-09
FL-2005-000166-CRI,FL_2005_000166_CRI,8.745569e-09,5.1011598592602125e-05,730.0,8.757467733333333e-09
FL-2004-000094-CHN,FL_2004_000094_CHN,8.70693e-09,9.518943686155574e-06,1038.0,8.715277967401727e-09
LS-2010-000040-UGA,LS_2010_000040_UGA,8.639139e-09,0.0004956461446982,130.0,8.703132622222222e-09
FF-2016-000093-LAO,FF_2016_000093_LAO,8.59751e-09,0.0001084972215331,504.0,8.61440098231827e-09
FL-2012-000003-BRA,FL_2012_000003_BRA,8.5189225e-09,6.559856434510345e-05,654.0,8.531849544764795e-09
FL-2010-000245-MAR,FL_2010_000245_MAR,8.177504e-09,0.0001447850483135,426.0,8.196477327146171e-09
FL-1999-000161-LKA,FL_1999_000161_LKA,8.075408e-09,7.620233813043141e-07,1200.0,8.08210958340249e-09
FL-1997-000049-TZA,FL_1997_000049_TZA,7.777697e-09,0.0002200486854273,311.0,7.802309965189873e-09
FL-2016-000044-CHN,FL_2016_000044_CHN,7.593487e-09,0.0006310317840875,105.0,7.6625187e-09
FL-2001-000019-MOZ,FL_2001_000019_MOZ,7.615174e-09,3.289366949901672e-05,850.0,7.62408063625731e-09
FL-2006-000047-COD,FL_2006_000047_COD,7.534624e-09,9.253199174333977e-05,544.0,7.548348269581056e-09
FL-2022-000207-VEN,FL_2022_000207_VEN,7.485082e-09,0.000135789195054,443.0,7.501789772321429e-09
FL-2018-000092-MNG,FL_2018_000092_MNG,7.4304705e-09,0.0006493754542213,100.0,7.501236885714285e-09
FL-2006-000131-BGD,FL_2006_000131_BGD,7.324311e-09,5.844165855509182e-06,1094.0,7.330975523202912e-09
FL-1999-000213-IND,FL_1999_000213_IND,7.1342807e-09,4.3321167162027805e-05,773.0,7.143450726606683e-09
FF-2008-000063-PHL,FF_2008_000063_PHL,7.047121e-09,0.0004890795441564,133.0,7.0981870942028984e-09
FL-2018-000054-BDI,FL_2018_000054_BDI,6.8426855e-09,0.0001148429314181,488.0,6.856565186612577e-09
FL-2020-000029-TZA,FL_2020_000029_TZA,6.6895707e-09,0.0003259718013867,217.0,6.719703901351352e-09
FL-2010-000041-SOM,FL_2010_000041_SOM,6.6746724e-09,0.0002856536427894,239.0,6.702027614754098e-09
FF-2019-000068-VNM,FF_2019_000068_VNM,6.601295e-09,0.0001921399141599,348.0,6.619995552407931e-09
FL-2004-000036-MKD,FL_2004_000036_MKD,6.0702923e-09,1.2418717669635585e-05,1008.0,6.076284691214215e-09
FL-2005-000038-MDG,FL_2005_000038_MDG,5.965573e-09,2.506320067724456e-05,893.0,5.972216177060133e-09
FL-2015-000171-PRY,FL_2015_000171_PRY,5.9135665e-09,4.857143743305715e-05,740.0,5.921504173154362e-09
FF-2006-000022-TLS,FF_2006_000022_TLS,5.8879643e-09,0.0002257678213923,307.0,5.906835980448718e-09
FL-2002-000522-KHM,FL_2002_000522_KHM,5.8992224e-09,4.277820210707925e-05,777.0,5.9067661626598465e-09
FL-2021-000126-MYS,FL_2021_000126_MYS,5.831626e-09,0.0004867814516478,135.0,5.873280471428571e-09
FL-2002-000607-ALB,FL_2002_000607_ALB,5.847886e-09,4.62061571533713e-06,1118.0,5.853093378450578e-09
FF-2009-000107-THA,FF_2009_000107_THA,5.5390266e-09,1.9933694624364264e-05,933.0,5.544931745628999e-09
FL-2009-000121-CZE,FL_2009_000121_CZE,5.4903637e-09,9.18525836393194e-05,545.0,5.500346179454545e-09
FL-2003-000455-NGA,FL_2003_000455_NGA,5.486141e-09,7.886918590972283e-06,1057.0,5.491306857815442e-09
FL-2007-000111-GBR,FL_2007_000111_GBR,5.4855427e-09,7.091624484762077e-08,1215.0,5.49003904647541e-09
FL-2018-000112-GEO,FL_2018_000112_GEO,5.0563624e-09,5.759071622822344e-06,1097.0,5.060950750635208e-09
FL-2009-000251-SAU,FL_2009_000251_SAU,5.0286193e-09,9.091054232360683e-05,549.0,5.037696230144405e-09
FF-2020-000221-SOM,FF_2020_000221_SOM,4.9648134e-09,3.788247170815719e-05,807.0,4.970927702216749e-09
FL-2007-000125-PHL,FL_2007_000125_PHL,4.936257e-09,0.0004607695110641,147.0,4.968732375e-09
FL-2010-000091-VNM,FL_2010_000091_VNM,4.821784e-09,0.0007529790674099,70.0,4.886074453333334e-09
FL-2006-000191-LKA,FL_2006_000191_LKA,4.876085e-09,5.057776388876737e-06,1111.0,4.880454251792115e-09
FF-2020-000006-IRN,FF_2020_000006_IRN,4.8219158e-09,0.0002030677614902,333.0,4.8361818230769224e-09
FL-2021-000019-PER,FL_2021_000019_PER,4.7860262e-09,2.3347269621361697e-05,906.0,4.7912797962678375e-09
FL-2008-000069-CHL,FL_2008_000069_CHL,4.7129682e-09,3.342584198759704e-05,844.0,4.7185193992932864e-09
FL-2020-000125-TZA,FL_2020_000125_TZA,4.5132347e-09,1.7239014814257726e-05,958.0,4.5179213403946e-09
FL-1998-000219-KOR,FL_1998_000219_KOR,4.396388e-09,0.0012462600153017,36.0,4.503616975609756e-09
FL-2011-000084-IND,FL_2011_000084_IND,4.4303996e-09,0.0002103495653777,320.0,4.44403159876923e-09
FL-2019-000030-IRQ,FL_2019_000030_IRQ,4.2772372e-09,0.0002568402014891,261.0,4.293317039097745e-09
FF-2010-000094-HUN,FF_2010_000094_HUN,4.1518304e-09,0.0001682109601805,387.0,4.162421804081633e-09
FL-2011-000021-MYS,FL_2011_000021_MYS,4.142489e-09,8.830478848513623e-05,553.0,4.149912815412187e-09
FL-2012-000192-COD,FL_2012_000192_COD,3.9842623e-09,8.599567466714484e-05,558.0,3.991339142451154e-09
FL-2009-000139-PAK,FL_2009_000139_PAK,3.949906e-09,0.0005288082694035,124.0,3.9805254263565885e-09
FL-2009-000095-TJK,FL_2009_000095_TJK,3.9181205e-09,5.337203475887614e-05,720.0,3.923524804137931e-09
FL-2009-000120-BWA,FL_2009_000120_BWA,3.773673e-09,8.810270613981823e-05,554.0,3.7804237567084075e-09
FL-1998-000213-KGZ,FL_1998_000213_KGZ,3.5526038e-09,0.0004874176258952,134.0,3.578162100719424e-09
FL-2018-000029-RWA,FL_2018_000029_RWA,3.5443641e-09,5.1647536641952666e-05,727.0,3.5492061274590165e-09
FL-2012-000141-NER,FL_2012_000141_NER,3.381067e-09,7.980831533801672e-05,585.0,3.3867976220338987e-09
FF-2008-000227-ETH,FF_2008_000227_ETH,3.3474437e-09,0.0006943257851334,81.0,3.3863674639534887e-09
FL-2000-000408-VNM,FL_2000_000408_VNM,3.2827e-09,3.619977883377453e-05,821.0,3.28667421307506e-09
FL-2017-000134-CAF,FL_2017_000134_CAF,3.15747e-09,0.0001508801961801,412.0,3.165041870503597e-09
FF-2020-000140-IDN,FF_2020_000140_IDN,3.1053615e-09,0.0003065441328479,229.0,3.1186322756410256e-09
FL-2013-000011-ZWE,FL_2013_000011_ZWE,3.0686778e-09,9.748616192241644e-05,534.0,3.074371079777365e-09
FF-2008-000194-VNM,FF_2008_000194_VNM,2.9514589e-09,5.569498835977964e-05,698.0,2.9556572768136556e-09
FL-2015-000106-BFA,FL_2015_000106_BFA,2.9063252e-09,2.877695086579136e-05,866.0,2.909661968312285e-09
FL-2008-000187-BDI,FL_2008_000187_BDI,2.8950746e-09,0.0003406352592261,208.0,2.9086664995305164e-09
FL-2021-000127-NER,FL_2021_000127_NER,2.8313096e-09,0.0001179024524323,484.0,2.8370995991820043e-09
FL-2007-000228-LKA,FL_2007_000228_LKA,2.7028688e-09,0.0003009201866896,232.0,2.714273309704641e-09
FL-2007-000129-PAK,FL_2007_000129_PAK,2.6538998e-09,1.4180708173446958e-05,992.0,2.656561685456369e-09
FL-1998-000203-BGD,FL_1998_000203_BGD,2.6334384e-09,3.228142886562492e-06,1141.0,2.635736339267016e-09
ST-2012-000077-CHN,ST_2012_000077_CHN,2.6051152e-09,0.000314035950132,224.0,2.6164912489082965e-09
FL-2014-000162-LKA,FL_2014_000162_LKA,2.5295595e-09,3.529287314019253e-05,830.0,2.5325889125748504e-09
FL-1995-000012-PHL,FL_1995_000012_PHL,2.460788e-09,0.000258622735392,259.0,2.470109166666667e-09
FL-2022-000336-VNM,FL_2022_000336_VNM,2.4544085e-09,1.88212368017089e-05,948.0,2.4569839548793283e-09
FF-2008-000123-PAK,FF_2008_000123_PAK,2.4202282e-09,0.0001731624704398,378.0,2.4265473336814616e-09
FL-2011-000037-BDI,FL_2011_000037_BDI,2.3365336e-09,0.0006448917520104,101.0,2.358576369811321e-09
FL-2020-000052-COD,FL_2020_000052_COD,2.2122997e-09,0.000729632482573,74.0,2.240303493670886e-09
FF-2007-000008-LKA,FF_2007_000008_LKA,2.1797966e-09,0.0001238815372009,471.0,2.1843760046218487e-09
FL-2007-000131-SEN,FL_2007_000131_SEN,2.0254003e-09,0.0001112435644426,499.0,2.029418951388889e-09
FL-2016-000025-SRB,FL_2016_000025_SRB,1.989595e-09,4.2046166956001314e-05,781.0,1.9921262913486006e-09
FL-2015-000131-SLE,FL_2015_000131_SLE,1.970763e-09,0.0005486255206652,119.0,1.98665625e-09
FL-2015-000092-BRA,FL_2015_000092_BRA,1.8736852e-09,0.000199306418927,335.0,1.8791960388235296e-09
FL-2002-000402-BGD,FL_2002_000402_BGD,1.833419e-09,4.344707358802335e-06,1125.0,1.8350414946902654e-09
FL-2006-000018-IRQ,FL_2006_000018_IRQ,1.7393668e-09,0.0003379923780381,210.0,1.747456878139535e-09
FL-2011-000002-BRA,FL_2011_000002_BRA,1.6831229e-09,0.0010897825652253,45.0,1.716785358e-09
FL-2006-000192-IDN,FL_2006_000192_IDN,1.698453e-09,0.0002786240518279,245.0,1.705246812e-09
FL-2022-000376-COD,FL_2022_000376_COD,1.6702203e-09,0.0001511424566975,411.0,1.6742352526442308e-09
FL-2011-000161-SOM,FL_2011_000161_SOM,1.6580435e-09,0.0001068201144979,512.0,1.6612505473887815e-09
FL-2006-000115-HTI,FL_2006_000115_HTI,1.6024805e-09,0.0003555044365067,202.0,1.6102219516908213e-09
FL-2003-000389-BFA,FL_2003_000389_BFA,1.4635226e-09,3.218774198223904e-06,1143.0,1.4647974454703831e-09
FL-2008-000198-BLZ,FL_2008_000198_BLZ,1.4360686e-09,2.40281754623913e-09,1219.0,1.4372418586601307e-09
FL-2021-000108-SSD,FL_2021_000108_SSD,1.3815049e-09,0.0008769900393057,57.0,1.4037872370967742e-09
FL-2010-000120-BRA,FL_2010_000120_BRA,1.3900016e-09,7.290920113587105e-05,614.0,1.3922471599353798e-09
FL-2008-000155-CHL,FL_2008_000155_CHL,1.3598243e-09,4.027928097971786e-05,791.0,1.3615326219849248e-09
FL-2017-000057-LKA,FL_2017_000057_LKA,1.3439913e-09,4.2134062545264e-05,780.0,1.3457033908280256e-09
FL-2008-000170-DOM,FL_2008_000170_DOM,1.3374422e-09,9.128720782820227e-05,547.0,1.3398651025362316e-09
FL-2006-000158-PRK,FL_2006_000158_PRK,1.3014223e-09,0.0001565027142424,404.0,1.304604261613692e-09
FL-2018-000105-BGD,FL_2018_000105_BGD,1.2676777e-09,2.484505015995352e-06,1165.0,1.2687611852136753e-09
FL-2002-000614-LAO,FL_2002_000614_LAO,1.2627631e-09,2.415463508671246e-05,900.0,1.2641584183425415e-09
FL-2021-000001-MYS,FL_2021_000001_MYS,1.215864e-09,0.0001847102229478,356.0,1.2192320443213296e-09
FL-2016-000114-EGY,FL_2016_000114_EGY,1.1876056e-09,0.0001073805842258,509.0,1.1899161167315175e-09
FL-2021-000068-SUR,FL_2021_000068_SUR,1.1153549e-09,5.786565307369435e-06,1096.0,1.1163679380563124e-09
FL-2018-000124-MMR,FL_2018_000124_MMR,1.1144362e-09,3.2174849746233112e-06,1144.0,1.1154061183637946e-09
FL-1997-000265-SOM,FL_1997_000265_SOM,1.1020765e-09,9.117612785789258e-06,1045.0,1.1031260966666667e-09
FL-2011-000137-VNM,FL_2011_000137_VNM,1.0327282e-09,2.082751111937092e-05,925.0,1.0338386604301075e-09
FL-2022-000254-PAK,FL_2022_000254_PAK,1.0035854e-09,9.688533848089612e-05,537.0,1.0054370335793358e-09
FL-2007-000189-NIC,FL_2007_000189_NIC,1.0005677e-09,7.239230537504871e-05,618.0,1.0021737476725524e-09
FL-1990-000004-VNM,FL_1990_000004_VNM,9.935931e-10,3.7264866285590913e-06,1132.0,9.944669725593666e-10
FL-2016-000042-KEN,FL_2016_000042_KEN,9.861785e-10,0.0001342863646422,448.0,9.883554944812361e-10
FL-1997-000530-PER,FL_1997_000530_PER,9.675175e-10,3.6395421340235074e-05,818.0,9.686930984204133e-10
FL-2017-000043-HTI,FL_2017_000043_HTI,9.613165e-10,4.502884039390922e-05,765.0,9.62564962987013e-10
FF-2013-000029-SRB,FF_2013_000029_SRB,9.438424e-10,2.797451033483615e-05,869.0,9.449223112128147e-10
FL-2009-000266-ALB,FL_2009_000266_ALB,9.2702773e-10,1.0125510765912492e-05,1033.0,9.279208202986512e-10
FL-2014-000054-TJK,FL_2014_000054_TJK,9.172364e-10,2.1248587638126108e-05,923.0,9.182248012931035e-10
FL-2014-000019-BDI,FL_2014_000019_BDI,8.4298524e-10,0.0018431109726194,19.0,8.781096250000001e-10
FL-2010-000114-BGD,FL_2010_000114_BGD,8.7254093e-10,3.318985785775899e-05,847.0,8.735650390727699e-10
FL-2006-000091-PRK,FL_2006_000091_PRK,8.3376167e-10,0.0003741586230648,191.0,8.380155560714286e-10
FL-2006-000025-PNG,FL_2006_000025_PNG,8.233595e-10,9.38322173195432e-05,539.0,8.248730284926471e-10
FL-2003-000331-CHN,FL_2003_000331_CHN,8.2065016e-10,1.1420829125611498e-05,1017.0,8.214531445009785e-10
FL-2012-000126-PAN,FL_2012_000126_PAN,8.114425e-10,0.000234871304368,294.0,8.141563545150502e-10
FL-2011-000123-RUS,FL_2011_000123_RUS,7.6298334e-10,0.0001970605511783,340.0,7.651948859130435e-10
FL-2010-000136-YEM,FL_2010_000136_YEM,7.4434503e-10,4.65009578614079e-05,756.0,7.453231443626806e-10
FL-2019-000153-COD,FL_2019_000153_COD,7.033467e-10,1.887726617614869e-05,947.0,7.040855095588236e-10
FL-2002-000367-SRB,FL_2002_000367_SRB,6.578713e-10,1.0581027143490464e-05,1029.0,6.585075391682785e-10
FL-2005-000100-KGZ,FL_2005_000100_KGZ,6.5620565e-10,7.30183814449947e-06,1067.0,6.568177821361941e-10
FL-2020-000161-BGD,FL_2020_000161_BGD,6.5585953e-10,9.75371769296e-06,1037.0,6.564889537332053e-10
FL-2008-000185-SOM,FL_2008_000185_SOM,6.4661626e-10,5.545708994613317e-05,701.0,6.475321470538244e-10
FL-2016-000046-SOM,FL_2016_000046_SOM,6.1281247e-10,5.940750260383136e-05,677.0,6.137110220087977e-10
FL-2015-000011-PER,FL_2015_000011_PER,5.9523025e-10,0.0001391769418395,436.0,5.965799784580499e-10
FL-2005-000157-MDA,FL_2005_000157_MDA,5.75142e-10,0.0009065148876304,55.0,5.847276999999999e-10
FL-2015-000024-ARG,FL_2015_000024_ARG,5.379174e-10,3.580638002462273e-05,824.0,5.385662750301569e-10
FL-1999-000233-SVK,FL_1999_000233_SVK,5.378913e-10,3.012522510402541e-06,1148.0,5.383578145706852e-10
FL-2004-000120-CRI,FL_2004_000120_CRI,5.3412247e-10,9.33697352837018e-05,541.0,5.351007162820512e-10
FL-2016-000071-LBR,FL_2016_000071_LBR,5.143639e-10,0.0001299574530309,459.0,5.15472442887931e-10
FL-2007-000022-ARG,FL_2007_000022_ARG,5.066208e-10,5.08156440963892e-05,732.0,5.073082094979648e-10
FL-2022-000331-SLV,FL_2022_000331_SLV,5.039646e-10,0.0002829702188267,241.0,5.060132365853659e-10
FF-2010-000204-LCA,FF_2010_000204_LCA,4.838683e-10,8.755590490135316e-06,1050.0,4.843269429383886e-10
FL-2010-000149-GTM,FL_2010_000149_GTM,4.7273435e-10,6.633668988804952e-06,1077.0,4.731712579020332e-10
FL-2006-000062-THA,FL_2006_000062_THA,4.6030732e-10,9.397180569651836e-06,1040.0,4.607478054736842e-10
FL-2012-000151-TCD,FL_2012_000151_TCD,4.541899e-10,1.0876309237416788e-05,1026.0,4.546304333656644e-10
FL-2015-000037-HTI,FL_2015_000037_HTI,4.5340617e-10,0.0001578623033931,402.0,4.545201900737101e-10
FL-2010-000107-PHL,FL_2010_000107_PHL,4.446113e-10,0.0002473106657174,272.0,4.4621639494584837e-10
FL-2007-000009-PER,FL_2007_000009_PER,4.4422097e-10,5.775058974466284e-05,688.0,4.448619815007215e-10
FL-2012-000083-HND,FL_2012_000083_HND,4.247731e-10,3.0722721683281385e-06,1146.0,4.251421470026064e-10
FL-2002-000479-CZE,FL_2002_000479_CZE,4.1590043e-10,0.000407140005631,170.0,4.182770038857143e-10
FF-2009-000069-IDN,FF_2009_000069_IDN,4.0424458e-10,0.0004100434352555,168.0,4.065812538728324e-10
FL-2007-000177-SLE,FL_2007_000177_SLE,3.8443343e-10,0.0001639864124691,395.0,3.85394513575e-10
FL-2012-000051-TJK,FL_2012_000051_TJK,3.8377618e-10,6.380844822942689e-05,658.0,3.84355027933635e-10
FL-2019-000081-MMR,FL_2019_000081_MMR,3.8205372e-10,7.393779685065288e-06,1065.0,3.824107795514019e-10
FL-2019-000167-BDI,FL_2019_000167_BDI,3.7774864e-10,0.000112159269994,494.0,3.785056513026052e-10
FL-2019-000162-MYS,FL_2019_000162_MYS,3.6422512e-10,0.0001559856028626,406.0,3.651113125060828e-10
FF-2008-000233-PHL,FF_2008_000233_PHL,3.475808e-10,0.0006503279107689,99.0,3.5092292307692307e-10
FL-1999-000132-BLR,FL_1999_000132_BLR,3.4135533e-10,1.721076510449226e-05,959.0,3.4170943303941906e-10
FL-2000-000741-LKA,FL_2000_000741_LKA,3.396694e-10,7.569532742996572e-05,605.0,3.402262350819672e-10
FL-2007-000209-PNG,FL_2007_000209_PNG,3.351008e-10,1.6097674139780052e-05,974.0,3.3544308886619e-10
FL-2015-000055-TJK,FL_2015_000055_TJK,3.162706e-10,9.689269294745912e-05,536.0,3.168552036968577e-10
FL-2018-000425-LKA,FL_2018_000425_LKA,3.1181208e-10,1.4935733177505532e-06,1186.0,3.1207388695214105e-10
FF-2020-000153-BIH,FF_2020_000153_BIH,3.070472e-10,0.0006759943084308,85.0,3.104588355555555e-10
FL-2003-000051-PER,FL_2003_000051_PER,3.091653e-10,0.0001052460579116,517.0,3.0975757068965517e-10
FL-2014-000089-IND,FL_2014_000089_IND,3.0443123e-10,0.0006073127328311,108.0,3.071253116814159e-10
FL-2003-000481-HND,FL_2003_000481_HND,2.9703512e-10,3.651817368030232e-05,815.0,2.973973579512195e-10
FL-1997-000143-POL,FL_1997_000143_POL,2.851512e-10,0.0010478167143148,49.0,2.904317777777778e-10
FL-2010-000075-TJK,FL_2010_000075_TJK,2.734858e-10,0.0004602115904343,148.0,2.752732888888889e-10
ST-2022-000138-MDG,ST_2022_000138_MDG,2.7166774e-10,2.2098286753393245e-05,918.0,2.7196207124593716e-10
FL-2009-000240-PAN,FL_2009_000240_PAN,2.6580077e-10,0.0001860446166125,355.0,2.6653910547222225e-10
FL-2000-000255-ARG,FL_2000_000255_ARG,2.4429064e-10,6.0261548266266725e-06,1090.0,2.4451373647488584e-10
FL-2009-000239-BRA,FL_2009_000239_BRA,2.349085e-10,0.0004411227377695,153.0,2.363952626582279e-10
FL-2008-000103-SLV,FL_2008_000103_SLV,2.3167376e-10,8.303066334758229e-05,570.0,2.3207667088695655e-10
FL-2019-000015-PER,FL_2019_000015_PER,2.3005037e-10,4.629144683096943e-06,1117.0,2.3025540598039216e-10
FL-2004-000100-PAN,FL_2004_000100_PAN,2.1911882e-10,5.913426047699106e-05,680.0,2.1943870148905109e-10
FF-2005-000072-TJK,FF_2005_000072_TJK,2.1899484e-10,3.6721985623747735e-05,813.0,2.192625598533007e-10
FL-2005-000110-BIH,FL_2005_000110_BIH,2.1415052e-10,3.713509930929129e-05,809.0,2.1441360417690415e-10
FL-1999-000423-TGO,FL_1999_000423_TGO,2.1251749e-10,4.864353802036085e-06,1114.0,2.127074073279714e-10
FL-2003-000037-MDG,FL_2003_000037_MDG,1.9582166e-10,0.0004029328323996,174.0,1.9691563575418996e-10
FL-2015-000068-BGD,FL_2015_000068_BGD,1.9306982e-10,0.0001801423745972,362.0,1.9359589580381472e-10
FL-2011-000176-LKA,FL_2011_000176_LKA,1.9143967e-10,2.750522428786283e-05,873.0,1.9165771062642367e-10
FL-2004-000028-DOM,FL_2004_000028_DOM,1.8233842e-10,2.516420431206218e-05,892.0,1.8254169583054628e-10
FL-2008-000250-THA,FL_2008_000250_THA,1.7843957e-10,6.467036422385981e-07,1204.0,1.7858716269644332e-10
FL-2009-000124-VNM,FL_2009_000124_VNM,1.7471088e-10,0.0001302166847084,457.0,1.7508904207792208e-10
FF-2007-000082-PAK,FF_2007_000082_PAK,1.622461e-10,0.0002788840454299,244.0,1.6289769076305222e-10
FL-2009-000247-MYS,FL_2009_000247_MYS,1.6069042e-10,6.220390403592345e-05,664.0,1.6093061494768313e-10
FF-2019-000018-AFG,FF_2019_000018_AFG,1.596619e-10,0.0004103551172864,167.0,1.6059016686046514e-10
FL-2015-000080-MMR,FL_2015_000080_MMR,1.6009752e-10,1.631931413469115e-05,968.0,1.6026206010277494e-10
FL-2018-000028-BWA,FL_2018_000028_BWA,1.5004337e-10,2.0153793812725075e-05,928.0,1.5020418818863882e-10
FF-2012-000148-PAK,FF_2012_000148_PAK,1.4714273e-10,6.051394980709692e-05,671.0,1.4736039676035503e-10
FL-2022-000201-ZAF,FL_2022_000201_ZAF,1.4511503e-10,6.014942939686736e-05,673.0,1.4532906396755162e-10
FL-2010-000194-VNM,FL_2010_000194_VNM,1.4351254e-10,2.554422249686808e-05,886.0,1.4367360906846242e-10
FL-2000-000617-BGD,FL_2000_000617_BGD,1.425903e-10,5.8035983692932565e-06,1095.0,1.4271992754545454e-10
FL-2011-000180-PAN,FL_2011_000180_PAN,1.278243e-10,7.086803513973526e-06,1069.0,1.2794331703910617e-10
FL-2006-000171-HTI,FL_2006_000171_HTI,1.234434e-10,0.0004003196287577,175.0,1.2412919666666664e-10
FL-2007-000025-FJI,FL_2007_000025_FJI,1.2121025e-10,1.99417731443712e-05,932.0,1.2133960992529348e-10
FL-2018-000144-PRK,FL_2018_000144_PRK,1.15054584e-10,0.0002422221645706,278.0,1.1546113730035336e-10
FL-2019-000118-SEN,FL_2019_000118_SEN,1.13424506e-10,0.0001796683664256,364.0,1.1373188948509484e-10
FF-2017-000101-VNM,FF_2017_000101_VNM,1.043154e-10,9.95799406434123e-06,1035.0,1.0441570326923077e-10
FL-2008-000231-PAN,FL_2008_000231_PAN,1.03580845e-10,8.295797651044678e-05,572.0,1.0376036119584055e-10
FL-2010-000119-PAN,FL_2010_000119_PAN,9.363694e-11,6.315124935160325e-05,660.0,9.377774742857144e-11
FL-2008-000201-YEM,FL_2008_000201_YEM,9.165294e-11,0.000659119042667,96.0,9.256039485148515e-11
FL-2000-000038-PHL,FL_2000_000038_PHL,8.8715854e-11,6.834209241213235e-05,642.0,8.88529727851623e-11
FL-2005-000138-PNG,FL_2005_000138_PNG,8.416823e-11,5.500556449749371e-05,705.0,8.42867768028169e-11
FL-2019-000181-IDN,FL_2019_000181_IDN,8.136121e-11,8.416516977150532e-05,565.0,8.150394896491228e-11
FL-2017-000174-ALB,FL_2017_000174_ALB,8.120012e-11,3.221875454486878e-06,1142.0,8.127091347863994e-11
FF-2018-000158-TUN,FF_2018_000158_TUN,8.058084e-11,7.239904750499128e-05,617.0,8.071039118971061e-11
FL-2016-000058-MMR,FL_2016_000058_MMR,7.790861e-11,0.0003642419068593,194.0,7.830011055276382e-11
FL-2013-000045-AFG,FL_2013_000045_AFG,7.3631844e-11,4.9569126143304894e-05,735.0,7.37313464918919e-11
FL-2009-000147-NIC,FL_2009_000147_NIC,7.034527e-11,7.281242971425819e-05,615.0,7.045873011290324e-11
FL-2005-000105-HTI,FL_2005_000105_HTI,6.9038254e-11,0.0005661019094096,116.0,6.960881808264463e-11
FL-2002-000782-MKD,FL_2002_000782_MKD,6.838705e-11,2.2809522197340505e-05,907.0,6.84620358004386e-11
FL-2005-000150-NGA,FL_2005_000150_NGA,6.829523e-11,1.1225627061617734e-06,1189.0,6.835242868509212e-11
FL-2007-000107-TLS,FL_2007_000107_TLS,6.779368e-11,0.00019710976794,339.0,6.799075465116279e-11
FL-2010-000196-LKA,FL_2010_000196_LKA,5.8724824e-11,5.347605451783165e-05,718.0,5.880604782295989e-11
FL-2006-000151-PAN,FL_2006_000151_PAN,5.6957234e-11,0.0001120748582017,495.0,5.7071148468000005e-11
FL-2020-000019-MDG,FL_2020_000019_MDG,5.3908353e-11,5.343118292590327e-05,719.0,5.3982812051104975e-11
FL-1997-000164-BGD,FL_1997_000164_BGD,5.2596476e-11,2.5233038822734785e-05,890.0,5.2655243012290504e-11
FL-1997-000140-AZE,FL_1997_000140_AZE,5.2111922e-11,1.2581991840298876e-05,1006.0,5.216346692779426e-11
FL-2014-000159-MAR,FL_2014_000159_MAR,5.15469e-11,2.721197700440871e-05,874.0,5.160554266211604e-11
FL-2017-000149-TGO,FL_2017_000149_TGO,5.1157134e-11,4.269724012456684e-05,778.0,5.122246878160919e-11
FL-2019-000087-PAK,FL_2019_000087_PAK,5.0687784e-11,0.0001479111595688,419.0,5.0807330660377355e-11
FL-2006-000190-BDI,FL_2006_000190_BDI,5.0156875e-11,3.815028034762298e-05,804.0,5.0218873609394314e-11
FL-2016-000011-TZA,FL_2016_000011_TZA,4.947175e-11,0.0001513794242061,410.0,4.9590959036144585e-11
FL-1994-000007-VNM,FL_1994_000007_VNM,4.5798178e-11,6.217137564355593e-05,666.0,4.586643161847989e-11
FL-2008-000232-CRI,FL_2008_000232_CRI,4.312521e-11,3.609912708995912e-05,822.0,4.317735656590084e-11
FL-2009-000011-PHL,FL_2009_000011_PHL,4.1406184e-11,0.0004611230204477,146.0,4.168039713907285e-11
FL-1999-000428-VNM,FL_1999_000428_VNM,3.8524267e-11,0.0001644950428642,393.0,3.862106164070352e-11
FL-2011-000204-PHL,FL_2011_000204_PHL,3.7341914e-11,0.000187860649516,352.0,3.7446513198879546e-11
FL-2005-000137-CAF,FL_2005_000137_CAF,3.7176724e-11,0.000245455226914,274.0,3.730997390681003e-11
FF-2013-000118-BEN,FF_2013_000118_BEN,3.7054675e-11,0.0003005609686498,233.0,3.721036691176471e-11
FL-2021-000092-CRI,FL_2021_000092_CRI,3.7120498e-11,2.2063022761579574e-06,1170.0,3.7152089913191486e-11
FL-2006-000058-TJK,FL_2006_000058_TJK,3.632009e-11,0.0002650111401163,255.0,3.645978265384615e-11
FL-2010-000096-IDN,FL_2010_000096_IDN,3.614033e-11,0.0002058825115487,326.0,3.624951528700907e-11
FL-1999-000053-PHL,FL_1999_000053_PHL,3.3398104e-11,8.464191342607344e-05,564.0,3.3456800140597544e-11
FL-1992-000008-PAK,FL_1992_000008_PAK,3.2526534e-11,0.0012696439546575,34.0,3.336054769230769e-11
FL-2005-000062-TZA,FL_2005_000062_TZA,3.2125497e-11,0.0007331249738125,73.0,3.2537362346153845e-11
FL-2013-000054-CHN,FL_2013_000054_CHN,3.199246e-11,9.2655114262392e-06,1042.0,3.2023016313276025e-11
FF-2012-000118-AFG,FF_2012_000118_AFG,3.1505545e-11,6.931423799903576e-05,634.0,3.155484945226917e-11
FL-2012-000198-PAN,FL_2012_000198_PAN,2.9955653e-11,2.2221916855636097e-05,916.0,2.998817813897937e-11
FF-2004-000060-VNM,FF_2004_000060_VNM,2.9554408e-11,1.4473375676999997e-05,990.0,2.958411092261307e-11
FL-2017-000010-PHL,FL_2017_000010_PHL,2.7489396e-11,0.0001699659861814,383.0,2.7560244958762887e-11
FL-2008-000099-NIC,FL_2008_000099_NIC,2.723337e-11,6.487989641999868e-05,656.0,2.7274570257186083e-11
FL-2011-000107-MMR,FL_2011_000107_MMR,2.589815e-11,2.2062701294711146e-05,919.0,2.5926178300865798e-11
FL-2007-000222-MYS,FL_2007_000222_MYS,2.540298e-11,0.0004716799360009,140.0,2.557817296551724e-11
FL-1999-000247-KOR,FL_1999_000247_KOR,2.3678086e-11,0.0021021264999718,14.0,2.4924301052631578e-11
FL-2019-000011-IDN,FL_2019_000011_IDN,2.4639617e-11,9.391816530909353e-05,538.0,2.4684993826887664e-11
FL-1999-000324-HND,FL_1999_000324_HND,2.387797e-11,5.904482257439912e-05,681.0,2.391277753644315e-11
FL-2000-000083-ZWE,FL_2000_000083_ZWE,2.3827143e-11,7.035828376925268e-05,628.0,2.3864784616113745e-11
FL-1999-000160-PER,FL_1999_000160_PER,2.3412893e-11,1.9644598559885373e-05,938.0,2.343772109437964e-11
FL-2010-000067-BRA,FL_2010_000067_BRA,2.1051797e-11,0.001997670175127,16.0,2.2054263523809525e-11
FL-2013-000142-VNM,FL_2013_000142_VNM,2.011026e-11,1.9968778796677222e-06,1177.0,2.012727375634518e-11
FF-2007-000080-BGD,FF_2007_000080_BGD,1.8532733e-11,6.796402690683032e-05,644.0,1.8561288828967645e-11
FL-2015-000155-NGA,FL_2015_000155_NGA,1.8496413e-11,9.78419900699788e-07,1194.0,1.851183953294412e-11
FL-1991-000009-VNM,FL_1991_000009_VNM,1.8366714e-11,1.550607150301178e-05,980.0,1.8385360410152286e-11
FL-2006-000045-HUN,FL_2006_000045_HUN,1.782917e-11,4.646625176771248e-05,757.0,1.7852567860892388e-11
FF-2022-000278-MNG,FF_2022_000278_MNG,1.6544323e-11,3.636129224008137e-05,820.0,1.6564376724848485e-11
FL-2002-000077-PER,FL_2002_000077_PER,1.6530756e-11,4.575321967695994e-05,761.0,1.6552336621409924e-11
FL-1997-000177-MMR,FL_1997_000177_MMR,1.5852352e-11,3.705534073154202e-05,810.0,1.5871802738650308e-11
FL-2019-000133-SOM,FL_2019_000133_SOM,1.5720323e-11,8.089716070434715e-05,579.0,1.574724136130137e-11
FL-2005-000090-TJK,FL_2005_000090_TJK,1.438585e-11,4.426135297841911e-05,768.0,1.440446041397154e-11
FL-2012-000067-RWA,FL_2012_000067_RWA,1.2206793e-11,0.0001121838627248,493.0,1.223130463253012e-11
FL-2011-000187-COD,FL_2011_000187_COD,1.190245e-11,8.826562200225725e-06,1048.0,1.1913753371320038e-11
FL-2009-000089-BRA,FL_2009_000089_BRA,1.0785403e-11,0.0015670917727817,24.0,1.1157313448275862e-11
FL-2020-000054-BDI,FL_2020_000054_BDI,1.0383095e-11,0.0005848013386095,113.0,1.0471087330508474e-11
FL-2010-000162-HND,FL_2010_000162_HND,1.0020709e-11,0.0002099216756871,321.0,1.0051447371165644e-11
FL-2021-000039-BDI,FL_2021_000039_BDI,9.458866e-12,0.0009339464356404,54.0,9.619185762711864e-12
FL-2014-000107-MMR,FL_2014_000107_MMR,9.0554534e-12,0.0001943352129505,344.0,9.081400257879656e-12
FL-2020-000206-COD,FL_2020_000206_COD,8.946794e-12,7.569480607392573e-06,1063.0,8.955171147940075e-12
FL-2015-000151-BLZ,FL_2015_000151_BLZ,8.33467e-12,5.865055491405623e-08,1217.0,8.341490515548281e-12
FF-2020-000204-TUN,FF_2020_000204_TUN,8.234616e-12,4.900145342369526e-05,739.0,8.245684032258065e-12
FL-2007-000035-AFG,FL_2007_000035_AFG,7.649323e-12,6.838858065374656e-05,640.0,7.661182415503875e-12
FL-2012-000056-PRY,FL_2012_000056_PRY,7.604226e-12,0.0001072480742761,510.0,7.618991487378642e-12
FL-2009-000044-BIH,FL_2009_000044_BIH,7.310164e-12,4.428258793662545e-05,767.0,7.319633124352331e-12
FL-2006-000001-IDN,FL_2006_000001_IDN,6.4303784e-12,0.0002239149655428,308.0,6.450922739936102e-12
FL-2007-000144-LBR,FL_2007_000144_LBR,6.295208e-12,4.937896131901181e-05,736.0,6.303703557354925e-12
FL-2018-000164-HND,FL_2018_000164_HND,6.1103045e-12,0.0001929906544211,346.0,6.1277127749287756e-12
FF-2013-000090-PAK,FF_2013_000090_PAK,6.058235e-12,0.0001313449148153,456.0,6.071376507592191e-12
FL-2005-000205-PHL,FL_2005_000205_PHL,5.983855e-12,1.551746898364005e-05,979.0,5.989936153455284e-12
FL-2004-000044-BGD,FL_2004_000044_BGD,5.1149415e-12,2.623344020197955e-05,881.0,5.12071457167043e-12
FL-2008-000096-BGD,FL_2008_000096_BGD,4.9547636e-12,1.9878596636594204e-05,934.0,4.960040238551651e-12
FL-2000-000770-IDN,FL_2000_000770_IDN,4.604464e-12,0.0001950668470644,343.0,4.617695218390804e-12
FL-2009-000183-NGA,FL_2009_000183_NGA,4.1250297e-12,1.468802834857517e-05,987.0,4.129187996068548e-12
FL-2010-000115-MMR,FL_2010_000115_MMR,3.6973766e-12,8.0578791242777e-05,581.0,3.703686116382252e-12
FL-2002-000026-SEN,FL_2002_000026_SEN,3.6027511e-12,0.0001840412286776,357.0,3.612703451104972e-12
FL-2005-000160-MMR,FL_2005_000160_MMR,3.4583924e-12,1.950554843888342e-05,941.0,3.4620482059196615e-12
FL-2011-000196-IDN,FL_2011_000196_IDN,3.142089e-12,0.0002318750481691,298.0,3.152458930693069e-12
FL-2003-000585-MKD,FL_2003_000585_MKD,3.0620077e-12,5.726757613036002e-06,1098.0,3.0647837722574794e-12
FL-2006-000164-TZA,FL_2006_000164_TZA,2.6433794e-12,0.0003433740474145,207.0,2.6558481707547172e-12
FF-2011-000088-NGA,FF_2011_000088_NGA,2.5638588e-12,1.64025076478639e-06,1185.0,2.5660133031932772e-12
FL-2014-000053-TZA,FL_2014_000053_TZA,2.4670582e-12,0.0003088409628166,228.0,2.477646432618026e-12
FF-2021-000032-TLS,FF_2021_000032_TLS,2.3973427e-12,0.0004795808466113,137.0,2.4142253950704225e-12
FL-2015-000018-PNG,FL_2015_000018_PNG,2.3750576e-12,3.412053153525394e-05,838.0,2.37787498742586e-12
FL-2011-000164-CAF,FL_2011_000164_CAF,2.3651786e-12,0.0001290821754382,462.0,2.3702432222698072e-12
FF-2009-000201-PHL,FF_2009_000201_PHL,2.206987e-12,0.0002366444221659,291.0,2.214443037162162e-12
FL-2013-000081-PRK,FL_2013_000081_PRK,2.125614e-12,0.0005642902649045,118.0,2.1428954146341464e-12
FL-1999-000031-LKA,FL_1999_000031_LKA,1.945925e-12,0.0001518613682699,409.0,1.9506253019323673e-12
FL-2015-000146-DZA,FL_2015_000146_DZA,1.9193449e-12,0.0002402208258494,280.0,1.9260794435087723e-12
FL-2008-000213-PER,FL_2008_000213_PER,1.8883727e-12,0.0002416550401141,279.0,1.8950218996478873e-12
FL-2004-000142-ALB,FL_2004_000142_ALB,1.6623176e-12,6.634226337359802e-06,1076.0,1.6638553591119331e-12
FL-2008-000191-HND,FL_2008_000191_HND,1.6412276e-12,0.0001909328836319,350.0,1.6458507763380282e-12
FL-2010-000019-MEX,FL_2010_000019_MEX,1.5006841e-12,0.0004500199649584,152.0,1.5102425974522293e-12
FL-2013-000023-ZMB,FL_2013_000023_ZMB,1.4879337e-12,4.790827349011752e-05,744.0,1.4899202603471295e-12
FL-2002-000321-HTI,FL_2002_000321_HTI,1.4847948e-12,0.0001160541621344,486.0,1.4878188219959265e-12
FL-2010-000042-SRB,FL_2010_000042_SRB,1.4784681e-12,5.408992580356267e-05,712.0,1.480530119665272e-12
FL-2006-000057-SUR,FL_2006_000057_SUR,1.3157158e-12,3.501822362154042e-05,832.0,1.3172877424133812e-12
FL-2013-000002-PSE,FL_2013_000002_PSE,1.1948638e-12,2.6226792871181766e-06,1160.0,1.1958894341630901e-12
FL-2012-000089-CUB,FL_2012_000089_CUB,1.1178093e-12,4.773857452126453e-06,1115.0,1.1188073440178573e-12
FL-2013-000087-MMR,FL_2013_000087_MMR,1.0669501e-12,7.057961505389806e-05,626.0,1.0686409876386688e-12
FL-2021-000190-EGY,FL_2021_000190_EGY,1.0274026e-12,0.0009812622743653,51.0,1.045749075e-12
FL-2010-000037-HTI,FL_2010_000037_HTI,9.851762e-13,3.187528156924758e-05,857.0,9.863190958236661e-13
FL-2007-000040-HTI,FL_2007_000040_HTI,9.724697e-13,0.0002639837771876,256.0,9.761956375478928e-13
FL-1998-000111-TJK,FL_1998_000111_TJK,9.423343e-13,0.0006188101655486,107.0,9.507479991071428e-13
FL-2011-000063-HTI,FL_2011_000063_HTI,8.72435e-13,0.0002545750639794,265.0,8.756662407407408e-13
FL-2001-000095-HUN,FL_2001_000095_HUN,8.0167334e-13,3.4489023798573743e-06,1137.0,8.023753306654991e-13
FL-2001-000096-UKR,FL_2001_000096_UKR,8.0167334e-13,3.2817614158497443e-06,1138.0,8.023747165004374e-13
FL-2001-000079-ROM,FL_2001_000079_ROM,8.0167334e-13,1.8275345309947184e-06,1182.0,8.023487177085087e-13
FL-2017-000126-NGA,FL_2017_000126_NGA,7.9505185e-13,0.0003817890753276,186.0,7.9921442513089e-13
FL-2008-000191-SLV,FL_2008_000191_SLV,7.883181e-13,1.1164188712861984e-05,1022.0,7.890856930866602e-13
FF-2009-000159-PAK,FF_2009_000159_PAK,6.9528807e-13,0.0002720617328893,249.0,6.980254246062992e-13
FL-2001-000571-PRK,FL_2001_000571_PRK,6.7546896e-13,0.0002296674012794,304.0,6.776549436893204e-13
FL-2016-000123-DOM,FL_2016_000123_DOM,6.673735e-13,4.679280839884954e-05,754.0,6.682527799736496e-13
FL-2012-000123-PRK,FL_2012_000123_PRK,4.841591e-13,7.448645794702998e-05,609.0,4.849476327361564e-13
FL-2015-000009-ALB,FL_2015_000009_ALB,4.5884835e-13,1.3051790369236778e-05,1003.0,4.593035566964285e-13
FL-2002-000788-LKA,FL_2002_000788_LKA,4.1564145e-13,1.0025518580390005e-05,1034.0,4.1604148989412904e-13
FL-2018-000014-ARG,FL_2018_000014_ARG,3.8038382e-13,0.0002329253751119,296.0,3.816475536212624e-13
FL-2013-000157-BRA,FL_2013_000157_BRA,3.7267577e-13,0.0004677314336054,143.0,3.75193849527027e-13
FL-2021-000213-STP,FL_2021_000213_STP,3.183241e-13,3.617213015771029e-06,1134.0,3.186035768217735e-13
FL-2012-000068-DOM,FL_2012_000068_DOM,2.8837756e-13,2.3363339683201966e-06,1169.0,2.8862319676320275e-13
FL-2004-000051-NPL,FL_2004_000051_NPL,2.8705437e-13,2.0285889521613777e-06,1176.0,2.8729743043183737e-13
FL-2008-000167-VCT,FL_2008_000167_VCT,2.796227e-13,2.9613595180542504e-06,1153.0,2.7986417037996547e-13
FF-2014-000048-KAZ,FF_2014_000048_KAZ,2.6512267e-13,0.0002320372517415,297.0,2.6600055963576157e-13
FL-1999-000229-TJK,FL_1999_000229_TJK,2.3845493e-13,0.00132637367004,32.0,2.4489965783783786e-13
FL-2009-000102-HTI,FL_2009_000102_HTI,2.419954e-13,0.0003801905815383,188.0,2.432492621761658e-13
FL-2007-000174-CAF,FL_2007_000174_CAF,2.353183e-13,0.0002360393216647,292.0,2.361106175084175e-13
FL-2009-000164-SEN,FL_2009_000164_SEN,2.3505584e-13,1.1549073889982268e-05,1015.0,2.3528628690196076e-13
FL-2003-000647-TLS,FL_2003_000647_TLS,2.2242227e-13,0.0001067742173504,513.0,2.2285165662162165e-13
FL-2002-000263-CRI,FL_2002_000263_CRI,2.132936e-13,6.27668331813201e-05,662.0,2.1361338050974511e-13
FL-2013-000083-THA,FL_2013_000083_THA,2.0994144e-13,3.569618491890016e-06,1135.0,2.1012559915789471e-13
FL-2016-000080-BFA,FL_2016_000080_BFA,2.0900896e-13,5.298364537071094e-07,1210.0,2.0918098383539095e-13
FL-2020-000198-SEN,FL_2020_000198_SEN,2.0272313e-13,0.0003560554735365,201.0,2.0370722286407767e-13
FL-2008-000088-USA,FL_2008_000088_USA,1.8742332e-13,2.164556130084246e-06,1172.0,1.8758255816482584e-13
FF-2020-000138-TJK,FF_2020_000138_TJK,1.7745072e-13,9.29912563441612e-06,1041.0,1.7762036695984703e-13
FL-2013-000074-HTI,FL_2013_000074_HTI,1.6271867e-13,3.817102282827758e-05,803.0,1.6292005449257425e-13
FL-2018-000194-TTO,FL_2018_000194_TTO,1.2333862e-13,3.0058650812420373e-06,1149.0,1.2344549922010398e-13
FL-2009-000010-FJI,FL_2009_000010_FJI,1.1938008e-13,3.465003372756763e-05,836.0,1.195220301545779e-13
FL-2009-000136-BIH,FL_2009_000136_BIH,8.878418e-14,6.885137355202023e-05,636.0,8.892268886115445e-14
FL-2007-000106-IDN,FL_2007_000106_IDN,7.502905e-14,0.0002660690775349,253.0,7.531986027131783e-14
FL-2018-000414-IRQ,FL_2018_000414_IRQ,7.4913274e-14,0.0001000111125146,529.0,7.505356102996253e-14
FL-2007-000086-PAN,FL_2007_000086_PAN,7.382117e-14,7.061572499043783e-05,625.0,7.393834646031746e-14
FL-2004-000059-AFG,FL_2004_000059_AFG,6.5623295e-14,0.0002151300953892,313.0,6.582965756289309e-14
FL-2010-000239-MNE,FL_2010_000239_MNE,6.4130965e-14,3.726210708914656e-05,808.0,6.420984687576875e-14
FL-2011-000051-RWA,FL_2011_000051_RWA,6.0554826e-14,7.155090850476796e-05,621.0,6.065155894888178e-14
FL-2021-000050-AFG,FL_2021_000050_AFG,5.552519e-14,0.0005922903562574,111.0,5.600385543103448e-14
FL-2013-000119-MRT,FL_2013_000119_MRT,4.409331e-14,0.0001991498547992,337.0,4.422223780701755e-14
FL-2001-000492-VNM,FL_2001_000492_VNM,4.2161055e-14,0.0002040958925496,328.0,4.228766477477478e-14
FL-2015-000176-BDI,FL_2015_000176_BDI,4.2069575e-14,5.774040601315909e-05,689.0,4.213019398414985e-14
FL-2020-000196-NGA,FL_2020_000196_NGA,4.1280967e-14,4.065892939576527e-05,788.0,4.133302370491803e-14
FL-2015-000042-RWA,FL_2015_000042_RWA,3.0997787e-14,3.644010589276083e-06,1133.0,3.102502582864675e-14
FL-2006-000178-JAM,FL_2006_000178_JAM,2.704401e-14,7.037721683306736e-06,1071.0,2.7069143838289962e-14
FL-2016-000050-LKA,FL_2016_000050_LKA,2.628477e-14,2.0751712571434902e-06,1175.0,2.630704522881356e-14
FL-2011-000093-BGD,FL_2011_000093_BGD,2.405775e-14,2.8109402355659937e-05,868.0,2.4085307560137455e-14
FL-2018-000065-TJK,FL_2018_000065_TJK,2.2631628e-14,2.2793780994403345e-05,908.0,2.2656416201533407e-14
FF-2020-000191-AFG,FF_2020_000191_AFG,2.0493271e-14,0.000109631961626,502.0,2.0533691652859963e-14
FL-2005-000208-BIH,FL_2005_000208_BIH,1.9162772e-14,2.73910358170345e-06,1157.0,1.9179263197934595e-14
FL-1998-000112-TZA,FL_1998_000112_TZA,1.8102268e-14,0.0009513297528011,53.0,1.8414376068965513e-14
FL-2016-000026-PNG,FL_2016_000026_PNG,1.4106351e-14,0.0001404966494104,431.0,1.4138705016055045e-14
FL-2013-000017-PNG,FL_2013_000017_PNG,1.1464692e-14,0.0002807980217542,242.0,1.1511107757085019e-14
FL-2011-000005-HND,FL_2011_000005_HND,8.388178e-15,8.439392858755443e-07,1198.0,8.395150716541978e-15
FL-2022-000158-HTI,FL_2022_000158_HTI,6.3722136e-15,5.568231231466424e-05,700.0,6.381252200851063e-15
FL-2013-000159-VCT,FL_2013_000159_VCT,6.2371957e-15,1.1111115483208351e-06,1192.0,6.242406389807853e-15
FL-2010-000151-COD,FL_2010_000151_COD,5.2647197e-15,0.0001138930879485,489.0,5.2753770273279355e-15
FL-2001-000376-PAK,FL_2001_000376_PAK,5.2571705e-15,0.000120196221904,479.0,5.268032422520661e-15
FL-2002-000296-PRY,FL_2002_000296_PRY,4.875553e-15,0.0002230228836484,309.0,4.891080238853504e-15
FF-2013-000113-ROM,FF_2013_000113_ROM,4.6465792e-15,5.374755276344152e-05,715.0,4.653032782222222e-15
FL-2022-000312-BGR,FL_2022_000312_BGR,4.634803e-15,7.0765842870016725e-06,1070.0,4.639114444651162e-15
FL-2009-000234-PHL,FL_2009_000234_PHL,3.3004963e-15,0.0004339966805988,155.0,3.3211244018750003e-15
FL-2000-000583-LAO,FL_2000_000583_LAO,3.1224527e-15,2.242004782708529e-05,914.0,3.12585036343852e-15
FL-2011-000102-BRA,FL_2011_000102_BRA,3.0188004e-15,2.47461052654456e-05,895.0,3.0221546226666666e-15
FL-2011-000022-AFG,FL_2011_000022_AFG,2.9629331e-15,5.372697439704526e-05,716.0,2.9670425772538144e-15
FL-2006-000027-IDN,FL_2006_000027_IDN,2.6970903e-15,0.0017911554436653,20.0,2.8049739120000002e-15
FL-2006-000092-KOR,FL_2006_000092_KOR,2.524485e-15,0.0019424408114776,18.0,2.6342452173913043e-15
FF-2008-000186-COD,FF_2008_000186_COD,2.5445592e-15,0.0011414814601872,41.0,2.599875704347826e-15
FL-2022-000002-IRN,FL_2022_000002_IRN,2.5281411e-15,1.4388729670555758e-05,991.0,2.5306793942771084e-15
FL-2003-000293-TLS,FL_2003_000293_TLS,2.3012132e-15,1.1319326552866204e-05,1019.0,2.303460478515625e-15
FL-2005-000184-VNM,FL_2005_000184_VNM,2.1236209e-15,1.7529291207986535e-05,955.0,2.1258330051041662e-15
FL-2007-000199-THA,FL_2007_000199_THA,2.0396136e-15,3.1371211523016565e-05,858.0,2.041976999304751e-15
FL-2019-000058-TJK,FL_2019_000058_TJK,1.4933569e-15,4.7593914424977446e-05,749.0,1.495337479442971e-15
FL-2022-000328-HND,FL_2022_000328_HND,1.2499837e-15,2.4649874940583245e-05,897.0,1.2513694912416852e-15
FL-2015-000079-CRI,FL_2015_000079_CRI,9.415995e-16,0.0002069017606282,323.0,9.444702301829267e-16
FF-2007-000091-AFG,FF_2007_000091_AFG,7.418835e-16,0.0005647492990603,117.0,7.479645122950818e-16
FL-2002-000734-MAR,FL_2002_000734_MAR,6.819081600000001e-16,5.918568200875659e-05,679.0,6.829051017543861e-16
FF-2020-000055-SOM,FF_2020_000055_SOM,5.967015e-16,0.0002369617532314,290.0,5.987242169491526e-16
FL-2003-000220-NAM,FL_2003_000220_NAM,4.290451e-16,0.0001329118225902,449.0,4.299901332599118e-16
FL-2013-000006-IDN,FL_2013_000006_IDN,4.2002148000000005e-16,8.52270843546963e-05,563.0,4.207609544366198e-16
FL-2010-000026-DOM,FL_2010_000026_DOM,3.6157772e-16,0.0002032028292025,330.0,3.626570564776119e-16
FL-2021-000005-IDN,FL_2021_000005_IDN,1.09980505e-16,0.0004150417041512,164.0,1.1063127721893491e-16
FF-2009-000204-TUN,FF_2009_000204_TUN,9.467937000000001e-17,8.008995202567109e-05,584.0,9.484011595925297e-17
FL-1999-000574-VNM,FL_1999_000574_VNM,7.535609000000001e-17,0.0004064549522868,172.0,7.578183062146893e-17
FL-2008-000182-RWA,FL_2008_000182_RWA,7.549782e-17,5.007000456035855e-05,733.0,7.560012056910569e-17
FL-2009-000171-AFG,FL_2009_000171_AFG,6.149301e-17,0.0001007961206237,525.0,6.160903454716982e-17
FL-2017-000160-HND,FL_2017_000160_HND,5.2730163e-17,4.424980019198009e-07,1212.0,5.2773490989318e-17
FF-2022-000209-AFG,FF_2022_000209_AFG,4.1841985e-17,0.0004277009821193,159.0,4.209711905487805e-17
FL-2003-000028-BRA,FL_2003_000028_BRA,3.9403310000000005e-17,0.0003182587759681,219.0,3.957921763392858e-17
FF-2018-000041-SOM,FF_2018_000041_SOM,3.163579e-17,0.0001811941605759,361.0,3.172222658469945e-17
FL-2012-000013-ECU,FL_2012_000013_ECU,2.443337e-17,5.293266748487719e-06,1104.0,2.445540189359784e-17
FL-2022-000164-ECU,FL_2022_000164_ECU,2.3392175e-17,4.776817104834041e-05,748.0,2.3423240305444886e-17
FL-2021-000204-BRA,FL_2021_000204_BRA,1.8699387e-17,6.56702579088893e-05,652.0,1.8727848776255707e-17
FL-2009-000039-CRI,FL_2009_000039_CRI,1.6786891e-17,1.7136927140254886e-05,961.0,1.680426873395445e-17
FL-2005-000048-AFG,FL_2005_000048_AFG,1.5107188e-17,5.441969084060024e-05,710.0,1.5128316934265733e-17
FL-2014-000005-IDN,FL_2014_000005_IDN,5.766844699999999e-18,7.098077109121336e-05,624.0,5.776012974562797e-18
FL-2002-000482-RUS,FL_2002_000482_RUS,3.491485e-18,3.835301895799676e-05,802.0,3.4958114993804215e-18
FL-2008-000024-PHL,FL_2008_000024_PHL,2.9463711999999996e-18,0.0006316935922258,104.0,2.9734021284403663e-18
FL-2000-000191-HUN,FL_2000_000191_HUN,2.4688427999999997e-18,1.113084366926365e-06,1191.0,2.4709070498327757e-18
FL-1997-000111-ARM,FL_1997_000111_ARM,1.753429e-18,6.418877061255747e-07,1205.0,1.754878114876033e-18
FL-2006-000065-TZA,FL_2006_000065_TZA,1.3628187999999999e-18,0.0006258551432437,106.0,1.3750964468468466e-18
FL-2016-000066-PAK,FL_2016_000066_PAK,1.2984461999999999e-18,0.0004701676204011,142.0,1.3072791673469387e-18
FL-2008-000010-BRA,FL_2008_000010_BRA,8.864497e-19,0.0001399674077693,433.0,8.884735577625571e-19
FL-2021-000208-IRQ,FL_2021_000208_IRQ,8.814218e-19,0.0004628922083346,145.0,8.872979453333332e-19
FL-2012-000054-HTI,FL_2012_000054_HTI,5.4841496e-19,0.0024767224100777,8.0,5.906007261538461e-19
FL-2017-000079-TJK,FL_2017_000079_TJK,5.0211309999999995e-19,0.0015263218754679,26.0,5.183102967741935e-19
FL-2019-000048-TZA,FL_2019_000048_TZA,4.0414367e-19,0.0002391077792818,284.0,4.0554209100346023e-19
FL-2022-000348-CRI,FL_2022_000348_CRI,3.1884919999999996e-19,0.0001688067868761,386.0,3.196646710997442e-19
FL-2008-000018-ECU,FL_2008_000018_ECU,3.172082e-19,1.2306861803492109e-05,1009.0,3.175210285996055e-19
FL-2016-000019-HTI,FL_2016_000019_HTI,2.550121e-19,0.0002885185327834,238.0,2.560615325102881e-19
FL-2002-000325-JAM,FL_2002_000325_JAM,2.210035e-19,2.487355312430653e-05,894.0,2.2124933259176863e-19
FL-2014-000155-HTI,FL_2014_000155_HTI,9.359331999999999e-20,0.000316336969002,220.0,9.400929031111111e-20
FL-2011-000061-DOM,FL_2011_000061_DOM,3.9541819999999995e-20,0.000458312921967,150.0,3.9796928516129027e-20
FL-2010-000251-CRI,FL_2010_000251_CRI,3.261127e-20,4.506698575192769e-06,1119.0,3.264028358540925e-20
FF-2020-000240-ZMB,FF_2020_000240_ZMB,2.5971943e-20,9.997370778465266e-05,530.0,2.6020488687850467e-20
FF-2008-000072-CHN,FF_2008_000072_CHN,1.3926545e-20,5.461464496804941e-05,707.0,1.394610475421348e-20
FL-2006-000056-AFG,FL_2006_000056_AFG,7.949127e-21,4.750369378488017e-05,750.0,7.959655645033113e-21
FL-2008-000230-CUB,FL_2008_000230_CUB,7.932901e-21,1.3811929513638475e-05,996.0,7.940825976023976e-21
FL-2015-000113-PRK,FL_2015_000113_PRK,7.653412e-21,0.0001316573365187,453.0,7.670122506550217e-21
FL-2005-000108-PAK,FL_2005_000108_PAK,6.865626500000001e-21,0.0002546393475479,264.0,6.891149275092937e-21
FL-1998-000255-TUR,FL_1998_000255_TUR,3.4202747000000005e-21,3.637561542772212e-05,819.0,3.42442551881068e-21
FL-2013-000116-NGA,FL_2013_000116_NGA,2.2670333e-21,6.846008181130098e-06,1074.0,2.2691343503243745e-21
FL-2007-000210-PHL,FL_2007_000210_PHL,8.97109e-22,0.0008692996549995,60.0,9.109106769230769e-22
FL-1991-000011-CHN,FL_1991_000011_CHN,8.401426e-22,3.974098999414244e-05,794.0,8.411940926157697e-22
FL-2006-000030-SRB,FL_2006_000030_SRB,8.2632314e-22,9.096717797493131e-06,1047.0,8.27108618269962e-22
FL-2003-000624-HTI,FL_2003_000624_HTI,4.0809267000000005e-22,0.0006806671730585,84.0,4.126779808988765e-22
FL-2012-000132-NPL,FL_2012_000132_NPL,8.2177515e-23,2.393199018963004e-06,1168.0,8.224757255754475e-23
FL-2016-000075-BGD,FL_2016_000075_BGD,7.196622000000001e-23,2.6988836524497034e-05,878.0,7.204772194790487e-23
FL-2004-000068-ROM,FL_2004_000068_ROM,7.1138946e-23,5.529682150975166e-05,703.0,7.123942473728814e-23
FL-2005-000094-AFG,FL_2005_000094_AFG,2.8931347e-23,0.0002021589615512,334.0,2.901669020648967e-23
FL-2016-000068-NPL,FL_2016_000068_NPL,1.4969426e-23,3.107132771941277e-06,1145.0,1.4982442892173913e-23
FL-2011-000156-HTI,FL_2011_000156_HTI,1.5569502000000001e-24,8.376407749827984e-05,568.0,1.5596673905759164e-24
FL-2003-000505-VNM,FL_2003_000505_VNM,8.953688e-25,4.812523734476834e-05,742.0,8.965674195448461e-25
FL-2008-000168-NPL,FL_2008_000168_NPL,3.5862306999999998e-25,1.716901758649704e-05,960.0,3.589947001243523e-25
FF-2008-000216-PSE,FF_2008_000216_PSE,1.1248158e-25,4.626276049894632e-05,759.0,1.1262880719895288e-25
FL-2007-000054-AFG,FL_2007_000054_AFG,9.089160400000001e-26,0.0002355654405335,293.0,9.119660938255035e-26
FL-2020-000050-AFG,FL_2020_000050_AFG,9.27992e-28,4.3064002163497645e-05,774.0,9.291832605905006e-28
FL-2007-000126-PRK,FL_2007_000126_PRK,1.7320661000000001e-28,0.0011709277471353,39.0,1.7714312386363638e-28
FF-2006-000049-IDN,FF_2006_000049_IDN,8.913232e-32,0.0003633206168059,196.0,8.957576437810946e-32
FL-2012-000037-PSE,FL_2012_000037_PSE,0.0,6.227084413118993e-06,1084.0,0.0
FL-2009-000031-DOM,FL_2009_000031_DOM,0.0,4.674130274342037e-05,755.0,0.0
FL-2003-000341-NPL,FL_2003_000341_NPL,0.0,1.94942313400063e-05,942.0,0.0
FL-2010-000127-AFG,FL_2010_000127_AFG,0.0,0.0001396709550931,435.0,0.0
FL-2005-000168-NPL,FL_2005_000168_NPL,0.0,1.8655601970116851e-06,1180.0,0.0
FL-2009-000080-AFG,FL_2009_000080_AFG,0.0,0.0004212635458404,163.0,0.0
FL-2003-000571-DOM,FL_2003_000571_DOM,0.0,0.0002301128562502,303.0,0.0
FL-2022-000382-ZAF,FL_2022_000382_ZAF,0.0,0.0001655468508682,390.0,0.0
FL-2021-000209-MYS,FL_2021_000209_MYS,0.0,0.0001215544704983,477.0,0.0
FL-2003-000273-TJK,FL_2003_000273_TJK,0.0,0.0006401686556751,103.0,0.0
FL-2011-000043-VCT,FL_2011_000043_VCT,0.0,7.677350583978109e-06,1061.0,0.0
FL-2000-000484-BTN,FL_2000_000484_BTN,0.0,8.665985260579122e-06,1053.0,0.0
FL-2010-000062-COD,FL_2010_000062_COD,0.0,2.786986468429416e-05,870.0,0.0
FL-2014-000122-PAK,FL_2014_000122_PAK,0.0,7.980600440512881e-05,586.0,0.0
FL-2009-000100-DOM,FL_2009_000100_DOM,0.0,4.7811018143974624e-05,746.0,0.0
SL-2002-000428-NPL,SL_2002_000428_NPL,0.0,4.48382433008643e-06,1122.0,0.0
FL-2013-000051-ECU,FL_2013_000051_ECU,0.0,5.425846809142356e-05,711.0,0.0
FL-1998-000048-PAK,FL_1998_000048_PAK,0.0,0.0004947387091606,131.0,0.0
FL-2002-000125-ECU,FL_2002_000125_ECU,0.0,8.541224448080739e-05,560.0,0.0
FL-2000-000187-ROM,FL_2000_000187_ROM,0.0,1.983173854474833e-06,1178.0,0.0
FL-1998-000224-SVK,FL_1998_000224_SVK,0.0,5.83816277892025e-07,1207.0,0.0
FL-2015-000164-COD,FL_2015_000164_COD,0.0,0.0021106897742034,13.0,0.0
FL-2002-000478-PRK,FL_2002_000478_PRK,0.0,0.0007529483691111,71.0,0.0
FL-2005-000001-CRI,FL_2005_000001_CRI,0.0,5.2880912789576565e-06,1105.0,0.0
FL-2019-000145-TZA,FL_2019_000145_TZA,0.0,0.0003937763718011,179.0,0.0
FL-2009-000219-NPL,FL_2009_000219_NPL,0.0,2.5194863322133538e-06,1164.0,0.0
FL-2010-000121-DOM,FL_2010_000121_DOM,0.0,0.0002974436764189,234.0,0.0
FL-2001-000620-DZA,FL_2001_000620_DZA,0.0,1.600384758210963e-05,975.0,0.0
FL-2012-000164-CAF,FL_2012_000164_CAF,0.0,0.0001117139039179,496.0,0.0
FF-2021-000189-BIH,FF_2021_000189_BIH,0.0,2.538334298357286e-05,888.0,0.0
FL-2022-000190-TUN,FL_2022_000190_TUN,0.0,4.708103049167973e-05,752.0,0.0
FL-2019-000051-LBY,FL_2019_000051_LBY,0.0,0.0005871880576736,112.0,0.0
FL-2016-000054-HTI,FL_2016_000054_HTI,0.0,1.554267638594884e-05,978.0,0.0
FF-2011-000066-TJK,FF_2011_000066_TJK,0.0,0.0007190156198909,80.0,0.0
FF-2006-000163-AFG,FF_2006_000163_AFG,0.0,0.0007837047966378,66.0,0.0
FL-2014-000038-ZAF,FL_2014_000038_ZAF,0.0,0.0003143343104398,223.0,0.0
FL-1997-000526-ECU,FL_1997_000526_ECU,0.0,3.9168744131857446e-05,797.0,0.0
FL-2006-000023-DZA,FL_2006_000023_DZA,0.0,0.000670364717515,89.0,0.0
FL-2022-000362-LCA,FL_2022_000362_LCA,0.0,0.000131525519112,454.0,0.0
FL-2000-000012-MOZ,FL_2000_000012_MOZ,0.0,1.8063627018268097e-05,951.0,0.0
FL-2008-000104-NPL,FL_2008_000104_NPL,0.0,3.0962708653625994e-05,859.0,0.0
FL-2006-000127-NPL,FL_2006_000127_NPL,0.0,2.6628094246272063e-06,1159.0,0.0
FL-2021-000023-DZA,FL_2021_000023_DZA,0.0,0.0004042332625865,173.0,0.0
FL-2021-000134-NPL,FL_2021_000134_NPL,0.0,2.772536905477131e-06,1156.0,0.0
FL-2020-000185-PAK,FL_2020_000185_PAK,0.0,0.00013144851641,455.0,0.0
ST-2010-000085-CHN,ST_2010_000085_CHN,0.0,2.7182907304310677e-05,875.0,0.0
FL-2002-000376-RUS,FL_2002_000376_RUS,0.0,8.199709744092095e-05,574.0,0.0
FL-2012-000030-KAZ,FL_2012_000030_KAZ,0.0,3.2624950606651173e-05,852.0,0.0
FL-2016-000097-PRK,FL_2016_000097_PRK,0.0,0.0004299229412483,158.0,0.0
FL-2021-000049-RWA,FL_2021_000049_RWA,0.0,0.0001406340811049,430.0,0.0
FL-2007-000123-NGA,FL_2007_000123_NGA,0.0,1.045484883001411e-06,1193.0,0.0
FL-2015-000017-PAK,FL_2015_000017_PAK,0.0,0.0001699462839923,384.0,0.0
FL-2005-000063-SRB,FL_2005_000063_SRB,0.0,3.2810140300280995e-05,851.0,0.0
FL-2020-000038-EGY,FL_2020_000038_EGY,0.0,4.039316293943483e-06,1126.0,0.0
FL-2015-000039-KAZ,FL_2015_000039_KAZ,0.0,1.7735060998571664e-05,954.0,0.0
FL-2021-000055-TJK,FL_2021_000055_TJK,0.0,0.0029488611537832,5.0,0.0
FL-2022-000271-NGA,FL_2022_000271_NGA,0.0,3.999291606541269e-06,1128.0,0.0
FL-2004-000023-CRI,FL_2004_000023_CRI,0.0,2.1913600647788985e-05,920.0,0.0
FL-2012-000071-NPL,FL_2012_000071_NPL,0.0,3.578968277342814e-05,825.0,0.0
FL-2019-000083-NPL,FL_2019_000083_NPL,0.0,1.1743277924214112e-05,1014.0,0.0
FL-2012-000009-FJI,FL_2012_000009_FJI,0.0,1.108314847541249e-05,1023.0,0.0
FL-2017-000017-PAK,FL_2017_000017_PAK,0.0,4.685917124097178e-05,753.0,0.0
FL-2007-000051-TUN,FL_2007_000051_TUN,0.0,0.0004813186444642,136.0,0.0
FL-2011-000096-PRK,FL_2011_000096_PRK,0.0,0.0014716259959299,30.0,0.0
FF-2021-000098-MNG,FF_2021_000098_MNG,0.0,0.0002154470134597,312.0,0.0
FL-2010-000249-IND,FL_2010_000249_IND,0.0,0.0002292719551794,305.0,0.0
FL-2005-000171-SLV,FL_2005_000171_SLV,0.0,6.931544694272404e-06,1073.0,0.0
LS-2011-000104-ECU,LS_2011_000104_ECU,0.0,2.6256119189692134e-05,880.0,0.0
FL-1999-000240-SRB,FL_1999_000240_SRB,0.0,3.467507912266129e-06,1136.0,0.0
FL-1998-000193-ROM,FL_1998_000193_ROM,0.0,3.901737020084818e-05,798.0,0.0
FL-2010-000160-NPL,FL_2010_000160_NPL,0.0,0.0001365143626258,440.0,0.0
FL-1999-000349-SLV,FL_1999_000349_SLV,0.0,0.0004762563905834,139.0,0.0
FL-2004-000055-TJK,FL_2004_000055_TJK,0.0,2.5174379989644805e-05,891.0,0.0
FL-2006-000034-ECU,FL_2006_000034_ECU,0.0,1.953717152471713e-05,939.0,0.0
FL-2019-000170-RWA,FL_2019_000170_RWA,0.0,3.993699537484128e-05,792.0,0.0
FL-2011-000082-NPL,FL_2011_000082_NPL,0.0,1.3647836797018884e-05,997.0,0.0
FL-2009-000123-BGD,FL_2009_000123_BGD,0.0,1.1952860734264338e-05,1011.0,0.0
FF-2014-000060-AFG,FF_2014_000060_AFG,0.0,0.0001456416696302,423.0,0.0
FL-1998-000272-PRK,FL_1998_000272_PRK,0.0,0.0012608440485832,35.0,0.0
FL-2022-000378-BIH,FL_2022_000378_BIH,0.0,7.106060655824303e-05,622.0,0.0
FL-1998-000247-IRN,FL_1998_000247_IRN,0.0,0.0001653703357601,391.0,0.0
FL-2002-000475-TJK,FL_2002_000475_TJK,0.0,0.0002752098015328,246.0,0.0
FL-2016-000021-PAK,FL_2016_000021_PAK,0.0,8.396774432289143e-05,567.0,0.0
FL-2022-000374-TTO,FL_2022_000374_TTO,0.0,1.24641765346837e-06,1188.0,0.0
FL-2014-000117-BGD,FL_2014_000117_BGD,0.0,3.675025636262366e-05,812.0,0.0
FL-2010-000141-PAK,FL_2010_000141_PAK,0.0,9.133178740581564e-05,546.0,0.0
FL-2019-000093-NGA,FL_2019_000093_NGA,0.0,3.0043537488790185e-06,1150.0,0.0
FL-2008-000234-BRA,FL_2008_000234_BRA,0.0,9.781639645665148e-05,533.0,0.0
FL-2010-000015-PSE,FL_2010_000015_PSE,0.0,0.000477146597347,138.0,0.0
FL-2007-000158-TGO,FL_2007_000158_TGO,0.0,6.667050175279737e-06,1075.0,0.0
FL-2010-000023-ECU,FL_2010_000023_ECU,0.0,0.0005322917105428,122.0,0.0
FL-1999-000286-GMB,FL_1999_000286_GMB,0.0,5.497414749606769e-07,1209.0,0.0
FL-2007-000088-ECU,FL_2007_000088_ECU,0.0,6.026706090420605e-06,1089.0,0.0
FL-2016-000130-VCT,FL_2016_000130_VCT,0.0,0.0003286166716606,214.0,0.0
FL-2005-000109-PRK,FL_2005_000109_PRK,0.0,0.0008702675919395,59.0,0.0
FL-2001-000252-ECU,FL_2001_000252_ECU,0.0,0.0001180072701458,482.0,0.0
FL-2010-000153-PRK,FL_2010_000153_PRK,0.0,0.0002838812936996,240.0,0.0
FL-2009-000023-ECU,FL_2009_000023_ECU,0.0,1.15220261022321e-05,1016.0,0.0
FL-2002-000242-AFG,FL_2002_000242_AFG,0.0,4.569463088707122e-05,762.0,0.0
FL-2010-000219-PHL,FL_2010_000219_PHL,0.0,0.0001862771454582,354.0,0.0
FL-2007-000155-ROM,FL_2007_000155_ROM,0.0,0.0001202102595794,478.0,0.0
FF-2014-000009-TZA,FF_2014_000009_TZA,0.0,0.0003853682486071,183.0,0.0
FL-2007-000159-RWA,FL_2007_000159_RWA,0.0,0.0001127646295961,491.0,0.0
FF-2008-000178-DZA,FF_2008_000178_DZA,0.0,0.0001456896164497,422.0,0.0
FL-2019-000031-SYR,FL_2019_000031_SYR,0.0,0.0002038473381055,329.0,0.0
FL-2000-000476-NPL,FL_2000_000476_NPL,0.0,1.0852554646007678e-05,1027.0,0.0
FL-1997-000092-ECU,FL_1997_000092_ECU,0.0,1.4656700926323152e-05,988.0,0.0
FL-2008-000032-KAZ,FL_2008_000032_KAZ,0.0,8.32351378561534e-05,569.0,0.0
FL-2002-000540-DZA,FL_2002_000540_DZA,0.0,0.0001818788957579,360.0,0.0
FL-1998-000221-NPL,FL_1998_000221_NPL,0.0,1.4631184433279088e-05,989.0,0.0
FL-2012-000138-NGA,FL_2012_000138_NGA,0.0,5.624729498719241e-06,1099.0,0.0
FL-2002-000755-CRI,FL_2002_000755_CRI,0.0,7.568781043769552e-05,606.0,0.0
FL-2017-000107-NPL,FL_2017_000107_NPL,0.0,7.255622267010214e-07,1202.0,0.0
FL-2012-000191-HTI,FL_2012_000191_HTI,0.0,0.0002311893976597,301.0,0.0
FL-2010-000262-ECU,FL_2010_000262_ECU,0.0,1.2692761715318194e-05,1005.0,0.0
FL-1997-000097-AFG,FL_1997_000097_AFG,0.0,1.1341723449188804e-05,1018.0,0.0
FL-2005-000111-ROM,FL_2005_000111_ROM,0.0,2.7787256177003083e-05,871.0,0.0
FF-2007-000049-TJK,FF_2007_000049_TJK,0.0,5.936796062429158e-05,678.0,0.0
FF-2020-000168-MNG,FF_2020_000168_MNG,0.0,0.0001005226189934,527.0,0.0
FL-2020-000165-NPL,FL_2020_000165_NPL,0.0,3.883544320994406e-05,799.0,0.0
FL-2009-000145-NPL,FL_2009_000145_NPL,0.0,6.083321097142046e-06,1088.0,0.0
FL-2011-000109-PAK,FL_2011_000109_PAK,0.0,8.17414572165958e-05,576.0,0.0
FL-2004-000063-PRK,FL_2004_000063_PRK,0.0,6.121834739996815e-05,668.0,0.0
FF-2007-000081-NPL,FF_2007_000081_NPL,0.0,2.1696578824431037e-06,1171.0,0.0
